48,87|28,53|28,23|85,13|28,42|58,9|23,58|36,62|87,15|56,63|13,29|28,36|42,48|9,44|28,56|53,85|62,54|63,26|26,77|54,92/28,29=28,53,85,13,29
50,29|6,85|31,9|90,51|45,96|45,75|73,6|45,60|60,31|45,53|85,40|45,73|10,50|89,44|53,10|75,90|44,91|96,89|51,68|9,42/45,42=45,60,31,9,42
34,33|47,49|95,34|95,47|95,69|49,6|56,75|24,79|33,9|29,41|9,43|66,29|41,35|61,24|13,22|6,46|95,66|75,13|95,56|69,61/95,46=95,47,49,6,46
34,22|34,61|24,30|2,0|34,72|69,39|22,95|61,25|40,85|85,73|25,24|88,17|34,88|45,69|72,40|34,13|93,55|13,45|95,93|17,2/34,73=34,72,40,85,73
2,60|66,52|53,80|97,2|5,0|58,36|90,92|99,15|52,59|78,46|15,5|97,78|97,99|59,12|46,91|97,66|97,53|91,75|60,58|80,90/97,92=97,53,80,90,92
98,46|96,98|8,12|38,9|96,63|12,74|74,68|96,59|46,19|94,99|9,94|47,6|96,38|69,47|63,53|59,69|19,80|96,8|53,60|60,43/96,99=96,38,9,94,99
98,15|64,76|29,64|90,98|17,68|34,5|52,84|1,34|76,96|68,19|95,33|29,1|96,0|29,16|84,95|29,52|27,90|5,57|29,27|16,17/29,57=29,1,34,5,57
64,11|78,16|90,98|6,15|11,32|78,90|84,31|46,68|75,6|16,46|78,81|22,84|98,26|68,58|78,75|15,37|81,22|78,7|26,43|7,64/78,32=78,7,64,11,32
12,53|61,64|48,81|87,71|35,74|74,27|65,95|95,79|48,97|71,19|48,7|0,9|48,55|53,20|97,65|55,35|48,61|81,87|64,0|7,12/48,20=48,7,12,53,20
69,70|87,86|88,91|87,88|37,27|21,74|2,69|1,28|87,76|83,59|76,21|27,80|91,1|74,14|52,37|87,52|59,17|31,2|86,83|87,31/87,17=87,86,83,59,17
89,47|34,63|15,21|92,62|82,72|93,76|14,89|64,84|14,0|14,93|0,26|26,92|14,64|44,50|84,34|14,44|47,82|70,40|76,15|50,70/14,62=14,0,26,92,62
47,35|60,56|83,2|53,36|56,33|95,0|49,54|79,7|53,6|53,83|7,68|4,19|0,94|33,10|2,47|54,4|6,79|36,95|53,60|53,49/53,68=53,6,79,7,68
27,19|71,99|85,83|68,1|24,71|66,90|88,24|95,96|96,68|34,39|39,85|60,66|89,60|34,88|34,89|34,49|49,54|54,27|83,14|34,95/34,19=34,49,54,27,19
27,14|29,65|14,19|15,76|61,75|11,39|20,3|19,11|34,64|70,15|67,70|75,34|27,20|27,61|65,37|27,67|27,53|3,74|53,29|74,52/27,64=27,61,75,34,64
73,34|46,54|97,9|24,2|54,7|24,73|27,14|62,39|24,46|24,32|45,70|60,45|32,62|77,16|2,60|39,69|14,77|34,97|24,27|7,1/24,70=24,2,60,45,70
62,20|35,30|43,53|52,62|63,54|31,9|35,33|30,78|33,3|53,50|9,27|35,86|35,43|50,36|35,41|79,70|78,63|41,52|86,31|3,79/35,54=35,30,78,63,54
47,86|88,54|38,29|88,61|88,42|16,67|88,83|60,26|64,38|54,85|42,64|94,75|85,16|26,76|33,18|86,94|88,47|61,33|18,52|83,60/88,67=88,54,85,16,67
0,44|18,17|90,62|34,0|92,15|84,90|59,72|26,93|17,59|64,69|48,64|92,26|92,18|6,34|15,84|92,6|92,48|69,63|93,31|31,28/92,28=92,26,93,31,28
27,46|95,71|76,14|43,27|14,77|71,35|19,7|83,19|95,76|46,89|15,83|24,12|12,3|35,94|95,43|95,48|77,70|95,15|94,25|48,24/95,89=95,43,27,46,89
59,58|76,8|59,12|59,45|59,76|73,18|59,9|9,50|51,69|91,7|8,35|7,97|35,86|58,21|12,91|21,73|96,51|68,44|45,96|50,68/59,86=59,76,8,35,86
26,19|6,56|62,6|35,74|81,53|15,77|81,62|81,26|81,8|8,83|99,94|18,40|74,44|97,99|83,18|19,15|56,16|53,35|85,97|81,85/81,77=81,26,19,15,77
94,84|17,44|40,16|96,34|94,17|61,0|94,2|35,96|84,50|67,40|2,87|58,86|94,70|42,47|87,42|94,67|16,93|44,58|50,61|70,35/94,0=94,84,50,61,0
13,71|95,74|5,75|94,59|58,19|32,58|95,89|59,35|76,13|46,86|86,25|95,30|35,47|74,27|95,94|27,5|95,76|30,46|71,41|89,32/95,25=95,30,46,86,25
75,50|59,87|81,98|82,56|17,72|66,45|23,13|72,23|59,7|28,66|59,17|7,82|87,6|56,31|59,30|65,28|59,65|30,81|98,47|6,75/59,31=59,7,82,56,31
5,50|98,6|71,10|69,5|98,19|27,39|50,80|65,71|6,93|98,53|93,60|98,69|21,27|19,65|4,78|53,4|39,73|60,87|78,34|98,21/98,87=98,6,93,60,87
47,24|59,38|91,78|52,65|91,42|3,67|67,44|70,35|91,26|26,70|27,58|91,59|91,81|42,27|35,41|38,52|81,40|40,47|78,3|58,4/91,44=91,78,3,67,44
70,36|49,70|5,99|97,77|76,78|67,48|36,12|85,63|85,67|78,79|63,76|77,5|85,49|59,11|23,39|85,23|39,59|48,43|85,97|43,81/85,99=85,97,77,5,99
43,34|90,48|34,98|90,86|85,36|86,41|59,42|48,43|75,5|18,91|90,75|46,67|90,19|12,52|17,18|19,17|42,46|5,12|41,85|90,59/90,52=90,75,5,12,52
97,83|16,69|81,97|82,71|36,98|67,38|81,49|83,48|49,67|19,36|33,90|38,57|81,19|69,12|12,80|98,30|48,17|71,33|81,82|81,16/81,17=81,97,83,48,17
92,27|17,75|38,82|82,11|17,76|10,83|83,31|31,42|62,12|76,43|43,62|35,92|40,28|75,35|80,40|17,80|25,38|17,10|28,13|17,25/17,27=17,75,35,92,27
86,25|24,94|31,88|18,86|84,68|17,31|68,51|84,71|20,24|84,18|51,8|84,93|94,33|93,17|21,60|71,59|84,20|8,87|59,21|25,44/84,33=84,20,24,94,33
72,26|64,60|4,72|58,22|31,12|26,90|89,40|40,66|64,31|61,58|12,3|3,42|64,77|77,13|22,11|13,95|64,4|95,97|60,89|64,61/64,97=64,77,13,95,97
21,0|59,75|1,63|17,80|91,18|4,78|29,83|19,17|21,29|18,53|6,59|83,31|21,19|21,35|80,65|21,1|31,67|35,6|0,91|63,4/21,75=21,35,6,59,75
38,23|10,76|38,31|62,61|67,70|38,73|38,67|73,33|23,69|70,14|69,10|31,62|33,24|66,87|14,44|85,80|87,85|38,66|24,63|61,25/38,76=38,23,69,10,76
33,0|30,48|28,25|14,61|0,71|33,36|36,28|33,30|24,39|33,14|33,10|71,24|34,22|22,1|6,69|10,34|48,6|84,97|25,93|61,84/33,93=33,36,28,25,93
76,20|64,43|75,15|11,76|43,52|11,39|11,31|20,55|39,25|85,40|15,67|40,1|11,85|1,90|11,64|13,38|31,75|55,58|52,68|25,13/11,58=11,76,20,55,58
65,47|88,62|65,99|22,45|20,22|93,24|48,78|51,87|99,20|87,88|65,26|96,42|65,51|65,84|24,39|89,48|26,1|47,93|1,96|84,89/65,78=65,84,89,48,78
38,44|88,0|56,46|38,67|70,30|34,70|0,17|38,73|44,23|69,20|38,50|67,51|33,34|51,69|23,77|46,63|73,56|38,33|50,88|77,53/38,53=38,44,23,77,53
2,66|54,79|0,83|59,40|66,94|25,20|11,44|1,39|40,52|25,59|25,0|39,5|79,86|83,11|25,88|52,31|88,2|5,3|25,1|20,54/25,44=25,0,83,11,44
99,82|58,18|59,1|86,79|83,59|25,5|20,95|89,20|58,4|18,25|82,55|0,83|95,24|79,21|58,89|58,86|21,10|5,56|4,99|58,0/58,24=58,89,20,95,24
4,13|25,72|50,37|50,54|58,96|54,25|9,87|37,12|43,58|50,6|50,15|72,41|60,9|6,4|13,0|20,53|97,60|15,43|12,20|50,97/50,41=50,54,25,72,41
56,3|28,41|67,17|92,38|82,67|7,97|95,92|33,95|28,7|6,10|41,61|28,14|61,6|3,0|28,33|0,26|97,30|14,82|28,56|30,32/28,38=28,33,95,92,38
22,32|21,51|20,94|51,98|37,68|58,20|13,89|21,50|68,93|94,97|24,61|46,13|21,58|21,37|93,36|65,10|10,22|98,24|21,65|50,46/21,61=21,51,98,24,61
64,28|64,24|61,0|29,61|34,2|28,65|59,84|5,50|96,70|24,48|40,43|48,59|22,33|64,34|43,96|64,49|2,5|65,22|64,40|49,29/64,33=64,28,65,22,33
33,64|34,62|7,70|37,9|99,69|69,96|9,99|37,25|47,18|18,93|64,1|37,8|28,34|1,84|70,51|8,7|24,28|37,24|25,47|37,33/37,51=37,8,7,70,51
19,98|59,68|34,52|95,28|1,12|1,19|67,91|1,25|78,3|88,54|12,96|45,20|25,59|68,85|52,67|3,88|96,45|1,34|98,95|1,78/1,91=1,34,52,67,91
0,33|0,63|92,50|71,87|87,62|89,21|0,71|0,92|21,82|75,58|62,41|33,72|50,13|51,18|58,37|72,51|13,95|85,89|63,75|0,85/0,18=0,33,72,51,18
77,75|97,44|97,63|69,78|48,2|78,48|44,50|18,61|97,77|97,18|61,58|75,73|73,34|63,30|50,93|93,6|58,1|30,47|47,40|97,69/97,6=97,44,50,93,6
94,67|2,35|50,96|42,34|94,2|61,0|94,84|44,42|67,87|17,50|84,40|58,86|94,70|16,93|40,16|94,17|96,47|35,58|87,61|70,44/94,0=94,67,87,61,0
85,52|41,17|98,51|61,99|8,20|59,41|19,9|98,95|9,21|15,85|98,59|20,44|51,19|95,25|25,61|17,77|44,97|98,8|98,15|52,54/98,97=98,8,20,44,97
41,40|1,48|40,47|0,62|19,85|19,41|53,80|62,69|38,54|56,11|54,1|64,0|11,27|19,64|45,56|19,45|85,53|47,67|19,38|80,7/19,48=19,38,54,1,48
17,77|99,0|12,63|27,94|43,33|98,61|88,12|88,32|80,99|61,29|88,75|32,17|29,67|77,64|88,98|75,27|88,80|63,43|0,93|94,44/88,44=88,75,27,94,44
48,53|30,65|77,14|24,97|15,89|22,66|95,39|5,21|15,5|97,77|6,20|89,11|15,13|50,48|11,95|15,24|13,50|15,30|21,22|65,6/15,66=15,5,21,22,66
52,55|58,72|8,48|16,29|48,16|59,57|75,8|5,58|75,0|55,59|75,5|11,61|92,70|0,92|75,52|70,18|75,10|10,11|72,34|61,77/75,29=75,8,48,16,29
90,6|20,16|34,24|35,30|61,90|30,58|5,8|78,14|17,34|19,17|16,86|20,54|54,35|20,61|27,78|20,77|6,87|77,27|86,5|20,19/20,58=20,54,35,30,58
61,64|57,85|3,53|82,21|37,7|64,40|61,17|17,31|23,41|45,37|16,11|40,82|61,16|84,54|41,57|11,3|52,45|61,23|61,52|31,84/61,53=61,16,11,3,53
25,58|12,49|91,55|25,91|58,32|25,36|49,31|50,87|32,46|25,98|44,48|55,34|98,12|87,42|89,44|46,64|34,90|36,89|42,78|25,50/25,31=25,98,12,49,31
64,95|64,10|25,75|16,1|10,76|45,24|80,44|76,60|95,20|61,3|29,63|75,6|44,61|60,28|64,29|20,45|63,16|64,80|64,25|6,65/64,24=64,95,20,45,24
78,99|84,40|40,86|26,55|26,37|21,61|86,91|60,44|26,96|96,73|73,21|44,78|9,23|85,32|37,46|46,9|26,84|32,18|26,60|55,85/26,61=26,96,73,21,61
68,69|37,81|1,10|69,25|77,95|46,43|76,1|30,6|37,90|37,76|95,30|81,46|16,67|10,7|88,16|43,12|90,68|37,74|74,88|37,77/37,67=37,74,88,16,67
45,7|40,79|71,10|28,43|26,92|45,26|34,3|43,5|12,60|50,96|7,52|45,15|45,28|15,40|52,12|79,17|45,71|10,50|92,34|5,83/45,60=45,7,52,12,60
40,53|66,1|17,44|15,17|35,15|84,68|96,48|44,25|1,91|35,66|91,57|53,92|29,62|35,50|62,84|48,71|92,10|50,96|35,40|35,29/35,10=35,40,53,92,10
8,86|73,34|83,91|34,4|95,81|68,87|19,2|62,11|83,80|83,62|11,19|4,70|83,8|91,92|80,68|86,1|83,73|87,13|1,53|92,95/83,13=83,80,68,87,13
94,3|43,12|4,26|48,47|38,39|33,31|32,4|33,67|67,48|65,6|33,50|45,7|33,43|47,84|33,65|37,94|6,38|31,37|50,32|12,45/33,84=33,67,48,47,84
2,49|32,76|58,44|11,22|22,19|0,86|98,6|76,98|32,2|47,5|6,66|73,24|32,48|24,0|49,58|19,63|94,47|32,73|48,94|32,11/32,5=32,48,94,47,5
47,24|62,49|82,27|83,65|27,18|25,74|74,40|5,20|26,29|25,76|40,83|51,47|20,26|25,32|32,62|25,5|49,43|18,66|76,51|25,82/25,43=25,32,62,49,43
79,8|46,93|16,35|9,33|79,44|79,32|8,27|27,4|35,98|44,9|98,5|82,22|4,51|99,82|79,28|32,99|33,23|80,46|79,16|28,80/79,93=79,28,80,46,93
8,77|71,88|94,70|31,10|93,26|4,61|26,31|93,72|23,1|10,35|80,94|1,7|72,23|93,4|70,74|93,71|93,80|61,83|83,92|88,8/93,77=93,71,88,8,77
94,22|73,8|19,86|75,46|4,16|86,21|15,73|46,38|15,47|27,24|93,20|30,19|15,84|16,27|15,4|8,93|11,94|15,30|84,75|47,11/15,20=15,73,8,93,20
34,92|5,19|5,83|16,94|55,80|47,65|35,13|94,81|83,16|65,58|25,57|4,47|80,73|57,27|5,25|27,30|19,55|5,4|5,35|13,34/5,81=5,83,16,94,81
8,95|86,8|64,37|38,40|86,74|86,6|86,81|92,65|40,45|72,67|56,72|81,79|79,71|71,4|86,77|77,0|74,38|0,92|95,64|6,56/86,65=86,77,0,92,65
43,62|62,96|41,39|38,68|43,22|92,13|68,78|43,38|22,12|12,41|43,1|42,92|40,83|31,28|96,35|78,86|28,40|43,31|1,42|35,55/43,83=43,31,28,40,83
12,8|31,26|26,98|9,28|55,11|28,31|3,12|2,94|20,38|9,32|77,72|66,55|9,54|54,3|9,2|48,77|9,62|62,66|32,48|94,20/9,98=9,28,31,26,98
0,84|70,72|15,21|92,62|34,63|89,50|14,0|93,26|14,64|14,89|64,47|47,92|14,93|44,76|26,70|14,44|84,34|82,40|50,15|76,82/14,62=14,64,47,92,62
64,28|49,16|64,33|33,5|64,49|91,35|28,51|51,79|80,13|66,70|70,80|10,68|64,66|79,56|95,10|16,92|14,95|5,91|92,48|64,14/64,56=64,28,51,79,56
19,76|19,24|88,60|59,25|24,85|19,77|2,66|19,53|76,13|66,16|33,59|46,75|13,29|85,88|3,33|19,3|29,41|77,2|36,46|53,36/19,60=19,24,85,88,60
7,9|65,27|84,77|20,17|89,92|5,87|36,20|77,36|87,28|84,42|30,34|92,30|84,89|22,5|84,22|9,69|42,2|84,60|60,7|2,65/84,34=84,89,92,30,34
53,25|89,88|13,91|98,93|69,89|39,10|79,76|5,85|53,98|93,13|62,82|17,5|53,64|23,62|64,69|53,17|10,79|25,23|53,39|85,6/53,6=53,17,5,85,6
83,77|56,17|57,71|21,12|74,42|17,1|12,57|15,89|83,96|83,24|79,26|26,62|77,74|86,15|83,21|96,79|83,86|89,3|24,56|42,48/83,1=83,24,56,17,1
46,8|61,99|30,79|79,12|30,80|14,35|80,52|90,43|91,34|83,51|35,56|12,46|45,61|30,90|30,92|30,84|84,14|92,45|52,91|43,83/30,34=30,80,52,91,34
27,66|32,26|28,55|59,61|26,35|69,38|55,98|61,67|18,59|32,95|95,27|32,18|96,86|9,85|35,69|32,28|32,9|85,96|66,57|98,64/32,57=32,95,27,66,57
73,18|54,14|43,79|43,76|70,61|16,58|58,84|0,16|43,54|43,30|79,22|33,5|22,73|14,33|43,0|8,70|76,8|48,19|62,48|30,62/43,5=43,54,14,33,5
58,19|2,55|36,72|58,30|58,77|43,2|58,43|18,14|83,27|19,18|77,83|4,36|58,24|30,4|91,23|24,86|14,82|86,91|27,39|55,90/58,23=58,24,86,91,23
3,87|54,13|95,12|43,2|95,54|13,24|82,46|94,85|4,71|95,3|98,53|24,63|12,4|85,98|44,37|95,43|95,94|71,16|87,82|2,44/95,53=95,94,85,98,53
0,9|8,87|87,2|37,1|59,58|31,81|34,36|27,34|93,46|70,94|58,0|1,70|8,59|8,27|46,31|85,79|8,93|8,37|36,49|2,85/8,49=8,27,34,36,49
0,85|36,88|8,11|79,37|1,52|71,36|79,1|30,23|90,71|51,89|93,34|52,93|11,15|3,31|79,30|79,90|37,8|23,51|79,0|85,3/79,31=79,0,85,3,31
29,15|39,46|42,36|15,78|40,1|24,9|26,11|77,72|40,24|40,77|27,44|78,47|9,6|40,26|46,82|1,39|11,42|6,37|40,29|72,27/40,37=40,24,9,6,37
90,23|19,62|90,19|94,58|62,20|81,63|63,82|82,84|26,67|71,26|68,83|90,81|20,99|83,97|98,94|90,8|97,42|8,71|90,68|23,98/90,99=90,19,62,20,99
77,94|58,77|83,57|11,78|2,75|53,10|53,58|53,40|64,43|53,38|18,9|49,83|75,64|40,11|78,34|53,2|38,49|9,17|10,18|94,91/53,17=53,10,18,9,17
41,88|72,98|20,0|88,36|40,38|75,78|94,40|0,72|94,60|94,20|53,22|8,54|38,75|36,37|48,84|94,48|22,30|84,8|60,53|94,41/94,78=94,40,38,75,78
70,67|57,2|46,96|73,59|75,62|96,75|57,35|59,76|35,92|34,83|90,73|61,34|83,15|57,46|2,93|82,99|57,90|93,70|92,82|57,61/57,62=57,46,96,75,62
2,27|52,4|62,64|21,57|97,60|53,62|59,44|60,11|57,59|37,50|21,97|27,37|21,93|64,61|21,2|44,1|93,67|11,19|21,53|67,52/21,19=21,97,60,11,19
43,13|81,91|91,48|84,81|29,86|3,45|83,57|48,71|39,43|84,47|84,66|47,83|84,29|84,39|86,3|13,64|65,89|51,65|66,51|57,6/84,45=84,29,86,3,45
54,35|17,33|56,21|57,10|56,14|21,80|80,41|86,57|40,8|93,31|63,68|14,86|98,32|33,40|41,65|35,98|56,54|56,17|68,93|56,63/56,32=56,54,35,98,32
17,31|45,33|79,27|68,87|60,95|14,58|33,21|93,79|27,18|67,28|28,39|68,93|21,12|31,14|87,67|69,60|68,17|63,69|68,45|68,63/68,12=68,45,33,21,12
66,52|76,88|99,76|22,36|88,66|46,22|87,7|99,72|95,5|68,37|72,68|90,46|7,81|99,90|99,48|99,87|48,82|82,95|37,33|81,91/99,91=99,87,7,81,91
55,41|88,68|27,13|39,69|27,84|13,29|76,55|29,39|27,1|5,2|2,56|23,54|62,9|68,11|84,5|1,76|54,62|27,88|27,23|11,32/27,9=27,23,54,62,9
74,82|31,15|46,79|26,95|95,90|26,71|26,46|9,36|54,42|22,2|26,9|79,74|71,96|77,73|2,23|90,54|36,77|23,69|96,31|26,22/26,15=26,71,96,31,15
98,29|39,15|27,56|65,48|98,65|31,43|62,40|81,67|98,89|98,8|48,81|8,55|15,78|40,16|55,70|29,62|98,27|70,80|56,31|89,39/98,78=98,89,39,15,78
86,35|19,70|69,72|99,17|91,51|35,69|93,58|14,99|16,14|96,95|70,18|41,86|41,63|41,93|58,96|41,16|51,54|41,19|63,91|18,57/41,95=41,93,58,96,95
23,12|40,11|82,33|82,50|78,87|73,51|51,77|77,79|33,78|92,81|38,40|72,23|82,73|82,56|12,19|56,92|50,38|87,9|81,58|82,72/82,79=82,73,51,77,79
38,2|59,74|59,38|74,58|17,20|15,3|95,39|59,72|59,62|2,95|58,29|20,21|72,17|48,26|56,15|59,4|1,48|62,56|4,1|29,65/59,21=59,72,17,20,21
83,32|91,4|56,10|44,86|4,8|15,56|81,44|8,70|53,81|26,91|49,83|26,38|38,15|75,71|32,14|26,59|59,39|26,53|26,49|39,75/26,70=26,91,4,8,70
35,0|0,65|56,50|56,92|51,75|65,15|13,16|56,83|89,60|92,51|49,10|56,26|26,49|16,62|75,96|83,13|10,53|50,89|60,87|56,35/56,62=56,83,13,16,62
79,7|25,90|73,82|5,17|90,24|82,55|55,59|16,5|67,61|6,93|16,73|93,79|24,80|16,25|61,48|50,46|17,50|16,6|48,89|16,67/16,7=16,6,93,79,7
95,26|61,58|67,2|43,47|48,83|61,3|83,67|63,20|34,63|94,21|21,97|35,78|42,94|61,43|61,42|47,95|82,35|58,82|61,48|3,34/61,78=61,58,82,35,78
74,0|37,94|43,51|90,65|37,43|0,19|18,42|37,40|84,87|65,23|37,99|94,4|51,84|4,20|40,74|37,49|20,24|99,50|50,18|49,90/37,23=37,49,90,65,23
49,8|6,43|9,65|0,23|93,25|56,68|49,22|22,19|40,6|5,93|10,56|11,5|8,40|49,10|49,11|19,0|49,1|1,21|68,81|21,9/49,81=49,10,56,68,81
43,75|61,12|12,98|91,8|73,61|30,20|98,14|73,46|16,44|28,3|41,4|19,28|73,16|44,30|73,41|73,76|4,43|46,19|8,85|76,91/73,75=73,41,4,43,75
84,89|70,55|84,5|16,59|63,82|79,50|84,36|98,63|5,32|84,47|47,0|36,92|89,16|0,79|62,98|32,70|59,76|22,69|84,62|92,22/84,55=84,5,32,70,55
87,25|9,89|44,96|9,29|9,15|29,45|72,41|89,73|66,1|45,20|73,72|9,59|99,66|81,44|1,12|25,54|9,99|20,67|59,87|15,81/9,67=9,29,45,20,67
36,91|14,76|33,32|17,33|62,60|86,64|52,23|64,89|79,94|17,36|17,79|13,62|91,40|17,42|42,13|17,86|89,47|94,52|32,14|40,54/17,23=17,79,94,52,23
93,35|82,78|37,4|44,79|98,49|29,44|2,98|93,55|93,29|93,40|35,10|40,37|10,41|93,30|55,2|41,48|30,57|57,82|79,62|4,56/93,56=93,40,37,4,56
85,92|56,68|53,84|84,94|59,30|95,35|63,56|22,95|3,2|59,63|59,85|5,22|68,31|59,5|94,58|92,26|2,66|59,53|26,98|30,3/59,31=59,63,56,68,31
50,61|39,50|59,70|12,38|59,81|38,14|81,13|59,12|49,65|14,27|59,49|70,98|59,39|61,29|18,5|65,51|98,18|51,34|20,24|13,20/59,29=59,39,50,61,29
66,32|20,24|54,44|41,29|45,69|29,49|41,95|40,66|44,68|24,47|95,45|19,50|69,79|41,84|84,20|41,40|49,19|77,54|32,64|41,77/41,68=41,77,54,44,68
30,52|89,7|0,89|53,17|17,35|52,28|7,14|0,15|99,34|16,40|66,18|67,30|14,61|35,43|40,66|15,86|0,53|0,67|0,16|86,99/0,61=0,89,7,14,61
62,77|82,91|46,7|71,69|77,38|22,42|22,98|98,59|22,1|21,64|22,21|64,85|1,71|22,74|74,62|59,46|42,82|85,88|69,95|91,25/22,88=22,21,64,85,88
17,29|37,53|40,46|5,65|42,33|28,92|5,68|75,17|65,78|5,42|5,96|81,40|95,43|33,95|68,81|96,75|58,48|48,37|5,58|78,28/5,29=5,96,75,17,29
59,61|8,41|41,84|80,63|88,67|63,71|80,9|80,8|71,20|80,79|84,86|38,72|67,81|79,98|20,12|13,88|98,59|72,45|80,13|9,38/80,12=80,63,71,20,12
4,23|20,99|57,22|4,1|56,67|4,30|48,46|30,58|67,25|51,28|23,56|65,54|10,60|60,20|1,71|71,51|58,57|4,48|46,65|4,10/4,28=4,1,71,51,28
9,33|34,89|73,19|9,56|0,81|9,10|10,43|33,37|56,84|43,63|9,14|9,34|84,0|14,52|68,85|63,74|37,68|89,73|52,66|66,21/9,19=9,34,89,73,19
32,78|74,43|69,41|3,69|32,3|41,50|23,62|42,44|27,42|62,47|32,7|32,8|8,27|7,23|83,65|78,74|1,21|43,82|32,1|21,83/32,44=32,8,27,42,44
62,7|85,9|26,61|0,63|49,40|13,0|33,51|61,49|13,26|13,33|11,1|22,3|63,62|2,60|60,78|13,85|13,2|9,22|51,11|78,4/13,40=13,26,61,49,40
93,24|47,29|75,86|93,11|5,95|28,1|53,63|29,5|11,28|93,75|24,50|86,77|77,9|1,96|50,53|8,51|93,47|93,54|54,8|51,3/93,63=93,24,50,53,63
58,80|78,58|39,72|74,64|97,3|97,78|68,57|97,14|2,91|91,12|64,0|72,25|20,68|80,53|97,55|55,39|85,20|14,2|3,74|97,85/97,12=97,14,2,91,12
46,51|86,8|85,52|28,33|32,55|49,86|46,49|46,80|57,56|8,3|55,40|40,11|46,32|29,85|10,50|80,29|51,59|59,57|46,10|50,28/46,56=46,51,59,57,56
70,9|29,50|52,6|3,80|17,72|94,77|9,52|70,12|42,69|70,76|69,29|12,8|88,24|72,94|6,96|70,17|76,32|8,3|32,88|70,42/70,80=70,12,8,3,80
29,30|2,42|35,45|66,44|0,38|13,96|35,13|30,77|35,94|94,84|35,91|16,0|90,66|96,2|91,16|35,29|23,26|84,23|45,90|77,95/35,44=35,45,90,66,44
70,20|29,18|33,99|25,96|73,52|33,7|96,42|24,64|33,85|32,25|99,29|52,95|93,70|16,93|18,28|47,24|33,32|33,16|7,47|85,73/33,42=33,32,25,96,42
16,6|6,44|10,99|77,10|16,2|16,48|7,73|23,90|71,42|2,24|0,57|24,7|16,23|42,88|16,71|88,95|90,28|28,27|44,0|48,77/16,99=16,48,77,10,99
79,36|26,49|26,78|94,79|49,56|36,30|52,71|61,14|93,47|22,61|26,52|56,41|26,8|19,27|71,93|78,2|41,10|8,22|2,19|26,94/26,47=26,52,71,93,47
39,57|20,29|21,41|21,73|66,33|21,85|21,60|41,39|86,12|33,79|85,1|69,10|1,86|15,54|73,15|10,20|60,66|21,69|57,62|54,78/21,78=21,73,15,54,78
96,46|62,72|62,77|71,84|0,90|72,17|17,34|53,0|46,79|62,13|62,39|30,96|34,6|39,53|62,30|35,25|13,71|11,35|77,11|84,2/62,90=62,39,53,0,90
69,36|96,46|5,96|1,40|56,45|45,17|3,73|40,3|1,8|37,69|11,68|1,5|68,92|36,58|1,82|8,11|1,37|73,24|82,56|46,9/1,17=1,82,56,45,17
67,73|34,49|38,99|48,55|45,25|62,27|25,35|38,48|38,43|38,45|73,76|55,62|35,4|43,89|38,34|49,82|83,61|99,67|82,66|89,83/38,61=38,43,89,83,61
33,83|45,65|55,80|33,3|33,62|62,55|85,36|70,16|39,15|33,48|80,9|3,79|79,45|15,95|33,39|36,84|95,44|89,70|48,85|83,89/33,9=33,62,55,80,9
27,69|27,62|81,99|17,32|99,5|62,81|58,76|6,51|1,53|69,33|27,58|27,20|57,6|76,17|20,1|27,57|80,7|51,15|33,80|53,61/27,32=27,58,76,17,32
90,89|89,69|69,73|19,22|54,1|13,60|71,40|22,82|30,65|1,35|90,50|73,77|90,71|18,30|38,19|50,18|45,54|90,38|40,13|90,45/90,35=90,45,54,1,35
97,33|33,76|82,0|60,15|91,22|11,60|24,11|97,57|57,95|46,83|97,24|97,82|76,99|99,56|86,41|0,46|41,91|87,8|95,87|97,86/97,83=97,82,0,46,83
41,99|9,72|4,91|79,89|99,27|0,4|49,86|72,56|39,49|31,78|39,41|39,79|39,9|56,48|24,6|27,29|39,69|86,31|89,24|69,0/39,29=39,41,99,27,29
87,18|50,23|13,0|7,64|28,81|96,98|50,13|94,59|0,96|50,1|50,28|50,87|18,41|1,7|81,60|64,77|60,63|23,52|41,99|52,94/50,77=50,1,7,64,77
16,82|95,12|23,29|53,27|2,54|47,59|95,88|95,37|15,98|98,47|88,2|38,23|12,38|95,16|95,15|37,75|82,53|54,13|20,40|75,20/95,40=95,37,75,20,40
11,52|4,31|60,20|60,4|26,45|91,11|31,1|18,88|60,54|13,66|67,13|60,79|54,97|97,35|1,74|79,67|20,91|35,5|45,18|60,26/60,88=60,26,45,18,88
62,37|27,36|91,65|88,50|69,77|83,43|65,66|69,91|49,64|69,70|77,79|64,31|9,20|36,62|69,27|70,49|43,88|66,80|69,83|79,9/69,31=69,70,49,64,31
54,83|38,99|45,36|44,67|38,10|36,98|38,26|10,43|38,33|38,45|98,21|99,54|26,40|67,62|68,6|55,79|33,44|83,17|40,68|43,55/38,62=38,33,44,67,62
0,27|14,57|90,9|71,76|93,74|36,96|0,55|99,28|0,71|62,99|27,62|0,90|49,14|9,36|76,84|57,82|0,49|84,12|74,94|55,93/0,94=0,55,93,74,94
5,38|95,59|75,22|71,12|60,39|21,53|53,23|21,60|38,89|19,92|21,65|36,71|23,19|39,75|65,5|59,51|21,33|33,36|51,78|21,95/21,78=21,95,59,51,78
53,92|85,47|30,53|73,56|66,48|92,34|15,66|85,29|61,32|19,14|16,93|58,61|47,15|85,30|85,77|29,58|85,16|77,24|24,19|93,73/85,48=85,47,15,66,48
45,65|10,80|93,15|68,45|65,4|82,68|22,42|82,16|12,93|85,95|82,85|42,41|82,43|82,22|16,10|80,67|43,12|95,8|8,99|41,59/82,99=82,85,95,8,99
48,96|48,80|48,9|9,10|96,38|4,67|71,37|48,69|0,99|69,29|21,0|28,13|67,87|38,7|29,71|7,20|80,21|48,97|10,28|97,4/48,87=48,97,4,67,87
11,62|87,20|20,91|21,42|4,3|30,28|42,37|87,92|87,21|87,40|82,16|87,30|3,97|45,74|92,4|96,45|40,96|28,11|37,53|91,82/87,74=87,40,96,45,74
8,2|91,18|20,8|2,76|10,38|4,43|14,71|35,14|20,79|20,35|79,4|62,85|43,39|59,91|20,62|76,26|18,44|20,59|85,10|71,23/20,23=20,35,14,71,23
27,60|7,49|60,33|15,64|49,15|44,70|7,55|7,14|61,57|7,45|70,66|38,16|16,99|57,68|14,44|7,38|99,52|55,27|45,61|64,5/7,66=7,14,44,70,66
93,78|46,29|75,5|5,88|46,91|46,94|8,75|98,44|25,39|46,8|21,98|78,79|16,1|91,25|39,82|29,41|41,16|79,18|94,21|46,93/46,18=46,93,78,79,18
9,68|37,64|98,9|66,72|55,29|37,86|29,67|54,32|64,98|17,33|37,66|37,55|33,90|86,54|67,81|72,87|37,60|87,50|60,17|32,36/37,81=37,55,29,67,81
77,72|45,66|54,28|42,37|18,65|37,45|72,12|22,64|59,77|79,22|2,82|27,59|27,42|28,2|27,5|65,87|5,79|27,54|87,10|27,18/27,10=27,18,65,87,10
72,22|63,41|86,88|44,75|86,50|88,16|9,74|54,24|51,23|16,63|50,3|86,90|3,9|86,12|48,51|12,72|90,48|22,58|24,44|86,54/86,41=86,88,16,63,41
27,22|47,19|8,86|16,94|30,11|86,24|15,47|94,38|15,4|46,21|93,20|84,8|15,73|11,46|15,30|19,93|75,27|15,84|73,16|4,75/15,20=15,47,19,93,20
80,23|3,85|0,1|80,72|47,91|72,8|85,67|96,22|8,71|80,0|1,96|89,60|23,89|80,77|53,47|60,97|77,53|71,20|80,30|30,3/80,97=80,23,89,60,97
16,38|95,88|23,29|54,27|98,47|53,13|95,37|95,15|12,75|75,53|37,98|82,23|88,82|95,16|95,12|15,2|38,54|47,59|20,40|2,20/95,40=95,15,2,20,40
1,78|1,14|16,74|26,7|1,35|44,8|7,65|78,44|4,55|48,63|74,27|58,98|55,58|8,79|14,16|63,39|35,26|1,48|1,4|39,95/1,27=1,14,16,74,27
54,89|89,67|59,43|84,29|84,63|84,30|39,9|74,59|84,68|29,83|68,93|93,45|63,74|9,12|45,23|84,10|83,72|72,8|10,54|30,39/84,8=84,29,83,72,8
52,24|59,38|91,81|47,4|91,42|40,67|67,44|3,58|91,26|26,3|27,35|91,59|91,78|42,27|58,65|38,47|78,70|70,52|81,40|35,41/91,44=91,81,40,67,44
58,85|84,64|58,52|89,25|58,10|10,89|93,33|85,55|36,68|55,84|94,62|76,60|60,93|68,99|25,4|15,94|52,15|58,36|99,73|58,76/58,64=58,85,55,84,64
3,56|26,34|47,20|44,28|31,64|31,18|31,48|64,53|53,44|31,27|34,91|18,61|61,3|48,15|15,6|36,30|20,36|31,47|6,42|27,26/31,91=31,27,26,34,91
30,79|81,89|30,81|7,2|14,98|13,23|89,80|30,43|30,68|25,14|43,13|23,87|68,35|37,56|80,85|30,37|56,76|76,66|79,25|35,7/30,2=30,68,35,7,2
11,51|56,90|36,12|32,72|12,32|1,77|69,13|72,76|21,73|51,1|75,56|13,21|36,11|36,15|36,69|36,75|90,46|99,89|15,44|44,99/36,73=36,69,13,21,73
59,75|41,76|76,35|70,68|60,36|75,0|61,41|61,70|36,84|35,50|27,42|61,65|65,60|61,28|61,49|68,38|49,27|28,59|38,16|42,8/61,8=61,49,27,42,8
2,39|26,60|20,43|2,20|63,30|60,62|2,26|2,95|30,46|95,16|71,78|44,63|39,48|16,41|62,25|48,71|41,86|2,44|43,65|65,47/2,78=2,39,48,71,78
34,84|45,34|5,31|45,93|71,13|96,14|93,85|87,6|92,96|14,83|85,63|45,73|63,55|13,2|45,92|73,64|45,54|54,71|64,5|84,87/45,6=45,34,84,87,6
89,28|23,32|96,87|98,99|73,98|64,22|33,60|12,96|64,79|22,10|64,89|38,54|64,37|28,33|64,82|79,23|10,38|32,26|37,12|82,73/64,87=64,37,12,96,87
48,89|62,31|25,36|91,0|28,79|89,22|48,59|48,16|14,84|79,62|22,25|59,91|0,75|6,63|70,64|48,28|63,14|48,6|64,86|16,70/48,31=48,28,79,62,31
42,85|76,92|62,74|67,44|25,95|25,75|95,70|27,62|25,39|70,42|93,26|74,84|50,21|0,93|75,0|92,67|39,17|25,27|25,76|17,50/25,85=25,95,70,42,85
31,76|89,60|57,9|89,52|48,96|79,53|93,49|76,78|52,58|89,79|89,12|58,10|49,95|2,93|10,39|89,2|12,31|7,48|60,7|53,57/89,9=89,79,53,57,9
83,38|24,79|2,65|18,33|9,6|40,9|83,40|16,96|75,51|83,2|32,16|83,18|6,58|38,24|79,27|83,32|90,84|33,90|96,15|65,75/83,58=83,40,9,6,58
55,41|65,90|82,32|54,47|65,82|65,89|1,17|25,66|47,25|21,39|20,77|65,33|97,21|89,96|96,20|33,97|37,55|32,1|90,37|65,54/65,41=65,90,37,55,41
30,64|41,4|95,40|41,8|31,77|12,95|79,68|57,49|41,7|41,57|68,90|49,30|90,22|4,31|41,79|54,92|77,1|8,54|92,33|7,12/41,64=41,57,49,30,64
8,74|92,42|99,92|81,58|86,55|24,67|67,86|26,3|74,30|32,8|99,26|3,95|53,87|99,43|95,82|42,53|43,0|99,24|0,81|99,32/99,55=99,24,67,86,55
48,61|10,28|52,83|46,73|95,10|54,89|60,74|46,63|61,60|63,95|0,16|16,52|85,40|46,54|73,67|89,6|46,0|46,48|6,21|67,85/46,83=46,0,16,52,83
9,49|17,46|70,5|53,57|57,25|85,9|85,67|85,44|85,20|66,90|90,72|46,22|67,53|80,66|49,47|44,70|85,80|47,74|20,17|5,97/85,74=85,9,49,47,74
98,72|29,56|79,85|50,26|85,75|75,20|39,50|56,74|27,61|79,39|79,1|20,19|79,31|79,4|26,2|31,94|72,90|94,27|4,98|1,29/79,61=79,31,94,27,61
14,92|96,97|66,63|39,60|62,59|86,73|52,12|60,75|66,52|97,86|66,62|75,81|12,77|63,14|79,56|92,74|77,1|66,39|59,79|66,96/66,74=66,63,14,92,74
28,89|67,98|19,28|88,80|56,66|6,90|90,68|80,35|6,26|68,18|37,93|6,56|18,10|98,14|52,19|26,88|66,37|14,11|6,52|6,67/6,89=6,52,19,28,89
73,88|94,36|82,30|22,78|14,54|3,67|2,18|30,14|3,6|88,17|3,2|3,82|44,22|36,58|9,94|67,73|6,44|18,13|13,81|3,9/3,58=3,9,94,36,58
71,57|99,21|32,55|40,37|53,3|67,14|88,78|2,40|2,88|20,49|48,20|37,99|3,32|49,72|2,67|78,12|2,53|2,48|14,71|12,77/2,21=2,40,37,99,21
58,71|10,26|84,3|80,93|2,5|2,84|2,46|71,10|2,52|2,58|66,99|46,22|69,59|52,80|5,44|93,12|44,69|22,66|3,89|89,8/2,26=2,58,71,10,26
35,76|1,69|45,94|52,28|49,52|56,64|62,26|75,41|26,84|28,1|84,8|60,18|81,29|41,45|49,56|49,75|49,62|64,81|49,60|18,35/49,8=49,62,26,84,8
48,80|62,16|82,5|82,37|59,95|88,81|82,36|81,44|15,68|5,59|36,56|85,48|95,84|56,15|80,26|82,30|30,19|19,62|82,85|37,88/82,84=82,5,59,95,84
67,86|37,82|93,44|67,89|67,52|94,37|67,30|30,88|13,32|16,83|89,94|52,59|83,76|86,16|88,13|69,99|67,93|44,69|59,9|9,24/67,82=67,89,94,37,82
45,19|37,24|72,17|19,37|4,58|52,77|0,27|39,60|77,10|17,95|72,52|23,79|58,23|95,0|94,39|10,78|72,4|72,67|67,94|72,45/72,60=72,67,94,39,60
77,93|64,38|52,37|10,77|46,63|37,33|63,64|5,89|47,92|52,5|52,10|93,75|79,78|52,58|1,44|58,30|52,46|89,47|30,1|33,79/52,75=52,10,77,93,75
49,97|77,47|58,3|1,40|47,81|1,71|70,59|44,23|81,20|54,49|1,77|85,15|3,85|23,68|71,54|59,95|31,70|1,31|40,44|1,58/1,68=1,40,44,23,68
79,43|79,35|79,47|80,71|54,16|43,77|1,54|57,52|42,57|16,46|47,80|35,42|77,76|33,12|79,27|27,33|76,73|79,1|71,74|12,70/79,74=79,47,80,71,74
80,66|22,4|63,46|12,30|4,65|47,28|47,57|1,80|64,45|26,91|47,63|46,7|7,10|47,26|17,64|57,1|91,12|28,22|47,88|88,17/47,45=47,88,17,64,45
52,43|21,62|40,96|60,25|7,40|69,24|19,2|24,21|2,7|28,76|39,52|43,29|19,69|4,28|74,4|89,60|19,89|19,39|25,80|19,74/19,80=19,89,60,25,80
58,72|68,14|41,84|86,74|23,32|77,68|66,48|58,66|84,10|32,27|10,64|72,43|53,95|33,23|43,53|94,77|58,94|58,41|48,86|58,33/58,64=58,41,84,10,64
88,78|29,90|5,60|36,15|59,5|79,73|91,21|14,59|79,72|79,14|73,29|79,42|90,67|42,46|63,43|79,88|45,91|46,36|78,63|72,45/79,15=79,42,46,36,15
76,50|2,57|89,18|77,92|9,37|92,64|32,9|29,2|18,43|68,76|68,71|68,77|68,32|37,87|50,34|34,47|26,89|68,26|64,17|71,29/68,43=68,26,89,18,43
78,3|69,6|8,83|6,23|59,46|26,79|14,42|14,52|14,78|14,43|3,59|38,8|60,26|45,7|49,51|14,49|42,38|43,60|52,69|51,45/14,79=14,43,60,26,79
19,23|58,21|6,26|25,56|91,18|26,42|53,74|25,76|78,64|74,35|21,78|76,19|25,81|25,58|81,6|56,91|18,4|25,2|23,13|2,53/25,4=25,56,91,18,4
4,42|8,69|69,95|33,8|32,13|1,0|33,32|26,21|6,59|95,93|33,1|19,83|13,86|33,15|33,6|59,19|71,26|15,71|0,4|86,63/33,63=33,32,13,86,63
75,21|20,15|94,4|99,33|19,24|21,26|98,67|33,74|40,19|40,89|40,36|24,20|4,52|68,98|6,68|89,75|42,94|40,6|36,99|40,42/40,26=40,89,75,21,26
59,67|57,2|61,73|34,83|75,62|73,75|57,90|83,15|90,93|96,70|46,34|35,96|70,76|57,61|2,92|82,99|57,46|92,59|93,82|57,35/57,62=57,61,73,75,62
4,12|30,87|64,75|7,64|0,42|32,86|39,11|78,57|87,0|42,82|5,95|84,7|95,39|30,4|30,84|57,32|8,55|12,8|30,5|30,78/30,75=30,84,7,64,75
50,51|0,56|87,13|84,65|58,50|15,40|56,54|96,7|87,84|40,93|87,0|13,96|54,53|65,41|68,58|93,4|87,15|41,26|7,97|87,68/87,4=87,15,40,93,4
55,94|55,38|66,71|79,3|24,25|55,82|82,24|55,9|64,59|9,76|94,72|59,51|2,15|38,64|55,2|72,79|25,73|15,66|76,21|21,7/55,7=55,9,76,21,7
35,5|19,16|11,35|73,74|56,17|10,11|81,83|19,88|42,69|74,93|4,42|23,81|19,23|17,97|19,54|83,95|54,56|16,73|19,10|88,4/19,93=19,16,73,74,93
82,4|89,65|95,59|47,82|18,89|91,23|95,92|34,62|95,47|54,13|59,21|92,8|23,54|95,91|21,34|8,83|95,18|65,29|83,27|4,88/95,62=95,59,21,34,62
70,37|46,27|70,71|82,2|90,21|70,96|1,62|37,1|70,82|28,87|62,23|29,28|71,29|52,90|20,43|75,52|2,20|5,46|96,5|70,75/70,43=70,82,2,20,43
62,26|28,42|28,23|48,13|28,53|58,54|23,58|36,85|26,15|56,63|13,29|28,36|53,62|54,92|28,56|42,48|85,9|63,87|87,44|9,77/28,29=28,42,48,13,29
76,31|13,80|38,89|25,0|62,48|38,77|0,93|97,76|77,55|89,8|38,63|38,25|63,62|38,41|93,73|8,13|48,88|50,12|55,50|41,97/38,31=38,41,97,76,31
92,82|13,55|73,92|84,49|66,73|66,78|37,47|49,24|78,18|66,12|55,53|47,59|0,37|66,13|77,61|82,16|53,56|12,84|66,0|18,77/66,16=66,73,92,82,16
19,96|49,36|24,70|96,76|22,24|1,85|70,25|76,89|20,19|20,75|39,63|20,49|50,1|80,17|36,80|75,39|85,43|20,22|20,50|63,58/20,17=20,49,36,80,17
20,43|42,61|52,95|93,74|17,55|93,68|72,52|61,22|95,92|93,17|74,63|73,15|1,42|57,65|65,79|55,73|93,1|68,57|93,72|63,20/93,15=93,17,55,73,15
62,60|51,7|27,72|51,78|51,95|61,34|51,31|72,76|3,61|51,92|92,27|78,3|9,53|31,62|26,14|60,71|95,9|7,26|53,35|14,46/51,46=51,7,26,14,46
45,12|39,31|69,56|45,35|45,69|45,72|72,89|29,17|43,8|45,94|94,60|48,76|56,29|92,38|31,85|60,43|35,39|78,48|12,78|89,92/45,38=45,72,89,92,38
52,90|84,17|71,19|12,71|85,32|79,58|32,37|84,72|84,94|13,51|2,12|84,2|90,73|80,13|72,85|17,79|42,80|58,35|84,42|94,52/84,37=84,72,85,32,37
44,16|8,58|33,27|35,93|2,35|44,33|93,75|44,49|92,97|44,2|23,3|49,70|27,56|70,77|16,59|56,65|44,23|3,92|77,71|59,8/44,58=44,16,59,8,58
18,93|33,61|99,63|24,78|61,40|54,55|26,67|28,83|88,24|71,54|99,28|7,26|91,71|78,72|63,7|99,91|42,33|99,42|83,18|99,88/99,72=99,88,24,78,72
55,94|55,82|79,73|25,3|15,66|55,9|9,15|55,2|72,59|2,24|94,64|59,51|38,76|82,72|55,38|64,25|66,71|76,79|24,21|21,7/55,7=55,2,24,21,7
49,52|33,11|29,18|60,94|41,40|94,47|52,38|83,33|44,80|13,44|38,8|68,41|40,53|63,60|11,29|83,9|83,63|83,68|9,13|83,49/83,8=83,49,52,38,8
5,39|80,20|36,44|16,36|95,4|59,90|98,52|39,98|16,5|58,95|68,80|18,69|75,68|16,55|54,18|55,54|16,75|16,58|44,59|4,96/16,52=16,5,39,98,52
75,29|14,75|32,12|24,15|26,5|61,24|87,26|34,61|79,87|29,19|16,49|34,43|34,52|34,79|52,10|15,36|10,16|34,14|72,32|43,72/34,36=34,61,24,15,36
39,1|15,42|29,39|35,26|91,92|90,8|14,22|42,90|35,2|70,65|19,91|35,73|35,76|76,19|26,20|89,70|73,29|20,14|2,89|35,15/35,1=35,73,29,39,1
5,52|60,33|59,89|5,36|5,85|14,59|5,60|38,16|85,58|73,3|33,73|52,87|68,44|44,57|41,68|58,38|49,12|36,14|5,41|87,49/5,3=5,60,33,73,3
84,60|42,82|83,17|94,95|95,22|51,83|44,33|76,63|76,84|76,65|63,44|60,26|17,71|76,51|27,42|20,27|65,94|33,55|76,20|26,58/76,58=76,84,60,26,58
97,7|66,57|50,95|24,51|95,19|97,13|19,96|62,73|7,40|51,82|13,62|32,66|40,18|18,38|97,50|25,24|73,74|26,32|97,25|97,26/97,38=97,7,40,18,38
58,69|69,51|51,43|58,37|37,12|67,11|14,15|58,57|58,86|86,67|43,75|87,53|57,87|15,78|78,62|12,41|11,7|58,14|41,13|53,34/58,62=58,14,15,78,62
16,24|58,0|70,43|55,21|0,70|99,98|29,63|16,22|30,73|22,29|16,55|21,30|42,17|17,13|75,99|63,59|24,75|16,5|5,42|16,58/16,73=16,55,21,30,73
8,78|89,39|84,18|40,60|15,99|84,36|99,13|5,15|51,40|24,38|60,47|84,51|36,26|84,5|17,89|65,24|84,73|26,8|18,17|73,65/84,47=84,51,40,60,47
59,65|2,52|95,98|98,97|97,87|2,59|2,95|2,19|65,4|3,21|76,71|52,57|57,8|21,32|8,38|19,90|2,3|32,29|90,76|4,22/2,29=2,3,21,32,29
41,95|30,84|47,26|31,30|89,41|31,62|58,23|31,61|84,3|25,47|15,58|62,89|52,29|26,55|48,15|3,67|61,87|31,48|87,52|31,25/31,23=31,48,15,58,23
17,3|64,41|64,48|96,51|36,96|23,72|48,36|15,90|90,52|64,23|64,42|19,15|62,57|38,63|3,86|57,53|41,62|72,38|64,19|42,17/64,63=64,23,72,38,63
98,10|85,38|74,39|54,1|49,54|39,6|74,49|74,53|6,20|30,92|20,57|75,30|10,47|79,85|1,7|53,98|74,75|92,94|74,21|21,79/74,94=74,75,30,92,94
76,48|88,26|53,99|13,31|86,88|5,51|36,38|96,65|7,86|98,76|36,13|99,32|36,7|80,53|38,97|97,96|31,5|36,80|36,74|74,98/36,48=36,74,98,76,48
6,31|59,62|47,63|94,2|31,59|36,23|25,65|23,94|2,88|8,47|36,6|54,28|65,4|36,3|49,27|36,25|27,54|36,49|3,8|4,19/36,63=36,3,8,47,63
55,49|75,90|72,91|91,13|56,2|13,98|56,60|67,95|85,75|60,38|95,18|71,66|2,71|38,55|56,94|94,85|66,20|56,72|84,67|56,84/56,18=56,84,67,95,18
40,93|67,7|2,67|1,35|5,14|8,50|2,13|35,5|19,40|0,30|7,74|74,60|50,0|49,43|13,19|2,8|57,77|2,49|2,1|43,57/2,30=2,8,50,0,30
52,69|37,30|79,61|24,11|69,32|61,34|76,93|10,20|71,52|24,56|34,17|24,37|24,71|30,76|49,10|11,49|24,79|75,57|57,97|56,75/24,93=24,37,30,76,93
55,38|55,83|43,93|78,85|22,43|65,16|32,65|85,23|55,18|41,15|38,78|68,89|15,20|20,28|24,22|89,7|55,41|55,24|83,68|18,32/55,23=55,38,78,85,23
62,71|62,14|93,82|28,3|62,93|48,54|44,57|3,41|14,34|62,35|95,94|15,67|71,2|67,66|82,44|36,15|35,28|2,95|34,48|62,36/62,54=62,14,34,48,54
50,11|68,13|89,59|69,89|14,97|80,27|56,28|82,9|26,68|56,14|56,55|97,21|11,67|27,82|56,69|56,80|55,50|59,17|21,31|28,26/56,9=56,80,27,82,9
10,26|9,50|85,61|50,87|87,31|99,72|74,15|10,73|73,39|10,74|26,52|1,12|43,21|39,85|15,99|10,43|21,1|52,57|57,13|10,9/10,12=10,43,21,1,12
19,83|78,73|25,35|44,11|90,94|94,91|35,78|30,45|53,6|67,44|30,25|11,71|30,67|45,90|96,53|30,41|6,93|41,19|30,96|83,26/30,93=30,96,53,6,93
18,87|29,95|55,19|62,79|79,38|90,55|34,62|24,8|59,81|22,20|95,24|20,68|29,30|29,10|29,18|29,34|30,90|8,93|87,59|10,22/29,81=29,18,87,59,81
86,21|78,56|89,78|31,49|96,76|13,6|93,23|96,65|21,13|1,31|38,80|96,86|69,89|65,60|76,52|58,1|52,93|96,58|96,69|60,38/96,49=96,58,1,31,49
38,19|79,38|27,8|18,42|57,7|19,64|26,23|50,24|59,29|92,6|92,18|6,26|92,57|92,27|7,50|8,59|92,79|42,85|85,89|23,49/92,49=92,6,26,23,49
4,58|60,56|56,39|24,83|85,35|60,90|60,29|21,10|60,85|70,81|69,70|39,24|60,16|27,76|35,21|95,27|16,4|90,95|29,69|58,50/60,76=60,90,95,27,76
4,53|84,24|64,88|68,10|52,37|84,82|84,4|72,47|81,72|84,58|24,64|11,6|58,81|40,5|37,11|82,40|5,34|84,52|53,68|88,36/84,10=84,4,53,68,10
20,84|72,37|60,38|84,22|48,0|75,78|94,48|38,72|94,40|94,60|88,8|36,54|0,75|22,98|41,53|94,41|8,30|53,36|40,88|94,20/94,78=94,48,0,75,78
33,3|33,39|69,29|98,18|82,98|33,67|80,50|57,69|33,57|52,75|33,80|50,1|39,82|74,52|56,37|67,70|70,56|29,12|3,74|1,66/33,37=33,67,70,56,37
11,46|88,82|62,86|11,14|45,23|14,49|46,42|86,55|11,45|7,81|11,75|10,44|84,80|49,88|11,31|31,62|42,10|23,7|80,3|75,84/11,81=11,45,23,7,81
10,78|64,83|46,10|31,7|83,9|71,21|78,11|11,15|46,64|53,91|21,85|9,39|46,31|42,40|63,29|29,53|7,42|32,71|46,32|46,63/46,39=46,64,83,9,39
82,7|50,61|4,45|96,22|22,26|45,78|99,79|99,4|79,3|42,24|99,48|78,9|7,42|26,12|13,49|99,96|48,13|3,50|49,41|99,82/99,24=99,82,7,42,24
10,97|22,63|60,41|75,18|10,75|44,22|10,56|41,5|38,33|56,13|5,79|33,55|10,38|55,14|45,49|72,51|10,60|97,44|13,45|18,72/10,79=10,60,41,5,79
87,97|99,49|73,87|97,17|73,91|30,45|7,44|91,63|73,95|66,48|6,2|48,43|17,69|73,7|2,99|44,14|73,6|63,30|95,66|14,85/73,43=73,95,66,48,43
49,35|48,25|38,43|99,89|34,67|62,66|67,82|38,99|38,45|38,34|35,76|89,62|82,4|45,55|38,48|25,73|83,61|43,49|73,27|55,83/38,61=38,45,55,83,61
31,29|47,86|60,73|78,53|16,78|31,92|31,41|33,72|31,16|73,7|6,32|29,80|41,59|3,68|80,6|31,3|59,33|68,47|92,60|53,0/31,7=31,92,60,73,7
11,80|70,86|52,39|21,13|21,59|76,11|43,64|21,92|21,3|46,77|15,31|59,53|21,15|92,76|94,46|32,52|31,70|3,94|53,43|13,32/21,64=21,59,53,43,64
24,8|17,94|21,60|20,24|84,68|86,21|68,51|84,71|18,17|84,20|51,25|84,93|94,33|93,86|31,87|71,59|84,18|25,88|59,31|8,44/84,33=84,18,17,94,33
46,2|20,12|64,6|81,9|68,65|88,50|39,95|64,14|19,81|64,19|61,39|9,92|6,61|50,99|64,88|99,52|2,34|12,68|14,46|64,20/64,65=64,20,12,68,65
52,38|57,92|64,62|56,51|88,82|69,57|49,56|53,46|38,81|92,17|62,53|64,30|64,69|46,22|64,21|35,88|64,36|30,52|21,35|36,49/64,81=64,30,52,38,81
50,36|92,29|39,7|76,45|92,74|55,77|92,21|36,12|7,47|15,55|29,15|92,76|9,58|25,79|74,39|92,50|12,44|21,98|45,9|98,25/92,44=92,50,36,12,44
20,81|10,80|35,71|74,10|74,47|2,68|80,14|74,28|76,77|64,2|21,40|0,20|74,17|71,21|28,76|74,35|14,99|17,0|47,64|77,55/74,81=74,17,0,20,81
24,25|12,70|12,38|70,47|22,42|12,24|65,15|37,98|8,93|26,91|47,22|25,71|71,59|40,26|93,43|12,65|38,40|12,7|7,8|15,37/12,43=12,7,8,93,43
44,75|38,44|77,99|25,26|37,33|39,66|16,77|27,12|39,38|75,51|26,37|90,45|39,1|83,90|39,65|72,27|66,16|39,25|65,72|1,83/39,99=39,66,16,77,99
50,38|24,66|53,13|79,94|99,71|79,12|71,2|94,60|12,99|42,53|86,40|66,23|23,97|60,86|79,47|64,50|79,24|47,42|79,64|38,83/79,97=79,24,66,23,97
14,83|31,97|19,14|40,19|97,7|54,51|2,1|77,18|90,3|7,68|2,95|33,41|95,33|41,53|2,40|2,77|1,23|18,54|23,90|2,31/2,3=2,1,23,90,3
9,30|67,62|67,93|22,23|4,1|62,17|92,37|93,9|67,92|30,66|67,16|17,94|16,22|8,97|94,47|23,63|67,4|37,73|73,69|1,8/67,66=67,93,9,30,66
91,87|87,10|38,15|32,55|27,98|6,38|96,58|91,49|91,14|91,67|14,96|10,80|49,60|80,64|55,31|60,27|58,72|31,12|67,6|91,32/91,64=91,87,10,80,64
73,72|95,79|54,55|86,69|55,51|54,73|90,52|47,2|23,84|49,5|71,95|54,49|5,86|79,59|76,45|51,23|52,76|72,47|54,71|54,90/54,45=54,90,52,76,45
74,59|86,57|25,63|65,66|49,55|59,93|41,22|41,49|41,98|60,26|83,47|69,25|55,60|66,86|63,85|22,74|41,69|41,65|98,11|11,83/41,47=41,98,11,83,47
35,91|14,10|20,35|91,18|76,38|85,43|2,71|59,2|20,8|20,59|8,85|62,4|43,39|79,14|20,62|18,44|10,26|20,79|4,76|71,23/20,23=20,59,2,71,23
16,59|76,22|27,4|98,51|50,91|4,70|79,16|79,58|82,98|79,67|30,76|79,62|47,72|67,27|58,55|62,30|55,47|59,50|88,82|79,88/79,70=79,67,27,4,70
37,36|48,7|99,48|66,52|7,37|88,66|76,46|99,72|95,5|82,22|72,82|87,88|46,81|99,87|99,90|99,76|90,68|68,95|22,33|81,91/99,91=99,76,46,81,91
71,88|59,52|88,89|99,94|50,79|66,50|65,97|40,71|59,2|59,92|56,69|2,99|59,65|92,56|69,1|59,40|97,16|16,76|52,66|94,11/59,11=59,2,99,94,11
19,73|19,27|19,86|86,75|6,89|92,95|27,6|63,41|19,78|72,20|75,92|19,82|59,65|82,35|2,72|78,74|73,2|89,50|35,59|74,63/19,50=19,27,6,89,50
94,27|37,17|15,32|26,62|22,43|84,94|66,90|43,66|28,7|35,28|84,22|84,77|84,73|27,39|39,64|73,35|17,40|84,15|77,37|32,26/84,64=84,94,27,39,64
32,81|45,10|18,50|83,62|18,60|18,32|40,14|81,13|62,53|6,45|65,40|50,6|60,83|13,25|5,71|18,5|58,12|71,58|14,23|18,65/18,12=18,5,71,58,12
22,95|85,56|36,98|44,41|66,44|45,36|6,0|52,27|45,66|43,69|45,18|48,50|41,78|45,85|45,48|56,43|98,22|68,6|50,52|18,68/45,78=45,66,44,41,78
67,46|1,73|95,72|91,96|31,29|1,67|4,30|12,89|1,50|32,4|26,76|50,80|80,26|72,2|75,32|96,12|73,95|1,91|1,75|46,31/1,76=1,50,80,26,76
2,57|40,68|20,40|72,2|39,42|20,60|20,81|20,67|20,39|84,16|81,17|17,7|60,84|67,72|68,66|66,3|42,70|70,33|16,58|7,1/20,58=20,60,84,16,58
75,51|10,95|26,0|72,23|23,21|81,53|60,99|10,60|46,1|53,75|10,81|99,14|10,72|91,26|0,44|95,12|21,65|10,91|12,46|14,49/10,49=10,60,99,14,49
31,58|23,84|26,17|56,43|26,8|8,97|86,7|26,94|55,34|34,68|69,54|97,23|19,38|37,31|94,37|17,55|26,19|38,69|26,56|43,86/26,58=26,94,37,31,58
33,39|86,55|7,86|11,48|78,24|13,90|96,23|39,50|14,7|11,97|23,93|97,96|11,87|21,78|11,13|75,77|48,21|90,75|11,14|87,33/11,55=11,14,7,86,55
38,35|57,5|51,81|53,58|81,99|59,95|99,87|88,51|15,59|58,45|61,56|45,6|23,38|7,23|88,46|88,7|5,61|88,53|88,57|46,15/88,35=88,7,23,38,35
99,70|26,99|79,7|70,90|83,18|82,24|36,61|64,36|18,78|83,26|17,64|27,62|24,19|94,82|87,56|83,17|78,27|56,79|83,94|83,87/83,19=83,94,82,24,19
61,64|88,83|18,29|88,54|88,42|16,67|88,47|85,38|86,18|83,33|42,86|94,75|33,16|38,52|60,26|64,94|88,61|54,60|26,76|47,85/88,67=88,83,33,16,67
38,91|31,62|10,38|10,74|85,81|10,23|23,37|76,85|1,88|88,18|16,46|74,1|63,24|37,31|10,64|91,63|10,17|17,76|40,16|64,40/10,24=10,38,91,63,24
3,17|67,73|31,67|61,35|41,46|3,53|57,98|73,24|3,61|40,41|37,45|17,69|53,37|46,80|3,31|3,40|78,68|69,57|35,78|45,27/3,80=3,40,41,46,80
71,10|71,90|29,63|71,67|79,59|71,21|10,88|21,94|30,29|88,33|94,50|71,19|67,30|19,95|50,6|25,79|95,53|90,25|33,23|53,82/71,23=71,10,88,33,23
19,84|35,96|19,20|19,93|18,80|87,88|47,35|45,56|71,62|39,87|86,18|20,86|88,7|96,17|19,39|42,45|93,42|19,47|62,57|84,71/19,57=19,84,71,62,57
15,25|32,93|88,36|15,74|15,50|77,32|25,33|74,31|31,19|47,77|50,55|33,88|55,46|15,9|30,26|26,62|46,44|15,47|9,30|19,85/15,62=15,9,30,26,62
2,81|15,51|1,60|78,2|76,1|87,98|77,59|44,3|76,87|76,21|62,77|76,97|97,62|98,44|63,78|75,93|60,15|21,88|76,63|88,75/76,93=76,21,88,75,93
26,46|46,76|86,29|62,56|29,9|51,13|73,90|87,97|92,51|62,33|62,26|76,39|13,18|31,86|62,31|62,92|41,87|56,41|90,93|33,73/62,93=62,33,73,90,93
22,77|19,18|68,46|4,55|18,68|65,50|33,92|72,65|22,35|50,24|15,20|35,97|22,72|64,15|77,33|97,4|92,30|85,64|22,19|22,85/22,55=22,35,97,4,55
49,38|52,88|64,36|92,17|56,82|62,52|57,92|35,46|38,81|88,51|36,35|64,69|64,62|46,22|64,21|53,56|64,30|69,49|21,53|30,57/64,81=64,69,49,38,81
16,37|80,9|87,98|63,87|98,5|35,99|16,27|61,29|90,61|4,80|42,90|16,63|57,64|16,57|13,66|27,4|37,94|64,13|94,35|16,42/16,66=16,57,64,13,66
52,5|72,33|62,21|8,72|3,63|58,78|86,8|33,32|78,70|86,41|16,62|92,52|81,76|41,16|5,65|61,58|86,3|86,92|63,81|86,61/86,70=86,61,58,78,70
10,23|17,39|97,48|40,14|26,24|40,10|32,21|38,22|40,6|83,32|52,38|40,52|14,5|22,45|76,77|5,17|40,76|6,83|77,26|23,97/40,24=40,76,77,26,24
18,19|95,85|37,21|19,10|20,79|7,49|37,9|21,63|63,1|37,38|26,23|82,7|79,26|24,30|1,88|38,18|85,24|37,20|9,82|37,95/37,10=37,38,18,19,10
45,55|78,70|5,38|57,17|57,5|51,21|57,87|63,56|74,51|56,72|57,45|17,39|38,26|26,65|57,74|39,64|21,94|64,34|55,78|87,63/57,70=57,45,55,78,70
7,57|47,26|48,89|63,73|66,7|86,74|86,47|74,12|86,63|58,33|12,48|86,66|26,22|22,80|75,58|38,77|73,38|8,75|86,8|57,15/86,33=86,8,75,58,33
30,3|30,89|91,27|87,20|49,22|97,65|30,87|7,95|89,59|30,49|90,17|76,91|59,97|3,7|20,90|30,85|5,29|95,32|22,5|85,76/30,17=30,87,20,90,17
30,82|1,51|20,43|20,26|3,5|62,95|51,34|91,83|20,78|26,3|20,7|20,8|78,91|7,1|5,37|36,30|95,38|43,36|8,62|83,27/20,37=20,26,3,5,37
48,0|92,82|5,79|38,98|30,83|98,5|38,92|89,30|38,89|17,40|82,93|38,17|93,12|43,54|54,73|73,91|79,57|83,96|38,43|40,48/38,57=38,98,5,79,57
41,34|60,70|24,60|20,24|99,69|27,40|70,59|20,68|79,30|20,88|68,79|20,84|50,4|20,27|40,99|34,18|30,33|84,41|4,96|88,50/20,96=20,88,50,4,96
43,75|41,19|19,28|44,8|73,41|98,20|28,3|73,76|16,91|30,14|46,12|4,30|73,16|91,98|73,46|73,61|12,43|76,4|8,85|61,44/73,75=73,46,12,43,75
54,29|90,61|90,33|75,54|61,26|33,75|82,8|90,46|90,82|93,9|77,52|32,5|46,87|20,7|90,20|87,77|8,44|44,91|7,93|26,32/90,9=90,20,7,93,9
29,96|96,28|38,13|13,71|69,53|51,80|15,37|80,87|29,44|56,51|8,69|28,64|53,47|37,70|29,46|29,56|46,38|44,15|64,58|29,8/29,58=29,96,28,64,58
78,40|63,88|78,49|78,31|39,85|49,63|30,46|31,39|78,32|46,18|51,45|40,30|88,73|66,7|96,66|11,51|44,96|85,41|32,11|78,44/78,73=78,49,63,88,73
43,71|72,86|82,43|29,17|11,48|69,0|77,60|11,77|48,69|2,75|0,7|8,2|86,29|60,4|11,82|11,72|4,68|39,8|11,39|71,30/11,17=11,72,86,29,17
27,37|98,33|62,99|22,91|52,46|65,92|53,86|11,52|72,66|99,61|28,11|53,72|12,65|53,98|33,27|53,28|79,12|53,79|86,62|66,22/53,37=53,98,33,27,37
41,63|12,27|80,97|68,58|92,12|27,80|36,68|90,99|3,90|5,56|63,49|99,42|92,94|92,36|60,13|92,5|56,60|58,57|92,3|94,41/92,97=92,12,27,80,97
96,37|54,30|96,54|72,15|75,72|18,71|37,6|8,18|30,79|96,36|96,8|73,47|71,44|96,50|77,73|84,51|50,75|36,77|79,17|6,84/96,15=96,50,75,72,15
83,36|92,45|76,92|7,76|62,54|41,77|87,47|57,1|40,83|1,11|3,64|64,42|77,87|62,99|99,57|62,7|54,40|62,30|62,41|30,3/62,36=62,54,40,83,36
39,77|67,42|13,85|7,40|77,13|72,49|42,5|27,50|40,76|72,39|72,9|35,75|75,87|9,35|93,7|72,93|5,61|49,27|50,43|72,67/72,43=72,49,27,50,43
63,6|1,27|9,78|9,1|78,3|91,34|11,88|74,11|9,72|72,51|9,63|3,91|27,42|88,73|84,58|51,19|19,41|6,84|42,48|9,74/9,41=9,72,51,19,41
50,54|83,45|70,57|4,93|81,41|71,1|45,79|1,50|41,4|30,36|43,42|75,81|75,43|15,83|42,39|36,70|75,30|39,5|75,71|75,15/75,5=75,43,42,39,5
33,56|33,47|13,24|49,86|51,73|33,22|22,35|33,83|45,81|86,88|33,49|83,92|35,45|92,89|47,50|56,13|24,80|50,51|88,1|89,70/33,81=33,22,35,45,81
37,34|0,47|21,61|47,15|26,44|12,0|77,7|92,77|21,6|21,12|7,18|6,37|34,29|74,26|82,42|33,82|61,74|93,33|21,92|21,93/21,15=21,12,0,47,15
44,90|50,40|55,66|44,46|12,22|40,69|44,47|83,41|41,77|44,50|46,83|93,55|24,12|21,25|45,21|47,93|69,53|90,24|44,61|61,45/44,53=44,50,40,69,53
84,93|23,79|6,84|63,91|28,6|93,26|52,78|78,61|98,71|51,52|22,98|91,23|82,22|28,63|28,82|96,43|28,51|28,87|43,88|87,96/28,61=28,51,52,78,61
30,3|51,34|86,1|1,19|99,12|99,53|18,55|62,43|43,18|99,36|36,6|6,27|79,95|34,79|99,51|27,16|3,68|12,30|53,86|99,62/99,55=99,62,43,18,55
10,52|55,65|77,17|20,55|77,72|7,59|52,11|82,29|59,92|77,26|29,64|26,7|17,28|72,10|45,56|64,51|77,82|77,20|65,37|28,45/77,11=77,72,10,52,11
70,39|25,5|39,20|20,72|9,66|13,74|15,98|79,32|66,25|9,15|54,76|74,3|14,31|67,13|31,79|9,67|98,54|9,70|5,99|9,14/9,32=9,14,31,79,32
38,94|68,63|10,38|69,55|95,47|63,10|44,34|88,35|14,44|34,31|68,69|35,89|4,36|68,76|76,88|65,59|47,65|68,14|55,4|68,95/68,31=68,14,44,34,31
68,40|81,61|62,70|70,77|37,88|88,62|61,45|32,68|42,1|37,34|37,80|1,99|37,32|34,13|13,7|80,42|7,31|35,81|37,35|40,23/37,31=37,34,13,7,31
74,67|13,80|56,14|80,56|29,30|17,12|5,54|52,57|5,48|75,52|5,8|8,17|54,88|91,74|5,91|48,75|88,29|12,20|5,13|67,73/5,14=5,13,80,56,14
3,76|25,49|43,45|66,99|59,52|93,4|8,93|32,13|99,59|31,9|8,66|4,43|22,84|13,22|12,31|9,69|8,32|8,25|8,12|49,3/8,76=8,25,49,3,76
91,63|28,22|22,93|81,37|49,88|91,73|40,5|91,36|58,89|89,11|91,27|12,70|25,40|88,12|91,49|73,58|80,81|27,80|36,28|63,25/91,70=91,49,88,12,70
94,18|90,75|78,74|20,36|74,46|54,59|46,15|82,20|36,54|71,47|82,90|82,78|53,13|18,71|60,53|75,35|13,6|82,60|82,94|35,72/82,6=82,60,53,13,6
33,72|42,76|10,40|33,60|81,52|33,19|37,1|5,42|19,20|67,81|47,10|97,67|60,37|20,2|1,68|2,9|33,47|40,73|72,5|33,97/33,52=33,97,67,81,52
24,40|4,79|97,8|61,1|10,52|8,75|4,97|75,86|98,85|7,0|5,10|79,98|40,20|52,70|4,7|44,24|0,61|4,44|85,38|4,5/4,1=4,7,0,61,1
55,1|58,61|4,45|1,7|34,14|90,27|39,57|39,55|20,96|39,58|30,34|96,51|67,16|61,4|39,67|39,47|47,20|16,90|57,30|7,86/39,51=39,47,20,96,51
91,48|67,39|75,98|4,5|91,32|32,83|0,35|83,75|39,47|48,29|35,70|56,25|70,62|29,4|91,0|91,67|25,51|47,28|91,56|51,54/91,28=91,67,39,47,28
11,0|49,8|21,35|89,32|54,72|89,39|69,74|28,71|35,47|32,11|89,54|74,68|34,28|39,34|0,81|47,51|89,69|68,9|72,49|89,21/89,51=89,21,35,47,51
38,28|47,33|57,9|28,26|61,19|8,73|26,61|38,31|38,47|68,43|43,78|0,68|38,0|31,20|38,57|9,5|86,95|5,70|33,86|20,8/38,78=38,0,68,43,78
99,49|34,69|83,33|1,65|45,93|30,45|30,83|30,62|30,0|93,67|67,53|96,91|62,59|59,34|65,50|0,6|30,58|6,96|58,1|33,99/30,69=30,62,59,34,69
24,41|47,1|24,51|22,15|24,28|41,30|24,52|19,50|8,19|93,47|15,4|43,6|52,93|28,38|30,59|51,8|59,64|38,43|92,22|24,92/24,50=24,51,8,19,50
55,51|59,53|51,56|70,40|70,95|99,3|53,54|79,94|38,2|70,87|40,55|49,41|95,79|91,59|41,99|87,38|70,49|70,91|94,64|2,65/70,56=70,40,55,51,56
92,52|1,75|79,63|75,97|28,80|29,92|14,1|65,90|33,95|29,7|29,14|29,33|95,79|29,22|80,51|52,27|90,77|27,12|22,28|7,65/29,97=29,14,1,75,97
86,58|73,72|68,5|68,7|5,51|47,12|53,31|68,17|7,73|51,34|72,92|85,60|12,85|34,29|68,47|31,24|17,33|33,86|68,53|24,62/68,92=68,7,73,72,92
67,70|63,62|14,61|72,93|61,60|58,14|62,41|56,85|77,20|58,77|85,72|60,99|58,63|58,56|50,55|44,67|70,37|20,50|41,47|58,44/58,93=58,56,85,72,93
65,9|32,2|24,53|29,28|49,29|46,86|12,49|92,12|92,6|92,36|92,19|36,65|53,46|19,32|9,59|2,5|98,57|92,24|6,62|62,98/92,59=92,36,65,9,59
33,79|89,76|26,72|79,56|26,37|1,33|65,89|11,77|45,54|26,1|8,64|37,30|64,0|0,40|26,69|69,65|26,8|30,11|72,45|54,48/26,48=26,72,45,54,48
22,59|22,89|87,20|22,51|93,62|67,19|62,5|38,33|22,41|51,93|59,67|22,69|39,87|41,74|89,39|33,12|74,37|19,28|37,83|69,38/22,20=22,89,39,87,20
11,56|74,76|90,16|47,45|69,68|1,61|90,1|45,69|90,37|61,96|18,28|96,82|90,18|76,67|28,11|16,12|12,93|93,38|37,74|90,47/90,56=90,18,28,11,56
90,55|41,26|2,90|27,28|43,33|43,27|70,40|40,41|57,87|28,69|53,85|33,2|89,53|43,89|85,19|99,78|69,30|87,99|43,70|43,57/43,55=43,33,2,90,55
69,97|3,71|90,2|42,13|2,27|69,12|13,60|69,90|97,39|93,85|40,72|71,86|12,42|75,3|69,75|69,1|1,94|39,93|27,95|94,40/69,72=69,1,94,40,72
59,78|78,81|83,26|41,71|12,94|35,64|28,59|28,90|69,67|28,75|28,69|48,83|67,12|71,35|13,29|90,48|28,41|81,38|75,4|4,13/28,94=28,69,67,12,94
23,71|91,70|75,15|60,75|36,91|40,90|36,23|71,10|56,9|64,83|8,64|70,40|36,97|97,56|83,98|10,67|36,8|9,65|36,66|66,60/36,67=36,23,71,10,67
62,2|76,68|57,94|8,86|63,57|68,78|62,88|77,8|88,63|50,91|62,30|78,40|62,73|74,64|64,3|30,77|73,74|43,50|62,76|2,43/62,91=62,2,43,50,91
40,34|16,66|40,62|15,39|40,15|40,54|74,28|40,84|84,59|54,64|78,95|34,77|39,16|26,45|77,74|59,78|88,26|32,1|62,88|64,32/40,45=40,62,88,26,45
82,19|66,26|64,24|1,27|66,89|63,14|66,75|89,63|75,64|14,4|10,60|26,82|66,10|19,31|60,7|27,90|50,1|7,57|66,50|24,40/66,57=66,10,60,7,57
49,9|62,29|6,65|46,86|53,46|2,28|36,53|92,36|92,12|92,24|92,19|24,49|65,2|19,62|9,59|29,5|98,57|92,6|12,32|32,98/92,59=92,24,49,9,59
65,69|71,1|40,22|96,30|30,9|13,8|22,29|8,86|58,82|29,65|1,21|86,12|63,58|40,24|40,18|40,81|24,71|40,13|81,63|18,96/40,12=40,13,8,86,12
45,7|43,48|38,3|6,47|4,39|33,31|32,38|33,65|65,6|67,12|33,50|94,26|33,43|47,84|33,67|37,45|12,4|31,37|50,32|48,94/33,84=33,65,6,47,84
29,77|47,28|10,40|63,8|40,66|1,53|43,2|79,72|34,1|43,79|43,87|43,34|9,63|53,99|43,9|2,5|8,82|5,29|72,47|87,10/43,82=43,9,63,8,82
40,2|12,40|49,94|17,95|5,50|26,68|50,22|20,38|32,12|26,49|53,60|26,35|38,53|26,20|35,5|68,14|94,25|25,61|14,17|26,32/26,61=26,49,94,25,61
90,71|17,28|22,53|29,22|56,72|95,47|50,56|50,37|23,29|89,95|93,66|50,93|66,90|50,23|72,43|50,17|28,57|57,55|43,42|37,89/50,71=50,93,66,90,71
74,37|93,96|37,68|1,48|96,63|30,71|80,84|94,74|80,59|80,23|59,30|6,20|48,27|23,1|80,93|80,94|63,22|20,69|71,81|84,6/80,27=80,23,1,48,27
9,0|41,99|31,78|79,89|0,27|72,31|49,86|99,24|39,49|4,6|39,9|39,79|39,41|24,48|56,91|27,29|39,69|86,4|89,56|69,72/39,29=39,9,0,27,29
45,53|60,4|28,42|53,65|63,97|80,71|97,43|42,81|65,57|19,80|84,28|63,66|43,30|4,32|63,84|32,22|63,60|63,45|30,21|66,19/63,21=63,97,43,30,21
72,61|8,41|41,67|80,79|98,84|79,88|80,9|80,8|88,20|80,63|67,45|38,59|84,86|63,71|20,12|13,98|71,72|59,81|80,13|9,38/80,12=80,79,88,20,12
27,11|52,74|84,80|40,86|50,1|38,40|80,50|67,27|20,55|47,71|67,38|83,53|67,84|6,83|67,47|71,52|67,6|11,20|86,95|53,65/67,65=67,6,83,53,65
19,71|82,67|81,19|97,36|83,38|69,33|81,49|71,48|49,69|16,83|98,30|33,57|81,16|67,12|12,80|38,90|48,17|36,98|81,97|81,82/81,17=81,19,71,48,17
56,62|13,45|83,40|29,83|37,84|67,29|56,26|33,52|9,37|56,22|32,91|62,32|56,67|56,13|22,25|45,70|25,33|26,9|70,64|91,57/56,84=56,26,9,37,84
24,2|30,24|36,43|43,49|2,91|36,75|36,34|93,31|36,30|36,45|75,93|50,23|31,72|40,42|49,56|23,25|34,52|52,40|45,50|56,3/36,3=36,43,49,56,3
58,66|32,37|91,19|47,10|10,4|37,30|66,32|19,14|74,73|58,98|29,47|98,20|7,62|58,91|58,29|20,74|58,7|62,71|71,68|14,67/58,73=58,98,20,74,73
17,87|80,2|80,95|1,68|29,81|81,54|4,65|50,29|88,26|80,50|42,4|80,17|87,82|2,36|26,58|82,15|65,72|95,88|36,1|80,42/80,58=80,95,88,26,58
39,93|48,84|91,11|30,26|79,3|39,59|39,79|89,83|39,89|20,68|59,20|16,40|68,94|3,48|93,91|39,34|83,16|34,55|55,30|11,38/39,94=39,59,20,68,94
81,3|20,92|83,14|83,6|83,84|84,7|67,37|7,67|83,81|59,98|6,9|88,35|9,88|83,11|12,24|11,59|14,68|3,20|98,69|68,12/83,37=83,84,7,67,37
50,59|93,3|49,64|3,24|24,7|85,94|93,83|80,44|19,13|93,19|26,85|93,81|93,26|48,49|7,67|13,80|94,20|83,48|78,50|81,78/93,59=93,81,78,50,59
87,4|78,26|1,78|81,89|87,10|87,47|89,59|36,76|87,67|70,94|47,81|10,48|48,70|65,86|86,36|87,65|6,96|4,6|67,1|96,34/87,26=87,67,1,78,26
62,16|47,45|96,25|9,28|40,81|40,96|40,47|25,37|40,64|45,26|31,15|17,31|37,46|28,66|16,41|81,17|26,94|64,62|66,74|40,9/40,94=40,47,45,26,94
83,46|8,84|52,47|32,6|26,12|98,52|26,44|84,19|19,70|12,0|85,89|0,76|44,32|26,8|76,42|89,83|56,98|6,61|26,85|26,56/26,46=26,85,89,83,46
85,60|22,99|75,40|77,75|77,26|51,82|44,22|12,9|26,98|9,62|77,8|82,64|66,12|8,51|40,85|36,44|77,36|77,66|63,33|98,63/77,62=77,66,12,9,62
2,60|54,63|25,81|81,87|21,25|21,65|23,94|16,32|21,90|21,56|60,33|32,89|56,2|90,23|94,30|65,54|63,37|21,73|73,16|87,31/21,31=21,25,81,87,31
49,36|95,5|96,97|12,15|70,95|70,12|97,53|30,47|36,22|84,18|70,49|22,65|62,96|5,51|8,30|70,62|70,11|15,84|11,8|51,72/70,65=70,49,36,22,65
46,57|56,99|0,97|48,35|86,84|5,41|53,65|87,5|87,14|84,0|41,46|99,8|87,86|65,27|87,77|77,53|28,76|87,28|14,56|76,48/87,57=87,5,41,46,57
8,5|8,40|78,24|47,59|48,64|8,78|45,49|76,47|12,76|64,96|5,84|84,25|49,1|40,45|73,48|8,73|8,12|24,42|25,88|42,0/8,88=8,5,84,25,88
18,17|11,85|60,12|21,38|55,21|17,31|32,92|12,95|52,99|85,62|92,52|95,15|31,9|60,18|60,34|60,55|38,59|60,32|34,11|15,88/60,62=60,34,11,85,62
68,34|60,68|23,49|74,53|49,50|14,88|88,81|16,32|11,15|11,67|40,37|62,23|37,74|75,16|11,62|67,60|11,35|11,40|35,75|15,14/11,50=11,62,23,49,50
97,13|10,47|52,41|76,58|76,69|76,10|56,40|41,22|76,56|70,52|33,97|83,74|69,89|39,16|21,9|89,83|58,33|40,39|47,21|76,70/76,16=76,56,40,39,16
82,53|87,20|20,4|40,28|91,3|92,96|28,11|87,21|87,40|87,30|37,16|87,92|3,97|45,74|21,91|42,45|30,42|96,82|11,62|4,37/87,74=87,30,42,45,74
31,65|10,67|5,22|22,27|31,24|31,64|92,53|51,60|65,2|45,88|2,51|21,5|42,73|31,10|15,45|31,21|67,92|24,42|64,15|73,50/31,88=31,64,15,45,88
73,52|57,0|44,57|79,73|52,6|79,29|6,95|79,72|84,93|29,85|25,97|85,25|88,70|94,88|26,44|76,84|79,42|79,26|42,76|72,94/79,97=79,29,85,25,97
27,41|2,29|27,1|29,51|80,96|38,62|62,78|27,57|7,60|0,23|1,2|41,38|27,65|96,55|65,99|35,7|60,17|99,0|57,80|27,35/27,55=27,57,80,96,55
4,24|98,11|39,47|62,13|11,49|53,97|13,4|0,10|97,74|10,88|66,0|62,14|55,39|24,80|14,98|62,53|47,89|62,55|62,66|74,38/62,89=62,55,39,47,89
84,28|43,27|23,37|13,51|91,30|91,13|91,84|91,23|37,6|30,73|60,24|27,88|6,87|85,93|28,60|88,81|91,43|58,20|73,58|51,85/91,24=91,84,28,60,24
29,44|44,51|69,80|80,71|38,53|15,37|28,13|37,70|29,8|96,15|56,38|51,64|53,47|13,87|29,46|29,96|46,69|8,28|64,58|29,56/29,58=29,44,51,64,58
20,17|95,36|74,45|79,29|14,4|66,89|89,7|91,65|3,66|34,91|3,20|36,14|3,79|17,0|18,34|3,95|3,18|0,92|7,73|29,74/3,4=3,95,36,14,4
34,91|0,74|18,45|0,9|0,52|54,51|9,69|7,3|78,34|69,15|45,11|3,38|15,85|0,18|74,54|63,7|11,22|52,78|51,1|0,63/0,22=0,18,45,11,22
24,20|29,52|33,99|73,96|93,18|33,7|96,42|70,95|33,85|16,73|99,29|18,28|25,24|32,25|52,64|47,70|33,16|33,32|7,47|85,93/33,42=33,16,73,96,42
56,22|13,32|70,52|9,70|37,84|62,9|56,67|83,40|25,37|56,26|45,91|22,45|56,62|56,13|26,29|32,33|29,83|67,25|33,64|91,57/56,84=56,67,25,37,84
14,37|69,78|84,71|73,35|40,69|73,56|95,84|10,7|4,3|73,95|1,10|28,4|56,40|71,83|37,20|7,55|35,14|43,28|73,43|73,1/73,20=73,35,14,37,20
59,77|59,65|13,18|54,63|37,54|36,12|59,56|18,36|59,13|11,91|62,44|6,11|78,62|59,66|65,6|55,34|77,37|66,78|56,46|46,55/59,12=59,13,18,36,12
46,51|10,91|99,0|81,12|12,75|60,23|95,26|10,95|21,1|23,46|10,60|26,14|10,81|72,99|0,65|91,53|75,44|10,72|53,21|14,49/10,49=10,95,26,14,49
97,14|94,68|16,11|30,28|65,37|14,22|30,78|37,36|22,76|30,16|30,97|58,65|15,59|30,58|4,31|11,94|28,61|61,4|78,15|59,89/30,76=30,97,14,22,76
71,93|24,75|22,54|51,82|84,97|54,16|68,44|93,88|84,62|5,47|44,51|98,22|84,38|62,71|38,40|84,68|97,18|40,5|18,24|84,98/84,16=84,98,22,54,16
13,69|13,9|84,10|13,84|86,68|50,2|62,50|13,91|13,26|99,16|24,83|10,24|29,39|91,62|9,29|68,8|98,99|69,98|26,86|39,40/13,16=13,69,98,99,16
78,85|48,18|48,80|80,22|33,94|39,53|22,78|67,15|48,14|18,72|53,3|15,74|3,32|93,16|48,39|64,67|72,93|94,86|14,33|48,64/48,86=48,14,33,94,86
30,49|30,3|95,27|85,59|87,7|97,32|30,85|76,5|3,20|30,87|90,17|22,95|20,97|49,76|59,90|30,89|91,29|5,65|7,91|89,22/30,17=30,85,59,90,17
4,38|32,23|30,37|36,85|23,4|32,20|32,73|28,26|24,41|66,14|32,28|73,49|26,66|94,30|71,19|32,24|20,94|41,71|38,98|49,36/32,19=32,24,41,71,19
73,22|63,7|48,77|74,26|8,73|86,66|86,63|66,75|86,74|58,33|75,48|86,8|7,38|38,80|12,58|57,89|26,57|47,12|86,47|22,15/86,33=86,47,12,58,33
48,62|71,56|38,51|21,29|46,71|29,89|62,38|23,17|1,6|21,8|68,1|86,67|21,68|8,46|6,25|67,23|89,49|49,91|21,86|21,48/21,56=21,8,46,71,56
81,3|2,66|61,76|3,34|34,12|54,61|37,96|66,45|76,84|49,17|47,97|96,60|85,98|2,85|2,54|60,31|45,47|98,49|2,81|2,37/2,12=2,81,3,34,12
72,74|43,79|93,65|66,83|1,92|65,67|93,37|10,40|38,66|81,10|99,86|23,43|79,9|93,99|67,1|93,6|86,72|6,38|93,23|37,81/93,83=93,6,38,66,83
20,30|72,59|16,7|58,20|45,27|1,87|1,58|61,72|75,45|1,61|22,28|60,75|59,5|53,22|66,16|50,53|1,60|87,66|1,50|30,78/1,28=1,50,53,22,28
41,37|97,92|18,98|41,96|41,39|96,50|31,97|28,18|16,34|87,28|10,12|41,87|50,14|34,53|14,44|92,77|39,10|12,6|41,31|37,16/41,44=41,96,50,14,44
55,24|55,18|89,93|15,85|32,89|43,16|68,43|85,23|55,38|83,78|24,15|22,65|78,20|20,7|41,32|65,28|55,83|55,41|18,22|38,68/55,23=55,24,15,85,23
16,88|90,22|53,83|74,23|23,60|83,81|21,17|22,40|21,36|88,85|36,87|21,16|17,53|54,41|85,69|87,54|21,89|21,74|89,90|60,30/21,81=21,17,53,83,81
39,48|11,7|53,71|79,52|13,39|45,37|62,45|25,11|92,87|13,79|13,96|52,14|13,53|48,83|7,22|14,57|83,73|71,92|13,25|96,62/13,87=13,53,71,92,87
58,14|14,87|87,11|58,69|69,15|51,53|86,12|58,37|58,57|57,51|11,75|67,43|37,67|12,78|78,62|15,41|53,7|58,86|41,34|43,13/58,62=58,86,12,78,62
74,48|90,14|91,41|48,83|74,62|41,87|87,15|74,25|55,86|1,99|12,98|99,16|34,12|74,59|83,55|25,34|62,0|59,1|74,91|0,90/74,86=74,48,83,55,86
49,43|58,71|58,10|58,87|64,88|92,81|28,70|58,76|76,90|10,44|50,64|33,28|55,50|94,93|71,29|90,94|44,92|87,33|29,49|58,55/58,88=58,55,50,64,88
38,28|70,25|25,53|67,48|13,67|41,15|70,91|70,57|16,8|91,13|20,38|71,99|70,16|87,5|70,87|57,20|8,71|53,41|5,39|39,58/70,48=70,91,13,67,48
87,76|21,55|13,24|62,66|1,92|71,35|55,68|70,61|20,50|30,21|24,27|50,1|35,62|95,49|87,71|87,20|76,13|87,70|61,95|87,30/87,92=87,20,50,1,92
15,17|57,23|83,28|52,24|89,94|71,52|57,86|17,42|57,99|42,0|57,64|64,71|10,89|86,10|23,88|99,83|87,93|88,87|57,15|28,69/57,94=57,86,10,89,94
69,1|2,93|97,3|94,71|3,27|69,90|71,85|69,97|1,42|13,60|40,72|93,86|90,94|75,2|69,75|69,12|12,39|42,13|27,95|39,40/69,72=69,12,39,40,72
59,15|51,25|20,96|19,46|22,24|76,4|59,87|59,90|82,19|59,20|90,66|15,69|52,51|89,52|96,22|87,82|69,68|68,1|59,89|66,76/59,4=59,90,66,76,4
68,48|46,6|68,19|68,84|19,79|40,24|70,57|68,96|84,76|73,40|68,73|64,29|81,31|57,67|79,64|96,70|48,46|76,81|24,58|6,60/68,58=68,73,40,24,58
54,75|7,74|98,36|82,54|31,52|72,30|36,64|75,67|31,68|31,82|64,45|52,73|74,63|79,2|73,6|68,7|31,79|31,98|6,39|2,72/31,45=31,98,36,64,45
79,62|69,21|79,95|91,29|65,43|62,52|51,90|79,85|79,49|79,91|95,32|21,94|49,22|85,69|22,51|52,61|61,30|29,33|32,65|33,24/79,30=79,62,52,61,30
10,37|7,78|40,71|73,43|84,7|73,56|1,40|28,4|69,55|73,1|35,28|14,69|56,84|71,83|37,20|4,3|43,10|95,14|73,95|73,35/73,20=73,43,10,37,20
28,87|88,4|75,8|78,82|99,75|28,0|8,10|4,64|28,47|47,78|0,17|60,88|83,33|17,15|15,3|28,60|87,37|28,99|82,30|37,83/28,3=28,0,17,15,3
61,92|57,95|63,20|93,68|74,52|93,72|17,63|95,22|20,43|93,74|68,55|73,15|1,57|42,65|65,79|52,73|93,1|72,42|93,17|55,61/93,15=93,74,52,73,15
57,20|17,44|44,34|21,79|20,1|23,0|21,62|3,6|90,67|79,90|41,47|47,97|67,5|21,23|1,64|21,17|0,3|21,57|62,41|34,88/21,5=21,79,90,67,5
11,62|15,34|48,56|53,11|68,46|48,4|76,75|46,74|74,2|56,53|34,90|71,76|13,69|48,80|38,13|48,57|48,68|80,71|4,38|57,15/48,75=48,80,71,76,75
21,4|71,24|37,49|37,60|87,34|24,89|49,14|37,21|14,35|4,41|41,79|60,71|98,92|37,82|84,98|35,30|93,87|82,84|5,93|37,5/37,79=37,21,4,41,79
86,27|91,8|65,30|70,91|72,61|24,72|19,86|38,74|38,54|52,59|80,52|8,33|38,24|74,80|61,18|48,65|35,19|38,35|54,48|38,70/38,30=38,54,48,65,30
48,4|25,43|25,86|25,46|1,13|86,82|2,16|25,24|43,26|46,49|88,2|35,93|5,37|82,35|49,48|44,88|31,5|26,1|24,31|25,44/25,93=25,86,82,35,93
25,83|58,39|88,12|96,64|65,90|16,65|96,98|96,95|89,17|17,88|56,81|95,33|96,94|33,56|96,89|39,68|64,16|98,58|42,25|94,42/96,68=96,98,58,39,68
34,33|6,56|0,71|34,76|11,75|5,26|57,11|77,30|34,5|46,68|26,18|33,69|76,57|98,6|30,46|34,60|69,0|34,77|18,31|60,98/34,31=34,5,26,18,31
38,67|67,85|0,38|16,88|88,91|99,41|48,6|77,78|48,0|48,10|84,31|48,44|6,16|48,77|92,17|44,29|10,84|31,74|78,92|29,99/48,17=48,77,78,92,17
44,80|64,36|96,88|46,37|53,31|36,41|11,95|64,53|95,67|90,40|64,76|31,46|2,74|64,11|76,2|67,86|64,44|74,51|80,90|41,96/64,40=64,44,80,90,40
27,12|31,40|72,46|16,31|82,78|48,16|78,27|90,23|82,77|82,84|84,72|68,13|12,35|77,90|46,49|61,68|34,61|82,34|82,48|23,89/82,13=82,34,61,68,13
50,32|1,73|95,31|91,96|72,29|1,50|12,2|4,30|1,67|80,12|26,76|67,46|46,26|31,89|75,80|96,4|73,95|1,91|1,75|32,72/1,76=1,67,46,26,76
45,99|48,82|49,87|52,11|31,55|82,45|48,49|48,0|87,88|48,27|53,85|48,53|22,61|97,22|99,30|43,31|85,52|27,97|0,43|88,1/48,61=48,27,97,22,61
42,85|76,92|70,50|93,21|25,75|25,95|75,0|27,70|25,39|0,42|67,26|50,44|74,84|62,67|95,62|92,93|39,17|25,27|25,76|17,74/25,85=25,75,0,42,85
18,83|5,9|70,71|52,48|18,68|68,77|18,52|50,19|23,47|77,50|97,70|2,76|76,24|47,29|61,97|18,2|83,23|24,16|48,5|18,61/18,9=18,52,48,5,9
14,46|95,48|15,27|71,14|27,77|48,83|94,7|24,94|95,15|46,89|43,24|35,19|19,70|83,12|95,71|95,76|77,3|95,43|12,25|76,35/95,89=95,71,14,46,89
47,65|32,48|64,82|65,33|82,53|40,32|2,40|23,52|8,28|39,76|17,47|52,8|2,17|48,94|2,12|29,39|12,64|91,29|2,91|2,23/2,94=2,40,32,48,94
15,80|94,77|75,74|51,41|55,42|80,55|57,24|72,63|37,99|94,37|41,82|94,75|94,15|77,54|99,57|74,72|54,10|82,73|94,51|10,64/94,64=94,77,54,10,64
49,35|57,17|65,74|74,71|17,9|35,29|49,42|26,57|14,88|96,3|3,1|49,65|71,82|29,0|88,59|0,39|42,96|49,14|59,75|49,26/49,39=49,35,29,0,39
77,81|9,36|32,30|32,2|79,92|91,24|32,75|85,91|16,60|32,77|92,66|36,67|51,50|32,45|71,51|75,85|45,71|81,16|30,9|2,79/32,60=32,77,81,16,60
74,16|53,96|93,84|62,64|84,63|44,23|63,76|16,92|80,74|23,75|94,6|93,94|6,53|75,72|93,7|52,62|7,52|93,80|93,44|76,99/93,96=93,94,6,53,96
85,53|88,24|2,27|86,31|7,18|2,7|27,4|32,86|17,75|63,42|35,32|4,63|2,17|29,8|24,93|2,35|36,88|18,29|75,85|2,36/2,8=2,7,18,29,8
91,11|8,68|83,80|68,19|4,70|92,87|95,2|62,86|83,73|83,62|86,95|19,81|83,91|80,34|73,92|11,1|83,8|87,13|1,53|34,4/83,13=83,73,92,87,13
78,33|22,77|86,90|25,68|13,65|94,53|33,92|92,86|47,94|78,25|78,42|68,27|78,99|99,10|10,13|42,32|53,52|32,22|78,47|27,98/78,98=78,25,68,27,98
27,88|87,18|51,54|28,52|29,38|87,4|4,29|91,3|99,51|87,99|30,47|47,91|95,7|87,30|38,85|7,27|87,95|18,28|54,26|52,42/87,3=87,30,47,91,3
48,68|41,94|87,3|63,74|38,87|19,63|26,2|53,30|74,51|38,19|3,73|2,88|38,1|38,26|1,92|73,67|38,41|88,46|92,48|94,53/38,67=38,87,3,73,67
4,89|45,80|68,17|13,23|27,86|80,26|28,68|89,51|26,27|45,41|0,69|45,62|62,4|45,96|41,28|96,8|69,87|87,34|8,13|45,0/45,23=45,96,8,13,23
62,76|34,63|68,39|54,91|52,62|52,58|52,27|33,60|52,25|28,54|76,33|96,20|25,96|20,23|58,28|75,99|99,68|63,11|52,75|27,34/52,39=52,75,99,68,39
13,41|55,59|55,77|81,88|77,47|85,0|42,80|55,85|47,28|94,57|28,24|57,87|89,81|55,89|50,42|87,29|55,94|59,50|88,76|0,13/55,76=55,89,81,88,76
73,95|59,7|55,89|62,37|31,43|50,35|91,55|61,68|76,31|7,49|43,78|62,76|49,86|62,59|37,61|68,33|62,71|62,73|71,91|95,50/62,33=62,37,61,68,33
9,44|31,72|72,32|79,9|6,97|26,93|44,83|57,49|97,80|54,38|93,52|6,26|84,65|6,31|6,79|52,22|6,84|80,57|65,54|32,28/6,28=6,31,72,32,28
49,23|0,8|55,79|29,49|1,19|16,29|16,80|92,5|3,1|16,99|16,92|11,55|13,11|5,0|16,13|23,66|2,57|80,3|99,12|12,2/16,57=16,99,12,2,57
5,58|43,94|43,77|63,82|43,44|74,20|58,28|43,37|85,52|23,25|20,63|87,18|9,23|52,54|50,87|43,74|77,85|44,9|37,5|94,50/43,18=43,94,50,87,18
72,45|92,83|25,7|79,92|72,88|88,10|42,12|72,69|35,17|72,20|43,94|69,79|72,9|9,58|58,43|17,96|20,70|70,42|10,25|45,35/72,12=72,20,70,42,12
55,66|32,95|26,27|35,96|95,85|61,38|27,98|96,67|9,35|32,18|18,55|32,9|69,64|28,59|85,61|32,26|32,28|59,69|66,57|98,86/32,57=32,18,55,66,57
36,7|26,93|24,89|45,27|45,2|8,1|45,75|2,24|45,36|75,82|89,66|45,19|43,83|82,97|55,8|7,43|97,11|27,26|19,55|93,71/45,66=45,2,24,89,66
34,12|94,56|75,58|94,5|72,53|56,71|94,47|6,72|5,27|47,83|71,52|53,86|27,79|52,37|21,51|51,75|79,0|83,34|94,21|94,6/94,0=94,5,27,79,0
79,28|5,6|11,78|44,4|96,49|78,51|65,8|51,96|0,10|11,65|95,97|11,79|11,5|38,19|6,69|4,38|69,75|28,95|11,44|8,0/11,10=11,65,8,0,10
62,48|3,25|89,90|83,72|62,70|62,89|62,79|79,32|25,68|90,64|44,81|64,49|6,8|32,0|72,97|0,85|8,44|70,3|48,83|62,6/62,97=62,48,83,72,97
36,95|41,38|38,13|49,70|77,29|87,49|18,87|77,18|37,63|95,22|13,94|63,35|29,54|72,37|54,88|77,41|77,72|22,73|88,19|77,36/77,70=77,18,87,49,70
63,70|28,4|64,94|50,82|45,50|17,89|64,13|64,63|64,45|70,90|84,26|23,17|13,23|82,33|64,31|31,28|26,80|94,84|4,5|90,88/64,88=64,63,70,90,88
17,29|28,53|95,43|5,65|42,33|37,46|5,68|81,17|65,78|5,42|5,58|48,95|40,92|33,40|68,48|58,81|96,75|75,28|5,96|78,37/5,29=5,58,81,17,29
63,38|9,12|73,46|63,56|13,93|12,94|63,33|93,4|63,73|56,9|38,91|87,72|91,1|4,20|1,71|33,42|42,87|21,76|46,21|63,13/63,72=63,33,42,87,72
13,51|93,49|18,83|60,19|46,2|46,45|64,6|49,52|46,53|53,93|45,31|46,13|58,98|51,58|2,60|6,15|80,64|31,18|46,80|19,92/46,15=46,80,64,6,15
63,48|65,1|30,97|30,40|78,65|41,55|30,95|97,59|79,92|12,41|96,43|30,12|11,35|40,78|55,69|43,63|30,96|92,70|59,11|95,79/30,69=30,12,41,55,69
66,70|19,53|80,66|18,65|61,6|92,36|45,58|45,1|53,76|58,4|85,75|45,80|1,19|97,94|75,97|36,61|70,54|4,18|45,85|45,92/45,65=45,58,4,18,65
70,92|39,1|55,44|1,47|43,62|66,65|62,66|39,43|41,63|63,23|39,41|39,67|44,19|88,0|67,70|92,52|23,83|19,68|47,88|39,55/39,52=39,67,70,92,52
13,95|44,17|91,5|93,94|40,44|13,68|68,79|76,34|13,52|81,86|79,10|88,81|34,93|43,63|63,91|52,40|13,43|95,88|13,76|10,16/13,94=13,76,34,93,94
71,56|31,82|56,54|17,2|96,93|31,35|34,10|23,17|40,74|82,23|74,96|94,71|31,40|9,92|31,94|8,34|57,19|35,8|19,9|31,57/31,10=31,35,8,34,10
63,54|28,36|28,42|58,13|28,53|85,9|42,85|56,48|54,15|23,62|13,29|28,56|53,63|9,77|28,23|36,58|48,26|62,87|87,44|26,92/28,29=28,36,58,13,29
58,38|96,58|51,50|70,41|16,1|51,6|40,75|88,0|51,40|51,70|71,88|17,9|20,66|6,96|75,20|0,56|51,71|9,37|41,16|50,17/51,66=51,40,75,20,66
20,81|10,64|17,76|74,10|74,35|2,68|64,21|74,47|0,14|80,2|77,55|71,20|74,28|76,77|47,0|74,17|21,99|28,71|35,80|14,40/74,81=74,28,71,20,81
40,18|79,40|35,14|34,35|37,79|37,70|18,84|96,46|25,17|17,85|81,44|44,75|75,62|66,25|94,29|37,81|70,34|46,94|37,96|37,66/37,62=37,81,44,75,62
11,36|68,91|1,79|84,98|2,49|32,71|2,11|2,32|71,22|26,40|2,80|2,68|49,38|40,50|38,1|36,84|80,26|91,13|22,10|13,96/2,50=2,80,26,40,50
31,64|64,77|73,80|94,89|89,1|52,40|50,24|86,47|95,98|80,26|31,99|1,29|99,75|26,43|31,73|31,94|40,50|31,52|77,86|75,95/31,43=31,73,80,26,43
6,62|96,12|96,6|12,79|98,18|36,53|31,98|25,16|96,66|50,5|28,33|5,74|16,78|79,28|96,25|96,50|66,31|74,3|78,75|62,36/96,33=96,12,79,28,33
45,58|31,76|27,59|71,97|29,11|11,89|41,38|76,41|9,24|79,45|75,73|29,79|29,75|73,27|80,71|89,9|1,80|29,31|58,88|29,1/29,88=29,79,45,58,88
72,86|73,81|44,92|81,47|99,62|21,0|2,38|16,67|90,68|92,55|44,16|67,23|0,99|55,90|83,73|86,2|44,83|23,60|44,72|44,21/44,47=44,83,73,81,47
85,62|53,37|87,43|81,31|28,19|37,60|78,51|30,28|78,81|19,77|78,30|51,87|78,53|92,85|60,74|43,58|82,92|27,99|31,27|78,82/78,74=78,53,37,60,74
63,64|61,45|99,26|99,73|64,82|25,65|99,2|10,9|71,80|9,25|14,21|73,61|94,32|45,30|21,94|99,10|99,14|2,63|26,71|80,83/99,65=99,10,9,25,65
78,35|69,78|84,44|87,65|10,97|89,67|89,57|71,10|13,70|89,84|57,87|65,14|44,95|95,12|89,71|89,5|5,69|67,13|70,6|97,86/89,86=89,71,10,97,86
31,26|81,72|25,10|14,80|63,6|72,53|63,14|26,23|43,18|80,43|6,42|78,73|53,60|59,78|42,25|63,31|63,81|23,89|7,59|63,7/63,89=63,31,26,23,89
45,40|19,67|92,45|5,50|52,24|24,99|89,22|89,62|62,52|89,29|89,19|67,66|22,65|75,92|4,86|66,42|49,4|65,5|89,75|29,49/89,99=89,62,52,24,99
41,92|87,11|41,45|58,6|4,42|41,33|89,9|33,4|16,86|46,76|39,1|41,58|6,89|42,23|41,46|81,16|45,39|92,81|76,87|1,28/41,11=41,46,76,87,11
89,13|19,92|55,58|99,25|36,5|60,28|27,60|55,64|58,1|55,17|55,35|55,89|1,19|75,91|13,75|25,81|64,36|17,27|35,99|5,63/55,81=55,35,99,25,81
61,51|26,5|36,99|53,80|76,1|26,53|26,36|19,0|77,44|44,61|14,64|18,76|26,18|5,33|82,48|1,84|99,19|26,77|80,82|33,14/26,64=26,5,33,14,64
52,33|91,61|65,30|70,91|48,8|24,48|19,52|38,54|38,74|86,59|72,86|61,18|38,24|54,72|8,27|80,65|35,19|38,35|74,80|38,70/38,30=38,74,80,65,30
83,55|22,52|15,83|76,26|86,15|60,91|86,67|86,60|86,76|20,28|4,22|86,44|26,77|58,89|44,58|55,5|89,97|91,20|67,4|77,48/86,48=86,76,26,77,48
24,36|40,82|58,19|40,34|82,24|65,38|50,37|19,2|96,5|34,64|40,50|37,96|64,56|59,58|40,93|36,21|93,65|56,14|38,89|40,59/40,5=40,50,37,96,5
1,9|67,10|93,6|66,83|72,92|6,38|93,37|79,74|43,66|81,79|99,86|23,67|10,40|93,99|38,72|93,65|86,1|65,43|93,23|37,81/93,83=93,65,43,66,83
73,75|40,99|77,80|74,7|67,33|37,93|97,41|2,73|77,14|56,58|93,81|58,40|21,2|14,37|77,21|41,86|77,74|80,97|7,67|77,56/77,99=77,56,58,40,99
7,92|74,64|3,98|87,74|67,41|85,45|42,87|45,3|16,72|49,13|85,57|85,42|85,49|57,67|72,52|44,16|13,7|98,54|41,39|85,44/85,64=85,42,87,74,64
72,98|35,53|69,77|3,50|35,3|77,12|35,69|12,6|1,72|8,9|18,41|9,16|41,63|98,54|71,8|35,1|50,65|53,18|35,71|65,15/35,6=35,69,77,12,6
5,80|66,25|24,57|57,95|17,75|59,92|23,69|80,66|75,48|35,30|5,23|48,99|4,19|5,24|30,59|95,8|69,4|25,27|5,35|5,17/5,8=5,24,57,95,8
38,59|93,53|49,10|53,69|92,93|71,68|40,52|42,40|92,99|92,71|51,27|76,49|96,5|92,76|10,78|99,42|92,51|27,38|69,91|68,96/92,78=92,76,49,10,78
49,88|58,98|20,34|56,1|38,50|58,53|53,96|41,56|43,61|58,43|58,22|1,60|58,41|22,67|96,49|98,42|67,20|42,38|61,23|23,15/58,34=58,22,67,20,34
49,69|3,45|6,7|45,23|59,46|26,79|14,78|14,52|14,49|14,42|69,59|60,6|51,26|8,83|43,38|14,43|78,60|42,51|52,3|38,8/14,79=14,42,51,26,79
43,57|10,94|89,17|52,43|52,61|97,30|52,89|38,9|62,33|30,98|17,75|9,4|52,97|61,38|52,62|33,10|75,56|98,90|57,50|50,93/52,4=52,61,38,9,4
30,90|85,80|61,79|54,85|71,12|54,61|54,99|80,45|95,22|78,16|79,84|69,43|54,95|22,69|54,78|84,44|16,30|12,83|45,46|99,71/54,44=54,61,79,84,44
71,4|4,21|76,46|34,25|88,37|88,39|17,71|70,87|1,34|93,35|39,16|45,94|61,1|88,61|16,45|88,17|37,93|88,76|35,73|46,70/88,73=88,37,93,35,73
10,85|56,60|5,55|1,67|56,23|85,38|15,8|28,15|12,54|56,12|60,29|29,1|54,62|17,10|56,17|23,28|56,64|95,5|64,95|62,82/56,8=56,23,28,15,8
75,53|39,46|17,69|14,85|53,24|69,2|44,72|39,17|39,88|39,44|52,81|88,75|83,37|2,97|77,94|39,14|72,77|37,20|46,83|85,52/39,81=39,14,85,52,81
15,79|56,63|40,59|15,8|15,86|50,39|15,35|35,72|33,50|75,51|63,58|15,1|51,95|36,49|86,33|79,75|1,56|59,18|8,40|72,36/15,58=15,1,56,63,58
86,26|87,94|12,86|0,32|48,87|26,57|97,39|48,91|32,64|91,88|48,0|64,36|94,97|48,79|93,99|48,12|88,93|85,24|79,17|17,85/48,39=48,87,94,97,39
80,39|93,24|62,70|83,63|17,19|17,14|65,71|17,62|63,78|46,16|16,65|90,83|39,84|17,90|17,46|70,54|77,93|14,80|19,77|54,38/17,38=17,62,70,54,38
23,31|97,23|37,32|6,42|25,87|43,21|69,97|11,19|66,13|32,25|85,11|45,48|21,85|70,6|43,79|79,70|43,69|43,37|13,45|43,66/43,31=43,69,97,23,31
16,25|90,31|52,76|90,44|90,18|83,48|20,30|74,68|77,92|60,16|68,4|90,52|31,77|90,20|76,75|30,83|75,29|92,22|18,74|44,60/90,22=90,31,77,92,22
55,9|55,38|25,73|59,3|24,66|55,82|82,24|55,94|64,79|94,15|9,76|79,71|2,72|38,64|55,2|76,59|66,51|72,25|15,21|21,7/55,7=55,94,15,21,7
2,60|66,80|78,46|97,2|59,12|91,0|90,92|99,15|80,5|53,52|15,59|97,53|97,99|5,36|52,58|97,66|97,78|58,75|60,91|46,90/97,92=97,78,46,90,92
86,2|49,59|87,50|72,14|52,63|58,82|98,97|50,43|37,58|87,76|87,52|87,37|35,98|59,15|87,93|63,72|76,49|93,35|43,86|82,95/87,95=87,37,58,82,95
93,90|0,94|84,93|84,66|84,0|94,69|12,71|71,80|80,28|55,79|90,21|84,12|84,65|49,51|21,64|66,49|51,45|65,36|36,55|69,9/84,9=84,0,94,69,9
98,50|39,6|62,26|83,89|16,83|16,25|90,7|16,2|2,30|89,3|50,24|59,15|16,12|16,59|25,98|12,39|30,90|3,87|6,34|15,62/16,34=16,12,39,6,34
79,5|58,0|59,56|89,25|20,59|99,21|83,95|4,83|58,18|0,99|5,55|86,20|95,24|25,82|58,4|58,89|82,10|21,1|18,79|58,86/58,24=58,4,83,95,24
81,85|26,50|68,36|68,9|10,47|39,84|36,65|68,26|65,1|9,91|49,39|46,49|1,18|27,0|50,24|24,5|85,10|68,81|91,27|68,46/68,0=68,9,91,27,0
39,10|57,89|39,38|1,91|39,79|55,51|41,55|3,74|79,57|73,64|39,60|92,0|38,41|10,28|28,92|89,31|64,30|74,1|60,73|39,3/39,0=39,10,28,92,0
86,92|9,26|27,6|85,69|6,51|32,78|62,24|62,86|19,32|78,1|62,85|62,19|62,49|36,9|24,27|49,36|69,70|92,74|74,53|70,76/62,26=62,49,36,9,26
1,6|1,91|81,71|32,15|36,23|84,59|35,36|23,33|55,84|47,41|10,98|1,37|91,86|37,47|86,10|6,55|1,35|41,54|1,32|15,81/1,54=1,37,47,41,54
57,38|35,56|64,62|92,22|46,82|69,35|49,92|53,88|38,81|56,51|62,53|64,21|64,69|88,17|64,30|52,46|64,36|21,57|30,52|36,49/64,81=64,21,57,38,81
87,25|20,39|25,91|43,87|81,64|45,70|79,66|45,61|76,81|83,96|70,99|3,76|45,79|22,13|66,20|45,3|45,43|61,22|99,83|13,38/45,96=45,70,99,83,96
61,32|10,33|10,56|37,17|10,34|79,12|10,61|41,71|12,5|45,90|71,88|56,41|66,25|53,37|8,45|17,28|34,79|32,66|10,53|33,8/10,90=10,33,8,45,90
8,41|46,93|78,39|39,1|46,91|46,29|94,78|98,44|21,16|46,94|25,98|41,79|5,88|91,21|16,82|93,75|75,5|79,18|29,25|46,8/46,18=46,8,41,79,18
2,70|3,78|16,28|28,9|37,2|80,38|85,5|37,33|37,50|33,3|50,99|70,96|99,80|96,1|5,76|76,87|37,85|37,49|78,20|49,16/37,87=37,85,5,76,87
5,51|78,70|87,55|57,17|57,87|38,26|57,74|39,56|45,38|56,72|57,5|17,63|55,64|64,94|57,45|63,21|26,65|21,34|51,78|74,39/57,70=57,5,51,78,70
25,36|46,61|12,30|46,16|3,88|94,97|97,22|46,3|15,74|53,12|45,99|92,5|61,53|46,69|16,94|36,64|46,45|88,15|69,25|99,92/46,5=46,45,99,92,5
2,67|52,4|59,44|21,93|57,62|97,59|60,37|62,11|93,60|64,50|21,57|67,64|21,53|44,1|21,2|37,61|53,27|11,19|21,97|27,52/21,19=21,57,62,11,19
81,35|40,77|24,13|88,58|52,44|85,59|59,89|89,88|13,19|0,40|85,80|56,52|94,0|86,81|85,24|85,94|85,56|80,86|19,22|44,7/85,77=85,94,0,40,77
21,25|90,50|39,77|14,58|40,30|61,79|79,53|47,61|38,70|30,90|21,40|96,69|21,14|25,39|29,96|69,63|21,47|58,38|21,29|77,34/21,63=21,29,96,69,63
92,27|17,25|35,62|62,11|17,76|10,38|38,28|28,13|82,42|76,43|43,82|83,92|40,31|25,83|80,40|17,80|75,35|17,10|31,12|17,75/17,27=17,25,83,92,27
13,52|44,17|10,5|93,94|63,44|13,76|76,88|95,79|13,68|91,16|88,81|34,91|79,93|43,40|40,10|68,63|13,43|52,34|13,95|81,86/13,94=13,95,79,93,94
3,1|23,8|55,79|99,3|0,66|16,99|16,13|92,11|12,0|16,80|16,92|5,55|29,5|11,23|16,29|1,19|2,57|13,12|80,49|49,2/16,57=16,80,49,2,57
76,37|55,20|44,48|43,2|97,23|30,44|20,94|76,30|76,97|23,50|37,3|94,78|49,15|50,10|76,41|3,43|76,55|15,32|48,26|41,49/76,2=76,37,3,43,2
84,41|52,57|61,11|37,67|33,55|55,19|76,37|76,42|19,10|75,25|76,52|68,65|57,75|76,33|20,84|67,85|76,68|42,20|65,61|85,13/76,11=76,68,65,61,11
6,71|93,96|71,68|74,48|96,20|30,37|80,84|23,6|80,59|80,94|59,30|1,63|48,27|94,74|80,93|80,23|20,69|63,81|37,22|84,1/80,27=80,94,74,48,27
46,30|41,17|38,85|4,53|73,48|67,7|4,22|4,41|61,69|4,73|17,38|92,46|22,61|4,92|48,67|69,64|53,77|30,60|77,9|9,25/4,64=4,22,61,69,64
61,84|31,34|60,6|60,64|41,66|37,56|0,38|60,31|6,41|5,30|82,5|56,92|60,96|64,37|66,62|34,61|96,0|38,55|30,79|60,82/60,55=60,96,0,38,55
31,52|50,7|3,60|59,6|50,99|74,85|99,59|60,64|2,41|63,62|50,31|64,23|44,2|6,30|12,74|50,3|52,63|7,44|50,12|85,32/50,23=50,3,60,64,23
29,52|0,39|86,51|96,88|96,46|26,91|32,37|96,2|73,42|28,29|96,4|4,71|37,86|2,26|46,28|96,32|71,73|91,13|95,0|88,95/96,51=96,32,37,86,51
32,42|90,9|28,11|90,17|9,70|41,50|78,65|17,41|42,80|49,96|90,49|89,47|90,32|58,14|14,78|50,12|80,82|90,58|70,89|96,28/90,47=90,9,70,89,47
47,79|38,19|53,3|10,83|47,89|3,63|47,10|79,53|80,43|47,55|75,60|55,12|89,38|19,92|20,57|27,9|12,20|83,27|47,80|43,75/47,57=47,55,12,20,57
42,66|11,8|98,95|81,21|98,49|15,99|35,81|98,76|95,15|37,43|8,51|49,86|98,11|76,35|86,42|43,40|98,87|99,61|51,84|87,37/98,66=98,49,86,42,66
74,0|28,71|39,72|89,54|21,34|89,32|69,11|68,8|72,47|54,74|89,21|11,49|35,68|32,35|0,81|47,51|89,69|49,9|34,28|89,39/89,51=89,39,72,47,51
65,31|31,16|28,19|30,18|16,75|97,43|55,52|18,73|26,30|52,54|55,65|55,56|55,45|55,26|94,40|56,97|19,36|45,28|54,94|43,14/55,73=55,26,30,18,73
54,39|34,68|22,8|53,54|73,84|23,47|68,92|38,23|84,59|22,67|22,19|8,34|31,73|67,38|22,85|65,21|22,31|21,18|85,65|19,53/22,39=22,19,53,54,39
12,54|46,12|77,14|91,79|21,84|81,34|68,43|34,21|81,97|81,77|65,46|81,65|97,48|48,44|81,91|22,75|84,24|44,36|14,22|79,68/81,36=81,97,48,44,36
61,98|25,74|52,63|31,39|44,88|44,52|15,77|3,99|99,87|77,51|44,21|58,61|33,31|0,3|63,25|39,19|44,0|44,33|88,15|21,58/44,98=44,21,58,61,98
70,34|0,97|26,35|16,78|14,39|41,43|35,27|26,38|31,36|94,41|72,7|38,94|34,44|26,70|26,14|44,96|39,72|26,31|36,0|27,16/26,7=26,14,39,72,7
83,35|28,81|58,63|97,59|27,30|27,28|25,96|27,97|32,61|30,64|27,60|46,32|60,46|7,23|59,7|81,25|64,83|27,87|98,58|87,98/27,23=27,97,59,7,23
65,8|12,7|12,38|7,25|71,59|12,65|70,40|37,98|47,93|22,91|25,71|8,26|26,42|15,22|93,43|12,70|38,15|12,24|24,47|40,37/12,43=12,24,47,93,43
93,92|35,33|1,35|24,17|99,71|59,47|23,22|71,23|55,1|24,93|24,74|92,7|7,36|24,99|74,26|26,90|24,55|96,59|90,52|17,96/24,47=24,17,96,59,47
82,96|97,24|96,0|78,98|82,40|59,34|0,47|34,21|82,9|33,67|24,8|8,23|75,78|47,14|9,75|82,97|82,59|40,33|67,44|21,53/82,44=82,40,33,67,44
25,50|79,19|31,57|55,26|68,59|55,73|55,92|89,82|35,31|59,25|55,79|73,93|92,35|82,17|0,76|19,60|26,89|60,11|93,0|55,68/55,76=55,73,93,0,76
21,40|38,53|58,90|29,30|47,39|96,79|79,50|14,96|77,70|39,38|21,47|61,69|21,29|40,58|25,61|69,63|21,14|30,77|21,25|90,34/21,63=21,25,61,69,63
87,19|93,94|48,95|84,75|84,30|84,32|19,81|56,27|75,51|32,34|95,44|65,24|30,72|81,35|34,65|89,48|84,89|72,93|51,56|84,87/84,27=84,75,51,56,27
52,64|84,4|37,11|68,10|82,53|84,24|84,52|88,47|40,88|84,58|4,37|72,36|58,40|81,5|53,72|24,81|5,34|84,82|64,68|11,6/84,10=84,52,64,68,10
19,67|51,61|60,9|61,42|10,33|67,85|49,60|88,32|73,50|73,28|48,88|73,51|28,97|50,49|42,37|73,4|73,20|4,48|20,19|97,10/73,33=73,28,97,10,33
0,67|64,84|39,64|2,88|88,65|48,52|72,51|89,13|84,1|65,47|71,41|28,89|41,7|71,2|71,48|7,72|13,74|71,28|52,0|71,39/71,47=71,2,88,65,47
37,30|22,53|0,93|2,81|93,11|45,32|81,67|11,1|53,69|58,92|37,52|37,40|52,2|78,58|37,78|30,98|37,0|40,22|98,45|92,6/37,67=37,52,2,81,67
64,51|21,24|97,72|96,1|1,13|64,21|64,86|86,92|52,15|64,58|89,73|64,29|58,96|24,97|78,59|23,89|51,23|59,84|29,78|92,52/64,13=64,58,96,1,13
10,43|92,13|44,18|10,29|51,3|43,76|18,21|76,15|10,14|82,99|96,82|10,96|14,92|29,44|99,11|15,19|13,70|41,51|46,41|10,46/10,11=10,96,82,99,11
99,44|72,89|79,47|67,36|41,75|41,42|41,84|84,16|5,72|37,99|42,5|41,95|16,13|58,21|13,93|95,12|21,67|12,79|75,37|41,58/41,93=41,84,16,13,93
24,92|91,24|98,58|58,35|1,59|95,61|86,27|78,98|78,95|17,96|96,1|78,17|35,71|78,22|22,91|3,67|27,94|61,3|78,86|94,79/78,79=78,86,27,94,79
61,8|27,74|26,51|61,26|59,29|84,65|61,99|61,18|15,77|65,36|48,59|77,0|57,84|18,48|61,57|66,82|4,66|8,4|99,15|51,27/61,74=61,26,51,27,74
74,3|39,5|64,26|9,36|5,56|89,64|89,9|36,68|26,74|21,28|68,0|42,69|89,21|28,14|69,6|89,30|30,42|89,39|56,79|14,70/89,70=89,21,28,14,70
51,29|6,44|10,9|90,50|45,96|45,75|73,6|45,53|53,10|45,60|44,91|45,73|89,51|31,85|60,89|75,90|85,68|96,31|50,40|9,42/45,42=45,53,10,9,42
67,76|74,51|16,72|57,95|72,60|8,48|77,24|24,8|97,37|90,16|39,55|77,90|37,35|55,74|77,67|77,39|76,57|77,97|35,14|48,17/77,60=77,90,16,72,60
97,38|81,25|72,29|49,1|22,16|29,20|72,79|72,81|79,33|3,49|33,60|72,73|60,87|55,75|20,55|67,22|25,97|73,3|72,71|71,67/72,75=72,29,20,55,75
64,10|64,25|80,76|60,1|25,63|45,24|29,20|63,6|10,44|61,65|95,75|76,16|20,61|6,28|64,95|44,45|75,60|64,29|64,80|16,3/64,24=64,10,44,45,24
87,81|50,28|1,52|0,64|13,18|94,59|50,1|41,98|52,94|50,23|50,13|50,87|81,96|23,0|18,60|64,77|60,63|28,7|96,99|7,41/50,77=50,23,0,64,77
42,62|36,50|0,65|55,77|59,73|24,15|72,2|50,72|73,39|42,59|42,36|65,20|77,24|8,85|62,8|42,55|85,84|42,38|39,46|38,0/42,46=42,59,73,39,46
16,99|99,85|77,16|78,31|31,41|67,74|48,6|0,38|48,77|48,10|84,88|48,44|6,78|48,0|92,17|44,29|10,84|88,91|38,92|29,67/48,17=48,0,38,92,17
72,11|96,6|57,35|19,77|20,57|84,41|41,33|20,72|62,84|35,17|17,25|77,16|20,96|20,62|95,19|20,95|52,29|11,52|6,53|53,89/20,25=20,57,35,17,25
18,20|73,52|33,32|29,96|25,70|33,99|96,42|24,64|33,7|85,29|32,73|70,28|47,18|16,47|52,95|93,24|33,85|33,16|99,93|7,25/33,42=33,85,29,96,42
52,48|69,12|20,45|33,61|0,29|54,69|29,21|21,55|48,20|72,53|4,28|72,0|72,52|19,54|40,11|11,4|72,40|90,33|53,90|72,19/72,61=72,53,90,33,61
69,54|84,64|15,28|54,79|8,5|32,10|77,50|65,3|90,65|39,76|28,23|32,77|64,8|50,39|32,84|32,90|3,94|32,12|12,69|10,15/32,94=32,90,65,3,94
33,57|33,67|50,98|1,18|69,1|33,80|3,82|39,50|33,39|52,12|33,3|82,29|67,69|70,52|56,37|80,74|74,56|98,75|57,70|29,66/33,37=33,80,74,56,37
70,43|70,26|43,19|32,55|70,29|29,21|31,18|70,17|17,31|60,62|20,46|18,50|82,4|26,82|55,60|4,23|21,76|76,34|19,20|70,32/70,23=70,26,82,4,23
30,64|41,4|77,33|41,8|68,95|12,77|57,49|79,31|41,7|41,79|49,92|31,30|92,22|4,68|41,57|54,90|95,40|8,54|90,1|7,12/41,64=41,79,31,30,64
99,13|89,39|84,36|26,60|40,24|84,51|24,78|18,40|5,26|8,38|60,47|84,5|51,15|84,18|65,89|17,8|84,73|15,99|36,65|73,17/84,47=84,5,26,60,47
88,75|62,85|74,52|48,33|78,6|44,78|76,47|48,55|93,35|6,17|48,88|75,90|52,62|48,44|48,74|45,93|33,45|1,76|55,1|90,27/48,47=48,55,1,76,47
86,3|63,4|19,97|86,75|57,61|26,80|86,57|54,19|59,74|61,26|86,55|45,63|91,52|52,14|16,59|86,41|3,45|55,54|75,91|41,16/86,97=86,55,54,19,97
54,3|80,66|15,82|15,93|13,87|82,98|4,59|74,70|15,19|59,13|15,4|15,74|70,88|88,95|93,65|98,54|19,80|66,99|65,72|72,23/15,23=15,93,65,72,23
63,52|75,23|17,13|15,98|28,95|97,64|15,17|86,99|98,32|56,24|51,86|64,42|23,56|12,51|15,12|15,75|55,97|13,28|15,55|32,63/15,99=15,12,51,86,99
97,1|39,60|64,81|60,32|39,0|39,44|81,91|39,25|32,79|40,71|25,64|26,89|89,97|0,93|71,43|51,7|93,51|39,26|44,40|79,18/39,18=39,60,32,79,18
48,15|51,58|87,86|40,87|51,40|86,97|72,46|52,98|0,31|44,0|31,60|4,72|58,48|51,27|51,44|51,4|46,12|27,1|1,52|15,47/51,60=51,44,0,31,60
34,42|48,29|40,67|53,49|49,33|19,48|33,65|23,3|53,57|38,40|57,32|83,90|53,34|60,38|65,22|53,19|29,95|53,60|42,83|32,23/53,22=53,49,33,65,22
7,31|31,80|61,27|7,46|7,28|27,60|78,51|93,61|9,88|80,86|46,34|16,22|86,11|88,78|39,76|48,16|7,93|7,9|34,39|28,48/7,11=7,31,80,86,11
88,51|28,70|29,8|15,28|10,69|69,65|63,54|50,29|10,57|10,88|92,39|10,63|65,84|51,56|54,92|57,15|56,31|2,50|10,2|84,77/10,8=10,2,50,29,8
35,32|82,35|28,82|10,14|17,30|59,31|78,87|45,78|19,17|58,56|31,39|95,11|59,28|59,58|39,10|47,19|59,47|99,45|59,99|56,95/59,32=59,28,82,35,32
14,80|15,57|10,90|11,38|16,20|75,16|57,14|75,1|54,39|33,54|18,32|39,30|76,94|75,15|75,33|75,18|20,11|1,76|32,10|94,96/75,80=75,15,57,14,80
2,79|60,61|12,2|84,35|78,31|93,59|89,92|14,93|44,14|86,23|96,8|86,81|81,60|86,44|23,12|86,78|31,96|92,84|61,85|86,89/86,8=86,78,31,96,8
31,56|87,92|73,38|49,73|51,8|51,85|57,25|11,96|51,14|85,11|51,31|68,95|58,87|56,74|51,68|96,37|74,17|14,58|95,57|8,49/51,38=51,8,49,73,38
11,97|73,9|43,51|42,38|41,82|4,96|10,54|73,92|73,42|73,4|84,1|9,41|45,85|73,10|56,11|92,56|82,57|54,45|96,43|38,84/73,85=73,10,54,45,85
32,8|85,67|60,73|91,14|47,60|39,28|67,29|8,70|6,15|32,27|32,6|70,91|16,69|27,47|32,9|32,43|9,85|69,86|43,16|15,39/32,14=32,8,70,91,14
27,23|46,49|72,31|90,46|82,78|48,90|78,27|61,12|82,34|82,84|84,72|68,13|23,40|34,61|31,35|16,68|77,16|82,77|82,48|12,89/82,13=82,77,16,68,13
22,38|14,50|66,88|82,81|31,92|70,51|14,82|14,76|61,70|90,46|46,28|62,61|50,90|14,97|14,62|88,40|38,4|76,66|81,31|97,22/14,4=14,97,22,38,4
93,43|27,33|24,58|96,52|52,24|40,99|40,93|80,1|28,18|33,66|26,13|13,25|40,9|25,59|99,27|40,96|18,94|40,26|9,28|43,80/40,66=40,99,27,33,66
4,2|38,53|53,65|27,29|0,64|64,10|65,28|49,94|24,19|36,24|62,27|36,75|36,82|58,49|21,0|36,21|19,4|36,38|75,62|82,58/36,2=36,24,19,4,2
44,1|93,85|74,78|48,55|52,6|33,52|76,47|48,88|90,27|6,17|48,44|1,62|78,93|48,33|48,74|75,90|55,75|45,76|88,45|62,35/48,47=48,88,45,76,47
76,41|72,29|77,33|39,49|39,60|88,24|66,77|39,63|95,76|83,9|58,47|63,44|9,72|92,88|41,82|60,66|49,92|39,83|39,95|44,58/39,24=39,49,92,88,24
63,47|82,63|9,94|50,93|28,22|11,24|11,41|11,9|33,43|41,51|11,58|58,89|89,23|94,50|20,28|23,44|70,20|24,82|11,70|51,33/11,93=11,9,94,50,93
20,82|80,16|20,99|15,26|99,18|20,96|37,40|33,89|67,51|16,39|31,58|40,31|96,6|20,69|69,80|82,5|18,67|6,33|20,37|5,15/20,39=20,69,80,16,39
35,51|60,44|34,19|16,45|2,55|71,93|61,65|93,61|19,16|55,23|28,3|35,18|35,60|51,2|35,71|44,76|80,28|76,88|35,34|18,80/35,65=35,71,93,61,65
79,31|28,72|43,45|54,89|72,27|44,42|3,90|42,57|31,5|5,77|90,26|43,54|21,55|43,3|26,41|45,28|23,44|89,21|43,79|43,23/43,41=43,3,90,26,41
31,42|72,41|44,17|76,44|77,4|4,76|77,93|53,97|41,94|57,64|93,31|42,79|2,53|77,72|94,83|90,30|77,2|64,90|97,59|77,57/77,83=77,72,41,94,83
16,44|65,12|22,58|86,92|4,3|22,2|45,89|22,91|22,65|44,4|22,16|24,60|2,98|58,86|68,43|15,45|91,15|92,6|12,24|98,68/22,60=22,65,12,24,60
90,39|39,41|19,90|82,5|5,34|19,82|19,8|19,32|34,48|98,85|83,33|32,75|8,0|0,98|41,44|33,67|46,55|67,57|19,83|75,46/19,44=19,90,39,41,44
28,21|40,83|50,49|29,40|83,34|51,28|31,91|29,50|29,66|49,74|18,31|34,0|29,18|74,53|29,51|69,48|66,77|77,69|91,95|21,76/29,76=29,51,28,21,76
81,67|81,49|97,90|81,47|81,0|81,97|46,13|67,80|80,4|93,66|0,93|61,46|88,24|43,52|66,20|47,92|92,88|49,61|4,30|90,43/81,13=81,49,61,46,13
12,98|34,93|43,24|34,84|80,13|34,17|31,52|13,31|96,99|98,49|49,65|93,58|84,56|99,97|56,60|34,12|34,80|17,96|60,16|58,43/34,97=34,17,96,99,97
99,62|28,22|22,92|73,66|60,73|44,97|31,58|50,44|66,79|94,36|60,28|79,4|36,87|60,50|60,94|58,99|92,21|87,45|60,31|97,1/60,4=60,73,66,79,4
22,36|26,52|26,94|49,22|52,2|36,30|78,56|41,14|93,47|79,41|26,78|2,19|26,8|61,10|56,93|94,71|19,27|8,79|71,61|26,49/26,47=26,78,56,93,47
49,42|56,3|42,59|73,55|53,99|63,21|98,53|84,78|88,73|55,63|88,84|78,52|99,47|88,49|60,43|88,56|59,96|52,28|3,60|88,98/88,28=88,84,78,52,28
20,64|42,70|35,27|65,89|6,23|69,63|21,91|97,98|15,35|70,67|42,15|64,43|42,20|89,69|43,26|42,6|42,65|23,21|27,32|67,97/42,98=42,70,67,97,98
55,11|55,63|55,5|11,35|16,88|8,17|30,32|54,67|46,69|32,54|35,46|63,58|58,8|6,21|3,16|27,6|5,3|55,47|55,30|47,27/55,21=55,47,27,6,21
35,24|42,70|91,26|47,4|91,81|27,67|67,44|40,52|91,59|59,40|3,58|91,42|91,78|81,3|52,41|70,47|78,38|38,35|26,27|58,65/91,44=91,26,27,67,44
65,41|72,8|47,61|53,24|47,73|73,10|98,67|47,38|2,49|61,89|47,53|43,22|49,95|89,43|47,98|10,65|11,19|67,11|38,2|24,72/47,8=47,53,24,72,8
75,42|45,90|42,24|24,58|21,50|7,99|84,89|10,84|99,2|75,79|75,71|71,10|90,18|75,21|56,54|79,45|75,93|50,56|93,7|58,11/75,54=75,21,50,56,54
5,85|90,19|85,67|90,86|46,36|86,17|75,43|19,5|48,42|18,91|90,48|34,98|90,59|12,52|41,18|59,41|43,34|42,12|17,46|90,75/90,52=90,48,42,12,52
78,16|78,21|32,1|76,62|33,86|16,73|78,82|59,28|88,50|11,69|69,42|73,76|78,32|78,59|20,89|1,33|28,88|21,92|82,11|92,20/78,50=78,59,28,88,50
72,24|32,1|49,76|58,96|32,90|90,42|1,38|99,20|96,99|93,12|42,63|11,49|32,93|32,11|63,21|12,72|76,97|38,89|89,92|32,58/32,21=32,90,42,63,21
21,91|0,76|63,24|32,86|86,22|91,20|95,10|21,65|37,66|61,79|65,44|23,37|21,63|24,0|3,23|44,61|21,84|20,95|84,32|21,3/21,79=21,65,44,61,79
57,94|73,37|57,75|77,84|16,73|17,97|37,4|97,18|54,39|94,77|39,5|75,44|84,2|57,54|12,38|5,45|57,16|44,12|57,17|18,87/57,2=57,94,77,84,2
51,81|86,49|39,57|54,79|60,39|49,84|94,60|6,51|57,38|84,70|78,92|94,75|94,4|92,54|94,78|94,86|75,6|90,1|4,90|1,50/94,70=94,86,49,84,70
17,69|60,91|16,17|80,42|16,19|16,60|16,61|46,94|19,99|32,59|33,98|97,46|61,33|99,32|91,43|71,97|69,80|43,62|16,71|98,48/16,94=16,71,97,46,94
9,55|73,83|11,95|55,68|29,11|87,0|49,61|54,34|59,29|70,54|87,70|0,9|83,51|87,59|34,47|61,58|87,49|4,73|58,60|87,4/87,47=87,70,54,34,47
54,26|41,59|24,75|26,56|56,57|64,27|54,78|75,41|46,71|78,2|5,77|57,70|77,35|27,46|85,21|54,24|54,32|32,5|54,64|2,85/54,35=54,32,5,77,35
19,78|16,76|93,79|98,18|19,98|6,66|53,6|76,54|19,32|18,1|29,77|32,28|19,94|1,17|19,16|54,24|28,93|78,13|94,53|13,29/19,77=19,78,13,29,77
54,40|71,73|45,68|77,82|54,71|27,65|48,96|52,7|54,77|54,29|87,28|29,93|93,12|28,27|83,52|12,21|40,83|73,45|54,87|82,48/54,96=54,77,82,48,96
76,49|19,32|65,53|41,40|65,16|53,77|79,51|21,41|77,10|57,0|11,79|0,85|49,19|37,21|65,76|16,57|65,24|65,37|24,11|10,91/65,40=65,37,21,41,40
36,1|24,88|23,9|23,94|23,12|32,36|30,96|26,28|38,21|88,49|23,24|48,30|23,26|42,67|49,68|94,41|12,48|28,38|9,32|41,42/23,21=23,26,28,38,21
4,39|94,81|47,33|96,92|92,87|4,70|6,57|39,96|66,3|98,63|95,89|33,88|57,94|4,95|4,71|4,6|70,47|71,66|3,90|89,98/4,87=4,39,96,92,87
6,39|75,33|32,50|62,79|72,62|32,72|36,92|14,80|33,0|32,14|39,94|83,75|80,4|79,61|32,83|50,36|4,28|94,1|32,6|92,54/32,0=32,83,75,33,0
42,55|96,91|54,28|40,85|38,33|38,54|31,2|38,96|33,16|18,47|38,40|85,18|95,24|28,42|2,41|60,50|91,60|16,95|78,31|38,78/38,24=38,33,16,95,24
64,57|32,90|55,22|20,59|21,1|4,30|90,21|32,61|32,0|61,55|33,5|0,40|1,85|32,64|32,23|39,4|57,20|40,33|22,47|23,39/32,30=32,23,39,4,30
92,66|57,2|37,33|13,79|2,64|37,65|58,59|66,26|56,13|48,41|80,92|37,80|33,56|41,38|59,99|37,57|64,52|65,58|37,48|38,3/37,26=37,80,92,66,26
29,79|15,2|95,18|94,75|89,44|24,12|41,96|80,89|79,95|31,15|75,41|31,94|31,33|87,24|82,87|2,9|33,80|9,50|31,29|31,82/31,12=31,82,87,24,12
8,28|8,98|82,5|31,7|7,40|72,31|37,77|8,21|97,89|77,1|21,37|78,57|28,54|5,34|54,97|8,78|8,72|98,82|0,55|57,0/8,34=8,98,82,5,34
86,17|54,85|22,19|76,74|3,54|89,62|30,86|66,21|3,63|85,22|3,76|74,95|95,8|3,14|14,2|1,30|63,66|2,89|21,55|3,1/3,8=3,76,74,95,8
39,3|74,1|39,79|64,31|39,10|55,51|73,55|38,28|10,74|41,89|39,60|92,0|79,73|3,57|57,92|1,91|89,30|28,64|60,41|39,38/39,0=39,3,57,92,0
77,46|4,49|6,64|35,37|35,4|54,98|49,17|76,10|35,77|10,84|35,45|37,92|96,0|92,15|17,97|15,26|64,54|35,6|46,96|45,76/35,98=35,6,64,54,98
7,85|34,64|75,13|17,42|86,88|54,3|11,75|65,55|3,17|65,18|94,34|88,7|64,95|65,86|65,94|18,82|82,49|55,11|49,98|65,54/65,13=65,55,11,75,13
39,96|49,98|98,5|96,67|49,83|93,80|51,69|1,68|90,45|83,95|95,31|49,51|67,36|31,35|61,4|49,1|5,93|49,39|69,90|68,61/49,80=49,98,5,93,80
59,79|67,49|3,67|97,30|60,11|52,93|84,52|50,3|97,53|97,50|80,9|77,40|9,77|97,56|30,51|56,59|97,80|51,60|53,84|79,4/97,11=97,30,51,60,11
83,56|35,99|30,79|79,12|30,92|14,61|92,43|90,45|91,34|46,8|61,51|12,83|52,35|30,90|30,80|30,84|84,14|80,52|43,91|45,46/30,34=30,92,43,91,34
39,1|73,89|42,39|35,26|91,92|70,65|90,22|89,70|35,76|14,8|20,91|35,2|35,15|15,20|26,19|29,14|2,42|19,90|76,29|35,73/35,1=35,2,42,39,1
5,96|50,40|74,1|48,81|61,33|74,50|72,44|81,9|62,42|96,61|1,48|44,64|74,72|64,23|86,62|74,86|40,13|74,5|13,36|42,78/74,33=74,5,96,61,33
6,73|86,82|69,36|26,79|33,90|99,10|83,2|16,26|82,31|90,88|54,43|79,72|88,68|6,16|10,83|6,99|6,33|73,86|6,69|36,54/6,43=6,69,36,54,43
46,91|3,97|32,3|91,13|18,53|24,94|32,88|13,48|15,24|30,78|32,85|79,50|32,46|32,15|50,84|94,52|88,2|97,30|2,18|85,79/32,78=32,3,97,30,78
3,23|27,90|38,46|68,91|17,28|24,1|49,17|12,24|38,2|38,92|71,68|60,3|38,87|87,60|92,16|46,12|2,71|16,27|28,7|38,49/38,1=38,46,12,24,1
9,84|38,41|25,36|95,38|25,88|36,52|34,95|39,62|25,79|25,34|79,21|74,68|12,86|25,47|52,9|47,39|86,3|62,37|88,12|21,74/25,68=25,79,21,74,68
57,66|66,85|75,88|23,96|83,23|15,57|15,83|71,80|15,98|15,71|80,0|85,95|0,35|96,89|28,75|77,67|98,28|31,8|67,31|15,77/15,89=15,83,23,96,89
1,76|54,77|77,94|19,68|19,43|68,1|19,67|19,52|73,64|19,30|42,24|76,6|67,54|24,14|52,44|4,73|23,91|44,23|43,4|30,42/19,14=19,30,42,24,14
62,8|12,40|52,22|22,85|62,12|62,52|40,92|26,70|62,59|47,18|62,63|92,82|28,47|59,26|8,28|85,6|50,30|70,20|30,60|63,50/62,20=62,59,26,70,20
63,92|39,1|43,70|1,62|41,47|66,65|47,66|39,41|67,44|44,19|39,67|39,55|70,88|23,0|55,63|92,52|19,68|88,83|62,23|39,43/39,52=39,55,63,92,52
52,10|35,56|6,15|6,13|54,53|65,34|4,35|10,59|21,66|34,30|56,44|28,21|6,4|0,28|13,52|6,65|84,54|15,84|30,94|6,0/6,66=6,0,28,21,66
30,56|36,58|73,45|41,21|52,37|48,15|39,79|91,66|28,73|4,41|58,30|39,36|37,67|39,9|79,52|39,91|9,28|66,48|21,0|39,4/39,67=39,79,52,37,67
87,88|47,86|78,97|26,11|55,47|32,34|12,23|98,78|85,32|83,85|99,98|57,73|57,99|57,12|73,24|57,55|57,83|86,21|23,87|24,26/57,34=57,83,85,32,34
12,69|70,31|31,81|33,56|69,97|56,10|97,18|32,15|80,70|49,67|18,53|2,90|12,80|15,49|10,78|12,2|90,25|12,33|12,32|25,39/12,53=12,69,97,18,53
12,22|64,60|77,12|58,26|31,13|22,90|89,3|3,42|64,31|61,58|13,40|40,11|64,4|4,72|26,66|72,95|64,77|95,97|60,89|64,61/64,97=64,4,72,95,97
10,70|2,4|34,5|34,58|34,31|34,33|7,52|86,40|34,41|88,28|41,3|31,88|3,86|28,82|33,83|79,2|83,7|5,10|58,79|70,32/34,32=34,5,10,70,32
31,29|47,86|78,73|59,33|92,59|31,41|31,3|6,0|31,92|73,7|53,32|29,68|3,60|16,80|68,53|31,16|60,6|80,47|41,78|33,72/31,7=31,41,78,73,7
18,22|69,39|59,19|8,35|35,94|86,18|43,73|19,57|69,43|55,74|16,37|69,82|69,8|69,95|94,46|73,16|39,55|95,86|74,5|82,59/69,22=69,95,86,18,22
12,13|34,80|49,16|34,17|84,98|34,93|31,52|98,31|56,99|13,60|60,65|80,96|17,58|99,97|58,43|34,12|34,84|93,56|43,24|96,49/34,97=34,93,56,99,97
76,67|99,82|99,12|67,23|99,32|12,97|61,20|26,45|95,25|52,74|69,52|25,50|99,69|94,42|74,65|82,95|99,61|32,76|97,26|20,94/99,42=99,61,20,94,42
40,66|39,83|82,49|49,56|40,91|40,14|6,71|14,12|91,82|5,65|77,6|83,96|40,77|71,93|40,39|12,48|48,73|66,34|34,5|96,89/40,56=40,91,82,49,56
99,73|32,2|46,12|31,46|22,51|82,31|61,88|87,27|32,57|6,77|77,85|32,25|73,87|71,61|2,22|25,71|57,6|51,65|32,82|32,99/32,12=32,82,31,46,12
44,59|10,44|33,69|2,10|2,43|58,89|59,20|22,46|2,4|89,47|4,33|69,81|12,39|93,31|2,12|39,22|2,58|47,34|43,93|31,41/2,34=2,58,89,47,34
43,31|57,60|30,57|38,81|45,7|43,42|64,45|43,4|31,47|47,19|48,59|60,99|4,95|42,39|95,48|19,73|39,38|7,55|43,64|43,30/43,73=43,31,47,19,73
79,44|86,59|79,3|28,73|97,42|16,36|44,86|53,24|73,53|36,52|59,65|56,48|79,56|48,35|79,38|79,28|38,97|3,16|35,88|42,63/79,24=79,28,73,53,24
25,65|24,93|11,22|40,52|2,40|21,59|24,79|22,23|56,69|27,25|79,56|65,4|61,11|93,2|24,61|69,16|5,50|50,21|24,27|24,5/24,4=24,27,25,65,4
85,18|3,16|17,92|18,34|85,5|14,87|93,51|87,93|16,52|34,72|98,3|85,4|83,59|4,43|43,17|85,98|5,50|72,62|50,83|85,14/85,92=85,4,43,17,92
87,72|91,42|29,27|30,88|99,24|8,92|88,99|95,8|7,29|73,7|23,14|80,23|51,95|42,20|72,80|87,30|20,47|87,91|87,73|87,51/87,14=87,72,80,23,14
3,53|69,57|40,69|61,37|67,46|3,31|78,24|57,98|3,61|17,67|35,45|53,41|31,35|46,80|3,40|3,17|73,68|41,78|37,73|45,27/3,80=3,17,67,46,80
56,95|75,97|12,32|15,55|63,52|23,64|15,12|86,99|55,51|28,24|13,86|64,42|97,28|98,13|15,98|15,75|17,23|32,63|15,17|51,56/15,99=15,98,13,86,99
62,18|44,73|73,55|42,71|18,64|52,98|98,56|45,42|48,21|62,45|55,75|24,39|62,67|71,77|64,48|57,52|62,57|58,24|67,58|62,44/62,21=62,18,64,48,21
21,95|89,35|35,2|12,58|56,82|28,55|78,15|86,62|86,78|86,12|6,3|86,25|62,21|50,89|58,28|3,39|25,6|15,56|95,65|86,50/86,2=86,50,89,35,2
9,7|93,27|75,85|35,13|7,75|72,39|27,5|42,50|13,76|72,9|72,67|77,40|40,61|67,77|49,35|72,49|5,87|39,42|50,43|72,93/72,43=72,39,42,50,43
29,37|57,39|50,23|87,88|23,68|35,38|39,48|31,49|80,31|77,35|72,80|45,57|45,72|38,81|48,30|45,87|68,76|45,77|45,50|88,29/45,49=45,72,80,31,49
67,1|2,75|97,7|46,2|75,67|71,0|46,34|22,16|16,54|54,65|46,97|24,9|17,90|46,24|46,22|34,88|88,17|7,18|9,71|18,62/46,90=46,34,88,17,90
13,31|71,90|14,68|61,24|7,0|49,26|57,8|68,10|90,57|6,22|26,7|22,61|10,56|1,71|43,13|1,49|1,14|1,43|31,2|1,6/1,0=1,49,26,7,0
34,83|82,48|17,67|46,78|41,44|25,2|11,15|15,34|11,1|11,25|2,41|11,81|67,49|11,82|12,47|90,46|83,95|1,90|81,17|48,12/11,95=11,15,34,83,95
54,49|71,43|68,71|37,26|33,15|28,42|10,60|60,39|37,28|37,61|42,87|37,85|43,74|63,33|61,10|85,63|26,80|80,54|87,81|37,68/37,74=37,68,71,43,74
61,66|48,60|91,11|30,67|11,21|66,47|91,61|21,12|91,22|22,64|12,33|64,82|2,30|60,29|91,48|47,54|91,3|29,59|82,4|3,2/91,59=91,48,60,29,59
9,98|51,83|24,16|79,84|55,40|33,80|40,37|55,24|80,56|61,28|37,61|68,79|76,9|56,23|55,33|87,68|16,51|98,94|55,87|55,76/55,94=55,76,9,98,94
33,69|40,47|74,33|69,67|56,14|40,49|2,46|24,97|10,94|34,56|40,64|49,34|47,35|40,42|42,24|97,61|40,74|35,2|94,17|64,10/40,67=40,74,33,69,67
66,67|42,87|55,27|21,11|67,41|75,97|11,61|94,73|61,72|97,42|72,1|41,51|21,94|54,60|83,55|21,75|21,83|21,66|27,47|73,54/21,1=21,11,61,72,1
82,54|49,67|69,76|67,19|9,82|53,3|80,7|54,44|9,49|7,69|9,96|44,25|15,98|19,73|9,38|9,80|38,15|96,79|98,16|79,53/9,73=9,49,67,19,73
93,84|30,92|4,61|22,30|8,20|66,52|32,69|64,33|22,5|5,63|22,29|84,4|52,50|92,64|63,32|29,86|22,93|50,53|22,66|86,8/22,33=22,30,92,64,33
0,19|58,80|80,4|8,49|91,30|58,8|19,60|30,1|49,63|4,35|58,11|58,66|11,91|63,64|44,90|66,0|90,78|58,44|35,95|78,82/58,64=58,8,49,63,64
60,24|66,50|1,14|64,27|66,10|82,19|66,75|10,82|75,1|19,31|26,63|50,60|66,26|24,4|63,7|27,90|89,64|7,57|66,89|14,40/66,57=66,26,63,7,57
44,41|41,88|70,86|1,35|35,45|38,44|18,99|85,32|86,1|26,90|32,87|70,85|70,26|70,38|29,18|5,22|90,5|87,78|70,6|6,29/70,88=70,38,44,41,88
50,13|63,44|82,51|76,72|63,52|9,50|51,37|52,82|97,79|48,56|19,48|15,49|77,34|49,76|79,77|67,9|44,19|63,67|63,97|63,15/63,13=63,67,9,50,13
48,9|48,80|48,97|97,29|9,21|10,67|0,13|48,96|28,99|96,4|38,28|71,37|67,87|21,7|4,0|7,20|80,38|48,69|29,71|69,10/48,87=48,69,10,67,87
40,8|92,57|53,93|53,40|2,89|53,80|14,10|8,25|53,7|57,63|80,92|96,3|25,38|61,2|93,14|53,96|7,61|3,11|11,74|10,58/53,38=53,40,8,25,38
31,58|86,68|26,8|94,97|26,56|56,38|69,7|26,19|37,34|34,84|23,54|38,86|17,43|55,31|19,55|8,37|26,17|43,23|26,94|97,69/26,58=26,19,55,31,58
43,46|0,71|47,62|15,22|11,58|28,47|22,3|3,40|71,75|82,14|87,56|0,43|5,50|0,15|75,82|0,5|0,7|50,11|7,28|46,87/0,40=0,15,22,3,40
27,12|27,92|30,49|41,18|15,29|91,50|27,61|67,8|12,9|9,30|53,69|92,41|69,78|27,91|29,0|50,67|18,40|61,15|78,59|27,53/27,59=27,53,69,78,59
43,31|78,81|59,97|42,79|44,78|42,36|89,43|36,89|72,62|42,58|34,72|79,59|58,34|42,50|60,13|86,28|50,44|97,9|42,86|28,60/42,81=42,50,44,78,81
63,2|23,17|57,35|37,63|31,89|2,4|62,90|92,37|44,78|92,31|92,44|42,34|29,3|78,62|34,57|17,29|89,9|9,25|92,23|92,42/92,90=92,44,78,62,90
75,89|11,24|73,76|75,97|97,12|24,5|72,10|53,38|8,13|10,45|17,82|1,94|7,72|38,8|75,7|75,53|89,11|75,17|12,1|82,73/75,94=75,97,12,1,94
79,1|85,38|74,21|6,20|75,6|21,30|74,75|74,53|30,10|54,92|10,7|39,54|1,47|98,85|20,57|53,79|74,39|92,94|74,49|49,98/74,94=74,39,54,92,94
3,48|30,82|73,88|59,13|63,30|77,14|88,57|73,64|73,84|82,76|64,45|73,74|14,52|85,67|45,85|57,3|84,94|94,59|74,77|73,63/73,67=73,64,45,85,67
22,80|31,18|63,31|20,36|51,22|26,2|36,51|65,26|95,50|37,25|20,9|25,45|20,49|50,54|38,37|20,59|9,65|59,95|49,63|20,38/20,45=20,38,37,25,45
81,61|23,81|51,39|66,50|41,45|39,41|61,43|40,88|51,23|97,63|51,38|27,73|45,15|51,27|73,40|50,31|93,66|51,93|63,59|38,97/51,88=51,27,73,40,88
84,5|14,91|34,24|17,34|32,46|71,2|26,32|95,71|17,25|25,95|17,75|24,14|4,57|17,90|6,84|30,26|17,30|75,4|90,6|57,56/17,46=17,30,26,32,46
82,57|92,89|25,50|55,26|79,93|55,68|55,73|19,31|59,25|93,82|55,92|68,35|73,59|31,17|0,76|89,60|26,19|60,11|35,0|55,79/55,76=55,68,35,0,76
16,66|99,5|53,34|74,99|92,40|2,6|14,92|16,32|57,53|6,77|43,64|94,43|58,94|66,57|16,38|16,58|38,14|16,2|32,74|77,86/16,64=16,58,94,43,64
43,71|96,28|99,98|80,32|96,43|28,67|96,47|17,97|97,79|96,81|81,70|71,30|30,50|47,99|70,80|96,17|79,52|67,37|98,40|37,66/96,66=96,28,67,37,66
13,76|68,39|73,45|42,85|5,72|5,28|5,33|33,64|95,82|60,35|28,86|70,42|92,73|86,60|5,99|72,70|64,13|99,92|5,95|82,68/5,35=5,28,86,60,35
21,22|35,51|76,84|98,80|36,98|29,35|37,47|36,21|47,56|36,43|86,92|43,37|92,59|80,58|36,86|36,29|59,87|51,53|22,76|58,18/36,18=36,98,80,58,18
60,39|2,79|39,95|94,22|22,38|15,6|26,34|60,15|95,26|86,5|38,8|74,31|79,36|51,2|50,73|5,74|60,94|60,86|6,50|60,51/60,36=60,51,2,79,36
23,56|19,69|54,65|70,94|91,85|56,98|65,34|47,21|83,19|47,91|47,53|30,39|53,54|85,51|51,76|47,70|21,83|94,30|47,23|98,87/47,76=47,91,85,51,76
4,30|43,50|77,36|50,48|0,2|41,0|75,43|48,64|14,11|60,67|67,14|84,41|30,16|75,45|19,77|75,19|75,60|75,84|36,96|45,4/75,11=75,60,67,14,11
19,3|19,76|88,60|59,16|76,33|19,53|13,46|19,24|3,36|46,25|85,59|29,75|36,66|33,88|77,85|19,77|66,41|53,13|2,29|24,2/19,60=19,76,33,88,60
26,24|91,39|19,1|91,70|70,79|1,2|36,26|2,33|27,62|5,99|92,6|47,92|79,27|85,36|91,85|39,5|6,35|91,19|99,83|91,47/91,24=91,85,36,26,24
39,90|33,9|99,33|9,16|27,48|85,34|99,61|99,40|0,35|16,83|99,42|61,51|40,85|35,17|90,88|42,0|94,39|34,68|51,27|99,94/99,88=99,94,39,90,88
2,22|82,59|49,76|68,20|7,82|57,28|37,13|7,35|7,15|64,90|90,42|13,2|76,30|7,5|5,57|35,49|59,68|15,64|7,37|28,73/7,73=7,5,57,28,73
34,63|58,20|17,13|11,79|79,26|7,46|61,90|16,91|90,7|46,95|61,16|20,17|61,43|43,11|87,34|61,87|63,85|18,25|61,58|91,18/61,95=61,90,7,46,95
68,15|75,99|45,18|18,32|24,5|75,68|46,45|21,69|75,21|99,10|47,57|30,90|15,24|75,30|69,42|90,14|42,71|10,47|14,3|75,46/75,3=75,30,90,14,3
62,50|7,39|75,24|84,28|95,7|22,85|31,75|50,92|31,93|24,26|31,79|31,62|26,18|85,80|30,84|92,60|93,95|31,20|79,22|20,30/31,18=31,75,24,26,18
76,84|3,7|56,61|61,66|68,72|66,53|76,25|6,68|89,26|79,89|72,0|9,30|81,9|76,96|84,81|7,94|76,6|76,56|25,3|96,79/76,94=76,25,3,7,94
56,29|97,58|54,45|97,57|9,68|88,26|23,65|97,56|97,94|94,79|83,88|14,66|57,89|97,49|79,14|2,23|89,9|49,2|29,54|58,83/97,68=97,57,89,9,68
33,43|58,57|99,58|74,99|18,61|92,15|46,75|12,66|83,10|92,74|15,12|61,8|10,50|41,83|66,63|92,41|92,46|75,33|37,18|92,37/92,43=92,46,75,33,43
27,0|10,36|14,91|95,31|32,7|31,14|36,65|45,24|95,10|1,49|62,33|95,73|73,32|95,1|95,45|24,62|65,56|91,51|49,27|7,94/95,51=95,31,14,91,51
38,79|61,31|27,37|32,51|1,38|97,16|1,97|1,27|55,50|79,32|74,11|16,84|11,13|37,61|50,2|1,26|13,96|1,74|26,55|84,62/1,62=1,97,16,84,62
50,31|26,84|45,26|84,63|2,81|34,50|52,35|80,72|75,10|38,80|81,28|75,45|75,18|75,2|28,65|18,34|46,52|72,93|75,38|10,46/75,93=75,38,80,72,93
62,52|60,58|42,64|48,33|66,22|22,70|93,60|33,7|93,27|6,62|58,87|93,79|91,42|93,82|82,66|99,91|27,48|79,6|87,26|93,99/93,70=93,82,66,22,70
58,33|61,23|22,36|53,7|22,52|73,99|84,82|42,71|36,10|52,42|88,17|71,49|22,73|17,61|22,88|7,34|99,58|10,84|22,12|12,53/22,82=22,36,10,84,82
18,84|51,46|67,47|26,51|76,19|18,9|18,5|17,70|18,34|84,67|34,69|9,26|35,75|18,76|19,35|47,63|5,73|69,0|0,39|73,17/18,63=18,84,67,47,63
51,37|40,68|30,13|29,49|13,6|68,51|43,72|24,32|40,83|16,20|40,43|74,19|72,24|40,16|20,74|37,22|66,30|83,29|49,63|40,66/40,6=40,66,30,13,6
60,14|91,86|90,1|82,28|95,37|62,15|24,50|82,9|65,91|9,60|14,18|28,17|37,24|1,84|20,65|82,20|82,95|82,36|17,62|36,90/82,84=82,36,90,1,84
3,83|19,68|30,89|91,39|19,52|19,14|14,58|89,96|29,3|53,34|12,93|58,12|35,38|59,36|68,29|19,91|39,59|52,30|34,35|19,53/19,96=19,52,30,89,96
24,83|33,68|24,33|25,46|91,18|0,77|43,61|68,15|61,25|60,54|24,71|18,35|71,19|24,0|83,91|77,17|17,57|15,30|19,60|24,43/24,35=24,83,91,18,35
87,5|48,30|54,8|62,38|71,2|48,54|48,23|8,71|97,47|64,88|30,62|47,43|92,97|48,92|48,87|5,64|23,63|38,85|0,75|63,0/48,88=48,87,5,64,88
70,97|98,50|60,75|37,32|60,89|60,65|92,8|60,98|88,43|56,14|50,70|32,67|39,92|68,88|75,37|60,90|14,44|65,39|90,68|89,56/60,44=60,89,56,14,44
55,82|17,55|80,17|78,72|68,64|80,45|60,51|56,68|80,56|45,5|63,94|80,78|64,87|72,83|80,49|49,71|71,63|82,32|83,58|5,60/80,94=80,49,71,63,94
70,88|85,53|47,12|61,60|24,70|64,58|64,87|53,31|8,24|38,32|60,5|64,61|58,47|31,40|64,8|12,90|87,54|54,38|5,25|64,85/64,32=64,87,54,38,32
61,44|61,75|51,1|1,58|61,54|99,30|5,91|75,21|61,18|83,62|39,76|18,41|61,99|21,83|88,69|41,88|44,51|54,5|91,24|30,39/61,24=61,54,5,91,24
12,49|93,71|84,12|84,0|84,93|71,69|65,94|94,80|80,79|51,28|49,55|84,65|84,66|36,21|55,64|0,36|21,45|66,90|90,51|69,9/84,9=84,93,71,69,9
73,37|27,17|94,43|28,62|15,35|84,73|26,40|35,26|66,7|32,66|84,15|84,22|84,77|37,39|39,64|77,32|17,90|84,94|22,27|43,28/84,64=84,73,37,39,64
51,30|20,16|68,88|21,62|46,20|64,3|62,17|21,79|19,48|37,46|79,90|21,63|30,19|21,37|90,68|3,47|17,91|91,53|63,64|21,51/21,53=21,62,17,91,53
12,23|47,75|80,99|24,45|14,24|98,31|45,88|14,10|75,98|88,55|14,1|10,80|48,92|1,35|14,48|92,86|35,12|14,47|86,26|99,61/14,23=14,1,35,12,23
68,55|1,30|68,65|39,1|68,27|21,56|32,34|65,21|27,32|50,39|34,97|93,75|90,79|79,44|44,92|75,31|68,50|55,93|68,90|56,18/68,97=68,27,32,34,97
80,29|11,84|84,60|60,4|11,61|1,69|61,1|92,33|42,51|33,16|12,43|5,73|51,80|22,92|69,10|11,42|11,5|73,12|4,67|11,22/11,67=11,84,60,4,67
34,74|55,65|22,92|86,93|36,88|65,59|6,2|38,95|34,56|56,55|95,14|34,86|68,37|93,36|92,29|34,38|74,22|2,68|14,97|34,6/34,29=34,74,22,92,29
81,85|26,65|68,9|68,36|24,84|1,5|9,91|68,26|91,39|36,50|49,1|46,49|39,18|27,0|65,10|10,47|85,24|68,81|50,27|68,46/68,0=68,36,50,27,0
72,0|67,10|12,36|50,17|32,88|0,18|32,72|27,86|92,35|60,38|88,50|32,76|51,12|76,51|17,34|18,16|10,60|35,27|32,92|32,67/32,16=32,72,0,18,16
73,78|38,61|29,60|60,25|63,41|92,26|64,29|91,7|92,91|92,52|1,18|22,38|92,64|41,15|18,67|7,73|92,63|15,42|26,22|52,1/92,78=92,91,7,73,78
92,48|30,57|85,83|73,35|54,34|7,30|9,12|27,7|1,54|91,46|1,56|12,88|34,91|1,73|56,9|1,27|58,60|48,85|1,92|35,58/1,46=1,54,34,91,46
66,79|38,42|4,24|38,94|56,9|38,74|38,56|27,71|47,72|9,47|38,66|94,27|79,87|74,5|87,88|0,4|65,98|42,0|71,1|5,65/38,88=38,66,79,87,88
26,49|88,25|73,1|86,48|71,9|44,16|39,93|86,44|55,12|77,43|16,24|43,39|18,55|24,29|49,73|9,88|86,77|48,18|86,26|86,71/86,12=86,48,18,55,12
62,31|9,28|96,25|47,17|40,81|40,96|40,9|25,66|40,64|28,26|16,46|45,16|66,41|17,37|31,15|81,45|26,94|64,62|37,74|40,47/40,94=40,9,28,26,94
8,27|45,80|68,17|13,23|87,86|80,28|26,68|27,34|28,87|45,0|96,4|45,41|41,8|45,62|0,26|62,69|4,89|89,51|69,13|45,96/45,23=45,62,69,13,23
49,34|50,53|31,64|14,33|26,50|56,58|57,82|33,49|57,14|82,22|58,35|57,56|57,41|35,76|88,31|64,45|22,93|41,26|93,7|57,88/57,53=57,41,26,50,53
25,40|75,25|3,67|64,81|95,60|30,94|95,20|94,3|81,43|95,74|74,75|91,18|95,30|20,91|46,26|32,64|60,46|95,32|18,17|26,22/95,17=95,20,91,18,17
53,39|62,82|89,91|98,10|23,62|64,93|79,76|69,85|53,98|10,89|13,88|25,69|53,17|5,13|17,23|53,25|93,79|39,5|53,64|85,6/53,6=53,25,69,85,6
11,78|90,48|90,41|59,34|63,13|93,47|13,14|41,11|90,63|14,27|25,88|64,59|48,89|90,54|89,21|90,93|54,64|21,69|78,8|47,25/90,34=90,54,64,59,34
38,22|60,49|79,63|5,48|38,60|38,21|49,98|36,74|11,12|6,8|69,79|48,11|8,31|31,35|98,34|21,69|38,6|38,5|74,20|22,36/38,12=38,5,48,11,12
25,55|92,11|3,25|29,49|51,38|8,85|43,51|55,10|49,30|8,41|41,36|16,92|85,43|30,96|36,2|8,29|11,21|2,27|8,3|8,16/8,10=8,3,25,55,10
11,77|12,10|7,39|11,74|32,1|11,53|53,27|60,64|57,51|11,50|74,90|80,57|77,80|27,7|96,60|90,32|50,21|11,88|21,12|88,96/11,51=11,77,80,57,51
60,66|67,43|23,73|73,96|96,17|12,7|0,12|81,46|10,60|16,86|81,10|24,16|66,3|46,24|80,0|81,56|43,4|56,67|81,23|81,80/81,7=81,80,0,12,7
61,94|61,13|25,55|98,59|19,90|6,77|9,25|47,69|15,9|61,93|93,89|94,8|61,15|61,47|70,48|80,98|89,70|69,6|13,80|8,19/61,55=61,15,9,25,55
9,55|52,4|4,96|1,34|84,86|52,76|52,45|98,21|12,84|45,9|46,39|37,12|21,65|39,87|52,37|76,46|55,80|56,98|96,1|52,56/52,80=52,45,9,55,80
62,45|81,3|59,81|66,30|62,20|28,82|35,98|61,35|22,66|62,59|45,28|14,27|62,83|82,0|3,39|27,69|62,14|20,61|83,22|69,48/62,48=62,14,27,69,48
88,29|94,89|51,66|36,13|32,47|47,7|89,36|32,30|32,94|10,43|32,55|30,88|55,10|71,90|43,58|32,71|7,19|29,77|19,63|90,51/32,77=32,30,88,29,77
80,25|25,5|18,84|78,71|91,95|5,36|17,76|17,80|38,96|55,88|94,78|84,91|76,94|17,38|19,39|17,18|48,22|96,55|39,48|17,19/17,71=17,76,94,78,71
38,22|5,48|74,20|60,69|38,5|38,21|48,31|36,79|11,12|6,8|49,74|69,11|8,98|98,63|31,34|21,49|38,6|38,60|79,35|22,36/38,12=38,60,69,11,12
11,28|14,88|93,79|46,14|23,27|68,83|93,52|93,64|55,46|18,47|27,11|93,23|93,55|52,72|64,57|57,43|72,18|29,68|43,70|79,29/93,88=93,55,46,14,88
36,43|25,42|72,21|14,27|98,14|36,83|0,25|36,81|42,58|78,24|21,53|38,92|81,78|36,7|7,98|24,44|36,0|43,37|37,38|83,72/36,44=36,81,78,24,44
20,59|58,18|82,55|89,99|83,82|25,21|79,95|86,79|58,4|18,25|59,56|0,83|95,24|99,5|58,86|58,89|5,10|21,1|4,20|58,0/58,24=58,86,79,95,24
62,66|22,0|71,22|51,95|84,67|32,39|71,36|71,68|67,83|8,11|86,21|0,8|71,18|21,52|36,86|18,62|68,84|71,51|95,32|66,56/71,52=71,36,86,21,52
75,53|12,73|10,76|75,89|89,72|73,45|11,24|7,82|8,13|24,5|17,38|1,94|97,11|82,8|75,97|75,7|53,12|75,17|72,1|38,10/75,94=75,89,72,1,94
58,3|61,84|12,65|96,70|58,18|58,63|3,61|58,42|64,12|58,37|37,73|42,98|18,96|84,97|63,64|73,19|70,59|36,33|98,36|19,57/58,33=58,42,98,36,33
33,1|99,63|82,51|16,99|17,16|93,18|91,25|18,44|54,91|41,93|59,41|75,42|59,64|59,33|58,67|64,54|59,82|51,75|59,17|1,58/59,63=59,17,16,99,63
84,51|84,21|69,68|43,71|23,95|95,74|84,50|84,23|36,66|50,62|70,24|20,36|51,70|21,30|74,81|84,85|62,43|24,75|85,20|30,69/84,75=84,51,70,24,75
59,15|68,25|20,66|22,24|19,1|76,4|59,87|59,89|82,22|59,20|89,52|15,69|96,68|90,96|66,19|87,82|69,51|51,46|59,90|52,76/59,4=59,89,52,76,4
68,46|1,78|1,69|29,7|63,20|1,85|0,29|11,68|1,89|1,0|19,21|78,63|65,81|69,65|85,54|7,9|20,4|89,11|81,70|54,19/1,70=1,69,65,81,70
64,14|49,51|72,86|86,57|4,11|59,63|4,81|53,19|81,49|11,59|63,6|44,69|4,72|89,62|57,12|4,44|51,97|4,89|62,64|69,53/4,14=4,89,62,64,14
15,10|64,76|98,52|53,84|81,82|54,63|48,9|69,66|9,72|72,34|15,0|45,81|15,48|15,64|52,53|25,54|76,69|0,25|10,45|15,98/15,34=15,48,9,72,34
31,30|85,86|68,18|75,79|77,62|62,10|8,24|88,6|81,44|10,75|77,41|24,0|41,81|77,85|77,68|18,88|0,60|86,31|44,90|77,8/77,30=77,85,86,31,30
96,10|37,81|60,71|0,22|10,79|55,0|26,75|38,69|26,76|71,7|7,65|81,64|75,90|26,99|99,55|26,60|64,25|90,38|26,37|76,96/26,25=26,37,81,64,25
95,96|27,85|85,21|63,11|6,46|84,16|46,20|93,56|6,27|56,53|21,5|6,4|11,55|99,93|20,84|48,95|4,48|6,99|6,24|24,63/6,96=6,4,48,95,96
80,51|56,53|76,14|8,63|56,28|4,87|95,23|79,76|51,8|53,2|23,68|56,80|9,62|2,74|37,95|62,4|56,9|74,81|28,79|56,37/56,14=56,28,79,76,14
24,36|32,49|97,21|89,66|67,41|90,71|49,74|98,92|8,98|21,53|92,24|16,7|8,32|74,39|8,89|8,16|66,90|7,67|35,97|8,35/8,39=8,32,49,74,39
36,1|50,12|50,82|50,64|12,42|87,48|50,87|72,76|9,98|64,52|76,55|52,43|50,72|43,35|55,56|42,36|48,65|66,9|82,66|65,40/50,35=50,64,52,43,35
41,87|16,34|18,98|41,37|41,39|37,97|96,16|10,18|50,12|31,10|28,92|41,31|97,14|12,77|14,44|34,53|39,28|92,6|41,96|87,50/41,44=41,37,97,14,44
77,3|15,42|22,55|6,9|3,69|94,79|55,6|92,22|42,7|92,75|92,48|7,84|73,51|56,94|92,15|92,56|75,77|48,71|71,73|79,97/92,9=92,22,55,6,9
22,77|12,32|77,18|28,92|62,27|0,63|25,7|12,74|74,82|27,0|68,22|7,49|12,25|73,23|32,48|82,73|48,28|49,80|12,62|12,68/12,92=12,32,48,28,92
78,23|14,50|89,98|78,94|78,0|0,39|23,81|22,97|81,22|78,42|8,89|39,92|78,31|61,5|5,4|92,55|94,61|31,12|12,14|42,8/78,55=78,0,39,92,55
33,36|30,34|71,25|10,28|36,61|33,14|14,71|33,30|84,97|33,10|33,0|61,84|48,22|22,1|24,69|0,48|34,24|6,39|25,93|28,6/33,93=33,14,71,25,93
91,89|24,81|58,39|71,88|24,15|66,49|92,78|24,27|89,66|15,25|81,83|27,92|77,54|54,58|86,34|24,77|25,71|83,86|78,62|24,91/24,39=24,77,54,58,39
40,49|15,28|28,10|34,2|2,51|40,39|51,6|24,84|97,58|39,97|40,34|99,24|58,83|60,57|84,3|50,60|49,50|40,62|40,99|62,15/40,57=40,49,50,60,57
33,23|11,89|11,75|39,15|43,39|89,62|15,83|11,34|78,80|34,56|12,8|62,73|65,18|56,12|23,78|73,24|18,69|11,43|11,33|75,65/11,8=11,34,56,12,8
6,79|2,93|16,82|44,86|92,2|6,92|62,20|83,15|6,96|86,76|47,19|20,75|93,18|41,56|15,16|79,62|96,44|6,47|19,41|6,83/6,82=6,83,15,16,82
4,21|60,90|90,95|70,83|85,39|60,56|60,29|58,50|60,85|24,10|69,24|95,70|60,16|27,76|39,58|35,27|16,4|56,35|29,69|21,81/60,76=60,56,35,27,76
47,52|0,56|94,79|43,5|17,76|76,94|74,32|47,0|92,21|47,15|32,19|19,16|15,43|5,7|56,24|47,17|47,74|21,46|24,67|52,92/47,79=47,17,76,94,79
53,97|83,56|85,83|19,18|81,62|15,77|81,85|81,53|81,8|8,6|74,44|99,40|18,94|35,74|6,99|97,15|56,16|62,19|26,35|81,26/81,77=81,53,97,15,77
25,13|4,72|50,97|50,37|20,96|37,4|58,0|97,43|60,20|50,15|50,54|72,41|12,58|15,25|13,87|9,53|6,12|54,60|43,9|50,6/50,41=50,37,4,72,41
42,67|9,48|23,26|23,24|23,12|41,42|36,96|94,32|38,21|48,49|23,9|88,36|23,94|30,1|49,68|24,28|12,88|32,38|26,41|28,30/23,21=23,94,32,38,21
61,95|38,27|69,26|44,68|61,55|55,94|50,57|26,44|18,90|90,78|61,18|64,87|61,31|71,50|61,69|31,71|95,64|87,62|78,73|94,38/61,57=61,31,71,50,57
48,75|2,77|43,42|10,32|48,2|48,54|54,4|48,72|4,39|63,94|48,43|39,98|75,8|42,29|72,50|8,92|50,10|92,84|29,45|77,63/48,98=48,54,4,39,98
34,13|27,84|51,14|87,51|3,45|21,34|53,40|40,1|13,2|3,87|3,27|3,62|14,81|45,53|97,65|84,86|86,30|3,21|65,10|62,97/3,30=3,27,84,86,30
5,27|2,80|45,24|71,55|16,2|37,26|27,37|10,86|86,99|16,5|99,72|31,19|18,45|80,31|77,71|69,18|16,10|81,77|16,81|16,69/16,55=16,81,77,71,55
40,21|52,69|73,38|69,14|73,52|34,43|73,24|98,34|91,61|35,98|73,91|24,99|50,60|99,40|61,48|14,37|60,87|73,35|48,6|38,50/73,43=73,35,98,34,43
66,49|49,91|66,78|59,30|30,41|32,71|36,27|0,16|78,25|51,21|71,0|7,57|21,97|66,59|66,32|25,7|66,86|86,51|91,36|41,43/66,27=66,49,91,36,27
50,57|67,29|70,62|60,92|52,60|97,67|46,33|53,52|20,6|57,20|27,44|33,27|43,70|12,43|11,12|29,86|11,97|11,50|11,53|11,46/11,92=11,53,52,60,92
43,88|48,53|27,45|52,30|99,55|53,43|48,27|48,82|45,31|48,0|49,97|48,49|22,61|85,22|88,11|87,99|97,52|0,85|82,87|31,1/48,61=48,0,85,22,61
82,49|34,99|22,61|82,38|18,58|82,74|82,22|49,11|38,39|11,64|10,41|39,18|61,34|9,42|76,9|41,21|82,76|74,10|64,48|42,78/82,48=82,49,11,64,48
0,42|30,26|48,38|73,96|37,36|30,55|30,72|36,73|26,39|30,37|35,48|72,0|18,51|42,19|30,14|39,98|55,35|14,23|98,77|23,18/30,77=30,26,39,98,77
42,81|43,8|99,43|95,82|86,55|26,0|0,86|92,67|81,30|32,42|99,92|67,74|53,87|99,24|74,58|8,53|24,3|99,26|3,95|99,32/99,55=99,26,0,86,55
91,84|49,92|22,43|28,49|52,17|20,28|20,33|20,86|21,90|17,81|86,48|84,21|99,52|20,91|38,61|48,22|92,32|33,39|39,38|20,99/20,43=20,86,48,22,43
67,68|45,67|60,39|10,9|38,97|97,66|45,54|9,18|45,76|54,38|33,41|89,0|45,10|18,4|76,32|68,63|45,33|63,27|41,60|32,89/45,27=45,67,68,63,27
47,27|70,67|47,10|95,60|67,56|40,49|60,39|20,88|63,58|22,70|27,95|47,99|58,20|71,94|10,6|99,37|47,22|6,40|37,71|47,63/47,49=47,10,6,40,49
64,16|99,63|82,54|93,99|33,93|1,58|91,25|58,67|51,91|17,1|59,17|18,42|59,41|59,64|75,44|41,51|59,82|54,18|59,33|16,75/59,63=59,33,93,99,63
36,90|32,47|65,28|42,65|9,6|34,0|47,52|9,44|83,34|0,53|9,81|60,69|44,42|6,36|9,32|52,41|90,70|9,83|84,60|81,84/9,70=9,6,36,90,70
50,21|35,73|14,56|38,14|18,29|29,77|95,24|95,81|41,38|93,49|95,41|95,66|24,28|98,12|73,50|81,18|49,27|95,35|66,93|28,98/95,21=95,35,73,50,21
14,70|11,20|28,36|20,22|57,88|15,34|66,28|70,94|99,11|15,66|62,3|83,61|34,14|74,54|54,83|15,74|15,62|36,67|15,99|3,57/15,61=15,74,54,83,61
22,61|71,68|43,90|57,2|7,0|6,13|31,8|90,10|68,31|14,26|13,7|26,57|10,56|1,71|49,22|1,6|1,43|1,49|61,24|1,14/1,0=1,6,13,7,0
54,83|82,85|66,62|91,12|66,39|75,22|66,94|97,40|83,75|66,97|77,43|28,91|30,77|39,28|94,82|40,10|85,96|62,30|66,54|10,50/66,50=66,97,40,10,50
83,26|79,18|79,93|79,20|76,71|60,21|41,83|55,81|93,41|32,61|82,13|21,82|79,60|71,5|79,70|28,55|20,28|61,96|18,76|70,32/79,81=79,20,28,55,81
68,46|73,7|39,21|75,3|22,16|32,66|5,32|86,73|98,85|1,51|16,68|85,18|98,81|98,86|98,39|7,56|98,22|18,75|21,1|81,5/98,46=98,22,16,68,46
93,0|72,78|7,48|84,5|5,43|97,32|65,93|97,85|32,76|43,13|98,7|85,17|25,14|97,16|76,72|16,65|17,25|97,28|97,84|28,98/97,78=97,32,76,72,78
82,92|2,4|41,10|67,38|4,41|9,6|82,2|82,95|57,28|92,49|73,98|6,67|82,57|45,1|49,80|80,8|95,3|3,45|82,9|28,73/82,8=82,92,49,80,8
59,50|42,99|82,42|44,61|77,33|10,3|82,14|33,93|49,1|61,38|82,12|93,67|14,28|28,49|82,59|12,44|99,15|15,58|82,77|50,10/82,38=82,12,44,61,38
3,86|24,2|98,7|78,80|5,43|7,94|15,11|81,33|93,78|99,63|98,5|2,6|94,15|98,24|63,3|85,93|6,92|43,81|98,85|98,99/98,80=98,85,93,78,80
61,59|88,45|61,26|59,88|32,65|30,5|61,79|63,72|5,96|51,32|65,83|61,35|10,63|45,90|61,51|79,7|35,10|7,24|24,94|26,30/61,90=61,59,88,45,90
71,33|61,23|22,12|10,58|22,36|73,17|84,82|53,7|12,42|36,53|52,99|7,34|22,73|99,61|22,52|58,49|17,71|42,84|22,88|88,10/22,82=22,12,42,84,82
26,62|12,99|50,46|50,7|46,98|19,24|80,18|24,43|50,54|7,19|54,49|50,0|27,81|9,12|6,17|0,9|50,80|49,27|98,26|18,6/50,62=50,46,98,26,62
80,51|16,7|43,60|7,36|63,64|80,41|51,63|47,16|50,31|96,50|91,24|80,91|23,26|64,52|80,47|67,58|41,96|80,23|26,67|24,43/80,36=80,47,16,7,36
35,18|71,80|51,44|28,45|93,55|34,2|61,65|2,61|44,28|55,3|76,23|35,60|35,71|18,93|35,34|80,16|19,76|16,88|35,51|60,19/35,65=35,34,2,61,65
29,4|56,58|54,94|45,32|85,23|22,63|51,45|23,51|20,29|85,56|63,76|94,93|85,67|76,48|61,78|85,22|85,20|58,61|67,54|4,34/85,34=85,20,29,4,34
83,46|95,71|76,14|15,83|14,94|71,27|12,7|35,12|95,76|46,89|43,35|24,19|19,70|27,77|95,15|95,48|94,25|95,43|77,3|48,24/95,89=95,15,83,46,89
22,42|2,56|44,97|9,95|9,58|95,30|42,2|49,38|9,49|66,94|81,85|29,1|38,92|9,22|30,29|94,74|85,44|9,81|92,78|58,66/9,78=9,49,38,92,78
3,84|33,48|53,21|62,81|53,68|48,89|68,25|25,14|21,76|50,42|16,33|55,3|84,74|1,45|53,16|76,62|53,50|53,55|14,86|42,1/53,89=53,16,33,48,89
2,96|3,49|84,22|84,72|84,64|22,29|47,2|84,97|52,26|64,30|30,95|29,43|97,47|57,3|72,57|26,7|77,52|84,77|95,76|43,45/84,96=84,97,47,2,96
53,54|11,14|15,9|12,29|5,0|98,58|44,64|77,31|55,15|29,77|90,12|61,51|14,5|47,55|64,98|90,47|90,11|90,53|90,44|54,61/90,0=90,11,14,5,0
87,3|37,28|30,14|43,23|88,79|69,26|69,37|76,88|59,87|69,64|14,43|26,57|57,61|47,22|64,76|61,58|28,47|3,12|69,59|69,30/69,58=69,26,57,61,58
22,46|8,41|63,97|65,22|46,58|76,24|75,80|12,63|70,10|0,12|60,35|76,0|35,70|76,60|76,8|24,75|80,78|41,17|17,98|76,65/76,78=76,24,75,80,78
58,38|41,58|51,40|70,96|9,1|51,50|71,17|75,16|51,71|51,70|6,75|88,0|20,66|50,41|17,20|16,37|51,6|0,56|96,9|40,88/51,66=51,71,17,20,66
72,69|93,78|77,93|98,37|37,3|98,27|98,44|35,20|69,80|20,25|44,77|52,40|40,87|84,72|98,84|98,52|27,35|15,92|3,15|87,86/98,78=98,44,77,93,78
84,31|46,52|38,46|52,35|45,34|81,84|50,63|26,72|75,2|10,26|34,28|75,38|75,18|75,45|28,65|18,81|80,50|72,93|75,10|2,80/75,93=75,10,26,72,93
87,48|31,98|82,39|39,8|98,82|31,91|31,2|38,18|2,15|10,53|77,5|15,9|20,4|51,38|5,87|91,51|31,10|9,13|53,20|31,77/31,13=31,2,15,9,13
12,99|14,81|64,19|46,2|68,65|88,61|39,95|64,6|20,46|64,20|50,39|2,34|19,50|61,9|64,88|9,52|99,92|81,68|6,12|64,14/64,65=64,14,81,68,65
21,35|59,75|1,83|6,4|17,80|18,78|0,63|29,6|21,0|80,65|91,59|63,31|21,29|21,19|4,53|21,1|31,67|19,91|35,17|83,18/21,75=21,19,91,59,75
79,89|90,5|43,54|23,31|5,57|28,72|45,44|72,27|89,42|42,77|44,26|43,23|21,55|43,45|26,41|54,90|3,28|31,21|43,79|43,3/43,41=43,45,44,26,41
24,60|12,72|68,47|68,17|47,31|7,33|53,51|68,5|17,12|31,34|72,92|86,58|33,86|34,29|68,7|51,85|5,73|73,24|68,53|85,62/68,92=68,17,12,72,92
88,54|44,71|12,6|80,19|45,13|66,44|38,12|72,45|88,80|13,84|54,66|37,90|19,83|79,31|88,78|88,79|31,37|78,38|88,72|83,43/88,90=88,79,31,37,90
50,87|56,5|42,27|97,42|6,17|43,90|31,49|49,55|26,64|44,26|27,75|64,71|31,44|31,58|17,70|31,97|55,50|90,56|31,43|58,6/31,75=31,97,42,27,75
81,12|52,71|88,93|12,90|73,57|97,63|73,23|11,17|93,97|57,18|73,88|73,41|41,81|43,11|18,60|83,69|23,43|71,83|73,52|60,96/73,17=73,23,43,11,17
76,31|93,88|38,77|25,55|8,13|38,63|55,48|62,76|63,0|77,97|38,41|38,25|41,8|38,89|48,73|97,93|13,80|50,12|0,50|89,62/38,31=38,89,62,76,31
49,20|71,70|40,47|1,31|70,85|1,58|3,81|54,23|85,97|44,49|1,71|59,15|47,59|23,68|58,44|81,95|77,3|1,77|31,54|1,40/1,68=1,31,54,23,68
9,13|35,9|31,16|63,6|89,7|35,1|98,30|76,68|16,89|30,5|36,98|6,86|13,40|35,36|1,76|68,25|40,52|90,63|35,31|35,90/35,25=35,1,76,68,25
59,28|59,2|45,85|60,45|59,61|2,60|42,55|61,81|90,91|28,13|38,84|64,47|73,77|59,90|81,42|77,64|91,58|13,38|59,73|58,74/59,55=59,61,81,42,55
56,9|38,97|65,38|24,16|56,99|61,39|56,81|1,61|9,48|16,57|56,3|3,75|99,1|76,7|77,24|56,77|75,76|48,93|93,70|81,65/56,57=56,77,24,16,57
50,52|28,12|0,61|30,62|33,98|42,5|30,58|12,54|53,94|30,0|5,93|37,33|4,42|62,37|27,65|30,4|61,50|58,28|65,53|30,27/30,54=30,58,28,12,54
73,91|91,37|23,68|24,46|89,11|24,73|26,61|14,4|0,82|48,58|68,89|52,81|82,52|46,29|29,14|61,48|24,0|24,26|37,33|24,23/24,33=24,73,91,37,33
8,64|93,15|80,37|16,31|56,86|19,17|30,78|56,16|56,74|77,19|15,36|56,9|56,38|31,30|32,8|38,32|9,13|13,80|74,93|86,77/56,64=56,38,32,8,64
52,40|24,89|78,37|37,60|16,79|78,52|60,24|59,75|7,15|1,7|4,76|15,8|93,10|76,18|40,93|75,16|78,1|78,59|30,4|78,30/78,89=78,37,60,24,89
61,98|99,87|52,63|3,77|44,88|44,52|15,39|58,25|25,51|39,74|44,33|31,61|21,3|0,58|63,99|77,19|44,0|44,21|88,15|33,31/44,98=44,33,31,61,98
20,32|60,31|5,64|37,20|31,9|22,15|37,39|90,53|47,13|37,73|73,60|15,79|32,93|37,5|37,47|93,82|13,90|39,22|64,18|18,4/37,53=37,47,13,90,53
82,26|79,20|79,60|79,93|21,83|70,41|76,82|55,81|60,76|28,61|71,96|41,71|79,70|83,5|79,18|32,55|93,32|61,13|20,21|18,28/79,81=79,93,32,55,81
53,6|70,96|6,93|24,7|73,1|53,61|62,35|27,76|53,70|56,62|76,41|53,49|93,24|53,10|77,15|10,56|61,77|15,85|49,27|96,73/53,7=53,6,93,24,7
58,48|89,52|57,9|89,79|10,95|12,93|53,49|48,78|79,7|89,12|89,2|7,76|49,96|60,53|76,39|89,60|2,58|31,10|52,31|93,57/89,9=89,12,93,57,9
60,15|59,72|99,22|10,68|22,29|99,59|99,10|29,88|75,82|58,57|47,67|45,81|82,45|67,60|88,37|72,58|99,75|12,14|68,12|99,47/99,37=99,22,29,88,37
58,21|88,27|27,72|78,68|80,17|36,43|68,58|52,80|49,41|52,82|43,46|94,36|15,49|52,94|52,78|17,31|31,30|82,15|72,67|52,88/52,67=52,88,27,72,67
15,98|25,76|94,27|59,67|95,91|59,94|98,75|59,25|53,15|59,53|47,50|59,48|96,20|20,87|27,47|91,61|67,96|76,36|36,70|48,95/59,70=59,25,76,36,70
46,33|56,4|12,39|99,57|85,97|5,62|33,56|0,5|46,94|18,87|62,36|46,26|87,44|97,12|98,99|46,85|4,49|94,18|46,0|26,98/46,39=46,85,97,12,39
54,8|48,30|87,63|62,71|38,2|48,87|48,23|63,38|97,0|64,88|30,62|0,75|92,97|48,92|48,54|8,64|23,5|71,43|47,85|5,47/48,88=48,54,8,64,88
10,55|7,1|45,84|91,10|30,7|96,62|1,52|6,91|62,75|55,77|40,68|93,45|97,96|59,48|84,24|48,40|6,93|6,97|6,30|6,59/6,52=6,30,7,1,52
90,55|69,30|40,90|57,2|43,27|43,57|33,28|28,69|70,53|2,85|87,41|27,40|89,87|43,89|41,19|99,78|85,26|53,99|43,33|43,70/43,55=43,27,40,90,55
12,13|32,99|36,15|56,72|15,56|90,89|11,44|72,76|21,73|13,90|75,32|44,21|36,12|36,69|36,11|36,75|99,46|1,77|69,51|51,1/36,73=36,11,44,21,73
53,69|17,30|74,25|84,14|30,53|36,31|36,44|36,17|44,92|92,7|36,74|28,40|43,99|25,84|99,6|36,63|87,28|7,76|31,43|63,87/36,69=36,17,30,53,69
90,72|26,34|59,62|93,90|92,15|64,59|0,44|6,17|34,0|84,69|18,84|92,6|92,26|48,93|15,64|92,48|92,18|69,63|17,31|31,28/92,28=92,6,17,31,28
29,0|14,88|36,37|88,89|37,22|82,54|0,25|35,36|65,10|10,55|89,8|54,19|75,14|75,35|75,79|25,46|75,82|75,29|79,65|19,30/75,22=75,35,36,37,22
14,50|53,87|50,43|47,48|34,39|73,89|16,47|68,53|31,14|16,31|16,4|1,8|89,25|4,73|2,80|8,2|16,93|48,34|93,68|16,1/16,25=16,4,73,89,25
57,82|55,21|47,5|38,1|7,59|1,34|79,29|38,47|98,61|28,12|15,97|38,57|61,55|38,15|34,80|82,79|80,50|5,28|38,98|97,7/38,29=38,57,82,79,29
59,7|9,49|87,61|97,35|9,41|41,4|80,32|35,87|26,63|49,92|9,0|0,22|58,55|22,59|92,58|9,97|69,64|4,26|9,69|64,80/9,63=9,41,4,26,63
26,43|98,57|44,19|64,78|99,74|64,93|51,31|15,55|31,17|90,79|64,15|41,26|43,70|27,90|64,41|78,51|19,98|55,99|64,44|93,27/64,70=64,41,26,43,70
59,13|59,85|13,24|70,4|7,19|16,83|48,11|84,36|59,61|61,70|47,89|85,7|24,16|58,48|19,28|11,72|59,47|4,30|59,58|89,84/59,72=59,58,48,11,72
69,46|36,28|61,74|48,43|87,71|71,6|87,27|59,25|87,61|60,36|74,59|6,49|85,29|49,37|87,48|28,73|87,60|27,56|56,69|43,85/87,46=87,27,56,69,46
88,61|72,45|55,18|56,39|45,10|40,55|6,56|10,32|72,69|69,64|77,94|32,12|61,31|72,98|31,3|39,52|72,88|98,40|64,77|72,6/72,18=72,98,40,55,18
48,5|18,58|45,18|25,13|13,17|86,45|11,88|44,63|63,69|86,79|58,52|50,48|86,68|79,50|68,44|86,24|86,25|17,3|24,11|88,36/86,36=86,24,11,88,36
77,67|67,57|96,72|78,93|96,43|49,33|96,68|68,78|33,39|93,3|48,15|96,49|96,77|57,31|43,48|15,14|69,73|73,10|39,46|72,69/96,10=96,72,69,73,10
72,1|59,38|59,72|38,56|2,20|95,3|48,26|59,4|59,62|1,48|56,29|20,21|4,2|15,39|58,95|59,74|17,15|62,58|74,17|29,65/59,21=59,4,2,20,21
83,65|14,81|65,13|76,91|81,53|39,33|87,2|55,87|2,84|54,20|53,62|13,90|76,14|76,55|76,39|20,71|33,3|76,83|91,54|3,47/76,62=76,14,81,53,62
42,3|55,38|39,90|3,29|39,17|58,48|39,42|54,28|69,7|29,68|39,83|75,69|48,32|39,58|83,55|38,45|32,22|17,54|28,60|90,75/39,68=39,42,3,29,68
75,33|98,71|57,46|26,10|87,29|26,78|31,87|29,44|90,56|82,40|17,49|78,41|10,90|26,31|26,17|56,61|46,82|26,57|41,98|49,75/26,71=26,78,41,98,71
57,36|49,30|3,56|33,35|57,99|90,50|99,49|55,73|86,81|30,13|7,90|94,86|50,87|54,33|57,7|81,20|57,94|57,3|36,54|56,55/57,87=57,7,90,50,87
29,90|99,82|72,49|15,60|99,10|42,29|10,2|99,39|75,72|89,96|39,31|20,36|99,20|58,40|77,42|36,89|99,77|82,75|2,15|31,58/99,60=99,10,2,15,60
91,76|15,26|48,14|91,45|26,64|58,36|28,41|76,5|95,90|51,48|45,58|90,28|91,13|5,22|13,15|91,52|36,8|91,95|22,66|52,51/91,64=91,13,15,26,64
5,77|2,68|37,76|92,5|17,94|17,74|41,90|50,93|31,91|94,92|68,41|93,43|17,31|29,36|17,2|74,50|17,37|91,29|76,18|18,78/17,43=17,74,50,93,43
8,4|16,3|98,95|55,69|55,8|66,27|60,16|55,49|68,98|69,32|56,91|95,59|89,66|49,60|55,68|26,1|27,86|32,26|4,56|55,89/55,86=55,89,66,27,86
67,61|71,62|38,77|44,37|66,73|54,39|71,7|70,22|11,38|62,11|47,66|7,70|68,69|71,44|5,47|71,5|37,68|22,59|61,54|71,67/71,59=71,7,70,22,59
75,47|36,74|36,84|36,72|84,60|6,32|74,35|35,6|36,96|17,93|58,39|11,5|5,75|45,69|93,0|96,17|60,58|72,45|69,95|36,11/36,0=36,96,17,93,0
64,29|64,10|25,75|6,1|10,20|45,24|80,44|20,61|29,63|60,28|95,76|75,16|44,60|61,65|64,95|63,45|76,6|64,80|64,25|16,3/64,24=64,29,63,45,24
30,52|43,64|64,30|13,6|27,61|61,41|27,56|53,40|51,13|27,7|90,60|27,43|49,12|27,90|7,51|60,57|41,49|56,53|57,46|40,86/27,12=27,61,41,49,12
82,92|36,82|44,63|84,76|5,83|76,46|54,70|8,67|92,17|44,39|87,5|83,86|44,36|74,54|67,56|44,88|88,84|44,87|39,8|63,74/44,86=44,87,5,83,86
91,30|57,95|46,44|6,74|40,6|4,63|37,40|39,93|39,37|56,91|13,73|98,57|39,46|39,4|44,45|93,56|60,98|63,13|45,7|39,60/39,74=39,37,40,6,74
53,35|62,39|62,77|11,84|0,90|39,96|96,46|17,0|35,6|62,72|62,30|13,53|46,79|30,17|62,13|34,25|72,11|71,34|77,71|84,2/62,90=62,30,17,0,90
14,80|18,20|94,90|39,30|16,32|75,16|20,14|75,1|54,11|33,54|15,57|11,96|76,10|75,18|75,33|75,15|32,39|1,76|57,94|10,38/75,80=75,18,20,14,80
43,30|47,38|64,47|48,81|39,7|43,42|4,39|43,31|30,95|95,19|60,99|38,59|31,57|42,45|57,60|19,73|45,48|7,55|43,4|43,64/43,73=43,30,95,19,73
10,88|97,4|50,65|54,55|36,10|36,87|29,76|65,93|32,48|36,54|90,9|15,90|36,50|48,97|36,32|87,15|95,64|93,80|88,95|55,29/36,64=36,10,88,95,64
42,39|60,2|37,0|44,66|1,78|37,67|2,1|62,93|8,42|37,44|37,60|37,23|86,33|0,30|31,11|23,8|66,86|67,31|30,62|11,77/37,33=37,44,66,86,33
59,19|65,36|75,22|38,89|33,23|21,53|53,39|21,33|19,12|71,92|21,60|5,38|39,71|23,75|60,59|36,51|21,95|95,5|51,78|21,65/21,78=21,65,36,51,78
45,36|80,81|20,45|40,55|31,88|13,20|44,61|55,66|57,80|12,31|13,79|13,43|61,84|84,60|13,40|79,12|36,18|13,44|66,68|43,57/13,81=13,43,57,80,81
45,83|41,74|74,94|48,57|60,88|55,10|22,39|39,73|92,47|88,92|23,48|83,55|41,22|57,19|41,60|94,82|73,84|41,45|82,40|41,23/41,10=41,45,83,55,10
71,82|56,71|80,56|49,68|5,83|80,17|64,51|78,5|80,78|17,72|63,94|80,49|83,32|68,60|80,45|45,55|55,63|82,87|60,58|72,64/80,94=80,45,55,63,94
20,24|40,68|72,13|30,37|13,6|68,20|66,29|49,63|40,16|43,51|40,66|74,19|29,49|40,43|51,74|24,22|83,72|16,30|37,32|40,83/40,6=40,83,72,13,6
49,10|9,65|0,43|6,23|93,25|40,68|49,22|22,5|21,9|19,93|1,40|8,19|10,21|49,1|49,8|5,6|49,11|11,56|68,81|56,0/49,81=49,1,40,68,81
68,31|17,64|1,24|73,50|53,74|17,10|9,73|64,90|60,68|78,60|35,34|17,78|18,22|50,66|34,53|17,35|90,18|10,92|92,1|17,9/17,66=17,9,73,50,66
3,73|26,51|94,76|99,33|26,34|83,77|86,74|11,50|0,99|34,0|26,94|71,9|74,11|76,83|26,71|51,3|73,44|26,86|9,38|38,49/26,44=26,51,3,73,44
51,41|20,61|82,23|51,52|5,30|68,35|92,68|53,48|79,98|61,53|51,20|41,92|28,82|51,79|51,28|66,5|23,16|98,50|50,80|52,66/51,48=51,20,61,53,48
70,61|28,75|49,76|76,0|75,33|33,20|55,28|55,52|55,39|83,70|77,23|52,77|36,48|55,14|39,12|14,83|55,49|12,36|0,67|23,13/55,13=55,52,77,23,13
65,33|10,32|36,91|95,73|14,62|73,36|32,27|45,24|95,10|1,49|7,56|95,31|31,14|95,1|95,45|24,7|27,0|91,51|49,65|62,94/95,51=95,73,36,91,51
66,98|3,65|95,60|14,48|3,14|46,66|22,39|43,29|48,95|39,27|16,46|3,16|41,43|27,76|33,58|3,83|65,33|83,41|3,22|58,70/3,98=3,16,46,66,98
95,49|73,87|23,29|66,82|68,65|95,66|34,23|95,81|22,12|80,68|95,84|29,61|95,34|81,88|84,92|82,22|88,73|49,80|92,27|27,76/95,76=95,84,92,27,76
30,56|9,66|21,0|52,48|28,37|73,15|39,4|91,58|41,21|36,52|66,30|39,9|37,67|39,79|4,28|39,91|79,41|58,73|48,45|39,36/39,67=39,4,28,37,67
46,77|83,5|60,98|83,65|68,2|65,46|5,67|2,93|83,43|81,48|77,80|48,28|40,0|50,60|83,38|67,40|38,50|83,68|93,44|43,81/83,98=83,38,50,60,98
47,80|12,27|83,3|10,53|47,79|3,63|47,10|80,83|55,38|47,89|19,92|89,43|79,12|27,60|20,57|75,9|43,20|53,75|47,55|38,19/47,57=47,89,43,20,57
3,79|34,78|87,80|32,81|79,49|84,68|71,36|17,3|17,84|98,71|91,87|24,14|68,34|17,42|81,24|17,32|90,98|17,90|49,75|42,91/17,80=17,42,91,87,80
81,37|33,47|20,81|10,61|26,33|43,57|40,43|67,10|40,79|40,18|57,27|27,95|40,69|69,67|30,36|18,26|79,84|84,30|22,20|40,22/40,61=40,69,67,10,61
48,30|33,98|48,45|16,6|29,14|79,35|30,16|48,79|48,55|14,39|98,41|11,29|12,49|49,13|55,12|69,74|6,65|35,69|48,11|45,33/48,41=48,45,33,98,41
89,33|30,82|18,6|66,88|78,28|2,83|82,2|60,78|88,63|6,89|34,15|63,38|30,18|83,45|74,34|76,74|30,3|30,66|3,60|30,76/30,15=30,76,74,34,15
93,52|26,9|9,32|31,93|6,97|84,72|52,22|44,49|97,65|54,38|72,57|6,84|79,80|6,26|6,31|57,83|6,79|65,44|80,54|32,28/6,28=6,26,9,32,28
95,72|48,95|8,3|83,97|46,13|8,46|42,0|84,79|38,14|8,84|54,61|13,38|8,88|94,42|8,83|71,91|3,48|79,71|88,94|97,54/8,61=8,83,97,54,61
31,59|50,7|99,52|60,2|50,3|74,63|3,60|52,64|6,62|85,32|50,31|64,23|44,6|2,30|12,74|50,99|59,85|7,44|50,12|63,41/50,23=50,99,52,64,23
84,65|21,51|34,13|27,34|3,87|45,84|97,40|40,1|65,81|3,27|3,21|3,62|13,2|87,97|53,14|51,86|86,30|3,45|14,10|62,53/3,30=3,21,51,86,30
40,27|87,40|4,31|94,82|49,95|83,46|33,49|87,67|65,83|98,56|87,4|87,33|31,94|18,58|27,98|58,29|95,88|87,30|30,18|67,65/87,29=87,30,18,58,29
32,13|97,67|94,81|64,5|11,8|28,94|81,70|20,37|8,97|63,83|37,32|84,20|84,58|84,43|5,12|43,63|84,11|84,28|83,6|58,64/84,6=84,43,63,83,6
84,67|52,72|28,52|48,89|89,65|39,7|0,51|88,13|72,74|65,47|71,2|41,88|2,64|71,48|71,39|64,0|13,1|71,41|7,84|71,28/71,47=71,48,89,65,47
72,57|96,61|52,72|48,44|79,80|79,52|57,46|79,11|94,29|44,45|61,63|37,48|11,22|79,94|22,93|93,38|80,96|29,30|79,37|30,12/79,12=79,94,29,30,12
32,9|30,64|55,86|25,18|12,19|89,44|98,12|21,30|18,10|58,98|10,32|33,89|25,23|25,55|25,33|34,2|25,58|23,21|44,5|86,34/25,2=25,55,86,34,2
38,43|58,70|38,0|0,82|82,35|70,15|81,11|56,46|38,66|66,56|43,57|38,83|57,81|38,58|35,48|9,60|83,12|12,9|15,6|46,87/38,87=38,66,56,46,87
59,10|81,59|37,5|78,55|45,95|44,32|67,35|88,67|88,45|88,81|95,24|88,37|88,0|10,56|2,87|0,2|5,44|35,78|24,23|87,4/88,56=88,81,59,10,56
76,30|97,49|3,15|43,2|37,44|55,3|49,94|76,55|76,37|44,48|30,23|94,78|20,50|48,26|76,41|23,43|76,97|50,32|15,10|41,20/76,2=76,30,23,43,2
55,46|93,1|46,40|70,47|80,19|9,75|19,38|70,55|82,35|47,80|31,12|70,10|1,31|70,24|35,92|22,9|40,85|10,22|70,93|24,82/70,75=70,10,22,9,75
22,36|34,80|69,58|22,33|29,9|10,29|39,38|30,65|86,23|22,30|38,37|9,83|80,69|65,98|23,79|36,86|33,39|98,84|22,10|22,34/22,83=22,10,29,9,83
79,58|84,2|71,19|80,71|52,32|85,13|32,37|84,17|84,72|90,51|94,80|84,94|58,35|12,90|17,52|2,85|42,12|13,73|84,42|72,79/84,37=84,17,52,32,37
82,17|98,1|86,18|24,86|1,83|33,63|66,82|13,2|19,10|24,19|17,51|10,39|24,33|18,13|15,98|24,66|24,15|74,9|39,99|63,74/24,9=24,33,63,74,9
37,23|19,50|30,99|50,44|21,17|37,13|23,21|78,58|37,69|13,80|37,19|17,95|6,38|37,94|80,78|69,30|38,71|99,53|94,6|44,70/37,71=37,94,6,38,71
29,92|93,63|50,69|22,93|8,20|66,86|4,61|64,33|22,30|30,84|22,5|92,50|86,32|63,64|84,4|5,52|22,29|32,53|22,66|52,8/22,33=22,93,63,64,33
41,94|55,4|33,83|41,66|4,37|24,44|74,20|41,36|41,72|66,55|6,74|83,92|92,89|11,24|17,30|72,11|41,33|30,65|94,17|36,6/41,44=41,72,11,24,44
71,5|51,82|18,54|24,88|84,97|54,16|68,44|5,75|84,62|93,47|44,24|38,18|84,98|62,71|98,22|84,68|97,40|22,93|40,51|84,38/84,16=84,38,18,54,16
74,10|41,8|18,24|79,72|62,79|1,90|62,76|72,41|76,18|27,71|57,0|0,56|62,74|21,57|50,30|62,21|10,1|71,50|24,38|62,27/62,30=62,27,71,50,30
73,57|43,0|68,98|59,73|98,7|5,4|79,24|79,27|79,17|44,89|89,2|79,22|27,38|22,44|87,59|79,87|17,68|38,43|4,12|24,5/79,12=79,24,5,4,12
52,69|52,51|90,2|78,90|20,76|52,92|85,78|52,5|92,29|69,3|38,89|24,38|76,10|51,20|52,85|3,77|29,50|5,24|50,73|77,94/52,89=52,5,24,38,89
3,39|2,29|67,95|73,80|82,60|16,62|83,45|90,19|29,65|67,82|40,2|80,83|19,35|67,73|67,40|60,16|86,81|67,86|95,90|81,3/67,35=67,95,90,19,35
5,95|47,68|55,27|63,44|30,20|97,67|47,16|20,0|16,5|52,73|46,6|67,46|73,63|68,36|47,52|36,55|95,21|0,85|47,30|47,97/47,85=47,30,20,0,85
2,23|29,85|71,22|13,89|13,29|73,95|22,88|94,24|25,6|98,49|13,36|36,94|13,98|7,18|13,7|24,65|18,2|89,71|49,25|85,73/13,6=13,98,49,25,6
93,11|54,86|75,29|93,47|5,95|50,77|53,63|86,5|47,50|93,75|11,8|29,51|51,9|77,3|8,53|28,1|93,54|93,24|24,28|1,96/93,63=93,11,8,53,63
77,38|53,46|9,85|4,73|92,61|67,25|4,41|4,53|48,69|4,92|46,9|22,77|41,48|4,22|61,67|69,64|73,17|38,60|17,30|30,7/4,64=4,41,48,69,64
62,48|62,8|95,16|79,95|8,35|62,36|88,96|44,88|71,52|99,18|36,83|35,71|48,79|62,99|97,6|83,97|78,59|18,78|62,44|96,39/62,6=62,36,83,97,6
89,98|80,9|99,64|49,2|59,36|97,55|2,99|59,89|53,69|55,5|59,53|45,28|35,97|69,80|66,8|59,49|27,66|36,27|98,45|59,35/59,9=59,53,69,80,9
44,42|27,65|54,50|5,52|86,91|94,40|50,5|91,84|40,86|60,27|63,66|94,54|94,33|42,74|74,92|94,71|22,63|33,22|94,44|71,60/94,84=94,40,86,91,84
90,35|63,57|12,89|38,90|69,63|73,55|54,19|35,99|19,12|46,73|89,84|54,45|83,46|21,88|54,78|54,83|45,69|78,33|54,38|33,21/54,84=54,19,12,89,84
31,67|48,3|96,59|81,28|76,36|76,48|36,45|99,81|76,88|3,96|76,74|88,42|79,99|76,79|84,31|86,92|78,51|42,86|45,78|74,84/76,59=76,48,3,96,59
53,26|15,86|23,98|38,75|58,31|10,63|44,42|5,53|38,45|45,5|30,15|42,23|38,61|49,58|38,67|63,91|67,10|38,44|61,30|75,49/38,98=38,44,42,23,98
97,9|78,81|44,60|42,58|89,78|42,50|59,97|50,59|72,62|42,36|28,72|58,44|36,28|42,79|43,13|86,34|79,89|60,31|42,86|34,43/42,81=42,79,89,78,81
45,16|81,62|64,17|47,25|40,96|40,64|40,81|17,66|40,9|62,26|37,15|28,37|66,41|25,31|16,46|96,28|26,94|9,45|31,74|40,47/40,94=40,81,62,26,94
73,7|30,58|92,73|99,44|52,38|20,86|2,40|40,95|70,92|12,79|52,70|38,2|87,30|86,53|52,12|29,87|42,20|52,42|79,99|52,29/52,44=52,12,79,99,44
75,99|80,74|70,35|48,9|33,80|35,5|76,41|9,63|75,76|41,46|99,56|92,33|56,18|75,92|46,66|47,48|64,70|18,22|75,47|75,64/75,66=75,76,41,46,66
33,78|99,2|28,61|98,56|99,21|21,40|78,62|99,81|61,98|2,33|26,57|81,26|12,20|57,76|47,55|55,43|99,28|43,30|40,12|99,47/99,20=99,21,40,12,20
36,9|57,32|19,69|18,10|79,53|9,72|94,57|52,95|19,79|91,20|72,63|19,36|19,21|53,91|95,50|21,1|69,52|32,59|19,94|1,18/19,10=19,21,1,18,10
11,34|62,72|62,39|71,35|0,90|72,17|17,46|96,0|34,6|62,13|62,77|30,11|46,2|77,96|62,30|84,25|13,71|53,84|39,53|35,79/62,90=62,77,96,0,90
2,76|18,90|32,15|76,60|2,87|2,32|54,9|82,66|60,82|99,0|15,88|2,98|90,23|9,25|70,1|2,70|1,99|87,54|88,65|98,18/2,25=2,87,54,9,25
44,75|23,84|14,36|23,25|85,82|84,9|12,60|50,72|23,44|32,20|25,37|37,12|9,32|23,85|23,4|46,49|47,14|4,47|75,50|82,46/23,36=23,4,47,14,36
99,35|95,26|18,78|21,72|18,62|17,42|78,23|35,67|23,31|31,55|62,52|18,20|20,99|52,17|18,81|66,21|26,87|18,95|81,66|87,58/18,72=18,81,66,21,72
61,72|61,84|61,80|23,28|83,48|12,55|96,83|2,21|50,76|17,23|61,17|65,2|80,96|92,12|47,50|61,47|72,92|76,53|28,37|84,65/61,53=61,47,50,76,53
18,67|20,86|4,43|90,96|93,34|89,28|99,60|60,64|64,59|6,94|46,93|99,20|99,18|99,91|91,46|86,4|96,6|67,89|59,23|99,90/99,34=99,91,46,93,34
33,93|64,38|52,10|58,33|37,89|10,30|89,64|5,63|79,92|52,5|52,58|93,75|1,44|52,46|47,78|46,77|52,37|63,79|77,47|30,1/52,75=52,58,33,93,75
93,68|16,56|60,3|69,35|9,16|33,46|13,93|60,9|81,74|56,37|35,81|42,67|36,99|60,69|15,42|99,33|60,5|3,15|60,36|5,13/60,67=60,3,15,42,67
44,66|25,78|33,50|18,62|86,94|33,15|71,45|33,81|33,84|47,64|84,18|50,47|62,60|81,3|64,42|78,44|55,71|3,86|33,25|15,55/33,42=33,50,47,64,42
15,99|68,63|0,47|85,0|76,85|93,68|70,24|77,98|21,11|98,93|24,78|99,48|77,21|77,70|77,15|48,45|11,74|77,76|78,69|74,5/77,47=77,76,85,0,47
93,46|46,94|85,29|12,93|34,38|51,15|22,4|21,34|85,35|36,21|15,23|4,69|44,51|85,44|29,22|85,12|85,36|35,95|95,88|88,91/85,94=85,12,93,46,94
6,42|81,26|43,10|14,80|63,31|26,78|63,14|42,23|25,73|80,25|31,72|53,60|78,18|59,53|72,43|63,6|63,81|23,89|7,59|63,7/63,89=63,6,42,23,89
27,14|75,11|14,70|15,76|53,3|74,39|61,29|70,74|34,64|19,15|20,19|3,34|27,61|27,53|11,52|27,20|27,67|29,65|67,75|65,37/27,64=27,53,3,34,64
91,35|73,97|73,4|13,2|58,46|80,44|5,80|2,56|73,58|35,62|88,28|4,91|73,13|46,95|56,86|97,5|95,77|42,16|73,88|28,42/73,62=73,4,91,35,62
29,68|49,99|35,11|54,29|92,32|6,4|54,33|64,92|22,34|32,52|54,49|68,35|59,8|4,46|33,59|54,96|54,64|96,6|8,87|99,22/54,87=54,33,59,8,87
10,95|99,36|0,88|11,92|94,13|11,94|46,38|14,87|88,80|15,25|60,14|11,5|11,70|5,15|13,46|25,66|92,60|70,0|11,10|95,99/11,66=11,5,15,25,66
77,95|81,4|6,5|61,99|81,46|35,86|80,29|40,70|50,80|81,61|99,77|81,6|4,40|62,3|49,50|3,33|5,35|81,49|46,62|70,27/81,27=81,4,40,70,27
97,44|96,93|13,64|52,66|60,87|50,32|13,73|64,52|13,96|13,60|93,97|13,40|7,30|32,37|66,0|40,75|75,25|87,7|25,18|73,50/13,37=13,73,50,32,37
4,56|99,1|72,76|86,7|41,89|53,50|56,20|53,72|50,4|76,75|68,41|21,22|22,99|53,21|7,9|53,45|75,93|53,18|18,68|45,86/53,93=53,72,76,75,93
47,15|74,43|94,79|92,24|0,32|32,94|52,76|47,74|56,5|47,17|76,19|19,46|17,92|24,7|43,21|47,0|47,52|5,16|21,67|15,56/47,79=47,0,32,94,79
43,81|39,8|48,50|81,75|43,49|98,67|34,98|43,39|43,71|25,48|4,25|82,74|75,44|74,84|43,4|8,28|44,6|28,17|49,82|71,34/43,50=43,4,25,48,50
53,85|98,87|94,65|70,54|23,83|85,30|65,34|47,91|56,98|47,23|47,21|19,39|21,94|83,51|51,76|47,70|91,56|54,19|47,53|30,69/47,76=47,23,83,51,76
55,46|65,38|6,66|38,9|82,45|82,6|66,56|86,16|82,11|82,52|46,86|45,74|82,55|11,25|80,98|51,49|25,51|56,81|52,65|74,80/82,16=82,55,46,86,16
20,79|32,57|67,40|19,95|10,33|95,31|79,67|74,73|2,3|10,19|10,20|33,60|31,9|57,74|10,32|60,61|10,34|34,2|61,35|3,46/10,9=10,19,95,31,9
71,60|56,71|80,56|49,55|5,64|80,45|83,51|78,5|80,78|45,68|63,94|80,49|64,87|55,82|80,17|17,72|72,63|60,58|82,32|68,83/80,94=80,17,72,63,94
76,16|87,46|43,15|59,43|35,36|80,29|17,61|36,66|76,9|76,86|94,53|86,24|24,17|16,35|46,80|9,59|76,42|76,87|53,79|42,94/76,66=76,16,35,36,66
17,5|93,18|32,30|36,71|36,49|41,59|33,32|60,17|49,33|86,82|36,51|71,60|36,87|85,41|3,93|51,85|82,44|36,46|87,3|46,86/36,59=36,51,85,41,59
57,93|44,48|16,36|79,26|16,35|16,57|42,84|36,21|58,32|47,25|0,58|52,79|93,42|35,52|16,54|13,47|16,13|54,0|25,66|21,44/16,84=16,57,93,42,84
84,34|8,66|10,19|83,65|24,39|38,21|20,86|34,38|12,24|66,58|17,12|54,8|20,40|19,31|20,17|20,54|20,84|40,83|65,99|86,10/20,99=20,40,83,65,99
17,75|48,76|41,87|3,33|43,12|33,89|25,93|17,54|34,2|75,3|17,47|54,41|47,16|16,43|17,48|87,24|36,1|17,25|93,36|76,34/17,1=17,25,93,36,1
87,81|13,91|81,38|43,87|25,64|45,3|79,66|45,61|99,25|83,96|3,22|70,99|45,79|76,20|66,13|45,70|45,43|61,76|22,83|20,39/45,96=45,3,22,83,96
66,67|78,85|75,66|98,33|47,37|41,57|47,13|77,20|33,55|20,43|13,75|37,98|47,82|43,12|82,6|47,77|47,53|53,41|6,78|57,10/47,10=47,53,41,57,10
66,28|74,66|71,33|96,31|31,13|91,34|14,59|98,93|67,73|74,98|13,45|28,91|74,96|74,67|73,86|76,92|92,71|86,17|93,14|74,76/74,59=74,98,93,14,59
27,95|75,58|52,6|74,57|95,73|27,75|27,14|96,94|27,16|27,52|94,8|6,86|86,7|99,37|58,74|14,13|35,64|73,35|16,96|13,99/27,64=27,95,73,35,64
7,53|53,92|19,37|83,42|97,94|59,38|51,93|16,80|83,7|78,48|92,69|42,59|37,97|43,90|93,16|83,78|48,43|38,81|83,19|83,51/83,69=83,7,53,92,69
46,3|10,26|5,71|44,66|2,52|2,5|2,84|3,10|2,58|2,46|69,99|84,80|93,8|58,44|52,22|66,12|22,93|80,69|71,89|89,59/2,26=2,46,3,10,26
16,98|56,23|24,68|61,84|55,40|33,80|40,37|55,24|80,51|79,83|37,79|9,61|87,16|51,28|55,33|76,9|68,56|98,94|55,76|55,87/55,94=55,87,16,98,94
94,82|59,89|93,15|37,81|66,38|34,31|66,51|21,63|31,41|63,59|15,14|38,93|66,21|99,37|41,1|51,99|82,9|9,69|66,94|66,34/66,89=66,21,63,59,89
46,78|89,34|65,52|11,14|88,11|78,24|24,8|17,65|34,86|64,18|64,88|64,45|55,89|64,55|71,31|18,17|9,71|45,9|14,80|64,46/64,86=64,55,89,34,86
24,43|52,47|62,67|65,49|99,74|32,21|62,30|64,65|30,20|62,64|20,99|68,63|63,52|21,24|49,45|67,66|62,68|66,29|29,98|62,32/62,98=62,67,66,29,98
86,70|51,33|70,39|82,94|55,24|16,78|78,86|24,1|16,55|16,31|94,45|16,51|49,82|31,91|97,15|91,64|33,97|16,49|1,80|64,89/16,15=16,51,33,97,15
64,12|19,4|43,37|12,50|75,39|64,0|50,71|16,88|39,16|90,61|71,62|64,75|64,19|32,82|93,90|0,93|64,43|37,24|24,29|4,32/64,61=64,0,93,90,61
42,59|55,73|77,85|62,0|36,8|24,15|65,84|73,65|8,39|42,36|42,55|85,20|0,24|50,72|59,50|42,62|72,2|42,38|39,46|38,77/42,46=42,36,8,39,46
33,97|2,9|37,42|33,72|81,52|33,60|10,1|20,2|60,67|5,81|47,37|19,5|72,10|67,40|1,68|40,76|33,47|42,73|97,20|33,19/33,52=33,19,5,81,52
60,0|66,59|42,86|97,92|38,39|38,41|54,97|38,53|30,90|74,12|99,73|12,99|38,60|0,42|38,74|59,94|90,13|41,66|53,30|39,54/38,94=38,41,66,59,94
6,28|66,9|56,63|88,26|84,96|63,37|15,56|27,36|60,27|26,2|88,6|28,97|88,84|88,15|88,60|2,76|96,66|76,7|36,85|97,69/88,7=88,26,2,76,7
37,83|37,0|99,31|86,35|83,86|58,99|55,78|67,27|78,12|41,58|27,36|37,55|35,94|0,67|89,30|76,89|17,76|12,73|37,17|37,41/37,30=37,17,76,89,30
65,29|23,51|29,90|37,18|90,49|93,76|45,74|82,69|93,82|62,19|60,6|93,62|53,97|14,45|69,53|93,60|6,23|93,65|19,37|76,14/93,97=93,82,69,53,97
50,21|24,93|49,56|18,49|38,29|29,77|95,81|95,66|41,18|28,98|95,41|95,35|81,73|14,27|93,50|66,38|98,12|95,24|35,28|73,14/95,21=95,24,93,50,21
35,62|20,3|16,52|35,64|98,89|92,58|3,22|52,80|66,26|35,98|80,94|35,9|62,11|9,92|77,79|58,74|35,16|89,77|11,66|64,20/35,79=35,98,89,77,79
53,63|10,40|5,11|14,92|21,95|10,21|95,28|84,14|28,18|92,52|10,37|63,29|40,5|43,38|38,31|10,84|58,43|37,53|10,58|11,59/10,59=10,40,5,11,59
1,60|52,4|95,32|49,39|6,90|17,49|66,23|1,95|87,76|67,18|39,62|60,34|32,44|76,52|1,66|34,67|1,17|44,75|23,6|1,87/1,75=1,95,32,44,75
34,5|46,56|6,71|34,33|11,68|60,57|26,11|76,98|34,60|0,75|57,18|5,30|33,26|69,46|98,0|34,77|30,6|34,76|18,31|77,69/34,31=34,60,57,18,31
23,13|8,52|39,36|39,5|39,81|39,69|36,82|39,74|17,19|74,25|82,23|81,43|44,15|25,65|43,8|65,94|15,38|69,59|59,17|5,44/39,94=39,74,25,65,94
35,34|50,53|33,64|14,31|58,50|41,22|57,88|31,35|57,14|88,26|22,93|57,41|57,82|93,7|56,33|64,45|26,49|82,58|49,76|57,56/57,53=57,82,58,50,53
48,24|32,73|19,44|76,49|49,0|58,66|94,6|73,94|32,48|47,5|6,86|2,22|32,11|22,58|24,19|0,63|98,47|32,2|11,98|32,76/32,5=32,11,98,47,5
59,77|80,55|4,81|92,8|50,59|55,6|28,50|76,80|22,84|90,22|10,96|28,90|84,51|96,98|8,4|77,60|78,10|28,78|28,92|28,76/28,60=28,50,59,77,60
41,62|59,31|57,54|77,34|79,24|96,57|77,60|31,82|77,35|60,8|35,41|82,80|8,68|34,45|68,6|77,71|71,96|45,79|77,59|62,0/77,24=77,34,45,79,24
29,39|80,83|67,73|82,90|40,81|16,62|3,65|2,19|83,45|67,40|95,80|90,3|19,35|67,82|67,95|81,16|86,60|67,86|73,2|60,29/67,35=67,73,2,19,35
25,28|99,54|68,39|20,91|52,25|52,58|52,62|33,60|52,75|76,20|28,33|34,63|75,34|63,11|58,76|27,96|96,68|54,23|52,27|62,99/52,39=52,27,96,68,39
41,65|48,24|80,41|24,34|19,47|46,88|34,64|45,43|29,74|7,29|7,81|81,80|72,37|7,48|98,69|37,19|74,46|69,45|7,72|7,98/7,88=7,29,74,46,88
79,10|88,57|97,81|85,82|10,28|44,1|85,93|98,97|1,58|85,70|93,38|82,88|29,94|85,98|70,44|85,79|81,25|38,29|28,74|57,91/85,74=85,79,10,28,74
69,77|81,27|45,24|71,55|16,81|99,19|77,99|10,18|18,31|16,69|31,72|37,26|86,45|27,37|80,71|2,86|16,10|5,80|16,5|16,2/16,55=16,5,80,71,55
52,8|40,79|63,91|72,12|70,97|15,94|74,11|94,29|97,63|15,0|15,13|59,74|29,72|79,90|0,40|15,24|15,70|8,99|24,52|13,59/15,11=15,13,59,74,11
83,5|5,41|19,83|32,39|39,34|19,32|19,90|19,8|34,55|67,85|82,0|8,33|90,75|75,67|41,44|0,46|98,48|46,57|19,82|33,98/19,44=19,83,5,41,44
24,21|29,63|88,66|53,51|63,53|29,54|64,22|22,47|59,55|54,88|29,1|66,43|29,93|29,24|97,20|51,98|93,59|21,97|55,0|1,64/29,98=29,63,53,51,98
76,22|53,62|86,95|67,77|55,12|11,99|61,86|35,38|62,67|64,55|11,16|16,61|99,35|11,31|11,53|11,64|12,26|31,76|22,54|38,41/11,95=11,16,61,86,95
62,64|16,12|23,71|36,68|56,95|64,4|95,16|19,87|68,34|36,56|31,13|2,24|24,31|29,23|36,62|36,29|4,48|34,19|36,2|71,25/36,87=36,68,34,19,87
46,32|50,85|40,11|28,33|10,59|49,50|46,49|46,51|57,56|85,3|59,8|8,52|46,10|55,40|80,86|51,55|32,29|29,57|46,80|86,28/46,56=46,32,29,57,56
75,56|98,20|79,39|94,26|39,29|29,72|4,94|20,74|27,61|79,4|79,85|72,2|79,1|79,31|26,19|1,50|56,90|50,27|31,75|85,98/79,61=79,1,50,27,61
76,3|72,44|21,75|84,1|81,89|21,76|75,4|4,15|87,67|77,54|30,81|21,73|21,77|3,84|69,30|44,13|54,87|21,69|15,94|73,72/21,13=21,73,72,44,13
41,23|11,58|75,65|7,35|65,41|20,82|13,45|7,75|83,97|7,85|45,24|21,43|85,96|35,89|96,21|7,14|14,13|89,83|7,20|82,11/7,24=7,14,13,45,24
32,40|29,49|82,60|29,71|67,93|51,67|93,11|25,21|29,32|75,47|21,30|29,51|40,75|97,12|30,37|8,82|71,8|29,25|52,97|49,52/29,37=29,25,21,30,37
4,19|60,95|6,54|53,83|95,47|56,0|36,79|2,7|53,49|53,6|7,68|33,35|0,94|47,10|54,4|79,33|49,2|83,56|53,60|53,36/53,68=53,49,2,7,68
49,71|68,34|71,72|89,51|72,91|2,57|64,90|88,31|1,29|1,52|1,2|34,88|36,0|57,36|1,68|52,28|1,49|38,64|29,38|28,89/1,91=1,49,71,72,91
2,79|12,84|60,2|93,59|44,92|61,35|78,14|31,61|23,31|86,89|96,8|86,81|81,12|86,23|89,60|86,44|92,96|14,93|84,85|86,78/86,8=86,44,92,96,8
25,23|84,4|38,87|21,58|26,71|21,85|58,22|97,20|85,91|64,43|91,97|87,64|4,26|6,25|23,63|21,38|22,10|21,6|10,46|21,84/21,43=21,38,87,64,43
24,40|43,62|21,76|4,25|52,21|89,7|19,74|7,43|74,52|28,96|2,24|40,29|19,89|60,28|69,60|39,4|19,39|19,2|25,80|19,69/19,80=19,39,4,25,80
29,68|94,87|24,81|24,63|47,29|70,39|1,92|34,1|6,12|24,52|81,75|24,6|60,58|24,0|49,94|52,49|0,34|63,47|75,60|12,70/24,92=24,0,34,1,92
90,78|86,55|33,86|11,48|39,93|14,7|96,75|78,24|13,33|11,97|75,50|97,96|11,87|21,39|11,14|23,77|48,21|7,23|11,13|87,90/11,55=11,13,33,86,55
34,40|51,17|51,49|17,75|75,10|49,58|51,67|51,9|58,37|10,93|9,65|19,34|73,92|65,53|51,33|37,31|92,42|33,73|53,35|67,19/51,42=51,33,73,92,42
48,81|34,23|48,55|55,70|48,35|25,37|77,25|81,17|48,61|5,71|75,2|72,13|44,75|61,77|42,34|35,42|70,72|83,44|48,83|17,5/48,71=48,81,17,5,71
25,12|67,13|25,89|72,17|89,94|25,79|25,11|60,8|25,72|79,16|68,7|56,95|84,60|37,48|12,56|17,68|16,37|94,67|95,87|11,84/25,13=25,89,94,67,13
98,11|78,16|7,46|6,68|11,32|78,7|26,37|64,15|75,6|16,64|78,81|22,26|46,84|15,31|78,75|68,58|81,22|78,90|84,43|90,98/78,32=78,90,98,11,32
96,47|67,15|94,27|59,25|95,20|59,94|47,50|59,67|53,96|59,53|98,61|59,48|76,91|91,87|27,98|20,75|25,76|15,36|36,70|48,95/59,70=59,67,15,36,70
8,65|64,1|8,70|70,98|8,35|98,86|22,91|3,75|8,84|94,3|88,96|8,22|84,94|86,81|76,26|42,76|91,64|65,42|35,88|96,25/8,1=8,22,91,64,1
17,24|88,78|91,17|47,65|82,59|36,37|88,32|59,38|88,31|23,47|88,23|89,36|65,61|78,82|88,22|10,95|32,91|95,67|31,10|22,89/88,24=88,32,91,17,24
35,99|35,22|2,77|4,37|35,24|24,59|11,4|37,72|52,7|69,56|39,80|59,2|22,69|56,15|80,17|99,67|67,52|35,39|17,33|35,11/35,72=35,11,4,37,72
81,26|74,0|31,66|0,7|30,8|16,4|88,16|30,32|66,6|60,88|26,24|29,1|8,29|7,80|32,81|30,31|30,60|6,42|30,74|1,91/30,24=30,32,81,26,24
94,33|99,18|71,95|99,39|96,63|63,92|81,96|9,94|18,90|90,54|98,41|99,81|65,0|99,71|0,78|95,98|54,26|99,9|39,65|33,97/99,97=99,9,94,33,97
24,69|40,47|49,24|69,67|2,14|40,74|56,61|34,94|10,97|33,2|40,64|74,33|47,35|40,42|42,34|94,17|40,49|35,56|97,46|64,10/40,67=40,49,24,69,67
14,77|22,93|19,10|53,97|6,65|93,17|14,3|77,53|21,6|2,7|97,51|65,56|82,22|84,19|14,21|7,34|14,84|14,82|10,80|3,2/14,34=14,3,2,7,34
78,92|49,58|25,78|9,81|55,67|25,2|73,55|92,19|6,98|2,6|26,91|19,15|7,9|25,7|43,73|98,45|91,49|25,43|81,35|25,26/25,15=25,78,92,19,15
29,19|94,0|80,29|44,2|78,62|5,94|0,41|78,5|78,8|63,15|2,68|8,44|70,51|78,80|62,90|19,46|15,67|78,3|90,70|3,63/78,68=78,8,44,2,68
40,43|61,94|9,93|34,19|9,53|87,34|9,98|53,6|13,61|90,87|72,91|4,72|9,51|14,68|93,4|43,92|9,90|51,13|6,14|98,40/9,19=9,90,87,34,19
2,76|18,88|87,1|76,60|2,32|2,87|15,9|99,0|60,99|82,23|1,90|2,98|88,66|9,25|70,54|2,70|54,82|32,15|90,65|98,18/2,25=2,32,15,9,25
48,18|76,62|43,79|43,0|73,19|22,58|58,84|30,22|43,76|43,54|79,16|33,5|16,48|62,33|43,30|14,73|0,14|70,61|8,70|54,8/43,5=43,76,62,33,5
33,43|58,57|83,58|37,83|12,66|92,74|15,18|75,10|99,61|92,37|74,75|66,63|61,50|41,99|10,8|92,41|92,15|18,33|46,12|92,46/92,43=92,15,18,33,43
31,82|22,40|72,16|79,4|86,75|32,31|86,22|30,32|75,69|7,59|10,44|69,79|16,7|53,67|40,10|86,53|67,64|64,12|86,30|86,72/86,82=86,30,32,31,82
60,72|42,13|63,42|99,6|50,69|99,63|66,81|81,96|88,56|13,47|89,66|99,80|99,21|49,50|6,49|72,34|56,97|99,89|80,60|21,88/99,69=99,6,49,50,69
81,14|24,81|45,13|7,45|73,41|20,85|73,64|16,37|26,61|41,62|2,9|14,91|13,40|73,7|73,24|73,26|64,90|62,20|90,16|61,2/73,40=73,7,45,13,40
42,72|79,42|8,3|46,94|84,97|8,84|38,14|88,48|95,0|8,88|54,61|97,95|8,83|13,38|8,46|71,91|3,79|48,71|83,13|94,54/8,61=8,46,94,54,61
22,53|53,54|91,74|78,36|36,93|99,37|74,2|59,45|45,49|21,19|21,90|19,59|65,91|37,85|1,78|90,22|85,31|21,65|21,1|21,99/21,2=21,65,91,74,2
34,92|5,19|5,4|57,94|13,27|16,80|25,55|94,81|4,57|80,30|83,47|35,16|27,73|47,65|5,83|65,58|19,13|5,35|5,25|55,34/5,81=5,4,57,94,81
96,92|12,71|92,72|98,88|49,59|12,98|10,86|88,26|59,85|12,5|22,45|71,96|12,49|12,7|7,22|26,23|5,82|45,48|85,41|82,10/12,72=12,71,96,92,72
6,86|52,87|94,84|97,94|25,36|36,8|97,6|97,45|84,53|78,47|54,99|97,25|53,32|45,77|97,78|11,85|77,52|8,28|86,54|47,11/97,85=97,78,47,11,85
27,18|91,84|18,20|77,81|27,42|88,35|96,30|68,69|81,50|20,91|6,78|42,77|27,96|69,88|80,14|78,80|27,68|60,43|27,6|30,60/27,50=27,42,77,81,50
14,3|22,65|19,97|2,10|53,93|65,80|14,77|3,2|21,53|6,7|10,51|93,17|82,22|84,19|14,21|7,34|14,84|14,82|97,56|77,6/14,34=14,77,6,7,34
71,83|88,43|41,18|83,69|73,57|97,63|73,52|11,17|18,97|57,93|73,41|73,23|23,71|81,11|93,12|60,90|52,81|43,60|73,88|12,96/73,17=73,52,81,11,17
62,55|19,62|81,14|97,44|39,97|44,32|46,49|98,74|22,16|49,54|74,60|14,19|81,98|81,5|5,40|81,21|40,22|21,46|60,58|81,39/81,58=81,98,74,60,58
46,83|4,18|44,85|62,88|46,69|18,41|46,62|76,84|1,49|95,34|46,14|69,76|58,59|52,1|84,7|14,4|34,44|83,52|88,58|46,95/46,59=46,62,88,58,59
83,18|95,83|50,95|68,62|96,73|74,96|71,69|57,74|69,12|50,63|18,48|50,68|50,57|63,87|64,94|87,92|92,15|62,64|50,11|11,71/50,15=50,63,87,92,15
8,25|44,10|86,55|25,89|1,45|55,34|52,66|12,52|45,2|62,1|12,8|12,24|66,38|39,40|38,76|12,62|12,39|89,33|24,86|40,44/12,34=12,24,86,55,34
75,37|73,85|72,75|95,46|46,32|66,73|37,42|66,72|92,88|66,89|28,96|66,95|78,44|32,49|85,78|71,28|89,40|40,92|96,14|66,71/66,49=66,95,46,32,49
60,39|22,79|39,95|51,6|6,26|15,2|38,31|60,15|95,38|86,5|26,8|50,73|79,36|94,22|74,34|5,50|60,51|60,86|2,74|60,94/60,36=60,94,22,79,36
14,21|55,0|81,50|81,83|21,42|37,28|75,55|81,88|28,79|81,37|45,84|24,75|88,14|41,45|9,69|79,54|71,9|50,41|81,24|83,71/81,54=81,37,28,79,54
17,99|40,6|80,17|47,88|77,0|32,78|81,40|81,80|81,9|6,32|49,96|0,83|2,49|81,77|81,47|83,95|88,42|42,64|99,90|9,2/81,95=81,77,0,83,95
37,30|84,75|11,32|17,88|55,70|31,74|55,9|60,91|18,95|55,84|95,40|55,31|9,37|70,18|74,60|55,17|30,63|88,78|75,11|78,50/55,32=55,84,75,11,32
74,91|12,14|59,83|91,34|74,62|83,90|90,98|74,48|55,86|0,99|87,15|99,16|41,87|74,25|34,55|48,41|62,1|25,0|74,59|1,12/74,86=74,91,34,55,86
56,80|81,44|82,37|82,85|19,95|59,15|82,36|15,16|62,68|37,19|36,48|30,56|95,84|48,62|80,26|82,5|5,88|88,81|82,30|85,59/82,84=82,37,19,95,84
53,72|76,17|8,30|25,22|22,1|84,8|17,35|72,59|58,84|26,14|23,76|23,64|23,58|19,26|60,25|64,53|23,60|35,75|14,24|23,19/23,30=23,58,84,8,30
47,33|74,15|20,73|1,37|74,47|74,99|74,20|15,58|27,3|57,29|66,22|74,71|99,52|73,66|71,51|58,57|33,95|51,1|52,27|95,6/74,3=74,99,52,27,3
27,14|95,96|75,73|99,57|14,6|27,95|27,16|13,74|27,52|27,75|74,7|73,86|86,8|94,37|96,99|16,58|35,64|6,35|52,13|58,94/27,64=27,14,6,35,64
38,81|50,83|64,79|69,50|34,6|9,53|81,98|27,34|51,27|78,9|51,87|6,88|87,69|52,64|51,41|79,2|49,78|51,52|51,49|41,38/51,98=51,41,38,81,98
86,38|21,14|5,57|29,30|68,80|32,62|66,87|83,21|30,5|27,0|62,83|32,27|38,67|0,2|80,66|2,34|32,68|32,86|67,18|32,29/32,34=32,27,0,2,34
95,93|53,58|57,17|43,29|8,97|26,76|58,8|57,21|57,53|17,89|23,38|39,23|57,95|21,39|76,45|89,43|93,49|91,26|49,30|57,91/57,30=57,95,93,49,30
62,45|27,82|20,27|3,39|62,83|61,66|35,98|28,35|81,3|62,20|45,61|59,22|62,14|66,0|82,30|22,69|62,59|83,28|14,81|69,48/62,48=62,59,22,69,48
96,93|29,44|94,96|48,61|79,80|79,94|93,46|79,11|52,72|61,63|44,38|37,48|11,22|79,52|22,57|57,45|80,29|72,30|79,37|30,12/79,12=79,52,72,30,12
51,77|79,4|59,79|97,56|60,11|52,93|9,52|30,59|97,50|97,30|80,84|67,40|84,67|97,53|56,3|53,51|97,80|3,60|50,9|77,49/97,11=97,56,3,60,11
76,80|76,59|65,54|76,34|16,29|76,92|54,81|20,12|80,23|34,84|92,65|12,82|39,18|59,20|18,90|76,39|90,45|84,16|28,11|23,28/76,45=76,39,18,90,45
88,16|55,72|62,96|39,37|35,88|21,27|84,0|39,55|96,59|39,50|72,32|32,29|0,67|50,21|39,84|61,35|37,62|39,61|67,44|27,51/39,44=39,84,0,67,44
26,78|99,28|21,55|43,30|99,47|47,61|78,62|99,81|55,43|28,26|33,98|81,33|12,20|98,76|2,40|40,57|99,21|57,56|61,12|99,2/99,20=99,47,61,12,20
67,37|61,84|91,60|98,3|3,85|15,59|88,7|61,91|94,44|84,15|7,39|61,88|59,50|46,42|85,90|39,96|44,46|61,98|60,67|61,94/61,42=61,94,44,46,42
64,54|64,78|13,32|12,56|64,21|64,70|64,47|3,86|78,74|56,55|70,3|59,97|21,49|45,59|47,45|71,90|54,12|49,71|74,13|86,17/64,17=64,70,3,86,17
33,75|13,48|94,35|31,10|56,33|74,56|94,55|94,74|48,5|52,68|35,31|94,30|2,52|10,57|53,37|94,99|55,2|99,65|30,13|65,53/94,37=94,99,65,53,37
51,1|39,0|93,97|0,40|39,44|39,25|97,43|39,26|40,79|32,71|26,93|60,64|64,51|44,89|71,91|81,7|89,81|39,60|25,32|79,18/39,18=39,0,40,79,18
90,8|57,51|76,72|48,17|72,60|16,74|77,97|97,16|67,55|24,76|39,37|77,24|55,35|37,57|77,90|77,39|8,48|77,67|35,14|74,95/77,60=77,24,76,72,60
13,8|1,11|27,13|25,56|14,55|68,1|79,2|27,14|27,49|49,73|70,44|42,43|30,65|55,30|8,70|27,42|73,25|27,59|59,68|43,79/27,56=27,49,73,25,56
55,82|73,37|0,55|18,49|66,0|66,78|92,77|49,24|78,84|66,13|37,47|77,56|12,92|66,73|53,61|82,16|47,59|13,18|66,12|84,53/66,16=66,0,55,82,16
57,26|18,96|35,18|68,23|13,11|26,49|68,0|86,28|0,81|42,35|68,42|81,3|4,86|3,38|48,57|68,48|68,4|28,36|23,92|92,13/68,36=68,4,86,28,36
34,55|34,48|5,29|34,53|92,64|82,85|34,46|95,92|66,6|52,77|53,66|6,74|48,1|1,52|55,95|11,42|34,5|29,82|42,13|46,11/34,77=34,48,1,52,77
78,95|4,6|82,90|33,9|5,49|2,41|82,25|66,71|9,66|49,64|96,4|48,2|82,50|82,33|50,5|82,78|25,96|90,48|22,80|95,22/82,6=82,25,96,4,6
14,97|31,6|73,55|23,57|92,14|63,61|3,31|86,92|86,42|89,63|15,19|97,34|55,23|42,15|19,37|86,10|10,89|32,3|86,32|86,73/86,61=86,10,89,63,61
58,55|23,83|78,95|56,73|78,5|5,56|78,53|91,76|95,54|53,93|78,62|41,18|62,17|83,52|52,36|78,23|73,84|93,58|17,91|54,41/78,84=78,5,56,73,84
79,67|53,78|34,33|28,95|72,27|74,1|4,34|51,4|74,51|74,50|81,85|73,82|67,73|78,99|95,72|74,79|74,28|50,53|1,9|9,81/74,99=74,50,53,78,99
76,92|88,70|88,81|70,61|46,47|79,83|68,37|65,73|88,79|88,65|81,85|83,84|84,17|47,26|85,68|61,76|16,46|88,16|19,41|73,19/88,26=88,16,46,47,26
27,36|49,59|59,75|41,60|68,35|36,50|61,49|61,41|35,84|75,0|76,42|61,65|65,68|61,70|61,28|60,38|28,76|70,27|38,16|42,8/61,8=61,28,76,42,8
51,30|68,47|20,88|21,79|46,68|90,19|79,64|21,62|3,16|37,46|62,17|21,63|30,3|21,37|17,20|19,48|64,91|91,53|63,90|21,51/21,53=21,79,64,91,53
56,20|56,98|59,27|24,93|56,58|68,48|32,3|56,24|44,34|50,79|20,43|90,99|46,44|93,32|79,59|56,50|98,66|58,46|43,68|66,90/56,27=56,50,79,59,27
25,13|84,41|67,92|87,21|14,75|46,29|94,14|29,49|36,38|13,84|36,45|36,25|36,87|45,77|38,94|77,56|49,86|36,46|56,95|21,67/36,41=36,25,13,84,41
47,13|63,71|93,4|75,97|4,75|32,8|24,76|15,38|32,89|89,72|32,48|71,59|32,15|49,40|38,49|80,24|48,80|72,47|8,63|32,93/32,59=32,8,63,71,59
8,9|38,8|36,35|97,62|38,27|61,89|62,79|38,73|13,31|71,61|79,20|38,71|35,21|9,47|27,36|31,12|89,72|73,13|38,97|47,3/38,72=38,71,61,89,72
78,47|53,77|86,90|99,94|22,52|10,13|47,32|32,86|25,10|78,99|78,42|94,27|78,33|33,68|68,22|42,92|13,65|92,53|78,25|27,98/78,98=78,99,94,27,98
85,71|99,27|51,85|71,99|51,79|51,58|58,31|55,6|72,25|21,75|51,22|22,7|51,72|25,92|79,15|15,17|92,49|17,67|31,21|7,55/51,67=51,79,15,17,67
33,79|10,34|10,56|41,17|10,53|8,71|10,33|37,66|71,25|45,90|66,88|56,37|12,5|61,41|32,45|17,28|53,8|79,12|10,61|34,32/10,90=10,34,32,45,90
22,32|21,37|10,13|37,46|65,98|58,10|93,36|21,51|98,94|13,97|24,61|68,93|21,58|21,65|94,89|50,20|20,22|46,24|21,50|51,68/21,61=21,37,46,24,61
43,86|77,89|0,7|81,29|89,83|72,59|76,40|7,43|77,0|40,91|83,62|42,72|29,85|77,81|85,92|62,34|77,42|59,95|18,76|77,18/77,92=77,81,29,85,92
9,36|35,86|43,53|52,9|63,54|3,62|35,33|86,31|33,78|53,79|62,27|35,30|35,43|79,70|35,41|50,20|31,63|41,52|30,3|78,50/35,54=35,86,31,63,54
99,54|16,99|90,76|60,16|90,30|43,63|94,75|90,58|58,94|76,43|63,49|90,60|75,2|13,23|64,26|30,13|26,59|90,64|23,81|59,84/90,84=90,64,26,59,84
73,32|99,10|37,62|4,94|12,54|46,84|37,46|58,18|37,4|62,28|37,58|18,17|27,12|28,99|72,29|94,73|17,60|84,72|54,42|37,27/37,29=37,46,84,72,29
18,37|41,38|38,63|49,70|77,29|95,49|36,95|77,36|87,13|37,88|63,35|13,19|29,54|72,87|54,22|77,41|77,72|88,73|22,94|77,18/77,70=77,36,95,49,70
22,51|93,63|41,66|50,99|99,64|9,28|27,9|22,41|45,97|97,72|51,32|46,50|66,68|29,45|22,46|32,93|22,29|22,81|68,26|81,27/22,26=22,41,66,68,26
8,64|53,92|20,98|3,53|76,72|4,3|4,8|92,40|4,76|72,89|64,5|95,34|4,55|24,20|89,29|55,24|5,50|34,14|4,58|58,95/4,29=4,76,72,89,29
46,10|37,74|1,69|10,7|77,95|88,30|76,1|43,25|37,90|37,76|95,43|74,88|16,67|69,6|68,16|30,12|90,46|37,81|81,68|37,77/37,67=37,81,68,16,67
93,0|15,2|24,78|24,16|24,28|53,82|78,25|38,88|16,38|28,56|2,33|74,89|24,93|56,74|25,30|24,19|0,53|88,4|19,15|30,35/24,4=24,16,38,88,4
49,94|50,1|1,63|74,46|50,34|29,85|33,92|41,64|46,29|50,69|69,84|94,6|48,68|50,76|34,49|97,41|76,97|50,74|63,48|84,33/50,85=50,74,46,29,85
38,37|61,31|26,79|50,51|1,38|74,55|1,74|1,26|11,13|37,50|27,16|55,84|16,32|79,61|13,96|1,97|32,2|1,27|97,11|84,62/1,62=1,74,55,84,62
71,80|37,75|6,35|25,81|69,61|80,69|75,56|71,25|87,59|35,39|61,93|71,15|71,87|81,43|15,37|39,9|43,66|59,18|71,6|18,45/71,45=71,87,59,18,45
20,43|12,41|41,60|43,39|11,73|73,97|86,7|27,0|39,8|99,6|9,27|97,25|86,11|60,93|6,52|86,20|86,12|86,15|15,9|7,99/86,52=86,7,99,6,52
88,47|47,74|65,49|51,9|88,44|26,63|88,91|79,51|66,73|88,26|46,45|29,3|88,16|44,35|16,79|63,65|91,69|35,66|69,46|74,29/88,49=88,26,63,65,49
51,91|0,74|52,78|0,9|0,18|54,34|9,45|7,15|69,51|45,3|78,11|15,85|3,1|0,52|74,54|63,7|11,22|18,69|34,38|0,63/0,22=0,52,78,11,22
92,40|38,93|64,75|93,69|38,18|49,90|18,59|55,29|90,96|96,95|38,84|17,53|59,92|38,49|87,64|38,41|69,55|84,87|53,80|41,17/38,75=38,84,87,64,75
70,58|2,81|56,16|92,17|31,53|55,32|53,38|40,78|85,2|32,12|25,85|38,68|55,70|55,25|55,69|55,31|58,56|97,92|12,40|69,97/55,17=55,69,97,92,17
65,44|33,82|27,17|60,42|42,55|63,27|94,95|76,84|76,65|76,51|84,94|44,26|17,71|76,63|83,33|20,83|51,60|95,22|76,20|26,58/76,58=76,65,44,26,58
93,27|93,1|87,5|93,19|44,26|73,47|72,17|93,53|5,97|1,87|53,21|7,31|86,73|27,86|94,2|19,74|17,7|74,94|21,44|93,72/93,31=93,72,17,7,31
97,85|68,49|85,68|65,61|32,20|28,32|65,97|16,10|4,19|86,27|84,51|19,16|65,11|36,86|27,17|65,4|11,28|61,58|58,84|65,36/65,10=65,4,19,16,10
19,64|81,84|40,42|82,4|44,39|1,63|84,6|4,69|18,82|40,14|67,19|87,67|40,87|14,44|39,72|40,18|97,81|42,1|40,97|63,83/40,72=40,14,44,39,72
70,93|19,40|71,69|31,71|96,95|69,68|68,84|31,46|91,13|31,91|13,96|29,45|15,16|94,29|31,15|16,70|46,94|31,0|40,30|0,19/31,30=31,0,19,40,30
34,88|34,22|69,0|24,30|34,61|2,39|88,45|22,40|17,85|85,73|40,69|72,25|34,72|95,2|61,17|34,13|93,55|13,95|45,93|25,24/34,73=34,61,17,85,73
78,81|61,59|3,83|17,69|48,99|57,56|11,48|3,17|22,25|81,57|59,71|3,11|83,22|65,61|25,58|99,88|3,78|72,79|3,65|69,72/3,58=3,83,22,25,58
10,62|29,95|55,19|22,20|20,68|24,55|18,22|90,79|59,81|87,8|95,90|8,38|29,34|29,30|29,10|29,18|34,24|79,93|62,59|30,87/29,81=29,10,62,59,81
17,4|91,58|98,83|98,54|23,17|12,71|38,23|80,3|98,90|39,32|98,38|90,39|35,73|54,88|32,53|83,80|98,35|73,12|3,67|88,91/98,71=98,35,73,12,71
83,35|74,8|83,46|44,30|63,18|83,94|46,45|81,14|45,58|18,81|33,44|65,31|83,63|35,33|37,74|94,65|83,37|8,21|58,75|31,43/83,30=83,35,33,44,30
23,31|32,23|79,97|45,87|25,42|43,37|21,32|6,19|69,70|97,25|13,6|11,48|37,13|85,45|43,66|66,85|43,21|43,79|70,11|43,69/43,31=43,21,32,23,31
8,73|8,78|12,84|64,59|76,49|8,12|48,47|45,64|5,45|49,96|73,24|24,25|47,0|78,48|40,76|8,40|8,5|84,42|25,88|42,1/8,88=8,73,24,25,88
3,53|37,78|40,37|17,67|69,46|3,31|57,27|78,24|3,17|61,69|35,73|53,41|31,35|46,80|3,40|3,61|45,68|41,57|67,45|73,98/3,80=3,61,69,46,80
35,62|55,13|71,2|71,60|33,1|5,78|0,17|58,98|60,55|67,6|91,38|71,33|78,35|71,5|2,67|71,0|6,11|1,58|17,91|13,29/71,11=71,2,67,6,11
9,34|10,84|73,19|9,33|0,21|9,14|14,37|34,52|33,89|37,66|9,56|9,10|89,0|56,43|63,85|66,74|52,63|84,73|43,68|68,81/9,19=9,10,84,73,19
73,72|29,85|82,99|23,73|54,12|12,29|16,54|16,81|16,42|87,82|11,20|27,11|16,17|39,87|95,64|64,18|17,27|42,95|16,39|81,23/16,20=16,17,27,11,20
73,93|73,24|24,77|93,52|73,78|73,68|73,66|49,9|52,23|66,12|77,49|23,0|92,16|94,40|98,94|12,84|68,98|16,88|84,29|78,92/73,29=73,66,12,84,29
41,11|49,51|26,57|86,49|11,25|39,3|41,44|54,29|44,92|61,32|67,59|36,35|41,67|25,36|92,39|87,86|41,61|32,26|41,87|59,54/41,57=41,61,32,26,57
94,29|94,20|94,89|67,28|94,76|53,57|61,60|28,14|57,72|76,12|13,61|20,67|12,63|63,42|46,9|29,13|94,71|9,93|71,46|89,53/94,14=94,20,67,28,14
15,0|92,65|0,13|15,7|75,76|15,77|51,74|7,94|53,67|15,51|76,22|15,55|55,75|85,6|77,63|93,82|13,85|94,92|74,93|63,53/15,65=15,7,94,92,65
97,16|79,20|72,73|22,1|60,38|73,25|72,29|72,79|29,67|33,22|67,49|72,71|49,87|55,75|25,55|3,60|20,97|71,33|72,81|81,3/72,75=72,73,25,55,75
27,58|94,90|80,97|68,63|92,94|90,80|36,68|41,60|3,41|5,56|58,49|60,13|92,12|92,36|99,57|92,5|56,99|63,42|92,3|12,27/92,97=92,94,90,80,97
23,6|27,43|43,86|2,80|36,1|73,70|90,78|78,18|27,23|27,10|31,37|39,73|46,36|64,90|56,46|27,64|10,39|6,31|27,56|86,2/27,37=27,23,6,31,37
59,92|12,98|92,72|7,96|71,88|12,7|85,86|96,10|88,26|12,5|82,45|98,59|12,71|12,49|49,82|10,41|5,22|45,48|26,23|22,85/12,72=12,98,59,92,72
0,63|82,18|12,21|82,32|82,33|64,69|83,25|32,12|82,76|21,93|18,30|60,8|69,38|82,0|63,3|3,5|76,78|30,60|33,64|78,83/82,8=82,18,30,60,8
66,23|48,61|84,68|64,96|56,41|41,66|73,55|88,84|88,87|63,36|96,35|88,82|82,63|87,54|88,56|54,48|36,19|21,64|88,21|68,73/88,23=88,56,41,66,23
48,5|65,52|94,74|2,10|13,48|99,13|94,55|94,99|52,75|33,68|74,2|94,35|31,33|10,57|53,37|94,30|55,31|30,56|35,65|56,53/94,37=94,30,56,53,37
36,82|53,37|36,35|35,53|68,9|37,75|66,58|10,50|36,66|73,7|50,20|82,45|47,10|36,47|45,73|36,68|9,54|18,44|54,83|58,18/36,7=36,82,45,73,7
29,97|34,44|75,42|88,91|29,61|71,85|30,25|74,54|29,49|35,55|97,71|61,74|85,86|29,34|29,30|49,75|42,39|25,35|54,58|44,88/29,58=29,61,74,54,58
44,92|39,55|43,70|55,63|41,47|23,68|47,23|39,41|67,62|62,88|39,67|39,1|70,19|66,0|1,44|92,52|88,83|19,65|63,66|39,43/39,52=39,1,44,92,52
38,97|27,16|97,91|5,37|18,27|91,7|18,3|41,5|18,38|3,43|53,58|75,44|18,20|85,75|18,85|16,53|51,32|43,51|44,13|20,41/18,32=18,3,43,51,32
88,95|59,54|15,93|15,74|13,87|93,70|82,80|4,65|15,19|80,13|15,82|15,4|65,66|66,3|74,98|70,88|19,59|54,99|98,72|72,23/15,23=15,74,98,72,23
66,56|88,46|28,4|34,93|52,32|56,11|8,94|92,83|94,52|37,92|34,22|46,6|34,8|48,37|93,66|34,97|34,48|97,43|22,88|43,28/34,32=34,8,94,52,32
9,11|34,52|90,49|25,9|73,90|64,80|32,93|34,60|56,83|15,67|93,41|52,32|34,15|34,25|34,64|89,47|60,73|11,28|80,89|67,56/34,28=34,25,9,11,28
14,30|87,89|84,77|70,27|62,65|76,31|54,76|62,54|31,24|12,36|62,87|95,58|62,63|65,2|62,12|89,70|96,14|2,95|36,84|63,96/62,27=62,87,89,70,27
7,48|24,94|24,76|22,10|24,84|78,58|31,15|17,98|75,78|15,77|24,17|24,75|48,2|58,99|94,28|52,43|98,52|76,31|28,22|84,7/24,10=24,94,28,22,10
5,31|29,3|84,18|41,71|15,29|37,63|63,52|7,49|18,50|66,5|84,37|10,66|84,7|49,30|52,13|3,34|30,26|50,41|84,10|84,15/84,13=84,37,63,52,13
77,64|58,77|78,34|11,83|10,18|53,2|53,58|53,40|94,43|53,38|49,9|75,78|18,94|40,11|83,91|53,10|38,75|9,17|2,49|64,57/53,17=53,2,49,9,17
60,88|41,74|74,94|48,73|45,39|55,10|22,83|83,57|82,47|39,82|23,48|88,55|41,22|73,84|41,45|94,92|57,40|41,60|92,19|41,23/41,10=41,60,88,55,10
80,47|24,7|43,58|7,36|26,50|80,91|47,26|41,24|67,31|63,67|23,16|80,23|51,96|50,52|80,41|64,60|91,63|80,51|96,64|16,43/80,36=80,41,24,7,36
83,72|82,39|26,61|26,44|59,7|61,82|26,83|39,94|72,1|65,38|1,18|26,33|19,11|44,19|10,59|26,10|7,85|38,75|33,65|11,62/26,94=26,61,82,39,94
34,81|50,83|69,6|64,50|78,9|79,88|81,98|41,78|51,41|38,79|51,27|9,53|27,64|52,69|51,49|6,2|87,38|51,52|51,87|49,34/51,98=51,49,34,81,98
67,30|37,82|52,94|67,86|67,89|44,37|67,93|93,16|9,99|59,13|86,44|89,88|13,76|30,59|16,9|69,32|67,52|94,69|88,83|83,24/67,82=67,86,44,37,82
20,59|20,9|97,24|48,25|9,48|20,92|88,51|8,30|91,76|30,74|42,97|25,55|20,42|74,13|24,11|20,8|92,91|70,88|59,70|76,34/20,34=20,92,91,76,34
0,83|6,11|43,14|5,25|46,6|14,33|46,5|78,84|84,81|56,0|46,78|25,49|33,10|11,94|81,54|46,43|46,56|83,92|94,42|49,1/46,54=46,78,84,81,54
77,15|90,97|77,61|15,89|36,82|23,29|77,78|89,23|19,39|77,95|67,36|24,58|13,50|39,13|61,70|78,67|77,19|97,10|70,24|95,90/77,10=77,95,90,97,10
42,67|55,9|4,22|74,39|38,26|65,55|21,6|38,96|38,85|26,74|48,4|85,48|39,56|61,42|66,17|67,34|96,65|38,66|17,21|38,61/38,34=38,61,42,67,34
46,41|75,58|28,69|58,20|71,44|95,26|72,0|56,18|88,75|26,46|18,72|71,55|55,28|16,29|71,56|71,95|44,31|31,16|71,88|69,52/71,41=71,95,26,46,41
2,42|5,64|59,90|76,20|7,5|13,28|15,57|7,37|7,82|49,68|68,22|57,2|90,30|7,35|35,13|37,59|64,76|82,49|7,15|28,73/7,73=7,35,13,28,73
18,76|35,46|69,47|73,35|5,26|18,84|18,34|51,39|18,9|76,69|9,67|84,73|17,75|18,5|26,17|47,63|34,19|67,0|0,70|19,51/18,63=18,76,69,47,63
59,95|77,47|40,70|1,58|47,85|1,71|44,49|3,23|85,97|54,59|1,77|81,15|70,81|23,68|71,54|49,20|31,44|1,31|58,3|1,40/1,68=1,58,3,23,68
81,38|14,50|66,31|97,61|88,92|46,40|14,97|14,76|22,46|90,70|70,51|62,22|50,90|14,82|14,62|31,28|38,4|76,66|61,88|82,81/14,4=14,82,81,38,4
92,98|51,40|52,92|40,88|51,27|57,10|16,82|51,52|42,49|49,57|51,42|30,14|91,20|67,68|68,26|51,91|98,31|88,30|27,67|20,16/51,10=51,42,49,57,10
66,67|88,45|66,65|26,5|61,84|44,74|66,88|67,37|37,3|62,97|84,14|74,28|66,18|15,26|65,61|3,55|24,44|45,62|18,15|66,24/66,28=66,24,44,74,28
70,63|97,90|21,29|75,59|67,75|57,28|0,89|90,11|67,79|67,61|89,57|74,70|67,97|61,74|67,0|29,32|79,21|13,98|11,66|59,13/67,66=67,97,90,11,66
72,11|1,27|9,78|9,1|78,3|84,48|51,42|74,51|9,63|63,6|9,72|3,84|27,88|42,34|91,58|6,19|19,41|11,91|88,73|9,74/9,41=9,63,6,19,41
11,41|84,76|27,23|55,69|27,13|23,68|29,11|68,55|27,88|54,2|2,32|1,5|62,9|76,39|13,54|88,29|5,62|27,84|27,1|39,56/27,9=27,1,5,62,9
58,1|29,65|41,44|41,97|25,82|41,98|43,23|23,79|41,58|44,95|48,25|97,43|98,55|82,93|41,48|85,22|1,61|95,85|55,29|61,84/41,84=41,58,1,61,84
78,12|72,61|76,34|59,43|59,90|67,54|36,68|59,78|54,72|12,31|43,24|80,47|90,80|24,94|59,36|47,53|31,60|94,30|59,67|68,76/59,60=59,78,12,31,60
40,46|14,45|74,73|38,62|38,43|80,32|90,40|23,14|38,90|38,80|95,9|38,23|94,93|46,57|43,2|48,74|62,48|45,92|2,94|32,95/38,92=38,23,14,45,92
48,5|84,51|44,62|29,18|44,7|44,84|55,19|1,40|43,48|44,9|7,98|58,91|19,8|62,55|44,33|51,58|98,1|9,29|18,50|33,43/44,40=44,7,98,1,40
94,28|40,59|58,35|58,31|58,93|35,47|38,33|56,94|12,40|82,77|31,54|85,12|47,38|91,56|93,82|54,5|5,48|58,91|77,22|58,85/58,33=58,35,47,38,33
14,30|65,36|95,58|70,27|62,63|96,84|54,96|62,54|84,24|87,2|62,65|31,77|62,12|63,89|62,87|36,70|76,14|89,31|2,95|12,76/62,27=62,65,36,70,27
46,40|27,52|77,73|57,27|73,9|48,58|40,8|79,57|12,83|79,12|52,32|33,46|79,77|9,89|79,33|56,4|79,5|5,53|83,48|53,56/79,58=79,12,83,48,58
38,53|1,48|53,80|56,47|19,45|19,38|54,62|47,69|85,40|0,11|40,1|64,56|11,27|19,64|41,0|19,41|45,54|80,7|19,85|62,67/19,48=19,85,40,1,48
47,32|42,73|53,47|30,39|9,30|32,14|92,6|53,81|53,42|40,28|17,10|14,59|28,17|58,92|45,2|73,45|53,54|54,9|81,58|53,40/53,6=53,81,58,92,6
70,20|43,73|43,70|58,6|98,72|73,92|43,76|3,65|37,32|74,98|34,13|92,3|18,28|76,18|20,34|43,81|32,58|28,49|81,74|43,37/43,65=43,73,92,3,65
58,5|13,17|24,13|68,11|11,48|86,24|18,88|50,63|63,69|86,79|17,3|44,58|86,45|79,44|45,50|86,25|86,68|48,52|25,18|88,36/86,36=86,25,18,88,36
38,73|55,65|65,42|99,38|80,41|52,87|55,95|61,23|69,34|55,32|42,80|55,99|95,52|55,69|73,7|87,72|32,89|34,60|89,61|60,71/55,23=55,32,89,61,23
32,60|60,50|9,52|32,41|50,85|81,28|57,30|41,96|32,38|21,61|34,73|28,34|10,21|96,57|47,9|5,47|32,81|38,10|85,39|32,5/32,73=32,81,28,34,73
33,83|65,70|81,15|81,26|81,23|60,75|90,14|83,94|4,2|81,90|23,60|16,51|51,65|14,25|81,16|25,27|15,33|75,3|21,4|26,21/81,2=81,26,21,4,2
10,73|26,21|99,61|21,87|87,13|57,72|9,39|10,43|43,52|10,9|73,15|1,12|74,50|52,99|39,57|10,74|50,1|15,85|85,31|10,26/10,12=10,74,50,1,12
6,21|57,28|51,80|46,51|57,38|38,20|27,24|57,10|10,41|19,46|60,56|57,19|41,60|76,25|74,32|28,76|57,27|24,6|20,74|25,14/57,32=57,38,20,74,32
32,35|46,74|43,46|34,98|35,51|38,43|51,71|32,34|94,41|32,58|32,38|97,9|78,54|84,72|72,78|71,99|32,84|58,94|41,33|98,97/32,74=32,38,43,46,74
82,98|49,16|51,35|92,82|13,87|90,6|79,22|6,13|8,48|66,97|51,85|42,49|85,79|35,92|96,42|51,96|48,66|51,90|22,38|51,8/51,98=51,35,92,82,98
37,28|86,11|37,38|49,25|38,98|89,86|51,30|37,21|59,89|72,51|1,80|98,1|46,49|37,8|21,46|8,5|5,62|62,88|37,59|28,72/37,88=37,8,5,62,88
27,69|27,57|33,99|17,32|99,5|57,33|20,6|1,53|76,80|69,81|27,20|27,62|58,1|6,17|62,76|27,58|51,7|53,61|81,51|80,15/27,32=27,20,6,17,32
33,68|37,86|72,33|55,17|64,54|37,60|54,67|29,32|86,72|98,87|37,55|37,64|87,36|60,29|67,81|17,9|37,66|9,50|66,98|32,90/37,81=37,64,54,67,81
84,39|66,28|58,66|91,65|27,63|97,10|40,89|27,40|27,41|41,91|29,92|27,58|10,38|27,97|89,84|28,8|38,7|63,67|65,80|67,29/27,8=27,58,66,28,8
38,28|47,33|57,68|28,26|5,70|86,73|26,5|38,0|38,47|20,43|43,78|31,20|38,31|0,9|38,57|68,61|8,19|61,95|33,8|9,86/38,78=38,31,20,43,78
28,66|10,86|93,2|82,11|2,49|54,94|82,3|11,25|27,40|81,4|94,10|33,76|40,81|82,27|32,74|82,32|3,93|82,54|74,28|25,33/82,76=82,11,25,33,76
22,10|6,91|58,25|21,84|26,71|21,85|84,87|23,20|85,4|64,43|4,23|25,64|91,26|38,22|10,46|21,58|87,97|21,38|97,63|21,6/21,43=21,58,25,64,43
66,24|18,66|2,21|5,50|21,55|75,48|89,73|48,92|50,46|2,13|34,4|2,5|43,34|2,75|13,43|55,89|92,9|2,18|24,84|46,22/2,73=2,21,55,89,73
0,64|96,82|44,33|82,61|28,97|64,62|33,28|60,0|55,49|61,38|96,44|96,59|96,55|96,60|95,87|38,10|16,53|49,95|59,16|53,27/96,62=96,60,0,64,62
75,73|27,47|61,54|21,83|73,41|11,55|83,97|94,67|97,72|55,27|72,1|41,51|21,94|42,60|66,61|21,11|21,66|21,75|54,87|67,42/21,1=21,83,97,72,1
73,68|73,66|66,52|68,12|73,78|73,24|73,93|23,0|12,16|93,77|52,23|16,9|98,49|94,40|92,94|77,84|24,92|49,88|84,29|78,98/73,29=73,93,77,84,29
60,0|74,81|76,85|85,31|99,91|59,37|26,78|82,42|60,46|68,74|78,89|81,94|60,59|37,99|60,68|42,38|60,76|31,17|46,82|0,26/60,17=60,76,85,31,17
17,97|36,41|16,6|74,12|12,73|16,74|16,88|73,30|4,92|55,27|16,36|27,17|88,79|6,77|77,67|41,4|67,32|79,24|24,47|16,55/16,32=16,6,77,67,32
10,76|15,96|30,43|27,80|14,28|10,18|10,30|18,27|64,6|10,64|43,56|16,51|76,15|32,36|96,78|56,40|28,32|10,14|80,92|6,16/10,92=10,18,27,80,92
22,39|50,24|1,85|39,76|49,1|36,63|85,43|76,89|20,22|20,75|96,70|20,50|19,36|80,17|24,80|75,96|63,25|20,49|20,19|70,58/20,17=20,50,24,80,17
11,35|17,26|80,6|38,23|80,17|80,9|66,91|6,38|25,67|63,39|9,82|23,61|26,96|80,25|82,66|5,63|0,5|96,29|80,0|67,11/80,61=80,6,38,23,61
51,32|28,76|95,61|41,85|95,27|27,36|90,72|20,37|32,17|95,46|57,90|85,87|17,59|46,57|95,51|36,20|95,6|6,84|61,41|84,28/95,37=95,27,36,20,37
34,57|87,26|12,28|12,1|13,29|28,34|29,49|42,64|12,13|64,98|12,65|27,41|98,81|1,69|41,40|57,54|69,87|12,42|65,27|49,86/12,26=12,1,69,87,26
78,1|32,24|1,30|97,78|79,73|10,12|92,58|44,10|66,77|12,66|9,79|63,92|44,57|57,6|6,32|44,9|58,20|44,97|73,34|44,63/44,24=44,57,6,32,24
37,98|9,7|98,21|20,29|93,12|61,65|57,61|87,42|20,41|20,48|22,87|29,96|53,51|20,93|96,53|48,57|21,82|41,22|20,37|12,9/20,7=20,93,12,9,7
77,43|63,77|5,99|49,39|48,78|67,76|43,11|85,23|85,67|78,79|23,48|39,5|85,63|36,12|97,70|85,97|70,36|76,59|85,49|59,81/85,99=85,49,39,5,99
77,12|46,10|37,89|37,55|12,2|55,11|86,71|47,63|34,20|11,86|10,6|95,96|37,40|40,77|6,57|37,46|63,34|89,95|37,47|96,38/37,2=37,40,77,12,2
88,16|55,35|21,27|39,84|72,88|0,32|50,62|39,55|27,51|39,61|35,96|96,29|62,67|61,0|39,50|37,72|84,21|39,37|67,44|32,59/39,44=39,50,62,67,44
37,76|88,82|19,88|53,49|68,23|41,18|90,71|71,37|19,41|49,21|19,90|51,17|18,3|19,53|84,51|3,95|82,68|70,84|21,33|19,70/19,95=19,41,18,3,95
28,53|77,98|14,21|53,77|93,9|5,19|21,75|51,96|19,94|91,51|46,93|91,14|96,73|29,5|73,4|91,28|91,46|91,29|75,12|9,99/91,98=91,28,53,77,98
93,44|97,1|88,81|85,82|44,28|38,29|85,98|70,88|29,94|85,79|98,10|82,97|57,58|85,70|79,38|85,93|81,25|10,57|28,74|1,91/85,74=85,93,44,28,74
42,72|60,81|63,60|99,21|50,69|99,63|88,56|56,97|49,13|81,47|6,88|99,89|99,80|66,50|21,66|72,34|13,96|99,6|89,42|80,49/99,69=99,21,66,50,69
49,30|55,21|2,76|21,81|2,52|58,37|57,34|76,29|8,50|52,0|0,58|81,33|53,56|29,49|70,26|2,8|2,53|56,70|2,55|50,57/2,30=2,76,29,49,30
36,26|16,38|50,63|31,35|10,46|72,94|97,50|61,58|23,4|58,10|94,23|35,60|16,11|16,61|16,36|11,97|38,31|16,72|59,12|26,59/16,63=16,11,97,50,63
91,3|50,90|4,12|81,9|82,50|59,89|82,67|31,26|49,84|89,31|82,59|45,29|82,45|90,4|3,40|67,48|21,91|29,49|82,21|48,81/82,9=82,67,48,81,9
2,69|69,90|33,17|33,46|35,61|82,16|33,73|16,29|46,82|17,2|83,71|70,36|31,70|61,0|71,60|33,19|73,31|6,35|33,6|19,83/33,0=33,6,35,61,0
93,53|93,72|21,73|93,1|5,2|44,47|27,74|93,19|73,97|72,21|19,86|7,31|87,44|53,87|94,26|1,17|74,7|17,94|86,5|93,27/93,31=93,27,74,7,31
65,64|56,57|65,33|10,12|92,93|65,92|11,29|64,11|87,70|3,87|57,35|93,1|12,32|65,76|76,10|1,95|29,91|33,3|77,56|65,77/65,70=65,33,3,87,70
60,54|60,30|42,13|94,16|54,75|34,93|38,14|31,39|90,38|60,99|75,94|26,33|60,26|13,69|60,34|30,90|99,42|83,55|33,83|93,31/60,69=60,99,42,13,69
18,83|5,9|50,71|61,97|18,68|68,77|18,61|70,29|23,24|77,70|76,50|2,48|48,47|24,16|52,76|18,2|83,23|47,19|97,5|18,52/18,9=18,61,97,5,9
84,41|88,70|88,81|70,61|73,47|16,46|19,92|65,83|88,16|88,65|81,85|46,76|76,17|47,26|85,19|61,84|79,73|88,79|68,37|83,68/88,26=88,79,73,47,26
93,96|9,7|96,61|20,41|48,22|53,65|98,53|87,51|20,37|20,29|12,87|41,57|21,42|20,48|57,21|29,98|61,82|37,12|20,93|22,9/20,7=20,48,22,9,7
96,3|79,38|9,68|68,39|96,9|96,93|96,37|96,70|41,8|15,81|92,27|11,92|70,78|13,41|78,79|93,75|39,72|75,15|37,11|3,13/96,72=96,9,68,39,72
40,66|29,28|63,47|5,8|47,77|72,53|43,9|79,1|2,72|43,79|43,34|43,2|87,5|53,99|43,87|9,10|8,82|10,40|1,29|34,63/43,82=43,87,5,8,82
88,71|53,67|29,43|64,29|31,64|99,47|31,97|31,17|97,95|71,36|83,9|43,37|31,46|31,41|17,88|95,99|9,87|67,19|41,83|46,53/31,87=31,41,83,9,87
69,73|8,4|38,78|9,26|13,8|49,69|55,60|38,34|20,9|4,39|45,20|38,13|78,55|38,45|36,56|54,49|34,3|38,54|3,36|60,84/38,56=38,34,3,36,56
95,17|8,72|14,95|76,85|66,14|86,33|66,38|99,94|66,73|17,88|85,15|33,36|73,86|60,8|66,76|38,60|48,99|66,48|15,56|94,68/66,68=66,48,99,94,68
18,54|36,87|87,13|49,70|77,41|38,49|72,38|77,72|95,88|54,63|13,19|88,35|41,37|29,95|37,22|77,36|77,29|63,73|22,94|77,18/77,70=77,72,38,49,70
4,10|9,42|83,52|28,96|62,9|4,19|38,83|7,62|10,76|63,38|81,47|4,63|47,54|71,81|77,30|78,77|4,7|19,78|4,71|76,28/4,30=4,19,78,77,30
64,75|12,37|19,39|75,93|0,4|64,43|93,71|24,88|4,24|90,61|71,82|64,0|64,12|16,62|50,90|43,50|64,19|39,32|32,29|37,16/64,61=64,43,50,90,61
65,67|97,40|50,97|50,66|50,84|50,13|14,15|30,36|40,31|79,46|31,18|38,47|67,69|84,65|15,79|86,30|66,76|13,86|76,38|50,14/50,69=50,84,65,67,69
80,0|1,96|77,89|80,72|47,91|72,53|96,22|71,67|53,85|80,77|89,71|3,60|0,3|80,30|8,47|60,97|30,8|85,20|80,23|23,1/80,97=80,0,3,60,97
63,89|85,40|52,83|46,48|67,85|54,61|60,74|46,0|89,60|0,67|73,95|95,52|6,28|46,54|48,16|61,10|46,73|46,63|10,21|16,6/46,83=46,73,95,52,83
5,40|87,24|60,12|61,47|54,5|64,85|64,8|24,70|58,54|38,32|47,31|64,61|85,60|70,88|64,58|12,90|8,53|53,38|31,25|64,87/64,32=64,8,53,38,32
0,57|50,63|0,1|36,80|37,83|48,37|4,75|89,36|0,48|80,40|93,81|0,89|0,95|31,50|95,51|81,23|51,4|57,93|1,31|83,79/0,23=0,57,93,81,23
63,58|46,17|38,46|33,94|96,9|21,33|0,92|21,30|9,0|21,34|21,96|62,56|41,52|34,41|30,38|21,82|94,63|52,26|82,83|83,62/21,92=21,96,9,0,92
88,54|40,62|7,25|58,5|0,23|23,70|70,49|58,85|20,88|77,96|58,24|24,20|58,12|58,0|85,40|12,64|16,7|64,77|62,1|5,16/58,25=58,5,16,7,25
55,72|72,46|6,24|13,10|48,19|47,13|48,85|45,33|48,32|24,64|85,47|69,82|48,60|33,25|19,6|60,69|32,55|82,41|75,45|48,75/48,41=48,60,69,82,41
20,40|21,90|46,45|72,46|0,31|33,50|45,20|95,70|72,95|47,21|69,7|31,82|72,69|30,25|72,32|7,33|32,0|72,47|90,34|70,30/72,50=72,69,7,33,50
55,73|53,30|23,46|42,12|0,8|10,0|42,3|42,81|88,6|12,88|60,53|42,65|19,5|3,19|6,61|65,10|46,55|42,23|81,60|5,38/42,61=42,12,88,6,61
67,84|59,20|84,95|20,19|86,51|77,56|28,40|19,4|59,77|59,67|64,47|95,16|47,28|56,9|4,26|60,99|59,86|59,64|9,44|51,60/59,99=59,86,51,60,99
33,99|1,93|47,70|37,25|64,69|69,96|25,64|37,8|28,34|34,62|99,18|37,24|7,1|18,84|70,51|24,47|9,7|37,9|8,28|37,33/37,51=37,24,47,70,51
8,70|32,43|3,8|50,80|13,32|56,7|63,98|98,18|56,13|82,45|58,82|43,16|56,46|56,58|45,53|78,50|34,3|56,34|7,78|46,63/56,80=56,7,78,50,80
35,4|12,52|18,16|35,14|4,72|29,15|14,54|16,12|54,45|28,32|93,17|35,18|45,62|5,61|35,93|35,31|72,29|32,50|31,28|17,5/35,62=35,14,54,45,62
21,84|6,76|15,98|48,13|56,57|48,6|3,2|29,32|48,91|98,97|50,56|42,33|91,15|48,3|13,50|2,42|48,63|63,75|75,29|76,21/48,33=48,3,2,42,33
52,63|85,61|62,71|98,25|86,52|76,11|28,13|97,92|92,41|62,97|62,98|62,88|13,5|11,87|62,76|87,24|41,33|88,86|71,28|25,85/62,61=62,98,25,85,61
52,78|98,52|93,98|4,16|34,9|70,80|9,61|86,50|26,34|80,71|93,4|8,70|16,31|93,86|78,41|93,26|50,18|31,76|93,8|18,44/93,61=93,26,34,9,61
29,25|72,42|54,45|37,56|37,48|40,28|71,72|14,44|6,54|56,91|86,40|37,77|91,14|37,70|77,29|70,86|23,71|37,23|48,6|25,78/37,28=37,70,86,40,28
8,77|4,31|23,70|61,83|93,71|80,88|71,61|93,72|94,10|83,92|26,23|10,7|72,94|93,80|70,74|93,4|93,26|88,1|1,35|31,8/93,77=93,4,31,8,77
84,7|63,4|23,94|21,39|45,89|84,23|99,27|84,21|39,61|11,86|8,11|81,10|7,8|84,81|61,12|94,2|4,99|10,45|84,63|2,46/84,89=84,81,10,45,89
63,91|59,92|63,97|76,50|91,25|7,30|63,61|63,56|90,5|34,62|54,37|56,98|25,59|98,90|97,38|15,34|61,15|63,7|38,76|30,54/63,92=63,91,25,59,92
49,0|86,95|95,49|60,69|74,88|69,2|61,92|92,87|41,13|84,99|2,29|39,86|12,41|39,60|39,12|30,61|13,71|99,74|39,84|39,30/39,88=39,84,99,74,88
78,59|53,37|34,98|42,46|99,74|37,95|61,18|64,92|18,64|98,78|74,39|43,53|20,99|46,68|61,43|8,42|92,54|61,20|61,8|61,34/61,39=61,20,99,74,39
24,6|72,34|24,68|6,72|38,58|99,42|68,29|24,39|54,57|29,1|34,56|57,38|1,64|24,54|40,94|39,46|46,40|24,35|35,67|67,99/24,58=24,54,57,38,58
92,15|19,94|58,4|15,19|33,54|85,49|30,58|39,92|39,33|93,84|5,93|90,37|49,6|88,85|95,5|54,90|39,95|53,30|39,88|39,53/39,4=39,53,30,58,4
40,35|79,40|18,29|44,18|37,79|37,70|35,14|96,46|34,94|94,85|66,25|25,75|75,62|81,34|17,84|37,66|70,44|46,17|37,96|37,81/37,62=37,66,25,75,62
3,25|7,66|35,57|80,36|3,98|29,46|3,7|57,17|66,29|3,41|25,21|11,26|64,35|33,71|41,33|3,64|21,80|98,6|6,11|71,38/3,26=3,98,6,11,26
1,95|52,4|66,34|76,67|39,18|17,76|87,32|1,66|60,49|6,90|67,62|95,23|34,44|49,52|1,87|23,6|1,17|44,75|32,39|1,60/1,75=1,66,34,44,75
3,15|80,84|25,74|79,91|15,27|38,88|25,49|49,42|25,92|77,52|91,59|96,44|44,38|74,3|92,79|81,72|25,96|42,80|52,81|25,77/25,88=25,96,44,38,88
69,90|95,16|99,22|54,95|79,30|54,99|54,85|16,45|61,71|78,80|22,84|12,83|54,61|71,12|54,78|84,44|80,69|30,43|45,46|85,79/54,44=54,99,22,84,44
84,66|66,2|96,33|56,35|2,46|35,4|46,79|6,56|84,44|5,58|48,5|33,45|44,96|84,91|50,26|26,85|52,50|84,6|84,52|91,48/84,58=84,91,48,5,58
67,73|83,72|67,32|44,46|64,42|50,80|54,35|67,50|46,83|80,0|67,44|56,53|0,91|32,51|51,54|67,86|53,36|73,64|42,22|86,56/67,36=67,86,56,53,36
78,14|40,37|34,78|33,3|48,20|63,59|3,57|75,68|75,83|83,63|37,5|10,48|20,8|54,40|75,10|59,92|68,34|75,54|57,88|75,33/75,8=75,10,48,20,8
5,34|90,19|34,91|90,48|18,36|48,42|75,17|19,5|86,43|46,98|90,86|85,67|90,59|12,52|41,46|59,41|17,85|43,12|42,18|90,75/90,52=90,86,43,12,52
58,30|86,27|55,90|58,24|58,77|19,86|58,19|83,14|18,36|30,83|77,18|2,55|58,43|24,2|91,23|43,4|14,82|4,91|36,39|27,72/58,23=58,43,4,91,23
63,70|46,20|63,51|32,77|90,13|69,8|80,72|92,91|77,3|55,90|63,0|63,46|12,87|20,80|70,32|51,12|63,69|8,92|0,55|87,27/63,3=63,70,32,77,3
12,95|32,40|39,1|92,64|71,92|40,39|32,71|27,73|33,49|95,29|73,33|32,15|10,82|21,10|64,54|1,88|32,27|82,22|15,12|32,21/32,22=32,21,10,82,22
63,97|59,92|63,91|90,50|97,30|7,38|63,61|63,56|76,37|54,5|34,62|56,98|30,59|98,76|91,25|15,54|61,15|63,7|25,90|38,34/63,92=63,97,30,59,92
54,4|22,29|58,61|94,32|85,23|67,51|63,94|23,63|56,54|85,22|51,76|61,78|85,20|76,48|45,93|85,67|85,56|29,45|20,58|4,34/85,34=85,56,54,4,34
78,56|38,74|24,16|24,19|24,28|53,82|16,15|25,88|19,25|28,0|74,35|30,89|24,78|0,30|15,2|24,93|56,53|88,4|93,38|2,33/24,4=24,19,25,88,4
18,61|11,56|82,4|18,99|8,11|39,36|67,82|91,67|69,20|18,91|61,8|73,89|49,45|99,73|18,49|25,5|89,13|18,25|45,69|5,39/18,20=18,49,45,69,20
33,54|39,70|70,92|39,55|51,35|57,33|63,76|92,77|78,63|56,67|39,53|39,56|53,24|77,49|39,57|67,51|24,82|55,78|54,30|82,28/39,76=39,55,78,63,76
76,91|56,6|1,41|12,40|99,75|12,38|7,99|83,52|16,14|40,7|12,3|6,1|53,83|3,53|49,16|38,64|14,51|64,76|12,56|12,49/12,52=12,3,53,83,52
27,53|75,65|53,3|74,37|14,29|15,39|61,70|3,15|34,64|19,74|20,19|29,34|27,61|27,14|65,76|27,20|27,67|70,11|67,75|11,52/27,64=27,14,29,34,64
48,93|6,47|54,34|14,37|6,16|16,68|36,54|77,3|93,58|25,40|60,48|6,14|89,1|68,77|37,89|47,25|6,75|6,60|40,82|75,36/6,34=6,75,36,54,34
2,83|53,17|2,7|66,89|46,45|39,19|2,46|2,56|83,86|26,53|86,38|89,8|56,66|45,39|14,96|2,26|96,18|7,14|17,28|38,57/2,57=2,83,86,38,57
47,65|62,13|39,62|60,49|21,3|92,66|94,32|9,91|23,92|45,47|8,10|45,94|32,9|45,97|3,8|65,60|97,39|45,23|45,21|66,42/45,10=45,21,3,8,10
43,62|79,58|18,35|73,7|84,43|41,17|79,18|35,12|36,25|74,93|79,34|34,41|79,36|92,74|58,92|25,73|12,5|88,84|79,88|17,82/79,62=79,88,84,43,62
2,52|40,5|20,54|59,83|52,31|25,0|11,44|1,39|83,66|25,59|25,20|39,79|5,86|54,11|25,88|66,3|88,2|79,94|25,1|0,40/25,44=25,20,54,11,44
91,67|32,29|51,5|75,98|91,0|0,39|48,25|39,51|29,47|67,83|25,70|56,35|70,62|83,75|91,48|91,32|35,4|47,28|91,56|4,54/91,28=91,32,29,47,28
85,43|76,40|25,52|11,85|40,1|11,64|11,31|43,55|64,75|39,20|52,67|20,15|11,39|15,68|11,76|13,38|31,25|55,58|1,90|75,13/11,58=11,85,43,55,58
82,19|95,85|37,21|19,10|20,18|24,49|37,38|21,63|63,26|37,9|1,30|79,24|18,1|7,88|26,23|9,82|85,7|37,20|38,79|37,95/37,10=37,9,82,19,10
7,27|42,4|65,99|74,42|72,89|12,13|33,91|29,39|24,82|10,72|99,12|24,10|89,9|96,74|24,29|82,2|2,33|39,7|24,65|24,96/24,9=24,10,72,89,9
63,75|53,96|93,84|76,99|84,6|44,23|6,62|75,92|94,63|23,16|80,74|93,80|74,53|16,64|93,7|52,76|7,52|93,94|93,44|62,72/93,96=93,80,74,53,96
2,75|27,38|14,8|8,2|6,10|69,81|36,44|42,69|75,67|81,1|99,92|23,82|70,36|44,93|14,42|14,27|38,6|14,23|14,70|82,99/14,1=14,42,69,81,1
97,0|64,50|13,60|75,7|73,52|93,32|13,40|60,75|13,64|13,73|50,97|13,96|25,30|32,37|7,44|96,87|87,66|52,25|66,18|40,93/13,37=13,40,93,32,37
17,48|25,16|3,34|41,33|87,2|33,89|47,76|17,54|43,12|48,41|17,75|54,3|75,93|93,87|17,25|34,24|36,1|17,47|76,36|16,43/17,1=17,47,76,36,1
52,95|10,24|72,67|95,10|17,94|4,19|37,27|39,60|19,0|67,77|72,4|23,78|94,23|77,37|58,39|0,79|72,17|72,45|45,58|72,52/72,60=72,45,58,39,60
12,16|96,25|96,12|25,62|36,18|78,75|5,36|50,79|96,66|6,31|28,33|31,74|79,98|62,28|96,50|96,6|66,5|74,3|98,53|16,78/96,33=96,25,62,28,33
2,6|36,75|68,73|82,2|31,98|72,30|73,64|6,67|31,79|31,82|64,45|98,7|75,39|52,54|7,74|79,36|31,52|31,68|74,63|54,72/31,45=31,68,73,64,45
79,7|60,20|37,51|66,37|55,22|52,79|91,2|22,73|45,67|45,52|2,62|45,66|93,91|7,74|51,47|45,93|67,55|20,64|65,60|45,65/45,74=45,52,79,7,74
28,3|63,91|28,57|44,39|71,43|49,71|86,29|57,49|28,63|58,21|21,4|29,52|3,44|68,27|28,24|91,68|28,35|24,58|35,86|39,54/28,43=28,57,49,71,43
37,48|34,38|91,40|99,47|25,37|99,7|63,91|90,15|99,85|47,25|7,34|98,64|46,90|85,63|99,60|60,98|38,8|99,67|64,10|67,46/99,10=99,60,98,64,10
38,23|23,37|60,87|82,51|40,38|66,4|66,36|54,72|44,20|4,49|76,8|20,76|66,44|66,40|66,82|36,54|0,84|51,60|72,5|49,0/66,87=66,82,51,60,87
8,12|66,52|21,86|66,76|66,38|64,21|88,81|43,8|81,92|79,13|67,43|42,71|71,90|13,98|86,26|76,79|52,88|66,64|38,42|66,67/66,90=66,38,42,71,90
36,83|7,42|19,1|46,55|85,93|71,7|26,2|46,71|52,26|43,21|55,19|97,52|1,8|46,11|46,43|93,6|46,97|21,36|42,15|11,85/46,2=46,97,52,26,2
83,73|34,48|28,93|92,90|28,20|32,19|79,32|55,78|56,64|28,34|90,47|64,44|48,55|44,96|93,83|28,56|19,12|20,92|73,13|28,79/28,13=28,93,83,73,13
48,73|77,48|64,63|64,45|20,38|47,2|22,7|7,14|64,82|45,32|64,42|42,20|14,46|38,44|32,47|64,22|78,12|63,77|12,11|82,78/64,73=64,63,77,48,73
33,6|96,59|32,11|54,33|68,4|92,35|54,64|49,68|22,46|4,52|54,96|6,32|99,8|35,34|64,99|54,29|54,49|29,92|8,87|59,22/54,87=54,64,99,8,87
40,60|48,67|48,72|15,16|48,74|67,52|16,20|36,30|48,40|73,34|20,56|19,36|72,58|60,73|95,50|52,22|22,4|48,15|58,95|74,19/48,34=48,40,60,73,34
67,88|21,50|42,25|16,42|50,71|38,35|36,97|88,8|95,36|21,30|25,83|97,91|2,23|21,37|74,38|37,67|21,16|71,2|30,74|21,95/21,83=21,16,42,25,83
6,11|6,60|11,21|44,79|37,31|61,72|72,70|21,36|10,92|31,27|92,38|6,10|6,90|5,44|38,49|36,35|50,5|6,50|90,37|60,61/6,35=6,11,21,36,35
25,85|26,93|86,82|86,39|86,75|93,4|19,90|90,71|86,19|82,38|39,60|58,10|5,64|4,88|60,58|38,25|86,26|75,5|71,99|64,40/86,40=86,75,5,64,40
49,32|38,83|40,67|53,57|57,42|19,38|42,65|29,90|53,60|48,40|60,33|23,3|53,49|34,48|65,22|53,19|83,95|53,34|32,23|33,29/53,22=53,57,42,65,22
15,28|0,43|11,56|7,46|87,58|22,11|46,3|3,40|43,50|82,14|47,62|0,15|5,75|0,7|50,82|0,5|0,71|75,87|71,22|28,47/0,40=0,7,46,3,40
13,45|6,2|32,83|5,66|52,5|32,50|80,86|81,13|99,6|32,70|56,52|45,67|50,55|30,80|83,99|55,87|32,81|70,30|32,56|87,51/32,51=32,50,55,87,51
88,17|45,75|65,34|36,65|75,82|43,42|14,39|18,43|18,44|18,6|93,74|62,96|17,93|18,88|42,62|39,29|85,45|18,85|6,14|44,36/18,96=18,43,42,62,96
17,32|58,42|38,17|63,65|83,23|24,38|24,58|24,5|24,63|87,56|56,97|7,71|42,82|71,83|5,87|88,98|32,37|65,88|82,81|24,7/24,37=24,38,17,32,37
66,98|3,14|43,29|16,41|3,16|48,66|22,33|27,60|41,43|33,95|83,48|3,83|46,27|95,76|39,58|3,65|14,39|65,46|3,22|58,70/3,98=3,83,48,66,98
7,34|34,90|94,69|62,94|2,30|91,80|42,21|20,2|39,76|16,39|91,20|57,7|30,25|91,57|91,62|91,56|80,16|21,92|69,96|56,42/91,92=91,56,42,21,92
96,3|50,9|48,22|79,13|13,78|22,49|99,4|99,48|4,7|42,24|99,82|49,61|3,42|78,12|45,26|99,79|82,45|7,50|26,41|99,96/99,24=99,96,3,42,24
4,18|8,49|56,4|59,56|85,60|37,33|94,8|59,82|59,85|35,37|59,35|53,40|84,29|59,94|60,84|49,44|40,78|82,53|33,58|18,66/59,66=59,56,4,18,66
47,40|72,71|89,80|49,97|80,49|32,93|75,76|48,4|32,15|15,63|32,8|71,59|32,48|24,13|4,24|38,75|8,38|63,47|93,72|32,89/32,59=32,93,72,71,59
86,65|68,92|3,28|68,3|35,13|74,59|68,73|49,96|73,33|67,63|68,74|92,23|69,25|28,35|96,80|59,86|23,69|80,58|68,49|33,67/68,13=68,3,28,35,13
62,67|22,0|71,22|51,84|86,66|8,11|71,68|71,36|66,83|32,56|95,21|0,32|71,18|21,52|68,95|18,62|36,86|71,51|84,8|67,39/71,52=71,68,95,21,52
50,59|93,81|49,20|81,85|85,80|13,7|93,3|94,44|26,24|93,26|83,13|93,19|93,83|78,49|80,67|24,94|7,64|3,78|48,50|19,48/93,59=93,19,48,50,59
0,31|0,17|51,6|0,12|63,39|86,76|12,23|28,5|23,86|17,63|39,59|31,60|0,96|60,21|21,11|0,41|41,28|96,51|5,97|6,99/0,97=0,41,28,5,97
80,7|73,10|63,22|29,44|44,63|51,27|10,94|30,46|26,71|29,26|29,90|27,0|90,73|71,80|0,85|93,30|29,74|29,51|22,16|74,93/29,7=29,26,71,80,7
82,95|92,3|45,1|67,38|3,45|2,28|82,92|82,9|57,6|95,4|41,98|28,67|82,57|73,10|4,80|80,8|9,49|49,73|82,2|6,41/82,8=82,95,4,80,8
34,58|92,10|18,62|34,92|29,22|40,98|62,94|34,37|58,6|10,27|6,29|34,97|37,40|34,32|98,16|97,18|32,69|35,12|27,50|69,35/34,22=34,58,6,29,22
3,62|4,22|87,68|30,40|6,56|97,23|4,78|4,30|90,25|82,6|22,3|56,88|4,8|25,72|62,34|78,90|8,87|40,97|68,5|4,82/4,23=4,30,40,97,23
75,66|75,76|53,12|54,30|30,46|67,54|24,77|40,70|70,39|47,55|75,22|34,40|77,61|75,34|89,53|66,24|22,31|75,67|31,47|76,89/75,46=75,67,54,30,46
66,37|47,23|59,66|15,92|54,41|74,45|92,47|74,85|41,38|55,54|74,21|21,59|74,55|74,15|29,60|87,8|80,29|85,87|8,84|45,80/74,60=74,45,80,29,60
43,84|2,47|52,24|92,52|24,15|2,92|34,29|2,25|54,59|77,44|59,22|22,37|44,4|25,89|2,60|60,77|2,54|58,43|89,34|47,58/2,84=2,47,58,43,84
74,86|59,26|66,60|65,11|49,55|86,57|41,22|41,49|41,69|63,93|83,47|98,66|55,63|11,59|60,85|22,74|41,98|41,65|69,25|25,83/41,47=41,69,25,83,47
26,23|49,3|69,95|95,51|26,81|3,87|63,2|42,68|0,72|68,66|26,86|86,69|81,49|2,57|23,88|90,63|88,0|66,75|26,42|26,90/26,72=26,23,88,0,72
99,66|18,61|66,0|99,42|27,91|42,40|47,25|83,43|88,11|99,50|59,83|99,76|0,7|7,30|76,18|91,88|40,47|50,59|61,1|99,27/99,43=99,50,59,83,43
0,24|39,10|97,47|62,53|10,38|55,98|53,0|4,74|98,11|74,88|66,4|62,13|14,97|24,80|13,39|62,55|47,89|62,14|62,66|11,49/62,89=62,14,97,47,89
4,66|66,79|58,85|96,63|36,86|87,27|9,8|9,37|33,99|9,36|30,96|37,30|86,45|99,31|85,87|8,33|79,54|9,58|9,4|45,57/9,54=9,4,66,79,54
63,30|31,40|35,77|94,34|83,94|35,24|72,76|35,63|30,91|38,32|34,44|77,38|91,15|35,72|32,11|42,95|35,83|40,75|76,42|24,31/35,15=35,63,30,91,15
58,66|32,14|91,20|19,71|71,4|14,67|66,32|20,37|74,73|58,29|98,19|29,47|7,62|58,91|58,98|47,74|58,7|62,10|10,30|37,68/58,73=58,29,47,74,73
73,12|98,40|82,79|38,17|54,83|17,82|38,98|92,54|38,92|89,5|40,48|38,89|48,0|43,30|30,93|93,91|79,57|83,96|38,43|5,73/38,57=38,17,82,79,57
78,66|32,24|66,20|97,78|6,58|57,79|92,73|44,57|1,77|79,1|9,6|63,92|44,10|10,12|12,32|44,9|73,34|44,97|58,30|44,63/44,24=44,10,12,32,24
91,32|32,60|38,15|67,10|31,12|96,38|6,27|91,87|91,14|91,49|14,6|60,80|87,55|80,64|10,58|55,31|27,72|58,98|49,96|91,67/91,64=91,32,60,80,64
72,74|38,1|93,65|66,83|10,92|65,86|93,6|79,9|81,66|43,79|37,67|99,38|1,40|93,37|86,10|93,23|67,72|23,81|93,99|6,43/93,83=93,23,81,66,83
60,7|94,28|94,15|94,57|47,4|37,53|94,16|4,61|58,22|6,60|57,58|16,76|73,95|76,27|22,25|95,37|15,47|27,31|94,73|28,6/94,61=94,15,47,4,61
51,90|40,0|99,40|0,34|27,68|9,35|99,42|99,61|85,16|34,83|99,94|42,39|61,9|16,17|90,88|94,85|33,51|35,48|39,27|99,33/99,88=99,33,51,90,88
78,4|0,51|2,63|26,60|49,40|13,26|33,9|63,49|13,2|13,33|62,1|22,3|60,78|85,61|61,11|13,0|13,85|51,22|9,62|11,7/13,40=13,2,63,49,40
16,63|35,9|64,98|42,64|98,29|61,99|16,57|80,5|94,80|90,35|27,94|16,42|37,87|16,37|13,66|57,90|63,4|87,13|4,61|16,27/16,66=16,37,87,13,66
44,66|53,46|49,57|17,90|90,25|85,44|85,67|85,20|85,80|70,5|5,97|46,22|67,17|9,70|66,47|20,49|85,9|47,74|80,53|57,72/85,74=85,44,66,47,74
94,56|64,61|61,31|56,44|31,99|18,75|52,4|97,55|94,64|44,97|94,68|68,49|75,28|94,69|49,13|4,82|69,18|13,22|82,76|94,52/94,76=94,52,4,82,76
67,16|5,64|67,37|33,45|67,62|62,47|70,74|46,5|47,83|67,97|20,1|37,20|45,77|97,33|83,35|16,70|67,46|74,39|1,82|64,54/67,54=67,46,5,64,54
52,21|57,80|64,77|67,52|26,11|48,57|26,64|31,88|26,99|26,15|26,29|99,67|63,24|68,90|19,63|11,68|29,48|15,19|90,25|77,31/26,88=26,64,77,31,88
40,58|72,50|58,15|55,72|55,1|37,54|99,8|80,99|83,36|55,40|55,39|86,91|28,80|15,61|95,37|50,86|36,18|55,28|1,83|39,95/55,18=55,1,83,36,18
63,56|16,65|86,48|30,20|79,80|84,17|80,35|30,84|99,86|33,63|47,66|17,16|30,97|30,4|30,47|97,99|4,79|20,33|66,3|3,36/30,48=30,97,99,86,48
57,17|62,70|15,37|18,64|42,67|1,18|26,56|9,77|24,27|94,62|42,24|64,84|42,68|68,94|17,26|92,15|67,92|42,1|42,57|27,9/42,56=42,57,17,26,56
42,90|4,49|95,15|4,98|49,51|4,52|15,2|59,41|14,96|96,64|51,93|93,39|4,67|2,94|98,24|67,59|24,42|41,81|52,14|4,95/4,64=4,52,14,96,64
59,73|13,48|20,65|2,59|16,42|54,30|54,62|47,37|3,32|91,2|54,91|30,92|37,13|92,3|54,20|54,47|25,74|62,64|64,25|65,16/54,73=54,91,2,59,73
44,89|36,93|51,58|45,71|77,96|71,65|46,70|65,37|48,94|42,44|51,87|93,4|51,45|94,18|89,63|51,77|58,48|96,46|51,42|87,36/51,4=51,87,36,93,4
78,68|27,56|79,11|64,31|68,27|83,4|31,39|21,62|56,76|78,59|59,58|62,79|20,28|45,83|58,20|4,75|78,21|78,64|39,49|78,45/78,49=78,64,31,39,49
11,6|82,98|16,92|75,71|8,81|11,35|69,82|29,8|11,75|46,53|11,88|35,79|88,33|60,87|11,29|33,46|81,68|71,60|6,69|79,16/11,68=11,29,8,81,68
81,28|42,73|53,81|14,2|9,14|28,30|92,6|53,47|53,42|40,58|45,39|30,59|58,45|32,92|17,10|73,17|53,54|54,9|47,32|53,40/53,6=53,47,32,92,6
94,83|97,56|23,66|97,58|9,68|54,26|88,65|97,94|97,49|49,89|2,54|14,45|58,79|97,57|89,14|29,88|79,9|57,29|83,23|56,2/97,68=97,58,79,9,68
13,25|29,68|13,1|63,67|10,54|3,88|68,10|13,84|79,63|13,59|39,33|84,48|59,79|25,89|13,29|27,90|48,3|1,14|89,27|14,39/13,54=13,29,68,10,54
23,89|3,55|39,82|32,8|71,12|7,69|39,50|74,7|94,73|26,51|8,94|50,71|39,32|82,18|51,3|18,23|39,74|39,26|12,52|69,31/39,31=39,74,7,69,31
65,40|40,6|5,79|6,87|61,47|49,69|17,54|53,45|24,48|47,53|61,20|61,17|79,80|14,49|54,24|20,5|60,14|61,60|45,42|61,65/61,48=61,17,54,24,48
37,40|93,11|30,2|22,81|2,92|45,32|81,67|92,69|11,1|98,53|37,0|37,52|0,22|78,98|37,78|40,58|37,30|52,93|58,45|53,6/37,67=37,0,22,81,67
74,14|6,74|35,82|82,32|53,63|68,71|35,6|35,5|14,67|8,68|32,53|62,44|5,8|16,70|30,83|35,59|83,57|35,16|59,30|70,62/35,44=35,16,70,62,44
26,75|26,52|0,20|87,69|75,28|26,51|35,36|69,95|52,35|95,44|28,40|26,14|20,31|14,56|56,70|26,87|40,48|36,64|51,0|70,67/26,44=26,87,69,95,44
52,15|67,16|72,32|74,72|74,96|74,38|96,79|74,75|30,91|16,54|79,98|98,93|54,11|74,67|24,86|32,52|29,30|38,24|75,29|86,92/74,93=74,96,79,98,93
50,80|31,54|37,31|20,49|65,50|22,2|49,65|95,22|51,26|63,25|20,38|25,45|20,59|26,18|36,63|20,9|38,95|9,51|59,37|20,36/20,45=20,36,63,25,45
27,50|98,19|39,34|53,27|98,69|5,78|50,80|93,39|19,4|98,6|4,60|98,53|21,5|69,93|65,71|6,65|78,73|60,87|71,10|98,21/98,87=98,19,4,60,87
15,39|66,48|39,81|67,11|35,50|33,41|10,34|35,67|35,33|41,77|11,64|35,89|77,4|50,62|62,10|27,18|64,14|89,15|18,66|35,27/35,4=35,33,41,77,4
27,0|39,64|26,31|64,34|0,20|27,89|43,7|56,13|86,14|89,47|27,86|20,26|81,39|71,62|27,81|14,71|7,82|27,43|47,56|82,88/27,13=27,89,47,56,13
77,63|47,62|52,55|77,75|29,33|55,43|77,28|22,90|62,86|36,79|90,74|79,73|9,52|77,9|73,65|33,19|28,47|63,29|77,36|75,22/77,43=77,9,52,55,43
61,11|84,0|82,65|83,44|54,43|44,3|27,74|12,82|61,54|43,4|81,64|60,81|65,72|11,83|4,92|61,84|61,12|88,60|61,88|0,27/61,3=61,11,83,44,3
87,6|12,2|16,84|1,82|22,77|22,23|24,33|48,13|10,1|79,32|32,48|22,24|82,39|49,16|6,41|33,12|22,79|23,49|22,10|77,87/22,13=22,79,32,48,13
70,48|91,97|39,22|88,79|6,19|49,94|71,49|81,99|71,10|71,72|94,88|10,39|19,92|71,6|99,86|22,59|72,81|97,70|71,91|92,95/71,59=71,10,39,22,59
71,46|48,93|51,77|87,96|45,44|96,89|65,18|89,37|36,94|58,71|51,42|93,4|51,87|94,70|46,63|51,45|77,36|44,65|51,58|42,48/51,4=51,42,48,93,4
17,75|48,76|93,33|3,87|34,2|87,12|54,16|17,25|43,89|75,3|17,47|25,93|47,41|41,34|17,48|33,24|36,1|17,54|16,36|76,43/17,1=17,54,16,36,1
56,87|64,5|6,27|43,6|42,17|58,55|31,97|97,26|90,50|49,90|27,75|50,70|31,49|31,44|17,71|31,43|26,56|55,64|31,58|44,42/31,75=31,43,6,27,75
22,30|30,95|7,10|0,35|97,0|6,31|31,67|46,45|49,53|10,49|97,4|11,98|4,6|68,46|97,68|35,11|97,34|45,26|34,22|97,7/97,95=97,34,22,30,95
77,69|77,38|99,13|95,25|93,52|59,46|30,16|46,15|57,97|38,93|25,90|16,75|52,61|69,95|88,59|77,88|77,99|13,57|77,40|40,30/77,90=77,69,95,25,90
16,70|4,66|4,37|78,23|4,15|49,95|73,7|4,78|15,45|37,60|45,76|71,58|4,49|60,16|33,74|95,71|23,33|66,31|76,55|31,73/4,70=4,37,60,16,70
21,73|71,90|13,98|1,12|77,11|73,43|56,80|43,55|56,77|59,49|90,32|11,38|56,14|80,71|38,52|56,13|56,21|12,17|14,1|98,59/56,17=56,14,1,12,17
43,51|36,3|2,8|86,39|43,59|43,26|43,36|51,35|69,21|6,69|98,27|12,44|43,73|3,2|26,98|73,6|27,5|44,72|59,12|35,86/43,8=43,36,3,2,8
40,6|90,41|41,40|30,52|27,43|43,51|27,56|60,13|64,30|27,61|7,53|27,90|49,12|27,7|61,64|53,57|51,49|56,60|57,46|13,86/27,12=27,43,51,49,12
93,13|52,33|18,94|99,28|28,18|40,9|40,93|24,1|27,80|33,66|96,43|43,25|40,26|25,59|9,52|40,99|80,58|40,96|26,27|13,24/40,66=40,9,52,33,66
25,47|23,84|14,36|23,85|4,75|84,37|12,60|32,49|23,25|46,20|85,9|9,12|37,46|23,4|23,44|50,72|82,14|44,82|47,32|75,50/23,36=23,44,82,14,36
6,79|19,41|16,82|62,86|83,19|6,83|44,93|47,2|6,92|86,76|96,15|93,75|41,56|20,18|2,16|79,44|92,62|6,96|15,20|6,47/6,82=6,47,2,16,82
62,29|17,91|89,34|63,15|62,1|65,43|15,77|29,14|62,68|97,48|19,63|14,65|38,49|22,97|60,38|62,19|62,89|1,60|34,17|68,22/62,49=62,1,60,38,49
61,72|61,47|61,80|23,2|12,55|83,37|96,12|28,21|65,76|17,23|61,17|92,28|80,96|50,83|84,65|61,84|72,50|76,53|2,48|47,92/61,53=61,84,65,76,53
26,62|12,99|50,54|50,46|54,19|49,27|80,9|27,81|50,0|46,49|0,98|50,7|6,43|18,12|24,17|7,18|50,80|98,6|19,26|9,24/50,62=50,54,19,26,62
61,15|47,61|99,96|21,69|22,80|99,66|79,59|19,53|66,70|26,2|96,26|53,21|15,10|27,79|99,47|2,54|70,22|43,27|99,43|99,19/99,80=99,66,70,22,80
81,36|36,76|70,92|93,61|72,93|54,48|92,26|63,72|28,22|26,31|88,28|22,73|83,63|24,54|83,8|59,81|83,59|83,88|83,70|8,24/83,31=83,70,92,26,31
23,70|44,99|23,80|45,97|68,60|21,81|47,63|76,89|16,76|70,79|23,48|99,68|79,47|97,50|23,44|80,21|81,28|50,82|23,45|48,16/23,28=23,80,21,81,28
49,98|9,58|58,18|75,74|98,55|54,48|46,90|21,75|48,9|90,36|54,56|51,32|54,35|32,65|54,21|35,49|74,13|54,15|56,51|15,46/54,36=54,15,46,90,36
8,9|38,8|62,47|97,61|38,71|36,89|61,31|38,73|13,79|27,36|31,3|38,27|47,21|9,35|71,62|79,20|89,72|73,13|38,97|35,12/38,72=38,27,36,89,72
3,75|3,79|41,43|68,90|79,16|62,48|33,62|3,33|3,29|16,96|75,39|29,9|9,1|43,46|1,7|96,74|48,5|3,41|39,68|46,19/3,7=3,29,9,1,7
71,95|10,4|75,1|95,44|35,65|50,84|62,98|84,34|98,28|65,10|40,75|71,35|28,77|44,11|71,50|11,7|34,5|1,26|71,40|71,62/71,7=71,95,44,11,7
40,84|32,66|40,34|15,59|40,15|40,62|16,1|40,54|54,39|62,77|78,95|84,88|59,32|26,45|88,16|39,78|64,26|74,28|34,64|77,74/40,45=40,34,64,26,45
80,29|91,75|56,14|75,56|67,57|17,52|5,54|12,20|5,48|74,12|5,8|8,17|54,88|13,80|5,13|48,74|88,67|52,30|5,91|29,73/5,14=5,91,75,56,14
39,3|15,6|50,24|83,30|16,83|16,2|90,7|16,59|59,89|30,62|3,26|12,98|16,25|16,12|2,39|25,15|89,90|62,87|6,34|98,50/16,34=16,25,15,6,34
92,25|45,48|88,54|1,88|92,64|92,1|34,33|25,22|64,76|63,2|76,65|65,17|53,45|40,53|54,96|38,34|92,68|92,40|22,63|68,38/92,96=92,1,88,54,96
46,95|99,37|43,64|98,92|53,74|37,59|61,34|42,78|34,42|64,46|74,39|8,99|18,53|92,68|61,8|20,98|78,54|61,18|61,20|61,43/61,39=61,18,53,74,39
4,61|14,68|9,51|34,19|9,93|13,34|9,98|93,87|6,14|53,13|72,91|40,72|9,90|43,94|51,40|61,92|9,53|90,6|87,43|98,4/9,19=9,53,13,34,19
85,23|43,44|43,37|63,54|43,74|77,50|23,28|43,94|9,58|52,25|50,63|87,18|5,52|58,82|20,87|43,77|37,9|74,5|94,85|44,20/43,18=43,44,20,87,18
9,0|92,65|92,11|11,58|86,10|92,31|92,44|56,23|10,77|65,86|44,2|2,9|34,56|31,60|60,64|64,81|23,52|58,8|92,34|8,75/92,77=92,65,86,10,77
11,10|66,34|10,81|33,62|35,27|89,18|64,48|35,33|35,89|18,77|62,39|35,50|77,4|27,15|15,64|67,41|39,14|50,11|41,66|35,67/35,4=35,89,18,77,4
46,1|79,19|52,9|37,79|50,32|46,71|46,37|46,31|1,59|85,28|59,85|84,52|46,84|5,97|19,74|71,50|32,41|97,68|9,72|31,5/46,41=46,71,50,32,41
28,52|24,84|24,94|22,10|24,75|98,58|7,48|17,78|76,98|48,2|24,17|24,76|52,77|58,99|84,31|15,43|78,15|94,7|31,22|75,28/24,10=24,84,31,22,10
95,59|59,1|62,49|95,5|5,86|64,54|23,80|86,39|90,62|39,82|99,13|66,16|95,90|49,77|16,44|95,64|44,22|95,66|54,23|1,99/95,77=95,90,62,49,77
47,74|78,7|49,13|92,31|79,96|40,15|92,83|36,82|62,34|31,36|92,16|96,78|16,49|92,47|13,66|34,93|83,62|74,40|92,79|82,97/92,15=92,47,74,40,15
39,40|5,59|19,99|99,67|11,28|97,53|67,13|17,95|3,54|5,62|28,39|8,97|68,17|95,41|84,3|5,68|62,84|5,11|59,8|5,19/5,53=5,59,8,97,53
2,86|12,76|87,42|88,97|76,0|97,99|16,40|36,35|16,12|16,65|16,36|0,73|32,26|35,2|15,87|40,15|65,88|16,32|79,22|26,79/16,99=16,65,88,97,99
8,86|86,81|30,92|35,32|91,30|67,50|32,38|97,51|36,84|53,64|81,83|52,67|51,53|38,41|36,8|50,29|84,91|36,52|36,35|36,97/36,83=36,8,86,81,83
0,90|62,36|55,76|27,93|9,74|84,12|0,71|99,28|0,27|14,99|90,14|0,55|49,62|76,84|93,57|36,82|0,49|57,96|74,94|71,9/0,94=0,71,9,74,94
90,78|34,42|57,77|57,55|26,86|42,5|60,72|77,26|57,2|10,60|74,80|45,15|78,97|55,34|57,95|15,74|86,46|2,90|95,10|57,45/57,72=57,95,10,60,72
61,18|53,9|55,85|83,67|61,32|32,70|85,69|61,27|11,95|67,53|56,94|23,56|68,23|61,68|61,83|70,40|18,55|40,1|95,88|27,11/61,69=61,18,55,85,69
60,28|66,43|19,65|28,80|63,84|42,71|84,4|65,81|80,22|53,42|45,19|63,97|4,30|43,32|63,45|32,57|63,66|63,60|30,21|97,53/63,21=63,84,4,30,21
66,32|91,27|5,72|99,56|10,44|99,94|27,34|84,83|99,74|99,55|32,76|94,66|23,91|87,5|20,84|93,10|56,87|55,20|99,23|74,93/99,34=99,23,91,27,34
18,88|30,36|9,44|13,54|22,78|3,82|2,73|44,22|3,67|88,17|3,2|3,9|94,13|36,58|6,30|82,18|67,94|73,14|14,81|3,6/3,58=3,6,30,36,58
38,66|10,76|38,31|62,85|67,69|38,73|38,67|73,33|66,87|69,24|87,10|31,62|33,14|23,70|24,25|61,80|70,61|38,23|14,44|85,63/38,76=38,66,87,10,76
0,61|39,77|52,75|75,33|77,70|70,67|55,39|55,28|55,49|12,0|76,23|28,76|36,48|55,14|49,83|14,12|55,52|83,36|33,20|23,13/55,13=55,28,76,23,13
16,1|71,15|9,42|27,71|14,27|63,13|42,54|16,0|26,25|31,63|16,82|5,97|16,26|76,39|1,31|39,33|16,14|25,5|82,76|0,9/16,97=16,26,25,5,97
87,7|26,36|67,96|96,8|52,26|92,99|28,27|27,79|14,87|90,17|92,61|92,14|43,81|92,43|61,52|92,13|81,90|99,28|13,67|7,55/92,17=92,43,81,90,17
0,43|18,49|96,85|0,73|85,26|73,18|49,27|77,33|88,13|0,96|89,10|43,41|68,88|20,69|10,20|26,44|41,77|0,89|13,50|0,68/0,27=0,73,18,49,27
62,48|62,99|96,16|18,96|99,83|62,8|35,71|36,35|95,39|44,79|8,88|83,95|48,18|62,44|97,6|88,97|78,59|79,78|62,36|71,52/62,6=62,8,88,97,6
98,12|60,10|36,28|12,32|36,84|36,60|18,43|46,87|93,2|32,45|36,98|81,46|50,97|28,18|87,86|10,93|36,81|84,85|85,50|43,1/36,97=36,84,85,50,97
60,71|94,50|86,83|79,24|99,38|79,12|38,13|24,66|12,99|42,86|53,40|50,23|23,97|66,53|79,47|64,60|79,94|47,42|79,64|71,2/79,97=79,94,50,23,97
64,14|86,57|44,62|62,63|4,11|69,51|4,89|53,19|89,86|11,69|51,6|81,59|4,44|72,49|63,97|4,81|57,12|4,72|49,64|59,53/4,14=4,72,49,64,14
50,37|98,3|6,54|96,98|5,27|87,18|50,24|8,43|42,5|50,87|24,42|50,13|74,70|50,96|18,74|80,6|37,80|13,57|57,8|3,95/50,54=50,37,80,6,54
52,55|48,70|5,11|16,29|11,16|61,18|75,5|8,48|75,0|55,61|75,8|58,59|92,72|0,92|75,52|72,77|75,10|10,58|70,34|59,57/75,29=75,5,11,16,29
44,16|18,12|46,88|81,93|18,4|36,48|25,54|18,46|90,81|66,50|39,23|54,44|4,34|18,25|34,36|12,90|23,15|88,66|49,39|18,49/18,50=18,46,88,66,50
78,17|18,34|35,48|53,24|11,18|78,53|91,35|19,91|78,19|83,79|17,83|60,5|78,90|75,77|79,0|77,67|65,11|78,65|24,60|90,75/78,67=78,90,75,77,67
75,62|68,97|50,24|96,65|99,91|65,63|90,75|50,90|0,47|24,40|91,98|50,68|50,96|97,0|62,83|40,5|7,99|5,46|50,7|63,25/50,46=50,24,40,5,46
74,9|47,56|25,29|74,33|29,45|33,16|74,99|30,43|9,25|98,47|74,98|74,12|71,36|12,30|43,51|56,18|85,38|99,85|38,24|16,71/74,36=74,33,16,71,36
77,1|4,19|4,15|15,3|83,87|7,29|4,83|19,33|9,96|3,51|57,25|4,66|4,57|66,73|87,7|82,27|25,77|73,9|51,50|33,82/4,96=4,66,73,9,96
38,31|28,9|47,20|31,68|61,95|5,73|68,61|38,0|38,28|26,43|43,78|57,26|38,57|0,33|38,47|20,86|8,19|86,70|9,8|33,5/38,78=38,57,26,43,78
42,85|39,62|0,67|93,21|25,27|25,95|27,17|76,0|25,75|17,42|74,26|67,84|50,44|92,74|95,92|62,93|75,70|25,76|25,39|70,50/25,85=25,27,17,42,85
31,46|12,28|85,84|46,76|92,8|18,11|18,68|30,97|91,52|18,31|45,23|76,55|52,12|18,91|8,45|84,77|11,85|18,92|72,30|68,72/18,77=18,11,85,84,77
7,21|61,91|81,73|66,27|52,36|61,72|72,7|42,66|61,32|17,26|59,24|61,42|61,52|73,11|54,59|27,4|32,54|21,44|91,81|36,17/61,11=61,91,81,73,11
43,92|10,84|95,11|53,38|37,5|10,37|5,28|58,53|28,31|38,52|10,40|92,29|84,95|14,63|63,18|10,58|21,14|40,43|10,21|11,59/10,59=10,84,95,11,59
62,69|45,51|69,23|37,18|23,74|93,82|90,49|65,14|93,65|76,6|60,19|93,76|53,97|29,90|14,53|93,60|19,45|93,62|6,37|82,29/93,97=93,65,14,53,97
84,53|53,68|67,84|69,17|76,83|83,2|52,39|39,60|10,14|7,18|10,76|43,20|18,43|17,73|10,67|14,52|10,7|45,69|2,25|10,45/10,60=10,14,52,39,60
41,66|12,59|97,86|42,73|38,39|38,60|54,42|38,53|30,99|74,0|90,13|0,90|38,41|66,97|38,74|59,94|99,92|60,12|53,30|39,54/38,94=38,60,12,59,94
24,38|80,2|7,30|24,4|49,42|2,15|3,83|4,80|79,6|20,7|6,13|83,96|22,3|38,20|29,79|81,49|24,22|24,60|24,29|60,81/24,30=24,38,20,7,30
91,62|66,32|93,10|49,57|55,92|52,12|30,93|7,30|57,81|49,60|81,29|29,17|49,52|60,55|49,7|12,66|92,28|67,91|49,1|1,67/49,17=49,57,81,29,17
79,27|79,8|79,84|95,44|2,38|34,63|68,42|38,90|79,74|8,94|27,2|74,1|1,34|45,22|42,95|97,45|79,68|84,97|94,33|33,46/79,90=79,27,2,38,90
71,34|78,93|2,3|84,88|27,87|94,63|68,91|74,94|71,27|86,29|76,37|71,19|29,32|19,74|93,68|87,84|71,78|71,2|3,76|34,86/71,37=71,2,3,76,37
23,72|15,96|69,11|15,79|58,95|25,23|79,57|72,86|15,90|57,53|15,69|15,25|96,80|11,8|80,0|0,10|63,58|8,37|53,48|90,63/15,37=15,69,11,8,37
71,98|86,67|2,19|84,72|57,21|35,9|66,2|9,16|35,79|16,71|35,91|39,88|93,39|35,90|72,69|21,86|91,66|90,84|35,57|79,93/35,88=35,79,93,39,88
93,12|60,28|88,62|56,7|93,43|12,37|43,39|37,60|62,85|93,99|54,64|93,88|5,46|93,1|85,17|7,50|64,19|1,56|99,54|39,5/93,46=93,43,39,5,46
40,46|45,55|29,40|31,23|6,58|3,28|28,94|31,6|18,5|23,2|71,74|60,3|58,18|46,85|2,45|31,35|90,71|31,60|31,29|35,90/31,85=31,29,40,46,85
93,43|64,28|12,39|54,60|93,99|43,56|99,62|56,64|39,85|93,1|37,7|93,12|5,46|93,88|85,50|60,17|7,19|88,54|1,37|62,5/93,46=93,99,62,5,46
57,74|49,99|35,62|62,40|84,45|18,81|61,8|73,31|35,18|11,84|35,73|31,49|29,57|78,11|74,65|40,61|35,78|77,50|81,77|35,29/35,8=35,62,40,61,8
46,14|66,47|16,46|36,20|66,83|66,13|66,93|66,36|13,76|65,29|69,11|20,57|93,15|47,32|83,16|76,69|85,74|57,23|32,65|15,85/66,11=66,13,76,69,11
69,28|64,56|25,13|88,26|37,41|11,16|28,25|54,11|94,70|77,53|54,88|54,69|44,42|70,92|54,37|26,64|41,44|93,94|16,77|54,93/54,56=54,88,26,64,56
67,97|99,77|2,90|40,7|17,49|67,2|65,17|67,26|43,23|74,99|90,13|67,29|29,22|26,74|13,10|22,40|78,43|67,65|97,78|49,30/67,23=67,97,78,43,23
65,6|77,69|42,98|37,32|39,91|6,37|91,20|61,39|88,42|90,2|20,24|61,77|61,87|2,40|69,75|98,0|75,5|87,90|61,65|61,88/61,5=61,77,69,75,5
45,65|46,38|11,74|38,81|82,52|82,11|74,51|86,16|82,55|82,6|65,86|52,25|82,45|55,66|56,98|80,49|66,80|51,9|6,46|25,56/82,16=82,45,65,86,16
43,41|72,8|47,98|73,67|47,61|61,2|38,24|47,53|89,65|98,10|47,73|49,19|65,95|10,49|47,38|2,43|11,22|24,11|53,89|67,72/47,8=47,73,67,72,8
81,24|94,80|46,15|53,46|80,48|15,81|72,18|25,72|31,93|48,40|93,99|50,42|53,94|18,84|42,2|53,85|53,67|67,31|85,50|53,25/53,84=53,25,72,18,84
3,16|93,4|90,97|62,93|23,62|46,41|40,61|6,92|40,80|40,3|72,6|16,1|61,55|1,69|64,72|40,23|40,64|95,46|55,90|80,95/40,97=40,61,55,90,97
98,18|63,45|3,98|50,80|7,63|56,13|78,8|8,53|56,7|82,43|58,82|45,16|56,46|56,58|43,70|32,50|34,3|56,34|13,32|46,78/56,80=56,13,32,50,80
55,8|66,26|26,98|9,32|77,72|32,66|94,55|62,3|20,38|9,2|12,11|48,77|9,54|54,94|9,62|31,12|9,28|28,48|2,31|3,20/9,98=9,32,66,26,98
79,91|32,51|79,49|95,52|65,43|91,22|33,24|79,85|79,62|79,95|49,69|51,94|62,29|85,32|29,33|22,61|61,30|52,21|69,65|21,90/79,30=79,91,22,61,30
79,85|52,65|79,95|91,69|21,24|85,29|33,43|79,62|79,49|79,91|95,32|65,94|49,22|62,52|22,33|29,61|61,30|69,51|32,21|51,90/79,30=79,85,29,61,30
8,53|2,39|53,43|1,73|34,87|48,89|16,1|14,2|93,8|16,93|16,31|4,68|89,25|31,48|50,80|68,50|16,47|73,34|47,14|16,4/16,25=16,31,48,89,25
43,13|12,2|95,3|94,87|95,12|2,82|44,16|54,4|85,71|95,43|98,53|82,63|3,85|4,98|24,37|95,94|95,54|71,46|13,44|87,24/95,53=95,54,4,98,53
68,74|73,3|36,5|6,73|45,50|52,98|5,52|57,88|47,19|47,6|9,57|62,68|19,9|3,76|58,62|47,26|26,78|78,45|47,36|47,58/47,50=47,26,78,45,50
83,51|46,99|30,80|80,43|30,90|45,35|90,12|84,52|91,34|61,8|35,56|43,83|14,46|30,84|30,92|30,79|79,45|92,14|12,91|52,61/30,34=30,90,12,91,34
90,99|87,83|90,74|6,32|78,34|35,84|90,85|37,61|61,25|84,18|90,77|74,37|14,87|32,2|85,40|77,35|40,78|90,22|22,14|99,6/90,25=90,74,37,61,25
99,85|65,75|48,42|1,46|75,1|53,57|44,61|61,67|26,19|42,69|49,55|57,26|44,53|67,99|44,89|44,72|72,48|55,95|89,49|44,65/44,95=44,89,49,55,95
43,92|18,43|2,5|13,55|5,48|21,50|89,73|50,46|55,24|2,75|34,4|2,13|66,34|2,21|75,66|48,89|46,22|2,18|92,84|24,9/2,73=2,5,48,89,73
70,63|91,51|74,72|70,64|70,44|44,29|82,9|26,5|31,82|70,77|72,96|77,39|39,55|55,88|70,6|6,91|63,31|64,74|29,26|51,99/70,88=70,77,39,55,88
95,18|95,87|22,61|18,13|95,2|42,40|92,29|77,39|29,97|97,44|87,42|13,12|95,92|12,9|40,51|34,77|2,10|95,54|10,22|54,34/95,61=95,2,10,22,61
0,45|87,68|95,92|48,10|11,95|25,87|68,49|62,73|21,7|5,11|5,88|92,99|45,77|63,89|7,48|5,21|5,25|88,0|5,62|73,63/5,99=5,11,95,92,99
75,93|10,75|10,99|31,74|81,73|64,31|11,49|10,76|40,64|76,82|82,14|14,70|69,38|99,69|65,11|93,81|10,40|49,77|38,5|10,65/10,73=10,75,93,81,73
29,88|88,85|77,29|38,99|99,91|67,74|48,44|6,84|48,77|48,0|78,31|48,10|44,38|48,6|92,17|10,16|0,78|31,41|84,92|16,67/48,17=48,6,84,92,17
45,37|48,60|44,90|48,83|46,63|51,22|24,51|78,49|3,44|48,3|43,30|49,84|37,43|84,28|63,73|83,46|48,78|90,27|48,45|60,24/48,22=48,60,24,51,22
3,92|4,3|19,29|91,16|91,31|82,70|48,4|16,45|73,84|25,82|57,47|5,90|91,19|31,25|91,66|45,73|29,57|66,46|91,48|46,5/91,92=91,48,4,3,92
34,64|98,74|24,34|74,19|41,47|46,88|19,65|45,43|48,80|7,48|7,29|29,24|72,69|7,98|81,37|69,41|80,46|37,45|7,72|7,81/7,88=7,48,80,46,88
46,37|52,97|5,19|31,52|59,32|46,84|46,31|46,71|37,50|85,74|50,85|1,5|46,1|79,9|97,28|84,59|32,41|9,68|19,72|71,79/46,41=46,84,59,32,41
79,82|97,91|0,74|16,87|35,49|63,76|25,66|70,69|49,46|46,94|63,35|63,25|4,73|63,0|74,97|76,29|66,79|63,4|29,16|73,70/63,69=63,4,73,70,69
3,29|81,6|49,62|46,5|81,4|77,86|80,95|50,70|40,80|81,46|5,3|81,49|6,50|99,35|61,40|35,33|62,77|81,61|4,99|70,27/81,27=81,6,50,70,27
38,48|43,15|80,51|28,43|98,9|30,8|38,1|38,98|10,34|8,49|48,28|22,60|64,14|1,66|38,30|66,22|9,80|38,10|34,64|49,47/38,15=38,48,28,43,15
66,32|32,51|66,78|86,25|25,41|59,91|36,27|7,97|78,30|71,0|91,7|21,57|0,16|66,86|66,59|30,21|66,49|49,71|51,36|41,43/66,27=66,32,51,36,27
23,91|66,87|47,67|91,66|48,72|64,61|71,96|64,80|70,7|67,10|10,37|72,40|96,1|35,71|64,23|7,38|61,48|64,47|64,35|80,70/64,37=64,47,67,10,37
99,44|67,47|72,89|79,36|41,95|41,75|41,42|42,12|16,67|21,99|75,16|41,84|12,13|58,37|13,93|84,5|37,79|5,72|95,21|41,58/41,93=41,42,12,13,93
71,2|21,30|67,25|50,67|30,42|38,35|74,88|2,23|95,74|21,37|25,83|88,91|97,8|21,16|36,38|16,71|21,50|42,97|37,36|21,95/21,83=21,50,67,25,83
82,87|15,2|89,18|94,79|95,96|24,12|9,50|80,95|87,89|31,15|79,9|31,94|31,33|75,24|29,75|2,41|33,80|41,44|31,82|31,29/31,12=31,29,75,24,12
27,5|35,42|35,71|35,78|22,63|42,34|82,8|78,55|28,95|48,77|7,1|71,53|34,27|55,28|98,48|77,13|53,22|35,82|35,98|8,7/35,95=35,78,55,28,95
78,23|89,97|14,98|78,94|78,42|42,81|23,8|5,4|8,5|78,0|39,14|81,92|78,31|61,22|22,50|92,55|94,61|31,12|12,89|0,39/78,55=78,42,81,92,55
76,96|35,92|98,79|72,83|97,35|76,85|79,28|76,7|66,43|6,10|96,98|73,15|7,97|83,41|99,72|85,19|43,6|76,99|19,73|76,66/76,41=76,99,72,83,41
90,80|47,30|94,61|59,43|59,78|67,54|36,12|59,90|54,47|80,31|43,24|68,72|78,68|24,76|59,36|72,53|31,60|76,34|59,67|12,94/59,60=59,90,80,31,60
62,66|61,1|52,65|44,17|33,97|7,33|16,3|9,38|9,13|9,52|3,71|1,81|68,61|17,67|65,62|13,44|41,7|38,16|9,41|9,68/9,71=9,38,16,3,71
37,49|29,76|87,94|90,48|86,99|87,55|87,29|87,97|99,16|97,86|40,98|41,40|39,51|87,92|26,37|92,41|76,39|94,90|48,13|55,26/87,51=87,29,76,39,51
27,10|23,83|10,55|8,5|28,6|41,27|78,30|8,41|94,28|98,77|57,63|8,9|8,23|9,98|83,78|40,94|77,25|8,40|5,70|70,57/8,25=8,9,98,77,25
46,80|11,77|52,39|21,3|21,15|32,46|43,64|21,92|21,59|70,86|13,53|15,94|21,13|92,32|31,70|76,52|53,11|59,31|94,43|3,76/21,64=21,15,94,43,64
28,92|72,46|89,28|71,85|85,32|66,72|92,44|66,89|96,88|66,95|40,37|66,71|78,42|32,49|46,78|73,40|95,75|75,96|37,14|66,73/66,49=66,71,85,32,49
87,91|72,80|99,92|30,42|29,27|20,24|42,29|95,20|7,99|73,7|23,14|88,23|51,95|80,8|91,88|87,30|8,47|87,72|87,73|87,51/87,14=87,91,88,23,14
69,24|69,81|98,27|53,87|69,2|29,95|27,3|69,98|81,51|37,82|82,42|94,53|18,34|2,94|3,13|40,29|51,18|69,8|8,40|24,37/69,13=69,98,27,3,13
88,12|97,76|59,26|67,65|79,70|59,11|12,25|46,79|32,67|10,7|70,13|76,31|31,50|39,88|11,32|51,10|26,51|59,97|59,46|59,39/59,7=59,26,51,10,7
10,80|95,93|65,15|85,10|80,67|82,85|68,12|82,22|42,65|16,45|82,16|12,41|82,43|82,68|22,95|93,4|43,42|45,8|8,99|41,59/82,99=82,16,45,8,99
24,2|9,32|60,34|6,60|70,15|76,48|9,24|9,5|9,30|5,6|2,91|30,39|13,76|39,53|9,7|53,68|32,74|91,58|74,70|7,13/9,58=9,24,2,91,58
87,25|72,66|2,20|72,78|72,1|78,9|46,2|66,77|68,12|72,46|1,98|39,32|9,68|32,87|98,79|72,39|62,15|20,6|79,67|77,62/72,12=72,78,9,68,12
11,37|36,97|46,62|46,18|51,77|77,15|97,92|61,40|37,3|42,61|46,42|66,51|40,2|53,85|62,11|79,53|46,79|85,33|18,36|46,66/46,33=46,79,53,85,33
59,46|97,82|14,71|43,95|62,94|14,43|92,15|95,62|7,66|82,92|14,96|20,58|86,59|45,20|14,97|66,91|46,93|96,45|14,86|71,7/14,93=14,86,59,46,93
90,36|30,82|48,90|51,17|30,48|1,84|36,41|77,78|30,68|30,43|23,77|68,1|30,93|82,23|60,37|43,51|37,55|17,8|84,75|93,60/30,75=30,68,1,84,75
38,26|44,96|44,90|26,95|44,78|78,4|56,33|21,97|90,38|13,56|86,32|96,16|16,39|91,86|44,75|4,21|39,51|75,91|69,13|44,69/44,32=44,75,91,86,32
93,29|3,24|78,46|93,65|29,3|90,84|5,63|88,51|36,86|40,90|51,73|24,72|86,78|93,36|93,62|93,64|62,40|64,5|65,88|63,10/93,10=93,64,5,63,10
31,15|34,43|8,27|88,60|56,42|43,31|27,54|67,55|11,36|69,88|60,71|8,69|54,11|8,2|8,56|53,79|42,53|2,67|8,34|55,86/8,79=8,56,42,53,79
79,78|85,30|61,88|37,20|31,16|79,61|64,97|89,86|8,69|30,54|78,85|16,8|3,15|79,96|96,37|97,89|79,31|79,64|88,3|20,75/79,69=79,31,16,8,69
18,49|54,21|16,18|49,56|58,69|70,84|16,70|16,10|56,73|27,81|16,3|97,12|10,64|89,58|84,54|3,89|13,27|81,79|64,97|16,13/16,69=16,3,89,58,69
52,85|52,5|90,2|29,90|3,77|52,92|51,29|52,69|92,78|85,24|38,89|20,38|77,94|5,3|52,51|24,50|78,76|69,20|76,73|50,10/52,89=52,69,20,38,89
32,67|54,21|4,17|66,45|46,8|46,4|46,54|81,84|84,1|21,39|46,13|17,47|76,81|46,76|47,85|13,98|0,66|98,32|8,0|39,97/46,67=46,13,98,32,67
99,43|76,36|39,61|34,53|39,88|5,42|61,75|88,45|42,74|94,5|47,78|53,29|7,34|39,7|39,94|96,99|75,76|45,47|39,26|26,96/39,36=39,61,75,76,36
72,48|48,15|96,43|33,57|96,49|77,78|96,68|68,33|78,39|57,3|69,93|96,77|96,72|15,14|49,69|93,31|67,73|73,10|39,46|43,67/96,10=96,43,67,73,10
62,64|20,16|19,88|21,63|90,20|17,68|63,30|21,79|3,47|51,90|79,46|21,37|64,3|21,51|46,19|68,48|30,91|91,53|37,17|21,62/21,53=21,63,30,91,53
81,6|27,57|11,5|38,27|56,53|38,21|75,32|70,11|92,75|87,66|84,87|38,92|57,56|50,84|38,50|32,95|46,90|6,46|21,70|38,81/38,66=38,50,84,87,66
44,27|4,20|90,7|66,13|98,90|7,46|88,35|13,56|71,49|27,37|72,44|71,26|8,88|33,6|20,33|49,66|26,8|71,98|71,4|71,72/71,46=71,98,90,7,46
41,44|37,16|44,28|29,62|62,24|16,29|48,51|80,41|84,97|51,93|69,48|37,69|87,22|25,87|66,70|97,66|37,84|37,18|18,25|37,80/37,22=37,18,25,87,22
65,26|58,52|65,91|24,25|22,74|44,17|65,79|80,30|79,58|65,22|74,31|17,80|65,44|18,24|31,43|93,78|91,18|50,93|26,50|52,76/65,30=65,44,17,80,30
27,75|49,68|68,36|41,60|76,38|75,16|61,49|61,41|38,84|36,50|59,42|61,28|28,76|61,70|61,65|60,35|65,59|70,27|35,0|42,8/61,8=61,65,59,42,8
58,93|93,1|30,7|20,37|32,49|46,15|87,81|43,87|7,31|86,41|1,80|30,43|37,46|81,48|47,17|41,47|31,32|30,86|30,58|30,20/30,17=30,86,41,47,17
57,49|49,47|93,26|43,39|47,96|85,66|56,71|30,65|50,79|82,25|30,24|30,57|30,93|4,50|20,43|65,20|66,56|24,4|26,82|30,85/30,39=30,65,20,43,39
3,25|7,66|6,29|71,46|3,41|57,17|3,7|29,36|66,57|3,98|25,21|11,26|64,6|35,80|98,35|3,64|21,71|41,33|33,11|80,38/3,26=3,41,33,11,26
38,48|31,91|5,39|39,8|91,5|31,2|31,10|20,4|10,51|98,15|77,82|51,9|87,18|53,20|82,38|2,53|31,98|9,13|15,87|31,77/31,13=31,10,51,9,13
19,66|61,13|61,42|9,26|8,65|13,24|61,30|27,9|83,8|66,45|61,68|61,19|84,10|18,91|68,56|56,84|24,18|30,27|45,72|42,83/61,72=61,19,66,45,72
42,47|8,41|33,55|21,58|6,61|21,20|11,8|99,33|86,46|16,5|21,6|87,11|21,99|58,28|61,86|20,16|21,87|55,97|5,27|28,42/21,27=21,20,16,5,27
89,24|32,90|12,76|11,42|32,58|58,38|90,96|72,92|42,72|93,49|38,63|1,12|32,93|32,1|63,21|49,89|76,97|96,99|99,20|32,11/32,21=32,58,38,63,21
6,56|6,11|68,49|56,77|65,31|6,12|73,69|58,5|6,73|21,43|11,58|69,21|86,33|12,97|77,68|16,2|5,17|97,16|6,65|31,86/6,17=6,11,58,5,17
98,14|58,72|87,50|59,15|52,63|35,82|86,97|50,43|93,35|87,76|87,52|87,93|49,86|72,2|87,37|63,59|76,58|37,49|43,98|82,95/87,95=87,93,35,82,95
59,65|59,13|66,6|54,63|46,54|36,12|59,56|6,36|59,66|62,44|55,91|78,62|18,55|59,77|13,78|11,34|65,46|77,18|56,37|37,11/59,12=59,66,6,36,12
98,1|2,20|67,89|43,85|11,29|55,46|85,67|66,3|98,55|98,17|17,13|13,81|29,63|98,0|46,66|98,43|1,11|81,96|20,57|0,2/98,96=98,17,13,81,96
39,1|81,11|58,9|22,59|74,69|99,58|59,53|74,22|1,32|74,81|69,29|53,86|32,15|29,87|9,3|11,78|74,99|87,5|74,39|78,71/74,5=74,69,29,87,5
79,83|76,62|76,18|63,48|41,57|18,40|93,54|54,44|74,70|40,66|62,42|88,93|48,6|66,50|42,41|70,79|76,63|76,74|6,92|76,88/76,57=76,62,42,41,57
54,9|45,54|97,39|76,68|41,89|89,66|45,10|68,18|45,33|10,41|67,32|60,4|45,76|18,0|33,38|9,63|45,67|63,27|32,97|38,60/45,27=45,54,9,63,27
54,18|30,12|14,92|30,39|75,10|30,63|10,74|92,22|38,80|73,71|39,28|18,73|35,43|43,15|30,54|28,38|22,96|63,35|12,75|30,14/30,74=30,12,75,10,74
24,52|43,6|24,28|30,47|24,41|52,22|24,51|19,50|93,19|38,43|47,4|15,1|51,38|41,8|22,59|28,93|59,64|8,15|92,30|24,92/24,50=24,28,93,19,50
52,68|48,38|55,94|94,96|88,27|16,0|71,28|52,67|68,30|30,88|10,54|52,60|60,48|28,16|35,10|38,26|24,55|52,71|52,24|67,35/52,96=52,24,55,94,96
7,52|29,45|77,26|72,29|77,17|10,59|52,11|20,28|59,51|77,82|28,65|82,10|26,55|17,7|64,56|65,92|77,20|77,72|45,37|55,64/77,11=77,17,7,52,11
85,57|25,98|98,68|27,50|57,81|73,20|81,65|40,78|87,48|87,40|84,43|87,85|87,39|87,73|39,62|48,25|62,84|74,92|20,74|78,27/87,50=87,40,78,27,50
47,96|82,87|66,63|19,80|90,76|61,47|57,33|52,82|79,90|19,21|63,46|48,66|19,48|80,57|19,91|33,73|59,61|19,59|91,79|21,52/19,73=19,80,57,33,73
69,86|83,96|76,92|96,6|83,88|92,48|10,69|88,79|6,1|71,23|1,15|16,33|74,76|36,10|79,16|83,74|23,0|30,71|83,30|83,36/83,0=83,30,71,23,0
71,43|39,44|93,81|44,89|39,0|39,25|81,91|39,26|89,79|32,51|26,93|60,40|40,71|0,64|51,1|97,7|64,97|39,60|25,32|79,18/39,18=39,44,89,79,18
94,62|94,89|92,53|36,40|62,36|94,75|9,64|25,22|13,70|53,13|89,83|64,4|94,92|61,0|94,9|19,61|4,98|75,19|83,25|40,23/94,23=94,62,36,40,23
53,54|49,94|58,4|54,49|95,85|15,90|5,58|39,53|39,95|93,37|30,93|19,84|90,6|33,15|92,30|85,19|39,92|88,5|39,33|39,88/39,4=39,88,5,58,4
98,18|28,85|36,81|18,87|36,60|36,28|12,43|10,93|32,86|87,45|36,98|84,10|50,97|81,12|93,2|85,32|36,84|60,46|46,50|43,1/36,97=36,60,46,50,97
10,71|6,19|94,91|88,97|97,8|8,89|31,6|60,94|36,87|89,42|71,64|88,31|19,30|87,76|3,36|96,60|88,3|64,85|88,10|88,96/88,85=88,10,71,64,85
17,38|52,17|12,43|18,35|38,45|45,89|43,7|52,95|37,90|52,72|92,37|95,12|72,53|53,18|52,94|42,11|94,42|90,26|11,10|52,92/52,7=52,95,12,43,7
61,62|6,69|90,97|55,6|80,55|46,41|40,23|1,92|40,3|40,61|95,1|62,93|23,16|93,4|64,95|40,80|40,64|72,46|16,90|3,72/40,97=40,23,16,90,97
95,33|99,18|9,96|99,39|94,54|54,78|81,94|71,95|18,90|90,63|0,41|99,81|65,98|99,9|98,26|96,0|63,92|99,71|39,65|33,97/99,97=99,71,95,33,97
69,12|38,76|35,15|39,23|65,43|39,41|23,98|15,16|39,35|31,27|27,69|39,31|81,87|41,81|29,74|98,38|74,65|39,29|16,18|87,83/39,43=39,29,74,65,43
0,90|4,12|69,28|33,61|40,54|29,4|54,21|21,55|90,69|72,52|20,45|72,40|72,0|19,29|53,48|48,20|72,53|11,33|52,11|72,19/72,61=72,52,11,33,61
88,15|92,7|85,52|6,88|96,0|95,45|20,68|96,63|96,95|45,72|96,80|68,23|16,20|63,85|0,6|80,92|7,33|52,81|96,16|72,27/96,27=96,95,45,72,27
7,44|71,2|17,7|17,57|2,56|95,70|32,27|46,3|17,71|27,90|57,82|17,37|37,95|59,32|82,21|44,46|21,0|17,59|70,67|56,24/17,24=17,71,2,56,24
59,38|53,5|71,89|19,12|33,23|21,65|65,36|21,33|38,22|75,92|21,60|39,19|36,75|23,71|60,59|5,51|21,95|95,39|51,78|21,53/21,78=21,53,5,51,78
84,71|84,5|84,62|71,85|62,60|84,3|75,67|14,23|42,65|67,44|30,29|23,9|65,30|85,24|60,76|5,14|84,42|3,75|24,0|76,19/84,9=84,5,14,23,9
45,62|35,8|68,54|77,60|79,24|31,68|77,59|8,57|77,71|59,96|71,45|57,0|96,82|60,41|82,6|77,34|34,31|41,79|77,35|62,80/77,24=77,60,41,79,24
9,32|95,85|72,2|85,58|97,90|95,66|92,97|66,71|68,72|95,92|95,68|2,86|32,67|71,64|95,9|90,8|67,50|64,28|58,38|38,76/95,86=95,68,72,2,86
26,33|17,80|27,55|17,44|17,21|85,13|13,8|21,85|55,26|48,59|31,48|32,60|49,42|42,32|44,31|17,49|80,34|17,27|66,23|34,66/17,60=17,49,42,32,60
41,81|40,99|77,80|56,2|93,33|37,67|97,73|58,41|77,14|74,7|67,86|7,40|21,58|14,37|77,21|73,75|77,56|80,97|2,93|77,74/77,99=77,74,7,40,99
43,90|27,64|64,39|36,80|73,18|2,70|6,78|78,1|27,43|27,23|31,37|46,2|86,73|56,6|10,86|27,56|23,46|90,31|27,10|39,36/27,37=27,43,90,31,37
27,18|60,43|18,20|69,81|27,68|80,35|96,77|42,30|81,50|20,60|6,78|68,69|27,96|30,80|88,84|78,88|27,42|91,14|27,6|77,91/27,50=27,68,69,81,50
29,41|87,26|12,1|12,65|42,27|1,29|27,57|28,69|12,42|69,98|12,13|34,49|98,86|65,64|49,40|41,54|64,87|12,28|13,34|57,81/12,26=12,65,64,87,26
41,76|77,24|87,33|4,81|81,47|99,8|32,41|99,5|8,56|82,29|76,88|99,32|99,7|53,6|33,66|99,53|6,82|7,87|5,4|56,77/99,66=99,7,87,33,66
69,41|64,56|77,13|93,16|11,28|88,94|41,77|54,88|26,25|70,92|54,93|54,69|44,42|25,53|54,11|16,64|28,44|37,26|94,70|54,37/54,56=54,93,16,64,56
5,45|45,51|29,49|17,29|30,73|71,20|9,94|20,18|4,78|71,17|94,76|42,9|71,5|73,4|51,37|49,7|71,30|18,88|88,77|71,42/71,37=71,5,45,51,37
56,77|93,7|65,93|48,16|56,99|76,97|56,81|24,76|77,1|16,57|56,3|3,75|99,24|61,39|9,48|56,9|75,61|1,38|38,70|81,65/56,57=56,9,48,16,57
74,14|14,72|16,99|89,94|89,16|89,86|89,38|38,74|91,42|13,60|94,13|42,79|59,41|95,35|60,30|37,95|86,91|35,85|89,37|99,59/89,41=89,16,99,59,41
93,36|12,49|84,93|84,0|84,12|49,69|65,94|94,21|21,45|55,79|36,51|84,65|84,66|71,80|51,64|0,71|80,28|66,90|90,55|69,9/84,9=84,12,49,69,9
1,9|63,30|40,81|29,65|65,69|22,96|81,8|96,86|58,82|8,1|30,21|86,12|71,58|40,24|40,13|40,18|24,63|40,22|18,71|13,29/40,12=40,22,96,86,12
95,84|45,94|17,66|66,56|60,96|43,81|67,95|94,43|45,67|85,60|84,42|71,50|53,40|81,21|45,53|40,71|96,4|45,20|45,85|20,17/45,21=45,94,43,81,21
8,16|5,31|78,54|25,91|46,38|64,59|52,78|20,8|70,57|20,60|20,11|16,46|31,70|20,5|11,83|54,55|77,25|83,64|60,77|20,52/20,91=20,60,77,25,91
92,67|75,46|75,18|19,83|74,69|75,31|18,74|69,41|31,96|47,92|46,19|13,73|83,10|43,51|73,43|96,85|85,6|75,13|75,50|50,47/75,6=75,31,96,85,6
90,83|15,17|2,12|46,49|67,44|81,48|11,25|25,90|11,82|11,81|48,67|11,1|12,78|11,15|41,47|34,46|83,95|82,34|1,2|17,41/11,95=11,25,90,83,95
60,14|84,87|37,5|37,49|98,30|87,89|5,4|37,60|4,35|14,41|41,79|49,84|24,92|37,21|93,24|35,34|71,98|21,93|82,71|37,82/37,79=37,60,14,41,79
48,67|48,37|62,17|55,52|42,73|52,81|22,4|89,15|67,22|23,56|56,62|48,39|48,23|39,55|15,42|48,89|37,20|76,14|20,76|4,44/48,81=48,39,55,52,81
10,33|57,29|21,60|21,41|39,20|21,69|21,85|60,10|86,79|20,12|69,15|73,66|15,86|1,54|41,1|66,57|85,39|21,73|33,62|54,78/21,78=21,41,1,54,78
52,73|52,60|82,38|27,5|43,1|5,29|1,56|73,86|91,83|38,94|75,44|52,33|60,27|52,82|56,65|33,75|44,61|94,31|52,43|86,91/52,83=52,73,86,91,83
66,18|88,15|66,24|26,5|37,3|61,74|66,88|18,44|44,62|84,97|3,55|74,28|66,65|45,26|24,37|62,14|67,61|15,84|65,45|66,67/66,28=66,67,61,74,28
2,66|65,92|37,57|59,79|92,64|37,48|56,38|66,26|41,59|80,58|33,2|37,33|57,41|58,13|38,52|37,65|64,99|48,56|37,80|13,3/37,26=37,33,2,66,26
74,61|9,62|61,73|28,13|54,24|73,83|74,45|62,41|24,89|41,56|83,22|68,53|74,9|90,54|31,68|86,31|13,64|74,86|74,90|45,28/74,22=74,61,73,83,22
41,33|87,11|41,46|58,4|6,42|41,45|1,9|45,6|89,28|92,39|81,16|41,58|4,1|42,23|41,92|76,89|46,81|33,76|39,87|16,86/41,11=41,92,39,87,11
78,36|54,87|6,77|97,6|94,47|47,52|97,78|97,45|77,53|25,86|8,28|97,94|53,32|45,84|97,25|11,85|84,54|52,99|36,8|86,11/97,85=97,25,86,11,85
84,69|52,62|39,45|5,25|41,72|84,21|72,20|42,91|15,52|84,5|84,15|89,61|98,4|62,60|48,39|84,98|4,42|69,48|25,89|21,41/84,61=84,5,25,89,61
36,8|56,22|14,89|31,64|77,31|23,93|77,62|8,15|21,36|74,19|77,21|4,26|22,80|77,37|62,40|64,23|89,74|77,14|40,4|37,56/77,19=77,14,89,74,19
38,12|53,47|36,19|1,26|69,1|26,77|12,98|63,10|53,36|98,85|53,63|86,9|88,60|47,61|10,97|61,88|53,38|97,46|53,69|19,86/53,60=53,47,61,88,60
22,66|46,52|3,53|46,22|98,86|25,68|40,6|48,90|90,29|43,99|46,98|68,43|52,48|10,83|46,9|9,10|83,2|66,40|46,25|86,3/46,2=46,9,10,83,2
90,28|87,25|87,21|28,6|61,11|87,8|87,67|45,5|29,39|32,12|10,45|67,90|40,61|39,32|94,27|25,10|21,94|87,29|27,50|8,40/87,50=87,21,94,27,50
9,10|96,89|32,7|89,54|26,76|17,90|14,40|10,3|16,36|83,5|83,17|2,96|76,18|79,9|83,2|5,26|40,32|90,16|83,14|83,79/83,54=83,2,96,89,54
92,48|32,12|55,26|37,59|60,6|14,60|9,45|14,9|72,32|14,72|62,89|45,92|14,37|49,30|31,49|14,39|12,76|39,31|59,55|6,62/14,76=14,72,32,12,76
85,30|42,93|92,80|80,84|34,31|34,92|84,43|31,40|5,2|15,73|0,5|16,8|21,57|54,0|34,42|93,85|34,54|73,16|40,21|34,15/34,8=34,15,73,16,8
94,11|66,2|77,48|73,38|2,77|79,34|15,68|34,67|75,79|89,36|11,22|82,94|75,58|67,37|58,89|36,41|75,66|68,73|75,15|75,82/75,48=75,66,2,77,48
52,6|65,24|56,72|35,48|6,60|48,52|35,7|3,62|96,16|35,93|4,65|7,40|35,83|35,17|83,4|16,9|40,56|17,3|62,5|93,96/35,24=35,83,4,65,24
48,23|48,39|62,17|20,52|76,73|52,81|55,42|89,56|23,55|37,15|15,62|48,67|48,37|67,20|56,76|48,89|39,22|4,44|22,4|42,14/48,81=48,67,20,52,81
3,64|11,2|91,61|12,33|61,60|64,47|91,3|60,82|91,22|22,66|82,67|66,30|21,12|2,29|91,11|47,54|91,48|29,59|30,4|48,21/91,59=91,11,2,29,59
22,35|19,97|15,24|4,55|97,15|65,92|18,50|72,65|22,77|92,20|68,46|77,33|22,72|64,68|35,18|33,4|50,30|85,64|22,19|22,85/22,55=22,77,33,4,55
80,3|55,84|7,40|16,55|84,52|7,74|74,80|78,48|40,11|14,50|3,56|1,41|90,86|50,1|62,78|7,16|7,14|11,90|69,62|7,69/7,41=7,14,50,1,41
43,95|48,98|18,50|68,41|36,68|45,18|6,69|22,27|45,36|52,0|45,85|66,56|41,78|45,48|45,66|98,52|50,43|44,6|56,22|85,44/45,78=45,36,68,41,78
0,69|4,20|3,70|7,67|20,0|30,50|72,3|54,14|30,42|14,37|58,79|25,54|73,39|30,25|30,4|30,7|23,73|50,23|42,72|67,58/30,70=30,42,72,3,70
52,60|35,38|28,94|94,96|10,0|88,27|24,30|52,67|60,55|55,10|16,54|52,71|71,35|30,88|48,16|38,26|68,28|52,24|52,68|67,48/52,96=52,68,28,94,96
96,49|75,68|43,60|68,96|18,13|20,25|57,53|57,18|22,15|53,67|6,73|55,43|73,22|3,55|57,75|67,63|13,20|57,3|57,6|63,11/57,11=57,53,67,63,11
96,67|27,70|27,76|33,98|8,39|27,62|27,96|67,58|62,45|45,11|98,83|11,78|58,40|97,33|76,25|70,93|93,4|4,7|27,97|25,8/27,83=27,97,33,98,83
76,36|95,62|49,96|48,7|97,48|62,21|13,22|10,97|36,49|75,1|10,83|10,76|83,51|21,79|7,89|51,75|72,13|10,85|10,95|85,72/10,96=10,76,36,49,96
76,40|41,80|81,33|80,6|30,41|66,13|47,36|72,81|15,85|36,70|78,15|70,59|78,30|78,8|78,29|78,47|85,66|5,76|8,72|29,5/78,33=78,8,72,81,33
47,2|54,17|63,40|84,63|97,82|52,70|2,68|66,52|72,86|14,66|97,84|97,14|75,54|97,75|97,51|82,44|17,50|44,72|51,47|40,55/97,70=97,14,66,52,70
40,76|16,97|16,2|16,14|24,47|21,57|2,21|7,91|69,45|20,71|33,7|16,20|54,24|57,72|14,33|89,69|45,59|16,89|97,54|71,40/16,91=16,14,33,7,91
47,84|8,23|80,47|15,54|92,41|74,21|54,8|74,45|41,38|85,92|74,55|55,80|74,85|74,15|29,60|59,66|87,29|45,59|66,37|21,87/74,60=74,21,87,29,60
17,71|23,33|92,23|24,55|93,1|59,47|7,52|1,7|74,92|24,17|24,99|71,35|35,36|24,93|99,96|96,90|24,74|26,59|90,22|55,26/24,47=24,55,26,59,47
84,15|72,37|66,33|28,79|94,78|66,24|9,88|66,63|66,19|63,9|88,42|73,17|17,84|33,28|32,72|24,32|79,43|66,73|40,94|19,40/66,43=66,33,28,79,43
37,21|15,28|38,94|21,32|8,84|51,8|0,41|11,0|15,37|25,66|65,51|28,38|41,99|15,11|15,25|66,6|6,30|32,58|94,67|15,65/15,84=15,65,51,8,84
15,88|0,15|37,91|40,80|9,66|37,12|91,0|37,90|80,87|20,9|8,61|52,2|87,35|90,20|37,25|25,68|12,8|61,55|68,52|37,40/37,2=37,25,68,52,2
79,13|63,87|78,36|13,17|42,31|42,35|35,3|93,63|36,99|42,72|72,93|58,77|42,78|99,2|92,58|61,92|31,79|55,95|42,61|3,55/42,95=42,35,3,55,95
64,44|57,31|42,59|76,42|77,4|4,76|77,93|53,90|31,94|72,41|93,64|44,17|2,53|77,57|94,83|97,30|77,2|41,97|90,79|77,72/77,83=77,57,31,94,83
53,85|90,94|58,4|85,90|33,54|30,93|15,58|39,53|39,33|49,6|5,49|19,84|93,37|88,30|95,5|54,19|39,95|92,15|39,88|39,92/39,4=39,92,15,58,4
76,49|10,91|65,53|41,40|65,37|53,21|0,32|57,41|21,19|77,79|11,0|79,85|49,10|16,57|65,76|37,77|65,24|65,16|24,11|19,51/65,40=65,16,57,41,40
46,95|52,84|44,49|69,34|46,83|84,41|46,69|4,1|18,85|14,88|46,62|83,4|58,59|76,18|1,7|62,52|88,44|95,76|34,58|46,14/46,59=46,69,34,58,59
77,21|29,26|53,40|78,49|11,61|76,47|3,1|59,29|61,76|78,33|49,59|33,18|1,50|18,77|78,88|78,13|13,79|78,11|88,3|79,53/78,47=78,11,61,76,47
20,46|1,78|1,89|65,19|63,68|1,85|0,65|29,20|1,69|1,0|7,9|78,63|11,81|89,11|85,54|19,4|68,21|69,29|81,70|54,7/1,70=1,89,11,81,70
60,17|30,82|48,60|51,36|30,48|90,84|17,8|37,41|30,93|30,43|23,37|93,90|30,68|82,23|1,77|43,51|77,55|36,78|84,75|68,1/30,75=30,93,90,84,75
37,5|78,18|59,91|15,12|61,1|11,61|5,41|57,75|59,53|59,15|75,50|58,11|91,78|12,81|59,58|93,37|59,93|18,23|81,73|53,57/59,50=59,53,57,75,50
59,6|93,24|97,93|6,1|38,26|28,54|83,38|97,83|3,31|24,3|96,69|90,59|69,52|97,96|70,72|52,11|97,28|97,90|54,70|26,88/97,88=97,83,38,26,88
88,78|78,63|79,96|88,56|65,99|12,77|63,79|4,35|28,47|47,8|56,28|94,38|14,16|88,12|3,94|35,65|64,3|77,14|88,64|88,4/88,8=88,56,28,47,8
5,31|66,41|84,37|30,26|15,66|7,50|50,52|10,63|37,49|29,5|84,7|18,29|84,10|63,3|52,13|41,34|3,71|49,30|84,18|84,15/84,13=84,7,50,52,13
95,16|16,85|45,44|96,23|66,65|45,2|44,11|45,56|3,8|1,66|11,49|43,46|37,3|23,43|45,41|45,96|49,25|56,1|2,95|41,37/45,25=45,44,11,49,25
6,73|86,88|99,90|26,83|33,10|69,36|79,2|16,26|88,72|10,82|54,43|83,68|82,31|6,16|36,79|6,69|6,33|73,86|6,99|90,54/6,43=6,99,90,54,43
82,54|96,79|98,16|79,19|9,82|44,3|80,7|54,53|9,96|7,98|9,49|53,76|67,69|19,73|9,38|9,80|38,67|49,15|69,25|15,44/9,73=9,96,79,19,73
71,99|46,63|48,54|65,51|76,32|36,25|71,18|71,36|38,90|71,76|99,52|71,46|53,48|35,64|41,80|32,41|25,65|18,53|63,35|52,38/71,54=71,18,53,48,54
56,49|34,29|95,56|95,34|95,69|29,6|66,61|41,79|49,24|33,9|24,35|47,33|9,43|75,41|13,22|6,46|95,47|61,13|95,66|69,75/95,46=95,34,29,6,46
71,25|35,43|87,81|6,37|59,61|25,59|43,56|71,6|15,69|81,75|61,66|71,80|71,15|37,39|80,35|75,9|39,93|69,18|71,87|18,45/71,45=71,15,69,18,45
53,69|44,87|74,25|28,6|87,53|36,31|36,17|36,44|17,30|30,99|36,74|84,14|43,7|25,28|7,40|36,63|92,84|99,76|31,43|63,92/36,69=36,44,87,53,69
64,40|64,24|61,0|48,61|28,43|40,2|5,84|96,70|59,50|24,29|49,65|29,5|22,33|64,28|65,59|64,34|43,96|2,22|64,49|34,48/64,33=64,40,2,22,33
47,16|12,11|22,27|47,36|83,33|9,22|73,96|29,9|33,43|47,29|0,39|39,49|47,77|60,73|47,46|16,83|36,12|77,0|11,85|46,60/47,49=47,77,0,39,49
31,34|13,36|31,56|90,29|4,13|74,38|22,26|25,58|29,61|58,69|82,25|31,50|18,74|34,4|56,90|54,18|31,54|50,81|31,82|81,22/31,36=31,34,4,13,36
43,67|78,85|6,43|41,66|47,82|20,57|47,13|53,98|66,12|98,33|13,6|82,41|47,77|33,55|77,75|47,53|47,37|37,20|75,78|57,10/47,10=47,37,20,57,10
31,58|23,84|26,8|94,55|26,56|56,38|34,68|26,17|37,69|69,7|86,54|38,23|19,97|43,31|17,43|8,37|26,19|97,86|26,94|55,34/26,58=26,17,43,31,58
31,23|42,76|76,89|14,53|90,32|65,56|53,9|42,14|43,52|42,75|89,43|42,90|42,65|9,34|28,31|32,73|75,28|73,22|66,93|56,66/42,34=42,14,53,9,34
75,12|6,84|59,31|61,6|84,87|16,74|92,62|62,59|23,30|35,47|35,92|35,61|65,23|35,28|89,16|28,89|35,88|88,75|12,67|47,65/35,31=35,92,62,59,31
87,50|74,19|93,87|50,8|37,5|9,78|42,14|37,47|5,31|31,9|75,41|47,39|37,93|6,84|37,74|39,42|37,51|51,2|2,6|19,75/37,14=37,47,39,42,14
25,79|67,13|25,72|11,16|72,84|25,89|25,12|60,87|25,11|89,56|95,7|17,37|94,60|68,48|79,17|16,95|56,68|84,67|37,8|12,94/25,13=25,72,84,67,13
13,71|64,1|1,41|29,53|42,13|45,98|55,34|40,64|42,55|71,29|74,9|34,28|28,92|42,33|42,40|98,37|48,74|42,56|56,45|33,48/42,92=42,55,34,28,92
82,38|10,81|97,57|85,79|38,28|44,29|85,93|98,97|29,25|85,70|93,88|79,10|1,58|85,98|70,44|85,82|57,94|88,1|28,74|81,91/85,74=85,82,38,28,74
48,77|37,79|46,26|77,82|26,24|36,48|40,75|4,36|4,25|4,46|43,90|15,89|0,56|24,18|12,0|4,15|89,40|4,37|25,12|79,43/4,82=4,36,48,77,82
28,55|21,84|81,50|81,83|55,42|88,41|75,21|81,37|41,79|81,88|9,69|24,75|37,28|14,9|45,0|79,54|71,45|50,14|81,24|83,71/81,54=81,88,41,79,54
77,47|20,68|20,89|89,53|21,77|59,36|97,45|52,59|20,50|80,21|68,60|64,52|39,44|53,39|20,80|46,22|43,97|60,46|50,43|20,64/20,36=20,64,52,59,36
19,13|19,30|54,78|88,54|13,67|36,45|30,75|19,40|19,36|67,4|4,39|45,89|51,10|40,88|75,51|14,65|19,14|65,74|74,77|89,60/19,77=19,14,65,74,77
7,12|94,0|13,71|92,11|11,29|13,94|0,46|27,75|87,51|12,41|75,21|13,92|13,18|18,61|29,30|61,87|71,27|13,7|46,50|41,68/13,51=13,18,61,87,51
75,69|79,49|71,30|24,37|69,32|30,57|76,93|34,17|11,75|24,56|57,20|24,79|24,11|49,76|61,34|37,61|24,71|52,10|10,97|56,52/24,93=24,79,49,76,93
51,30|86,97|86,11|77,23|86,66|30,19|83,42|86,7|26,62|86,83|35,8|62,50|97,26|49,58|42,77|11,49|58,12|7,35|66,51|8,87/86,23=86,83,42,77,23
69,36|21,41|99,25|69,21|3,10|38,88|6,90|70,52|42,17|36,6|90,20|41,42|94,67|10,23|67,70|23,71|88,99|69,3|69,38|69,94/69,17=69,21,41,42,17
82,2|29,61|63,69|82,57|82,63|2,34|1,43|96,67|34,19|43,87|19,7|82,1|83,93|87,36|93,32|76,83|69,96|44,29|57,44|82,76/82,61=82,57,44,29,61
67,97|70,64|67,16|20,83|67,37|37,33|5,74|62,70|33,1|67,46|47,45|16,47|83,77|46,20|1,35|97,5|67,62|74,82|45,39|64,54/67,54=67,62,70,64,54
52,88|5,68|26,62|19,5|45,50|3,98|62,3|57,74|47,58|47,19|78,57|73,52|58,78|68,76|36,73|47,6|6,9|9,45|47,26|47,36/47,50=47,6,9,45,50
13,28|56,10|49,13|79,27|25,49|25,37|17,83|88,6|42,88|48,42|83,97|25,66|25,92|25,48|19,79|66,19|37,43|28,96|43,56|92,17/25,96=25,49,13,28,96
87,4|99,48|64,77|64,90|95,83|64,82|90,99|64,81|65,15|86,88|77,54|88,8|54,65|81,98|5,87|82,86|98,95|13,5|48,92|64,13/64,4=64,13,5,87,4
55,86|56,67|8,34|54,31|2,43|67,55|34,88|42,60|11,36|69,54|31,71|8,69|88,11|8,27|8,2|53,79|43,53|27,42|8,56|60,15/8,79=8,2,43,53,79
81,47|81,97|67,61|81,49|81,0|81,67|46,13|47,93|93,4|80,88|0,80|92,46|43,52|66,24|88,20|49,90|90,43|97,92|4,30|61,66/81,13=81,97,92,46,13
95,66|7,49|95,67|81,58|58,93|85,72|95,81|49,50|72,29|95,4|67,31|25,9|44,85|93,6|66,25|31,45|95,44|9,60|4,7|45,64/95,50=95,4,7,49,50
29,20|94,26|79,85|50,56|85,75|75,72|39,50|26,19|27,61|79,39|79,1|72,2|79,4|79,31|56,74|4,98|20,90|98,27|31,29|1,94/79,61=79,4,98,27,61
61,73|75,5|7,30|32,36|36,83|88,7|74,12|57,88|95,19|61,32|5,54|83,1|61,59|61,48|73,75|48,77|61,57|77,74|3,95|59,3/61,54=61,73,75,5,54
11,96|5,63|55,32|12,44|76,35|76,97|68,12|97,56|67,11|76,5|35,67|75,78|56,55|63,9|88,68|9,94|78,36|53,75|76,88|76,53/76,94=76,5,63,9,94
57,5|25,8|8,92|46,76|25,23|77,83|41,30|25,57|5,4|4,36|92,93|25,1|23,48|83,58|30,47|1,41|58,43|25,77|93,29|48,46/25,36=25,57,5,4,36
36,65|87,28|84,42|20,17|22,2|92,9|7,20|42,7|9,27|84,89|30,34|2,30|84,22|77,92|84,77|65,69|89,5|84,60|60,36|5,87/84,34=84,22,2,30,34
87,90|34,33|39,32|88,4|80,88|80,39|80,87|92,69|1,34|91,73|80,92|69,91|90,56|4,20|33,22|10,35|32,10|80,1|56,48|20,53/80,35=80,39,32,10,35
83,71|93,45|53,62|93,13|48,53|69,64|24,83|20,24|60,14|78,6|41,48|93,89|45,17|89,78|93,41|6,99|93,20|70,60|13,70|17,69/93,99=93,89,78,6,99
70,58|38,81|40,68|92,17|31,53|55,32|53,2|56,16|97,38|32,85|69,97|2,78|55,70|55,69|55,25|55,31|58,40|12,92|85,56|25,12/55,17=55,25,12,92,17
56,34|12,83|85,57|27,9|73,48|35,12|7,58|92,35|1,73|91,46|1,54|58,88|48,91|1,27|54,7|1,92|30,60|34,85|1,56|9,30/1,46=1,73,48,91,46
44,3|62,44|62,19|16,54|99,38|62,25|24,86|9,12|69,9|3,16|73,68|25,24|62,69|20,99|62,73|12,23|68,8|86,47|8,21|19,20/62,23=62,69,9,12,23
46,35|95,74|58,19|94,59|5,47|32,5|95,89|59,71|30,46|27,86|86,25|95,76|71,75|74,13|95,94|13,58|95,30|76,27|35,41|89,32/95,25=95,76,27,86,25
59,6|90,77|22,84|10,1|89,81|66,10|73,20|73,89|69,22|17,13|77,2|20,66|73,55|73,17|55,69|81,59|13,97|73,42|42,90|97,37/73,2=73,42,90,77,2
80,9|51,48|30,76|89,33|14,69|76,83|79,12|73,42|33,92|42,79|9,40|83,14|46,25|30,73|30,89|30,46|92,64|62,80|30,62|25,51/30,40=30,62,80,9,40
50,11|55,73|63,53|57,89|37,50|11,76|28,79|73,77|75,57|40,28|89,4|63,40|63,75|53,99|9,29|63,55|63,37|99,9|77,46|79,83/63,46=63,55,73,77,46
54,43|30,61|30,50|30,96|34,65|62,19|75,54|44,11|19,88|55,29|50,75|30,33|96,34|67,44|29,97|97,89|61,62|33,67|65,68|30,55/30,68=30,96,34,65,68
45,2|85,72|46,85|49,61|72,62|9,23|70,68|18,45|9,6|64,52|9,46|2,7|23,49|9,60|52,59|60,64|9,18|61,13|6,70|68,25/9,62=9,46,85,72,62
95,26|78,71|77,78|95,1|23,81|81,68|59,22|1,52|55,72|68,83|95,23|26,59|95,18|22,63|41,97|95,89|94,41|89,94|18,77|52,55/95,72=95,1,52,55,72
67,59|44,83|33,34|44,45|44,20|99,51|83,10|46,62|45,27|93,33|34,88|51,3|27,46|20,61|61,67|44,66|10,36|36,18|44,93|66,99/44,18=44,83,10,36,18
49,1|81,25|72,79|97,16|60,38|79,33|72,29|72,81|29,3|20,97|3,22|72,73|22,87|55,75|33,55|67,60|25,49|73,20|72,71|71,67/72,75=72,79,33,55,75
76,56|61,7|96,3|3,66|79,9|66,30|76,6|84,79|72,26|81,72|9,0|89,53|68,89|76,25|56,68|7,94|76,84|76,96|6,61|25,81/76,94=76,6,61,7,94
4,95|33,81|89,98|47,92|92,87|4,39|6,66|95,47|57,3|94,88|71,96|98,63|66,33|4,71|4,70|4,6|39,89|70,57|3,90|96,94/4,87=4,95,47,92,87
4,78|61,12|74,33|78,52|68,4|48,17|17,62|97,68|73,96|97,30|97,74|97,39|54,56|33,61|56,0|0,44|39,48|97,54|30,50|50,73/97,62=97,39,48,17,62
13,44|32,84|81,40|48,46|40,48|97,70|37,21|7,68|26,81|8,37|85,27|27,97|44,1|21,60|26,85|26,32|26,8|26,13|84,7|1,65/26,70=26,85,27,97,70
51,56|4,84|4,19|84,32|59,51|63,93|12,10|26,1|4,11|53,59|3,12|4,53|93,86|91,74|4,63|86,85|19,45|11,3|32,91|45,26/4,85=4,63,93,86,85
58,29|20,37|7,47|62,14|14,4|37,68|29,20|47,71|74,73|58,91|98,62|91,32|66,19|58,7|58,98|32,74|58,66|19,10|10,30|71,67/58,73=58,91,32,74,73
45,25|6,57|56,69|71,86|46,15|56,67|1,17|57,26|86,1|15,16|56,71|56,6|10,28|69,38|26,27|67,46|40,45|56,40|38,10|25,64/56,28=56,69,38,10,28
6,36|90,76|95,51|57,28|95,46|46,32|85,72|20,37|36,17|95,61|84,85|28,59|17,87|61,84|95,6|32,20|95,27|27,41|51,57|41,90/95,37=95,46,32,20,37
32,12|15,52|48,9|88,18|48,21|56,71|18,3|71,41|21,15|48,32|48,64|25,17|9,56|12,25|55,44|48,89|52,66|64,88|10,55|89,10/48,44=48,89,10,55,44
42,30|30,96|7,34|56,7|16,69|91,62|94,21|20,16|39,76|2,39|91,20|80,42|69,25|91,80|91,56|91,57|62,2|21,92|34,90|57,94/91,92=91,57,94,21,92
52,95|30,84|15,3|31,30|47,52|31,48|58,23|31,61|84,26|25,15|89,58|48,47|41,67|3,29|62,89|26,55|61,87|31,62|87,41|31,25/31,23=31,62,89,58,23
29,14|85,82|14,20|59,28|23,29|4,83|82,71|4,45|73,63|22,59|4,85|57,73|61,2|83,57|4,22|28,47|4,23|71,18|2,78|45,61/4,78=4,45,61,2,78
70,41|68,1|3,9|1,3|38,57|29,54|96,51|95,0|14,96|33,14|70,33|0,63|70,29|70,82|41,95|70,68|54,38|82,46|65,44|46,65/70,51=70,33,14,96,51
22,9|98,94|98,72|9,71|68,37|94,54|14,56|66,16|37,12|98,22|71,11|98,39|98,78|56,75|39,68|78,14|96,1|54,66|72,96|1,47/98,75=98,78,14,56,75
59,61|71,31|50,35|62,73|7,55|43,89|95,50|91,68|76,7|31,49|55,78|62,76|49,86|62,71|73,91|68,33|62,37|62,59|37,95|61,43/62,33=62,73,91,68,33
82,89|20,93|74,33|33,41|97,7|7,73|37,28|70,32|45,70|92,45|87,82|97,92|99,74|73,20|97,99|28,21|21,12|97,37|97,87|89,38/97,12=97,37,28,21,12
92,85|5,79|83,6|46,14|35,93|62,83|33,8|85,59|28,62|74,61|46,67|8,35|14,92|65,74|79,16|46,33|46,28|13,5|46,13|67,65/46,59=46,14,92,85,59
89,4|89,71|86,22|0,35|89,97|33,0|97,80|93,47|80,82|22,93|98,8|27,2|71,33|20,98|89,86|2,66|89,99|99,27|82,31|4,20/89,31=89,97,80,82,31
21,78|63,20|58,39|77,93|20,89|97,8|34,58|16,14|39,40|89,31|93,12|63,97|63,77|2,90|31,17|78,16|63,34|8,2|63,21|12,72/63,14=63,21,78,16,14
54,88|87,4|28,52|47,27|7,38|87,99|99,7|91,3|30,28|87,30|18,51|51,91|95,29|87,18|38,85|29,54|87,95|4,47|52,42|27,26/87,3=87,18,51,91,3
0,41|0,17|63,6|0,96|51,21|39,11|96,28|60,5|28,39|17,51|21,59|41,23|0,31|23,86|86,76|0,12|12,60|31,63|5,97|6,99/0,97=0,12,60,5,97
87,4|78,26|81,78|48,70|87,65|87,67|70,94|36,76|87,10|96,59|67,48|65,1|1,96|47,6|6,36|87,47|86,89|4,86|10,81|89,34/87,26=87,10,81,78,26
8,61|54,46|8,75|46,24|8,14|48,76|76,99|9,45|81,83|75,48|14,23|23,81|61,62|4,54|62,77|77,82|87,86|8,9|8,4|45,87/8,83=8,14,23,81,83
72,48|73,7|40,87|2,25|25,42|63,51|8,40|51,81|72,75|22,23|97,63|48,22|76,73|72,2|42,66|75,76|23,43|72,97|87,80|72,8/72,43=72,48,22,23,43
95,21|95,38|21,41|95,68|95,77|97,37|82,32|38,62|34,79|68,34|79,84|37,88|17,67|3,97|28,66|77,78|41,28|95,3|78,82|62,17/95,66=95,21,41,28,66
78,12|12,74|5,9|62,96|29,93|9,2|32,56|5,22|5,32|75,97|2,62|5,24|36,49|93,52|50,29|5,50|56,36|22,78|97,25|24,75/5,49=5,32,56,36,49
74,27|34,29|74,43|90,9|74,37|27,34|0,21|46,90|1,63|40,54|84,1|37,88|63,24|43,46|74,84|88,0|74,51|29,52|15,40|51,15/74,9=74,43,46,90,9
86,10|88,39|56,45|84,12|14,97|97,53|84,40|12,86|53,44|13,24|10,80|45,60|84,13|40,88|39,61|24,50|26,56|84,26|50,4|84,14/84,4=84,13,24,50,4
58,15|13,97|16,6|72,70|45,51|6,73|84,58|59,17|84,91|9,72|15,13|84,16|73,42|77,9|84,93|17,24|93,45|84,77|91,59|51,87/84,87=84,93,45,51,87
14,68|30,11|27,14|25,56|49,43|8,30|1,65|27,49|27,42|42,55|70,44|13,73|79,2|43,79|68,70|27,13|55,25|27,59|59,8|73,1/27,56=27,42,55,25,56
46,49|29,28|8,52|85,11|10,59|32,29|46,32|46,51|57,56|28,3|59,40|40,33|46,10|50,8|80,86|51,50|49,55|55,57|46,80|86,85/46,56=46,49,55,57,56
68,30|21,87|67,57|27,80|62,38|32,29|5,14|0,21|80,67|86,83|29,0|32,86|30,66|83,2|38,5|2,34|32,62|32,68|66,18|32,27/32,34=32,86,83,2,34
44,91|90,61|90,20|8,44|61,87|20,8|46,7|90,33|90,46|93,9|77,52|54,5|33,26|82,75|90,82|26,77|7,32|32,29|75,93|87,54/90,9=90,82,75,93,9
74,27|46,0|74,51|90,9|74,37|27,46|29,52|15,90|1,40|63,54|84,1|37,88|40,21|51,15|74,84|88,29|74,43|0,24|34,63|43,34/74,9=74,51,15,90,9
13,29|86,95|95,13|60,41|74,88|41,92|61,2|2,0|99,49|12,69|92,87|39,86|84,99|39,60|39,84|30,61|49,71|69,74|39,12|39,30/39,88=39,12,69,74,88
81,77|35,19|5,45|20,76|10,1|50,21|21,52|1,83|45,8|29,90|10,67|85,3|77,85|27,5|10,35|10,81|67,50|19,20|83,29|10,27/10,76=10,35,19,20,76
7,67|32,80|48,96|4,48|4,99|4,32|11,16|96,11|80,2|67,51|18,7|76,19|4,18|49,76|99,78|4,28|2,3|78,5|28,49|5,40/4,3=4,32,80,2,3
30,49|30,3|5,27|89,22|87,59|91,29|30,89|76,95|3,20|30,87|90,17|7,5|20,91|49,76|22,90|30,85|97,65|95,32|59,97|85,7/30,17=30,89,22,90,17
60,24|48,45|37,63|48,83|46,90|51,22|44,51|78,49|3,37|48,3|84,30|49,43|24,84|43,27|90,28|83,46|48,78|63,73|48,60|45,44/48,22=48,45,44,51,22
40,15|75,32|75,34|94,21|91,39|34,94|21,77|72,91|88,23|32,71|75,72|71,99|95,64|75,7|7,40|39,8|99,24|75,88|23,95|15,96/75,64=75,88,23,95,64
68,65|96,59|43,98|43,44|25,90|54,68|81,37|66,73|43,23|7,48|37,96|48,66|43,7|19,34|90,91|44,54|98,19|23,25|34,72|43,81/43,72=43,98,19,34,72
38,98|43,15|64,47|8,43|1,28|48,9|38,30|38,1|10,66|9,80|98,8|22,60|49,14|30,34|38,48|34,22|28,64|38,10|66,49|80,51/38,15=38,98,8,43,15
20,62|31,1|6,41|8,93|81,40|34,18|23,31|8,21|40,79|21,81|1,38|8,6|93,4|18,52|41,20|4,70|8,23|8,5|5,34|70,12/8,38=8,23,31,1,38
67,77|21,71|0,24|10,21|38,92|61,12|12,73|92,0|61,80|78,83|83,56|73,68|61,98|14,67|68,25|61,78|56,75|80,14|98,10|61,38/61,24=61,38,92,0,24
11,97|87,30|30,42|40,4|91,37|92,96|4,82|87,21|87,40|87,20|3,16|87,92|37,62|45,74|21,91|28,45|20,28|96,11|82,53|42,3/87,74=87,20,28,45,74
73,89|88,46|52,24|10,97|10,30|92,94|10,52|76,99|50,7|7,20|77,13|97,88|46,37|64,76|30,64|10,50|89,77|20,63|24,92|10,73/10,63=10,50,7,20,63
15,74|26,42|57,77|57,2|34,78|42,5|60,72|77,34|57,95|90,60|86,97|55,10|74,80|2,26|57,45|10,86|78,46|95,15|45,90|57,55/57,72=57,45,90,60,72
90,32|73,25|38,94|94,80|73,90|73,69|6,62|69,98|93,76|25,35|32,6|10,59|20,71|56,38|35,93|61,10|73,54|73,56|54,61|98,20/73,76=73,25,35,93,76
12,42|95,10|84,51|67,93|37,8|80,12|20,71|43,37|43,52|87,67|3,20|71,18|43,80|10,26|52,87|43,3|42,33|26,73|8,84|43,95/43,18=43,3,20,71,18
71,99|17,33|16,71|32,59|16,60|16,17|16,61|46,94|60,97|98,42|91,80|69,46|61,91|97,98|33,43|19,69|99,32|43,62|16,19|80,48/16,94=16,19,69,46,94
88,12|26,32|30,95|41,73|17,13|12,53|1,67|95,41|67,17|11,26|88,30|46,86|88,1|88,87|25,60|32,40|96,46|87,96|88,11|53,25/88,60=88,12,53,25,60
62,85|92,35|79,16|46,13|83,93|5,79|33,65|85,59|14,5|74,61|46,28|65,83|13,62|8,74|35,6|46,33|46,14|67,92|46,67|28,8/46,59=46,13,62,85,59
36,71|44,49|61,99|64,24|14,77|54,3|24,36|92,51|42,47|82,92|49,54|82,44|47,61|38,14|62,0|82,38|82,64|51,62|77,93|82,42/82,0=82,92,51,62,0
91,85|12,28|8,84|85,30|11,46|18,31|18,68|45,97|92,72|18,91|76,55|30,23|72,12|18,92|46,76|84,77|31,8|18,11|52,45|68,52/18,77=18,31,8,84,77
92,9|72,85|19,25|43,39|38,35|39,19|60,59|14,38|91,68|4,80|80,60|68,72|4,43|4,41|35,42|41,50|59,74|4,91|50,92|4,14/4,9=4,41,50,92,9
32,82|98,77|87,92|12,17|41,83|0,32|69,41|23,69|64,0|23,98|57,12|72,93|60,1|24,57|23,87|83,6|23,24|23,64|92,60|77,72/23,82=23,64,0,32,82
69,12|87,18|29,98|39,31|65,43|39,41|31,74|98,38|39,29|35,81|81,69|39,35|27,16|41,27|23,15|74,87|15,65|39,23|38,76|16,83/39,43=39,23,15,65,43
47,1|10,80|1,19|70,24|46,31|9,75|31,92|70,47|22,35|24,46|40,12|70,55|80,40|70,93|35,38|82,9|19,85|55,82|70,10|93,22/70,75=70,55,82,9,75
65,41|25,72|96,76|67,99|65,74|65,25|74,80|65,3|65,50|72,84|50,96|19,9|92,98|84,53|76,46|3,24|24,92|30,67|80,19|41,30/65,53=65,25,72,84,53
49,3|78,55|38,42|33,22|72,45|55,28|49,78|22,46|17,79|49,17|3,38|49,20|44,87|46,93|28,52|42,63|79,44|49,33|20,72|45,65/49,63=49,3,38,42,63
93,64|96,83|99,72|79,50|50,16|47,25|25,8|93,36|4,28|93,49|49,96|36,99|83,80|8,35|93,47|72,7|64,79|93,18|28,10|18,4/93,16=93,64,79,50,16
33,5|4,6|82,25|90,96|48,22|49,41|82,50|66,80|96,66|22,64|9,4|95,49|82,78|82,90|78,48|82,33|50,9|25,95|2,71|5,2/82,6=82,50,9,4,6
37,0|37,41|12,31|78,99|0,78|86,12|83,58|76,27|58,35|17,86|27,94|37,83|99,36|41,76|89,30|67,89|55,67|35,73|37,55|37,17/37,30=37,55,67,89,30
7,79|16,11|17,13|20,18|18,26|91,46|61,87|90,34|87,91|46,95|61,90|11,17|61,43|43,20|58,7|61,58|79,25|63,85|61,16|34,63/61,95=61,87,91,46,95
26,54|17,31|45,90|92,16|34,19|91,57|91,6|6,45|91,29|68,56|56,96|91,26|54,34|91,61|61,92|90,8|16,1|25,17|57,25|29,68/91,31=91,57,25,17,31
41,51|84,58|87,0|15,96|56,41|13,65|58,54|40,50|87,15|65,93|87,84|0,40|54,53|96,7|68,56|93,4|87,13|7,97|50,26|87,68/87,4=87,13,65,93,4
2,9|51,39|47,2|9,8|37,74|6,78|42,14|37,5|74,87|87,6|75,84|5,19|37,47|50,41|37,51|19,42|37,93|93,31|31,50|39,75/37,14=37,5,19,42,14
30,69|3,95|44,96|19,44|90,3|51,88|83,10|30,92|27,74|59,51|30,27|30,59|88,56|92,90|40,79|24,2|69,19|30,40|79,24|74,83/30,10=30,27,74,83,10
44,77|4,73|73,64|19,68|19,52|68,44|19,30|19,67|76,94|19,43|54,24|77,6|30,4|24,14|67,1|42,76|23,91|1,23|52,42|43,54/19,14=19,43,54,24,14
2,13|50,6|80,45|75,99|17,58|26,48|80,2|45,50|58,41|13,75|95,88|80,17|88,26|37,20|41,89|80,37|60,16|80,95|20,60|6,55/80,55=80,45,50,6,55
97,88|30,96|30,33|30,50|62,65|75,54|34,97|44,11|54,43|55,67|33,34|30,61|50,62|29,44|67,19|19,89|96,75|61,29|65,68|30,55/30,68=30,50,62,65,68
69,20|62,69|62,73|99,38|86,54|62,25|68,16|3,12|19,3|20,99|44,24|25,68|62,19|9,86|62,44|12,23|24,8|16,47|8,21|73,9/62,23=62,19,3,12,23
88,51|19,2|1,63|92,48|38,1|87,92|26,94|53,30|48,68|38,87|63,73|94,74|38,41|38,26|41,3|73,67|38,19|74,46|3,88|2,53/38,67=38,1,63,73,67
8,12|8,40|78,24|49,59|84,42|8,78|45,47|48,49|5,48|42,1|12,76|76,25|47,0|40,45|73,84|8,73|8,5|24,64|25,88|64,96/8,88=8,12,76,25,88
81,13|26,11|86,26|68,4|18,96|13,49|68,23|92,28|23,57|0,86|68,0|57,3|42,92|3,38|48,81|68,48|68,42|28,36|4,35|35,18/68,36=68,42,92,28,36
23,31|70,74|23,79|21,83|13,75|23,44|23,87|87,69|22,13|44,78|69,84|73,40|31,22|84,7|79,77|78,63|63,41|77,21|40,70|23,73/23,41=23,44,78,63,41
81,54|58,4|58,13|58,41|62,10|26,31|58,73|23,93|46,26|58,43|41,88|15,81|43,2|13,15|2,69|88,62|69,83|4,66|73,46|66,23/58,93=58,4,66,23,93
52,26|99,69|99,61|26,23|99,32|61,95|82,97|25,50|20,67|76,74|12,76|67,45|99,12|94,42|74,65|69,20|99,82|32,52|95,25|97,94/99,42=99,82,97,94,42
60,96|36,9|2,66|88,15|84,28|66,85|6,2|56,63|26,56|15,27|88,60|96,97|88,84|88,6|88,26|27,76|28,36|76,7|63,37|97,69/88,7=88,15,27,76,7
28,84|51,4|69,98|28,60|77,85|89,83|35,79|57,68|60,77|85,38|83,90|28,51|79,3|76,89|28,76|84,35|68,69|28,57|44,5|4,44/28,3=28,84,35,79,3
39,28|43,13|33,87|30,32|39,7|7,56|39,93|39,43|32,44|65,20|39,30|56,38|28,81|22,94|78,22|93,78|44,73|13,65|81,33|38,61/39,61=39,7,56,38,61
21,73|21,17|32,34|6,49|83,29|62,85|73,2|51,30|34,8|8,59|49,84|17,6|21,23|21,32|29,11|23,83|85,12|2,51|12,41|21,62/21,30=21,73,2,51,30
99,79|49,19|94,22|88,48|91,81|72,39|71,72|97,92|71,6|71,10|39,88|6,94|81,70|71,91|92,86|22,59|10,97|19,99|71,49|70,95/71,59=71,6,94,22,59
52,85|52,5|76,94|29,76|78,50|52,69|51,29|52,92|69,20|85,24|38,89|3,38|50,10|5,78|52,51|24,77|20,90|92,3|90,73|77,2/52,89=52,92,3,38,89
74,86|45,54|86,28|31,68|62,13|28,83|74,61|54,41|13,89|41,56|83,22|24,64|74,45|90,62|73,24|9,73|68,53|74,9|74,90|61,31/74,22=74,86,28,83,22
79,41|17,0|0,1|21,62|41,47|57,44|21,23|3,6|20,67|62,20|90,34|34,64|67,5|21,57|47,97|21,17|44,3|21,79|23,90|1,88/21,5=21,62,20,67,5
91,64|18,96|4,43|90,86|93,34|59,23|99,20|20,46|46,6|89,94|67,93|99,18|99,91|99,60|60,67|96,4|86,89|64,59|6,28|99,90/99,34=99,60,67,93,34
34,27|62,99|25,53|27,59|0,89|0,25|15,39|0,86|37,73|99,97|89,34|65,15|86,62|47,72|0,37|53,47|39,60|77,93|0,65|73,77/0,93=0,37,73,77,93
0,16|90,52|19,38|58,40|18,57|8,0|58,22|22,81|12,66|73,43|58,90|58,73|43,50|28,99|50,61|58,12|52,19|66,18|81,28|40,8/58,57=58,12,66,18,57
37,53|94,15|94,73|94,28|6,4|27,7|94,16|4,61|76,22|95,37|28,76|16,58|57,47|58,60|22,25|47,27|73,6|60,31|94,57|15,95/94,61=94,73,6,4,61
57,41|28,1|78,85|86,7|71,78|63,27|41,86|71,73|6,45|71,90|13,17|90,61|71,63|85,40|73,33|40,75|33,28|27,13|61,6|71,57/71,45=71,90,61,6,45
93,63|33,58|16,42|42,46|84,0|64,84|91,98|48,91|64,8|63,89|8,14|19,67|64,51|64,18|18,93|64,16|46,37|51,48|0,33|14,19/64,89=64,18,93,63,89
24,21|4,52|75,33|68,20|89,94|21,26|98,67|20,74|40,89|40,42|40,36|94,4|33,15|99,98|19,99|42,24|6,75|40,19|36,68|40,6/40,26=40,42,24,21,26
62,66|7,33|68,44|65,1|17,81|16,17|61,3|9,41|9,13|9,68|3,71|33,97|38,7|1,67|44,62|13,65|52,16|41,61|9,52|9,38/9,71=9,41,61,3,71
2,43|72,36|2,9|43,92|2,63|30,25|90,69|85,3|69,79|13,98|63,73|3,72|98,28|82,95|51,90|92,30|73,82|2,51|2,85|9,13/2,28=2,9,13,98,28
43,84|2,25|58,24|60,58|24,37|2,60|22,29|2,54|92,89|59,34|89,44|44,15|34,4|54,77|2,47|47,59|2,92|52,43|77,22|25,52/2,84=2,25,52,43,84
2,67|32,2|30,23|15,36|89,63|32,89|63,30|14,71|36,54|38,14|20,16|21,80|32,0|16,79|32,28|0,20|83,15|32,83|28,38|67,21/32,79=32,0,20,16,79
20,56|7,90|7,66|51,91|88,64|7,20|91,79|7,27|7,51|3,59|79,14|45,88|56,80|66,45|80,63|27,3|50,99|90,94|94,50|59,17/7,14=7,51,91,79,14
68,45|93,11|71,31|71,49|65,39|44,6|71,86|71,77|39,44|49,88|19,10|0,93|77,0|36,7|26,68|31,26|10,72|88,36|86,19|71,65/71,72=71,86,19,10,72
2,59|37,42|37,25|96,29|37,96|55,99|71,55|99,60|25,6|37,71|9,24|76,86|46,77|42,2|11,62|59,27|37,46|77,9|6,76|29,11/37,24=37,46,77,9,24
86,0|67,18|66,57|27,38|68,80|32,62|5,14|83,67|38,66|29,30|62,83|32,29|0,21|30,2|80,5|2,34|32,68|32,86|21,87|32,27/32,34=32,29,30,2,34
36,1|50,87|50,12|50,82|87,76|64,66|50,64|72,42|55,40|82,48|42,65|48,43|50,72|43,35|65,56|76,36|66,9|52,55|12,52|9,98/50,35=50,82,48,43,35
36,55|8,71|54,74|75,20|54,69|54,90|55,30|90,36|71,94|33,96|74,8|16,66|15,33|54,32|3,62|53,3|32,53|54,16|66,75|69,15/54,62=54,32,53,3,62
39,54|98,78|98,94|54,37|9,66|78,68|96,56|71,16|66,47|98,39|37,11|98,72|98,22|56,75|72,9|22,96|14,1|68,71|94,14|1,12/98,75=98,22,96,56,75
12,94|99,19|12,53|30,93|19,88|14,11|11,91|53,72|60,73|43,60|12,69|93,66|94,43|12,30|66,59|91,95|86,22|72,86|69,99|12,14/12,88=12,69,99,19,88
6,54|6,53|63,88|36,87|86,63|6,86|99,73|54,36|58,99|88,93|80,70|6,56|87,30|73,13|18,76|53,9|56,80|6,58|70,26|9,18/6,26=6,56,80,70,26
71,96|95,71|50,95|68,62|18,94|74,18|87,64|57,74|64,12|50,11|96,73|50,68|50,57|11,83|69,48|83,92|92,15|62,69|50,63|63,87/50,15=50,11,83,92,15
30,6|5,66|32,50|45,2|55,45|32,56|80,86|81,30|52,5|32,83|70,55|6,67|56,99|13,80|50,52|99,87|32,81|83,13|32,70|87,51/32,51=32,56,99,87,51
67,70|17,57|53,90|49,46|46,25|85,67|85,9|85,44|85,20|66,5|5,22|57,97|9,49|80,66|70,47|44,53|85,80|47,74|20,17|90,72/85,74=85,67,70,47,74
81,5|94,21|21,56|80,10|17,88|20,59|95,81|56,93|94,2|2,97|88,51|12,66|94,95|96,17|94,12|5,55|94,96|66,20|97,80|93,28/94,51=94,96,17,88,51
53,97|46,16|12,30|46,45|61,99|88,15|15,74|46,61|36,22|25,12|3,94|92,5|16,25|46,69|45,88|97,64|46,3|99,36|69,53|94,92/46,5=46,3,94,92,5
61,27|6,63|64,56|79,61|6,79|22,76|46,22|48,51|56,66|84,47|49,46|6,49|63,48|6,84|47,36|6,37|36,19|37,64|27,44|51,60/6,19=6,84,47,36,19
84,48|50,76|76,49|34,97|50,1|29,85|94,92|41,68|97,29|50,74|74,63|48,6|33,64|50,69|1,84|46,41|69,46|50,34|49,33|63,94/50,85=50,34,97,29,85
54,72|72,5|60,87|36,38|82,54|66,40|66,4|51,76|44,49|40,20|23,8|49,23|66,44|66,82|66,36|4,51|0,84|38,60|76,37|20,0/66,87=66,36,38,60,87
75,39|11,34|11,89|62,78|33,62|34,23|78,83|11,43|73,69|43,65|12,8|23,15|56,18|65,12|39,73|15,24|18,80|11,33|11,75|89,56/11,8=11,43,65,12,8
69,80|87,76|86,37|87,86|21,1|91,27|83,69|74,28|87,31|2,59|31,91|1,70|37,74|27,14|88,21|87,88|59,17|52,83|76,2|87,52/87,17=87,76,2,59,17
32,43|16,39|69,29|91,14|47,69|67,73|39,28|43,85|6,15|32,27|32,6|85,91|70,60|27,47|32,9|32,8|9,16|60,86|8,70|15,67/32,14=32,43,85,91,14
7,1|7,80|80,32|7,40|1,75|7,60|7,55|53,50|29,93|60,52|75,89|89,73|55,29|52,30|32,3|30,51|50,64|93,13|40,53|3,43/7,51=7,60,52,30,51
27,56|53,40|5,83|33,53|83,9|48,58|56,89|79,33|57,73|79,57|40,32|77,27|79,5|9,8|79,77|52,4|79,12|12,46|73,48|46,52/79,58=79,57,73,48,58
54,48|29,76|50,15|87,88|36,54|36,32|93,4|15,97|10,55|36,87|90,9|65,90|36,50|55,29|36,10|32,65|95,64|97,80|48,95|88,93/36,64=36,54,48,95,64
85,10|28,67|91,50|87,16|54,63|99,54|85,5|15,91|79,88|88,87|69,28|63,43|85,69|39,1|66,39|67,46|5,66|85,79|10,15|85,99/85,46=85,69,28,67,46
45,71|41,90|53,11|90,9|78,72|11,91|28,16|16,45|28,77|6,53|27,85|85,1|87,78|28,6|28,27|71,82|12,87|28,12|77,41|1,34/28,82=28,16,45,71,82
59,28|59,2|38,74|81,38|59,73|2,81|42,55|73,77|90,91|28,13|45,85|58,47|61,60|59,90|77,42|60,58|91,64|13,45|59,61|64,84/59,55=59,73,77,42,55
35,32|19,35|99,19|10,14|78,87|59,47|95,30|82,95|45,78|58,39|47,56|17,11|59,99|59,58|56,10|28,45|59,28|31,82|59,31|39,17/59,32=59,99,19,35,32
39,43|30,78|22,73|7,81|39,28|28,32|39,93|39,30|81,33|65,20|39,7|32,38|43,56|44,94|13,44|93,13|33,87|78,65|56,22|38,61/39,61=39,28,32,38,61
85,13|8,33|8,75|3,72|12,2|10,97|97,89|28,12|8,85|72,32|20,30|75,3|2,14|33,24|24,20|8,87|8,28|99,47|13,99|87,10/8,89=8,87,10,97,89
39,23|38,30|91,33|61,57|34,3|40,53|72,32|38,72|56,28|3,54|23,46|42,40|30,42|28,91|38,34|38,4|32,61|54,77|38,56|4,39/38,57=38,72,32,61,57
47,30|58,16|7,45|30,34|4,86|90,27|39,67|39,47|1,96|39,58|20,4|96,51|55,61|16,7|39,55|39,57|57,1|61,90|67,20|34,14/39,51=39,57,1,96,51
85,75|1,31|7,60|92,69|69,84|52,92|84,74|47,30|14,10|52,47|52,99|72,1|52,64|99,72|30,85|52,7|64,83|60,55|83,14|55,50/52,31=52,99,72,1,31
37,50|12,93|3,92|78,30|92,40|25,46|8,83|30,28|4,36|46,37|4,25|4,73|11,8|40,31|73,11|93,14|36,12|4,3|28,95|4,78/4,31=4,3,92,40,31
51,77|69,24|81,69|67,71|81,29|24,7|77,37|81,67|16,98|12,25|98,88|47,41|29,16|17,51|41,13|13,64|81,17|7,3|81,47|71,12/81,25=81,67,71,12,25
6,85|57,45|9,66|36,40|91,59|5,57|67,71|64,94|40,64|36,67|72,9|36,75|15,91|66,14|71,6|75,5|59,65|36,15|36,72|94,25/36,14=36,72,9,66,14
11,96|4,11|58,70|24,53|86,43|25,65|13,86|38,13|50,25|24,38|39,82|64,75|24,4|96,14|24,58|92,46|70,64|24,39|53,50|82,92/24,43=24,38,13,86,43
22,47|86,82|19,77|41,22|36,16|31,25|27,86|82,10|49,38|2,56|31,2|39,87|31,27|25,41|91,61|56,36|87,49|77,91|31,19|31,39/31,10=31,27,86,82,10
63,96|52,62|39,2|67,61|19,65|18,41|2,57|62,36|63,79|63,40|79,52|1,14|63,18|65,76|63,19|76,70|40,39|41,1|96,15|15,67/63,36=63,79,52,62,36
28,45|1,60|95,26|69,86|1,47|30,6|60,91|1,67|67,95|45,75|75,29|86,30|71,16|47,21|1,69|1,28|91,11|11,96|26,62|21,71/1,96=1,60,91,11,96
89,14|86,95|89,12|95,50|14,19|75,86|12,39|23,88|89,85|39,23|76,2|31,26|36,51|26,38|85,31|89,76|11,49|19,36|2,11|89,75/89,50=89,75,86,95,50
29,42|91,39|86,51|96,32|96,88|95,73|2,28|96,4|0,52|37,29|96,46|46,26|28,86|4,95|88,37|96,2|26,0|73,13|71,91|32,71/96,51=96,2,28,86,51
88,22|40,77|94,86|19,58|89,44|85,59|59,52|52,19|86,81|13,40|85,56|24,89|80,13|0,88|85,94|85,80|85,24|56,0|81,35|44,7/85,77=85,80,13,40,77
90,19|81,98|90,81|82,84|98,20|68,62|62,26|26,58|94,67|83,94|23,71|90,68|20,99|71,97|63,82|90,8|97,42|8,83|90,23|19,63/90,99=90,81,98,20,99
50,42|91,48|18,81|48,30|37,52|49,22|50,39|81,49|52,89|42,38|38,35|50,37|36,51|21,91|51,63|50,18|89,71|50,21|35,87|39,36/50,63=50,39,36,51,63
9,22|88,81|4,94|81,65|22,62|56,87|28,49|20,56|28,68|11,20|49,9|0,4|19,0|28,16|28,11|28,19|16,88|68,51|95,21|51,95/28,94=28,19,0,4,94
28,89|56,68|88,28|19,80|52,98|6,26|26,66|80,11|6,67|66,14|18,93|6,52|14,10|68,37|90,88|67,19|98,18|37,35|6,90|6,56/6,89=6,90,88,28,89
76,41|15,76|22,48|15,21|37,71|15,3|38,2|9,62|48,12|53,59|41,78|3,31|2,53|12,5|21,87|78,13|31,37|15,38|87,9|15,22/15,71=15,3,31,37,71
40,66|14,34|12,49|49,56|40,77|40,91|82,5|91,6|77,12|48,65|39,82|34,96|40,39|5,73|40,14|6,71|71,93|66,83|83,48|96,89/40,56=40,77,12,49,56
86,15|8,36|48,86|38,95|66,48|85,17|66,73|60,94|66,14|15,88|95,33|17,72|14,85|99,8|66,38|73,99|76,60|66,76|33,56|94,68/66,68=66,76,60,94,68
34,53|26,34|26,92|69,79|26,69|79,13|87,58|88,52|13,8|53,83|75,71|90,88|92,95|83,67|52,21|95,47|26,90|58,75|26,87|47,93/26,8=26,69,79,13,8
15,91|0,63|9,7|0,74|0,18|69,34|74,78|45,3|54,15|78,51|7,11|3,1|51,85|0,9|63,69|52,45|11,22|18,54|34,38|0,52/0,22=0,9,7,11,22
28,90|47,28|25,84|95,12|59,43|98,47|82,59|95,82|12,76|97,2|95,78|21,85|76,25|95,98|91,66|95,21|78,91|43,35|66,52|85,97/95,35=95,82,59,43,35
84,66|36,95|71,36|18,86|62,8|67,11|71,51|71,68|8,83|32,39|0,21|95,32|71,22|21,52|51,0|22,84|68,62|71,18|86,67|66,56/71,52=71,51,0,21,52
28,37|71,78|40,7|73,56|10,71|73,43|1,40|84,69|4,83|73,1|35,84|14,4|43,10|7,3|37,20|69,55|56,28|95,14|73,95|73,35/73,20=73,56,28,37,20
2,28|49,38|28,72|89,90|72,91|29,34|88,51|36,31|1,52|1,68|1,29|38,36|64,0|34,64|1,49|68,71|1,2|57,88|52,57|71,89/1,91=1,2,28,72,91
51,79|77,49|84,77|97,80|60,11|67,4|9,67|30,84|97,50|97,30|56,3|52,40|3,52|97,53|80,59|53,51|97,56|59,60|50,9|79,93/97,11=97,80,59,60,11
16,39|2,83|67,86|73,81|82,60|3,45|29,65|80,19|83,62|67,82|40,2|81,29|19,35|67,73|67,40|60,3|95,90|67,95|86,80|90,16/67,35=67,86,80,19,35
86,0|82,60|39,86|29,17|11,48|8,4|72,43|11,72|48,8|2,75|4,7|69,2|60,29|43,71|11,39|11,82|71,30|77,69|11,77|0,68/11,17=11,82,60,29,17
15,13|41,3|15,18|84,98|15,80|22,2|98,14|83,84|91,45|33,78|15,83|18,41|9,57|78,91|57,95|80,12|3,8|13,9|12,22|15,33/15,8=15,18,41,3,8
45,65|21,39|9,2|2,57|72,83|52,21|83,73|9,60|56,1|99,35|60,64|32,4|73,53|87,52|9,87|64,45|57,56|9,72|35,32|9,99/9,4=9,99,35,32,4
91,52|39,38|22,43|86,39|84,17|20,86|20,99|20,33|92,90|17,81|33,49|52,92|28,84|20,91|21,32|49,22|38,61|99,48|48,21|20,28/20,43=20,33,49,22,43
83,59|37,66|66,19|5,26|43,37|5,50|65,39|26,4|5,8|33,55|74,86|84,74|36,33|5,36|8,65|50,84|55,60|4,83|5,43|39,98/5,98=5,8,65,39,98
60,10|54,88|43,16|9,26|73,84|6,9|8,73|88,43|54,8|42,69|26,79|54,6|69,36|54,60|10,65|36,30|54,42|84,47|16,90|65,25/54,25=54,60,10,65,25
0,95|4,63|0,57|51,50|93,83|1,93|80,75|48,51|0,1|50,79|37,81|0,48|0,89|36,4|89,31|81,23|31,80|95,37|57,36|83,40/0,23=0,95,37,81,23
64,62|44,92|23,56|55,73|79,28|55,2|73,96|24,34|55,44|96,64|2,23|55,42|92,79|27,66|55,20|56,71|34,84|42,24|48,27|20,48/55,84=55,42,24,34,84
81,99|38,67|44,12|81,9|31,60|99,48|69,16|48,44|80,72|81,80|0,31|66,0|72,62|9,38|62,71|81,66|23,22|67,8|81,23|22,69/81,12=81,99,48,44,12
93,88|29,54|64,97|59,51|54,59|29,24|21,66|66,47|53,55|24,64|29,63|97,43|29,1|29,93|22,0|51,98|1,53|88,22|55,20|63,21/29,98=29,54,59,51,98
31,96|31,75|4,41|29,9|92,29|31,21|18,30|31,43|43,8|75,22|8,93|31,69|93,80|41,26|22,32|96,4|32,38|21,92|69,18|30,15/31,9=31,21,92,29,9
50,89|74,7|73,50|1,3|84,1|42,97|91,42|5,58|33,13|7,55|21,74|33,19|65,73|58,98|13,84|19,5|33,91|33,65|97,36|33,21/33,89=33,65,73,50,89
93,85|14,37|67,74|75,56|37,38|14,75|14,32|55,95|31,48|14,31|32,9|87,73|69,98|82,45|38,82|85,69|14,93|48,67|9,87|56,55/14,45=14,37,38,82,45
69,36|38,10|90,71|69,38|21,88|94,41|67,23|70,52|42,17|36,67|23,20|10,42|3,6|88,99|6,70|99,25|41,90|69,21|69,94|69,3/69,17=69,38,10,42,17
89,78|89,38|89,8|60,44|38,20|78,52|70,72|73,28|72,88|84,70|27,35|89,27|89,84|48,67|8,48|35,73|20,22|22,16|67,17|52,60/89,88=89,84,70,72,88
50,95|1,91|32,31|67,80|4,29|1,50|72,30|12,2|1,75|46,72|26,76|75,96|96,26|31,89|73,46|80,12|91,32|1,67|1,73|95,4/1,76=1,75,96,26,76
97,47|20,89|20,50|50,21|53,97|59,36|46,22|43,59|20,64|80,53|89,52|68,43|39,44|21,39|20,80|77,45|60,46|52,77|64,60|20,68/20,36=20,68,43,59,36
42,93|93,92|51,48|83,19|97,94|53,43|7,59|38,81|83,42|78,37|92,69|19,53|48,97|16,90|59,38|83,78|37,16|43,80|83,51|83,7/83,69=83,42,93,92,69
22,55|74,77|26,19|26,95|78,54|54,80|26,89|31,67|47,39|26,71|19,78|26,43|77,75|95,74|58,47|89,41|55,98|71,58|43,22|41,31/26,75=26,95,74,77,75
26,59|75,74|27,75|20,93|21,57|31,62|31,27|42,21|93,1|29,36|62,42|31,26|11,29|31,83|83,11|59,97|31,20|74,34|97,30|1,18/31,36=31,83,11,29,36
48,55|72,23|48,61|61,42|48,81|34,2|70,34|55,44|48,83|5,71|75,37|25,13|17,75|83,70|77,72|81,77|42,25|35,17|48,35|44,5/48,71=48,55,44,5,71
20,83|23,76|11,42|58,4|64,52|64,91|64,26|26,63|36,99|64,20|52,11|91,36|64,30|30,94|42,7|55,2|94,55|99,77|63,23|83,58/64,4=64,20,83,58,4
85,18|3,93|17,92|18,34|85,4|14,50|16,52|50,16|93,62|34,83|98,3|85,5|72,59|5,87|87,17|85,98|4,43|83,51|43,72|85,14/85,92=85,5,87,17,92
77,79|15,55|56,94|6,9|79,51|42,3|94,6|92,56|55,73|92,75|92,48|73,69|7,84|22,42|92,15|92,22|75,77|48,71|71,7|3,97/92,9=92,56,94,6,9
11,57|1,28|72,98|61,41|91,6|62,27|6,80|57,72|56,2|73,1|84,61|84,11|41,56|78,73|84,69|84,62|84,78|59,97|27,59|69,91/84,2=84,61,41,56,2
13,1|25,48|13,84|3,67|10,54|27,90|48,10|13,29|14,3|13,59|39,33|29,89|59,14|1,68|13,25|63,88|89,27|84,79|68,63|79,39/13,54=13,25,48,10,54
44,66|58,63|26,40|47,64|63,44|67,43|58,98|57,89|40,67|58,26|65,1|62,65|58,31|98,62|31,74|58,57|74,5|66,39|89,47|5,73/58,43=58,26,40,67,43
39,17|16,33|18,35|14,83|14,16|83,18|1,69|76,36|14,76|91,11|40,1|69,97|35,64|11,39|38,22|33,9|14,40|9,4|36,38|14,91/14,4=14,16,33,9,4
95,19|48,18|96,64|58,84|68,96|93,53|19,48|77,3|58,12|60,78|58,95|58,4|4,25|58,93|84,77|25,60|85,94|3,52|53,85|12,68/58,52=58,84,77,3,52
36,4|56,23|62,64|31,40|77,31|22,80|77,14|4,93|21,36|74,19|77,21|8,26|23,15|77,37|14,89|40,22|64,74|77,62|89,8|37,56/77,19=77,62,64,74,19
23,40|88,50|16,81|44,12|81,44|16,0|12,59|16,6|16,97|4,88|97,4|0,72|16,19|6,23|72,69|69,11|42,31|61,42|40,14|19,61/16,14=16,6,23,40,14
16,77|32,54|13,74|56,99|56,26|56,16|17,94|60,51|99,92|56,62|98,32|62,13|26,17|56,98|54,63|77,15|74,28|94,58|15,41|92,60/56,28=56,62,13,74,28
50,45|98,50|69,87|64,18|56,30|44,3|51,94|5,99|30,64|27,33|23,5|45,37|16,51|16,98|16,17|16,44|3,27|94,69|17,23|16,56/16,37=16,98,50,45,37
85,16|38,41|16,5|53,37|18,38|5,13|18,27|97,53|18,85|27,75|91,58|43,44|18,3|20,43|18,20|41,91|51,32|75,51|44,7|3,97/18,32=18,27,75,51,32
31,75|31,43|92,30|29,9|8,29|31,96|22,93|31,21|21,4|43,18|4,41|31,69|41,26|30,80|18,32|75,92|32,38|96,8|69,22|93,15/31,9=31,96,8,29,9
57,73|10,43|86,42|42,59|76,3|73,37|64,21|4,39|19,30|19,86|89,57|21,36|59,9|30,4|19,76|3,10|36,79|19,89|19,64|39,96/19,9=19,86,42,59,9
63,91|53,86|23,98|38,45|58,31|42,15|67,5|10,63|38,44|44,10|49,53|5,23|38,61|30,58|38,75|15,26|75,42|38,67|61,49|45,30/38,98=38,67,5,23,98
97,26|19,82|50,62|32,66|62,51|97,25|51,96|95,73|26,24|66,57|25,95|40,19|24,18|18,38|97,50|7,32|73,74|13,40|97,7|97,13/97,38=97,26,24,18,38
95,18|68,63|94,68|95,89|1,77|77,41|52,22|89,59|55,72|41,83|95,1|18,52|95,23|22,71|78,97|95,26|81,78|26,81|23,94|59,55/95,72=95,89,59,55,72
55,48|59,12|62,89|72,6|39,32|14,39|9,31|14,9|60,59|14,60|92,26|31,55|14,72|49,30|45,49|14,37|12,76|37,45|6,62|32,92/14,76=14,60,59,12,76
96,37|54,30|96,54|72,15|77,72|75,79|37,6|8,75|30,71|96,50|96,8|84,47|79,51|96,36|18,84|73,17|36,77|50,18|71,44|6,73/96,15=96,36,77,72,15
95,3|3,8|45,96|44,37|43,85|45,2|96,23|45,56|16,65|1,43|23,49|66,46|11,16|37,66|45,41|45,44|49,25|56,1|2,95|41,11/45,25=45,96,23,49,25
95,91|44,86|65,29|68,71|40,16|61,92|12,40|95,11|86,67|52,46|95,68|82,0|11,84|95,82|71,61|8,44|95,8|91,12|84,65|0,52/95,46=95,82,0,52,46
31,40|0,20|32,21|72,32|45,90|33,50|21,31|47,7|72,47|69,0|46,70|90,25|72,46|30,82|72,95|70,33|95,45|72,69|20,34|7,30/72,50=72,46,70,33,50
12,58|44,51|91,7|76,30|72,95|51,72|43,92|65,69|76,65|9,41|19,43|20,19|58,28|76,91|76,20|39,40|7,39|30,12|69,9|76,44/76,95=76,44,51,72,95
55,61|55,5|57,87|87,48|72,66|55,63|53,45|92,27|29,53|55,92|54,29|91,85|61,41|27,60|63,57|5,91|85,46|60,98|55,54|41,72/55,45=55,54,29,53,45
81,68|15,56|60,5|36,13|69,15|93,46|99,81|60,69|33,37|56,74|13,33|42,67|3,35|60,36|16,42|35,93|60,9|5,16|60,3|9,99/60,67=60,5,16,42,67
88,28|9,88|21,72|23,9|56,17|23,31|23,76|96,21|3,64|23,19|19,96|28,34|23,2|37,30|62,56|31,89|89,37|14,3|2,62|76,14/23,34=23,9,88,28,34
32,42|80,28|30,21|22,75|3,20|39,30|68,7|3,90|31,72|42,80|96,22|3,96|3,86|79,68|3,32|75,71|86,31|20,79|72,27|90,39/3,27=3,86,31,72,27
72,25|57,81|25,69|54,31|98,48|88,54|81,40|69,94|57,10|51,77|67,56|57,92|40,67|77,44|48,71|71,83|57,98|57,72|10,88|92,51/57,94=57,72,25,69,94
36,50|38,42|36,94|0,7|63,38|35,77|50,31|94,33|91,46|28,0|70,91|84,69|7,95|36,81|33,35|36,63|42,98|36,28|31,84|81,70/36,69=36,50,31,84,69
64,46|82,69|77,95|62,91|46,38|22,42|22,98|98,59|22,1|74,71|22,74|71,85|1,62|22,21|21,64|59,77|42,82|85,88|91,25|69,7/22,88=22,74,71,85,88
11,2|64,76|96,88|74,37|53,41|76,31|36,80|64,53|80,46|90,40|64,44|41,74|95,67|64,36|44,95|46,51|64,11|67,86|2,90|31,96/64,40=64,11,2,90,40
93,9|14,75|55,95|32,38|75,48|14,32|14,31|69,74|37,56|14,37|31,85|87,73|67,98|82,45|48,82|9,67|14,93|56,55|85,87|38,69/14,45=14,75,48,82,45
18,82|62,19|62,39|56,55|17,83|19,89|83,58|62,65|25,72|62,35|89,60|39,56|72,18|47,30|55,16|60,14|67,47|65,67|35,17|62,25/62,14=62,19,89,60,14
97,21|73,58|58,99|31,22|60,31|36,92|94,66|50,36|22,79|28,44|60,73|79,4|44,87|60,50|60,28|66,97|99,62|87,45|60,94|92,1/60,4=60,31,22,79,4
44,42|73,0|44,87|42,99|67,62|87,37|13,67|71,50|44,13|44,31|83,77|50,63|37,16|99,83|31,71|2,73|16,43|45,2|62,85|44,45/44,43=44,87,37,16,43
13,51|97,87|81,58|87,45|19,4|10,82|89,35|30,81|9,66|78,30|19,10|38,13|51,55|41,9|19,78|19,38|19,97|4,41|45,57|82,89/19,35=19,10,82,89,35
25,82|34,49|38,43|48,55|45,89|35,4|89,62|38,48|38,99|38,45|82,76|55,35|62,66|99,67|38,34|49,73|83,61|43,25|73,27|67,83/38,61=38,99,67,83,61
2,9|72,36|2,51|9,90|2,63|69,79|13,82|43,73|82,25|92,98|63,3|73,72|98,28|30,95|85,13|90,69|3,30|2,85|2,43|51,92/2,28=2,51,92,98,28
58,41|32,95|94,43|86,74|48,53|84,32|72,23|58,72|43,10|53,27|10,64|41,77|68,14|33,48|77,68|66,84|58,66|58,94|23,86|58,33/58,64=58,94,43,10,64
42,15|57,70|70,13|59,85|46,59|27,94|89,98|67,5|9,75|75,27|89,46|5,71|13,19|98,35|35,42|89,57|89,9|71,91|85,31|89,67/89,94=89,9,75,27,94
54,67|41,84|18,50|24,61|24,72|78,10|35,87|72,33|33,18|31,17|15,97|24,31|61,12|53,95|17,15|95,78|12,35|24,41|24,53|84,54/24,50=24,72,33,18,50
5,56|68,79|84,75|67,68|9,85|71,50|18,62|80,5|84,71|75,9|79,31|84,67|56,8|21,18|87,42|50,87|62,58|84,80|85,28|84,21/84,42=84,71,50,87,42
10,34|42,75|93,96|32,36|11,42|94,54|11,87|91,94|11,10|72,41|34,93|11,4|8,72|4,70|70,32|87,8|75,18|18,12|11,66|66,91/11,12=11,42,75,18,12
6,45|17,39|75,29|42,75|39,82|44,14|36,65|18,44|18,88|18,43|93,74|62,96|45,93|18,6|14,62|65,34|85,17|18,85|43,36|88,42/18,96=18,44,14,62,96
0,44|10,95|99,46|81,12|12,21|60,26|91,53|10,91|75,1|26,0|10,60|53,14|10,81|72,99|46,51|95,23|21,65|10,72|23,75|14,49/10,49=10,91,53,14,49
16,52|78,81|36,26|52,92|11,32|27,54|27,68|27,16|40,73|92,93|42,11|68,37|27,38|27,35|73,43|26,71|38,42|37,78|35,40|54,36/27,81=27,68,37,78,81
7,95|28,41|0,26|92,38|3,0|14,61|82,92|56,82|28,14|67,10|41,97|28,33|97,67|95,6|28,56|6,17|61,30|33,3|28,7|30,32/28,38=28,56,82,92,38
35,30|86,66|86,83|77,23|86,11|30,19|97,49|86,7|42,8|86,97|51,58|8,12|66,42|26,62|49,77|83,26|62,50|7,51|11,35|58,87/86,23=86,97,49,77,23
91,44|29,68|69,91|83,40|38,29|40,58|73,45|56,95|35,86|35,69|68,65|18,56|51,73|35,18|35,60|44,46|95,49|86,83|35,38|60,51/35,65=35,38,29,68,65
60,99|60,30|75,13|31,39|99,93|26,42|94,14|38,16|33,94|60,34|93,31|54,90|60,54|13,69|60,26|30,33|34,75|83,55|90,83|42,38/60,69=60,34,75,13,69
61,17|61,47|61,84|92,2|83,37|28,55|50,83|12,21|96,76|80,92|61,80|23,12|84,50|65,28|72,96|61,72|17,65|76,53|2,48|47,23/61,53=61,72,96,76,53
32,12|16,2|6,41|33,82|22,10|22,79|24,1|48,13|23,33|77,49|49,48|22,24|82,39|87,6|12,84|1,16|22,77|79,87|22,23|10,32/22,13=22,77,49,48,13
94,28|77,59|58,31|58,91|58,35|31,82|38,33|12,94|56,77|54,5|91,47|85,56|82,38|93,12|35,54|47,40|40,22|58,93|5,48|58,85/58,33=58,31,82,38,33
65,52|10,85|58,4|4,67|67,28|38,72|78,79|64,40|77,38|58,10|58,90|58,64|85,78|58,25|52,34|90,77|63,61|40,63|28,96|25,65/58,61=58,64,40,63,61
6,71|50,55|84,40|80,86|20,1|27,80|40,20|67,6|52,74|38,83|67,27|11,53|67,84|47,11|67,38|83,50|67,47|71,52|86,95|53,65/67,65=67,47,11,53,65
6,30|30,95|4,46|7,22|97,7|35,11|11,98|10,31|49,53|46,49|97,34|45,67|34,35|68,10|97,68|22,45|97,0|31,26|0,6|97,4/97,95=97,0,6,30,95
7,56|85,26|36,85|78,93|19,64|64,70|70,99|88,9|7,36|44,88|7,19|61,33|35,61|42,44|48,78|26,66|86,35|7,86|56,48|7,42/7,33=7,86,35,61,33
17,62|19,59|74,96|19,8|4,28|19,24|19,65|28,30|59,88|56,38|78,89|8,71|83,4|88,56|24,74|19,83|65,78|89,90|96,70|71,17/19,90=19,65,78,89,90
91,39|82,76|55,54|82,97|47,56|69,91|94,47|97,64|20,78|82,90|82,67|67,69|90,51|4,94|64,65|51,20|82,4|65,22|63,55|76,63/82,22=82,97,64,65,22
18,9|17,46|26,47|19,17|76,67|18,84|18,5|51,39|18,34|9,26|34,69|84,19|0,70|18,76|67,0|47,63|5,73|69,35|35,75|73,51/18,63=18,9,26,47,63
66,98|88,51|93,18|53,7|75,93|73,34|75,92|30,47|42,50|47,66|69,17|18,88|27,53|75,73|75,30|45,42|34,69|92,45|94,27|75,94/75,98=75,30,47,66,98
15,80|12,3|15,83|41,91|15,18|98,14|91,2|13,41|22,45|33,9|15,13|83,12|78,57|9,22|57,95|18,84|3,8|80,78|84,98|15,33/15,8=15,83,12,3,8
46,41|50,1|1,63|69,84|50,34|29,85|48,92|94,6|84,29|50,74|74,49|41,68|33,64|50,76|34,46|97,94|76,97|50,69|63,33|49,48/50,85=50,69,84,29,85
95,14|24,11|48,53|5,50|15,89|22,66|77,39|13,97|15,13|50,48|6,20|89,65|15,30|21,95|65,77|15,5|30,21|15,24|97,22|11,6/15,66=15,13,97,22,66
56,29|97,58|23,66|97,49|9,68|14,45|54,65|97,56|97,94|94,79|89,14|88,26|49,2|97,57|79,88|83,54|2,9|57,83|29,23|58,89/97,68=97,49,2,9,68
14,57|81,63|67,14|41,96|92,36|76,91|86,42|77,76|67,98|63,4|62,38|98,62|57,86|51,81|67,51|30,77|36,41|67,30|67,92|38,85/67,96=67,92,36,41,96
22,69|22,51|87,20|22,59|74,33|39,19|33,5|93,37|22,89|59,74|69,39|22,41|67,87|89,38|51,67|37,28|38,62|19,12|62,83|41,93/22,20=22,51,67,87,20
97,35|50,2|3,10|45,3|64,12|12,96|16,97|10,46|52,7|45,80|4,16|7,36|41,1|45,57|57,52|45,41|46,90|1,50|45,4|80,64/45,36=45,57,52,7,36
76,98|92,21|15,25|29,36|92,74|55,77|92,50|98,12|25,47|39,55|21,39|92,29|7,79|9,58|74,15|92,76|12,44|50,45|36,7|45,9/92,44=92,76,98,12,44
80,24|38,90|90,47|20,33|10,80|84,38|6,66|12,34|31,67|10,84|67,87|34,94|87,73|10,16|10,31|24,6|86,20|16,86|75,12|10,75/10,94=10,75,12,34,94
25,59|17,29|57,3|15,71|79,73|47,79|73,98|82,21|96,27|29,99|96,36|71,38|96,15|27,17|36,25|38,12|96,82|59,90|21,57|96,47/96,98=96,47,79,73,98
78,32|78,82|21,73|33,62|69,89|32,11|78,59|16,92|88,50|1,76|76,42|11,33|78,21|78,16|20,86|73,69|92,88|82,28|59,1|28,20/78,50=78,16,92,88,50
56,80|27,56|62,72|27,49|35,31|80,15|89,87|15,18|92,48|87,81|81,40|27,89|72,92|27,62|65,83|17,65|27,94|94,17|31,82|49,35/27,82=27,49,35,31,82
23,52|71,15|97,91|2,14|77,51|91,3|10,20|43,55|23,61|61,6|14,33|99,80|23,99|51,10|52,2|23,77|80,43|23,62|62,97|6,71/23,20=23,77,51,10,20
19,93|2,71|93,63|22,94|10,37|46,14|63,84|18,17|51,54|94,18|78,16|14,78|46,22|82,56|56,10|16,24|46,19|46,2|46,82|71,51/46,54=46,2,71,51,54
82,9|32,48|7,54|1,36|39,74|2,7|1,82|9,39|1,16|16,3|1,50|89,95|95,42|50,89|54,28|99,35|1,2|3,32|36,99|35,33/1,48=1,16,3,32,48
44,22|10,44|89,31|2,10|2,43|12,39|22,41|59,46|2,4|39,47|4,89|31,20|58,33|93,69|2,58|33,59|2,12|47,34|43,93|69,81/2,34=2,12,39,47,34
6,38|37,86|22,76|76,30|52,33|37,22|32,15|17,2|86,85|57,17|27,6|30,36|2,29|85,52|37,64|89,90|37,57|37,89|90,32|64,27/37,38=37,64,27,6,38
31,30|41,10|62,24|44,90|77,85|85,81|8,18|88,6|86,0|81,44|77,68|18,75|68,86|77,41|77,62|24,88|75,60|10,31|0,79|77,8/77,30=77,41,10,31,30
10,15|94,51|94,88|94,76|38,93|88,10|93,41|68,79|94,38|74,20|78,48|41,30|94,57|76,74|79,32|57,68|20,26|15,66|48,39|51,78/94,30=94,38,93,41,30
76,80|76,39|65,12|76,34|28,81|76,92|12,11|18,54|80,20|34,84|92,65|54,82|59,23|39,18|23,90|76,59|90,45|84,28|16,29|20,16/76,45=76,59,23,90,45
67,36|16,66|7,24|35,49|21,41|90,53|66,74|32,97|8,32|24,71|97,67|89,92|8,16|74,39|8,35|8,89|49,90|92,21|98,7|8,98/8,39=8,16,66,74,39
19,33|92,68|68,91|40,45|44,97|13,6|8,76|91,49|35,8|85,24|9,13|85,40|85,44|85,92|2,9|97,88|88,84|85,2|24,35|45,19/85,76=85,24,35,8,76
78,79|94,57|94,88|94,51|76,68|88,78|68,41|74,20|94,76|93,15|10,48|41,30|94,38|51,93|20,26|38,74|15,32|79,66|48,39|57,10/94,30=94,76,68,41,30
77,84|99,95|37,77|37,17|42,63|37,18|10,33|80,6|64,99|83,22|17,64|33,75|70,10|92,83|6,82|84,42|37,4|37,70|18,80|4,92/37,75=37,70,10,33,75
25,79|16,13|13,65|81,16|80,60|39,81|1,21|18,99|39,5|39,80|12,20|5,18|60,1|70,32|79,59|39,70|39,25|32,12|99,91|59,54/39,54=39,25,79,59,54
21,25|38,53|96,79|29,39|40,30|61,77|77,34|47,61|90,70|30,38|21,40|58,69|21,29|25,96|14,58|69,63|21,47|39,90|21,14|79,50/21,63=21,14,58,69,63
89,75|2,95|89,12|95,50|75,86|14,2|12,39|36,49|89,85|39,36|76,19|31,11|23,51|11,88|85,31|89,76|26,38|86,23|19,26|89,14/89,50=89,14,2,95,50
31,27|0,96|26,70|44,78|35,36|16,43|70,94|26,14|38,39|34,16|72,7|14,34|27,41|26,31|26,35|41,97|36,72|26,38|39,0|94,44/26,7=26,35,36,72,7
89,14|31,95|89,85|95,50|14,39|76,31|85,19|23,88|89,75|19,23|12,86|2,11|26,51|11,49|75,2|89,12|36,38|39,26|86,36|89,76/89,50=89,76,31,95,50
58,4|37,63|41,55|75,70|90,71|71,88|84,41|56,74|21,44|89,22|75,2|75,56|75,37|2,84|75,90|39,58|88,28|70,39|63,21|74,89/75,4=75,70,39,58,4
31,85|97,21|19,9|33,83|87,84|87,81|66,22|85,66|93,19|34,97|83,64|32,33|87,93|84,34|87,32|87,31|43,28|81,43|9,50|28,10/87,22=87,31,85,66,22
66,23|48,61|87,41|54,36|84,63|63,66|96,19|88,87|88,82|68,73|36,35|88,56|56,68|82,64|88,84|64,48|73,55|21,54|88,21|41,96/88,23=88,84,63,66,23
10,5|17,39|32,48|40,6|26,24|40,10|22,45|77,97|40,76|38,22|14,77|40,14|6,23|97,21|52,83|23,17|40,52|76,38|83,26|5,32/40,24=40,52,83,26,24
21,39|45,53|9,99|99,52|72,83|35,45|83,56|9,60|73,1|2,57|60,64|32,4|56,65|87,35|9,87|64,21|52,73|9,72|57,32|9,2/9,4=9,2,57,32,4
42,59|55,73|8,24|62,0|38,50|85,2|72,15|73,72|50,39|42,38|42,55|24,20|0,85|77,65|59,77|42,62|65,84|42,36|39,46|36,8/42,46=42,38,50,39,46
72,67|59,44|21,81|7,4|99,50|49,69|59,39|39,99|59,83|83,31|61,7|31,21|67,56|44,49|50,60|23,72|69,93|4,34|59,61|59,23/59,34=59,61,7,4,34
89,70|34,90|33,64|72,5|70,41|89,94|47,7|5,8|2,76|94,34|89,48|48,72|1,40|64,52|52,92|40,2|89,1|90,16|89,33|41,47/89,8=89,48,72,5,8
61,85|13,24|98,28|66,29|35,9|48,75|54,74|28,65|29,14|35,54|74,41|41,31|55,77|58,98|35,61|35,55|9,66|77,48|85,13|35,58/35,75=35,55,77,48,75
72,87|93,78|40,93|98,37|37,3|98,27|98,52|77,15|87,92|15,80|52,40|44,35|35,69|84,72|98,84|98,44|27,77|20,25|3,20|69,86/98,78=98,52,40,93,78
12,64|44,55|15,51|11,54|5,0|61,58|47,29|98,31|14,15|54,98|90,11|77,9|55,5|53,14|29,61|90,53|90,44|90,12|90,47|64,77/90,0=90,44,55,5,0
37,9|13,40|14,16|37,14|20,55|37,45|59,88|37,13|40,93|16,97|93,50|30,59|97,71|55,35|37,63|45,20|9,30|23,62|19,23|63,19/37,62=37,63,19,23,62
35,10|41,84|18,50|24,72|24,61|15,97|54,87|61,95|95,18|31,17|78,67|24,31|72,33|53,12|17,78|12,15|33,54|24,41|24,53|84,35/24,50=24,61,95,18,50
72,83|28,95|83,37|55,28|55,40|99,54|15,61|58,15|80,36|55,72|55,39|86,91|1,58|37,8|50,99|95,86|36,18|55,1|40,80|39,50/55,18=55,40,80,36,18
46,95|53,92|34,98|64,78|42,74|92,54|61,18|99,37|18,99|98,46|74,39|43,53|8,42|78,68|61,43|20,64|37,59|61,8|61,20|61,34/61,39=61,8,42,74,39
89,85|56,66|59,37|24,36|77,63|63,32|59,24|59,22|5,26|59,4|73,16|35,5|36,73|50,11|59,50|66,52|22,56|4,77|37,35|11,89/59,52=59,22,56,66,52
36,48|90,81|31,91|46,96|90,94|91,8|20,26|81,68|94,85|90,36|68,46|90,31|66,42|26,50|8,64|48,66|90,20|32,33|85,32|50,4/90,96=90,81,68,46,96
17,34|20,61|78,87|90,30|54,17|30,58|5,8|6,14|35,78|16,35|61,27|20,19|19,90|20,54|86,6|20,77|34,24|77,86|27,5|20,16/20,58=20,19,90,30,58
83,77|39,44|46,85|17,72|77,24|85,53|14,69|39,46|39,88|39,14|52,81|88,83|75,37|53,94|2,97|39,17|69,2|37,20|44,75|72,52/39,81=39,17,72,52,81
6,35|98,82|1,2|52,66|46,52|78,41|82,33|83,16|46,43|28,6|43,83|46,74|74,1|16,96|66,78|46,98|33,30|87,28|46,87|2,20/46,41=46,52,66,78,41
74,60|60,85|94,13|89,16|89,94|89,86|89,38|38,74|99,35|91,14|16,91|35,72|59,41|95,42|14,30|37,95|86,99|42,79|89,37|13,59/89,41=89,94,13,59,41
33,3|78,70|79,78|58,46|15,17|19,15|82,92|46,10|98,93|19,98|19,35|19,97|74,25|4,42|35,79|93,74|3,82|97,58|19,33|17,4/19,10=19,97,58,46,10
17,24|88,78|10,17|91,59|89,95|36,37|88,23|95,38|88,32|22,91|88,22|82,36|59,67|78,89|88,31|47,65|23,10|65,61|32,47|31,82/88,24=88,23,10,17,24
32,37|20,99|76,5|73,34|43,53|67,77|34,18|63,1|5,74|43,89|43,63|43,67|91,96|0,73|77,20|1,91|53,92|89,76|92,32|43,0/43,18=43,0,73,34,18
84,99|17,70|92,5|70,75|61,69|25,17|92,61|92,4|44,15|99,34|73,90|5,44|4,73|34,42|69,66|90,76|66,67|92,25|15,59|92,84/92,75=92,25,17,70,75
21,81|98,86|48,0|38,57|38,48|94,5|54,69|16,36|81,98|75,42|57,31|0,71|71,26|20,77|38,54|31,94|38,21|38,75|42,16|69,20/38,77=38,54,69,20,77
73,78|18,67|41,60|60,25|63,29|92,91|26,41|52,22|92,52|92,64|7,15|1,18|92,26|29,38|15,61|22,73|92,63|38,42|91,1|64,7/92,78=92,52,22,73,78
82,53|63,75|18,8|82,18|82,38|53,15|75,59|59,56|32,73|8,24|82,63|70,12|37,40|35,37|24,47|94,32|38,35|73,48|82,94|15,70/82,12=82,53,15,70,12
7,8|78,6|30,48|40,78|83,92|92,3|3,34|5,28|21,83|41,19|21,41|99,70|28,99|84,40|21,30|21,5|48,7|21,84|19,75|75,93/21,6=21,84,40,78,6
47,86|98,45|32,9|57,2|92,66|49,91|2,49|66,88|9,47|73,41|32,57|81,79|41,23|32,99|86,74|38,73|79,98|32,38|32,81|99,92/32,88=32,99,92,66,88
43,42|39,48|30,39|7,81|45,38|43,31|64,45|43,4|42,57|57,19|60,55|48,59|4,95|31,47|95,60|19,73|47,7|38,99|43,64|43,30/43,73=43,42,57,19,73
33,16|11,22|22,51|51,4|11,42|73,69|42,73|60,12|84,92|12,29|80,43|5,1|92,33|61,60|69,10|11,84|11,5|1,80|4,67|11,61/11,67=11,22,51,4,67
21,33|41,18|19,41|53,49|51,23|88,71|90,82|82,21|19,88|49,37|19,90|68,76|71,3|19,53|84,68|3,95|18,51|70,84|37,17|19,70/19,95=19,88,71,3,95
14,94|82,78|94,63|22,93|18,24|46,2|63,84|16,17|51,54|93,16|56,10|2,56|46,22|19,71|71,18|10,37|46,14|46,82|46,19|78,51/46,54=46,82,78,51,54
18,12|82,76|78,3|82,0|82,32|30,69|21,25|0,78|82,33|3,38|76,64|60,8|69,93|82,18|12,83|83,5|33,63|64,60|32,30|63,21/82,8=82,76,64,60,8
76,8|37,72|24,39|8,50|70,22|72,23|9,98|37,25|23,42|58,48|35,76|33,70|37,65|37,24|25,83|83,58|42,45|39,9|65,33|37,35/37,48=37,25,83,58,48
63,46|47,87|57,82|19,48|90,76|66,63|61,33|79,47|52,90|19,21|82,96|91,57|19,91|48,61|19,59|33,73|80,66|19,80|59,52|21,79/19,73=19,48,61,33,73
17,9|31,63|2,25|37,17|44,34|9,4|62,90|92,37|42,89|92,44|92,42|23,78|29,3|89,62|78,2|63,29|34,57|57,35|92,31|92,23/92,90=92,42,89,62,90
91,9|42,88|75,86|62,95|28,89|28,67|28,91|86,62|29,58|28,75|97,45|9,41|45,98|41,83|88,79|28,39|89,42|39,27|27,29|67,97/28,58=28,39,27,29,58
44,46|94,53|94,37|83,7|51,16|50,8|92,76|5,84|94,51|68,74|37,34|84,83|94,92|65,44|94,5|90,40|34,90|16,50|76,68|53,65/94,74=94,92,76,68,74
25,24|24,17|20,74|96,68|60,25|88,18|3,73|5,93|60,3|60,16|17,82|60,20|93,88|60,5|16,78|42,34|74,42|73,96|78,30|30,49/60,68=60,3,73,96,68
15,3|2,81|1,60|88,15|76,1|87,98|44,59|77,51|76,87|76,97|78,44|76,21|21,78|98,77|63,88|75,93|60,2|97,62|76,63|62,75/76,93=76,97,62,75,93
78,52|98,95|19,59|45,85|1,12|1,78|67,91|1,34|25,96|88,54|12,3|68,20|34,98|95,28|59,67|96,88|3,68|1,19|52,45|1,25/1,91=1,19,59,67,91
22,52|27,24|12,84|94,1|37,65|80,11|56,37|1,46|88,94|35,56|52,29|35,80|35,27|24,12|35,88|29,55|11,0|35,22|65,70|0,75/35,70=35,56,37,65,70
73,47|73,27|27,42|3,18|81,95|73,65|50,88|91,23|65,81|43,78|42,43|95,31|26,50|73,3|23,57|73,82|82,26|18,8|47,91|8,97/73,78=73,27,42,43,78
28,75|97,54|40,37|53,55|11,30|11,92|11,88|55,71|11,97|75,15|54,39|30,35|35,87|88,53|39,14|65,86|92,28|87,78|11,65|86,40/11,71=11,88,53,55,71
56,25|16,56|16,81|18,33|2,22|59,2|16,18|81,84|16,67|84,76|25,20|89,80|16,31|31,59|0,89|76,73|79,72|33,79|20,47|67,0/16,80=16,67,0,89,80
57,27|9,95|86,58|78,35|57,4|1,14|27,85|31,78|57,22|98,9|57,81|94,70|81,94|85,86|75,1|61,75|57,61|70,0|22,31|4,98/57,95=57,4,98,9,95
24,59|27,94|69,11|27,24|33,68|87,42|27,87|16,32|68,31|97,92|51,16|82,78|42,77|64,33|27,64|94,51|59,97|77,49|78,69|27,82/27,32=27,94,51,16,32
39,59|48,84|83,16|11,26|93,55|39,89|39,93|79,20|39,79|91,68|89,91|30,38|68,94|55,48|59,83|39,34|20,30|34,3|3,11|16,40/39,94=39,89,91,68,94
6,40|52,95|47,11|80,20|86,1|27,80|11,86|67,6|50,55|38,83|67,27|71,53|67,47|84,71|67,38|83,52|67,84|40,50|20,74|53,65/67,65=67,84,71,53,65
45,90|92,21|48,7|88,61|62,46|23,50|50,3|86,31|47,78|78,23|47,19|70,88|90,51|47,48|19,70|51,53|7,92|47,45|46,86|47,62/47,53=47,45,90,51,53
84,73|99,70|92,5|70,75|61,69|4,99|92,61|92,25|44,90|73,66|17,15|5,44|25,17|66,67|69,34|15,76|34,59|92,4|90,42|92,84/92,75=92,4,99,70,75
92,9|19,25|35,85|80,50|60,72|50,35|38,59|14,60|41,39|4,91|91,38|39,19|4,80|4,43|72,42|43,68|59,74|4,41|68,92|4,14/4,9=4,43,68,92,9
8,71|43,3|71,42|44,1|57,8|56,65|90,56|12,27|7,90|23,2|1,43|7,41|65,70|7,57|7,44|41,52|7,12|18,75|27,18|52,23/7,42=7,57,8,71,42
75,66|75,76|70,61|40,30|30,46|34,40|24,47|31,53|53,39|77,12|75,22|67,31|47,55|75,67|89,70|66,24|22,54|75,34|54,77|76,89/75,46=75,34,40,30,46
80,7|27,10|93,30|29,26|26,93|51,73|10,94|0,16|74,63|29,74|29,44|73,22|44,27|63,80|22,85|71,0|29,90|29,51|30,46|90,71/29,7=29,74,63,80,7
61,88|20,61|37,12|90,68|15,66|37,40|12,20|37,25|68,87|8,15|0,9|52,2|87,55|25,8|37,91|91,80|40,0|9,35|80,52|37,90/37,2=37,91,80,52,2
91,48|91,1|44,69|1,93|41,71|59,15|93,29|13,22|91,59|55,51|25,95|15,13|91,10|10,41|69,25|71,39|91,44|51,76|48,55|29,89/91,89=91,1,93,29,89
26,59|93,21|83,93|20,11|74,30|31,62|31,83|42,74|11,97|29,36|62,42|31,26|75,29|31,27|27,75|59,1|31,20|21,34|1,18|97,57/31,36=31,27,75,29,36
78,61|4,68|16,65|30,97|11,37|61,22|30,58|37,36|22,76|30,16|30,78|28,11|14,94|30,28|59,89|65,4|97,15|15,59|58,14|94,31/30,76=30,78,61,22,76
89,94|72,90|48,40|34,5|94,64|89,1|2,7|5,8|52,16|1,72|89,70|70,34|33,41|40,47|47,92|41,52|89,33|90,76|89,48|64,2/89,8=89,70,34,5,8
81,64|17,58|58,2|15,31|38,15|98,17|50,42|81,90|46,26|26,6|81,46|77,80|42,68|81,98|80,49|90,50|89,77|64,38|6,59|81,89/81,31=81,64,38,15,31
9,48|46,98|3,53|46,9|22,68|25,86|90,29|10,43|43,6|40,99|46,22|86,40|98,10|66,83|46,52|52,66|83,2|48,90|46,25|68,3/46,2=46,52,66,83,2
16,45|39,4|67,54|39,57|57,16|30,38|38,84|99,65|45,94|65,36|54,32|79,85|39,79|24,60|39,25|85,24|25,30|36,47|4,67|39,99/39,94=39,57,16,45,94
36,24|47,30|72,34|59,90|59,78|43,68|67,80|59,36|68,47|24,31|90,12|54,76|78,54|12,94|59,67|76,53|31,60|94,61|59,43|80,72/59,60=59,36,24,31,60
46,11|90,28|95,99|69,70|45,76|68,45|5,50|90,69|90,14|90,87|87,5|90,73|50,59|28,68|14,97|99,57|67,7|97,67|70,46|73,95/90,59=90,87,5,50,59
84,10|34,30|6,15|6,4|56,53|13,28|0,34|10,59|21,66|28,54|30,94|35,21|6,0|65,35|4,84|6,13|52,56|15,52|54,44|6,65/6,66=6,65,35,21,66
62,76|5,7|17,5|76,15|44,21|55,17|55,11|55,67|7,60|55,33|30,1|67,92|33,62|21,94|92,51|53,30|55,3|3,53|51,65|11,44/55,65=55,67,92,51,65
30,7|86,53|2,30|99,44|52,29|79,73|92,40|40,95|70,2|42,87|52,70|29,92|20,86|73,58|52,42|12,20|38,79|52,38|87,99|52,12/52,44=52,42,87,99,44
75,99|9,63|56,35|41,18|48,9|35,5|47,33|18,74|75,47|33,46|99,70|76,48|70,80|75,76|46,66|64,41|92,56|80,22|75,64|75,92/75,66=75,47,33,46,66
98,58|4,70|93,4|3,46|33,79|19,33|82,25|46,10|35,17|19,35|19,97|19,15|78,92|74,42|97,93|17,78|58,82|15,3|19,98|79,74/19,10=19,15,3,46,10
3,45|51,3|5,33|64,18|44,23|98,94|56,50|27,99|23,64|69,87|30,27|45,37|16,56|16,51|16,17|16,98|94,69|50,5|17,30|16,44/16,37=16,51,3,45,37
54,16|54,36|11,67|98,94|40,4|39,98|65,50|6,40|50,11|36,37|37,73|54,61|4,85|16,82|54,6|54,65|61,39|73,22|82,10|10,25/54,85=54,6,40,4,85
52,65|64,48|29,39|65,33|39,76|91,64|2,91|23,47|82,28|8,53|12,52|47,82|2,12|48,94|2,40|32,8|40,29|17,32|2,17|2,23/2,94=2,91,64,48,94
33,88|43,73|33,63|86,91|33,60|62,20|69,48|61,93|60,22|33,69|1,37|33,1|88,43|22,86|63,75|48,62|7,80|73,41|75,7|37,61/33,80=33,63,75,7,80
16,48|76,35|66,16|13,66|84,68|75,14|89,95|75,13|39,47|75,20|35,38|75,4|77,25|43,84|20,76|4,61|14,43|95,77|61,39|75,89/75,47=75,4,61,39,47
11,22|72,8|47,61|38,2|47,73|73,24|98,67|47,53|10,43|61,89|47,38|49,19|43,95|89,49|47,98|24,11|65,41|67,65|53,10|2,72/47,8=47,38,2,72,8
55,41|11,5|17,56|41,28|17,65|56,94|84,47|1,84|17,1|47,36|17,55|51,20|75,8|65,51|20,73|76,13|28,89|94,76|5,75|17,11/17,13=17,56,94,76,13
43,62|62,12|41,39|22,28|43,1|78,86|28,35|43,22|1,96|96,41|43,31|68,78|40,83|38,42|12,92|35,13|42,40|43,38|31,68|92,55/43,83=43,38,42,40,83
69,40|45,7|15,45|34,59|57,79|31,66|31,69|59,44|50,65|20,57|44,4|66,60|31,15|58,20|31,34|7,38|31,58|60,50|13,82|40,13/31,82=31,69,40,13,82
94,12|46,16|97,74|46,45|61,99|53,36|36,22|46,61|15,30|25,97|69,88|92,5|16,25|46,3|45,53|12,64|46,69|99,15|3,94|88,92/46,5=46,69,88,92,5
47,54|82,97|91,39|82,67|55,56|64,47|51,55|67,63|20,78|82,76|82,90|90,64|76,94|4,51|63,65|94,20|82,4|65,22|69,91|97,69/82,22=82,67,63,65,22
70,25|27,97|27,76|93,98|4,39|27,96|27,70|25,58|96,33|33,8|98,83|8,7|58,40|62,93|76,67|97,45|45,11|11,78|27,62|67,4/27,83=27,62,93,98,83
31,72|30,55|46,84|72,45|92,8|18,68|18,11|12,97|91,52|18,31|76,28|45,23|52,30|18,91|8,76|84,77|68,46|18,92|85,12|11,85/18,77=18,68,46,84,77
93,2|34,93|36,45|45,52|2,91|36,75|36,43|24,40|36,34|36,30|75,24|49,31|40,72|23,25|52,56|31,42|43,50|50,23|30,49|56,3/36,3=36,45,52,56,3
83,75|54,56|11,49|52,58|38,32|11,52|11,83|32,98|75,79|41,54|31,5|79,87|11,38|59,41|30,65|25,30|49,25|98,17|11,59|58,31/11,87=11,83,75,79,87
29,28|64,5|19,7|38,29|9,90|92,49|90,14|7,51|9,18|56,12|67,38|9,47|47,56|49,42|14,64|12,98|18,92|9,10|9,67|10,19/9,5=9,90,14,64,5
55,84|80,81|20,55|44,45|36,60|13,20|43,12|45,66|61,80|57,36|13,40|13,79|12,31|31,88|13,44|40,57|84,18|13,43|66,68|79,61/13,81=13,79,61,80,81
38,5|73,24|73,15|73,88|59,95|55,71|86,16|18,55|4,58|16,99|76,86|73,33|51,59|88,18|73,76|15,4|13,38|58,20|33,51|24,13/73,95=73,33,51,59,95
79,65|94,50|50,81|45,96|99,45|96,2|17,18|62,99|7,61|61,52|62,36|81,91|65,56|62,94|36,7|62,13|13,20|62,79|20,17|56,41/62,91=62,94,50,81,91
50,96|12,2|80,1|45,80|16,97|97,35|52,50|1,46|64,7|45,57|3,52|7,36|41,10|45,4|4,64|45,41|46,90|10,12|45,3|57,16/45,36=45,4,64,7,36
82,9|75,26|23,72|21,28|54,23|99,21|85,73|8,75|82,54|73,58|98,85|9,88|62,31|82,14|82,98|88,62|26,51|14,99|82,8|72,10/82,58=82,98,85,73,58
19,74|58,21|91,78|25,2|53,18|78,13|6,23|25,76|26,42|23,35|21,26|76,19|25,81|25,58|81,91|2,53|18,4|25,56|74,64|56,6/25,4=25,2,53,18,4
84,13|62,34|53,65|27,53|3,87|45,84|97,14|14,2|13,1|3,27|3,62|3,21|65,81|87,97|51,40|34,86|86,30|3,45|40,10|21,51/3,30=3,62,34,86,30
66,35|60,5|93,12|51,74|12,51|37,94|65,60|52,37|35,65|66,43|66,41|57,64|8,57|43,77|66,52|94,89|41,8|66,93|97,27|77,97/66,89=66,52,37,94,89
43,46|72,92|46,56|73,11|80,43|59,26|17,88|64,79|17,80|26,70|79,15|36,89|18,64|17,72|88,73|92,36|17,18|11,52|17,59|70,66/17,52=17,88,73,11,52
76,92|88,81|88,16|81,83|85,47|79,61|19,41|70,46|88,79|88,70|16,73|61,68|68,17|47,26|73,19|83,76|65,85|88,65|84,37|46,84/88,26=88,65,85,47,26
74,67|21,9|55,56|42,39|38,96|48,21|4,6|38,61|38,26|96,42|17,55|26,17|39,22|66,74|85,65|67,34|61,48|38,85|65,4|38,66/38,34=38,66,74,67,34
34,5|78,33|82,43|57,74|74,37|13,57|13,71|37,75|60,6|7,96|13,34|71,60|13,99|99,82|43,20|6,25|88,12|12,7|13,88|5,78/13,25=13,71,60,6,25
73,33|55,37|81,35|58,21|87,56|53,38|33,16|87,88|21,84|37,23|87,58|87,53|84,82|69,81|88,55|97,99|56,69|38,97|87,73|16,29/87,23=87,88,55,37,23
64,36|93,4|13,59|60,30|51,25|24,94|10,13|36,84|10,82|30,42|10,24|85,95|94,19|95,51|10,29|19,1|10,85|59,93|29,64|82,60/10,1=10,24,94,19,1
69,48|63,5|48,81|94,24|3,30|74,63|21,35|69,79|24,32|69,21|90,8|81,90|75,87|35,75|69,0|89,3|0,94|68,89|79,74|69,68/69,5=69,79,74,63,5
43,13|54,87|95,3|94,4|95,54|87,44|82,46|12,2|85,24|95,43|98,53|44,63|3,85|2,98|71,16|95,94|95,12|24,37|13,82|4,71/95,53=95,12,2,98,53
38,2|1,38|40,64|93,40|60,25|63,44|25,11|93,60|42,63|93,6|79,28|6,77|11,36|64,79|74,55|77,74|44,15|93,42|93,1|2,51/93,51=93,1,38,2,51
42,99|94,72|46,15|53,46|72,93|15,42|50,18|85,50|31,48|93,24|48,40|80,81|53,94|18,84|81,2|53,25|53,67|67,31|25,80|53,85/53,84=53,85,50,18,84
57,53|15,96|79,23|15,90|58,95|69,57|90,11|53,48|15,25|11,0|15,79|15,69|96,63|23,8|63,72|72,10|80,58|8,37|0,86|25,80/15,37=15,79,23,8,37
47,81|70,48|3,43|19,47|77,6|41,52|55,77|97,13|97,70|97,19|79,73|43,82|48,41|16,55|97,3|97,16|13,79|81,78|73,75|82,60/97,75=97,13,79,73,75
42,34|34,76|16,30|56,16|94,39|91,62|7,21|57,94|69,90|2,69|91,57|80,42|39,25|91,80|91,56|91,20|62,2|21,92|30,96|20,7/91,92=91,20,7,21,92
55,18|49,33|33,30|87,48|81,92|55,39|39,12|44,50|61,49|94,1|55,94|47,4|92,47|59,91|18,59|1,44|12,87|55,61|55,81|91,54/55,54=55,18,59,91,54
12,32|15,49|49,67|80,90|32,70|90,10|70,18|33,97|69,15|25,81|18,53|2,56|12,69|97,25|10,78|12,2|56,31|12,80|12,33|31,39/12,53=12,32,70,18,53
44,61|3,72|41,68|42,53|10,3|82,42|53,45|91,28|8,75|68,24|13,59|10,99|59,8|10,82|72,91|10,50|55,44|99,55|50,41|10,13/10,61=10,99,55,44,61
55,94|12,33|33,30|47,48|18,1|55,39|39,49|87,4|81,12|61,59|55,61|44,50|1,44|92,91|94,92|59,87|49,47|55,81|55,18|91,54/55,54=55,94,92,91,54
84,46|68,90|46,44|27,60|5,24|45,57|68,27|60,2|68,56|44,95|56,78|2,42|29,62|68,84|90,45|86,29|78,5|57,48|68,81|81,86/68,24=68,56,78,5,24
48,34|5,48|2,18|13,55|18,50|21,43|89,73|43,24|55,46|2,75|92,22|2,13|66,92|2,21|75,66|50,89|24,9|2,5|34,84|46,4/2,73=2,18,50,89,73
55,6|44,42|25,99|59,19|64,13|81,64|99,49|12,8|34,81|93,62|4,71|1,55|71,25|8,93|4,1|4,34|4,44|42,59|4,12|6,15/4,49=4,71,25,99,49
44,64|67,65|59,91|74,67|44,98|53,2|66,25|44,74|17,55|65,45|91,46|44,66|64,10|10,53|55,20|98,17|28,7|60,59|25,28|44,60/44,46=44,60,59,91,46
38,84|62,3|25,34|52,62|25,47|34,39|88,52|95,9|25,36|25,88|36,12|74,68|21,86|25,79|39,38|79,95|86,41|9,37|47,21|12,74/25,68=25,36,12,74,68
88,78|44,71|13,84|80,66|31,83|19,44|45,13|54,31|88,80|83,6|78,19|37,90|66,12|72,38|88,79|88,72|38,37|79,45|88,54|12,43/88,90=88,72,38,37,90
61,31|17,23|70,45|17,91|17,61|17,37|59,69|45,60|58,39|17,64|88,76|62,88|94,58|64,94|18,55|91,70|37,18|31,59|23,62|55,13/17,69=17,61,31,59,69
34,17|77,84|23,95|76,80|91,70|47,33|23,77|84,21|17,94|80,47|21,4|98,25|85,99|95,91|70,13|23,85|63,34|23,76|23,63|99,98/23,33=23,76,80,47,33
30,53|29,74|4,14|93,46|81,29|53,69|4,58|25,62|64,81|68,21|4,75|87,95|46,41|62,49|4,87|75,93|95,68|14,30|4,64|58,25/4,74=4,64,81,29,74
81,9|47,58|53,81|14,2|28,14|9,17|92,6|53,40|53,47|54,32|30,10|17,59|32,30|73,92|45,39|58,45|53,42|42,28|40,73|53,54/53,6=53,40,73,92,6
55,43|31,74|93,26|64,78|98,57|64,15|27,99|41,19|99,17|90,79|64,41|44,55|43,70|51,90|64,44|78,27|26,31|19,98|64,93|15,51/64,70=64,44,55,43,70
73,34|2,39|34,87|47,48|50,43|8,89|16,47|68,2|31,73|16,31|16,1|4,14|89,25|1,8|53,80|14,53|16,93|48,50|93,68|16,4/16,25=16,1,8,89,25
42,55|54,16|40,31|33,91|38,96|38,40|28,18|38,54|96,85|60,50|38,33|91,60|95,24|31,42|18,41|2,47|16,2|85,95|78,28|38,78/38,24=38,96,85,95,24
71,7|60,96|75,81|10,22|7,65|90,10|26,76|38,69|26,37|81,0|0,79|96,64|76,55|26,99|99,90|26,75|64,25|55,38|26,60|37,71/26,25=26,60,96,64,25
84,7|63,10|23,94|81,4|45,89|84,23|11,46|84,81|4,2|99,27|8,99|21,39|7,8|84,21|2,12|94,61|10,11|39,45|84,63|61,86/84,89=84,21,39,45,89
45,22|46,18|63,46|78,87|78,77|77,34|59,24|30,23|78,57|35,30|22,31|34,59|16,76|78,9|78,81|9,45|57,54|81,63|54,16|87,35/78,23=78,87,35,30,23
64,84|64,36|84,11|48,95|2,18|64,63|75,4|36,38|18,23|10,8|8,42|64,81|64,2|11,75|63,74|81,10|23,96|38,12|12,88|74,48/64,96=64,2,18,23,96
28,87|75,82|17,83|78,4|99,17|28,60|83,30|82,64|28,47|47,78|60,88|0,75|8,10|88,15|15,3|28,0|87,37|28,99|4,33|37,8/28,3=28,60,88,15,3
6,85|94,25|5,66|36,67|71,57|64,94|75,91|9,59|67,9|36,75|40,5|36,72|15,71|66,14|91,6|72,64|57,65|36,15|36,40|59,45/36,14=36,40,5,66,14
72,67|2,19|86,98|93,71|57,84|35,9|66,86|9,16|35,90|16,72|35,91|39,88|21,39|35,79|71,69|84,2|91,66|79,93|35,57|90,21/35,88=35,90,21,39,88
22,76|76,85|95,10|52,42|53,27|65,87|59,31|95,18|33,53|87,44|37,65|35,33|95,37|41,59|18,22|98,52|10,98|2,41|95,35|95,2/95,44=95,37,65,87,44
14,68|77,33|23,14|31,23|33,54|41,51|2,95|1,97|90,3|54,83|2,40|18,7|40,18|7,53|2,31|2,1|95,19|97,41|19,90|2,77/2,3=2,95,19,90,3
35,47|80,77|9,35|19,76|93,19|77,13|59,52|20,59|20,49|76,34|18,40|40,44|20,18|52,97|49,9|20,93|20,15|97,33|44,57|15,80/20,33=20,59,52,97,33
69,4|73,86|26,54|43,27|99,11|38,28|99,73|0,92|4,55|55,22|99,94|99,38|20,70|92,10|54,24|28,43|11,0|99,69|86,20|94,26/99,70=99,73,86,20,70
37,73|10,32|96,87|38,60|12,38|64,22|98,99|28,96|64,89|22,23|64,37|33,54|64,82|73,98|64,79|89,10|23,33|32,26|82,28|79,12/64,87=64,82,28,96,87
66,93|14,48|43,36|66,12|66,97|12,14|66,34|34,40|72,95|46,13|36,88|97,46|58,3|93,41|13,19|41,58|88,92|48,96|66,43|40,72/66,95=66,34,40,72,95
38,58|0,12|38,66|66,57|57,81|12,15|9,48|82,46|38,43|43,82|58,56|38,83|56,9|38,0|81,11|35,60|83,70|70,35|15,6|46,87/38,87=38,43,82,46,87
1,63|76,41|76,69|62,34|41,52|56,36|76,3|30,87|80,44|76,30|3,1|34,43|52,80|76,14|69,62|14,24|87,97|24,56|97,75|63,32/76,36=76,14,24,56,36
41,35|36,51|94,69|23,5|4,52|15,14|98,82|38,11|69,4|20,23|20,41|20,15|14,38|82,61|20,98|5,21|35,36|61,89|20,94|21,88/20,51=20,41,35,36,51
67,54|35,7|58,25|67,88|67,48|66,18|69,57|2,65|79,45|8,79|88,50|67,58|25,35|54,8|56,2|67,56|65,59|26,66|48,26|50,69/67,45=67,54,8,79,45
1,24|17,64|18,31|60,50|53,74|17,35|10,60|64,34|92,1|9,92|78,90|17,9|68,22|50,66|90,53|17,78|34,68|35,73|73,18|17,10/17,66=17,10,60,50,66
88,78|78,3|65,96|88,12|14,16|64,28|3,65|56,77|35,47|47,8|12,35|94,38|79,99|88,64|63,94|77,14|4,63|28,79|88,4|88,56/88,8=88,12,35,47,8
85,53|18,86|2,7|63,31|36,4|2,36|7,88|75,63|27,32|24,93|35,75|88,24|2,27|29,8|86,42|2,35|17,18|4,29|32,85|2,17/2,8=2,36,4,29,8
39,27|67,42|5,87|77,75|27,5|72,93|42,13|7,50|75,76|72,39|72,9|35,40|40,61|9,35|49,77|72,49|13,85|93,7|50,43|72,67/72,43=72,93,7,50,43
6,86|53,87|94,84|97,94|25,77|77,54|97,6|97,78|84,52|45,36|8,32|97,25|52,28|78,47|97,45|11,85|47,53|54,99|86,8|36,11/97,85=97,45,36,11,85
21,54|82,4|95,47|92,21|59,82|91,8|95,18|34,62|95,92|65,13|47,89|18,23|8,65|95,91|89,34|23,83|95,59|4,88|83,27|54,29/95,62=95,47,89,34,62
6,66|99,36|46,83|62,89|31,24|15,42|87,13|72,20|89,5|20,6|99,72|76,11|40,46|33,62|99,15|36,40|99,33|42,31|99,87|13,76/99,83=99,36,40,46,83
68,24|31,12|34,71|36,56|2,64|24,16|64,31|19,87|56,23|36,2|4,25|29,95|95,4|62,34|36,68|36,62|16,48|23,19|36,29|71,13/36,87=36,56,23,19,87
79,87|46,91|4,29|97,82|76,74|63,25|0,73|70,69|74,16|16,94|63,76|63,0|35,66|63,4|29,46|25,49|73,79|63,35|49,97|66,70/63,69=63,35,66,70,69
2,7|91,57|80,49|85,79|85,13|9,91|85,11|7,84|87,82|13,22|58,97|82,80|75,36|11,9|84,26|85,2|85,87|22,75|81,58|79,81/85,97=85,79,81,58,97
36,47|9,50|36,82|82,9|35,10|50,75|68,45|53,54|36,68|73,7|54,20|47,58|66,53|36,66|58,73|36,35|10,37|18,83|37,44|45,18/36,7=36,47,58,73,7
50,98|4,16|84,30|4,14|4,13|16,28|26,84|13,50|64,82|4,64|82,40|30,11|4,26|33,56|28,52|98,51|56,95|52,49|40,18|14,33/4,95=4,14,33,56,95
43,62|82,28|87,85|81,31|92,27|28,60|78,51|30,92|78,81|27,99|78,30|51,87|78,82|37,43|60,74|85,77|53,37|19,58|31,19|78,53/78,74=78,82,28,60,74
41,70|49,39|57,78|44,23|39,34|78,61|98,87|49,57|51,44|5,51|64,22|77,98|22,54|49,5|4,77|54,38|61,18|49,4|34,41|49,64/49,87=49,4,77,98,87
46,20|72,98|17,36|64,2|83,73|55,17|73,84|39,79|55,72|47,9|20,64|69,8|98,47|55,83|36,39|8,44|55,46|55,69|44,33|84,6/55,2=55,46,20,64,2
58,18|79,8|43,54|43,76|48,19|16,73|73,61|0,16|43,79|43,30|54,14|33,5|14,58|8,33|43,0|22,48|76,22|70,84|62,70|30,62/43,5=43,79,8,33,5
67,56|35,7|88,26|67,54|67,48|69,18|65,59|8,66|79,45|50,79|54,2|67,88|26,35|56,50|58,8|67,58|66,57|25,69|48,25|2,65/67,45=67,56,50,79,45
16,89|32,48|9,95|1,82|54,74|50,9|1,16|89,54|1,2|2,99|1,36|7,39|39,33|36,7|95,28|3,35|1,50|99,32|82,3|35,42/1,48=1,2,99,32,48
52,95|48,98|36,56|50,41|18,50|45,36|22,27|6,0|45,18|43,69|45,85|66,68|41,78|45,48|45,66|98,43|56,52|44,22|68,6|85,44/45,78=45,18,50,41,78
75,25|33,65|61,11|37,55|42,67|67,19|76,37|76,68|19,10|85,41|76,33|52,20|65,85|76,42|57,75|55,84|76,52|68,57|20,61|84,13/76,11=76,52,20,61,11
71,60|53,36|61,79|72,53|90,72|50,93|13,90|13,50|22,64|14,26|64,18|13,22|13,30|60,19|79,14|93,44|13,61|44,4|30,71|18,56/13,4=13,50,93,44,4
61,32|40,1|67,85|18,70|61,27|27,55|85,69|61,83|23,95|70,40|53,94|11,53|68,11|61,68|61,18|55,56|32,67|56,9|95,88|83,23/61,69=61,32,67,85,69
82,94|53,35|38,15|82,38|82,63|94,8|35,73|73,56|75,37|15,24|82,53|70,12|59,47|32,59|24,40|18,75|63,32|37,48|82,18|8,70/82,12=82,94,8,70,12
31,81|8,59|59,1|37,2|27,46|70,9|58,36|93,58|87,34|0,94|46,31|2,0|8,27|8,93|34,70|85,79|8,87|8,37|36,49|1,85/8,49=8,93,58,36,49
95,74|2,89|76,31|84,95|49,15|85,39|11,55|84,85|39,2|84,11|74,49|42,98|84,42|47,13|75,47|84,43|55,44|44,86|98,76|43,75/84,86=84,11,55,44,86
27,68|91,14|68,77|20,81|27,96|60,35|6,69|42,78|81,50|77,91|18,30|96,20|27,6|78,60|88,84|30,88|27,42|80,43|27,18|69,80/27,50=27,96,20,81,50
5,34|72,16|73,46|39,47|53,49|53,51|34,50|13,72|51,13|28,24|49,5|77,19|19,39|64,1|56,82|1,28|82,73|53,56|53,77|53,64/53,46=53,56,82,73,46
17,70|90,49|78,11|90,9|49,42|14,28|50,82|9,14|70,80|58,41|90,58|89,47|90,17|32,96|96,50|28,12|80,65|90,32|42,89|41,78/90,47=90,49,42,89,47
72,3|63,51|9,1|9,63|1,11|84,48|6,91|78,6|9,74|74,27|9,72|11,84|51,42|91,73|88,58|27,19|19,41|3,88|42,34|9,78/9,41=9,74,27,19,41
47,64|22,93|39,13|37,47|93,9|60,15|37,20|90,53|5,32|37,73|73,22|15,79|64,18|37,39|37,5|18,4|32,90|20,60|13,31|31,82/37,53=37,5,32,90,53
98,58|82,92|3,82|79,46|15,93|19,15|4,70|46,10|35,17|19,35|19,97|19,33|74,25|78,42|97,3|17,74|58,4|33,79|19,98|93,78/19,10=19,33,79,46,10
8,14|12,28|78,11|3,92|11,40|25,46|37,50|92,93|4,36|46,8|4,25|4,73|30,37|40,31|73,30|28,83|36,12|4,78|93,95|4,3/4,31=4,78,11,40,31
18,41|89,9|33,22|22,3|11,30|23,42|31,35|23,18|23,33|9,11|23,89|66,61|73,31|3,37|42,73|85,66|41,68|19,85|23,19|68,65/23,30=23,89,9,11,30
87,55|68,87|37,91|40,80|61,66|37,12|91,68|37,25|80,15|0,61|8,9|52,2|15,88|25,0|37,90|90,20|12,8|9,35|20,52|37,40/37,2=37,90,20,52,2
44,49|8,58|2,3|70,77|16,70|44,2|77,71|44,33|93,97|44,16|23,27|33,59|3,56|59,92|49,35|56,65|44,23|27,93|92,75|35,8/44,58=44,49,35,8,58
86,53|88,45|24,39|84,12|14,56|56,10|84,40|12,86|10,80|26,97|53,61|39,60|84,26|40,88|45,44|97,50|13,24|84,13|50,4|84,14/84,4=84,26,97,50,4
17,70|50,5|55,27|58,55|42,56|43,26|31,97|97,6|90,64|49,90|27,75|64,71|31,49|31,44|56,87|31,58|6,17|26,50|31,43|44,42/31,75=31,58,55,27,75
10,1|32,40|92,33|39,64|27,39|40,92|32,27|21,12|95,29|1,49|12,95|32,71|73,82|15,73|64,54|33,88|32,21|82,22|71,10|32,15/32,22=32,15,73,82,22
49,65|96,59|42,29|29,17|59,9|65,88|49,14|26,96|35,74|57,3|3,1|49,42|17,75|88,0|74,71|0,39|14,57|49,35|71,82|49,26/49,39=49,65,88,0,39
84,27|39,53|45,47|5,92|27,67|54,73|71,94|54,71|92,45|1,42|53,1|54,5|60,30|94,60|73,22|8,84|54,39|19,97|54,8|22,19/54,42=54,39,53,1,42
34,37|92,18|10,62|34,92|29,22|6,27|62,94|34,97|37,69|18,35|69,29|34,32|97,6|34,58|27,12|32,10|58,40|98,16|35,50|40,98/34,22=34,37,69,29,22
45,47|87,58|4,65|5,66|66,89|84,87|25,4|25,28|21,53|98,5|58,10|28,21|53,61|86,14|25,42|25,98|65,45|42,86|25,84|14,29/25,61=25,28,21,53,61
43,75|61,12|12,28|91,30|73,61|8,20|28,85|73,46|41,4|98,14|16,19|44,98|73,41|4,8|73,16|73,76|19,43|46,44|30,3|76,91/73,75=73,16,19,43,75
58,88|37,51|69,38|94,56|42,18|58,1|20,94|51,22|96,65|58,42|1,37|56,61|21,29|38,21|82,96|88,82|18,24|58,69|24,41|58,20/58,65=58,88,82,96,65
49,40|64,86|43,88|69,7|69,53|69,49|87,13|89,18|69,77|71,38|40,64|11,87|53,11|38,31|24,42|77,71|7,89|18,92|69,24|42,43/69,31=69,77,71,38,31
62,70|83,0|6,32|8,72|62,89|62,6|62,79|79,90|0,81|32,64|25,68|64,49|48,3|90,44|72,97|44,85|3,25|89,83|70,8|62,48/62,97=62,70,8,72,97
77,95|89,97|77,15|95,39|23,82|13,50|77,78|39,13|61,90|77,19|70,23|24,58|36,29|90,36|15,67|78,70|77,61|97,10|67,24|19,89/77,10=77,19,89,97,10
19,25|50,13|64,38|0,96|96,63|17,0|95,70|25,99|10,19|17,95|31,64|17,9|35,30|70,35|17,10|63,76|13,51|17,83|9,31|83,50/17,38=17,9,31,64,38
46,56|83,9|77,73|57,83|73,52|48,58|56,89|79,57|5,53|79,5|9,8|33,46|79,77|52,32|79,33|40,4|79,12|12,27|53,48|27,40/79,58=79,5,53,48,58
25,50|87,49|91,32|25,91|50,55|25,58|49,31|98,89|55,46|25,36|34,78|32,42|36,87|89,44|12,34|46,64|42,90|58,12|44,48|25,98/25,31=25,36,87,49,31
88,43|37,81|68,69|43,7|76,46|95,10|74,68|30,6|37,77|37,74|46,30|81,95|16,67|69,25|1,16|10,12|77,88|37,90|90,1|37,76/37,67=37,90,1,16,67
97,28|30,16|16,58|99,0|93,99|87,22|85,13|73,96|95,29|22,50|19,85|97,7|29,73|28,93|97,14|58,52|97,30|14,19|7,87|97,95/97,96=97,95,29,73,96
9,36|35,33|86,78|3,9|63,54|52,79|35,41|33,53|41,31|78,50|79,27|35,30|35,86|50,20|35,43|62,70|53,63|43,3|30,52|31,62/35,54=35,33,53,63,54
50,13|63,15|19,48|76,72|63,67|82,50|48,56|67,19|97,49|77,37|9,77|52,79|51,34|79,76|49,51|44,82|15,9|63,44|63,97|63,52/63,13=63,44,82,50,13
84,20|88,37|27,84|28,71|54,88|71,39|15,18|39,97|37,34|65,28|65,27|7,50|20,23|40,10|13,7|50,52|65,40|65,13|65,54|10,15/65,97=65,28,71,39,97
79,44|46,93|16,9|35,33|79,32|79,28|44,80|80,98|9,82|32,35|82,5|4,51|98,22|27,4|79,8|28,27|33,23|99,46|79,16|8,99/79,93=79,8,99,46,93
53,49|61,27|49,77|24,7|62,85|53,10|76,35|56,73|53,61|96,76|73,41|53,70|77,24|53,6|93,15|6,96|10,93|15,1|70,56|27,62/53,7=53,49,77,24,7
98,17|85,29|20,89|55,11|2,67|0,13|11,20|66,57|98,0|98,43|43,46|46,81|67,63|98,1|13,66|98,55|17,2|81,96|29,3|1,85/98,96=98,43,46,81,96
36,23|15,60|8,12|57,38|1,65|57,8|77,85|12,15|57,77|39,18|57,54|85,39|90,42|57,55|55,32|32,90|38,36|54,1|65,24|23,31/57,31=57,38,36,23,31
83,89|16,71|4,66|62,44|63,0|89,22|96,10|14,27|27,4|14,78|0,29|71,62|29,94|90,83|66,97|28,96|14,16|14,63|14,90|78,28/14,97=14,27,4,66,97
77,15|20,70|73,21|92,73|92,46|22,87|15,28|65,76|92,94|92,77|92,99|56,51|70,36|46,40|94,20|99,17|28,3|21,65|40,22|17,56/92,51=92,99,17,56,51
36,34|13,12|97,48|51,89|48,10|97,5|34,69|64,31|20,11|89,88|71,36|5,64|12,93|93,86|97,51|97,71|31,29|88,75|97,13|10,20/97,29=97,5,64,31,29
8,83|48,8|73,91|65,55|57,45|60,23|48,73|96,65|37,33|23,78|91,37|55,67|48,60|48,96|39,87|83,34|78,30|45,39|34,62|48,57/48,87=48,57,45,39,87
32,0|15,56|18,10|56,19|20,18|95,54|37,14|26,94|37,38|37,20|37,32|38,95|78,26|82,85|54,72|10,3|14,78|37,81|0,82|81,15/37,94=37,14,78,26,94
11,45|88,82|23,80|11,46|31,42|46,84|45,62|80,44|11,31|7,81|11,75|86,55|49,10|84,88|11,14|14,23|62,86|42,7|10,3|75,49/11,81=11,31,42,7,81
70,40|35,89|68,86|56,1|88,3|20,80|80,73|1,65|89,68|20,88|3,97|99,38|97,23|73,70|36,27|20,99|20,35|9,56|20,9|38,36/20,40=20,80,73,70,40
13,21|25,66|16,57|44,26|16,35|16,13|42,84|57,47|58,32|93,79|52,58|0,44|21,42|35,0|16,36|54,93|16,54|36,52|79,48|47,25/16,84=16,13,21,42,84
85,99|16,78|3,96|96,9|37,85|28,1|50,70|37,2|37,33|2,16|33,5|99,80|5,28|80,38|70,76|76,87|37,50|37,49|78,20|49,3/37,87=37,50,70,76,87
82,14|24,60|60,94|8,42|35,79|59,8|94,89|72,88|67,20|20,47|88,82|24,34|34,67|89,76|24,21|79,64|64,17|24,72|21,59|24,35/24,14=24,72,88,82,14
5,98|73,5|28,75|25,89|4,59|23,25|79,67|75,79|65,10|73,6|89,43|73,4|10,27|6,65|59,96|96,92|73,28|98,71|71,41|73,23/73,92=73,4,59,96,92
53,87|46,16|21,25|49,74|73,53|74,46|39,81|60,39|42,61|87,63|42,49|66,70|25,90|54,76|90,68|70,54|42,73|42,66|61,60|42,21/42,63=42,73,53,87,63
20,27|4,44|66,7|8,88|26,66|7,46|33,56|88,35|71,98|27,37|49,20|71,72|90,33|13,6|44,13|98,8|72,90|71,26|71,4|71,49/71,46=71,26,66,7,46
55,41|65,33|54,96|90,97|65,54|65,89|1,17|21,39|97,21|20,66|25,77|65,82|37,20|89,32|32,25|82,37|47,55|96,1|33,47|65,90/65,41=65,33,47,55,41
91,60|60,85|86,95|89,16|89,86|89,38|89,37|37,91|13,14|74,42|16,74|14,79|59,41|99,35|42,30|94,99|38,13|35,72|89,94|95,59/89,41=89,86,95,59,41
27,9|36,53|9,63|21,26|29,47|63,95|4,45|53,70|4,44|4,27|2,80|68,97|8,2|47,21|4,29|4,8|41,68|80,40|44,36|45,41/4,26=4,29,47,21,26
80,31|85,17|8,81|31,67|93,7|7,8|55,45|3,90|38,80|93,86|86,39|93,38|93,55|93,85|45,3|81,35|74,99|24,53|17,24|39,74/93,90=93,55,45,3,90
61,26|32,45|61,35|26,32|30,5|88,24|61,79|63,72|24,83|59,30|5,96|61,51|7,63|45,90|61,59|79,10|51,7|10,65|65,94|35,88/61,90=61,26,32,45,90
55,78|80,84|7,16|69,80|84,52|7,74|74,55|90,86|16,50|40,62|78,56|1,41|3,48|62,1|11,90|7,69|7,40|50,3|14,11|7,14/7,41=7,40,62,1,41
56,83|17,39|88,81|96,98|25,90|33,25|96,94|96,64|95,58|58,88|65,12|64,42|96,89|42,65|96,95|39,68|98,33|94,17|16,56|89,16/96,68=96,94,17,39,68
4,10|0,74|98,47|62,13|74,38|53,97|13,4|39,24|97,11|24,88|55,39|62,14|66,98|10,49|14,0|62,53|47,89|62,66|62,55|11,80/62,89=62,66,98,47,89
64,54|5,71|13,81|82,42|1,67|54,22|22,20|53,91|98,41|98,13|98,2|81,27|41,93|91,52|98,1|98,64|67,82|93,5|2,53|27,46/98,52=98,2,53,91,52
1,75|3,53|76,41|12,40|14,51|12,38|6,14|83,52|16,99|40,6|12,56|53,76|7,83|56,7|49,16|38,64|99,91|64,1|12,3|12,49/12,52=12,56,7,83,52
19,93|42,88|19,20|19,84|45,17|87,96|47,42|18,56|35,62|39,87|86,45|20,86|96,80|88,7|19,39|71,18|84,71|19,47|62,57|93,35/19,57=19,93,35,62,57
38,19|53,69|63,12|61,98|36,61|98,46|19,97|47,1|53,63|97,85|53,47|86,9|88,60|69,10|1,26|10,88|53,38|26,77|53,36|12,86/53,60=53,69,10,88,60
1,13|25,43|25,44|25,46|48,37|44,49|5,16|25,24|43,26|46,88|82,5|35,93|2,4|49,35|88,1|86,82|31,2|26,48|24,31|25,86/25,93=25,44,49,35,93
84,69|25,42|72,91|15,41|52,39|84,21|39,45|62,20|5,25|84,15|84,5|89,61|98,4|42,60|48,72|84,98|4,62|69,48|41,89|21,52/84,61=84,15,41,89,61
82,25|58,82|53,13|24,38|86,43|92,65|70,86|39,70|11,92|24,39|4,50|64,14|24,58|25,75|24,53|96,46|13,64|24,4|38,11|50,96/24,43=24,39,70,86,43
42,48|47,20|64,46|83,8|99,11|39,1|11,47|55,74|49,55|61,38|8,93|77,49|1,42|61,39|93,44|61,99|38,82|61,77|82,64|61,83/61,74=61,77,49,55,74
93,72|25,8|97,14|76,75|60,89|13,76|57,60|81,85|85,59|59,31|14,49|49,95|8,93|81,38|38,13|89,42|31,68|81,25|81,97|81,57/81,42=81,57,60,89,42
55,33|33,10|6,13|24,64|48,19|45,24|48,85|69,72|48,32|13,46|85,45|47,82|48,75|72,25|19,6|75,47|32,55|82,41|60,69|48,60/48,41=48,75,47,82,41
12,54|21,12|65,48|97,14|46,68|81,34|22,75|34,46|81,77|81,65|91,21|81,91|77,79|79,44|81,97|84,43|68,24|44,36|48,84|14,22/81,36=81,77,79,44,36
89,45|30,18|3,74|82,60|63,28|88,78|18,88|2,63|60,83|74,89|34,15|83,38|30,3|78,33|6,34|66,6|30,76|30,82|76,2|30,66/30,15=30,66,6,34,15
34,59|59,32|57,52|32,68|37,78|62,77|52,40|68,61|8,66|34,62|34,95|30,71|31,37|71,17|95,31|77,8|34,36|36,30|40,15|34,57/34,17=34,36,30,71,17
41,75|78,87|13,64|87,11|34,51|80,34|62,61|11,69|12,18|18,13|37,25|41,16|25,30|41,78|41,12|75,80|73,4|61,73|16,37|41,62/41,30=41,16,37,25,30
88,50|70,43|91,79|66,37|69,27|77,49|79,62|69,91|36,64|69,83|27,65|64,31|9,20|43,88|69,70|83,36|49,66|62,80|69,77|65,9/69,31=69,83,36,64,31
35,36|78,81|40,92|36,73|11,93|27,38|27,54|27,35|52,26|73,32|37,11|54,42|27,16|27,68|26,43|92,71|16,37|42,78|68,52|38,40/27,81=27,54,42,78,81
52,73|55,32|32,34|65,52|60,71|38,80|55,95|61,23|99,89|55,69|34,60|55,65|95,38|55,99|73,7|80,72|69,42|89,87|42,61|87,41/55,23=55,69,42,61,23
81,12|89,98|78,68|34,84|31,99|65,52|52,23|86,78|61,46|84,97|46,93|19,61|34,19|34,65|68,36|23,35|98,31|97,81|34,89|34,86/34,35=34,65,52,23,35
93,29|3,78|24,84|93,64|29,3|51,72|88,63|86,90|36,5|40,51|90,73|78,46|5,24|93,36|93,62|93,65|62,40|65,88|64,86|63,10/93,10=93,65,88,63,10
29,44|88,95|85,88|79,29|44,57|79,26|57,0|79,72|84,93|26,52|25,97|52,25|6,70|76,6|42,85|94,84|79,73|79,42|73,94|72,76/79,97=79,26,52,25,97
88,11|22,37|0,46|24,12|94,65|80,52|27,94|12,84|56,24|35,27|11,29|35,80|35,22|37,0|35,56|29,55|52,1|35,88|65,70|1,75/35,70=35,27,94,65,70
51,61|43,9|69,92|61,56|69,81|9,53|81,71|96,5|92,65|56,42|69,43|49,40|69,51|97,89|65,96|71,49|89,76|76,98|53,14|69,97/69,5=69,92,65,96,5
26,21|11,13|27,59|55,27|80,50|28,89|56,69|82,9|97,11|56,80|56,14|50,68|21,17|89,82|56,55|56,28|14,26|59,67|68,31|69,97/56,9=56,28,89,82,9
13,86|73,13|98,46|46,58|38,36|18,98|36,99|55,73|11,23|86,71|21,63|76,38|63,82|8,27|27,11|55,76|55,8|94,21|55,18|55,94/55,82=55,94,21,63,82
70,97|65,37|60,75|50,92|60,90|60,89|88,43|60,65|32,8|39,14|37,70|92,67|68,88|56,32|75,50|60,98|14,44|89,68|98,56|90,39/60,44=60,90,39,14,44
24,60|3,49|7,30|24,38|83,42|49,15|81,2|38,3|20,6|79,7|6,96|2,13|4,81|60,79|22,20|80,83|24,4|24,29|24,22|29,80/24,30=24,60,79,7,30
22,36|33,29|23,84|22,30|65,9|34,65|86,38|10,80|39,98|22,10|38,37|9,83|29,23|80,69|98,79|36,39|30,86|69,58|22,34|22,33/22,83=22,34,65,9,83
10,77|8,96|4,81|78,80|90,10|96,6|28,90|76,8|59,55|92,59|22,84|28,92|55,98|84,51|80,4|77,60|50,22|28,50|28,78|28,76/28,60=28,90,10,77,60
81,98|38,6|6,68|15,31|50,15|89,38|17,58|81,64|46,77|77,42|81,46|26,80|58,2|81,89|80,49|64,17|90,26|98,50|42,59|81,90/81,31=81,98,50,15,31
98,43|87,3|3,63|37,35|67,32|35,87|45,10|37,67|54,13|10,19|13,71|37,54|32,98|71,7|47,5|37,36|29,47|36,29|19,20|37,45/37,20=37,45,10,19,20
66,73|34,17|66,77|52,30|66,67|83,80|91,16|72,52|66,72|76,91|54,37|67,34|73,76|99,60|66,99|17,10|30,33|60,83|77,54|37,69/66,33=66,72,52,30,33
44,29|31,85|6,9|89,50|45,75|45,73|53,31|45,96|96,6|45,60|85,68|45,53|90,44|10,51|60,90|73,89|51,91|75,10|50,40|9,42/45,42=45,96,6,9,42
98,21|19,52|19,4|46,7|24,64|19,5|19,92|26,77|92,17|51,94|19,58|72,98|99,26|2,46|5,2|94,97|58,99|4,51|17,24|52,72/19,77=19,58,99,26,77
90,0|37,43|40,4|74,65|37,40|0,87|20,42|37,99|18,19|65,23|37,49|43,50|4,18|50,84|99,90|37,94|84,24|49,51|51,20|94,74/37,23=37,94,74,65,23
98,54|88,8|19,40|23,88|19,81|68,17|43,41|31,60|60,10|63,89|29,43|8,87|19,23|19,31|19,68|40,29|10,72|81,63|17,98|89,36/19,72=19,31,60,10,72
88,29|7,43|12,25|88,16|77,1|16,76|88,89|88,20|88,77|43,41|29,58|76,69|69,74|20,7|42,8|84,12|89,84|49,97|1,49|58,42/88,25=88,89,84,12,25
49,96|74,84|63,13|74,32|74,63|45,71|74,25|48,67|96,51|32,57|84,9|9,23|13,59|0,93|71,48|59,31|23,54|74,45|57,0|25,49/74,67=74,45,71,48,67
95,77|95,38|77,34|95,21|95,3|62,37|17,84|38,97|78,82|21,78|82,32|37,88|79,67|68,62|28,66|3,41|34,28|95,68|41,17|97,79/95,66=95,77,34,28,66
3,30|61,34|48,53|36,28|31,18|31,47|31,27|18,15|15,36|31,64|34,91|47,26|26,3|27,20|20,44|6,56|53,6|31,48|44,42|64,61/31,91=31,64,61,34,91
78,68|58,79|4,75|45,62|68,58|31,56|62,39|64,83|79,76|78,21|21,27|83,4|20,28|59,31|27,20|56,11|78,64|78,45|39,49|78,59/78,49=78,45,62,39,49
41,47|58,77|26,89|26,19|74,55|55,39|26,71|31,67|54,80|26,95|89,74|26,43|77,75|19,58|78,54|71,22|47,98|95,78|43,41|22,31/26,75=26,19,58,77,75
88,92|12,5|92,72|7,96|71,22|12,7|45,86|96,26|22,10|12,98|82,85|5,88|12,71|12,49|49,82|26,48|98,59|85,23|10,41|59,45/12,72=12,5,88,92,72
15,51|92,65|51,63|15,0|13,53|15,7|55,94|0,74|85,67|15,55|53,82|15,77|77,13|76,6|7,75|93,22|63,76|74,92|94,93|75,85/15,65=15,0,74,92,65
59,56|0,85|31,59|15,0|85,87|35,81|47,93|8,35|84,47|95,4|43,77|43,31|41,88|43,84|43,41|77,8|56,61|43,15|88,95|93,51/43,4=43,41,88,95,4
52,31|98,52|93,98|26,50|16,9|70,18|9,61|86,34|4,16|18,44|93,26|8,70|50,78|93,86|31,71|93,4|34,80|78,76|93,8|80,41/93,61=93,4,16,9,61
84,61|4,62|61,12|62,32|6,93|27,11|58,4|93,36|58,73|58,56|92,27|58,54|56,53|32,64|57,92|58,57|73,84|54,6|34,29|53,34/58,64=58,4,62,32,64
17,34|5,43|57,1|20,65|32,24|1,97|76,5|19,52|39,32|39,57|39,76|24,4|39,17|34,19|65,35|39,20|35,59|97,78|43,3|4,55/39,59=39,20,65,35,59
14,19|15,92|66,15|58,22|41,85|66,34|66,14|92,42|66,87|97,94|45,98|42,8|34,55|94,80|80,49|87,58|22,83|55,45|19,41|66,97/66,8=66,15,92,42,8
5,92|62,36|6,9|48,30|72,48|6,81|81,80|80,14|76,33|6,76|30,56|14,2|49,83|9,50|6,72|40,5|6,40|33,62|92,70|50,49/6,36=6,76,33,62,36
98,82|57,70|23,48|95,73|83,44|65,93|99,40|93,56|17,99|83,23|40,25|83,98|83,17|70,32|35,96|44,57|82,95|48,35|83,65|56,52/83,25=83,17,99,40,25
54,16|54,36|73,67|10,22|82,4|39,10|6,40|65,82|40,73|36,37|37,11|54,61|4,85|16,50|54,65|54,6|61,39|11,25|50,98|98,94/54,85=54,65,82,4,85
60,46|27,87|91,66|10,27|22,97|26,94|22,9|68,93|22,69|46,80|29,60|45,26|69,91|97,10|57,68|9,45|22,57|22,29|66,85|93,79/22,94=22,9,45,26,94
59,87|22,25|15,52|19,1|68,24|76,4|59,89|59,20|66,19|59,15|20,82|87,96|69,22|90,69|52,68|89,66|96,51|51,46|59,90|82,76/59,4=59,20,82,76,4
16,76|38,12|29,27|39,31|65,43|39,23|31,74|27,87|39,29|35,81|81,16|39,35|15,69|23,15|41,98|74,38|98,65|39,41|87,18|69,83/39,43=39,41,98,65,43
81,95|33,99|68,73|47,25|90,37|21,52|80,71|21,33|52,80|11,57|21,11|71,3|99,47|21,48|73,59|65,68|21,65|95,45|48,81|57,90/21,25=21,33,99,47,25
80,91|68,27|0,23|58,99|68,54|81,66|66,73|91,78|27,80|83,76|54,90|68,0|23,7|7,1|11,69|90,83|99,11|34,81|68,34|68,58/68,76=68,54,90,83,76
88,70|28,52|34,31|34,58|34,5|34,33|86,40|7,4|34,41|3,2|41,10|5,3|10,7|2,82|33,83|79,28|83,86|31,88|58,79|70,32/34,32=34,31,88,70,32
57,81|9,95|78,0|1,35|57,61|86,14|81,75|85,1|57,4|94,9|57,22|98,70|22,98|75,78|31,86|27,31|57,27|70,58|4,85|61,94/57,95=57,61,94,9,95
19,66|70,15|25,70|98,24|89,76|98,14|98,88|17,12|87,89|99,3|51,19|3,17|14,25|83,18|92,83|24,87|88,92|66,81|98,99|98,51/98,81=98,51,19,66,81
69,6|97,22|22,82|3,58|57,99|33,87|82,54|69,77|81,26|94,57|69,29|1,28|69,97|58,1|77,12|6,95|12,81|69,3|95,33|29,94/69,28=69,3,58,1,28
60,87|46,16|49,53|61,70|21,60|70,46|90,68|25,90|42,73|87,63|42,61|66,74|53,54|39,76|54,81|74,39|42,21|42,66|73,25|42,49/42,63=42,21,60,87,63
81,86|28,66|40,2|82,32|2,49|11,74|82,54|32,94|27,93|10,4|74,28|33,76|93,10|82,27|3,25|82,3|54,40|82,11|25,81|94,33/82,76=82,32,94,33,76
24,58|24,41|67,90|48,88|90,52|56,45|58,81|76,70|45,15|86,62|24,0|24,94|94,73|52,7|73,48|41,99|24,67|0,56|81,86|99,76/24,70=24,41,99,76,70
60,39|79,88|3,45|76,42|13,81|81,99|0,48|17,76|17,64|64,11|39,47|11,0|57,29|17,60|47,86|99,75|17,13|29,3|17,57|42,79/17,45=17,57,29,3,45
23,14|36,51|15,82|94,35|4,52|41,5|98,69|21,88|82,4|20,94|20,23|20,41|5,21|69,38|20,98|35,61|14,36|38,89|20,15|61,11/20,51=20,23,14,36,51
5,20|97,33|88,26|14,36|5,50|11,94|85,86|5,18|24,97|50,45|1,44|43,1|45,68|68,74|5,88|94,14|18,24|5,11|20,43|26,85/5,74=5,50,45,68,74
89,54|51,35|9,55|35,27|38,78|39,9|49,39|51,89|86,74|85,3|74,61|61,31|51,49|36,52|51,86|27,0|0,26|78,85|51,38|54,36/51,55=51,49,39,9,55
29,73|56,68|86,29|51,40|69,56|40,58|95,45|91,44|35,18|35,86|68,65|38,91|83,95|35,38|35,60|73,49|44,46|18,51|35,69|60,83/35,65=35,69,56,68,65
36,33|85,74|69,73|33,80|85,46|61,12|17,10|63,48|93,79|46,67|74,36|67,69|10,61|79,9|85,17|85,45|85,63|23,39|45,93|48,23/85,9=85,45,93,79,9
79,38|48,59|79,44|3,97|16,36|73,35|38,48|53,24|97,53|35,63|59,65|56,86|79,56|86,42|79,28|79,3|28,16|44,73|42,88|36,52/79,24=79,3,97,53,24
11,12|46,95|37,55|37,40|12,2|40,63|34,20|89,77|6,71|63,34|95,86|10,96|37,47|47,11|86,57|37,46|77,6|55,10|37,89|96,38/37,2=37,47,11,12,2
44,2|63,40|66,72|51,66|97,82|52,70|2,68|54,52|17,86|84,54|97,51|97,84|14,63|97,14|97,75|82,47|40,55|47,17|75,44|72,50/97,70=97,84,54,52,70
88,99|80,0|9,88|47,17|40,2|42,96|81,80|81,9|81,77|0,42|32,78|2,83|6,32|81,40|81,47|83,95|17,49|49,64|99,90|77,6/81,95=81,40,2,83,95
33,22|33,56|86,88|47,35|51,73|33,49|49,13|33,83|45,81|35,89|33,47|83,50|13,45|50,24|56,92|22,86|88,1|92,51|89,80|24,70/33,81=33,49,13,45,81
11,73|1,28|6,98|62,91|27,59|78,41|59,97|73,6|56,2|57,1|84,62|84,11|91,56|69,57|84,61|84,78|84,69|72,80|41,72|61,27/84,2=84,62,91,56,2
0,66|48,2|71,0|52,91|66,87|52,74|52,71|89,78|10,22|13,10|61,26|2,65|78,1|26,84|22,28|91,89|52,13|74,48|40,61|52,40/52,1=52,91,89,78,1
1,83|25,8|8,92|58,29|25,23|77,41|5,93|25,1|83,4|4,36|92,30|25,57|23,48|41,46|93,47|57,5|46,76|25,77|30,43|48,58/25,36=25,1,83,4,36
47,69|39,63|49,78|93,97|43,39|78,66|66,13|49,88|56,6|97,70|49,47|49,28|33,25|28,43|13,9|6,33|69,77|77,42|88,93|49,56/49,25=49,56,6,33,25
85,92|42,48|17,12|54,96|96,85|63,42|62,98|43,17|24,93|93,37|57,50|62,54|73,24|62,51|62,73|83,57|98,63|72,43|62,72|51,83/62,50=62,51,83,57,50
69,36|72,73|46,8|64,2|17,98|55,46|98,84|44,33|55,72|39,9|36,64|83,20|73,39|55,17|8,44|20,47|55,69|55,83|47,79|84,6/55,2=55,69,36,64,2
60,73|8,36|4,58|43,80|52,84|88,69|18,89|12,99|4,18|53,60|5,53|36,40|89,52|4,8|4,5|69,33|4,43|80,12|58,88|40,78/4,78=4,8,36,40,78
95,96|4,63|63,84|20,21|6,24|11,16|24,85|48,56|6,4|56,55|84,5|6,46|21,53|27,48|85,11|93,95|46,93|6,27|6,99|99,20/6,96=6,46,93,95,96
9,62|23,69|61,57|58,79|13,3|34,53|13,23|13,42|69,58|97,9|57,28|5,34|13,5|28,66|42,97|53,76|75,27|3,75|27,20|13,61/13,66=13,61,57,28,66
66,43|11,31|24,56|74,58|66,80|66,74|47,27|66,6|6,49|10,3|66,87|49,32|87,28|28,24|80,10|36,11|3,7|43,36|58,47|32,68/66,56=66,87,28,24,56
62,87|73,79|73,49|77,35|55,98|78,3|0,68|73,0|67,21|68,78|21,70|35,15|48,75|73,52|73,55|13,48|49,77|79,67|52,13|98,62/73,87=73,55,98,62,87
89,11|84,36|35,27|8,92|1,35|1,61|63,89|36,97|1,42|24,14|17,90|92,17|61,84|85,88|88,60|1,8|1,76|76,85|27,24|42,63/1,60=1,76,85,88,60
11,5|57,61|59,93|53,78|81,1|37,81|5,41|12,75|59,91|59,53|75,50|58,37|93,57|78,18|59,58|15,11|59,15|61,73|18,23|91,12/59,50=59,91,12,75,50
69,12|56,81|40,78|92,17|70,85|55,31|85,38|2,16|53,56|31,97|25,53|38,68|55,69|55,25|55,32|55,70|12,40|58,92|97,2|32,58/55,17=55,32,58,92,17
46,75|46,94|46,63|39,24|63,39|46,87|40,31|87,15|6,43|32,1|15,6|91,40|50,91|24,2|1,73|56,17|17,61|46,50|75,32|94,56/46,31=46,50,91,40,31
39,78|1,81|68,88|39,4|88,31|39,97|87,64|81,67|96,55|4,1|20,56|56,33|78,68|51,96|12,87|98,20|39,98|39,79|79,51|97,12/39,33=39,98,20,56,33
52,33|48,8|65,30|74,48|80,86|35,80|72,52|38,54|38,24|61,59|19,61|8,27|38,35|54,19|86,18|91,65|70,72|38,70|24,91|38,74/38,30=38,24,91,65,30
68,63|51,25|25,66|63,33|47,72|83,43|83,61|92,47|33,42|96,77|61,4|72,24|4,96|83,92|43,60|62,14|93,51|83,93|60,62|83,68/83,42=83,68,63,33,42
65,9|90,65|17,62|55,17|29,50|57,23|57,82|9,3|8,47|57,77|57,90|23,29|57,16|77,37|16,8|47,79|50,51|82,55|37,58|58,4/57,4=57,77,37,58,4
59,73|22,61|73,20|57,14|45,59|4,85|61,71|4,83|28,63|23,57|4,22|29,28|82,2|85,29|4,23|14,18|4,45|71,47|2,78|83,82/4,78=4,83,82,2,78
89,56|88,52|48,21|15,25|48,32|10,18|25,3|18,17|32,88|48,89|48,64|71,41|21,10|56,71|55,44|48,9|52,66|64,15|12,55|9,12/48,44=48,9,12,55,44
92,8|20,43|31,44|9,10|85,9|78,62|8,83|44,37|97,92|79,13|43,29|99,31|38,89|38,97|38,85|38,99|10,93|38,79|13,78|89,20/38,37=38,99,31,44,37
26,52|63,25|75,74|21,11|55,22|11,92|72,66|92,30|80,49|85,26|72,31|72,10|25,16|66,75|72,21|10,63|22,80|31,85|74,42|72,55/72,16=72,10,63,25,16
96,34|91,92|83,54|92,83|10,62|54,1|33,44|2,10|25,94|69,25|94,77|20,98|34,20|91,2|62,9|91,33|91,69|44,99|91,96|99,32/91,32=91,33,44,99,32
91,48|56,83|4,5|75,62|91,32|32,25|0,35|25,4|83,47|48,29|35,51|67,39|51,98|29,75|91,0|91,56|39,70|47,28|91,67|70,54/91,28=91,56,83,47,28
37,30|22,11|0,58|93,81|58,53|92,1|81,67|53,69|11,32|2,45|37,78|37,40|78,93|52,2|37,52|30,98|37,0|40,22|98,92|45,6/37,67=37,78,93,81,67
2,26|59,68|66,79|23,33|48,95|12,8|72,12|68,17|71,32|21,59|8,31|71,72|71,48|33,2|95,66|75,37|71,23|37,1|32,75|71,21/71,31=71,72,12,8,31
63,38|30,82|18,6|66,74|83,28|2,78|82,2|88,83|74,89|6,63|34,15|89,45|30,18|78,33|60,34|3,60|30,76|30,66|76,88|30,3/30,15=30,3,60,34,15
18,94|80,12|96,52|87,9|18,37|18,22|94,64|22,87|27,82|18,44|35,36|43,68|37,90|18,35|12,17|64,96|44,80|9,69|90,43|36,27/18,69=18,22,87,9,69
0,90|33,39|99,33|39,27|16,83|85,35|99,61|99,40|9,34|27,68|99,94|61,51|40,85|34,17|90,88|94,9|42,0|35,48|51,16|99,42/99,88=99,42,0,90,88
36,48|18,12|49,39|23,16|18,4|44,93|25,54|18,49|90,23|66,50|34,81|54,36|4,88|18,25|88,44|12,90|81,15|39,66|46,34|18,46/18,50=18,49,39,66,50
28,43|58,71|58,76|58,55|64,88|49,70|92,81|58,87|87,29|76,50|33,64|44,92|10,33|94,93|71,90|29,94|50,49|55,44|90,28|58,10/58,88=58,10,33,64,88
82,0|0,41|19,82|32,39|39,67|19,32|19,90|19,8|67,85|34,48|83,75|8,33|90,5|5,34|41,44|75,98|46,55|98,57|19,83|33,46/19,44=19,82,0,41,44
59,21|22,23|16,28|79,4|26,31|32,52|21,88|89,22|5,59|4,96|2,89|52,38|28,93|31,16|9,79|26,46|26,9|46,32|26,5|26,2/26,96=26,9,79,4,96
67,44|0,91|67,32|86,80|51,42|73,56|83,35|67,73|80,0|56,54|67,86|46,53|54,72|32,64|64,83|67,50|53,36|44,51|42,22|50,46/67,36=67,50,46,53,36
83,46|94,53|94,5|50,8|37,76|44,7|51,84|92,16|94,37|68,74|5,65|16,50|94,51|34,83|94,92|90,40|65,90|76,44|84,68|53,34/94,74=94,51,84,68,74
55,29|38,93|64,75|93,69|38,18|49,90|18,17|92,95|90,53|53,40|38,41|87,96|17,55|38,49|59,64|38,84|69,92|41,59|96,80|84,87/38,75=38,41,59,64,75
45,72|60,48|12,89|45,69|45,12|45,94|94,56|29,85|31,8|45,35|35,78|43,76|89,29|92,38|48,17|78,31|69,60|39,43|72,39|56,92/45,38=45,94,56,92,38
34,12|94,5|53,37|94,21|83,52|5,51|94,56|6,83|21,71|56,72|51,75|52,86|71,79|75,58|47,27|27,53|79,0|72,34|94,47|94,6/94,0=94,21,71,79,0
69,21|95,54|69,31|31,8|38,82|69,73|23,89|46,81|69,39|72,38|7,72|11,23|73,24|69,7|39,98|17,64|8,95|98,17|24,46|21,11/69,54=69,31,8,95,54
40,79|4,1|6,41|8,23|31,20|34,70|93,4|8,21|20,52|21,31|1,38|8,6|23,81|70,62|41,40|81,18|8,93|8,5|5,34|18,12/8,38=8,93,4,1,38
42,27|38,74|47,1|38,66|56,5|38,94|38,56|0,4|71,72|5,71|38,42|66,0|27,87|94,9|87,88|79,47|65,98|74,79|4,24|9,65/38,88=38,42,27,87,88
57,32|7,95|17,57|17,37|95,56|2,70|82,46|21,3|17,7|46,90|37,44|17,59|59,2|71,82|44,27|32,21|27,67|17,71|70,0|56,24/17,24=17,7,95,56,24
44,50|47,24|21,22|44,90|55,66|24,69|44,46|45,41|41,77|44,47|90,45|40,21|93,55|12,25|83,12|46,40|69,53|50,93|44,61|61,83/44,53=44,47,24,69,53
84,53|98,78|53,63|56,42|55,59|99,21|49,55|73,3|88,56|42,99|88,73|3,52|59,43|88,84|60,47|88,98|63,96|52,28|78,60|88,49/88,28=88,73,3,52,28
47,63|95,20|47,99|70,60|20,56|40,49|60,39|71,94|10,37|22,95|63,70|47,27|37,71|67,88|99,58|27,6|47,22|58,40|6,67|47,10/47,49=47,99,58,40,49
20,52|41,1|93,31|8,23|4,18|81,70|21,41|8,5|18,79|5,4|1,38|8,93|23,34|70,62|31,20|34,40|8,21|8,6|6,81|40,12/8,38=8,21,41,1,38
12,99|43,53|4,5|58,36|60,84|89,69|18,88|52,73|4,18|80,12|8,80|53,40|88,60|4,43|4,8|69,33|4,58|36,52|5,89|40,78/4,78=4,43,53,40,78
49,8|2,19|47,63|27,4|8,2|36,23|3,31|23,27|4,88|65,47|36,49|54,28|31,59|36,6|25,94|36,3|94,54|36,25|6,65|59,62/36,63=36,6,65,47,63
17,69|76,90|60,38|17,85|90,60|3,25|43,80|85,79|17,43|17,76|79,99|41,12|69,77|23,73|77,41|17,78|78,53|53,3|80,23|99,46/17,46=17,85,79,99,46
73,33|21,37|16,99|88,69|87,56|53,38|33,81|87,58|69,97|37,23|87,88|87,53|97,82|55,16|58,21|84,29|56,55|38,84|87,73|81,35/87,23=87,58,21,37,23
54,67|71,61|99,88|7,78|61,40|26,55|18,93|42,24|28,7|33,26|99,42|83,18|91,33|78,72|88,83|99,91|63,71|99,63|24,54|99,28/99,72=99,28,7,78,72
29,80|82,75|9,18|33,87|89,44|24,12|95,50|79,89|80,9|31,82|87,95|31,33|31,15|2,24|94,2|75,41|15,79|41,96|31,29|31,94/31,12=31,94,2,24,12
61,43|27,41|12,61|72,60|12,55|31,20|19,14|97,8|46,1|43,46|12,31|12,27|14,34|60,86|41,81|12,72|86,33|55,19|81,32|20,97/12,32=12,27,41,81,32
4,22|20,5|76,4|67,83|86,76|60,58|86,44|86,60|86,67|55,28|26,20|86,15|83,77|91,89|15,91|22,52|89,97|58,55|44,26|77,48/86,48=86,67,83,77,48
26,53|51,31|27,61|51,78|51,95|72,76|51,7|61,35|62,72|51,92|92,27|78,62|9,60|7,26|3,14|53,71|95,9|31,3|60,34|14,46/51,46=51,31,3,14,46
13,81|64,22|61,53|26,61|64,13|22,15|70,97|73,26|64,73|81,25|97,9|25,57|9,39|15,58|64,70|64,20|78,46|58,27|45,78|20,45/64,57=64,13,81,25,57
72,76|19,10|10,92|91,22|91,26|75,99|22,0|0,93|26,5|76,16|91,55|55,13|16,48|61,32|88,19|91,72|93,94|91,88|13,61|5,75/91,94=91,22,0,93,94
36,96|76,61|56,5|36,29|80,65|97,76|20,18|36,97|5,28|4,44|89,80|61,6|44,14|36,88|96,20|23,56|88,89|18,27|29,4|36,23/36,14=36,29,4,44,14
27,40|31,71|65,48|48,50|26,60|40,31|91,26|84,27|67,7|84,73|63,67|4,18|60,36|84,91|18,75|12,63|73,4|84,65|50,2|84,12/84,36=84,91,26,60,36
34,46|34,53|5,95|34,55|92,64|42,85|34,48|29,92|1,82|52,77|55,1|82,13|53,11|11,52|46,29|66,6|34,5|95,42|6,74|48,66/34,77=34,53,11,52,77
16,59|47,22|30,4|50,72|98,51|4,70|79,16|79,58|27,50|79,62|82,47|79,67|76,91|62,30|58,55|67,82|55,76|59,98|88,27|79,88/79,70=79,62,30,4,70
21,43|4,64|43,11|72,5|72,21|90,23|17,0|64,68|72,53|3,48|54,4|53,75|79,90|72,54|48,65|5,3|75,17|72,79|23,19|11,16/72,19=72,79,90,23,19
27,65|62,27|6,24|20,7|50,20|80,87|89,56|10,46|89,71|19,79|89,85|68,6|89,10|79,32|46,80|56,68|85,19|77,50|89,77|71,62/89,65=89,71,62,27,65
8,95|87,25|73,38|58,73|51,85|51,68|74,92|56,57|51,31|68,56|51,8|14,11|49,87|95,96|51,14|57,37|96,17|31,49|11,74|85,58/51,38=51,85,58,73,38
61,37|32,82|82,56|68,63|38,1|97,48|38,97|38,61|38,7|63,99|48,72|37,23|7,32|27,69|1,68|38,86|23,28|69,76|72,60|86,27/38,76=38,86,27,69,76
92,93|56,6|93,12|6,32|53,34|27,11|58,56|34,29|58,73|58,57|84,27|58,4|57,62|32,64|54,84|58,54|73,92|4,53|61,36|62,61/58,64=58,56,6,32,64
72,16|48,67|48,74|40,58|48,15|67,19|58,95|36,30|48,72|73,34|95,50|52,36|74,60|16,73|22,56|19,20|20,4|48,40|60,22|15,52/48,34=48,72,16,73,34
49,22|57,9|89,73|13,89|34,85|11,49|44,14|13,2|73,57|99,44|85,51|56,11|13,52|51,46|13,56|52,99|8,26|2,58|58,8|13,34/13,14=13,52,99,44,14
17,29|95,53|37,43|5,42|96,81|28,92|5,65|33,17|42,48|5,96|5,68|75,37|40,46|81,40|65,75|68,33|58,78|78,95|5,58|48,28/5,29=5,68,33,17,29
61,60|20,49|42,9|49,67|10,33|60,85|19,42|88,37|73,4|73,50|97,88|73,20|50,48|4,19|67,32|73,51|73,28|51,97|28,61|48,10/73,33=73,50,48,10,33
25,6|71,8|55,99|64,19|93,13|42,93|99,49|1,81|12,42|59,15|4,34|44,25|34,55|81,59|4,44|4,12|4,71|8,64|4,1|6,62/4,49=4,34,55,99,49
27,49|87,26|12,1|12,28|13,29|1,27|29,57|42,64|12,13|64,41|12,65|69,98|41,40|28,34|98,86|49,54|34,87|12,42|65,69|57,81/12,26=12,28,34,87,26
55,54|55,61|91,72|72,48|60,98|55,63|53,45|5,29|41,53|55,5|92,41|57,85|54,27|29,87|63,91|61,57|85,46|87,66|55,92|27,60/55,45=55,92,41,53,45
8,40|38,10|25,55|40,45|1,89|55,34|52,66|12,52|89,76|62,1|12,8|12,39|66,44|24,86|44,33|12,62|12,24|45,2|39,25|86,38/12,34=12,39,25,55,34
47,33|74,15|20,51|57,37|74,47|74,71|74,20|15,58|27,3|1,22|95,6|74,99|71,73|51,95|99,52|58,1|33,66|52,57|73,27|66,29/74,3=74,71,73,27,3
98,15|24,17|24,76|22,10|24,84|78,52|31,48|94,28|75,78|48,99|24,94|24,75|15,77|52,2|17,7|58,43|28,58|76,31|7,22|84,98/24,10=24,17,7,22,10
35,0|38,62|0,50|91,52|35,48|29,30|52,12|50,33|33,59|28,53|35,91|12,58|62,29|21,49|53,21|35,28|35,38|8,80|48,19|19,8/35,59=35,0,50,33,59
3,33|3,41|29,62|48,90|41,9|39,46|79,39|3,79|3,75|9,96|33,43|75,16|16,1|62,68|1,7|96,5|46,74|3,29|43,48|68,19/3,7=3,75,16,1,7
57,6|62,35|96,11|84,52|20,96|19,41|41,33|20,57|72,19|11,17|17,25|52,16|20,62|20,72|95,84|20,95|53,89|6,53|35,77|77,29/20,25=20,96,11,17,25
39,47|20,68|20,89|89,53|52,39|59,36|46,44|60,59|20,50|64,52|68,21|80,60|77,22|53,77|20,64|97,45|43,46|21,97|50,43|20,80/20,36=20,80,60,59,36
57,27|9,95|78,0|86,35|57,22|70,58|27,85|75,86|57,4|31,9|57,81|94,1|81,94|85,78|98,70|61,98|57,61|1,14|4,75|22,31/57,95=57,22,31,9,95
36,59|10,45|5,89|45,23|6,13|56,36|23,34|61,75|34,95|10,5|97,60|10,63|53,6|63,56|89,52|10,61|10,53|52,3|13,82|75,97/10,3=10,5,89,52,3
95,35|13,95|57,69|10,65|87,97|89,71|89,67|5,87|44,78|89,57|67,10|65,12|69,70|70,14|89,5|89,84|84,13|71,44|78,6|97,86/89,86=89,5,87,97,86
32,20|32,15|84,0|38,5|65,22|83,65|66,63|5,82|93,25|25,8|32,95|11,66|20,11|8,18|95,38|15,80|80,84|32,93|32,52|52,83/32,18=32,93,25,8,18
71,62|30,2|62,3|71,46|77,37|16,77|91,30|71,16|37,97|80,91|71,80|63,58|46,24|24,26|3,0|9,82|71,63|0,89|26,43|58,9/71,43=71,46,24,26,43
86,20|42,36|16,33|66,6|86,12|86,47|18,84|20,1|34,35|33,96|39,10|1,34|36,18|47,39|10,72|96,54|86,16|86,42|30,66|12,30/86,35=86,20,1,34,35
79,44|46,93|8,99|35,82|79,32|79,28|44,80|80,4|99,33|32,35|33,5|98,22|4,23|9,98|79,16|28,9|82,51|27,46|79,8|16,27/79,93=79,16,27,46,93
55,47|55,11|55,63|47,3|54,69|8,17|30,58|46,67|16,88|58,46|3,16|11,32|32,8|6,21|27,54|35,6|63,27|55,5|55,30|5,35/55,21=55,5,35,6,21
6,61|25,66|81,59|59,32|86,35|61,78|65,94|86,65|38,10|28,38|94,25|86,6|44,76|86,28|10,41|35,44|76,52|86,13|78,3|13,81/86,32=86,13,81,59,32
96,0|52,34|29,52|76,96|84,98|90,5|27,17|64,90|34,68|98,19|95,33|29,64|68,15|29,16|17,95|29,27|1,76|5,57|29,1|16,84/29,57=29,64,90,5,57
63,31|98,3|76,22|31,57|57,80|10,19|66,64|66,42|22,43|66,63|66,81|77,58|19,4|42,76|64,82|47,6|82,77|81,10|66,98|3,47/66,4=66,81,10,19,4
96,45|48,96|8,23|91,78|73,83|57,65|48,8|60,91|55,33|65,37|23,55|78,62|48,57|48,60|39,87|45,34|37,30|83,39|34,67|48,73/48,87=48,73,83,39,87
84,89|70,55|84,47|92,63|79,50|59,82|84,62|0,79|47,98|84,36|36,32|62,16|89,92|32,59|5,0|98,70|63,76|22,69|84,5|16,22/84,55=84,47,98,70,55
30,24|81,90|98,44|94,9|21,30|38,71|26,68|24,60|90,62|40,81|44,58|68,5|37,73|37,21|37,94|37,26|9,38|5,42|37,40|73,98/37,58=37,73,98,44,58
39,61|87,67|87,8|61,6|32,11|87,29|87,21|45,12|25,40|28,5|94,45|21,39|90,32|40,28|10,27|67,94|8,10|87,25|27,50|29,90/87,50=87,8,10,27,50
47,73|76,80|76,49|50,53|24,55|71,92|2,24|49,87|92,50|64,26|15,2|65,77|79,65|76,15|73,28|87,64|76,42|42,47|80,79|76,71/76,55=76,15,2,24,55
84,2|89,64|58,74|80,35|91,83|73,58|91,76|83,45|26,73|91,26|91,89|9,57|76,14|91,80|35,9|43,66|64,43|24,42|14,24|45,84/91,42=91,76,14,24,42
90,29|94,88|19,66|43,63|32,47|47,7|88,43|32,71|32,94|10,36|32,55|71,90|55,10|30,89|36,13|32,30|7,51|29,77|51,58|89,19/32,77=32,71,90,29,77
47,77|60,33|22,85|47,16|12,73|0,22|11,96|36,0|73,43|47,36|9,39|39,49|47,46|83,11|47,29|77,12|16,60|46,9|33,27|29,83/47,49=47,46,9,39,49
42,45|73,39|68,85|13,76|5,72|5,95|5,33|33,64|28,86|60,35|95,70|82,13|92,68|70,60|5,99|72,82|64,42|99,92|5,28|86,73/5,35=5,95,70,60,35
83,37|45,81|83,35|44,30|46,74|83,63|35,18|58,43|18,8|74,58|65,44|33,31|83,46|37,65|94,45|63,33|83,94|81,21|8,75|31,14/83,30=83,37,65,44,30
96,23|56,22|19,66|51,50|2,74|57,41|43,2|15,19|41,53|51,15|55,78|78,56|88,57|51,88|94,96|51,8|50,94|51,55|8,43|66,34/51,74=51,8,43,2,74
18,30|28,19|67,78|21,18|77,87|78,37|96,28|95,57|26,95|22,77|57,49|67,21|87,24|67,34|37,44|30,11|44,29|34,96|67,22|67,26/67,49=67,26,95,57,49
96,98|23,71|63,96|82,52|28,63|98,26|91,78|78,61|43,79|6,91|84,43|52,23|87,84|28,82|28,87|22,93|28,6|28,51|93,88|51,22/28,61=28,6,91,78,61
83,32|65,96|18,16|38,9|33,6|2,33|83,2|24,75|79,51|83,18|40,24|83,38|6,58|32,65|96,84|83,40|90,27|9,90|75,15|16,79/83,58=83,2,33,6,58
13,69|46,34|48,80|38,13|68,15|48,57|76,75|15,11|11,2|80,38|34,90|53,76|74,62|48,4|71,74|48,56|48,68|4,53|57,71|56,46/48,75=48,4,53,76,75
66,0|59,28|15,45|66,59|14,85|66,21|34,40|80,34|66,80|22,41|90,23|21,14|28,2|23,15|66,90|85,53|2,38|47,22|0,47|40,60/66,41=66,0,47,22,41
77,21|66,31|51,83|29,66|31,74|18,77|49,34|29,51|29,50|83,91|40,49|74,48|29,40|91,53|29,18|69,0|50,28|28,69|34,95|21,76/29,76=29,18,77,21,76
87,5|95,72|16,85|30,16|85,28|10,87|33,73|95,84|57,10|8,25|77,33|95,30|52,22|22,24|84,8|95,57|73,70|95,77|72,52|25,7/95,7=95,84,8,25,7
62,10|65,38|41,79|96,1|91,93|65,62|10,91|65,19|19,54|79,74|65,0|20,48|54,40|65,41|61,96|78,20|74,77|40,49|38,78|0,61/65,1=65,0,61,96,1
88,26|64,56|44,13|69,94|37,41|11,16|26,44|54,11|28,77|70,42|54,69|54,88|25,92|77,53|54,37|94,64|41,25|93,28|16,70|54,93/54,56=54,69,94,64,56
24,41|24,58|67,90|45,7|90,86|56,48|41,73|76,70|48,88|52,62|24,0|24,94|94,99|86,15|99,45|58,81|24,67|0,56|73,52|81,76/24,70=24,58,81,76,70
81,96|54,30|5,24|9,39|93,91|81,19|80,43|81,54|72,93|97,80|96,72|31,41|87,9|30,35|81,28|81,31|28,97|19,87|35,65|41,5/81,91=81,96,72,93,91
98,67|1,48|98,61|41,27|5,1|18,17|61,93|37,95|67,5|21,32|98,3|70,11|3,97|97,41|98,37|79,42|93,18|95,21|98,70|11,79/98,32=98,37,95,21,32
5,93|61,12|58,42|30,0|33,98|28,53|30,4|12,54|50,94|30,58|53,52|65,33|62,28|0,65|27,37|30,62|42,5|4,61|37,50|30,27/30,54=30,4,61,12,54
59,37|51,34|38,51|87,61|59,3|97,13|59,36|1,47|36,87|3,10|61,42|59,90|83,45|59,46|10,97|45,11|90,38|46,84|37,83|84,1/59,13=59,3,10,97,13
71,45|45,25|37,93|70,94|88,76|88,39|17,71|34,87|1,70|16,35|39,46|4,21|61,1|88,61|46,4|88,17|76,16|88,37|35,73|93,34/88,73=88,76,16,35,73
80,60|41,67|45,62|88,82|0,55|63,75|60,59|4,25|55,41|96,80|62,88|96,4|68,89|25,68|59,11|96,48|96,45|23,63|96,0|48,23/96,11=96,80,60,59,11
0,56|9,95|4,94|95,21|56,62|22,65|28,19|20,22|28,68|11,20|19,0|88,4|49,88|28,16|28,11|28,49|16,9|68,51|81,87|51,81/28,94=28,49,88,4,94
12,77|37,26|25,79|77,82|79,24|15,12|43,56|4,15|4,36|4,25|0,90|46,48|40,75|24,18|89,40|4,46|48,43|4,37|36,89|26,0/4,82=4,15,12,77,82
0,1|80,63|0,57|36,50|37,4|48,37|83,40|89,36|0,48|50,79|31,81|0,89|0,95|51,80|95,93|81,23|93,83|1,31|57,51|4,75/0,23=0,1,31,81,23
69,5|12,55|35,49|51,17|69,18|69,3|17,33|69,51|18,35|3,41|2,87|41,2|36,42|33,22|5,12|69,26|42,73|26,36|49,0|55,63/69,0=69,18,35,49,0
15,32|62,50|12,15|62,46|76,93|96,33|62,96|41,26|46,12|53,17|84,5|85,60|50,41|60,53|97,76|93,43|26,14|62,85|62,97|33,84/62,14=62,50,41,26,14
68,13|9,41|94,80|11,40|60,29|40,47|13,38|83,9|44,18|52,44|38,8|33,60|29,53|49,11|41,94|83,63|83,49|83,33|63,52|83,68/83,8=83,68,13,38,8
55,96|97,68|78,32|12,36|76,5|76,88|63,12|88,67|75,55|76,97|5,75|56,11|67,78|68,9|53,63|9,94|11,44|35,56|76,53|76,35/76,94=76,97,68,9,94
61,51|26,53|5,80|77,33|44,19|26,77|26,5|82,48|36,76|76,61|14,64|18,44|26,18|53,99|1,0|19,84|80,82|26,36|33,1|99,14/26,64=26,53,99,14,64
50,42|91,89|18,36|89,87|39,81|35,30|50,37|36,35|81,48|42,38|38,49|50,39|52,51|21,91|51,63|50,18|48,71|50,21|49,22|37,52/50,63=50,37,52,51,63
2,52|68,28|14,6|18,64|50,81|70,0|79,88|88,25|64,79|58,30|18,14|13,63|18,39|6,2|63,37|18,70|39,13|81,68|0,58|18,50/18,37=18,39,13,63,37
39,32|38,81|75,86|56,10|81,8|4,75|15,56|8,70|91,15|26,38|53,39|26,49|49,4|44,71|32,14|26,59|59,83|26,91|26,53|83,44/26,70=26,38,81,8,70
72,19|31,60|12,72|27,20|12,55|61,41|43,86|14,33|46,1|19,46|12,61|12,31|86,34|20,97|60,81|12,27|97,8|55,43|81,32|41,14/12,32=12,31,60,81,32
6,29|95,38|99,9|81,95|97,90|9,39|88,46|42,86|18,6|88,81|7,58|86,7|38,59|29,78|88,42|27,97|88,18|39,83|88,99|46,27/88,59=88,81,95,38,59
94,76|76,48|34,97|64,96|87,98|33,95|46,34|64,58|32,24|71,32|7,94|64,46|64,91|95,14|97,16|64,7|96,33|91,71|58,87|98,44/64,16=64,46,34,97,16
32,73|56,92|28,34|64,55|28,93|83,19|20,83|44,78|79,48|28,56|55,47|48,90|92,44|90,12|34,32|28,79|19,96|93,64|73,13|28,20/28,13=28,34,32,73,13
1,48|48,10|15,20|82,3|53,72|69,33|10,78|3,6|69,65|69,18|33,52|52,71|20,76|28,82|18,15|65,53|72,36|69,28|71,17|69,1/69,6=69,28,82,3,6
63,10|78,66|77,79|42,99|39,18|18,93|66,40|93,88|72,8|79,32|10,33|39,78|39,20|39,63|39,42|99,72|33,53|88,83|20,77|40,35/39,35=39,78,66,40,35
13,12|31,73|91,85|58,61|20,84|45,83|23,54|21,22|45,13|83,31|73,7|12,58|9,21|45,23|45,9|54,20|0,98|22,38|45,91|85,0/45,61=45,13,12,58,61
61,45|78,69|56,98|30,1|98,61|41,73|79,85|35,27|81,35|73,30|69,74|56,41|53,78|56,81|85,31|31,60|56,53|45,84|27,17|56,79/56,84=56,98,61,45,84
46,54|68,59|54,68|12,29|72,30|72,46|49,32|72,88|33,82|31,12|85,49|72,47|30,31|35,25|70,33|47,35|72,85|32,2|25,64|88,70/72,64=72,47,35,25,64
53,47|15,99|86,73|47,72|0,37|0,86|62,27|0,89|25,34|99,97|37,53|65,62|89,15|39,59|0,25|73,39|27,60|77,93|0,65|34,77/0,93=0,25,34,77,93
31,71|63,7|46,31|64,29|7,9|78,42|71,11|11,15|46,63|21,40|42,85|9,39|46,64|53,91|10,83|83,21|29,53|32,78|46,32|46,10/46,39=46,63,7,9,39
33,29|0,22|32,54|34,52|34,86|4,66|22,17|34,38|25,41|17,98|52,53|53,33|54,30|86,32|19,85|34,25|41,4|34,0|64,19|38,64/34,98=34,0,22,17,98
15,97|19,57|10,3|31,6|73,15|63,61|89,19|86,73|86,42|55,63|14,23|97,34|3,31|42,14|23,37|86,32|32,55|92,89|86,92|86,10/86,61=86,32,55,63,61
22,74|61,22|87,55|61,71|71,41|92,93|61,95|2,81|61,87|55,76|76,3|11,45|74,92|41,2|65,35|61,31|95,68|27,65|68,11|31,27/61,3=61,87,55,76,3
59,12|2,32|89,95|74,64|53,65|73,54|53,74|60,89|53,56|22,2|91,62|64,91|5,22|12,93|53,60|95,92|23,73|56,23|53,5|65,59/53,62=53,74,64,91,62
17,81|98,33|10,57|30,10|30,46|30,3|3,37|38,77|30,80|33,99|86,38|80,0|0,17|37,89|30,31|4,47|31,98|57,4|89,63|46,86/30,63=30,3,37,89,63
52,71|68,72|16,32|60,49|62,13|88,85|14,28|72,50|52,62|49,29|40,3|52,39|32,66|51,60|28,40|39,16|52,51|52,14|13,88|71,68/52,66=52,39,16,32,66
49,76|72,49|31,6|6,58|88,99|4,79|71,28|37,25|31,93|54,88|50,72|3,54|31,50|31,3|69,4|8,98|28,8|58,37|93,69|31,71/31,25=31,6,58,37,25
95,1|4,57|19,55|2,72|71,25|91,95|33,71|78,4|0,60|90,45|91,90|91,97|97,33|91,13|91,78|84,19|13,84|1,2|57,29|45,0/91,60=91,90,45,0,60
11,25|4,11|58,70|24,38|86,43|96,65|50,86|53,50|82,96|24,53|39,13|92,46|24,4|25,75|24,58|64,14|70,92|24,39|38,82|13,64/24,43=24,53,50,86,43
40,93|5,82|44,54|24,75|84,62|54,16|98,18|93,88|84,68|51,47|18,24|97,44|84,38|68,40|38,71|84,98|62,22|71,51|22,5|84,97/84,16=84,97,44,54,16
53,9|49,98|6,65|2,28|62,2|46,57|36,62|92,36|92,12|92,19|92,24|19,53|65,46|24,49|9,59|98,5|29,86|92,6|12,32|32,29/92,59=92,19,53,9,59
8,64|13,30|15,37|38,93|56,74|19,36|80,78|56,38|56,16|32,19|30,17|56,86|56,9|93,80|77,8|9,77|86,31|31,15|16,13|74,32/56,64=56,9,77,8,64
17,40|85,46|10,17|10,74|31,81|10,23|23,37|91,31|1,16|16,62|88,18|74,1|63,24|37,85|10,64|40,63|10,38|38,91|76,88|64,76/10,24=10,17,40,63,24
58,56|22,2|37,39|4,70|4,91|67,58|42,87|4,67|70,68|91,37|94,40|15,78|56,96|87,94|32,45|4,42|2,32|39,10|4,22|68,15/4,45=4,22,2,32,45
11,8|95,36|96,30|12,15|70,95|70,12|30,18|97,47|8,22|51,72|70,11|22,65|62,96|36,84|5,97|70,62|70,49|15,51|49,5|84,53/70,65=70,11,8,22,65
22,95|2,32|23,73|56,89|53,65|12,92|53,56|74,23|53,5|59,2|91,62|89,91|60,59|95,93|53,74|73,54|64,12|5,64|53,60|65,22/53,62=53,56,89,91,62
65,32|58,71|5,65|38,87|83,23|24,5|24,58|24,7|24,38|17,82|82,98|63,42|71,88|42,83|7,17|56,97|32,37|87,56|88,81|24,63/24,37=24,5,65,32,37
2,14|73,60|39,9|24,32|60,7|24,2|46,62|34,77|24,73|24,27|45,70|54,45|27,34|97,1|32,54|77,69|62,97|14,39|24,46|7,16/24,70=24,32,54,45,70
4,73|0,52|74,33|73,96|68,4|56,17|17,62|97,68|78,12|97,30|97,74|97,54|39,50|33,0|50,61|61,44|54,56|97,39|30,48|48,78/97,62=97,54,56,17,62
24,57|4,62|98,12|9,41|31,98|73,19|41,24|67,91|58,99|62,14|73,67|73,50|22,42|73,18|19,4|18,58|73,9|50,31|91,22|99,26/73,42=73,67,91,22,42
80,44|35,57|86,85|80,35|80,86|44,36|60,77|57,60|64,5|80,64|80,37|37,74|36,17|5,58|72,65|85,72|17,14|76,84|58,54|74,76/80,84=80,37,74,76,84
88,54|64,77|7,25|58,12|0,20|20,62|62,49|58,5|23,88|70,1|58,85|85,23|58,24|58,0|5,64|24,16|40,7|16,70|77,96|12,40/58,25=58,12,40,7,25
97,28|27,49|28,27|65,11|32,20|85,32|65,97|16,10|61,86|58,84|68,17|86,16|65,36|4,58|84,51|65,61|36,85|11,19|19,68|65,4/65,10=65,61,86,16,10
77,13|35,78|35,71|35,98|27,63|78,48|42,53|98,34|28,95|55,22|7,1|71,8|48,77|34,28|82,55|22,5|8,27|35,42|35,82|53,7/35,95=35,98,34,28,95
22,98|41,23|96,77|76,81|93,74|98,27|44,95|93,47|93,25|60,44|93,11|93,12|81,13|11,60|25,14|12,76|34,41|47,22|74,34|14,96/93,27=93,47,22,98,27
55,60|82,44|89,66|81,29|33,81|43,82|53,55|43,83|43,91|43,53|91,31|44,98|43,35|31,16|52,89|60,38|98,57|83,33|35,52|16,84/43,57=43,82,44,98,57
28,40|4,64|33,98|4,26|4,13|64,50|16,33|13,28|14,84|4,14|84,30|98,18|4,16|82,56|50,52|40,51|56,95|52,49|30,11|26,82/4,95=4,26,82,56,95
99,66|18,47|66,0|99,42|50,40|42,59|61,30|83,43|7,11|99,27|91,83|99,76|0,88|88,1|76,18|40,7|59,61|27,91|47,25|99,50/99,43=99,27,91,83,43
88,64|91,17|0,88|87,86|48,91|64,24|97,39|48,79|86,93|79,32|48,87|93,36|17,97|48,12|26,99|48,0|32,26|85,57|12,94|94,85/48,39=48,91,17,97,39
84,91|71,75|87,80|3,98|91,49|90,81|24,36|17,84|17,90|68,24|79,87|34,14|81,71|17,32|98,34|17,3|42,68|17,42|49,78|32,79/17,80=17,32,79,87,80
49,15|94,21|54,37|49,42|72,82|16,3|15,96|56,64|5,9|96,18|18,86|51,16|49,24|42,43|21,5|49,72|82,56|49,94|43,54|24,51/49,3=49,24,51,16,3
66,92|82,0|60,6|60,96|5,56|34,61|37,38|60,82|6,5|41,30|64,41|61,84|60,31|96,34|56,62|0,66|31,37|38,55|30,79|60,64/60,55=60,31,37,38,55
69,3|29,58|58,81|97,95|57,99|82,54|81,87|69,77|33,26|12,57|69,6|1,28|69,29|95,1|77,94|3,22|94,33|69,97|22,82|6,12/69,28=69,97,95,1,28
95,93|48,30|95,2|39,42|5,14|95,67|69,39|3,59|95,96|30,49|93,69|18,41|84,94|41,5|67,55|95,18|76,84|2,48|96,76|55,3/95,59=95,67,55,3,59
55,54|55,61|41,85|85,48|87,66|55,92|53,45|5,29|27,53|55,5|63,27|57,72|54,91|29,60|92,41|61,57|72,98|60,46|55,63|91,87/55,45=55,63,27,53,45
25,58|89,49|98,12|25,98|58,32|25,36|49,31|50,87|32,34|25,91|42,78|12,46|91,89|87,44|55,42|34,48|46,90|36,55|44,64|25,50/25,31=25,91,89,49,31
87,30|91,95|99,24|51,80|20,27|8,92|80,20|42,8|88,99|72,88|23,14|7,23|73,42|95,29|30,7|87,51|29,47|87,91|87,72|87,73/87,14=87,30,7,23,14
95,21|2,3|52,90|90,8|8,22|2,95|2,52|2,59|21,4|19,65|97,71|3,98|98,76|65,32|76,38|59,57|2,19|32,29|57,97|4,87/2,29=2,19,65,32,29
76,44|7,94|31,13|50,33|60,7|89,16|38,19|41,89|94,38|60,32|13,39|60,75|26,76|33,92|42,50|32,26|61,41|75,31|60,42|60,61/60,39=60,75,31,13,39
92,86|83,88|6,1|88,71|83,74|1,15|79,92|74,10|71,69|76,23|69,48|16,33|30,6|36,79|10,16|83,30|23,0|96,76|83,96|83,36/83,0=83,96,76,23,0
28,67|7,0|22,18|12,94|67,29|7,47|81,4|0,49|18,25|94,6|7,22|7,99|99,89|7,77|49,81|77,12|86,78|89,86|47,28|25,59/7,4=7,0,49,81,4
68,11|11,20|27,69|98,82|81,51|83,24|68,49|22,90|49,8|82,22|8,27|68,98|67,33|68,67|60,16|68,83|33,53|24,60|20,81|53,54/68,90=68,98,82,22,90
69,98|95,1|4,26|55,89|55,69|32,27|66,95|55,8|68,4|89,60|56,91|26,59|49,32|8,66|55,68|16,3|27,86|60,16|98,56|55,49/55,86=55,49,32,27,86
23,13|17,38|39,5|39,74|39,36|39,69|5,59|39,81|15,19|81,44|59,23|36,25|43,8|44,65|25,17|65,94|8,52|69,82|82,15|74,43/39,94=39,81,44,65,94
28,72|98,83|44,50|98,88|69,99|98,38|14,87|88,79|38,8|83,69|77,44|4,14|35,54|99,32|50,21|8,28|98,77|98,71|79,35|71,4/98,72=98,38,8,28,72
87,38|47,99|41,83|70,47|74,43|43,87|99,28|88,78|42,45|92,63|74,89|74,70|38,37|83,88|7,5|89,15|74,7|15,92|74,41|5,42/74,37=74,43,87,38,37
26,59|18,26|27,42|57,8|6,38|59,24|7,23|19,64|50,29|92,79|92,57|79,7|92,6|92,27|38,19|42,50|92,18|8,85|85,89|23,49/92,49=92,79,7,23,49
35,36|78,81|52,73|36,92|26,43|27,54|27,38|27,35|42,11|92,93|37,26|38,40|27,16|27,68|11,32|73,71|16,37|40,78|68,42|54,52/27,81=27,38,40,78,81
46,85|98,62|12,39|4,44|0,18|56,99|85,98|26,56|46,33|97,87|99,36|46,94|87,57|18,12|5,4|46,0|62,49|33,97|46,26|94,5/46,39=46,0,18,12,39
69,2|69,98|24,51|53,87|69,81|18,95|51,3|69,24|98,37|27,29|29,34|40,53|82,42|81,40|3,13|94,18|37,82|69,8|8,94|2,27/69,13=69,24,51,3,13
24,59|14,93|70,37|59,40|35,73|93,55|69,35|24,14|58,21|73,75|44,19|55,80|24,69|21,91|40,70|19,30|24,58|30,26|24,44|91,61/24,75=24,69,35,73,75
28,89|56,68|66,28|19,18|52,88|6,90|90,98|18,93|6,67|98,37|80,35|6,52|37,10|68,14|26,66|67,19|88,80|14,11|6,26|6,56/6,89=6,26,66,28,89
82,99|85,60|26,12|77,26|77,36|98,22|40,85|44,9|36,51|9,62|77,8|22,64|75,44|8,98|12,82|66,40|77,66|77,75|63,33|51,63/77,62=77,75,44,9,62
69,2|2,68|67,69|84,17|14,18|18,43|83,39|39,60|10,7|45,52|10,14|53,25|52,53|17,73|10,67|7,83|10,45|76,84|43,20|10,76/10,60=10,7,83,39,60
86,77|39,41|77,35|63,97|86,12|26,74|7,63|78,7|0,55|37,38|86,78|35,49|80,0|49,22|12,50|90,80|41,37|86,39|50,26|86,90/86,55=86,90,80,0,55
7,29|4,19|4,57|57,33|15,73|82,1|4,15|19,3|9,96|33,51|66,87|4,83|4,66|83,25|73,82|77,27|87,7|25,9|51,50|3,77/4,96=4,83,25,9,96
91,10|87,27|32,76|99,23|5,44|99,55|27,34|84,83|99,74|99,56|10,72|55,91|94,87|66,32|93,84|20,5|23,66|56,93|99,94|74,20/99,34=99,94,87,27,34
91,16|47,95|79,6|30,64|79,91|57,67|95,71|79,57|4,41|66,98|79,77|82,66|6,68|72,47|67,30|62,11|16,4|79,72|77,82|68,62/79,64=79,57,67,30,64
48,83|15,2|17,12|41,44|46,49|25,34|11,82|82,48|11,1|11,25|34,46|11,81|12,78|11,15|67,47|90,41|83,95|1,90|81,17|2,67/11,95=11,82,48,83,95
80,44|35,57|37,36|80,35|80,37|44,74|72,54|57,72|64,5|80,64|80,86|86,85|74,58|5,17|60,65|36,60|58,77|76,84|17,14|85,76/80,84=80,86,85,76,84
0,85|88,93|41,0|77,88|93,61|35,81|8,56|47,35|84,8|95,4|43,31|43,41|15,59|43,84|43,15|31,47|85,87|43,77|59,95|56,51/43,4=43,15,59,95,4
50,47|50,13|90,4|76,57|57,12|13,54|50,49|54,90|32,71|2,67|50,78|78,2|71,81|12,75|67,7|47,59|59,3|50,76|49,32|3,0/50,7=50,78,2,67,7
95,82|0,61|65,29|68,84|86,67|40,92|44,86|95,91|61,16|52,46|95,68|8,12|91,71|95,8|84,40|11,0|95,11|82,44|71,65|12,52/95,46=95,8,12,52,46
73,23|98,71|49,2|13,36|13,98|22,88|2,95|18,24|25,6|89,85|13,29|29,18|13,89|7,94|13,7|24,65|94,73|36,49|85,25|71,22/13,6=13,89,85,25,6
70,12|6,50|72,94|3,80|76,8|29,96|12,72|70,17|42,32|70,9|32,6|17,52|88,24|8,29|94,77|70,76|9,69|52,3|69,88|70,42/70,80=70,17,52,3,80
24,76|16,89|16,14|16,20|57,59|54,40|14,54|7,91|33,45|97,21|69,7|16,97|71,57|40,72|20,69|2,33|45,47|16,2|89,71|21,24/16,91=16,20,69,7,91
85,9|99,39|9,38|48,93|78,63|39,96|90,46|78,91|78,99|8,90|42,64|93,28|96,70|91,8|64,17|78,42|17,67|63,85|78,48|28,45/78,38=78,63,85,9,38
28,67|15,78|6,72|75,49|75,15|79,74|78,21|96,28|87,52|75,99|64,9|9,6|99,61|67,91|74,92|49,79|75,96|21,11|61,87|75,64/75,72=75,64,9,6,72
0,46|30,16|72,55|3,8|93,32|16,67|64,47|71,12|71,0|8,78|71,3|14,93|67,65|89,98|78,57|12,14|71,30|71,64|47,72|46,89/71,98=71,0,46,89,98
37,23|94,21|30,17|21,78|6,99|37,13|23,6|44,53|37,69|13,80|37,94|99,58|50,38|37,19|80,44|69,30|38,71|17,95|19,50|78,70/37,71=37,19,50,38,71
40,96|96,39|53,79|25,97|15,42|33,8|1,33|1,40|39,88|97,15|17,45|1,25|1,3|1,90|79,95|3,34|10,71|8,10|90,53|34,17/1,95=1,90,53,79,95
45,13|59,79|71,6|71,59|73,0|86,19|68,86|13,95|33,88|71,60|46,68|27,23|71,45|6,38|38,73|87,33|95,91|60,87|79,27|71,46/71,91=71,45,13,95,91
39,50|98,6|3,26|25,15|16,25|16,2|62,24|16,59|59,89|15,90|50,7|12,30|16,83|16,12|2,39|83,98|89,62|90,87|6,34|30,3/16,34=16,83,98,6,34
10,2|35,62|58,18|24,81|13,41|87,14|35,98|35,58|15,64|41,53|18,87|62,13|54,71|7,89|71,88|89,10|35,15|35,7|64,24|98,54/35,53=35,62,13,41,53
64,58|21,92|89,72|23,1|1,13|64,21|64,51|51,24|52,15|64,29|59,84|64,86|29,23|92,89|96,97|78,59|58,78|97,73|86,96|24,52/64,13=64,29,23,1,13
69,24|0,69|66,63|38,0|61,38|77,22|61,66|61,55|63,42|61,50|15,43|96,26|79,36|14,77|61,96|13,79|50,13|26,15|42,57|55,14/61,36=61,50,13,79,36
36,48|90,31|81,68|46,96|90,94|68,32|20,91|31,26|94,85|90,36|26,46|90,81|50,33|91,66|32,64|48,50|90,20|8,4|85,8|66,42/90,96=90,31,26,46,96
62,50|92,39|93,22|85,60|24,92|95,84|31,93|50,7|31,75|22,26|31,79|31,62|26,18|84,28|30,85|7,80|75,24|31,20|79,95|20,30/31,18=31,93,22,26,18
93,9|30,76|30,25|30,86|86,39|3,17|39,58|77,3|35,46|88,14|9,88|84,15|49,94|25,35|30,93|76,77|15,49|30,84|46,59|58,4/30,17=30,76,77,3,17
29,92|17,31|25,90|68,34|56,8|91,61|91,26|26,25|91,57|54,16|16,96|91,29|92,56|91,6|6,68|90,19|34,1|45,17|61,45|57,54/91,31=91,61,45,17,31
11,41|4,84|14,88|53,11|93,25|30,39|32,77|56,24|88,93|30,55|68,4|55,53|84,67|30,68|39,57|24,51|30,7|7,56|30,14|57,32/30,51=30,7,56,24,51
35,45|78,27|56,81|31,74|81,35|41,61|79,85|73,69|98,73|61,31|27,60|56,41|53,78|56,98|85,30|30,1|56,53|45,84|69,17|56,79/56,84=56,81,35,45,84
90,10|26,89|16,18|89,54|40,32|17,9|79,96|10,3|76,36|83,2|83,17|14,26|32,7|5,90|83,14|2,40|96,16|9,76|83,79|83,5/83,54=83,14,26,89,54
45,80|12,65|41,15|68,45|80,59|82,68|22,42|82,16|95,41|43,10|82,43|42,93|82,85|82,22|16,12|65,4|85,95|10,8|8,99|93,67/82,99=82,43,10,8,99
45,91|65,69|49,28|81,45|67,22|47,65|86,38|27,30|87,51|47,34|69,86|56,6|47,49|34,67|47,56|47,5|28,27|6,87|22,42|5,81/47,91=47,5,81,45,91
70,34|16,78|26,35|0,96|38,94|44,43|35,39|26,14|31,36|27,44|72,7|14,27|34,41|26,70|26,38|41,97|94,72|26,31|36,16|39,0/26,7=26,38,94,72,7
93,13|36,84|85,82|44,0|40,15|34,79|41,68|13,12|15,77|93,95|95,40|18,29|93,41|68,34|93,44|93,56|12,85|0,36|56,51|51,18/93,77=93,95,40,15,77
27,0|7,71|82,88|71,34|0,20|27,81|43,47|56,13|86,14|81,39|27,86|20,82|89,7|64,31|27,89|14,64|47,26|27,43|39,56|26,62/27,13=27,81,39,56,13
28,69|68,95|54,81|32,34|99,68|8,77|34,31|75,64|50,48|0,49|6,32|99,79|99,28|69,0|81,75|99,54|77,97|95,50|99,6|79,8/99,31=99,6,32,34,31
61,75|61,54|41,1|1,58|61,99|44,5|21,91|54,30|61,18|39,76|88,62|18,51|61,44|30,39|83,69|51,83|75,41|99,21|91,24|5,88/61,24=61,99,21,91,24
15,0|92,65|0,75|15,51|13,76|15,7|55,94|51,63|93,82|15,55|76,22|15,77|77,13|53,6|7,74|85,67|75,53|63,92|94,85|74,93/15,65=15,51,63,92,65
63,75|44,74|8,55|75,62|63,15|63,95|68,73|46,26|38,31|76,36|15,82|5,38|63,78|74,68|78,5|62,76|82,46|95,8|55,42|63,44/63,42=63,95,8,55,42
90,30|58,44|44,49|80,91|4,35|58,80|30,60|35,95|91,63|49,19|58,8|58,66|8,4|63,64|11,0|66,90|0,78|58,11|19,1|78,82/58,64=58,80,91,63,64
81,91|66,67|51,93|65,97|67,81|87,51|75,37|0,11|87,66|29,77|93,50|87,65|87,44|16,29|11,21|87,0|97,75|21,8|50,28|44,16/87,77=87,44,16,29,77
56,5|1,94|17,11|5,75|17,65|11,41|51,47|55,51|17,55|47,36|17,56|84,28|20,89|65,84|28,73|76,13|75,8|41,76|94,20|17,1/17,13=17,11,41,76,13
24,98|17,16|81,17|69,41|81,67|16,77|98,64|81,69|51,7|12,25|7,88|29,71|67,51|47,24|71,13|13,37|81,47|77,3|81,29|41,12/81,25=81,69,41,12,25
16,49|34,54|54,71|30,93|49,96|93,26|18,77|19,30|52,56|52,16|96,82|52,64|52,46|56,18|52,19|75,81|81,94|77,85|64,75|46,34/52,26=52,19,30,93,26
23,80|88,51|73,61|70,92|29,88|4,52|73,17|95,70|73,85|25,66|85,91|61,4|73,75|75,29|97,23|17,95|73,28|52,38|91,25|28,97/73,66=73,85,91,25,66
55,6|45,31|88,20|47,17|74,23|52,5|5,80|47,90|6,86|90,12|86,64|47,36|31,91|47,55|47,19|12,88|19,99|17,52|36,45|99,74/47,23=47,19,99,74,23
96,91|71,49|53,10|49,69|92,71|76,27|38,52|68,38|92,51|92,76|93,42|99,53|40,5|92,99|10,78|51,68|92,93|42,96|69,59|27,40/92,78=92,99,53,10,78
6,21|57,38|60,14|20,60|57,19|19,76|28,41|57,10|10,24|27,20|25,56|57,27|24,25|46,51|74,32|38,46|57,28|41,6|76,74|51,80/57,32=57,19,76,74,32
55,75|1,31|64,30|47,72|72,84|52,47|84,10|99,83|85,74|52,99|52,7|69,1|52,92|7,69|83,55|52,64|92,60|30,14|60,85|14,50/52,31=52,7,69,1,31
45,72|72,46|47,13|33,64|48,60|69,33|48,32|55,24|48,19|13,10|32,69|6,82|48,85|24,25|60,47|85,6|19,45|82,41|75,55|48,75/48,41=48,85,6,82,41
75,9|85,51|32,30|32,2|79,91|92,24|32,77|81,92|16,60|32,75|91,67|51,50|36,66|32,45|71,36|77,81|45,71|9,16|30,85|2,79/32,60=32,75,9,16,60
35,22|35,39|52,77|69,37|35,99|99,80|24,69|37,72|17,15|4,56|11,67|80,52|39,4|56,7|67,2|22,59|59,17|35,11|2,33|35,24/35,72=35,24,69,37,72
74,99|16,43|30,29|74,98|29,45|98,85|74,33|25,38|99,30|9,16|74,9|74,12|71,36|12,25|38,51|43,24|47,56|33,47|56,18|85,71/74,36=74,98,85,71,36
70,10|42,22|37,70|37,17|99,63|37,18|92,33|80,83|64,42|6,82|17,64|33,75|77,92|84,6|83,95|10,99|37,4|37,77|18,80|4,84/37,75=37,77,92,33,75
94,68|52,44|44,97|68,4|97,55|49,31|56,61|75,99|94,52|4,75|94,64|64,18|31,28|94,69|18,13|61,82|69,49|13,22|82,76|94,56/94,76=94,56,61,82,76
82,74|28,42|55,4|53,70|22,78|4,82|55,26|55,67|56,2|55,22|60,53|26,60|45,33|34,56|38,80|67,34|33,38|78,28|55,45|74,29/55,80=55,45,33,38,80
9,72|51,78|3,61|51,95|51,92|60,76|51,31|61,34|26,60|51,7|7,3|95,26|62,53|31,9|27,14|72,71|92,62|78,27|53,35|14,46/51,46=51,78,27,14,46
32,53|66,89|87,95|95,54|73,91|88,40|60,10|60,23|6,73|60,27|54,12|10,32|23,6|60,66|60,87|13,8|15,88|89,13|53,65|27,15/60,12=60,87,95,54,12
64,62|73,24|96,27|55,20|56,66|55,2|20,23|48,34|55,73|23,64|2,96|55,44|24,56|79,28|55,42|27,71|34,84|44,48|92,79|42,92/55,84=55,44,48,34,84
61,21|32,64|39,22|33,47|40,20|4,30|64,40|32,0|32,23|0,39|1,5|23,57|20,85|32,61|32,90|55,4|21,33|57,1|22,59|90,55/32,30=32,90,55,4,30
69,24|14,69|50,26|66,14|61,66|42,22|61,50|61,55|26,15|61,96|77,57|38,13|79,36|0,42|61,38|63,79|96,63|13,77|15,43|55,0/61,36=61,96,63,79,36
95,50|13,6|80,37|75,89|2,20|60,48|80,95|37,13|20,26|50,75|45,58|80,2|58,60|17,88|26,99|80,17|41,16|80,45|88,41|6,55/80,55=80,37,13,6,55
30,64|41,8|77,1|41,7|49,90|31,77|79,54|4,12|41,57|41,4|54,95|12,30|95,22|8,49|41,79|68,92|90,40|7,68|92,33|57,31/41,64=41,4,12,30,64
31,82|22,32|72,16|64,59|86,75|67,31|86,22|53,67|75,69|10,44|7,4|69,64|16,10|30,40|32,7|86,30|40,79|79,12|86,53|86,72/86,82=86,53,67,31,82
24,47|34,96|28,70|37,25|64,18|18,62|25,64|37,8|99,1|1,93|47,69|37,33|7,34|69,84|70,51|33,28|9,7|37,9|8,99|37,24/37,51=37,33,28,70,51
74,84|15,63|74,27|90,9|74,51|84,15|0,24|88,90|34,40|29,54|37,34|51,46|40,21|27,88|74,37|46,0|74,43|63,52|1,29|43,1/74,9=74,27,88,90,9
42,41|96,0|96,5|0,25|3,9|74,42|21,75|5,18|75,71|96,65|96,21|25,81|81,94|73,89|18,73|41,72|65,3|9,24|71,76|96,74/96,89=96,5,18,73,89
38,67|10,76|38,73|70,85|31,87|38,66|38,31|66,69|67,33|87,61|33,10|73,70|69,24|23,62|61,44|14,80|62,14|38,23|24,25|85,63/38,76=38,67,33,10,76
83,70|28,52|34,41|34,33|34,5|34,31|7,4|2,40|34,58|79,86|58,88|5,79|88,2|86,82|31,10|3,28|10,7|41,83|33,3|70,32/34,32=34,41,83,70,32
78,93|42,77|66,79|20,10|39,63|63,99|77,40|99,33|88,8|79,83|93,72|39,42|39,18|39,78|39,20|10,88|72,53|33,32|18,66|40,35/39,35=39,42,77,40,35
12,94|11,19|12,14|53,99|19,88|69,93|93,66|14,43|91,73|72,91|12,30|99,60|94,72|12,53|60,95|66,59|86,22|43,86|30,11|12,69/12,88=12,30,11,19,88
99,54|43,99|90,76|58,43|90,60|16,75|13,23|90,64|64,13|76,16|75,49|90,58|23,81|26,63|30,94|60,26|94,59|90,30|63,2|59,84/90,84=90,30,94,59,84
50,41|14,7|50,81|75,96|9,23|62,78|96,95|92,22|79,77|50,14|7,16|59,92|50,9|50,45|41,63|16,66|45,59|23,79|81,75|63,62/50,95=50,81,75,96,95
24,18|9,70|62,84|17,64|42,68|67,17|26,56|15,77|1,94|92,9|42,1|64,37|42,57|57,92|18,26|27,62|68,27|42,67|42,24|94,15/42,56=42,24,18,26,56
98,8|55,15|29,39|65,62|98,65|81,80|48,40|70,67|98,27|98,89|62,70|89,56|15,78|40,16|56,31|8,48|98,29|31,43|39,81|27,55/98,78=98,27,55,15,78
87,21|84,41|14,92|25,77|67,86|46,29|94,67|29,56|36,38|21,84|36,45|36,87|36,25|45,13|38,94|13,49|56,95|36,46|49,75|77,14/36,41=36,87,21,84,41
45,72|39,48|69,56|45,35|45,69|45,12|12,78|43,8|29,85|45,94|94,89|31,76|56,43|92,38|48,17|89,29|35,39|60,31|72,60|78,92/45,38=45,12,78,92,38
84,19|38,76|36,95|19,97|47,30|84,80|3,12|76,26|49,75|84,93|58,40|40,47|80,3|84,58|12,94|93,64|26,7|97,49|84,38|64,36/84,95=84,93,64,36,95
13,18|18,1|48,38|1,7|50,96|63,86|13,30|24,40|13,50|96,24|94,63|4,67|7,52|73,4|86,76|13,94|38,44|30,48|49,73|13,49/13,76=13,94,63,86,76
48,21|17,15|24,29|41,17|70,60|58,1|71,41|87,56|13,58|40,48|1,75|8,38|87,71|87,13|56,50|50,24|38,70|87,8|21,81|87,40/87,60=87,8,38,70,60
38,22|76,16|19,28|47,21|16,38|14,7|14,42|42,29|7,70|13,49|14,13|14,84|29,10|49,19|78,43|56,47|14,76|10,96|84,56|70,78/14,43=14,7,70,78,43
1,7|50,23|13,0|52,64|28,81|94,63|50,13|96,98|0,94|50,87|50,28|50,1|7,60|87,52|81,41|64,77|41,59|23,18|60,99|18,96/50,77=50,87,52,64,77
15,48|0,45|10,9|53,63|69,82|81,84|64,52|54,66|52,72|72,34|15,98|25,69|15,64|15,0|9,53|76,81|45,54|98,76|48,25|15,10/15,34=15,64,52,72,34
85,77|71,26|8,71|85,95|49,23|0,17|16,32|95,75|94,16|23,28|70,35|66,8|75,70|85,11|72,33|85,72|11,49|77,94|33,0|85,66/85,26=85,66,8,71,26
41,53|85,33|42,99|89,80|80,34|34,42|89,8|76,31|33,64|40,38|89,61|31,92|20,5|61,76|38,41|83,20|89,40|5,73|8,85|89,83/89,73=89,83,20,5,73
9,61|70,37|32,78|22,12|2,73|16,32|51,46|61,74|85,51|85,26|20,8|46,20|85,71|71,9|73,22|85,56|56,70|37,90|26,16|85,2/85,74=85,71,9,61,74
82,58|4,48|65,57|65,12|94,26|65,67|86,82|67,86|65,94|0,33|59,34|26,4|34,16|55,68|12,59|76,55|33,88|57,0|97,76|65,97/65,68=65,97,76,55,68
42,66|95,86|98,76|51,84|98,11|37,99|8,51|98,49|76,37|15,81|86,43|11,35|98,95|49,8|35,42|81,40|98,87|99,61|43,21|87,15/98,66=98,11,35,42,66
50,89|84,1|74,50|58,55|73,58|5,97|21,5|42,7|33,91|1,3|65,84|33,19|13,74|7,98|91,73|19,42|33,21|33,13|97,36|33,65/33,89=33,13,74,50,89
5,70|71,62|68,77|7,61|66,73|38,69|71,67|37,22|47,68|62,47|11,66|67,37|54,39|71,7|44,11|71,44|61,54|22,59|70,38|71,5/71,59=71,67,37,22,59
88,26|79,32|0,88|87,17|48,79|26,57|97,39|48,91|17,85|91,86|48,87|85,24|32,97|48,12|64,99|48,0|86,64|93,36|12,94|94,93/48,39=48,79,32,97,39
63,92|92,3|63,9|63,83|74,93|54,68|83,74|94,60|65,20|93,11|7,65|63,7|47,34|60,28|34,54|20,72|63,47|3,14|9,94|14,26/63,26=63,92,3,14,26
86,37|80,47|76,84|29,92|36,29|21,80|22,59|36,86|59,56|36,43|98,35|43,22|35,51|92,58|36,98|36,21|51,53|47,87|37,76|58,18/36,18=36,29,92,58,18
56,65|24,79|25,21|40,52|50,40|69,59|24,27|21,16|11,22|61,56|27,11|65,4|93,25|79,50|24,93|22,23|5,2|2,69|24,61|24,5/24,4=24,61,56,65,4
96,91|93,53|68,10|53,40|92,93|76,42|69,59|49,69|92,99|92,76|51,27|71,68|38,5|92,71|10,78|99,49|92,51|27,96|40,52|42,38/92,78=92,71,68,10,78
3,73|36,43|30,21|21,59|76,57|73,37|86,4|42,10|19,89|19,30|64,3|4,39|59,9|89,42|19,76|57,36|39,96|19,64|19,86|10,79/19,9=19,30,21,59,9
65,84|96,39|65,47|22,45|1,22|87,88|48,78|99,89|47,1|89,96|65,26|24,42|65,99|65,51|88,62|93,48|26,20|84,87|20,24|51,93/65,78=65,51,93,48,78
11,46|80,55|84,10|11,14|75,62|14,49|46,42|10,44|11,75|7,81|11,45|86,82|23,88|49,80|11,31|31,84|42,86|62,7|88,3|45,23/11,81=11,75,62,7,81
38,73|34,0|23,70|38,44|69,30|88,69|0,17|38,50|73,51|46,63|38,67|44,56|33,88|56,46|51,77|70,20|50,23|38,33|67,34|77,53/38,53=38,73,51,77,53
58,5|51,81|41,71|41,51|99,14|93,34|61,99|5,76|81,93|72,80|41,58|71,69|32,2|78,42|69,72|41,61|41,78|42,32|14,15|76,22/41,2=41,78,42,32,2
57,26|71,38|56,6|40,46|86,25|56,67|1,17|38,15|46,1|25,16|56,40|56,71|10,28|6,45|15,64|67,86|69,57|56,69|45,10|26,27/56,28=56,6,45,10,28
40,6|91,50|73,35|50,48|73,91|34,43|73,38|99,34|24,69|52,99|73,24|38,98|61,14|98,40|69,60|48,37|14,87|73,52|60,21|35,61/73,43=73,52,99,34,43
79,94|62,92|98,32|40,98|40,79|51,52|94,99|5,87|99,56|32,1|13,80|33,37|92,13|52,38|40,5|1,73|87,33|40,51|40,62|38,58/40,58=40,51,52,38,58
66,47|21,58|84,86|65,14|14,10|98,21|25,84|25,4|87,53|42,65|58,89|4,87|53,61|5,45|25,28|25,42|86,66|28,5|25,98|45,29/25,61=25,4,87,53,61
29,42|43,29|43,15|8,19|73,71|42,10|67,92|43,73|76,21|71,95|64,18|10,46|21,11|15,76|95,3|43,67|19,64|43,8|92,20|20,14/43,14=43,67,92,20,14
14,95|18,56|15,82|56,19|20,15|78,10|37,38|26,94|37,81|37,20|37,14|81,78|0,26|54,72|10,85|82,3|38,0|37,32|95,54|32,18/37,94=37,38,0,26,94
98,96|85,61|58,14|81,82|96,71|47,81|98,58|71,94|98,70|98,35|70,48|94,59|48,85|38,93|14,38|98,62|35,47|7,78|62,7|78,84/98,59=98,96,71,94,59
94,26|50,6|38,3|37,47|45,39|33,65|12,38|33,43|43,37|67,32|33,31|4,7|33,50|47,84|33,67|48,94|32,45|65,48|31,12|6,4/33,84=33,43,37,47,84
59,75|51,71|62,90|48,96|96,16|59,48|63,28|37,63|35,51|59,95|45,34|16,64|90,83|75,45|59,62|83,67|59,35|71,13|95,37|34,19/59,28=59,95,37,63,28
11,56|13,72|36,12|32,90|12,32|99,89|75,51|90,77|21,73|56,99|69,13|51,21|36,11|36,15|36,75|36,69|72,46|1,76|15,44|44,1/36,73=36,75,51,21,73
61,75|91,59|40,7|35,65|65,88|91,61|91,83|91,64|75,96|83,79|93,99|96,78|80,35|99,84|91,80|82,72|7,23|59,40|79,82|64,93/91,88=91,80,35,65,88
70,61|36,73|90,49|43,48|84,39|44,89|31,83|36,44|89,19|39,90|73,53|53,43|55,31|36,55|80,37|36,84|83,87|36,80|37,70|19,42/36,61=36,80,37,70,61
17,37|29,57|38,17|65,79|53,18|28,13|99,92|59,76|51,53|65,28|32,99|84,51|65,38|65,84|85,32|13,59|65,85|37,72|57,68|79,29/65,18=65,84,51,53,18
10,29|47,90|36,66|19,13|32,55|55,89|90,19|32,94|32,47|88,43|32,71|94,10|71,88|30,7|43,63|32,30|89,51|29,77|51,58|7,36/32,77=32,94,10,29,77
52,33|52,60|82,75|27,44|43,1|44,31|1,94|33,38|91,83|75,56|86,5|52,73|60,27|52,82|94,29|73,86|5,61|56,65|52,43|38,91/52,83=52,33,38,91,83
30,49|87,30|40,65|94,82|18,83|98,46|4,18|87,67|31,98|95,88|87,40|87,4|65,94|27,58|49,95|58,29|83,56|87,33|33,27|67,31/87,29=87,33,27,58,29
45,5|55,19|22,58|98,65|45,98|99,22|18,44|45,89|92,97|16,55|97,13|45,92|36,47|45,78|13,90|27,36|78,16|5,99|65,18|89,27/45,19=45,78,16,55,19
4,79|69,4|31,93|93,72|49,99|88,76|50,54|37,25|31,71|28,49|6,69|3,28|31,6|31,3|58,88|8,98|54,8|72,37|71,58|31,50/31,25=31,93,72,37,25
84,76|87,84|44,36|5,67|82,83|67,17|54,70|74,92|76,46|44,39|88,82|83,86|44,87|8,54|92,56|44,63|63,5|44,88|39,74|36,8/44,86=44,88,82,83,86
53,99|88,67|83,71|46,83|31,46|43,37|31,41|31,17|41,29|99,36|95,9|71,47|31,97|31,64|17,53|29,43|9,87|67,19|64,95|97,88/31,87=31,64,95,9,87
41,33|83,30|72,17|41,36|30,37|24,44|74,65|41,94|41,66|36,83|11,74|17,4|4,89|6,24|55,92|66,6|41,72|92,20|33,55|94,11/41,44=41,66,6,24,44
98,46|94,98|21,11|11,71|27,36|76,21|36,99|55,94|86,23|46,58|13,63|73,27|63,82|8,38|38,86|55,73|55,8|18,13|55,76|55,18/55,82=55,18,13,63,82
24,69|44,35|55,80|69,93|40,73|35,91|14,40|24,44|58,19|73,75|59,21|91,37|24,14|19,70|93,55|21,30|24,58|30,26|24,59|70,61/24,75=24,14,40,73,75
9,97|86,38|42,27|46,86|39,90|27,29|88,99|18,95|81,9|88,46|7,83|95,7|38,59|97,78|88,18|6,39|88,81|29,58|88,42|99,6/88,59=88,46,86,38,59
60,51|17,82|84,86|82,85|22,93|22,89|86,75|31,16|37,60|22,17|22,58|58,2|85,77|93,71|89,37|2,56|22,84|71,31|75,34|56,74/22,51=22,89,37,60,51
7,60|50,12|31,74|44,85|50,99|52,63|99,44|74,64|2,41|6,32|50,7|64,23|59,2|85,30|3,52|50,31|60,6|12,59|50,3|63,62/50,23=50,31,74,64,23
6,49|24,47|59,15|92,89|19,24|3,18|94,73|89,6|51,19|74,85|18,62|74,92|60,2|15,94|96,60|74,51|74,59|85,96|5,3|74,5/74,47=74,51,19,24,47
8,64|13,15|30,37|38,77|56,74|80,78|19,17|56,38|56,16|32,80|15,36|56,9|56,86|77,19|31,8|86,31|9,93|93,30|16,13|74,32/56,64=56,86,31,8,64
77,86|95,26|40,16|84,52|95,28|95,77|15,19|38,2|95,12|78,4|2,76|26,40|79,46|28,38|86,78|19,69|52,79|95,84|16,30|12,15/95,46=95,84,52,79,46
20,33|80,14|40,58|16,40|16,76|64,35|95,68|16,53|11,79|58,80|16,11|19,20|83,88|57,43|76,83|88,23|79,57|53,19|16,64|35,95/16,43=16,11,79,57,43
82,96|59,0|96,24|47,53|82,9|40,75|24,21|75,78|82,97|34,67|0,8|8,23|33,47|21,14|97,33|82,59|82,40|9,34|67,44|78,98/82,44=82,9,34,67,44
78,31|39,88|78,44|78,49|96,66|44,39|11,46|49,96|78,32|46,18|85,45|31,11|88,73|51,41|63,51|30,85|40,63|66,7|32,30|78,40/78,73=78,44,39,88,73
11,74|32,1|12,39|11,88|7,10|11,53|53,96|60,64|57,51|11,77|88,80|21,57|74,21|96,12|27,60|80,7|77,90|11,50|90,32|50,27/11,51=11,74,21,57,51
98,89|79,77|84,40|64,83|8,96|98,41|9,12|96,47|38,87|61,53|83,79|76,84|49,61|98,64|87,9|53,68|98,38|89,8|98,49|41,76/98,47=98,89,8,96,47
49,38|42,40|83,3|53,19|19,32|57,42|32,65|23,67|53,60|48,83|60,33|29,90|53,49|34,48|65,22|53,57|40,95|53,34|38,29|33,23/53,22=53,19,32,65,22
25,66|70,12|19,70|98,99|17,76|98,88|98,51|83,15|92,17|14,87|24,25|87,83|88,19|89,18|3,89|99,92|51,3|66,81|98,14|98,24/98,81=98,24,25,66,81
62,52|79,65|25,47|47,63|11,98|81,87|65,86|87,0|64,81|98,8|64,6|6,79|63,69|64,95|36,26|26,62|64,36|95,11|0,83|64,25/64,52=64,36,26,62,52
65,45|2,66|18,77|42,79|59,28|79,2|45,82|22,64|5,65|37,22|72,12|27,5|27,42|77,72|27,54|28,87|54,37|27,18|87,10|27,59/27,10=27,59,28,87,10
40,82|67,15|28,2|4,50|82,4|75,70|50,96|2,89|56,52|52,64|64,84|8,75|40,47|40,56|40,48|48,67|47,28|40,8|15,13|70,3/40,96=40,82,4,50,96
95,4|25,49|95,66|81,31|31,9|7,93|95,81|49,50|93,60|95,44|66,58|85,72|67,7|9,6|4,85|58,45|95,67|72,29|44,25|45,64/95,50=95,44,25,49,50
7,66|67,86|0,67|53,17|17,99|66,28|86,14|0,15|35,43|16,40|52,34|89,7|14,61|99,18|40,52|15,30|0,53|0,89|0,16|30,35/0,61=0,67,86,14,61
22,97|64,20|9,53|45,9|64,22|20,81|13,15|73,45|64,73|97,25|15,58|25,57|58,27|81,61|64,13|64,70|78,46|61,39|26,78|70,26/64,57=64,22,97,25,57
16,45|29,70|95,29|16,26|97,58|53,60|16,53|0,49|78,22|26,97|22,33|60,99|49,19|58,63|31,95|16,72|16,31|72,0|45,78|99,1/16,19=16,72,0,49,19
9,97|79,31|97,28|82,79|17,13|17,9|86,75|75,27|28,48|98,51|17,98|99,86|57,26|17,99|17,18|18,57|13,82|26,80|51,60|60,65/17,27=17,99,86,75,27
32,44|82,18|17,5|36,71|36,49|41,59|3,17|60,32|49,3|86,93|36,87|71,60|36,51|33,41|85,82|87,33|93,30|36,46|51,85|46,86/36,59=36,87,33,41,59
89,28|23,38|96,87|33,60|10,33|64,37|98,26|73,96|64,79|37,12|64,89|32,54|64,22|28,98|64,82|79,23|12,32|38,99|22,73|82,10/64,87=64,22,73,96,87
71,12|13,52|42,24|51,7|77,55|2,58|41,90|83,0|68,49|2,92|92,42|2,51|55,5|24,64|0,71|2,83|2,68|7,41|58,77|49,13/2,5=2,58,77,55,5
73,94|94,71|79,9|79,42|72,47|62,81|84,6|79,5|79,0|79,72|47,84|99,12|9,90|42,29|0,73|1,58|29,99|5,78|90,62|78,1/79,6=79,72,47,84,6
63,40|65,62|41,2|1,70|79,15|18,39|2,57|62,36|63,96|63,19|96,65|76,14|63,18|15,67|63,79|67,61|19,41|39,76|40,52|52,1/63,36=63,96,65,62,36
58,69|38,21|20,82|18,56|42,94|58,88|1,18|21,29|96,65|58,42|88,38|56,61|24,22|82,24|37,96|69,37|94,51|58,20|51,41|58,1/58,65=58,69,37,96,65
68,13|18,35|6,93|79,63|6,61|93,65|32,86|6,88|86,51|70,68|36,32|35,67|48,79|88,70|61,48|97,57|6,36|43,18|65,97|6,43/6,67=6,43,18,35,67
10,36|49,60|35,72|35,42|44,97|45,5|36,25|73,22|35,51|97,73|42,74|33,92|25,11|63,49|74,33|35,10|51,63|5,99|35,44|72,45/35,11=35,10,36,25,11
10,47|91,28|70,82|87,70|91,65|74,57|37,18|57,60|64,43|18,97|91,74|28,87|97,23|60,50|91,10|43,86|47,95|95,73|91,37|65,64/91,86=91,65,64,43,86
87,24|85,61|62,88|76,86|11,87|71,25|92,13|97,28|28,52|62,97|62,76|62,98|13,5|25,41|62,71|41,63|52,33|98,11|88,92|86,85/62,61=62,76,86,85,61
68,96|40,6|68,48|68,19|48,76|46,24|79,81|68,73|19,70|84,46|68,84|57,60|64,31|81,67|76,57|73,79|96,40|70,64|24,58|6,29/68,58=68,84,46,24,58
30,68|81,13|30,81|7,2|76,66|89,23|13,14|30,79|30,37|56,76|79,89|23,87|37,25|43,35|14,85|30,43|35,80|80,98|68,56|25,7/30,2=30,37,25,7,2
52,15|45,88|92,7|20,52|96,0|80,85|6,68|96,95|96,80|85,72|96,16|68,23|63,6|95,92|0,20|16,45|88,81|7,33|96,63|72,27/96,27=96,80,85,72,27
83,34|3,51|20,7|20,8|1,5|91,30|51,82|36,95|20,26|8,1|20,78|20,43|26,36|78,3|5,37|62,83|30,38|7,62|43,91|95,27/20,37=20,8,1,5,37
94,0|38,26|28,43|92,24|99,11|69,86|99,38|4,54|0,55|55,22|99,73|99,69|20,70|54,10|43,27|86,92|11,4|99,94|26,20|73,28/99,70=99,38,26,20,70
7,10|89,52|57,9|89,79|48,96|2,58|53,76|10,78|79,93|89,2|89,12|93,49|76,39|60,53|49,95|89,60|12,7|31,48|52,31|58,57/89,9=89,2,58,57,9
49,86|7,47|77,89|28,67|86,6|7,22|81,4|47,12|89,25|67,29|7,77|7,99|99,18|7,0|12,81|0,28|94,78|18,94|22,49|25,59/7,4=7,47,12,81,4
32,38|38,28|57,52|32,81|28,9|60,96|85,39|81,50|32,41|21,61|34,73|96,34|47,21|50,85|10,57|5,10|32,60|41,47|9,30|32,5/32,73=32,60,96,34,73
11,56|61,76|90,18|37,28|96,38|1,74|90,1|28,96|90,16|74,93|47,12|93,82|90,47|76,67|12,11|18,45|45,69|69,68|16,61|90,37/90,56=90,47,12,11,56
30,45|39,4|65,38|39,79|79,30|85,24|24,60|25,67|45,94|67,36|38,32|99,16|39,99|54,84|39,57|16,54|57,85|36,47|4,65|39,25/39,94=39,79,30,45,94
56,62|62,25|5,9|97,96|2,93|9,29|22,75|5,50|5,22|78,12|29,97|5,32|36,49|93,52|24,2|5,24|75,36|50,56|12,74|32,78/5,49=5,22,75,36,49
12,64|47,29|98,31|11,55|5,0|77,58|44,54|15,9|14,98|55,15|90,11|61,51|29,5|53,14|54,77|90,53|90,47|90,12|90,44|64,61/90,0=90,47,29,5,0
5,83|60,78|77,64|25,91|46,38|70,59|8,77|20,5|54,55|20,52|20,11|83,46|78,54|20,60|11,16|64,57|31,25|16,70|52,31|20,8/20,91=20,52,31,25,91
96,34|91,33|25,20|33,25|10,94|20,1|92,83|2,10|44,62|69,44|62,98|54,9|34,54|91,2|94,77|91,92|91,69|83,99|91,96|99,32/91,32=91,92,83,99,32
82,14|24,60|60,67|89,17|72,59|88,89|67,64|21,79|94,20|20,47|79,82|24,35|35,94|64,76|24,34|59,8|8,42|24,21|34,88|24,72/24,14=24,21,79,82,14
76,39|63,30|34,7|75,16|16,83|34,82|5,76|26,54|34,67|54,11|7,5|11,18|27,63|79,97|4,79|67,75|82,27|97,24|34,4|34,26/34,18=34,26,54,11,18
4,10|28,54|47,52|9,42|62,28|4,63|78,47|7,62|10,38|19,78|81,83|4,19|83,96|71,81|77,30|76,77|4,7|63,76|4,71|38,9/4,30=4,63,76,77,30
72,63|5,99|35,42|35,51|44,74|36,73|63,25|49,22|35,10|74,49|51,97|33,92|25,11|45,5|97,33|35,72|10,45|73,60|35,44|42,36/35,11=35,72,63,25,11
68,87|14,16|37,41|41,8|68,37|27,62|67,63|77,12|43,27|8,46|61,81|68,77|62,34|68,14|49,29|68,43|12,49|16,61|87,31|31,67/68,63=68,87,31,67,63
59,45|48,61|50,55|45,91|93,30|30,32|84,48|71,74|71,80|55,25|71,58|71,59|71,93|31,70|32,52|80,88|91,19|58,50|74,84|88,31/71,52=71,93,30,32,52
92,11|35,58|79,26|79,36|46,13|3,45|11,77|26,56|79,49|56,35|72,74|49,72|36,3|59,46|79,92|77,93|74,50|79,59|45,25|13,32/79,32=79,59,46,13,32
94,92|66,91|3,66|60,49|97,32|65,9|21,39|62,13|23,65|45,94|8,10|45,21|39,62|45,47|32,8|92,60|47,3|45,23|45,97|9,42/45,10=45,97,32,8,10
31,76|35,31|36,63|16,30|89,7|35,9|13,40|98,68|63,89|40,52|1,13|30,86|76,6|35,1|9,98|68,25|6,5|90,16|35,36|35,90/35,25=35,9,98,68,25
21,32|21,17|23,2|83,12|6,29|73,34|32,85|51,30|2,49|49,41|12,84|17,83|21,62|21,23|29,11|62,6|34,8|85,51|8,59|21,73/21,30=21,32,85,51,30
55,93|64,29|75,0|85,22|29,55|64,66|93,36|81,85|0,16|41,75|17,91|15,76|64,92|64,51|91,27|92,81|64,41|66,17|67,15|51,67/64,27=64,66,17,91,27
80,55|65,95|59,60|14,17|59,89|59,80|90,8|60,65|89,14|61,40|17,79|55,12|59,0|8,93|38,90|40,86|95,33|12,74|0,61|59,38/59,79=59,89,14,17,79
2,91|15,32|84,73|56,40|15,12|40,8|15,2|15,59|63,88|57,68|87,52|52,63|82,41|23,57|32,56|59,84|91,82|12,23|15,87|73,33/15,8=15,32,56,40,8
49,30|53,50|2,8|50,58|2,76|57,37|81,34|8,56|55,0|76,21|21,57|58,26|52,29|56,49|70,33|2,55|2,52|29,70|2,53|0,81/2,30=2,8,56,49,30
25,55|9,97|55,20|51,25|46,9|5,42|48,14|52,74|51,5|89,43|56,90|81,1|20,87|97,92|74,81|51,52|51,46|14,56|51,48|42,89/51,1=51,52,74,81,1
84,91|91,56|50,46|48,33|56,35|33,79|35,4|52,48|84,44|5,58|2,5|46,45|44,50|84,6|96,26|26,85|66,96|84,52|84,66|6,2/84,58=84,6,2,5,58
87,55|41,13|12,16|45,25|16,60|87,41|87,12|60,92|55,65|58,45|25,67|13,79|87,58|79,20|53,18|90,72|72,53|87,90|65,37|37,11/87,20=87,41,13,79,20
1,6|1,91|23,98|32,15|55,81|10,71|37,55|81,33|47,10|36,41|84,59|1,35|91,86|35,36|86,84|6,47|1,37|41,54|1,32|15,23/1,54=1,35,36,41,54
69,4|48,43|82,69|29,17|11,72|86,2|77,60|11,77|72,86|0,30|2,7|8,0|43,29|60,71|11,82|11,48|71,75|39,8|11,39|4,68/11,17=11,48,43,29,17
59,51|55,53|51,56|70,87|70,91|2,3|53,64|38,99|41,94|70,95|87,59|40,79|91,38|49,55|79,2|95,41|70,40|70,49|99,54|94,65/70,56=70,87,59,51,56
94,59|13,68|65,57|45,80|59,13|20,24|94,28|76,40|94,65|94,45|94,47|47,76|24,30|28,20|90,50|57,48|80,90|68,84|48,92|40,17/94,50=94,45,80,90,50
19,0|90,53|78,88|22,82|46,86|53,54|86,56|51,19|63,57|88,55|21,90|57,77|77,44|0,22|51,95|51,63|51,21|95,46|55,92|51,78/51,92=51,78,88,55,92
69,11|66,26|66,65|66,1|25,61|15,5|11,37|87,23|47,58|65,15|66,87|70,25|5,7|1,69|80,22|97,70|26,16|16,80|23,47|66,97/66,37=66,1,69,11,37
70,14|59,70|35,5|5,30|68,63|83,67|35,59|35,6|14,71|32,83|30,68|62,44|6,32|82,74|8,53|35,16|53,57|35,82|16,8|74,62/35,44=35,82,74,62,44
65,18|91,28|97,23|87,97|91,10|74,57|37,64|57,95|47,43|64,70|91,74|28,87|70,50|95,82|91,65|43,86|18,60|60,73|91,37|10,47/91,86=91,10,47,43,86
8,90|76,1|72,11|24,0|81,3|17,7|13,84|4,76|0,38|15,13|61,15|72,61|11,64|7,8|72,24|38,94|72,17|95,4|64,81|72,95/72,94=72,24,0,38,94
36,91|40,54|33,64|17,33|89,76|79,94|52,23|94,62|86,32|17,36|17,86|13,89|91,14|17,42|42,13|17,79|62,47|32,52|64,40|14,60/17,23=17,86,32,52,23
83,77|12,17|89,3|24,15|79,57|17,1|15,89|56,42|83,21|83,86|74,26|26,62|77,79|96,56|83,24|21,74|83,96|42,71|86,12|57,48/83,1=83,86,12,17,1
60,83|25,84|60,89|58,87|14,15|84,14|87,93|68,55|60,91|36,7|72,40|89,56|56,0|83,58|60,25|60,68|7,69|0,2|91,36|55,72/60,40=60,68,55,72,40
46,47|72,75|73,36|38,60|46,39|55,25|29,74|74,23|46,73|47,67|46,29|75,12|62,35|35,33|46,51|23,84|39,72|36,38|51,62|67,55/46,33=46,51,62,35,33
62,68|15,91|89,22|14,65|62,29|17,77|65,43|68,60|62,19|97,48|1,14|60,17|38,49|34,97|63,38|62,1|62,89|29,63|22,15|19,34/62,49=62,29,63,38,49
13,18|18,48|1,38|48,24|94,73|96,86|13,50|4,67|13,94|73,4|49,96|7,40|24,52|63,7|86,76|13,49|38,44|50,1|30,63|13,30/13,76=13,49,96,86,76
75,4|90,20|31,60|90,52|90,44|16,48|18,76|77,68|74,92|30,75|68,25|90,31|20,74|90,18|60,83|76,16|83,29|92,22|44,77|52,30/90,22=90,20,74,92,22
63,69|96,63|98,9|8,53|96,38|9,47|47,43|96,59|69,19|94,99|53,94|60,6|96,8|46,60|38,12|59,46|19,80|96,98|12,74|74,68/96,99=96,8,53,94,99
59,51|36,42|82,95|94,30|93,25|85,60|10,82|51,84|10,29|30,4|10,85|13,64|60,19|64,93|10,24|19,1|10,13|95,36|24,59|29,94/10,1=10,85,60,19,1
62,38|75,94|97,33|52,62|52,89|43,17|52,97|57,9|61,30|17,10|33,98|9,4|52,43|89,57|52,61|30,75|98,56|10,93|38,50|50,90/52,4=52,89,57,9,4
6,73|54,8|69,16|10,36|9,26|88,10|60,9|8,69|54,60|42,43|36,47|54,88|43,84|54,6|73,65|84,30|54,42|26,79|16,90|65,25/54,25=54,6,73,65,25
1,37|30,43|82,1|90,36|30,82|51,84|37,8|77,78|30,48|30,68|60,77|48,51|30,93|43,60|23,17|68,90|17,55|36,41|84,75|93,23/30,75=30,48,51,84,75
22,14|98,78|98,72|14,1|68,66|78,9|54,56|37,16|66,47|98,22|1,12|98,39|98,94|56,75|39,68|94,54|96,71|9,37|72,96|71,11/98,75=98,94,54,56,75
8,9|48,64|9,38|63,39|78,42|64,28|90,70|78,99|78,48|85,90|91,93|39,17|28,46|99,85|93,96|78,91|96,67|42,8|78,63|17,45/78,38=78,42,8,9,38
73,63|47,16|55,27|46,21|52,5|97,36|47,30|5,0|30,73|68,20|95,6|36,95|20,46|16,67|47,68|67,55|63,44|0,85|47,52|47,97/47,85=47,52,5,0,85
77,48|25,23|23,41|58,43|25,57|8,5|92,46|25,77|48,4|4,36|41,93|25,1|57,83|5,30|46,47|1,92|30,76|25,8|93,29|83,58/25,36=25,77,48,4,36
44,50|74,66|33,42|5,52|22,91|94,71|42,5|91,84|71,22|86,74|27,65|94,33|94,40|50,63|63,92|94,54|60,27|40,60|94,44|54,86/94,84=94,71,22,91,84
68,74|62,52|26,9|6,62|45,50|57,88|9,57|3,98|47,58|47,6|78,3|73,68|58,78|52,76|36,73|47,19|19,5|5,45|47,26|47,36/47,50=47,19,5,45,50
68,4|77,95|79,9|54,23|29,1|67,94|19,72|4,19|43,51|29,46|23,85|1,58|85,81|9,77|58,43|40,67|46,40|29,79|29,54|29,68/29,72=29,68,4,19,72
20,69|18,16|20,37|33,26|37,80|20,99|82,6|31,89|67,58|16,39|15,51|6,15|99,5|20,96|96,18|69,40|80,67|5,31|20,82|40,33/20,39=20,96,18,16,39
9,50|46,91|68,36|68,26|24,5|39,84|36,49|68,46|49,10|26,85|65,39|81,65|10,18|27,0|91,1|1,47|50,24|68,9|85,27|68,81/68,0=68,26,85,27,0
93,99|13,77|72,79|99,17|42,35|42,78|78,92|36,13|79,63|42,61|61,36|58,87|42,72|63,2|3,58|31,3|35,93|55,95|42,31|92,55/42,95=42,78,92,55,95
57,47|82,4|79,72|30,64|79,57|77,68|4,11|79,77|66,41|95,98|79,6|16,95|72,67|91,82|68,30|62,71|47,66|79,91|6,16|67,62/79,64=79,77,68,30,64
69,32|95,9|29,18|57,52|87,99|30,79|17,30|69,29|28,58|58,4|69,28|32,57|69,50|18,95|69,19|4,55|50,53|19,17|53,87|52,72/69,72=69,32,57,52,72
62,93|62,36|14,28|15,44|62,14|48,54|67,57|44,94|36,2|62,71|95,41|82,3|93,34|3,66|28,67|35,82|71,15|34,95|2,48|62,35/62,54=62,36,2,48,54
2,62|46,54|77,9|24,73|54,39|24,2|27,14|60,7|24,46|24,32|45,70|34,45|32,60|97,1|73,34|7,16|14,97|62,77|24,27|39,69/24,70=24,73,34,45,70
87,30|48,20|68,42|87,72|30,47|20,8|47,39|33,29|70,68|25,14|17,18|52,48|42,36|18,33|87,17|87,52|72,53|39,34|87,70|53,25/87,29=87,17,18,33,29
23,60|81,94|65,16|16,87|21,65|21,56|2,32|54,63|21,90|21,73|60,33|63,37|73,23|90,2|32,30|56,81|94,89|21,25|25,54|87,31/21,31=21,65,16,87,31
39,30|58,52|11,9|58,11|66,10|16,91|9,44|52,39|30,59|58,23|58,55|14,16|34,56|58,66|21,71|55,21|44,90|23,14|10,34|71,5/58,5=58,55,21,71,5
17,84|26,90|28,5|17,26|54,95|93,63|59,12|90,18|17,69|77,49|17,77|95,32|69,54|84,28|79,23|49,59|5,50|17,79|23,93|18,58/17,50=17,84,28,5,50
36,6|36,65|63,12|43,60|36,30|64,55|79,94|52,64|8,43|36,41|7,46|46,61|81,63|6,7|65,8|77,92|36,77|92,79|41,81|30,52/36,61=36,6,7,46,61
18,14|44,36|9,73|22,17|13,54|3,82|6,30|73,13|3,67|14,78|3,6|3,9|94,22|36,58|2,44|82,18|67,94|30,88|88,81|3,2/3,58=3,2,44,36,58
25,98|73,90|38,6|6,59|73,25|73,69|94,62|69,35|93,76|90,32|98,94|20,71|10,80|56,38|32,93|61,20|73,54|73,56|54,61|35,10/73,76=73,90,32,93,76
23,91|96,1|80,70|91,96|48,7|64,61|67,66|64,47|71,72|70,10|10,37|7,87|66,40|35,67|64,23|72,38|61,48|64,80|64,35|47,71/64,37=64,80,70,10,37
79,38|48,42|79,44|56,16|86,35|73,36|38,48|53,24|16,53|36,65|42,52|3,97|79,3|97,59|79,28|79,56|28,86|44,73|59,88|35,63/79,24=79,56,16,53,24
42,4|7,91|10,74|72,7|99,89|33,13|12,27|29,39|24,82|65,99|74,33|24,65|89,9|96,72|24,29|82,2|2,12|39,42|24,10|24,96/24,9=24,65,99,89,9
93,27|93,72|86,44|93,19|5,2|94,26|1,87|93,53|44,97|72,86|53,21|7,31|17,94|27,17|73,47|19,74|87,7|74,73|21,5|93,1/93,31=93,1,87,7,31
52,14|13,49|28,32|68,88|39,60|72,85|51,16|49,50|52,39|88,3|40,29|52,71|32,66|62,68|16,40|71,28|52,62|52,51|60,72|14,13/52,66=52,71,28,32,66
41,99|40,30|88,40|20,88|34,33|27,50|30,59|20,68|79,70|20,24|68,79|20,84|60,4|20,27|50,34|99,69|70,18|84,41|4,96|24,60/20,96=20,24,60,4,96
66,59|61,42|7,73|81,17|52,36|61,72|72,66|91,81|61,32|27,44|21,26|61,91|61,52|73,11|54,21|17,4|32,54|59,24|42,7|36,27/61,11=61,42,7,73,11
44,5|30,64|33,10|25,55|32,19|86,12|21,32|98,30|55,89|58,21|89,44|23,86|25,18|25,33|25,23|34,2|25,58|18,98|12,9|10,34/25,2=25,33,10,34,2
8,18|53,84|94,8|59,94|85,60|37,40|56,53|59,82|59,85|35,37|59,35|4,33|49,58|59,56|60,49|84,44|33,29|82,4|40,78|18,66/59,66=59,94,8,18,66
7,75|86,55|21,86|11,14|39,50|13,96|90,23|75,24|87,21|11,48|23,93|48,90|11,97|33,39|11,13|78,77|14,33|96,78|11,87|97,7/11,55=11,87,21,86,55
46,75|30,54|54,82|34,93|75,77|93,26|49,81|64,34|52,19|52,46|77,71|52,16|52,56|19,49|52,64|18,96|96,94|81,85|16,18|56,30/52,26=52,64,34,93,26
39,48|31,91|5,38|38,4|91,5|31,2|31,77|87,18|77,53|98,15|10,51|53,9|20,8|82,87|51,39|2,82|31,98|9,13|15,20|31,10/31,13=31,77,53,9,13
30,20|94,1|20,68|96,48|1,63|6,37|80,59|23,30|80,93|80,84|93,6|74,71|48,27|84,96|80,94|80,23|63,81|71,69|37,22|59,74/80,27=80,84,96,48,27
83,55|86,81|44,16|81,47|2,62|21,67|90,68|72,0|99,38|16,73|44,72|0,23|67,2|73,99|92,86|55,90|44,92|23,60|44,83|44,21/44,47=44,92,86,81,47
10,40|93,22|93,43|98,13|93,30|21,10|30,48|22,82|48,98|69,74|82,72|40,17|72,36|25,88|20,3|74,20|93,69|43,25|88,87|93,21/93,36=93,22,82,72,36
75,96|20,26|97,25|13,99|67,13|96,89|75,97|75,15|36,46|25,20|75,59|54,78|22,39|77,67|75,77|94,54|89,36|15,94|39,47|59,22/75,47=75,59,22,39,47
24,90|67,81|96,43|60,46|32,10|16,78|60,15|43,76|60,75|10,47|46,67|74,96|15,85|85,16|60,74|60,32|90,17|47,98|81,1|75,24/60,76=60,74,96,43,76
6,94|4,19|47,63|8,54|94,4|36,3|25,65|3,8|54,88|31,47|36,6|2,62|65,59|36,23|49,27|36,25|27,2|36,49|23,31|59,28/36,63=36,23,31,47,63
8,50|79,8|6,26|18,42|57,7|50,24|38,23|19,89|85,29|92,27|92,18|27,38|92,57|92,6|7,19|26,85|92,79|42,59|59,64|23,49/92,49=92,27,38,23,49
22,11|81,1|29,78|69,58|74,99|39,29|58,9|74,69|11,32|74,81|99,59|9,3|32,15|59,87|78,86|1,53|74,39|87,5|74,22|53,71/74,5=74,99,59,87,5
11,24|18,55|64,78|69,16|64,13|26,11|23,10|41,51|64,27|93,40|13,26|51,18|78,3|64,41|44,90|64,93|59,44|3,69|27,59|40,23/64,10=64,93,40,23,10
93,59|73,97|77,15|72,24|9,51|15,17|84,93|6,13|84,58|45,72|59,73|84,77|17,42|91,45|84,16|13,70|16,9|84,91|58,6|51,87/84,87=84,16,9,51,87
93,9|25,60|59,2|53,44|43,91|2,79|74,43|44,80|13,63|93,97|60,13|80,51|97,48|93,74|85,47|91,55|93,25|93,53|48,85|9,59/93,47=93,97,48,85,47
11,23|21,43|75,89|7,20|89,11|14,96|82,45|7,75|83,97|7,35|45,24|41,58|35,13|20,65|13,41|7,85|85,82|65,83|7,14|96,21/7,24=7,85,82,45,24
54,67|31,12|18,50|24,61|24,53|35,97|15,87|53,17|17,18|72,95|78,10|24,72|61,84|41,33|95,78|33,35|84,15|24,31|24,41|12,54/24,50=24,53,17,18,50
98,51|83,12|40,24|98,93|61,97|80,44|85,61|98,63|98,80|12,49|98,22|53,86|2,81|51,83|93,53|44,40|63,2|22,85|81,79|86,82/98,79=98,63,2,81,79
79,13|94,62|51,28|34,80|32,14|11,36|80,46|46,59|9,7|51,11|62,32|52,40|7,15|15,5|51,94|51,9|36,52|51,34|28,79|13,55/51,55=51,28,79,13,55
38,92|75,26|50,13|31,33|60,75|76,16|89,19|94,76|26,89|60,42|13,39|60,61|41,38|33,44|7,31|42,41|32,94|61,50|60,7|60,32/60,39=60,61,50,13,39
3,55|94,89|39,74|32,71|8,12|18,69|39,82|26,18|23,73|50,7|71,23|82,8|39,32|74,51|7,94|51,3|39,26|39,50|12,52|69,31/39,31=39,26,18,69,31
13,91|13,69|9,98|13,9|62,39|68,2|29,68|13,26|13,84|99,16|24,8|98,24|86,50|26,29|69,86|39,83|10,99|91,10|84,62|50,40/13,16=13,91,10,99,16
16,37|98,5|64,35|42,64|35,9|80,99|16,57|61,29|94,61|87,98|27,94|16,42|63,4|16,63|13,66|57,87|37,90|4,13|90,80|16,27/16,66=16,63,4,13,66
75,76|80,71|93,38|24,97|38,24|32,89|47,13|48,4|32,15|15,63|32,8|71,59|32,48|49,40|4,49|72,47|8,72|63,75|89,80|32,93/32,59=32,89,80,71,59
24,66|0,16|80,67|67,43|43,4|12,7|73,12|81,46|23,24|96,86|81,23|60,96|66,3|46,60|56,73|81,10|16,17|10,0|81,80|81,56/81,7=81,56,73,12,7
54,55|68,24|77,51|29,95|26,54|90,26|76,90|51,89|24,15|20,58|69,77|31,20|15,63|76,68|76,46|76,69|58,53|95,42|46,29|76,31/76,63=76,68,24,15,63
96,35|6,82|80,9|26,23|80,6|80,0|11,29|9,26|25,5|63,39|0,38|23,61|82,66|80,25|38,11|67,63|17,67|66,91|80,17|5,96/80,61=80,9,26,23,61
75,50|59,30|72,23|81,56|87,82|98,45|66,47|82,66|59,17|6,98|59,87|17,81|30,28|56,31|59,7|65,6|59,65|7,72|23,13|28,75/59,31=59,17,81,56,31
54,49|10,43|28,10|37,61|60,15|26,71|42,87|87,81|37,26|37,68|71,33|37,85|43,74|80,60|68,42|85,80|61,63|63,54|33,39|37,28/37,74=37,28,10,43,74
63,7|2,74|43,4|53,70|91,2|85,91|27,11|99,47|77,53|11,9|47,43|75,77|99,63|4,48|99,75|56,96|99,85|72,27|99,72|7,56/99,70=99,75,77,53,70
10,52|4,79|44,98|61,1|0,85|98,75|4,44|75,86|8,40|5,24|97,0|79,8|52,70|85,20|4,5|7,10|24,61|4,7|40,38|4,97/4,1=4,5,24,61,1
77,9|72,42|78,47|9,46|40,1|29,11|24,15|26,39|40,29|40,26|27,44|46,36|11,6|40,24|42,82|1,72|15,78|6,37|40,77|39,27/40,37=40,29,11,6,37
32,82|87,0|64,57|60,93|92,12|77,32|24,92|23,24|69,77|23,87|41,60|72,17|83,1|98,41|23,64|12,6|23,98|23,69|57,83|0,72/23,82=23,69,77,32,82
59,56|45,93|79,49|79,36|11,13|72,77|56,35|49,46|79,92|46,45|3,74|92,3|36,72|26,11|79,59|35,58|74,50|79,26|77,25|13,32/79,32=79,26,11,13,32
9,73|3,69|38,45|4,39|78,3|55,9|49,60|38,13|8,4|69,26|34,8|38,78|45,49|38,34|36,56|54,55|13,20|38,54|20,36|60,84/38,56=38,13,20,36,56
95,93|41,39|95,67|30,94|84,42|95,2|69,30|3,59|95,96|39,49|93,69|18,55|5,14|55,84|2,48|95,18|76,5|67,41|96,76|48,3/95,59=95,2,48,3,59
75,91|6,26|32,77|55,97|2,18|97,68|92,55|76,6|26,39|39,29|76,60|70,2|53,3|76,92|60,37|37,75|76,84|3,32|76,53|84,70/76,77=76,53,3,32,77
16,0|39,54|27,71|25,39|1,25|63,13|71,15|16,26|14,9|76,63|16,82|5,97|16,14|31,42|0,76|42,33|16,1|9,5|82,31|26,27/16,97=16,14,9,5,97
9,31|38,19|55,84|85,42|99,38|42,96|85,99|15,91|67,97|19,45|85,67|97,11|85,15|11,0|64,34|85,64|96,9|34,55|91,46|46,73/85,84=85,64,34,55,84
35,99|35,22|56,7|80,37|35,24|24,4|39,80|37,72|17,15|69,2|11,59|4,56|22,69|2,77|59,52|99,67|67,17|35,11|52,33|35,39/35,72=35,39,80,37,72
66,40|29,92|65,66|45,86|49,24|24,99|89,75|89,19|19,49|89,22|89,29|92,5|75,67|62,65|4,50|5,42|52,4|67,45|89,62|22,52/89,99=89,19,49,24,99
97,17|37,27|50,0|11,97|32,50|37,64|33,10|27,90|71,92|62,71|60,11|0,25|9,33|64,9|37,32|37,18|76,15|37,60|90,76|18,62/37,25=37,32,50,0,25
46,56|6,37|61,22|63,46|6,63|27,76|64,27|47,51|22,66|49,48|79,64|6,79|37,47|6,49|48,36|6,84|36,19|84,61|56,60|51,44/6,19=6,49,48,36,19
77,75|52,73|22,55|77,9|79,33|55,43|77,63|47,62|73,74|36,29|62,86|29,90|28,22|77,28|90,65|33,19|63,52|75,79|77,36|9,47/77,43=77,28,22,55,43
78,3|85,9|33,60|0,63|49,40|13,0|26,61|60,49|13,33|13,26|22,1|11,4|63,78|2,51|51,62|13,85|13,2|9,11|61,22|62,7/13,40=13,33,60,49,40
44,88|41,21|38,44|74,94|40,79|84,74|9,60|26,40|41,93|41,27|62,9|27,97|93,26|21,84|41,58|41,38|97,80|80,43|58,62|88,46/41,60=41,58,62,9,60
53,8|0,30|3,88|42,23|55,73|46,55|42,65|42,81|10,6|23,10|19,0|42,12|60,5|65,60|6,61|12,46|88,53|42,3|81,19|5,38/42,61=42,23,10,6,61
50,34|79,99|88,79|20,88|30,69|68,60|99,59|20,84|40,70|20,27|84,40|20,24|41,4|20,68|60,30|34,33|70,18|24,50|4,96|27,41/20,96=20,27,41,4,96
71,4|61,14|10,67|14,95|11,0|86,66|65,17|94,65|23,50|46,86|71,61|71,43|72,10|43,72|4,46|71,94|95,49|71,23|17,30|50,11/71,67=71,43,72,10,67
2,71|71,36|33,17|33,6|83,61|35,70|33,73|70,29|6,35|17,2|82,69|16,60|31,16|61,0|69,90|33,19|73,31|46,83|33,46|19,82/33,0=33,46,83,61,0
2,77|83,65|60,98|83,43|68,46|43,2|65,50|46,48|83,38|67,40|77,80|40,0|93,28|81,60|83,5|50,93|5,81|83,68|48,44|38,67/83,98=83,5,81,60,98
72,52|22,44|93,22|91,72|56,91|56,70|65,73|70,24|4,93|64,90|67,64|73,0|24,92|92,25|0,88|56,65|52,50|43,67|56,43|56,4/56,44=56,4,93,22,44
2,14|14,37|32,2|77,39|39,75|94,71|30,77|22,60|96,74|0,94|47,22|7,73|7,32|7,91|20,96|7,0|91,47|7,30|71,9|73,20/7,74=7,73,20,96,74
90,14|26,90|61,13|41,61|73,24|16,9|73,64|2,37|7,62|24,45|20,85|14,91|13,40|73,41|73,26|73,7|64,81|45,16|81,2|62,20/73,40=73,41,61,13,40
42,29|55,59|55,94|57,88|94,50|77,81|87,80|55,77|50,28|89,0|28,24|0,13|85,57|55,85|47,87|13,41|55,89|59,47|88,76|81,42/55,76=55,85,57,88,76
63,48|11,70|30,97|30,96|41,11|79,55|30,12|97,43|78,65|40,79|95,59|30,40|92,35|96,41|55,69|59,63|30,95|65,1|43,92|12,78/30,69=30,40,79,55,69
32,23|15,12|52,82|91,40|15,87|40,8|15,32|15,59|63,88|73,41|2,84|84,63|57,68|56,73|12,91|59,52|23,57|87,56|15,2|82,33/15,8=15,12,91,40,8
28,1|32,79|86,55|17,5|9,68|9,3|30,23|74,28|68,17|2,7|84,86|83,74|9,95|9,2|95,73|9,83|3,84|5,78|73,32|7,30/9,79=9,95,73,32,79
44,90|61,93|12,22|44,46|55,77|93,69|44,47|83,21|21,66|44,61|46,83|45,12|24,55|41,25|40,41|47,45|69,53|90,24|44,50|50,40/44,53=44,61,93,69,53
81,76|98,82|10,47|76,22|22,43|31,19|66,63|66,64|47,80|66,81|66,42|77,58|19,4|64,10|63,3|57,6|3,77|42,31|66,98|82,57/66,4=66,42,31,19,4
85,36|9,26|92,74|24,32|74,53|69,6|62,49|62,85|19,69|6,1|62,24|62,19|62,86|27,9|49,92|86,27|32,70|36,78|78,51|70,76/62,26=62,86,27,9,26
12,60|79,44|31,7|44,77|79,31|40,54|62,34|76,12|34,46|26,37|61,56|7,61|92,76|38,62|79,92|79,26|79,38|37,40|77,78|78,21/79,60=79,92,76,12,60
17,87|23,22|88,83|74,90|90,85|83,81|21,36|22,40|21,89|87,54|89,53|21,17|36,88|60,69|54,41|53,60|21,16|21,74|16,23|85,30/21,81=21,36,88,83,81
11,59|60,57|55,86|49,25|22,66|59,26|41,69|41,22|41,65|63,93|83,47|98,55|66,63|25,60|86,85|69,11|41,98|41,49|65,74|74,83/41,47=41,65,74,83,47
38,77|86,4|10,57|30,10|30,46|30,31|31,98|17,47|30,80|4,99|37,17|80,0|0,38|98,89|30,3|33,81|3,86|57,33|89,63|46,37/30,63=30,31,98,89,63
3,41|96,5|96,21|5,75|42,81|0,3|74,18|21,25|18,9|96,65|96,74|75,71|71,76|73,89|25,73|41,72|65,42|81,24|9,94|96,0/96,89=96,21,25,73,89
12,23|47,80|35,86|24,45|14,24|88,55|45,98|14,1|80,88|98,26|14,10|1,35|48,92|10,75|14,48|92,99|75,12|14,47|99,31|86,61/14,23=14,10,75,12,23
5,6|62,25|18,65|40,13|18,60|18,5|83,14|6,45|13,53|71,62|32,83|65,71|60,40|45,10|50,81|18,50|58,12|81,58|14,23|18,32/18,12=18,50,81,58,12
17,62|19,59|4,28|19,24|78,56|19,65|19,83|56,70|59,71|96,38|74,89|24,88|8,78|71,96|65,4|19,8|83,74|89,90|28,30|88,17/19,90=19,83,74,89,90
11,28|14,88|93,23|72,14|52,57|43,47|93,55|93,64|79,72|68,83|57,11|93,52|93,79|55,29|64,27|27,18|29,68|46,43|18,70|23,46/93,88=93,79,72,14,88
79,66|32,24|66,20|63,79|12,1|57,78|6,58|44,57|73,77|78,73|97,12|10,6|44,9|9,92|92,32|44,97|58,30|44,63|1,34|44,10/44,24=44,9,92,32,24
89,78|90,48|90,63|59,34|54,47|41,64|47,25|63,89|90,54|25,88|21,27|13,59|48,11|90,93|11,14|90,41|93,13|14,69|78,8|64,21/90,34=90,93,13,59,34
91,49|44,35|35,13|24,68|40,9|19,6|8,76|13,33|45,8|85,92|97,19|85,24|85,40|85,44|2,97|9,88|88,84|85,2|92,45|68,91/85,76=85,92,45,8,76
45,13|52,20|25,45|54,2|0,15|32,85|51,54|62,25|59,0|89,56|15,3|89,90|85,93|81,52|93,72|89,32|56,81|89,59|90,51|89,62/89,2=89,90,51,54,2
59,73|25,32|30,64|92,59|16,42|54,91|54,62|20,2|13,48|47,92|54,47|91,37|2,25|37,13|54,30|54,20|3,74|62,65|65,3|64,16/54,73=54,47,92,59,73
35,91|48,65|60,30|4,77|4,14|30,29|0,19|93,86|49,13|17,60|77,93|86,94|13,28|12,55|4,17|4,0|65,35|19,12|4,48|14,49/4,29=4,17,60,30,29
91,96|77,42|35,13|66,44|2,38|94,16|35,94|96,0|35,29|29,90|35,45|30,2|84,66|16,77|45,30|35,91|23,95|90,23|13,84|0,26/35,44=35,13,84,66,44
26,52|26,87|28,36|14,35|52,0|26,51|56,70|35,95|87,56|95,44|0,40|26,75|36,31|75,69|69,20|26,14|40,48|70,67|51,28|20,64/26,44=26,14,35,95,44
72,50|60,76|18,13|16,92|72,81|72,29|97,90|13,47|82,8|29,95|72,48|54,25|72,60|95,82|81,44|76,97|92,40|50,18|44,54|48,16/72,47=72,50,18,13,47
18,64|82,33|78,21|82,0|82,32|30,83|3,25|0,78|82,76|21,93|33,63|60,8|83,5|82,18|64,69|69,38|76,12|63,60|32,30|12,3/82,8=82,33,63,60,8
33,36|14,71|61,25|10,28|36,34|33,30|30,61|33,14|6,39|33,10|33,0|34,6|48,24|24,97|22,69|0,48|71,22|84,1|25,93|28,84/33,93=33,30,61,25,93
55,67|99,76|86,95|12,41|62,22|11,64|35,86|61,38|76,12|16,62|11,31|31,35|64,61|11,53|11,99|11,16|22,26|53,55|67,54|38,77/11,95=11,31,35,86,95
26,40|35,44|34,61|42,94|60,73|94,17|78,11|73,29|61,88|88,65|71,81|92,50|81,26|35,71|44,42|29,82|11,92|35,78|35,60|35,34/35,65=35,34,61,88,65
60,8|15,88|48,60|76,86|66,48|85,33|66,73|95,94|66,14|8,72|86,17|33,36|14,85|99,15|66,76|73,99|38,95|66,38|17,56|94,68/66,68=66,38,95,94,68
97,90|46,2|80,1|45,80|10,50|50,96|52,97|1,12|16,7|45,57|3,52|7,36|4,64|45,41|41,16|45,4|12,35|64,46|45,3|57,10/45,36=45,41,16,7,36
50,37|81,89|21,52|89,87|39,91|48,22|50,18|52,48|91,49|37,36|36,35|50,39|38,51|42,81|51,63|50,21|49,71|50,42|35,30|18,38/50,63=50,18,38,51,63
36,71|44,24|77,93|42,49|51,54|61,3|49,36|38,47|92,14|82,38|24,61|82,44|14,77|64,51|62,0|82,64|82,42|47,62|54,99|82,92/82,0=82,38,47,62,0
44,93|18,25|4,54|23,16|18,12|81,48|49,88|18,4|34,23|66,50|90,36|88,44|12,39|18,49|39,81|25,34|36,15|54,66|46,90|18,46/18,50=18,4,54,66,50
44,45|73,60|35,42|35,51|72,63|36,5|45,25|33,22|35,10|63,33|51,97|49,99|25,11|74,73|97,49|35,44|10,74|5,92|35,72|42,36/35,11=35,44,45,25,11
59,25|94,85|64,66|36,40|9,6|5,94|67,71|91,57|40,91|36,67|15,64|36,75|72,9|66,14|71,59|75,5|6,65|36,72|36,15|57,45/36,14=36,15,64,66,14
2,36|36,54|2,34|34,70|2,5|5,51|30,64|50,67|80,48|27,98|2,50|7,39|41,29|70,87|87,52|51,80|67,30|98,41|54,7|2,27/2,52=2,34,70,87,52
76,4|24,49|88,79|49,78|79,24|12,97|88,51|51,58|67,16|33,62|71,17|8,87|17,76|58,67|88,12|88,1|88,71|1,73|73,8|97,33/88,4=88,71,17,76,4
75,20|13,90|60,85|85,55|56,94|55,98|56,2|71,95|38,13|2,91|95,18|67,66|94,67|91,75|56,84|84,38|66,49|56,60|72,71|56,72/56,18=56,72,71,95,18
37,63|72,94|97,73|31,50|81,58|58,74|31,15|20,40|15,79|83,97|31,72|73,85|94,27|31,83|27,25|50,81|31,37|63,48|48,4|79,20/31,74=31,50,81,58,74
83,37|38,83|77,99|66,72|27,12|39,65|26,77|75,33|39,38|37,51|72,27|90,45|39,25|44,90|39,1|16,75|65,26|39,66|1,16|25,44/39,99=39,65,26,77,99
15,97|46,79|32,46|97,18|50,53|2,94|32,88|18,84|85,2|30,78|32,3|91,13|32,15|32,85|13,48|94,52|88,24|79,30|24,50|3,91/32,78=32,46,79,30,78
49,84|93,98|37,5|37,60|87,34|98,89|5,4|37,49|4,24|84,41|41,79|60,93|35,30|37,21|14,35|24,92|71,87|21,14|82,71|37,82/37,79=37,49,84,41,79
95,18|78,71|94,78|95,26|1,59|59,22|52,41|26,81|55,72|22,63|95,1|18,52|95,23|41,83|68,97|95,89|77,68|89,77|23,94|81,55/95,72=95,26,81,55,72
79,49|82,7|74,13|92,16|31,62|40,15|92,47|96,34|36,78|16,96|92,83|62,82|83,74|92,79|13,97|78,93|47,36|49,40|92,31|34,66/92,15=92,79,49,40,15
84,69|22,75|95,33|84,10|86,95|75,62|10,76|84,22|61,80|53,14|84,53|45,39|74,5|62,36|84,74|76,61|65,26|5,65|14,45|69,86/84,39=84,53,14,45,39
64,57|32,90|55,1|33,47|39,22|4,30|90,39|32,61|32,23|61,55|20,5|23,21|22,59|32,64|32,0|40,4|57,33|21,20|1,85|0,40/32,30=32,0,40,4,30
14,54|83,65|54,3|76,91|65,53|39,33|87,20|55,87|20,71|81,2|53,62|3,90|76,83|76,55|76,39|2,47|33,13|76,14|91,81|13,84/76,62=76,83,65,53,62
34,56|93,68|95,92|74,2|65,88|68,59|38,55|86,22|34,6|6,93|22,14|34,74|36,97|2,65|92,29|34,86|56,95|55,36|14,37|34,38/34,29=34,56,95,92,29
73,93|73,24|24,77|93,92|73,66|73,68|73,78|23,40|92,49|78,52|77,23|49,9|12,94|16,0|98,16|52,84|68,98|94,88|84,29|66,12/73,29=73,78,52,84,29
90,71|17,28|57,42|66,57|56,72|43,47|50,56|50,93|23,66|29,43|37,89|50,37|89,90|50,23|72,95|50,17|28,22|22,53|95,55|93,29/50,71=50,37,89,90,71
12,44|88,67|11,32|55,96|76,5|76,97|63,55|97,75|68,12|76,88|5,68|56,78|75,11|67,9|53,63|9,94|78,36|35,56|76,53|76,35/76,94=76,88,67,9,94
64,44|31,11|44,39|37,57|42,2|54,17|64,54|39,8|56,37|57,12|7,42|17,31|32,7|16,67|64,56|64,32|64,46|46,16|8,88|67,72/64,72=64,46,16,67,72
10,41|45,10|18,4|76,68|32,60|60,66|45,54|68,97|45,33|54,32|67,9|89,0|45,76|97,39|33,38|41,63|45,67|63,27|9,18|38,89/45,27=45,10,41,63,27
67,16|33,64|67,37|47,1|67,62|62,5|70,83|97,33|5,74|67,46|20,45|37,20|1,77|46,47|74,82|16,70|67,97|83,35|45,39|64,54/67,54=67,97,33,64,54
55,45|48,1|1,41|98,37|42,55|34,74|56,71|13,48|42,56|45,98|29,9|71,28|28,92|42,33|42,13|74,53|64,29|42,40|40,34|33,64/42,92=42,56,71,28,92
43,73|59,6|2,8|86,39|43,51|43,26|43,59|73,98|44,72|12,44|35,69|3,27|43,36|6,2|26,35|36,12|69,5|27,21|51,3|98,86/43,8=43,59,6,2,8
49,55|97,49|81,98|46,62|14,46|62,16|19,44|21,40|22,32|44,54|40,60|98,97|81,21|81,39|39,74|81,5|74,22|5,19|60,58|81,14/81,58=81,21,40,60,58
7,93|93,48|80,78|7,46|7,28|78,60|27,22|31,80|9,88|48,86|46,34|39,76|86,11|88,27|16,51|61,39|7,31|7,9|34,16|28,61/7,11=7,93,48,86,11
12,68|39,85|70,28|73,96|64,2|45,55|39,69|39,13|79,47|39,79|2,10|47,70|68,53|5,45|13,6|55,9|6,73|69,12|85,64|39,5/39,10=39,85,64,2,10
97,90|91,97|28,2|95,78|85,43|98,91|12,85|95,12|78,59|25,84|95,21|82,76|59,28|95,98|47,66|95,82|21,47|43,35|66,52|76,25/95,35=95,12,85,43,35
18,96|3,88|46,18|86,63|76,90|46,58|35,55|63,35|58,34|96,38|15,94|79,76|91,15|46,91|34,3|46,79|46,86|38,42|94,21|90,82/46,82=46,79,76,90,82
84,67|86,20|20,33|87,47|10,84|75,86|6,66|38,34|31,24|10,75|24,90|34,94|90,73|10,80|10,31|67,6|12,87|80,12|16,38|10,16/10,94=10,16,38,34,94
98,54|63,89|19,40|31,63|19,68|23,29|8,41|81,88|88,10|60,43|17,8|89,36|19,31|19,81|19,23|40,17|10,72|68,60|29,98|43,87/19,72=19,81,88,10,72
36,83|85,93|21,42|46,55|52,1|97,85|26,2|46,97|7,26|71,19|55,21|11,7|42,8|46,43|46,71|1,15|46,11|19,36|93,6|43,52/46,2=46,11,7,26,2
44,95|82,93|41,58|41,97|1,29|41,98|43,85|85,65|41,44|58,25|48,1|97,43|98,55|29,79|41,48|23,22|95,61|25,23|55,82|61,84/41,84=41,44,95,61,84
53,68|58,53|40,55|2,70|26,51|78,66|80,19|78,13|78,7|13,50|36,77|7,58|17,36|78,80|66,17|61,37|50,2|37,26|19,40|78,61/78,51=78,61,37,26,51
72,81|83,79|63,48|31,37|97,58|58,74|31,15|73,40|15,94|50,63|31,83|48,4|79,27|31,50|27,25|37,97|31,72|81,20|20,85|94,73/31,74=31,37,97,58,74
97,53|56,39|88,10|84,13|40,24|24,45|84,12|13,97|45,80|14,86|53,44|10,60|84,14|12,56|39,61|86,50|26,88|84,26|50,4|84,40/84,4=84,14,86,50,4
19,13|19,30|51,78|45,51|13,67|36,65|30,75|19,14|19,36|67,89|89,60|65,4|54,39|14,45|75,54|40,88|19,40|88,74|74,77|4,10/19,77=19,40,88,74,77
11,56|74,96|90,16|47,61|93,38|18,28|90,18|61,93|90,37|28,76|1,45|76,82|90,1|96,68|45,11|16,12|12,69|69,67|37,74|90,47/90,56=90,1,45,11,56
27,0|63,29|98,99|61,94|43,33|75,17|88,98|88,12|80,63|17,77|88,32|12,27|77,64|0,67|88,75|32,61|88,80|99,43|29,93|94,44/88,44=88,32,61,94,44
11,62|84,45|38,94|5,58|68,5|81,65|81,84|58,73|45,16|90,56|20,38|94,89|81,68|81,13|7,11|81,20|36,90|13,36|65,7|16,1/81,89=81,20,38,94,89
22,74|61,22|95,68|61,71|71,55|11,35|61,87|65,93|61,95|68,76|76,3|92,45|74,11|55,65|2,81|61,31|87,41|27,2|41,92|31,27/61,3=61,95,68,76,3
35,17|0,22|63,10|24,35|17,58|76,8|12,80|75,63|46,97|60,75|65,41|76,60|41,46|76,65|76,0|8,12|80,78|22,70|70,98|76,24/76,78=76,8,12,80,78
46,4|85,10|4,83|99,5|17,6|33,74|41,99|73,41|23,80|74,50|33,26|10,23|93,2|33,73|33,63|33,85|26,46|50,17|63,93|2,79/33,5=33,73,41,99,5
24,42|56,66|0,21|20,60|95,24|42,45|41,10|60,12|81,41|79,47|12,44|81,79|81,67|21,23|47,56|67,0|10,5|5,97|81,20|81,95/81,66=81,79,47,56,66
66,73|34,37|66,72|60,30|66,67|91,16|83,10|77,60|66,77|76,83|52,17|67,34|73,76|99,54|66,99|37,80|30,33|54,91|72,52|17,69/66,33=66,77,60,30,33
44,97|69,45|97,93|62,22|62,92|33,79|45,10|63,39|62,63|92,59|39,1|62,69|10,27|1,29|22,44|23,33|78,16|62,90|90,23|59,78/62,29=62,63,39,1,29
21,56|6,35|35,2|12,58|95,55|3,65|78,89|86,62|86,78|86,12|15,28|86,50|62,21|25,6|58,3|28,39|50,15|89,95|56,82|86,25/86,2=86,25,6,35,2
21,17|14,74|86,55|54,66|3,14|89,62|2,21|85,22|3,76|74,86|3,54|66,95|95,8|3,63|63,30|1,2|76,85|30,89|22,19|3,1/3,8=3,54,66,95,8
81,19|9,21|43,28|34,83|87,84|87,32|66,22|19,66|31,43|33,9|83,64|93,34|87,31|84,33|87,93|87,81|85,97|32,85|28,10|97,50/87,22=87,81,19,66,22
39,47|15,69|78,13|69,3|94,25|78,42|13,94|42,51|51,39|78,23|70,85|8,38|78,70|38,62|10,80|78,72|85,10|23,8|72,15|25,59/78,80=78,70,85,10,80
86,78|47,20|32,53|93,48|74,32|22,74|58,1|48,62|4,50|4,22|4,58|4,7|41,16|20,96|7,93|4,99|1,86|50,47|99,41|16,95/4,95=4,99,41,16,95
5,14|40,54|9,43|14,79|91,87|85,6|30,72|85,59|59,11|75,5|85,40|85,75|25,91|64,9|0,64|85,0|11,83|6,25|54,30|83,58/85,72=85,40,54,30,72
17,30|67,93|67,92|1,23|4,22|93,37|16,9|92,17|67,16|30,66|67,62|37,73|62,1|94,97|73,69|23,63|67,4|9,8|8,47|22,94/67,66=67,92,17,30,66
27,39|6,38|99,9|18,6|7,83|9,29|88,46|42,86|81,27|88,18|97,90|86,97|38,59|39,78|88,42|95,7|88,81|29,58|88,99|46,95/88,59=88,18,6,38,59
76,11|74,63|0,47|24,0|98,24|99,74|21,85|77,70|15,93|70,99|85,78|11,68|77,15|77,21|77,76|68,45|93,48|77,98|78,5|48,69/77,47=77,98,24,0,47
63,60|33,11|94,80|41,29|52,44|29,47|60,38|83,33|40,53|13,40|38,8|68,52|44,18|49,41|11,94|83,9|83,49|83,68|9,13|83,63/83,8=83,63,60,38,8
2,44|66,95|49,60|24,49|79,16|88,11|88,42|58,73|88,23|42,79|16,94|23,58|73,22|11,75|60,55|19,64|95,2|75,19|88,66|88,24/88,64=88,11,75,19,64
74,34|77,47|21,61|47,15|7,44|93,77|33,82|12,33|21,92|21,93|82,42|92,74|34,29|37,7|26,18|0,26|61,37|6,0|21,12|21,6/21,15=21,93,77,47,15
64,46|57,88|46,17|7,8|42,2|32,16|64,32|17,31|56,7|8,12|37,42|16,57|44,37|39,67|64,56|64,44|64,54|54,39|31,11|67,72/64,72=64,54,39,67,72
79,86|49,45|32,57|99,73|2,66|41,23|73,41|66,88|57,79|92,98|32,99|81,47|98,91|32,38|86,74|9,92|47,49|32,9|32,81|38,2/32,88=32,38,2,66,88
68,15|6,52|85,7|45,68|96,95|0,92|20,88|96,63|96,0|92,72|96,80|88,33|16,20|63,85|95,45|80,6|52,81|7,23|96,16|72,27/96,27=96,0,92,72,27
59,13|59,61|13,70|24,4|48,16|84,83|89,11|19,28|59,47|47,24|58,7|61,48|70,84|85,89|16,36|11,72|59,58|4,30|59,85|7,19/59,72=59,85,89,11,72
36,52|12,88|5,91|47,17|74,23|6,31|31,80|47,55|52,86|55,99|86,64|47,19|88,20|47,36|47,90|99,5|90,45|17,6|19,12|45,74/47,23=47,90,45,74,23
40,32|87,25|87,67|32,6|45,12|87,8|87,21|61,11|29,39|28,5|10,61|21,40|94,45|39,28|90,27|25,10|67,90|87,29|27,50|8,94/87,50=87,67,90,27,50
38,25|51,74|38,13|38,36|1,88|25,51|66,54|80,55|11,1|54,97|89,57|74,47|69,98|38,50|36,66|57,83|38,69|13,11|50,89|98,80/38,83=38,50,89,57,83
64,74|14,80|64,22|35,57|6,14|71,93|84,69|92,84|32,71|99,9|57,78|9,70|74,35|64,90|64,6|70,77|64,99|22,32|90,92|80,51/64,78=64,74,35,57,78
56,68|69,36|82,69|1,5|96,45|45,17|11,73|5,11|1,8|40,56|3,46|1,82|46,92|68,9|1,37|8,3|1,40|73,24|37,96|36,58/1,17=1,37,96,45,17
28,72|98,71|4,35|98,83|8,99|98,77|50,87|83,44|77,69|71,8|88,4|79,50|14,32|99,54|35,21|69,28|98,88|98,38|44,14|38,79/98,72=98,77,69,28,72
80,99|56,61|80,47|62,24|72,86|80,56|51,45|76,28|28,34|32,81|80,46|47,76|61,83|40,62|80,51|99,32|83,27|45,72|81,23|46,40/80,86=80,51,45,72,86
64,14|69,63|44,62|62,57|4,72|49,53|4,89|51,12|89,69|72,49|53,6|81,59|4,44|11,86|57,19|4,81|63,97|4,11|86,64|59,51/4,14=4,11,86,64,14
57,21|63,25|99,68|19,57|26,29|67,63|26,99|31,88|26,11|26,64|26,15|11,19|52,24|77,90|48,52|29,77|15,67|64,48|90,80|68,31/26,88=26,99,68,31,88
13,38|16,25|81,16|35,90|90,55|96,83|7,52|55,17|52,4|9,29|75,96|9,37|94,75|9,7|29,81|37,13|38,2|9,94|9,35|4,85/9,25=9,29,81,16,25
88,89|84,69|12,25|88,16|29,76|16,1|88,20|88,77|88,29|69,8|89,7|1,42|42,74|77,84|43,41|58,12|20,58|49,97|76,49|7,43/88,25=88,20,58,12,25
52,30|17,58|30,64|79,49|57,98|10,72|79,2|49,10|74,99|29,60|2,37|79,29|14,25|25,57|79,14|37,17|60,74|72,26|64,34|79,52/79,34=79,52,30,64,34
70,19|11,17|60,37|18,47|46,60|65,83|75,2|47,32|11,46|11,68|17,75|2,55|83,6|68,72|32,50|37,80|11,65|72,70|6,99|11,18/11,19=11,68,72,70,19
76,90|90,25|10,67|35,10|33,64|3,19|36,59|78,3|25,65|59,58|73,34|62,35|72,33|73,76|64,41|34,78|73,62|73,72|73,28|28,36/73,65=73,76,90,25,65
12,91|11,47|72,27|91,80|27,79|89,40|28,11|33,93|93,84|80,55|33,12|15,72|6,3|40,50|84,6|33,38|33,15|47,29|38,89|33,28/33,50=33,38,89,40,50
17,71|45,53|40,84|84,4|43,96|60,81|94,17|53,60|45,94|20,43|71,42|66,50|85,95|81,21|45,85|95,66|96,56|45,67|45,20|67,40/45,21=45,53,60,81,21
68,25|21,71|0,24|83,21|12,14|61,98|98,92|14,0|61,38|78,10|10,67|92,56|61,80|73,68|56,77|61,78|67,75|38,73|80,83|61,12/61,24=61,12,14,0,24
62,68|64,82|3,22|40,60|12,73|40,3|82,0|40,37|37,24|60,64|99,41|22,7|40,59|24,12|7,80|27,99|59,27|40,29|29,62|68,49/40,80=40,3,22,7,80
51,32|85,76|95,61|41,28|95,6|6,84|17,87|20,37|32,90|95,46|36,17|28,59|90,72|46,36|95,51|84,20|95,27|27,57|61,41|57,85/95,37=95,6,84,20,37
76,29|2,57|9,18|71,89|92,64|89,34|26,92|50,2|18,43|68,76|68,32|68,71|68,26|64,17|29,37|37,47|77,9|68,77|34,87|32,50/68,43=68,77,9,18,43
8,17|90,8|50,51|29,50|37,9|57,16|57,77|17,3|65,47|57,23|57,90|16,37|57,82|23,55|82,65|47,79|9,62|77,29|55,58|58,4/57,4=57,23,55,58,4
21,72|21,41|35,34|95,11|11,87|62,35|92,64|29,48|21,27|86,6|41,13|65,55|72,62|13,29|87,26|21,92|21,95|64,65|27,50|50,86/21,48=21,41,13,29,48
47,63|58,60|47,22|70,20|60,56|40,49|20,94|67,88|10,95|99,58|63,70|47,27|95,67|71,39|22,37|27,6|47,99|37,40|6,71|47,10/47,49=47,22,37,40,49
51,11|70,23|60,59|70,51|27,43|70,21|14,5|70,15|13,96|5,65|82,27|21,13|96,37|70,92|15,41|41,60|52,0|11,52|23,14|92,82/70,65=70,23,14,5,65
2,13|25,86|25,46|25,24|48,4|46,26|1,16|25,43|86,49|24,82|31,1|35,93|5,37|26,35|82,2|44,31|88,5|49,48|43,88|25,44/25,93=25,46,26,35,93
96,45|48,96|73,65|91,55|8,23|57,83|48,73|60,91|78,33|83,34|65,78|55,67|48,57|48,60|39,87|45,37|34,62|23,39|37,30|48,8/48,87=48,8,23,39,87
43,41|70,48|13,79|19,43|82,78|81,6|55,82|97,3|97,70|97,19|47,73|79,77|48,81|16,55|97,13|97,16|3,47|41,52|73,75|77,60/97,75=97,3,47,73,75
99,44|44,12|62,93|43,6|51,25|31,99|56,47|12,9|18,0|40,21|21,41|25,18|14,90|31,51|47,43|93,14|31,40|41,91|31,62|31,56/31,90=31,62,93,14,90
63,78|44,62|5,55|78,74|63,75|63,15|38,73|68,31|46,26|76,36|75,8|82,46|63,95|62,38|95,82|74,76|8,68|15,5|55,42|63,44/63,42=63,15,5,55,42
15,38|83,92|89,47|70,83|74,7|7,15|92,28|88,78|99,63|42,45|74,43|74,70|38,37|47,88|41,87|43,5|74,41|5,42|74,89|87,99/74,37=74,7,15,38,37
57,51|80,53|88,94|66,57|38,14|80,64|19,73|24,76|80,16|3,59|16,66|64,9|9,19|59,24|53,38|12,88|14,48|70,12|80,70|80,3/80,73=80,64,9,19,73
33,29|25,32|41,4|34,86|34,0|19,30|32,17|34,38|52,22|17,98|86,64|64,33|4,66|0,41|54,85|34,52|22,19|34,25|53,54|38,53/34,98=34,25,32,17,98
89,2|95,54|22,12|65,23|53,56|73,32|53,65|74,22|53,5|59,95|91,62|23,91|60,59|2,93|53,74|12,92|64,73|5,64|53,60|56,89/53,62=53,65,23,91,62
33,71|68,10|80,33|39,89|59,54|31,17|17,11|65,39|54,73|77,34|77,80|34,59|11,86|77,31|75,68|77,65|89,3|71,96|77,50|50,75/77,3=77,65,39,89,3
47,4|34,69|77,47|68,14|40,15|33,9|88,45|9,44|17,77|15,68|33,17|33,40|44,34|23,56|28,35|33,95|35,88|56,86|33,28|95,23/33,69=33,9,44,34,69
94,12|21,15|66,58|21,76|86,5|79,7|11,67|38,74|77,0|21,38|58,86|44,25|15,94|21,79|12,72|75,44|76,75|74,11|7,77|21,66/21,25=21,76,75,44,25
85,69|15,67|87,16|39,50|66,63|10,66|85,5|88,87|99,28|28,39|79,15|63,43|85,79|91,1|54,91|67,46|5,54|85,99|69,88|85,10/85,46=85,79,15,67,46
64,48|26,46|9,80|41,25|86,0|48,72|25,51|3,41|70,26|35,58|18,31|64,3|72,18|17,86|64,70|46,33|64,94|94,17|80,35|64,9/64,31=64,48,72,18,31
15,79|72,63|75,59|15,35|15,8|51,49|15,1|1,33|56,51|40,36|63,58|15,86|36,95|50,39|8,56|79,40|86,72|59,18|35,75|33,50/15,58=15,86,72,63,58
14,47|21,45|4,5|65,66|66,89|98,21|25,4|25,84|86,53|42,65|45,29|84,86|53,61|87,58|25,28|25,42|5,14|28,87|25,98|58,10/25,61=25,84,86,53,61
84,57|30,4|64,75|0,64|7,42|8,82|32,11|87,95|4,7|42,86|78,12|5,0|12,32|30,84|30,5|95,8|39,55|57,39|30,78|30,87/30,75=30,5,0,64,75
71,28|28,85|0,88|80,96|77,80|15,71|15,77|83,67|15,98|15,83|67,31|85,95|31,8|96,89|66,0|57,23|98,66|75,35|23,75|15,57/15,89=15,77,80,96,89
89,20|32,89|14,80|38,30|28,15|32,28|15,14|36,71|30,54|63,36|67,16|21,23|32,83|16,79|32,0|83,67|2,38|32,2|0,63|20,21/32,79=32,83,67,16,79
17,37|52,17|42,43|45,10|37,11|11,89|43,7|52,72|38,90|52,92|94,38|72,42|92,12|12,45|52,95|53,18|95,53|90,26|18,35|52,94/52,7=52,72,42,43,7
82,98|22,97|51,85|79,82|66,16|90,92|6,49|92,66|8,48|13,87|51,35|42,22|35,6|85,79|96,42|51,96|48,13|51,90|49,38|51,8/51,98=51,85,79,82,98
53,79|47,53|99,19|21,69|22,80|99,96|2,54|43,61|96,27|70,15|19,70|61,21|79,10|26,2|99,47|15,59|27,22|66,26|99,66|99,43/99,80=99,96,27,22,80
38,88|58,43|20,34|42,49|1,15|58,98|98,56|22,42|41,67|58,41|58,53|49,60|58,22|53,61|56,38|43,96|61,20|96,1|67,23|23,50/58,34=58,53,61,20,34
42,23|1,15|37,86|25,81|30,31|69,5|65,37|40,45|31,25|97,98|86,27|97,65|97,30|5,42|97,29|98,74|15,52|74,40|97,69|29,1/97,52=97,29,1,15,52
76,40|5,70|81,33|70,6|30,5|80,59|8,85|36,81|29,72|85,66|78,29|66,13|78,30|78,15|78,47|78,8|72,80|41,76|15,36|47,41/78,33=78,15,36,81,33
43,57|98,94|89,38|52,43|52,62|97,30|52,89|33,9|61,17|30,10|38,50|9,4|52,97|62,33|52,61|17,98|50,90|10,93|57,75|75,56/52,4=52,62,33,9,4
7,36|44,26|19,44|88,99|86,48|48,78|78,93|70,9|7,19|85,70|7,86|61,33|64,61|42,85|35,88|26,66|56,64|7,56|36,35|7,42/7,33=7,56,64,61,33
81,49|84,45|35,78|78,31|74,99|73,57|61,8|62,11|35,73|40,74|35,62|11,84|29,81|18,40|49,65|31,61|35,18|77,50|57,77|35,29/35,8=35,78,31,61,8
28,99|96,81|70,30|98,32|96,28|81,97|96,43|47,67|67,79|96,17|17,71|99,80|80,50|43,70|71,98|96,47|79,40|97,37|30,52|37,66/96,66=96,81,97,37,66
38,61|50,45|38,72|51,36|12,25|41,12|72,51|64,92|33,14|61,71|8,41|14,54|38,50|83,81|98,33|45,83|38,98|36,94|71,64|38,8/38,25=38,8,41,12,25
7,98|5,43|42,96|61,13|7,79|21,66|96,26|9,99|26,78|7,25|7,42|73,21|7,52|16,5|98,9|52,73|99,63|13,67|25,16|79,61/7,66=7,52,73,21,66
9,31|76,24|26,0|30,28|0,12|31,36|3,63|53,30|28,68|4,76|36,77|12,38|3,9|17,92|3,17|65,62|63,4|3,26|3,53|92,65/3,77=3,9,31,36,77
38,56|1,48|56,62|40,11|19,45|19,38|54,80|11,69|64,53|0,47|53,1|85,40|47,7|19,85|41,0|19,41|45,54|62,67|19,64|80,27/19,48=19,64,53,1,48
67,29|99,77|97,22|49,10|74,13|67,97|65,74|67,2|43,23|17,99|22,40|67,26|26,78|2,17|40,7|78,49|90,43|67,65|29,90|13,30/67,23=67,29,90,43,23
70,29|33,95|65,9|95,65|38,63|68,14|96,51|46,3|54,96|82,54|70,82|3,57|70,68|70,41|29,46|70,33|14,38|41,1|0,44|1,0/70,51=70,82,54,96,51
40,34|34,10|8,79|3,53|39,71|90,97|1,90|1,40|10,88|53,39|17,45|1,3|1,33|1,25|79,95|33,96|15,42|97,15|25,8|96,17/1,95=1,25,8,79,95
95,18|73,76|96,55|52,99|95,11|7,45|76,20|95,53|57,15|15,28|85,82|11,57|95,73|95,52|38,96|18,13|13,85|53,38|99,7|20,84/95,82=95,18,13,85,82
50,13|42,3|6,54|87,42|74,27|37,57|50,24|5,70|98,74|50,37|24,98|50,96|8,43|50,87|57,8|18,6|13,18|96,80|80,5|3,95/50,54=50,13,18,6,54
60,81|75,68|99,59|22,82|59,67|99,75|99,22|67,88|47,72|45,57|10,29|12,15|72,12|29,60|88,37|68,45|99,47|58,14|82,58|99,10/99,37=99,59,67,88,37
49,5|48,78|28,80|4,28|4,32|4,48|67,40|80,67|78,2|5,51|18,49|76,19|4,18|7,76|32,96|4,99|2,3|96,11|99,7|11,16/4,3=4,48,78,2,3
19,16|98,13|6,79|94,28|19,94|54,24|76,54|13,93|19,32|28,1|29,77|32,18|19,78|1,17|19,98|93,66|18,6|16,53|78,76|53,29/19,77=19,16,53,29,77
15,92|85,29|77,15|19,34|66,48|92,56|53,66|85,16|73,32|61,14|30,58|24,73|29,53|85,77|85,47|16,24|85,30|47,93|93,61|58,19/85,48=85,29,53,66,48
93,16|48,39|48,14|14,72|22,94|80,67|72,93|53,78|48,18|39,33|67,3|78,74|3,32|15,85|48,80|64,53|33,15|94,86|18,22|48,64/48,86=48,18,22,94,86
72,47|47,36|22,17|24,30|34,32|59,48|30,91|28,81|32,28|62,22|62,8|8,59|62,53|48,38|17,9|31,24|62,34|53,72|9,6|62,31/62,36=62,53,72,47,36
13,15|39,86|3,49|72,80|18,65|45,68|39,93|39,45|97,88|93,43|39,19|12,32|68,97|80,12|65,24|39,72|43,3|19,71|86,18|71,13/39,32=39,72,80,12,32
39,38|27,23|55,7|52,55|22,84|77,52|38,97|27,16|16,6|76,13|72,81|27,22|6,51|23,39|51,88|81,58|58,78|27,72|27,77|84,76/27,88=27,16,6,51,88
17,54|3,32|39,90|54,29|39,42|58,48|39,17|55,69|28,22|29,68|39,83|75,28|48,38|39,58|83,3|32,7|38,45|42,55|69,60|90,75/39,68=39,17,54,29,68
52,13|15,3|85,52|54,2|51,45|56,25|81,54|62,85|32,51|89,90|45,20|89,59|25,93|0,15|93,72|89,56|90,0|89,32|59,81|89,62/89,2=89,59,81,54,2
78,42|51,81|41,71|41,51|99,72|76,80|61,99|42,93|81,76|14,15|41,78|71,5|32,2|58,69|5,14|41,61|41,58|69,32|72,34|93,22/41,2=41,58,69,32,2
58,42|98,70|19,57|96,84|58,18|58,63|42,98|58,3|61,19|58,37|37,73|3,64|18,96|70,97|63,61|73,12|84,65|36,33|64,36|12,59/58,33=58,3,64,36,33
25,79|12,60|58,32|58,54|58,2|58,98|58,93|54,57|79,81|2,59|93,85|32,91|59,94|91,12|77,9|85,11|57,77|94,73|11,0|98,25/58,81=58,98,25,79,81
5,98|42,12|0,61|30,62|53,93|65,50|30,27|12,54|33,94|30,0|50,52|37,53|4,65|62,37|58,28|30,4|61,5|27,42|28,33|30,58/30,54=30,27,42,12,54
70,12|70,65|11,35|35,39|73,50|80,53|72,45|70,89|45,17|23,11|61,54|65,72|89,73|12,80|50,5|66,61|70,23|70,60|60,66|53,49/70,5=70,89,73,50,5
93,5|66,27|32,83|99,56|84,44|99,94|27,34|10,76|99,23|99,55|5,72|94,93|74,66|87,32|20,10|91,84|56,87|55,20|99,74|23,91/99,34=99,74,66,27,34
49,78|3,79|55,42|33,22|72,28|79,45|49,3|22,44|17,38|49,17|78,55|49,20|46,65|44,87|45,52|42,63|38,46|49,33|20,72|28,93/49,63=49,78,55,42,63
99,89|37,28|63,55|50,9|40,99|89,76|73,79|28,77|53,50|75,73|9,83|63,75|63,53|55,57|11,29|63,37|63,40|57,11|77,46|79,4/63,46=63,37,28,77,46
53,59|72,30|45,5|50,53|16,7|1,87|1,50|61,72|20,16|1,61|22,28|60,20|30,27|75,22|66,45|58,75|1,60|87,66|1,58|59,78/1,28=1,58,75,22,28
50,99|58,23|0,97|92,50|31,16|45,62|16,64|23,19|12,0|99,82|25,12|28,30|87,1|28,92|62,87|30,31|28,25|13,58|28,45|28,13/28,97=28,25,12,0,97
68,46|21,32|22,16|1,56|39,73|7,3|5,7|86,21|98,85|75,51|73,68|85,18|98,81|98,86|98,22|32,66|98,39|18,1|16,75|81,5/98,46=98,39,73,68,46
80,62|56,9|76,14|23,63|56,53|4,87|2,74|95,76|62,23|9,79|74,81|56,80|37,51|79,8|28,2|51,4|56,37|8,68|53,95|56,28/56,14=56,53,95,76,14
39,61|61,56|86,90|90,80|80,2|12,63|33,17|15,76|86,87|17,64|86,12|13,10|86,39|87,45|45,15|2,92|67,33|86,67|63,13|56,30/86,64=86,67,33,17,64
90,4|4,81|35,64|59,67|12,94|13,26|28,90|28,69|41,48|28,75|28,41|71,35|48,12|67,13|83,29|69,71|28,59|81,38|75,78|78,83/28,94=28,41,48,12,94
64,28|2,84|47,74|44,60|58,21|86,88|38,64|7,30|88,4|21,7|2,89|87,29|76,47|29,44|2,78|78,76|89,86|2,87|2,58|84,38/2,4=2,89,86,88,4
95,13|5,62|68,8|8,67|19,84|97,53|67,40|28,3|39,54|5,11|84,95|99,97|59,28|3,41|17,39|5,59|11,17|5,19|62,99|5,68/5,53=5,62,99,97,53
3,33|5,94|98,85|78,80|99,2|85,43|6,11|15,86|63,78|7,93|98,99|94,81|43,6|98,5|93,3|24,63|81,92|2,15|98,24|98,7/98,80=98,24,63,78,80
84,38|43,77|66,84|13,66|16,68|75,4|89,95|75,13|39,47|75,20|77,25|75,14|35,48|61,16|20,43|14,76|4,61|95,35|76,39|75,89/75,47=75,14,76,39,47
16,72|58,70|78,58|16,53|95,22|45,0|16,45|60,49|97,29|53,95|29,33|0,99|49,19|22,1|26,78|16,31|16,26|31,60|72,97|99,63/16,19=16,31,60,49,19
46,50|46,94|46,87|91,17|87,91|46,75|40,31|75,56|6,43|39,24|56,6|32,40|63,32|17,73|24,2|15,1|1,61|46,63|50,39|94,15/46,31=46,63,32,40,31
95,13|66,6|10,15|15,54|73,91|53,65|60,23|60,27|89,73|60,87|54,12|23,95|27,89|60,66|60,10|88,8|32,53|6,88|13,40|87,32/60,12=60,10,15,54,12
75,71|10,99|71,50|50,58|79,24|45,84|90,89|7,90|84,11|75,93|75,21|21,7|99,18|75,79|56,54|93,10|75,42|24,56|42,45|58,2/75,54=75,79,24,56,54
22,4|45,82|83,68|83,77|83,27|83,50|27,10|10,89|32,16|37,45|77,98|68,79|98,71|16,22|79,38|71,0|83,32|89,91|50,37|38,12/83,12=83,68,79,38,12
36,70|75,97|1,36|18,65|53,6|92,66|45,85|45,58|97,94|85,19|80,4|45,1|58,75|61,76|4,61|66,53|70,54|19,18|45,80|45,92/45,65=45,85,19,18,65
32,8|21,83|23,43|3,23|32,3|43,50|69,62|42,44|74,42|62,47|32,78|32,1|1,74|78,69|41,82|8,21|7,27|83,65|32,7|27,41/32,44=32,1,74,42,44
69,83|63,81|33,32|78,51|33,39|67,55|61,20|54,99|12,18|99,12|32,63|42,95|83,61|64,78|81,66|33,67|55,42|33,54|39,64|33,69/33,20=33,69,83,61,20
40,91|77,89|81,76|18,7|89,72|83,59|29,62|76,40|77,81|62,86|72,43|0,83|7,85|77,18|85,92|43,34|77,0|59,95|42,29|77,42/77,92=77,18,7,85,92
29,17|15,96|62,84|40,62|35,40|48,25|1,44|84,68|96,91|35,15|91,57|17,92|66,53|35,50|53,48|44,71|92,10|50,1|35,29|35,66/35,10=35,29,17,92,10
27,19|81,83|50,45|20,76|10,35|5,29|29,52|35,77|45,8|85,3|10,67|21,90|19,21|1,50|10,81|10,27|67,5|83,20|77,85|10,1/10,76=10,81,83,20,76
85,19|85,11|85,99|94,45|99,9|31,72|11,28|75,47|85,93|93,62|28,71|19,21|71,61|62,18|44,33|85,31|18,84|9,94|21,44|72,75/85,47=85,31,72,75,47
48,88|25,2|25,24|4,68|45,14|17,84|76,22|24,35|2,45|99,39|15,76|92,71|39,92|25,23|35,48|25,99|84,4|14,41|23,15|25,17/25,68=25,17,84,4,68
1,69|35,29|81,94|52,26|49,52|56,64|75,41|62,28|41,84|26,35|84,8|60,18|45,76|28,81|49,56|49,62|49,75|64,45|49,60|18,1/49,8=49,75,41,84,8
58,30|86,55|27,72|58,24|58,43|19,86|58,19|83,36|4,14|30,83|43,4|18,27|58,77|24,18|91,23|77,2|36,90|2,91|14,39|55,82/58,23=58,77,2,91,23
27,54|60,28|36,89|54,60|7,70|55,4|7,71|7,66|73,61|25,63|70,36|68,25|89,95|7,27|4,99|61,50|71,55|65,68|66,73|7,65/7,95=7,70,36,89,95
49,21|40,83|51,31|29,40|83,74|50,49|28,69|29,51|29,66|31,34|18,28|74,48|29,18|34,53|29,50|91,95|66,77|77,91|69,0|21,76/29,76=29,50,49,21,76
35,4|5,61|14,17|35,93|4,28|12,15|93,16|17,5|16,45|72,32|31,54|35,14|45,62|29,52|35,31|35,18|28,12|32,50|18,72|54,29/35,62=35,93,16,45,62
54,40|87,83|45,68|29,28|54,87|12,21|48,96|27,7|54,29|54,71|77,93|71,82|82,52|93,12|73,27|52,65|40,73|83,45|54,77|28,48/54,96=54,29,28,48,96
60,32|14,36|4,33|32,17|52,81|2,96|1,61|12,75|63,44|60,12|60,4|75,2|59,65|40,85|60,40|17,59|33,63|60,52|85,1|81,14/60,61=60,40,85,1,61
38,5|60,8|98,20|21,36|38,60|38,6|8,74|69,79|11,12|22,49|48,98|36,11|49,31|31,35|74,34|6,48|38,22|38,21|79,63|5,69/38,12=38,21,36,11,12
17,57|93,16|42,3|17,59|94,39|17,73|59,27|57,69|79,40|96,1|1,93|17,87|69,20|17,96|38,42|27,94|20,76|73,80|80,79|87,38/17,76=17,57,69,20,76
58,4|70,74|41,22|75,90|2,63|63,89|39,41|37,71|88,44|21,55|75,56|75,37|75,70|56,39|75,2|84,58|89,28|90,84|74,88|71,21/75,4=75,90,84,58,4
32,29|24,3|85,89|92,14|66,24|32,19|91,27|32,85|97,37|76,54|29,23|87,76|19,66|27,92|23,45|54,6|32,91|89,97|32,87|45,81/32,6=32,87,76,54,6
22,4|89,91|83,27|83,77|83,32|83,68|32,79|79,71|50,98|10,89|77,16|27,37|16,45|98,22|37,38|45,0|83,50|71,82|68,10|38,12/83,12=83,27,37,38,12
55,98|50,12|50,82|50,72|12,42|87,48|50,87|64,52|65,40|72,66|52,36|66,43|50,64|43,35|36,56|42,55|48,9|76,65|82,76|9,1/50,35=50,72,66,43,35
81,66|72,31|44,12|81,99|62,60|66,22|69,71|22,44|9,0|81,9|38,62|23,38|0,67|99,72|67,16|81,23|80,48|31,8|81,80|48,69/81,12=81,66,22,44,12
28,47|64,57|30,76|3,23|88,79|69,37|69,64|14,88|26,28|69,59|76,3|37,87|87,61|43,12|59,14|61,58|57,43|47,22|69,26|69,30/69,58=69,37,87,61,58
66,18|67,61|66,24|84,55|15,62|37,74|66,67|18,44|44,3|26,97|62,14|74,28|66,65|45,84|24,15|3,5|88,37|61,26|65,45|66,88/66,28=66,88,37,74,28
78,81|79,53|38,50|69,79|34,9|6,88|81,98|27,34|51,27|64,6|51,87|9,83|87,69|41,38|51,52|50,2|49,64|51,41|51,49|52,78/51,98=51,52,78,81,98
41,61|65,62|0,78|96,1|91,48|65,41|61,91|65,38|38,79|78,40|65,19|74,93|79,20|65,0|10,96|54,74|40,77|20,49|62,54|19,10/65,1=65,19,10,96,1
27,10|97,42|48,88|6,48|36,81|81,23|46,57|23,55|74,97|46,74|46,30|68,12|61,27|46,36|57,6|46,86|86,61|42,1|79,68|30,79/46,1=46,74,97,42,1
30,34|38,40|46,4|75,85|42,6|40,46|37,13|30,75|24,86|30,38|13,41|30,24|53,59|59,42|62,97|30,53|82,68|86,62|34,37|85,82/30,41=30,34,37,13,41
88,29|76,42|12,25|88,89|77,1|89,84|88,16|88,20|88,77|42,8|29,58|84,49|49,74|20,76|43,97|7,12|16,7|69,41|1,69|58,43/88,25=88,16,7,12,25
63,73|42,4|33,9|63,38|13,91|4,76|63,56|91,21|63,33|38,42|73,93|87,72|93,1|21,20|1,71|56,46|46,87|12,94|9,12|63,13/63,72=63,56,46,87,72
34,28|53,70|55,4|74,42|45,60|4,34|55,67|55,22|56,2|55,45|33,74|67,33|26,78|82,56|38,80|22,82|78,38|60,53|55,26|28,29/55,80=55,26,78,38,80
70,89|54,21|16,70|89,97|58,69|13,64|16,13|16,10|97,79|49,56|16,18|81,12|10,84|27,58|64,54|18,27|3,49|56,73|84,81|16,3/16,69=16,18,27,58,69
54,39|30,53|75,37|28,55|11,92|11,88|11,97|55,71|11,30|39,14|53,40|92,86|86,87|97,28|40,15|65,35|88,54|87,78|11,65|35,75/11,71=11,97,28,55,71
6,86|6,54|9,18|99,87|56,9|6,56|36,88|86,99|58,36|18,76|63,70|6,53|87,30|88,13|73,93|54,80|53,63|6,58|70,26|80,73/6,26=6,53,63,70,26
1,73|43,93|50,83|30,50|1,43|73,67|42,6|39,99|21,19|0,21|67,20|69,30|99,84|1,69|1,39|84,87|19,14|93,42|20,76|1,0/1,83=1,69,30,50,83
64,42|88,49|75,13|17,85|94,82|86,11|3,75|65,18|11,17|65,54|55,88|82,64|49,95|65,94|65,55|54,34|34,7|18,3|7,98|65,86/65,13=65,18,3,75,13
9,30|58,66|11,39|58,11|55,14|44,56|39,34|66,9|30,59|58,52|58,23|21,44|16,91|58,55|10,71|23,10|34,90|52,21|14,16|71,5/58,5=58,23,10,71,5
73,56|88,73|50,57|93,88|57,17|67,51|51,74|93,43|52,55|27,3|55,85|93,52|74,8|93,27|93,67|85,38|48,0|3,48|56,49|43,50/93,49=93,88,73,56,49
32,91|89,49|51,62|71,93|71,31|49,70|22,51|62,94|78,48|55,81|71,22|1,34|31,1|71,42|42,88|34,46|48,55|71,78|93,89|88,32/71,91=71,42,88,32,91
49,67|7,99|77,89|18,86|67,59|7,22|81,4|99,28|89,94|86,6|7,77|7,47|47,12|7,0|28,81|0,18|25,78|12,25|22,49|94,29/7,4=7,99,28,81,4
45,46|96,95|14,86|97,7|92,94|14,97|66,58|7,92|82,62|95,66|14,71|20,15|43,45|59,20|14,96|62,91|46,93|71,59|14,43|86,82/14,93=14,43,45,46,93
54,85|1,57|74,21|79,10|75,79|21,30|74,75|74,39|30,20|6,92|20,38|53,6|85,47|98,1|10,7|39,54|74,53|92,94|74,49|49,98/74,94=74,53,6,92,94
65,57|48,95|44,82|35,73|83,17|23,99|93,40|99,56|98,93|83,44|40,25|83,65|83,98|95,32|70,52|17,48|57,35|82,70|83,23|56,96/83,25=83,98,93,40,25
99,45|49,47|62,68|65,52|24,43|32,66|62,30|64,65|30,20|62,64|20,24|67,21|21,49|66,99|52,74|68,63|62,67|63,29|29,98|62,32/62,98=62,68,63,29,98
50,76|50,78|3,0|13,32|32,12|78,59|50,49|59,3|57,90|54,67|50,47|47,54|90,81|12,75|67,7|76,2|2,71|50,13|49,57|71,4/50,7=50,47,54,67,7
73,62|38,73|9,79|8,36|38,71|13,89|36,47|38,27|61,31|97,13|47,20|38,97|79,21|62,35|71,9|31,3|89,72|27,61|38,8|35,12/38,72=38,97,13,89,72
81,22|94,81|25,67|75,3|95,32|74,64|95,30|64,25|3,43|95,60|60,94|46,18|95,74|30,46|91,26|20,75|32,91|95,20|18,17|26,40/95,17=95,30,46,18,17
54,58|43,95|79,40|46,4|29,68|67,94|19,72|58,19|85,81|29,1|4,77|68,23|77,51|40,43|23,85|9,67|1,9|29,79|29,46|29,54/29,72=29,54,58,19,72
72,59|51,29|45,98|45,79|45,76|70,55|45,51|76,70|79,10|75,4|33,86|98,75|55,80|19,17|59,19|4,30|29,33|45,72|57,42|10,57/45,86=45,51,29,33,86
76,24|48,63|0,47|99,0|70,99|11,48|21,85|77,98|15,93|98,11|85,68|24,78|77,15|77,21|77,76|78,69|93,74|77,70|68,45|74,5/77,47=77,70,99,0,47
83,34|1,95|20,43|20,78|91,5|3,51|95,38|62,30|20,26|78,91|20,7|20,8|26,62|7,1|5,37|36,83|51,82|43,36|8,3|30,27/20,37=20,78,91,5,37
59,30|31,25|50,91|30,55|80,88|88,32|84,31|71,74|71,93|91,19|71,58|71,59|71,80|48,70|32,52|93,45|55,61|58,50|74,84|45,48/71,52=71,80,88,32,52
74,68|78,74|2,80|58,64|97,85|97,78|72,25|97,55|20,91|91,12|64,0|80,57|39,72|68,53|97,3|3,2|14,39|55,20|85,58|97,14/97,12=97,55,20,91,12
92,73|34,83|28,20|48,44|28,93|32,55|79,32|19,96|56,64|28,34|44,47|64,90|83,19|90,12|20,92|28,56|55,78|93,48|73,13|28,79/28,13=28,20,92,73,13
73,71|45,73|14,2|45,54|64,5|85,13|54,96|87,6|92,85|13,83|96,63|45,93|63,55|5,31|45,92|93,84|45,34|34,64|84,14|71,87/45,6=45,73,71,87,6
42,1|62,40|81,70|70,77|37,32|32,81|40,45|34,42|13,61|37,80|37,88|61,23|37,34|80,68|68,7|88,13|7,31|35,62|37,35|1,99/37,31=37,80,68,7,31
65,11|10,65|10,99|38,70|81,73|93,38|64,14|10,76|40,93|76,82|82,49|49,5|69,31|99,69|75,64|11,81|10,40|14,77|31,74|10,75/10,73=10,65,11,81,73
16,6|6,44|10,99|24,10|16,2|16,71|28,27|23,90|48,77|2,42|88,73|42,28|16,23|77,0|16,48|0,95|90,7|7,57|44,88|71,24/16,99=16,71,24,10,99
74,31|78,77|26,19|26,43|22,47|47,39|26,89|55,80|54,67|26,71|19,22|26,95|77,75|43,78|58,54|89,41|31,98|71,58|95,74|41,55/26,75=26,43,78,77,75
90,85|28,1|73,61|40,75|71,73|63,33|85,40|71,57|6,45|71,78|86,17|78,41|71,63|61,13|57,27|13,7|27,28|33,86|41,6|71,90/71,45=71,78,41,6,45
32,47|47,36|22,17|24,48|53,59|72,30|48,38|9,81|59,9|62,22|62,8|8,72|62,34|30,6|17,28|31,24|62,53|34,32|28,91|62,31/62,36=62,34,32,47,36
53,95|94,53|32,14|40,2|38,50|26,49|50,22|20,5|35,94|26,32|17,60|26,68|5,17|26,20|68,38|49,12|14,25|25,61|12,40|26,35/26,61=26,32,14,25,61
31,43|5,18|51,8|57,41|79,39|18,57|40,79|84,12|24,33|41,81|33,61|5,24|39,73|61,99|5,65|5,31|19,51|43,84|65,19|5,40/5,12=5,31,43,84,12
30,0|89,40|26,1|0,56|26,72|8,30|45,89|79,77|65,54|26,8|69,33|72,64|33,11|11,76|26,37|37,45|26,69|64,79|1,65|54,48/26,48=26,1,65,54,48
52,76|23,83|78,5|54,73|78,95|95,54|78,53|41,36|5,93|53,56|78,62|91,18|62,17|83,58|58,55|78,23|73,84|56,52|17,41|93,91/78,84=78,95,54,73,84
20,54|95,56|42,91|95,51|65,2|95,45|61,70|97,57|57,35|95,96|77,65|51,97|84,42|15,61|54,55|79,84|56,77|95,79|45,20|96,15/95,2=95,56,77,65,2
80,67|66,40|35,91|67,66|71,7|64,23|70,72|64,47|48,96|91,10|10,37|7,87|72,1|61,70|64,80|96,38|23,71|64,35|64,61|47,48/64,37=64,35,91,10,37
90,3|50,91|31,12|81,9|82,50|67,29|82,45|49,84|4,26|29,49|82,67|21,48|82,21|91,31|3,40|45,89|59,90|48,4|82,59|89,81/82,9=82,45,89,81,9
71,60|81,47|33,25|78,44|86,94|33,15|62,45|33,84|33,50|18,64|50,78|25,18|44,66|84,55|64,42|47,71|3,62|55,86|33,81|15,3/33,42=33,25,18,64,42
97,52|3,81|36,82|28,36|90,12|91,80|81,91|43,28|3,70|14,94|3,43|29,90|13,29|99,97|52,83|80,84|3,13|70,14|3,99|94,16/3,16=3,70,14,94,16
64,2|60,64|1,25|93,1|42,38|77,44|38,74|93,42|40,77|93,6|11,36|6,63|74,28|25,11|79,55|63,79|44,15|93,40|93,60|2,51/93,51=93,60,64,2,51
13,8|17,80|27,31|17,49|17,21|85,26|26,23|21,85|31,13|66,59|42,66|32,60|44,55|55,32|49,42|17,44|80,34|17,27|48,33|34,48/17,60=17,44,55,32,60
74,73|93,76|33,90|69,66|96,23|54,55|96,20|87,88|96,35|35,69|95,87|23,93|55,33|96,47|76,22|96,54|47,74|20,95|66,0|73,18/96,18=96,47,74,73,18
34,55|34,5|48,1|34,53|82,74|92,85|34,46|95,82|29,42|52,77|53,29|42,13|5,66|66,52|55,95|11,6|34,48|1,92|6,64|46,11/34,77=34,5,66,52,77
16,66|92,40|99,34|14,92|53,5|32,57|94,53|16,58|6,99|57,77|43,64|74,43|38,74|66,6|16,2|16,38|2,94|16,32|58,14|77,86/16,64=16,38,74,43,64
75,30|4,44|21,77|87,1|84,89|21,75|77,72|72,15|81,94|69,3|54,84|21,76|21,69|30,87|73,54|44,13|3,81|21,73|15,67|76,4/21,13=21,76,4,44,13
19,40|19,13|89,78|75,89|40,65|30,88|13,45|19,14|19,30|65,4|4,10|88,51|54,39|14,75|45,54|36,67|19,36|67,74|74,77|51,60/19,77=19,36,67,74,77
7,95|28,56|6,17|92,38|97,6|14,61|3,92|41,3|28,14|30,10|56,82|28,33|82,30|95,0|28,41|0,32|61,67|33,97|28,7|67,26/28,38=28,41,3,92,38
85,50|14,20|56,67|72,93|67,70|58,56|20,41|44,61|77,62|58,77|61,72|70,37|58,14|58,44|60,55|63,85|50,99|62,60|41,47|58,63/58,93=58,44,61,72,93
21,84|86,76|91,23|24,37|37,10|84,44|95,22|21,63|0,66|61,79|63,20|32,0|21,91|23,86|65,32|20,61|21,3|44,95|3,24|21,65/21,79=21,63,20,61,79
31,46|65,76|25,79|68,64|67,65|37,57|68,85|68,3|35,16|68,44|64,58|85,67|68,2|44,33|57,70|51,31|58,35|2,37|3,51|33,25/68,16=68,64,58,35,16
80,95|65,57|99,71|47,25|73,59|21,52|81,90|21,65|52,81|33,68|21,33|90,3|57,47|21,11|71,37|48,99|21,48|95,45|11,80|68,73/21,25=21,65,57,47,25
89,98|21,10|20,30|35,15|45,16|51,49|16,92|21,66|92,93|15,85|98,37|21,56|21,45|21,87|87,89|66,88|91,20|88,51|56,35|10,91/21,93=21,45,16,92,93
19,47|71,45|19,39|19,93|18,80|35,96|20,71|88,56|87,62|84,35|42,18|39,42|96,17|45,7|19,84|86,88|93,86|19,20|62,57|47,87/19,57=19,47,87,62,57
32,99|76,45|4,34|79,18|45,32|85,11|12,85|79,29|79,12|83,91|18,31|11,27|60,42|35,4|88,63|29,35|79,76|79,60|31,88|42,83/79,34=79,29,35,4,34
44,57|7,49|57,5|15,99|49,15|16,70|7,55|7,38|61,60|7,45|70,66|14,27|27,64|60,33|38,16|7,14|64,52|55,44|45,61|99,68/7,66=7,38,16,70,66
7,30|46,4|63,22|80,66|4,65|47,26|47,28|17,7|64,45|88,1|47,63|22,12|12,10|47,88|91,64|28,17|1,80|26,46|47,57|57,91/47,45=47,57,91,64,45
61,48|88,5|74,12|57,3|3,83|77,74|95,30|73,77|7,19|61,57|5,54|83,1|61,59|61,32|48,88|32,75|61,73|75,95|36,7|59,36/61,54=61,48,88,5,54
81,32|79,1|1,20|5,79|80,18|39,5|12,21|60,99|39,70|39,80|13,65|70,60|18,12|25,16|32,59|39,25|39,81|16,13|99,91|59,54/39,54=39,81,32,59,54
36,33|33,79|8,30|99,63|58,66|87,27|9,4|9,37|86,45|9,58|85,99|37,85|66,96|45,57|30,87|4,86|79,54|9,8|9,36|96,31/9,54=9,36,33,79,54
66,86|65,83|83,19|5,26|8,65|5,50|84,39|26,4|5,43|33,74|55,60|37,55|36,33|5,36|43,84|50,37|74,59|4,66|5,8|39,98/5,98=5,43,84,39,98
31,10|20,78|13,44|9,8|85,9|43,62|10,29|44,37|97,31|99,92|78,93|79,13|38,89|38,97|38,85|38,79|8,83|38,99|92,43|89,20/38,37=38,79,13,44,37
84,49|43,25|78,0|5,11|46,43|0,83|46,5|56,14|14,81|6,84|46,56|11,33|83,92|25,94|81,54|46,78|46,6|49,10|94,42|33,1/46,54=46,56,14,81,54
8,16|85,71|30,38|47,5|89,94|58,70|30,89|41,11|30,8|69,7|70,14|16,41|30,58|17,29|94,17|38,47|14,49|30,69|7,85|5,51/30,49=30,58,70,14,49
33,9|37,65|25,23|9,50|70,22|65,83|42,45|37,72|83,8|58,48|35,33|76,70|37,24|37,25|72,39|39,58|8,98|23,42|24,76|37,35/37,48=37,72,39,58,48
49,64|96,55|82,16|55,33|38,97|64,62|16,38|44,49|59,0|33,53|96,82|96,60|96,59|96,44|95,10|53,87|61,28|0,95|60,61|28,27/96,62=96,44,49,64,62
18,61|5,9|24,71|2,23|18,83|83,76|18,2|70,29|48,47|76,70|77,24|68,97|97,50|47,19|52,77|18,68|61,48|50,16|23,5|18,52/18,9=18,2,23,5,9
7,85|3,17|75,13|49,95|94,82|86,11|34,75|65,54|11,49|65,18|55,3|82,7|17,42|65,94|65,55|18,88|88,64|54,34|64,98|65,86/65,13=65,54,34,75,13
35,91|0,52|91,62|28,50|35,48|12,58|50,8|62,33|33,59|38,19|35,28|8,30|52,12|21,49|19,21|35,38|35,0|29,80|48,53|53,29/35,59=35,91,62,33,59
24,0|33,19|24,33|17,57|61,18|71,91|83,77|19,25|77,17|60,54|24,43|18,35|43,68|24,71|0,61|91,15|15,46|25,30|68,60|24,83/24,35=24,0,61,18,35
21,39|53,93|57,17|23,45|76,29|26,8|93,76|57,95|57,53|17,89|43,38|58,43|57,21|95,58|8,97|89,23|39,49|91,26|49,30|57,91/57,30=57,21,39,49,30
54,28|30,14|39,75|30,63|35,10|30,12|10,74|75,73|38,80|43,71|63,18|28,43|92,22|22,96|30,54|18,38|73,15|12,92|14,35|30,39/30,74=30,14,35,10,74
56,63|91,86|88,6|24,8|63,39|6,49|39,91|25,18|18,30|96,41|19,32|76,25|73,29|61,88|56,76|56,61|56,24|56,19|32,73|8,96/56,49=56,61,88,6,49
55,41|8,47|28,86|21,99|87,33|21,6|16,8|20,28|42,46|11,5|21,87|58,16|21,20|99,61|33,42|6,11|21,58|86,97|5,27|61,55/21,27=21,6,11,5,27
57,5|84,56|25,26|17,25|32,46|71,2|4,32|6,71|17,75|75,6|17,30|26,84|24,14|17,90|95,57|34,4|17,34|30,24|90,95|14,91/17,46=17,34,4,32,46
14,95|2,45|74,73|38,43|38,23|80,48|62,14|90,2|38,62|38,80|94,9|38,90|46,57|95,93|23,40|32,74|43,32|45,92|40,46|48,94/38,92=38,90,2,45,92
89,72|10,12|9,36|86,83|72,63|83,53|94,15|36,88|48,51|94,21|3,10|53,61|94,86|63,91|94,89|21,9|51,38|8,48|94,8|15,3/94,91=94,89,72,63,91
21,59|30,19|13,97|59,35|83,21|18,63|86,78|13,18|5,32|13,70|8,67|11,22|22,30|97,5|13,83|32,92|70,8|13,11|63,86|67,36/13,19=13,11,22,30,19
18,94|87,96|27,52|36,9|18,35|18,44|94,90|44,36|12,17|18,37|22,80|43,68|35,64|18,22|96,82|90,27|37,87|9,69|64,43|80,12/18,69=18,44,36,9,69
87,13|44,53|45,83|70,54|65,16|76,79|76,87|25,70|76,50|86,98|50,65|58,45|13,86|76,58|79,74|74,44|83,21|16,15|32,25|76,32/76,98=76,87,13,86,98
11,81|57,18|59,93|53,37|5,1|12,5|81,23|78,75|59,58|59,53|75,50|91,12|93,57|37,61|59,91|15,11|59,15|18,41|61,73|58,78/59,50=59,58,78,75,50
31,64|37,15|81,8|60,77|22,50|15,28|93,38|56,92|93,37|54,22|79,60|93,56|93,31|92,81|28,19|38,54|77,65|64,18|93,79|18,11/93,65=93,79,60,77,65
38,14|61,8|59,80|55,17|59,0|59,38|65,40|80,61|0,55|90,95|17,79|14,12|59,60|40,93|89,65|95,86|8,74|12,33|60,90|59,89/59,79=59,0,55,17,79
22,84|81,77|10,6|59,1|42,69|13,59|73,20|73,42|90,10|89,66|77,2|20,13|73,17|73,89|17,90|69,22|66,97|73,55|55,81|97,37/73,2=73,55,81,77,2
22,48|41,23|23,39|83,57|45,94|55,10|74,88|88,82|73,47|94,73|60,83|48,55|41,74|57,40|41,45|39,92|82,84|41,22|92,19|41,60/41,10=41,22,48,55,10
29,25|17,58|25,64|79,49|74,99|37,57|79,14|49,37|72,98|2,30|14,10|79,2|52,60|60,74|79,52|10,17|30,72|57,26|64,34|79,29/79,34=79,29,25,64,34
57,13|12,86|76,66|33,71|56,47|33,76|53,4|16,39|58,53|86,29|33,92|95,56|33,21|22,83|21,95|39,22|92,12|33,16|66,57|71,58/33,47=33,21,95,56,47
68,45|94,40|71,13|31,71|96,95|13,29|29,84|31,0|46,69|31,46|69,96|70,93|91,19|16,70|31,91|19,68|0,16|31,15|40,30|15,94/31,30=31,15,94,40,30
45,29|84,41|56,92|25,94|67,86|87,13|77,67|13,49|36,46|29,84|36,38|36,45|36,25|38,21|46,77|21,14|49,75|36,87|14,95|94,56/36,41=36,45,29,84,41
76,87|96,37|16,88|49,24|41,10|41,54|41,19|41,25|54,96|37,45|19,53|25,49|41,16|74,61|88,22|10,60|22,59|24,35|53,76|60,74/41,45=41,54,96,37,45
40,69|10,40|10,65|14,74|81,73|11,14|82,31|10,99|76,11|99,64|64,49|49,5|93,38|65,93|75,82|69,81|10,76|31,77|38,70|10,75/10,73=10,40,69,81,73
74,34|14,74|37,49|16,32|49,50|60,88|88,81|68,53|11,40|11,67|62,75|35,37|75,16|23,68|11,35|67,14|11,15|11,62|15,23|40,60/11,50=11,35,37,49,50
12,60|79,38|44,37|38,76|79,44|61,54|7,40|77,12|40,21|92,62|34,56|37,34|31,77|26,7|79,31|79,92|79,26|62,61|76,78|78,46/79,60=79,31,77,12,60
78,31|14,50|5,98|78,0|78,23|23,61|31,39|89,4|39,89|78,42|12,5|61,92|78,94|81,22|22,97|92,55|0,81|94,8|8,14|42,12/78,55=78,23,61,92,55
70,71|90,27|70,75|37,52|62,23|70,96|2,46|71,2|70,37|28,87|46,21|5,28|75,5|1,62|20,43|82,1|52,20|29,90|96,29|70,82/70,43=70,37,52,20,43
21,54|29,94|29,70|18,52|60,27|29,61|52,13|98,47|94,98|84,99|29,82|82,25|61,78|70,60|47,6|27,74|29,18|25,84|13,55|78,21/29,99=29,82,25,84,99
71,98|72,19|86,67|16,2|9,93|35,91|21,86|91,84|35,57|84,71|35,79|39,88|66,39|35,90|2,69|93,72|79,21|90,16|35,9|57,66/35,88=35,57,66,39,88
20,64|55,20|2,72|58,68|97,85|97,55|80,57|97,78|39,91|91,12|68,25|72,0|74,80|64,53|97,3|3,2|14,74|78,39|85,58|97,14/97,12=97,78,39,91,12
93,72|89,27|91,6|72,80|6,79|84,40|12,89|33,38|38,11|80,55|33,93|15,91|47,29|40,50|11,47|33,28|33,15|27,3|28,84|33,12/33,50=33,28,84,40,50
6,86|30,65|28,37|61,0|43,50|21,68|48,35|99,2|48,64|86,51|35,59|64,71|51,4|71,28|48,6|50,61|48,43|59,99|65,21|48,30/48,2=48,35,59,99,2
35,14|3,20|25,19|20,79|70,3|12,61|11,7|64,68|11,25|65,29|19,40|48,12|11,85|7,65|85,48|40,66|29,42|11,64|68,35|11,70/11,14=11,64,68,35,14
51,42|90,29|20,95|26,54|24,51|31,24|76,31|95,89|29,15|77,58|69,20|46,77|15,63|76,90|76,68|76,69|58,53|54,55|68,26|76,46/76,63=76,90,29,15,63
10,69|40,64|42,10|69,67|94,14|40,49|2,46|33,56|24,97|35,94|40,74|49,35|64,34|40,47|47,33|56,17|40,42|34,2|97,61|74,24/40,67=40,42,10,69,67
32,67|54,21|4,17|47,45|46,13|46,4|46,54|0,39|39,97|21,84|46,8|17,66|76,0|46,76|66,1|8,81|98,47|81,32|13,98|84,85/46,67=46,8,81,32,67
78,16|78,21|32,1|20,86|69,89|16,28|78,59|82,11|88,50|73,33|33,42|28,20|78,32|78,82|76,62|1,69|11,88|21,92|59,73|92,76/78,50=78,82,11,88,50
4,23|67,54|65,22|4,30|58,20|4,1|48,46|1,71|20,99|51,28|23,58|57,25|10,60|60,67|30,56|56,51|71,65|4,48|46,57|4,10/4,28=4,30,56,51,28
46,6|11,68|0,91|11,0|40,50|47,99|88,79|11,43|43,76|76,56|69,63|68,46|50,53|99,88|11,47|24,40|11,24|56,84|91,69|6,1/11,63=11,0,91,69,63
89,17|14,74|22,62|1,85|3,14|21,19|66,89|2,86|3,76|74,22|3,1|85,95|95,8|3,63|63,30|54,66|76,2|30,21|86,55|3,54/3,8=3,1,85,95,8
79,68|79,8|79,74|33,63|1,38|95,44|84,2|38,90|79,27|8,97|68,1|27,42|42,95|45,22|2,33|94,45|79,84|74,94|97,34|34,46/79,90=79,68,1,38,90
41,66|65,92|37,33|38,79|92,13|37,48|56,59|66,26|58,38|80,2|57,41|37,57|33,58|2,64|59,99|37,65|13,3|48,56|37,80|64,52/37,26=37,57,41,66,26
24,76|80,53|88,94|59,24|12,57|80,3|19,73|14,51|80,64|70,9|64,59|3,66|66,19|9,14|53,12|38,88|57,48|16,38|80,16|80,70/80,73=80,3,66,19,73
15,26|58,86|23,98|38,45|53,91|42,63|61,10|49,15|38,44|44,49|5,58|10,23|38,67|30,53|38,75|63,31|75,42|38,61|67,5|45,30/38,98=38,61,10,23,98
21,27|21,95|35,34|72,13|13,65|64,35|92,62|29,48|21,41|87,26|95,50|86,55|27,64|50,29|65,6|21,92|21,72|62,86|41,11|11,87/21,48=21,95,50,29,48
78,95|4,6|82,25|33,9|96,66|22,41|82,90|49,64|9,49|66,80|48,4|5,22|82,50|82,33|50,96|82,78|90,48|25,5|2,71|95,2/82,6=82,90,48,4,6
15,52|8,13|39,5|39,74|39,36|39,81|5,59|39,69|23,19|69,43|59,15|36,25|82,17|43,65|25,8|65,94|17,38|81,44|44,23|74,82/39,94=39,69,43,65,94
53,35|39,86|71,45|50,53|20,43|47,18|71,47|43,39|26,22|42,84|22,96|71,50|18,23|71,20|71,42|35,7|84,73|23,64|73,62|45,26/71,64=71,47,18,23,64
95,2|95,18|22,61|2,29|95,92|34,40|87,10|12,39|10,77|77,9|18,34|29,97|95,87|97,44|40,51|42,12|92,13|95,54|13,22|54,42/95,61=95,92,13,22,61
9,54|85,73|91,31|58,61|22,38|45,23|13,21|12,0|45,9|23,85|73,7|54,58|83,12|45,13|45,83|21,22|20,98|0,84|45,91|31,20/45,61=45,9,54,58,61
64,70|64,78|71,97|3,59|64,21|64,54|64,47|49,86|78,74|59,55|54,49|56,90|21,12|45,56|47,45|13,32|70,3|12,13|74,71|86,17/64,17=64,54,49,86,17
50,58|71,37|1,88|1,4|2,19|88,8|1,27|1,41|4,74|87,79|38,33|33,99|8,2|37,80|74,73|73,53|79,50|27,71|41,38|1,87/1,19=1,88,8,2,19
26,80|22,2|37,22|20,36|95,26|31,18|36,95|63,31|51,50|65,25|20,38|25,45|20,59|50,54|49,65|20,9|38,63|9,51|59,37|20,49/20,45=20,49,65,25,45
68,7|36,75|56,21|68,70|68,94|94,22|70,64|59,29|7,16|22,52|16,56|60,5|68,11|73,2|64,60|11,59|2,36|52,71|29,12|68,73/68,71=68,94,22,52,71
77,47|19,76|40,77|52,35|18,52|76,34|93,80|20,93|20,49|35,13|15,9|9,44|20,15|80,97|49,40|20,18|20,59|97,33|44,57|59,19/20,33=20,93,80,97,33
53,26|17,39|57,91|23,45|43,97|93,76|39,43|57,95|57,17|91,58|8,38|89,8|57,53|95,89|76,29|58,23|26,49|21,93|49,30|57,21/57,30=57,53,26,49,30
12,38|19,91|34,89|53,58|19,68|19,14|14,39|89,96|30,12|52,29|35,93|39,35|3,83|59,36|91,30|19,53|58,59|68,34|29,3|19,52/19,96=19,68,34,89,96
80,65|46,12|57,91|7,30|12,66|47,26|47,28|17,80|64,45|88,22|47,57|91,4|4,10|47,88|1,64|28,17|22,7|26,46|47,63|63,1/47,45=47,63,1,64,45
72,97|51,80|63,42|2,25|25,87|22,73|8,63|73,81|72,75|40,23|48,22|97,40|76,51|72,2|87,7|75,76|23,43|72,48|42,66|72,8/72,43=72,97,40,23,43
17,9|9,51|45,4|20,45|30,18|71,42|29,49|42,73|94,78|71,20|49,7|5,29|71,17|18,94|51,37|4,76|71,30|73,88|88,77|71,5/71,37=71,17,9,51,37
57,22|32,2|46,12|6,46|73,77|25,6|51,85|87,27|32,82|71,61|61,88|32,99|22,87|31,51|2,73|99,31|82,71|77,65|32,25|32,57/32,12=32,25,6,46,12
8,22|49,26|34,99|13,34|2,11|85,8|44,14|13,52|99,49|58,44|11,51|56,85|13,89|51,46|13,56|89,58|57,9|52,73|73,57|13,2/13,14=13,89,58,44,14
73,27|73,82|82,91|47,81|18,23|73,65|95,57|26,50|65,18|43,78|91,43|23,31|42,95|73,47|50,88|73,3|3,42|81,8|27,26|8,97/73,78=73,82,91,43,78
98,95|49,83|83,96|95,31|49,51|93,80|39,68|1,69|90,45|51,5|5,61|49,39|31,35|61,36|67,4|49,1|96,93|49,98|68,90|69,67/49,80=49,83,96,93,80
72,16|20,59|45,27|58,72|30,7|1,50|1,58|87,20|53,30|1,87|22,28|61,53|59,5|66,22|75,45|60,66|1,61|50,75|1,60|16,78/1,28=1,60,66,22,28
65,56|45,14|49,91|95,10|24,27|10,49|14,7|1,32|95,45|31,36|62,33|95,73|73,24|95,31|95,1|32,62|7,0|91,51|36,65|27,94/95,51=95,10,49,91,51
45,97|69,44|97,93|62,90|62,22|78,16|44,33|92,23|62,92|22,39|23,1|62,69|33,27|1,29|90,45|59,78|10,79|62,63|63,59|39,10/62,29=62,92,23,1,29
95,83|8,71|71,19|33,8|1,59|15,13|33,1|26,21|32,0|19,93|33,15|4,42|59,86|33,6|33,32|0,4|69,26|6,69|13,95|86,63/33,63=33,1,59,86,63
6,72|3,86|55,16|21,9|59,12|43,58|88,89|58,3|22,10|55,21|55,88|55,43|49,42|16,75|72,80|75,49|9,22|89,59|55,85|85,6/55,86=55,43,58,3,86
31,64|64,75|52,89|73,40|40,50|99,80|86,29|1,47|95,98|89,26|31,94|50,24|94,77|26,43|31,52|31,73|80,86|31,99|75,1|77,95/31,43=31,52,89,26,43
23,66|68,54|58,81|27,90|68,34|80,7|7,73|66,78|54,23|83,76|34,99|68,58|81,91|91,69|11,1|99,83|90,11|0,80|68,0|68,27/68,76=68,34,99,83,76
59,72|29,79|8,99|63,12|13,52|15,94|74,11|94,40|52,8|15,70|15,24|97,74|40,63|79,90|70,29|15,0|15,13|72,91|0,59|24,97/15,11=15,24,97,74,11
90,49|50,71|17,55|95,98|72,9|26,44|3,36|49,3|66,17|31,21|95,90|95,26|95,5|35,41|95,35|41,50|98,72|44,31|5,66|9,12/95,55=95,5,66,17,55
85,46|53,52|75,5|15,85|31,75|69,53|44,70|46,92|67,57|5,68|70,56|52,86|50,69|57,78|50,15|56,49|50,31|78,89|50,44|50,67/50,92=50,15,85,46,92
91,21|85,20|9,54|58,61|0,84|45,23|13,31|12,22|45,91|23,85|20,38|21,58|83,12|45,13|45,83|31,0|73,98|22,7|45,9|54,73/45,61=45,91,21,58,61
96,65|71,93|51,77|87,48|45,44|48,94|46,70|94,18|36,89|42,96|51,58|93,4|51,87|89,37|65,63|51,45|77,36|44,46|51,42|58,71/51,4=51,58,71,93,4
61,64|88,42|94,29|88,54|88,83|16,67|88,47|85,26|33,94|42,60|83,33|18,76|60,16|26,75|86,38|64,18|88,61|54,86|38,52|47,85/88,67=88,42,60,16,67
48,9|48,69|48,97|97,38|9,21|29,67|71,20|48,96|7,99|96,4|10,7|0,13|67,87|21,28|4,71|28,37|69,10|48,80|38,0|80,29/48,87=48,80,29,67,87
14,88|25,17|25,24|4,68|15,76|23,45|48,41|24,39|17,15|2,35|84,48|92,71|35,92|25,99|39,14|25,2|45,4|76,22|99,84|25,23/25,68=25,23,45,4,68
56,88|59,40|88,89|97,94|69,76|99,69|2,66|65,56|59,52|59,92|71,16|52,97|59,2|92,71|16,1|59,65|66,50|50,79|40,99|94,11/59,11=59,52,97,94,11
53,9|19,5|80,16|53,64|9,66|56,8|30,14|53,80|66,30|53,56|8,19|54,79|16,15|64,67|67,54|53,3|91,22|87,91|3,87|15,50/53,50=53,80,16,15,50
78,53|53,54|37,74|22,85|85,93|65,59|74,2|91,36|36,31|21,90|21,99|90,91|19,37|59,45|1,22|99,78|45,49|21,19|21,1|21,65/21,2=21,19,37,74,2
26,67|33,54|99,63|83,78|54,93|61,55|18,40|28,71|91,83|24,61|99,28|7,18|88,24|78,72|63,7|99,88|42,33|99,42|71,26|99,91/99,72=99,91,83,78,72
30,79|68,35|30,68|7,2|76,87|13,80|35,23|30,43|30,81|25,76|43,13|80,66|81,56|37,89|23,85|30,37|89,14|14,98|79,25|56,7/30,2=30,81,56,7,2
26,95|62,15|89,52|31,62|87,26|31,48|58,23|31,30|15,3|61,89|84,58|48,87|41,67|52,55|25,84|3,29|30,47|31,25|47,41|31,61/31,23=31,25,84,58,23
11,51|15,65|21,32|51,6|8,84|38,8|66,41|28,66|15,11|25,0|37,38|65,21|41,99|15,28|15,25|0,94|94,30|6,67|32,58|15,37/15,84=15,37,38,8,84
95,96|4,20|20,11|63,21|6,46|56,55|46,48|93,84|6,4|84,16|11,5|6,27|21,53|99,93|48,56|85,95|27,85|6,99|6,24|24,63/6,96=6,27,85,95,96
77,31|38,32|35,72|76,40|83,76|35,63|24,94|35,77|31,91|30,34|40,44|72,30|91,15|35,24|34,75|42,95|35,83|32,11|94,42|63,38/35,15=35,77,31,91,15
48,2|30,28|1,30|22,66|48,22|21,26|55,42|28,23|2,55|48,94|24,99|75,24|48,1|94,75|50,11|83,81|42,68|48,21|26,50|66,83/48,81=48,22,66,83,81
73,20|15,65|99,40|92,99|92,77|70,76|20,28|22,87|92,94|92,73|92,46|56,51|65,36|77,17|94,15|46,21|28,3|40,22|17,70|21,56/92,51=92,46,21,56,51
59,78|78,13|35,38|41,4|12,94|83,26|28,59|28,90|75,71|28,69|28,75|48,35|71,12|4,83|81,29|90,48|28,41|13,64|69,67|67,81/28,94=28,75,71,12,94
67,27|96,8|81,26|26,79|52,96|92,99|28,7|7,36|43,67|90,17|92,61|92,43|14,87|92,14|61,52|92,13|87,90|99,28|13,81|27,55/92,17=92,14,87,90,17
71,46|18,52|48,54|65,90|36,63|99,53|71,76|71,99|35,51|71,36|46,32|71,18|25,48|41,64|38,80|63,38|53,65|76,25|52,41|32,35/71,54=71,76,25,48,54
80,98|79,23|40,9|56,84|55,33|76,16|33,68|55,40|16,51|61,28|68,61|37,56|24,80|51,83|55,76|87,37|9,79|98,94|55,87|55,24/55,94=55,24,80,98,94
72,81|83,79|94,20|31,15|63,58|58,74|31,37|27,40|37,97|50,94|31,83|20,85|79,73|31,50|73,4|15,63|31,72|81,48|48,25|97,27/31,74=31,15,63,58,74
64,79|12,91|21,20|80,12|14,46|65,23|21,99|87,72|21,41|21,15|34,64|41,34|15,80|17,7|21,17|99,24|7,65|20,37|24,14|37,87/21,23=21,17,7,65,23
37,17|12,68|2,79|21,95|23,75|59,8|48,59|68,26|71,72|32,12|8,31|71,48|71,23|95,37|75,2|33,66|71,21|66,1|72,33|71,32/71,31=71,48,59,8,31
46,39|3,57|16,97|86,45|57,60|71,67|87,22|24,42|42,87|36,86|3,36|92,46|88,66|39,69|60,16|67,88|3,92|3,24|3,71|45,20/3,69=3,92,46,39,69
54,64|57,70|32,56|64,5|5,85|24,2|54,78|56,57|46,71|78,27|75,77|85,59|77,35|2,46|41,21|54,32|54,26|26,75|54,24|27,41/54,35=54,26,75,77,35
40,35|15,17|0,15|89,86|86,99|35,28|17,14|0,16|52,43|53,30|66,18|67,40|14,61|99,34|30,66|16,7|0,89|0,67|0,53|7,52/0,61=0,15,17,14,61
31,21|59,23|50,56|72,4|49,67|99,69|59,39|39,49|59,44|44,7|83,72|7,50|21,81|23,99|67,60|61,31|69,93|4,34|59,83|59,61/59,34=59,83,72,4,34
40,95|77,81|0,7|89,76|81,29|72,62|83,43|7,40|77,0|43,86|29,59|42,72|76,85|77,89|85,92|59,34|77,42|62,91|18,83|77,18/77,92=77,89,76,85,92
49,55|25,2|29,49|3,92|30,27|8,85|43,30|55,10|92,51|8,41|41,36|16,25|85,43|51,96|36,11|8,3|2,38|11,21|8,29|8,16/8,10=8,29,49,55,10
62,13|34,79|51,9|11,7|32,59|28,80|7,52|52,14|94,36|51,28|79,32|15,40|36,46|46,5|51,34|51,94|80,15|51,11|9,62|13,55/51,55=51,9,62,13,55
14,81|86,83|59,25|51,26|39,0|86,60|2,14|25,34|99,71|74,2|86,59|86,39|34,5|86,74|70,90|0,51|83,50|50,99|32,70|60,32/86,26=86,39,0,51,26
66,39|7,92|66,26|66,2|92,44|26,14|47,4|66,47|89,23|97,18|1,25|23,35|14,46|13,1|2,13|35,24|66,89|39,7|46,15|4,97/66,25=66,2,13,1,25
68,33|88,84|19,88|41,71|21,23|90,49|70,18|18,68|19,90|71,37|19,70|51,17|49,3|19,41|82,51|3,95|84,21|53,82|37,76|19,53/19,95=19,90,49,3,95
78,70|94,97|97,96|55,79|96,64|17,82|93,66|40,93|40,94|40,16|63,62|16,78|66,17|87,55|70,50|62,28|79,6|28,25|40,63|40,87/40,64=40,94,97,96,64
87,32|34,91|92,69|88,4|80,88|80,92|80,87|39,90|1,34|33,73|80,39|90,33|32,20|4,56|91,53|10,35|69,10|80,1|20,22|56,48/80,35=80,92,69,10,35
66,75|15,55|54,74|71,30|54,90|54,32|75,20|32,66|55,94|33,96|74,15|69,53|8,33|54,16|3,62|36,3|16,36|54,69|53,71|90,8/54,62=54,16,36,3,62
46,52|33,70|27,62|60,92|57,60|53,33|97,43|12,57|20,44|52,20|29,6|43,29|67,27|50,67|11,50|70,86|11,53|11,46|11,12|11,97/11,92=11,12,57,60,92
42,97|19,10|73,42|56,74|11,35|23,73|4,83|19,88|17,69|74,93|81,17|54,4|19,54|35,5|19,16|83,95|16,11|10,56|19,23|88,81/19,93=19,10,56,74,93
90,46|25,19|73,95|70,98|46,99|71,13|94,22|67,25|13,73|22,67|15,66|94,6|89,15|94,79|6,90|79,53|66,11|53,70|94,89|94,71/94,11=94,89,15,66,11
65,12|10,65|84,44|87,78|13,97|89,71|89,57|67,13|69,95|89,84|57,87|78,35|44,70|70,14|89,67|89,5|5,10|71,69|95,6|97,86/89,86=89,67,13,97,86
48,59|49,48|5,99|67,70|76,43|97,77|59,11|85,63|85,97|43,12|63,76|70,5|85,49|36,79|23,39|85,23|39,36|77,78|85,67|78,81/85,99=85,67,70,5,99
97,82|10,53|63,6|53,75|56,36|89,97|75,34|61,23|34,95|10,63|13,60|10,45|5,56|45,89|6,52|10,61|10,5|52,3|36,59|23,13/10,3=10,63,6,52,3
34,86|22,14|93,92|74,55|68,88|14,37|6,2|38,95|34,56|56,22|95,65|34,74|36,97|55,68|92,29|34,38|86,93|2,36|65,59|34,6/34,29=34,86,93,92,29
22,54|11,42|82,87|7,11|43,38|13,30|82,51|82,44|38,50|32,13|26,28|89,26|82,22|33,43|87,89|44,32|20,2|82,33|51,7|54,20/82,50=82,33,43,38,50
40,8|64,23|31,56|21,89|77,21|4,80|77,62|8,15|37,40|74,19|77,37|22,26|23,93|77,14|62,36|89,4|56,74|77,31|36,22|14,64/77,19=77,31,56,74,19
16,21|19,51|65,24|41,40|65,37|24,57|0,32|49,41|57,79|11,10|77,0|10,85|21,19|53,49|65,16|37,11|65,76|65,53|76,77|79,91/65,40=65,53,49,41,40
60,61|99,94|96,72|61,69|62,96|70,28|20,27|28,81|27,33|15,62|15,3|83,60|74,20|72,51|15,46|15,74|94,97|46,70|15,83|3,99/15,51=15,62,96,72,51
55,71|73,33|73,15|73,76|59,95|58,5|4,16|51,58|86,38|16,99|24,4|73,88|13,59|76,51|73,24|15,86|18,55|38,20|88,13|33,18/73,95=73,88,13,59,95
38,80|20,65|65,4|12,10|10,32|57,59|57,12|80,62|57,11|92,45|42,2|59,20|57,61|1,42|11,1|47,92|32,91|61,47|39,38|57,39/57,4=57,59,20,65,4
47,31|15,72|42,36|14,15|55,42|95,55|83,73|47,2|53,91|47,14|47,53|52,22|62,28|9,83|31,9|91,62|2,52|72,75|22,50|47,95/47,28=47,53,91,62,28
2,27|27,70|2,36|36,51|2,34|34,54|80,64|50,98|7,39|5,67|2,50|30,48|41,29|51,87|87,52|54,7|98,80|67,41|70,30|2,5/2,52=2,36,51,87,52
42,9|14,48|30,89|73,83|92,69|89,25|79,64|46,80|83,51|80,79|9,40|25,92|62,33|30,46|30,73|30,62|51,12|76,42|30,76|33,14/30,40=30,76,42,9,40
82,67|57,46|2,34|73,83|75,62|34,75|57,35|83,99|35,92|93,59|90,73|61,93|59,76|57,2|46,96|70,15|57,90|96,82|92,70|57,61/57,62=57,2,34,75,62
68,73|66,59|43,81|43,23|48,96|19,68|7,25|90,65|43,98|44,37|25,66|37,90|43,44|54,34|96,91|23,19|81,54|98,48|34,72|43,7/43,72=43,81,54,34,72
40,47|58,31|63,62|65,64|31,40|67,43|58,26|57,74|62,67|58,63|66,39|44,66|58,98|26,44|98,89|58,57|89,5|47,1|74,65|5,73/58,43=58,63,62,67,43
61,93|91,64|35,96|79,65|65,88|91,61|91,80|91,83|93,82|80,40|75,99|82,78|59,79|99,84|91,59|7,23|96,72|64,35|40,7|83,75/91,88=91,59,79,65,88
60,52|14,36|40,17|52,85|4,75|63,96|1,61|12,81|59,65|60,12|60,40|81,63|2,44|32,33|60,32|85,2|17,59|60,4|33,1|75,14/60,61=60,32,33,1,61
86,0|30,60|86,68|31,30|94,62|12,79|46,94|53,89|86,27|27,19|86,53|19,36|36,14|79,5|86,46|68,31|2,16|0,12|62,88|89,2/86,5=86,0,12,79,5
86,35|41,9|70,61|22,4|22,86|61,39|72,71|88,16|16,90|22,7|35,25|22,70|50,65|7,88|25,26|4,72|22,50|65,41|71,44|39,32/22,26=22,86,35,25,26
7,46|1,85|1,0|11,20|29,68|1,89|78,11|63,7|1,69|1,78|19,4|85,29|54,81|0,54|89,65|20,9|68,21|69,63|81,70|65,19/1,70=1,0,54,81,70
22,65|28,75|90,63|75,97|1,80|29,22|7,28|95,27|14,52|29,92|29,7|29,14|52,90|29,33|80,12|65,79|27,77|79,51|33,1|92,95/29,97=29,7,28,75,97
60,96|97,9|2,63|88,84|15,27|63,69|6,2|28,66|26,28|84,56|88,60|96,36|88,15|88,6|88,26|56,76|27,97|76,7|66,85|36,37/88,7=88,84,56,76,7
24,97|73,55|45,3|73,57|20,76|92,2|23,12|76,92|78,88|1,44|64,38|38,45|84,23|73,20|44,78|57,24|97,26|73,64|73,1|55,84/73,26=73,57,24,97,26
86,39|3,57|45,97|42,87|57,67|36,60|16,20|71,46|46,16|92,42|3,92|24,86|88,66|39,69|67,45|60,88|3,24|3,71|3,36|87,22/3,69=3,24,86,39,69
20,18|76,14|18,71|59,25|40,34|88,40|67,59|91,88|24,68|14,37|22,24|91,22|51,76|93,20|68,79|91,93|91,51|25,80|91,67|34,46/91,79=91,22,24,68,79
95,4|84,10|77,98|84,61|52,44|47,91|84,52|28,89|94,60|15,28|61,87|60,25|91,99|84,80|87,95|80,15|10,47|84,85|85,94|44,77/84,99=84,10,47,91,99
57,36|49,55|3,90|81,13|57,99|86,50|99,49|30,35|56,33|55,73|94,86|7,56|50,87|54,81|57,94|33,20|57,7|57,3|36,54|90,30/57,87=57,94,86,50,87
53,30|44,76|17,44|30,1|5,21|55,17|55,33|55,3|76,60|55,67|7,15|3,62|67,53|21,94|62,51|92,7|55,11|11,92|51,65|33,5/55,65=55,3,62,51,65
48,30|77,80|50,35|72,39|35,29|23,38|80,68|31,49|88,31|87,23|57,88|45,77|45,57|38,81|68,37|45,72|29,76|45,87|45,50|39,48/45,49=45,57,88,31,49
20,63|43,74|43,37|23,28|43,44|77,50|63,82|43,94|9,52|58,25|50,23|87,18|85,58|52,54|5,87|43,77|37,9|44,85|94,20|74,5/43,18=43,74,5,87,18
30,68|9,63|30,52|63,60|30,99|72,12|46,9|28,20|47,21|68,75|69,91|91,72|99,81|81,39|30,69|75,28|86,47|39,32|30,46|52,86/30,60=30,46,9,63,60
22,27|17,6|7,52|75,73|56,85|97,18|18,44|62,41|73,17|8,48|36,53|8,62|27,36|41,7|8,75|8,38|8,22|38,56|85,65|48,97/8,52=8,62,41,7,52
49,16|51,42|27,49|42,92|51,40|57,10|30,82|51,27|52,88|88,57|51,52|98,31|91,67|20,68|68,26|51,91|16,14|92,98|40,20|67,30/51,10=51,52,88,57,10
67,60|21,32|60,12|10,67|95,86|86,1|10,0|22,34|10,98|98,22|19,53|28,79|10,28|12,87|25,84|34,38|53,25|10,19|0,95|79,21/10,84=10,19,53,25,84
32,95|32,52|66,0|11,84|65,63|25,65|5,22|84,82|15,83|83,8|32,93|80,5|95,80|8,18|93,11|52,38|38,66|32,15|32,20|20,25/32,18=32,15,83,8,18
66,31|98,5|31,54|54,3|9,67|39,20|15,25|79,32|67,98|9,15|74,76|20,72|70,13|14,39|13,79|9,14|25,74|9,66|5,99|9,70/9,32=9,70,13,79,32
83,48|54,69|39,58|48,29|39,42|17,3|39,83|75,38|28,22|29,68|39,90|55,28|3,32|39,17|90,54|69,45|32,7|42,75|38,60|58,55/39,68=39,83,48,29,68
26,68|68,37|73,61|24,46|48,58|24,26|0,91|89,4|23,29|14,11|61,48|52,81|29,52|46,82|82,89|91,14|24,23|24,0|37,33|24,73/24,33=24,26,68,37,33
22,61|72,93|94,22|29,44|79,11|79,94|61,46|79,37|80,48|44,38|93,63|52,29|37,96|79,80|96,57|57,45|11,72|48,30|79,52|30,12/79,12=79,80,48,30,12
59,73|59,90|58,85|77,58|59,2|90,77|42,55|2,13|28,60|73,81|38,74|45,47|61,91|59,28|13,42|91,45|60,64|81,38|59,61|64,84/59,55=59,2,13,42,55
24,18|53,68|28,53|99,51|54,28|98,93|54,44|74,36|3,74|51,91|68,63|54,99|18,15|93,60|44,98|36,78|54,3|91,12|6,24|54,6/54,78=54,3,74,36,78
58,76|84,64|58,85|68,94|58,10|10,68|25,62|76,15|52,89|15,84|93,33|36,55|55,25|89,99|94,4|60,93|85,60|58,52|99,73|58,36/58,64=58,76,15,84,64
50,79|11,53|96,59|58,49|34,62|59,66|50,11|54,57|79,96|78,12|49,38|21,78|38,76|50,58|62,10|63,34|50,63|50,81|53,54|81,21/50,57=50,11,53,54,57
52,10|49,89|19,44|32,49|32,37|89,71|47,69|63,21|32,31|32,17|71,87|37,25|31,83|44,52|48,63|98,40|17,48|25,47|83,98|32,19/32,87=32,49,89,71,87
95,38|13,97|48,80|60,72|51,13|77,47|48,51|48,95|72,14|33,94|63,84|87,63|1,60|48,33|80,87|97,81|94,77|48,1|38,90|90,69/48,14=48,1,60,72,14
45,46|22,31|54,22|78,57|78,77|77,34|16,18|30,23|78,87|63,30|46,24|34,16|59,76|78,9|78,81|9,45|87,35|81,54|35,59|57,63/78,23=78,57,63,30,23
17,97|6,12|16,74|55,77|77,24|16,55|16,88|24,92|73,30|36,79|16,6|79,17|88,27|74,41|41,67|12,73|67,32|27,4|4,47|16,36/16,32=16,74,41,67,32
36,63|31,35|36,94|33,7|28,31|91,77|63,70|94,0|42,98|81,33|38,42|84,69|7,95|36,50|0,91|36,28|35,46|36,81|70,84|50,38/36,69=36,63,70,84,69
60,26|94,86|79,58|70,31|26,79|56,94|73,90|31,73|58,61|17,2|55,91|60,49|3,10|2,3|49,56|60,17|60,70|60,55|91,50|50,69/60,90=60,70,31,73,90
81,27|61,72|54,73|36,59|32,66|61,52|52,81|42,36|61,91|17,26|21,44|61,42|61,32|73,11|7,21|59,4|91,7|27,24|72,54|66,17/61,11=61,72,54,73,11
98,97|51,47|40,38|29,8|8,50|47,98|55,68|76,40|70,44|49,80|55,0|55,94|55,51|38,93|80,91|68,70|44,32|55,76|0,49|94,29/55,97=55,51,47,98,97
33,40|85,99|13,29|22,93|23,85|94,78|68,42|93,94|29,63|96,19|95,47|63,51|23,13|47,41|23,96|23,22|19,33|74,95|99,68|23,74/23,41=23,74,95,47,41
16,49|34,81|81,94|18,93|49,77|93,26|75,96|56,18|52,19|52,16|77,71|52,64|52,46|19,75|52,56|30,54|54,82|96,85|64,30|46,34/52,26=52,56,18,93,26
8,14|48,77|8,61|77,24|8,9|54,76|76,99|75,23|81,83|61,54|9,62|62,81|14,45|4,48|45,87|87,86|46,82|8,75|8,4|23,46/8,83=8,9,62,81,83
53,73|23,96|36,30|28,92|36,8|17,56|59,11|30,29|36,81|34,59|95,74|8,34|96,95|36,23|56,41|92,60|60,61|29,53|81,17|36,28/36,61=36,28,92,60,61
89,27|5,63|55,35|1,25|99,75|60,28|13,60|55,17|35,36|55,58|55,64|55,89|36,5|19,91|27,19|25,81|17,99|58,13|64,1|75,92/55,81=55,64,1,25,81
23,39|75,34|75,88|40,15|71,21|88,40|15,96|72,71|7,94|34,91|75,72|91,99|95,64|75,32|32,23|21,8|99,24|75,7|94,95|39,77/75,64=75,7,94,95,64
48,9|63,41|86,12|44,74|86,90|12,24|51,75|50,16|22,23|24,63|90,72|86,88|72,51|86,54|3,22|54,48|88,3|9,58|16,44|86,50/86,41=86,12,24,63,41
61,54|12,60|43,4|82,44|84,83|44,3|27,74|11,43|61,84|83,81|65,64|0,65|4,92|54,82|81,72|61,12|61,11|88,0|61,88|60,27/61,3=61,54,82,44,3
37,14|34,57|3,37|83,40|63,20|48,59|40,78|75,10|75,68|68,48|57,5|54,63|20,8|33,34|75,54|59,88|10,3|75,33|78,92|75,83/75,8=75,54,63,20,8
75,32|46,58|58,13|51,98|32,55|54,35|9,90|48,51|35,46|90,36|54,21|49,74|54,15|74,65|54,48|15,75|98,18|54,56|21,49|56,9/54,36=54,56,9,90,36
0,42|56,66|24,12|79,10|20,0|42,45|95,47|10,5|81,95|41,60|5,97|81,41|81,67|12,23|60,56|67,24|47,21|21,44|81,79|81,20/81,66=81,41,60,56,66
2,6|42,69|14,8|8,2|75,10|82,81|36,99|27,82|6,92|81,1|44,93|23,38|70,36|99,67|14,27|14,42|69,75|14,23|14,70|38,44/14,1=14,27,82,81,1
13,52|4,45|60,26|60,4|20,91|31,13|45,35|18,88|60,54|11,5|67,11|60,79|54,97|97,1|35,66|79,67|26,31|1,74|91,18|60,20/60,88=60,20,91,18,88
40,56|61,92|12,9|58,54|48,39|92,49|54,48|56,15|69,0|58,61|58,69|87,40|58,87|0,16|49,90|9,75|39,71|75,65|58,12|16,55/58,71=58,54,48,39,71
36,65|36,77|43,60|64,12|36,30|63,55|79,94|92,63|7,64|36,6|81,46|46,61|8,43|65,81|77,7|41,52|36,41|52,79|6,8|30,92/36,61=36,65,81,46,61
2,44|23,79|75,16|66,75|95,73|88,24|88,42|49,60|88,11|42,95|73,94|11,49|60,55|24,58|16,22|19,64|79,2|58,19|88,23|88,66/88,64=88,24,58,19,64
24,34|40,14|34,80|20,18|76,25|88,76|22,20|91,88|59,68|14,37|93,59|91,93|67,40|51,24|68,79|91,51|91,67|18,71|91,22|25,46/91,79=91,93,59,68,79
17,34|1,19|57,65|76,5|32,24|65,4|20,1|43,55|39,32|39,57|39,20|24,97|39,17|34,43|5,35|39,76|35,59|4,52|19,3|97,78/39,59=39,76,5,35,59
88,12|48,17|56,14|17,56|29,30|75,52|5,8|67,20|5,54|80,67|5,13|13,75|8,74|91,88|5,91|54,80|74,29|52,57|5,48|12,73/5,14=5,48,17,56,14
76,72|1,8|10,41|21,18|62,21|24,56|62,27|18,1|27,10|79,57|71,0|0,90|62,76|74,71|50,30|62,74|72,24|57,50|41,38|62,79/62,30=62,79,57,50,30
81,71|52,68|80,90|47,25|73,45|21,33|99,95|21,52|33,99|11,57|21,11|95,3|68,47|21,48|90,37|65,80|21,65|71,59|48,81|57,73/21,25=21,52,68,47,25
60,30|60,91|53,85|91,15|51,89|26,64|60,53|15,77|60,51|77,67|61,41|60,61|35,84|12,72|30,12|89,26|72,31|41,11|85,35|11,47/60,67=60,91,15,77,67
82,57|29,61|63,43|82,76|82,63|57,83|2,69|19,67|83,93|69,87|93,32|82,2|44,96|87,36|96,7|1,44|43,19|34,29|76,34|82,1/82,61=82,76,34,29,61
60,76|85,99|68,26|26,31|78,91|59,82|74,81|37,42|60,0|46,85|81,94|99,89|60,59|82,78|60,46|42,38|60,68|31,17|0,37|76,74/60,17=60,68,26,31,17
86,16|42,30|12,1|66,6|86,47|86,20|10,84|16,39|34,35|1,18|33,96|39,34|30,10|20,33|96,54|18,72|86,12|86,42|36,66|47,36/86,35=86,16,39,34,35
91,7|59,21|65,9|79,91|9,32|6,5|83,27|14,65|2,14|94,59|5,98|2,94|73,83|2,72|2,73|72,6|7,89|27,97|2,79|21,16/2,32=2,14,65,9,32
52,25|46,80|11,74|80,49|82,45|82,11|74,56|86,16|82,55|82,6|25,86|45,66|82,52|55,65|51,98|38,9|65,38|56,81|6,46|66,51/82,16=82,52,25,86,16
49,48|6,12|62,30|37,59|60,45|14,60|72,32|14,72|9,6|14,9|55,26|32,49|14,37|92,89|31,92|14,39|12,76|39,31|59,62|45,55/14,76=14,9,6,12,76
92,48|12,83|58,60|73,34|56,9|7,12|35,30|27,7|1,56|91,46|1,54|30,88|9,91|1,73|54,35|1,27|85,57|48,58|1,92|34,85/1,46=1,56,9,91,46
17,26|77,54|49,5|17,77|23,18|95,12|59,63|54,93|17,84|79,28|17,79|18,32|84,23|26,49|69,90|28,59|5,50|17,69|90,95|93,58/17,50=17,26,49,5,50
63,39|82,17|15,10|24,15|17,51|66,98|86,63|13,2|19,18|24,19|39,83|18,1|24,66|10,13|33,82|24,86|24,33|74,9|1,99|98,74/24,9=24,66,98,74,9
59,7|9,0|58,55|41,92|9,49|49,35|87,32|92,58|26,63|0,4|9,97|97,64|80,61|64,59|4,80|9,41|69,22|35,26|9,69|22,87/9,63=9,49,35,26,63
91,36|25,89|89,93|81,5|73,80|91,27|22,37|91,49|28,40|40,11|91,63|12,70|58,22|80,12|91,73|27,28|88,81|63,88|49,25|36,58/91,70=91,73,80,12,70
8,11|92,59|10,55|16,29|55,16|61,77|75,10|5,92|75,52|11,61|75,5|48,72|58,70|52,58|75,8|70,18|75,0|0,48|59,34|72,57/75,29=75,10,55,16,29
71,21|71,19|53,63|71,67|79,59|71,90|21,95|90,88|25,53|95,33|88,29|71,10|67,25|10,94|29,82|30,79|94,50|19,30|33,23|50,6/71,23=71,21,95,33,23
81,23|22,69|44,12|81,99|67,60|23,38|31,8|38,44|9,0|81,9|72,67|66,72|0,62|99,22|62,71|81,66|80,48|69,16|81,80|48,31/81,12=81,23,38,44,12
72,58|59,38|59,72|38,56|1,20|29,3|15,39|59,62|59,4|58,15|56,95|20,21|62,1|48,65|2,29|59,74|17,48|4,2|74,17|95,26/59,21=59,62,1,20,21
98,86|28,48|86,26|97,28|17,99|17,98|82,75|75,27|26,31|13,57|17,13|9,82|51,79|17,9|17,18|18,51|99,97|79,80|57,60|60,65/17,27=17,9,82,75,27
25,10|84,4|85,22|21,58|97,46|21,38|58,91|26,20|38,87|64,43|87,26|22,64|4,97|6,25|10,71|21,85|91,23|21,6|23,63|21,84/21,43=21,85,22,64,43
56,6|21,26|39,36|30,5|26,68|89,39|89,30|5,74|36,56|9,42|74,0|28,69|89,9|42,14|69,3|89,64|64,28|89,21|68,79|14,70/89,70=89,9,42,14,70
38,67|1,16|60,41|31,18|63,68|69,38|67,51|20,63|41,79|98,1|5,20|69,60|79,45|97,39|39,31|69,98|16,96|69,5|51,43|69,97/69,68=69,5,20,63,68
5,52|85,68|59,89|5,41|5,36|87,59|5,85|49,57|36,33|73,3|68,73|52,14|58,38|38,16|60,58|33,49|44,12|41,87|5,60|14,44/5,3=5,85,68,73,3
9,7|28,76|18,30|7,16|79,69|16,63|35,25|76,71|69,28|96,41|79,50|74,18|79,44|79,9|44,35|4,23|41,4|50,74|79,96|25,85/79,23=79,96,41,4,23
70,12|70,65|11,53|53,49|66,50|73,35|72,61|70,60|61,39|23,11|45,54|65,72|60,66|12,73|50,5|80,45|70,23|70,89|89,80|35,17/70,5=70,60,66,50,5
44,10|58,48|48,21|98,44|19,45|51,3|97,52|17,41|52,27|27,43|58,17|21,65|58,69|41,19|58,71|58,97|69,51|71,98|3,83|65,31/58,83=58,69,51,3,83
18,76|61,5|33,18|15,33|21,16|17,45|49,21|92,80|58,60|61,58|99,4|5,51|51,17|61,92|80,73|61,35|73,25|60,99|61,15|35,49/61,25=61,92,80,73,25
37,86|86,79|58,85|87,63|36,30|96,57|9,8|9,4|33,45|9,36|66,87|4,66|30,99|45,27|85,96|8,33|79,54|9,58|9,37|99,31/9,54=9,37,86,79,54
50,81|79,34|53,38|58,21|96,59|38,10|50,79|54,57|81,53|78,12|21,62|49,78|62,76|50,58|59,66|11,96|50,11|50,63|34,54|63,49/50,57=50,79,34,54,57
25,76|99,54|97,41|99,11|76,97|11,31|99,26|44,87|53,66|99,25|86,57|54,85|31,86|46,43|75,46|85,44|66,10|99,50|26,53|50,75/99,10=99,26,53,66,10
78,24|19,11|27,43|43,89|17,68|51,23|67,59|23,1|78,51|78,19|1,46|41,87|24,17|11,67|68,4|78,71|89,49|78,27|87,18|71,41/78,46=78,51,23,1,46
27,53|27,91|18,40|69,29|50,30|12,15|27,61|67,8|53,41|41,18|92,9|91,69|9,78|27,12|30,0|15,67|29,49|61,50|78,59|27,92/27,59=27,92,9,78,59
92,16|58,75|20,51|65,20|8,27|58,66|58,92|14,54|58,65|75,39|39,13|66,74|13,47|94,76|16,14|74,59|59,67|58,94|76,8|51,50/58,50=58,65,20,51,50
95,21|2,3|52,90|90,97|97,87|2,95|2,52|2,19|21,76|59,57|8,71|3,65|65,4|57,32|4,22|19,98|2,59|32,29|98,8|76,38/2,29=2,59,57,32,29
61,26|10,2|91,61|52,40|26,84|52,71|52,91|0,78|48,66|13,48|89,22|2,65|78,1|22,87|66,28|40,0|52,13|71,10|74,89|52,74/52,1=52,40,0,78,1
62,45|44,58|58,98|64,55|45,52|42,71|71,77|67,64|48,21|62,67|98,75|24,39|62,57|55,56|52,48|18,42|62,18|73,24|57,73|62,44/62,21=62,45,52,48,21
28,60|78,8|88,82|75,4|47,88|28,99|82,10|8,64|28,87|87,75|99,37|0,78|83,30|37,15|15,3|28,0|60,17|28,47|4,33|17,83/28,3=28,99,37,15,3
87,29|43,87|16,49|72,15|32,5|52,72|75,32|34,52|79,75|29,19|26,12|34,61|34,14|34,79|14,24|15,36|24,26|34,43|10,16|61,10/34,36=34,52,72,15,36
14,80|3,81|52,83|97,52|90,12|29,36|81,29|70,97|3,99|28,94|3,70|91,90|43,91|13,14|80,82|36,84|3,43|99,28|3,13|94,16/3,16=3,99,28,94,16
2,94|3,44|19,3|47,76|19,57|19,69|19,77|16,88|91,8|44,91|77,10|57,60|88,71|42,16|60,47|22,2|10,98|98,79|19,42|69,22/19,71=19,42,16,88,71
96,35|74,76|16,30|35,25|79,9|25,85|41,18|76,71|9,74|44,7|79,50|28,16|79,69|79,96|69,41|4,23|7,4|50,28|79,44|18,63/79,23=79,44,7,4,23
84,43|83,21|19,28|33,97|87,31|87,81|66,22|43,66|93,19|85,83|97,10|32,33|87,93|31,85|87,32|87,84|34,9|81,34|28,64|9,50/87,22=87,84,43,66,22
37,21|49,11|37,28|1,80|28,5|72,49|51,30|37,8|59,72|89,51|86,25|5,86|98,1|37,38|8,98|38,46|46,62|62,88|37,59|21,89/37,88=37,38,46,62,88
91,0|25,61|25,50|37,21|46,65|0,96|25,46|96,86|25,83|83,79|65,49|49,75|69,72|66,37|25,91|72,89|79,63|61,66|50,69|63,97/25,75=25,46,65,49,75
4,2|21,58|58,27|49,29|19,64|64,28|27,10|65,94|82,0|36,82|53,49|36,24|36,38|62,65|75,19|36,75|0,4|36,21|24,53|38,62/36,2=36,82,0,4,2
48,20|62,84|84,43|27,50|20,81|73,57|81,65|39,25|87,40|87,39|74,68|87,48|87,85|87,73|85,78|40,62|78,74|98,92|57,98|25,27/87,50=87,39,25,27,50
34,92|83,76|31,62|59,54|34,26|26,22|25,32|3,66|54,14|22,84|51,59|4,25|92,4|90,53|66,31|76,90|34,51|84,91|34,3|34,83/34,14=34,51,59,54,14
24,21|29,1|53,55|64,51|1,64|29,54|88,97|97,47|59,66|54,53|29,63|55,20|29,93|29,24|22,0|51,98|93,59|21,22|66,43|63,88/29,98=29,1,64,51,98
88,34|49,61|47,62|96,10|21,26|30,56|46,80|18,96|21,6|21,46|55,93|21,49|26,88|6,18|61,47|34,68|21,94|0,30|80,55|94,0/21,62=21,49,61,47,62
54,45|80,76|35,18|45,24|40,69|90,16|44,58|39,6|73,99|84,90|54,80|54,10|55,47|54,55|58,73|47,39|54,44|10,84|76,35|24,40/54,18=54,80,76,35,18
24,64|49,91|64,39|33,70|31,86|16,78|78,24|86,1|16,31|16,51|70,89|16,49|55,33|51,82|97,15|82,94|91,97|16,55|1,80|94,45/16,15=16,49,91,97,15
7,77|21,76|66,74|21,79|12,5|38,75|11,67|15,58|86,72|21,15|74,12|44,25|76,7|21,38|77,0|94,44|79,94|58,11|75,86|21,66/21,25=21,79,94,44,25
44,60|88,37|38,61|58,40|74,54|86,88|74,38|40,69|61,63|74,86|69,52|73,44|74,73|64,15|63,36|54,49|49,64|37,93|60,51|74,58/74,52=74,58,40,69,52
26,66|3,36|17,55|95,98|44,50|35,72|9,71|66,9|41,17|31,21|95,26|95,35|95,90|5,49|95,5|49,3|98,44|72,31|90,41|50,12/95,55=95,90,41,17,55
98,64|56,74|2,67|41,12|36,98|74,46|46,79|12,3|24,56|29,75|3,16|89,1|24,89|24,29|1,2|64,68|24,41|24,36|31,28|75,31/24,67=24,89,1,2,67
44,18|66,44|94,14|25,94|37,66|37,96|18,29|79,34|46,35|35,85|70,40|40,75|75,62|81,46|17,84|37,70|96,25|34,17|37,79|37,81/37,62=37,70,40,75,62
40,2|5,45|84,13|23,69|6,50|50,75|23,79|69,11|99,4|90,14|4,17|13,40|23,6|79,99|23,56|11,90|23,84|56,96|96,5|75,1/23,17=23,79,99,4,17
49,61|77,82|27,41|86,49|36,16|31,2|25,77|82,10|91,38|19,87|31,19|39,56|31,25|2,86|22,47|87,36|56,91|41,22|31,27|31,39/31,10=31,25,77,82,10
72,8|46,20|17,36|64,2|83,73|55,17|73,47|44,6|55,46|84,9|8,64|69,98|20,84|55,83|36,44|98,39|55,72|55,69|39,79|47,33/55,2=55,72,8,64,2
20,88|84,67|45,11|34,44|59,84|11,46|2,10|67,52|44,58|46,35|75,55|66,2|10,5|20,45|20,59|20,70|55,27|70,34|88,75|20,66/20,35=20,45,11,46,35
36,94|16,11|50,63|58,10|59,60|38,26|31,50|72,97|23,4|97,59|26,23|10,46|16,61|16,72|16,36|61,31|11,58|16,38|35,12|94,35/16,63=16,61,31,50,63
76,20|53,27|25,15|59,67|96,91|59,25|20,50|59,53|48,76|59,48|98,75|59,94|95,47|47,87|15,98|91,61|67,95|27,36|36,70|94,96/59,70=59,53,27,36,70
35,29|81,69|1,94|56,41|49,56|60,28|52,18|62,64|18,84|41,81|84,8|75,26|45,76|64,1|49,60|49,62|49,52|28,45|49,75|26,35/49,8=49,52,18,84,8
42,29|23,28|81,30|13,37|54,23|9,90|33,51|63,54|8,70|37,33|42,47|42,13|42,97|76,9|29,8|70,0|97,76|42,63|47,81|30,41/42,28=42,63,54,23,28
87,39|42,68|58,94|4,67|4,22|91,87|70,37|4,91|67,2|22,58|56,40|15,96|39,78|37,56|32,45|4,70|68,32|94,10|4,42|2,15/4,45=4,42,68,32,45
41,12|13,52|77,71|58,42|7,55|2,92|24,64|83,49|51,0|2,68|68,77|2,58|55,5|71,90|49,41|2,83|2,51|42,24|92,7|0,13/2,5=2,92,7,55,5
58,77|13,31|74,29|98,41|35,54|48,75|61,66|29,65|41,14|35,61|66,28|28,24|9,85|55,74|35,58|35,9|54,98|85,48|77,13|35,55/35,75=35,9,85,48,75
92,66|89,76|25,89|98,24|70,12|98,14|98,51|83,15|19,70|99,3|88,92|3,83|14,25|17,18|87,17|24,19|51,87|66,81|98,99|98,88/98,81=98,88,92,66,81
64,63|64,36|63,18|48,95|84,10|64,81|12,42|36,74|10,23|11,75|75,4|64,2|64,84|18,12|81,38|2,11|23,96|74,8|8,88|38,48/64,96=64,84,10,23,96
56,63|73,30|32,6|24,88|63,39|6,49|39,73|25,96|96,41|18,86|61,8|76,25|91,29|19,32|56,76|56,19|56,24|56,61|8,91|88,18/56,49=56,19,32,6,49
24,67|41,48|73,75|54,87|19,23|73,54|23,82|94,0|61,41|82,6|87,24|73,40|27,55|75,4|73,19|4,62|55,94|40,61|73,27|62,2/73,67=73,54,87,24,67
5,90|3,17|90,64|72,53|72,5|75,23|11,16|17,68|72,79|4,48|54,3|79,43|21,75|72,54|48,65|53,4|43,11|72,21|23,19|64,0/72,19=72,21,75,23,19
53,9|54,79|64,8|53,3|9,87|80,67|19,14|53,64|87,19|53,80|67,54|30,5|8,15|3,16|16,30|53,56|91,22|66,91|56,66|15,50/53,50=53,64,8,15,50
69,35|46,40|55,61|51,16|16,55|8,74|11,38|46,69|74,49|38,58|26,86|46,51|49,89|40,83|35,26|65,43|83,65|58,47|46,8|46,11/46,43=46,40,83,65,43
65,22|17,52|65,44|93,25|79,50|26,58|65,91|80,30|91,17|65,79|50,24|58,80|65,26|74,93|24,76|31,78|44,74|18,31|22,18|52,43/65,30=65,26,58,80,30
66,87|95,52|18,81|21,72|18,78|17,42|81,99|87,55|99,35|35,67|78,26|18,62|62,66|26,17|18,20|23,21|52,31|18,95|20,23|31,58/18,72=18,20,23,21,72
40,99|24,58|58,83|34,2|2,84|40,39|84,10|50,51|97,28|39,97|40,34|49,50|28,6|60,57|51,3|15,60|99,15|40,62|40,49|62,24/40,57=40,99,15,60,57
55,22|10,46|22,35|70,47|80,31|9,75|31,92|70,55|82,40|47,80|19,12|70,93|46,19|70,24|40,85|1,9|35,38|93,1|70,10|24,82/70,75=70,93,1,9,75
6,71|35,50|28,37|51,68|64,59|61,0|48,43|99,2|48,30|71,21|43,65|30,86|21,4|86,28|48,6|59,51|48,64|65,99|50,61|48,35/48,2=48,43,65,99,2
18,49|24,47|92,3|51,15|96,24|89,94|6,2|15,18|5,96|74,59|94,62|74,51|60,73|3,6|19,60|74,5|74,92|59,19|85,89|74,85/74,47=74,5,96,24,47
52,82|52,43|60,86|75,5|73,38|5,29|38,94|82,1|91,83|86,44|27,56|52,33|43,75|52,60|94,31|33,27|56,61|44,65|52,73|1,91/52,83=52,82,1,91,83
87,70|11,2|36,35|38,51|11,81|11,73|73,26|15,1|11,36|1,54|90,57|81,9|35,60|9,38|26,87|60,75|43,74|2,15|74,90|11,43/11,75=11,36,35,60,75
63,89|6,28|52,83|46,48|61,6|73,95|10,40|46,0|89,10|0,61|54,67|67,52|85,74|46,73|48,16|95,60|46,54|46,63|60,21|16,85/46,83=46,54,67,52,83
95,26|61,42|21,97|48,34|58,94|61,3|94,21|67,20|47,67|82,63|63,2|35,78|43,82|61,48|61,43|34,95|83,35|42,83|61,58|3,47/61,78=61,42,83,35,78
7,8|78,6|41,92|19,78|83,48|48,75|75,34|30,40|21,83|84,28|21,84|3,93|40,3|5,19|21,41|21,30|92,7|21,5|28,99|99,70/21,6=21,5,19,78,6
20,40|4,32|48,5|85,48|85,29|49,24|29,0|85,49|16,23|85,12|24,16|55,8|77,81|85,4|12,55|0,76|76,60|5,20|32,77|8,83/85,81=85,4,32,77,81
44,61|82,55|72,91|59,53|10,82|50,59|53,45|8,24|68,75|91,28|13,42|10,3|42,68|10,50|55,8|10,99|41,44|3,41|99,72|10,13/10,61=10,3,41,44,61
45,89|79,56|26,37|89,40|26,72|1,45|65,79|0,77|30,54|26,1|8,64|72,33|64,11|11,76|26,69|69,65|26,8|33,0|37,30|54,48/26,48=26,37,30,54,48
64,54|99,63|51,41|75,61|90,12|64,90|12,18|46,51|64,1|14,97|95,24|63,27|1,46|20,53|61,14|64,75|24,20|54,99|18,43|64,95/64,27=64,54,99,63,27
22,51|99,63|29,50|45,97|97,72|9,28|32,9|22,29|66,93|93,64|51,27|41,45|50,68|81,66|22,41|27,99|22,81|22,46|68,26|46,32/22,26=22,29,50,68,26
87,56|70,37|68,15|4,67|4,22|91,87|42,58|4,91|67,2|22,68|39,40|94,10|56,96|58,39|32,45|4,42|37,32|15,78|4,70|2,94/4,45=4,70,37,32,45
64,88|57,86|10,28|87,69|89,94|17,87|57,15|88,52|57,23|52,0|57,99|99,17|83,89|15,83|86,71|23,10|42,93|71,42|57,64|28,24/57,94=57,15,83,89,94
44,42|15,34|48,53|6,28|31,64|31,47|31,27|64,20|20,6|31,18|34,91|47,26|26,44|27,61|61,3|36,30|53,36|31,48|3,56|18,15/31,91=31,18,15,34,91
44,70|29,19|3,44|94,2|78,62|8,29|19,46|78,8|78,80|90,15|2,68|80,94|0,51|78,3|62,63|70,41|15,67|78,5|63,0|5,90/78,68=78,80,94,2,68
61,13|61,47|25,55|98,59|70,77|19,90|69,25|15,8|94,69|61,93|93,80|13,9|61,94|61,15|6,48|89,98|80,6|8,19|47,89|9,70/61,55=61,94,69,25,55
79,8|79,27|79,84|34,63|42,38|95,22|68,94|38,90|79,74|27,2|8,42|74,1|1,95|33,44|94,34|97,33|79,68|84,97|2,45|45,46/79,90=79,8,42,38,90
48,89|62,31|14,36|79,25|59,63|89,70|48,16|48,6|0,75|63,62|70,14|16,79|25,84|28,91|22,64|48,59|91,0|48,28|64,86|6,22/48,31=48,59,63,62,31
15,80|84,3|15,33|41,98|15,18|91,2|98,95|13,41|57,45|83,12|15,13|33,84|78,22|12,57|22,14|18,9|3,8|80,78|9,91|15,83/15,8=15,33,84,3,8
10,30|27,32|64,28|6,80|14,43|10,76|10,64|76,6|18,15|10,18|28,56|96,78|30,27|16,36|32,51|56,40|43,16|10,14|80,92|15,96/10,92=10,76,6,80,92
99,80|45,2|32,50|5,86|55,5|32,81|6,66|56,99|30,45|32,83|70,55|80,67|81,52|13,6|50,30|52,87|32,56|83,13|32,70|87,51/32,51=32,81,52,87,51
73,26|35,66|59,22|24,77|36,63|63,32|59,24|59,50|89,85|59,37|5,16|11,89|77,5|4,56|59,4|66,52|50,35|37,36|22,11|56,73/59,52=59,50,35,66,52
80,35|88,28|86,0|80,72|80,63|29,93|63,22|72,86|35,53|74,3|3,83|22,30|73,29|93,96|80,73|30,31|80,12|12,74|53,88|0,90/80,90=80,72,86,0,90
26,99|43,21|8,82|82,29|46,8|46,47|46,43|61,18|21,6|23,78|47,38|6,4|10,80|38,24|18,26|80,23|46,61|46,10|29,57|24,89/46,57=46,8,82,29,57
93,64|22,44|24,22|65,93|56,65|56,4|70,67|4,72|91,24|92,90|73,92|67,0|72,52|52,50|0,88|56,70|64,25|43,73|56,43|56,91/56,44=56,91,24,22,44
98,10|72,45|55,18|56,32|45,40|61,55|6,56|40,39|72,69|69,64|31,52|39,94|10,77|72,88|77,3|32,12|72,98|88,61|64,31|72,6/72,18=72,88,61,55,18
4,62|68,67|48,60|88,75|80,23|41,82|62,59|45,55|23,68|96,4|60,88|96,45|63,89|55,63|59,11|96,0|96,48|25,41|96,80|0,25/96,11=96,4,62,59,11
60,16|24,96|23,73|73,43|43,3|12,7|67,12|81,80|10,60|66,86|81,10|0,66|16,4|80,0|46,67|81,56|96,17|56,24|81,23|81,46/81,7=81,46,67,12,7
71,81|35,58|15,54|24,2|64,41|10,14|35,62|35,15|7,13|41,53|54,10|58,64|89,87|98,18|87,88|18,71|35,7|35,98|13,24|62,89/35,53=35,58,64,41,53
52,71|60,88|13,32|68,49|39,28|40,3|51,16|88,50|52,39|49,29|72,85|52,14|32,66|62,68|16,72|14,13|52,62|52,51|28,40|71,60/52,66=52,14,13,32,66
41,33|17,92|72,6|41,66|92,37|24,44|4,89|41,94|41,36|66,17|11,4|6,74|74,20|83,24|55,30|36,83|41,72|30,65|33,55|94,11/41,44=41,36,83,24,44
92,16|69,40|61,48|58,12|0,39|40,49|12,0|16,15|54,9|58,69|58,54|87,92|58,87|9,75|49,90|48,56|39,71|56,55|58,61|75,65/58,71=58,12,0,39,71
20,91|0,71|86,20|10,18|71,49|80,10|93,31|85,45|85,61|35,86|85,93|31,54|8,64|85,80|45,87|61,0|54,44|87,8|18,58|85,35/85,58=85,80,10,18,58
57,0|74,25|63,9|74,84|74,63|32,49|74,45|48,67|0,93|84,71|25,13|13,23|9,96|59,51|49,48|96,31|23,54|74,32|71,59|45,57/74,67=74,32,49,48,67
79,32|89,54|42,94|17,42|62,60|86,13|52,23|13,40|33,91|17,79|17,33|64,62|32,14|17,36|36,64|17,86|40,47|91,52|94,89|14,76/17,23=17,33,91,52,23
82,55|15,3|52,45|32,35|83,38|61,13|32,83|40,99|35,25|63,34|32,52|45,15|62,98|25,63|32,10|32,62|38,61|10,94|94,40|98,82/32,55=32,62,98,82,55
45,69|63,31|67,14|68,17|27,58|60,95|31,21|93,67|14,18|79,28|28,39|68,93|21,12|69,60|17,79|33,27|68,45|87,33|68,63|68,87/68,12=68,63,31,21,12
12,60|79,38|31,62|38,76|79,31|78,21|7,34|37,12|34,46|92,77|40,56|62,40|44,37|26,7|79,44|79,92|79,26|77,78|76,61|61,54/79,60=79,44,37,12,60
90,83|11,71|96,44|53,94|19,78|78,91|44,11|30,45|35,6|41,53|30,96|94,73|30,41|45,19|67,35|30,25|6,93|25,90|30,67|83,26/30,93=30,67,35,6,93
63,0|46,8|63,70|12,77|80,27|51,20|87,72|92,91|77,3|32,80|63,69|63,46|55,90|8,87|0,12|70,55|63,51|20,92|69,32|90,13/63,3=63,0,12,77,3
65,29|66,93|32,65|36,15|66,13|66,47|66,83|66,36|47,16|57,14|69,11|15,46|83,20|93,76|13,32|16,69|85,74|46,23|76,57|20,85/66,11=66,47,16,69,11
16,21|44,78|44,90|21,95|44,75|75,13|26,97|56,33|90,16|91,26|86,32|78,38|38,39|4,86|44,69|13,56|39,51|69,4|96,91|44,96/44,32=44,69,4,86,32
91,13|5,26|28,66|91,76|26,64|90,36|22,41|13,51|95,58|15,28|76,90|58,22|91,52|51,48|52,5|91,45|36,8|91,95|48,14|45,15/91,64=91,52,5,26,64
42,37|93,48|17,12|72,83|83,42|43,93|62,98|63,17|96,85|85,92|57,50|62,72|51,96|62,54|62,51|24,57|98,43|73,63|62,73|54,24/62,50=62,54,24,57,50
75,33|70,38|73,53|89,66|97,3|66,85|23,15|38,16|23,87|23,75|87,95|42,70|23,42|34,63|15,97|23,89|33,73|85,35|3,36|95,34/23,63=23,87,95,34,63
73,47|20,84|74,91|73,72|62,74|81,16|56,2|3,99|99,1|47,3|82,81|73,80|84,51|67,20|80,56|2,94|73,67|73,77|72,82|77,62/73,1=73,47,3,99,1
70,40|35,56|36,86|89,1|9,73|20,88|88,38|1,65|56,36|20,9|73,68|80,3|68,27|38,70|97,23|20,80|20,35|99,89|20,99|3,97/20,40=20,88,38,70,40
24,47|47,36|31,59|72,30|53,17|32,9|30,6|48,81|17,48|62,31|62,22|22,32|62,8|9,38|59,28|34,72|62,53|8,24|28,91|62,34/62,36=62,8,24,47,36
33,82|82,72|48,10|15,3|52,20|69,18|72,76|3,6|69,65|69,28|18,53|53,71|10,78|1,15|28,48|65,52|20,36|69,1|71,17|69,33/69,6=69,1,15,3,6
36,54|18,20|58,39|16,58|68,4|80,69|98,52|54,98|16,36|55,68|95,18|59,90|75,95|16,5|44,59|5,44|16,75|16,55|39,80|4,96/16,52=16,36,54,98,52
90,46|45,55|6,90|31,35|23,40|2,71|71,94|31,23|28,74|35,3|18,5|60,2|40,28|46,85|3,45|31,29|58,18|31,60|31,6|29,58/31,85=31,6,90,46,85
17,78|76,53|23,38|17,69|53,23|3,25|85,77|69,80|17,85|17,76|80,99|60,73|78,79|41,12|79,60|17,43|43,90|90,3|77,41|99,46/17,46=17,69,80,99,46
51,11|70,92|96,37|70,51|52,43|70,21|82,5|70,15|14,60|5,65|13,52|21,14|60,0|70,23|15,41|41,96|27,59|11,27|92,82|23,13/70,65=70,92,82,5,65
97,82|82,95|33,76|87,8|99,15|11,87|24,11|97,57|57,0|46,83|97,24|97,33|95,91|91,56|86,41|76,46|41,99|60,22|0,60|97,86/97,83=97,33,76,46,83
85,23|90,60|38,1|57,55|32,15|57,38|54,36|1,90|57,54|39,24|57,8|36,39|65,42|57,77|77,12|12,65|55,85|8,32|15,18|23,31/57,31=57,55,85,23,31
62,97|36,65|7,52|75,73|56,18|41,85|85,6|22,27|73,36|8,48|17,53|8,22|97,17|27,7|8,75|8,38|8,62|38,56|18,44|48,41/8,52=8,22,27,7,52
18,25|39,4|82,56|18,91|73,39|89,36|45,82|61,45|69,20|18,61|25,73|5,11|99,67|91,5|18,99|49,8|11,13|18,49|67,69|8,89/18,20=18,99,67,69,20
35,56|80,45|1,99|72,62|43,24|59,61|45,72|61,98|24,75|31,43|1,80|99,70|70,35|1,31|46,26|26,16|1,0|0,46|1,59|98,77/1,75=1,31,43,24,75
62,30|76,74|8,86|78,94|77,8|74,57|62,2|43,78|2,77|50,91|62,73|57,40|62,88|68,64|64,3|73,43|88,68|63,50|62,76|30,63/62,91=62,30,63,50,91
19,86|25,57|17,85|7,67|31,41|41,49|8,96|17,65|57,70|70,29|49,1|85,48|67,53|48,19|17,7|53,35|17,25|65,8|96,71|17,31/17,86=17,85,48,19,86
26,38|47,75|22,80|63,73|8,26|86,74|86,47|74,12|86,63|58,33|12,22|86,8|75,48|48,77|7,58|57,89|73,57|66,7|86,66|38,15/86,33=86,66,7,58,33
54,26|57,71|24,75|26,2|2,41|64,27|54,32|75,57|85,70|32,5|56,77|41,59|77,35|27,85|46,21|54,24|54,78|78,56|54,64|5,46/54,35=54,78,56,77,35
64,12|19,4|43,93|12,50|0,37|64,75|50,24|32,88|37,32|90,61|24,29|64,0|64,19|16,62|39,90|75,39|64,43|93,71|71,82|4,16/64,61=64,75,39,90,61
79,7|5,93|6,90|73,61|93,48|90,24|24,80|16,73|67,17|25,82|16,6|82,79|48,59|16,5|17,55|50,46|61,50|16,25|55,89|16,67/16,7=16,25,82,79,7
70,40|88,38|1,86|89,36|9,73|20,35|35,3|36,23|38,1|20,9|73,97|80,56|97,65|3,70|68,27|20,80|20,88|99,89|20,99|56,68/20,40=20,35,3,70,40
33,80|38,73|1,41|1,4|2,19|41,71|1,27|1,88|4,74|87,79|8,50|50,99|71,2|73,53|74,37|37,58|79,33|27,38|88,8|1,87/1,19=1,41,71,2,19
82,55|63,99|52,45|32,62|83,98|40,3|32,83|61,13|62,38|15,34|32,52|45,63|35,25|38,15|32,10|32,35|98,40|10,94|94,61|25,82/32,55=32,35,25,82,55
66,28|74,92|74,27|74,77|40,42|42,66|41,47|11,4|26,44|74,81|56,84|85,11|81,41|74,40|77,26|32,56|27,85|44,53|92,32|47,33/74,84=74,92,32,56,84
5,20|85,86|11,45|14,36|5,88|18,43|1,33|5,50|26,85|88,24|97,44|94,97|24,68|68,74|5,11|43,14|50,26|5,18|20,94|45,1/5,74=5,88,24,68,74
25,30|64,50|13,60|75,66|73,93|87,32|13,96|60,75|13,64|13,73|50,25|13,40|97,44|32,37|66,0|40,52|52,7|93,97|7,18|96,87/13,37=13,96,87,32,37
13,43|92,78|9,44|31,10|79,31|8,62|43,83|44,37|89,13|99,20|78,93|97,9|38,85|38,89|38,79|38,97|10,29|38,99|20,8|85,92/38,37=38,97,9,44,37
84,95|30,87|64,75|12,64|0,39|8,82|42,86|78,57|87,0|39,11|5,7|4,12|7,42|30,84|30,4|57,8|32,55|95,32|30,5|30,78/30,75=30,4,12,64,75
81,38|27,22|58,13|6,58|16,52|23,6|38,97|27,77|77,84|55,7|72,39|27,16|84,51|22,81|51,88|39,76|76,78|27,72|27,23|52,55/27,88=27,77,84,51,88
89,2|80,9|99,64|36,98|59,53|69,45|98,99|59,89|35,27|45,8|59,35|66,28|49,69|27,80|55,5|59,36|97,55|53,97|2,66|59,49/59,9=59,35,27,80,9
4,54|37,33|47,37|86,58|43,45|63,69|23,5|24,43|23,80|80,65|58,2|45,34|23,21|5,86|23,63|42,28|65,4|23,24|69,42|21,47/23,2=23,5,86,58,2
57,38|4,6|39,51|1,81|60,39|6,84|94,60|90,57|51,79|84,70|78,92|94,75|94,86|92,1|94,78|94,4|75,90|49,54|86,49|54,50/94,70=94,4,6,84,70
50,72|16,44|4,88|22,86|22,50|88,39|65,41|61,71|71,90|22,7|72,25|22,4|70,35|7,61|25,26|86,65|22,70|35,16|41,9|39,32/22,26=22,50,72,25,26
93,4|63,62|62,66|4,33|47,96|83,43|83,61|92,47|33,42|72,24|61,51|96,14|51,72|83,92|43,60|25,77|68,63|83,68|60,25|83,93/83,42=83,93,4,33,42
79,67|61,86|37,51|51,29|88,84|79,48|35,36|67,37|79,88|55,35|36,56|48,61|84,20|62,98|98,25|79,55|20,69|25,14|86,42|79,62/79,56=79,55,35,36,56
62,60|25,55|33,15|18,44|71,66|33,50|86,45|33,81|33,84|78,64|84,18|15,78|44,94|81,3|64,42|55,62|47,86|3,71|33,25|50,47/33,42=33,15,78,64,42
91,30|45,73|46,56|6,74|63,6|37,98|60,63|39,4|39,60|44,91|57,95|40,45|39,46|39,37|56,13|4,44|93,40|98,57|13,7|39,93/39,74=39,60,63,6,74
48,12|11,87|11,48|78,33|18,83|11,84|40,61|84,96|44,0|12,47|47,38|41,71|61,18|54,78|96,41|87,49|11,40|11,54|49,44|33,93/11,71=11,84,96,41,71
23,73|31,15|46,79|26,95|95,96|26,22|26,46|9,36|77,82|71,90|26,9|79,23|22,2|54,42|90,74|96,77|36,54|74,69|2,31|26,71/26,15=26,22,2,31,15
3,72|53,22|72,88|79,99|25,41|43,53|56,23|41,54|25,43|30,56|22,86|10,78|25,82|25,30|14,79|82,14|20,3|54,10|23,19|25,20/25,99=25,82,14,79,99
80,98|77,84|23,95|63,91|34,21|47,33|23,77|84,70|98,94|91,47|70,25|17,13|85,99|95,34|21,4|23,85|76,80|23,63|23,76|99,17/23,33=23,63,91,47,33
20,49|75,55|43,60|55,20|53,73|22,15|57,6|57,53|96,25|6,13|3,67|68,43|67,96|18,68|57,75|13,63|73,22|57,18|57,3|63,11/57,11=57,6,13,63,11
84,3|98,78|3,60|73,53|55,99|59,21|49,55|56,42|88,73|53,59|88,56|42,52|99,47|88,84|63,96|88,98|60,43|52,28|78,63|88,49/88,28=88,56,42,52,28
75,20|55,90|72,67|67,66|56,2|66,49|56,60|85,95|91,55|60,38|95,18|71,13|2,71|38,75|56,84|84,91|13,98|56,72|94,85|56,94/56,18=56,94,85,95,18
86,49|86,46|70,28|66,16|16,76|28,56|49,24|54,70|86,95|86,54|86,66|6,43|23,65|36,6|46,36|24,1|65,48|1,10|76,42|95,23/86,10=86,49,24,1,10
53,14|28,16|53,8|16,17|57,10|75,32|14,45|35,34|18,28|10,35|53,69|13,67|83,13|53,57|8,83|86,49|45,75|58,86|53,18|69,58/53,49=53,69,58,86,49
26,56|59,43|1,99|35,16|46,24|0,70|43,35|70,98|24,75|80,46|1,59|99,61|61,26|1,80|45,72|72,62|1,31|31,45|1,0|98,77/1,75=1,80,46,24,75
52,4|24,89|78,1|1,75|15,8|78,52|75,24|37,7|60,93|30,60|40,76|93,79|16,10|76,18|4,16|7,15|78,30|78,37|59,40|78,59/78,89=78,1,75,24,89
35,38|1,91|71,60|71,0|2,17|33,67|5,55|13,98|0,1|78,6|58,62|71,2|67,35|71,33|60,78|71,5|6,11|17,13|55,58|91,29/71,11=71,60,78,6,11
72,81|60,16|95,13|76,92|72,48|72,50|82,90|13,47|54,25|50,44|72,29|97,8|72,60|44,54|48,18|16,82|92,40|81,95|18,97|29,76/72,47=72,81,95,13,47
67,86|37,82|93,44|67,52|67,89|59,37|67,30|30,88|9,99|94,69|52,59|89,16|69,32|86,94|88,9|83,76|67,93|44,83|16,13|13,24/67,82=67,52,59,37,82
99,79|91,97|81,22|92,95|6,39|49,94|71,49|19,70|71,72|71,10|94,92|72,81|39,88|71,6|70,86|22,59|10,19|97,99|71,91|88,48/71,59=71,72,81,22,59
30,71|81,91|32,2|32,45|85,92|51,24|32,75|79,51|16,60|32,30|92,66|91,50|36,67|32,77|9,36|75,79|77,9|71,16|2,81|45,85/32,60=32,30,71,16,60
13,67|82,46|2,93|27,42|1,54|67,22|22,20|81,91|98,64|98,2|98,41|93,5|64,53|91,52|98,1|98,13|54,27|53,82|41,81|5,71/98,52=98,41,81,91,52
33,57|33,67|50,29|52,75|74,52|33,3|80,69|39,50|33,39|1,18|33,80|69,98|67,74|70,1|56,37|3,82|82,56|29,12|57,70|98,66/33,37=33,3,82,56,37
73,54|1,46|19,34|28,37|34,64|24,80|37,99|46,9|1,29|9,3|3,70|1,11|64,69|74,75|12,73|1,24|80,74|11,28|1,19|29,12/1,75=1,24,80,74,75
33,83|36,16|85,80|33,3|33,39|39,85|15,45|95,84|62,55|33,48|80,9|3,79|79,36|55,70|33,62|45,65|70,44|89,95|48,15|83,89/33,9=33,39,85,80,9
79,28|52,23|16,21|89,4|26,31|32,22|28,38|59,52|5,79|4,96|9,59|22,93|21,88|31,16|2,89|26,46|26,2|46,32|26,5|26,9/26,96=26,2,89,4,96
3,24|39,72|65,49|19,18|71,13|86,43|39,93|39,86|97,88|93,68|39,45|12,32|43,97|18,12|13,15|39,19|68,65|45,80|72,71|80,3/39,32=39,19,18,12,32
45,79|42,4|70,57|50,93|81,36|43,83|4,54|83,45|36,50|71,41|15,1|75,81|75,15|30,42|1,39|41,70|75,71|39,5|75,43|75,30/75,5=75,15,1,39,5
27,57|38,60|27,65|60,51|99,96|7,29|29,78|27,1|2,62|0,17|65,38|57,7|27,35|96,55|35,80|41,2|62,23|80,0|1,99|27,41/27,55=27,1,99,96,55
19,28|88,27|37,19|56,10|25,37|25,92|42,83|79,6|17,79|48,17|83,97|25,49|25,66|25,48|43,56|49,43|92,13|28,96|13,88|66,42/25,96=25,37,19,28,96
53,95|56,9|76,14|4,63|56,80|23,81|62,8|2,76|95,4|9,79|8,68|56,53|37,51|79,74|28,62|51,23|56,37|74,87|80,2|56,28/56,14=56,80,2,76,14
65,73|47,37|62,47|11,92|6,46|29,83|29,85|29,34|46,48|29,62|66,38|97,6|85,20|79,11|38,32|83,66|34,79|29,97|20,65|37,96/29,32=29,83,66,38,32
94,66|32,23|30,37|38,14|23,94|32,28|32,20|24,49|73,26|36,85|32,24|20,41|49,36|4,30|71,19|32,73|28,4|26,71|66,98|41,38/32,19=32,73,26,71,19
13,9|13,69|84,10|13,84|86,39|24,8|98,24|13,91|13,26|99,16|50,2|10,50|62,68|91,98|69,62|39,83|29,99|9,29|26,86|68,40/13,16=13,9,29,99,16
15,9|19,85|46,36|15,74|15,50|77,19|9,31|74,30|30,32|47,77|50,55|31,46|55,88|15,25|33,26|26,62|88,93|15,47|25,33|32,44/15,62=15,25,33,26,62
96,56|65,24|62,5|35,48|56,60|48,96|35,83|4,6|52,16|35,7|40,65|83,3|35,17|35,93|17,40|16,9|3,62|93,4|6,72|7,52/35,24=35,17,40,65,24
11,68|20,92|83,14|83,81|83,6|6,59|67,37|59,67|83,11|9,88|81,7|12,69|7,12|83,84|98,24|84,9|14,3|68,20|88,35|3,98/83,37=83,6,59,67,37
88,44|44,69|65,49|51,3|88,26|91,79|88,16|63,51|46,73|88,91|29,45|66,9|88,47|26,74|47,63|79,65|16,35|74,46|35,29|69,66/88,49=88,91,79,65,49
8,40|81,44|85,84|1,46|84,1|97,70|27,21|48,60|26,85|32,27|13,37|37,97|40,7|21,68|26,13|26,81|26,32|26,8|44,48|7,65/26,70=26,13,37,97,70
76,77|30,93|30,25|30,86|86,39|3,17|39,88|35,3|9,49|58,14|77,58|84,15|46,4|25,9|30,76|93,35|15,46|30,84|49,94|88,59/30,17=30,93,35,3,17
84,46|68,90|46,2|56,86|5,24|45,29|68,56|86,44|68,27|2,48|27,60|44,42|57,95|68,84|90,45|78,57|60,5|29,62|68,81|81,78/68,24=68,27,60,5,24
54,63|63,92|20,86|60,84|22,78|25,60|21,22|89,98|77,95|97,77|11,54|98,21|79,20|89,97|89,32|32,79|89,25|89,11|84,0|95,64/89,78=89,98,21,22,78
69,21|36,88|23,71|69,36|3,10|38,6|41,70|90,25|42,17|21,41|70,20|88,42|94,67|10,99|67,90|99,52|6,23|69,3|69,38|69,94/69,17=69,36,88,42,17
67,25|49,60|36,86|28,67|96,31|72,10|32,36|49,46|99,4|49,32|31,97|46,96|44,40|86,34|10,99|60,44|49,28|25,27|49,72|40,42/49,42=49,60,44,40,42
32,67|13,81|54,0|39,45|46,8|46,54|46,13|98,66|66,97|81,84|46,76|0,47|4,98|46,4|47,85|76,21|17,39|21,32|8,17|84,1/46,67=46,76,21,32,67
88,37|40,63|38,49|86,44|74,73|54,40|74,38|44,69|49,60|74,54|69,52|58,88|74,58|64,15|60,36|73,61|61,64|63,51|37,93|74,86/74,52=74,86,44,69,52
9,31|96,11|55,84|85,67|99,96|67,38|85,99|42,34|64,91|11,45|85,64|91,46|85,42|46,73|15,97|85,15|38,9|97,55|34,19|19,0/85,84=85,15,97,55,84
76,4|58,8|88,79|8,78|79,58|51,17|88,1|1,24|67,16|49,87|12,73|33,62|73,76|24,67|88,51|88,71|88,12|71,97|97,33|17,49/88,4=88,12,73,76,4
82,71|22,61|71,18|57,28|45,82|4,83|61,73|4,85|14,63|23,57|4,22|59,14|29,2|83,59|4,23|28,47|4,45|73,20|2,78|85,29/4,78=4,85,29,2,78
17,0|61,89|48,8|15,33|6,23|6,87|87,70|47,27|6,15|70,47|6,54|23,61|6,44|44,83|54,16|16,48|83,29|29,5|89,93|33,17/6,27=6,87,70,47,27
54,45|55,47|35,18|45,24|39,16|73,99|44,76|40,6|90,69|84,73|54,55|54,10|80,58|54,80|76,90|58,40|54,44|10,84|47,35|24,39/54,18=54,55,47,35,18
65,92|93,12|65,64|11,29|76,56|65,76|3,57|92,3|87,70|10,87|12,35|56,1|29,91|65,33|33,11|1,95|57,32|64,10|77,93|65,77/65,70=65,64,10,87,70
94,47|57,24|59,20|65,76|47,57|13,48|94,45|80,40|94,59|94,65|94,28|28,80|48,30|45,13|90,50|20,68|76,90|24,17|68,92|40,84/94,50=94,65,76,90,50
56,76|73,30|25,6|63,32|76,8|6,49|8,73|88,18|18,86|91,41|61,39|19,88|96,29|24,25|56,19|56,24|56,63|56,61|39,96|32,91/56,49=56,24,25,6,49
14,86|0,40|34,80|95,34|85,15|64,26|40,23|6,85|55,51|6,14|6,90|15,2|80,39|90,0|94,64|26,96|2,31|6,94|86,55|6,95/6,23=6,90,0,40,23
54,36|54,61|98,67|10,25|39,4|82,10|65,37|16,39|37,98|61,50|50,73|54,6|4,85|36,40|54,16|54,65|6,82|73,22|40,11|11,94/54,85=54,16,39,4,85
79,0|62,20|20,3|21,17|0,34|57,44|21,23|1,97|41,67|17,41|90,47|47,6|67,5|21,57|34,64|21,62|44,1|21,79|23,90|3,88/21,5=21,17,41,67,5
95,13|5,68|19,99|99,3|11,28|97,53|3,54|84,39|67,40|5,62|28,95|17,97|59,84|39,41|8,67|5,59|62,8|5,11|68,17|5,19/5,53=5,68,17,97,53
15,86|33,29|21,41|21,69|66,20|21,85|21,60|41,15|57,62|20,12|85,1|73,39|1,57|10,54|69,10|39,33|60,66|21,73|86,79|54,78/21,78=21,69,10,54,78
95,46|46,94|85,44|29,95|88,38|21,15|93,34|51,88|85,12|36,51|15,23|34,91|35,21|85,35|44,93|85,29|85,36|12,22|22,4|4,69/85,94=85,29,95,46,94
82,85|64,99|73,72|23,82|54,12|12,64|16,54|16,81|16,17|95,73|11,20|87,11|16,42|39,95|27,29|29,18|42,87|17,27|16,39|81,23/16,20=16,42,87,11,20
52,30|30,16|54,43|31,18|16,14|28,94|55,26|18,73|45,31|26,97|55,52|55,65|55,56|55,45|19,40|65,28|43,36|56,54|97,19|94,75/55,73=55,45,31,18,73
58,81|61,5|41,51|41,61|69,72|93,34|78,69|81,14|5,93|76,15|41,58|51,42|32,2|71,99|42,76|41,78|41,71|99,32|72,80|14,22/41,2=41,71,99,32,2
74,97|21,30|71,25|95,71|30,42|88,23|67,38|97,8|50,67|21,37|25,83|38,91|2,35|21,16|36,88|16,74|21,95|42,2|37,36|21,50/21,83=21,95,71,25,83
15,48|64,9|98,52|69,66|54,82|81,84|10,45|53,63|45,72|72,34|15,0|76,54|15,10|15,64|52,69|25,81|9,53|0,25|48,76|15,98/15,34=15,10,45,72,34
98,92|74,64|13,72|67,74|87,41|85,57|49,67|57,13|3,7|45,16|85,44|85,49|85,45|44,87|7,52|42,3|16,98|72,39|41,54|85,42/85,64=85,49,67,74,64
63,19|21,79|37,9|19,10|95,82|26,49|37,38|9,18|18,1|37,20|24,23|85,26|82,24|7,88|1,30|20,63|79,7|37,95|38,85|37,21/37,10=37,20,63,19,10
11,65|24,79|25,22|69,23|50,69|40,59|24,27|22,52|2,21|5,11|27,2|65,4|93,25|79,50|24,93|21,16|61,56|56,40|24,5|24,61/24,4=24,5,11,65,4
43,59|72,0|92,95|72,19|72,58|41,54|72,50|59,83|19,60|46,73|50,21|0,43|37,39|65,42|60,46|95,37|21,65|96,41|58,96|72,92/72,54=72,58,96,41,54
98,64|72,69|55,18|40,39|69,61|56,55|88,40|61,77|72,6|6,10|31,52|77,12|64,32|72,45|32,3|39,94|72,98|45,56|10,31|72,88/72,18=72,45,56,55,18
17,14|62,50|37,1|82,28|36,65|24,15|91,86|82,95|90,62|95,17|14,18|28,60|65,91|1,84|9,90|82,9|82,36|82,20|60,24|20,37/82,84=82,20,37,1,84
64,2|49,72|6,49|70,68|72,62|9,46|85,52|23,64|9,18|45,61|9,6|2,7|46,70|9,60|61,59|60,45|9,23|68,25|18,85|52,13/9,62=9,6,49,72,62
35,21|60,56|56,69|58,83|29,95|60,85|60,16|24,50|60,29|70,81|39,70|69,58|60,90|27,76|95,24|4,27|90,35|85,4|16,39|21,10/60,76=60,85,4,27,76
4,48|67,25|20,22|4,23|71,57|4,30|10,58|30,46|57,99|51,28|48,71|65,54|1,56|56,67|23,60|60,51|46,20|4,10|58,65|4,1/4,28=4,23,60,51,28
43,84|2,60|52,34|92,52|34,29|2,92|24,37|2,25|54,59|89,22|59,44|44,15|22,4|25,58|2,47|47,89|2,54|77,43|58,24|60,77/2,84=2,60,77,43,84
65,53|97,35|48,61|12,74|64,95|95,27|87,71|71,19|48,7|74,79|48,81|0,9|48,55|53,20|7,87|55,64|48,97|61,12|35,0|81,65/48,20=48,81,65,53,20
61,41|72,97|1,98|11,27|91,59|62,57|59,28|41,1|56,2|73,72|84,11|84,61|27,56|78,73|84,69|84,62|84,78|6,80|57,6|69,91/84,2=84,11,27,56,2
50,30|62,36|6,40|5,49|76,5|6,72|72,33|33,14|9,80|6,9|49,56|14,70|92,83|40,48|6,76|81,50|6,81|80,62|30,2|48,92/6,36=6,9,80,62,36
27,45|7,20|7,66|90,3|59,64|7,27|3,79|7,51|7,90|94,50|79,14|56,59|45,80|66,56|80,63|51,94|88,17|20,91|91,88|50,99/7,14=7,90,3,79,14
83,66|39,52|59,2|1,54|66,3|25,0|11,44|88,40|54,5|25,1|25,59|40,79|52,86|2,11|25,20|5,31|20,83|79,94|25,88|0,39/25,44=25,59,2,11,44
1,26|94,1|56,74|60,81|60,2|47,43|7,33|18,55|42,98|33,22|74,47|81,18|98,65|60,11|55,16|60,56|8,7|2,94|11,42|60,8/60,26=60,2,94,1,26
47,46|47,64|44,81|2,69|28,56|80,52|49,74|9,49|81,79|23,28|26,92|56,93|74,17|47,23|92,36|64,26|69,80|47,2|46,44|47,9/47,17=47,9,49,74,17
29,70|34,30|94,80|46,48|6,36|61,96|46,94|85,35|30,85|91,65|46,34|46,29|48,72|65,6|70,88|87,90|88,52|46,91|72,87|80,61/46,90=46,48,72,87,90
52,96|16,25|90,16|94,81|81,55|4,83|37,75|55,2|75,38|9,7|13,4|9,35|29,13|9,37|7,90|35,52|96,17|9,29|9,94|38,85/9,25=9,7,90,16,25
17,69|85,79|3,38|17,76|79,3|60,12|43,80|76,77|17,43|17,85|77,99|23,73|69,90|41,25|90,23|17,78|78,53|53,60|80,41|99,46/17,46=17,76,77,99,46
61,57|27,74|8,48|61,8|66,82|15,65|61,99|61,26|84,59|65,36|4,66|59,0|18,15|26,4|61,18|77,29|51,77|57,51|99,84|48,27/61,74=61,8,48,27,74
50,49|49,65|56,83|56,35|13,10|65,15|89,16|56,92|51,75|35,13|0,60|56,26|26,0|16,62|10,87|92,89|60,53|83,51|75,96|56,50/56,62=56,92,89,16,62
87,4|54,65|64,81|64,13|95,83|64,82|13,54|64,90|88,92|98,48|81,5|48,8|5,88|90,86|99,87|82,98|86,95|77,99|65,15|64,77/64,4=64,77,99,87,4
85,29|0,18|39,9|79,20|13,14|85,99|34,1|85,96|20,45|85,55|85,34|16,39|1,0|99,16|96,79|37,13|55,37|29,94|94,64|64,51/85,51=85,29,94,64,51
51,22|8,26|89,11|13,89|34,85|99,51|44,14|13,2|11,8|73,44|85,49|52,99|13,56|49,9|13,52|56,73|57,46|2,58|58,57|13,34/13,14=13,56,73,44,14
88,39|58,32|24,7|76,88|39,26|46,71|32,77|58,9|67,43|30,44|21,69|58,67|7,52|77,41|41,99|43,21|44,46|58,30|58,76|9,24/58,71=58,30,44,46,71
26,88|85,78|86,21|87,97|55,85|32,34|83,47|98,86|23,32|12,23|99,98|57,73|57,99|57,83|73,24|57,55|57,12|78,11|47,26|24,87/57,34=57,12,23,32,34
24,23|98,94|49,22|13,36|13,98|2,95|22,65|18,73|25,6|7,71|13,29|29,18|13,7|89,85|13,89|73,88|85,24|36,49|71,25|94,2/13,6=13,7,71,25,6
77,42|95,45|57,91|95,56|65,2|95,96|61,70|20,54|54,55|95,51|97,65|56,20|15,57|84,61|42,35|79,15|45,97|95,79|96,77|51,84/95,2=95,45,97,65,2
85,98|87,93|17,92|98,50|85,5|18,43|83,52|43,83|93,51|50,72|4,87|85,14|16,59|14,3|3,17|85,4|5,34|72,62|34,16|85,18/85,92=85,14,3,17,92
48,73|78,48|64,45|64,42|7,38|14,11|22,20|20,12|64,63|42,77|64,82|82,7|12,46|38,44|77,14|64,22|32,47|45,78|47,2|63,32/64,73=64,45,78,48,73
75,42|50,58|42,24|24,90|71,10|7,84|99,89|45,99|84,11|75,79|75,21|21,45|58,2|75,71|56,54|79,50|75,93|10,56|93,7|90,18/75,54=75,71,10,56,54
94,82|95,97|2,23|40,47|1,25|2,91|71,61|2,1|82,84|91,94|28,95|61,79|42,13|25,40|2,96|2,71|79,88|23,28|13,68|96,42/2,68=2,96,42,13,68
79,94|98,64|53,41|36,91|37,27|31,4|29,59|27,73|94,39|36,7|30,98|59,74|36,29|91,79|92,37|36,92|7,30|74,62|36,53|41,31/36,64=36,7,30,98,64
81,38|9,24|68,44|73,30|26,81|90,71|94,98|38,42|24,62|21,9|44,58|98,5|37,40|37,26|37,73|37,94|30,90|5,60|37,21|40,68/37,58=37,40,68,44,58
17,68|14,35|56,21|57,10|56,63|21,86|86,93|80,57|41,31|40,8|54,33|63,80|98,32|35,41|93,65|68,98|56,17|56,14|33,40|56,54/56,32=56,17,68,98,32
65,93|42,65|12,82|42,33|33,59|67,68|93,17|42,80|97,75|37,67|45,11|42,29|17,13|80,10|59,12|42,37|29,81|10,97|81,45|68,55/42,11=42,29,81,45,11
24,67|62,48|73,75|40,61|19,87|73,40|87,94|82,6|23,62|94,2|61,24|73,54|27,55|75,4|73,19|4,41|55,82|54,23|73,27|41,0/73,67=73,40,61,24,67
45,91|56,28|49,69|6,45|81,27|47,56|86,38|87,30|22,42|47,65|28,86|5,67|47,49|65,81|47,5|47,34|69,87|67,22|27,51|34,6/47,91=47,34,6,45,91
68,34|49,57|34,72|36,0|72,91|2,71|88,51|64,31|1,29|1,52|1,2|57,64|89,90|71,89|1,49|52,28|1,68|38,88|29,38|28,36/1,91=1,68,34,72,91
68,95|71,13|23,16|36,62|56,34|95,31|34,71|19,87|62,64|36,56|4,25|2,24|24,4|29,23|36,68|36,29|31,48|64,19|36,2|16,12/36,87=36,62,64,19,87
79,65|99,45|45,81|20,61|94,20|61,2|56,52|62,94|7,96|96,41|62,36|81,91|65,17|62,99|36,7|62,13|13,50|62,79|50,56|17,18/62,91=62,99,45,81,91
51,20|52,92|98,23|51,28|50,35|5,30|66,5|53,48|79,82|92,53|51,52|20,66|41,98|51,79|51,41|61,50|23,16|82,68|68,80|28,61/51,48=51,52,92,53,48
63,11|90,92|63,71|71,14|14,95|92,54|54,93|95,94|31,40|62,81|81,44|36,87|76,3|35,26|3,36|26,31|63,35|63,90|63,76|11,62/63,93=63,90,92,54,93
89,12|89,53|62,83|82,24|17,58|24,5|2,74|46,9|67,56|89,94|94,82|53,18|9,41|89,36|36,46|12,2|18,67|89,62|74,77|83,17/89,5=89,94,82,24,5
83,36|1,11|57,1|54,57|62,99|7,3|87,47|40,64|76,83|64,45|77,92|92,42|3,87|62,41|41,40|62,54|99,76|62,30|62,7|30,77/62,36=62,99,76,83,36
9,34|33,37|73,19|9,56|63,74|9,10|10,89|34,43|56,84|89,0|9,14|9,33|84,63|14,52|66,85|0,21|43,66|37,73|52,68|68,81/9,19=9,33,37,73,19
58,25|70,53|13,44|83,21|74,16|76,79|76,58|45,83|76,32|86,98|32,74|50,13|25,86|76,50|79,65|65,70|44,54|16,15|87,45|76,87/76,98=76,58,25,86,98
45,5|55,19|18,58|78,27|45,78|97,18|36,47|45,92|98,99|65,55|99,13|45,98|22,44|45,89|13,90|16,22|89,65|5,97|27,36|92,16/45,19=45,89,65,55,19
29,36|74,50|37,76|68,29|17,94|17,2|18,90|92,93|31,91|94,68|50,18|93,43|17,31|5,78|17,74|2,92|17,37|91,5|76,41|41,77/17,43=17,2,92,93,43
87,55|12,16|41,65|45,37|65,53|87,12|87,41|53,92|55,13|58,45|37,11|16,79|87,58|79,20|60,67|90,72|72,60|87,90|13,25|25,18/87,20=87,12,16,79,20
71,19|78,86|27,74|68,63|34,3|84,88|94,91|87,84|71,34|93,29|76,37|71,2|29,32|2,87|86,94|3,68|71,78|71,27|74,76|19,93/71,37=71,27,74,76,37
83,32|65,79|2,24|38,9|16,6|18,16|83,18|33,90|96,51|83,2|40,33|83,38|6,58|32,65|79,27|83,40|75,15|9,75|90,84|24,96/83,58=83,18,16,6,58
37,83|37,0|35,31|86,99|83,86|78,35|55,76|67,12|76,27|17,78|12,73|37,55|99,36|0,67|89,30|58,89|41,58|27,94|37,41|37,17/37,30=37,41,58,89,30
37,48|79,46|62,79|11,92|20,65|29,85|29,34|29,97|65,73|29,62|6,38|83,20|34,66|47,11|38,32|85,6|97,47|29,83|66,37|46,96/29,32=29,85,6,38,32
7,51|64,5|14,12|19,7|9,10|56,49|10,38|12,28|9,67|92,29|90,19|9,47|47,92|49,42|38,64|29,98|67,56|9,18|9,90|18,14/9,5=9,10,38,64,5
28,21|64,61|6,72|75,49|75,64|79,87|61,67|96,28|74,91|75,99|15,78|78,6|99,9|21,92|87,52|49,79|75,96|67,11|9,74|75,15/75,72=75,15,78,6,72
27,37|28,66|12,99|52,46|65,91|22,92|53,72|33,65|98,11|99,61|86,33|53,98|62,22|53,28|66,27|53,86|79,62|53,79|72,12|11,52/53,37=53,28,66,27,37
48,78|0,52|68,50|78,12|54,48|4,17|17,62|97,54|61,96|97,74|97,68|97,30|39,33|50,0|33,73|73,44|30,4|97,39|74,56|56,61/97,62=97,30,4,17,62
86,56|7,89|21,68|4,41|99,1|53,18|56,20|53,21|18,86|68,75|22,99|50,76|76,7|53,50|41,9|53,45|75,93|53,72|72,22|45,4/53,93=53,21,68,75,93
57,9|40,99|63,55|50,89|37,57|9,76|73,11|99,77|53,50|75,73|89,4|63,75|63,53|55,28|79,83|63,40|63,37|28,79|77,46|11,29/63,46=63,40,99,77,46
27,25|5,53|74,97|0,49|90,88|36,95|88,61|53,3|90,27|97,43|90,0|49,13|90,74|43,56|3,46|29,11|13,52|90,5|61,29|25,36/90,46=90,5,53,3,46
53,60|8,22|45,47|73,94|60,97|54,39|71,92|54,71|94,45|1,42|22,1|54,73|19,30|92,19|39,84|5,53|54,8|27,67|54,5|84,27/54,42=54,8,22,1,42
32,99|18,85|4,34|79,29|85,32|45,88|12,45|79,60|79,12|11,63|29,42|88,27|76,35|31,4|83,91|60,31|79,18|79,76|42,83|35,11/79,34=79,60,31,4,34
94,21|4,67|99,20|75,98|19,24|21,26|33,52|98,74|40,19|40,36|40,89|24,4|20,15|68,33|6,68|36,94|42,99|40,6|89,75|40,42/40,26=40,36,94,21,26
62,27|39,68|56,24|42,85|24,28|20,39|73,17|54,73|62,21|45,42|62,4|21,75|62,20|68,79|62,92|57,37|92,56|27,54|4,45|75,57/62,85=62,4,45,42,85
88,76|28,88|31,3|3,69|8,99|4,98|50,54|37,25|31,71|72,8|6,28|93,72|31,6|31,93|58,4|49,79|54,49|69,37|71,58|31,50/31,25=31,3,69,37,25
15,67|84,86|50,84|50,13|50,66|50,14|97,65|31,46|86,38|79,36|38,18|30,47|67,69|66,15|65,79|76,31|13,40|14,76|40,30|50,97/50,69=50,66,15,67,69
1,40|29,26|77,21|78,13|33,79|76,47|59,53|3,29|79,76|78,49|13,3|49,61|53,50|61,1|78,88|78,11|11,18|78,33|88,59|18,77/78,47=78,33,79,76,47
12,4|31,71|27,26|26,18|63,60|4,31|65,63|84,12|50,2|84,73|48,50|40,67|60,36|84,65|67,75|91,48|73,40|84,27|18,7|84,91/84,36=84,65,63,60,36
68,77|87,41|43,12|12,61|68,43|31,62|67,63|37,16|14,31|61,34|49,81|68,37|62,46|68,87|8,29|68,14|16,8|41,49|77,27|27,67/68,63=68,77,27,67,63
96,55|41,3|51,57|38,39|25,42|51,38|4,68|57,4|7,37|90,49|37,75|81,62|51,25|68,14|39,41|42,96|51,7|75,86|51,90|49,81/51,86=51,7,37,75,86
59,95|45,83|48,51|75,37|37,16|59,75|63,28|96,63|62,45|59,35|90,71|16,67|51,34|95,90|59,48|34,64|59,62|83,13|35,96|71,19/59,28=59,35,96,63,28
89,24|99,33|46,83|40,6|76,11|15,62|87,13|72,20|6,5|20,89|99,72|31,66|42,46|36,40|99,15|33,42|99,36|62,76|99,87|13,31/99,83=99,33,42,46,83
93,45|68,7|71,86|71,49|65,19|36,11|71,31|71,77|19,36|49,88|26,10|0,68|77,0|44,6|39,93|86,39|10,72|88,44|31,26|71,65/71,72=71,31,26,10,72
73,93|42,65|65,32|75,56|90,89|14,28|56,9|42,75|43,52|42,76|32,43|42,90|42,14|9,34|53,73|89,66|76,53|66,22|31,23|28,31/42,34=42,75,56,9,34
27,45|63,75|63,27|63,55|22,81|63,22|63,5|98,42|58,77|89,13|10,69|5,48|48,98|77,94|45,52|55,84|52,47|75,58|81,89|84,10/63,13=63,22,81,89,13
21,27|15,76|64,34|30,11|50,7|96,73|36,81|64,21|64,36|64,96|27,83|39,75|76,14|64,47|34,15|47,63|73,30|81,39|63,50|83,61/64,11=64,96,73,30,11
61,47|60,72|72,66|47,33|4,96|83,92|83,43|68,4|33,42|25,24|43,63|96,77|63,25|83,68|92,51|62,14|93,60|83,93|51,62|83,61/83,42=83,61,47,33,42
65,76|58,75|16,51|94,16|13,54|58,92|58,65|8,27|58,94|75,74|74,14|92,39|14,47|66,20|76,8|39,59|59,67|58,66|20,13|51,50/58,50=58,94,16,51,50
69,26|35,55|12,49|5,41|69,3|69,51|41,42|69,5|3,12|51,36|33,87|36,33|17,2|42,63|26,35|69,18|2,73|18,17|49,0|55,22/69,0=69,3,12,49,0
78,46|50,21|45,70|92,31|19,90|7,88|88,3|86,61|47,62|62,7|47,48|23,92|46,51|47,45|48,23|51,53|70,50|47,78|90,86|47,19/47,53=47,78,46,51,53
36,94|49,36|49,21|49,16|31,52|0,56|16,87|49,3|21,0|55,47|56,44|80,38|3,64|94,51|46,5|51,57|49,31|52,80|64,55|87,46/49,38=49,31,52,80,38
54,82|94,8|0,69|94,14|56,66|10,52|14,95|94,7|2,99|7,2|66,63|8,10|99,62|85,80|94,56|95,85|82,0|94,54|52,13|63,72/94,72=94,56,66,63,72
19,86|85,67|17,7|65,48|31,8|8,70|41,96|17,25|67,53|53,35|70,1|7,57|48,49|57,19|17,65|49,29|17,85|25,41|96,71|17,31/17,86=17,7,57,19,86
66,97|41,13|93,40|66,12|66,34|12,41|66,43|43,46|72,95|36,88|40,48|34,36|58,3|97,14|88,92|14,58|48,19|13,96|66,93|46,72/66,95=66,43,46,72,95
40,7|86,95|79,40|99,44|52,38|92,30|2,73|73,53|12,79|70,20|52,12|38,2|87,86|30,58|52,70|29,87|42,92|52,42|20,99|52,29/52,44=52,70,20,99,44
60,51|17,82|84,37|82,31|22,89|22,93|37,56|85,16|71,60|22,17|22,58|58,2|31,74|89,86|93,71|2,75|22,84|86,85|56,77|75,34/22,51=22,93,71,60,51
44,43|20,2|82,87|54,20|7,38|13,30|82,33|82,51|38,50|89,13|11,28|32,11|82,44|22,7|87,32|51,89|26,42|82,22|33,54|43,26/82,50=82,22,7,38,50
82,76|34,99|38,10|82,49|42,78|82,74|82,38|76,39|49,9|39,64|61,18|9,42|10,34|11,41|22,11|18,21|82,22|74,61|64,48|41,58/82,48=82,76,39,64,48
61,21|64,28|6,72|75,15|75,64|9,74|28,87|49,61|67,52|75,96|99,79|79,6|96,78|21,92|74,91|15,9|75,49|87,11|78,67|75,99/75,72=75,99,79,6,72
7,27|68,82|82,56|32,72|38,1|86,37|38,86|38,7|38,97|72,99|37,23|27,63|97,68|48,69|1,32|38,61|63,60|69,76|23,28|61,48/38,76=38,61,48,69,76
67,0|22,88|24,16|46,22|88,67|54,1|46,97|34,9|9,18|18,65|46,24|2,7|17,90|46,2|46,34|97,75|75,17|16,71|7,54|71,62/46,90=46,97,75,17,90
95,68|7,63|73,92|48,10|88,73|25,7|63,49|11,0|62,87|5,88|5,21|92,99|68,89|45,77|87,48|5,62|5,25|21,95|5,11|0,45/5,99=5,88,73,92,99
51,42|91,86|21,3|91,43|1,13|91,21|84,89|56,32|91,1|89,8|13,56|75,63|3,77|8,2|43,0|0,75|86,51|77,14|42,4|91,84/91,14=91,21,3,77,14
9,0|92,31|92,65|65,60|58,10|92,44|92,11|2,8|10,77|31,58|11,56|56,9|34,2|44,86|86,23|23,75|8,52|60,64|92,34|64,81/92,77=92,31,58,10,77
76,42|16,94|43,15|24,43|46,36|53,79|80,61|36,66|76,87|76,86|35,17|86,59|59,80|42,46|94,53|87,24|76,9|76,16|17,29|9,35/76,66=76,42,46,36,66
50,88|7,76|73,64|10,52|10,30|92,94|10,73|77,99|97,89|89,20|46,37|52,7|76,13|24,77|30,24|10,97|88,46|20,63|64,92|10,50/10,63=10,97,89,20,63
38,7|67,28|63,67|91,29|27,58|97,66|40,89|27,40|27,41|41,91|65,92|27,63|66,84|27,97|89,38|28,8|84,80|58,10|29,39|10,65/27,8=27,63,67,28,8
76,86|87,46|17,79|59,17|94,36|53,15|43,61|36,66|76,9|76,16|24,80|16,35|35,43|86,94|46,53|9,59|76,42|76,87|80,29|42,24/76,66=76,86,94,36,66
87,70|95,3|38,16|75,97|66,73|97,85|23,15|3,53|23,42|23,87|42,33|89,95|23,89|34,63|15,66|23,75|70,38|85,35|73,36|33,34/23,63=23,42,33,34,63
56,84|16,56|16,18|67,59|20,72|0,20|16,67|18,25|16,31|25,76|84,79|89,80|16,81|81,0|33,89|76,73|2,22|59,2|79,47|31,33/16,80=16,31,33,89,80
97,28|95,87|87,22|58,0|19,58|29,99|85,13|73,96|7,16|99,52|93,85|97,14|16,73|28,19|97,30|22,50|97,95|30,93|14,29|97,7/97,96=97,7,16,73,96
98,64|53,77|9,12|89,8|76,96|98,41|84,68|96,47|38,87|61,79|8,53|83,9|49,61|98,89|87,84|79,40|98,38|64,76|98,49|41,83/98,47=98,64,76,96,47
53,39|99,16|99,20|14,3|99,8|1,77|21,64|85,53|3,31|77,68|42,56|16,42|99,35|99,21|44,94|35,1|56,66|8,14|64,44|20,85/99,39=99,20,85,53,39
45,88|48,82|27,43|31,55|52,30|82,45|48,27|48,0|43,99|48,49|53,85|48,53|22,61|87,22|88,11|97,52|85,31|49,87|0,97|99,1/48,61=48,49,87,22,61
77,16|32,2|82,41|77,79|38,20|30,45|11,51|58,33|20,71|16,80|45,32|77,82|71,95|77,30|79,35|35,68|68,54|77,38|41,58|80,11/77,2=77,30,45,32,2
4,89|68,63|10,4|69,47|14,44|63,10|55,34|88,65|95,55|34,31|68,69|65,36|38,94|68,76|76,88|35,59|44,35|68,95|47,38|68,14/68,31=68,95,55,34,31
57,14|48,59|40,57|33,3|34,20|63,37|3,78|75,10|75,83|83,63|59,88|68,34|20,8|54,48|75,68|37,5|10,40|75,54|78,92|75,33/75,8=75,68,34,20,8
90,86|68,27|86,2|56,46|5,24|78,57|68,56|46,29|68,81|2,48|81,45|29,42|44,62|68,90|27,78|60,44|45,5|57,95|68,84|84,60/68,24=68,81,45,5,24
34,47|62,39|25,15|47,97|0,89|0,25|73,99|0,86|65,53|39,72|89,34|37,73|86,62|27,59|0,65|15,27|99,60|77,93|0,37|53,77/0,93=0,65,53,77,93
65,54|90,50|64,39|54,76|28,5|32,12|84,15|69,3|10,69|8,79|39,23|32,84|50,28|15,8|32,90|32,10|3,94|32,77|77,65|12,64/32,94=32,10,69,3,94
13,32|61,21|74,70|75,89|67,75|57,28|79,59|21,11|67,97|67,0|59,57|90,13|67,61|0,90|67,79|70,63|97,74|29,98|11,66|89,29/67,66=67,61,21,11,66
69,53|69,94|59,58|31,57|53,68|68,11|8,72|11,67|58,66|0,92|94,43|9,24|92,8|43,96|69,0|96,90|66,45|69,59|57,9|69,31/69,45=69,59,58,66,45
28,93|93,76|63,24|22,61|81,22|54,73|24,26|8,81|72,36|26,31|59,72|36,48|83,8|92,54|83,88|70,28|83,70|83,59|83,63|88,92/83,31=83,63,24,26,31
75,46|85,56|53,52|69,75|15,53|67,85|44,57|46,92|31,70|52,86|57,5|56,68|50,67|70,78|50,69|5,49|50,15|78,89|50,44|50,31/50,92=50,69,75,46,92
98,63|53,86|12,24|98,22|61,97|80,85|44,61|98,93|98,80|86,82|98,51|2,40|83,81|63,53|22,2|85,12|93,83|51,44|81,79|40,49/98,79=98,93,83,81,79
39,11|71,96|34,39|75,89|17,54|31,59|59,68|80,75|54,73|77,50|77,34|50,17|68,86|77,31|33,71|77,80|89,3|11,10|77,65|65,33/77,3=77,80,75,89,3
54,10|44,84|35,18|10,58|39,16|90,69|45,47|73,6|40,99|76,90|54,44|54,55|80,24|54,80|47,40|24,73|54,45|55,76|84,35|58,39/54,18=54,44,84,35,18
24,71|87,92|43,88|69,77|69,53|69,24|18,13|40,64|69,49|89,38|71,87|42,18|53,42|38,31|7,11|49,89|77,40|64,86|69,7|11,43/69,31=69,49,89,38,31
24,68|57,40|24,35|68,57|38,58|34,56|35,46|24,39|6,67|46,1|40,42|67,38|1,64|24,6|99,94|39,29|29,99|24,54|54,72|72,34/24,58=24,6,67,38,58
43,87|15,29|27,51|40,82|15,36|5,58|36,69|48,24|29,8|15,43|8,40|51,92|69,11|15,14|14,27|60,48|24,57|11,91|87,5|15,60/15,82=15,29,8,40,82
47,24|27,49|32,20|18,65|20,26|25,74|74,51|76,62|83,66|25,82|51,18|40,47|62,83|25,5|5,27|25,76|49,43|26,29|82,40|25,32/25,43=25,5,27,49,43
87,2|30,49|73,87|2,14|73,91|99,69|7,44|91,63|73,6|97,48|95,66|48,43|14,85|73,7|66,30|44,17|73,95|63,99|6,97|17,45/73,43=73,6,97,48,43
21,17|21,32|23,2|85,29|6,12|73,83|17,34|51,30|2,8|8,11|29,84|32,85|21,62|21,23|12,59|62,6|83,49|34,51|49,41|21,73/21,30=21,17,34,51,30
52,34|19,59|0,52|1,19|53,12|1,3|12,4|17,53|1,0|34,77|29,51|83,84|84,16|49,83|1,49|92,55|18,92|1,17|3,18|59,29/1,16=1,49,83,84,16
7,43|65,19|20,12|76,30|72,95|19,72|9,41|91,51|76,91|58,92|69,9|44,69|43,28|76,20|76,44|39,40|12,39|30,7|51,58|76,65/76,95=76,65,19,72,95
14,75|75,64|66,70|42,10|42,74|41,24|42,62|70,58|93,73|28,41|63,28|62,14|10,83|52,5|42,93|73,52|42,63|82,65|83,82|74,66/42,58=42,74,66,70,58
78,31|93,28|41,24|31,3|90,8|18,92|90,61|90,78|61,91|8,49|3,89|56,67|83,95|49,11|90,41|67,18|24,83|90,56|91,93|11,60/90,60=90,8,49,11,60
38,97|73,55|78,88|73,1|64,84|92,2|45,12|84,92|23,3|20,24|57,44|44,78|76,45|73,64|24,23|1,38|97,26|73,57|73,20|55,76/73,26=73,1,38,97,26
75,15|64,29|17,85|0,36|29,75|64,41|15,76|81,0|85,16|66,17|55,91|93,22|64,92|64,51|91,27|92,81|64,66|41,55|67,93|51,67/64,27=64,41,55,91,27
30,68|29,74|4,14|93,62|25,29|68,21|4,64|95,46|58,25|53,41|4,75|87,81|62,69|46,49|4,87|75,93|81,53|14,30|4,58|64,95/4,74=4,58,25,29,74
3,53|32,4|98,35|98,54|23,3|12,71|38,23|73,17|98,90|80,91|98,38|90,80|83,39|54,88|91,58|35,73|98,83|39,12|17,67|88,32/98,71=98,83,39,12,71
32,9|70,69|60,73|91,14|16,60|67,29|69,28|9,15|8,85|32,6|32,8|15,91|47,39|6,16|32,27|32,43|27,70|39,86|43,47|85,67/32,14=32,9,15,91,14
6,74|2,91|53,23|25,81|21,18|23,42|19,26|25,58|78,13|26,35|91,78|58,6|25,76|25,2|76,53|81,21|18,4|25,56|74,64|56,19/25,4=25,81,21,18,4
22,85|94,56|44,97|9,81|9,49|81,38|85,94|95,66|9,95|30,29|58,42|2,74|66,92|9,22|38,2|29,1|42,44|9,58|92,78|49,30/9,78=9,95,66,92,78
16,17|92,60|32,74|56,26|56,98|56,16|77,94|15,63|26,13|56,99|62,92|99,32|98,77|56,62|60,51|17,54|74,28|94,58|54,41|13,15/56,28=56,99,32,74,28
55,25|93,55|3,77|40,42|25,84|5,65|42,48|28,4|40,47|65,53|40,24|60,92|48,28|40,93|24,5|40,21|20,3|47,60|21,20|92,11/40,53=40,24,5,65,53
62,92|45,57|39,68|42,85|68,79|27,45|73,17|75,73|62,21|56,42|62,20|21,54|62,27|57,28|62,4|24,37|4,39|92,75|20,56|54,24/62,85=62,20,56,42,85
5,30|62,36|6,9|50,92|76,50|6,81|81,80|80,49|72,48|6,72|92,56|49,83|14,70|9,33|6,76|40,5|6,40|48,62|30,2|33,14/6,36=6,72,48,62,36
51,38|46,11|55,86|8,83|83,55|40,35|69,74|46,51|35,58|74,26|49,61|46,8|58,89|11,16|38,49|65,43|16,65|26,47|46,40|46,69/46,43=46,11,16,65,43
95,62|56,64|5,55|85,82|56,60|62,38|15,8|54,15|23,29|56,23|64,28|28,85|29,1|17,95|56,17|60,54|56,12|10,5|12,10|1,67/56,8=56,60,54,15,8
17,96|34,93|60,16|34,84|80,13|34,12|49,24|13,49|58,99|96,31|31,65|93,98|84,56|99,97|56,43|34,17|34,80|12,58|43,52|98,60/34,97=34,12,58,99,97
86,77|39,80|77,35|26,22|86,90|63,74|7,26|78,7|0,55|49,97|86,78|35,37|50,0|37,38|90,41|12,50|80,49|86,39|41,63|86,12/86,55=86,12,50,0,55
83,46|8,32|76,42|84,6|26,44|0,76|26,56|32,52|52,70|44,89|12,98|89,19|56,84|26,8|19,47|98,83|85,0|6,61|26,12|26,85/26,46=26,12,98,83,46
56,84|1,94|17,65|84,20|17,11|65,5|51,28|55,51|17,55|28,8|17,56|41,47|75,36|11,41|47,73|76,13|20,89|5,76|94,75|17,1/17,13=17,65,5,76,13
82,88|93,21|93,43|40,17|93,22|69,82|22,10|21,48|10,40|30,25|48,72|88,13|72,36|74,98|20,3|25,20|93,30|43,74|98,87|93,69/93,36=93,21,48,72,36
92,45|9,29|92,93|92,9|98,4|4,87|29,7|92,55|92,2|7,80|16,62|67,16|93,96|55,20|52,3|2,98|45,67|20,52|96,35|35,51/92,87=92,2,98,4,87
79,67|37,86|61,20|20,29|55,98|79,88|84,36|67,61|79,55|62,84|36,56|88,37|98,25|48,35|35,51|79,62|25,14|51,69|86,42|79,48/79,56=79,62,84,36,56
25,9|92,48|30,76|89,33|79,64|76,80|14,69|73,42|33,51|42,14|9,40|80,79|62,83|30,73|30,89|30,62|51,12|46,25|30,46|83,92/30,40=30,46,25,9,40
2,65|76,80|76,49|64,53|24,55|15,47|92,24|49,87|47,64|50,77|71,92|73,28|79,73|76,71|65,26|87,50|76,42|42,2|80,79|76,15/76,55=76,71,92,24,55
8,92|43,8|43,67|15,71|73,19|92,95|29,76|43,73|42,10|19,21|64,18|95,11|10,46|67,42|21,3|43,29|71,64|43,15|76,20|20,14/43,14=43,29,76,20,14
35,14|3,29|64,68|29,61|70,3|40,42|11,7|25,65|11,64|19,20|68,12|48,40|11,85|7,19|85,48|12,66|20,79|11,25|65,35|11,70/11,14=11,25,65,35,14
90,0|99,71|75,81|38,22|0,79|96,38|26,76|10,65|26,37|81,7|7,69|71,64|76,55|26,60|60,96|26,75|64,25|55,10|26,99|37,90/26,25=26,99,71,64,25
61,85|29,14|66,41|77,13|35,9|48,75|54,74|41,65|13,31|35,54|74,28|28,24|58,98|55,66|35,61|35,58|9,77|98,48|85,29|35,55/35,75=35,58,98,48,75
98,48|93,56|44,82|70,73|83,17|23,99|57,40|99,95|65,57|83,44|40,25|83,98|83,65|56,52|35,96|17,93|48,70|82,35|83,23|95,32/83,25=83,65,57,40,25
21,84|37,76|63,32|24,86|86,22|84,44|0,66|21,91|95,10|61,79|91,23|20,95|21,63|32,37|65,20|23,61|21,3|44,0|3,24|21,65/21,79=21,91,23,61,79
10,29|76,18|41,51|10,96|13,21|29,92|51,3|92,15|10,14|44,99|46,44|10,46|14,76|96,41|99,11|15,19|18,70|82,13|43,82|10,43/10,11=10,46,44,99,11
10,71|4,42|71,22|80,62|88,72|65,3|42,53|53,65|62,88|78,32|4,80|4,58|4,2|32,70|4,57|57,78|1,81|49,1|2,49|58,10/4,70=4,57,78,32,70
66,59|21,34|15,53|66,21|28,40|66,90|14,2|0,14|66,0|22,41|80,47|90,28|34,85|47,15|66,80|40,45|85,38|23,22|59,23|2,60/66,41=66,59,23,22,41
49,43|24,47|62,32|21,52|99,45|64,63|62,68|30,21|68,66|62,30|66,99|67,65|65,24|63,49|52,74|32,20|62,67|20,29|29,98|62,64/62,98=62,32,20,29,98
99,0|59,3|59,47|59,41|59,39|70,46|42,51|51,52|56,42|44,34|41,10|36,25|21,70|59,56|10,99|34,62|3,36|25,18|39,21|47,44/59,18=59,3,36,25,18
79,27|79,35|79,1|33,71|80,57|27,42|43,80|12,52|77,12|57,70|1,33|35,77|42,76|54,16|79,47|47,54|76,73|79,43|71,74|16,46/79,74=79,1,33,71,74
3,76|93,99|22,52|25,4|43,45|12,49|8,12|32,31|4,43|13,9|8,25|49,22|59,84|31,59|66,13|9,69|8,32|8,93|8,66|99,3/8,76=8,93,99,3,76
6,99|37,42|37,71|25,77|37,25|29,11|46,29|11,62|71,2|37,46|9,24|76,86|96,55|42,6|59,60|99,27|37,96|55,9|2,76|77,59/37,24=37,96,55,9,24
24,5|24,71|5,17|9,14|20,81|97,22|14,13|8,96|96,70|36,83|24,8|24,33|31,36|46,61|33,9|61,20|70,60|17,97|24,46|71,31/24,22=24,5,17,97,22
40,67|84,76|50,84|50,66|50,97|50,13|14,15|31,46|76,30|38,47|30,18|79,36|67,69|97,40|15,38|86,31|66,65|13,86|65,79|50,14/50,69=50,97,40,67,69
98,61|1,48|98,37|18,27|97,1|79,42|37,11|70,93|61,97|21,32|98,3|67,95|3,5|5,18|98,70|41,17|11,79|93,21|98,67|95,41/98,32=98,70,93,21,32
27,65|19,27|80,24|6,32|46,6|20,87|89,71|77,68|89,10|62,79|89,56|50,80|89,77|79,7|68,20|71,50|56,62|85,46|89,85|10,19/89,65=89,10,19,27,65
63,21|57,80|11,19|48,63|26,29|67,57|26,11|31,88|26,99|26,64|26,15|99,48|90,25|77,52|68,90|29,77|15,67|64,68|52,24|19,31/26,88=26,11,19,31,88
14,13|51,10|10,46|19,96|2,18|43,58|91,22|70,62|50,76|13,91|62,19|50,14|76,33|50,70|50,51|45,52|50,2|33,43|18,45|46,72/50,52=50,2,18,45,52
87,4|98,88|64,81|64,13|48,15|64,77|13,98|64,90|65,83|99,95|81,5|95,8|5,65|90,86|54,87|77,99|86,48|82,54|88,92|64,82/64,4=64,82,54,87,4
84,21|23,39|7,4|81,94|45,89|84,7|2,27|84,81|94,99|11,46|10,11|63,8|21,10|84,63|99,12|4,61|39,2|8,45|84,23|61,86/84,89=84,63,8,45,89
78,77|20,10|66,72|42,93|39,63|63,99|10,40|99,88|33,8|72,53|77,79|39,20|39,18|39,78|39,42|93,33|79,32|88,83|18,66|40,35/39,35=39,20,10,40,35
56,10|14,72|10,88|79,99|25,82|30,14|3,23|82,53|25,30|41,3|72,78|22,86|25,43|25,41|54,79|43,54|20,56|53,22|23,19|25,20/25,99=25,43,54,79,99
13,26|66,64|43,8|66,76|66,67|38,43|79,81|42,13|81,92|88,86|52,42|21,71|71,90|86,98|8,12|76,88|64,79|66,38|67,21|66,52/66,90=66,67,21,71,90
14,38|1,61|42,58|92,93|82,80|0,3|38,95|80,89|52,42|14,92|90,82|14,56|61,31|17,52|95,47|14,90|14,17|47,32|93,0|56,1/14,3=14,92,93,0,3
24,67|82,48|73,27|19,55|75,61|73,19|61,62|94,2|4,82|62,6|55,24|73,54|40,87|27,23|73,75|23,41|87,94|54,4|73,40|41,0/73,67=73,19,55,24,67
99,49|34,69|0,93|59,67|45,33|30,45|30,0|30,58|30,62|33,96|96,53|65,50|58,6|6,34|67,91|62,1|30,83|1,65|83,59|93,99/30,69=30,58,6,34,69
83,48|69,57|3,11|78,61|22,59|99,88|17,22|3,78|81,25|48,99|57,71|3,17|11,81|65,69|25,58|59,56|3,83|72,79|3,65|61,72/3,58=3,11,81,25,58
62,82|83,77|66,97|85,43|66,54|75,22|66,94|39,30|82,75|66,39|91,12|40,85|28,91|54,40|94,83|30,10|77,96|97,28|66,62|10,50/66,50=66,39,30,10,50
95,67|66,9|97,45|95,93|45,35|17,60|95,72|9,71|82,23|93,66|67,97|94,49|16,63|70,99|95,17|60,16|95,70|72,15|15,82|99,94/95,63=95,17,60,16,63
86,87|87,46|30,58|43,93|32,48|81,15|37,1|7,37|58,41|20,31|46,80|30,7|93,81|1,49|47,17|31,47|41,32|30,20|30,86|30,43/30,17=30,20,31,47,17
26,54|71,2|54,12|34,29|66,35|76,59|35,26|66,77|77,71|33,34|11,6|66,43|66,19|2,9|66,18|43,33|39,76|49,11|19,39|18,49/66,29=66,43,33,34,29
32,84|88,85|56,61|56,88|56,55|61,15|84,41|78,18|63,25|55,9|15,78|85,69|9,63|41,20|56,32|75,6|54,38|69,42|56,54|38,75/56,42=56,88,85,69,42
2,73|82,34|77,48|67,38|34,77|66,94|15,89|94,11|75,66|68,36|73,37|58,2|75,79|11,22|79,68|36,41|75,82|89,67|75,15|75,58/75,48=75,82,34,77,48
53,69|63,25|17,87|28,40|25,53|36,74|36,44|36,63|44,43|43,84|36,17|7,14|92,99|87,28|99,6|36,31|30,7|84,76|74,92|31,30/36,69=36,63,25,53,69
55,7|37,20|60,22|66,60|91,2|93,55|79,51|2,62|45,52|45,93|51,73|45,66|65,79|7,74|22,47|45,65|52,91|20,64|67,37|45,67/45,74=45,93,55,7,74
1,52|79,91|60,26|60,79|4,97|67,1|91,13|18,88|60,20|11,5|31,11|60,54|20,45|45,35|13,74|54,31|26,67|35,66|97,18|60,4/60,88=60,4,97,18,88
4,86|19,65|49,4|5,50|92,24|24,99|89,75|89,29|29,92|89,22|89,19|65,45|75,67|62,49|66,40|45,42|52,66|67,5|89,62|22,52/89,99=89,29,92,24,99
96,31|49,46|10,86|60,96|44,99|72,36|28,10|49,32|25,4|49,28|99,27|32,44|67,40|86,34|36,25|46,67|49,60|31,97|49,72|40,42/49,42=49,46,67,40,42
22,54|22,96|61,44|88,63|22,19|22,14|22,95|54,80|14,13|6,55|19,88|50,85|96,20|60,74|20,61|80,6|95,50|13,60|63,12|85,90/22,12=22,19,88,63,12
0,18|20,65|46,57|27,98|73,67|18,5|0,21|0,46|61,33|21,61|0,19|43,76|5,84|84,72|28,27|33,9|57,20|19,28|0,43|76,73/0,72=0,18,5,84,72
81,3|76,1|72,95|11,7|13,90|24,64|8,84|15,76|7,38|4,8|61,4|72,61|95,0|64,81|72,11|38,94|72,24|17,15|0,13|72,17/72,94=72,11,7,38,94
76,60|55,32|85,63|89,12|24,35|89,5|89,91|5,53|3,77|12,7|7,55|94,93|63,72|58,3|53,24|89,58|60,94|77,2|91,85|89,76/89,93=89,76,60,94,93
4,85|75,60|86,82|86,19|86,39|60,58|26,38|38,71|86,26|82,90|19,5|25,88|93,64|58,10|5,25|90,4|86,75|39,93|71,99|64,40/86,40=86,39,93,64,40
62,25|25,43|56,21|18,6|99,47|31,62|40,44|43,9|12,91|51,93|93,41|47,12|14,90|31,99|44,18|21,14|31,51|41,0|31,56|31,40/31,90=31,56,21,14,90
62,8|59,22|52,26|26,47|62,59|62,52|22,30|40,70|62,12|85,6|62,63|30,82|28,85|12,40|8,28|47,60|50,92|70,20|92,18|63,50/62,20=62,12,40,70,20
80,11|34,60|90,49|52,80|67,90|25,32|9,56|34,64|89,83|15,73|56,47|60,9|34,15|34,52|34,25|93,41|64,67|11,28|32,93|73,89/34,28=34,52,80,11,28
47,60|8,32|36,41|64,98|19,14|54,64|19,68|66,30|19,79|44,49|68,76|76,66|19,8|60,56|98,17|49,92|19,54|32,36|79,47|14,44/19,92=19,14,44,49,92
59,36|45,11|83,45|84,61|59,37|97,13|59,90|51,47|90,84|37,38|61,42|59,3|10,1|59,46|38,97|1,34|3,83|46,87|36,10|87,51/59,13=59,37,38,97,13
51,74|9,32|32,65|75,98|74,55|54,48|49,90|21,75|48,9|90,36|54,56|46,58|54,15|58,13|54,21|15,51|98,18|54,35|56,46|35,49/54,36=54,35,49,90,36
50,63|19,13|64,38|9,70|70,35|17,9|83,31|63,99|10,50|17,83|96,64|17,95|25,76|31,25|17,10|35,30|13,51|17,0|95,96|0,19/17,38=17,95,96,64,38
56,62|23,81|21,16|58,87|37,23|90,58|71,30|17,92|93,41|64,56|62,67|81,48|46,90|92,71|67,27|64,37|64,17|64,93|64,46|41,21/64,27=64,56,62,67,27
58,99|33,56|95,10|58,15|99,0|58,46|96,67|15,86|0,95|67,38|60,33|92,94|39,92|21,93|58,12|58,18|12,96|18,60|86,21|46,39/58,38=58,12,96,67,38
49,36|16,69|81,49|82,71|67,33|83,12|81,97|36,48|97,83|19,67|98,80|12,57|81,19|69,38|38,30|33,90|48,17|71,98|81,82|81,16/81,17=81,49,36,48,17
20,36|66,89|7,65|79,29|14,4|95,17|17,74|0,92|3,95|34,0|3,20|89,14|3,79|36,91|18,34|3,66|3,18|91,45|74,73|29,7/3,4=3,66,89,14,4
62,10|65,38|0,54|96,1|40,49|65,62|10,40|65,19|19,61|54,20|65,41|74,93|61,91|65,0|79,96|78,74|20,77|91,48|38,78|41,79/65,1=65,41,79,96,1
91,55|95,56|78,5|83,73|78,53|53,83|78,62|41,36|5,17|62,54|78,23|58,18|23,93|56,52|52,76|78,95|73,84|54,91|93,41|17,58/78,84=78,53,83,73,84
58,42|94,24|20,82|18,51|69,37|58,88|1,18|24,22|96,65|58,69|88,94|51,29|21,61|82,21|38,96|42,38|37,56|58,20|56,41|58,1/58,65=58,42,38,96,65
88,17|11,34|14,52|9,71|55,9|17,24|24,8|78,14|34,86|64,18|64,55|64,46|45,11|64,45|65,80|18,78|89,65|46,89|71,31|64,88/64,86=64,45,11,34,86
3,51|63,41|86,54|22,23|86,90|54,48|9,74|50,16|44,75|48,63|90,72|86,88|72,9|86,12|24,44|12,3|88,24|51,58|16,22|86,50/86,41=86,54,48,63,41
94,97|31,61|8,67|55,5|32,11|89,92|92,32|95,28|51,87|16,63|55,89|3,8|5,7|61,51|55,31|2,3|55,2|55,94|97,16|7,95/55,63=55,94,97,16,63
65,28|90,69|50,8|28,5|54,79|32,10|84,15|64,3|12,64|39,76|8,23|32,84|69,54|15,39|32,90|32,12|3,94|32,77|77,65|10,50/32,94=32,12,64,3,94
75,76|9,5|70,18|56,80|33,9|18,63|99,48|80,74|75,99|48,46|76,41|92,33|41,35|75,92|46,66|47,56|64,70|35,22|75,47|75,64/75,66=75,99,48,46,66
1,94|64,84|15,37|17,9|42,68|67,17|26,56|62,77|24,92|18,64|42,24|9,70|42,57|57,18|94,26|27,15|68,27|42,67|42,1|92,62/42,56=42,1,94,26,56
33,22|82,33|41,51|50,93|23,44|11,24|11,9|11,41|63,43|9,89|11,58|58,94|94,28|51,50|20,23|28,47|70,20|24,82|11,70|89,63/11,93=11,41,51,50,93
76,1|42,48|53,50|62,81|53,21|48,89|21,33|33,84|50,3|16,25|68,42|55,76|1,74|14,86|53,68|3,62|53,16|53,55|84,45|25,14/53,89=53,68,42,48,89
31,64|21,42|15,22|22,53|31,10|31,24|51,27|73,60|64,67|45,88|67,73|65,15|2,92|31,21|5,45|31,65|42,51|10,2|24,5|92,50/31,88=31,24,5,45,88
14,80|16,54|39,90|10,30|1,57|75,1|54,14|75,33|20,11|15,20|18,76|11,38|32,94|75,16|75,15|75,18|57,10|33,32|76,39|94,96/75,80=75,16,54,14,80
53,39|99,16|99,8|42,77|99,20|1,3|21,64|14,53|77,31|3,94|85,44|16,85|99,35|99,21|56,66|35,1|44,68|20,42|64,56|8,14/99,39=99,8,14,53,39
93,0|72,78|25,48|16,76|76,7|97,84|98,93|97,32|84,17|7,14|65,25|32,5|43,13|97,85|17,72|85,98|5,43|97,28|97,16|28,65/97,78=97,84,17,72,78
44,91|48,9|36,35|61,30|28,94|94,65|25,61|25,88|91,12|88,75|30,36|9,92|25,83|83,48|65,71|75,72|25,28|25,74|74,44|72,24/25,71=25,28,94,65,71
4,2|38,53|53,27|65,29|0,49|49,94|27,10|64,28|75,62|36,75|58,65|36,24|36,82|19,64|21,0|36,21|62,4|36,38|24,58|82,19/36,2=36,75,62,4,2
62,66|60,25|36,10|35,98|25,44|0,62|60,85|75,27|80,14|85,75|33,80|27,24|60,35|66,63|98,18|18,48|44,36|60,0|60,55|55,33/60,24=60,85,75,27,24
19,52|20,9|98,51|17,77|59,25|15,20|85,61|98,8|61,21|95,19|98,15|25,44|51,85|8,41|41,17|9,99|44,97|98,59|98,95|52,54/98,97=98,59,25,44,97
20,95|0,22|4,94|22,21|95,62|56,87|28,49|9,56|28,19|68,9|49,20|51,4|16,51|28,11|28,68|28,16|11,0|19,88|81,65|88,81/28,94=28,16,51,4,94
96,92|74,96|91,33|98,28|28,71|13,17|14,59|76,73|66,93|74,76|71,45|92,13|74,98|74,66|93,86|67,31|31,91|86,34|73,14|74,67/74,59=74,76,73,14,59
96,26|24,76|36,98|24,4|24,43|31,46|42,83|13,31|24,96|26,36|43,75|12,34|75,42|67,25|24,1|4,82|76,67|25,19|1,13|82,12/24,46=24,1,13,31,46
65,45|58,48|48,21|51,65|27,31|52,3|69,98|17,41|98,19|19,43|58,17|21,44|58,97|41,27|58,71|58,69|97,52|71,51|3,83|44,10/58,83=58,97,52,3,83
12,75|30,54|14,18|30,39|92,10|30,63|10,74|18,43|73,96|38,71|39,28|75,38|35,22|22,80|30,12|28,73|43,15|63,35|54,92|30,14/30,74=30,54,92,10,74
27,12|22,82|37,64|40,29|99,73|40,37|82,41|40,59|59,62|29,22|68,0|64,7|40,60|62,99|7,80|24,68|60,24|40,3|3,27|12,49/40,80=40,37,64,7,80
77,41|94,15|75,74|51,54|57,42|41,57|55,63|82,73|37,99|94,37|54,72|94,75|94,77|15,80|99,55|74,82|80,10|72,24|94,51|10,64/94,64=94,15,80,10,64
99,21|76,91|23,85|95,84|80,17|47,33|23,76|91,70|21,94|84,47|70,13|98,25|77,34|85,80|17,4|23,77|63,99|23,95|23,63|34,98/23,33=23,95,84,47,33
90,12|23,49|16,31|61,23|82,84|78,61|84,90|27,46|82,77|82,34|34,16|68,13|12,35|77,27|31,40|72,68|48,72|82,48|82,78|46,89/82,13=82,48,72,68,13
39,37|61,98|91,3|88,60|60,85|44,67|94,15|61,91|84,7|98,44|15,59|61,94|67,96|46,42|85,90|59,50|7,46|61,88|3,39|61,84/61,42=61,84,7,46,42
70,63|39,82|74,26|70,64|70,44|44,91|51,5|72,96|31,51|70,6|26,9|6,29|29,55|55,88|70,77|77,39|63,31|64,74|91,72|82,99/70,88=70,6,29,55,88
61,56|6,63|46,27|79,61|6,79|51,44|47,51|48,22|27,66|37,64|49,47|6,49|63,48|6,37|64,36|6,84|36,19|84,46|56,60|22,76/6,19=6,37,64,36,19
87,29|55,89|55,77|0,88|77,47|85,50|28,80|55,85|47,42|94,57|42,41|57,13|59,0|55,59|81,28|13,24|55,94|89,81|88,76|50,87/55,76=55,59,0,88,76
91,64|8,56|9,98|70,9|36,8|75,90|36,91|64,10|60,40|71,83|66,71|56,75|36,23|23,60|83,15|10,67|36,66|40,65|36,97|97,70/36,67=36,91,64,10,67
70,96|40,77|7,25|58,0|5,16|16,88|88,49|58,85|20,70|62,1|58,24|24,20|58,12|58,5|85,40|12,23|64,7|23,62|77,54|0,64/58,25=58,0,64,7,25
63,6|67,19|40,42|1,4|81,39|82,84|19,64|4,69|97,1|40,87|44,63|18,44|40,18|87,81|39,72|40,97|14,67|42,82|40,14|84,83/40,72=40,87,81,39,72
20,42|20,9|48,24|97,74|9,97|20,59|25,13|92,70|30,76|70,88|8,48|74,55|20,8|88,51|24,11|20,92|59,30|91,25|42,91|76,34/20,34=20,59,30,76,34
90,51|5,79|54,71|47,69|71,52|54,90|55,72|23,84|86,2|49,95|73,5|54,49|95,47|79,59|76,45|52,86|72,76|51,23|54,73|54,55/54,45=54,55,72,76,45
30,95|27,37|20,30|10,61|67,27|43,57|40,43|84,10|40,69|40,18|57,33|33,47|40,79|79,84|81,36|18,67|69,26|26,81|22,20|40,22/40,61=40,79,84,10,61
81,70|50,75|11,5|38,50|32,95|38,27|84,46|6,11|21,84|87,66|57,87|38,21|75,32|92,57|38,92|46,53|56,90|70,56|27,6|38,81/38,66=38,92,57,87,66
84,61|63,88|88,67|80,13|71,59|13,41|80,8|80,63|41,20|80,79|67,81|98,72|59,86|79,38|20,12|9,71|38,84|72,45|80,9|8,98/80,12=80,13,41,20,12
5,17|69,70|92,61|70,75|25,99|84,69|92,25|92,4|73,15|17,90|44,66|61,73|4,44|90,67|99,34|66,76|34,42|92,84|15,59|92,5/92,75=92,84,69,70,75
76,54|30,44|21,77|81,1|15,94|21,76|77,72|72,84|87,67|69,3|4,15|21,75|21,69|54,81|73,4|44,13|3,87|21,73|84,89|75,30/21,13=21,75,30,44,13
64,29|99,88|3,45|76,11|57,39|39,47|0,48|17,76|17,13|13,42|29,79|42,0|60,81|17,64|79,75|47,86|17,57|81,3|17,60|11,99/17,45=17,60,81,3,45
5,43|31,73|15,93|93,85|34,92|34,15|85,30|92,0|84,2|42,80|40,84|16,8|21,57|54,40|34,31|73,5|34,54|80,16|0,21|34,42/34,8=34,42,80,16,8
22,31|15,22|38,87|15,21|37,71|15,76|3,41|53,62|87,12|78,13|31,9|76,2|41,78|12,5|21,48|9,59|2,37|15,3|48,53|15,38/15,71=15,76,2,37,71
26,29|55,58|55,83|10,85|55,81|32,5|55,2|81,10|53,72|64,34|2,32|29,53|47,27|55,26|5,61|58,40|40,64|83,47|27,67|85,56/55,72=55,26,29,53,72
2,13|88,6|80,95|60,16|17,58|41,48|80,2|95,88|58,26|13,60|45,20|80,17|20,41|37,50|26,99|80,37|75,89|80,45|50,75|6,55/80,55=80,95,88,6,55
89,23|62,12|59,31|28,62|12,30|16,74|61,65|65,59|84,87|35,92|35,61|35,28|6,84|35,47|75,16|47,75|35,88|88,89|23,67|92,6/35,31=35,61,65,59,31
7,79|26,67|42,9|16,5|7,52|21,66|9,13|96,99|13,78|7,98|7,42|61,21|7,25|73,26|79,96|25,61|99,63|5,43|98,73|52,16/7,66=7,25,61,21,66
66,86|64,99|53,13|79,94|50,38|79,24|38,83|94,42|24,50|60,53|71,40|99,23|23,97|42,71|79,12|47,66|79,64|12,60|79,47|86,2/79,97=79,64,99,23,97
60,39|20,31|5,1|79,18|63,68|69,60|39,51|41,63|1,16|38,20|98,41|69,5|16,96|97,67|67,79|69,38|31,45|69,98|51,43|69,97/69,68=69,98,41,63,68
15,17|62,97|41,15|62,96|33,53|50,60|62,50|12,26|96,41|84,32|93,5|46,76|97,12|76,84|85,33|53,43|26,14|62,46|62,85|60,93/62,14=62,97,12,26,14
18,76|61,92|49,18|5,49|17,16|99,4|33,17|58,51|15,80|61,15|21,45|92,60|60,99|61,58|51,73|61,35|73,25|80,21|61,5|35,33/61,25=61,58,51,73,25
2,7|66,17|2,26|53,39|83,14|96,18|2,83|2,56|7,45|46,66|45,38|39,8|56,53|14,96|86,89|2,46|89,19|26,86|17,28|38,57/2,57=2,7,45,38,57
10,66|46,79|60,27|91,46|22,29|26,94|22,69|45,93|22,57|66,80|9,10|68,26|57,60|29,91|97,45|69,68|22,97|22,9|27,85|93,87/22,94=22,69,68,26,94
22,11|11,26|18,31|59,75|59,18|7,40|75,22|40,56|14,43|48,96|59,99|81,73|59,48|31,44|73,14|69,46|96,69|99,7|44,78|59,81/59,78=59,18,31,44,78
32,91|51,62|88,55|71,42|71,93|62,94|31,88|55,70|78,1|49,81|71,31|48,34|93,48|71,22|22,89|34,46|1,49|71,78|42,51|89,32/71,91=71,22,89,32,91
63,73|42,12|33,91|63,38|56,46|12,71|63,13|46,1|63,33|38,42|73,93|87,72|93,21|1,20|21,94|13,9|9,87|4,76|91,4|63,56/63,72=63,13,9,87,72
70,26|70,17|26,31|43,21|70,29|29,55|82,76|70,32|32,82|60,62|18,50|76,46|19,4|17,19|21,60|4,23|55,20|20,34|31,18|70,43/70,23=70,17,19,4,23
46,35|73,97|73,58|13,2|4,5|42,86|91,42|2,95|73,4|35,62|88,28|58,46|73,13|5,56|95,16|97,91|56,77|80,44|73,88|28,80/73,62=73,58,46,35,62
28,26|7,62|10,85|10,88|88,80|86,4|62,76|10,11|10,73|79,48|85,78|48,6|1,86|80,28|55,64|6,31|73,1|78,55|10,79|11,7/10,4=10,73,1,86,4
58,52|71,43|81,68|50,26|36,93|43,88|66,50|52,5|81,96|24,58|68,66|75,71|96,36|81,24|64,13|18,64|10,18|81,75|93,69|81,10/81,69=81,96,36,93,69
60,28|40,62|21,76|24,25|7,21|89,52|19,2|52,40|2,7|43,29|39,60|28,96|19,89|4,43|74,4|69,24|19,69|19,39|25,80|19,74/19,80=19,69,24,25,80
20,73|11,99|99,39|73,27|15,43|43,97|86,12|60,93|27,8|9,6|41,60|97,25|86,15|39,0|6,52|86,20|86,11|86,7|7,41|12,9/86,52=86,12,9,6,52
37,14|9,19|63,30|37,63|16,59|37,13|97,50|37,9|19,93|30,55|93,88|20,97|55,71|59,35|37,45|13,16|14,20|23,62|40,23|45,40/37,62=37,45,40,23,62
74,24|29,67|1,19|42,69|19,21|51,29|94,16|61,56|53,61|30,98|1,94|28,48|1,42|21,74|1,51|56,81|69,30|67,95|16,28|1,53/1,98=1,42,69,30,98
70,73|61,50|54,89|73,61|7,66|68,4|7,27|7,71|36,25|60,63|66,54|55,60|89,95|7,70|4,99|25,28|27,68|65,55|71,36|7,65/7,95=7,66,54,89,95
6,61|76,3|44,59|59,32|86,35|61,10|65,94|86,65|81,78|13,81|94,76|86,6|38,25|86,13|78,41|35,38|25,66|86,28|10,52|28,44/86,32=86,28,44,59,32
53,12|19,18|49,53|1,19|83,29|1,0|29,77|3,83|1,49|12,4|34,51|52,84|84,16|17,52|1,17|92,55|59,92|1,3|0,59|18,34/1,16=1,17,52,84,16
63,46|16,31|35,16|78,81|78,9|9,54|59,24|30,23|78,57|45,30|46,18|54,59|22,76|78,87|78,77|87,63|57,34|77,35|34,22|81,45/78,23=78,81,45,30,23
2,4|80,95|80,50|81,54|88,65|65,68|87,1|17,88|36,26|80,17|42,87|80,2|4,82|95,29|26,58|82,15|1,72|50,36|29,81|80,42/80,58=80,50,36,26,58
20,59|2,67|88,34|75,55|70,2|34,46|84,44|67,52|55,27|46,35|11,10|66,84|44,5|20,88|20,70|20,45|10,58|45,75|59,11|20,66/20,35=20,88,34,46,35
49,83|7,5|7,84|48,53|5,35|7,36|36,70|47,43|7,49|92,41|3,54|98,8|70,3|10,18|41,56|84,92|43,10|7,47|35,48|83,98/7,56=7,84,92,41,56
93,47|96,72|25,83|99,50|50,16|64,79|79,28|93,36|4,8|93,49|49,96|36,25|72,10|28,35|93,64|83,80|47,99|93,18|8,7|18,4/93,16=93,47,99,50,16
84,62|84,42|84,5|62,75|5,65|84,3|85,76|60,23|71,14|76,44|67,19|23,9|14,67|75,24|65,30|42,60|84,71|3,85|24,0|30,29/84,9=84,42,60,23,9
94,97|19,58|19,92|98,7|24,64|19,5|19,52|26,77|52,2|99,46|19,4|51,94|72,26|17,98|5,17|46,21|4,72|92,99|2,24|58,51/19,77=19,4,72,26,77
42,68|24,88|23,9|23,94|23,26|32,42|49,96|12,41|38,21|88,30|23,24|28,49|23,12|36,1|30,67|94,48|26,28|41,38|9,32|48,36/23,21=23,12,41,38,21
22,73|12,74|73,80|28,92|62,48|49,18|25,7|12,32|32,27|48,49|68,22|7,0|12,25|77,23|74,82|27,77|82,28|0,63|12,62|12,68/12,92=12,74,82,28,92
14,83|75,3|81,16|81,23|81,15|21,25|90,33|83,94|4,2|81,90|15,21|26,60|60,75|33,65|81,26|65,27|16,14|25,70|51,4|23,51/81,2=81,23,51,4,2
2,96|3,49|84,22|84,77|84,72|22,57|52,2|84,64|30,95|72,47|47,43|57,26|64,52|29,3|77,29|95,76|97,30|84,97|43,7|26,45/84,96=84,64,52,2,96
86,91|55,73|73,9|26,60|26,37|21,61|9,99|96,40|26,84|84,44|44,21|40,86|78,23|46,32|37,85|85,78|26,55|32,18|26,96|60,46/26,61=26,84,44,21,61
68,55|1,30|68,27|93,1|68,90|79,44|21,34|27,79|90,21|65,93|34,97|39,56|50,32|32,75|75,18|56,31|68,65|55,39|68,50|44,92/68,97=68,90,21,34,97
55,41|55,18|65,93|32,85|68,65|20,28|15,20|85,23|55,38|83,78|41,32|22,89|78,43|43,16|24,68|89,7|55,83|55,24|18,22|38,15/55,23=55,41,32,85,23
23,10|81,42|48,88|61,48|74,79|79,68|46,36|68,12|30,81|46,30|46,57|27,55|6,23|46,74|36,61|46,86|86,6|42,1|97,27|57,97/46,1=46,30,81,42,1
40,6|11,47|43,99|11,43|46,88|0,76|56,84|11,68|68,91|91,50|69,63|47,40|88,53|76,56|11,0|24,46|11,24|50,79|99,69|6,1/11,63=11,43,99,69,63
18,63|94,21|46,18|58,96|34,90|46,79|35,55|96,35|79,15|63,3|76,38|91,34|86,76|46,86|15,94|46,91|46,58|3,42|38,88|90,82/46,82=46,91,34,90,82
98,69|49,1|1,95|69,61|49,51|93,80|39,68|83,96|67,35|51,5|5,31|49,39|61,36|31,45|90,4|49,83|95,93|49,98|68,67|96,90/49,80=49,1,95,93,80
31,99|76,33|41,53|89,83|83,38|38,41|89,80|85,42|33,64|8,20|89,61|42,92|34,5|61,85|20,31|40,34|89,8|5,73|80,76|89,40/89,73=89,40,34,5,73
7,91|33,4|10,2|99,33|39,89|42,13|12,27|65,72|24,29|96,39|2,42|24,96|89,9|82,99|24,65|29,74|74,12|72,7|24,10|24,82/24,9=24,96,39,89,9
62,87|73,79|73,49|77,78|0,67|35,3|55,98|73,55|68,48|98,35|48,75|78,70|21,15|73,52|73,0|13,21|49,77|79,68|52,13|67,62/73,87=73,0,67,62,87
98,93|51,18|28,51|6,53|54,28|74,68|54,99|24,36|44,24|53,91|18,63|54,6|93,60|68,15|99,74|36,78|54,44|91,12|3,98|54,3/54,78=54,44,24,36,78
79,60|18,56|61,71|64,18|50,64|22,72|13,50|13,22|30,93|53,26|93,14|13,30|13,90|60,19|71,53|72,44|13,61|44,4|90,79|14,36/13,4=13,22,72,44,4
44,81|15,3|97,88|62,44|76,97|1,78|2,59|77,51|76,1|76,63|98,2|76,21|21,98|78,77|87,62|75,93|88,15|63,60|76,87|60,75/76,93=76,63,60,75,93
47,43|37,93|30,7|1,54|7,87|83,9|43,56|54,83|16,47|30,1|97,38|93,65|52,91|30,16|30,52|87,78|78,5|30,86|86,37|91,97/30,5=30,7,87,78,5
83,22|55,5|15,83|60,4|86,15|76,26|86,67|86,76|86,60|89,28|91,55|86,44|4,77|58,20|44,58|22,97|20,52|26,89|67,91|77,48/86,48=86,60,4,77,48
85,13|8,33|8,87|12,99|10,20|3,97|97,89|28,10|8,85|99,32|2,14|87,12|20,47|33,24|24,2|8,75|8,28|72,30|13,72|75,3/8,89=8,75,3,97,89
41,91|83,28|8,67|91,3|90,56|93,95|90,61|90,41|61,31|56,24|3,89|78,49|18,92|24,11|90,8|49,93|67,18|90,78|31,83|11,60/90,60=90,56,24,11,60
41,11|36,29|26,57|32,36|11,92|39,3|41,67|49,51|67,25|87,59|61,86|54,35|41,61|92,54|25,39|44,32|41,87|59,26|41,44|86,49/41,57=41,87,59,26,57
93,53|97,44|60,80|74,59|48,91|80,79|25,48|59,13|2,63|93,9|44,2|13,55|9,43|93,25|85,47|91,51|93,97|93,74|43,85|53,60/93,47=93,9,43,85,47
39,13|31,72|69,52|27,35|87,16|36,69|74,36|35,15|16,27|67,50|50,79|85,39|87,34|34,67|72,78|41,85|87,74|78,0|87,41|87,31/87,79=87,34,67,50,79
22,54|22,19|60,74|20,63|22,14|22,95|22,96|54,50|95,88|61,55|14,20|80,85|19,13|6,44|13,60|50,61|96,80|88,6|63,12|85,90/22,12=22,14,20,63,12
95,87|30,11|67,34|78,95|37,28|34,77|18,30|96,57|21,96|22,37|57,49|67,78|28,24|67,26|77,44|87,19|44,29|26,18|67,22|67,21/67,49=67,21,96,57,49
20,96|8,69|32,20|28,56|56,12|86,31|6,32|81,3|28,81|40,43|28,91|3,8|78,83|28,6|85,86|12,40|91,38|28,37|38,78|37,85/28,96=28,6,32,20,96
47,23|47,64|26,81|46,49|69,80|92,93|28,74|2,28|81,79|9,69|44,56|80,52|74,17|47,9|56,36|64,44|49,92|47,46|23,26|47,2/47,17=47,2,28,74,17
62,68|97,91|29,63|22,17|62,89|65,48|17,77|68,60|62,19|15,43|1,22|60,65|38,49|34,15|14,38|62,1|62,29|89,14|63,97|19,34/62,49=62,89,14,38,49
91,66|14,49|73,91|66,99|73,7|30,45|95,97|7,2|73,87|44,48|6,63|48,43|99,85|73,95|63,14|97,17|73,6|2,30|87,44|17,69/73,43=73,87,44,48,43
62,1|4,58|1,3|42,49|71,72|65,22|58,78|78,65|49,71|53,32|4,42|4,2|4,57|32,70|4,80|80,53|88,81|10,88|57,10|2,62/4,70=4,80,53,32,70
73,63|93,73|51,27|97,50|81,61|27,81|63,15|40,88|51,93|66,45|51,38|23,41|61,43|51,23|41,40|50,31|39,97|51,39|45,59|38,66/51,88=51,23,41,40,88
30,36|99,76|63,42|58,4|64,91|64,20|64,26|26,11|94,55|64,30|91,63|20,94|64,52|52,83|42,7|23,77|83,23|55,2|11,99|36,58/64,4=64,30,36,58,4
45,91|71,82|83,77|83,27|83,32|83,68|32,79|79,89|50,98|16,71|27,37|77,10|37,22|98,45|10,38|22,0|83,50|89,4|68,16|38,12/83,12=83,77,10,38,12
69,65|68,3|49,23|68,49|35,13|74,33|68,92|73,28|92,59|67,63|68,74|3,96|80,58|23,35|28,86|33,69|96,80|86,25|68,73|59,67/68,13=68,49,23,35,13
6,92|24,93|98,85|78,80|5,43|85,2|81,11|15,86|94,78|99,63|98,5|93,3|2,81|98,24|63,6|7,94|3,33|43,15|98,7|98,99/98,80=98,7,94,78,80
76,95|85,60|57,8|49,75|14,89|59,49|25,14|81,97|97,13|13,31|8,93|93,72|60,76|81,38|38,59|89,42|31,68|81,85|81,57|81,25/81,42=81,25,14,89,42
70,41|33,46|0,9|46,0|65,44|29,54|96,51|95,3|1,96|68,1|70,68|3,57|70,29|70,82|41,95|70,33|54,65|82,14|38,63|14,38/70,51=70,68,1,96,51
40,8|75,70|52,2|67,50|8,67|4,64|50,96|2,89|56,28|28,15|15,84|47,4|40,48|40,56|40,82|82,75|48,52|40,47|70,3|64,13/40,96=40,8,67,50,96
43,62|79,58|88,41|73,7|35,43|84,74|79,88|41,17|18,92|12,93|79,36|36,84|79,18|25,12|58,25|92,73|17,82|34,35|79,34|74,5/79,62=79,34,35,43,62
39,60|41,64|39,79|1,51|39,10|89,91|73,89|38,28|10,41|57,55|39,3|92,0|79,73|60,74|74,92|64,31|55,30|28,1|3,57|39,38/39,0=39,60,74,92,0
60,74|90,75|78,53|20,36|53,35|71,72|35,59|82,20|36,71|54,47|82,90|82,78|18,13|74,54|94,18|75,46|13,6|82,94|82,60|46,15/82,6=82,94,18,13,6
1,92|18,77|20,55|52,74|80,52|39,51|74,0|9,45|72,15|9,80|47,64|43,72|9,1|45,18|15,25|9,43|64,20|9,47|92,39|77,62/9,55=9,47,64,20,55
86,67|88,45|96,59|31,51|76,79|76,88|79,3|42,31|76,36|45,96|76,48|36,84|74,42|76,74|99,86|81,92|78,28|84,81|3,78|48,99/76,59=76,88,45,96,59
63,0|28,38|9,4|92,12|4,76|0,36|3,17|53,92|12,68|31,28|36,77|76,24|3,63|26,30|3,26|65,62|17,31|3,9|3,53|30,65/3,77=3,63,0,36,77
0,63|33,98|84,14|14,91|51,93|64,51|19,58|42,19|64,18|63,89|18,48|46,67|64,8|64,16|16,0|64,84|91,37|8,42|93,33|48,46/64,89=64,16,0,63,89
5,56|92,68|85,3|3,95|59,63|2,98|53,92|84,2|22,94|59,53|59,5|30,84|68,31|59,30|95,58|56,26|94,66|59,85|26,35|63,22/59,31=59,53,92,68,31
17,4|32,53|98,83|98,35|80,17|12,71|54,80|23,91|98,38|73,3|98,54|38,73|90,88|35,39|3,58|83,23|98,90|88,12|91,67|39,32/98,71=98,90,88,12,71
8,95|86,8|71,4|38,72|86,74|86,77|86,81|92,65|72,37|40,67|79,40|81,0|0,64|64,45|86,6|6,56|74,38|56,92|95,71|77,79/86,65=86,6,56,92,65
17,0|64,92|81,15|85,22|92,17|64,29|0,76|75,85|15,16|41,81|67,91|93,36|64,51|64,66|91,27|51,75|64,41|29,67|55,93|66,55/64,27=64,29,67,91,27
26,0|76,16|16,48|91,72|91,88|75,99|72,19|19,93|88,13|0,61|91,55|55,5|61,92|10,32|22,76|91,26|93,94|91,22|5,10|13,75/91,94=91,72,19,93,94
6,10|6,60|10,37|44,79|92,38|5,31|31,70|37,36|50,21|38,49|21,72|6,50|6,11|61,44|72,27|36,35|90,61|6,90|11,92|60,5/6,35=6,10,37,36,35
17,22|60,53|8,30|26,14|14,24|25,8|53,35|22,59|19,25|84,72|23,60|23,64|23,19|76,84|58,26|64,17|23,58|35,75|72,1|23,76/23,30=23,19,25,8,30
31,40|85,53|47,5|87,54|60,31|64,58|64,61|53,70|8,60|38,32|54,12|64,87|58,47|70,90|64,8|5,88|61,24|24,38|12,25|64,85/64,32=64,61,24,38,32
44,72|41,33|58,47|39,95|39,60|88,24|66,58|39,63|49,44|83,9|77,29|63,92|9,41|76,88|72,82|60,66|95,76|39,83|39,49|92,77/39,24=39,95,76,88,24
93,75|40,99|77,74|56,37|73,33|2,67|58,41|7,93|77,80|21,97|67,86|97,40|14,7|80,2|77,14|41,81|77,56|74,58|37,73|77,21/77,99=77,21,97,40,99
20,95|84,39|79,30|85,80|50,84|24,7|31,79|95,92|31,93|30,26|31,62|31,20|26,18|7,28|22,85|92,60|93,50|31,75|62,24|75,22/31,18=31,79,30,26,18
20,61|96,27|70,72|61,69|3,70|99,94|60,28|94,97|28,33|15,3|15,83|46,20|74,60|72,51|15,62|15,74|27,81|62,99|15,46|83,96/15,51=15,3,70,72,51
8,83|30,93|73,46|78,12|46,40|3,11|28,50|12,37|4,25|11,8|4,3|4,36|92,28|40,31|36,92|93,14|25,30|4,73|37,95|4,78/4,31=4,73,46,40,31
87,17|48,39|68,25|87,72|17,18|39,14|18,20|33,29|70,68|42,36|30,53|52,48|25,8|53,33|87,30|87,52|72,47|20,34|87,70|47,42/87,29=87,30,53,33,29
49,30|55,21|2,52|21,58|2,76|81,37|70,33|52,0|8,29|76,50|50,81|58,26|53,56|0,49|57,34|2,8|2,53|56,57|2,55|29,70/2,30=2,52,0,49,30
21,17|60,74|4,19|52,42|42,55|43,21|12,18|18,52|97,11|12,83|71,60|83,56|17,57|56,4|48,67|12,43|68,71|11,48|12,97|12,68/12,67=12,97,11,48,67
43,39|58,30|44,21|32,43|39,26|46,71|30,24|58,76|67,88|9,77|41,69|58,67|21,99|24,7|7,52|88,41|77,46|58,9|58,32|76,44/58,71=58,9,77,46,71
84,75|46,84|77,21|91,79|48,12|81,97|22,54|97,48|81,34|81,77|65,46|81,65|34,14|14,44|81,91|68,43|12,24|44,36|21,68|79,22/81,36=81,34,14,44,36
82,74|41,78|22,61|82,38|42,99|82,49|82,22|74,9|38,39|9,64|11,34|39,42|61,41|10,18|76,10|34,21|82,76|49,11|64,48|18,58/82,48=82,74,9,64,48
77,32|27,28|94,37|17,40|15,35|84,77|66,90|35,66|26,7|43,26|84,15|84,22|84,73|32,39|39,64|73,43|28,62|84,94|22,27|37,17/84,64=84,77,32,39,64
87,48|54,14|33,54|33,90|90,36|36,75|51,19|39,49|48,81|33,87|72,39|33,72|81,34|64,51|17,64|33,17|14,96|75,95|49,43|96,38/33,43=33,72,39,49,43
32,57|99,21|49,72|48,3|40,20|67,78|53,14|2,48|2,53|37,71|88,37|3,99|20,49|71,55|2,67|14,12|2,40|2,88|78,32|12,77/2,21=2,48,3,99,21
32,9|61,38|56,55|56,61|56,54|55,85|9,75|41,6|63,25|54,84|85,41|38,69|84,63|75,20|56,32|78,18|88,15|69,42|56,88|15,78/56,42=56,61,38,69,42
81,47|81,0|67,61|81,49|81,97|81,67|46,13|47,93|93,88|92,4|97,92|90,46|66,24|43,30|4,20|49,80|80,66|0,90|88,52|61,43/81,13=81,0,90,46,13
31,82|75,67|53,32|64,59|86,72|16,31|86,75|22,16|72,40|7,4|79,44|40,64|32,7|30,69|67,79|86,30|69,10|10,12|86,22|86,53/86,82=86,22,16,31,82
41,84|41,31|40,89|41,12|89,70|14,5|41,30|39,40|91,33|41,39|37,23|42,91|9,14|92,19|84,42|30,16|16,92|12,9|31,56|56,37/41,70=41,39,40,89,70
50,56|43,50|51,48|93,43|48,17|67,73|73,85|93,88|52,55|27,3|55,74|93,52|85,0|93,27|93,67|74,8|57,38|3,57|56,49|88,51/93,49=93,43,50,56,49
22,62|2,6|35,0|6,35|33,53|68,64|51,19|2,67|2,43|76,33|36,68|64,4|2,51|43,41|41,75|75,28|67,76|0,20|19,22|2,36/2,20=2,6,35,0,20
78,51|36,84|96,59|81,28|76,79|76,36|79,3|42,81|76,88|84,96|76,48|88,99|74,42|76,74|45,78|31,92|86,67|99,31|3,86|48,45/76,59=76,36,84,96,59
98,61|18,42|98,37|1,27|97,18|41,17|37,5|3,11|61,97|21,32|98,70|67,95|70,93|93,1|98,3|79,48|5,41|11,21|98,67|95,79/98,32=98,3,11,21,32
41,30|41,84|16,89|41,12|89,70|92,5|41,39|31,16|91,33|41,31|14,19|9,91|42,92|37,23|30,9|39,56|56,37|12,42|84,40|40,14/41,70=41,31,16,89,70
44,23|49,4|39,22|54,70|4,51|22,61|98,87|49,39|77,54|57,77|64,78|34,98|78,41|49,57|5,34|41,38|61,18|49,5|51,44|49,64/49,87=49,5,34,98,87
83,13|39,86|86,57|84,39|81,51|3,45|43,65|57,89|66,83|84,47|84,29|47,43|84,81|84,66|51,3|13,64|48,71|91,48|29,91|65,6/84,45=84,81,51,3,45
60,30|60,61|53,41|61,85|51,89|11,84|60,53|85,77|60,51|77,67|91,15|60,91|72,31|12,35|30,12|89,11|35,64|15,26|41,72|26,47/60,67=60,61,85,77,67
36,50|66,43|81,68|64,26|18,93|43,88|71,64|50,13|81,24|75,36|68,71|10,66|24,18|81,75|52,5|58,52|96,58|81,10|93,69|81,96/81,69=81,24,18,93,69
92,62|91,28|93,10|49,52|12,66|7,81|67,93|60,67|52,55|49,57|55,29|29,17|49,7|57,12|49,60|81,91|66,32|30,92|49,1|1,30/49,17=49,52,55,29,17
8,56|91,60|75,15|70,75|36,91|9,90|36,8|56,10|64,83|71,40|66,71|60,9|36,23|23,64|40,65|10,67|36,66|83,98|36,97|97,70/36,67=36,8,56,10,67
41,36|2,76|31,68|50,41|17,37|17,94|29,90|91,93|74,92|37,50|76,29|93,43|17,74|5,77|17,2|94,91|17,31|92,5|68,18|18,78/17,43=17,94,91,93,43
15,73|46,99|25,95|70,98|73,19|71,53|94,89|90,46|53,25|89,90|67,66|94,79|6,67|94,22|79,15|22,13|66,11|13,70|94,6|94,71/94,11=94,6,67,66,11
6,27|73,53|27,12|53,32|92,61|93,29|58,73|61,36|58,56|58,57|84,93|58,4|57,62|32,64|54,84|58,54|56,6|4,92|34,11|62,34/58,64=58,73,53,32,64
48,65|29,80|94,30|46,91|61,52|88,96|46,94|85,35|80,85|34,72|46,29|46,48|91,70|72,61|65,6|87,90|6,36|46,34|70,87|30,88/46,90=46,91,70,87,90
87,62|4,78|3,25|82,90|40,68|97,23|4,30|4,82|6,56|22,40|78,87|68,72|4,8|56,88|62,34|30,6|8,3|90,97|25,5|4,22/4,23=4,82,90,97,23
69,58|26,69|26,92|87,53|26,87|53,13|90,79|95,52|13,8|58,75|47,67|34,95|92,88|75,71|52,21|88,83|26,34|79,47|26,90|83,93/26,8=26,87,53,13,8
97,82|82,41|57,11|60,22|99,15|0,60|33,0|97,86|86,76|46,83|97,33|97,57|41,87|87,56|24,95|11,46|95,99|91,8|76,91|97,24/97,83=97,57,11,46,83
31,76|35,31|36,63|98,89|30,52|35,90|16,6|13,68|63,30|6,5|1,16|89,86|76,40|35,1|90,13|68,25|40,7|9,98|35,36|35,9/35,25=35,90,13,68,25
44,80|91,84|25,77|3,15|80,59|38,88|25,49|49,52|25,96|92,42|15,27|74,79|79,38|77,44|96,3|81,72|25,74|52,91|42,81|25,92/25,88=25,74,79,38,88
65,62|24,99|50,7|96,75|40,63|75,0|68,65|50,68|91,98|7,97|63,47|50,24|50,96|99,91|62,83|97,5|90,40|5,46|50,90|0,25/50,46=50,7,97,5,46
20,96|31,20|55,72|83,50|96,44|80,24|22,80|42,91|21,42|44,84|31,22|77,97|24,98|93,55|31,93|72,12|91,28|50,77|31,83|31,21/31,12=31,93,55,72,12
0,46|27,65|18,61|20,67|33,9|46,57|0,21|0,18|5,73|21,5|0,19|43,76|57,84|84,72|28,20|73,98|61,27|19,28|0,43|76,33/0,72=0,46,57,84,72
80,35|64,36|37,57|80,64|80,37|35,85|72,54|36,72|86,74|80,86|80,44|44,5|85,60|74,58|17,65|57,17|60,14|76,84|58,77|5,76/80,84=80,44,5,76,84
33,22|89,33|58,20|50,93|28,47|11,70|11,9|11,58|23,43|9,82|11,24|24,51|51,63|20,50|94,28|63,44|41,94|70,89|11,41|82,23/11,93=11,58,20,50,93
73,18|43,76|43,73|58,6|34,72|76,20|43,37|3,65|70,74|32,34|28,49|20,3|92,98|37,92|18,28|43,81|74,58|98,13|81,32|43,70/43,65=43,76,20,3,65
37,18|60,40|82,37|59,82|35,53|4,33|56,60|59,85|59,35|94,4|59,94|8,84|49,58|59,56|53,49|40,44|84,78|85,8|33,29|18,66/59,66=59,82,37,18,66
44,40|97,56|84,61|30,84|60,30|56,57|78,82|95,26|26,80|97,31|57,69|97,60|31,78|87,95|97,59|40,10|82,7|69,47|59,44|97,87/97,7=97,31,78,82,7
98,56|23,69|49,48|15,73|69,22|17,35|23,15|23,38|56,14|84,19|48,75|67,49|89,24|22,17|73,32|32,94|24,84|38,98|23,67|23,89/23,75=23,67,49,48,75
43,81|4,25|48,50|81,75|43,49|44,6|8,44|43,4|43,71|34,48|39,34|82,28|75,98|28,67|43,39|25,74|98,84|74,17|49,82|71,8/43,50=43,39,34,48,50
88,1|67,17|11,96|41,73|46,40|1,26|30,53|96,41|53,46|12,67|88,11|32,86|88,30|88,87|25,60|17,13|95,32|87,95|88,12|26,25/88,60=88,1,26,25,60
34,92|51,22|31,62|76,54|34,3|3,59|90,32|83,4|54,14|59,25|26,76|66,90|92,66|84,91|4,31|22,84|34,26|25,53|34,83|34,51/34,14=34,26,76,54,14
80,72|3,96|0,8|80,23|71,22|23,89|96,91|85,67|89,47|80,0|8,85|1,60|72,1|80,77|53,71|60,97|77,53|47,20|80,30|30,3/80,97=80,72,1,60,97
58,41|68,74|33,77|53,14|43,86|84,68|72,23|58,72|77,10|86,27|10,64|41,48|32,95|94,43|48,32|66,84|58,66|58,33|23,53|58,94/58,64=58,33,77,10,64
8,11|71,30|33,97|0,46|23,0|71,8|71,53|11,69|74,94|53,33|97,25|30,74|69,21|10,76|77,10|71,77|76,73|94,81|83,23|71,83/71,21=71,8,11,69,21
31,89|53,55|60,29|16,84|33,16|43,53|82,31|43,83|43,91|43,82|91,44|55,98|43,35|44,81|52,60|89,38|98,57|83,33|35,52|81,66/43,57=43,53,55,98,57
81,59|19,34|46,19|16,39|96,95|90,49|75,97|77,75|39,77|16,88|16,87|87,90|47,38|16,47|38,35|59,96|35,48|49,43|88,46|16,81/16,97=16,39,77,75,97
58,52|13,56|60,13|31,49|96,65|93,23|78,6|96,86|52,93|21,31|38,80|96,58|69,60|86,89|65,1|76,21|1,78|96,76|96,69|89,38/96,49=96,76,21,31,49
55,56|67,55|3,74|93,67|74,17|27,50|50,48|93,88|43,73|52,51|73,85|93,43|48,8|93,52|93,27|85,0|57,38|51,57|56,49|88,3/93,49=93,67,55,56,49
59,72|18,17|69,62|84,59|92,26|93,69|0,63|15,34|17,0|64,90|48,64|92,15|92,18|6,84|26,93|92,6|92,48|90,44|34,31|31,28/92,28=92,15,34,31,28
77,14|14,37|91,77|2,22|22,75|20,39|30,2|71,9|96,74|32,20|94,71|7,0|7,91|7,73|47,96|7,32|73,94|7,30|39,60|0,47/7,74=7,0,47,96,74
90,85|84,83|90,99|37,87|78,34|6,32|90,77|35,61|61,25|32,2|90,74|99,35|40,84|87,18|77,14|74,6|14,78|90,22|22,40|85,37/90,25=90,99,35,61,25
54,31|94,5|48,42|38,75|38,48|71,86|57,81|16,36|31,94|21,0|75,69|42,98|98,26|20,77|38,57|69,71|38,54|38,21|0,16|81,20/38,77=38,57,81,20,77
91,13|73,39|86,51|96,32|96,46|37,29|88,95|96,2|0,52|28,91|96,4|4,71|95,86|2,37|46,28|96,88|71,0|29,42|26,73|32,26/96,51=96,88,95,86,51
84,22|74,76|61,26|84,10|14,61|76,62|10,75|84,74|65,80|69,5|84,69|45,39|53,86|62,36|84,53|75,65|95,33|86,95|5,45|22,14/84,39=84,69,5,45,39
42,79|75,94|15,71|6,9|79,51|77,7|71,6|92,15|94,3|92,48|92,56|3,84|73,69|22,77|92,75|92,22|48,42|56,55|55,73|7,97/92,9=92,15,71,6,9
54,83|91,93|30,1|86,87|1,47|97,56|83,9|87,97|7,54|30,86|43,38|93,65|52,37|30,7|30,52|47,78|78,5|30,16|16,91|37,43/30,5=30,1,47,78,5
57,68|82,95|79,72|30,64|79,57|6,16|95,71|79,6|62,11|4,98|79,77|47,4|72,67|91,82|16,30|66,41|68,62|79,91|77,47|67,66/79,64=79,6,16,30,64
47,49|12,59|49,12|32,29|72,85|72,47|31,68|72,46|33,2|54,32|88,31|72,30|85,54|70,25|35,33|30,70|72,88|68,82|25,64|46,35/72,64=72,30,70,25,64
14,63|46,67|16,48|48,19|51,93|64,51|91,98|42,91|64,18|63,89|18,0|33,58|64,8|64,84|84,14|64,16|19,37|8,42|93,46|0,33/64,89=64,84,14,63,89
20,60|63,62|14,61|72,93|61,70|58,14|62,50|77,67|56,85|58,56|67,72|70,47|58,63|58,77|41,55|44,20|60,99|85,41|50,37|58,44/58,93=58,77,67,72,93
2,26|95,48|20,16|2,20|60,62|48,65|2,95|2,44|62,25|44,43|71,78|39,60|26,63|43,41|65,46|63,71|41,86|2,39|16,30|30,47/2,78=2,26,63,71,78
77,82|32,2|38,35|77,79|30,80|16,20|68,95|58,33|80,11|82,45|20,32|77,38|11,51|77,16|79,41|41,71|71,54|77,30|35,58|45,68/77,2=77,16,20,32,2
17,59|94,39|42,3|17,87|79,16|17,73|87,69|59,1|93,40|57,27|27,94|17,96|1,20|17,57|80,42|69,79|20,76|73,38|38,93|96,80/17,76=17,59,1,20,76
12,25|25,81|95,2|29,93|31,50|49,26|2,1|94,54|33,95|60,38|12,67|12,33|21,29|81,31|12,49|12,14|67,21|14,94|54,72|26,60/12,72=12,14,94,54,72
24,33|66,43|59,7|24,59|99,66|24,34|93,44|24,93|7,69|24,10|23,9|44,12|10,99|69,16|34,91|54,30|12,79|9,52|91,54|33,23/24,43=24,10,99,66,43
24,54|54,48|8,81|36,61|28,36|93,76|81,26|63,28|72,22|26,31|59,72|22,73|83,63|92,93|83,88|70,24|83,70|83,59|83,8|88,92/83,31=83,8,81,26,31
92,48|57,81|48,69|54,31|72,51|40,54|81,88|69,94|57,98|25,67|71,56|57,10|88,71|67,83|51,77|77,44|57,72|57,92|98,40|10,25/57,94=57,92,48,69,94
29,39|9,27|78,44|39,42|40,24|1,15|26,11|77,72|40,1|40,77|46,47|42,36|15,6|40,26|27,82|24,9|11,78|6,37|40,29|72,46/40,37=40,1,15,6,37
62,21|21,41|40,44|12,6|99,47|31,62|56,25|41,91|18,0|51,93|93,43|47,18|14,90|31,99|25,12|44,14|31,51|43,9|31,40|31,56/31,90=31,40,44,14,90
32,29|45,37|87,66|92,14|76,45|32,91|85,23|32,87|24,3|89,54|29,27|19,89|91,76|23,92|27,97|54,6|32,85|66,24|32,19|97,81/32,6=32,19,89,54,6
87,64|17,39|33,17|33,72|72,14|14,96|51,19|36,49|64,75|33,87|54,36|33,54|75,34|48,51|90,48|33,90|39,81|96,38|49,43|81,95/33,43=33,54,36,49,43
18,9|19,85|33,22|22,68|11,30|23,42|66,37|23,18|23,33|85,11|23,19|31,61|73,66|68,65|42,73|41,31|9,3|89,41|23,89|3,35/23,30=23,19,85,11,30
48,2|75,50|1,75|94,30|48,94|21,26|55,24|50,11|2,55|48,22|42,99|66,42|48,1|22,66|28,68|83,81|24,23|48,21|26,28|30,83/48,81=48,94,30,83,81
12,92|52,60|66,62|39,97|96,14|86,73|63,59|97,77|66,63|60,86|66,96|77,81|59,79|62,12|75,1|92,74|79,56|66,39|14,75|66,52/66,74=66,62,12,92,74
63,70|93,91|51,72|99,54|35,18|70,51|86,14|58,99|19,58|96,95|91,69|41,63|41,16|41,86|14,96|41,19|18,17|41,93|16,35|69,57/41,95=41,86,14,96,95
6,66|99,15|46,83|20,76|89,11|72,40|36,42|87,62|76,5|62,6|99,87|31,24|13,46|33,20|99,72|15,13|99,33|40,89|99,36|42,31/99,83=99,15,13,46,83
38,35|7,15|57,58|53,81|58,99|45,56|99,87|88,57|23,45|81,61|59,95|61,6|5,38|46,5|88,51|88,46|15,59|88,53|88,7|51,23/88,35=88,46,5,38,35
61,20|13,9|68,29|37,36|7,96|68,6|28,7|11,41|29,13|60,38|68,28|20,59|68,37|36,11|96,90|21,72|68,21|9,34|6,61|72,60/68,90=68,28,7,96,90
41,27|98,64|29,37|36,92|79,31|94,4|91,30|31,73|27,62|36,53|59,98|30,74|36,91|92,41|7,79|36,7|53,59|74,39|36,29|37,94/36,64=36,53,59,98,64
52,16|91,33|60,29|81,66|44,81|43,91|82,52|43,53|43,35|43,82|35,55|33,98|43,83|55,89|31,60|16,38|98,57|53,44|83,31|89,84/43,57=43,91,33,98,57
16,55|24,29|70,43|5,75|29,70|17,13|0,99|16,22|30,73|22,0|16,5|75,30|21,63|63,98|42,17|99,59|55,42|16,58|58,21|16,24/16,73=16,5,75,30,73
47,72|52,39|20,55|18,74|1,18|15,25|74,0|9,45|64,77|9,1|43,92|80,64|9,47|45,52|77,51|9,80|92,20|9,43|72,15|39,62/9,55=9,43,92,20,55
81,7|68,54|0,23|58,99|68,27|90,11|11,1|7,78|54,81|83,76|27,80|68,0|23,91|91,69|66,73|80,83|99,66|34,90|68,34|68,58/68,76=68,27,80,83,76
80,55|65,8|59,60|90,17|59,38|59,80|61,95|60,65|38,90|14,12|17,79|55,40|59,0|95,93|89,61|12,33|8,74|40,86|0,14|59,89/59,79=59,38,90,17,79
41,23|66,53|94,56|51,8|2,74|57,96|19,2|15,94|96,34|51,15|55,78|78,66|88,57|51,88|43,41|51,50|8,43|51,55|50,19|56,22/51,74=51,50,19,2,74
23,52|14,33|97,43|2,71|99,6|43,15|10,20|91,55|23,61|61,80|71,3|77,51|23,77|6,10|52,2|23,99|51,91|23,62|62,97|80,14/23,20=23,99,6,10,20
47,77|60,11|73,43|47,16|9,22|0,73|33,96|36,0|22,27|47,36|83,39|39,49|47,29|12,33|47,46|77,9|16,60|29,83|11,85|46,12/47,49=47,29,83,39,49
86,81|37,15|74,42|40,45|30,31|69,5|29,74|25,23|31,40|97,98|42,27|97,29|97,30|5,86|97,65|98,1|15,52|1,25|97,69|65,37/97,52=97,65,37,15,52
6,11|6,73|21,49|11,31|56,69|6,65|12,77|97,5|6,12|86,43|73,97|77,86|68,2|65,58|31,21|16,33|5,17|58,16|6,56|69,68/6,17=6,73,97,5,17
74,62|46,11|48,80|15,74|4,53|48,57|76,75|53,34|34,2|80,15|11,69|38,76|13,90|48,68|71,13|48,56|48,4|68,38|57,71|56,46/48,75=48,68,38,76,75
17,38|78,70|5,39|57,45|57,5|51,26|57,87|63,64|74,51|64,65|57,17|45,55|39,21|21,94|57,74|55,56|26,72|56,34|38,78|87,63/57,70=57,17,38,78,70
60,2|24,47|92,3|51,96|89,24|15,6|94,73|96,60|85,89|74,59|6,62|74,51|18,49|3,94|19,18|74,85|74,92|59,19|5,15|74,5/74,47=74,85,89,24,47
97,45|1,2|57,55|19,29|71,25|91,97|84,71|90,1|0,60|95,4|91,95|91,78|78,84|91,13|91,90|33,57|13,33|45,19|2,72|4,0/91,60=91,95,4,0,60
64,14|33,51|64,66|66,95|64,33|80,48|14,16|16,79|10,13|28,5|5,10|91,68|64,28|79,56|70,91|51,92|49,70|95,80|92,35|64,49/64,56=64,14,16,79,56
33,23|11,34|11,75|56,18|43,56|34,39|18,80|11,89|73,69|89,62|12,8|39,78|65,15|62,12|23,73|78,24|15,83|11,43|11,33|75,65/11,8=11,89,62,12,8
23,76|53,96|93,44|62,72|44,74|7,63|74,75|76,92|94,23|63,16|84,52|93,84|52,53|16,64|93,80|6,62|80,6|93,94|93,7|75,99/93,96=93,84,52,53,96
14,37|52,98|73,35|98,40|73,52|34,43|73,24|50,34|91,61|38,50|73,91|24,99|69,48|99,14|61,60|40,6|48,87|73,38|60,21|35,69/73,43=73,38,50,34,43
95,93|36,42|13,59|60,51|30,4|29,64|10,13|93,84|10,82|51,25|10,29|85,94|64,19|94,30|10,24|19,1|10,85|59,36|24,95|82,60/10,1=10,29,64,19,1
93,40|34,93|36,75|75,50|40,25|36,45|36,43|52,2|36,34|36,30|45,52|49,23|2,72|31,42|50,56|23,91|43,24|24,31|30,49|56,3/36,3=36,75,50,56,3
58,96|97,64|25,63|30,81|27,60|27,97|83,35|27,30|32,61|60,59|27,28|98,32|28,98|7,23|81,7|64,83|59,58|27,87|46,25|87,46/27,23=27,30,81,7,23
14,33|91,87|33,20|76,39|87,53|55,54|81,2|83,81|2,47|65,3|53,62|20,90|76,91|76,83|76,55|3,71|54,13|76,14|39,65|13,84/76,62=76,91,87,53,62
1,26|7,1|81,94|60,8|60,56|98,22|74,47|42,55|18,33|47,43|94,98|8,42|33,65|60,11|55,16|60,81|2,74|56,7|11,18|60,2/60,26=60,56,7,1,26
93,57|9,7|57,53|20,29|37,98|87,51|12,87|61,65|20,41|20,48|22,61|29,96|21,42|20,37|96,21|48,12|53,82|41,22|20,93|98,9/20,7=20,37,98,9,7
44,18|60,55|66,14|25,62|55,98|85,44|60,35|33,27|80,10|35,33|75,80|27,24|60,25|18,63|62,36|36,48|98,66|60,85|60,0|0,75/60,24=60,35,33,27,24
8,11|96,37|73,38|56,73|51,31|51,85|74,92|49,87|51,14|85,49|51,8|68,95|58,96|11,57|51,68|87,25|57,17|14,58|95,74|31,56/51,38=51,31,56,73,38
95,15|62,8|5,30|11,36|70,62|70,11|30,18|51,47|15,22|84,53|70,95|22,65|12,5|8,97|96,51|70,12|70,49|36,84|49,96|97,72/70,65=70,95,15,22,65
36,43|37,21|72,42|38,92|98,38|36,83|81,37|36,0|21,58|25,24|42,27|14,53|0,25|36,7|7,98|24,44|36,81|43,78|78,14|83,72/36,44=36,0,25,24,44
39,79|51,87|20,88|39,98|88,55|39,78|96,64|87,67|81,31|98,51|68,56|56,33|79,20|12,81|1,96|97,68|39,97|39,4|4,12|78,1/39,33=39,97,68,56,33
0,89|10,49|96,41|0,68|41,20|68,10|49,27|77,33|18,26|0,96|73,88|89,85|43,18|13,50|88,13|20,44|85,77|0,73|26,69|0,43/0,27=0,68,10,49,27
93,41|18,84|36,29|44,68|51,15|34,79|56,0|41,40|15,77|93,13|13,51|85,82|93,56|0,34|93,44|93,95|40,36|68,18|95,12|12,85/93,77=93,13,51,15,77
66,52|52,64|28,70|42,10|42,62|82,65|42,74|70,58|93,73|14,82|63,14|74,66|10,83|75,24|42,93|73,75|42,63|41,5|83,41|62,28/42,58=42,62,28,70,58
38,0|71,89|85,71|0,12|21,29|21,85|2,27|23,10|64,3|29,38|21,46|19,64|27,54|89,8|61,98|46,2|10,61|78,19|21,78|21,23/21,98=21,23,10,61,98
68,93|27,87|10,46|91,27|22,29|26,94|22,57|45,66|22,69|93,79|9,68|60,26|69,10|29,91|97,45|57,60|22,97|22,9|46,85|66,80/22,94=22,57,60,26,94
50,4|30,16|16,5|66,21|70,19|28,66|20,9|2,27|50,38|38,41|14,28|50,22|50,20|22,30|50,14|19,29|9,2|4,70|69,48|41,69/50,5=50,22,30,16,5
46,67|81,78|46,2|2,58|19,94|72,19|67,72|44,88|98,85|85,48|63,98|58,9|9,37|36,44|88,76|78,84|46,36|46,63|46,28|28,81/46,48=46,63,98,85,48
28,4|84,52|95,89|84,61|85,47|15,91|84,85|77,98|87,60|44,77|61,94|60,25|91,99|84,10|94,28|10,44|52,15|84,80|80,87|47,95/84,99=84,52,15,91,99
83,22|70,89|33,97|76,10|76,69|76,70|58,52|97,13|76,58|56,33|40,83|41,74|69,47|39,16|21,9|47,41|10,40|52,39|89,21|76,56/76,16=76,58,52,39,16
49,0|30,41|41,49|86,99|74,88|99,13|69,2|2,29|95,92|60,61|13,87|39,30|12,95|39,86|39,12|84,69|92,71|61,74|39,60|39,84/39,88=39,60,61,74,88
95,74|8,92|36,28|23,29|36,30|34,53|59,11|28,96|36,81|17,59|56,73|30,17|92,56|36,8|53,41|29,60|60,61|96,95|81,34|36,23/36,61=36,23,29,60,61
55,64|71,81|42,99|93,19|6,62|25,6|99,49|12,8|34,25|59,15|4,44|1,55|44,42|8,59|4,1|4,34|4,71|81,93|4,12|64,13/4,49=4,44,42,99,49
16,70|4,66|4,49|37,95|4,78|15,60|33,7|4,37|78,31|49,23|31,76|73,74|4,15|23,16|71,58|60,73|95,71|66,45|76,55|45,33/4,70=4,49,23,16,70
5,40|12,1|55,93|8,5|6,24|8,98|88,70|34,33|1,6|33,96|8,88|75,77|87,56|40,87|37,75|30,34|8,12|8,30|70,55|98,37/8,96=8,30,34,33,96
1,44|72,62|74,50|96,42|61,33|74,72|5,48|42,23|40,64|44,61|50,96|48,81|74,5|81,9|86,40|74,86|62,13|74,1|13,36|64,78/74,33=74,1,44,61,33
56,10|94,14|52,13|94,54|8,82|66,99|54,2|94,7|95,0|7,95|82,63|14,66|0,62|85,80|94,8|2,85|10,52|94,56|99,69|63,72/94,72=94,8,82,63,72
66,3|53,27|58,4|8,66|8,37|7,48|3,50|16,53|17,72|4,83|8,58|83,1|8,16|32,29|27,88|72,32|50,71|48,57|8,17|37,7/8,29=8,17,72,32,29
67,23|38,81|48,24|72,18|72,86|21,20|85,76|86,33|33,13|81,48|12,67|72,26|90,12|13,70|72,38|72,90|18,85|26,42|76,15|42,21/72,15=72,18,85,76,15
12,77|85,78|96,64|58,95|53,96|93,68|77,85|25,3|58,4|48,18|58,12|58,84|84,19|58,93|95,25|19,48|60,94|3,52|68,60|4,53/58,52=58,95,25,3,52
36,13|34,79|51,94|11,7|15,40|28,62|7,46|46,59|9,80|51,28|79,15|32,14|80,52|52,5|51,34|51,9|62,32|51,11|94,36|13,55/51,55=51,94,36,13,55
16,64|96,82|44,0|82,61|95,10|64,62|0,95|59,16|55,49|61,53|96,44|96,60|96,55|96,59|28,97|53,87|33,38|49,28|60,33|38,27/96,62=96,59,16,64,62
52,32|32,81|30,92|8,67|51,30|86,53|67,50|97,91|36,35|38,64|81,83|84,86|91,38|50,29|36,52|53,41|35,51|36,84|36,8|36,97/36,83=36,52,32,81,83
83,59|4,55|55,19|5,36|43,4|5,26|33,39|36,37|5,50|84,74|66,60|65,66|8,84|5,8|50,33|26,65|74,86|37,83|5,43|39,98/5,98=5,50,33,39,98
66,38|41,23|80,66|21,87|92,8|74,15|87,41|74,45|8,37|85,92|74,55|55,80|74,85|74,21|29,60|54,47|59,29|45,54|47,84|15,59/74,60=74,15,59,29,60
2,25|91,33|34,94|33,34|44,62|94,1|69,10|92,44|83,20|96,83|20,77|54,9|25,54|91,92|62,98|91,69|91,96|10,99|91,2|99,32/91,32=91,69,10,99,32
18,85|50,56|84,71|21,50|68,79|67,9|5,62|80,18|84,67|71,68|56,28|84,21|85,8|75,5|87,42|9,87|62,58|84,80|79,31|84,75/84,42=84,67,9,87,42
16,81|58,5|62,21|41,58|61,72|63,78|86,41|5,76|78,70|86,3|52,62|92,16|33,32|3,52|81,65|8,63|86,61|86,92|72,33|86,8/86,70=86,8,63,78,70
41,15|70,87|87,13|67,48|20,67|71,28|70,25|70,91|16,5|25,20|53,41|38,99|70,16|57,8|70,57|91,53|5,38|13,71|8,39|39,58/70,48=70,25,20,67,48
72,8|73,7|22,51|48,40|40,87|76,42|75,22|42,81|72,2|25,23|97,76|8,25|63,73|72,48|87,80|2,63|23,43|72,97|51,66|72,75/72,43=72,8,25,23,43
22,16|40,22|81,98|46,44|14,46|44,32|97,62|5,19|49,55|62,54|19,60|98,40|81,5|81,39|39,74|81,21|74,49|21,97|60,58|81,14/81,58=81,5,19,60,58
76,91|56,64|14,41|12,38|1,51|12,49|53,1|83,52|7,99|38,53|12,40|64,14|16,83|40,16|3,7|49,6|99,75|6,76|12,56|12,3/12,52=12,40,16,83,52
44,17|47,72|66,40|51,66|97,84|52,70|17,55|63,52|2,86|82,63|97,51|97,82|14,47|97,14|97,75|84,54|72,50|54,2|75,44|40,68/97,70=97,82,63,52,70
90,71|89,92|7,21|35,49|24,41|67,36|92,74|32,66|8,32|21,53|66,90|16,97|8,89|74,39|8,35|8,16|49,67|97,24|98,7|8,98/8,39=8,89,92,74,39
89,4|89,71|86,80|93,47|89,99|33,93|99,27|0,8|27,82|80,0|2,35|22,98|71,33|20,2|89,86|98,66|89,97|97,22|82,31|4,20/89,31=89,99,27,82,31
13,56|91,21|1,51|91,86|43,3|91,1|84,0|8,4|91,43|0,42|3,8|75,63|51,77|42,2|86,89|89,75|21,13|77,14|56,32|91,84/91,14=91,1,51,77,14
79,82|13,47|3,55|16,79|77,6|81,78|43,77|97,19|97,13|97,16|48,73|55,41|47,81|70,43|97,3|97,70|19,48|82,52|73,75|41,60/97,75=97,19,48,73,75
17,26|7,33|71,7|24,74|93,1|59,47|23,22|1,23|55,71|24,17|24,99|26,90|90,52|24,93|99,96|96,35|24,55|92,59|35,36|74,92/24,47=24,74,92,59,47
68,86|34,69|44,68|47,4|40,15|33,28|56,45|28,35|17,44|15,47|33,17|33,40|35,34|23,88|9,77|33,95|77,56|88,14|33,9|95,23/33,69=33,28,35,34,69
31,41|61,31|71,27|61,22|22,68|11,35|61,87|92,81|61,71|27,76|76,3|2,45|41,11|68,92|65,93|61,95|87,74|55,65|74,2|95,55/61,3=61,71,27,76,3
55,52|7,59|77,17|72,7|77,26|10,45|52,11|20,28|45,37|77,82|28,64|82,10|17,29|26,55|65,56|64,51|77,20|77,72|59,92|29,65/77,11=77,26,55,52,11
35,17|83,1|11,38|14,40|14,83|40,11|33,69|91,18|14,91|16,36|76,33|69,22|38,64|36,35|39,97|1,9|14,76|9,4|18,39|14,16/14,4=14,83,1,9,4
66,50|76,18|76,88|63,93|41,57|88,42|48,54|54,44|62,40|42,6|18,70|74,48|93,79|6,83|70,41|40,66|76,63|76,62|79,92|76,74/76,57=76,18,70,41,57
70,19|11,17|83,6|46,75|68,83|18,72|47,37|75,32|11,68|11,65|17,47|37,55|72,2|65,60|32,50|6,99|11,18|60,70|2,80|11,46/11,19=11,65,60,70,19
82,14|88,21|85,26|72,10|9,85|23,72|99,73|8,88|82,9|73,58|54,99|14,75|62,31|82,98|82,54|75,62|21,51|98,23|82,8|26,28/82,58=82,54,99,73,58
85,31|98,5|5,13|75,71|57,75|27,94|89,9|67,70|46,35|35,27|89,57|70,42|13,19|9,59|59,85|89,98|89,46|42,91|71,15|89,67/89,94=89,46,35,27,94
33,53|53,27|95,18|52,42|59,85|22,87|76,31|95,37|65,59|87,44|35,22|10,65|95,35|98,76|37,33|41,52|18,41|2,98|95,10|95,2/95,44=95,35,22,87,44
84,85|84,50|69,68|36,66|23,30|30,43|84,51|84,23|74,71|51,20|62,24|70,74|85,62|50,95|43,81|84,21|20,36|24,75|21,70|95,69/84,75=84,85,62,24,75
46,5|77,98|29,96|5,77|53,73|93,9|96,75|51,21|9,99|91,51|14,53|91,29|21,19|28,93|19,4|91,46|91,14|91,28|75,12|73,94/91,98=91,46,5,77,98
58,21|94,15|15,72|82,17|80,68|27,31|17,58|52,80|43,46|52,88|31,41|78,27|36,43|52,78|52,82|68,49|49,30|88,36|72,67|52,94/52,67=52,94,15,72,67
17,29|79,57|59,3|36,21|25,73|27,25|73,98|82,71|96,15|57,90|96,47|21,38|96,36|15,79|47,17|38,12|96,82|29,99|71,59|96,27/96,98=96,27,25,73,98
12,23|39,18|38,85|57,77|32,65|57,38|54,36|85,39|57,54|90,60|57,8|36,90|15,42|57,55|55,1|1,15|77,12|8,32|65,24|23,31/57,31=57,77,12,23,31
28,72|98,83|8,99|98,88|69,50|98,71|35,87|88,79|71,4|83,69|77,8|44,35|14,32|50,21|99,54|4,28|98,77|98,38|79,14|38,44/98,72=98,71,4,28,72
99,52|2,46|66,15|97,99|5,36|91,0|90,92|78,80|46,58|53,60|80,5|97,53|97,78|58,12|60,59|97,2|97,66|59,75|52,91|15,90/97,92=97,66,15,90,92
5,9|55,89|9,20|51,5|46,55|52,14|25,74|48,42|51,52|56,90|97,43|81,1|20,87|89,92|42,81|51,48|51,46|74,97|51,25|14,56/51,1=51,48,42,81,1
12,67|91,2|58,3|58,12|67,19|2,80|3,53|53,60|60,85|58,86|86,15|80,66|1,37|88,95|19,18|70,30|30,1|58,91|58,70|15,88/58,85=58,3,53,60,85
99,50|13,65|65,81|7,17|94,7|17,2|61,18|62,94|20,96|96,41|62,79|81,91|50,56|62,13|79,20|62,36|36,45|62,99|45,61|56,52/62,91=62,13,65,81,91
22,99|85,33|75,51|77,75|77,26|12,63|44,85|40,9|26,98|9,62|77,66|63,64|8,40|66,12|51,22|36,44|77,36|77,8|82,60|98,82/77,62=77,8,40,9,62
45,2|38,96|91,52|91,60|67,77|30,12|52,30|96,70|12,49|91,97|97,32|2,65|65,16|91,45|70,18|36,90|91,38|60,36|90,4|32,67/91,4=91,60,36,90,4
68,51|40,87|23,61|18,20|18,68|32,1|13,89|18,30|89,48|51,40|30,13|18,23|43,69|47,29|20,47|18,43|61,32|96,57|29,11|69,96/18,57=18,43,69,96,57
58,5|84,51|44,62|29,19|44,33|44,84|98,18|1,40|55,58|44,9|33,43|48,50|18,91|62,98|44,7|51,48|43,1|9,29|19,8|7,55/44,40=44,33,43,1,40
29,90|99,10|89,96|15,60|99,20|31,29|20,75|99,39|36,89|58,49|39,42|77,2|99,77|72,40|82,31|2,58|99,82|10,36|75,15|42,72/99,60=99,20,75,15,60
66,72|54,17|66,77|76,30|66,73|37,16|83,80|99,76|66,99|60,83|34,91|73,54|72,60|67,52|66,67|17,10|30,33|52,37|77,34|91,69/66,33=66,99,76,30,33
34,95|95,44|87,97|64,96|94,76|71,98|7,87|64,46|32,24|33,32|91,34|64,7|64,58|98,14|97,16|64,91|96,71|58,33|46,94|76,48/64,16=64,7,87,97,16
31,64|10,67|5,73|73,50|31,24|31,65|51,27|92,60|64,42|45,88|42,92|21,5|15,22|31,10|2,45|31,21|67,51|24,15|65,2|22,53/31,88=31,65,2,45,88
26,9|98,35|25,26|91,49|55,67|25,2|6,55|9,19|73,81|2,73|43,92|19,15|78,91|25,78|7,6|81,45|92,98|25,7|49,58|25,43/25,15=25,26,9,19,15
10,2|35,15|58,89|87,88|54,41|71,14|35,62|35,58|7,13|41,53|89,71|15,54|64,24|98,18|24,81|18,10|35,7|35,98|13,87|62,64/35,53=35,15,54,41,53
81,13|97,12|37,5|94,32|58,63|11,37|5,70|43,64|63,97|8,83|64,81|84,43|84,20|84,28|32,67|28,8|84,58|84,11|83,6|20,94/84,6=84,28,8,83,6
77,23|71,30|74,97|76,73|10,76|71,77|71,83|23,69|33,0|83,74|97,25|30,33|69,21|11,94|53,11|71,53|94,46|0,81|8,10|71,8/71,21=71,77,23,69,21
62,3|64,41|64,42|57,52|72,57|48,15|42,72|36,96|96,51|64,48|64,19|23,36|17,90|38,63|3,86|90,53|41,17|15,38|64,23|19,62/64,63=64,48,15,38,63
7,38|7,0|66,24|76,67|7,66|39,46|49,3|7,83|9,72|77,11|67,39|87,55|38,77|11,13|5,87|7,76|83,5|3,86|24,9|0,49/7,72=7,66,24,9,72
30,72|84,7|99,36|51,81|36,2|67,89|48,85|7,50|33,43|23,33|81,99|51,48|37,23|51,37|85,30|97,42|51,97|51,84|42,67|50,73/51,43=51,37,23,33,43
98,41|9,77|79,12|64,61|87,96|98,49|84,40|96,47|89,76|83,53|61,9|8,79|38,83|98,64|76,84|53,68|98,89|41,87|98,38|49,8/98,47=98,41,87,96,47
8,91|86,71|0,8|87,18|71,49|93,87|61,10|85,80|85,45|35,0|85,61|10,20|54,44|85,93|80,31|45,86|20,64|31,54|18,58|85,35/85,58=85,93,87,18,58
63,7|59,92|63,97|34,50|7,15|56,25|63,91|63,61|90,5|54,37|76,62|61,38|15,59|38,90|97,98|30,54|91,30|63,56|98,34|25,76/63,92=63,7,15,59,92
95,54|16,4|2,34|86,7|72,55|11,77|11,2|77,86|0,40|55,29|31,72|73,16|4,23|62,41|11,31|41,95|11,62|34,0|11,73|7,17/11,54=11,62,41,95,54
4,36|68,14|55,4|76,44|95,88|14,55|10,34|47,35|69,10|34,31|68,76|35,89|65,94|68,63|63,47|38,59|88,38|68,69|44,65|68,95/68,31=68,69,10,34,31
18,87|97,63|18,15|15,98|63,85|69,48|55,90|98,68|87,97|14,64|1,36|90,13|48,1|18,92|61,14|18,69|92,61|68,96|18,55|13,58/18,85=18,87,97,63,85
46,78|9,34|24,52|11,71|88,11|78,65|65,31|89,24|34,86|64,55|64,88|64,45|18,9|64,18|14,80|55,89|17,14|45,17|71,8|64,46/64,86=64,18,9,34,86
31,56|13,36|31,50|4,74|25,13|58,38|22,26|90,29|74,69|29,61|34,90|31,82|81,58|56,25|50,4|54,81|31,54|82,18|31,34|18,22/31,36=31,56,25,13,36
11,51|15,65|0,6|51,32|8,84|21,8|66,94|28,66|15,11|37,38|25,21|65,0|94,58|15,28|15,37|38,41|41,30|32,99|6,67|15,25/15,84=15,25,21,8,84
15,71|36,33|54,16|75,96|54,90|54,32|71,30|32,15|33,94|55,20|16,36|69,53|8,55|54,74|3,62|66,3|74,66|54,69|53,75|90,8/54,62=54,74,66,3,62
94,18|84,35|18,78|66,80|17,84|68,46|94,52|46,64|9,68|86,23|78,45|58,53|94,0|94,58|94,9|0,86|52,17|53,66|45,76|23,65/94,65=94,0,86,23,65
35,52|31,72|78,0|67,39|87,34|27,78|74,27|39,15|34,67|36,50|50,79|85,35|87,16|16,36|72,69|41,85|87,74|69,13|87,41|87,31/87,79=87,16,36,50,79
6,38|37,89|64,85|85,52|2,36|37,64|32,15|90,30|89,27|57,90|76,6|52,33|30,29|27,2|37,86|22,17|37,57|37,22|17,32|86,76/37,38=37,86,76,6,38
21,89|64,75|97,20|68,88|67,22|89,17|20,46|67,72|2,18|72,21|67,48|67,2|22,53|4,31|53,64|67,68|88,4|48,97|18,50|50,61/67,75=67,22,53,64,75
93,90|92,58|81,87|21,16|37,92|41,21|71,30|46,23|17,62|64,93|90,67|58,48|56,41|23,71|67,27|64,37|64,46|64,17|64,56|62,81/64,27=64,93,90,67,27
21,90|75,30|69,47|47,32|18,57|75,21|46,69|99,45|75,99|30,15|24,5|68,10|90,18|75,68|45,42|10,14|42,71|15,24|14,3|75,46/75,3=75,68,10,14,3
71,62|34,4|65,1|62,84|35,75|95,98|40,44|98,28|44,10|75,34|50,65|71,35|10,5|84,11|71,95|11,7|28,77|1,26|71,50|71,40/71,7=71,62,84,11,7
66,43|3,68|24,56|74,58|66,87|66,74|32,31|66,6|6,10|28,11|66,80|10,47|80,49|49,24|87,28|36,3|11,7|43,36|58,32|47,27/66,56=66,80,49,24,56
65,64|3,1|65,77|10,29|92,93|65,92|56,12|64,56|87,70|11,87|1,35|93,57|29,95|65,76|76,10|57,91|12,32|77,11|33,3|65,33/65,70=65,77,11,87,70
83,16|62,25|62,19|72,18|67,55|25,56|55,58|62,39|65,89|62,35|56,60|19,72|89,83|47,30|18,82|60,14|17,47|39,17|35,67|62,65/62,14=62,25,56,60,14
19,5|9,55|44,84|98,18|44,62|44,9|43,58|1,40|51,19|44,33|62,29|48,50|58,8|84,43|44,7|55,48|29,1|33,98|18,91|7,51/44,40=44,62,29,1,40
44,60|14,76|98,41|32,66|19,54|68,32|19,79|36,56|19,8|47,49|79,64|64,36|19,14|60,30|66,17|49,92|19,68|76,98|8,44|54,47/19,92=19,54,47,49,92
37,13|94,80|6,99|80,17|50,78|37,69|13,50|44,53|37,19|69,21|37,94|78,95|30,38|37,23|21,44|19,6|38,71|99,58|23,30|17,70/37,71=37,23,30,38,71
54,31|99,26|97,41|99,11|31,97|11,76|99,50|46,43|85,66|99,54|44,57|26,75|76,44|86,87|53,86|75,46|66,10|99,25|50,85|25,53/99,10=99,50,85,66,10
25,79|67,13|25,11|72,56|11,16|25,89|25,12|68,48|25,72|89,84|37,7|17,95|94,68|60,8|79,17|56,37|84,60|16,67|95,87|12,94/25,13=25,11,16,67,13
27,74|49,88|25,21|86,89|53,79|25,43|30,67|28,86|7,49|25,30|25,23|11,94|23,53|94,18|98,28|67,27|21,11|79,6|43,7|25,98/25,74=25,30,67,27,74
59,91|71,69|46,7|64,77|91,38|22,21|22,42|42,62|22,98|1,82|22,1|82,85|98,64|22,74|74,59|62,46|21,71|85,88|77,25|69,95/22,88=22,1,82,85,88
96,81|63,83|64,34|30,11|50,7|36,27|47,73|64,96|64,47|64,36|81,39|76,61|83,14|64,21|34,63|21,15|27,30|73,76|15,50|39,75/64,11=64,36,27,30,11
18,25|11,56|89,36|18,99|73,11|82,4|45,89|61,45|69,20|18,61|25,73|8,39|91,5|99,8|18,91|49,67|39,13|18,49|5,69|67,82/18,20=18,91,5,69,20
74,52|75,25|22,80|66,85|21,63|85,92|72,10|92,30|26,42|11,74|72,31|72,55|25,16|10,22|72,66|55,75|63,26|31,11|80,49|72,21/72,16=72,55,75,25,16
14,64|15,40|0,55|94,0|90,34|86,26|40,23|6,90|2,51|6,14|6,95|34,80|55,31|95,15|85,86|26,96|80,39|6,85|64,2|6,94/6,23=6,95,15,40,23
42,51|4,5|87,55|85,38|87,73|87,2|38,89|5,42|41,83|22,91|55,85|2,95|83,22|87,41|96,79|92,96|87,4|24,36|73,92|95,24/87,36=87,2,95,24,36
84,35|73,96|71,47|45,84|50,18|20,26|71,20|18,73|43,39|42,53|39,86|71,45|26,23|71,50|71,42|35,7|53,22|23,64|22,62|47,43/71,64=71,20,26,23,64
29,92|17,31|25,16|54,56|34,19|91,6|91,26|26,25|91,57|45,90|90,8|91,29|92,34|91,61|61,54|16,96|56,1|68,17|6,68|57,45/91,31=91,6,68,17,31
28,96|26,79|87,27|27,8|81,26|92,61|67,7|7,36|43,28|90,17|92,14|92,43|13,52|92,13|14,81|92,99|52,90|61,67|99,87|96,55/92,17=92,13,52,90,17
72,96|99,10|58,49|15,60|99,39|31,72|39,36|99,20|42,58|89,90|20,75|77,2|99,77|29,40|82,31|2,89|99,82|10,42|36,15|75,29/99,60=99,39,36,15,60
32,51|84,0|62,27|39,37|35,32|72,96|55,21|39,84|27,16|39,50|0,88|88,29|21,67|50,72|39,55|61,35|37,62|39,61|67,44|96,59/39,44=39,55,21,67,44
85,48|97,51|49,96|72,13|76,72|51,21|75,89|10,76|48,49|7,1|10,83|10,85|83,62|21,79|13,22|62,7|36,75|10,95|10,97|95,36/10,96=10,85,48,49,96
81,19|96,87|5,24|80,65|93,91|81,31|35,43|81,96|30,93|41,35|19,30|54,97|72,80|87,9|81,28|81,54|28,41|31,72|9,39|97,5/81,91=81,19,30,93,91
87,30|47,20|53,25|87,52|30,48|20,8|48,42|33,29|17,53|39,36|72,68|70,47|25,14|68,33|87,72|87,70|52,18|42,34|87,17|18,39/87,29=87,72,68,33,29
49,80|85,76|36,11|49,16|83,46|80,85|25,70|69,43|44,20|16,12|49,36|21,69|72,63|49,44|15,21|76,28|49,15|20,25|11,83|12,72/49,46=49,36,11,83,46
91,54|14,78|25,42|37,70|37,48|40,28|71,14|72,44|6,25|70,86|29,40|37,77|86,72|37,56|77,91|56,29|23,71|37,23|48,6|54,45/37,28=37,56,29,40,28
53,39|99,35|99,16|1,56|99,20|42,3|8,85|64,53|56,31|3,94|14,77|35,14|99,21|99,8|44,68|21,42|77,66|20,1|85,44|16,64/99,39=99,16,64,53,39
67,48|69,59|88,26|67,54|67,56|35,18|66,57|8,65|79,45|2,79|54,25|67,88|26,69|48,2|58,8|67,58|65,7|50,35|56,50|25,66/67,45=67,48,2,79,45
23,73|31,15|9,90|26,46|46,2|26,95|26,9|22,96|74,42|71,79|26,22|90,23|95,36|77,82|79,54|2,74|96,77|54,69|36,31|26,71/26,15=26,95,36,31,15
73,61|9,20|32,78|37,90|71,70|46,32|51,16|61,74|85,51|85,2|22,8|16,22|85,56|56,73|70,37|85,26|26,9|20,12|2,46|85,71/85,74=85,56,73,61,74
13,52|10,86|44,5|93,94|63,10|13,76|76,40|43,88|13,68|81,17|40,91|34,81|88,93|95,79|79,44|68,63|13,95|52,34|13,43|91,16/13,94=13,43,88,93,94
48,88|20,49|67,9|49,42|10,33|88,32|61,67|60,85|73,50|73,4|97,60|73,20|4,19|50,61|42,37|73,51|73,28|51,97|28,48|19,10/73,33=73,4,19,10,33
89,71|89,99|4,27|0,8|89,86|80,0|86,33|98,47|33,82|27,98|2,35|20,93|99,80|22,2|89,4|93,66|89,97|97,20|82,31|71,22/89,31=89,86,33,82,31
7,46|97,82|14,86|43,59|20,15|14,43|66,58|59,20|95,92|82,66|14,96|62,94|71,7|45,62|14,97|92,91|46,93|96,45|14,71|86,95/14,93=14,71,7,46,93
3,76|32,4|59,52|66,99|43,69|93,13|8,93|25,49|99,43|31,22|8,66|13,59|9,84|49,9|12,31|22,45|8,25|8,32|8,12|4,3/8,76=8,32,4,3,76
10,73|26,21|87,31|21,99|99,61|85,72|74,52|10,43|43,50|10,74|73,15|1,12|9,39|50,87|52,85|10,9|39,1|15,57|57,13|10,26/10,12=10,9,39,1,12
56,23|66,34|43,96|51,50|2,74|94,41|78,2|88,43|41,53|51,88|8,19|19,66|55,94|51,55|57,56|51,15|50,57|51,8|15,78|96,22/51,74=51,15,78,2,74
61,31|78,62|95,90|44,68|61,69|69,71|50,57|90,44|18,26|26,87|61,18|94,38|61,55|64,50|61,95|55,64|31,94|38,27|87,73|71,78/61,57=61,55,64,50,57
89,7|31,3|8,67|55,94|51,28|2,97|97,51|32,11|95,87|16,63|55,2|61,8|94,92|3,95|55,31|5,61|55,5|55,89|7,16|92,32/55,63=55,89,7,16,63
51,56|4,53|4,19|53,93|45,51|84,3|91,74|12,1|4,63|11,45|32,91|4,11|3,86|26,10|4,84|86,85|19,59|63,32|93,26|59,12/4,85=4,84,3,86,85
62,65|6,99|91,56|87,13|14,91|13,47|14,50|14,62|14,84|75,48|14,57|52,53|69,9|57,26|26,52|84,27|27,6|65,69|50,87|56,75/14,47=14,50,87,13,47
73,72|82,81|74,91|73,77|56,74|2,51|62,84|20,99|99,1|72,20|3,2|73,80|81,16|47,82|80,62|84,94|73,47|73,67|77,3|67,56/73,1=73,72,20,99,1
63,35|17,26|80,25|82,23|80,17|80,9|96,29|25,82|6,38|11,91|9,67|23,61|26,66|80,6|67,96|5,11|0,5|66,39|80,0|38,63/80,61=80,25,82,23,61
86,88|23,26|78,11|87,97|73,23|32,34|83,24|85,78|98,32|55,98|12,85|57,99|57,12|57,83|99,47|57,73|57,55|26,21|24,86|47,87/57,34=57,55,98,32,34
93,12|92,82|40,79|38,43|30,73|43,40|38,92|89,30|38,89|17,54|82,48|38,17|48,96|98,5|5,83|83,91|79,57|73,0|38,98|54,93/38,57=38,43,40,79,57
67,59|44,66|61,46|44,83|44,45|10,34|66,27|51,3|83,99|93,61|46,88|34,62|99,51|45,33|33,67|44,20|27,36|36,18|44,93|20,10/44,18=44,66,27,36,18
32,25|53,93|14,88|56,32|84,77|30,39|11,41|4,24|88,84|30,55|7,53|55,56|93,67|30,7|39,57|24,51|30,68|68,4|30,14|57,11/30,51=30,68,4,24,51
21,31|59,89|99,9|37,81|66,38|51,63|66,94|34,82|63,15|82,59|9,14|38,99|66,34|93,37|15,69|94,93|31,41|41,1|66,21|66,51/66,89=66,34,82,59,89
27,76|5,75|42,34|58,79|13,3|97,9|13,5|13,23|75,58|57,27|34,28|61,97|13,61|28,66|23,57|9,62|69,53|3,69|53,20|13,42/13,66=13,42,34,28,66
16,64|7,45|64,33|27,99|45,27|61,70|7,49|7,55|44,57|7,38|70,66|14,15|15,60|57,5|55,61|7,14|60,52|49,16|38,44|99,68/7,66=7,55,61,70,66
38,97|27,43|97,5|91,37|18,27|5,13|18,20|16,91|18,38|20,41|44,7|75,53|18,3|85,75|18,85|43,44|51,32|41,51|53,58|3,16/18,32=18,20,41,51,32
80,12|88,28|74,0|80,63|80,35|53,3|35,86|63,74|12,29|22,30|30,31|86,93|73,53|3,96|80,73|93,83|80,72|72,22|29,88|0,90/80,90=80,63,74,0,90
6,0|86,6|64,45|79,72|86,8|86,77|86,74|92,65|72,37|71,67|38,71|74,56|56,40|40,4|86,81|81,95|8,79|95,92|0,64|77,38/86,65=86,81,95,92,65
36,77|17,36|53,55|2,70|26,51|78,13|80,50|78,7|78,61|7,19|40,68|61,17|37,40|78,80|13,37|66,58|19,2|58,26|50,53|78,66/78,51=78,66,58,26,51
60,38|59,79|71,6|71,59|27,23|33,0|68,33|38,95|86,88|71,45|46,68|73,19|71,60|6,87|87,27|13,86|95,91|45,13|79,73|71,46/71,91=71,60,38,95,91
64,99|9,70|64,6|14,57|74,9|71,93|80,69|32,80|92,71|22,35|57,78|35,84|99,14|64,90|64,74|84,51|64,22|6,92|90,32|70,77/64,78=64,99,14,57,78
56,73|73,76|51,87|62,92|87,9|41,29|46,90|13,39|33,41|62,31|62,56|76,97|29,18|26,51|62,26|62,33|86,13|92,86|90,93|31,46/62,93=62,31,46,90,93
30,26|46,75|88,85|14,68|11,88|24,14|26,1|10,8|85,92|24,37|17,90|24,17|24,80|37,30|24,11|50,40|80,81|68,10|90,46|81,50/24,40=24,80,81,50,40
25,55|74,20|55,97|51,25|52,74|5,42|48,9|46,14|51,5|56,87|89,43|81,1|97,90|20,92|14,81|51,46|51,52|9,89|51,48|42,56/51,1=51,46,14,81,1
25,59|8,69|78,72|69,3|85,38|78,70|72,85|70,94|94,25|78,23|13,51|15,39|78,13|39,62|10,80|78,42|51,10|23,15|42,8|38,47/78,80=78,13,51,10,80
46,41|18,58|26,72|58,20|71,95|55,31|16,0|56,75|44,18|31,46|75,16|71,88|88,26|69,52|71,56|71,55|95,28|28,69|71,44|72,29/71,41=71,55,31,46,41
14,38|95,61|80,89|90,52|93,47|0,3|38,1|47,58|82,80|14,90|56,93|14,17|61,31|92,82|1,42|14,56|14,92|42,32|52,0|17,95/14,3=14,90,52,0,3
66,80|59,47|2,38|66,59|14,40|66,21|28,85|0,28|66,0|22,41|90,23|21,14|47,15|23,2|66,90|40,45|15,53|34,22|80,34|85,60/66,41=66,80,34,22,41
67,45|45,15|86,90|90,63|63,56|39,80|61,17|2,30|86,12|17,64|86,39|13,10|86,67|12,33|33,2|56,92|87,61|86,87|80,13|15,76/86,64=86,87,61,17,64
50,59|93,81|80,44|81,13|13,94|85,7|93,83|49,20|19,78|93,19|26,85|93,3|93,26|48,80|94,67|78,49|7,64|83,48|24,50|3,24/93,59=93,3,24,50,59
15,59|40,50|58,40|69,45|57,79|31,66|31,15|45,7|44,65|60,57|7,38|66,20|31,58|34,60|31,69|50,4|31,34|20,44|13,82|59,13/31,82=31,15,59,13,82
93,43|7,28|88,62|56,60|93,12|43,54|12,37|54,7|62,64|93,99|39,85|93,88|5,46|93,1|64,19|60,17|85,50|1,56|99,39|37,5/93,46=93,12,37,5,46
89,70|72,47|48,34|64,5|70,40|89,1|52,7|5,8|2,76|1,72|89,94|94,64|33,41|34,90|90,16|41,2|89,33|47,92|89,48|40,52/89,8=89,94,64,5,8
79,31|26,32|59,11|12,50|88,70|59,46|31,25|97,88|51,12|10,7|70,13|32,67|67,65|39,79|46,51|76,10|11,76|59,26|59,97|59,39/59,7=59,11,76,10,7
63,10|31,48|19,25|32,31|32,17|48,71|47,69|98,40|32,37|32,49|71,87|17,44|37,89|25,63|83,98|52,21|49,83|44,47|89,52|32,19/32,87=32,31,48,71,87
38,92|75,41|94,13|50,89|60,75|33,44|76,19|31,33|41,76|60,32|13,39|60,7|26,38|89,16|42,50|32,26|61,31|7,94|60,42|60,61/60,39=60,7,94,13,39
76,92|76,59|20,54|76,39|28,11|76,34|54,81|65,16|92,18|39,23|34,20|16,82|80,84|59,65|84,90|76,80|90,45|23,28|12,29|18,12/76,45=76,80,84,90,45
71,25|81,39|87,69|6,37|59,75|25,59|39,56|71,6|80,35|69,61|75,9|71,15|71,80|37,43|15,81|61,93|43,66|35,18|71,87|18,45/71,45=71,80,35,18,45
21,33|17,80|56,54|41,8|56,14|54,35|35,57|86,41|93,31|40,10|63,68|14,86|98,32|80,93|57,65|33,98|56,21|56,17|68,40|56,63/56,32=56,21,33,98,32
87,67|78,26|48,78|81,70|87,10|87,47|70,76|96,94|87,4|89,59|47,81|10,6|6,89|65,86|86,96|87,65|1,36|67,1|4,48|36,34/87,26=87,4,48,78,26
54,71|81,48|65,44|29,77|81,65|51,42|71,53|24,69|53,56|81,54|0,4|77,63|81,24|81,29|67,51|69,3|63,80|3,14|48,67|44,0/81,56=81,54,71,53,56
64,9|80,86|3,17|72,25|35,0|9,41|25,33|70,72|94,80|46,58|18,31|64,70|41,18|26,35|64,94|86,51|64,48|48,26|17,46|64,3/64,31=64,9,41,18,31
78,69|97,56|40,10|44,40|31,44|56,95|30,82|57,26|26,80|97,59|95,84|97,31|59,30|60,57|97,87|69,61|82,7|84,47|87,78|97,60/97,7=97,59,30,82,7
92,11|77,93|79,26|79,59|56,13|46,74|11,35|26,3|79,49|3,77|72,45|49,72|59,46|36,56|79,92|35,50|45,58|79,36|74,25|13,32/79,32=79,36,56,13,32
89,28|2,89|37,64|23,2|3,17|23,31|23,76|96,37|56,30|23,19|19,96|28,34|23,9|21,72|88,3|31,62|62,21|14,56|9,88|76,14/23,34=23,2,89,28,34
13,61|49,13|59,81|12,98|59,39|98,20|39,65|59,12|70,50|20,27|59,70|81,38|59,49|61,29|18,5|50,14|38,18|14,24|51,34|65,51/59,29=59,49,13,61,29
56,77|93,7|1,93|75,16|56,81|38,39|56,3|48,38|77,65|16,57|56,9|9,24|81,48|76,97|99,75|56,99|24,76|65,61|61,70|3,1/56,57=56,99,75,16,57
32,67|29,51|97,12|29,25|40,93|71,40|93,11|49,8|29,32|82,47|8,30|29,71|67,82|75,60|30,37|52,97|25,52|29,49|21,75|51,21/29,37=29,49,8,30,37
94,68|70,39|24,52|24,63|75,94|29,87|1,92|49,1|81,34|24,0|52,47|24,81|60,58|24,6|12,70|0,12|6,49|63,75|47,60|34,29/24,92=24,6,49,1,92
18,78|97,63|97,77|69,75|58,2|75,58|63,61|44,30|97,18|97,44|30,47|78,73|73,34|77,50|61,93|93,6|47,40|50,48|48,1|97,69/97,6=97,63,61,93,6
39,12|61,33|4,0|12,64|68,28|4,55|74,86|0,61|37,68|52,27|4,52|33,10|85,78|49,74|69,37|4,60|27,85|60,49|55,39|4,69/4,64=4,55,39,12,64
30,38|98,5|9,44|73,81|21,30|24,71|26,68|38,42|5,60|40,98|44,58|68,90|37,94|37,21|37,73|37,26|81,24|90,62|37,40|94,9/37,58=37,94,9,44,58
48,16|88,25|24,29|86,44|26,43|71,18|73,93|86,71|55,12|77,9|18,39|9,73|49,55|39,1|16,24|43,88|86,77|44,49|86,48|86,26/86,12=86,44,49,55,12
13,29|67,35|71,33|71,60|2,55|5,78|0,17|91,98|60,67|1,6|58,62|71,2|78,13|71,5|33,1|71,0|6,11|55,91|17,58|35,38/71,11=71,33,1,6,11
67,95|69,28|1,42|51,21|42,29|53,69|94,61|16,56|19,16|30,98|1,94|74,48|1,51|29,67|1,53|56,81|21,30|28,24|61,74|1,19/1,98=1,51,21,30,98
61,11|73,58|55,51|11,95|29,55|87,0|70,54|9,34|59,29|49,9|87,49|0,61|58,68|87,59|34,47|54,83|87,70|4,73|83,60|87,4/87,47=87,49,9,34,47
91,3|55,32|60,24|89,58|77,35|89,5|89,12|5,7|85,63|58,53|53,55|94,93|24,2|76,85|7,77|89,76|3,94|63,72|12,60|89,91/89,93=89,91,3,94,93
12,33|33,94|26,2|31,50|60,93|49,95|2,1|21,54|67,26|29,38|12,14|12,67|81,31|94,60|12,49|12,25|14,81|25,21|54,72|95,29/12,72=12,25,21,54,72
74,53|6,74|35,82|82,70|14,71|83,67|35,6|35,5|53,63|8,83|70,14|62,44|5,8|59,30|32,68|35,16|68,57|35,59|16,32|30,62/35,44=35,59,30,62,44
24,41|43,64|24,92|8,59|24,28|41,30|24,52|19,50|38,19|93,43|59,4|47,1|52,93|28,22|30,15|92,38|15,6|22,47|51,8|24,51/24,50=24,92,38,19,50
28,37|72,46|89,28|73,40|40,32|66,72|37,42|66,89|78,44|66,95|75,92|66,73|96,88|32,49|46,96|71,75|95,85|85,78|92,14|66,71/66,49=66,73,40,32,49
2,91|15,59|56,63|23,40|15,12|40,8|15,2|15,32|73,68|82,41|87,52|52,73|57,88|84,82|59,23|32,56|91,57|12,84|15,87|63,33/15,8=15,59,23,40,8
46,85|5,99|12,39|4,44|33,56|97,87|85,5|0,97|46,94|18,62|87,57|46,26|62,36|56,12|98,4|46,33|99,49|94,18|46,0|26,98/46,39=46,33,56,12,39
56,73|73,29|41,13|62,92|13,9|46,76|51,90|87,97|33,46|62,26|62,56|29,18|76,39|31,41|62,31|62,33|86,87|92,86|90,93|26,51/62,93=62,26,51,90,93
19,76|19,3|88,60|29,75|3,36|19,53|13,66|19,24|76,2|66,16|85,29|59,25|2,46|36,88|77,85|19,77|46,41|53,13|33,59|24,33/19,60=19,3,36,88,60
69,97|40,11|36,39|14,83|14,40|83,36|33,35|91,18|14,91|16,1|76,33|35,17|39,64|1,69|38,22|11,9|14,76|9,4|18,38|14,16/14,4=14,40,11,9,4
59,58|95,94|71,19|89,13|5,75|27,5|95,30|13,35|76,59|32,86|86,25|95,74|35,47|94,46|95,89|46,71|95,76|74,32|58,41|30,27/95,25=95,74,32,86,25
17,57|64,23|64,48|90,52|62,90|41,36|48,62|15,96|96,86|64,41|64,42|19,15|72,3|38,63|57,51|3,53|23,72|36,38|64,19|42,17/64,63=64,41,36,38,63
86,3|59,4|19,97|86,57|41,45|26,80|86,41|16,19|52,14|45,26|86,75|61,59|54,63|63,74|91,52|86,55|3,61|75,16|57,54|55,91/86,97=86,75,16,19,97
98,27|16,55|16,99|55,82|3,85|20,45|16,83|70,23|48,98|74,20|83,75|0,44|22,3|16,11|99,22|82,0|16,48|75,70|27,9|11,74/16,23=16,83,75,70,23
89,54|51,35|9,55|35,78|49,39|27,9|38,27|51,89|86,74|36,3|74,0|0,52|51,38|85,26|51,86|78,61|61,31|39,36|51,49|54,85/51,55=51,38,27,9,55
35,16|11,66|64,92|35,98|62,20|52,3|66,26|92,80|58,22|35,62|80,94|35,9|16,89|9,52|77,79|3,74|35,64|20,77|89,58|98,11/35,79=35,62,20,77,79
96,28|31,96|37,30|23,31|21,17|23,76|23,19|89,37|3,64|23,9|9,89|28,34|23,2|56,72|14,21|76,88|88,56|62,3|2,14|19,62/23,34=23,31,96,28,34
5,86|30,19|13,18|86,35|83,5|11,8|67,36|13,11|21,32|13,97|22,59|70,63|63,30|18,21|13,83|32,92|97,22|13,70|8,67|59,78/13,19=13,70,63,30,19
94,9|65,17|5,87|17,34|32,74|34,2|75,55|36,94|92,72|87,52|5,65|5,89|5,32|74,31|48,19|52,75|19,92|31,82|89,36|5,48/5,55=5,87,52,75,55
42,46|89,67|57,1|99,85|67,99|65,48|44,53|53,49|26,19|1,69|75,55|48,26|44,65|49,42|44,61|44,72|72,57|55,95|61,75|44,89/44,95=44,61,75,55,95
2,68|92,70|32,77|37,75|97,18|75,91|53,37|76,92|70,39|39,29|76,6|26,97|60,55|76,53|6,3|3,2|76,84|55,32|76,60|84,26/76,77=76,60,55,32,77
24,71|24,46|71,9|31,36|20,81|97,22|36,83|8,61|61,14|70,13|24,8|24,5|17,70|33,96|5,31|96,20|14,60|9,97|24,33|46,17/24,22=24,71,9,97,22
54,92|67,29|75,79|74,75|74,72|74,96|72,24|74,38|30,91|29,86|24,98|98,93|86,11|74,67|32,52|79,54|16,30|96,32|38,16|52,15/74,93=74,72,24,98,93
41,22|10,47|52,97|76,58|76,56|76,10|69,33|97,9|76,69|70,52|89,41|21,74|56,40|39,16|83,13|40,21|58,89|33,39|47,83|76,70/76,16=76,69,33,39,16
89,78|89,38|89,8|73,16|38,20|78,52|35,72|60,28|72,88|27,35|84,48|89,84|89,27|70,22|8,70|48,60|20,67|67,17|22,44|52,73/89,88=89,27,35,72,88
26,87|84,81|84,45|84,46|95,39|46,1|84,26|71,82|40,8|94,72|21,27|45,40|8,67|81,4|1,71|4,32|87,95|84,21|27,94|32,97/84,82=84,46,1,71,82
73,82|82,64|83,70|42,74|42,63|75,65|42,62|70,58|10,14|66,75|93,66|62,73|74,28|52,5|42,10|14,52|42,93|41,24|28,41|63,83/42,58=42,63,83,70,58
16,25|90,18|31,74|90,52|90,44|75,48|20,60|77,83|76,92|30,16|83,29|90,31|18,76|90,20|74,68|60,75|68,4|92,22|44,77|52,30/90,22=90,18,76,92,22
6,45|14,93|65,74|42,65|93,82|85,36|17,75|18,85|18,88|18,43|39,34|62,96|45,39|18,6|36,62|75,29|44,14|18,44|43,17|88,42/18,96=18,85,36,62,96
20,73|73,30|5,78|96,68|60,20|17,82|25,93|3,24|60,25|60,16|30,18|60,5|24,17|60,3|16,74|42,34|78,42|93,96|74,88|88,49/60,68=60,25,93,96,68
44,45|68,7|71,86|71,31|77,26|93,6|71,65|71,49|26,93|31,19|88,10|39,68|49,39|36,11|0,44|86,0|10,72|19,36|65,88|71,77/71,72=71,65,88,10,72
72,59|12,53|83,88|53,52|0,32|86,54|0,20|0,12|52,71|0,21|11,58|77,89|0,77|89,11|59,92|32,8|20,83|8,86|88,90|21,72/0,58=0,77,89,11,58
58,57|59,29|99,10|22,72|10,68|99,59|99,22|68,88|75,82|60,81|47,67|12,15|82,12|67,58|88,37|29,60|99,75|45,14|72,45|99,47/99,37=99,10,68,88,37
47,90|6,84|52,28|34,52|9,81|42,0|84,60|9,44|32,42|0,53|9,83|65,41|44,34|81,47|9,6|60,69|90,70|9,32|36,65|83,36/9,70=9,81,47,90,70
37,17|59,66|68,26|23,33|48,12|75,8|32,75|66,79|71,72|21,59|8,31|71,32|71,48|33,37|12,68|95,2|71,23|2,1|72,95|71,21/71,31=71,32,75,8,31
91,36|80,81|81,37|89,93|27,28|91,73|40,5|91,49|25,22|22,11|91,63|12,70|58,40|28,12|91,27|73,25|88,89|63,88|49,80|36,58/91,70=91,27,28,12,70
47,15|0,92|94,79|32,19|74,43|43,94|52,76|47,0|56,21|47,17|76,24|24,7|17,32|19,16|92,5|47,74|47,52|21,46|5,67|15,56/47,79=47,74,43,94,79
25,38|73,69|98,6|6,59|73,25|73,56|20,62|56,32|93,76|69,61|38,20|10,80|94,71|54,98|61,93|35,10|73,90|73,54|90,35|32,94/73,76=73,69,61,93,76
61,82|19,39|26,83|26,44|59,1|83,19|26,61|39,94|82,7|65,11|7,18|26,33|72,38|44,72|10,59|26,10|1,62|11,85|33,65|38,75/26,94=26,83,19,39,94
39,13|34,36|35,0|85,78|87,16|67,35|41,67|78,15|16,85|72,50|50,79|27,39|87,74|74,72|36,69|31,27|87,41|69,52|87,31|87,34/87,79=87,74,72,50,79
12,42|86,59|80,4|88,52|95,88|61,46|52,66|76,2|76,95|76,61|76,84|84,12|4,9|46,78|42,77|76,57|2,60|78,20|60,86|57,80/76,20=76,61,46,78,20
92,89|51,71|69,97|89,76|69,81|71,53|81,9|96,5|97,61|76,98|69,51|56,40|69,92|43,65|61,96|9,56|65,49|49,42|53,14|69,43/69,5=69,97,61,96,5
86,58|93,35|99,54|69,72|91,18|58,99|19,70|14,69|16,14|96,95|35,51|41,86|41,63|41,19|70,96|41,16|18,17|41,93|63,91|51,57/41,95=41,19,70,96,95
74,73|26,34|86,9|38,50|26,94|83,77|51,0|99,33|3,38|94,3|26,86|71,76|0,99|9,83|26,71|34,74|73,44|26,51|76,11|11,49/26,44=26,34,74,73,44
17,47|57,38|80,86|30,80|30,10|30,46|46,0|4,77|30,31|38,99|98,4|31,37|37,17|0,89|30,3|33,81|3,57|86,33|89,63|10,98/30,63=30,46,0,89,63
49,17|27,49|56,87|27,94|80,31|17,65|89,72|65,83|92,48|72,15|15,40|27,89|87,92|27,56|81,18|35,81|27,62|62,35|31,82|94,80/27,82=27,94,80,31,82
65,57|91,10|70,50|64,70|91,37|28,18|74,47|18,95|87,43|47,60|91,28|10,64|60,23|95,82|91,65|43,86|57,97|97,73|91,74|37,87/91,86=91,37,87,43,86
16,45|45,94|76,1|34,25|88,39|88,61|37,16|4,87|46,34|71,35|61,93|70,21|17,46|88,17|93,70|88,37|39,71|88,76|35,73|1,4/88,73=88,39,71,35,73
96,59|68,73|43,23|43,44|37,66|54,96|81,19|90,65|43,98|7,48|19,68|48,90|43,7|25,34|66,91|44,54|23,25|98,37|34,72|43,81/43,72=43,23,25,34,72
80,31|60,49|19,98|93,58|46,2|46,53|51,6|49,52|46,13|13,60|53,64|46,80|18,83|31,18|2,93|6,15|45,51|64,19|46,45|58,92/46,15=46,45,51,6,15
0,85|0,33|92,87|63,50|50,62|72,13|0,63|0,92|13,37|89,21|62,41|85,75|87,58|51,18|21,82|75,51|58,95|71,72|33,89|0,71/0,18=0,85,75,51,18
57,54|97,37|57,94|44,84|75,97|17,73|37,4|73,12|16,77|54,44|77,18|94,39|84,2|57,16|5,45|18,38|57,75|39,5|57,17|12,87/57,2=57,54,44,84,2
32,30|17,18|93,5|36,51|36,46|41,59|85,93|33,32|46,85|3,82|36,49|51,33|36,87|60,41|86,17|49,60|82,44|36,71|87,86|71,3/36,59=36,49,60,41,59
43,49|53,67|96,15|67,43|18,13|22,60|57,75|57,18|20,25|75,73|6,68|55,96|68,20|3,55|57,53|73,63|13,22|57,3|57,6|63,11/57,11=57,75,73,63,11
83,94|18,58|83,35|44,30|46,74|83,63|35,65|81,14|65,31|74,81|45,44|33,8|83,46|94,45|37,18|63,33|83,37|58,21|31,43|8,75/83,30=83,94,45,44,30
81,50|67,77|5,21|20,76|10,1|19,45|45,52|1,83|21,3|85,8|10,35|29,90|50,29|27,5|10,67|10,81|35,19|77,20|83,85|10,27/10,76=10,67,77,20,76
52,71|43,3|71,42|41,27|90,52|8,18|44,8|12,1|7,44|65,70|27,43|7,57|18,2|7,90|7,41|57,56|7,12|23,75|1,23|56,65/7,42=7,90,52,71,42
83,50|30,94|27,41|90,33|69,30|2,83|42,2|33,88|71,49|80,42|38,26|41,71|26,36|43,69|80,43|80,38|88,73|36,98|80,27|80,90/80,49=80,27,41,71,49
13,55|29,61|29,70|94,25|98,21|29,82|25,27|60,47|61,60|84,99|29,18|18,78|82,52|70,98|47,6|21,74|29,94|78,84|27,54|52,13/29,99=29,18,78,84,99
65,70|57,76|25,79|68,3|33,57|51,31|68,85|68,44|35,16|68,2|3,37|85,33|68,64|2,67|31,46|58,65|37,35|64,51|44,58|67,25/68,16=68,3,37,35,16
14,46|59,91|5,60|36,15|29,5|79,73|63,43|72,29|79,42|79,72|73,59|79,88|91,67|88,45|90,21|79,14|78,63|45,36|46,90|42,78/79,15=79,88,45,36,15
60,96|45,85|40,66|66,56|43,71|95,81|94,60|85,95|45,94|20,43|96,4|84,50|53,17|81,21|45,53|17,84|71,42|45,67|45,20|67,40/45,21=45,85,95,81,21
16,23|23,42|10,99|90,10|16,6|16,2|88,27|48,24|71,44|6,77|0,57|77,88|16,48|44,28|16,71|28,95|24,7|7,73|42,0|2,90/16,99=16,2,90,10,99
81,12|65,78|52,46|34,89|68,36|86,98|98,23|84,52|97,31|89,61|31,93|19,97|34,19|34,86|46,99|23,35|78,68|61,81|34,65|34,84/34,35=34,86,98,23,35
80,12|3,31|22,0|80,73|80,35|74,88|35,86|73,22|12,29|53,93|93,83|86,30|63,74|88,96|80,63|30,28|80,72|72,53|29,3|0,90/80,90=80,73,22,0,90
72,9|17,96|92,7|35,17|72,88|88,58|42,12|72,20|70,25|72,45|43,94|20,35|72,69|69,10|10,43|25,83|45,79|79,42|58,92|9,70/72,12=72,45,79,42,12
4,60|4,8|30,98|66,23|32,3|68,30|29,13|4,66|60,31|23,67|84,88|14,45|8,68|46,43|67,58|88,32|4,46|31,14|4,84|43,29/4,45=4,60,31,14,45
2,32|1,88|87,18|32,54|2,70|2,87|60,9|82,23|54,82|90,0|18,99|2,76|88,66|9,25|98,15|2,98|15,90|70,60|99,65|76,1/2,25=2,70,60,9,25
76,72|24,8|57,0|79,10|62,79|1,90|62,27|10,24|27,57|21,18|71,41|41,38|62,76|74,71|50,30|62,74|72,1|18,50|0,56|62,21/62,30=62,21,18,50,30
48,13|38,31|60,3|12,73|13,20|31,36|48,72|72,52|74,96|48,65|70,67|52,28|20,74|73,19|48,70|65,12|36,23|28,54|48,38|67,60/48,23=48,38,31,36,23
27,57|7,62|27,1|62,51|38,96|99,0|0,23|27,65|2,60|29,78|1,7|57,99|27,35|96,55|35,80|41,2|60,17|80,29|65,38|27,41/27,55=27,65,38,96,55
58,32|55,83|55,2|47,5|55,81|40,64|55,26|81,47|53,72|85,61|26,40|32,53|10,27|55,58|64,34|83,29|29,85|2,10|27,67|5,56/55,72=55,58,32,53,72
84,80|10,26|5,71|3,89|2,52|2,5|2,46|80,10|2,58|2,84|93,99|46,44|69,59|58,3|52,22|89,8|22,69|44,93|71,66|66,12/2,26=2,84,80,10,26
12,70|30,37|6,93|8,12|75,77|8,5|88,40|1,33|37,75|33,96|8,88|55,24|87,56|70,87|34,55|98,1|8,30|8,98|40,6|5,34/8,96=8,98,1,33,96
49,93|60,71|99,62|7,37|75,38|45,60|85,47|93,3|75,10|62,39|69,7|75,49|10,69|38,99|75,45|3,33|71,12|41,59|59,85|75,41/75,39=75,38,99,62,39
20,69|5,16|20,37|67,51|37,80|20,96|82,6|15,89|33,26|16,39|31,58|6,31|96,40|20,99|99,5|69,18|80,33|40,15|20,82|18,67/20,39=20,99,5,16,39
33,99|96,59|22,34|54,33|6,35|92,4|54,49|64,6|32,11|35,52|54,96|99,22|68,8|4,46|49,68|54,29|54,64|29,92|8,87|59,32/54,87=54,49,68,8,87
47,68|2,11|83,65|59,34|78,72|2,78|18,71|85,1|80,41|95,99|71,80|11,76|2,47|72,46|34,85|2,59|76,83|68,95|46,12|2,18/2,1=2,59,34,85,1
85,52|10,65|58,64|64,77|77,38|78,96|28,79|90,67|40,78|58,10|58,25|58,90|65,28|58,4|52,34|25,40|63,61|67,63|38,72|4,85/58,61=58,90,67,63,61
48,33|85,17|23,12|33,80|85,74|69,73|45,67|63,36|10,79|74,93|17,48|93,23|67,69|79,9|85,45|85,46|85,63|61,39|46,10|36,61/85,9=85,46,10,79,9
0,21|33,65|18,28|20,67|73,98|21,76|0,19|0,18|57,27|19,57|0,43|46,5|76,84|84,72|61,20|27,9|28,33|43,61|0,46|5,73/0,72=0,21,76,84,72
28,97|96,17|70,98|30,32|96,28|17,71|96,43|47,67|67,80|96,81|81,99|97,79|79,52|43,70|99,30|96,47|80,50|71,37|98,40|37,66/96,66=96,17,71,37,66
45,47|16,97|16,14|16,2|57,59|71,24|14,71|7,91|69,40|20,33|21,7|16,20|54,57|24,72|2,21|89,69|40,76|16,89|97,54|33,45/16,91=16,2,21,7,91
37,30|67,93|67,4|1,94|92,17|93,22|16,9|4,37|67,16|30,66|67,62|22,8|62,1|23,97|8,47|94,69|67,92|9,73|73,63|17,23/67,66=67,4,37,30,66
60,83|25,84|60,89|36,14|87,2|84,87|14,15|91,58|60,68|55,0|72,40|89,56|56,7|83,36|60,25|60,91|0,69|7,93|68,55|58,72/60,40=60,91,58,72,40
83,23|21,97|14,13|7,35|13,83|20,82|96,45|7,14|41,43|7,85|45,24|11,58|85,65|35,89|65,11|7,75|75,96|89,41|7,20|82,21/7,24=7,75,96,45,24
27,75|95,13|52,6|94,57|75,58|27,95|27,14|96,74|27,16|27,52|74,7|6,99|99,37|86,8|13,94|14,73|35,64|58,35|16,96|73,86/27,64=27,75,58,35,64
27,74|79,6|25,43|49,89|67,86|25,30|23,7|11,49|53,79|25,23|25,21|28,94|21,67|94,18|98,11|7,27|43,28|86,88|30,53|25,98/25,74=25,23,7,27,74
36,48|15,14|8,24|40,82|15,29|5,58|29,27|87,11|14,69|15,36|69,40|24,91|27,51|15,43|43,8|60,87|11,57|51,92|48,5|15,60/15,82=15,14,69,40,82
99,76|59,61|76,40|99,66|50,0|66,91|7,25|83,43|47,11|99,42|18,83|99,27|40,88|88,1|27,59|0,47|91,7|42,18|61,30|99,50/99,43=99,42,18,83,43
78,90|88,77|21,0|53,54|57,86|77,82|86,56|51,78|63,46|0,55|95,88|46,22|22,44|90,53|51,19|51,63|51,95|19,57|55,92|51,21/51,92=51,21,0,55,92
46,37|52,19|79,97|31,52|5,32|46,1|46,31|46,71|37,50|9,68|50,9|84,79|46,84|59,85|19,74|1,5|32,41|85,28|97,72|71,59/46,41=46,1,5,32,41
32,78|1,20|48,62|41,86|93,48|99,93|58,47|86,53|4,22|4,99|4,58|4,50|74,16|20,96|50,41|4,7|47,32|22,1|7,74|16,95/4,95=4,7,74,16,95
24,52|28,69|97,28|52,1|54,26|90,38|96,54|97,96|6,72|69,6|93,59|83,24|59,3|97,93|70,31|3,11|97,90|97,83|38,70|26,88/97,88=97,96,54,26,88
3,75|3,79|29,39|96,5|79,16|62,46|33,62|3,33|3,41|16,68|75,9|41,43|43,1|39,48|1,7|68,90|46,74|3,29|9,96|48,19/3,7=3,41,43,1,7
67,21|1,28|91,26|47,45|1,60|71,62|28,95|1,69|69,91|21,30|30,29|45,71|75,16|60,86|1,47|1,67|95,11|11,96|26,6|86,75/1,96=1,28,95,11,96
68,85|26,92|90,46|11,30|80,90|24,11|85,1|10,8|46,75|24,37|14,81|24,14|24,17|37,68|24,80|50,40|17,88|30,10|81,26|88,50/24,40=24,17,88,50,40
13,96|16,25|75,16|35,90|90,4|38,83|7,81|4,85|81,55|9,94|52,38|9,37|29,52|9,7|94,75|37,13|96,17|9,29|9,35|55,2/9,25=9,94,75,16,25
60,15|56,54|8,34|43,11|69,67|54,60|34,88|42,55|31,86|2,43|11,71|8,2|88,31|8,27|8,69|53,79|67,53|27,42|8,56|55,36/8,79=8,69,67,53,79
57,13|66,22|16,12|33,76|56,47|33,16|86,83|21,58|95,86|22,29|33,92|39,56|33,71|53,4|71,39|58,53|92,66|33,21|12,57|76,95/33,47=33,71,39,56,47
65,50|3,96|24,92|67,99|65,74|65,3|74,30|65,41|65,25|96,84|25,24|76,9|19,46|84,53|92,98|41,72|72,19|80,67|30,76|50,80/65,53=65,3,96,84,53
58,25|68,28|50,13|18,39|64,0|70,81|6,2|2,52|39,6|88,30|18,50|79,63|18,14|13,58|63,37|18,70|14,79|0,68|81,88|18,64/18,37=18,14,79,63,37
65,38|40,50|64,36|40,82|50,65|37,19|93,24|36,2|96,5|82,58|40,93|24,96|58,56|59,64|40,34|38,89|34,37|56,14|19,21|40,59/40,5=40,93,24,96,5
66,74|11,31|24,56|87,49|66,80|66,87|32,68|66,43|43,28|36,47|66,6|28,3|6,58|58,24|80,36|10,11|47,7|74,10|49,32|3,27/66,56=66,6,58,24,56
45,44|9,29|72,96|9,59|9,15|59,73|25,54|29,87|81,1|73,20|87,25|9,99|89,81|66,72|1,12|44,41|9,89|20,67|99,45|15,66/9,67=9,59,73,20,67
2,7|84,57|75,36|85,11|85,13|22,84|85,79|7,91|87,82|13,81|58,97|82,75|80,26|79,22|91,49|85,2|85,87|81,80|9,58|11,9/85,97=85,11,9,58,97
11,97|73,92|82,57|42,56|54,84|10,41|9,96|73,4|73,42|73,10|43,1|92,54|45,85|73,9|38,11|4,38|84,51|96,45|41,82|56,43/73,85=73,9,96,45,85
41,75|16,18|34,69|18,13|11,51|61,11|78,80|13,64|62,37|37,34|87,25|41,12|25,30|41,16|41,62|75,61|73,4|80,73|12,87|41,78/41,30=41,12,87,25,30
41,68|59,31|82,54|77,71|79,24|8,82|77,60|31,57|77,35|60,45|35,41|57,0|45,62|71,96|62,80|77,34|34,8|96,79|77,59|68,6/77,24=77,71,96,79,24
12,52|95,26|15,2|77,38|95,84|95,12|40,19|86,78|95,28|16,76|78,4|26,15|79,46|84,86|52,16|19,69|38,79|95,77|2,30|28,40/95,46=95,77,38,79,46
68,78|74,19|22,99|96,95|23,74|94,40|63,42|95,94|99,33|85,29|93,47|33,51|23,22|47,41|23,85|23,96|29,68|13,93|19,63|23,13/23,41=23,13,93,47,41
65,31|31,19|30,16|54,18|19,36|97,94|55,26|18,73|52,54|26,28|55,65|55,56|55,45|55,52|43,40|56,97|16,14|45,30|28,43|94,75/55,73=55,52,54,18,73
75,34|75,66|70,61|24,30|30,46|22,24|54,77|89,47|47,39|53,55|75,76|67,89|77,12|75,67|31,70|34,54|76,40|75,22|40,53|66,31/75,46=75,22,24,30,46
26,90|68,3|63,2|2,57|26,86|3,87|88,66|42,49|0,72|49,95|26,23|23,63|86,68|66,51|90,69|81,88|69,0|95,75|26,42|26,81/26,72=26,90,69,0,72
81,51|57,92|51,69|71,44|72,88|40,71|92,48|69,94|57,98|25,77|54,56|57,10|48,54|77,31|88,67|67,83|57,72|57,81|98,40|10,25/57,94=57,81,51,69,94
85,72|71,26|33,71|85,11|75,16|0,35|70,32|11,94|49,70|16,28|23,17|77,33|94,23|85,66|95,8|85,95|66,75|72,49|8,0|85,77/85,26=85,77,33,71,26
69,57|25,14|5,63|41,78|78,69|34,32|47,55|21,19|57,85|32,8|41,21|41,86|41,34|8,83|19,47|86,5|44,24|41,44|63,65|24,25/41,14=41,44,24,25,14
4,76|6,92|37,49|35,77|35,6|54,98|92,15|46,17|35,4|17,84|35,45|77,64|96,0|64,10|15,26|10,97|49,54|35,37|76,96|45,46/35,98=35,37,49,54,98
73,32|43,81|43,73|34,49|58,72|81,18|43,37|3,65|70,74|20,58|98,13|18,3|92,28|37,92|32,98|43,76|74,34|28,6|76,20|43,70/43,65=43,81,18,3,65
49,44|21,76|16,20|49,80|83,46|44,21|72,63|25,43|36,12|80,11|49,16|85,25|69,70|49,36|15,85|76,28|49,15|12,72|20,83|11,69/49,46=49,16,20,83,46
77,71|98,43|14,73|11,12|13,1|71,59|56,21|59,52|56,13|90,49|43,32|1,38|56,80|21,98|38,55|56,14|56,77|12,17|80,11|73,90/56,17=56,80,11,12,17
12,93|48,64|97,71|51,10|71,89|97,13|93,86|36,31|20,11|10,34|5,12|13,36|64,88|88,69|97,51|97,5|31,29|34,75|97,48|89,20/97,29=97,13,36,31,29
60,91|60,53|51,15|53,12|30,41|26,64|60,51|12,77|60,30|77,67|61,89|60,61|11,31|85,35|91,85|41,26|35,84|89,72|15,11|72,47/60,67=60,53,12,77,67
26,94|42,76|63,99|58,4|64,91|64,20|64,30|30,36|11,23|64,26|91,63|20,11|64,52|52,83|99,2|55,7|83,55|23,77|36,42|94,58/64,4=64,26,94,58,4
48,10|79,42|23,12|61,23|74,6|6,27|46,36|27,55|86,79|46,86|46,57|68,88|81,48|46,74|36,61|46,30|30,81|42,1|97,68|57,97/46,1=46,86,79,42,1
63,9|9,74|63,83|63,7|3,93|60,68|7,3|34,20|94,54|93,72|47,94|63,47|92,65|20,28|65,60|54,11|63,92|74,14|83,34|14,26/63,26=63,9,74,14,26
92,82|35,60|71,73|11,94|34,81|94,17|78,42|81,26|73,88|88,65|44,61|29,50|61,92|35,44|60,11|26,40|42,29|35,78|35,34|35,71/35,65=35,71,73,88,65
68,46|16,1|39,18|75,3|86,5|7,56|73,7|85,16|98,81|32,51|5,68|81,21|98,22|98,85|98,39|1,66|98,86|21,75|18,32|22,73/98,46=98,86,5,68,46
49,17|23,69|73,48|67,98|69,22|56,14|23,67|23,38|17,19|32,35|48,75|15,73|89,24|22,56|98,84|84,94|24,32|38,49|23,15|23,89/23,75=23,15,73,48,75
6,35|42,65|64,21|20,67|70,89|27,91|69,63|97,98|15,64|65,23|42,15|35,43|42,6|67,27|43,26|42,70|42,20|89,69|21,32|23,97/42,98=42,65,23,97,98
92,67|75,50|75,31|96,43|19,83|75,46|31,19|83,10|46,74|73,92|50,96|13,47|43,41|69,51|47,69|74,85|85,6|75,13|75,18|18,73/75,6=75,46,74,85,6
7,11|92,61|13,18|71,12|12,29|13,92|61,41|0,46|87,51|11,75|46,50|13,71|13,94|94,27|29,30|27,87|18,0|13,7|41,21|75,68/13,51=13,94,27,87,51
29,71|43,29|43,15|8,19|67,92|71,21|73,42|43,67|76,10|92,64|95,46|21,11|10,18|15,76|64,3|43,73|19,95|43,8|42,20|20,14/43,14=43,73,42,20,14
0,30|94,88|47,62|96,10|21,49|55,68|46,18|80,96|21,26|21,46|34,93|21,94|49,0|26,80|88,47|30,56|21,6|61,55|18,34|6,61/21,62=21,94,88,47,62
30,27|84,73|43,51|13,37|91,23|91,13|91,30|91,43|51,6|23,28|60,24|73,58|6,87|88,93|27,60|58,20|91,84|85,81|28,85|37,88/91,24=91,30,27,60,24
4,20|43,72|50,37|50,15|9,96|15,43|58,0|37,25|12,9|50,6|50,54|72,41|60,58|6,4|20,53|13,87|97,60|54,12|25,13|50,97/50,41=50,15,43,72,41
33,60|75,62|33,88|86,91|33,1|61,20|69,22|73,41|1,48|33,69|63,43|33,63|60,75|48,86|88,37|22,61|7,80|62,93|37,7|43,73/33,80=33,88,37,7,80
46,83|76,1|84,7|14,4|46,69|1,41|46,14|88,44|18,85|95,34|46,62|69,88|58,59|52,18|44,49|62,76|34,84|83,52|4,58|46,95/46,59=46,14,4,58,59
58,18|33,56|21,94|58,15|18,96|58,12|39,67|15,60|96,21|67,38|86,33|95,10|0,95|92,93|58,99|58,46|99,39|46,86|60,92|12,0/58,38=58,99,39,67,38
8,53|82,98|78,8|50,80|7,82|56,46|32,45|45,18|56,7|63,43|34,63|98,16|56,58|56,34|43,70|3,50|13,78|56,13|46,3|58,32/56,80=56,46,3,50,80
7,33|91,94|81,61|85,69|7,2|30,43|4,96|69,48|34,81|47,4|96,38|33,30|45,20|7,45|7,47|43,77|61,54|20,91|2,85|7,34/7,38=7,47,4,96,38
4,25|73,4|5,65|59,10|23,98|28,59|79,67|65,79|75,71|73,6|10,41|73,23|71,27|6,75|98,96|96,92|73,5|25,89|89,43|73,28/73,92=73,23,98,96,92
77,46|4,49|45,92|35,37|35,4|54,98|49,15|64,96|35,77|96,84|35,6|37,76|10,26|76,17|15,0|17,97|92,54|35,45|46,10|6,64/35,98=35,45,92,54,98
86,78|51,89|9,55|89,39|38,54|74,9|35,74|51,86|49,27|61,3|27,0|0,26|51,35|36,52|51,49|39,85|85,31|54,61|51,38|78,36/51,55=51,35,74,9,55
29,99|99,12|79,9|79,5|42,73|94,81|84,6|79,0|79,72|79,42|73,84|62,71|9,78|5,47|72,29|1,58|47,62|0,90|78,94|90,1/79,6=79,42,73,84,6
95,45|73,48|0,92|63,77|25,0|88,73|48,49|11,7|62,87|5,25|5,21|92,99|45,10|68,89|87,63|5,62|5,88|21,95|5,11|7,68/5,99=5,25,0,92,99
51,18|76,62|62,46|43,96|14,33|91,22|19,58|70,10|50,2|18,19|10,43|50,51|2,13|50,70|50,76|45,52|50,14|13,91|33,45|46,72/50,52=50,14,33,45,52
82,39|72,16|73,46|28,47|53,51|53,64|39,24|19,72|64,19|34,50|51,82|77,13|13,28|56,5|49,1|5,34|1,73|53,49|53,77|53,56/53,46=53,49,1,73,46
39,48|71,83|25,62|79,52|13,39|14,57|11,14|53,71|92,87|13,79|13,96|52,45|13,25|48,7|83,22|45,73|7,37|62,92|13,53|96,11/13,87=13,25,62,92,87
40,62|50,84|84,83|39,24|24,51|40,49|51,6|2,58|15,28|49,15|40,39|99,2|28,10|60,57|58,3|97,60|62,97|40,34|40,99|34,50/40,57=40,62,97,60,57
54,96|11,87|11,54|49,33|47,38|11,48|84,12|48,61|18,0|96,44|44,83|41,71|12,47|40,49|61,41|87,78|11,84|11,40|78,18|33,93/11,71=11,48,61,41,71
55,64|48,62|10,11|10,73|73,78|86,4|62,76|10,88|10,85|79,7|11,1|7,28|80,86|78,55|6,26|28,31|85,80|1,6|10,79|88,48/10,4=10,85,80,86,4
24,99|47,18|10,38|38,29|46,10|46,8|46,47|61,21|18,6|26,89|8,80|6,4|43,82|80,23|21,24|82,26|46,61|46,43|29,57|23,78/46,57=46,10,38,29,57
85,7|92,27|51,85|7,92|51,58|51,22|22,15|55,6|79,31|99,49|51,72|72,71|51,79|31,21|58,25|25,17|21,75|17,67|15,99|71,55/51,67=51,58,25,17,67
48,62|71,56|49,25|21,29|89,71|29,67|62,49|6,17|1,23|21,86|68,1|8,46|21,68|86,89|23,91|46,6|67,38|38,51|21,8|21,48/21,56=21,86,89,71,56
88,53|27,49|74,61|5,25|90,0|43,52|0,97|49,3|90,88|61,13|90,5|25,36|90,74|13,56|3,46|29,11|36,95|90,27|97,29|53,43/90,46=90,27,49,3,46
85,99|39,9|20,18|37,0|13,14|85,55|29,16|85,96|0,45|85,34|85,29|94,20|16,39|55,94|96,37|79,13|34,79|99,1|1,64|64,51/85,51=85,99,1,64,51
38,33|88,70|34,69|38,67|0,30|23,0|70,63|38,73|33,56|46,17|38,50|67,51|44,23|51,46|56,77|69,20|73,34|38,44|50,88|77,53/38,53=38,33,56,77,53
22,35|72,33|50,46|4,55|33,50|18,92|65,68|85,18|22,19|92,20|15,24|19,64|22,85|97,15|35,65|64,4|68,30|77,97|22,72|22,77/22,55=22,19,64,4,55
50,38|9,16|16,5|2,21|30,66|41,2|22,70|19,29|50,20|20,28|14,41|50,4|50,22|4,9|50,14|66,27|70,19|38,30|69,48|28,69/50,5=50,4,9,16,5
76,84|79,7|56,61|61,72|3,66|72,0|76,96|6,3|9,26|68,9|66,30|89,53|81,89|76,25|84,81|7,94|76,6|76,56|96,79|25,68/76,94=76,96,79,7,94
13,94|94,63|48,7|63,38|50,96|73,86|13,30|4,44|13,50|96,4|18,73|24,40|38,52|1,24|86,76|13,18|7,67|30,48|49,1|13,49/13,76=13,18,73,86,76
93,3|61,57|53,80|53,93|11,89|53,96|8,2|3,25|53,7|57,63|96,61|40,14|25,38|92,11|80,8|53,40|7,92|14,10|10,58|2,74/53,38=53,93,3,25,38
65,61|12,65|59,70|39,50|59,81|50,18|81,13|59,39|49,38|18,27|59,49|70,98|59,12|61,29|14,34|38,20|98,14|20,24|51,5|13,51/59,29=59,12,65,61,29
92,82|39,53|53,33|39,56|54,28|57,92|63,76|33,77|24,63|70,78|39,55|39,70|55,67|77,49|39,57|78,54|67,51|56,24|82,30|51,35/39,76=39,56,24,63,76
28,35|73,13|73,97|88,5|4,2|56,44|46,56|5,95|73,4|35,62|58,91|97,28|73,88|2,80|95,16|13,46|80,77|42,86|73,58|91,42/73,62=73,97,28,35,62
11,53|7,10|60,39|11,88|32,64|11,74|74,21|12,1|57,51|11,77|88,80|90,57|53,90|21,60|27,12|80,32|77,96|11,50|96,7|50,27/11,51=11,53,90,57,51
38,50|72,33|38,8|71,64|12,25|51,12|8,71|14,94|45,36|50,41|61,51|36,54|38,72|83,81|98,45|33,83|38,98|64,92|41,14|38,61/38,25=38,61,51,12,25
65,41|74,24|96,92|19,98|65,25|65,74|25,72|65,3|65,50|24,84|50,96|67,9|76,46|84,53|92,99|3,80|80,76|30,19|72,67|41,30/65,53=65,74,24,84,53
45,49|48,3|24,43|48,60|44,90|51,22|46,51|83,37|78,24|48,78|63,30|37,84|49,63|84,28|90,27|60,44|48,83|43,73|48,45|3,46/48,22=48,3,46,51,22
26,40|84,45|84,21|84,81|94,39|81,27|84,26|71,82|87,8|32,97|46,4|21,87|8,67|45,1|27,71|1,95|40,94|84,46|4,32|95,72/84,82=84,81,27,71,82
15,9|32,44|19,36|15,50|15,47|30,32|9,55|50,33|33,46|25,30|47,31|55,19|31,88|15,74|77,26|26,62|88,93|15,25|74,77|46,85/15,62=15,74,77,26,62
50,45|14,59|50,41|23,96|81,63|16,77|96,95|92,22|62,78|50,14|59,79|7,92|50,81|50,9|45,75|79,66|9,7|63,62|41,23|75,16/50,95=50,41,23,96,95
5,10|67,5|81,35|24,32|45,2|78,55|0,59|88,0|88,45|88,67|2,44|88,81|88,37|10,56|95,87|37,95|35,78|59,24|44,23|87,4/88,56=88,67,5,10,56
43,4|39,82|48,50|4,34|43,81|28,6|25,28|43,39|43,49|75,48|71,75|8,74|34,98|74,84|43,71|82,44|98,67|44,17|81,8|49,25/43,50=43,71,75,48,50
79,11|48,14|96,52|53,62|13,79|7,57|71,7|25,48|92,87|13,53|13,39|62,45|13,96|11,83|14,22|45,37|83,73|52,92|13,25|39,71/13,87=13,96,52,92,87
21,55|31,21|96,72|20,80|55,44|42,77|83,42|50,24|93,50|44,97|31,83|91,84|77,98|22,96|31,22|72,12|24,28|80,91|31,20|31,93/31,12=31,22,96,72,12
65,67|81,54|24,71|29,69|81,24|0,4|67,53|48,77|53,56|81,65|63,42|69,51|81,48|81,29|44,0|77,3|51,80|3,14|54,44|71,63/81,56=81,65,67,53,56
30,75|38,59|62,4|53,37|42,6|59,62|86,13|30,53|34,85|30,38|13,41|30,34|24,40|40,42|82,68|30,24|46,97|85,82|75,86|37,46/30,41=30,75,86,13,41
30,61|40,87|23,51|18,68|18,30|89,1|47,29|18,43|29,11|61,40|43,47|18,23|20,13|69,32|68,69|18,20|51,89|96,57|32,48|13,96/18,57=18,20,13,96,57
47,95|55,22|42,36|14,55|15,42|2,15|72,50|47,53|31,52|47,14|47,31|9,83|62,28|91,72|95,91|52,62|53,9|22,75|83,73|47,2/47,28=47,31,52,62,28
92,64|45,92|5,55|45,54|85,14|71,63|54,96|87,6|73,71|63,83|96,13|45,93|13,31|14,2|45,73|93,84|45,34|34,85|84,5|64,87/45,6=45,92,64,87,6
8,70|64,1|8,35|35,94|8,22|94,86|65,88|96,75|8,84|98,96|42,76|8,65|84,98|86,81|3,25|91,3|88,64|70,91|22,42|76,26/8,1=8,65,88,64,1
89,52|21,23|79,28|16,4|26,2|59,22|52,88|32,21|46,89|4,96|9,32|22,93|28,38|2,79|5,16|26,31|26,5|31,59|26,46|26,9/26,96=26,5,16,4,96
44,42|50,0|44,45|42,99|2,83|45,67|13,2|71,73|44,13|44,31|62,63|73,85|67,16|99,62|31,71|37,50|16,43|87,37|83,77|44,87/44,43=44,45,67,16,43
94,75|94,62|89,19|64,40|75,64|94,9|92,36|61,22|25,98|19,25|62,53|36,4|94,89|13,0|94,92|83,13|4,70|9,83|53,61|40,23/94,23=94,75,64,40,23
81,91|65,93|51,67|44,11|93,81|87,51|21,8|66,16|87,65|29,77|67,75|87,44|87,0|97,29|16,50|87,66|11,21|50,37|75,28|0,97/87,77=87,0,97,29,77
27,62|30,31|92,43|53,28|37,85|31,60|78,81|51,37|78,53|85,99|78,51|81,92|78,30|87,27|60,74|43,58|82,87|19,77|28,19|78,82/78,74=78,30,31,60,74
85,55|55,76|89,92|70,26|40,1|1,53|92,34|26,17|75,99|99,11|7,50|76,39|34,65|7,89|7,85|54,40|11,66|7,75|7,54|50,70/7,17=7,50,70,26,17
63,90|71,62|63,35|35,92|92,36|62,54|54,93|36,44|31,40|14,95|95,94|81,87|76,26|11,3|26,81|3,31|63,11|63,71|63,76|90,14/63,93=63,71,62,54,93
28,57|51,89|44,38|28,84|68,69|4,83|77,79|76,35|84,68|69,98|83,90|28,51|79,3|60,4|28,60|57,77|35,44|28,76|85,5|89,85/28,3=28,57,77,79,3
65,62|57,32|61,58|65,49|65,90|65,33|49,61|22,5|56,79|90,22|58,80|79,93|62,18|71,48|48,99|33,71|18,57|65,26|26,56|5,14/65,93=65,26,56,79,93
52,86|45,10|1,55|86,44|25,89|55,34|62,40|12,62|89,33|24,25|12,52|12,8|40,38|39,66|38,76|12,24|12,39|44,2|8,1|66,45/12,34=12,8,1,55,34
49,28|62,10|63,13|47,63|44,49|41,42|79,94|62,71|66,89|10,47|11,41|18,35|35,92|89,79|62,66|71,18|42,29|62,11|62,14|14,44/62,13=62,10,47,63,13
28,62|27,0|71,66|29,94|78,4|62,22|96,10|14,63|63,71|14,16|4,89|0,29|89,44|90,28|66,97|83,96|14,27|14,78|14,90|16,83/14,97=14,63,71,66,97
79,13|26,41|48,22|96,45|45,49|22,78|99,4|99,48|4,7|42,24|99,82|78,9|13,42|49,12|3,50|99,96|82,3|7,26|50,61|99,79/99,24=99,79,13,42,24
68,11|29,75|56,21|68,7|68,70|70,59|7,22|64,60|11,2|59,52|2,56|36,12|68,94|73,16|22,36|94,64|16,29|52,71|60,5|68,73/68,71=68,70,59,52,71
15,13|70,21|60,0|70,15|96,43|70,51|41,5|70,92|82,52|5,65|11,96|51,82|52,37|70,23|92,14|14,60|27,59|13,27|21,41|23,11/70,65=70,21,41,5,65
12,23|48,35|92,88|1,75|14,1|99,55|75,98|14,10|35,99|98,31|14,47|10,92|24,80|47,45|14,24|80,86|45,12|14,48|86,26|88,61/14,23=14,47,45,12,23
60,81|42,43|85,42|37,61|54,15|26,71|80,33|33,39|37,26|37,68|71,87|37,28|43,74|10,54|68,80|28,10|61,63|63,60|87,49|37,85/37,74=37,85,42,43,74
45,53|73,39|9,99|99,83|60,52|57,73|52,56|9,2|21,1|87,64|2,35|32,4|56,65|72,57|9,72|35,45|83,21|9,60|64,32|9,87/9,4=9,87,64,32,4
72,80|62,33|32,6|36,92|83,36|32,83|75,4|14,39|33,0|32,14|80,94|50,62|39,79|92,54|32,50|6,75|79,28|94,1|32,72|4,61/32,0=32,50,62,33,0
86,14|72,42|25,78|37,56|37,70|40,28|91,72|54,44|29,25|56,71|6,40|37,23|71,54|37,77|23,86|77,6|48,91|37,48|70,29|14,45/37,28=37,77,6,40,28
4,71|28,96|9,52|83,42|76,28|4,10|81,9|19,76|71,78|63,81|38,47|4,63|47,54|7,38|77,30|62,77|4,19|10,62|4,7|78,83/4,30=4,10,62,77,30
38,75|27,2|14,70|70,38|44,10|36,81|82,99|23,36|75,67|81,1|6,93|8,69|42,82|99,92|14,23|14,27|2,44|14,8|14,42|69,6/14,1=14,23,36,81,1
42,85|18,22|19,9|9,3|11,30|23,33|66,37|23,42|23,19|22,11|23,18|68,61|41,66|3,35|33,41|73,68|85,31|89,73|23,89|31,65/23,30=23,18,22,11,30
90,95|5,47|54,71|79,69|71,52|54,90|49,51|86,2|23,59|55,72|73,5|54,55|72,79|47,84|76,45|52,23|51,76|95,86|54,73|54,49/54,45=54,49,51,76,45
86,81|31,15|5,40|25,23|65,1|30,74|29,5|42,45|1,25|97,69|40,27|97,29|97,65|74,86|97,98|69,37|15,52|37,42|97,30|98,31/97,52=97,98,31,15,52
18,62|2,75|97,88|46,2|75,18|54,1|46,22|34,7|7,71|71,65|46,97|24,9|17,90|46,24|46,34|22,16|16,17|88,67|9,54|67,0/46,90=46,22,16,17,90
42,47|86,97|11,8|21,99|6,28|21,87|16,86|20,11|55,46|33,5|21,6|58,16|21,20|99,61|28,55|87,33|21,58|8,41|5,27|61,42/21,27=21,87,33,5,27
71,43|23,72|10,67|72,95|86,49|17,66|46,11|61,46|4,65|50,17|71,23|71,94|14,10|94,14|43,50|71,61|95,0|71,4|11,30|65,86/71,67=71,94,14,10,67
60,65|72,0|19,96|72,50|72,92|41,54|72,58|65,83|50,43|46,73|58,95|0,60|59,42|37,39|43,46|96,59|95,37|21,41|92,21|72,19/72,54=72,92,21,41,54
85,45|2,81|96,76|45,34|34,12|66,96|37,61|81,98|76,84|60,97|49,17|61,47|54,3|2,54|2,66|47,31|98,49|3,60|2,85|2,37/2,12=2,85,45,34,12
1,69|90,91|87,4|92,32|80,92|80,87|80,1|39,34|88,90|56,73|80,39|34,56|69,33|32,20|91,53|10,35|4,10|80,88|33,48|20,22/80,35=80,87,4,10,35
23,97|48,92|87,62|63,71|0,2|48,87|48,30|62,0|5,47|64,88|92,63|47,85|54,5|48,54|48,23|97,64|30,8|71,43|38,75|8,38/48,88=48,23,97,64,88
67,7|90,87|95,45|69,70|99,76|97,99|68,50|90,69|90,14|90,28|28,68|90,73|50,59|87,97|14,5|45,11|46,57|5,46|70,67|73,95/90,59=90,28,68,50,59
61,64|57,85|3,53|84,21|82,54|64,41|61,16|16,45|17,40|11,82|52,31|41,84|61,52|37,7|40,57|31,3|23,11|61,17|61,23|45,37/61,53=61,52,31,3,53
15,10|57,86|83,42|87,69|89,94|71,87|57,23|10,28|57,99|28,24|57,64|64,71|88,89|23,88|86,17|99,83|52,93|17,52|57,15|42,0/57,94=57,23,88,89,94
58,39|25,72|3,70|7,54|72,58|30,42|23,3|67,14|30,4|14,37|73,79|50,67|0,69|30,50|30,25|30,7|20,0|42,20|4,23|54,73/30,70=30,4,23,3,70
61,13|79,20|79,93|79,18|41,82|60,21|28,61|55,81|93,28|32,83|71,96|21,71|79,60|82,5|79,70|76,55|18,76|83,26|20,41|70,32/79,81=79,18,76,55,81
7,65|71,44|70,61|22,4|22,7|61,16|72,41|35,39|39,90|22,86|65,25|22,70|50,88|86,35|25,26|4,72|22,50|88,71|41,32|16,9/22,26=22,7,65,25,26
98,97|28,59|47,34|38,15|55,21|15,5|79,29|38,47|1,82|7,12|57,61|38,98|82,28|38,57|5,80|97,79|80,50|34,7|38,1|61,55/38,29=38,98,97,79,29
71,46|18,25|48,54|41,64|76,52|99,53|71,36|71,99|38,90|71,76|46,32|71,18|63,48|65,51|35,80|52,35|53,41|36,63|25,65|32,38/71,54=71,36,63,48,54
80,55|9,49|58,7|97,35|9,69|69,92|59,32|35,58|26,63|49,64|9,0|0,22|87,61|22,80|64,87|9,97|41,4|92,26|9,41|4,59/9,63=9,69,92,26,63
30,27|24,96|3,95|90,3|74,24|79,88|83,10|30,59|92,19|69,79|30,92|30,69|88,56|59,74|40,51|44,2|27,90|30,40|51,44|19,83/30,10=30,92,19,83,10
14,75|1,31|7,72|92,69|69,55|52,92|55,50|99,60|85,74|52,99|52,47|30,1|52,64|47,30|60,14|52,7|64,83|72,84|83,85|84,10/52,31=52,47,30,1,31
16,44|91,15|22,58|86,45|68,43|22,2|92,89|22,65|22,91|44,68|22,16|24,60|2,12|58,86|4,6|98,92|65,98|45,3|15,24|12,4/22,60=22,91,15,24,60
81,3|64,91|81,96|10,74|93,86|86,27|96,93|81,37|13,10|1,84|74,24|3,23|5,64|81,13|50,22|37,60|12,5|23,1|60,50|81,12/81,27=81,96,93,86,27
35,91|77,19|93,30|4,17|4,48|30,29|0,65|49,13|60,12|14,93|17,49|13,28|12,94|86,55|4,14|4,0|19,35|65,86|4,77|48,60/4,29=4,14,93,30,29
19,63|25,14|32,8|41,78|78,19|21,24|47,55|86,69|63,85|24,57|41,86|41,44|41,21|57,65|69,47|44,32|34,5|41,34|8,83|5,25/41,14=41,34,5,25,14
14,58|97,55|66,97|19,22|45,85|66,15|66,14|55,42|66,34|87,92|80,49|42,8|15,94|92,41|41,98|34,19|22,83|94,80|58,45|66,87/66,8=66,97,55,42,8
77,25|24,91|58,39|78,49|24,81|71,88|83,66|24,27|25,71|81,54|91,92|27,83|15,89|89,58|86,34|24,15|54,78|92,86|66,62|24,77/24,39=24,15,89,58,39
13,56|61,42|61,68|84,26|8,65|42,66|61,30|83,84|27,8|56,45|61,19|61,13|18,91|9,10|19,24|24,18|66,9|30,83|45,72|68,27/61,72=61,13,56,45,72
42,54|4,28|86,4|69,58|65,45|5,47|23,21|63,65|23,80|80,43|58,2|45,34|23,24|21,69|23,5|37,33|43,42|23,63|47,37|24,86/23,2=23,21,69,58,2
16,7|32,48|3,35|1,36|95,74|2,3|1,16|7,95|1,82|82,9|1,50|89,39|39,33|50,89|35,42|99,54|1,2|9,32|36,99|54,28/1,48=1,82,9,32,48
41,54|74,64|3,72|16,74|67,7|85,45|44,16|45,3|13,98|49,87|85,57|85,44|85,49|57,67|98,52|42,13|87,41|72,39|7,92|85,42/85,64=85,44,16,74,64
5,15|88,36|0,99|11,92|94,95|11,94|14,87|46,80|99,38|13,25|60,46|11,10|11,70|10,13|95,14|25,66|92,60|70,0|11,5|15,88/11,66=11,10,13,25,66
16,86|83,88|79,69|88,71|83,74|69,48|76,16|74,10|71,1|6,23|1,33|92,15|30,79|96,76|10,92|83,30|23,0|36,6|83,36|83,96/83,0=83,36,6,23,0
94,52|66,80|52,68|46,35|53,66|78,84|94,0|84,64|9,78|17,23|68,45|18,86|94,58|94,18|94,9|58,17|0,53|86,46|45,76|23,65/94,65=94,58,17,23,65
94,52|53,91|19,69|18,10|36,1|52,72|21,53|9,32|19,36|95,59|72,63|19,94|19,79|1,95|32,50|79,57|69,9|91,20|19,21|57,18/19,10=19,79,57,18,10
94,76|94,89|94,29|12,28|94,20|67,9|61,60|28,14|9,42|20,53|46,61|89,12|53,57|57,72|13,63|76,46|94,71|63,93|71,13|29,67/94,14=94,89,12,28,14
41,24|17,15|1,75|48,17|70,60|38,21|56,48|87,8|71,38|40,41|21,29|13,50|87,56|87,71|8,58|58,1|50,70|87,13|24,81|87,40/87,60=87,13,50,70,60
32,1|34,97|17,5|57,24|76,65|5,19|20,34|43,55|39,76|39,17|39,20|65,4|39,32|1,43|24,35|39,57|35,59|19,78|97,3|4,52/39,59=39,57,24,35,59
31,13|50,25|64,38|0,96|96,35|17,0|95,19|13,99|9,31|17,95|70,64|17,10|63,76|19,63|17,9|35,51|25,30|17,83|10,70|83,50/17,38=17,10,70,64,38
34,77|18,84|18,2|18,21|84,82|18,34|2,63|85,98|41,97|18,41|82,85|21,0|63,27|33,47|0,44|77,26|97,33|27,64|26,29|44,60/18,60=18,21,0,44,60
58,22|3,86|55,43|21,89|59,12|85,75|16,9|75,3|49,10|55,21|55,16|55,85|72,80|43,6|22,42|6,72|89,49|9,59|55,88|88,58/55,86=55,85,75,3,86
85,24|95,72|8,87|84,8|87,28|10,85|33,22|95,30|57,10|52,25|77,33|95,84|16,73|73,70|30,52|95,57|22,5|95,77|72,16|25,7/95,7=95,30,52,25,7
95,70|97,45|60,82|95,17|82,71|67,66|95,72|45,35|9,23|17,97|70,60|94,49|16,63|93,15|95,67|66,16|95,93|72,99|99,9|15,94/95,63=95,67,66,16,63
67,0|19,41|4,30|41,48|36,2|50,36|75,19|48,64|14,11|45,77|77,14|84,50|0,96|75,43|60,4|75,60|75,45|75,84|30,16|43,67/75,11=75,45,77,14,11
98,36|62,76|67,98|41,96|14,77|86,42|63,91|57,86|67,30|76,4|81,38|30,81|36,63|51,62|67,51|92,57|77,41|67,92|67,14|38,85/67,96=67,14,77,41,96
26,11|21,13|27,68|55,27|80,89|69,97|56,28|82,9|50,21|56,80|56,14|89,59|11,67|97,82|56,55|56,69|14,26|68,31|59,17|28,50/56,9=56,69,97,82,9
68,48|46,81|68,19|68,84|19,79|70,24|76,64|68,73|84,40|96,70|68,96|57,60|6,29|64,67|79,57|73,76|48,46|40,6|24,58|81,31/68,58=68,96,70,24,58
48,72|13,12|73,3|20,74|72,31|12,36|48,65|65,67|60,19|48,38|70,52|67,28|31,60|74,96|48,70|38,20|36,23|28,54|48,13|52,73/48,23=48,13,12,36,23
3,52|82,37|82,95|62,72|82,62|95,34|82,59|37,3|72,86|29,42|80,21|8,94|52,48|34,80|94,55|44,29|86,10|59,44|85,8|82,85/82,10=82,62,72,86,10
97,68|6,26|32,77|55,75|39,18|75,29|92,55|76,6|26,2|2,91|76,60|3,39|84,37|76,92|60,70|70,97|76,53|37,32|76,84|53,3/76,77=76,84,37,32,77
82,55|63,99|10,38|32,62|52,25|15,13|32,52|40,3|62,45|61,34|32,10|38,63|83,94|45,61|32,35|32,83|25,15|35,98|98,40|94,82/32,55=32,83,94,82,55
48,43|72,42|54,8|10,84|48,72|48,2|2,50|48,75|50,39|92,94|48,54|39,98|43,77|8,63|75,4|77,29|4,10|29,32|63,45|42,92/48,98=48,2,50,39,98
8,28|8,21|57,5|54,7|7,40|78,54|82,97|8,72|0,89|97,55|72,82|98,37|28,31|5,34|31,0|8,98|8,78|21,57|77,1|37,77/8,34=8,21,57,5,34
69,39|95,54|69,21|21,24|46,82|69,31|38,81|23,89|69,73|98,46|7,98|8,38|31,11|69,7|73,72|17,64|24,95|72,17|11,23|39,8/69,54=69,21,24,95,54
5,45|75,2|79,96|23,84|6,11|11,40|23,56|84,50|13,4|90,14|4,17|96,5|23,6|56,13|23,69|50,90|23,79|69,99|99,75|40,1/23,17=23,56,13,4,17
12,9|11,99|99,60|9,97|15,43|43,27|86,20|39,0|97,8|41,6|73,39|27,93|86,15|60,25|6,52|86,12|86,11|86,7|7,73|20,41/86,52=86,20,41,6,52
46,28|98,78|46,67|67,44|88,84|58,88|28,58|72,9|81,85|85,48|2,81|44,19|19,37|63,72|9,76|78,94|46,63|46,2|46,36|36,98/46,48=46,2,81,85,48
87,59|37,15|61,44|37,9|15,48|84,34|9,43|65,77|43,61|37,84|5,27|77,22|34,5|37,0|0,87|62,65|59,18|37,62|73,28|48,73/37,18=37,0,87,59,18
64,63|64,84|63,18|8,4|36,11|64,81|75,95|84,10|11,23|74,12|12,42|64,2|64,36|18,75|81,38|2,74|23,96|10,48|48,88|38,8/64,96=64,36,11,23,96
93,41|88,11|39,53|4,93|84,77|30,68|32,25|57,24|53,84|30,14|7,88|14,4|11,67|30,7|68,56|24,51|30,55|55,57|30,39|56,32/30,51=30,55,57,24,51
24,34|66,43|59,91|24,59|44,66|24,93|10,23|24,10|91,12|24,33|99,69|23,9|33,44|12,16|93,7|54,30|9,52|69,79|7,54|34,99/24,43=24,33,44,66,43
76,99|35,10|43,73|97,83|72,35|76,7|73,28|76,66|96,19|79,92|99,43|6,15|66,72|83,41|85,97|7,98|19,79|76,85|98,6|76,96/76,41=76,85,97,83,41
58,14|14,67|67,53|58,37|37,12|15,41|69,51|58,57|58,86|86,15|53,75|87,43|57,87|51,78|78,62|12,11|41,34|58,69|11,7|43,13/58,62=58,69,51,78,62
1,80|47,65|65,4|39,20|20,42|57,12|57,39|80,62|57,11|32,91|92,2|12,47|57,59|38,92|11,38|10,32|42,45|59,10|61,1|57,61/57,4=57,12,47,65,4
32,95|33,2|3,35|20,60|10,19|60,31|95,3|74,73|57,61|10,20|10,32|19,79|31,9|2,74|10,33|79,67|10,34|34,57|67,40|61,46/10,9=10,20,60,31,9
60,68|70,58|24,81|24,0|34,60|94,87|1,92|12,1|6,47|24,52|81,75|24,6|29,39|24,63|49,70|52,49|63,12|0,34|75,29|47,94/24,92=24,63,12,1,92
32,35|46,74|72,46|84,51|35,98|58,72|98,78|32,84|43,71|32,34|32,58|97,9|41,33|38,94|94,41|78,99|32,38|34,43|71,54|51,97/32,74=32,58,72,46,74
33,12|8,75|8,87|13,2|3,99|24,97|97,89|85,3|8,33|2,32|20,47|87,13|99,14|75,10|10,20|8,28|8,85|72,30|12,72|28,24/8,89=8,28,24,97,89
88,44|44,69|65,49|46,73|88,26|16,35|88,91|63,46|51,9|88,16|66,45|29,3|88,47|26,79|47,63|35,65|91,74|79,51|74,66|69,29/88,49=88,16,35,65,49
29,67|42,29|12,82|42,65|65,10|81,97|67,68|42,80|17,75|33,81|45,11|42,37|68,55|80,59|10,12|42,33|37,93|59,17|93,45|97,13/42,11=42,37,93,45,11
94,43|58,55|58,10|58,87|64,88|28,70|92,93|58,76|76,90|10,29|44,64|33,92|71,44|49,81|55,50|90,49|29,28|87,33|50,94|58,71/58,88=58,71,44,64,88
69,95|36,11|36,84|36,74|84,35|6,32|11,60|60,6|36,72|5,93|75,39|96,45|45,69|17,58|93,0|72,5|35,75|74,17|58,47|36,96/36,0=36,72,5,93,0
56,61|98,71|57,87|26,31|46,29|26,10|17,46|29,44|41,82|75,40|78,90|10,49|31,41|26,17|26,78|82,33|87,75|26,57|49,98|90,56/26,71=26,10,49,98,71
38,69|59,3|93,62|71,33|75,10|45,59|85,47|69,7|75,41|62,39|99,71|75,38|41,99|10,93|75,45|7,37|3,12|49,60|60,85|75,49/75,39=75,10,93,62,39
98,97|94,70|49,8|40,80|80,50|70,98|55,76|51,49|47,44|29,38|55,68|55,0|55,94|8,93|38,32|76,47|44,91|55,51|68,29|0,40/55,97=55,94,70,98,97
45,55|88,82|48,60|68,67|80,62|63,75|55,59|4,23|62,88|96,45|60,68|96,4|41,89|23,41|59,11|96,0|96,48|25,63|96,80|0,25/96,11=96,45,55,59,11
47,28|74,27|74,77|74,81|40,26|26,47|85,11|66,33|42,44|74,92|56,84|32,66|92,85|74,40|81,42|41,56|77,32|44,53|27,41|11,4/74,84=74,27,41,56,84
56,2|84,56|2,65|84,29|12,11|11,45|84,32|26,96|84,52|65,9|29,12|48,94|42,99|75,98|91,48|32,19|52,91|84,75|98,26|19,42/84,45=84,29,12,11,45
48,23|18,42|21,20|72,26|72,38|67,24|81,76|38,12|12,13|42,21|33,48|72,86|90,33|13,70|72,18|72,90|26,81|86,85|76,15|85,67/72,15=72,26,81,76,15
41,30|41,84|56,89|41,31|89,70|91,5|41,39|12,56|92,23|41,12|37,33|9,92|16,91|14,19|30,9|39,42|42,14|31,16|84,40|40,37/41,70=41,12,56,89,70
44,47|41,53|47,68|21,26|27,2|68,40|4,45|53,70|4,8|4,44|9,63|80,97|29,9|2,21|4,27|4,29|36,80|63,95|8,41|45,36/4,26=4,27,2,21,26
9,59|74,25|32,49|74,84|74,32|63,57|74,45|48,67|59,51|84,71|25,13|13,96|49,23|0,54|57,48|23,31|96,93|74,63|71,0|45,9/74,67=74,63,57,48,67
75,96|54,46|97,22|36,99|25,36|96,89|75,97|75,15|13,78|22,54|75,77|20,26|67,39|59,25|75,59|94,20|89,13|15,94|39,47|77,67/75,47=75,77,67,39,47
40,31|40,76|55,35|31,38|40,20|20,83|66,47|40,59|76,43|93,64|38,55|99,60|43,28|40,93|21,98|28,50|59,66|64,99|47,91|83,21/40,98=40,20,83,21,98
97,67|81,13|64,32|94,5|58,63|28,64|32,70|43,8|63,81|37,83|8,97|84,43|84,20|84,11|5,12|11,37|84,58|84,28|83,6|20,94/84,6=84,11,37,83,6
81,26|90,20|31,85|46,96|90,36|85,66|94,68|20,48|36,91|90,81|48,46|90,31|50,4|68,8|66,64|26,50|90,94|32,33|91,32|8,42/90,96=90,20,48,46,96
18,17|36,64|67,11|67,32|16,65|94,19|27,8|32,36|67,53|19,27|11,66|87,18|64,9|53,50|17,44|67,94|66,16|67,87|50,20|20,37/67,44=67,87,18,17,44
66,4|7,48|16,3|8,66|8,58|72,50|4,27|17,7|37,53|3,83|8,16|83,1|8,17|32,29|48,57|53,32|27,71|50,88|8,37|58,72/8,29=8,37,53,32,29
82,18|53,8|38,15|82,38|82,63|18,75|8,24|24,47|35,59|15,73|82,53|70,12|37,40|32,37|73,56|94,35|63,32|59,48|82,94|75,70/82,12=82,18,75,70,12
62,12|58,98|24,57|18,91|41,24|73,19|91,62|9,31|4,99|98,14|73,9|73,67|22,42|73,50|19,58|50,4|73,18|67,41|31,22|99,26/73,42=73,9,31,22,42
33,88|48,61|33,69|62,41|33,60|86,20|63,75|73,91|60,22|33,63|1,37|33,1|88,48|22,62|69,43|75,86|7,80|61,93|43,7|37,73/33,80=33,69,43,7,80
15,89|9,28|7,74|23,9|11,63|39,47|89,43|84,15|21,69|63,21|39,23|39,11|8,80|34,85|39,84|28,81|74,8|47,95|39,7|95,34/39,85=39,47,95,34,85
87,5|95,57|10,73|30,10|73,28|16,87|52,22|95,72|77,16|33,25|84,52|95,30|8,85|85,70|72,33|95,77|22,24|95,84|57,8|25,7/95,7=95,72,33,25,7
58,71|92,93|58,19|37,54|27,97|58,27|75,68|97,38|19,37|58,20|71,25|64,92|36,39|54,5|58,75|68,15|38,32|15,51|20,64|25,36/58,32=58,27,97,38,32
5,85|24,72|53,77|89,12|55,35|89,76|89,91|76,60|3,63|12,7|7,24|94,93|77,2|58,3|60,55|89,58|85,94|63,32|91,53|89,5/89,93=89,5,85,94,93
47,98|14,64|66,41|44,60|19,8|54,44|19,68|36,56|19,79|32,49|68,76|76,36|19,14|98,17|60,30|49,92|19,54|64,66|79,47|8,32/19,92=19,8,32,49,92
53,10|70,96|10,56|24,7|62,85|53,61|73,35|93,15|53,70|27,73|15,1|53,49|56,24|53,6|77,76|6,27|61,77|76,41|49,93|96,62/53,7=53,10,56,24,7
68,32|6,81|28,8|69,34|99,6|95,75|34,31|50,49|77,48|0,64|79,69|99,54|99,68|32,0|8,50|99,28|75,97|81,77|99,79|54,95/99,31=99,79,69,34,31
92,2|55,98|92,93|92,55|67,4|4,87|98,35|92,45|92,9|35,62|7,80|29,7|93,20|45,96|52,3|9,67|2,29|96,52|20,16|16,51/92,87=92,9,67,4,87
86,83|34,38|12,19|8,65|66,39|24,58|20,54|83,24|10,66|38,21|17,10|40,34|20,84|19,31|20,17|20,40|20,86|84,8|65,99|54,12/20,99=20,84,8,65,99
49,17|3,72|22,42|78,38|79,28|72,44|49,3|38,46|20,55|49,20|17,22|49,33|45,87|46,65|44,52|42,63|55,45|49,78|33,79|28,93/49,63=49,17,22,42,63
30,8|51,88|85,11|79,1|90,23|52,51|79,90|37,71|0,52|93,89|36,15|23,36|11,34|3,31|79,37|79,0|1,85|71,93|79,30|8,3/79,31=79,30,8,3,31
96,54|36,75|96,36|72,15|30,72|77,84|54,18|37,77|75,79|96,50|96,37|71,47|84,44|96,8|6,71|73,17|8,30|50,6|79,51|18,73/96,15=96,8,30,72,15
98,94|69,10|19,69|47,8|19,3|19,42|19,57|60,88|2,76|10,2|57,22|3,16|88,71|77,60|16,47|44,98|22,91|91,79|19,77|42,44/19,71=19,77,60,88,71
36,63|13,77|78,3|63,17|42,35|42,31|31,79|93,13|3,58|42,72|72,93|99,2|42,78|58,87|92,99|61,92|35,36|55,95|42,61|79,55/42,95=42,31,79,55,95
54,73|7,33|76,98|21,95|21,59|96,56|21,39|63,43|48,31|15,7|25,94|98,45|39,15|95,11|11,25|56,63|21,48|21,96|59,76|31,54/21,73=21,48,31,54,73
55,85|80,27|44,31|42,35|97,59|44,24|18,58|58,55|44,18|59,32|95,69|24,74|81,13|31,97|44,42|44,95|14,3|74,80|35,81|69,14/44,13=44,42,35,81,13
8,95|72,5|92,40|58,72|3,24|4,58|4,8|5,98|4,3|24,89|95,20|64,34|4,76|53,92|89,29|76,53|20,50|34,14|4,55|55,64/4,29=4,3,24,89,29
6,79|45,38|71,46|71,45|33,23|86,19|87,86|79,95|27,88|71,60|59,87|73,0|71,6|46,13|13,33|68,27|95,91|60,68|38,73|71,59/71,91=71,6,79,95,91
58,55|33,37|97,35|88,38|87,53|73,69|55,16|87,56|38,81|37,23|87,88|87,73|81,82|21,97|56,33|84,29|53,21|69,84|87,58|16,99/87,23=87,56,33,37,23
26,17|35,60|78,81|11,29|34,42|29,40|71,73|42,92|81,88|88,65|44,61|94,50|61,26|35,44|60,11|92,82|73,94|35,71|35,34|35,78/35,65=35,78,81,88,65
64,51|27,24|77,11|27,64|78,68|94,59|27,94|16,32|68,31|69,49|42,16|82,33|59,97|87,78|27,87|24,42|51,69|97,92|33,77|27,82/27,32=27,24,42,16,32
59,7|58,27|91,54|91,39|91,28|28,3|87,30|84,56|3,84|39,18|51,87|7,52|81,85|17,58|91,51|52,99|18,81|91,59|30,65|54,17/91,65=91,51,87,30,65
99,39|24,13|84,18|15,60|65,8|84,36|8,78|5,65|73,15|89,38|60,47|84,73|36,26|84,5|17,24|40,89|84,51|26,99|18,17|51,40/84,47=84,73,15,60,47
72,60|50,18|44,13|16,97|72,81|72,29|92,90|13,47|54,40|29,95|72,48|82,8|72,50|95,54|81,76|18,92|97,25|60,44|76,82|48,16/72,47=72,60,44,13,47
62,27|98,22|59,4|47,51|50,72|4,70|79,62|79,16|30,47|79,88|55,98|79,67|76,91|88,59|16,82|67,55|82,76|27,50|58,30|79,58/79,70=79,88,59,4,70
73,84|23,15|22,48|67,24|15,49|17,19|23,67|23,89|84,14|32,35|48,75|38,22|69,98|49,17|24,56|56,94|98,32|89,73|23,38|23,69/23,75=23,38,22,48,75
46,57|90,87|97,45|28,5|67,76|95,67|70,50|90,28|90,73|90,14|14,70|90,69|50,59|87,95|73,68|45,11|99,7|68,99|5,46|69,97/90,59=90,14,70,50,59
81,53|29,74|4,58|95,62|30,29|53,41|4,64|93,68|87,30|46,21|4,14|75,25|62,69|68,49|4,75|14,95|25,46|58,81|4,87|64,93/4,74=4,87,30,29,74
45,94|23,78|72,67|94,23|4,58|52,77|10,27|39,60|77,0|67,19|72,52|37,24|58,37|19,10|95,39|0,79|72,4|72,17|17,95|72,45/72,60=72,17,95,39,60
35,28|62,66|63,13|18,63|41,35|44,42|49,92|62,10|11,47|66,18|71,44|89,79|79,94|47,49|62,11|10,89|42,29|62,71|62,14|14,41/62,13=62,66,18,63,13
29,76|57,93|85,57|79,29|76,88|79,72|88,95|79,26|6,0|72,44|25,97|44,25|84,70|52,84|42,85|94,6|79,73|79,42|73,94|26,52/79,97=79,72,44,25,97
84,80|89,28|97,89|10,29|27,58|41,67|63,66|27,63|27,40|40,10|38,92|27,97|67,65|27,41|66,84|28,8|65,7|58,91|29,39|91,38/27,8=27,97,89,28,8
99,81|86,59|39,50|51,26|74,32|86,83|25,99|50,14|34,90|60,25|86,39|86,74|14,5|86,60|70,71|32,51|59,2|2,34|0,70|83,0/86,26=86,74,32,51,26
54,73|63,33|31,25|21,95|21,59|96,56|21,48|7,94|39,15|76,63|98,45|25,43|48,76|95,11|11,98|56,7|21,39|21,96|59,31|15,54/21,73=21,39,15,54,73
91,14|14,55|27,12|67,10|58,98|96,27|60,38|91,87|91,32|91,49|32,60|55,80|87,6|80,64|10,31|6,58|38,72|31,15|49,96|91,67/91,64=91,14,55,80,64
37,38|14,93|55,73|75,85|93,56|14,75|14,32|67,74|31,48|14,31|32,9|69,95|87,98|82,45|56,82|38,87|14,37|48,55|9,69|85,67/14,45=14,93,56,82,45
16,48|61,84|43,16|89,43|77,68|75,14|4,76|75,89|39,47|75,13|84,25|75,20|35,38|66,77|13,61|20,95|14,66|76,35|95,39|75,4/75,47=75,20,95,39,47
67,57|57,42|98,67|72,9|48,31|42,83|98,15|77,87|31,23|62,48|98,72|98,77|87,76|76,55|98,62|45,68|15,8|53,79|8,45|9,53/98,68=98,15,8,45,68
38,13|98,74|38,50|38,25|54,97|13,98|89,80|1,55|66,54|80,88|11,57|74,47|69,51|38,36|25,89|57,83|38,69|50,66|36,11|51,1/38,83=38,36,11,57,83
53,58|94,56|52,37|94,6|27,34|56,71|94,47|5,27|6,51|47,83|71,75|34,86|51,79|75,12|21,72|72,52|79,0|83,53|94,21|94,5/94,0=94,6,51,79,0
96,9|92,27|3,13|13,39|96,3|96,93|96,37|96,70|15,8|41,38|79,81|68,79|70,78|11,15|78,92|93,75|39,72|75,41|37,68|9,11/96,72=96,3,13,39,72
16,65|80,56|86,48|30,97|66,63|47,99|63,35|30,47|33,86|17,16|20,79|99,80|30,84|30,4|30,20|84,33|4,66|97,17|79,3|3,36/30,48=30,84,33,86,48
84,15|71,50|27,84|54,10|28,71|10,39|20,23|39,97|50,34|65,54|65,27|7,37|15,52|40,88|13,7|37,18|65,40|65,13|65,28|88,20/65,97=65,54,10,39,97
65,67|4,9|55,56|74,21|38,26|17,4|39,22|38,61|38,85|26,74|48,55|85,48|21,6|96,65|66,42|67,34|61,17|38,66|42,39|38,96/38,34=38,96,65,67,34
91,96|0,42|35,94|66,44|23,26|13,30|35,13|96,77|35,29|29,90|35,45|84,23|16,66|30,0|45,84|35,91|2,38|90,2|94,16|77,95/35,44=35,94,16,66,44
70,61|36,73|83,48|19,42|84,39|44,37|89,90|36,44|37,43|39,83|73,53|53,19|80,89|36,80|55,31|36,84|90,87|36,55|31,70|43,49/36,61=36,55,31,70,61
40,76|40,20|55,35|76,66|40,93|93,43|38,28|40,59|20,64|31,83|66,55|47,50|64,99|40,31|21,98|99,60|59,38|83,47|28,91|43,21/40,98=40,93,43,21,98
14,3|55,27|44,18|95,58|74,59|44,24|42,69|69,14|44,42|59,32|31,35|24,97|81,13|18,74|44,95|44,31|80,85|97,55|58,81|35,80/44,13=44,95,58,81,13
45,71|43,79|15,52|28,40|7,10|45,7|50,96|40,34|12,60|5,3|71,92|45,26|45,28|26,43|92,12|79,17|45,15|52,5|10,50|34,83/45,60=45,71,92,12,60
82,99|29,85|64,72|87,82|81,95|95,29|16,81|16,17|16,42|27,64|11,20|23,11|16,39|54,27|12,73|73,18|39,23|42,12|16,54|17,87/16,20=16,39,23,11,20
79,89|20,34|7,65|18,17|14,4|95,29|29,0|91,45|3,95|36,91|3,79|34,14|3,18|89,74|66,36|3,20|3,66|74,92|0,73|17,7/3,4=3,20,34,14,4
91,48|91,10|1,41|10,69|93,51|44,55|69,29|13,22|91,44|15,25|71,39|55,13|91,59|59,93|41,71|51,95|91,1|25,76|48,15|29,89/91,89=91,10,69,29,89
44,90|18,55|64,78|11,16|64,93|59,44|23,10|13,3|64,41|27,26|93,59|3,18|78,51|64,13|69,24|64,27|40,69|51,11|41,40|26,23/64,10=64,27,26,23,10
32,11|34,60|89,41|15,32|67,89|25,73|9,93|34,64|90,83|52,80|93,49|60,9|34,52|34,15|34,25|56,47|64,67|11,28|73,56|80,90/34,28=34,15,32,11,28
8,92|66,64|88,13|66,67|66,76|38,88|79,86|42,8|86,12|21,81|52,42|43,71|71,90|81,98|13,26|67,21|64,79|66,38|76,43|66,52/66,90=66,76,43,71,90
66,35|57,5|43,37|60,64|37,60|8,94|77,57|93,8|35,77|66,41|66,52|51,74|12,51|41,65|66,93|94,89|52,12|66,43|97,27|65,97/66,89=66,93,8,94,89
44,8|65,28|11,78|5,51|69,49|78,4|79,6|4,69|0,10|11,79|96,75|11,44|11,65|38,19|28,95|51,38|95,97|8,96|11,5|6,0/11,10=11,79,6,0,10
42,66|11,37|98,95|51,61|98,87|15,43|35,51|98,76|95,15|86,99|37,81|87,8|98,11|76,35|8,42|99,40|98,49|43,84|81,21|49,86/98,66=98,87,8,42,66
69,3|93,24|97,93|3,1|59,26|28,54|90,59|97,90|6,72|24,6|96,38|83,69|38,70|97,96|52,11|70,31|97,28|97,83|54,52|26,88/97,88=97,90,59,26,88
91,98|21,10|15,30|88,51|66,35|20,85|35,92|21,87|92,93|51,49|98,37|21,45|21,66|21,56|56,91|87,16|89,15|16,20|45,88|10,89/21,93=21,66,35,92,93
48,35|25,23|48,55|55,17|48,81|34,2|77,34|35,42|48,61|5,71|72,13|75,37|44,72|61,77|70,25|81,70|17,75|83,44|48,83|42,5/48,71=48,35,42,5,71
75,9|55,0|81,24|81,37|9,42|50,71|14,55|81,88|71,79|81,50|21,69|83,14|88,75|28,21|45,84|79,54|41,45|24,28|81,83|37,41/81,54=81,50,71,79,54
40,16|65,24|6,72|35,17|16,60|17,40|35,83|4,62|52,56|35,7|3,65|83,96|35,48|35,93|48,3|56,5|96,6|93,4|62,9|7,52/35,24=35,48,3,65,24
3,6|36,94|19,42|88,97|97,8|8,87|31,36|60,19|71,89|87,30|6,64|88,31|94,91|89,76|10,71|96,60|88,10|64,85|88,3|88,96/88,85=88,3,6,64,85
35,66|32,95|28,55|27,98|95,59|96,38|55,61|98,86|18,27|32,26|26,35|32,18|69,64|9,85|59,96|32,28|32,9|85,69|66,57|61,67/32,57=32,26,35,66,57
50,2|84,42|85,30|51,37|30,72|67,89|97,23|42,36|33,43|99,33|37,85|51,97|48,99|51,48|23,50|81,7|51,81|51,84|7,67|36,73/51,43=51,48,99,33,43
12,16|50,99|0,97|45,12|62,23|13,31|23,64|99,82|58,0|16,19|92,58|28,30|87,1|28,45|31,87|30,62|28,92|25,50|28,13|28,25/28,97=28,92,58,0,97
91,99|32,37|1,5|77,34|43,89|0,92|34,18|63,76|5,74|43,67|43,63|43,0|20,96|53,77|92,32|76,20|89,73|67,1|73,91|43,53/43,18=43,53,77,34,18
74,56|31,35|56,54|9,92|17,93|31,57|34,10|19,9|40,71|35,19|71,17|82,74|31,40|96,2|31,82|23,34|94,8|57,23|8,96|31,94/31,10=31,57,23,34,10
50,41|81,75|50,14|63,96|9,23|79,77|96,95|16,78|62,22|50,81|75,92|59,16|50,9|50,45|41,7|92,66|45,59|23,62|14,63|7,79/50,95=50,14,63,96,95
51,70|76,59|45,72|45,79|45,98|29,57|45,76|98,29|79,75|10,4|33,86|72,10|57,17|55,80|70,55|4,30|59,33|45,51|19,42|75,19/45,86=45,76,59,33,86
82,27|87,82|79,7|27,61|83,18|64,24|70,90|99,70|18,56|83,87|94,99|36,62|24,19|26,64|17,78|83,94|56,36|78,79|83,26|83,17/83,19=83,26,64,24,19
34,3|44,93|10,67|44,45|44,20|33,46|93,99|51,59|45,27|83,10|67,88|46,62|27,51|20,61|61,34|44,66|99,36|36,18|44,83|66,33/44,18=44,93,99,36,18
47,8|29,48|64,39|8,76|39,33|23,29|2,23|40,32|65,28|82,53|17,47|32,65|2,17|48,94|2,12|52,82|12,64|91,52|2,91|2,40/2,94=2,23,29,48,94
93,43|62,96|12,93|62,46|41,15|50,76|62,50|33,26|46,12|84,32|53,5|85,60|96,33|60,84|97,41|15,17|26,14|62,85|62,97|76,53/62,14=62,96,33,26,14
7,40|96,1|48,84|93,7|91,96|10,55|1,52|6,93|55,77|40,75|62,68|97,48|30,10|59,45|84,24|45,62|6,97|6,30|6,91|6,59/6,52=6,91,96,1,52
67,63|63,2|86,87|87,61|61,13|39,80|45,17|15,10|86,12|17,64|86,39|56,76|86,67|12,33|33,15|13,92|90,45|86,90|80,56|2,30/86,64=86,90,45,17,64
37,14|9,19|63,40|37,63|30,97|37,45|59,88|37,9|19,55|40,93|55,71|20,59|93,50|97,35|37,13|45,30|14,20|23,62|16,23|13,16/37,62=37,13,16,23,62
98,35|81,82|58,7|38,61|35,48|71,38|98,58|48,94|98,96|98,62|96,47|94,59|47,81|85,93|7,85|98,70|62,71|14,78|70,14|78,84/98,59=98,35,48,94,59
24,92|96,24|22,27|27,1|3,59|86,58|98,61|78,22|78,86|17,91|91,3|78,17|1,67|78,95|95,96|35,71|61,94|58,35|78,98|94,79/78,79=78,98,61,94,79
86,63|48,35|6,61|68,13|6,43|61,32|65,79|6,93|79,51|18,86|36,65|35,67|70,68|93,18|43,70|97,57|6,36|88,48|32,97|6,88/6,67=6,88,48,35,67
8,59|21,89|53,52|89,86|0,32|88,54|0,77|0,21|86,90|0,20|11,58|12,83|0,12|83,11|59,92|32,72|77,53|72,88|52,71|20,8/0,58=0,12,83,11,58
57,99|90,30|36,86|81,13|57,94|49,50|94,90|33,73|54,55|30,35|3,49|7,54|50,87|56,81|57,3|55,20|57,7|57,36|99,56|86,33/57,87=57,3,49,50,87
41,66|37,16|66,24|29,51|51,70|16,29|25,62|80,41|84,48|62,93|18,25|37,18|87,22|97,87|44,28|48,44|37,84|37,69|69,97|37,80/37,22=37,69,97,87,22
39,48|30,72|73,38|42,19|26,0|30,55|30,14|0,42|72,36|30,26|23,73|14,39|18,51|48,96|30,37|36,98|55,23|37,35|98,77|35,18/30,77=30,72,36,98,77
62,33|33,25|59,41|90,59|35,10|3,19|78,64|36,3|25,65|64,58|73,72|34,90|76,35|73,62|10,67|72,36|73,34|73,76|73,28|28,78/73,65=73,62,33,25,65
85,31|85,11|85,19|94,45|19,28|93,21|11,9|75,47|85,99|99,72|9,44|31,62|44,61|72,71|18,84|85,93|71,33|28,94|62,18|21,75/85,47=85,93,21,75,47
14,38|10,37|53,11|5,28|21,95|10,21|95,92|84,5|92,52|28,31|10,40|38,29|37,53|43,63|63,18|10,84|58,43|40,14|10,58|11,59/10,59=10,37,53,11,59
63,42|98,13|12,97|15,55|56,95|23,28|15,12|86,99|55,51|64,24|32,86|28,52|13,64|75,32|15,75|15,98|17,23|97,56|15,17|51,63/15,99=15,75,32,86,99
0,37|25,72|3,70|4,23|72,0|30,42|20,3|67,73|30,7|73,69|14,79|50,67|58,39|30,50|30,25|30,4|54,58|42,54|7,20|23,14/30,70=30,7,20,3,70
34,62|62,52|57,32|52,68|40,66|36,31|32,8|68,61|37,78|34,36|34,59|77,71|30,40|71,17|59,30|31,37|34,95|95,77|8,15|34,57/34,17=34,95,77,71,17
88,77|19,34|38,19|16,81|35,43|59,96|75,97|90,75|81,90|16,87|16,39|39,59|47,46|16,47|46,49|77,35|49,48|96,95|87,38|16,88/16,97=16,81,90,75,97
89,38|89,27|89,78|73,16|27,70|38,48|20,72|67,28|72,88|8,20|84,52|89,84|89,8|35,60|78,35|52,67|70,22|22,44|60,17|48,73/89,88=89,8,20,72,88
46,94|16,91|4,49|97,82|35,73|63,76|25,66|70,69|73,79|79,87|63,35|63,25|0,74|63,4|49,16|76,29|66,46|63,0|29,97|74,70/63,69=63,0,74,70,69
15,9|9,76|98,15|72,8|48,53|76,83|98,67|77,87|53,79|62,48|98,72|98,77|87,42|42,23|98,62|45,68|67,57|31,55|57,45|8,31/98,68=98,67,57,45,68
93,42|86,29|13,17|77,81|46,44|74,80|42,46|54,74|81,54|77,7|7,34|77,40|17,61|39,8|40,86|77,13|29,21|61,23|77,93|34,39/77,8=77,7,34,39,8
98,7|89,57|5,73|59,98|73,0|44,4|79,22|79,27|79,17|68,43|43,2|79,24|27,38|24,68|87,59|79,87|17,5|38,89|4,12|22,44/79,12=79,22,44,4,12
49,70|7,84|7,47|10,18|84,43|7,5|5,83|36,92|7,49|35,41|3,54|48,8|83,3|98,53|41,56|47,35|92,98|7,36|43,10|70,48/7,56=7,47,35,41,56
1,14|1,48|44,74|55,8|1,35|63,39|8,65|14,63|78,26|4,16|74,27|58,98|26,58|39,95|48,44|16,7|35,55|1,4|1,78|7,79/1,27=1,48,44,74,27
46,52|57,20|29,62|60,92|67,60|53,57|97,43|50,67|70,86|52,70|27,44|43,27|33,29|12,33|11,12|20,6|11,53|11,46|11,50|11,97/11,92=11,50,67,60,92
95,96|69,5|95,67|30,94|39,14|95,18|41,30|3,59|95,2|5,49|96,41|93,48|84,42|48,39|18,76|95,93|55,84|67,69|2,55|76,3/95,59=95,18,76,3,59
46,57|53,65|0,97|99,35|14,76|77,56|41,48|87,77|87,5|76,0|56,46|65,27|87,14|48,8|87,86|86,41|28,84|87,28|5,53|84,99/87,57=87,77,56,46,57
5,56|3,68|53,22|22,2|59,63|95,35|85,3|84,95|92,26|59,85|59,5|30,84|68,31|59,30|2,58|56,94|26,98|59,53|94,66|63,92/59,31=59,85,3,68,31
61,98|25,51|33,58|15,99|44,52|44,33|3,39|31,77|77,87|39,74|44,0|63,61|21,15|88,31|58,25|99,19|44,88|44,21|52,3|0,63/44,98=44,0,63,61,98
45,23|84,17|64,13|70,4|94,70|82,33|64,63|64,45|64,94|23,90|28,26|50,82|63,50|4,89|64,31|31,84|26,80|13,28|17,5|90,88/64,88=64,45,23,90,88
32,42|90,17|80,65|90,9|17,41|96,78|50,82|9,96|42,28|49,70|90,49|89,47|90,32|58,14|14,50|78,12|28,11|90,58|41,89|70,80/90,47=90,17,41,89,47
44,40|12,50|16,6|72,69|6,72|16,19|69,11|16,0|16,97|61,12|97,61|19,23|16,81|0,44|23,88|88,59|42,31|4,42|40,14|81,4/16,14=16,0,44,40,14
85,77|71,26|49,71|85,11|33,0|16,28|23,32|11,94|75,23|0,17|70,35|72,49|94,70|85,66|95,8|85,95|66,33|77,75|8,16|85,72/85,26=85,72,49,71,26
23,77|43,33|80,91|6,71|61,2|91,3|10,20|14,55|23,62|62,51|71,15|99,97|23,99|2,10|77,6|23,61|97,14|23,52|52,80|51,43/23,20=23,61,2,10,20
38,40|87,19|82,33|82,56|92,12|50,23|23,77|77,79|33,92|78,81|51,87|73,38|82,50|82,72|40,11|72,78|56,51|12,9|81,58|82,73/82,79=82,50,23,77,79
79,25|72,78|9,20|72,39|72,46|39,2|66,9|78,98|68,12|72,66|46,32|1,77|2,68|77,79|32,62|72,1|87,15|20,67|62,6|98,87/72,12=72,39,2,68,12
56,54|79,64|81,11|92,77|18,50|64,22|93,31|37,60|93,79|15,18|38,92|93,37|93,56|60,81|22,19|31,15|77,65|54,28|93,38|28,8/93,65=93,38,92,77,65
9,62|50,79|84,71|21,50|18,56|80,68|5,85|67,9|84,80|71,18|79,58|84,21|62,8|75,5|87,42|68,87|85,31|84,67|56,28|84,75/84,42=84,80,68,87,42
65,38|76,52|94,59|59,32|86,6|38,78|13,44|86,13|61,25|28,61|44,76|86,65|81,10|86,28|25,41|6,81|10,66|86,35|78,3|35,94/86,32=86,35,94,59,32
10,0|14,36|95,88|11,5|70,15|11,70|99,87|46,38|88,80|60,25|13,46|11,94|11,92|94,60|15,99|25,66|5,13|92,95|11,10|0,14/11,66=11,94,60,25,66
44,87|83,0|44,13|87,67|37,73|13,99|31,37|2,50|44,31|44,42|62,85|50,63|99,16|67,62|42,2|71,83|16,43|45,71|73,77|44,45/44,43=44,13,99,16,43
5,80|30,48|35,66|66,95|17,75|4,92|23,69|80,30|75,25|24,57|5,23|25,19|59,27|5,35|57,4|95,8|69,59|48,99|5,24|5,17/5,8=5,35,66,95,8
85,79|94,0|58,93|58,32|58,98|58,54|58,2|32,59|79,81|98,91|2,25|93,57|91,77|57,94|12,9|25,11|59,12|77,73|11,60|54,85/58,81=58,54,85,79,81
78,24|19,11|27,43|43,87|41,67|71,17|68,49|17,1|78,71|78,19|1,46|23,89|24,41|11,68|67,59|78,51|87,4|78,27|89,18|51,23/78,46=78,71,17,1,46
35,14|65,29|25,48|29,42|64,65|12,61|11,85|7,3|11,25|68,40|48,20|19,12|11,70|85,68|70,19|20,66|40,79|11,7|3,35|11,64/11,14=11,7,3,35,14
80,46|51,32|80,47|62,24|72,86|80,51|99,61|40,83|83,34|45,28|80,56|47,40|32,81|76,62|80,99|46,45|81,23|61,72|28,27|56,76/80,86=80,99,61,72,86
60,52|86,59|46,42|80,4|61,80|57,88|4,9|76,95|76,61|76,57|76,84|84,60|42,66|88,78|52,77|76,2|95,12|78,20|12,86|2,46/76,20=76,57,88,78,20
93,55|79,49|2,4|10,98|82,78|29,10|57,82|93,40|93,29|93,30|55,44|30,2|44,41|93,35|40,57|41,48|35,37|37,79|98,62|4,56/93,56=93,30,2,4,56
49,12|27,33|4,60|12,64|85,86|4,69|68,28|60,27|39,85|52,61|4,52|33,10|74,78|37,68|0,39|4,55|61,74|55,37|69,49|4,0/4,64=4,69,49,12,64
67,76|35,51|8,72|48,14|72,60|55,57|77,24|24,55|97,37|39,8|90,16|77,39|37,74|16,35|77,67|77,90|76,48|77,97|74,17|57,95/77,60=77,39,8,72,60
19,22|76,56|10,96|47,21|56,19|14,42|14,84|84,70|42,49|7,29|14,7|14,13|70,38|29,10|78,43|16,47|14,76|38,28|13,16|49,78/14,43=14,42,49,78,43
50,4|70,16|16,5|69,21|28,2|30,69|20,9|19,48|50,38|38,41|22,30|50,14|50,20|14,70|50,22|2,27|9,19|4,28|66,29|41,66/50,5=50,14,70,16,5
38,94|94,91|18,96|78,71|48,95|91,22|17,80|17,38|19,84|55,88|39,78|96,48|80,39|17,19|76,25|17,18|5,36|84,55|25,5|17,76/17,71=17,80,39,78,71
49,79|83,44|44,32|5,30|32,17|81,74|11,98|83,89|43,7|89,90|79,81|98,26|17,0|90,5|83,11|26,10|83,25|7,21|25,43|83,49/83,10=83,11,98,26,10
35,89|4,65|69,18|41,50|39,70|87,98|2,16|16,4|72,1|0,44|45,2|98,72|92,27|44,41|70,69|45,39|45,35|89,92|45,87|45,0/45,27=45,35,89,92,27
7,2|59,32|17,7|17,57|32,56|95,46|44,21|70,0|17,59|21,90|57,82|17,37|37,95|71,44|82,27|2,70|27,67|17,71|46,3|56,24/17,24=17,59,32,56,24
5,3|42,5|92,77|40,47|3,11|60,65|47,20|28,4|40,24|65,53|40,93|55,25|20,28|40,42|93,60|40,21|48,92|24,55|21,48|25,84/40,53=40,93,60,65,53
62,71|62,93|14,15|28,44|62,14|48,54|3,57|44,94|93,82|62,35|67,66|34,95|71,2|95,41|15,3|36,34|35,28|2,67|82,48|62,36/62,54=62,93,82,48,54
3,92|45,3|31,4|91,48|91,16|82,70|19,45|48,29|57,47|46,82|5,84|73,90|91,31|16,46|91,66|29,57|4,5|66,25|91,19|25,73/91,92=91,19,45,3,92
5,23|57,59|80,75|75,95|24,66|48,92|17,30|23,57|66,25|35,69|5,17|25,27|4,19|5,80|69,48|95,8|30,4|59,99|5,35|5,24/5,8=5,80,75,95,8
77,40|45,68|14,19|19,83|77,55|17,79|40,4|77,0|20,90|77,3|81,16|90,54|55,17|71,81|3,20|4,45|31,14|77,31|79,58|0,71/77,58=77,55,17,79,58
80,47|63,7|50,52|7,36|24,43|80,41|47,24|91,63|64,31|26,64|23,16|80,23|51,96|43,60|80,91|67,58|41,26|80,51|96,67|16,50/80,36=80,91,63,7,36
12,72|87,91|21,17|24,87|14,46|65,23|21,20|64,79|21,99|21,15|7,12|99,7|15,24|41,37|21,41|20,80|37,65|17,34|80,14|34,64/21,23=21,41,37,65,23
60,54|30,59|90,86|97,92|38,53|38,74|0,97|38,41|12,99|39,66|42,13|66,42|38,60|54,90|38,39|59,94|99,73|74,30|41,12|53,0/38,94=38,74,30,59,94
32,99|13,37|84,32|65,79|53,18|38,29|57,72|59,76|17,53|65,38|51,57|85,17|65,84|65,85|28,51|29,59|65,28|99,92|37,68|79,13/65,18=65,85,17,53,18
66,1|40,42|20,40|84,66|81,68|20,67|20,60|20,39|20,81|17,16|60,72|72,2|67,17|39,84|42,7|7,3|68,70|70,33|16,58|2,57/20,58=20,67,17,16,58
41,66|39,81|66,34|33,15|35,50|67,11|64,48|35,33|35,67|11,77|15,10|35,89|77,4|50,62|62,64|27,18|10,14|89,41|18,39|35,27/35,4=35,67,11,77,4
28,86|1,67|91,75|47,45|1,60|30,6|67,21|1,69|69,91|86,71|71,29|45,30|26,62|60,95|1,47|1,28|21,11|11,96|75,16|95,26/1,96=1,67,21,11,96
60,36|94,53|20,18|90,74|18,54|71,72|54,15|82,90|74,71|46,47|82,94|82,20|75,13|36,46|78,75|53,35|13,6|82,78|82,60|35,59/82,6=82,78,75,13,6
5,14|13,43|2,13|67,50|57,93|1,19|2,8|50,57|35,5|0,30|43,74|74,60|19,0|49,7|8,35|2,1|40,77|2,49|2,67|7,40/2,30=2,1,19,0,30
76,99|73,28|97,35|98,83|72,73|76,85|35,92|76,66|96,19|6,10|99,97|79,15|66,72|83,41|7,98|85,43|19,6|76,7|43,79|76,96/76,41=76,7,98,83,41
46,79|25,61|25,91|96,21|83,0|79,63|25,83|63,97|25,50|50,65|0,49|49,75|66,72|69,96|25,46|72,89|65,37|61,69|91,66|37,86/25,75=25,83,0,49,75
10,75|22,63|38,18|60,33|10,60|13,22|10,56|18,5|97,41|56,44|5,79|41,45|10,97|45,51|72,49|55,14|10,38|75,13|44,72|33,55/10,79=10,38,18,5,79
77,55|90,54|71,19|19,83|77,3|4,79|55,20|77,0|17,81|77,31|45,16|81,68|3,4|14,45|31,17|20,90|40,71|77,40|79,58|0,14/77,58=77,3,4,79,58
53,29|76,36|39,7|75,47|39,88|45,42|7,96|88,5|42,74|26,45|99,78|47,43|94,75|39,94|39,26|34,53|96,76|5,99|39,61|61,34/39,36=39,7,96,76,36
90,38|14,82|61,31|97,66|70,92|88,51|14,97|14,50|81,88|22,46|46,40|76,81|82,22|14,62|14,76|31,28|38,4|50,61|66,70|62,90/14,4=14,62,90,38,4
26,40|41,21|58,26|88,94|74,46|97,88|9,60|62,74|41,27|41,38|44,9|38,84|27,62|21,97|41,93|41,58|84,80|80,43|93,44|40,79/41,60=41,93,44,9,60
54,32|73,10|37,46|27,28|94,99|4,18|37,4|62,84|37,27|46,12|37,62|84,17|58,94|12,73|72,29|28,54|17,42|18,72|99,60|37,58/37,29=37,4,18,72,29
24,99|64,12|29,62|40,60|82,41|40,29|12,73|40,37|37,22|60,64|68,0|62,7|40,59|22,82|7,80|27,68|59,27|40,3|3,24|99,49/40,80=40,29,62,7,80
89,95|21,35|35,2|62,15|28,82|3,65|12,6|86,25|86,12|86,62|58,56|86,50|25,89|78,21|15,3|56,39|50,58|6,28|95,55|86,78/86,2=86,78,21,35,2
98,36|60,25|66,14|35,75|25,44|85,98|60,0|62,27|18,48|0,62|33,18|27,24|60,35|36,63|75,80|80,10|44,66|60,85|60,55|55,33/60,24=60,0,62,27,24
32,72|65,94|51,93|84,89|84,30|84,75|72,81|56,27|89,34|75,48|93,24|95,44|30,19|81,35|48,95|87,51|84,87|19,65|34,56|84,32/84,27=84,89,34,56,27
34,82|37,33|5,43|71,12|12,7|13,71|13,88|7,96|74,6|78,75|13,34|88,74|13,57|57,5|43,20|6,25|99,60|60,78|13,99|82,37/13,25=13,88,74,6,25
85,45|73,27|56,41|69,1|41,85|53,35|81,61|78,30|98,78|35,69|27,60|56,53|79,73|56,98|61,31|31,74|56,79|45,84|30,17|56,81/56,84=56,41,85,45,84
7,38|7,83|0,67|66,49|7,0|3,86|24,11|7,76|9,72|5,39|49,3|87,55|38,5|39,13|77,87|7,66|76,77|11,46|67,9|83,24/7,72=7,0,67,9,72
65,59|37,15|73,22|37,84|15,34|62,48|84,87|43,61|87,73|37,62|5,27|61,44|48,5|37,9|9,65|0,43|59,18|37,0|77,28|34,77/37,18=37,9,65,59,18
58,75|54,51|58,19|25,15|20,68|58,20|27,64|68,38|19,25|58,71|75,37|97,54|36,39|15,5|58,27|64,92|38,32|92,93|71,97|37,36/58,32=58,20,68,38,32
16,11|66,1|66,87|66,65|80,61|69,25|11,37|26,70|47,58|87,69|66,26|23,80|25,22|65,16|5,7|97,23|1,15|15,5|70,47|66,97/66,37=66,65,16,11,37
36,37|11,77|46,66|46,18|61,40|40,2|77,92|53,97|37,3|62,53|46,62|79,61|97,15|51,85|66,36|42,51|46,42|85,33|18,11|46,79/46,33=46,42,51,85,33
54,58|61,83|55,68|58,95|9,55|87,4|49,73|29,34|70,9|0,29|87,0|4,54|83,51|87,70|34,47|73,11|87,49|59,61|11,60|87,59/87,47=87,0,29,34,47
17,9|41,61|67,25|4,53|73,48|38,85|4,92|4,41|46,69|4,73|61,67|22,17|92,46|4,22|48,38|69,64|53,77|9,60|77,30|30,7/4,64=4,92,46,69,64
64,3|80,46|9,26|72,35|25,51|3,17|35,0|70,72|94,80|86,58|18,31|64,70|17,18|41,25|64,94|46,33|64,48|48,41|26,86|64,9/64,31=64,3,17,18,31
12,74|72,63|28,85|28,72|87,20|73,39|56,40|40,67|21,73|74,61|6,62|28,11|28,21|24,6|63,87|85,56|28,49|11,24|49,12|39,33/28,61=28,49,12,74,61
62,73|36,65|7,52|38,97|41,85|27,17|17,44|48,56|97,36|8,75|18,53|8,48|73,18|56,7|8,38|8,22|8,62|22,41|85,6|75,27/8,52=8,48,56,7,52
75,89|63,74|76,63|36,73|6,75|73,23|53,55|92,6|92,2|2,90|92,95|95,36|92,56|91,62|90,53|37,84|56,76|89,47|84,91|92,37/92,62=92,37,84,91,62
20,96|31,20|42,72|83,50|96,24|55,44|22,55|80,77|93,80|24,98|31,22|91,84|44,97|21,42|31,21|72,12|77,28|50,91|31,83|31,93/31,12=31,21,42,72,12
44,98|83,25|25,90|7,30|90,17|5,21|49,43|83,89|79,81|89,32|98,5|43,26|17,0|32,7|83,49|26,10|83,11|81,74|11,79|83,44/83,10=83,49,43,26,10
80,91|32,26|84,79|13,96|2,49|11,38|2,80|2,11|38,22|36,40|2,68|2,32|49,71|40,50|71,84|91,13|68,36|26,1|22,10|1,98/2,50=2,68,36,40,50
73,58|11,45|41,38|27,97|29,75|75,80|71,59|45,71|9,24|31,73|79,76|29,31|29,79|76,41|89,27|80,9|1,89|29,11|58,88|29,1/29,88=29,31,73,58,88
0,98|72,65|69,18|4,1|87,16|35,44|2,70|70,72|41,50|39,89|45,2|44,41|92,27|89,4|16,69|45,87|45,0|98,92|45,35|45,39/45,27=45,0,98,92,27
56,4|34,69|35,56|68,86|28,44|33,17|47,45|17,15|95,35|44,68|33,95|33,28|15,34|77,88|9,23|33,40|23,47|88,14|33,9|40,77/33,69=33,17,15,34,69
27,19|68,1|60,83|66,99|96,68|71,90|49,96|39,54|54,66|34,88|88,60|85,71|89,85|34,49|34,89|34,95|95,24|24,27|83,14|34,39/34,19=34,95,24,27,19
9,58|41,33|77,29|39,63|39,95|88,24|92,77|39,83|49,9|60,44|72,47|83,76|44,41|66,88|58,82|95,92|63,66|39,60|39,49|76,72/39,24=39,63,66,88,24
93,36|99,72|79,8|96,50|50,16|47,4|4,83|93,18|25,28|93,64|64,99|18,79|72,7|83,35|93,47|8,80|36,96|93,49|28,10|49,25/93,16=93,36,96,50,16
70,64|31,72|29,26|70,77|70,63|63,39|82,9|51,96|91,82|70,44|26,5|44,74|74,55|55,88|70,6|6,31|64,91|77,29|39,51|72,99/70,88=70,44,74,55,88
36,83|72,38|37,42|14,53|78,14|36,7|81,72|36,43|38,58|98,24|42,27|21,92|43,98|36,0|0,78|24,44|36,81|83,25|25,21|7,37/36,44=36,43,98,24,44
92,64|76,71|76,80|73,53|24,55|15,87|79,24|80,47|87,73|50,77|42,79|65,26|2,65|76,42|64,28|47,50|76,49|49,92|71,2|76,15/76,55=76,42,79,24,55
98,14|35,86|87,52|72,2|93,58|63,82|59,97|52,49|76,63|87,50|87,93|87,76|43,59|86,15|87,37|58,72|50,35|37,43|49,98|82,95/87,95=87,76,63,82,95
7,47|91,94|20,43|4,61|7,45|85,69|30,96|61,77|34,20|2,30|96,38|47,85|33,81|7,33|7,2|69,48|43,54|81,91|45,4|7,34/7,38=7,2,30,96,38
41,37|97,34|12,53|41,39|41,96|39,16|31,97|28,12|10,92|87,28|50,18|41,87|16,14|92,77|14,44|34,98|96,50|18,6|41,31|37,10/41,44=41,39,16,14,44
67,63|17,71|95,87|74,37|46,74|67,95|87,18|80,44|71,83|37,19|98,97|76,30|63,80|67,46|97,76|18,88|67,17|44,15|83,40|67,98/67,40=67,17,71,83,40
22,69|22,59|87,20|22,51|38,37|39,62|37,5|93,33|22,89|51,38|69,39|22,41|74,87|89,67|59,74|33,12|67,19|62,83|19,28|41,93/22,20=22,59,74,87,20
87,22|75,57|80,26|85,13|85,2|7,75|85,79|22,91|11,81|2,9|58,97|81,80|84,36|79,7|91,49|85,87|85,11|9,84|82,58|13,82/85,97=85,13,82,58,97
19,96|59,95|12,98|68,85|1,34|1,19|67,91|1,25|78,3|45,28|34,52|88,20|25,59|95,54|98,67|3,45|52,88|1,12|96,68|1,78/1,91=1,12,98,67,91
53,62|93,20|60,71|93,13|78,60|69,64|48,53|89,48|83,14|24,6|45,78|93,41|20,70|41,24|93,45|6,99|93,89|17,83|13,17|70,69/93,99=93,41,24,6,99
32,13|9,30|76,34|39,76|60,48|70,15|9,32|9,5|9,7|5,39|13,91|7,6|74,70|6,53|9,24|53,68|30,2|91,58|2,60|24,74/9,58=9,32,13,91,58
79,32|98,52|5,94|40,5|40,79|62,87|32,33|51,92|33,56|94,1|99,37|13,80|52,99|87,38|40,51|1,73|92,13|40,62|40,98|38,58/40,58=40,62,87,38,58
89,20|32,89|30,23|63,14|28,15|32,28|15,30|21,80|14,54|67,21|38,16|36,71|32,2|16,79|32,0|2,38|83,63|32,83|0,67|20,36/32,79=32,2,38,16,79
24,30|36,41|16,88|74,79|79,4|16,74|16,6|4,92|73,97|55,27|16,36|27,24|6,77|88,12|12,67|41,73|67,32|77,17|17,47|16,55/16,32=16,88,12,67,32
36,55|49,51|16,36|3,43|30,27|8,41|92,30|55,10|43,11|8,29|29,25|85,49|41,92|11,96|25,2|8,3|51,21|2,38|8,16|8,85/8,10=8,16,36,55,10
91,76|51,26|22,66|91,45|26,64|58,28|36,41|76,5|13,15|90,22|45,58|15,36|91,95|5,48|95,51|91,52|28,14|91,13|48,8|52,90/91,64=91,95,51,26,64
48,55|38,54|48,94|54,99|79,36|56,50|6,43|43,15|36,68|40,83|48,2|55,58|58,56|2,40|83,97|48,6|15,88|68,80|94,38|48,79/48,97=48,2,40,83,97
93,39|30,25|30,86|30,84|84,9|3,17|9,58|15,3|77,88|49,14|39,49|76,35|46,59|86,77|30,93|25,15|35,46|30,76|88,94|58,4/30,17=30,25,15,3,17
43,65|35,71|21,0|61,37|64,59|51,68|48,6|99,2|48,30|65,28|6,50|30,86|28,4|86,21|48,43|59,61|48,64|50,99|71,51|48,35/48,2=48,6,50,99,2
74,88|31,25|30,55|88,48|59,50|50,32|45,31|71,58|71,93|55,61|71,80|71,74|71,59|91,70|32,52|93,84|48,19|80,30|58,45|84,91/71,52=71,59,50,32,52
3,56|69,80|95,50|81,95|80,52|81,41|81,23|9,84|50,9|81,69|23,10|41,8|56,91|52,21|81,3|91,48|16,57|10,39|8,16|39,65/81,65=81,23,10,39,65
47,27|11,48|91,2|53,70|77,11|63,77|7,4|99,75|43,53|4,9|75,91|85,43|99,47|2,74|99,85|56,96|99,63|72,7|99,72|27,56/99,70=99,85,43,53,70
76,20|5,13|64,68|2,22|7,5|59,28|15,57|7,35|7,82|49,90|90,42|57,76|68,30|7,37|37,59|35,64|13,2|82,49|7,15|28,73/7,73=7,37,59,28,73
5,90|75,48|90,11|72,53|72,5|43,23|64,0|48,68|72,79|4,17|21,75|79,3|54,43|72,21|17,16|53,4|3,64|72,54|23,19|11,65/72,19=72,54,43,23,19
19,27|19,82|19,86|86,74|2,89|72,95|82,2|63,41|19,73|59,65|74,72|19,78|92,20|78,6|35,59|73,75|27,35|89,50|6,92|75,63/19,50=19,82,2,89,50
63,69|96,63|98,9|59,12|96,38|9,74|74,80|96,8|69,60|94,99|12,94|19,6|96,59|53,19|38,46|8,53|60,68|96,98|46,47|47,43/96,99=96,59,12,94,99
2,32|88,68|27,23|11,69|27,84|23,76|54,2|76,11|27,1|5,55|55,41|13,29|62,9|68,39|84,5|1,54|29,62|27,88|27,13|39,56/27,9=27,13,29,62,9
80,15|38,7|69,25|7,19|9,80|98,3|96,67|15,53|9,38|67,69|9,49|53,76|79,44|19,73|9,82|9,96|82,79|49,54|44,16|54,98/9,73=9,38,7,19,73
98,56|80,70|1,31|26,16|45,24|59,61|70,26|61,35|24,75|99,45|1,80|31,43|43,98|1,99|46,72|72,77|1,0|0,46|1,59|35,62/1,75=1,99,45,24,75
3,16|1,69|90,97|72,1|23,72|6,4|40,64|46,92|40,80|40,3|55,46|16,93|64,62|93,41|61,55|40,23|40,61|95,6|62,90|80,95/40,97=40,64,62,90,97
23,70|17,37|62,88|17,61|17,23|17,91|59,69|88,76|45,39|17,64|58,60|31,58|18,45|64,18|94,55|61,62|91,94|70,59|37,31|55,13/17,69=17,23,70,59,69
56,77|81,88|41,33|6,76|76,47|99,53|7,56|99,5|53,87|82,29|77,24|99,7|99,8|32,4|33,66|99,32|4,82|8,41|5,6|87,81/99,66=99,8,41,33,66
90,71|71,54|54,30|69,73|19,1|13,60|38,18|73,77|22,65|1,35|90,50|30,82|90,38|40,22|45,69|50,40|89,19|90,45|18,13|90,89/90,35=90,89,19,1,35
18,55|98,63|18,87|87,90|63,85|69,61|92,97|90,13|55,98|14,64|68,36|97,1|61,68|18,15|48,14|18,69|15,48|13,58|18,92|1,96/18,85=18,55,98,63,85
50,21|41,28|29,56|73,29|18,14|14,12|95,24|95,81|35,73|93,98|95,35|95,66|24,38|49,27|28,50|81,18|98,77|95,41|66,93|38,49/95,21=95,41,28,50,21
88,4|64,75|18,20|48,53|67,68|4,31|20,46|67,22|2,97|22,88|67,72|67,2|68,21|50,17|21,64|67,48|53,50|72,18|97,89|89,61/67,75=67,68,21,64,75
71,46|37,89|46,91|71,80|58,0|16,58|24,37|71,16|0,97|63,24|71,63|62,77|80,3|3,26|91,30|9,82|71,62|30,2|26,43|77,9/71,43=71,80,3,26,43
21,22|37,59|47,53|43,35|36,43|29,37|80,76|36,21|76,56|36,98|86,92|98,80|92,51|35,58|36,86|36,29|51,84|59,87|22,47|58,18/36,18=36,43,35,58,18
99,73|74,47|15,52|95,37|74,99|74,20|74,15|47,51|27,3|57,29|1,6|74,71|20,33|52,1|71,58|51,57|73,66|58,95|33,27|66,22/74,3=74,20,33,27,3
27,11|42,1|83,42|62,75|74,30|31,26|31,83|93,74|75,21|29,36|26,93|31,27|59,29|31,20|20,59|11,97|31,62|1,34|97,57|21,18/31,36=31,20,59,29,36
98,17|85,20|29,89|43,2|46,66|0,13|2,29|67,63|98,0|98,55|55,11|11,81|66,3|98,1|13,67|98,43|17,46|81,96|20,57|1,85/98,96=98,55,11,81,96
38,17|21,75|1,15|41,21|70,60|48,24|71,41|87,56|13,48|8,38|24,29|40,58|87,71|87,13|56,50|50,1|58,70|87,40|17,81|87,8/87,60=87,40,58,70,60
82,39|84,50|4,3|84,63|50,5|35,38|8,35|63,7|78,6|84,8|3,78|84,4|42,90|43,54|84,88|5,82|88,44|44,42|38,2|7,43/84,2=84,8,35,38,2
38,15|25,91|37,40|99,7|63,38|99,60|34,37|90,48|99,67|7,63|60,25|46,64|98,90|67,34|99,85|85,46|91,8|99,47|64,10|47,98/99,10=99,85,46,64,10
17,0|70,29|89,93|54,83|6,15|6,23|23,16|47,27|6,54|16,47|6,87|15,70|6,44|44,33|87,61|61,89|33,48|48,5|29,8|83,17/6,27=6,23,16,47,27
48,55|29,79|41,58|41,98|95,23|41,44|25,85|85,65|41,48|58,43|97,95|98,25|44,1|23,93|41,97|82,22|55,61|43,82|1,29|61,84/41,84=41,48,55,61,84
6,69|90,88|33,86|10,79|16,36|99,26|82,2|73,10|88,68|36,83|54,43|79,72|83,31|6,73|26,82|6,99|6,16|69,90|6,33|86,54/6,43=6,33,86,54,43
41,30|68,39|54,36|36,93|3,54|20,76|3,82|93,99|82,68|3,22|89,55|19,89|30,25|3,41|39,95|3,19|29,20|25,81|22,29|55,63/3,76=3,22,29,20,76
86,54|86,49|24,65|46,23|23,76|65,43|54,36|66,24|86,95|86,66|86,46|28,56|16,6|70,28|49,70|36,1|6,48|1,10|76,42|95,16/86,10=86,54,36,1,10
11,16|16,65|45,41|44,1|43,85|45,96|41,95|45,2|66,8|37,43|95,49|3,46|23,66|1,3|45,56|45,44|49,25|2,37|96,11|56,23/45,25=45,41,95,49,25
49,24|42,51|54,37|49,15|72,43|16,3|24,21|18,64|56,86|21,5|5,9|96,16|49,94|15,82|51,56|49,72|43,18|49,42|82,54|94,96/49,3=49,94,96,16,3
22,46|46,94|85,29|36,22|15,38|51,34|21,88|93,15|85,35|12,93|34,69|88,91|44,51|85,44|29,21|85,36|85,12|35,95|95,4|4,23/85,94=85,36,22,46,94
26,24|91,47|39,36|91,70|70,5|36,27|92,26|27,35|6,62|79,99|1,2|85,1|5,6|19,92|91,19|47,79|2,33|91,39|99,83|91,85/91,24=91,19,92,26,24
75,94|40,75|64,34|49,83|2,77|53,38|53,40|53,10|78,43|53,58|11,9|18,64|77,78|10,49|83,57|53,2|58,18|9,17|38,11|94,91/53,17=53,38,11,9,17
78,53|79,0|18,48|65,91|83,79|78,65|24,18|19,24|78,19|75,35|53,75|60,5|78,17|11,77|35,34|77,67|90,83|78,90|91,60|17,11/78,67=78,17,11,77,67
31,60|71,87|19,30|88,96|96,36|36,89|97,71|6,19|8,94|89,42|60,64|88,97|87,91|94,76|3,8|10,6|88,3|64,85|88,31|88,10/88,85=88,31,60,64,85
72,83|28,95|83,15|55,28|55,39|86,54|37,8|50,37|58,36|55,72|55,40|99,61|1,50|15,91|80,86|95,99|36,18|55,1|39,58|40,80/55,18=55,39,58,36,18
22,43|93,88|6,22|82,52|28,6|43,26|96,78|78,61|98,71|63,96|84,98|52,93|87,84|28,82|28,87|91,23|28,63|28,51|23,79|51,91/28,61=28,63,96,78,61
0,86|65,15|2,73|76,97|15,87|97,99|16,32|36,26|16,65|16,40|16,36|87,42|12,35|26,0|88,2|32,88|40,76|16,12|79,22|35,79/16,99=16,40,76,97,99
90,74|34,86|57,95|57,55|10,42|86,80|60,72|95,10|57,2|15,60|78,97|45,26|74,5|55,34|57,77|26,78|42,46|2,90|77,15|57,45/57,72=57,77,15,60,72
43,99|13,17|17,80|83,50|73,13|73,95|95,21|82,64|74,63|64,88|80,6|99,16|77,82|73,77|97,30|73,43|73,83|16,4|50,74|21,97/73,63=73,83,50,74,63
77,99|94,51|15,54|37,80|82,42|99,82|55,63|72,24|75,41|94,75|80,57|94,15|94,77|51,74|41,55|54,72|74,10|57,73|94,37|10,64/94,64=94,51,74,10,64
49,26|88,3|42,29|29,71|3,9|26,74|49,14|65,88|35,96|57,59|59,82|49,42|71,1|74,0|96,17|0,39|14,57|49,35|17,75|49,65/49,39=49,26,74,0,39
74,3|21,42|39,36|9,26|42,69|89,39|89,9|26,56|36,74|30,5|56,0|28,68|89,30|5,14|68,79|89,64|64,28|89,21|69,6|14,70/89,70=89,30,5,14,70
2,65|56,70|29,8|54,56|10,63|63,50|88,15|51,29|10,57|10,2|92,39|10,88|50,28|65,84|15,92|57,54|84,77|69,51|10,69|28,31/10,8=10,69,51,29,8
32,54|38,56|23,46|61,57|34,42|40,53|4,28|38,4|72,39|42,91|54,33|3,40|56,3|39,23|38,34|38,30|28,61|91,77|38,72|30,32/38,57=38,4,28,61,57
8,9|10,12|48,51|86,3|9,63|3,36|94,21|51,38|72,53|94,89|83,10|36,61|94,86|63,91|94,8|89,48|53,88|15,72|94,15|21,83/94,91=94,8,9,63,91
14,77|6,65|53,10|19,93|2,97|65,56|14,21|77,19|84,2|22,7|93,51|97,17|3,6|82,53|14,84|7,34|14,82|14,3|10,80|21,22/14,34=14,21,22,7,34
43,79|51,6|30,3|3,68|99,36|99,62|18,55|12,86|86,18|99,53|53,34|34,27|1,95|6,1|99,51|27,16|79,19|36,43|62,30|99,12/99,55=99,12,86,18,55
75,15|36,26|96,67|20,99|89,20|15,25|75,96|75,77|13,78|67,36|75,97|54,46|94,39|59,89|75,59|22,54|25,13|77,22|39,47|97,94/75,47=75,97,94,39,47
8,31|38,45|80,74|31,67|93,7|7,80|85,39|3,90|86,8|93,55|55,17|93,86|93,85|93,38|39,3|74,35|24,53|81,99|45,81|17,24/93,90=93,85,39,3,90
18,22|69,82|73,19|95,55|55,74|35,18|43,59|19,57|69,43|86,16|94,37|69,8|69,95|69,39|74,5|59,94|82,86|39,35|16,46|8,73/69,22=69,39,35,18,22
24,77|39,53|53,33|39,57|51,49|56,24|63,76|33,82|67,63|70,78|39,55|39,70|55,92|82,35|39,56|78,51|92,54|57,67|77,30|54,28/39,76=39,57,67,63,76
83,38|76,34|35,72|31,42|77,31|35,63|24,94|35,83|38,91|30,32|42,44|72,30|91,15|35,24|32,95|40,11|35,77|34,75|94,40|63,76/35,15=35,83,38,91,15
18,78|31,88|11,32|84,74|55,17|70,75|55,9|30,50|37,95|55,31|95,40|55,70|9,18|17,37|75,30|55,84|78,63|74,60|88,11|60,91/55,32=55,31,88,11,32
80,14|95,33|76,79|16,76|16,53|64,83|20,68|16,11|40,19|79,95|16,40|58,80|35,88|57,43|53,35|88,23|19,57|11,58|16,64|83,20/16,43=16,40,19,57,43
85,72|95,92|97,2|92,71|32,67|95,66|68,32|66,58|9,97|95,68|95,9|2,86|72,64|58,90|95,85|67,50|64,8|90,28|71,38|38,76/95,86=95,9,97,2,86
71,43|32,3|3,63|37,54|67,87|54,32|36,13|37,67|45,29|13,19|29,47|37,45|87,71|47,5|98,7|37,35|10,98|35,10|19,20|37,36/37,20=37,36,13,19,20
71,22|27,52|33,42|63,65|60,91|94,44|42,63|91,84|44,60|86,27|74,66|94,33|94,40|22,5|5,92|94,54|50,74|40,50|94,71|54,86/94,84=94,44,60,91,84
76,48|5,65|31,99|13,53|98,5|96,51|36,74|88,26|80,98|97,76|36,13|99,32|36,80|38,31|74,86|86,88|53,96|36,38|36,7|7,97/36,48=36,7,97,76,48
58,4|56,51|54,61|76,32|85,20|22,63|29,76|20,29|23,58|85,56|63,45|61,48|85,67|45,78|94,93|85,22|85,23|51,94|67,54|4,34/85,34=85,23,58,4,34
84,22|39,7|71,47|45,84|50,18|42,43|71,42|18,39|53,73|20,26|73,96|71,45|43,23|71,50|71,20|22,86|26,35|23,64|35,62|47,53/71,64=71,42,43,23,64
33,7|79,91|62,64|66,42|6,22|22,70|93,79|42,52|93,60|48,33|91,87|93,82|58,62|93,27|27,6|99,58|60,66|82,48|87,26|93,99/93,70=93,27,6,22,70
13,1|64,72|39,64|41,7|7,65|48,88|84,51|89,0|72,74|65,47|71,2|28,89|2,52|71,41|71,48|52,84|0,67|71,28|88,13|71,39/71,47=71,41,7,65,47
71,43|23,72|10,67|72,17|11,0|95,49|50,86|94,50|4,65|14,95|71,23|71,61|46,10|61,46|43,14|71,94|17,66|71,4|86,30|65,11/71,67=71,61,46,10,67
68,67|67,24|60,54|49,33|81,51|83,20|68,11|22,90|11,82|33,22|82,60|68,49|98,8|68,98|53,16|68,83|8,27|20,53|24,81|27,69/68,90=68,49,33,22,90
56,42|17,55|4,19|71,60|60,74|43,56|12,97|97,71|68,52|12,18|11,17|18,21|42,57|21,4|48,67|12,43|83,11|52,48|12,68|12,83/12,67=12,68,52,48,67
62,87|73,49|73,52|68,35|79,13|48,3|0,77|73,0|98,78|77,48|78,75|35,15|21,70|73,55|73,79|67,21|52,68|49,98|55,67|13,62/73,87=73,79,13,62,87
35,87|93,78|3,93|98,52|52,77|98,84|98,27|40,69|87,92|69,25|27,3|44,72|72,20|37,35|98,37|98,44|84,40|15,80|77,15|20,86/98,78=98,27,3,93,78
51,17|81,99|91,28|91,39|91,59|59,18|7,30|84,56|18,84|39,3|54,7|17,58|52,85|87,81|91,54|58,27|3,52|91,51|30,65|28,87/91,65=91,54,7,30,65
74,20|37,94|43,51|50,65|37,43|20,24|84,42|37,40|18,19|65,23|37,49|94,90|51,18|90,0|40,74|37,99|0,87|49,4|4,84|99,50/37,23=37,99,50,65,23
82,98|22,97|51,90|48,82|49,87|96,79|42,13|79,49|85,92|66,16|51,35|6,22|35,42|90,48|8,6|51,8|92,66|51,96|13,38|51,85/51,98=51,90,48,82,98
9,66|76,45|58,74|80,73|91,26|35,58|91,83|26,14|89,35|91,89|91,76|43,57|83,64|91,80|73,43|84,2|45,84|24,42|64,24|14,9/91,42=91,83,64,24,42
79,89|72,44|67,47|99,36|41,95|41,75|41,58|58,5|16,72|21,79|75,16|41,84|5,13|42,12|13,93|84,37|12,99|37,67|95,21|41,42/41,93=41,58,5,13,93
86,12|78,50|12,80|26,22|86,90|37,74|41,26|77,41|0,55|63,38|86,77|80,49|35,0|49,97|90,7|39,35|50,63|86,78|7,37|86,39/86,55=86,39,35,0,55
79,84|84,92|20,86|77,95|22,78|98,77|60,22|89,97|21,63|32,21|11,79|97,60|54,20|89,32|89,25|25,54|89,98|89,11|95,64|63,0/89,78=89,97,60,22,78
15,87|87,53|98,15|77,57|8,31|53,83|98,72|62,9|31,55|67,8|98,77|98,62|9,42|42,23|98,67|45,68|72,48|76,79|48,45|57,76/98,68=98,72,48,45,68
85,37|61,84|94,44|98,3|3,67|60,39|88,7|61,94|91,15|84,60|7,59|61,88|39,96|46,42|67,50|59,90|15,46|61,98|44,85|61,91/61,42=61,91,15,46,42
95,17|13,99|99,97|77,21|73,13|73,83|83,82|50,80|74,63|80,30|97,6|17,16|43,50|73,43|64,88|73,95|73,77|16,4|21,74|82,64/73,63=73,77,21,74,63
70,65|70,23|73,35|35,17|11,50|66,45|80,61|70,12|61,39|60,73|53,54|23,80|12,11|65,66|50,5|72,53|70,60|70,89|89,72|45,49/70,5=70,12,11,50,5
73,46|88,26|46,66|43,11|72,73|80,64|17,18|92,70|17,72|64,36|70,15|79,89|59,92|17,88|18,43|26,79|17,59|11,52|17,80|36,56/17,52=17,18,43,11,52
42,62|25,48|53,50|1,86|53,21|48,89|21,33|33,14|50,3|16,76|55,25|68,42|62,74|84,45|53,55|3,1|53,16|53,68|14,81|76,84/53,89=53,55,25,48,89
93,9|72,70|16,59|73,97|15,51|59,13|84,93|6,17|84,58|45,73|9,72|84,16|13,42|91,45|84,77|17,24|77,15|84,91|58,6|51,87/84,87=84,77,15,51,87
1,41|41,88|70,38|32,87|87,78|85,1|35,99|26,44|38,32|86,29|44,18|70,26|70,86|70,85|90,35|5,22|29,5|18,45|70,6|6,90/70,88=70,85,1,41,88
16,39|76,83|34,7|27,63|63,30|34,4|79,16|82,75|34,26|75,11|7,79|11,18|54,76|5,97|67,5|26,27|4,54|97,24|34,67|34,82/34,18=34,82,75,11,18
94,59|13,24|65,80|28,20|59,13|57,68|94,45|76,48|94,65|94,28|94,47|47,76|68,30|45,57|90,50|80,40|20,90|24,17|40,84|48,92/94,50=94,28,20,90,50
60,70|58,86|91,50|55,79|70,91|2,58|73,90|79,73|50,69|26,56|17,31|60,49|3,10|56,3|49,2|60,26|60,55|60,17|31,94|94,61/60,90=60,55,79,73,90
70,26|70,29|26,55|43,21|70,17|17,19|82,18|70,32|32,82|20,50|76,46|18,62|31,4|29,31|21,20|4,23|19,60|60,34|55,76|70,43/70,23=70,29,31,4,23
90,33|99,71|9,65|99,18|95,0|0,92|39,95|81,90|71,94|94,54|63,41|99,39|96,98|99,9|98,26|65,63|54,78|99,81|18,96|33,97/99,97=99,81,90,33,97
7,60|7,1|1,53|7,40|60,29|7,55|7,80|32,89|52,50|55,75|29,93|93,13|80,52|75,30|53,3|30,51|89,64|50,73|40,32|3,43/7,51=7,55,75,30,51
93,65|5,24|90,46|93,64|65,5|51,72|3,63|40,78|62,88|86,51|78,73|24,84|88,90|93,62|93,29|93,36|29,86|36,3|64,40|63,10/93,10=93,36,3,63,10
58,62|68,7|5,94|36,90|20,36|81,65|81,68|90,56|7,16|11,73|13,5|94,89|81,20|81,84|45,58|81,13|38,11|84,38|65,45|16,1/81,89=81,13,5,94,89
54,64|55,78|33,32|12,18|33,69|39,63|61,20|67,83|81,51|83,81|32,55|42,95|64,61|99,12|78,66|33,39|63,42|33,67|69,99|33,54/33,20=33,54,64,61,20
97,66|37,80|66,70|48,62|62,24|80,48|29,44|18,97|16,25|44,93|69,29|37,69|87,22|41,87|51,28|25,51|37,16|37,84|84,41|37,18/37,22=37,84,41,87,22
39,79|68,88|20,87|39,98|87,67|39,97|81,64|88,31|96,55|98,68|1,56|56,33|79,20|12,96|51,81|78,1|39,78|39,4|4,12|97,51/39,33=39,78,1,56,33
25,14|59,64|83,58|14,79|9,87|85,6|30,72|85,75|75,54|0,25|85,59|85,0|5,9|11,83|40,11|85,40|54,91|6,5|64,30|91,43/85,72=85,59,64,30,72
49,80|85,69|15,12|49,16|83,46|80,85|72,28|76,43|44,20|16,21|49,15|11,76|25,70|49,44|36,11|69,63|49,36|20,72|12,83|21,25/49,46=49,15,12,83,46
77,99|77,88|38,95|59,25|30,52|13,57|93,46|57,97|16,15|88,30|25,90|46,75|52,61|99,59|69,13|77,69|77,38|95,16|77,40|40,93/77,90=77,99,59,25,90
35,18|71,2|34,80|76,45|93,16|51,44|61,65|44,61|80,76|16,88|28,3|35,60|35,71|18,93|35,51|2,55|19,28|55,23|35,34|60,19/35,65=35,51,44,61,65
28,23|68,7|38,87|27,90|17,3|24,1|49,17|60,24|38,2|38,92|71,27|16,28|38,46|46,16|92,12|87,60|2,71|12,68|3,91|38,49/38,1=38,87,60,24,1
94,37|72,15|66,63|32,79|88,78|66,19|40,84|66,73|66,33|73,40|84,42|24,9|9,94|63,32|28,72|19,28|79,43|66,24|17,88|33,17/66,43=66,63,32,79,43
53,61|85,77|30,53|19,34|66,48|61,32|24,66|85,29|92,56|73,14|16,93|15,92|77,24|85,30|85,47|29,15|85,16|47,58|58,73|93,19/85,48=85,77,24,66,48
68,77|6,60|54,34|14,25|6,47|47,36|48,54|89,58|77,3|37,40|75,68|6,14|93,1|36,89|25,93|60,37|6,16|6,75|40,82|16,48/6,34=6,16,48,54,34
7,28|28,34|88,39|7,31|7,9|39,60|78,51|93,88|46,61|34,86|31,48|27,76|86,11|61,78|16,22|80,27|7,93|7,46|48,16|9,80/7,11=7,28,34,86,11
33,40|74,93|13,19|96,95|23,74|63,42|94,78|95,63|19,68|85,29|99,47|68,51|23,13|47,41|23,85|23,96|29,33|22,99|93,94|23,22/23,41=23,22,99,47,41
48,98|32,73|6,66|11,24|24,58|0,86|94,19|73,94|32,48|47,5|19,44|2,22|32,76|22,0|98,6|58,63|49,47|32,2|76,49|32,11/32,5=32,76,49,47,5
20,96|78,83|3,20|28,56|56,85|86,31|91,3|6,38|28,6|8,43|28,37|38,78|40,69|28,91|12,86|85,8|37,32|28,81|32,40|81,12/28,96=28,91,3,20,96
58,3|64,4|77,58|12,26|61,72|3,90|13,40|40,11|64,61|60,12|72,22|22,42|64,31|31,89|26,66|89,95|64,77|95,97|4,13|64,60/64,97=64,31,89,95,97
68,27|75,92|68,65|39,75|68,55|21,44|79,34|65,21|55,79|50,39|34,97|32,1|90,93|93,56|56,18|1,31|68,50|27,32|68,90|44,30/68,97=68,55,79,34,97
0,22|34,1|22,12|10,0|79,21|21,32|10,19|60,86|10,98|98,60|28,95|67,53|10,67|12,87|25,84|86,38|95,25|10,28|19,79|53,34/10,84=10,28,95,25,84
84,91|34,78|87,80|32,68|91,24|90,81|49,75|17,84|17,90|79,49|98,87|71,14|81,34|17,3|68,71|17,32|42,79|17,42|24,36|3,98/17,80=17,3,98,87,80
34,2|32,52|5,65|52,92|89,19|92,9|75,55|17,34|94,72|65,36|5,32|5,87|5,89|19,31|48,74|36,75|74,94|31,82|87,17|5,48/5,55=5,65,36,75,55
61,94|21,64|99,73|99,10|94,82|25,65|99,14|2,71|9,80|71,25|26,63|10,21|45,83|64,30|63,45|99,2|99,26|14,61|73,9|80,32/99,65=99,2,71,25,65
6,11|78,81|7,22|64,15|11,32|78,7|26,37|98,84|90,64|81,98|78,75|46,26|22,68|84,58|78,90|15,31|75,46|78,16|68,43|16,6/78,32=78,16,6,11,32
27,45|63,75|63,27|63,55|5,84|63,5|63,22|52,42|58,10|89,13|77,94|22,81|81,52|10,47|45,98|55,48|98,69|75,58|84,89|48,77/63,13=63,5,84,89,13
87,68|37,64|17,87|55,54|86,72|37,60|72,67|29,9|64,17|98,33|37,55|37,86|33,90|60,29|67,81|54,32|37,66|32,36|66,98|9,50/37,81=37,86,72,67,81
85,4|4,47|57,20|43,39|47,96|65,26|82,25|30,93|56,79|50,71|30,24|30,85|30,57|49,56|66,43|93,66|26,82|24,49|20,50|30,65/30,39=30,93,66,43,39
53,69|58,13|53,8|13,32|14,83|16,17|69,28|35,34|57,58|83,35|53,18|75,67|10,75|53,14|8,10|86,49|28,16|45,86|53,57|18,45/53,49=53,18,45,86,49
2,56|53,89|2,7|86,17|46,45|96,28|2,46|2,83|56,14|26,53|14,38|17,8|83,86|45,96|66,39|2,26|39,19|7,66|89,18|38,57/2,57=2,56,14,38,57
17,42|54,10|37,46|4,84|12,99|62,28|37,62|58,18|37,4|46,94|37,58|18,73|27,12|94,54|72,29|84,17|73,32|28,72|99,60|37,27/37,29=37,62,28,72,29
70,92|88,51|73,61|52,80|4,88|29,23|73,75|91,52|73,17|25,66|17,97|61,29|73,28|28,4|95,70|75,91|73,85|23,38|97,25|85,95/73,66=73,17,97,25,66
62,71|4,58|71,22|80,10|1,72|88,81|58,78|78,88|10,1|49,32|4,80|4,2|4,57|32,70|4,42|42,49|65,3|53,65|57,53|2,62/4,70=4,42,49,32,70
44,18|87,33|19,81|55,23|43,19|81,77|33,71|44,87|71,9|97,20|44,43|98,97|60,98|44,80|80,39|28,46|23,53|18,55|44,60|39,28/44,20=44,60,98,97,20
16,0|49,16|49,21|49,31|3,87|94,46|31,64|49,36|21,94|56,5|46,44|80,38|36,52|0,51|55,47|51,57|49,3|87,80|52,56|64,55/49,38=49,3,87,80,38
64,28|2,51|41,0|51,41|33,53|76,75|67,35|2,43|2,6|68,33|36,76|75,4|2,67|6,19|19,22|22,62|43,68|0,20|35,64|2,36/2,20=2,51,41,0,20
66,98|69,7|92,47|88,51|75,92|73,45|75,94|93,27|42,50|27,66|53,17|47,69|18,88|75,73|75,93|34,42|45,53|94,34|30,18|75,30/75,98=75,93,27,66,98
3,47|30,14|78,57|12,46|93,32|14,72|0,8|71,64|71,3|46,67|71,12|16,93|72,65|89,98|67,55|64,16|71,30|71,0|8,78|47,89/71,98=71,3,47,89,98
31,33|16,31|16,18|67,84|2,73|0,2|16,67|18,25|16,56|25,79|33,76|89,80|16,81|81,0|59,89|79,22|20,72|84,20|76,47|56,59/16,80=16,56,59,89,80
48,11|35,98|48,30|33,49|12,14|45,16|11,33|48,45|48,55|14,39|98,41|79,12|29,69|69,13|55,29|6,65|49,74|16,6|48,79|30,35/48,41=48,30,35,98,41
46,73|67,55|39,74|38,60|46,51|23,12|29,36|36,75|46,39|73,62|46,29|55,25|72,35|35,33|46,47|75,84|51,67|74,38|47,72|62,23/46,33=46,47,72,35,33
47,16|57,1|90,45|16,4|34,27|7,14|39,67|39,47|30,96|39,57|20,34|96,51|55,61|1,90|39,55|39,58|58,30|61,7|67,20|4,86/39,51=39,58,30,96,51
69,19|30,79|32,17|18,52|87,99|4,9|57,4|69,32|28,53|53,95|69,28|19,18|69,29|17,30|69,50|95,55|29,58|50,57|58,87|52,72/69,72=69,19,18,52,72
48,21|66,24|2,66|1,26|48,1|22,30|75,42|24,11|21,75|48,94|50,99|55,50|48,2|94,55|28,23|83,81|42,68|48,22|30,28|26,83/48,81=48,1,26,83,81
87,69|68,87|50,68|57,71|18,48|83,18|62,96|63,83|96,12|50,95|69,73|50,57|50,63|95,74|64,94|74,92|92,15|71,64|50,11|11,62/50,15=50,95,74,92,15
34,5|11,68|46,71|34,76|6,56|33,69|57,6|77,30|34,33|0,75|69,18|5,98|76,57|26,11|30,0|34,60|98,46|34,77|18,31|60,26/34,31=34,33,69,18,31
17,77|26,23|54,5|17,26|49,59|93,63|18,32|23,95|17,84|79,28|17,79|59,12|84,49|77,54|69,90|28,18|5,50|17,69|90,93|95,58/17,50=17,77,54,5,50
95,67|88,99|83,43|46,83|31,46|71,47|31,41|31,64|41,53|67,36|29,9|43,19|31,97|31,17|64,95|53,71|9,87|99,37|17,29|97,88/31,87=31,17,29,9,87
12,33|59,44|82,59|99,61|42,28|49,3|82,77|28,10|93,1|61,38|82,14|10,58|77,50|50,93|82,12|14,99|44,15|15,67|82,42|33,49/82,38=82,14,99,61,38
50,9|67,78|34,33|28,4|73,27|74,51|95,34|79,95|74,79|74,1|72,82|81,85|9,81|78,99|4,73|74,50|74,28|1,67|51,53|53,72/74,99=74,1,67,78,99
89,97|86,62|91,27|45,79|28,39|28,67|28,89|27,45|29,58|28,91|9,88|97,41|88,98|41,83|62,95|28,75|39,86|75,42|42,29|67,9/28,58=28,75,42,29,58
97,28|16,66|66,96|62,79|96,64|70,50|94,78|40,94|40,16|40,87|63,55|87,97|78,70|93,62|28,82|55,17|79,6|17,25|40,63|40,93/40,64=40,16,66,96,64
3,7|41,6|33,80|71,46|3,64|29,36|3,41|80,17|6,29|3,98|7,35|11,26|25,33|21,57|98,21|3,25|35,71|64,66|66,11|57,38/3,26=3,64,66,11,26
79,55|61,51|35,86|86,29|88,84|79,48|98,36|55,35|79,88|67,98|36,56|48,61|84,25|62,37|37,20|79,67|25,42|20,69|51,14|79,62/79,56=79,67,98,36,56
8,7|85,71|30,58|94,17|69,70|89,47|30,69|5,11|30,8|38,16|47,14|7,5|30,89|41,51|70,41|58,94|14,49|30,38|16,85|17,29/30,49=30,89,47,14,49
85,47|96,90|10,43|60,15|74,67|16,78|60,32|43,76|60,75|67,81|15,96|46,10|32,24|24,16|60,46|60,74|47,17|81,1|90,98|75,85/60,76=60,46,10,43,76
64,54|64,70|71,90|45,13|64,47|64,21|64,78|74,86|70,49|13,55|21,74|59,97|47,3|12,59|78,12|56,32|54,45|3,56|49,71|86,17/64,17=64,21,74,86,17
76,87|15,76|22,48|15,3|37,71|15,21|38,2|12,62|48,9|78,5|87,53|21,41|2,78|9,13|3,31|53,59|41,37|15,38|31,12|15,22/15,71=15,21,41,37,71
42,51|41,85|87,55|5,22|87,4|87,73|22,89|85,42|2,92|96,79|55,5|73,83|92,96|87,2|38,91|95,38|87,41|24,36|4,95|83,24/87,36=87,73,83,24,36
69,46|43,85|60,6|61,56|87,71|71,74|87,48|59,25|87,60|27,43|6,59|74,28|49,73|28,37|87,61|85,29|87,27|48,36|36,69|56,49/87,46=87,48,36,69,46
1,38|75,39|6,51|54,79|86,6|39,84|94,86|49,1|51,81|84,70|60,90|94,78|94,4|90,54|94,60|94,75|78,49|92,57|4,92|57,50/94,70=94,75,39,84,70
59,12|9,91|59,76|59,45|59,9|73,18|59,58|58,8|7,69|50,68|91,35|68,44|35,86|12,96|76,50|96,73|21,7|51,97|45,21|8,51/59,86=59,9,91,35,86
4,75|24,96|36,98|24,1|24,43|31,46|12,83|82,31|24,4|75,36|43,26|25,19|26,12|13,42|24,76|1,67|96,13|42,34|76,82|67,25/24,46=24,76,82,31,46
62,52|79,98|25,11|11,0|26,65|81,87|98,69|87,63|64,81|65,8|64,6|6,79|0,83|64,36|95,47|47,62|64,95|36,26|63,86|64,25/64,52=64,95,47,62,52
52,80|76,30|76,69|87,63|30,24|56,36|76,14|3,62|34,32|76,3|14,52|63,43|24,34|76,41|69,87|41,1|62,97|1,56|97,75|80,44/76,36=76,41,1,56,36
48,8|17,21|80,42|17,44|17,49|55,26|26,33|49,55|42,48|13,59|34,13|32,60|27,85|85,32|44,34|17,27|21,31|17,80|66,23|31,66/17,60=17,27,85,32,60
62,7|86,31|45,46|88,61|19,90|70,92|92,3|50,21|47,78|78,70|47,48|23,88|7,51|47,45|48,23|51,53|46,86|47,62|90,50|47,19/47,53=47,62,7,51,53
60,89|68,58|60,25|55,7|87,93|58,87|7,15|83,84|60,91|56,14|72,40|25,36|36,0|89,55|60,68|60,83|14,69|0,2|91,56|84,72/60,40=60,83,84,72,40
9,80|63,94|99,26|99,10|80,32|25,65|99,2|73,61|71,64|61,25|14,21|10,63|45,83|94,30|21,45|99,73|99,14|2,9|26,71|64,82/99,65=99,73,61,25,65
18,22|69,39|59,16|8,35|35,74|55,18|95,86|16,5|69,95|73,94|19,37|69,82|69,8|69,43|74,57|86,19|39,73|43,55|94,46|82,59/69,22=69,43,55,18,22
4,75|10,8|94,41|32,36|11,10|72,54|11,42|70,72|11,4|93,96|75,94|11,87|34,93|87,91|91,32|42,34|8,18|18,12|11,66|66,70/11,12=11,10,8,18,12
10,88|48,64|97,71|13,36|71,89|97,51|88,69|12,31|34,86|36,20|5,10|51,12|64,93|93,11|97,13|97,5|31,29|20,75|97,48|89,34/97,29=97,51,12,31,29
86,22|75,71|80,21|31,30|3,32|79,80|68,7|3,90|42,72|22,75|20,31|3,20|3,96|39,68|3,86|30,28|96,42|32,39|72,27|90,79/3,27=3,96,42,72,27
42,85|13,39|73,45|68,76|5,99|5,72|5,28|28,70|95,92|60,35|72,64|86,68|82,73|64,60|5,33|99,86|70,42|33,82|5,95|92,13/5,35=5,72,64,60,35
49,41|54,17|11,38|83,32|59,25|11,83|11,49|25,31|41,79|75,54|30,5|79,87|11,59|52,75|98,65|58,98|38,58|31,56|11,52|32,30/11,87=11,49,41,79,87
95,54|34,4|2,16|72,55|41,0|11,62|11,2|62,72|7,40|0,17|73,41|77,34|4,23|31,86|11,73|86,95|11,31|16,7|11,77|55,29/11,54=11,31,86,95,54
28,93|13,9|49,47|69,39|66,13|47,6|6,97|49,88|78,43|39,70|49,28|49,56|33,25|56,66|97,63|43,33|93,77|77,42|88,69|49,78/49,25=49,78,43,33,25
64,39|27,43|43,46|73,80|36,1|78,18|6,2|2,70|27,64|27,23|31,37|90,78|86,36|56,6|10,86|27,56|23,90|39,31|27,10|46,73/27,37=27,64,39,31,37
54,73|98,33|15,63|21,39|21,96|95,76|21,48|7,94|59,11|56,98|25,43|63,45|48,56|39,31|31,25|76,7|21,59|21,95|96,15|11,54/21,73=21,59,11,54,73
93,9|97,59|48,91|53,44|43,2|91,51|74,43|44,13|80,63|93,25|59,80|13,55|25,60|93,74|85,47|2,79|93,97|93,53|60,85|9,48/93,47=93,25,60,85,47
38,36|52,32|91,60|91,45|12,77|2,65|60,2|32,70|65,16|91,97|97,96|36,67|67,49|91,38|70,18|30,90|91,52|45,30|90,4|96,12/91,4=91,45,30,90,4
83,28|40,27|28,55|8,23|57,63|41,83|78,30|8,41|70,57|94,77|10,6|8,5|8,40|5,94|27,78|9,70|77,25|8,9|23,98|98,10/8,25=8,5,94,77,25
41,30|89,25|54,36|36,55|3,54|20,76|3,22|55,63|22,89|3,82|29,93|19,29|30,39|3,41|25,95|3,19|68,20|39,99|82,68|93,81/3,76=3,82,68,20,76
82,65|29,36|54,37|36,10|37,22|35,88|65,25|14,54|0,19|19,55|10,30|88,89|75,29|75,14|75,79|25,46|75,35|75,82|79,0|89,8/75,22=75,14,54,37,22
81,37|50,91|81,13|93,64|60,86|86,27|13,60|81,96|3,93|1,84|64,22|37,5|23,50|81,3|74,24|96,10|12,23|5,1|10,74|81,12/81,27=81,13,60,86,27
69,73|55,66|33,90|95,87|96,23|35,93|96,54|76,0|96,47|47,95|74,76|23,55|93,33|96,20|66,22|96,35|20,69|54,74|87,88|73,18/96,18=96,20,69,73,18
70,95|16,40|15,94|31,15|29,93|94,96|96,84|31,0|46,69|31,46|69,29|68,45|91,19|13,68|31,91|19,70|0,13|31,71|40,30|71,16/31,30=31,71,16,40,30
67,50|92,0|17,36|10,60|32,72|50,18|32,67|27,86|88,51|12,34|72,10|32,76|35,17|76,35|60,38|18,16|0,12|51,27|32,88|32,92/32,16=32,67,50,18,16
92,52|95,75|27,63|75,97|28,90|29,92|33,95|1,80|14,65|29,7|29,33|29,14|65,27|29,22|90,77|52,79|80,12|79,51|22,28|7,1/29,97=29,33,95,75,97
93,9|48,64|9,38|63,8|78,91|64,96|17,45|78,99|78,48|85,17|42,39|8,90|96,70|99,85|39,28|78,42|28,67|91,93|78,63|90,46/78,38=78,91,93,9,38
84,5|4,39|72,20|21,48|25,62|84,98|62,45|42,91|15,4|84,21|84,15|89,61|69,52|39,60|41,72|84,69|52,42|5,41|48,89|98,25/84,61=84,21,48,89,61
89,36|89,53|12,82|46,24|67,41|24,5|18,74|83,17|9,56|89,62|62,46|53,2|17,58|89,94|94,83|36,18|2,9|89,12|74,77|82,67/89,5=89,62,46,24,5
23,50|58,98|20,34|96,38|1,15|58,53|53,67|22,96|43,61|58,43|58,41|38,60|58,22|41,56|67,23|98,42|56,20|42,1|61,49|49,88/58,34=58,41,56,20,34
34,98|81,13|96,77|22,44|93,47|98,27|41,95|93,12|93,74|14,41|93,11|93,25|44,23|11,14|74,60|25,22|76,81|12,34|47,76|60,96/93,27=93,12,34,98,27
56,74|72,73|28,49|28,72|40,20|63,39|24,6|6,62|85,63|74,61|87,67|28,21|28,85|12,87|73,40|49,24|28,11|21,12|11,56|39,33/28,61=28,11,56,74,61
41,90|93,76|42,79|31,42|77,72|72,31|77,2|64,97|76,94|57,53|2,41|90,17|4,64|77,93|94,83|44,30|77,4|53,44|97,59|77,57/77,83=77,93,76,94,83
36,30|36,77|64,12|43,94|36,65|79,55|63,60|81,79|7,43|36,6|8,46|46,61|92,64|30,8|77,7|41,52|36,41|52,63|6,92|65,81/36,61=36,30,8,46,61
11,88|60,92|82,98|75,33|79,81|11,29|8,60|6,79|11,75|46,53|11,35|29,69|35,71|16,87|11,6|71,46|81,68|33,16|88,8|69,82/11,68=11,6,79,81,68
36,20|72,60|68,28|37,61|13,96|68,29|21,13|9,41|28,72|11,34|68,21|20,59|68,37|61,9|96,90|6,7|68,6|60,38|29,36|7,11/68,90=68,21,13,96,90
69,35|46,8|58,47|51,16|16,58|40,38|11,83|46,69|38,26|83,55|49,61|46,51|26,89|8,74|35,49|65,43|74,65|55,86|46,40|46,11/46,43=46,8,74,65,43
92,27|17,10|43,28|28,11|17,80|76,35|35,82|82,13|62,12|80,38|38,62|40,92|83,31|10,40|75,83|17,75|25,43|17,76|31,42|17,25/17,27=17,10,40,92,27
87,90|55,45|41,72|13,25|72,37|87,55|87,41|37,92|90,16|12,13|25,18|45,79|87,12|79,20|60,67|58,65|65,60|87,58|16,53|53,11/87,20=87,55,45,79,20
51,21|59,94|25,60|18,51|84,71|24,25|71,86|84,20|93,59|84,18|86,8|84,68|94,33|68,24|31,88|20,17|84,93|8,87|17,31|21,44/84,33=84,93,59,94,33
1,39|73,30|50,83|99,50|1,73|39,21|19,87|69,93|67,84|0,67|21,20|43,99|93,42|1,43|1,69|42,6|84,14|30,19|20,76|1,0/1,83=1,43,99,50,83
10,0|2,64|78,2|0,8|21,85|21,78|19,89|46,38|27,3|85,10|21,29|71,27|89,54|64,12|61,98|29,19|38,61|23,71|21,23|21,46/21,98=21,46,38,61,98
66,37|70,79|83,36|88,20|69,27|77,49|36,9|69,83|43,64|69,91|27,65|64,31|62,50|79,66|69,70|91,43|49,88|9,80|69,77|65,62/69,31=69,91,43,64,31
52,19|84,52|19,65|84,75|91,11|11,45|84,32|42,94|84,29|65,9|75,91|26,96|48,99|56,12|98,26|32,2|29,98|84,56|12,42|2,48/84,45=84,75,91,11,45
64,44|47,20|93,46|77,1|83,82|99,49|82,47|55,74|8,55|61,38|1,42|39,8|49,64|61,99|42,48|61,83|38,11|61,39|11,93|61,77/61,74=61,39,8,55,74
10,15|7,20|28,10|40,84|54,7|84,39|37,23|39,97|20,34|65,40|65,28|88,50|15,18|13,71|27,88|50,52|65,13|65,27|65,54|71,37/65,97=65,40,84,39,97
83,62|13,97|49,78|92,31|79,74|40,15|92,47|36,34|96,82|31,36|92,16|74,13|16,49|92,83|78,7|82,93|47,96|62,40|92,79|34,66/92,15=92,83,62,40,15
28,57|11,36|54,20|36,67|70,22|15,74|66,54|57,94|99,11|15,66|62,3|83,61|74,28|34,14|14,83|15,34|15,62|20,88|15,99|3,70/15,61=15,34,14,83,61
27,65|68,27|20,24|6,32|50,6|79,7|89,71|10,62|89,56|19,80|89,85|46,20|89,10|80,87|62,79|71,46|85,19|77,50|89,77|56,68/89,65=89,56,68,27,65
6,38|37,86|22,76|76,52|30,36|37,22|2,33|27,32|86,17|64,27|85,6|52,15|32,29|17,30|37,57|89,90|37,64|37,89|90,2|57,85/37,38=37,57,85,6,38
91,26|52,48|50,27|56,13|14,50|13,47|14,84|14,91|14,62|6,99|14,57|75,53|69,9|57,65|65,75|62,87|87,52|26,69|84,56|27,6/14,47=14,84,56,13,47
65,91|88,90|69,37|2,32|87,6|91,2|6,20|61,87|39,69|42,98|20,24|61,88|61,77|98,0|90,75|37,40|75,5|77,42|61,65|61,39/61,5=61,88,90,75,5
42,39|84,50|88,5|84,4|50,3|44,38|63,44|4,35|78,6|84,63|5,78|84,88|43,54|82,90|84,8|3,42|8,7|7,43|38,2|35,82/84,2=84,63,44,38,2
12,63|8,35|17,58|24,12|63,97|76,0|22,80|75,17|70,10|60,75|65,41|76,60|41,70|76,65|76,8|0,22|80,78|35,46|46,98|76,24/76,78=76,0,22,80,78
64,90|24,63|14,53|54,46|95,61|64,95|61,51|12,14|64,75|18,97|1,99|63,27|75,12|20,41|46,18|64,54|99,20|90,24|51,43|64,1/64,27=64,90,24,63,27
58,3|96,19|84,57|61,70|58,37|58,18|3,96|58,63|98,84|58,42|42,64|63,73|37,61|19,97|18,98|64,12|70,59|36,33|73,36|12,65/58,33=58,63,73,36,33
75,64|36,1|2,67|89,74|41,75|1,31|31,16|74,46|24,36|29,98|46,79|56,12|24,56|24,29|12,2|64,68|24,89|24,41|3,28|98,3/24,67=24,56,12,2,67
56,57|3,50|75,98|48,91|29,84|48,3|13,76|21,32|48,6|98,97|2,29|42,33|6,75|48,13|91,2|76,42|48,63|63,15|15,21|50,56/48,33=48,13,76,42,33
95,73|18,13|7,45|52,99|95,11|96,28|13,15|95,53|57,20|20,55|85,82|11,57|95,18|95,52|76,7|73,38|38,85|53,76|99,96|15,84/95,82=95,73,38,85,82
52,58|30,65|11,49|83,25|38,32|11,83|11,52|32,31|58,79|41,30|98,5|79,87|11,38|59,41|54,17|75,54|49,75|31,56|11,59|25,98/11,87=11,52,58,79,87
56,98|56,50|59,27|20,79|56,58|68,48|44,99|56,20|90,34|24,66|98,46|32,3|43,90|79,44|66,59|56,24|50,93|58,43|46,68|93,32/56,27=56,24,66,59,27
12,21|95,85|60,34|17,15|55,17|21,31|18,11|34,92|38,88|85,62|11,38|92,52|31,9|60,12|60,32|60,55|15,59|60,18|32,95|52,99/60,62=60,32,95,85,62
64,95|61,63|51,41|54,24|90,46|64,90|46,14|12,51|64,75|20,53|1,99|63,27|75,12|18,97|24,20|64,54|99,18|95,61|14,43|64,1/64,27=64,95,61,63,27
76,25|13,38|25,91|79,76|20,64|45,61|70,22|45,43|87,20|83,96|61,66|3,87|45,70|99,81|22,13|45,3|45,79|43,99|66,83|81,39/45,96=45,61,66,83,96
30,82|45,31|46,7|72,46|0,90|33,50|7,30|95,70|72,95|69,45|47,21|90,25|72,47|20,40|72,32|21,33|32,0|72,69|31,34|70,20/72,50=72,47,21,33,50
53,29|38,84|64,75|84,59|38,49|93,17|49,87|92,40|17,96|96,95|38,18|90,55|87,53|38,93|69,64|38,41|59,92|18,69|55,80|41,90/38,75=38,18,69,64,75
6,11|6,12|16,2|11,97|56,69|6,65|73,31|77,5|6,73|68,43|12,77|31,68|86,33|65,58|97,16|21,49|5,17|58,21|6,56|69,86/6,17=6,12,77,5,17
46,67|81,9|46,2|2,98|88,84|72,88|67,72|58,19|44,85|85,48|36,44|98,78|78,94|63,58|19,76|9,37|46,63|46,36|46,28|28,81/46,48=46,36,44,85,48
63,83|83,34|63,9|63,7|3,60|93,11|7,3|65,54|94,20|60,68|47,94|63,47|92,74|54,28|74,93|20,72|63,92|34,14|9,65|14,26/63,26=63,83,34,14,26
23,70|45,79|23,48|80,16|68,60|97,81|50,63|47,82|21,47|70,99|23,44|79,68|99,50|16,76|23,45|48,97|81,28|76,89|23,80|44,21/23,28=23,48,97,81,28
3,68|4,22|40,62|8,6|87,25|97,23|4,78|4,8|90,56|82,87|22,3|25,72|4,30|56,34|68,88|78,90|30,40|6,97|62,5|4,82/4,23=4,8,6,97,23
36,66|58,18|36,82|82,58|35,10|18,44|68,45|9,37|36,68|73,7|37,20|66,53|47,9|36,47|53,73|36,35|10,54|50,75|54,83|45,50/36,7=36,66,53,73,7
70,61|36,55|83,48|43,49|73,89|84,31|39,19|36,84|31,90|89,83|55,37|37,43|80,39|36,80|44,53|36,73|19,87|36,44|53,70|90,42/36,61=36,44,53,70,61
76,17|37,32|90,0|9,76|18,90|37,27|33,10|32,62|97,15|50,97|60,9|0,25|11,33|27,11|37,18|37,64|71,92|37,60|62,71|64,50/37,25=37,18,90,0,25
54,89|30,55|82,29|29,93|3,82|20,76|3,22|93,81|22,30|3,19|68,25|41,68|89,39|3,54|55,95|3,41|36,20|39,99|19,36|25,63/3,76=3,19,36,20,76
64,49|33,51|64,66|66,95|64,33|91,35|49,70|70,79|92,48|28,16|16,92|80,68|64,28|79,56|5,80|51,10|14,5|95,91|10,13|64,14/64,56=64,49,70,79,56
11,34|2,78|83,65|47,72|59,68|2,59|18,76|85,1|46,41|80,12|76,46|78,71|2,11|68,95|72,85|2,47|71,83|34,80|95,99|2,18/2,1=2,47,72,85,1
57,86|29,62|75,95|8,47|72,16|81,91|16,81|97,73|46,68|95,58|86,30|30,55|2,8|62,97|46,29|7,2|46,72|68,75|46,7|46,57/46,55=46,57,86,30,55
95,84|73,87|92,22|66,88|29,61|95,66|81,92|95,49|68,12|23,29|95,34|22,65|95,81|49,82|34,80|88,68|82,73|84,23|80,27|27,76/95,76=95,34,80,27,76
95,53|73,57|20,45|18,38|95,52|96,55|57,7|95,11|76,15|15,28|85,82|52,76|95,73|95,18|13,20|53,99|99,85|11,13|38,96|7,84/95,82=95,53,99,85,82
83,59|65,39|26,44|26,10|72,7|44,65|26,83|39,94|59,38|19,11|38,18|26,61|82,1|10,82|33,72|26,33|7,85|11,62|61,19|1,75/26,94=26,44,65,39,94
68,60|3,56|80,97|41,58|92,3|56,80|5,41|27,63|36,27|12,90|60,49|63,13|92,94|92,5|99,42|92,12|90,99|58,57|92,36|94,68/92,97=92,3,56,80,97
20,93|63,34|8,39|21,89|34,78|97,58|77,8|16,14|39,40|78,2|89,31|63,97|63,21|12,90|2,72|93,16|63,77|58,12|63,20|31,17/63,14=63,20,93,16,14
77,64|99,95|37,77|37,18|6,63|37,70|80,33|92,83|84,99|42,82|18,84|33,75|4,80|10,42|83,22|64,6|37,17|37,4|70,92|17,10/37,75=37,4,80,33,75
20,67|72,78|2,87|72,66|72,1|66,77|46,2|78,32|68,12|72,46|1,98|39,9|77,68|9,20|98,62|72,39|79,15|87,25|62,6|32,79/72,12=72,66,77,68,12
90,71|37,66|43,53|89,43|17,29|22,47|50,17|50,93|56,89|72,22|23,28|50,23|28,90|50,56|29,95|50,37|66,57|57,42|95,55|93,72/50,71=50,23,28,90,71
19,10|58,97|97,51|52,19|27,31|21,3|69,41|48,98|41,44|44,43|58,48|51,65|58,71|98,27|58,17|58,69|71,21|17,52|3,83|65,45/58,83=58,71,21,3,83
12,21|35,99|69,89|83,12|90,35|73,55|54,38|21,57|38,69|33,73|89,84|54,19|45,33|63,88|54,78|54,45|19,90|78,46|54,83|46,63/54,84=54,38,69,89,84
34,40|51,17|51,67|17,19|19,53|67,73|51,9|51,33|73,10|53,93|33,58|75,34|65,92|58,37|51,49|10,35|92,42|49,65|37,31|9,75/51,42=51,49,65,92,42
50,55|93,4|54,48|87,88|36,50|36,32|29,9|48,90|10,15|36,87|97,76|65,97|36,54|15,93|36,10|32,65|95,64|90,80|55,95|88,29/36,64=36,50,55,95,64
38,70|11,81|43,9|90,57|11,36|11,73|73,15|26,1|11,43|1,54|87,51|36,74|9,60|74,90|15,38|60,75|2,35|81,26|35,87|11,2/11,75=11,43,9,60,75
59,79|94,0|58,32|58,54|58,98|58,2|58,93|54,25|79,81|98,57|93,85|32,91|57,12|91,94|11,60|85,77|25,11|12,73|77,9|2,59/58,81=58,2,59,79,81
39,9|9,12|59,43|84,30|84,10|84,63|83,45|93,59|84,68|30,54|68,74|74,89|10,93|45,67|89,23|84,29|54,72|72,8|29,39|63,83/84,8=84,30,54,72,8
8,81|92,34|92,65|65,2|60,10|92,44|92,11|58,9|10,77|34,60|11,56|56,8|31,58|44,86|86,64|64,0|9,52|2,23|92,31|23,75/92,77=92,34,60,10,77
42,13|23,28|8,70|47,76|81,23|30,90|33,51|29,81|54,9|76,33|42,63|42,47|42,97|37,30|13,54|9,41|97,37|42,29|63,8|70,0/42,28=42,29,81,23,28
78,27|51,17|19,41|41,89|23,87|24,11|68,4|11,1|78,24|78,51|1,46|43,67|27,23|17,68|87,59|78,71|89,49|78,19|67,18|71,43/78,46=78,24,11,1,46
26,0|5,61|61,92|91,55|91,88|10,48|55,76|76,93|88,13|0,16|91,72|72,19|16,99|75,32|22,5|91,26|93,94|91,22|19,75|13,10/91,94=91,55,76,93,94
41,81|4,82|45,57|82,51|19,78|97,30|89,35|87,45|9,66|10,87|19,97|38,41|81,55|13,9|19,10|19,38|19,4|78,13|51,58|30,89/19,35=19,97,30,89,35
63,62|58,33|81,32|41,58|61,16|72,78|86,41|33,21|78,70|86,3|52,81|8,63|5,76|3,52|62,65|92,72|86,61|86,8|16,5|86,92/86,70=86,92,72,78,70
88,56|66,92|46,83|34,48|52,32|56,11|97,37|28,4|37,52|43,28|34,22|92,6|34,97|8,43|48,88|34,93|34,8|93,94|22,66|94,46/34,32=34,97,37,52,32
84,93|38,40|36,95|93,3|47,30|84,58|64,26|40,49|12,94|84,80|19,76|76,47|58,64|84,19|26,75|80,97|49,7|3,12|84,38|97,36/84,95=84,80,97,36,95
16,60|48,0|12,32|85,12|85,4|49,55|4,5|85,49|76,23|85,29|55,76|24,8|77,81|85,48|29,24|5,20|20,40|32,16|0,77|8,83/85,81=85,48,0,77,81
63,58|62,56|83,62|30,41|82,38|21,30|0,92|21,96|38,0|21,34|21,82|52,17|94,46|34,94|96,83|21,33|41,63|46,26|33,9|9,52/21,92=21,82,38,0,92
41,51|59,2|51,56|70,49|70,95|94,3|2,65|79,99|55,53|70,87|49,41|40,38|95,79|91,59|38,94|87,55|70,40|70,91|99,54|53,64/70,56=70,49,41,51,56
63,21|74,28|7,9|84,74|23,95|39,11|21,69|47,63|8,43|95,8|39,84|39,23|89,80|34,85|39,47|28,81|9,89|11,15|39,7|15,34/39,85=39,11,15,34,85
74,28|87,31|86,2|87,86|21,27|37,1|83,74|69,70|87,76|91,59|76,37|27,80|2,69|1,14|88,21|87,88|59,17|52,83|31,91|87,52/87,17=87,31,91,59,17
48,49|97,90|87,29|86,99|76,37|87,55|87,97|87,92|37,13|92,76|40,98|26,40|39,51|87,94|41,48|94,26|90,39|29,86|99,16|55,41/87,51=87,97,90,39,51
33,3|36,84|79,80|33,62|33,48|48,79|55,95|70,16|39,89|33,83|80,9|62,85|85,36|89,45|33,39|95,65|45,44|15,70|83,55|3,15/33,9=33,48,79,80,9
89,99|99,76|50,40|92,26|70,11|11,65|40,1|26,17|75,55|55,34|7,54|76,39|1,53|7,50|7,89|85,70|34,66|7,75|7,85|54,92/7,17=7,54,92,26,17
95,87|13,63|48,1|38,72|51,13|90,81|48,51|48,95|72,14|33,94|97,84|60,97|80,38|48,33|1,60|63,69|94,90|48,80|87,77|77,47/48,14=48,80,38,72,14
48,93|70,89|29,8|54,83|6,15|6,44|44,61|47,27|6,54|61,47|6,87|15,70|6,23|23,16|87,33|33,29|16,17|17,5|89,0|83,48/6,27=6,44,61,47,27
37,48|46,90|38,40|99,7|63,37|99,60|25,38|91,8|99,85|7,63|60,46|34,64|98,91|85,25|99,67|67,34|90,15|99,47|64,10|47,98/99,10=99,67,34,64,10
98,5|36,51|15,82|94,35|38,88|41,69|23,14|61,11|82,38|20,94|20,98|20,41|69,61|14,4|20,23|35,21|5,36|4,89|20,15|21,52/20,51=20,98,5,36,51
30,91|94,36|72,35|61,44|83,75|75,65|25,61|25,28|91,12|28,48|44,72|36,24|25,74|74,94|65,71|48,9|25,83|25,88|88,30|9,92/25,71=25,83,75,65,71
73,0|89,57|44,43|5,73|43,7|59,4|79,17|79,87|79,27|38,98|98,2|79,24|87,68|24,38|22,5|79,22|27,44|68,89|4,12|17,59/79,12=79,17,59,4,12
19,17|50,64|67,32|67,94|20,8|87,66|16,65|94,50|67,53|66,16|32,18|11,19|64,9|53,36|17,44|67,87|18,20|67,11|36,27|27,37/67,44=67,11,19,17,44
44,43|18,98|33,71|39,23|60,33|71,9|98,28|44,18|28,77|97,20|44,60|19,97|87,19|44,80|80,55|81,46|23,53|43,39|44,87|55,81/44,20=44,87,19,97,20
50,31|8,50|93,8|26,52|70,9|34,80|9,61|98,16|86,70|80,41|93,26|4,34|52,18|93,98|31,71|93,86|16,78|18,76|93,4|78,44/93,61=93,86,70,9,61
3,36|54,20|14,57|20,88|70,22|15,74|62,14|36,94|34,54|15,62|99,28|83,61|74,3|66,11|11,83|15,66|15,99|57,67|15,34|28,70/15,61=15,66,11,83,61
10,29|44,15|76,13|10,96|51,19|29,92|13,21|92,18|10,46|41,99|14,41|10,14|46,44|96,76|99,11|18,3|15,70|82,51|43,82|10,43/10,11=10,14,41,99,11
74,20|16,48|16,99|48,22|27,85|3,9|16,11|70,23|83,74|75,3|11,98|0,44|82,27|16,55|99,82|22,0|16,83|98,70|20,45|55,75/16,23=16,11,98,70,23
12,28|42,99|82,42|50,61|77,33|93,3|82,14|33,10|15,67|61,38|82,59|10,58|14,44|44,15|82,12|59,50|99,49|49,1|82,77|28,93/82,38=82,59,50,61,38
17,90|27,36|35,84|61,85|1,35|1,42|92,17|36,97|1,76|89,14|24,11|85,24|42,27|63,88|88,60|1,61|1,8|8,63|84,89|76,92/1,60=1,8,63,88,60
54,39|53,23|22,31|65,54|38,84|21,47|23,18|73,21|84,59|22,67|22,8|31,53|85,38|67,73|22,19|34,68|22,85|68,92|19,34|8,65/22,39=22,8,65,54,39
13,8|70,11|27,13|25,56|14,55|73,70|30,65|27,14|27,59|59,43|1,2|42,68|79,44|55,79|8,1|27,42|43,25|27,49|49,73|68,30/27,56=27,59,43,25,56
27,81|14,82|26,62|82,34|81,47|27,43|86,39|56,13|0,7|43,20|27,0|47,26|89,14|64,31|27,89|7,64|39,71|27,86|20,56|71,88/27,13=27,43,20,56,13
45,89|70,41|73,20|20,93|97,87|87,28|7,74|33,32|82,33|92,82|99,45|97,92|37,73|28,70|97,37|74,21|21,12|97,7|97,99|89,38/97,12=97,7,74,21,12
65,62|5,32|56,57|65,33|65,26|65,90|33,56|61,58|22,79|26,61|57,14|79,93|62,71|18,48|48,99|90,18|71,5|65,49|49,22|58,80/65,93=65,49,22,79,93
40,77|14,34|6,49|49,56|40,66|40,91|82,71|91,83|66,6|96,65|39,82|34,48|40,39|71,89|40,14|83,5|5,73|77,12|12,96|48,93/40,56=40,66,6,49,56
69,31|69,94|53,92|0,43|31,58|58,96|11,67|96,72|92,66|59,68|94,57|9,24|68,11|57,8|69,59|8,90|66,45|69,53|43,9|69,0/69,45=69,53,92,66,45
94,9|94,62|89,19|83,40|9,83|94,75|92,36|4,98|13,70|19,13|62,64|36,61|94,89|25,0|94,92|53,25|61,22|75,53|64,4|40,23/94,23=94,9,83,40,23
97,5|94,95|95,17|20,10|66,88|93,28|12,97|17,80|94,2|2,81|88,51|96,56|94,12|21,66|94,96|5,55|94,21|56,93|81,20|80,59/94,51=94,21,66,88,51
77,95|81,49|6,99|46,5|81,4|3,86|35,33|62,70|40,35|81,46|5,77|81,6|49,62|50,80|61,40|80,29|99,3|81,61|4,50|70,27/81,27=81,49,62,70,27
30,94|88,50|43,2|90,26|41,88|69,30|27,69|26,83|71,49|80,27|42,33|2,71|33,36|38,41|80,38|80,42|83,73|36,98|80,43|80,90/80,49=80,43,2,71,49
33,56|33,47|13,88|49,92|89,1|33,83|83,86|33,22|45,81|92,24|33,49|22,35|86,45|35,51|47,50|56,13|88,73|50,89|24,80|51,70/33,81=33,83,86,45,81
67,65|68,3|74,96|68,74|35,13|49,23|68,92|73,28|92,59|69,58|68,49|3,33|86,25|96,35|28,80|23,67|33,86|80,63|68,73|59,69/68,13=68,74,96,35,13
77,15|39,97|77,61|15,89|24,82|13,58|77,95|89,13|19,67|77,78|90,24|36,50|23,29|67,23|61,70|95,90|77,19|97,10|70,36|78,39/77,10=77,78,39,97,10
98,97|76,40|29,80|47,44|44,91|40,98|55,68|51,29|70,8|49,38|55,0|55,94|55,76|80,93|38,32|68,70|8,50|55,51|0,49|94,47/55,97=55,76,40,98,97
81,62|41,3|51,57|25,4|7,49|51,25|39,96|57,39|90,42|38,37|42,75|68,55|51,7|96,14|4,41|49,81|51,90|75,86|51,38|37,68/51,86=51,90,42,75,86
44,60|25,53|10,91|74,25|44,66|55,20|64,67|44,74|59,65|53,45|91,46|44,64|60,17|17,55|65,2|66,59|28,7|98,10|67,28|44,98/44,46=44,98,10,91,46
96,92|74,96|13,33|98,73|73,86|91,34|14,59|67,31|66,93|74,67|86,17|92,91|74,98|74,66|93,71|76,28|28,13|71,45|31,14|74,76/74,59=74,67,31,14,59
30,95|81,47|26,30|10,61|84,81|79,67|40,79|57,10|40,69|40,22|67,27|27,37|40,18|18,57|33,36|22,84|69,20|20,33|43,26|40,43/40,61=40,18,57,10,61
79,23|67,95|54,58|46,4|29,68|43,81|19,72|23,19|77,51|29,1|4,85|68,40|85,94|58,67|40,77|9,43|1,9|29,54|29,46|29,79/29,72=29,79,23,19,72
34,81|86,59|39,32|51,26|60,25|86,83|50,34|32,70|99,71|74,50|86,39|86,60|70,90|86,74|14,5|25,51|59,2|2,99|0,14|83,0/86,26=86,60,25,51,26
86,41|62,3|25,36|95,62|25,88|36,21|34,95|52,38|25,47|25,34|47,39|74,68|12,9|25,79|21,86|79,52|9,84|38,37|88,12|39,74/25,68=25,47,39,74,68
29,39|70,23|91,16|4,50|40,77|50,22|38,57|62,91|30,14|40,38|77,62|39,30|33,1|22,20|40,33|6,72|40,4|40,29|1,6|57,70/40,23=40,38,57,70,23
51,98|69,71|81,69|29,16|81,67|71,13|98,64|81,29|24,77|12,25|77,88|47,41|67,24|17,51|41,7|7,3|81,17|13,37|81,47|16,12/81,25=81,29,16,12,25
43,83|14,88|93,79|29,14|23,27|18,47|93,52|93,55|64,29|68,28|27,43|93,23|93,64|52,72|55,46|46,11|72,68|57,18|11,70|79,57/93,88=93,64,29,14,88
65,83|16,39|25,90|96,98|88,12|17,88|96,89|96,64|95,58|58,25|56,81|64,42|96,94|42,56|96,95|39,68|98,17|89,16|33,65|94,33/96,68=96,89,16,39,68
49,60|72,99|60,64|79,52|74,58|30,17|79,2|52,30|57,98|29,10|2,37|79,29|14,25|25,74|79,14|37,72|10,57|17,26|64,34|79,49/79,34=79,49,60,64,34
66,47|23,97|66,89|66,39|97,44|89,13|26,7|66,26|2,4|35,15|1,25|4,92|13,46|14,1|39,14|92,24|66,2|47,23|46,18|7,35/66,25=66,39,14,1,25
3,8|23,50|41,10|81,41|50,9|81,69|81,95|91,21|10,91|81,23|95,80|69,56|8,52|9,84|81,3|52,48|16,57|80,39|56,16|39,65/81,65=81,95,80,39,65
50,58|8,33|1,27|1,88|2,19|27,74|1,87|1,41|88,71|4,38|79,73|73,99|74,2|33,53|71,37|37,80|38,50|87,8|41,79|1,4/1,19=1,27,74,2,19
92,64|34,17|76,54|40,76|92,1|92,40|65,33|64,38|1,53|63,2|53,45|45,48|88,34|25,88|54,96|22,65|92,68|92,25|38,63|68,22/92,96=92,40,76,54,96
69,86|9,89|56,78|49,72|86,27|99,56|41,0|89,31|39,41|4,91|39,69|39,49|39,9|31,48|24,6|27,29|39,79|0,4|72,24|79,99/39,29=39,69,86,27,29
24,41|24,94|0,73|52,88|73,86|99,45|41,90|76,70|45,7|48,62|24,58|24,67|67,81|86,15|81,52|94,56|24,0|58,99|90,48|56,76/24,70=24,94,56,76,70
85,10|88,67|87,43|91,50|54,39|99,54|85,69|15,87|79,66|66,91|5,88|39,16|85,5|63,1|28,63|67,46|69,28|85,79|10,15|85,99/85,46=85,5,88,67,46
85,98|47,13|2,31|84,85|49,15|11,75|43,39|84,11|75,47|84,43|98,49|42,74|84,42|76,89|55,76|84,95|39,44|44,86|74,2|95,55/84,86=84,43,39,44,86
13,61|49,26|14,68|31,2|7,0|71,22|10,8|68,57|26,10|6,90|22,7|90,31|57,24|1,49|43,13|1,71|1,14|1,43|61,56|1,6/1,0=1,71,22,7,0
41,94|98,64|53,79|36,92|59,74|27,4|91,30|74,62|94,39|36,29|37,98|30,31|36,91|92,41|7,59|36,7|29,37|31,73|36,53|79,27/36,64=36,29,37,98,64
81,22|75,81|26,40|94,25|95,60|30,91|95,32|91,26|25,43|95,74|74,75|64,18|95,30|32,64|46,3|20,94|60,46|95,20|18,17|3,67/95,17=95,32,64,18,17
44,1|6,85|88,45|48,55|52,93|33,52|76,47|48,74|62,35|93,27|48,44|1,90|45,6|48,33|48,88|78,62|55,78|75,76|74,75|90,17/48,47=48,74,75,76,47
81,59|14,42|53,10|7,72|63,31|42,43|63,7|59,23|25,73|72,25|31,80|78,18|43,60|26,78|80,53|63,81|63,14|23,89|6,26|63,6/63,89=63,81,59,23,89
10,26|52,20|42,51|67,93|37,87|3,10|12,71|43,37|43,80|8,67|95,12|71,18|43,3|20,84|80,8|43,95|26,73|84,33|87,42|43,52/43,18=43,95,12,71,18
67,56|59,77|56,28|77,51|20,47|64,84|4,26|51,95|59,64|59,67|86,19|28,16|19,4|84,9|95,40|60,99|59,20|59,86|9,44|47,60/59,99=59,20,47,60,99
41,71|53,11|45,1|11,91|78,72|1,9|28,6|6,41|28,16|12,45|27,87|87,90|85,78|28,12|28,27|71,82|77,85|28,77|16,53|90,34/28,82=28,6,41,71,82
41,51|77,33|23,41|31,23|33,7|14,83|2,40|1,19|90,3|7,68|2,95|97,54|95,97|54,53|2,31|2,1|40,18|19,14|18,90|2,77/2,3=2,40,18,90,3
34,16|82,48|65,67|65,57|94,0|65,97|59,34|97,59|65,94|26,33|76,4|0,82|4,58|55,68|57,76|86,55|33,88|67,26|12,86|65,12/65,68=65,12,86,55,68
47,76|69,10|19,69|98,94|19,3|19,42|19,77|22,88|91,8|10,91|77,44|3,16|88,71|57,22|16,98|60,47|44,2|2,79|19,57|42,60/19,71=19,57,22,88,71
48,43|2,8|54,50|63,45|48,2|48,72|72,42|48,75|42,39|29,94|48,54|39,98|43,77|50,10|75,4|77,92|4,63|92,84|10,32|8,29/48,98=48,72,42,39,98
63,11|76,14|63,71|71,3|3,81|14,54|54,93|81,44|36,94|62,95|95,40|31,87|90,92|35,26|92,31|26,36|63,35|63,76|63,90|11,62/63,93=63,76,14,54,93
60,51|58,86|17,71|86,31|22,89|22,84|71,85|75,16|2,60|22,58|22,93|93,37|31,74|89,82|84,2|37,56|22,17|82,75|85,34|56,77/22,51=22,84,2,60,51
1,32|1,35|23,98|91,55|15,84|81,59|37,15|84,33|36,81|86,41|10,71|1,6|35,47|6,86|47,10|32,36|1,37|41,54|1,91|55,23/1,54=1,6,86,41,54
7,30|2,89|47,74|64,60|78,86|38,88|21,7|44,28|88,4|86,44|2,58|87,76|29,47|76,64|2,84|84,29|58,38|2,87|2,78|89,21/2,4=2,58,38,88,4
69,10|58,13|58,73|58,4|81,54|26,31|58,41|23,93|2,26|58,43|4,15|66,69|43,46|73,66|46,62|15,81|62,83|13,88|41,2|88,23/58,93=58,13,88,23,93
75,48|63,22|63,75|63,27|55,58|63,55|63,5|77,42|84,10|89,13|98,94|5,45|45,77|10,69|48,52|27,81|52,47|22,84|58,89|81,98/63,13=63,55,58,89,13
2,55|82,93|7,89|45,36|45,19|97,83|45,75|19,7|45,2|75,26|89,66|45,27|8,1|26,43|24,97|55,8|43,11|36,82|27,24|93,71/45,66=45,19,7,89,66
86,46|30,60|86,53|19,30|12,36|89,79|68,12|0,94|86,27|27,31|86,0|31,2|2,14|79,5|86,68|53,19|62,88|46,89|36,16|94,62/86,5=86,46,89,79,5
60,20|20,92|84,64|79,63|22,78|98,79|77,22|89,11|21,95|32,21|97,60|11,77|54,84|89,32|89,25|25,54|89,98|89,97|63,0|95,86/89,78=89,11,77,22,78
23,31|13,23|79,97|6,42|11,48|43,21|37,13|45,19|69,32|97,11|70,45|25,87|21,70|85,6|43,66|66,85|43,37|43,79|32,25|43,69/43,31=43,37,13,23,31
24,19|5,18|61,99|79,51|57,39|18,79|65,57|84,12|40,43|51,81|43,41|5,40|39,73|41,8|5,31|5,24|33,61|19,84|31,33|5,65/5,12=5,24,19,84,12
95,66|66,86|16,49|95,5|5,1|59,62|39,22|1,44|64,16|44,82|99,13|90,54|95,64|49,77|54,23|95,59|23,80|95,90|62,39|86,99/95,77=95,64,16,49,77
77,50|70,23|6,72|4,39|40,38|39,91|33,62|1,6|30,14|40,33|38,1|50,30|29,57|91,20|40,29|22,16|40,4|40,77|57,22|62,70/40,23=40,33,62,70,23
17,14|14,49|53,79|49,69|61,47|45,87|60,40|5,6|24,48|47,5|61,65|61,60|79,80|54,45|40,24|65,53|20,54|61,20|6,42|61,17/61,48=61,60,40,24,48
32,82|98,77|64,41|60,93|0,72|92,32|69,0|23,69|87,92|23,98|57,60|83,6|12,1|24,57|23,64|72,17|23,24|23,87|41,12|77,83/23,82=23,87,92,32,82
44,29|82,62|82,95|59,3|82,59|95,8|82,85|62,44|3,86|80,48|52,21|34,94|29,42|8,52|94,55|72,80|86,10|85,72|37,34|82,37/82,10=82,59,3,86,10
66,39|13,46|66,26|66,89|46,18|26,14|47,4|66,47|2,7|35,15|1,25|7,97|14,92|23,1|89,23|97,24|66,2|39,13|92,44|4,35/66,25=66,89,23,1,25
42,40|82,84|2,96|95,47|1,61|2,71|23,25|2,1|40,97|71,42|94,82|25,79|28,13|61,95|2,91|2,23|79,88|96,94|13,68|91,28/2,68=2,91,28,13,68
4,46|4,84|30,98|66,68|29,13|23,30|67,3|4,66|46,88|68,32|60,43|14,45|84,23|8,31|32,58|43,29|4,8|88,14|4,60|31,67/4,45=4,46,88,14,45
33,68|15,93|60,9|36,13|69,15|56,37|35,33|60,69|81,74|93,46|13,81|42,67|3,16|60,36|99,42|16,56|60,5|9,99|60,3|5,35/60,67=60,9,99,42,67
19,48|26,18|5,44|77,33|99,61|26,77|26,5|1,0|36,76|76,19|14,64|53,99|26,53|18,80|82,51|61,84|44,1|26,36|33,82|80,14/26,64=26,18,80,14,64
3,30|91,15|58,70|58,3|30,1|15,19|70,67|67,60|60,85|58,12|12,2|19,66|80,18|88,95|1,37|86,53|53,80|58,91|58,86|2,88/58,85=58,70,67,60,85
62,52|11,65|6,26|26,98|79,0|36,47|65,86|47,63|64,36|0,8|64,81|81,11|98,83|64,95|25,87|87,62|64,25|95,79|63,69|64,6/64,52=64,25,87,62,52
47,31|32,59|31,32|33,2|72,30|72,47|49,68|72,88|12,29|35,33|85,49|72,46|30,35|54,25|70,12|46,54|72,85|68,82|25,64|88,70/72,64=72,46,54,25,64
79,31|37,20|61,97|16,3|96,85|79,61|78,88|89,86|8,69|20,75|31,37|85,8|30,15|79,64|64,16|88,89|79,96|79,78|97,30|3,54/79,69=79,96,85,8,69
31,64|79,54|22,50|15,77|81,11|54,18|93,38|56,92|93,79|60,81|37,15|93,56|93,31|92,22|18,19|38,60|77,65|64,28|93,37|28,8/93,65=93,37,15,77,65
12,2|56,25|25,81|80,90|2,15|90,31|15,18|33,97|69,56|49,78|18,53|32,70|12,69|97,49|31,67|12,32|70,10|12,80|12,33|10,39/12,53=12,2,15,18,53
88,30|46,0|47,62|55,56|21,26|34,68|49,61|18,55|21,6|21,49|96,93|21,46|26,88|6,18|0,47|30,10|21,94|80,34|61,96|94,80/21,62=21,46,0,47,62
1,46|51,58|0,15|27,0|51,27|15,12|87,86|52,98|72,31|40,72|31,60|44,87|58,1|51,4|51,40|51,44|86,97|4,48|48,52|46,47/51,60=51,40,72,31,60
36,29|56,61|76,18|36,88|5,27|96,56|89,80|36,96|18,28|20,44|4,5|61,6|44,14|36,97|29,89|23,76|97,4|80,65|88,20|36,23/36,14=36,88,20,44,14
51,60|87,97|48,80|94,72|33,87|90,69|48,33|48,51|72,14|1,38|77,84|13,77|95,94|48,1|80,13|97,81|38,90|48,95|60,63|63,47/48,14=48,95,94,72,14
19,38|73,66|28,16|58,12|18,57|52,19|58,22|22,43|90,8|40,81|58,73|58,40|81,50|0,99|50,61|58,90|66,28|8,18|43,0|12,52/58,57=58,90,8,18,57
59,95|37,16|62,90|48,96|96,71|59,48|63,28|45,63|35,37|59,75|51,83|71,13|90,34|95,51|59,62|34,64|59,35|16,67|75,45|83,19/59,28=59,75,45,63,28
86,24|84,75|19,94|11,27|4,16|94,22|15,84|27,38|15,47|46,21|93,20|30,19|15,73|16,46|15,4|75,93|8,86|15,30|73,11|47,8/15,20=15,84,75,93,20
86,37|37,81|30,7|20,41|46,15|32,48|87,1|43,87|7,31|58,93|81,80|30,43|41,32|1,49|47,17|93,47|31,46|30,58|30,86|30,20/30,17=30,58,93,47,17
8,89|71,56|49,91|21,68|62,71|68,46|89,49|38,17|67,6|21,29|48,67|86,1|21,48|29,62|6,25|1,38|46,23|23,51|21,86|21,8/21,56=21,29,62,71,56
58,4|70,84|88,44|75,2|90,74|74,21|39,88|37,71|41,55|89,22|75,56|75,37|75,70|56,39|75,90|63,58|21,28|2,63|84,41|71,89/75,4=75,2,63,58,4
87,20|50,95|21,55|62,66|1,92|76,61|95,27|70,35|30,13|71,50|55,68|13,1|61,62|24,49|87,76|87,30|20,21|87,70|35,24|87,71/87,92=87,30,13,1,92
94,37|88,42|66,19|40,79|84,78|66,24|28,72|66,63|66,33|63,28|72,15|73,17|17,94|19,40|32,88|24,32|79,43|66,73|9,84|33,9/66,43=66,19,40,79,43
37,70|1,24|46,28|34,3|28,64|29,9|3,99|24,12|1,19|12,73|73,54|1,11|64,69|74,75|80,37|1,29|9,74|11,34|1,46|19,80/1,75=1,29,9,74,75
38,59|93,85|69,62|7,47|75,45|10,93|3,37|59,71|75,41|62,39|99,7|75,38|41,99|45,69|75,10|71,33|85,12|49,60|60,3|75,49/75,39=75,45,69,62,39
62,12|59,50|63,40|40,30|62,59|62,63|50,85|28,70|62,52|47,60|62,8|85,82|26,47|52,28|12,26|30,6|22,92|70,20|92,18|8,22/62,20=62,52,28,70,20
83,71|71,60|33,6|33,46|2,61|31,69|33,17|69,29|46,31|6,83|35,16|70,36|82,70|61,0|16,90|33,73|17,82|19,2|33,19|73,35/33,0=33,19,2,61,0
90,53|89,74|36,89|76,73|37,90|73,23|63,47|92,37|92,95|95,84|92,6|6,76|92,56|91,62|84,63|2,75|56,36|53,55|75,91|92,2/92,62=92,2,75,91,62
81,80|94,21|21,97|5,10|56,88|93,55|95,81|97,20|94,96|96,17|88,51|12,66|94,95|2,56|94,12|80,28|94,2|66,93|17,5|20,59/94,51=94,2,56,88,51
61,38|53,62|86,95|12,41|76,67|11,99|55,86|35,22|62,12|16,76|11,64|64,55|99,35|11,31|11,53|11,16|67,26|31,61|38,77|22,54/11,95=11,64,55,86,95
33,22|43,33|39,59|2,43|2,12|4,93|22,41|69,46|2,10|93,47|10,39|59,81|58,44|89,31|2,58|44,69|2,4|47,34|12,89|31,20/2,34=2,4,93,47,34
65,26|58,93|65,44|31,25|22,74|91,18|65,79|80,30|79,58|65,22|74,24|18,80|65,91|50,31|24,76|52,43|44,50|17,52|26,17|93,78/65,30=65,91,18,80,30
8,85|4,5|44,98|61,1|0,52|98,40|4,44|40,70|24,75|79,10|97,0|5,24|85,20|52,86|4,79|7,8|10,61|4,7|75,38|4,97/4,1=4,79,10,61,1
37,71|11,15|85,51|79,1|90,23|8,11|79,90|30,52|0,8|36,89|93,34|23,93|51,88|3,31|79,30|79,0|1,85|52,36|79,37|71,3/79,31=79,37,71,3,31
16,72|99,63|0,99|16,26|97,22|53,60|16,53|78,49|95,58|26,97|58,33|60,29|49,19|22,1|31,0|16,45|16,31|45,78|72,95|29,70/16,19=16,45,78,49,19
50,47|50,13|3,75|76,57|57,71|13,54|50,78|54,3|2,12|59,67|50,49|49,59|12,81|71,0|67,7|47,32|32,90|50,76|78,2|90,4/50,7=50,49,59,67,7
50,13|63,15|49,77|51,56|63,67|19,50|77,37|67,49|44,82|48,72|9,48|52,79|76,34|79,51|82,76|97,19|15,9|63,97|63,44|63,52/63,13=63,97,19,50,13
21,73|1,38|14,71|98,12|77,11|73,59|56,80|59,52|56,77|43,49|38,55|11,90|56,13|80,1|90,32|56,14|56,21|12,17|13,98|71,43/56,17=56,13,98,12,17
28,69|6,8|54,81|95,34|99,6|32,0|34,31|50,49|75,48|77,97|68,95|99,79|99,28|69,77|81,50|99,54|0,64|8,75|99,68|79,32/99,31=99,68,95,34,31
27,23|28,90|38,92|68,7|16,3|24,1|2,16|71,24|38,87|38,49|12,68|17,27|38,46|46,17|49,60|92,71|87,12|60,28|3,91|38,2/38,1=38,92,71,24,1
23,87|21,74|23,44|13,75|70,83|23,31|23,79|79,40|78,70|31,77|40,84|73,69|87,78|84,7|44,22|77,63|63,41|22,13|69,21|23,73/23,41=23,31,77,63,41
48,2|36,56|48,94|56,99|55,38|15,88|79,40|40,54|38,68|58,83|48,6|2,43|43,15|6,58|83,97|48,79|54,50|68,80|94,36|48,55/48,97=48,6,58,83,97
69,79|63,5|79,94|74,75|3,30|81,63|21,89|69,0|75,8|69,21|24,32|94,24|90,87|89,90|69,68|35,3|68,74|48,35|0,81|69,48/69,5=69,0,81,63,5
45,53|60,4|43,32|53,80|63,66|65,71|66,19|32,57|80,22|28,65|84,43|63,97|19,30|4,42|63,84|42,81|63,60|63,45|30,21|97,28/63,21=63,66,19,30,21
29,2|72,86|16,8|97,73|7,75|81,91|75,81|95,47|46,68|8,58|2,30|30,55|62,97|86,95|46,72|57,62|46,7|68,16|46,57|46,29/46,55=46,29,2,30,55
84,0|18,41|18,2|18,34|41,63|18,84|2,82|85,98|21,77|18,21|63,85|34,97|82,33|26,29|97,44|0,27|77,26|33,64|27,47|44,60/18,60=18,34,97,44,60
44,55|38,45|26,43|40,67|38,10|43,98|38,33|10,36|38,99|38,26|98,21|45,44|33,54|67,62|83,17|68,79|99,40|55,6|54,83|36,68/38,62=38,99,40,67,62
6,81|77,29|56,33|41,82|82,47|99,53|7,6|99,8|53,87|76,24|81,88|99,7|99,5|32,4|33,66|99,32|4,76|5,56|8,41|87,77/99,66=99,5,56,33,66
62,76|28,20|68,39|33,91|52,62|52,75|52,27|54,11|52,25|99,33|76,54|96,63|25,96|63,60|75,99|58,34|34,68|20,23|52,58|27,28/52,39=52,58,34,68,39
74,90|9,62|90,31|28,68|73,41|31,83|74,45|62,24|41,89|24,53|83,22|13,64|74,9|61,73|54,13|86,54|68,56|74,86|74,61|45,28/74,22=74,90,31,83,22
12,55|52,37|37,46|1,34|21,65|52,76|52,56|9,39|98,21|56,12|96,84|45,98|39,86|84,87|52,45|76,96|55,80|4,9|46,1|52,4/52,80=52,56,12,55,80
42,39|23,66|37,0|60,31|62,77|37,44|66,62|11,93|30,42|37,60|37,23|37,67|86,33|0,8|2,1|67,30|31,86|44,2|8,11|1,78/37,33=37,60,31,86,33
59,5|91,21|6,9|79,59|9,32|83,27|65,7|73,6|2,73|72,91|27,97|2,72|94,65|2,14|2,94|14,83|5,89|7,98|2,79|21,16/2,32=2,73,6,9,32
24,29|79,6|7,30|24,38|2,42|6,13|81,83|38,79|20,49|80,7|49,15|83,96|4,81|29,80|22,20|3,2|24,4|24,60|24,22|60,3/24,30=24,29,80,7,30
54,19|66,32|20,44|41,29|49,69|29,45|41,84|95,54|44,68|32,64|84,49|24,50|69,79|41,77|77,66|41,95|45,24|40,20|19,47|41,40/41,68=41,40,20,44,68
19,75|51,39|47,19|75,41|37,5|50,78|42,14|37,74|5,2|2,50|9,8|74,87|37,47|6,84|37,51|87,42|37,93|93,31|31,6|39,9/37,14=37,74,87,42,14
28,57|35,49|28,63|91,68|71,43|44,71|58,29|63,44|28,35|86,39|39,4|29,52|57,91|21,54|28,24|49,21|28,3|24,86|3,58|68,27/28,43=28,63,44,71,43
2,9|30,79|2,63|9,3|2,51|82,25|13,69|43,73|69,36|90,98|51,92|73,30|98,28|72,95|85,13|3,82|92,72|2,85|2,43|63,90/2,28=2,63,90,98,28
98,78|23,83|78,55|8,5|57,30|9,98|10,63|8,9|94,57|70,77|28,6|8,41|8,23|41,70|83,10|40,94|77,25|8,40|5,27|27,28/8,25=8,41,70,77,25
10,27|2,89|78,2|27,3|21,85|21,78|71,64|29,19|0,12|85,10|21,46|38,0|64,54|89,8|61,98|46,71|19,61|23,38|21,23|21,29/21,98=21,29,19,61,98
29,30|61,71|25,88|85,86|29,97|74,42|34,75|44,54|29,49|35,55|30,74|97,44|42,91|29,61|29,34|49,25|88,39|75,35|54,58|71,85/29,58=29,97,44,54,58
2,81|4,67|95,51|4,49|67,15|4,98|51,41|24,42|59,96|96,64|15,93|93,39|4,52|41,94|49,14|52,24|14,2|42,90|98,59|4,95/4,64=4,98,59,96,64
16,35|43,28|66,6|74,83|46,74|78,41|28,33|1,2|46,52|82,16|52,1|46,98|98,66|2,20|83,78|46,43|33,30|87,82|46,87|6,96/46,41=46,74,83,78,41
50,65|35,53|3,72|71,77|35,71|72,12|35,3|12,6|69,50|18,9|8,98|9,16|98,63|65,15|1,18|35,69|77,41|53,8|35,1|41,54/35,6=35,3,72,12,6
96,9|79,81|37,78|78,39|96,37|96,70|96,93|96,3|92,8|41,38|15,27|13,15|3,68|75,92|68,79|70,11|39,72|11,41|93,13|9,75/96,72=96,37,78,39,72
42,99|46,50|67,80|53,67|50,81|80,42|31,18|94,31|72,93|81,40|93,24|15,48|53,46|18,84|48,2|53,25|53,85|85,72|25,15|53,94/53,84=53,94,31,18,84
96,40|40,26|81,7|59,75|59,81|73,14|75,96|14,43|11,56|99,22|59,18|48,31|59,99|7,44|31,11|69,46|22,69|18,73|44,78|59,48/59,78=59,81,7,44,78
68,14|87,12|37,41|41,61|68,37|27,49|67,63|77,31|43,27|61,34|8,81|68,77|49,29|68,87|62,46|68,43|31,62|12,8|14,16|16,67/68,63=68,14,16,67,63
30,78|32,79|86,55|74,28|9,95|9,68|5,23|73,30|95,74|2,84|7,86|3,73|9,83|9,2|83,17|9,3|68,7|28,1|17,32|84,5/9,79=9,83,17,32,79
42,28|62,14|63,13|89,63|47,42|41,49|35,92|62,71|66,44|14,89|11,41|18,79|79,29|44,35|62,66|71,18|49,94|62,11|62,10|10,47/62,13=62,14,89,63,13
99,0|59,47|59,41|59,39|59,3|34,62|10,70|70,52|56,10|36,51|39,42|21,25|44,34|59,56|42,99|51,46|47,21|25,18|3,44|41,36/59,18=59,47,21,25,18
30,68|81,63|30,69|63,60|30,46|72,12|52,81|39,20|28,32|68,91|99,75|75,72|46,86|86,47|30,99|91,39|9,28|47,21|30,52|69,9/30,60=30,52,81,63,60
13,86|42,61|7,54|77,93|46,44|29,23|86,46|34,29|93,34|77,81|81,17|77,40|54,74|39,8|40,42|77,7|61,21|74,80|77,13|17,39/77,8=77,81,17,39,8
41,88|8,54|20,0|88,22|60,53|75,78|94,60|0,8|94,40|94,20|84,36|72,37|53,75|22,98|48,38|94,48|36,30|38,72|40,84|94,41/94,78=94,60,53,75,78
60,86|5,79|86,6|51,95|95,50|39,22|38,31|60,39|6,38|94,2|50,8|74,34|79,36|15,5|26,73|2,74|60,51|60,94|22,26|60,15/60,36=60,15,5,79,36
31,79|25,76|57,46|68,85|37,25|33,65|68,3|68,44|35,16|68,2|85,51|3,37|68,64|2,67|65,70|58,31|51,35|64,33|44,58|67,57/68,16=68,85,51,35,16
91,12|2,44|22,16|98,45|4,6|22,58|68,89|22,65|22,2|12,4|22,91|24,60|58,15|16,98|92,43|86,68|65,86|45,3|44,24|15,92/22,60=22,2,44,24,60
13,84|81,44|85,37|21,60|37,21|97,70|27,1|7,68|26,85|32,27|8,40|40,97|84,48|1,46|26,8|26,81|26,32|26,13|44,7|48,65/26,70=26,8,40,97,70
27,73|12,62|73,80|28,92|68,82|77,63|74,48|12,32|32,22|82,77|25,27|48,49|12,74|0,23|62,7|22,0|7,28|49,18|12,68|12,25/12,92=12,62,7,28,92
41,23|85,93|23,6|99,5|4,83|33,73|50,99|26,50|17,80|73,46|33,63|93,17|10,2|33,26|33,74|33,85|63,41|46,4|74,10|2,79/33,5=33,26,50,99,5
64,1|31,62|10,64|10,38|88,81|10,74|74,76|37,88|40,16|16,46|85,18|38,40|63,24|76,31|10,23|1,63|10,17|17,37|91,85|23,91/10,24=10,64,1,63,24
32,95|32,15|5,0|83,65|84,82|25,84|66,63|65,22|52,38|38,8|32,93|80,66|95,80|8,18|93,83|15,11|11,5|32,52|32,20|20,25/32,18=32,52,38,8,18
88,26|74,29|8,81|29,16|30,60|6,42|66,6|30,31|81,7|32,66|26,24|0,1|60,0|16,80|31,88|30,8|30,32|7,4|30,74|1,91/30,24=30,31,88,26,24
76,87|60,37|16,53|96,22|41,54|41,25|41,10|41,19|25,60|37,45|10,88|19,96|41,16|24,35|53,74|54,49|74,59|22,61|88,76|49,24/41,45=41,25,60,37,45
6,73|39,13|70,28|55,53|12,2|47,68|39,85|39,79|69,45|39,69|2,10|45,70|73,96|5,47|79,64|68,9|64,55|85,6|13,12|39,5/39,10=39,13,12,2,10
67,63|98,87|17,97|80,37|95,80|67,17|97,76|74,18|87,83|37,19|46,71|44,88|63,74|67,95|71,44|76,30|67,98|18,15|83,40|67,46/67,40=67,98,87,83,40
77,65|93,24|90,16|70,39|17,46|17,14|63,78|17,90|39,71|62,83|83,63|19,70|65,84|17,19|17,62|16,54|80,93|14,77|46,80|54,38/17,38=17,90,16,54,38
14,48|45,3|73,88|59,13|84,45|30,82|88,94|73,63|73,74|3,52|63,77|73,64|82,76|85,67|77,85|94,14|74,57|57,59|64,30|73,84/73,67=73,63,77,85,67
84,57|95,79|61,91|95,51|65,2|95,45|42,55|97,54|54,70|95,96|20,65|51,97|77,61|15,42|57,35|56,77|79,20|95,56|45,84|96,15/95,2=95,79,20,65,2
43,79|88,64|79,15|92,11|80,43|59,26|17,72|73,46|17,80|26,36|46,66|70,89|18,73|17,88|72,92|64,70|17,18|11,52|17,59|36,56/17,52=17,72,92,11,52
69,5|12,2|36,49|51,17|69,26|69,3|17,42|69,51|26,36|3,35|55,22|35,55|41,33|42,63|5,12|69,18|33,73|18,41|49,0|2,87/69,0=69,26,36,49,0
33,11|26,54|11,9|34,29|66,19|76,59|19,33|66,43|43,26|71,34|2,6|66,35|66,77|54,12|66,18|35,71|49,76|39,2|77,49|18,39/66,29=66,35,71,34,29
