63,87|28,56|28,53|62,13|28,23|85,26|53,85|36,58|87,77|42,48|13,29|28,36|23,63|26,44|28,42|56,62|58,54|48,9|9,92|54,15/28,29=28,56,62,13,29
50,68|31,51|89,9|10,85|45,96|45,53|60,31|45,75|75,89|45,73|51,40|45,60|90,50|6,44|73,90|53,10|44,29|96,6|85,91|9,42/45,42=45,75,89,9,42
34,29|56,61|95,34|95,56|95,66|61,6|47,49|13,43|29,9|33,41|9,35|69,33|41,79|75,13|24,22|6,46|95,69|49,24|95,47|66,75/95,46=95,56,61,6,46
34,72|34,61|24,0|2,39|34,22|93,30|72,40|61,17|45,85|85,73|17,24|13,25|34,13|95,93|22,45|34,88|69,55|88,95|40,69|25,2/34,73=34,22,45,85,73
78,46|66,15|2,52|97,78|58,0|5,12|90,92|53,80|15,59|99,60|80,58|97,99|97,53|59,75|60,91|97,66|97,2|91,36|46,5|52,90/97,92=97,2,52,90,92
8,53|96,8|59,12|63,46|96,38|12,74|74,43|96,98|53,47|94,99|46,94|19,68|96,63|69,19|38,9|98,69|47,6|96,59|9,60|60,80/96,99=96,63,46,94,99
98,19|64,90|29,64|76,98|84,95|17,5|1,34|52,17|90,96|95,0|68,33|29,52|96,15|29,27|34,68|29,1|16,76|5,57|29,16|27,84/29,57=29,52,17,5,57
46,11|78,16|75,22|64,84|11,32|78,75|15,58|6,68|7,64|16,6|78,90|98,15|22,26|68,43|78,7|84,37|90,98|78,81|26,31|81,46/78,32=78,81,46,11,32
35,53|7,12|48,81|65,71|64,0|0,19|87,95|95,27|48,55|71,79|48,61|74,9|48,97|53,20|55,87|97,64|48,7|81,65|12,74|61,35/48,20=48,61,35,53,20
69,28|87,88|86,83|87,86|91,74|21,27|2,69|1,80|87,52|37,59|52,21|74,14|83,1|27,70|31,91|87,31|59,17|76,2|88,37|87,76/87,17=87,88,37,59,17
44,84|34,72|70,21|92,62|82,40|0,26|14,44|64,47|14,93|14,0|93,50|50,92|14,64|89,76|47,34|14,89|84,82|15,63|26,70|76,15/14,62=14,93,50,92,62
47,94|36,56|6,79|53,49|56,0|2,33|60,54|95,7|53,83|53,6|7,68|4,35|33,10|0,19|79,47|54,4|83,95|49,2|53,36|53,60/53,68=53,83,95,7,68
27,19|71,14|24,66|68,99|54,71|83,1|49,54|89,96|96,68|34,95|95,24|60,83|39,60|34,49|34,39|34,88|88,85|85,27|66,90|34,89/34,19=34,88,85,27,19
27,67|29,65|67,19|11,39|20,70|15,37|61,75|19,15|34,64|3,11|53,3|70,34|27,61|27,20|65,52|27,53|27,14|75,74|14,29|74,76/27,64=27,20,70,34,64
46,14|2,60|97,16|24,27|60,77|24,46|73,34|54,39|24,2|24,32|45,70|62,45|32,54|7,69|27,62|39,9|34,7|14,97|24,73|77,1/24,70=24,27,62,45,70
50,70|35,41|30,78|31,50|63,54|52,9|35,33|41,3|33,53|78,62|9,20|35,43|35,30|62,36|35,86|79,27|3,63|86,31|43,52|53,79/35,54=35,41,3,63,54
83,33|88,61|94,76|88,54|88,47|16,67|88,42|60,26|64,94|61,86|47,64|38,29|86,16|26,52|85,18|33,38|88,83|54,85|18,75|42,60/88,67=88,61,86,16,67
0,72|15,34|69,44|17,0|92,18|64,69|59,62|48,84|34,59|93,90|26,93|92,48|92,15|6,17|18,64|92,6|92,26|90,63|84,31|31,28/92,28=92,48,84,31,28
35,46|95,71|43,27|48,35|27,12|71,14|19,3|24,19|95,43|46,89|76,24|83,77|77,25|14,94|95,48|95,15|12,70|95,76|94,7|15,83/95,89=95,48,35,46,89
59,76|58,96|59,45|59,12|59,58|51,18|59,9|9,91|73,44|50,7|96,35|7,69|35,86|76,8|45,50|8,51|21,73|68,97|12,21|91,68/59,86=59,58,96,35,86
85,6|97,18|53,97|35,74|81,8|15,77|81,53|81,85|81,62|62,83|99,16|56,44|74,94|19,99|83,56|6,15|18,40|8,35|26,19|81,26/81,77=81,85,6,15,77
94,17|84,50|87,16|58,93|94,84|61,0|94,70|44,58|17,35|67,87|70,40|96,86|94,2|42,34|40,42|94,67|16,47|50,96|35,61|2,44/94,0=94,17,35,61,0
59,35|95,74|5,19|30,46|58,41|27,58|95,76|46,71|89,59|13,86|86,25|95,94|71,47|74,32|95,30|32,5|95,89|94,13|35,75|76,27/95,25=95,94,13,86,25
66,50|59,7|72,98|28,56|17,81|75,13|23,47|81,23|59,87|6,75|59,17|87,28|7,82|56,31|59,65|30,6|59,30|65,72|98,45|82,66/59,31=59,87,28,56,31
93,39|98,69|71,34|6,93|98,19|5,50|39,80|4,71|69,27|98,21|27,60|98,6|53,5|19,4|65,78|21,65|50,10|60,87|78,73|98,53/98,87=98,69,27,60,87
47,65|81,40|91,59|58,41|91,78|70,67|67,44|27,35|91,26|26,27|3,52|91,81|91,42|78,3|35,24|40,58|42,38|38,47|59,70|52,4/91,44=91,59,70,67,44
39,36|49,39|5,99|63,48|77,43|23,76|36,11|85,97|85,23|43,79|97,77|48,5|85,49|59,81|67,70|85,67|70,59|76,78|85,63|78,12/85,99=85,63,48,5,99
43,34|90,86|34,67|90,19|18,98|19,41|75,5|86,43|59,17|85,36|90,59|46,91|90,48|12,52|42,85|48,42|5,46|17,12|41,18|90,75/90,52=90,59,17,12,52
16,67|97,83|81,16|49,36|71,98|69,12|81,82|67,48|82,69|19,71|33,57|12,30|81,19|83,38|38,80|98,90|48,17|36,33|81,49|81,97/81,17=81,16,67,48,17
92,27|17,76|43,62|62,42|17,75|10,40|40,31|31,13|82,12|75,35|35,82|38,92|83,28|76,38|25,83|17,25|80,43|17,10|28,11|17,80/17,27=17,76,38,92,27
51,8|86,94|31,60|71,51|84,20|59,31|20,24|84,18|68,86|84,71|24,25|84,93|94,33|93,59|21,44|18,17|84,68|25,87|17,21|8,88/84,33=84,68,86,94,33
58,26|64,77|60,58|72,40|31,89|26,11|13,22|22,66|64,31|4,72|89,3|3,90|64,61|61,12|40,42|12,95|64,60|95,97|77,13|64,4/64,97=64,61,12,95,97
21,1|59,75|0,83|91,80|17,18|31,65|35,6|19,91|21,35|18,78|63,59|6,4|21,19|21,29|80,53|21,0|4,67|29,63|1,17|83,31/21,75=21,29,63,59,75
38,31|10,76|38,66|87,24|67,33|38,23|38,67|23,69|31,70|33,14|70,10|66,87|69,61|73,62|14,80|85,25|62,85|38,73|61,63|24,44/38,76=38,31,70,10,76
33,36|10,48|34,25|30,61|36,28|33,0|0,34|33,10|24,1|33,30|33,14|28,24|71,6|6,69|22,97|14,71|48,22|84,39|25,93|61,84/33,93=33,0,34,25,93
39,75|31,40|25,13|11,39|40,52|11,76|11,64|75,55|76,20|85,43|13,90|43,1|11,85|1,68|11,31|15,38|64,25|55,58|52,67|20,15/11,58=11,39,75,55,58
65,26|88,39|65,84|96,45|89,96|87,24|48,78|51,93|84,89|93,88|65,47|22,62|65,51|65,99|24,42|1,48|47,20|26,87|20,22|99,1/65,78=65,99,1,48,78
38,50|23,70|51,46|38,33|0,63|88,0|70,17|38,73|50,34|69,30|38,44|33,56|67,88|56,69|34,77|46,20|73,51|38,67|44,23|77,53/38,53=38,50,34,77,53
83,5|39,79|1,40|59,2|5,94|25,88|11,44|20,54|2,52|25,59|25,1|54,66|79,3|40,11|25,0|52,86|0,83|66,31|25,20|88,39/25,44=25,1,40,11,44
83,82|58,86|5,1|0,25|20,5|79,59|99,95|18,99|58,4|86,79|82,10|89,20|95,24|25,21|58,18|58,0|21,56|59,55|4,83|58,89/58,24=58,18,99,95,24
25,9|12,72|50,37|50,97|58,87|97,12|13,53|37,4|60,58|50,54|50,6|72,41|43,13|54,25|9,0|20,96|15,43|6,60|4,20|50,15/50,41=50,97,12,72,41
41,3|28,7|67,32|92,38|95,67|56,82|97,92|14,97|28,56|30,26|7,61|28,33|61,30|3,0|28,14|0,17|82,6|33,95|28,41|6,10/28,38=28,14,97,92,38
94,32|21,65|10,22|65,20|37,46|50,10|13,97|21,58|46,93|22,36|24,61|68,13|21,50|21,37|93,89|51,98|98,94|20,24|21,51|58,68/21,61=21,65,20,24,61
64,49|64,34|59,0|65,59|24,43|49,48|61,70|5,84|96,50|34,29|40,2|29,61|22,33|64,24|2,96|64,28|43,5|48,22|64,40|28,65/64,33=64,49,48,22,33
9,64|34,93|99,70|37,24|47,1|1,84|24,47|37,8|7,18|18,96|64,69|37,25|28,34|69,62|70,51|25,99|33,28|37,33|8,7|37,9/37,51=37,25,99,70,51
19,59|98,68|78,96|95,85|1,25|1,19|67,91|1,12|34,52|45,54|25,3|88,28|12,98|68,20|96,67|52,45|3,88|1,78|59,95|1,34/1,91=1,78,96,67,91
0,63|0,33|71,50|85,75|75,13|89,21|0,85|0,71|21,37|72,58|13,95|63,87|50,62|51,18|58,41|87,51|62,82|92,89|33,72|0,92/0,18=0,63,87,51,18
63,61|97,18|97,69|77,78|73,40|78,73|18,75|44,50|97,63|97,44|50,58|61,48|48,2|69,30|75,93|93,6|58,34|30,47|47,1|97,77/97,6=97,18,75,93,6
94,17|84,50|87,96|58,93|94,84|61,0|94,70|44,58|17,35|67,87|70,40|42,34|94,2|16,47|40,16|94,67|96,86|50,42|35,61|2,44/94,0=94,17,35,61,0
20,9|25,17|98,95|61,21|15,19|59,25|85,52|98,51|52,77|8,20|98,59|19,44|95,85|51,41|41,61|17,99|44,97|98,15|98,8|9,54/98,97=98,15,19,44,97
38,54|1,48|54,47|0,11|19,64|19,38|53,80|11,7|41,56|40,62|56,1|45,0|62,69|19,45|85,40|19,85|64,53|47,27|19,41|80,67/19,48=19,41,56,1,48
17,77|99,43|32,61|63,94|0,93|75,27|88,32|88,80|12,99|27,29|88,98|80,17|29,33|77,67|88,75|98,63|88,12|61,0|43,64|94,44/88,44=88,98,63,94,44
48,14|13,97|77,20|5,21|15,30|22,66|6,53|24,65|15,24|21,77|95,39|30,11|15,89|50,48|11,6|15,5|89,50|15,13|65,22|97,95/15,66=15,24,65,22,66
5,11|92,70|0,58|16,29|58,16|59,34|75,0|52,92|75,8|11,59|75,52|55,61|48,72|8,48|75,5|72,18|75,10|10,55|70,77|61,57/75,29=75,0,58,16,29
17,6|20,54|34,87|27,30|77,17|30,58|78,8|5,24|90,34|19,90|54,35|20,16|16,27|20,77|86,5|20,61|6,14|61,86|35,78|20,19/20,58=20,16,27,30,58
61,23|82,21|3,53|57,7|37,54|23,40|61,16|16,11|52,31|45,37|17,41|40,57|61,17|84,85|31,82|41,3|64,45|61,52|61,64|11,84/61,53=61,17,41,3,53
25,98|55,49|50,32|25,50|98,12|25,36|49,31|91,89|12,34|25,58|44,78|32,46|58,55|89,42|87,44|34,64|46,48|36,87|42,90|25,91/25,31=25,58,55,49,31
64,25|64,10|29,63|16,65|10,44|45,24|95,20|44,60|25,76|6,3|80,75|63,61|20,6|60,1|64,80|76,45|75,16|64,95|64,29|61,28/64,24=64,25,76,45,24
78,23|84,44|44,86|26,96|26,60|21,61|86,99|37,40|26,55|55,46|46,21|40,78|32,91|73,9|60,85|85,32|26,84|9,18|26,37|96,73/26,61=26,55,46,21,61
1,69|37,76|68,10|69,7|74,88|95,30|81,68|43,6|37,90|37,81|88,43|76,95|16,67|10,12|46,16|30,25|90,1|37,77|77,46|37,74/37,67=37,77,46,16,67
45,15|52,5|71,92|26,40|28,10|45,28|34,83|40,79|12,60|50,3|15,43|45,7|45,26|7,52|43,12|5,17|45,71|92,50|10,34|79,96/45,60=45,15,43,12,60
66,96|40,53|62,44|50,62|35,50|84,25|1,91|44,71|53,48|35,40|48,57|96,92|29,17|35,15|17,84|91,68|92,10|15,1|35,66|35,29/35,10=35,66,96,92,10
80,68|73,92|83,62|92,4|95,2|11,87|1,70|91,86|83,8|83,91|86,1|4,81|83,80|62,34|8,11|68,19|83,73|87,13|19,53|34,95/83,13=83,8,11,87,13
4,3|43,37|94,7|12,47|38,26|33,67|6,94|33,50|50,12|31,32|33,65|45,39|33,43|47,84|33,31|48,4|32,38|67,48|65,6|37,45/33,84=33,50,12,47,84
48,94|32,11|58,86|73,22|22,0|19,63|98,6|11,98|32,48|47,5|6,44|76,49|32,2|49,19|94,58|0,66|24,47|32,76|2,24|32,73/32,5=32,2,24,47,5
83,65|51,49|32,62|47,29|62,18|25,76|76,40|74,20|26,66|25,5|40,47|27,83|20,26|25,82|82,51|25,74|49,43|18,24|5,27|25,32/25,43=25,82,51,49,43
79,16|46,93|44,35|99,98|79,8|79,28|16,27|27,4|35,33|8,99|33,51|82,23|4,22|80,82|79,32|28,80|98,5|9,46|79,44|32,9/79,93=79,32,9,46,93
8,77|80,23|88,1|61,10|93,72|4,31|72,61|93,26|94,70|10,7|71,88|70,92|26,94|93,4|1,74|93,80|93,71|31,83|83,35|23,8/93,77=93,80,23,8,77
94,38|4,11|8,27|16,46|84,75|27,21|15,4|46,24|15,47|86,22|93,20|73,8|15,30|75,86|15,84|11,93|19,94|15,73|30,16|47,19/15,20=15,4,11,93,20
80,73|5,35|5,25|13,94|55,34|47,65|4,57|94,81|25,13|65,30|83,16|19,47|34,58|16,27|5,83|27,92|35,55|5,19|5,4|57,80/5,81=5,25,13,94,81
77,0|86,77|40,37|56,64|86,6|86,8|86,81|92,65|64,4|72,45|38,72|81,95|95,71|71,67|86,74|74,79|6,56|79,92|0,40|8,38/86,65=86,74,79,92,65
43,1|1,12|35,39|38,42|43,31|92,55|42,78|43,38|31,28|28,35|43,62|68,92|40,83|22,96|12,41|78,13|96,40|43,22|62,68|41,86/43,83=43,22,96,40,83
20,72|94,26|26,98|9,62|55,38|62,94|3,20|32,66|12,8|9,54|77,11|31,55|9,2|2,3|9,32|48,77|9,28|28,31|54,48|66,12/9,98=9,62,94,26,98
44,84|70,21|82,40|92,62|34,72|0,26|14,44|64,47|14,93|14,0|93,50|50,92|14,64|89,76|47,70|14,89|84,34|15,63|26,82|76,15/14,62=14,93,50,92,62
64,66|14,16|64,49|49,70|64,14|10,68|66,5|5,79|80,35|28,51|51,80|91,48|64,28|79,56|95,91|16,92|33,95|70,10|92,13|64,33/64,56=64,66,5,79,56
19,77|19,53|88,60|59,75|53,2|19,3|36,29|19,24|77,13|29,41|33,59|46,16|13,66|2,88|76,33|19,76|66,25|3,36|85,46|24,85/19,60=19,53,2,88,60
36,20|65,69|84,89|9,17|77,7|2,87|92,9|89,92|87,27|84,60|30,34|7,30|84,77|22,2|84,22|20,28|60,5|84,42|42,36|5,65/84,34=84,77,7,30,34
53,98|89,76|79,82|39,93|5,89|25,69|13,91|10,85|53,39|93,79|62,88|64,10|53,17|23,62|17,5|53,64|69,13|98,23|53,25|85,6/53,6=53,64,10,85,6
83,96|79,17|57,62|24,56|74,26|17,1|56,57|15,89|83,86|83,21|12,42|42,48|96,74|77,15|83,24|86,12|83,77|89,71|21,79|26,3/83,1=83,21,79,17,1
46,99|35,51|30,92|92,43|30,84|52,61|84,45|90,12|91,34|83,8|61,56|43,46|14,35|30,90|30,79|30,80|80,52|79,14|45,91|12,83/30,34=30,84,45,91,34
59,66|32,28|95,27|55,61|28,85|69,86|27,96|61,38|18,55|32,9|9,59|32,18|98,67|26,35|85,69|32,95|32,26|35,98|66,57|96,64/32,57=32,9,59,66,57
58,61|0,22|43,30|43,76|70,19|14,73|73,84|54,14|43,0|43,79|30,16|33,5|16,58|22,33|43,54|62,70|76,62|48,18|8,48|79,8/43,5=43,0,22,33,5
58,43|2,55|36,82|58,24|58,19|77,2|58,77|4,27|83,14|43,4|19,83|86,36|58,30|24,86|91,23|30,18|27,39|18,91|14,90|55,72/58,23=58,30,18,91,23
12,2|3,13|95,54|94,85|95,3|13,82|24,63|43,87|4,71|95,12|98,53|82,16|54,4|87,98|44,46|95,94|95,43|71,37|2,24|85,44/95,53=95,43,87,98,53
0,94|8,27|27,34|59,2|37,46|31,9|1,36|87,1|93,58|85,81|46,0|2,85|8,37|8,87|58,31|70,79|8,93|8,59|36,49|34,70/8,49=8,87,1,36,49
90,52|36,34|8,11|79,30|37,71|85,36|79,37|1,23|0,85|93,15|51,89|71,51|11,88|3,31|79,1|79,0|30,8|23,93|79,90|52,3/79,31=79,90,52,3,31
29,11|72,27|42,82|11,78|40,26|77,39|1,15|24,9|40,77|40,24|46,44|78,36|39,6|40,1|27,47|26,72|15,42|6,37|40,29|9,46/40,37=40,77,39,6,37
90,19|23,83|90,23|94,42|83,20|8,63|63,82|82,58|97,84|71,97|81,98|90,8|20,99|98,26|62,94|90,68|26,67|68,71|90,81|19,62/90,99=90,23,83,20,99
18,64|10,18|83,34|49,78|40,77|53,58|53,10|53,2|94,57|53,38|75,9|11,83|77,94|2,49|78,43|53,40|38,11|9,17|58,75|64,91/53,17=53,58,75,9,17
60,53|36,98|40,38|53,72|41,84|75,78|94,41|38,36|94,20|94,40|88,22|8,30|84,75|72,54|48,0|94,48|22,37|0,8|20,88|94,60/94,78=94,41,84,75,78
82,15|57,90|35,93|34,59|75,62|93,75|57,46|59,67|46,96|73,83|2,34|61,73|83,76|57,35|90,92|70,99|57,2|92,82|96,70|57,61/57,62=57,35,93,75,62
93,27|37,50|60,64|21,2|53,67|97,60|59,44|67,11|2,59|52,1|21,53|27,52|21,57|64,4|21,93|44,61|57,62|11,19|21,97|62,37/21,19=21,53,67,11,19
86,57|81,51|51,48|84,81|39,83|3,45|43,13|48,89|29,86|84,66|84,47|66,43|84,39|84,29|83,3|57,64|65,6|91,65|47,91|13,71/84,45=84,39,83,3,45
14,80|17,68|56,63|41,10|56,54|63,86|86,57|35,41|40,31|93,65|21,33|54,35|98,32|68,40|57,8|80,98|56,14|56,17|33,93|56,21/56,32=56,14,80,98,32
93,69|87,79|67,28|68,45|60,58|14,18|79,21|17,67|28,95|33,27|27,39|68,17|21,12|69,14|45,33|31,60|68,93|63,31|68,87|68,63/68,12=68,87,79,21,12
66,36|76,46|99,76|22,33|46,66|88,22|48,68|99,90|37,5|82,95|90,82|72,88|68,81|99,72|99,87|99,48|87,7|7,37|95,52|81,91/99,91=99,48,68,81,91
55,69|13,29|27,84|39,32|27,23|84,68|5,55|68,39|27,1|54,11|11,56|88,76|62,9|29,2|23,54|1,5|76,62|27,13|27,88|2,41/27,9=27,88,76,62,9
77,42|31,15|22,2|26,95|95,36|26,46|26,22|71,96|54,69|9,79|26,71|2,77|46,90|74,73|79,23|36,54|96,74|23,82|90,31|26,9/26,15=26,46,90,31,15
98,89|48,15|27,55|8,62|98,8|31,80|39,81|40,43|98,29|98,65|62,40|65,56|15,78|81,16|56,70|89,39|98,27|70,67|55,31|29,48/98,78=98,29,48,15,78
86,14|16,91|69,57|51,17|70,99|14,69|63,35|58,51|93,58|96,95|91,18|41,86|41,19|41,63|35,96|41,93|99,72|41,16|19,70|18,54/41,95=41,63,35,96,95
38,12|40,19|82,72|82,50|92,81|56,78|78,77|77,79|72,92|51,87|23,40|33,38|82,56|82,73|12,9|73,51|50,23|81,11|87,58|82,33/82,79=82,56,78,77,79
72,17|59,4|59,72|4,2|58,20|29,26|95,65|59,38|59,74|17,95|2,15|20,21|38,58|48,39|56,29|59,62|1,48|74,56|62,1|15,3/59,21=59,38,58,20,21
4,75|49,39|56,86|44,71|39,8|81,56|15,44|8,70|59,15|26,49|91,4|26,38|38,81|32,10|75,14|26,53|53,83|26,59|26,91|83,32/26,70=26,49,39,8,70
83,13|13,10|56,26|56,92|89,75|10,15|49,16|56,35|51,60|92,89|0,65|56,50|50,0|16,62|75,87|35,49|65,96|26,51|60,53|56,83/56,62=56,35,49,16,62
79,7|67,90|6,93|25,82|90,24|93,55|55,46|16,25|5,61|73,17|16,6|17,79|24,59|16,67|61,50|48,89|82,48|16,73|50,80|16,5/16,7=16,73,17,79,7
63,20|61,48|67,26|42,83|58,82|61,43|82,67|95,97|34,95|94,21|21,2|35,78|3,94|61,42|61,3|83,63|47,35|48,47|61,58|43,34/61,78=61,48,47,35,78
90,84|37,94|99,50|4,65|37,99|84,19|18,87|37,49|0,24|65,23|37,40|94,74|50,0|74,20|49,90|37,43|20,42|40,51|51,18|43,4/37,23=37,43,4,65,23
49,22|6,23|9,43|93,65|0,25|19,68|49,8|8,5|21,6|56,0|11,19|10,56|22,21|49,11|49,10|5,93|49,1|1,40|68,81|40,9/49,81=49,11,19,68,81
43,75|16,19|19,98|4,30|73,16|8,3|98,20|73,46|61,91|28,14|76,44|12,28|73,61|91,8|73,76|73,41|44,43|46,12|30,85|41,4/73,75=73,76,44,43,75
84,62|70,55|84,36|92,22|63,76|79,82|84,5|0,63|36,16|84,47|47,98|5,32|62,92|98,79|89,0|16,70|22,50|59,69|84,89|32,59/84,55=84,36,16,70,55
87,25|9,29|1,54|9,89|9,99|89,66|72,12|29,45|73,44|66,20|45,72|9,15|59,73|81,1|44,96|25,41|9,59|20,67|15,87|99,81/9,67=9,89,66,20,67
86,32|14,54|33,91|17,33|89,60|36,13|52,23|13,62|42,64|17,86|17,42|94,89|32,40|17,79|79,94|17,36|62,76|64,52|91,14|40,47/17,23=17,42,64,52,23
93,40|82,49|44,4|10,41|98,62|55,10|57,98|93,29|93,55|93,35|40,37|35,44|37,79|93,30|29,57|79,48|30,2|2,82|41,78|4,56/93,56=93,35,44,4,56
53,92|22,68|5,84|84,95|59,63|94,58|30,22|3,94|56,2|59,30|59,53|85,3|68,31|59,85|95,98|92,26|2,35|59,5|26,66|63,56/59,31=59,30,22,68,31
38,61|70,38|59,39|81,98|59,12|98,18|12,65|59,81|49,13|18,34|59,49|39,50|59,70|61,29|14,5|13,51|50,14|51,24|20,27|65,20/59,29=59,70,38,61,29
66,32|54,24|45,44|41,95|20,19|95,49|41,40|29,66|44,68|24,79|40,20|69,64|19,50|41,77|77,54|41,29|49,69|84,45|32,47|41,84/41,68=41,84,45,44,68
40,66|16,30|0,16|67,86|86,35|66,34|30,14|0,15|99,43|89,7|52,18|53,40|14,61|35,28|7,52|15,17|0,67|0,53|0,89|17,99/0,61=0,16,30,14,61
59,46|71,91|77,7|82,69|46,95|22,74|22,21|21,64|22,1|98,62|22,98|62,85|1,82|22,42|42,59|64,77|74,71|85,88|69,25|91,38/22,88=22,98,62,85,88
17,29|28,46|40,43|5,96|58,81|37,92|5,68|48,17|96,75|5,58|5,65|33,40|95,53|81,95|68,33|65,48|42,78|78,28|5,42|75,37/5,29=5,65,48,17,29
72,81|79,88|88,84|80,9|41,67|9,98|80,63|80,79|98,20|80,8|84,61|71,59|67,86|8,38|20,12|13,41|38,72|59,45|80,13|63,71/80,12=80,9,98,20,12
4,23|20,22|65,25|4,48|60,67|4,10|1,71|10,46|67,99|51,28|23,60|57,54|30,56|56,20|48,58|58,51|46,65|4,1|71,57|4,30/4,28=4,48,58,51,28
9,56|14,43|73,19|9,34|66,81|9,10|10,84|56,52|34,89|84,63|9,33|9,14|89,66|33,37|68,21|63,85|52,68|43,73|37,0|0,74/9,19=9,14,43,73,19
32,3|21,43|23,62|78,23|32,78|62,65|27,41|42,44|69,42|41,47|32,8|32,7|7,69|8,27|83,82|3,21|1,74|43,50|32,1|74,83/32,44=32,7,69,42,44
62,1|26,61|85,51|33,60|49,40|13,33|0,9|51,49|13,85|13,0|22,4|11,3|60,62|2,63|63,78|13,26|13,2|61,11|9,22|78,7/13,40=13,85,51,49,40
93,54|11,8|47,86|93,75|77,9|28,1|53,63|8,77|75,28|93,47|54,29|86,5|5,96|1,3|29,53|50,51|93,11|93,24|24,50|51,95/93,63=93,54,29,53,63
58,64|3,58|39,72|20,80|97,55|97,3|68,0|97,85|74,91|91,12|80,53|72,57|2,68|64,25|97,78|78,39|14,2|85,74|55,20|97,14/97,12=97,85,74,91,12
46,80|86,28|85,33|8,3|49,55|10,86|46,10|46,51|57,56|28,11|55,40|40,52|46,49|59,85|32,29|51,59|80,50|50,57|46,32|29,8/46,56=46,80,50,57,56
70,42|88,77|72,6|3,80|17,52|94,96|42,72|70,76|9,32|70,12|32,88|76,69|29,24|52,94|6,50|70,17|12,8|69,3|8,29|70,9/70,80=70,76,69,3,80
94,16|77,26|35,91|66,44|0,95|29,96|35,29|16,2|35,13|13,84|35,45|90,0|30,66|96,77|45,90|35,94|23,38|84,23|91,30|2,42/35,44=35,91,30,66,44
24,95|73,18|33,16|93,96|29,52|33,32|96,42|70,64|33,85|7,93|16,73|52,28|47,24|99,47|18,20|25,70|33,7|33,99|32,25|85,29/33,42=33,7,93,96,42
16,48|48,77|10,99|42,10|16,2|16,6|7,27|71,24|23,44|2,90|88,57|90,7|16,71|44,0|16,23|0,73|24,28|28,95|77,88|6,42/16,99=16,6,42,10,99
56,61|26,52|26,8|78,56|52,71|61,14|49,79|36,27|93,47|22,36|26,49|71,41|26,94|19,10|79,93|8,2|41,30|94,22|2,19|26,78/26,47=26,49,79,93,47
1,57|20,79|21,41|21,60|10,86|21,73|21,69|41,1|33,12|86,62|73,15|85,66|15,33|39,54|60,39|66,20|69,10|21,85|57,29|54,78/21,78=21,60,39,54,78
17,46|62,77|62,72|53,35|0,90|77,96|96,34|11,0|46,6|62,39|62,13|30,17|34,25|13,11|62,30|84,79|39,53|71,84|72,71|35,2/62,90=62,13,11,0,90
69,36|56,46|82,56|1,37|3,45|45,17|96,68|37,96|1,40|8,69|11,73|1,82|73,58|36,9|1,5|40,11|1,8|68,92|5,3|46,24/1,17=1,5,3,45,17
49,73|99,67|38,48|43,89|45,55|82,27|55,35|38,43|38,34|38,45|73,66|89,82|35,76|34,25|38,99|67,62|83,61|48,49|62,4|25,83/38,61=38,34,25,83,61
33,62|45,44|15,80|33,39|33,83|83,15|79,36|95,16|3,89|33,48|80,9|39,85|85,45|89,70|33,3|36,65|70,84|55,95|48,79|62,55/33,9=33,83,15,80,9
27,62|27,20|6,80|17,32|80,7|20,6|57,81|76,51|1,53|62,33|27,57|27,69|58,76|81,17|69,1|27,58|99,61|51,5|33,99|53,15/27,32=27,57,81,17,32
90,89|89,19|19,73|69,22|18,1|30,60|45,54|22,65|13,77|1,35|90,38|73,82|90,45|40,13|50,69|38,40|71,18|90,50|54,30|90,71/90,35=90,71,18,1,35
97,24|24,41|86,95|91,15|60,8|0,91|82,0|97,57|57,11|46,83|97,82|97,86|41,99|99,22|33,76|95,46|76,60|87,56|11,87|97,33/97,83=97,86,95,46,83
79,72|49,89|4,78|41,99|72,27|86,4|9,0|89,24|39,9|31,48|39,79|39,41|39,49|24,91|56,6|27,29|39,69|0,31|99,56|69,86/39,29=39,79,72,27,29
13,81|50,23|87,52|18,64|1,7|96,99|50,87|94,98|52,96|50,28|50,1|50,13|81,60|28,18|7,41|64,77|41,63|23,0|60,59|0,94/50,77=50,28,18,64,77
12,82|95,15|53,27|23,59|75,54|47,13|95,37|95,88|16,98|98,47|37,75|2,53|15,2|95,12|95,16|88,38|82,23|54,29|20,40|38,20/95,40=95,88,38,20,40
11,66|4,97|60,54|60,4|79,31|67,11|97,1|18,88|60,26|35,74|91,35|60,20|26,45|45,13|1,52|20,91|54,67|13,5|31,18|60,79/60,88=60,79,31,18,88
62,20|70,49|77,65|88,37|69,83|91,43|65,9|69,77|79,64|69,27|83,36|64,31|66,80|49,62|69,70|27,79|43,88|9,50|69,91|36,66/69,31=69,27,79,64,31
54,83|38,10|99,40|36,67|38,45|40,55|38,33|45,43|38,26|38,99|55,79|10,54|33,44|67,62|68,21|98,17|26,36|83,6|44,68|43,98/38,62=38,26,36,67,62
0,55|62,99|49,76|71,9|14,74|36,82|0,27|57,28|0,71|93,57|55,93|0,49|90,62|76,36|9,84|99,12|0,90|84,96|74,94|27,14/0,94=0,27,14,74,94
5,38|33,39|19,92|71,22|65,36|21,60|60,23|21,65|38,12|75,89|21,53|59,71|23,75|36,19|53,5|39,51|21,95|95,59|51,78|21,33/21,78=21,33,39,51,78
15,73|85,16|47,15|92,32|66,48|73,34|58,66|85,29|61,14|19,56|77,24|53,61|16,58|85,47|85,30|29,53|85,77|30,93|93,19|24,92/85,48=85,16,58,66,48
10,65|45,80|41,67|43,10|65,15|82,43|85,95|82,16|42,41|22,12|82,22|95,93|82,68|82,85|16,45|80,4|68,42|12,8|8,99|93,59/82,99=82,22,12,8,99
48,69|48,96|48,97|97,4|69,10|38,67|71,13|48,80|7,37|80,29|21,7|28,20|67,87|10,0|29,71|0,99|96,21|48,9|4,28|9,38/48,87=48,9,38,67,87
11,53|87,92|92,91|40,96|42,82|20,28|96,37|87,30|87,40|87,21|3,62|87,20|82,16|45,74|30,42|4,45|21,4|28,11|37,97|91,3/87,74=87,21,4,45,74
35,14|91,18|20,35|14,76|43,44|2,10|4,71|8,4|20,59|20,8|59,2|79,85|10,38|62,91|20,79|76,39|18,26|20,62|85,43|71,23/20,23=20,8,4,71,23
61,60|7,38|60,52|16,57|38,16|27,70|7,55|7,49|44,64|7,14|70,66|45,15|15,99|64,68|49,27|7,45|99,5|55,61|14,44|57,33/7,66=7,49,27,70,66
94,25|46,91|41,5|5,1|46,29|46,93|8,41|39,44|21,98|46,8|78,39|25,79|16,82|29,21|98,88|91,75|75,16|79,18|93,78|46,94/46,18=46,94,25,79,18
33,36|37,60|98,33|55,29|66,17|37,64|17,67|54,32|60,98|72,9|37,55|37,66|9,68|64,54|67,81|29,87|37,86|87,90|86,72|32,50/37,81=37,66,17,67,81
28,72|22,12|42,77|54,79|5,37|79,22|72,82|45,64|59,28|65,45|2,66|27,59|27,54|77,2|27,18|37,87|18,65|27,42|87,10|27,5/27,10=27,5,37,87,10
72,9|63,41|86,90|44,23|86,54|90,3|22,58|12,24|51,74|3,63|54,48|86,88|48,22|86,50|16,51|50,72|88,16|9,75|24,44|86,12/86,41=86,90,3,63,41
27,21|4,11|8,86|16,46|84,75|86,22|15,4|46,24|15,47|94,38|93,20|73,8|15,30|75,94|15,84|11,93|19,27|15,73|30,16|47,19/15,20=15,4,11,93,20
80,77|1,85|0,3|80,30|71,91|30,53|85,20|96,67|53,47|80,0|3,96|8,60|77,8|80,23|89,71|60,97|23,89|47,22|80,72|72,1/80,97=80,77,8,60,97
12,82|95,15|54,29|23,59|75,47|53,27|95,37|95,88|16,98|98,53|37,75|2,54|15,2|95,12|95,16|88,38|82,23|47,13|20,40|38,20/95,40=95,88,38,20,40
1,14|1,78|55,74|26,58|1,4|16,8|58,95|14,16|48,44|35,63|74,27|7,65|44,7|8,98|78,55|63,39|4,26|1,35|1,48|39,79/1,27=1,78,55,74,27
83,89|89,43|45,23|84,10|84,30|84,68|39,9|54,45|84,63|10,74|63,93|93,59|30,54|9,67|59,12|84,29|74,72|72,8|29,83|68,39/84,8=84,10,74,72,8
47,65|81,40|91,59|52,4|91,78|70,67|67,44|27,58|91,26|26,27|3,35|91,81|91,42|78,3|58,41|40,52|42,38|38,47|59,70|35,24/91,44=91,59,70,67,44
58,36|84,64|58,10|68,99|58,52|52,68|93,62|36,89|85,55|89,84|94,4|76,15|15,93|55,25|99,33|60,94|10,60|58,85|25,73|58,76/58,64=58,36,89,84,64
3,42|20,34|18,15|36,56|31,47|31,64|31,27|47,53|53,36|31,48|34,91|64,61|61,3|27,26|26,6|44,28|15,44|31,18|6,30|48,20/31,91=31,48,20,34,91
30,81|79,13|30,79|7,2|14,85|35,80|13,23|30,68|30,43|56,14|68,35|80,87|43,89|37,25|23,66|30,37|25,76|76,98|81,56|89,7/30,2=30,43,89,7,2
11,44|32,72|36,69|13,90|69,13|1,89|12,56|90,76|21,73|44,1|15,32|56,21|36,11|36,75|36,12|36,15|72,77|99,46|75,51|51,99/36,73=36,12,56,21,73
59,75|49,27|27,35|28,76|60,38|75,50|61,49|61,28|38,0|35,16|68,42|61,70|70,60|61,65|61,41|76,36|41,68|65,59|36,84|42,8/61,8=61,41,68,42,8
2,44|20,60|95,43|2,95|48,30|60,62|2,20|2,26|30,86|26,63|71,78|39,48|44,16|63,65|62,46|16,71|65,47|2,39|43,41|41,25/2,78=2,44,16,71,78
54,85|45,54|5,2|45,73|84,13|96,63|73,71|87,6|93,96|63,31|71,14|45,92|14,83|13,55|45,93|92,64|45,34|34,84|64,5|85,87/45,6=45,54,85,87,6
22,73|12,38|96,87|98,60|28,98|64,89|33,54|10,96|64,37|89,23|64,22|32,99|64,79|73,33|64,82|37,12|23,32|38,26|79,10|82,28/64,87=64,79,10,96,87
48,16|62,31|64,75|91,0|6,70|16,22|48,89|48,59|14,86|70,62|22,64|89,91|0,84|28,79|63,25|48,6|79,14|48,28|25,36|59,63/48,31=48,6,70,62,31
42,85|75,0|17,74|50,84|25,76|25,39|76,62|27,17|25,95|62,42|93,44|74,26|67,21|92,93|39,92|0,50|95,70|25,27|25,75|70,67/25,85=25,76,62,42,85
31,48|89,2|57,9|89,79|76,78|52,7|93,49|48,95|79,53|89,52|89,60|53,10|49,39|12,93|10,96|89,12|60,31|58,76|2,58|7,57/89,9=89,52,7,57,9
83,18|16,75|38,65|2,33|24,6|32,24|83,32|9,96|79,84|83,38|40,9|83,2|6,58|18,16|75,51|83,40|90,15|33,90|96,27|65,79/83,58=83,32,24,6,58
55,41|65,54|33,47|90,37|65,33|65,82|20,77|25,17|37,25|21,66|1,39|65,89|97,21|82,96|96,1|89,97|32,55|47,20|54,32|65,90/65,41=65,54,32,55,41
30,64|41,4|95,22|41,57|12,77|31,95|7,54|8,68|41,79|41,8|54,92|68,30|92,1|4,12|41,7|49,90|77,40|57,49|90,33|79,31/41,64=41,8,68,30,64
8,53|26,0|99,26|81,87|86,55|43,42|42,86|32,3|53,82|92,8|99,32|3,95|74,30|99,24|95,58|0,74|24,67|99,43|67,81|99,92/99,55=99,43,42,86,55
73,95|10,74|52,83|46,54|16,10|48,89|6,21|46,0|95,6|0,16|63,61|61,52|85,28|46,48|54,67|89,60|46,63|46,73|60,40|67,85/46,83=46,63,61,52,83
20,53|49,57|66,5|17,46|46,97|85,20|85,80|85,44|85,9|70,90|90,25|57,22|80,17|67,70|53,47|44,66|85,67|47,74|9,49|5,72/85,74=85,20,53,47,74
75,72|50,56|79,4|94,20|4,98|98,26|31,94|56,90|27,61|79,31|79,1|26,74|79,85|79,39|20,2|85,29|72,19|29,27|39,75|1,50/79,61=79,85,29,27,61
60,92|63,14|66,96|52,97|62,12|75,73|39,59|97,86|66,39|14,75|66,62|86,56|59,77|96,60|79,1|92,74|77,81|66,52|12,79|66,63/66,74=66,96,60,92,74
28,89|26,66|98,28|88,80|52,19|6,67|67,68|80,93|6,90|68,14|37,11|6,52|14,35|66,18|56,98|90,88|19,37|18,10|6,56|6,26/6,89=6,56,98,28,89
30,13|73,36|9,94|22,54|14,17|3,6|67,18|94,14|3,2|13,81|3,67|3,9|44,22|36,58|82,73|6,30|2,44|18,88|88,78|3,82/3,58=3,82,73,36,58
12,72|99,21|32,77|53,78|40,37|88,14|48,3|2,53|2,48|20,49|67,20|78,99|37,32|49,55|2,88|3,71|2,40|2,67|14,12|71,57/2,21=2,53,78,99,21
52,44|10,26|46,3|71,93|2,84|2,46|2,5|44,10|2,58|2,52|69,8|5,22|66,99|58,71|84,80|93,59|80,66|22,69|3,89|89,12/2,26=2,52,44,10,26
81,76|1,94|45,29|52,18|49,52|75,41|56,28|60,64|28,84|18,1|84,8|62,26|35,69|64,45|49,75|49,60|49,56|41,35|49,62|26,81/49,8=49,56,28,84,8
59,15|62,68|82,85|82,37|56,95|19,81|82,30|81,16|80,44|85,56|30,48|5,59|95,84|48,80|15,26|82,36|36,88|88,62|82,5|37,19/82,84=82,85,56,95,84
67,86|37,82|89,94|67,30|67,93|16,37|67,52|52,59|69,76|44,83|30,16|93,88|83,24|86,44|59,69|13,99|67,89|94,13|88,9|9,32/67,82=67,30,16,37,82
45,58|37,27|72,4|58,37|67,94|17,95|0,78|39,60|95,23|4,77|72,17|10,79|94,10|77,0|19,39|23,24|72,67|72,52|52,19|72,45/72,60=72,52,19,39,60
63,93|47,92|52,10|37,63|58,33|10,77|33,47|46,89|64,44|52,46|52,37|93,75|79,38|52,5|1,78|5,30|52,58|89,64|30,1|77,79/52,75=52,37,63,93,75
81,97|58,3|71,47|1,77|3,49|1,40|54,59|70,23|49,95|44,81|1,58|85,20|47,85|23,68|40,44|59,15|31,54|1,31|77,70|1,71/1,68=1,77,70,23,68
79,47|79,27|79,43|42,71|33,16|47,80|1,33|76,46|77,76|16,70|43,42|27,77|80,57|54,12|79,35|35,54|57,73|79,1|71,74|12,52/79,74=79,43,42,71,74
80,30|91,7|28,46|12,65|7,10|47,57|47,63|1,80|64,45|88,17|47,28|46,4|4,66|47,88|22,64|63,1|17,12|57,91|47,26|26,22/47,45=47,26,22,64,45
4,43|21,96|28,29|52,25|24,28|74,7|19,69|7,21|69,24|40,76|39,4|43,62|19,74|60,40|89,60|2,52|19,2|19,39|25,80|19,89/19,80=19,2,52,25,80
58,41|68,95|72,48|32,27|23,86|77,68|94,43|58,94|48,10|86,14|10,64|41,84|53,74|66,23|84,53|33,77|58,33|58,72|43,32|58,66/58,64=58,72,48,10,64
88,45|59,5|90,60|36,15|46,90|79,72|91,67|42,46|79,73|79,42|72,59|79,14|5,43|14,29|63,21|79,88|78,91|29,36|45,63|73,78/79,15=79,14,29,36,15
71,50|34,47|29,18|76,92|89,37|92,64|26,89|9,34|18,43|68,71|68,77|68,76|68,26|37,57|50,2|2,17|32,29|68,32|64,87|77,9/68,43=68,32,29,18,43
43,60|3,59|8,7|59,83|6,46|26,79|14,42|14,49|14,43|14,78|60,6|51,8|69,26|45,23|52,38|14,52|42,51|78,69|49,3|38,45/14,79=14,78,69,26,79
53,78|56,91|21,26|25,76|6,18|26,35|19,74|25,2|23,64|74,13|91,23|2,53|25,81|25,56|81,21|76,6|18,4|25,58|78,42|58,19/25,4=25,76,6,18,4
4,83|15,69|69,26|33,15|6,71|8,0|33,6|95,93|32,13|26,42|33,8|19,21|71,86|33,1|33,32|13,19|59,95|1,59|0,4|86,63/33,63=33,6,71,86,63
99,21|20,74|24,4|68,98|36,94|21,26|33,67|98,52|40,36|40,6|40,19|94,20|4,15|75,33|89,75|6,99|42,24|40,89|19,68|40,42/40,26=40,6,99,21,26
82,15|57,90|35,93|34,83|75,62|93,75|57,46|83,76|46,96|73,70|2,34|61,73|70,99|57,35|90,92|59,67|57,2|92,82|96,59|57,61/57,62=57,35,93,75,62
87,57|30,84|64,75|95,64|7,32|42,11|39,55|4,12|84,7|32,82|5,0|78,95|0,39|30,87|30,78|12,42|8,86|57,8|30,5|30,4/30,75=30,78,95,64,75
54,97|13,65|87,68|15,40|58,54|84,56|65,50|96,7|87,15|56,93|87,13|68,96|50,51|40,41|0,58|93,4|87,84|41,53|7,26|87,0/87,4=87,84,56,93,4
55,82|55,9|66,73|59,71|15,25|55,94|94,15|55,38|76,79|38,72|82,64|79,51|2,24|9,76|55,2|64,59|25,3|24,66|72,21|21,7/55,7=55,38,72,21,7
35,97|19,23|56,35|4,74|11,17|10,56|73,42|19,54|83,5|74,93|81,83|16,73|19,16|17,69|19,88|42,95|88,11|23,4|19,10|54,81/19,93=19,23,4,74,93
89,4|82,65|95,92|47,89|91,82|18,8|95,59|34,62|95,47|83,88|92,23|59,21|8,83|95,18|23,34|21,54|95,91|65,13|54,27|4,29/95,62=95,92,23,34,62
70,37|28,23|70,82|71,5|90,27|70,75|52,62|37,52|70,71|46,87|62,21|2,46|82,2|1,90|20,43|96,1|5,20|29,28|75,29|70,96/70,43=70,71,5,20,43
63,87|28,56|28,53|62,13|28,23|85,54|53,85|36,58|87,77|42,48|13,29|28,36|23,63|54,15|28,42|56,62|58,9|48,26|26,44|9,92/28,29=28,56,62,13,29
76,31|13,88|38,89|63,55|8,48|38,41|55,50|0,76|41,97|89,62|38,25|38,63|25,8|38,77|50,80|62,13|48,73|93,12|97,93|77,0/38,31=38,77,0,76,31
18,82|78,37|12,18|92,77|66,12|66,13|55,47|77,24|13,84|66,73|37,53|47,56|0,55|66,78|49,59|82,16|53,61|73,92|66,0|84,49/66,16=66,12,18,82,16
49,36|19,39|1,70|36,63|75,1|24,85|70,58|63,89|20,49|20,22|96,76|20,19|50,24|80,17|39,80|22,96|85,25|20,75|20,50|76,43/20,17=20,19,39,80,17
20,92|42,65|55,95|93,1|72,57|93,74|17,55|65,43|95,79|93,72|1,63|73,15|68,42|52,61|61,22|57,73|93,68|74,52|93,17|63,20/93,15=93,72,57,73,15
9,53|51,95|3,72|51,78|51,7|61,76|51,92|72,71|27,61|51,31|31,3|78,27|26,60|92,9|62,14|53,34|7,26|95,62|60,35|14,46/51,46=51,95,62,14,46
45,69|78,29|72,89|45,12|45,72|45,35|35,60|31,17|43,76|45,94|94,56|48,85|89,31|92,38|29,8|56,43|12,78|39,48|69,39|60,92/45,38=45,35,60,92,38
85,90|84,42|13,51|52,13|12,32|79,58|32,37|84,94|84,72|71,35|17,52|84,17|90,19|80,71|94,12|42,79|2,80|58,73|84,2|72,85/84,37=84,94,12,32,37
44,33|8,58|16,59|70,93|23,70|44,16|93,97|44,49|56,71|44,23|2,27|49,35|59,92|35,77|33,3|92,65|44,2|27,56|77,75|3,8/44,58=44,33,3,8,58
18,67|24,54|99,91|71,78|54,40|61,93|26,55|28,7|42,71|33,61|99,28|83,26|63,33|78,72|91,83|99,63|88,24|99,88|7,18|99,42/99,72=99,42,71,78,72
55,82|55,9|79,51|59,71|15,66|55,94|94,15|55,38|76,25|38,72|82,64|25,3|2,24|9,76|55,2|64,59|66,73|24,79|72,21|21,7/55,7=55,38,72,21,7
33,41|63,60|44,53|11,94|13,40|94,18|41,38|83,63|29,80|52,29|38,8|68,13|40,47|9,11|60,44|83,49|83,9|83,68|49,52|83,33/83,8=83,33,41,38,8
58,68|4,90|36,54|16,36|39,80|59,69|98,52|68,98|16,58|5,39|95,4|18,20|55,95|16,75|44,18|75,44|16,55|16,5|54,59|80,96/16,52=16,58,68,98,52
72,26|52,72|32,19|75,15|29,49|43,75|87,29|34,43|14,87|26,5|16,12|34,61|34,79|34,14|79,10|15,36|10,16|34,52|24,32|61,24/34,36=34,43,75,15,36
39,1|73,29|19,39|35,76|14,22|90,92|91,65|29,90|35,26|70,8|42,14|35,15|35,2|2,42|76,20|89,70|15,19|20,91|26,89|35,73/35,1=35,15,19,39,1
5,41|36,87|49,89|5,60|5,85|33,49|5,36|38,57|85,68|73,3|87,73|41,14|58,44|44,12|52,58|68,38|59,16|60,33|5,52|14,59/5,3=5,36,87,73,3
63,83|17,22|44,42|94,95|95,55|65,44|60,33|76,84|76,63|76,20|84,60|83,26|42,82|76,65|27,17|51,27|20,94|33,71|76,51|26,58/76,58=76,63,83,26,58
97,13|66,82|25,62|32,51|62,73|97,7|73,57|40,19|13,95|51,96|7,40|24,66|95,18|18,38|97,25|50,32|19,74|26,24|97,50|97,26/97,38=97,13,95,18,38
58,37|37,87|87,43|58,14|14,15|12,11|57,67|58,69|58,86|86,12|43,34|51,41|69,51|67,78|78,62|15,53|11,75|58,57|53,13|41,7/58,62=58,57,67,78,62
16,55|5,75|63,59|24,0|75,63|99,43|29,70|16,58|30,73|58,29|16,24|0,30|42,17|17,98|21,99|70,13|55,21|16,22|22,42|16,5/16,73=16,24,0,30,73
8,38|24,39|84,51|65,60|26,99|84,73|99,78|5,26|18,65|89,13|60,47|84,18|73,15|84,5|40,24|17,89|84,36|15,8|51,40|36,17/84,47=84,18,65,60,47
19,65|2,3|59,57|57,76|76,71|2,19|2,59|2,95|65,4|52,98|97,22|3,21|21,8|98,32|8,87|95,90|2,52|32,29|90,97|4,38/2,29=2,52,98,32,29
41,29|48,15|84,26|31,48|87,41|31,30|58,23|31,62|15,52|25,84|47,58|30,87|3,55|26,95|61,47|52,67|62,89|31,61|89,3|31,25/31,23=31,61,47,58,23
72,57|64,19|64,48|96,52|15,96|42,62|48,15|36,90|90,53|64,42|64,23|41,36|17,3|38,63|57,86|3,51|19,17|62,38|64,41|23,72/64,63=64,42,62,38,63
98,85|10,47|74,53|30,1|75,30|53,6|74,75|74,21|6,20|79,92|20,7|49,79|85,57|54,10|1,38|21,98|74,49|92,94|74,39|39,54/74,94=74,49,79,92,94
76,48|88,65|97,5|80,31|86,88|99,26|36,74|96,32|13,86|53,76|36,80|5,51|36,13|7,97|74,98|98,96|31,99|36,7|36,38|38,53/36,48=36,38,53,76,48
6,65|59,19|47,63|27,54|65,59|36,25|23,31|25,27|54,62|94,47|36,6|2,28|31,4|36,49|3,8|36,23|8,2|36,3|49,94|4,88/36,63=36,49,94,47,63
66,98|75,49|72,71|71,13|56,84|13,90|56,94|91,95|38,75|94,85|95,18|67,55|84,67|85,66|56,2|2,38|55,20|56,72|60,91|56,60/56,18=56,60,91,95,18
40,60|1,19|2,1|49,35|5,93|13,7|2,8|35,5|50,40|0,30|19,57|57,77|7,0|67,43|8,50|2,13|74,14|2,67|2,49|43,74/2,30=2,13,7,0,30
49,57|11,52|56,61|24,37|57,97|61,34|76,93|10,32|79,49|24,71|34,20|24,11|24,79|52,76|30,10|37,30|24,56|75,69|69,17|71,75/24,93=24,11,52,76,93
55,18|55,41|89,28|68,85|22,89|65,7|78,65|85,23|55,38|24,15|18,68|32,43|15,20|20,16|83,22|43,93|55,24|55,83|41,32|38,78/55,23=55,18,68,85,23
62,14|62,35|71,28|82,95|62,71|48,54|44,41|95,66|35,15|62,93|3,94|2,67|14,34|67,57|28,44|36,2|93,82|34,3|15,48|62,36/62,54=62,35,15,48,54
97,68|11,17|89,59|28,89|80,27|14,50|56,55|82,9|26,11|56,80|56,69|27,21|68,13|50,82|56,28|56,14|69,97|59,31|21,67|55,26/56,9=56,14,50,82,9
10,9|74,50|85,13|50,87|87,61|57,31|26,15|10,43|43,21|10,26|9,39|1,12|73,52|21,85|15,57|10,73|52,1|39,99|99,72|10,74/10,12=10,73,52,1,12
53,94|78,91|45,44|35,11|19,83|83,71|44,78|30,25|90,6|67,35|30,45|11,73|30,67|25,19|41,90|30,96|6,93|96,53|30,41|94,26/30,93=30,41,90,6,93
34,90|29,30|8,93|87,79|79,19|62,8|18,87|24,55|59,81|22,20|30,24|20,38|29,10|29,95|29,34|29,18|10,62|55,68|90,59|95,22/29,81=29,34,90,59,81
58,1|38,23|89,38|31,49|96,69|13,80|93,6|96,76|1,13|60,31|78,56|96,58|65,89|76,21|69,52|86,60|52,93|96,86|96,65|21,78/96,49=96,86,60,31,49
7,19|79,7|57,42|6,26|27,38|19,24|8,23|50,29|85,64|92,18|92,6|18,8|92,27|92,57|38,50|42,85|92,79|26,59|59,89|23,49/92,49=92,18,8,23,49
35,58|60,16|16,69|70,10|85,4|60,29|60,90|21,50|60,85|24,81|95,24|69,70|60,56|27,76|4,21|39,27|56,35|29,39|90,95|58,83/60,76=60,29,39,27,76
82,81|84,58|37,88|68,10|52,64|84,4|84,82|5,6|40,5|84,24|58,37|11,36|24,40|53,72|64,11|4,53|72,34|84,52|81,68|88,47/84,10=84,82,81,68,10
60,53|72,54|40,38|53,8|41,84|75,78|94,41|38,72|94,20|94,40|88,22|36,98|84,75|8,30|48,0|94,48|22,37|0,36|20,88|94,60/94,78=94,41,84,75,78
33,80|33,67|82,1|98,12|70,98|33,39|57,50|3,82|33,3|52,18|33,57|50,29|67,70|74,52|56,37|39,69|69,56|1,66|80,74|29,75/33,37=33,39,69,56,37
11,75|80,82|42,86|11,45|14,84|45,23|75,62|86,44|11,14|7,81|11,46|10,3|49,88|23,80|11,31|31,42|62,10|84,7|88,55|46,49/11,81=11,14,84,7,81
63,7|31,78|46,63|64,83|78,9|71,11|7,21|21,85|46,31|53,40|11,91|9,39|46,64|42,15|32,29|29,53|83,42|10,71|46,10|46,32/46,39=46,31,78,9,39
48,45|50,41|79,13|4,22|22,78|13,26|99,96|99,79|96,3|42,24|99,82|26,12|45,42|78,61|7,49|99,4|82,7|3,50|49,9|99,48/99,24=99,48,45,42,24
10,38|45,49|75,44|60,41|10,60|18,45|10,97|44,5|56,33|97,13|5,79|33,55|10,56|55,51|22,14|72,63|10,75|38,18|13,22|41,72/10,79=10,75,44,5,79
87,44|30,69|73,87|44,17|73,95|99,45|6,97|95,66|73,91|2,48|7,63|48,43|17,85|73,6|63,30|97,14|73,7|66,99|91,2|14,49/73,43=73,91,2,48,43
49,73|99,67|38,48|43,89|45,55|62,4|55,82|38,43|38,34|38,45|73,66|89,62|82,27|34,25|38,99|67,35|83,61|48,49|35,76|25,83/38,61=38,34,25,83,61
31,3|6,32|68,73|60,53|92,60|31,16|31,29|33,0|31,92|73,7|47,72|3,80|29,59|41,78|80,47|31,41|59,33|78,6|16,68|53,86/31,7=31,16,68,73,7
52,86|70,77|11,80|21,15|21,3|76,52|43,64|21,13|21,59|46,39|92,31|3,32|21,92|13,76|53,46|94,11|31,70|59,53|32,43|15,94/21,64=21,3,32,43,64
51,8|86,94|21,44|71,51|84,20|59,21|20,24|84,18|68,86|84,71|24,31|84,93|94,33|93,59|25,87|18,17|84,68|31,60|17,25|8,88/84,33=84,68,86,94,33
46,2|19,61|64,14|12,9|68,65|6,50|99,52|64,88|20,12|64,20|81,99|9,95|14,81|50,39|64,6|39,34|2,92|61,68|88,46|64,19/64,65=64,19,61,68,65
35,38|49,92|64,30|56,82|46,17|69,49|57,56|52,88|38,81|92,51|30,52|64,62|64,69|88,22|64,36|53,46|64,21|62,35|36,53|21,57/64,81=64,62,35,38,81
21,15|92,76|39,55|74,45|92,29|7,47|92,50|15,12|55,58|98,7|76,98|92,74|9,79|25,77|29,39|92,21|12,44|50,36|45,9|36,25/92,44=92,21,15,12,44
20,81|35,64|10,76|74,35|74,17|14,68|64,2|74,28|71,77|0,14|21,99|80,20|74,47|76,21|28,71|74,10|2,55|47,80|17,0|77,40/74,81=74,47,80,20,81
24,47|12,38|12,70|38,25|22,91|12,24|7,8|26,98|40,93|37,59|25,22|47,71|71,42|15,37|93,43|12,7|70,15|12,65|65,40|8,26/12,43=12,65,40,93,43
83,90|25,83|77,99|38,72|37,51|39,1|44,77|27,33|39,25|90,12|72,37|75,45|39,66|16,75|39,65|26,27|1,44|39,38|65,26|66,16/39,99=39,1,44,77,99
99,38|47,60|86,13|79,12|50,71|79,94|71,40|12,42|94,50|66,86|53,83|60,23|23,97|42,53|79,24|64,99|79,47|24,66|79,64|38,2/79,97=79,47,60,23,97
14,51|40,18|19,14|95,19|18,41|54,68|2,77|1,23|90,3|41,53|2,31|33,7|31,33|7,83|2,95|2,1|77,97|23,54|97,90|2,40/2,3=2,77,97,90,3
22,30|67,93|67,62|17,8|16,1|93,9|4,37|62,22|67,4|30,66|67,92|9,94|92,17|23,69|94,63|8,97|67,16|37,73|73,47|1,23/67,66=67,62,22,30,66
91,49|49,6|58,72|14,55|27,15|60,58|96,38|91,87|91,67|91,32|67,96|6,80|87,10|80,64|55,31|10,27|38,12|31,98|32,60|91,14/91,64=91,49,6,80,64
90,52|72,86|54,49|79,84|49,51|54,90|73,95|47,59|23,2|71,5|55,72|54,71|5,79|86,69|76,45|51,23|95,76|52,47|54,55|54,73/54,45=54,73,95,76,45
11,60|86,85|55,63|65,74|69,25|60,93|41,98|41,69|41,49|59,57|83,47|22,55|25,59|74,86|63,26|98,11|41,22|41,65|49,66|66,83/41,47=41,49,66,83,47
35,14|91,10|20,35|14,18|43,44|2,76|4,71|8,4|20,59|20,8|59,2|79,85|76,39|62,91|20,79|18,26|10,38|20,62|85,43|71,23/20,23=20,8,4,71,23
67,27|76,72|82,4|98,22|47,91|4,70|79,67|79,62|59,98|79,58|55,76|79,16|50,51|58,82|62,30|16,55|30,50|27,47|88,59|79,88/79,70=79,58,82,4,70
37,5|76,46|99,76|66,36|46,37|88,66|48,68|99,90|22,33|82,95|90,82|72,88|68,81|99,72|99,87|99,48|87,7|7,22|95,52|81,91/99,91=99,48,68,81,91
97,69|59,92|69,1|71,94|50,76|66,50|2,99|52,97|59,65|59,40|56,88|65,71|59,2|40,56|88,79|59,52|99,16|16,89|92,66|94,11/59,11=59,65,71,94,11
19,27|19,73|19,78|78,75|74,89|63,65|73,74|92,95|19,82|72,41|75,63|19,86|59,20|86,35|6,72|82,2|27,6|89,50|35,59|2,92/19,50=19,73,74,89,50
15,43|37,17|94,27|26,90|77,32|84,15|28,7|32,28|66,40|35,66|84,77|84,73|84,22|43,39|39,64|22,35|17,62|84,94|73,37|27,26/84,64=84,15,43,39,64
5,71|45,25|18,60|83,14|18,65|18,5|81,62|71,13|14,10|6,45|50,81|60,6|65,83|13,23|32,40|18,32|58,12|40,58|62,53|18,50/18,12=18,32,40,58,12
43,0|18,50|85,98|56,41|48,56|45,85|6,27|52,69|45,48|22,95|45,36|66,44|41,78|45,18|45,66|50,22|98,43|68,6|44,52|36,68/45,78=45,48,56,41,78
91,95|1,67|46,12|50,80|31,2|1,91|4,29|72,89|1,73|96,4|26,76|73,32|32,26|12,30|75,96|80,72|67,46|1,50|1,75|95,31/1,76=1,73,32,26,76
2,1|81,42|20,81|17,2|60,84|20,39|20,40|20,67|20,60|68,16|40,72|72,7|39,68|67,17|42,70|70,57|84,66|66,33|16,58|7,3/20,58=20,39,68,16,58
75,65|10,72|26,0|91,53|53,46|60,99|81,23|10,81|21,44|99,75|10,60|23,14|10,91|95,26|0,51|72,12|46,1|10,95|12,21|14,49/10,49=10,81,23,14,49
31,58|69,54|26,19|94,37|26,17|17,43|86,84|26,56|55,34|34,7|23,68|43,69|8,38|97,31|56,97|19,55|26,8|38,23|26,94|37,86/26,58=26,56,97,31,58
21,39|86,55|90,86|11,13|78,77|48,96|7,75|39,24|97,90|11,14|75,93|14,7|11,87|33,78|11,48|23,50|13,33|96,23|11,97|87,21/11,55=11,97,90,86,55
38,35|7,23|46,5|51,58|5,45|59,56|45,6|88,46|15,59|58,99|61,87|99,95|81,38|57,81|88,53|88,57|23,61|88,51|88,7|53,15/88,35=88,57,81,38,35
64,70|26,64|27,7|70,61|83,17|78,24|36,62|99,36|17,56|83,26|18,99|79,90|24,19|87,78|94,82|83,18|56,79|82,27|83,87|83,94/83,19=83,87,78,24,19
83,33|88,61|94,76|88,54|88,47|16,67|88,42|60,38|64,94|61,86|47,64|18,75|86,16|38,29|85,26|33,18|88,83|54,85|26,52|42,60/88,67=88,61,86,16,67
23,76|85,62|10,23|10,17|31,46|10,38|38,91|37,31|40,88|88,81|16,18|17,40|63,24|91,85|10,64|76,63|10,74|74,37|1,16|64,1/10,24=10,23,76,63,24
3,61|41,73|40,41|53,35|37,46|3,17|57,24|73,27|3,53|31,37|67,78|61,69|17,67|46,80|3,40|3,31|45,98|69,57|35,45|78,68/3,80=3,31,37,46,80
71,90|71,10|79,6|71,19|29,59|71,21|90,30|21,95|25,79|30,33|95,50|71,67|19,25|67,94|50,82|88,29|94,53|10,88|33,23|53,63/71,23=71,90,30,33,23
19,20|87,96|19,84|19,39|45,80|35,88|47,87|18,17|42,62|93,35|71,45|84,71|88,56|96,7|19,93|86,18|39,86|19,47|62,57|20,42/19,57=19,20,42,62,57
15,47|46,93|88,44|15,74|15,25|30,46|47,55|74,77|77,19|9,30|25,33|55,88|33,32|15,50|31,26|26,62|32,85|15,9|50,31|19,36/15,62=15,50,31,26,62
2,59|44,51|21,88|60,2|76,21|97,62|77,3|15,81|76,97|76,87|98,77|76,1|1,98|62,15|63,60|75,93|88,44|87,78|76,63|78,75/76,93=76,87,78,75,93
31,46|46,76|86,87|62,26|87,39|73,13|41,90|29,9|33,73|62,92|62,31|76,18|13,97|56,86|62,56|62,33|51,29|26,51|90,93|92,41/62,93=62,92,41,90,93
22,85|19,64|68,30|4,55|64,68|33,15|65,92|77,33|22,72|15,46|50,20|72,18|22,77|97,50|85,65|18,4|92,24|35,97|22,19|22,35/22,55=22,72,18,4,55
35,38|49,88|64,30|92,51|46,17|69,49|57,92|52,56|38,81|88,22|30,52|64,62|64,69|56,82|64,36|53,46|64,21|62,35|36,53|21,57/64,81=64,62,35,38,81
16,42|80,29|87,98|37,87|98,9|61,5|16,57|35,99|4,35|64,80|63,4|16,37|27,90|16,27|13,66|57,64|42,94|90,13|94,61|16,63/16,66=16,27,90,13,66
52,62|72,33|5,65|92,72|61,58|16,78|86,92|33,76|78,70|86,8|63,5|41,52|81,21|8,63|62,32|3,16|86,61|86,41|58,81|86,3/86,70=86,3,16,78,70
6,5|97,39|17,45|40,76|26,24|40,6|32,48|83,22|40,10|38,32|52,83|40,52|76,77|22,21|14,23|77,97|40,14|10,38|23,26|5,17/40,24=40,14,23,26,24
79,19|9,82|37,38|19,10|20,63|7,30|37,21|38,18|18,24|37,95|26,49|85,7|63,26|1,23|24,88|95,79|82,1|37,20|21,85|37,9/37,10=37,95,79,19,10
87,39|78,70|5,51|57,74|57,5|38,21|57,45|55,64|17,38|64,72|57,87|74,63|51,26|26,94|57,17|63,56|21,34|56,65|39,78|45,55/57,70=57,87,39,78,70
73,57|47,12|38,89|66,7|74,73|86,8|86,47|8,75|86,66|58,33|75,38|86,74|12,22|22,15|26,58|48,80|7,48|63,26|86,63|57,77/86,33=86,63,26,58,33
30,89|30,85|95,65|49,7|87,20|97,29|30,49|22,91|85,59|30,87|90,17|76,95|59,97|89,22|7,90|30,3|5,32|91,27|20,5|3,76/30,17=30,49,7,90,17
51,38|3,30|20,78|20,43|62,5|1,95|30,34|36,83|20,7|43,62|20,26|20,8|7,36|26,3|5,37|91,51|95,27|78,91|8,1|83,82/20,37=20,43,62,5,37
48,12|43,40|54,79|38,89|5,73|89,54|38,43|98,5|38,98|17,82|40,93|38,17|93,91|92,30|30,83|83,0|79,57|73,96|38,92|82,48/38,57=38,89,54,79,57
50,30|79,70|84,79|20,84|99,59|27,41|70,33|20,24|60,34|20,68|24,60|20,88|40,4|20,27|41,99|30,18|34,69|88,50|4,96|68,40/20,96=20,68,40,4,96
43,75|16,19|19,28|4,98|73,16|8,3|28,14|73,46|61,91|30,85|76,44|12,30|73,61|91,8|73,76|73,41|44,43|46,12|98,20|41,4/73,75=73,76,44,43,75
54,52|90,46|90,20|7,54|46,26|20,7|61,8|90,82|90,61|93,9|32,5|77,91|82,75|33,87|90,33|75,32|8,44|44,29|87,93|26,77/90,9=90,33,87,93,9
29,56|56,69|38,53|53,70|51,13|28,80|15,37|80,47|29,46|96,28|44,51|69,64|13,71|37,87|29,8|29,96|8,38|46,15|64,58|29,44/29,58=29,56,69,64,58
78,44|30,88|78,31|78,49|63,85|31,30|39,51|49,63|78,40|51,45|46,7|44,39|88,73|66,41|96,66|11,46|32,96|85,18|40,11|78,32/78,73=78,31,30,88,73
60,71|39,69|82,60|29,17|11,77|8,2|48,43|11,48|77,8|0,75|2,30|86,0|69,29|43,4|11,82|11,39|4,7|72,86|11,72|71,68/11,17=11,39,69,29,17
27,37|72,62|66,65|22,61|52,91|99,46|53,28|11,52|98,33|65,92|79,11|53,98|12,99|53,72|62,27|53,79|86,12|53,86|28,66|33,22/53,37=53,72,62,27,37
68,58|36,41|80,97|27,63|92,36|41,80|12,27|56,99|3,56|94,90|58,42|99,13|92,5|92,12|60,49|92,94|90,60|63,57|92,3|5,68/92,97=92,36,41,80,97
96,36|50,75|96,50|72,15|18,72|30,71|36,77|8,30|75,84|96,54|96,8|73,51|71,47|96,37|6,73|79,44|37,18|54,6|84,17|77,79/96,15=96,37,18,72,15
83,36|92,42|57,92|30,57|62,41|54,40|64,47|76,1|3,83|1,45|77,87|87,11|40,64|62,99|99,76|62,30|41,3|62,7|62,54|7,77/62,36=62,41,3,83,36
39,42|49,27|13,76|35,40|42,13|72,9|27,75|77,50|40,87|72,39|72,93|7,5|5,85|93,7|67,35|72,67|75,61|9,77|50,43|72,49/72,43=72,9,77,50,43
1,3|72,51|9,63|9,72|63,6|42,73|27,88|74,27|9,78|78,11|9,1|6,42|51,91|88,58|84,34|11,19|19,41|3,84|91,48|9,74/9,41=9,78,11,19,41
50,57|83,45|4,93|70,79|30,41|43,42|45,54|42,50|41,70|15,1|71,36|75,30|75,71|81,83|36,39|1,4|75,15|39,5|75,43|75,81/75,5=75,71,36,39,5
33,83|33,22|86,24|49,13|89,73|33,47|47,92|33,56|45,81|13,88|33,49|56,50|92,45|50,51|22,35|83,86|24,70|35,89|88,80|51,1/33,81=33,47,92,45,81
77,26|37,47|21,6|47,15|34,42|92,37|0,7|12,0|21,93|21,92|7,29|93,77|26,44|74,34|82,18|33,82|6,74|61,33|21,12|21,61/21,15=21,92,37,47,15
44,61|46,45|55,22|44,50|12,25|45,69|44,47|40,21|21,77|44,46|50,40|24,55|93,12|41,66|83,41|47,24|69,53|61,93|44,90|90,83/44,53=44,46,45,69,53
84,98|23,88|82,84|6,91|28,82|98,79|22,78|78,61|93,26|87,22|96,93|91,23|63,96|28,6|28,63|52,43|28,87|28,51|43,71|51,52/28,61=28,87,22,78,61
86,3|53,6|30,1|1,95|99,12|99,51|18,55|36,34|34,18|99,62|62,43|43,79|27,68|6,27|99,53|79,16|3,19|12,86|51,30|99,36/99,55=99,36,34,18,55
29,52|10,65|77,82|72,10|77,20|7,59|52,11|26,55|59,37|77,17|55,45|17,7|82,28|20,29|64,92|45,56|77,26|77,72|65,51|28,64/77,11=77,20,29,52,11
15,39|13,54|39,20|20,3|9,70|31,74|66,98|79,32|70,13|9,66|5,72|74,99|67,25|14,31|25,79|9,14|98,5|9,15|54,76|9,67/9,32=9,67,25,79,32
38,59|68,95|55,38|69,10|63,88|95,55|47,34|44,65|76,47|34,31|68,69|65,89|4,94|68,14|14,44|35,36|88,35|68,76|10,4|68,63/68,31=68,76,47,34,31
13,40|81,70|68,61|61,45|37,80|80,68|70,99|34,13|42,1|37,32|37,35|1,23|37,34|32,62|62,7|35,42|7,31|88,81|37,88|40,77/37,31=37,32,62,7,31
88,29|54,74|56,14|74,56|67,30|75,12|5,13|52,20|5,48|17,52|5,91|91,75|13,80|8,88|5,8|48,17|80,67|12,73|5,54|29,57/5,14=5,54,74,56,14
3,76|12,13|43,52|32,4|59,84|93,99|8,93|66,31|4,59|49,22|8,32|99,43|9,45|31,9|25,49|22,69|8,66|8,12|8,25|13,3/8,76=8,12,13,3,76
91,27|88,22|22,5|81,93|36,25|91,63|89,11|91,49|58,40|40,37|91,73|12,70|28,89|25,12|91,36|63,58|80,81|73,80|49,88|27,28/91,70=91,36,25,12,70
90,36|60,53|78,75|94,18|75,46|35,15|46,47|82,94|18,35|71,59|82,60|82,78|74,13|36,71|20,74|53,54|13,6|82,20|82,90|54,72/82,6=82,20,74,13,6
33,47|42,73|37,1|33,97|81,52|33,19|67,40|20,42|19,5|10,81|72,37|60,10|97,67|5,2|40,68|2,76|33,72|1,9|47,20|33,60/33,52=33,60,10,81,52
0,40|4,97|5,24|61,1|10,52|24,85|4,5|85,38|98,75|44,8|79,10|97,98|40,86|52,20|4,44|7,0|8,61|4,7|75,70|4,79/4,1=4,44,8,61,1
47,20|67,61|90,14|20,7|34,86|4,45|39,58|39,47|16,96|39,67|30,34|96,51|57,1|61,90|39,57|39,55|55,16|1,4|58,30|7,27/39,51=39,55,16,96,51
91,56|0,25|75,5|4,54|91,32|32,29|67,39|29,75|25,47|56,83|39,51|48,35|51,62|83,4|91,67|91,0|35,70|47,28|91,48|70,98/91,28=91,0,25,47,28
72,68|49,81|54,11|89,39|21,35|89,69|32,74|28,8|11,47|39,72|89,21|74,0|34,28|69,34|68,9|47,51|89,32|0,71|35,49|89,54/89,51=89,54,11,47,51
38,0|31,20|57,26|0,68|86,19|8,95|68,86|38,28|38,31|9,43|43,78|47,9|38,47|28,33|38,57|26,5|61,70|5,73|20,61|33,8/38,78=38,47,9,43,78
67,53|34,69|58,6|1,65|83,93|30,83|30,58|30,0|30,62|93,99|99,50|96,49|0,33|33,34|65,91|62,59|30,45|59,96|45,1|6,67/30,69=30,0,33,34,69
24,51|47,4|24,41|30,59|24,28|51,8|24,92|19,50|22,19|38,47|59,6|43,1|92,38|28,93|8,15|41,22|15,64|93,43|52,30|24,52/24,50=24,41,22,19,50
38,51|55,94|51,56|70,95|70,49|99,64|94,54|41,53|59,2|70,87|95,38|91,79|49,41|40,55|79,99|87,59|70,91|70,40|53,65|2,3/70,56=70,95,38,51,56
33,95|65,75|79,12|75,97|1,27|29,33|92,65|28,90|22,52|29,7|29,92|29,22|52,79|29,14|27,51|95,80|90,63|80,77|14,1|7,28/29,97=29,92,65,75,97
86,60|51,72|68,17|68,47|17,12|7,73|5,31|68,53|47,51|12,24|72,92|85,29|73,85|24,62|68,7|31,34|53,33|33,86|68,5|34,58/68,92=68,47,51,72,92
61,70|56,85|77,67|72,93|67,60|58,77|85,50|63,20|14,62|58,14|20,72|60,55|58,56|58,63|41,37|44,61|70,99|62,41|50,47|58,44/58,93=58,63,20,72,93
62,9|32,98|19,53|29,57|65,29|46,28|36,65|92,36|92,24|92,12|92,6|12,62|53,46|6,32|9,59|98,86|2,5|92,19|24,49|49,2/92,59=92,12,62,9,59
65,79|0,76|26,8|79,77|26,69|1,65|45,0|11,40|33,54|26,1|37,30|69,64|30,89|89,56|26,72|72,45|26,37|64,11|8,33|54,48/26,48=26,8,33,54,48
22,51|22,41|87,20|22,69|93,33|67,19|33,28|74,62|22,89|69,93|51,67|22,59|38,87|89,39|41,38|62,5|39,37|19,83|37,12|59,74/22,20=22,41,38,87,20
11,56|28,96|90,1|47,12|69,38|16,74|90,16|12,69|90,18|74,76|37,61|76,68|90,37|96,67|61,11|1,45|45,93|93,82|18,28|90,47/90,56=90,37,61,11,56
90,55|41,19|53,90|27,40|43,57|43,27|89,28|28,41|33,2|40,69|87,99|57,53|70,87|43,70|99,30|85,78|69,26|2,85|43,89|43,33/43,55=43,57,53,90,55
69,75|2,27|1,94|39,13|94,71|69,12|13,85|69,1|75,42|93,86|40,72|27,60|12,39|97,2|69,97|69,90|90,3|42,93|71,95|3,40/69,72=69,90,3,40,72
69,67|67,13|83,29|41,48|12,94|35,26|28,69|28,75|59,4|28,90|28,59|71,83|4,12|48,35|81,64|75,71|28,41|13,38|90,78|78,81/28,94=28,59,4,12,94
97,60|66,70|40,90|56,40|36,66|75,98|36,97|60,10|71,9|64,83|91,64|70,75|36,23|23,71|83,65|10,67|36,91|9,15|36,8|8,56/36,67=36,97,60,10,67
62,88|73,68|57,3|8,94|43,57|68,64|62,2|77,8|2,43|50,91|62,76|64,86|62,30|63,78|78,40|76,77|30,63|74,50|62,73|88,74/62,91=62,88,74,50,91
40,15|78,28|40,54|84,39|40,84|40,62|74,1|40,34|34,64|62,88|16,66|15,77|39,78|26,45|77,74|64,16|59,26|32,95|54,59|88,32/40,45=40,54,59,26,45
82,19|66,75|64,27|63,24|66,10|60,14|66,50|10,60|50,64|14,90|89,1|75,82|66,89|19,4|1,7|24,40|26,63|7,57|66,26|27,31/66,57=66,89,1,7,57
62,9|32,98|19,53|46,28|65,46|2,5|36,65|92,36|92,24|92,12|92,6|12,62|53,2|6,32|9,59|98,86|29,57|92,19|24,49|49,29/92,59=92,12,62,9,59
65,9|71,58|40,24|8,30|30,82|18,63|24,29|63,86|1,21|29,65|58,69|86,12|96,1|40,81|40,13|40,22|81,71|40,18|22,96|13,8/40,12=40,18,63,86,12
45,39|43,37|4,3|12,47|38,26|33,67|6,4|33,50|50,12|31,32|33,65|94,7|33,43|47,84|33,31|48,45|32,38|67,48|65,6|37,94/33,84=33,50,12,47,84
29,28|53,66|5,40|72,8|40,77|63,47|43,79|2,1|9,63|43,2|43,87|43,9|34,72|47,99|43,34|79,10|8,82|10,29|1,53|87,5/43,82=43,34,72,8,82
40,95|14,40|35,38|17,60|94,53|26,20|53,22|68,5|32,14|26,35|50,2|26,49|5,50|26,68|49,94|20,12|38,25|25,61|12,17|26,32/26,61=26,35,38,25,61
90,71|93,66|22,47|28,22|37,89|95,42|50,37|50,17|23,28|72,95|56,29|50,56|29,90|50,23|89,57|50,93|66,43|43,55|57,53|17,72/50,71=50,56,29,90,71
30,37|23,1|37,81|6,48|1,71|74,63|80,84|93,30|80,94|80,59|94,74|96,20|48,27|59,6|80,23|80,93|71,22|20,68|63,69|84,96/80,27=80,59,6,48,27
79,72|49,89|31,48|41,99|72,27|86,31|9,0|89,24|39,9|56,6|39,79|39,41|39,49|24,91|4,78|27,29|39,69|0,56|99,4|69,86/39,29=39,79,72,27,29
66,19|97,43|4,42|19,32|63,45|80,57|45,28|42,71|32,81|53,80|84,4|63,60|28,30|43,65|63,84|65,22|63,97|63,66|30,21|60,53/63,21=63,45,28,30,21
72,81|79,88|88,59|80,9|41,84|9,98|80,63|80,79|98,20|80,8|59,45|71,67|84,61|8,38|20,12|13,41|38,72|67,86|80,13|63,71/80,12=80,9,98,20,12
6,83|52,55|38,80|11,50|86,74|47,11|80,86|67,6|20,95|84,71|67,47|40,53|67,38|27,40|67,84|71,52|67,27|83,20|50,1|53,65/67,65=67,27,40,53,65
16,67|97,83|81,16|49,36|71,38|69,12|81,82|67,48|82,69|19,71|98,90|12,30|81,19|83,33|33,57|38,80|48,17|36,98|81,49|81,97/81,17=81,16,67,48,17
56,67|62,45|83,52|29,83|37,84|13,29|56,22|33,57|32,37|56,26|25,70|67,25|56,13|56,62|26,9|45,91|9,33|22,32|91,40|70,64/56,84=56,22,32,37,84
52,31|45,52|36,34|34,24|31,72|36,30|36,43|93,2|36,45|36,75|30,93|50,23|2,25|40,91|24,56|23,42|43,49|49,40|75,50|56,3/36,3=36,34,24,56,3
58,98|20,71|91,32|62,10|10,68|71,30|98,20|32,14|74,73|58,7|66,62|7,19|29,47|58,91|58,66|19,74|58,29|47,37|37,67|14,4/58,73=58,7,19,74,73
50,36|80,95|80,2|1,15|29,81|81,68|4,82|42,29|87,26|80,42|17,4|80,50|36,65|95,88|26,58|65,72|82,54|2,87|88,1|80,17/80,58=80,2,87,26,58
39,34|30,84|83,11|48,40|59,20|39,79|39,59|89,91|39,89|55,68|79,55|16,38|68,94|20,30|34,83|39,93|91,16|93,3|3,48|11,26/39,94=39,79,55,68,94
84,7|12,92|83,11|83,6|83,81|81,68|67,37|68,67|83,84|9,98|6,59|88,69|59,88|83,14|20,35|14,9|11,3|7,12|98,24|3,20/83,37=83,81,68,67,37
50,59|93,83|94,64|83,85|85,7|24,49|93,81|80,67|19,48|93,19|3,24|93,26|93,3|78,94|7,20|48,80|49,44|81,78|13,50|26,13/93,59=93,26,13,50,59
87,47|78,26|6,78|48,89|87,10|87,4|89,34|96,76|87,65|70,59|4,48|10,81|81,70|67,1|1,96|87,67|86,36|47,86|65,6|36,94/87,26=87,65,6,78,26
45,37|96,17|9,28|64,25|40,81|40,9|40,96|28,16|40,47|17,26|31,74|62,31|16,15|25,66|37,41|81,62|26,94|47,45|66,46|40,64/40,94=40,96,17,26,94
83,46|44,84|52,61|98,19|26,8|89,52|26,12|84,6|6,42|8,0|56,32|0,76|12,98|26,44|76,47|32,83|85,89|19,70|26,56|26,85/26,46=26,56,32,83,46
85,99|22,64|75,44|77,75|77,66|98,63|40,22|51,9|66,12|9,62|77,36|63,60|26,51|36,98|44,85|8,40|77,8|77,26|82,33|12,82/77,62=77,26,51,9,62
81,94|16,63|56,23|23,87|21,56|21,65|2,60|54,32|21,73|21,25|94,33|32,30|25,81|73,2|60,37|65,16|63,89|21,90|90,54|87,31/21,31=21,56,23,87,31
62,5|95,15|8,84|49,36|70,95|70,49|84,72|30,53|5,22|97,18|70,62|22,65|11,8|15,51|96,30|70,11|70,12|36,97|12,96|51,47/70,65=70,62,5,22,65
46,57|53,99|48,97|0,27|5,41|86,76|56,65|87,86|87,28|41,48|76,46|99,35|87,5|65,8|87,77|77,56|14,84|87,14|28,53|84,0/87,57=87,86,76,46,57
8,40|8,12|5,84|47,1|24,64|8,5|76,42|45,47|78,45|64,59|40,48|48,25|42,96|12,76|73,24|8,73|8,78|84,49|25,88|49,0/8,88=8,40,48,25,88
34,11|21,85|60,55|17,31|12,17|11,38|32,95|55,92|52,88|85,62|95,52|92,15|38,9|60,34|60,18|60,12|31,99|60,32|18,21|15,59/60,62=60,18,21,85,62
88,32|14,88|60,49|74,34|49,50|23,68|68,81|16,53|11,62|11,40|67,75|15,60|75,74|37,16|11,15|40,14|11,35|11,67|35,37|62,23/11,50=11,15,60,49,50
97,22|56,40|33,41|76,58|76,70|76,56|10,89|41,74|76,10|69,33|52,97|21,13|70,47|39,16|83,9|47,21|58,52|89,39|40,83|76,69/76,16=76,10,89,39,16
82,16|87,92|92,91|40,96|42,37|20,28|96,11|87,30|87,40|87,21|3,62|87,20|37,97|45,74|30,42|4,45|21,4|28,82|11,53|91,3/87,74=87,21,4,45,74
31,21|65,2|15,92|92,27|31,24|31,10|22,50|51,53|21,67|45,88|67,51|64,15|5,73|31,65|42,45|31,64|2,22|24,5|10,42|73,60/31,88=31,10,42,45,88
29,85|57,95|44,57|79,29|85,6|79,73|6,93|79,42|88,70|73,76|25,97|76,25|84,0|94,84|72,44|52,88|79,26|79,72|26,52|42,94/79,97=79,73,76,25,97
27,57|2,60|27,35|60,23|7,96|80,62|62,17|27,41|38,29|0,78|35,2|57,80|27,1|96,55|1,99|65,38|29,51|99,0|41,7|27,65/27,55=27,41,7,96,55
39,10|97,11|0,47|62,55|11,38|66,98|55,39|4,24|98,74|24,49|53,4|62,14|13,0|10,80|14,97|62,66|47,89|62,13|62,53|74,88/62,89=62,13,0,47,89
43,37|84,28|30,27|23,51|91,13|91,23|91,43|91,30|27,85|13,73|60,24|28,88|85,93|6,20|37,60|88,87|91,84|58,81|73,58|51,6/91,24=91,43,37,60,24
29,56|56,69|38,53|53,70|51,80|28,37|15,13|37,87|29,46|96,28|44,51|69,64|80,47|13,71|29,8|29,96|8,38|46,15|64,58|29,44/29,58=29,56,69,64,58
20,34|79,17|91,92|66,89|14,4|18,29|29,7|74,65|3,18|36,74|3,20|17,14|3,66|34,0|95,36|3,79|3,95|0,73|7,45|89,91/3,4=3,79,17,14,4
34,1|0,52|74,69|0,9|0,63|78,3|9,7|45,51|54,34|7,15|69,11|51,38|15,91|0,74|52,78|18,45|11,22|63,54|3,85|0,18/0,22=0,74,69,11,22
24,95|73,70|33,16|93,96|29,18|33,32|96,42|52,28|33,85|7,93|16,73|18,20|47,24|99,47|70,64|25,52|33,7|33,99|32,25|85,29/33,42=33,7,93,96,42
56,67|62,45|70,64|29,70|37,84|13,29|56,22|83,52|32,37|56,26|25,33|67,25|56,13|56,62|26,9|45,91|9,83|22,32|91,40|33,57/56,84=56,22,32,37,84
84,37|71,3|10,69|73,1|40,71|73,95|43,10|14,7|4,55|73,43|35,14|28,4|95,40|69,78|37,20|7,83|1,84|56,28|73,56|73,35/73,20=73,1,84,37,20
59,66|59,13|65,37|55,34|6,55|36,12|59,77|37,36|59,65|11,63|62,91|18,11|78,62|59,56|13,18|54,44|66,6|56,78|77,46|46,54/59,12=59,65,37,36,12
46,1|10,72|26,75|91,53|53,0|60,99|81,23|10,81|21,44|99,46|10,60|23,14|10,91|95,26|75,65|72,12|0,51|10,95|12,21|14,49/10,49=10,81,23,14,49
28,65|37,89|58,11|30,97|61,94|65,22|30,16|94,68|22,76|30,58|30,28|78,61|15,59|30,78|4,36|11,37|97,14|14,4|16,15|59,31/30,76=30,28,65,22,76
22,5|24,82|40,54|51,47|84,97|54,16|38,18|5,88|84,98|93,75|18,51|62,40|84,68|98,22|68,71|84,38|97,44|71,93|44,24|84,62/84,16=84,62,40,54,16
13,26|13,84|69,98|13,69|29,24|50,40|10,50|13,91|13,9|99,16|68,83|98,68|86,39|91,10|84,86|24,2|62,99|26,62|9,29|39,8/13,16=13,26,62,99,16
78,74|48,18|48,64|64,72|67,94|14,33|72,78|53,3|48,39|18,22|33,15|3,16|15,32|93,85|48,14|80,53|22,93|94,86|39,67|48,80/48,86=48,39,67,94,86
30,89|30,85|95,65|49,7|87,20|5,32|30,49|22,97|85,59|30,87|90,17|76,95|59,5|89,22|7,90|30,3|91,27|97,29|20,91|3,76/30,17=30,49,7,90,17
4,30|32,20|38,98|36,14|20,4|32,73|32,23|24,41|28,94|66,37|32,24|23,49|41,66|26,38|71,19|32,28|73,26|94,71|30,85|49,36/32,19=32,28,94,71,19
73,57|47,12|48,80|66,7|74,73|86,8|86,47|8,75|86,66|58,33|75,48|86,74|12,38|38,89|26,58|22,15|7,22|63,26|86,63|57,77/86,33=86,63,26,58,33
86,89|71,56|38,17|21,29|67,71|29,62|89,38|6,91|46,23|21,68|8,46|48,1|21,8|68,67|23,25|1,6|62,49|49,51|21,48|21,86/21,56=21,68,67,71,56
66,61|2,81|45,60|61,34|34,12|85,45|54,96|81,3|60,31|49,97|47,84|96,76|37,98|2,37|2,85|76,17|3,47|98,49|2,66|2,54/2,12=2,66,61,34,12
1,74|81,79|93,37|66,83|72,9|37,86|93,65|10,92|67,66|43,10|6,38|23,81|79,40|93,6|86,72|93,99|38,1|99,67|93,23|65,43/93,83=93,99,67,66,83
72,59|53,30|16,78|87,72|45,7|1,58|1,87|50,53|66,45|1,50|22,28|60,66|30,5|20,22|75,16|61,20|1,60|58,75|1,61|59,27/1,28=1,61,20,22,28
41,37|16,92|12,98|41,87|41,31|87,10|39,16|50,12|97,34|96,50|28,18|41,96|10,14|34,77|14,44|92,6|31,28|18,53|41,39|37,97/41,44=41,87,10,14,44
55,18|55,41|89,28|68,85|22,89|43,93|78,43|85,23|55,38|24,15|18,68|32,20|15,65|65,7|83,22|20,16|55,24|55,83|41,32|38,78/55,23=55,18,68,85,23
17,53|88,60|90,83|89,23|23,22|83,81|21,16|60,30|21,74|53,85|74,87|21,17|16,90|54,69|85,40|87,54|21,36|21,89|36,88|22,41/21,81=21,16,90,83,81
53,71|48,83|39,11|25,62|13,53|45,57|52,45|79,48|92,87|13,25|13,96|62,14|13,39|71,7|83,37|14,22|7,73|11,92|13,79|96,52/13,87=13,39,11,92,87
58,37|37,87|87,43|58,14|14,15|12,53|57,67|58,69|58,86|86,12|43,34|51,11|69,51|67,78|78,62|15,41|53,13|58,57|41,7|11,75/58,62=58,57,67,78,62
74,59|99,15|91,34|59,0|74,25|34,87|87,98|74,62|55,86|83,90|12,14|90,16|41,12|74,48|0,55|62,41|25,1|48,83|74,91|1,99/74,86=74,59,0,55,86
94,81|58,87|58,10|58,71|64,88|92,70|28,43|58,55|55,50|10,33|29,64|44,28|76,29|49,93|87,90|50,49|33,92|71,44|90,94|58,76/58,88=58,76,29,64,88
38,99|70,25|25,20|67,48|8,67|41,28|70,87|70,16|57,5|87,8|53,38|39,15|70,57|91,13|70,91|16,53|5,39|20,41|13,71|71,58/70,48=70,87,8,67,48
87,70|13,55|21,24|95,66|1,92|20,50|55,27|76,35|71,61|30,13|24,49|61,1|50,95|62,68|87,20|87,71|70,21|87,76|35,62|87,30/87,92=87,71,61,1,92
15,83|57,99|10,52|28,0|89,94|88,28|57,64|83,42|57,86|42,93|57,23|23,88|17,89|64,17|99,71|86,10|87,24|71,87|57,15|52,69/57,94=57,64,17,89,94
69,75|2,27|1,94|39,71|94,93|69,12|71,95|69,1|75,42|13,85|40,72|27,60|12,39|97,2|69,97|69,90|90,3|42,13|93,86|3,40/69,72=69,90,3,40,72
59,89|51,1|20,82|68,46|22,25|76,4|59,90|59,15|66,68|59,20|15,96|89,52|69,51|87,69|82,22|90,66|52,19|19,24|59,87|96,76/59,4=59,15,96,76,4
68,73|40,64|68,96|68,84|96,70|76,24|79,57|68,48|84,46|19,76|68,19|6,31|81,67|57,29|70,6|48,79|73,40|46,81|24,58|64,60/68,58=68,19,76,24,58
54,72|7,74|52,2|79,54|31,98|75,67|2,64|72,63|31,82|31,79|64,45|98,36|74,39|68,73|36,6|82,7|31,68|31,52|6,30|73,75/31,45=31,52,2,64,45
79,95|32,65|79,62|91,22|21,43|95,69|51,94|79,49|79,85|79,91|62,52|65,24|85,29|49,32|29,51|69,61|61,30|22,33|52,21|33,90/79,30=79,95,69,61,30
84,37|71,3|10,7|73,1|40,71|73,95|43,10|14,4|69,78|73,43|35,14|28,69|95,40|7,83|37,20|4,55|1,84|56,28|73,56|73,35/73,20=73,1,84,37,20
28,0|78,4|37,8|88,83|99,37|28,47|8,64|4,30|28,60|60,88|47,75|87,78|82,33|75,15|15,3|28,87|0,17|28,99|83,10|17,82/28,3=28,47,75,15,3
61,22|42,65|55,20|93,1|72,57|93,74|17,55|65,43|20,92|93,72|1,63|73,15|68,42|52,95|95,79|57,73|93,68|74,52|93,17|63,61/93,15=93,72,57,73,15
79,90|23,44|44,3|21,57|90,1|62,20|21,17|34,88|0,67|57,0|41,47|47,64|67,5|21,62|1,6|21,23|20,34|21,79|17,41|3,97/21,5=21,57,0,67,5
11,90|53,74|48,80|71,11|57,46|48,68|76,75|46,34|34,69|80,71|74,2|15,76|13,62|48,56|38,13|48,4|48,57|56,15|68,38|4,53/48,75=48,56,15,76,75
82,93|71,87|37,60|37,5|24,89|87,30|60,14|37,82|14,35|93,41|41,79|5,71|98,34|37,21|4,98|35,92|84,24|21,4|49,84|37,49/37,79=37,82,93,41,79
8,18|48,86|65,30|54,48|91,61|24,91|80,8|38,70|38,35|52,27|19,52|86,33|38,24|70,19|61,59|72,65|74,80|38,74|35,72|38,54/38,30=38,35,72,65,30
48,13|25,44|25,24|25,46|1,16|24,88|5,4|25,86|44,49|46,26|31,5|35,93|2,37|88,35|26,48|43,31|82,2|49,1|86,82|25,43/25,93=25,24,88,35,93
56,12|33,39|88,90|96,98|65,81|58,65|96,64|96,89|94,17|17,88|25,83|89,16|96,95|16,25|96,94|39,68|98,58|64,33|42,56|95,42/96,68=96,64,33,39,68
34,76|6,71|0,68|34,5|46,75|77,98|26,46|33,69|34,77|11,56|98,18|76,30|5,26|57,6|69,11|34,60|30,0|34,33|18,31|60,57/34,31=34,77,98,18,31
29,67|67,41|10,29|84,88|88,85|31,91|48,6|44,16|48,10|48,77|78,99|48,0|6,84|48,44|92,17|0,38|77,78|99,74|16,92|38,31/48,17=48,44,16,92,17
76,41|64,11|46,37|96,86|36,31|11,2|53,95|64,36|95,67|90,40|64,44|31,96|80,74|64,53|44,80|67,51|64,76|74,88|41,90|2,46/64,40=64,76,41,90,40
61,23|31,49|16,46|72,31|82,34|48,72|34,61|27,12|82,84|82,77|77,16|68,13|23,35|84,27|46,89|90,68|78,90|82,78|82,48|12,40/82,13=82,78,90,68,13
91,95|1,67|46,72|50,80|31,2|1,91|12,30|4,29|1,73|96,12|26,76|73,32|32,26|72,89|75,96|80,4|67,46|1,50|1,75|95,31/1,76=1,73,32,26,76
87,52|48,49|53,45|99,11|31,1|49,87|48,53|48,0|45,88|48,82|27,97|48,27|22,61|43,22|52,55|85,31|97,99|82,43|0,85|88,30/48,61=48,82,43,22,61
42,85|75,0|17,50|67,21|25,76|25,39|76,62|27,17|25,95|62,42|93,44|50,84|74,26|92,93|39,92|0,67|95,70|25,27|25,75|70,74/25,85=25,76,62,42,85
18,52|5,9|70,19|68,76|18,61|61,97|18,68|47,16|48,50|97,47|77,70|2,23|23,24|50,29|83,77|18,2|52,48|24,71|76,5|18,83/18,9=18,68,76,5,9
35,46|95,71|43,27|48,35|27,77|71,14|19,3|24,19|95,43|46,89|76,24|83,94|94,7|14,12|95,48|95,15|77,25|95,76|12,70|15,83/95,89=95,48,35,46,89
32,8|52,48|29,82|8,33|82,28|17,52|2,17|12,47|65,76|39,53|40,32|47,65|2,40|48,94|2,23|64,39|23,29|91,64|2,91|2,12/2,94=2,17,52,48,94
75,99|94,37|77,54|51,74|55,24|99,55|72,73|57,63|15,80|94,15|74,82|94,77|94,75|37,41|80,72|54,57|41,10|82,42|94,51|10,64/94,64=94,37,41,10,64
49,14|57,3|26,74|74,71|3,82|14,96|49,65|42,57|35,29|88,17|17,9|49,26|71,75|96,0|29,59|0,39|65,88|49,35|59,1|49,42/49,39=49,14,96,0,39
2,85|71,36|32,30|32,77|81,91|92,67|32,45|79,92|16,60|32,2|91,66|36,50|51,24|32,75|9,51|45,79|75,9|85,16|30,71|77,81/32,60=32,2,85,16,60
23,16|53,96|93,84|75,64|84,52|80,74|52,76|16,72|7,23|74,62|44,63|93,44|63,53|62,99|93,94|6,75|94,6|93,7|93,80|76,92/93,96=93,44,63,53,96
86,31|88,24|2,7|85,93|27,75|2,27|7,18|32,85|36,4|63,53|17,32|18,63|2,36|29,8|24,42|2,17|35,88|75,29|4,86|2,35/2,8=2,27,75,29,8
80,68|73,92|83,62|92,19|4,81|11,87|1,70|91,86|83,8|83,91|86,1|19,53|83,80|62,34|8,11|68,95|83,73|87,13|95,2|34,4/83,13=83,8,11,87,13
78,25|86,65|22,90|33,32|13,52|10,53|25,68|68,22|42,10|78,33|78,47|32,27|78,99|99,94|94,13|47,92|53,77|92,86|78,42|27,98/78,98=78,33,32,27,98
38,42|87,18|28,54|51,52|47,27|87,30|30,47|91,3|95,28|87,95|4,7|7,91|99,29|87,4|27,85|29,38|87,99|18,51|54,88|52,26/87,3=87,4,7,91,3
48,51|87,3|41,2|92,74|38,41|26,92|19,94|88,30|74,46|38,26|2,73|94,53|38,1|38,19|1,63|73,67|38,87|53,68|63,48|3,88/38,67=38,41,2,73,67
4,89|45,41|27,86|13,23|68,51|41,26|69,27|89,34|26,68|45,62|96,8|45,80|80,4|45,0|62,69|0,28|8,87|87,17|28,13|45,96/45,23=45,0,28,13,23
75,99|96,63|68,39|33,11|52,75|52,25|52,27|54,60|52,58|76,33|99,54|34,20|58,34|20,91|25,76|62,28|28,68|63,23|52,62|27,96/52,39=52,62,28,68,39
13,29|55,94|55,89|50,88|89,81|85,57|28,41|55,85|81,42|59,0|42,24|0,87|77,50|55,77|47,28|87,80|55,59|94,47|88,76|57,13/55,76=55,77,50,88,76
73,91|37,61|55,78|62,59|7,49|50,89|95,55|31,68|71,7|61,43|49,35|62,71|43,86|62,37|59,31|68,33|62,76|62,73|76,95|91,50/62,33=62,59,31,68,33
93,44|84,80|80,32|97,93|6,79|26,9|44,49|54,22|79,65|57,38|9,52|6,26|31,72|6,84|6,97|52,83|6,31|65,54|72,57|32,28/6,28=6,84,80,32,28
3,23|55,19|0,79|92,3|1,66|16,92|16,80|29,11|49,1|16,13|16,29|12,0|99,12|11,55|16,99|23,8|2,57|80,49|13,5|5,2/16,57=16,13,5,2,57
50,58|43,37|43,74|63,28|43,77|44,20|58,54|43,94|5,23|52,82|20,63|87,18|9,52|23,25|85,87|43,44|74,5|77,9|94,50|37,85/43,18=43,37,85,87,18
72,45|92,7|43,96|35,92|72,69|69,58|42,12|72,88|79,17|72,9|25,94|88,35|72,20|20,70|70,25|17,83|9,10|10,42|58,43|45,79/72,12=72,9,10,42,12
59,66|32,28|95,27|55,96|28,85|69,86|27,98|96,64|18,55|32,9|9,59|32,18|61,38|26,35|85,69|32,95|32,26|35,61|66,57|98,67/32,57=32,9,59,66,57
75,55|24,97|82,89|45,2|45,27|8,83|45,36|27,82|45,75|36,26|89,66|45,19|43,11|26,93|7,8|55,43|93,1|2,24|19,7|97,71/45,66=45,27,82,89,66
53,12|94,6|75,37|94,47|83,34|6,51|94,5|56,83|47,72|5,27|51,52|34,58|72,79|52,86|21,71|71,75|79,0|27,53|94,21|94,56/94,0=94,47,72,79,0
79,6|78,28|11,5|65,8|38,97|5,4|44,51|4,38|0,10|11,44|95,75|11,79|11,78|96,19|28,69|8,96|69,49|6,95|11,65|51,0/11,10=11,44,51,0,10
62,89|8,25|48,83|32,72|62,70|62,48|62,6|6,90|25,81|83,0|44,85|0,49|79,3|90,64|72,97|64,68|3,44|70,8|89,32|62,79/62,97=62,89,32,72,97
41,54|18,87|87,88|49,70|77,36|37,49|29,37|77,29|38,63|54,22|88,94|63,73|36,95|72,38|95,13|77,18|77,72|22,19|13,35|77,41/77,70=77,29,37,49,70
94,28|84,26|64,63|23,82|45,23|17,5|64,31|64,94|64,45|28,90|70,4|50,17|31,50|82,89|64,13|13,84|4,80|63,70|26,33|90,88/64,88=64,94,28,90,88
17,29|28,46|95,53|5,96|58,81|40,43|5,68|48,17|96,75|5,58|5,65|33,95|37,92|81,37|68,33|65,48|42,78|78,28|5,42|75,40/5,29=5,65,48,17,29
63,56|9,12|33,42|63,13|38,93|12,76|63,73|93,1|63,33|13,9|56,46|87,72|46,4|1,94|4,20|73,91|91,87|21,71|42,21|63,38/63,72=63,73,91,87,72
2,31|64,19|18,98|93,49|46,13|46,45|60,6|19,52|46,80|80,64|45,51|46,2|58,92|31,58|13,93|6,15|53,60|51,18|46,53|49,83/46,15=46,53,60,6,15
11,48|65,70|30,95|30,40|79,65|59,55|30,97|95,43|78,92|96,59|12,41|30,96|63,1|40,79|55,69|41,11|30,12|92,35|43,63|97,78/30,69=30,96,59,55,69
19,61|4,53|85,19|18,65|70,94|80,36|45,1|45,58|53,54|1,66|92,75|45,85|58,4|97,76|75,97|36,70|61,6|66,18|45,92|45,80/45,65=45,1,66,18,65
62,92|39,43|1,44|43,47|55,63|88,0|63,88|39,55|67,70|70,23|39,67|39,41|44,19|66,68|41,62|92,52|23,65|19,83|47,66|39,1/39,52=39,41,62,92,52
13,43|91,5|44,86|93,94|79,91|13,76|76,34|68,40|13,95|81,16|34,10|88,81|40,93|52,63|63,44|95,79|13,52|43,88|13,68|10,17/13,94=13,68,40,93,94
8,96|31,40|96,54|17,93|56,92|31,94|34,10|19,17|82,71|40,19|71,56|35,8|31,82|9,2|31,35|74,34|57,23|94,74|23,9|31,57/31,10=31,94,74,34,10
63,87|28,56|28,53|62,13|28,23|85,9|53,85|36,58|87,77|42,48|13,29|28,36|23,63|9,92|28,42|56,62|58,26|48,54|54,15|26,44/28,29=28,56,62,13,29
16,1|17,16|51,40|6,41|58,56|51,71|50,96|88,0|51,50|51,6|70,88|75,9|20,66|71,17|96,20|0,37|51,70|9,38|41,58|40,75/51,66=51,50,96,20,66
20,81|35,64|10,76|74,35|74,17|21,99|64,2|74,28|71,14|0,21|77,40|80,20|74,47|76,77|28,71|74,10|2,55|47,80|17,0|14,68/74,81=74,47,80,20,81
44,94|81,44|35,85|40,35|37,81|37,70|94,84|66,25|46,17|17,29|96,34|34,75|75,62|79,46|18,14|37,96|70,40|25,18|37,66|37,79/37,62=37,96,34,75,62
80,26|49,91|22,96|84,10|2,32|68,36|2,80|2,68|36,1|71,40|2,11|2,49|32,38|40,50|38,22|26,84|11,71|91,13|1,79|13,98/2,50=2,11,71,40,50
31,99|99,77|94,75|73,80|80,1|64,40|50,29|95,24|86,47|75,26|31,52|1,98|52,89|26,43|31,94|31,73|40,50|31,64|77,95|89,86/31,43=31,94,75,26,43
12,79|96,6|96,12|6,5|74,75|36,3|31,74|66,16|96,50|25,62|28,33|62,98|16,78|5,28|96,66|96,25|50,31|98,18|78,53|79,36/96,33=96,6,5,28,33
89,58|1,76|27,24|9,38|29,31|31,73|41,59|76,41|71,97|75,89|79,45|29,75|29,79|45,27|80,9|73,71|11,80|29,1|58,88|29,11/29,88=29,75,89,58,88
21,55|0,81|44,92|81,47|23,68|72,67|2,62|83,73|90,38|92,86|44,83|73,99|67,23|86,90|16,0|55,2|44,16|99,60|44,21|44,72/44,47=44,16,0,81,47
43,77|51,92|37,85|82,28|31,19|92,60|78,53|30,31|78,82|19,99|78,30|53,37|78,51|87,43|60,74|85,58|81,87|27,62|28,27|78,81/78,74=78,51,92,60,74
71,64|21,45|99,10|99,26|64,30|25,65|99,2|14,63|9,94|63,25|73,61|26,21|80,82|45,32|61,80|99,14|99,73|2,71|10,9|94,83/99,65=99,14,63,25,65
78,6|87,78|67,13|10,95|69,97|89,57|89,71|84,69|44,70|89,67|71,10|95,14|13,65|65,35|89,84|89,5|5,87|57,44|70,12|97,86/89,86=89,84,69,97,86
14,72|81,59|25,18|6,42|63,7|59,53|63,6|72,23|78,60|42,78|7,80|43,73|53,10|26,43|80,25|63,14|63,81|23,89|31,26|63,31/63,89=63,14,72,23,89
45,50|22,67|52,45|66,42|65,24|24,99|89,29|89,75|75,65|89,19|89,22|67,5|29,92|62,52|4,40|5,86|49,4|92,66|89,62|19,49/89,99=89,75,65,24,99
41,58|87,11|41,46|33,6|39,89|41,92|42,86|92,39|16,28|45,4|76,1|41,33|6,42|89,9|41,45|81,16|46,76|58,81|4,87|1,23/41,11=41,45,4,87,11
58,27|19,91|55,89|13,25|1,5|75,28|99,75|55,64|89,36|55,35|55,17|55,58|36,19|60,63|27,60|25,81|64,1|35,99|17,13|5,92/55,81=55,17,13,25,81
1,84|26,36|5,33|18,80|76,61|26,18|26,5|19,51|53,99|99,1|14,64|77,76|26,77|36,44|82,0|61,48|33,19|26,53|80,82|44,14/26,64=26,36,44,14,64
86,33|48,61|65,30|54,48|91,8|24,91|80,86|38,70|38,35|52,27|19,52|61,59|38,24|70,19|8,18|72,65|74,80|38,74|35,72|38,54/38,30=38,35,72,65,30
4,55|22,5|60,4|44,91|86,60|15,58|86,67|86,15|86,44|89,52|83,22|86,76|91,77|26,20|76,26|55,28|20,97|58,89|67,83|77,48/86,48=86,44,91,77,48
65,36|40,59|64,56|40,50|59,65|24,38|34,58|56,89|96,5|50,37|40,34|58,96|37,19|82,64|40,93|36,2|93,24|19,14|38,21|40,82/40,5=40,34,58,96,5
79,40|81,10|93,37|66,83|72,9|37,86|93,65|1,74|67,66|43,1|6,38|23,81|10,92|93,6|86,72|93,99|38,79|99,67|93,23|65,43/93,83=93,99,67,66,83
73,33|40,99|77,56|80,37|67,81|7,41|58,93|97,73|77,74|14,2|41,75|2,40|21,97|74,7|77,21|93,86|77,80|56,58|37,67|77,14/77,99=77,14,2,40,99
7,52|74,64|16,41|13,74|87,98|85,44|45,13|44,16|3,72|49,67|85,42|85,45|85,49|42,87|72,54|57,3|67,7|41,92|98,39|85,57/85,64=85,45,13,74,64
77,98|35,71|1,8|53,50|35,53|8,12|35,1|12,6|69,77|72,41|18,9|41,63|9,15|98,16|3,72|35,69|50,65|71,18|35,3|65,54/35,6=35,1,8,12,6
5,80|75,25|23,30|30,95|35,66|4,27|24,57|80,75|66,48|17,69|5,24|48,92|59,19|5,23|69,4|95,8|57,59|25,99|5,17|5,35/5,8=5,23,30,95,8
69,52|76,49|42,10|49,38|92,76|93,27|40,5|53,40|92,99|92,93|71,68|51,42|96,59|92,51|10,78|99,53|92,71|68,69|38,91|27,96/92,78=92,51,42,10,78
49,60|58,41|20,34|42,1|23,88|58,53|53,61|43,42|22,67|58,22|58,98|1,50|58,43|98,96|61,49|41,56|96,20|56,23|67,38|38,15/58,34=58,98,96,20,34
43,60|3,59|6,46|59,83|45,23|26,79|14,42|14,49|14,43|14,78|60,45|51,6|69,26|8,7|52,38|14,52|42,51|78,69|49,3|38,8/14,79=14,78,69,26,79
61,38|10,90|89,57|52,61|52,97|62,33|52,89|17,9|43,30|33,50|57,75|9,4|52,62|97,17|52,43|30,10|75,94|50,56|38,98|98,93/52,4=52,97,17,9,4
45,83|99,22|95,80|54,99|71,12|54,95|54,78|22,30|61,79|85,16|80,84|69,46|54,61|79,69|54,85|84,44|16,45|12,43|30,90|78,71/54,44=54,95,80,84,44
16,4|4,87|17,1|70,25|88,61|88,39|76,16|34,94|93,70|46,35|39,71|45,21|37,93|88,37|71,45|88,76|61,46|88,17|35,73|1,34/88,73=88,61,46,35,73
10,5|56,17|85,38|1,82|56,12|5,67|15,8|95,15|23,28|56,23|17,29|29,1|28,62|64,10|56,64|12,95|56,60|54,85|60,54|62,55/56,8=56,12,95,15,8
83,37|39,14|17,72|46,75|37,97|72,2|88,69|39,17|39,44|39,88|52,81|44,83|85,53|2,94|77,24|39,46|69,77|53,20|14,85|75,52/39,81=39,46,75,52,81
15,8|40,63|72,51|15,86|15,79|50,49|15,1|1,56|33,50|75,59|63,58|15,35|59,39|36,18|79,33|8,75|35,40|51,95|86,72|56,36/15,58=15,35,40,63,58
32,93|0,86|79,32|87,94|48,0|93,99|97,39|48,12|94,64|12,88|48,87|64,57|86,97|48,91|26,24|48,79|88,26|85,36|91,17|17,85/48,39=48,0,86,97,39
77,93|39,24|19,80|16,63|17,62|17,46|65,84|17,19|63,71|14,83|83,65|90,16|93,78|17,90|17,14|80,54|70,39|46,77|62,70|54,38/17,38=17,19,80,54,38
23,31|70,23|21,32|11,19|25,48|43,79|66,70|6,87|69,97|32,25|85,6|45,42|79,85|13,11|43,37|37,13|43,66|43,21|97,45|43,69/43,31=43,66,70,23,31
83,48|90,52|31,77|90,18|90,20|16,4|44,30|74,68|60,92|76,83|68,29|90,31|52,60|90,44|77,75|30,16|75,25|92,22|20,74|18,76/90,22=90,52,60,92,22
55,82|55,9|25,3|59,71|15,79|55,94|94,15|55,38|76,66|38,72|82,64|66,73|2,24|9,76|55,2|64,59|79,51|24,25|72,21|21,7/55,7=55,38,72,21,7
78,46|66,15|2,52|97,78|59,75|58,0|90,92|53,80|15,5|99,60|80,59|97,99|97,53|5,12|60,91|97,66|97,2|91,36|46,58|52,90/97,92=97,2,52,90,92
72,15|63,59|87,93|86,14|37,58|49,82|98,2|93,35|50,49|87,76|87,37|87,50|43,98|59,97|87,52|58,86|76,63|52,43|35,72|82,95/87,95=87,50,49,82,95
65,90|66,36|84,65|84,0|84,66|36,69|93,71|71,80|80,45|21,64|90,55|84,93|84,12|94,51|55,28|0,94|51,79|12,49|49,21|69,9/84,9=84,66,36,69,9
98,50|30,6|62,7|2,89|16,2|16,83|3,87|16,25|25,15|89,90|50,26|12,39|16,59|16,12|83,98|59,30|15,3|90,24|6,34|39,62/16,34=16,59,30,6,34
83,5|58,86|59,55|0,25|20,59|79,82|99,95|18,99|58,4|86,79|5,1|89,20|95,24|25,21|58,18|58,0|21,56|82,10|4,83|58,89/58,24=58,18,99,95,24
36,50|26,85|68,81|68,46|10,18|1,84|81,49|68,26|49,39|46,65|91,1|9,91|39,5|27,0|85,24|24,47|50,10|68,36|65,27|68,9/68,0=68,46,65,27,0
39,79|28,89|39,3|1,31|39,10|64,30|57,64|60,74|10,28|73,55|39,38|92,0|3,57|79,41|41,92|89,51|55,91|74,1|38,73|39,60/39,0=39,79,41,92,0
19,92|9,26|36,6|86,27|6,76|32,70|62,49|62,19|85,32|70,53|62,86|62,85|62,24|69,9|49,36|24,69|27,78|92,74|74,51|78,1/62,26=62,24,69,9,26
1,6|1,37|10,59|35,36|15,23|84,33|91,15|23,71|86,84|55,41|81,98|1,32|37,47|32,55|47,81|6,86|1,91|41,54|1,35|36,10/1,54=1,32,55,41,54
35,38|49,56|64,30|88,22|46,17|69,49|57,88|52,92|38,81|56,82|30,52|64,62|64,69|92,51|64,36|53,46|64,21|62,35|36,53|21,57/64,81=64,62,35,38,81
99,81|20,64|81,91|70,99|25,38|45,43|3,22|45,61|87,25|83,96|43,76|79,87|45,3|66,13|22,20|45,79|45,70|61,66|76,83|13,39/45,96=45,43,76,83,96
33,8|10,61|10,53|32,71|10,56|79,12|10,33|41,17|12,25|45,90|17,5|53,41|66,28|34,32|37,45|71,88|56,79|8,66|10,34|61,37/10,90=10,61,37,45,90
94,25|46,91|41,39|39,44|46,29|46,93|8,41|16,82|21,98|46,8|78,16|25,79|5,1|29,21|98,88|91,75|75,5|79,18|93,78|46,94/46,18=46,94,25,79,18
85,5|70,28|16,78|78,38|37,85|80,1|2,3|37,50|37,49|50,70|49,99|5,96|99,80|96,20|3,76|76,87|37,2|37,33|28,9|33,16/37,87=37,2,3,76,87
87,39|78,70|5,51|57,74|57,5|38,26|57,45|55,21|17,38|21,34|57,87|74,63|51,64|64,72|57,17|63,56|26,94|56,65|39,78|45,55/57,70=57,87,39,78,70
25,12|46,3|36,64|46,45|69,88|99,97|97,30|46,69|15,22|94,36|16,53|92,5|3,94|46,61|45,99|12,74|46,16|88,15|61,25|53,92/46,5=46,16,53,92,5
93,27|64,4|60,44|21,2|53,67|97,60|59,37|67,11|2,59|52,1|21,53|27,52|21,57|44,61|21,93|37,50|57,62|11,19|21,97|62,64/21,19=21,53,67,11,19
81,22|40,77|59,86|44,35|0,88|85,24|24,52|52,44|86,19|89,40|85,80|94,0|56,89|13,81|85,59|85,56|85,94|80,13|19,58|88,7/85,77=85,56,89,40,77
21,25|79,34|61,77|47,30|14,58|96,90|90,53|29,96|38,50|58,79|21,14|39,69|21,47|25,61|40,39|69,63|21,29|30,38|21,40|77,70/21,63=21,40,39,69,63
92,27|17,76|43,62|62,42|17,75|10,40|40,28|28,11|31,13|75,35|35,31|38,92|83,82|76,38|25,83|17,25|80,43|17,10|82,12|17,80/17,27=17,76,38,92,27
13,43|10,17|44,86|93,94|79,10|13,76|76,34|68,40|13,95|91,5|34,81|88,91|40,93|52,63|63,44|95,79|13,52|43,88|13,68|81,16/13,94=13,68,40,93,94
3,1|55,19|23,8|92,3|0,79|16,92|16,80|29,11|49,0|16,13|16,29|12,23|99,12|11,55|16,99|1,66|2,57|80,49|13,5|5,2/16,57=16,13,5,2,57
76,55|37,3|23,48|43,2|41,44|30,23|3,15|76,30|76,41|44,50|55,49|15,78|20,94|50,32|76,97|49,43|76,37|94,26|48,10|97,20/76,2=76,55,49,43,2
84,10|37,57|61,11|33,67|52,20|20,85|76,33|76,68|85,13|75,41|76,37|42,55|57,75|76,52|65,84|67,19|76,42|68,65|55,61|19,25/76,11=76,42,55,61,11
30,37|23,1|37,81|6,48|1,20|74,71|80,84|93,30|80,94|80,59|94,74|96,63|48,27|59,6|80,23|80,93|20,68|63,69|71,22|84,96/80,27=80,59,6,48,27
77,30|41,48|38,60|4,92|22,61|9,7|4,53|4,41|17,69|4,22|48,38|73,77|53,17|4,73|61,9|69,64|92,46|30,25|46,67|67,85/4,64=4,53,17,69,64
61,92|31,37|60,64|60,6|5,30|34,56|41,38|60,31|64,5|0,66|96,0|56,62|60,82|6,34|30,84|37,61|82,41|38,55|66,79|60,96/60,55=60,82,41,38,55
31,74|50,3|7,59|44,2|50,12|52,85|12,44|59,64|6,41|63,32|50,31|64,23|60,6|2,62|99,52|50,7|74,63|3,60|50,99|85,30/50,23=50,7,59,64,23
73,52|0,42|86,51|96,46|96,32|28,91|4,26|96,2|29,13|37,73|96,88|88,95|26,86|2,28|32,37|96,4|95,29|91,39|71,0|46,71/96,51=96,4,26,86,51
9,70|90,58|28,12|90,32|58,96|14,50|80,11|32,14|70,78|49,42|90,49|89,47|90,9|17,41|41,80|50,65|78,82|90,17|96,89|42,28/90,47=90,58,96,89,47
47,55|43,19|12,27|80,53|47,89|27,63|47,80|55,12|10,38|47,79|75,9|79,83|89,43|19,60|20,57|3,92|83,20|53,3|47,10|38,75/47,57=47,79,83,20,57
42,66|11,35|98,49|81,40|98,95|86,43|8,81|98,87|49,86|15,99|35,51|95,37|98,11|87,8|37,42|99,84|98,76|43,61|51,21|76,15/98,66=98,95,37,42,66
72,49|28,8|54,11|89,39|21,35|89,69|32,74|68,9|11,47|39,72|89,21|74,0|34,68|69,34|49,81|47,51|89,32|0,71|35,28|89,54/89,51=89,54,11,47,51
26,30|30,43|31,19|28,18|43,75|54,16|55,65|18,73|56,28|65,97|55,26|55,52|55,45|55,56|94,14|52,54|19,40|45,31|97,94|16,36/55,73=55,56,28,18,73
54,39|34,68|22,67|73,54|65,23|84,92|68,18|38,84|23,47|22,31|22,85|67,34|8,65|31,38|22,19|53,21|22,8|21,59|19,53|85,73/22,39=22,85,73,54,39
84,54|48,84|77,79|34,14|46,12|81,91|68,24|91,46|81,65|81,77|97,48|81,97|65,21|21,44|81,34|22,43|12,75|44,36|79,22|14,68/81,36=81,65,21,44,36
61,98|77,74|21,58|15,39|44,33|44,21|31,25|63,99|99,19|25,87|44,88|3,61|52,15|0,63|58,77|39,51|44,0|44,52|33,31|88,3/44,98=44,88,3,61,98
38,94|44,97|26,35|16,43|70,27|41,96|35,36|26,31|14,39|34,41|72,7|31,34|94,0|26,38|26,70|0,78|27,72|26,14|39,44|36,16/26,7=26,70,27,72,7
83,96|87,64|32,35|60,98|27,30|27,87|25,63|27,60|58,61|30,81|27,97|59,58|97,59|7,23|98,7|64,25|81,83|27,28|46,32|28,46/27,23=27,60,98,7,23
24,47|12,38|12,70|38,25|71,42|12,24|7,8|22,91|40,93|37,59|25,71|47,26|26,98|15,37|93,43|12,7|70,15|12,65|65,40|8,22/12,43=12,65,40,93,43
17,96|23,52|1,23|24,93|74,92|59,47|35,33|92,35|99,1|24,17|24,55|96,7|7,22|24,74|55,26|26,90|24,99|71,59|90,36|93,71/24,47=24,93,71,59,47
82,59|40,33|59,24|78,53|82,97|96,75|24,8|75,21|82,9|0,67|33,47|47,23|34,78|8,98|9,34|82,40|82,96|97,0|67,44|21,14/82,44=82,97,0,67,44
25,57|68,35|31,11|55,79|26,59|55,92|55,73|89,60|93,31|59,25|55,68|92,19|73,93|60,50|0,76|35,82|79,89|82,17|19,0|55,26/55,76=55,92,19,0,76
21,25|77,70|61,90|47,30|14,58|96,79|79,34|29,96|38,50|58,77|21,14|39,69|21,47|25,61|40,39|69,63|21,29|30,38|21,40|90,53/21,63=21,40,39,69,63
75,51|81,44|34,95|84,87|84,32|84,30|51,93|56,27|87,72|30,48|95,24|65,94|32,19|93,35|48,65|89,34|84,89|19,81|72,56|84,75/84,27=84,87,72,56,27
82,81|84,58|37,11|68,10|52,64|84,4|84,82|5,6|40,5|84,24|58,37|72,34|24,40|53,88|64,72|4,53|88,47|84,52|81,68|11,36/84,10=84,82,81,68,10
97,67|4,19|42,32|19,60|10,33|67,37|49,42|88,85|73,51|73,20|48,88|73,4|20,61|51,49|60,9|73,50|73,28|50,48|28,97|61,10/73,33=73,20,61,10,33
0,51|7,13|41,7|39,52|52,65|48,89|72,1|88,84|13,67|65,47|71,28|2,88|28,64|71,39|71,48|64,72|84,74|71,2|89,0|71,41/71,47=71,39,52,65,47
37,52|93,53|0,22|58,81|22,11|92,32|81,67|11,69|53,6|98,45|37,30|37,78|30,58|40,98|37,40|52,2|37,0|78,93|2,92|45,1/37,67=37,30,58,81,67
64,58|86,24|52,84|92,1|1,13|64,86|64,29|29,23|97,72|64,51|89,15|64,21|51,92|24,52|78,59|96,89|58,96|59,73|21,78|23,97/64,13=64,51,92,1,13
10,46|92,15|82,18|10,96|51,21|46,44|18,19|44,13|10,43|76,99|29,76|10,29|43,92|96,82|99,11|13,70|15,3|41,51|14,41|10,14/10,11=10,29,76,99,11
67,36|72,47|79,44|99,89|41,42|41,58|41,95|95,37|5,72|12,67|58,5|41,84|37,13|75,21|13,93|84,16|21,99|16,79|42,12|41,75/41,93=41,95,37,13,93
1,92|27,1|98,61|61,35|24,71|17,58|22,96|78,98|78,17|95,91|91,24|78,95|35,67|78,86|86,27|3,59|96,94|58,3|78,22|94,79/78,79=78,22,96,94,79
61,99|27,74|18,84|61,18|59,36|48,77|61,57|61,26|15,65|77,0|51,59|65,82|8,48|26,51|61,8|66,29|4,66|99,4|57,15|84,27/61,74=61,18,84,27,74
68,0|21,28|30,5|64,36|28,56|89,30|89,64|36,74|5,68|39,26|74,6|42,69|89,39|26,14|69,79|89,9|9,42|89,21|56,3|14,70/89,70=89,39,26,14,70
50,68|31,44|89,9|10,51|45,96|45,53|60,31|45,75|75,89|45,73|44,29|45,60|90,50|6,85|73,90|53,10|85,91|96,6|51,40|9,42/45,42=45,75,89,9,42
39,8|35,17|55,72|57,51|72,60|76,48|77,24|24,76|90,16|97,55|67,37|77,97|16,74|37,35|77,39|77,67|8,57|77,90|74,14|48,95/77,60=77,97,55,72,60
22,38|29,20|72,71|49,87|97,1|71,3|72,81|72,29|81,67|25,49|67,60|72,73|60,16|55,75|3,55|33,97|20,22|73,25|72,79|79,33/72,75=72,71,3,55,75
64,25|64,10|29,63|16,65|10,44|45,24|95,20|44,6|25,76|61,28|80,75|63,60|20,61|6,3|64,80|76,45|75,16|64,95|64,29|60,1/64,24=64,25,76,45,24
13,81|50,23|87,52|18,64|1,7|94,98|50,87|41,63|52,94|50,28|50,1|50,13|81,60|28,18|7,96|64,77|96,99|23,0|60,59|0,41/50,77=50,28,18,64,77
42,59|38,50|0,24|36,8|62,77|65,20|72,84|50,72|77,39|42,62|42,38|24,2|8,65|73,85|59,73|42,36|85,15|42,55|39,46|55,0/42,46=42,62,77,39,46
29,67|67,41|10,29|84,31|31,91|99,74|48,6|44,16|48,10|48,77|78,88|48,0|6,84|48,44|92,17|0,38|77,78|88,85|16,92|38,99/48,17=48,44,16,92,17
57,35|95,6|72,84|19,41|20,72|11,77|77,16|20,57|96,11|84,17|17,25|41,89|20,95|20,96|62,19|20,62|52,33|35,52|6,53|53,29/20,25=20,72,84,17,25
24,95|73,52|33,16|93,96|29,70|33,32|96,42|18,20|33,85|7,93|16,73|70,64|47,24|99,47|52,28|25,18|33,7|33,99|32,25|85,29/33,42=33,7,93,96,42
19,48|21,45|20,28|33,61|52,11|54,21|11,69|69,12|48,20|72,40|4,55|72,52|72,19|0,54|53,90|90,4|72,53|29,33|40,29|72,0/72,61=72,40,29,33,61
69,54|90,65|15,39|54,5|8,76|32,77|12,64|50,3|84,50|28,23|39,79|32,12|65,8|64,28|32,90|32,84|3,94|32,10|10,69|77,15/32,94=32,84,50,3,94
33,80|33,67|82,52|1,66|70,1|33,39|57,50|3,82|33,3|98,12|33,57|50,29|67,70|74,98|56,37|39,69|69,56|52,18|80,74|29,75/33,37=33,39,69,56,37
70,26|70,43|26,82|17,19|70,32|32,21|31,18|70,29|29,31|76,34|20,62|18,46|55,4|43,55|19,76|4,23|21,60|60,50|82,20|70,17/70,23=70,43,55,4,23
30,64|41,4|90,33|41,57|12,95|31,90|7,54|8,68|41,79|41,8|54,92|68,30|92,1|4,12|41,7|49,77|95,22|57,49|77,40|79,31/41,64=41,8,68,30,64
99,78|8,38|84,51|65,60|26,24|84,73|24,39|5,26|18,65|89,13|60,47|84,18|73,15|84,5|40,8|17,89|84,36|15,99|51,40|36,17/84,47=84,18,65,60,47
74,75|6,27|44,52|48,55|45,62|88,45|76,47|48,33|93,17|62,85|48,74|75,90|52,6|48,88|48,44|1,93|55,1|78,76|33,78|90,35/48,47=48,33,78,76,47
86,41|26,14|19,97|86,75|55,54|63,80|86,55|45,19|59,4|54,63|86,57|61,26|16,52|52,74|91,59|86,3|41,61|57,45|75,16|3,91/86,97=86,57,45,19,97
54,99|59,13|15,19|15,4|66,87|19,70|93,65|74,98|15,82|65,66|15,93|15,74|98,88|88,3|4,80|70,54|82,59|13,95|80,72|72,23/15,23=15,4,80,72,23
63,95|55,23|12,51|15,75|28,42|13,56|15,12|86,99|75,32|64,52|97,86|56,24|23,64|17,97|15,17|15,55|98,13|51,28|15,98|32,63/15,99=15,17,97,86,99
97,91|39,26|89,51|26,64|39,25|39,0|51,7|39,44|64,79|40,71|44,89|60,32|32,97|25,93|71,1|81,43|93,81|39,60|0,40|79,18/39,18=39,26,64,79,18
1,52|51,4|72,86|40,72|51,40|86,12|87,46|15,98|48,31|27,48|31,60|58,87|4,1|51,44|51,27|51,58|46,47|44,0|0,15|52,97/51,60=51,27,48,31,60
49,33|48,40|29,95|53,34|34,38|60,48|38,65|23,90|53,19|42,29|19,32|83,67|53,49|57,42|65,22|53,60|40,3|53,57|33,83|32,23/53,22=53,34,38,65,22
7,9|9,61|88,78|7,93|7,28|78,22|27,51|46,88|31,80|61,86|93,48|16,76|86,11|80,27|39,60|34,16|7,46|7,31|48,39|28,34/7,11=7,9,61,86,11
57,65|92,77|29,8|54,92|10,69|69,51|2,50|15,29|10,88|10,57|28,39|10,2|51,84|65,56|50,28|88,54|56,70|63,15|10,63|84,31/10,8=10,63,15,29,8
35,32|39,35|47,39|95,11|17,14|59,99|78,30|45,78|82,17|31,56|99,19|10,87|59,47|59,31|19,95|28,82|59,28|58,45|59,58|56,10/59,32=59,47,39,35,32
14,80|1,32|94,38|11,30|16,54|75,16|32,14|75,15|20,39|18,20|33,76|39,90|57,10|75,1|75,18|75,33|54,11|15,57|76,94|10,96/75,80=75,1,32,14,80
61,85|60,2|92,61|84,79|89,12|93,35|78,31|14,93|81,14|86,44|96,8|86,23|23,60|86,81|44,92|86,89|12,96|31,84|2,59|86,78/86,8=86,89,12,96,8
14,95|57,92|73,38|11,73|51,68|51,85|87,37|58,96|51,8|85,58|51,14|31,56|49,57|95,74|51,31|96,17|74,25|8,49|56,87|68,11/51,38=51,68,11,73,38
84,97|73,9|43,1|4,56|96,82|42,41|92,38|73,10|73,4|73,42|11,57|9,96|45,85|73,92|54,84|10,54|82,51|38,45|41,43|56,11/73,85=73,92,38,45,85
32,27|15,67|69,73|91,14|70,69|39,86|67,28|27,16|43,85|32,8|32,43|16,91|47,60|8,70|32,9|32,6|9,15|60,29|6,47|85,39/32,14=32,27,16,91,14
61,31|46,89|16,23|72,46|82,34|48,72|34,61|27,12|82,84|82,77|77,16|68,13|31,49|84,27|23,35|90,68|78,90|82,78|82,48|12,40/82,13=82,78,90,68,13
61,38|14,97|81,46|50,66|31,40|70,92|14,50|14,82|90,70|22,88|88,28|62,90|97,22|14,76|14,62|46,51|38,4|82,81|66,31|76,61/14,4=14,76,61,38,4
26,43|13,33|24,59|99,27|27,24|40,96|40,26|25,94|28,18|33,66|9,52|52,80|40,93|80,1|96,13|40,99|18,58|40,9|93,28|43,25/40,66=40,96,13,33,66
4,2|75,62|62,64|27,28|19,65|65,10|64,94|49,29|38,58|36,38|53,27|36,21|36,82|0,49|24,19|36,24|58,4|36,75|21,53|82,0/36,2=36,38,58,4,2
74,75|6,27|44,52|48,55|45,93|88,45|76,47|48,33|90,35|93,17|48,74|75,62|52,6|48,88|48,44|1,90|55,1|78,76|33,78|62,85/48,47=48,33,78,76,47
9,41|77,47|72,33|39,83|39,49|88,24|92,72|39,63|60,9|95,76|58,82|63,66|76,77|44,88|41,29|49,92|83,44|39,95|39,60|66,58/39,24=39,83,44,88,24
28,44|51,28|24,89|50,93|63,22|11,41|11,70|11,24|33,47|70,82|11,58|58,20|20,23|89,50|94,63|23,43|9,94|41,51|11,9|82,33/11,93=11,24,89,50,93
20,69|40,16|20,96|15,58|96,18|20,37|99,5|31,51|67,26|16,39|33,89|5,33|37,6|20,82|82,40|69,80|18,67|6,31|20,99|80,15/20,39=20,82,40,16,39
35,34|71,93|18,19|28,23|2,55|60,80|61,65|80,61|19,28|55,88|16,45|35,51|35,71|34,2|35,60|93,76|44,16|76,3|35,18|51,44/35,65=35,60,80,61,65
54,31|28,72|43,79|45,44|72,57|90,42|23,89|42,55|31,21|21,27|89,26|43,45|5,77|43,23|26,41|79,28|3,90|44,5|43,54|43,3/43,41=43,23,89,26,41
76,42|2,64|44,30|31,44|77,57|57,31|77,93|41,90|64,94|4,53|93,76|42,17|72,41|77,2|94,83|97,79|77,72|53,97|90,59|77,4/77,83=77,2,64,94,83
65,12|58,98|22,91|15,4|92,3|22,2|45,6|22,16|22,58|12,92|22,65|24,60|2,44|91,15|68,89|86,45|16,86|4,43|98,24|44,68/22,60=22,58,98,24,60
8,75|75,41|19,8|83,5|5,34|19,83|19,90|19,82|34,85|98,55|32,33|82,0|90,39|39,98|41,44|33,46|67,57|46,48|19,32|0,67/19,44=19,8,75,41,44
31,21|50,49|66,83|29,50|49,69|40,31|77,91|29,66|29,51|83,74|18,77|69,95|29,18|74,0|29,40|34,48|51,28|28,34|91,53|21,76/29,76=29,40,31,21,76
81,97|81,47|0,90|81,49|81,67|81,0|46,13|97,92|92,66|93,4|67,93|80,46|88,30|43,24|4,52|49,61|61,88|47,80|66,20|90,43/81,13=81,47,80,46,13
84,13|34,93|43,16|34,12|17,96|34,80|49,52|96,49|98,99|13,31|31,24|93,56|12,58|99,97|58,60|34,84|34,17|80,98|60,65|56,43/34,97=34,80,98,99,97
99,21|73,66|66,92|28,36|60,28|44,87|50,58|94,44|36,79|31,22|60,73|79,4|22,97|60,94|60,31|58,99|92,45|97,1|60,50|87,62/60,4=60,28,36,79,4
56,41|26,52|26,8|78,56|52,71|41,30|49,79|36,27|93,47|22,36|26,49|71,19|26,94|61,14|79,93|8,2|19,10|94,22|2,61|26,78/26,47=26,49,79,93,47
84,78|73,3|78,59|98,55|42,63|99,43|56,42|49,53|88,98|55,99|88,49|53,52|63,21|88,84|60,96|88,73|59,47|52,28|3,60|88,56/88,28=88,49,53,52,28
70,67|42,20|64,43|65,23|15,89|69,91|21,32|97,98|6,64|20,35|42,6|67,27|42,70|23,69|27,26|42,15|42,65|89,21|43,63|35,97/42,98=42,20,35,97,98
55,30|55,47|55,5|30,3|16,69|54,17|11,58|8,88|46,67|58,8|3,46|47,27|27,54|6,21|35,16|32,6|5,35|55,63|55,11|63,32/55,21=55,63,32,6,21
47,65|81,40|91,59|35,24|91,78|70,67|67,44|27,52|91,26|26,27|3,58|91,81|91,42|78,3|52,4|40,35|42,38|38,47|59,70|58,41/91,44=91,59,70,67,44
65,95|72,8|47,38|61,10|47,73|73,67|53,24|47,98|89,49|38,2|47,61|11,41|49,22|2,11|47,53|67,65|43,19|24,43|98,89|10,72/47,8=47,61,10,72,8
75,21|24,90|21,50|50,99|93,45|10,58|84,2|7,84|58,18|75,79|75,42|42,7|90,89|75,93|56,54|79,24|75,71|45,56|71,10|99,11/75,54=75,93,45,56,54
43,85|90,86|85,36|90,19|18,98|19,41|75,5|86,43|59,17|46,91|90,59|34,67|90,48|12,52|42,46|48,42|5,34|17,12|41,18|90,75/90,52=90,59,17,12,52
78,16|78,59|82,11|76,42|20,62|16,92|78,21|32,73|88,50|1,69|69,86|92,76|78,82|78,32|33,89|11,20|73,88|59,28|21,1|28,33/78,50=78,32,73,88,50
76,20|32,93|42,72|58,38|32,11|11,12|93,96|99,92|38,99|1,49|12,63|90,42|32,1|32,90|63,21|49,76|72,97|96,89|89,24|32,58/32,21=32,11,12,63,21
21,63|86,10|84,24|23,0|0,76|63,20|95,66|21,3|37,22|61,79|3,32|44,37|21,84|24,86|65,44|32,61|21,91|20,95|91,23|21,65/21,79=21,3,32,61,79
57,16|77,18|57,17|97,84|94,77|75,73|18,4|73,37|54,44|16,97|44,5|17,39|84,2|57,54|12,87|5,38|57,94|39,12|57,75|37,45/57,2=57,16,97,84,2
51,38|78,90|6,57|1,79|4,6|90,84|94,4|39,51|57,50|84,70|86,49|94,75|94,60|49,1|94,86|94,78|75,39|92,54|60,92|54,81/94,70=94,78,90,84,70
61,99|71,97|16,61|80,48|16,19|16,71|16,17|46,94|19,69|32,42|91,43|33,46|17,91|69,32|97,98|60,33|99,80|98,62|16,60|43,59/16,94=16,60,33,46,94
29,55|54,58|11,60|55,95|9,11|87,0|59,73|61,34|49,9|4,61|87,4|0,29|58,51|87,49|34,47|73,83|87,59|70,54|83,68|87,70/87,47=87,4,61,34,47
54,26|41,21|78,56|26,75|75,57|32,5|54,24|56,41|85,71|24,27|2,77|57,59|77,35|5,85|46,70|54,78|54,64|64,2|54,32|27,46/54,35=54,64,2,77,35
19,94|32,76|1,24|16,53|19,16|6,17|13,6|76,54|19,98|53,93|29,77|98,28|19,78|93,79|19,32|54,66|28,1|94,18|78,13|18,29/19,77=19,94,18,29,77
54,87|77,82|52,68|71,83|54,77|27,7|48,96|45,21|54,71|54,29|40,93|29,28|28,12|93,27|73,45|12,65|87,73|82,52|54,40|83,48/54,96=54,71,83,48,96
37,21|79,32|65,53|41,40|65,76|53,49|19,91|77,41|49,10|11,0|57,19|0,51|21,79|24,77|65,37|76,11|65,16|65,24|16,57|10,85/65,40=65,24,77,41,40
36,96|26,28|23,12|23,94|23,9|41,36|49,67|24,48|38,21|28,30|23,26|88,49|23,24|42,1|30,68|94,32|9,88|48,38|12,41|32,42/23,21=23,24,48,38,21
4,71|3,63|89,33|57,92|92,87|4,6|70,66|71,57|96,94|98,88|95,47|33,81|66,3|4,95|4,39|4,70|6,89|39,96|94,90|47,98/4,87=4,71,57,92,87
83,75|80,33|32,50|36,79|14,36|32,14|62,92|72,39|33,0|32,72|75,4|6,80|39,94|79,28|32,6|50,62|94,54|4,1|32,83|92,61/32,0=32,6,80,33,0
2,55|96,85|33,16|78,91|38,54|38,33|28,42|38,96|54,31|18,41|38,78|91,18|95,24|16,2|42,50|60,47|85,60|31,95|40,28|38,40/38,24=38,54,31,95,24
0,40|32,90|39,20|22,85|55,1|4,30|90,55|32,23|32,61|23,39|33,59|61,57|1,5|32,0|32,64|21,4|40,22|57,33|20,47|64,21/32,30=32,64,21,4,30
58,66|33,2|37,65|59,52|2,64|37,57|41,13|66,26|56,59|80,92|48,58|37,48|65,56|92,38|13,79|37,33|64,3|57,41|37,80|38,99/37,26=37,48,58,66,26
15,80|29,75|89,96|94,2|95,44|24,12|41,50|87,95|80,89|31,29|2,41|31,94|31,82|79,24|33,79|75,9|82,87|9,18|31,15|31,33/31,12=31,33,79,24,12
8,78|8,72|54,5|82,97|97,40|98,82|57,77|8,21|7,1|77,55|21,57|28,37|78,31|5,34|31,7|8,28|8,98|72,54|0,89|37,0/8,34=8,72,54,5,34
89,19|1,85|22,55|63,2|3,1|86,17|30,89|74,21|3,76|85,22|3,63|2,95|95,8|3,54|54,66|14,30|76,74|66,86|21,62|3,14/3,8=3,63,2,95,8
39,79|28,1|39,3|64,30|39,10|89,51|57,89|60,74|10,28|73,55|39,38|92,0|3,57|79,41|41,92|1,31|55,91|74,64|38,73|39,60/39,0=39,79,41,92,0
6,64|45,92|77,76|35,37|35,45|54,98|92,17|46,96|35,6|96,26|35,4|37,49|10,0|49,15|17,84|15,97|76,54|35,77|64,10|4,46/35,98=35,77,76,54,98
49,98|11,64|75,13|17,95|54,34|18,3|88,75|65,94|3,17|65,86|55,11|34,49|64,85|65,54|65,55|86,82|82,7|94,88|7,42|65,18/65,13=65,94,88,75,13
98,5|49,39|39,69|5,67|49,1|93,80|83,96|51,68|61,4|1,95|95,31|49,83|67,45|31,36|90,35|49,51|69,93|49,98|96,61|68,90/49,80=49,39,69,93,80
59,79|67,93|51,67|97,50|60,11|77,40|3,77|30,51|97,56|97,30|53,9|52,4|9,52|97,80|50,84|80,59|97,53|84,60|56,3|79,49/97,11=97,50,84,60,11
61,56|35,51|30,92|92,43|30,84|52,83|84,45|90,12|91,34|46,99|83,8|43,61|14,35|30,90|30,79|30,80|80,52|79,14|45,91|12,46/30,34=30,84,45,91,34
39,1|73,29|19,39|35,76|90,92|70,8|91,65|29,70|35,26|14,22|42,90|35,15|35,2|2,42|76,20|89,14|15,19|20,91|26,89|35,73/35,1=35,15,19,39,1
72,40|1,44|74,86|48,81|61,33|74,1|5,96|81,23|62,13|40,61|86,48|96,64|74,5|64,36|50,62|74,50|44,42|74,72|42,78|13,9/74,33=74,72,40,61,33
6,99|90,82|16,10|36,83|33,86|73,26|79,68|69,36|82,2|86,88|54,43|83,72|88,31|6,69|26,79|6,73|6,33|99,90|6,16|10,54/6,43=6,16,10,54,43
88,91|85,24|32,85|91,13|94,48|79,18|32,15|13,84|46,79|30,78|32,3|97,50|32,88|32,46|50,52|18,53|15,2|24,30|2,94|3,97/32,78=32,85,24,30,78
3,7|27,23|38,49|28,91|60,68|24,1|87,60|16,24|38,46|38,92|12,28|17,3|38,2|2,17|92,71|49,16|46,12|71,27|68,90|38,87/38,1=38,49,16,24,1
9,37|86,84|25,36|39,86|25,79|36,12|47,39|95,62|25,34|25,47|34,52|74,68|21,38|25,88|12,9|88,95|38,3|62,41|79,21|52,74/25,68=25,34,52,74,68
83,23|23,75|85,8|28,96|57,28|15,83|15,57|98,67|15,71|15,98|67,0|75,95|0,88|96,89|66,85|77,80|71,66|31,35|80,31|15,77/15,89=15,57,28,96,89
1,23|42,77|77,91|19,52|19,68|52,1|19,30|19,43|73,94|19,67|44,24|23,64|30,42|24,14|43,54|4,73|76,6|54,76|68,4|67,44/19,14=19,67,44,24,14
62,59|8,50|52,28|28,85|62,8|62,52|50,92|22,70|62,63|30,18|62,12|92,60|26,30|63,22|59,26|85,82|40,47|70,20|47,6|12,40/62,20=62,63,22,70,20
62,92|39,43|1,44|43,47|55,63|23,65|63,23|39,55|67,70|70,19|39,67|39,41|44,88|66,68|41,62|92,52|19,83|88,0|47,66|39,1/39,52=39,41,62,92,52
35,54|28,56|6,13|6,65|10,94|15,34|0,28|54,53|21,66|34,30|56,59|52,21|6,0|4,52|65,35|6,15|84,10|13,84|30,44|6,4/6,66=6,4,52,21,66
48,56|79,52|73,15|28,21|66,37|30,0|39,36|9,58|41,73|4,28|52,48|39,79|37,67|39,91|36,66|39,9|91,41|58,30|21,45|39,4/39,67=39,36,66,37,67
87,11|98,86|26,97|78,21|55,98|32,34|99,24|85,26|47,32|73,47|83,85|57,12|57,83|57,99|12,23|57,55|57,73|86,88|24,87|23,78/57,34=57,73,47,32,34
12,80|97,31|31,78|32,70|80,56|70,25|56,18|2,15|69,97|49,81|18,53|33,90|12,69|15,49|25,39|12,33|90,10|12,32|12,2|10,67/12,53=12,80,56,18,53
58,26|64,77|60,58|72,22|31,89|26,11|13,3|3,90|64,31|4,72|89,40|40,42|64,61|61,12|22,66|12,95|64,60|95,97|77,13|64,4/64,97=64,61,12,95,97
3,70|7,40|34,58|34,31|34,33|34,5|2,52|86,82|34,41|79,28|41,83|33,79|83,86|28,4|5,10|88,7|10,2|58,3|31,88|70,32/34,32=34,58,3,70,32
31,3|53,86|68,73|60,33|92,60|31,16|31,29|6,32|31,92|73,7|47,72|3,80|29,59|41,78|80,47|31,41|59,6|78,53|16,68|33,0/31,7=31,16,68,73,7
18,22|69,39|86,16|43,55|55,94|73,18|8,59|16,57|69,8|35,74|19,5|69,95|69,43|69,82|94,37|59,19|39,35|82,73|74,46|95,86/69,22=69,82,73,18,22
84,13|34,93|49,52|34,12|17,96|34,80|60,65|96,60|98,99|13,31|31,24|93,56|12,58|99,97|58,43|34,84|34,17|80,98|43,16|56,49/34,97=34,80,98,99,97
76,74|99,32|99,61|74,50|99,69|61,20|12,52|26,65|95,25|97,67|82,97|25,45|99,82|94,42|67,23|32,95|99,12|69,76|20,26|52,94/99,42=99,12,52,94,42
40,39|77,12|83,49|49,56|40,14|40,91|6,71|91,82|14,83|96,93|66,6|12,5|40,66|71,73|40,77|82,48|48,89|39,34|34,96|5,65/40,56=40,14,83,49,56
25,6|32,99|46,12|73,46|22,87|57,73|61,85|51,65|32,82|31,77|77,27|32,2|6,51|71,61|99,22|2,71|82,31|87,88|32,57|32,25/32,12=32,57,73,46,12
39,31|12,39|93,69|2,12|2,58|10,33|31,81|22,20|2,4|33,47|4,93|69,46|43,44|89,59|2,43|44,22|2,10|47,34|58,89|59,41/2,34=2,10,33,47,34
43,64|95,60|30,95|7,99|47,38|43,4|31,47|43,42|64,39|39,19|48,81|60,59|42,57|4,45|57,48|19,73|45,7|38,55|43,31|43,30/43,73=43,64,39,19,73
79,3|97,35|79,56|38,86|73,42|16,36|3,97|53,24|86,53|36,63|35,88|44,48|79,44|48,59|79,28|79,38|28,73|56,16|59,52|42,65/79,24=79,38,86,53,24
2,65|24,61|11,22|21,59|56,21|40,23|24,27|22,16|25,69|79,2|27,25|65,4|5,11|61,56|24,5|69,52|93,50|50,40|24,79|24,93/24,4=24,79,2,65,4
85,4|87,16|17,92|4,43|85,98|14,3|93,52|3,93|16,59|43,83|5,87|85,18|72,51|18,50|50,17|85,5|98,34|83,62|34,72|85,14/85,92=85,18,50,17,92
87,51|73,95|29,47|30,7|99,27|20,92|7,99|80,20|88,29|91,88|23,14|42,23|72,80|95,8|51,42|87,30|8,24|87,73|87,91|87,72/87,14=87,51,42,23,14
3,61|41,57|40,41|53,35|37,46|3,17|78,68|57,24|3,53|31,37|67,73|61,69|17,67|46,80|3,40|3,31|45,98|69,78|35,45|73,27/3,80=3,31,37,46,80
56,24|55,23|12,51|15,75|63,95|13,28|15,12|86,99|75,32|64,52|97,86|28,42|23,64|17,97|15,17|15,55|98,13|51,63|15,98|32,56/15,99=15,17,97,86,99
62,67|57,58|58,24|52,71|67,73|42,98|98,75|45,52|48,21|62,45|24,77|55,39|62,18|71,56|73,48|44,42|62,44|64,55|18,64|62,57/62,21=62,67,73,48,21
89,28|15,35|35,2|25,6|56,39|95,82|78,21|86,50|86,78|86,25|58,3|86,62|50,89|12,15|6,95|3,55|62,58|21,56|28,65|86,12/86,2=86,12,15,35,2
39,42|49,27|75,61|35,40|42,75|72,9|27,5|77,50|40,87|72,39|72,93|7,13|13,76|93,7|67,35|72,67|5,85|9,77|50,43|72,49/72,43=72,9,77,50,43
29,76|57,88|87,35|50,39|35,38|80,68|88,48|31,49|23,31|72,80|77,23|45,57|45,77|68,81|48,37|45,50|38,30|45,72|45,87|39,29/45,49=45,77,23,31,49
71,1|34,88|97,75|46,34|88,71|67,62|46,24|2,9|9,54|54,0|46,97|22,16|17,90|46,22|46,2|24,7|7,17|75,18|16,67|18,65/46,90=46,24,7,17,90
22,31|43,68|49,26|61,2|7,0|14,90|10,24|26,57|68,10|6,13|90,7|13,61|57,56|1,43|71,22|1,14|1,49|1,71|31,8|1,6/1,0=1,14,90,7,0
2,83|1,17|48,46|67,78|41,47|25,90|11,81|81,2|11,15|11,25|90,41|11,82|46,44|11,1|12,49|34,67|83,95|15,34|82,48|17,12/11,95=11,81,2,83,95
33,15|80,43|61,80|37,28|54,81|85,42|71,60|60,49|37,85|37,68|42,87|37,26|43,74|63,54|68,71|26,63|28,10|10,33|87,39|37,61/37,74=37,61,80,43,74
48,60|61,64|91,11|30,4|11,2|60,82|91,48|2,12|91,3|3,66|12,67|66,47|21,30|64,29|91,61|82,54|91,22|29,59|47,33|22,21/91,59=91,61,64,29,59
68,98|51,23|24,80|61,83|55,76|87,16|76,9|55,24|16,56|79,28|9,79|37,61|40,68|56,84|55,87|33,37|80,51|98,94|55,33|55,40/55,94=55,40,68,98,94
34,69|40,74|47,34|69,67|2,61|40,64|56,46|10,97|24,94|35,2|40,49|64,35|74,33|40,42|42,10|97,17|40,47|33,56|94,14|49,24/40,67=40,47,34,69,67
11,61|42,60|97,27|21,66|61,54|94,55|66,73|75,67|73,72|55,42|72,1|54,51|21,75|41,47|83,97|21,94|21,83|21,11|27,87|67,41/21,1=21,66,73,72,1
96,79|82,15|44,76|15,19|9,96|53,25|49,67|79,69|9,82|67,44|9,80|69,16|7,98|19,73|9,38|9,49|38,7|80,54|98,3|54,53/9,73=9,82,15,19,73
66,84|5,86|4,69|22,5|50,53|29,52|32,20|64,33|22,30|30,92|22,93|84,4|52,8|86,64|92,32|93,63|22,66|8,61|22,29|63,50/22,33=22,5,86,64,33
0,78|58,66|66,4|11,90|49,30|58,11|78,95|30,82|90,63|4,35|58,8|58,44|8,49|63,64|80,91|44,0|91,19|58,80|35,1|19,60/58,64=58,11,90,63,64
82,24|66,75|64,27|63,14|66,10|60,19|66,50|10,60|50,64|19,4|89,1|75,82|66,89|24,40|1,7|14,90|26,63|7,57|66,26|27,31/66,57=66,89,1,7,57
29,41|41,88|70,6|32,35|35,99|26,29|5,78|85,1|6,32|38,44|1,87|70,85|70,38|70,26|90,5|18,22|44,18|87,45|70,86|86,90/70,88=70,26,29,41,88
50,13|63,97|9,51|77,34|63,67|49,50|51,72|67,9|15,79|48,37|19,48|44,82|76,56|82,77|79,76|52,49|97,19|63,52|63,15|63,44/63,13=63,52,49,50,13
48,69|48,96|48,97|97,4|69,10|38,67|0,99|48,80|7,37|80,29|21,7|71,13|67,87|10,28|29,0|28,20|96,21|48,9|4,71|9,38/48,87=48,9,38,67,87
80,61|8,2|53,93|53,80|57,58|53,40|3,10|61,25|53,96|2,63|40,8|7,14|25,38|92,57|93,3|53,7|96,92|14,11|11,89|10,74/53,38=53,80,61,25,38
31,58|34,7|26,19|94,37|26,17|17,43|69,54|26,56|55,86|86,84|23,68|43,34|8,38|97,31|56,97|19,55|26,8|38,23|26,94|37,69/26,58=26,56,97,31,58
5,28|0,15|47,56|71,50|82,62|46,47|50,3|3,40|15,22|11,14|87,58|0,5|43,75|0,71|22,11|0,43|0,7|75,82|7,46|28,87/0,40=0,71,50,3,40
27,61|27,92|30,0|9,18|50,67|53,69|27,12|29,8|61,41|41,30|91,15|92,9|15,78|27,53|67,40|69,29|18,49|12,50|78,59|27,91/27,59=27,91,15,78,59
43,13|78,81|89,97|42,79|28,78|42,86|59,43|86,59|60,62|42,50|44,60|79,89|50,44|42,58|72,9|36,34|58,28|97,31|42,36|34,72/42,81=42,58,28,78,81
63,29|42,89|57,25|23,63|44,78|29,35|62,90|92,23|31,17|92,44|92,31|37,34|2,4|17,62|34,57|89,2|78,9|9,3|92,42|92,37/92,90=92,31,17,62,90
75,89|72,24|8,5|75,53|53,82|24,45|11,10|97,12|73,13|10,76|7,38|1,94|17,11|12,73|75,17|75,97|89,72|75,7|82,1|38,8/75,94=75,53,82,1,94
98,85|1,38|74,53|30,20|75,30|53,6|74,75|74,21|6,10|79,92|10,47|49,79|85,57|54,1|20,7|21,98|74,49|92,94|74,39|39,54/74,94=74,49,79,92,94
59,76|30,82|73,84|3,48|88,30|45,14|84,57|73,74|73,63|82,52|74,94|73,64|14,13|85,67|94,85|57,59|63,77|77,3|64,45|73,88/73,67=73,74,94,85,67
50,18|31,2|63,31|20,59|51,50|26,54|59,51|37,26|65,22|95,25|20,38|25,45|20,36|22,80|9,95|20,49|38,37|49,65|36,63|20,9/20,45=20,9,95,25,45
41,61|23,41|51,38|73,63|81,45|38,81|61,15|40,88|51,23|66,50|51,39|93,97|45,59|51,93|97,40|63,31|27,73|51,27|50,43|39,66/51,88=51,93,97,40,88
71,91|14,56|34,4|17,34|32,46|84,2|6,32|26,84|17,30|30,26|17,90|4,14|24,57|17,75|95,71|25,6|17,25|90,24|75,95|57,5/17,46=17,25,6,32,46
82,17|68,35|25,57|55,79|26,59|55,92|55,73|89,60|93,25|59,82|55,68|92,19|73,93|60,50|0,76|35,31|79,89|31,11|19,0|55,26/55,76=55,92,19,0,76
16,2|99,86|77,40|94,99|92,5|38,74|14,92|16,58|57,77|74,53|43,64|6,43|32,6|2,57|16,66|16,32|66,14|16,38|58,94|53,34/16,64=16,32,6,43,64
28,67|96,43|71,80|98,52|96,28|43,99|96,17|81,97|97,79|96,47|47,70|67,30|30,40|17,71|70,98|96,81|79,50|99,37|80,32|37,66/96,66=96,43,99,37,66
13,39|73,85|68,45|42,76|5,72|5,99|5,95|95,70|33,92|60,35|99,82|64,42|86,68|82,60|5,28|72,64|70,13|28,86|5,33|92,73/5,35=5,99,82,60,35
98,80|92,51|47,84|21,37|36,21|29,92|22,76|36,98|76,53|36,86|43,35|86,22|35,59|37,58|36,43|36,29|59,56|51,87|80,47|58,18/36,18=36,21,37,58,18
60,94|6,79|94,22|86,95|95,38|15,5|74,73|60,15|22,74|51,2|38,34|26,31|79,36|39,6|50,8|2,26|60,86|60,51|5,50|60,39/60,36=60,39,6,79,36
70,56|19,34|83,30|53,94|21,54|56,98|30,39|47,91|85,19|47,21|47,23|65,87|23,83|54,51|51,76|47,53|91,85|94,65|47,70|98,69/47,76=47,21,54,51,76
4,30|45,77|67,36|77,0|48,16|41,48|75,45|0,2|14,11|19,50|50,14|43,41|30,96|75,84|60,67|75,60|75,19|75,43|36,64|84,4/75,11=75,19,50,14,11
19,77|19,53|88,60|46,16|53,2|19,3|36,59|19,24|77,13|59,75|33,46|29,41|13,66|2,88|76,33|19,76|66,25|3,36|85,29|24,85/19,60=19,53,2,88,60
26,24|91,85|19,92|91,47|47,5|92,2|79,26|2,35|99,33|36,27|1,6|70,1|5,99|39,79|91,39|85,36|6,62|91,19|27,83|91,70/91,24=91,39,79,26,24
9,90|33,51|99,33|51,16|34,48|0,27|99,94|99,42|85,35|16,17|99,61|94,39|42,0|35,68|90,88|61,85|40,9|27,83|39,34|99,40/99,88=99,40,9,90,88
2,20|5,57|49,90|68,42|7,5|64,28|35,13|7,15|7,37|59,76|76,30|13,2|90,22|7,82|82,64|15,49|57,68|37,59|7,35|28,73/7,73=7,82,64,28,73
91,63|90,7|79,13|20,17|17,85|11,46|61,58|43,34|58,11|46,95|61,43|7,79|61,16|16,20|87,91|61,87|63,25|18,26|61,90|34,18/61,95=61,58,11,46,95
68,10|75,46|69,42|42,5|24,57|75,68|99,69|30,90|75,30|46,15|47,32|21,45|10,24|75,21|90,18|45,14|18,71|15,47|14,3|75,99/75,3=75,21,45,14,3
75,24|92,80|62,95|84,39|50,92|30,85|31,62|24,7|31,20|95,26|31,79|31,75|26,18|85,28|22,84|7,60|20,50|31,93|79,30|93,22/31,18=31,62,95,26,18
76,96|68,7|25,3|3,9|61,72|9,53|76,84|6,61|89,30|81,89|72,26|66,0|79,66|76,56|96,79|7,94|76,6|76,25|84,68|56,81/76,94=76,84,68,7,94
49,2|97,58|14,26|97,56|9,68|88,65|23,45|97,49|97,57|57,89|79,88|54,66|56,83|97,94|89,54|29,23|83,9|94,29|2,14|58,79/97,68=97,56,83,9,68
33,43|10,50|18,10|15,18|75,61|92,41|37,99|12,66|83,58|92,15|41,12|61,57|58,63|74,83|66,8|92,74|92,37|99,33|46,75|92,46/92,43=92,37,99,33,43
27,94|10,49|32,91|95,45|24,62|45,32|49,65|31,14|95,10|73,36|7,33|95,1|1,24|95,73|95,31|14,7|65,0|91,51|36,27|62,56/95,51=95,45,32,91,51
27,79|32,51|74,55|61,96|1,27|26,37|1,26|1,74|16,50|79,61|38,11|37,84|11,13|55,32|50,31|1,97|13,2|1,38|97,16|84,62/1,62=1,26,37,84,62
28,35|46,84|18,46|84,31|38,80|81,28|52,63|34,72|75,10|2,34|80,50|75,18|75,45|75,38|50,65|45,81|26,52|72,93|75,2|10,26/75,93=75,2,34,72,93
62,64|82,66|87,7|6,33|91,22|22,70|93,82|33,52|93,27|48,62|66,42|93,99|58,87|93,60|60,91|79,58|27,6|99,48|42,26|93,79/93,70=93,60,91,22,70
61,34|58,23|22,88|42,7|22,73|52,17|84,82|53,71|88,99|73,53|36,10|71,33|22,52|10,58|22,36|7,49|17,61|99,84|22,12|12,42/22,82=22,88,99,84,82
18,5|51,70|19,47|73,51|76,69|18,34|18,9|0,75|18,84|5,19|84,67|34,73|35,46|18,76|69,35|47,63|9,26|67,17|17,39|26,0/18,63=18,5,19,47,63
20,74|40,43|51,13|72,49|13,6|43,20|68,29|24,22|40,83|66,30|40,68|37,19|29,24|40,66|30,37|74,63|16,51|83,72|49,32|40,16/40,6=40,16,51,13,6
37,62|91,50|60,1|82,9|36,90|14,86|24,18|82,20|65,91|20,37|62,15|9,17|90,24|1,84|28,65|82,28|82,36|82,95|17,14|95,60/82,84=82,95,60,1,84
3,38|19,68|58,89|52,30|19,91|19,53|53,39|89,96|34,3|14,29|59,83|39,59|35,93|12,36|68,34|19,52|30,12|91,58|29,35|19,14/19,96=19,91,58,89,96
24,43|71,68|24,71|25,54|19,18|33,77|83,91|68,60|91,25|15,30|24,0|18,35|0,61|24,33|43,19|77,17|17,46|60,57|61,15|24,83/24,35=24,43,19,18,35
30,63|48,54|92,62|8,47|71,85|48,92|48,23|62,71|5,38|64,88|54,8|38,43|87,5|48,87|48,30|63,64|23,97|47,75|0,2|97,0/48,88=48,30,63,64,88
32,97|89,56|60,65|50,70|60,98|60,75|92,67|60,89|88,8|37,14|56,32|70,43|68,92|39,88|65,50|60,90|14,44|75,68|90,39|98,37/60,44=60,98,37,14,44
55,82|45,55|80,45|49,71|72,60|80,56|64,32|17,72|80,17|56,5|63,94|80,49|60,51|71,83|80,78|78,68|68,63|82,58|83,87|5,64/80,94=80,78,68,63,94
70,40|61,24|54,5|85,47|53,70|64,87|64,58|24,31|8,53|38,32|47,12|64,85|87,54|31,25|64,8|5,90|58,60|60,38|12,88|64,61/64,32=64,58,60,38,32
61,99|61,54|21,88|88,69|61,75|18,30|51,91|54,5|61,44|83,58|39,62|44,41|61,18|5,83|1,76|41,1|99,21|75,51|91,24|30,39/61,24=61,75,51,91,24
65,90|66,36|84,65|84,0|84,66|36,69|93,71|71,51|51,79|80,45|90,55|84,93|84,12|94,21|55,28|0,94|21,64|12,49|49,80|69,9/84,9=84,66,36,69,9
15,43|37,26|94,27|28,7|77,32|84,15|17,62|32,17|66,40|35,66|84,77|84,73|84,22|43,39|39,64|22,35|26,90|84,94|73,37|27,28/84,64=84,15,43,39,64
79,64|68,16|20,47|21,37|17,68|30,3|37,90|21,51|19,88|62,17|51,46|21,63|64,19|21,62|46,20|3,48|90,91|91,53|63,30|21,79/21,53=21,37,90,91,53
12,23|47,45|92,86|10,75|14,10|98,55|75,88|14,24|45,98|88,61|14,48|24,92|1,35|48,80|14,1|35,99|80,12|14,47|99,26|86,31/14,23=14,48,80,12,23
68,65|75,30|68,55|32,75|68,50|79,56|93,34|55,79|50,93|27,32|34,97|39,1|90,21|21,44|44,18|1,92|68,27|65,39|68,90|56,31/68,97=68,50,93,34,97
80,43|11,61|61,73|73,4|11,84|60,12|84,60|51,33|5,92|33,29|69,16|42,1|92,80|22,51|12,10|11,5|11,42|1,69|4,67|11,22/11,67=11,61,73,4,67
34,6|95,65|55,92|38,2|36,37|65,88|86,93|74,22|34,56|56,95|22,68|34,38|14,59|2,36|92,29|34,74|6,55|93,14|68,97|34,86/34,29=34,6,55,92,29
36,50|26,85|68,81|68,46|1,84|24,47|81,49|68,26|49,39|46,65|91,24|9,91|39,5|27,0|85,10|10,18|50,1|68,36|65,27|68,9/68,0=68,46,65,27,0
92,51|67,50|27,38|10,17|32,76|51,18|32,92|12,86|72,0|60,34|76,10|32,88|35,27|88,35|17,36|18,16|50,60|0,12|32,72|32,67/32,16=32,92,51,18,16
73,78|38,42|7,15|15,25|26,29|92,63|91,7|64,41|92,64|92,52|22,18|1,38|92,91|29,60|18,61|41,73|92,26|60,67|63,1|52,22/92,78=92,64,41,73,78
54,34|85,60|30,83|73,48|27,35|9,85|7,12|56,9|1,27|91,46|1,92|12,57|35,91|1,73|92,7|1,56|58,88|34,30|1,54|48,58/1,46=1,27,35,91,46
94,5|38,56|4,1|38,66|74,9|38,42|38,74|79,71|65,24|9,65|38,94|66,79|5,87|42,27|87,88|0,4|47,72|56,0|71,98|27,47/38,88=38,94,5,87,88
77,16|39,25|73,93|86,71|48,18|44,49|88,29|86,44|55,12|26,9|49,24|9,88|43,55|24,1|16,73|18,39|86,26|71,43|86,77|86,48/86,12=86,71,43,55,12
45,31|96,17|9,28|64,25|40,81|40,9|40,96|28,37|40,47|17,26|16,15|62,16|37,41|25,66|31,74|81,62|26,94|47,45|66,46|40,64/40,94=40,96,17,26,94
4,27|45,41|87,17|13,23|68,51|41,26|69,87|27,86|26,68|45,62|96,8|45,80|80,4|45,0|62,69|0,28|8,89|89,34|28,13|45,96/45,23=45,0,28,13,23
64,7|50,53|58,49|88,33|31,50|41,26|57,14|33,64|57,88|14,22|26,35|57,41|57,56|35,45|82,58|49,34|22,93|56,31|93,76|57,82/57,53=57,56,31,50,53
26,67|64,26|3,43|75,81|95,20|30,46|95,74|46,3|81,40|95,32|32,64|94,18|95,30|74,94|91,25|60,75|20,91|95,60|18,17|25,22/95,17=95,74,94,18,17
53,98|62,88|79,82|39,93|5,62|25,69|89,76|10,85|53,39|93,79|13,91|64,10|53,17|23,13|17,5|53,64|69,89|98,23|53,25|85,6/53,6=53,64,10,85,6
64,21|90,63|90,54|59,34|48,47|93,13|47,14|54,64|90,48|14,69|25,27|89,59|63,11|90,41|11,78|90,93|41,89|78,88|21,8|13,25/90,34=90,41,89,59,34
38,60|22,8|79,20|6,49|38,22|38,21|8,31|69,74|11,12|5,48|36,79|49,11|48,98|98,35|31,63|21,36|38,5|38,6|74,34|60,69/38,12=38,6,49,11,12
92,55|36,11|85,92|41,43|2,21|8,29|49,2|55,10|43,30|8,3|3,25|16,36|29,49|30,38|25,51|8,41|11,96|51,27|8,85|8,16/8,10=8,85,92,55,10
11,50|12,64|60,1|11,53|32,10|11,88|88,27|7,39|57,51|11,77|53,90|96,57|50,96|27,60|21,7|90,32|77,80|11,74|80,12|74,21/11,51=11,50,96,57,51
0,16|73,43|46,67|67,96|96,86|12,7|24,12|81,23|80,0|66,4|81,80|60,66|16,3|23,60|10,24|81,56|43,17|56,73|81,46|81,10/81,7=81,10,24,12,7
61,94|61,15|25,55|70,59|19,77|6,48|89,25|93,8|13,89|61,47|47,80|94,69|61,13|61,93|98,90|9,70|80,98|8,6|15,9|69,19/61,55=61,13,89,25,55
46,55|52,45|45,9|39,34|84,87|52,37|52,4|12,21|98,84|4,46|96,1|76,98|21,86|1,65|52,76|37,96|55,80|56,12|9,39|52,56/52,80=52,4,46,55,80
62,83|22,3|59,22|66,0|62,14|61,35|82,98|27,82|81,66|62,59|83,61|20,28|62,45|35,39|3,30|28,69|62,20|14,27|45,81|69,48/62,48=62,20,28,69,48
89,29|94,10|51,63|36,66|32,71|71,90|10,36|32,47|32,94|88,19|32,30|47,89|30,88|55,7|19,58|32,55|90,43|29,77|43,13|7,51/32,77=32,47,89,29,77
80,39|39,5|19,96|78,71|55,36|5,22|17,38|17,80|76,94|91,88|84,78|96,55|38,84|17,76|18,25|17,19|48,95|94,91|25,48|17,18/17,71=17,38,84,78,71
38,60|22,8|74,34|6,49|38,22|38,21|8,31|69,98|11,12|5,48|36,74|49,11|48,79|79,20|31,63|21,36|38,5|38,6|98,35|60,69/38,12=38,6,49,11,12
43,28|14,88|93,79|57,14|55,46|68,47|93,64|93,52|23,57|18,70|46,43|93,55|93,23|64,29|52,27|27,11|29,18|72,68|11,83|79,72/93,88=93,23,57,14,88
36,43|72,42|25,14|21,27|78,21|36,0|7,72|36,83|42,53|37,24|14,92|38,58|83,37|36,81|81,78|24,44|36,7|43,98|98,38|0,25/36,44=36,83,37,24,44
83,59|58,86|82,10|0,25|20,82|79,5|99,95|18,99|58,4|86,79|59,55|89,20|95,24|25,21|58,18|58,0|21,56|5,1|4,83|58,89/58,24=58,18,99,95,24
86,67|68,95|71,68|51,0|62,66|32,11|71,18|71,22|66,39|8,83|84,21|95,8|71,36|21,52|18,84|36,86|22,62|71,51|0,32|67,56/71,52=71,18,84,21,52
75,89|72,73|8,5|75,53|53,82|73,13|11,24|97,12|10,76|24,45|7,38|1,94|17,11|12,10|75,17|75,97|89,72|75,7|82,1|38,8/75,94=75,53,82,1,94
58,37|96,70|12,57|98,84|58,42|58,63|37,96|58,18|73,12|58,3|3,64|18,61|42,98|70,65|63,73|64,19|84,59|36,33|61,36|19,97/58,33=58,18,61,36,33
82,1|99,63|64,51|54,99|41,54|16,18|75,42|18,25|93,75|17,16|59,17|91,67|59,33|59,82|58,44|33,93|59,64|51,91|59,41|1,58/59,63=59,41,54,99,63
84,50|84,85|74,81|43,68|21,95|95,69|84,51|84,21|36,71|51,70|30,24|20,36|50,30|85,62|69,66|84,23|70,43|24,75|23,20|62,74/84,75=84,50,30,24,75
59,89|51,1|20,82|22,25|19,24|76,4|59,90|59,15|66,22|59,20|15,96|89,52|69,51|87,69|82,19|90,66|52,68|68,46|59,87|96,76/59,4=59,15,96,76,4
68,4|1,89|1,78|54,7|11,19|1,69|0,54|63,68|1,85|1,0|20,21|89,11|29,81|78,29|69,65|7,46|19,9|85,63|81,70|65,20/1,70=1,78,29,81,70
64,14|62,51|11,86|86,57|4,44|59,53|4,89|63,6|89,62|44,59|53,12|72,49|4,11|81,69|57,97|4,72|51,19|4,81|69,64|49,63/4,14=4,81,69,64,14
15,98|64,52|48,9|54,84|81,63|53,66|0,76|69,82|76,72|72,34|15,10|25,81|15,0|15,64|9,54|45,53|52,69|10,45|98,25|15,48/15,34=15,0,76,72,34
31,30|62,18|41,10|75,6|77,85|85,86|68,24|0,60|81,44|86,75|77,8|24,88|8,81|77,62|77,41|10,0|88,90|18,31|44,79|77,68/77,30=77,62,18,31,30
81,10|76,90|99,71|38,65|10,69|55,38|26,60|0,22|26,37|71,7|7,79|90,64|60,96|26,75|75,55|26,99|64,25|96,0|26,76|37,81/26,25=26,76,90,64,25
95,96|99,63|63,21|85,56|6,46|84,5|46,93|48,11|6,99|11,53|21,55|6,24|56,16|4,48|93,84|20,95|24,20|6,4|6,27|27,85/6,96=6,24,20,95,96
9,51|56,80|76,14|4,81|56,37|8,63|79,23|62,76|51,4|80,2|23,87|56,9|53,95|2,74|28,79|95,8|56,53|74,68|37,62|56,28/56,14=56,37,62,76,14
24,53|98,97|92,67|16,66|21,71|90,36|97,74|32,49|8,32|67,41|49,24|35,7|8,98|74,39|8,16|8,35|66,90|7,21|89,92|8,89/8,39=8,98,97,74,39
55,1|50,64|50,82|50,12|64,52|72,66|50,72|87,42|9,40|12,76|42,36|76,43|50,87|43,35|36,98|52,55|66,65|48,9|82,48|65,56/50,35=50,12,76,43,35
41,37|16,34|92,6|41,87|41,31|87,10|39,16|50,92|97,12|96,50|28,18|41,96|10,14|12,98|14,44|34,77|31,28|18,53|41,39|37,97/41,44=41,87,10,14,44
94,73|15,71|75,42|6,9|73,84|77,79|42,6|92,75|71,7|92,56|92,22|7,97|3,51|48,77|92,15|92,48|56,94|22,55|55,3|79,69/92,9=92,75,42,6,9
82,49|12,68|49,63|28,92|62,7|0,23|32,48|12,25|25,22|7,0|74,82|48,77|12,32|73,18|68,27|22,73|27,28|77,80|12,62|12,74/12,92=12,68,27,28,92
78,23|89,50|14,97|78,42|78,31|31,8|23,61|22,4|61,22|78,94|12,14|8,92|78,0|81,5|5,98|92,55|42,81|0,39|39,89|94,12/78,55=78,31,8,92,55
33,36|10,48|34,25|30,61|36,28|33,0|0,34|33,10|84,39|33,30|33,14|28,84|71,24|24,1|22,97|14,71|48,22|6,69|25,93|61,6/33,93=33,0,34,25,93
27,25|24,77|58,39|71,49|24,15|66,62|83,86|24,91|25,66|15,89|77,54|91,83|81,92|92,58|78,34|24,81|89,71|54,78|86,88|24,27/24,39=24,81,92,58,39
40,34|97,28|28,83|49,50|50,84|40,99|84,6|2,51|15,58|99,15|40,49|39,2|58,3|60,57|51,10|24,60|34,24|40,62|40,39|62,97/40,57=40,34,24,60,57
89,62|11,75|11,34|65,15|43,65|75,23|15,24|11,33|18,83|33,39|12,8|23,73|56,78|39,12|62,18|73,80|78,69|11,43|11,89|34,56/11,8=11,33,39,12,8
6,96|15,93|16,82|2,20|83,15|6,83|62,86|92,44|6,47|20,75|79,19|86,56|93,76|41,18|44,16|96,62|47,2|6,79|19,41|6,92/6,82=6,92,44,16,82
35,24|60,16|16,69|70,10|85,4|60,29|60,90|58,83|60,85|21,50|95,21|69,70|60,56|27,76|4,58|39,27|56,35|29,39|90,95|24,81/60,76=60,29,39,27,76
47,74|52,56|94,79|76,5|15,92|92,94|0,32|47,52|43,24|47,17|32,19|19,7|17,76|5,46|56,21|47,15|47,0|24,67|21,16|74,43/47,79=47,15,92,94,79
85,6|97,99|53,97|35,18|81,8|15,77|81,53|81,85|81,62|62,83|74,94|56,44|18,40|19,74|83,56|6,15|99,16|8,35|26,19|81,26/81,77=81,85,6,15,77
25,13|12,72|50,37|50,97|58,87|97,12|20,96|37,4|60,58|50,54|50,6|72,41|43,20|54,25|13,53|9,0|15,43|6,60|4,9|50,15/50,41=50,97,12,72,41
42,1|26,28|23,12|23,94|23,9|41,42|49,67|24,48|38,21|28,36|23,26|88,49|23,24|30,68|36,96|94,32|9,88|48,38|12,41|32,30/23,21=23,24,48,38,21
61,18|38,62|31,71|78,68|61,55|55,64|50,57|71,78|95,26|26,44|61,95|94,87|61,69|90,50|61,31|69,90|18,94|87,73|44,27|64,38/61,57=61,69,90,50,57
48,72|75,77|54,4|10,45|48,75|48,43|43,8|48,2|8,39|92,32|48,54|39,98|72,42|4,29|2,50|42,63|50,10|63,94|29,84|77,92/48,98=48,43,8,39,98
34,13|87,53|84,14|27,84|3,21|62,34|51,65|65,10|13,81|3,27|3,87|3,45|14,1|21,51|97,40|53,86|86,30|3,62|40,2|45,97/3,30=3,87,53,86,30
10,27|81,77|99,72|71,55|16,81|37,19|27,37|69,86|86,45|16,10|45,26|31,24|80,99|77,31|18,71|5,80|16,69|2,18|16,2|16,5/16,55=16,2,18,71,55
48,21|52,99|73,24|99,14|73,52|34,43|73,35|69,34|38,50|91,69|73,38|35,98|61,60|98,48|50,40|14,87|60,6|73,91|40,37|24,61/73,43=73,91,69,34,43
66,59|59,25|66,86|49,91|91,7|32,51|36,27|0,97|86,30|71,21|51,0|41,16|21,57|66,49|66,32|30,41|66,78|78,71|25,36|7,43/66,27=66,59,25,36,27
12,57|52,29|27,6|60,92|33,60|53,52|50,67|97,33|20,86|57,20|70,62|67,70|43,27|46,43|11,46|29,44|11,53|11,12|11,97|11,50/11,92=11,97,33,60,92
87,31|48,49|53,45|52,55|99,11|49,87|48,53|48,0|45,88|48,82|27,97|48,27|22,61|43,22|31,1|85,99|97,52|82,43|0,85|88,30/48,61=48,82,43,22,61
82,22|41,99|49,11|82,74|18,21|82,38|82,49|22,10|74,9|10,64|61,34|9,18|11,41|39,42|76,39|34,78|82,76|38,61|64,48|42,58/82,48=82,22,10,64,48
0,42|30,37|18,19|73,51|26,39|30,14|30,55|39,73|37,23|30,26|35,18|55,0|48,38|42,96|30,72|23,98|14,35|72,36|98,77|36,48/30,77=30,37,23,98,77
8,53|26,0|99,26|95,58|86,55|43,42|42,86|32,3|53,82|92,8|99,32|3,74|81,87|99,24|74,30|0,81|24,67|99,43|67,95|99,92/99,55=99,43,42,86,55
28,52|39,92|22,43|91,39|48,21|20,91|20,33|20,99|17,61|21,81|99,84|52,17|86,48|20,28|38,32|84,22|92,90|33,49|49,38|20,86/20,43=20,99,84,22,43
33,32|45,33|60,0|54,9|38,89|89,4|45,76|9,18|45,10|76,38|67,68|97,66|45,54|18,39|10,41|32,63|45,67|63,27|68,60|41,97/45,27=45,33,32,63,27
47,99|70,60|47,63|58,67|60,94|40,49|67,56|20,39|10,6|27,70|99,58|47,22|6,20|71,88|63,95|22,37|47,27|95,40|37,71|47,10/47,49=47,63,95,40,49
82,1|99,63|64,51|54,99|41,54|16,58|18,25|58,44|93,18|17,16|59,17|91,67|59,33|59,82|75,42|33,93|59,64|51,91|59,41|1,75/59,63=59,41,54,99,63
42,90|44,84|0,69|34,0|9,83|36,65|84,52|9,32|6,36|65,53|9,81|60,41|32,34|83,42|9,44|52,28|90,70|9,6|47,60|81,47/9,70=9,83,42,90,70
50,21|81,38|29,12|18,29|73,14|14,77|95,24|95,35|66,18|28,49|95,66|95,41|24,93|98,27|38,50|35,73|49,56|95,81|41,28|93,98/95,21=95,81,38,50,21
3,70|54,57|11,36|57,22|20,67|15,99|66,11|70,88|74,54|15,66|34,14|83,61|99,3|62,28|28,83|15,62|15,34|36,94|15,74|14,20/15,61=15,62,28,83,61
22,61|43,68|49,26|57,56|7,0|14,90|10,24|26,31|68,10|6,13|90,7|13,57|31,8|1,43|71,22|1,14|1,49|1,71|61,2|1,6/1,0=1,14,90,7,0
97,40|83,75|66,94|91,43|66,39|85,22|66,62|54,82|40,85|66,54|77,96|30,91|28,77|39,30|62,83|82,10|75,12|94,28|66,97|10,50/66,50=66,54,82,10,50
83,5|79,70|79,93|79,60|21,71|18,76|32,83|55,81|93,32|28,82|61,26|76,61|79,18|71,13|79,20|41,55|60,41|82,96|70,21|20,28/79,81=79,60,41,55,81
68,46|5,7|81,18|1,3|85,21|32,51|73,32|86,5|98,22|75,56|21,68|22,16|98,39|98,86|98,81|7,66|98,85|16,1|18,75|39,73/98,46=98,85,21,68,46
7,0|72,78|93,13|84,17|17,43|97,16|76,7|97,28|16,98|43,14|65,93|28,5|25,48|97,32|98,72|32,76|5,25|97,85|97,84|85,65/97,78=97,16,98,72,78
82,2|92,49|41,38|73,98|49,41|95,4|82,92|82,57|9,28|2,6|67,1|4,73|82,9|45,10|6,80|80,8|57,3|3,45|82,95|28,67/82,8=82,2,6,80,8
42,33|12,44|82,12|28,61|59,50|10,67|82,14|50,15|49,3|61,38|82,77|15,1|14,99|99,49|82,42|77,28|44,93|93,58|82,59|33,10/82,38=82,77,28,61,38
81,86|24,63|98,99|78,80|7,94|99,43|15,33|3,92|2,78|85,93|98,7|63,6|43,15|98,24|93,81|5,2|6,11|94,3|98,5|98,85/98,80=98,5,2,78,80
61,51|10,45|61,79|51,10|88,65|30,5|61,35|24,94|5,83|59,88|65,72|61,26|32,24|45,90|61,59|35,7|26,32|7,63|63,96|79,30/61,90=61,51,10,45,90
61,34|71,33|22,88|42,58|22,73|52,17|84,82|53,7|88,99|73,53|36,10|7,49|22,52|10,71|22,36|58,23|17,61|99,84|22,12|12,42/22,82=22,88,99,84,82
26,62|6,17|50,7|50,46|7,9|98,24|0,18|24,99|50,80|46,98|80,49|50,54|27,43|19,6|12,81|54,19|50,0|49,27|9,26|18,12/50,62=50,7,9,26,62
80,47|26,7|43,52|7,36|16,64|80,23|47,16|51,26|67,60|96,67|41,24|80,41|91,63|64,58|80,51|50,31|23,96|80,91|63,50|24,43/80,36=80,51,26,7,36
35,34|71,93|18,19|28,23|2,76|60,80|61,65|80,61|19,28|76,3|55,88|35,51|35,71|34,2|35,60|93,16|44,55|16,45|35,18|51,44/35,65=35,60,80,61,65
51,4|56,54|58,94|76,78|85,67|20,29|63,76|67,63|22,51|85,56|29,45|94,32|85,23|45,48|61,93|85,20|85,22|54,61|23,58|4,34/85,34=85,22,51,4,34
35,46|95,71|43,27|48,35|27,94|71,14|19,3|24,19|95,43|46,89|76,24|83,12|12,70|14,77|95,48|95,15|94,7|95,76|77,25|15,83/95,89=95,48,35,46,89
81,42|44,1|2,56|9,22|9,49|22,30|42,44|58,85|9,58|38,94|95,66|29,74|85,92|9,81|30,29|94,97|66,2|9,95|92,78|49,38/9,78=9,58,85,92,78
3,62|76,48|53,68|84,74|53,55|48,89|55,25|25,14|68,42|16,33|50,76|21,3|62,86|1,81|53,50|42,84|53,16|53,21|14,45|33,1/53,89=53,50,76,48,89
2,96|43,45|84,72|84,64|84,22|72,29|57,2|84,77|47,26|22,30|30,95|29,3|77,57|52,43|64,52|26,49|97,47|84,97|95,7|3,76/84,96=84,77,57,2,96
47,29|12,54|15,31|11,14|5,0|61,9|53,64|77,51|55,15|14,77|90,11|98,58|54,5|44,55|64,61|90,44|90,12|90,47|90,53|29,98/90,0=90,12,54,5,0
28,3|37,87|59,76|88,22|43,79|69,64|69,37|57,43|30,28|69,26|76,88|64,14|14,61|47,12|26,57|61,58|87,47|3,23|69,30|69,59/69,58=69,64,14,61,58
75,46|60,41|63,58|24,75|46,10|76,65|35,80|12,63|17,98|8,12|0,22|76,8|22,17|76,0|76,60|65,35|80,78|41,70|70,97|76,24/76,78=76,65,35,80,78
9,38|17,9|51,40|6,41|58,56|51,71|50,96|88,16|51,50|51,6|70,88|75,0|20,66|71,17|96,20|16,1|51,70|0,37|41,58|40,75/51,66=51,50,96,20,66
40,15|93,78|35,93|98,44|44,77|98,27|98,84|3,20|15,25|20,86|84,35|37,72|72,87|52,40|98,52|98,37|27,3|69,92|77,69|87,80/98,78=98,84,35,93,78
28,35|46,52|18,46|52,63|38,80|81,28|50,65|34,72|75,10|2,34|80,84|75,18|75,45|75,38|84,31|45,81|26,50|72,93|75,2|10,26/75,93=75,2,34,72,93
39,4|31,10|51,87|87,48|10,51|31,2|31,91|38,8|91,82|77,53|98,5|82,9|20,18|15,38|5,39|2,15|31,77|9,13|53,20|31,98/31,13=31,91,82,9,13
46,99|19,61|64,14|12,2|68,65|6,50|9,95|64,88|20,12|64,20|81,9|2,92|14,81|50,39|64,6|39,34|99,52|61,68|88,46|64,19/64,65=64,19,61,68,65
21,1|59,75|0,83|91,4|17,80|31,65|35,6|19,91|21,35|80,53|63,59|6,18|21,19|21,29|4,67|21,0|18,78|29,63|1,17|83,31/21,75=21,29,63,59,75
54,31|28,5|43,79|45,44|5,77|90,72|23,89|72,57|31,21|21,27|89,26|43,45|42,55|43,23|26,41|79,28|3,90|44,42|43,54|43,3/43,41=43,23,89,26,41
24,62|51,72|68,17|68,47|17,12|7,73|5,31|68,53|47,51|12,85|72,92|86,60|73,86|85,29|68,7|31,34|53,33|33,24|68,5|34,58/68,92=68,47,51,72,92
88,79|83,71|12,43|78,66|38,13|31,83|45,12|72,38|88,78|13,6|79,31|37,90|66,44|54,19|88,80|88,54|19,37|80,45|88,72|44,84/88,90=88,54,19,37,90
50,71|64,70|26,27|49,26|6,17|44,90|31,97|97,42|55,56|58,55|27,75|56,5|31,58|31,43|17,87|31,49|42,50|90,64|31,44|43,6/31,75=31,49,26,27,75
71,12|52,81|23,43|12,96|73,41|60,63|73,88|11,17|43,60|41,93|73,23|73,57|57,71|18,11|93,97|83,90|88,18|81,83|73,52|97,69/73,17=73,88,18,11,17
76,31|93,12|38,89|63,55|8,13|38,41|55,50|0,76|41,97|89,62|38,25|38,63|25,8|38,77|50,80|62,93|13,88|48,73|97,48|77,0/38,31=38,77,0,76,31
49,95|58,3|71,47|1,77|3,59|1,40|54,81|70,23|59,15|44,49|1,58|85,20|47,85|23,68|40,44|81,97|31,54|1,31|77,70|1,71/1,68=1,77,70,23,68
90,13|35,90|9,98|63,89|6,86|35,36|76,30|16,68|98,6|30,7|1,76|89,52|13,40|35,1|36,16|68,25|40,5|31,63|35,9|35,31/35,25=35,36,16,68,25
59,61|59,2|45,47|13,45|59,90|2,13|42,55|90,60|73,77|61,81|58,84|64,74|28,91|59,73|60,42|91,64|77,38|81,58|59,28|38,85/59,55=59,90,60,42,55
56,3|76,39|48,76|1,16|56,99|61,70|56,9|75,61|3,65|16,57|56,77|77,24|99,75|38,7|81,1|56,81|24,38|65,93|93,97|9,48/56,57=56,81,1,16,57
50,94|65,12|27,42|30,58|53,98|61,5|30,62|12,54|33,93|30,27|5,52|28,53|4,61|58,28|0,37|30,4|42,50|62,65|37,33|30,0/30,54=30,62,65,12,54
23,82|82,37|73,91|24,0|89,81|24,23|46,61|52,58|26,68|48,11|91,89|14,4|68,14|0,29|29,52|61,48|24,26|24,46|37,33|24,73/24,33=24,23,82,37,33
8,64|31,80|15,17|38,32|56,9|19,78|30,36|56,38|56,86|77,19|80,37|56,74|56,16|32,30|93,8|16,93|74,13|13,15|86,31|9,77/56,64=56,16,93,8,64
30,40|24,89|78,59|59,4|16,18|78,30|4,24|37,60|7,15|52,7|75,93|15,79|76,8|93,10|40,76|60,16|78,52|78,37|1,75|78,1/78,89=78,59,4,24,89
61,98|99,19|21,58|15,39|44,33|44,21|31,77|63,25|25,87|77,74|44,88|3,61|52,15|0,63|58,99|39,51|44,0|44,52|33,31|88,3/44,98=44,88,3,61,98
73,64|22,15|5,32|37,73|15,4|13,31|37,47|90,53|39,60|37,20|20,22|31,79|64,93|37,5|37,39|93,9|60,90|47,13|32,18|18,82/37,53=37,39,60,90,53
82,96|79,70|79,93|79,60|21,71|18,76|32,82|55,81|93,32|28,61|83,5|76,83|79,18|71,13|79,20|41,55|60,41|61,26|70,21|20,28/79,81=79,60,41,55,81
53,70|10,56|70,27|24,7|15,41|53,6|62,1|77,76|53,10|96,62|76,35|53,49|27,24|53,61|93,73|61,96|6,93|73,85|49,77|56,15/53,7=53,70,27,24,7
31,48|89,2|57,9|89,79|49,39|52,7|93,10|48,95|79,53|89,52|89,60|53,76|10,96|12,93|76,78|89,12|60,31|58,49|2,58|7,57/89,9=89,52,7,57,9
45,15|59,67|99,75|47,82|75,72|99,59|99,47|72,88|10,68|58,14|22,29|60,57|68,60|29,45|88,37|67,58|99,10|12,81|82,12|99,22/99,37=99,75,72,88,37
31,30|82,68|68,72|94,15|78,17|36,43|15,31|52,78|49,21|52,88|43,41|80,36|27,49|52,80|52,94|17,58|58,46|88,27|72,67|52,82/52,67=52,82,68,72,67
27,98|48,96|67,15|59,94|76,20|59,67|98,50|59,48|53,27|59,53|47,87|59,25|95,91|91,75|15,47|20,61|94,95|96,36|36,70|25,76/59,70=59,48,96,36,70
46,94|98,4|12,39|87,36|26,5|18,62|94,98|0,18|46,85|97,99|62,49|46,33|99,44|5,12|56,87|46,26|4,57|85,97|46,0|33,56/46,39=46,26,5,12,39
30,63|48,54|92,62|8,38|71,85|48,92|48,23|62,71|5,0|64,88|54,8|0,2|87,5|48,87|48,30|63,64|23,97|38,43|47,75|97,47/48,88=48,30,63,64,88
10,55|45,1|96,40|59,10|97,45|7,62|1,52|6,59|62,24|55,75|84,77|91,96|30,7|93,48|40,68|48,84|6,91|6,30|6,97|6,93/6,52=6,97,45,1,52
90,55|69,26|53,90|27,40|43,57|43,27|89,28|28,69|33,2|40,85|87,99|57,53|70,87|43,70|99,30|41,19|85,78|2,41|43,89|43,33/43,55=43,57,53,90,55
11,44|32,72|36,69|13,99|69,13|90,76|12,56|99,46|21,73|44,90|15,32|56,21|36,11|36,75|36,12|36,15|72,77|1,89|75,51|51,1/36,73=36,12,56,21,73
53,69|31,92|44,87|84,76|92,53|36,17|36,74|36,31|74,43|43,99|36,44|28,14|30,7|87,84|7,6|36,63|25,28|99,40|17,30|63,25/36,69=36,31,92,53,69
90,63|15,34|69,44|17,90|92,18|64,69|0,72|48,84|34,0|93,59|26,93|92,48|92,15|6,17|18,64|92,6|92,26|59,62|84,31|31,28/92,28=92,48,84,31,28
14,54|79,88|0,37|88,89|37,22|35,36|54,10|82,0|65,25|25,8|89,30|36,19|75,79|75,82|75,29|10,55|75,35|75,14|29,65|19,46/75,22=75,82,0,37,22
48,50|34,43|50,80|4,73|53,39|14,89|16,4|8,34|31,48|16,31|16,93|47,68|89,25|93,14|2,87|68,2|16,1|73,53|1,8|16,47/16,25=16,93,14,89,25
1,5|55,59|15,34|38,57|7,12|57,82|79,29|38,15|98,97|80,21|47,61|38,1|97,55|38,47|82,28|5,79|28,50|34,80|38,98|61,7/38,29=38,1,5,79,29
80,7|9,49|87,32|69,92|9,0|0,64|59,55|92,87|26,63|49,35|9,41|41,4|58,61|4,80|35,58|9,69|97,22|64,26|9,97|22,59/9,63=9,0,64,26,63
51,43|98,74|44,55|64,15|99,17|64,41|27,90|78,19|90,57|31,79|64,78|93,51|43,70|26,31|64,93|15,27|55,98|19,99|64,44|41,26/64,70=64,93,51,43,70
59,61|59,13|61,24|89,16|7,19|4,28|70,11|84,30|59,85|85,89|58,48|13,7|24,4|47,70|19,36|11,72|59,58|16,83|59,47|48,84/59,72=59,47,70,11,72
69,46|43,28|27,56|48,36|87,60|60,74|87,61|49,25|87,27|71,43|56,49|74,59|85,73|59,29|87,48|28,37|87,71|61,6|6,69|36,85/87,46=87,61,6,69,46
6,64|72,45|55,18|40,77|45,56|10,55|98,40|56,32|72,88|88,61|39,12|32,3|64,31|72,69|31,94|77,52|72,6|69,10|61,39|72,98/72,18=72,69,10,55,18
63,3|13,58|79,13|25,18|18,17|86,79|50,88|11,48|48,69|86,45|58,5|44,63|86,24|45,44|24,11|86,68|86,25|17,52|68,50|88,36/86,36=86,68,50,88,36
72,69|69,57|96,77|78,39|96,68|43,67|96,49|49,78|67,93|39,14|48,15|96,43|96,72|57,46|68,48|15,31|33,73|73,10|93,3|77,33/96,10=96,77,33,73,10
72,17|59,4|59,72|4,2|58,20|29,26|48,39|59,38|59,74|17,48|2,95|20,21|38,58|15,3|56,29|59,62|1,15|74,56|62,1|95,65/59,21=59,38,58,20,21
55,33|39,54|33,13|76,91|54,53|83,65|81,3|14,81|3,84|87,20|53,62|13,47|76,39|76,14|76,83|20,90|65,2|76,55|91,87|2,71/76,62=76,39,54,53,62
90,55|48,38|39,17|55,29|39,58|42,3|39,90|75,28|32,45|29,68|39,83|54,32|3,69|39,42|83,48|38,60|69,22|58,75|28,7|17,54/39,68=39,90,55,29,68
75,44|98,71|31,46|26,57|49,82|26,17|10,49|82,40|90,56|29,61|78,41|17,87|57,90|26,10|26,78|56,33|46,29|26,31|87,98|41,75/26,71=26,17,87,98,71
57,94|90,33|3,49|30,73|57,7|56,50|7,90|55,20|54,81|33,13|36,56|99,54|50,87|86,30|57,36|81,35|57,99|57,3|94,86|49,55/57,87=57,36,56,50,87
58,40|99,10|72,90|15,60|99,82|75,58|82,42|99,77|2,72|89,49|77,31|39,36|99,39|29,96|20,75|36,89|99,20|10,2|42,15|31,29/99,60=99,82,42,15,60
91,95|90,26|48,66|91,13|26,64|15,28|36,14|95,51|76,58|5,48|13,15|58,36|91,45|51,22|45,90|91,52|28,8|91,76|22,41|52,5/91,64=91,45,90,26,64
5,36|31,76|74,50|91,5|17,94|17,37|18,77|68,93|2,92|94,91|76,18|93,43|17,2|29,90|17,31|37,68|17,74|92,29|50,41|41,78/17,43=17,37,68,93,43
49,32|16,1|98,56|55,89|55,49|4,27|60,16|55,68|8,98|89,66|95,59|56,3|69,4|68,60|55,8|26,91|27,86|66,26|32,95|55,69/55,86=55,69,4,27,86
67,37|71,44|66,39|62,61|38,73|54,69|71,5|11,22|47,66|44,47|70,38|5,11|68,77|71,62|7,70|71,7|61,68|22,59|37,54|71,67/71,59=71,5,11,22,59
75,39|36,96|36,11|36,72|11,35|58,32|96,17|17,58|36,74|60,93|6,95|84,45|45,75|5,69|93,0|74,60|35,6|72,5|69,47|36,84/36,0=36,74,60,93,0
64,25|64,10|29,63|16,65|10,44|45,24|95,20|44,61|25,76|60,1|80,75|63,6|20,60|61,28|64,80|76,45|75,16|64,95|64,29|6,3/64,24=64,25,76,45,24
30,6|43,51|51,30|13,86|27,90|90,53|27,7|60,57|64,13|27,56|61,41|27,43|49,12|27,61|56,64|41,40|53,49|7,60|40,46|57,52/27,12=27,90,53,49,12
84,92|39,84|44,87|82,76|8,83|76,17|67,70|74,54|92,56|44,36|63,8|83,86|44,39|5,67|54,46|44,88|88,82|44,63|36,74|87,5/44,86=44,63,8,83,86
45,30|57,73|4,56|6,74|44,6|46,98|93,44|39,37|39,93|40,45|13,7|63,57|39,4|39,46|56,91|37,40|60,63|98,13|91,95|39,60/39,74=39,93,44,6,74
17,35|62,77|62,72|53,34|0,90|77,96|96,46|11,0|35,2|62,39|62,13|30,17|46,6|13,11|62,30|84,79|39,53|71,84|72,71|34,25/62,90=62,13,11,0,90
14,80|1,32|94,38|39,90|16,54|75,16|32,14|75,15|20,10|18,20|33,76|10,96|57,11|75,1|75,18|75,33|54,39|15,57|76,94|11,30/75,80=75,1,32,14,80
43,64|95,38|30,95|7,99|47,48|43,4|31,47|43,42|64,39|39,19|60,59|38,55|42,57|4,45|57,60|19,73|45,7|48,81|43,31|43,30/43,73=43,64,39,19,73
32,15|97,9|87,65|50,55|36,32|36,54|29,4|65,90|10,88|36,50|93,80|48,93|36,87|88,97|36,10|54,48|95,64|90,76|15,95|55,29/36,64=36,32,15,95,64
62,93|0,2|37,23|67,8|1,77|37,44|2,1|42,78|31,62|37,67|37,0|37,60|86,33|23,30|66,11|60,31|8,86|44,66|30,42|11,39/37,33=37,67,8,86,33
5,19|33,39|71,22|38,12|65,36|21,60|60,23|21,65|19,92|75,89|21,53|59,38|23,75|36,71|53,5|39,51|21,95|95,59|51,78|21,33/21,78=21,33,39,51,78
45,66|80,81|40,45|79,61|31,60|13,40|43,57|61,36|55,80|12,31|13,20|13,44|57,84|84,68|13,79|20,12|66,88|13,43|36,18|44,55/13,81=13,44,55,80,81
74,39|41,60|60,88|83,82|23,94|55,10|22,48|48,73|92,40|94,92|45,83|39,55|41,22|82,19|41,23|88,57|73,47|41,74|57,84|41,45/41,10=41,74,39,55,10
55,83|45,55|80,45|49,71|72,82|80,56|64,32|17,72|80,17|56,5|63,94|80,49|82,58|71,60|80,78|78,68|68,63|83,87|60,51|5,64/80,94=80,78,68,63,94
20,74|40,43|51,13|72,37|13,6|43,20|68,29|49,32|40,83|66,30|40,68|24,22|29,49|40,66|30,24|74,63|16,51|83,72|37,19|40,16/40,6=40,16,51,13,6
49,22|9,43|0,25|93,65|6,23|19,68|49,8|8,5|21,9|56,6|11,19|10,56|22,21|49,11|49,10|5,93|49,1|1,40|68,81|40,0/49,81=49,11,19,68,81
68,22|17,78|1,31|90,50|18,74|17,10|35,90|78,34|92,68|64,92|9,73|17,64|53,24|50,66|73,18|17,9|34,53|10,60|60,1|17,35/17,66=17,35,90,50,66
9,73|26,94|51,3|99,50|26,34|38,77|71,0|11,49|74,99|34,74|26,51|86,76|0,11|3,38|26,86|94,9|73,44|26,71|76,83|83,33/26,44=26,94,9,73,44
51,20|41,82|92,50|51,79|5,35|68,16|61,68|53,48|28,98|82,53|51,41|20,61|52,92|51,28|51,52|66,5|50,80|98,23|23,30|79,66/51,48=51,41,82,53,48
36,20|28,76|14,75|75,0|76,33|33,67|55,28|55,39|55,52|12,36|83,23|39,83|70,48|55,49|52,77|49,12|55,14|77,70|0,61|23,13/55,13=55,39,83,23,13
7,33|10,49|32,91|95,45|24,62|45,32|49,27|31,14|95,10|73,36|65,0|95,1|1,24|95,73|95,31|14,65|27,94|91,51|36,7|62,56/95,51=95,45,32,91,51
66,98|3,83|95,70|16,46|3,16|33,66|65,39|43,60|46,95|39,58|14,33|3,14|41,43|58,29|48,27|3,22|83,48|22,41|3,65|27,76/3,98=3,14,33,66,98
95,84|22,12|23,29|81,82|68,87|95,81|66,23|95,34|73,61|92,68|95,49|29,65|95,66|34,80|49,88|82,73|80,22|84,92|88,27|27,76/95,76=95,49,88,27,76
73,15|79,52|21,45|28,48|66,37|30,0|39,36|9,58|41,21|4,28|52,73|39,79|37,67|39,91|36,66|39,9|91,41|58,30|48,56|39,4/39,67=39,36,66,37,67
81,93|83,68|60,98|83,5|65,2|5,81|68,67|2,77|83,38|50,48|93,44|48,80|40,28|46,60|83,43|67,40|43,46|83,65|77,0|38,50/83,98=83,43,46,60,98
47,55|43,27|12,75|80,53|47,89|75,9|47,80|55,12|10,38|47,79|19,60|79,83|89,43|27,63|20,57|3,92|83,20|53,3|47,10|38,19/47,57=47,79,83,20,57
32,79|24,14|87,80|84,81|79,49|3,98|71,78|17,32|17,3|91,71|68,87|34,75|98,24|17,90|81,34|17,84|42,91|17,42|49,36|90,68/17,80=17,90,68,87,80
27,47|33,36|84,27|10,61|57,33|69,67|40,69|26,10|40,43|40,18|67,81|81,95|40,22|22,26|30,37|18,57|43,20|20,30|79,84|40,79/40,61=40,22,26,10,61
48,30|12,98|48,11|35,6|33,49|55,16|30,35|48,55|48,79|49,39|98,41|45,33|29,14|14,65|79,29|69,13|6,74|16,69|48,45|11,12/48,41=48,11,12,98,41
83,33|30,3|76,74|66,6|78,45|60,89|3,60|2,78|6,63|74,83|34,15|63,28|30,76|89,38|88,34|82,88|30,18|30,66|18,2|30,82/30,15=30,82,88,34,15
93,52|84,80|80,32|97,93|6,79|26,9|52,83|54,22|79,65|44,49|9,57|6,26|31,72|6,84|6,97|57,38|6,31|65,54|72,44|32,28/6,28=6,84,80,32,28
71,14|48,71|8,84|88,79|3,13|8,3|42,91|46,94|38,0|8,46|54,61|13,38|8,83|97,42|8,88|95,72|84,48|94,95|83,97|79,54/8,61=8,88,79,54,61
31,74|50,3|7,59|44,2|50,12|52,6|12,44|59,64|63,32|85,30|50,31|64,23|60,63|2,62|99,52|50,7|74,85|3,60|50,99|6,41/50,23=50,7,59,64,23
34,65|87,53|84,13|27,84|3,21|62,34|51,14|14,1|65,10|3,27|3,87|3,45|13,81|21,51|97,40|53,86|86,30|3,62|40,2|45,97/3,30=3,87,53,86,30
67,49|87,67|30,18|83,82|27,95|94,88|33,27|87,40|31,94|98,46|87,30|87,33|18,83|65,58|49,98|58,29|95,56|87,4|4,65|40,31/87,29=87,4,65,58,29
32,12|97,13|94,5|37,81|28,8|58,94|5,67|43,63|8,97|64,83|63,32|84,43|84,11|84,20|81,70|20,64|84,28|84,58|83,6|11,37/84,6=84,20,64,83,6
84,74|7,0|41,7|39,52|52,65|48,89|72,1|88,13|0,51|65,47|71,28|2,88|28,64|71,39|71,48|64,72|13,67|71,2|89,84|71,41/71,47=71,39,52,65,47
22,57|48,61|37,22|29,93|79,80|79,37|57,38|79,52|11,96|93,45|61,46|94,29|52,72|79,11|72,44|44,63|80,48|96,30|79,94|30,12/79,12=79,11,96,30,12
32,19|12,64|23,98|25,58|30,5|10,44|21,30|86,12|58,89|18,21|89,32|33,10|25,55|25,23|25,33|34,2|25,18|55,86|44,9|98,34/25,2=25,23,98,34,2
38,43|66,56|38,83|83,57|57,35|56,9|81,48|12,46|38,58|58,12|43,82|38,0|82,81|38,66|35,60|15,11|0,70|70,15|9,6|46,87/38,87=38,58,12,46,87
2,10|37,2|81,59|78,32|0,95|44,4|45,35|88,45|88,0|88,37|95,87|88,81|88,67|10,56|5,24|67,5|59,44|35,78|87,55|24,23/88,56=88,37,2,10,56
76,55|37,3|23,15|43,2|41,44|30,23|3,50|76,30|76,41|44,48|55,49|50,32|20,94|48,10|76,97|49,43|76,37|94,26|15,78|97,20/76,2=76,55,49,43,2
55,82|24,80|82,40|70,93|1,35|9,75|35,85|70,55|22,19|93,1|31,38|70,47|80,31|70,10|19,92|46,9|40,12|47,46|70,24|10,22/70,75=70,47,46,9,75
22,33|36,80|69,84|22,34|39,9|30,39|65,23|10,29|86,38|22,10|23,79|9,83|80,69|29,98|38,58|33,86|34,65|98,37|22,30|22,36/22,83=22,30,39,9,83
85,58|84,42|90,19|52,90|12,32|79,13|32,37|84,94|84,72|71,35|17,52|84,17|58,73|80,71|94,12|42,79|2,80|13,51|84,2|72,85/84,37=84,94,12,32,37
98,17|82,1|33,63|24,33|1,99|86,10|66,98|39,2|15,18|24,15|17,83|18,13|24,86|63,39|19,82|24,66|24,19|74,9|13,51|10,74/24,9=24,86,10,74,9
37,23|69,80|6,78|80,44|30,17|37,19|23,30|99,95|37,94|19,50|37,69|17,70|21,38|37,13|50,99|94,6|38,71|78,53|13,21|44,58/37,71=37,13,21,38,71
66,84|5,86|50,53|22,5|32,20|29,52|4,69|64,33|22,30|30,92|22,93|84,50|52,8|86,64|92,4|93,63|22,66|8,61|22,29|63,32/22,33=22,5,86,64,33
41,36|55,30|72,11|41,94|30,20|24,44|74,89|41,66|41,33|94,55|6,74|11,92|92,65|17,24|83,4|33,17|41,72|4,37|36,83|66,6/41,44=41,33,17,24,44
22,24|51,47|40,54|5,88|84,97|54,16|38,18|24,82|84,98|93,75|18,5|62,40|84,68|98,22|68,71|84,38|97,44|71,93|44,51|84,62/84,16=84,62,40,54,16
21,18|1,56|71,24|74,72|62,74|41,8|62,27|72,1|27,71|76,10|57,0|0,38|62,21|79,57|50,30|62,79|18,41|10,50|24,90|62,76/62,30=62,76,10,50,30
43,57|73,7|59,98|5,43|98,2|68,4|79,27|79,22|79,17|38,89|89,0|79,87|22,44|87,38|24,5|79,24|17,59|44,73|4,12|27,68/79,12=79,27,68,4,12
52,92|52,5|50,73|20,50|24,76|52,85|69,20|52,51|85,29|92,3|38,89|78,38|76,2|5,24|52,69|3,77|29,90|51,78|90,94|77,10/52,89=52,51,78,38,89
16,45|80,29|67,82|73,2|95,90|3,62|83,65|81,19|29,39|67,95|86,80|2,83|19,35|67,73|67,86|90,3|40,60|67,40|82,81|60,16/67,35=67,82,81,19,35
20,95|47,52|46,6|63,21|16,36|68,67|47,30|36,0|30,20|97,73|55,44|67,55|73,63|52,5|47,97|5,46|95,27|0,85|47,16|47,68/47,85=47,16,36,0,85
24,88|98,49|71,22|13,7|13,98|73,65|22,95|85,2|25,6|29,94|13,89|89,85|13,29|36,18|13,36|2,23|18,24|7,71|94,25|49,73/13,6=13,29,94,25,6
93,54|11,8|47,86|93,75|51,95|28,77|53,63|8,51|75,28|93,47|54,29|86,5|5,96|77,9|29,53|50,1|93,11|93,24|24,50|1,3/93,63=93,54,29,53,63
77,30|41,48|9,7|4,92|22,61|67,85|4,53|4,41|17,69|4,22|48,9|73,77|53,17|4,73|61,67|69,64|92,46|30,25|46,38|38,60/4,64=4,53,17,69,64
62,99|62,48|78,52|79,78|48,35|62,44|83,96|36,83|71,39|8,88|44,18|35,71|99,79|62,8|97,6|18,97|95,16|88,95|62,36|96,59/62,6=62,44,18,97,6
36,2|80,9|45,64|53,69|59,89|27,55|69,45|59,36|49,98|55,8|59,49|99,5|35,27|98,80|66,28|59,53|97,66|89,97|2,99|59,35/59,9=59,49,98,80,9
54,42|27,66|71,22|74,92|50,91|94,33|22,74|91,84|33,50|60,27|63,52|94,71|94,40|42,5|5,65|94,44|86,63|40,86|94,54|44,60/94,84=94,33,50,91,84
90,35|63,55|46,89|78,90|12,63|21,88|54,45|35,57|45,46|69,21|89,84|54,19|38,69|73,99|54,83|54,38|19,12|83,33|54,78|33,73/54,84=54,45,46,89,84
31,28|74,99|96,59|86,92|76,88|76,74|88,45|84,86|76,79|99,96|76,48|79,42|36,84|76,36|3,31|81,51|78,67|42,81|45,78|48,3/76,59=76,74,99,96,59
53,31|58,91|23,98|38,67|15,86|10,63|45,49|42,53|38,44|44,42|30,58|49,23|38,75|5,15|38,61|63,26|61,10|38,45|75,30|67,5/38,98=38,45,49,23,98
97,31|78,81|89,60|42,79|28,78|42,86|59,97|86,59|43,13|42,50|44,43|79,89|50,44|42,58|72,9|36,34|58,28|60,62|42,36|34,72/42,81=42,58,28,78,81
45,16|96,17|9,28|64,25|40,81|40,9|40,96|28,31|40,47|17,26|37,41|62,37|31,74|25,66|16,15|81,62|26,94|47,45|66,46|40,64/40,94=40,96,17,26,94
40,53|30,7|2,40|99,44|52,12|87,86|79,73|73,95|29,2|38,92|52,29|12,79|20,30|86,58|52,38|70,20|42,87|52,42|92,99|52,70/52,44=52,38,92,99,44
75,92|80,22|41,18|33,9|48,80|18,5|64,56|9,74|75,64|56,46|92,70|99,48|70,35|75,99|46,66|47,33|76,41|35,63|75,47|75,76/75,66=75,64,56,46,66
40,57|99,21|81,55|98,76|99,2|2,26|57,62|99,28|55,98|21,40|33,78|28,33|12,20|78,30|47,61|61,43|99,81|43,56|26,12|99,47/99,20=99,2,26,12,20
21,1|53,32|19,94|18,10|79,57|1,95|69,53|9,72|19,79|91,59|95,63|19,21|19,36|57,91|72,20|36,52|94,9|32,50|19,69|52,18/19,10=19,36,52,18,10
17,34|62,77|62,72|53,46|0,90|77,96|96,35|11,0|34,25|62,39|62,13|30,17|35,2|13,11|62,30|84,79|39,53|71,84|72,71|46,6/62,90=62,13,11,0,90
2,87|15,82|76,18|87,54|2,98|2,76|1,9|90,66|54,90|99,65|18,88|2,32|82,0|9,25|70,60|2,70|60,99|98,1|88,23|32,15/2,25=2,98,1,9,25
44,82|23,85|14,36|23,4|84,75|85,37|32,60|50,49|23,44|12,72|4,47|47,32|37,12|23,84|23,25|46,20|9,14|25,9|82,50|75,46/23,36=23,25,9,14,36
99,35|62,26|18,81|21,72|18,20|87,58|81,66|35,55|66,31|31,42|20,23|18,95|95,99|23,87|18,78|52,21|26,17|18,62|78,52|17,67/18,72=18,78,52,21,72
61,72|61,80|61,47|65,83|28,48|12,21|50,28|2,37|92,76|84,65|61,84|23,2|47,50|96,12|17,92|61,17|72,96|76,53|83,55|80,23/61,53=61,17,92,76,53
91,46|60,67|6,94|20,96|93,34|89,43|99,90|90,64|64,59|4,23|86,93|99,60|99,91|99,18|18,86|67,6|96,4|46,89|59,28|99,20/99,34=99,18,86,93,34
63,93|79,38|52,10|37,63|58,33|10,77|33,79|46,89|64,44|52,46|52,37|93,75|1,78|52,5|47,92|5,30|52,58|89,64|30,47|77,1/52,75=52,37,63,93,75
81,37|16,56|60,36|9,99|5,16|33,74|13,81|60,5|93,68|56,46|99,93|42,67|3,15|60,9|35,42|15,33|60,69|36,35|60,3|69,13/60,67=60,36,35,42,67
44,60|25,18|33,81|78,62|71,94|33,84|86,66|33,50|33,15|55,64|15,78|81,55|62,45|50,47|64,42|18,44|3,86|47,71|33,25|84,3/33,42=33,81,55,64,42
76,85|74,69|0,47|11,0|15,11|93,74|98,24|77,21|70,99|21,93|24,78|85,48|77,70|77,98|77,76|48,5|99,68|77,15|78,45|68,63/77,47=77,15,11,0,47
21,46|46,94|85,29|44,21|15,69|93,34|95,4|51,15|85,36|35,51|34,23|4,91|12,93|85,12|29,95|85,44|85,35|36,22|22,88|88,38/85,94=85,44,21,46,94
14,72|81,59|25,18|6,42|63,7|59,78|63,6|72,23|43,73|42,43|7,80|53,10|78,60|26,53|80,25|63,14|63,81|23,89|31,26|63,31/63,89=63,14,72,23,89
27,67|29,11|67,19|74,76|20,70|15,37|61,75|19,15|34,64|3,74|53,3|70,34|27,61|27,20|11,39|27,53|27,14|75,65|14,29|65,52/27,64=27,20,70,34,64
5,35|73,97|73,13|58,46|88,2|80,77|28,80|46,42|73,88|35,62|4,91|13,5|73,58|2,95|42,44|97,28|95,86|56,16|73,4|91,56/73,62=73,13,5,35,62
33,59|64,99|35,46|54,33|92,4|68,32|54,29|96,92|22,11|4,34|54,64|59,35|6,8|32,52|29,6|54,49|54,96|49,68|8,87|99,22/54,87=54,29,6,8,87
92,0|88,38|15,99|11,10|94,60|11,94|46,87|14,36|99,80|95,25|13,14|11,70|11,5|70,95|60,46|25,66|10,13|5,15|11,92|0,88/11,66=11,70,95,25,66
35,86|81,46|61,5|49,62|81,4|77,29|80,33|99,70|50,80|81,49|62,35|81,61|46,99|40,3|6,50|3,95|5,77|81,6|4,40|70,27/81,27=81,46,99,70,27
97,30|40,93|13,96|87,25|73,50|52,32|13,60|96,87|13,40|13,73|93,97|13,64|7,0|32,37|25,18|64,75|75,66|50,7|66,44|60,52/13,37=13,60,52,32,37
68,7|99,89|18,4|86,56|41,20|53,21|7,9|53,18|21,68|4,75|76,41|45,22|22,99|53,45|56,1|53,50|75,93|53,72|72,76|50,86/53,93=53,18,4,75,93
47,74|52,56|94,79|76,24|15,92|92,94|0,32|47,52|43,19|47,17|32,5|5,46|17,76|24,67|56,21|47,15|47,0|19,7|21,16|74,43/47,79=47,15,92,94,79
43,39|81,82|48,50|39,34|43,4|98,6|75,98|43,81|43,71|8,48|49,8|25,28|34,44|28,84|43,49|82,74|44,17|74,67|4,25|71,75/43,50=43,49,8,48,50
70,56|98,69|83,19|53,94|21,54|56,30|19,34|47,91|85,98|47,21|47,23|65,87|23,83|54,51|51,76|47,53|91,85|94,65|47,70|30,39/47,76=47,21,54,51,76
11,66|65,38|52,25|38,49|82,6|82,52|25,80|86,16|82,55|82,45|66,86|6,74|82,11|55,46|56,9|51,81|46,51|80,98|45,65|74,56/82,16=82,11,66,86,16
20,60|19,95|67,35|32,2|10,34|2,31|60,67|3,73|57,74|10,32|10,20|34,79|31,9|95,3|10,19|79,61|10,33|33,57|61,46|74,40/10,9=10,32,2,31,9
55,60|45,55|80,45|49,71|72,83|80,56|64,32|17,72|80,17|56,5|63,94|80,49|83,87|71,82|80,78|78,68|68,63|60,51|82,58|5,64/80,94=80,78,68,63,94
76,9|86,94|17,15|35,17|24,36|80,61|43,79|36,66|76,16|76,87|46,53|87,59|59,43|9,24|94,80|16,35|76,42|76,86|53,29|42,46/76,66=76,9,24,36,66
17,18|82,30|32,5|36,87|36,49|41,59|60,32|33,17|49,60|85,93|36,46|87,33|36,71|3,41|86,82|46,3|93,44|36,51|71,86|51,85/36,59=36,46,3,41,59
36,0|44,32|16,57|58,66|16,54|16,36|42,84|57,93|79,26|47,25|21,79|52,58|0,42|54,52|16,13|35,47|16,35|13,21|25,48|93,44/16,84=16,36,0,42,84
84,8|34,66|83,24|12,65|19,21|38,58|20,40|8,38|10,19|66,39|54,10|17,34|20,86|24,31|20,54|20,17|20,84|86,12|65,99|40,83/20,99=20,86,12,65,99
17,25|54,16|3,33|93,87|43,2|87,89|75,41|17,48|34,24|25,93|17,47|48,3|47,76|76,43|17,54|33,12|36,1|17,75|41,36|16,34/17,1=17,75,41,36,1
99,13|81,91|13,39|70,99|25,38|45,43|3,22|45,61|87,25|83,96|43,76|79,87|45,3|66,20|22,81|45,79|45,70|61,66|76,83|20,64/45,96=45,43,76,83,96
78,55|66,67|75,78|98,33|47,13|6,57|47,82|53,41|33,12|41,43|82,75|13,98|47,37|43,85|37,20|47,53|47,77|77,6|20,66|57,10/47,10=47,77,6,57,10
67,31|74,67|91,17|98,93|93,13|71,33|14,59|96,28|76,73|74,96|13,34|31,71|74,98|74,76|73,86|66,92|92,91|86,45|28,14|74,66/74,59=74,96,28,14,59
27,16|52,96|95,73|74,8|16,13|27,52|27,14|58,86|27,75|27,95|86,37|73,94|94,7|99,57|96,74|14,6|35,64|13,35|75,58|6,99/27,64=27,16,13,35,64
51,37|37,92|42,93|83,78|43,90|59,38|7,53|16,94|83,51|19,48|92,69|78,59|93,43|97,81|53,16|83,19|48,97|38,80|83,42|83,7/83,69=83,51,37,92,69
52,44|10,26|46,3|71,66|2,84|2,46|2,5|44,10|2,58|2,52|69,8|5,22|89,12|58,71|84,80|66,99|80,89|22,69|3,93|93,59/2,26=2,52,44,10,26
68,98|56,84|24,80|61,83|55,76|87,16|76,9|55,24|16,79|51,23|9,51|37,61|40,68|79,28|55,87|33,37|80,56|98,94|55,33|55,40/55,94=55,40,68,98,94
21,63|59,89|93,37|15,14|66,51|38,31|66,34|94,99|31,41|99,59|37,1|51,93|66,94|82,15|41,69|34,82|63,9|9,81|66,21|66,38/66,89=66,94,99,59,89
55,89|17,34|24,31|9,14|18,9|89,65|65,8|78,24|34,86|64,88|64,18|64,45|46,17|64,46|71,80|88,78|11,71|45,11|14,52|64,55/64,86=64,46,17,34,86
24,47|52,45|62,64|63,99|49,74|32,20|62,67|68,63|67,66|62,68|66,49|30,65|65,52|20,24|99,43|64,21|62,30|21,29|29,98|62,32/62,98=62,64,21,29,98
86,1|31,24|1,45|82,94|49,91|16,55|55,86|91,70|16,49|16,51|94,89|16,31|78,82|51,33|97,15|33,64|24,97|16,78|70,39|64,80/16,15=16,31,24,97,15
64,0|75,39|43,50|0,93|12,4|64,19|93,32|16,82|4,16|90,61|32,62|64,12|64,75|71,29|37,90|19,37|64,43|50,24|24,88|39,71/64,61=64,19,37,90,61
42,59|38,50|0,24|36,8|62,77|85,15|65,20|50,65|77,39|42,62|42,38|24,2|8,85|73,72|59,73|42,36|72,84|42,55|39,46|55,0/42,46=42,62,77,39,46
33,47|2,76|37,1|33,97|81,52|33,19|67,42|20,2|19,5|10,81|72,37|60,10|97,67|5,40|42,73|40,68|33,72|1,9|47,20|33,60/33,52=33,60,10,81,52
53,54|0,59|97,73|42,92|38,41|38,39|66,42|38,60|12,90|74,30|99,13|30,99|38,53|54,97|38,74|59,94|90,86|39,0|60,12|41,66/38,94=38,39,0,59,94
15,27|97,37|56,63|88,60|6,96|63,85|84,56|2,36|26,2|60,28|88,15|27,66|88,6|88,84|88,26|28,76|96,97|76,7|36,69|66,9/88,7=88,60,28,76,7
37,41|37,17|99,94|58,27|41,58|86,99|55,67|76,35|67,12|0,86|35,36|37,55|27,73|17,76|89,30|78,89|83,78|12,31|37,83|37,0/37,30=37,83,78,89,30
65,14|37,49|14,90|23,18|90,74|93,60|45,51|62,6|93,62|82,69|76,19|93,82|53,97|29,45|6,53|93,76|19,37|93,65|69,23|60,29/93,97=93,62,6,53,97
50,21|81,38|29,12|18,29|73,49|49,56|95,24|95,35|66,18|28,98|95,66|95,41|24,93|14,77|38,50|35,73|98,27|95,81|41,28|93,14/95,21=95,81,38,50,21
35,9|89,3|62,20|35,98|64,52|92,80|3,94|20,58|66,22|35,64|58,74|35,16|9,11|16,92|77,79|80,26|35,62|52,77|11,66|98,89/35,79=35,64,52,77,79
43,63|10,58|14,11|95,92|40,5|10,40|5,38|84,95|38,18|92,29|10,21|63,31|58,14|53,28|28,52|10,84|37,53|21,43|10,37|11,59/10,59=10,58,14,11,59
1,95|39,62|60,76|49,52|6,18|87,49|17,23|1,60|66,34|67,4|52,90|95,32|76,44|34,39|1,17|32,67|1,87|44,75|23,6|1,66/1,75=1,60,76,44,75
34,76|46,75|0,68|34,5|11,56|77,98|26,11|33,69|34,77|6,71|98,18|76,30|5,26|57,46|69,6|34,60|30,0|34,33|18,31|60,57/34,31=34,77,98,18,31
17,19|8,38|39,81|39,74|39,69|39,36|81,44|39,5|23,52|5,82|44,17|69,43|25,15|82,65|43,8|65,94|15,13|36,59|59,23|74,25/39,94=39,5,82,65,94
64,7|50,53|58,35|88,33|31,50|41,26|57,14|33,64|57,88|14,22|26,93|57,41|57,56|93,76|82,58|35,45|22,49|56,31|49,34|57,82/57,53=57,56,31,50,53
48,94|32,11|19,63|73,22|22,0|6,44|98,58|11,98|32,48|47,5|58,86|76,49|32,2|49,6|94,19|0,66|24,47|32,76|2,24|32,73/32,5=32,2,24,47,5
8,77|80,4|55,6|90,10|78,8|4,51|28,78|92,80|22,84|76,22|59,96|28,76|84,98|96,81|10,55|77,60|50,59|28,50|28,90|28,92/28,60=28,78,8,77,60
45,82|71,96|57,80|77,59|79,24|31,57|77,60|96,62|77,34|60,41|34,45|62,6|41,68|59,8|68,54|77,35|35,31|8,79|77,71|82,0/77,24=77,59,8,79,24
16,45|80,83|67,82|73,2|95,90|29,39|3,62|81,19|83,65|67,95|86,80|2,3|19,35|67,73|67,86|90,29|40,60|67,40|82,81|60,16/67,35=67,82,81,19,35
75,99|96,54|68,39|33,11|52,75|52,25|52,27|20,91|52,58|76,33|99,20|34,63|58,34|63,23|25,76|62,28|28,68|54,60|52,62|27,96/52,39=52,62,28,68,39
41,47|48,80|24,41|80,34|45,64|46,88|34,65|19,43|98,37|7,98|7,72|72,24|81,69|7,48|29,74|69,45|37,46|74,19|7,81|7,29/7,88=7,98,37,46,88
98,88|97,81|10,57|85,70|88,28|38,1|85,93|79,10|1,91|85,82|93,44|70,97|29,58|85,79|82,38|85,98|57,25|44,29|28,74|81,94/85,74=85,98,88,28,74
10,27|81,77|31,24|71,55|16,81|99,72|27,99|69,86|86,45|16,10|45,26|37,19|80,31|77,37|18,71|5,80|16,69|2,18|16,2|16,5/16,55=16,2,18,71,55
97,8|59,72|63,12|79,99|94,52|15,70|74,11|70,40|52,63|15,13|15,0|29,74|40,79|72,90|13,59|15,24|15,94|8,91|24,97|0,29/15,11=15,0,29,74,11
8,75|75,41|19,8|83,5|5,98|19,83|19,90|19,82|98,55|67,57|32,33|82,0|90,39|39,67|41,44|33,46|34,85|46,48|19,32|0,34/19,44=19,8,75,41,44
1,64|29,24|59,66|88,51|24,88|29,54|21,22|22,20|53,97|54,59|29,93|66,47|29,63|29,1|55,43|51,98|63,53|64,55|97,0|93,21/29,98=29,24,88,51,98
35,22|64,55|86,95|38,54|62,12|11,16|76,86|61,67|55,38|99,62|11,53|53,76|16,61|11,31|11,64|11,99|12,77|31,35|22,26|67,41/11,95=11,53,76,86,95
29,24|16,48|34,31|36,2|56,23|24,4|23,16|19,87|2,95|36,56|71,12|62,64|64,71|68,34|36,29|36,68|4,13|95,19|36,62|31,25/36,87=36,2,95,19,87
46,80|86,28|40,52|85,33|49,55|10,86|46,10|46,51|57,56|28,11|55,8|8,3|46,49|59,40|32,29|51,59|80,50|50,57|46,32|29,85/46,56=46,80,50,57,56
75,72|50,20|79,4|94,26|4,98|98,56|31,94|20,2|27,61|79,31|79,1|56,90|79,85|79,39|26,74|85,29|72,19|29,27|39,75|1,50/79,61=79,85,29,27,61
77,3|54,44|21,76|87,94|81,67|21,77|76,4|4,15|84,1|75,30|72,81|21,69|21,75|3,87|73,72|44,13|30,84|21,73|15,89|69,54/21,13=21,69,54,44,13
83,43|11,23|20,89|7,14|89,83|75,96|65,45|7,20|41,97|7,85|45,24|21,58|85,82|14,13|82,21|7,35|35,65|13,41|7,75|96,11/7,24=7,35,65,45,24
51,40|29,32|82,11|29,25|8,75|49,8|75,47|71,67|29,51|93,12|67,30|29,49|40,93|97,60|30,37|21,82|25,21|29,71|52,97|32,52/29,37=29,71,67,30,37
4,35|36,56|6,79|53,49|56,0|2,47|60,54|95,7|53,83|53,6|7,68|33,10|47,94|0,19|79,4|54,33|83,95|49,2|53,36|53,60/53,68=53,83,95,7,68
29,57|52,38|57,72|64,51|72,91|2,28|89,0|88,90|1,68|1,49|1,2|38,88|36,31|28,36|1,52|49,71|1,29|34,89|68,34|71,64/1,91=1,29,57,72,91
84,79|60,2|92,84|93,35|89,12|61,85|78,31|14,61|81,14|86,44|96,8|86,23|23,60|86,81|44,92|86,89|12,96|31,93|2,59|86,78/86,8=86,89,12,96,8
22,23|38,87|84,91|21,58|97,71|21,6|58,25|26,46|6,4|64,43|4,26|91,64|87,97|85,22|23,20|21,84|25,10|21,85|10,63|21,38/21,43=21,84,91,64,43
4,40|21,96|43,62|52,25|24,43|74,7|19,69|7,21|69,24|28,29|39,4|40,76|19,74|60,28|89,60|2,52|19,2|19,39|25,80|19,89/19,80=19,2,52,25,80
60,39|94,68|24,0|24,52|75,60|70,87|1,92|47,1|6,49|24,63|0,34|24,6|29,58|24,81|12,94|63,12|81,47|52,75|34,29|49,70/24,92=24,81,47,1,92
21,78|86,55|90,86|11,13|75,93|48,96|7,39|78,77|97,90|11,14|39,24|14,7|11,87|33,75|11,48|23,50|13,33|96,23|11,97|87,21/11,55=11,97,90,86,55
10,40|51,9|51,49|9,19|19,34|49,65|51,33|51,17|65,37|34,31|17,58|73,10|75,92|58,53|51,67|37,35|92,42|67,75|53,93|33,73/51,42=51,67,75,92,42
48,61|34,37|48,55|55,44|48,83|75,13|42,75|61,70|48,35|5,71|25,2|72,23|17,25|35,42|77,34|83,77|44,72|81,17|48,81|70,5/48,71=48,61,70,5,71
25,11|67,13|25,79|12,17|79,56|25,89|25,72|60,48|25,12|89,94|95,8|16,68|84,60|37,87|11,16|17,95|94,37|56,67|68,7|72,84/25,13=25,79,56,67,13
46,11|78,16|75,22|64,68|11,32|78,75|84,37|6,15|7,64|16,6|78,90|98,84|22,26|15,58|78,7|68,43|90,98|78,81|26,31|81,46/78,32=78,81,46,11,32
27,47|48,96|67,15|59,94|76,98|59,67|47,87|59,48|53,27|59,53|20,61|59,25|95,91|91,75|15,20|98,50|94,95|96,36|36,70|25,76/59,70=59,48,96,36,70
8,65|64,1|8,22|22,91|8,84|91,3|70,94|86,26|8,35|98,86|42,96|8,70|35,98|3,81|76,25|88,76|94,64|65,88|84,42|96,75/8,1=8,70,94,64,1
17,24|88,31|82,17|10,65|89,36|59,37|88,22|36,61|88,78|23,10|88,23|91,59|65,67|31,89|88,32|47,95|22,82|95,38|78,47|32,91/88,24=88,22,82,17,24
35,39|35,11|2,33|59,37|35,24|24,69|99,59|37,72|56,77|4,52|22,67|69,2|11,4|52,15|67,17|39,80|80,56|35,22|17,7|35,99/35,72=35,99,59,37,72
0,26|60,29|31,88|29,1|30,32|16,80|66,16|30,8|88,6|74,66|26,24|81,7|32,81|1,42|8,0|30,31|30,74|6,4|30,60|7,91/30,24=30,8,0,26,24
96,33|99,9|18,65|99,71|90,63|63,41|81,90|39,96|9,94|94,0|98,78|99,81|95,54|99,18|54,92|65,98|0,26|99,39|71,95|33,97/99,97=99,39,96,33,97
34,69|40,74|47,34|69,67|2,61|40,64|97,17|10,94|24,56|35,2|40,49|64,35|74,33|40,42|42,10|94,14|40,47|33,97|56,46|49,24/40,67=40,47,34,69,67
14,82|6,93|2,97|19,10|22,65|93,51|14,84|82,19|21,22|53,7|10,56|65,17|77,6|3,2|14,21|7,34|14,3|14,77|97,80|84,53/14,34=14,84,53,7,34
43,6|49,35|25,43|91,81|98,67|25,7|92,98|6,19|73,55|7,73|26,9|19,15|2,91|25,2|78,92|55,58|9,49|25,78|81,45|25,26/25,15=25,43,6,19,15
29,19|44,0|62,29|63,2|78,3|8,44|0,67|78,8|78,5|94,70|2,68|5,63|15,46|78,62|3,90|19,41|70,51|78,80|90,15|80,94/78,68=78,5,63,2,68
40,72|61,91|9,53|34,19|9,98|4,34|9,93|98,6|87,61|51,4|43,92|13,43|9,90|14,94|53,13|72,68|9,51|90,87|6,14|93,40/9,19=9,51,4,34,19
2,87|15,90|76,18|87,54|2,98|2,76|1,9|99,65|54,99|82,0|18,88|2,32|90,66|9,25|70,60|2,70|60,82|98,1|88,23|32,15/2,25=2,98,1,9,25
58,61|0,22|43,30|43,76|73,84|14,48|48,18|54,14|43,0|43,79|30,16|33,5|16,58|22,33|43,54|62,73|76,62|70,19|8,70|79,8/43,5=43,0,22,33,5
33,43|61,57|18,61|15,18|75,66|92,41|37,99|12,10|83,58|92,15|41,12|66,8|58,63|74,83|10,50|92,74|92,37|99,33|46,75|92,46/92,43=92,37,99,33,43
31,82|22,16|30,32|7,44|86,53|40,31|86,22|75,40|53,67|79,59|10,12|67,7|32,79|72,69|16,10|86,72|69,64|64,4|86,75|86,30/86,82=86,75,40,31,82
49,13|60,72|89,60|99,80|50,69|99,89|88,81|81,47|66,56|72,97|63,88|99,6|99,21|42,50|80,42|13,34|56,96|99,63|6,49|21,66/99,69=99,80,42,50,69
61,16|41,61|81,13|26,81|73,64|20,9|73,24|14,85|7,45|64,62|2,91|16,37|13,40|73,26|73,41|73,7|24,90|62,20|90,14|45,2/73,40=73,26,81,13,40
71,14|48,71|8,84|88,79|3,13|8,3|38,0|46,94|95,72|8,46|54,61|13,95|8,83|97,38|8,88|42,91|84,48|94,42|83,97|79,54/8,61=8,88,79,54,61
37,36|36,93|22,74|78,53|53,49|65,91|74,2|59,45|45,31|21,1|21,19|1,59|99,22|91,85|90,78|19,37|85,54|21,99|21,90|21,65/21,2=21,99,22,74,2
27,92|5,35|5,25|13,94|55,34|47,80|4,57|94,81|25,13|80,73|83,16|19,47|34,58|16,65|5,83|65,30|35,55|5,19|5,4|57,27/5,81=5,25,13,94,81
22,92|12,49|92,72|5,88|71,96|12,5|45,23|88,26|96,85|12,7|59,10|49,22|12,71|12,98|98,59|26,41|7,82|10,86|85,48|82,45/12,72=12,49,22,92,72
45,36|53,28|78,47|97,78|25,86|86,8|97,45|97,6|47,52|94,77|54,87|97,25|52,32|6,84|97,94|11,85|84,53|8,99|36,54|77,11/97,85=97,94,77,11,85
27,42|80,84|42,77|30,81|27,6|88,14|96,20|18,78|81,50|77,80|68,69|6,30|27,96|78,88|91,43|69,91|27,18|60,35|27,68|20,60/27,50=27,6,30,81,50
14,82|6,97|2,65|19,10|22,93|97,80|14,84|82,19|21,22|53,7|10,56|93,51|77,6|3,2|14,21|7,34|14,3|14,77|65,17|84,53/14,34=14,84,53,7,34
71,83|52,81|23,43|83,90|73,41|12,96|73,88|11,17|43,12|41,93|73,23|73,57|57,71|18,11|93,97|60,63|88,18|81,60|73,52|97,69/73,17=73,88,18,11,17
62,32|74,62|81,98|19,49|5,19|49,54|46,44|14,97|22,55|44,16|97,60|98,74|81,14|81,21|21,40|81,39|40,22|39,46|60,58|81,5/81,58=81,14,97,60,58
46,14|52,18|1,85|83,76|46,69|18,49|46,83|34,84|44,7|62,88|46,95|69,34|58,59|4,44|84,41|95,52|88,1|14,4|76,58|46,62/46,59=46,83,76,58,59
74,18|95,74|50,95|63,87|96,12|83,96|62,64|11,83|64,48|50,68|18,73|50,63|50,11|68,71|69,94|71,92|92,15|87,69|50,57|57,62/50,15=50,68,71,92,15
8,1|38,33|40,55|1,89|25,45|55,34|24,86|12,24|45,10|39,25|12,8|12,52|86,44|62,66|44,76|12,39|12,62|89,2|52,40|66,38/12,34=12,52,40,55,34
40,96|71,85|73,40|89,75|75,32|66,71|96,14|66,73|92,42|66,95|28,37|66,89|78,88|32,49|85,78|72,28|95,46|46,92|37,44|66,72/66,49=66,89,75,32,49
60,94|6,79|94,22|86,95|95,38|15,5|26,31|60,15|22,26|51,2|38,34|50,8|79,36|39,6|74,73|2,50|60,86|60,51|5,74|60,39/60,36=60,39,6,79,36
75,55|21,0|81,50|81,88|55,84|24,14|28,21|81,83|14,79|81,24|45,69|37,28|83,75|71,45|9,42|79,54|41,9|50,71|81,37|88,41/81,54=81,24,14,79,54
0,42|40,2|77,0|9,17|80,88|32,96|81,40|81,77|81,47|2,32|49,64|88,83|6,49|81,80|81,9|83,95|17,99|99,78|42,90|47,6/81,95=81,80,88,83,95
18,95|70,37|11,32|9,74|55,84|31,88|55,17|60,50|75,30|55,70|30,40|55,31|17,18|84,75|88,60|55,9|95,91|74,78|37,11|78,63/55,32=55,70,37,11,32
74,59|99,15|91,34|59,0|74,25|34,90|90,16|74,62|55,86|83,12|87,98|12,14|41,87|74,48|0,55|62,41|25,1|48,83|74,91|1,99/74,86=74,59,0,55,86
59,62|81,16|82,85|82,37|56,95|19,15|82,30|15,26|80,44|85,56|30,48|5,59|95,84|48,80|62,68|82,36|36,88|88,81|82,5|37,19/82,84=82,85,56,95,84
53,35|19,25|8,30|84,22|22,75|17,8|25,72|35,24|60,17|26,14|23,19|23,76|23,60|64,26|58,84|76,53|23,58|72,59|14,1|23,64/23,30=23,60,17,8,30
71,73|74,99|20,33|57,22|74,71|74,15|74,20|99,52|27,3|1,29|66,6|74,47|15,51|33,66|47,58|52,1|73,95|58,57|51,27|95,37/74,3=74,15,51,27,3
27,16|52,96|95,73|74,8|16,13|27,52|27,14|58,99|27,75|27,95|99,57|73,86|86,37|94,7|96,74|14,6|35,64|13,35|75,58|6,94/27,64=27,16,13,35,64
64,81|79,83|69,50|38,79|78,6|9,88|81,98|52,78|51,52|34,9|51,41|6,2|41,38|27,69|51,87|50,53|49,34|51,27|51,49|87,64/51,98=51,87,64,81,98
86,83|66,14|5,87|62,80|29,30|32,27|21,18|0,66|80,5|68,38|27,0|32,68|83,67|38,2|30,21|2,34|32,29|32,86|67,57|32,62/32,34=32,68,38,2,34
17,58|53,26|57,21|76,97|8,38|93,43|26,8|57,91|57,53|21,39|23,29|89,23|57,17|91,89|43,45|39,76|58,49|95,93|49,30|57,95/57,30=57,17,58,49,30
62,83|22,82|59,22|3,30|62,14|61,35|66,0|27,66|81,3|62,59|83,61|20,28|62,45|35,39|82,98|28,69|62,20|14,27|45,81|69,48/62,48=62,20,28,69,48
22,57|48,44|37,22|29,61|79,80|79,37|57,38|79,52|11,96|61,46|44,63|94,29|52,72|79,11|72,93|93,45|80,48|96,30|79,94|30,12/79,12=79,11,96,30,12
59,77|79,49|51,79|97,50|60,11|67,93|3,67|30,51|97,56|97,30|53,9|52,4|9,52|97,80|50,84|80,59|97,53|84,60|56,3|77,40/97,11=97,50,84,60,11
76,80|76,34|18,12|76,59|16,82|76,39|12,81|65,54|80,84|59,23|39,18|54,11|92,20|34,65|20,90|76,92|90,45|23,16|28,29|84,28/76,45=76,92,20,90,45
32,16|37,35|21,96|39,55|0,32|62,27|61,72|39,37|96,29|39,50|35,88|88,51|72,67|50,62|39,61|84,0|55,21|39,84|67,44|27,59/39,44=39,61,72,67,44
40,98|99,21|81,55|43,56|99,2|2,26|98,76|99,28|55,43|21,40|33,78|28,33|12,20|78,30|47,61|61,57|99,81|57,62|26,12|99,47/99,20=99,2,26,12,20
85,50|61,84|88,3|94,44|44,67|7,59|91,15|61,88|98,60|84,7|15,39|61,91|59,96|46,42|67,90|39,37|60,46|61,94|3,85|61,98/61,42=61,98,60,46,42
64,78|64,54|13,55|45,59|64,21|64,47|64,70|12,86|54,49|59,90|47,12|56,97|21,74|3,56|70,3|71,32|78,45|74,71|49,13|86,17/64,17=64,47,12,86,17
33,57|13,48|94,30|56,52|65,33|99,65|94,35|94,99|48,75|10,5|30,56|94,55|2,10|52,68|53,37|94,74|35,2|74,31|55,13|31,53/94,37=94,74,31,53,37
51,7|39,26|89,71|26,64|39,25|39,0|71,1|39,44|64,79|40,97|44,89|60,32|32,51|25,93|97,91|81,43|93,81|39,60|0,40|79,18/39,18=39,26,64,79,18
39,8|35,17|55,72|48,95|72,60|76,74|77,24|24,76|90,16|97,55|67,37|77,97|16,57|37,35|77,39|77,67|8,48|77,90|57,51|74,14/77,60=77,97,55,72,60
49,73|70,2|27,49|25,56|59,43|8,70|79,65|27,59|27,13|13,68|1,44|42,55|30,11|43,30|73,1|27,42|68,25|27,14|14,8|55,79/27,56=27,13,68,25,56
18,82|78,37|12,18|92,53|66,12|66,13|55,77|53,61|13,84|66,73|37,47|77,24|0,55|66,78|49,59|82,16|47,56|73,92|66,0|84,49/66,16=66,12,18,82,16
81,3|18,11|92,18|68,48|13,49|3,96|68,4|57,28|4,86|42,92|68,42|86,26|0,57|26,38|23,81|68,23|68,0|28,36|48,35|35,13/68,36=68,0,57,28,36
34,48|34,55|46,95|34,53|82,64|92,74|34,5|1,82|11,6|52,77|53,11|6,13|55,29|29,52|48,1|66,42|34,46|95,92|42,85|5,66/34,77=34,55,29,52,77
90,48|4,6|82,33|25,96|9,49|2,80|82,78|22,71|96,22|49,41|5,4|95,2|82,50|82,25|50,9|82,90|78,5|33,95|66,64|48,66/82,6=82,78,5,4,6
55,19|31,57|10,89|23,34|32,55|63,61|3,31|86,32|86,92|14,63|15,97|19,37|89,23|92,15|97,6|86,73|73,14|42,3|86,42|86,10/86,61=86,73,14,63,61
58,18|5,56|78,23|93,73|78,62|62,93|78,53|52,55|23,17|53,83|78,95|41,76|95,54|56,91|91,36|78,5|73,84|83,58|54,52|17,41/78,84=78,62,93,73,84
50,53|4,78|72,27|51,95|34,85|74,28|67,72|1,67|74,1|74,79|81,82|73,33|53,73|78,99|95,34|74,50|74,51|79,4|28,9|9,81/74,99=74,79,4,78,99
84,92|88,16|88,79|16,46|83,47|81,61|68,17|65,85|88,81|88,65|79,73|61,76|76,41|47,26|73,68|46,84|70,83|88,70|19,37|85,19/88,26=88,70,83,47,26
59,36|49,27|27,75|28,76|60,38|36,84|61,49|61,28|38,0|75,50|68,42|61,70|70,60|61,65|61,41|76,35|41,68|65,59|35,16|42,8/61,8=61,41,68,42,8
79,64|3,48|20,47|21,37|17,3|30,19|37,90|21,51|68,16|62,17|51,46|21,63|64,68|21,62|46,20|19,88|90,91|91,53|63,30|21,79/21,53=21,37,90,91,53
56,50|56,58|59,27|24,66|56,98|44,48|32,99|56,24|68,3|20,46|50,79|90,34|43,68|66,32|46,59|56,20|58,93|98,43|79,44|93,90/56,27=56,20,46,59,27
38,77|84,41|67,75|46,94|49,95|25,13|21,49|13,14|36,87|77,84|36,45|36,38|36,46|45,29|87,21|29,56|14,86|36,25|56,92|94,67/36,41=36,38,77,84,41
47,76|38,71|15,4|49,13|4,49|32,48|24,40|89,80|32,93|93,72|32,8|71,59|32,89|75,97|80,75|63,24|8,63|72,47|48,38|32,15/32,59=32,48,38,71,59
27,36|38,27|9,35|97,13|38,73|62,89|13,79|38,71|61,47|8,62|79,21|38,8|35,3|36,31|73,9|47,12|89,72|71,61|38,97|31,20/38,72=38,8,62,89,72
78,25|86,65|53,77|33,32|22,90|10,13|25,68|68,53|42,10|78,33|78,47|32,27|78,99|99,94|94,22|47,92|13,52|92,86|78,42|27,98/78,98=78,33,32,27,98
72,7|55,75|51,72|7,55|51,22|51,58|58,25|99,6|85,31|21,49|51,79|79,15|51,85|31,92|22,71|71,17|92,27|17,67|25,21|15,99/51,67=51,22,71,17,67
33,8|10,61|10,53|32,66|10,56|79,71|10,33|41,17|71,88|45,90|17,5|53,41|12,25|34,32|37,45|66,28|56,79|8,12|10,34|61,37/10,90=10,61,37,45,90
13,97|21,65|10,22|65,20|37,46|50,10|93,89|21,58|46,94|22,36|24,61|68,93|21,50|21,37|94,32|51,98|98,13|20,24|21,51|58,68/21,61=21,65,20,24,61
43,34|77,0|89,76|42,83|0,72|29,62|7,40|76,43|77,89|40,86|72,59|81,29|83,85|77,42|85,92|59,91|77,81|62,95|18,7|77,18/77,92=77,42,83,85,92
62,36|35,41|30,78|31,62|63,54|52,9|35,33|41,3|33,53|78,79|9,20|35,43|35,30|79,27|35,86|50,70|3,63|86,31|43,52|53,50/35,54=35,41,3,63,54
63,54|26,63|90,58|64,26|90,30|16,99|13,75|90,76|76,13|58,16|99,81|90,64|75,49|94,23|60,43|30,94|43,59|90,60|23,2|59,84/90,84=90,60,43,59,84
73,10|99,42|37,58|4,18|28,17|27,94|37,27|46,84|37,4|58,12|37,46|84,54|62,28|12,99|72,29|18,73|54,60|94,72|17,32|37,62/37,29=37,27,94,72,29
41,54|18,87|87,63|49,70|77,36|37,49|29,37|77,29|38,13|54,22|63,73|13,35|36,95|72,38|95,88|77,18|77,72|22,19|88,94|77,41/77,70=77,29,37,49,70
22,81|9,72|46,27|66,99|99,28|93,63|50,93|22,46|45,97|97,64|81,32|41,66|27,68|51,45|22,41|32,9|22,51|22,29|68,26|29,50/22,26=22,46,27,68,26
58,64|53,92|20,14|8,53|55,95|4,8|4,58|92,98|4,55|95,89|64,34|24,5|4,76|72,20|89,29|76,72|34,40|5,50|4,3|3,24/4,29=4,55,95,89,29
1,10|37,76|68,43|10,12|74,88|95,30|81,68|69,7|37,90|37,81|88,69|76,95|16,67|43,6|46,16|30,25|90,1|37,77|77,46|37,74/37,67=37,77,46,16,67
16,38|25,2|24,28|24,93|24,78|74,82|28,15|56,88|93,56|78,0|2,35|53,33|24,16|0,53|15,30|24,19|38,74|88,4|19,25|30,89/24,4=24,93,56,88,4
97,94|50,69|69,84|1,49|50,34|29,85|33,68|48,64|49,29|50,76|76,63|94,92|41,6|50,74|34,97|46,48|74,46|50,1|84,41|63,33/50,85=50,1,49,29,85
27,79|50,31|74,55|61,96|1,27|26,37|1,26|1,74|16,13|79,61|38,11|37,84|11,32|55,50|13,2|1,97|32,51|1,38|97,16|84,62/1,62=1,26,37,84,62
71,15|37,43|87,59|80,35|69,61|15,69|43,93|71,80|6,81|59,39|61,9|71,25|71,6|35,75|25,37|39,66|75,56|81,18|71,87|18,45/71,45=71,6,81,18,45
11,43|20,41|41,60|43,97|12,9|9,39|86,15|27,25|97,93|73,6|99,27|39,8|86,12|60,0|6,52|86,11|86,20|86,7|7,99|15,73/86,52=86,15,73,6,52
88,16|16,35|65,49|51,73|88,26|44,74|88,47|79,51|66,3|88,44|29,9|46,45|88,91|26,63|91,79|74,65|47,69|63,66|69,29|35,46/88,49=88,44,74,65,49
34,1|0,52|74,69|0,9|0,63|78,51|9,7|45,15|54,34|7,3|69,11|15,91|3,85|0,74|52,78|18,45|11,22|63,54|51,38|0,18/0,22=0,74,69,11,22
92,29|38,41|64,75|41,59|38,18|84,87|18,69|55,80|87,53|53,95|38,49|90,96|69,92|38,84|17,64|38,93|59,55|49,17|96,40|93,90/38,75=38,49,17,64,75
25,12|38,78|56,81|92,17|69,97|55,32|97,2|40,16|53,38|32,58|70,53|2,68|55,25|55,70|55,31|55,69|12,56|85,92|58,40|31,85/55,17=55,31,85,92,17
63,83|17,22|44,33|94,42|42,82|65,44|60,95|76,84|76,63|76,20|84,60|83,26|33,71|76,65|27,17|51,27|20,94|95,55|76,51|26,58/76,58=76,63,83,26,58
93,27|93,19|21,5|93,72|94,47|73,97|53,86|93,1|5,26|19,21|1,87|7,31|74,73|27,74|44,2|72,17|86,7|17,44|87,94|93,53/93,31=93,53,86,7,31
36,28|32,51|28,32|65,61|68,20|19,68|65,36|16,10|11,85|58,27|84,17|85,16|65,4|97,58|27,49|65,11|4,19|61,86|86,84|65,97/65,10=65,11,85,16,10
19,6|67,84|40,97|44,63|1,39|82,4|84,83|63,69|14,44|40,18|81,19|87,81|40,87|18,1|39,72|40,14|42,67|97,82|40,42|4,64/40,72=40,18,1,39,72
70,45|13,40|91,69|31,91|68,84|69,96|96,93|31,0|15,94|31,15|94,68|29,95|71,16|19,29|31,71|16,70|0,19|31,46|40,30|46,13/31,30=31,46,13,40,30
34,72|34,61|69,55|24,0|34,22|93,30|72,40|61,17|45,85|85,73|17,69|13,25|34,13|95,93|22,45|34,88|2,39|88,95|40,2|25,24/34,73=34,22,45,85,73
83,22|61,72|3,78|11,81|48,99|57,79|65,48|3,11|69,25|22,57|72,88|3,65|78,69|17,61|25,58|99,56|3,83|59,71|3,17|81,59/3,58=3,78,69,25,58
34,90|29,30|79,19|87,20|20,38|62,79|18,87|24,55|59,81|22,8|30,24|8,93|29,10|29,95|29,34|29,18|10,62|55,68|90,59|95,22/29,81=29,34,90,59,81
3,4|91,67|98,54|98,83|73,3|12,71|35,73|23,17|98,90|88,32|98,35|90,88|38,80|83,39|32,58|54,23|98,38|80,12|17,53|39,91/98,71=98,38,80,12,71
83,46|74,81|83,35|44,30|94,45|83,37|35,33|8,21|33,58|45,8|18,44|65,31|83,94|46,18|63,74|37,65|83,63|81,43|58,14|31,75/83,30=83,46,18,44,30
23,31|70,23|21,32|25,48|45,42|43,79|66,70|6,87|69,97|32,45|85,6|11,19|79,85|13,25|43,37|37,13|43,66|43,21|97,11|43,69/43,31=43,66,70,23,31
8,40|8,12|5,84|47,1|24,49|8,5|76,64|45,47|78,45|49,0|40,48|48,25|64,59|12,76|73,24|8,73|8,78|84,42|25,88|42,96/8,88=8,40,48,25,88
3,61|41,78|40,41|53,35|37,46|3,17|73,27|78,68|3,53|31,37|67,57|61,69|17,67|46,80|3,40|3,31|45,98|69,73|35,45|57,24/3,80=3,31,37,46,80
91,62|78,13|71,0|71,60|5,17|2,67|33,1|58,38|60,78|55,6|35,29|71,5|67,91|71,2|0,55|71,33|6,11|17,58|1,35|13,98/71,11=71,0,55,6,11
9,56|14,43|73,19|9,34|0,74|9,10|10,84|56,52|34,89|84,66|9,33|9,14|89,0|33,37|68,21|66,81|52,68|43,73|37,63|63,85/9,19=9,14,43,73,19
73,18|64,85|82,72|87,73|17,27|27,64|16,17|16,42|16,81|23,82|11,20|95,11|16,54|39,23|12,29|29,99|54,95|81,12|16,39|42,87/16,20=16,54,95,11,20
73,93|73,78|78,52|93,77|73,24|73,66|73,68|49,88|77,23|68,92|52,49|23,9|98,94|16,40|12,16|92,84|66,12|94,0|84,29|24,98/73,29=73,68,92,84,29
41,44|49,29|26,57|86,49|44,25|36,35|41,87|54,3|87,59|67,92|61,32|39,51|41,61|25,39|59,36|11,86|41,67|92,26|41,11|32,54/41,57=41,67,92,26,57
94,89|94,76|94,71|13,28|94,20|53,57|9,93|28,14|57,42|20,67|12,9|76,13|67,63|63,60|46,61|89,12|94,29|61,72|29,46|71,53/94,14=94,76,13,28,14
15,55|92,65|55,13|15,77|63,85|15,7|0,74|77,75|53,22|15,0|85,6|15,51|51,63|76,82|7,94|93,67|13,76|75,92|74,93|94,53/15,65=15,77,75,92,65
97,1|29,20|72,71|22,38|49,87|71,3|72,81|72,29|81,67|25,22|67,60|72,73|60,16|55,75|3,55|33,49|20,97|73,25|72,79|79,33/72,75=72,71,3,55,75
68,58|36,41|80,97|27,99|92,36|41,80|12,27|56,60|3,56|94,90|58,42|60,49|92,5|92,12|63,57|92,94|90,63|99,13|92,3|5,68/92,97=92,36,41,80,97
10,46|27,56|56,86|36,18|2,80|73,1|90,78|78,70|27,10|27,23|31,37|6,73|39,2|43,90|64,39|27,43|23,6|46,31|27,64|86,36/27,37=27,10,46,31,37
22,92|12,49|92,72|5,88|71,96|12,5|45,23|88,10|96,26|12,7|59,85|49,22|12,71|12,98|98,59|10,86|7,82|85,48|26,41|82,45/12,72=12,49,22,92,72
18,30|82,0|63,83|82,33|82,76|64,69|21,38|33,63|82,32|83,25|0,12|60,8|69,5|82,18|30,3|3,93|32,78|12,60|76,64|78,21/82,8=82,0,12,60,8
66,23|96,61|84,63|54,48|87,64|64,66|73,19|88,84|88,56|68,36|48,55|88,21|21,68|56,41|88,87|41,96|36,35|82,54|88,82|63,73/88,23=88,87,64,66,23
48,75|13,52|94,30|56,33|65,48|99,65|94,35|94,99|52,68|10,5|30,56|94,55|2,10|33,57|53,37|94,74|35,2|74,31|55,13|31,53/94,37=94,74,31,53,37
36,35|45,37|36,82|82,45|66,53|37,83|47,58|10,54|36,47|73,7|54,44|35,9|68,10|36,68|9,73|36,66|53,50|18,75|50,20|58,18/36,7=36,35,9,73,7
29,49|61,74|75,35|88,55|29,34|71,85|97,44|25,54|29,30|42,39|49,71|34,25|85,91|29,61|29,97|30,75|35,86|44,42|54,58|74,88/29,58=29,34,25,54,58
62,92|39,43|1,44|43,47|55,63|19,83|63,19|39,55|67,70|70,88|39,67|39,41|44,23|66,68|41,62|92,52|88,0|23,65|47,66|39,1/39,52=39,41,62,92,52
20,41|27,75|41,44|5,7|18,27|44,58|18,38|97,5|18,20|38,16|53,37|43,91|18,85|3,43|18,3|75,53|51,32|16,51|91,13|85,97/18,32=18,38,16,51,32
88,3|59,13|15,19|15,4|54,99|19,70|93,65|74,98|15,82|65,54|15,93|15,74|98,66|66,87|4,80|70,88|82,59|13,95|80,72|72,23/15,23=15,4,80,72,23
37,46|88,56|28,83|34,97|52,32|46,6|48,66|92,11|66,52|94,92|34,93|56,4|34,48|8,94|97,37|34,22|34,8|22,43|93,88|43,28/34,32=34,48,66,52,32
73,11|34,15|56,83|64,73|80,56|25,9|32,93|34,52|90,41|60,67|93,47|15,32|34,60|34,64|34,25|89,49|52,80|11,28|9,89|67,90/34,28=34,64,73,11,28
31,24|12,96|84,30|70,27|62,54|76,14|63,76|62,63|14,58|87,89|62,12|95,77|62,65|54,2|62,87|96,70|36,31|2,95|89,84|65,36/62,27=62,12,96,70,27
31,48|24,75|24,17|22,10|24,84|28,52|7,15|76,78|94,28|15,43|24,76|24,94|48,77|52,99|75,98|58,2|78,58|17,7|98,22|84,31/24,10=24,75,98,22,10
3,31|66,5|84,15|41,34|18,66|10,29|29,52|7,50|15,49|63,3|84,10|37,63|84,7|50,30|52,13|5,26|30,71|49,41|84,37|84,18/84,13=84,10,29,52,13
18,83|10,18|78,43|49,64|40,77|53,58|53,10|53,2|94,57|53,38|75,9|11,78|77,94|2,49|64,91|53,40|38,11|9,17|58,75|83,34/53,17=53,58,75,9,17
74,39|41,60|60,88|83,73|23,94|55,10|22,48|48,57|92,40|94,92|45,83|39,55|41,22|73,47|41,23|88,82|57,84|41,74|82,19|41,45/41,10=41,74,39,55,10
80,47|26,7|64,58|7,36|16,50|80,23|47,16|51,26|67,60|96,67|41,24|80,41|91,63|50,31|80,51|43,52|23,96|80,91|63,43|24,64/80,36=80,51,26,7,36
33,59|72,39|26,10|26,44|82,1|10,72|26,33|39,94|59,7|19,38|7,62|26,83|65,11|44,65|61,82|26,61|1,85|38,18|83,19|11,75/26,94=26,10,72,39,94
64,81|6,2|69,50|38,6|78,9|79,83|81,98|52,78|51,52|34,79|51,41|9,88|41,38|27,69|51,87|50,53|49,34|51,27|51,49|87,64/51,98=51,87,64,81,98
67,86|37,82|89,94|67,30|67,93|16,37|67,52|52,59|83,24|44,13|30,16|93,88|13,99|86,44|59,83|69,76|67,89|94,69|88,9|9,32/67,82=67,30,16,37,82
20,59|20,8|91,25|97,24|8,97|20,42|88,13|9,70|48,76|70,74|92,91|24,51|20,92|74,55|25,11|20,9|42,48|30,88|59,30|76,34/20,34=20,42,48,76,34
0,83|56,14|78,84|6,25|46,56|84,33|46,6|43,11|11,81|5,0|46,43|25,94|33,42|14,49|81,54|46,78|46,5|83,10|49,1|94,92/46,54=46,43,11,81,54
77,78|67,97|77,95|78,39|24,50|23,82|77,15|39,23|19,89|77,61|70,24|36,58|13,29|89,13|95,90|15,70|77,19|97,10|90,36|61,67/77,10=77,61,67,97,10
17,67|55,22|39,6|42,4|38,61|48,55|21,9|38,26|38,96|61,42|65,39|96,65|4,56|85,17|66,74|67,34|26,48|38,66|74,21|38,85/38,34=38,85,17,67,34
46,41|31,72|28,69|72,0|71,95|44,75|58,52|88,18|55,31|75,46|18,58|71,56|56,28|16,20|71,88|71,44|95,26|26,16|71,55|69,29/71,41=71,44,75,46,41
68,42|5,57|49,90|76,30|7,5|64,28|35,13|7,15|7,37|59,2|2,20|13,68|90,22|7,82|82,64|15,49|57,76|37,59|7,35|28,73/7,73=7,82,64,28,73
18,5|51,70|19,47|73,51|76,69|18,34|18,9|35,46|18,84|5,19|84,67|34,73|17,39|18,76|69,17|47,63|9,26|67,0|0,75|26,35/18,63=18,5,19,47,63
59,15|58,3|71,47|1,77|3,81|1,40|54,49|70,23|81,97|44,59|1,58|85,20|47,85|23,68|40,44|49,95|31,54|1,31|77,70|1,71/1,68=1,77,70,23,68
61,38|14,97|81,88|50,66|31,40|46,51|14,50|14,82|90,46|22,70|70,92|62,90|97,22|14,76|14,62|88,28|38,4|82,81|66,31|76,61/14,4=14,76,61,38,4
88,98|51,91|52,88|91,92|51,42|57,10|68,31|51,52|27,20|20,57|51,27|30,82|40,67|49,16|16,26|51,40|98,14|92,30|42,49|67,68/51,10=51,27,20,57,10
66,88|18,45|66,24|62,97|44,84|15,74|66,18|88,37|37,3|26,55|84,5|74,28|66,67|61,62|24,44|3,14|65,15|45,26|67,61|66,65/66,28=66,65,15,74,28
70,32|0,59|74,29|79,89|67,79|13,28|97,90|59,11|67,75|67,61|90,13|21,70|67,0|61,21|67,97|29,98|75,74|57,63|11,66|89,57/67,66=67,0,59,11,66
1,3|72,51|9,63|9,72|63,6|91,48|27,42|74,27|9,78|78,11|9,1|6,91|51,88|42,73|84,34|11,19|19,41|3,84|88,58|9,74/9,41=9,78,11,19,41
11,56|13,29|27,84|39,32|27,23|84,68|5,11|68,39|27,1|54,2|2,41|88,76|62,9|29,55|23,54|1,5|76,62|27,13|27,88|55,69/27,9=27,88,76,62,9
97,25|23,65|41,98|41,44|55,82|41,58|95,29|29,93|41,97|98,43|48,55|44,95|58,1|82,22|41,48|85,79|25,61|43,85|1,23|61,84/41,84=41,97,25,61,84
67,68|94,34|76,53|59,78|59,43|90,80|36,24|59,67|80,94|68,31|78,12|54,47|43,54|12,72|59,36|47,61|31,60|72,30|59,90|24,76/59,60=59,67,68,31,60
40,46|48,45|95,9|38,90|38,23|62,32|80,40|43,48|38,80|38,62|74,57|38,43|94,73|46,93|23,14|2,95|90,2|45,92|14,94|32,74/38,92=38,43,48,45,92
48,91|33,43|44,62|98,58|44,84|44,33|29,19|1,40|51,48|44,7|84,55|18,8|19,5|62,29|44,9|43,18|55,1|7,98|58,50|9,51/44,40=44,84,55,1,40
40,28|94,48|58,91|58,31|58,85|91,12|38,33|47,40|56,94|54,77|31,82|93,56|12,38|35,47|85,54|82,5|5,22|58,35|77,59|58,93/58,33=58,91,12,38,33
84,30|12,96|95,77|70,27|62,54|76,14|63,76|62,63|14,58|87,89|62,12|31,24|62,65|54,2|62,87|96,70|36,84|2,31|89,95|65,36/62,27=62,12,96,70,27
53,9|73,52|12,83|57,73|83,40|48,58|9,32|79,57|33,27|79,33|52,4|5,53|79,12|40,89|79,5|56,8|79,77|77,46|27,48|46,56/79,58=79,33,27,48,58
38,54|1,48|54,80|0,11|19,64|19,38|53,62|11,7|41,56|40,47|56,1|45,0|47,27|19,45|85,40|19,85|64,53|80,67|19,41|62,69/19,48=19,41,56,1,48
42,9|81,58|53,42|45,10|32,45|9,14|92,6|53,54|53,81|40,73|17,59|14,39|73,17|28,92|30,2|58,30|53,47|47,32|54,28|53,40/53,6=53,54,28,92,6
73,92|43,70|43,73|98,72|58,49|70,32|43,81|3,65|76,20|74,58|34,6|32,3|18,28|81,18|92,34|43,37|20,98|28,13|37,74|43,76/43,65=43,70,32,3,65
63,3|13,17|79,13|25,18|18,48|86,79|50,88|11,58|58,5|86,45|17,52|44,63|86,24|45,44|24,11|86,68|86,25|48,69|68,50|88,36/86,36=86,68,50,88,36
89,87|55,95|95,34|32,89|80,72|38,73|55,65|61,23|69,42|55,99|34,80|55,32|65,38|55,69|87,7|73,71|99,52|42,60|52,61|60,41/55,23=55,99,52,61,23
32,60|60,96|21,39|32,5|96,85|38,47|57,52|5,50|32,81|9,61|34,73|47,34|28,9|50,57|10,21|41,10|32,38|81,28|85,30|32,41/32,73=32,38,47,34,73
51,25|65,94|81,23|81,16|81,90|60,75|15,14|25,27|4,2|81,15|90,60|26,21|21,65|14,83|81,26|83,3|23,51|75,70|33,4|16,33/81,2=81,16,33,4,2
10,9|74,50|99,72|50,85|85,13|57,31|26,15|10,43|43,21|10,26|9,39|1,12|73,52|21,99|15,57|10,73|52,1|39,87|87,61|10,74/10,12=10,73,52,1,12
60,56|57,38|51,14|46,51|57,28|28,24|19,76|57,27|27,41|10,46|6,80|57,10|41,6|20,25|74,32|38,20|57,19|76,60|24,74|25,21/57,32=57,28,24,74,32
32,34|46,74|98,46|58,72|34,51|84,98|51,97|32,58|94,41|32,35|32,84|71,99|78,9|38,43|43,78|97,33|32,38|35,94|41,54|72,71/32,74=32,84,98,46,74
82,98|66,87|51,96|6,82|13,38|90,48|42,22|48,13|35,92|49,97|51,8|79,66|8,42|96,6|85,79|51,85|92,49|51,90|22,16|51,35/51,98=51,96,6,82,98
37,38|51,80|37,59|49,30|59,98|89,51|86,11|37,8|28,89|46,86|1,25|98,1|5,49|37,21|8,5|21,72|72,62|62,88|37,28|38,46/37,88=37,21,72,62,88
27,62|27,20|6,51|17,32|51,5|20,6|57,81|76,53|1,80|62,33|27,57|27,69|58,76|81,17|69,1|27,58|99,61|53,15|33,99|80,7/27,32=27,57,81,17,32
33,36|37,60|98,33|55,29|66,17|37,64|17,67|54,87|60,98|72,32|37,55|37,66|32,50|64,54|67,81|29,9|37,86|9,68|86,72|87,90/37,81=37,66,17,67,81
65,39|10,28|41,10|67,84|27,40|97,89|58,66|27,58|27,63|63,67|29,80|27,41|89,38|27,97|66,65|28,8|38,92|40,91|84,7|91,29/27,8=27,41,10,28,8
38,0|31,20|57,26|0,68|5,73|8,95|68,5|38,28|38,31|9,43|43,78|47,9|38,47|28,33|38,57|26,61|86,19|61,70|20,86|33,8/38,78=38,47,9,43,78
28,86|10,4|25,81|82,3|81,49|27,74|82,11|3,40|54,93|2,66|74,10|33,76|93,2|82,54|32,94|82,32|11,25|82,27|94,28|40,33/82,76=82,3,40,33,76
22,10|38,87|84,91|21,58|23,20|21,6|58,25|26,46|6,4|64,43|4,26|91,64|87,23|85,22|10,63|21,84|25,97|21,85|97,71|21,38/21,43=21,84,91,64,43
66,34|13,66|2,75|18,50|75,43|21,55|89,73|55,92|50,46|2,5|24,84|2,18|48,24|2,21|5,48|43,89|92,4|2,13|34,22|46,9/2,73=2,75,43,89,73
33,64|96,59|44,49|59,16|28,27|64,62|49,28|82,33|60,0|16,95|96,44|96,55|96,60|96,82|38,87|95,97|61,53|0,38|55,61|53,10/96,62=96,82,33,64,62
11,61|27,87|97,54|21,66|61,42|94,55|66,73|75,67|73,72|55,27|72,1|42,60|21,75|41,47|83,97|21,94|21,83|21,11|54,51|67,41/21,1=21,66,73,72,1
73,93|73,78|78,52|93,77|73,24|73,66|73,68|23,9|77,16|68,92|52,23|16,40|98,94|49,88|12,49|92,84|66,12|94,0|84,29|24,98/73,29=73,68,92,84,29
60,59|26,81|46,37|37,31|42,94|0,82|74,78|85,99|60,76|68,26|78,91|81,89|60,0|82,42|60,68|99,38|60,46|31,17|76,85|59,74/60,17=60,46,37,31,17
24,97|88,12|16,55|74,41|41,73|16,74|16,36|73,92|4,47|6,77|16,88|77,24|36,27|55,79|79,67|12,4|67,32|27,17|17,30|16,6/16,32=16,55,79,67,32
10,14|15,96|76,6|43,80|30,28|10,64|10,76|64,43|18,27|10,18|6,32|16,40|14,15|56,78|96,51|32,36|28,56|10,30|80,92|27,16/10,92=10,64,43,80,92
49,36|19,39|1,85|36,70|75,1|24,63|85,25|70,58|20,49|20,22|96,76|20,19|50,24|80,17|39,80|22,96|63,89|20,75|20,50|76,43/20,17=20,19,39,80,17
63,91|25,82|80,0|67,23|80,25|80,9|66,29|0,67|17,5|11,39|9,26|23,61|82,96|80,17|26,66|38,11|6,38|96,35|80,6|5,63/80,61=80,0,67,23,61
27,36|28,87|95,6|84,17|95,61|61,57|90,76|20,37|36,85|95,46|32,90|17,72|85,59|46,32|95,27|57,20|95,51|51,41|6,84|41,28/95,37=95,61,57,20,37
29,57|87,26|12,42|12,13|28,34|42,29|34,98|1,69|12,28|69,49|12,65|64,41|49,81|13,27|41,54|57,86|27,87|12,1|65,64|98,40/12,26=12,13,27,87,26
12,58|32,24|58,34|10,12|92,73|63,78|6,1|44,63|66,30|78,66|9,92|57,6|44,97|97,79|79,32|44,9|1,20|44,10|73,77|44,57/44,24=44,97,79,32,24
41,96|9,7|96,21|20,37|29,57|61,82|22,61|53,42|20,93|20,48|12,53|37,98|87,65|20,29|98,87|48,22|21,51|93,12|20,41|57,9/20,7=20,29,57,9,7
39,43|49,39|5,99|63,48|77,59|23,76|43,79|85,97|85,23|59,81|97,77|48,5|85,49|36,11|67,70|85,67|70,36|76,78|85,63|78,12/85,99=85,63,48,5,99
10,12|55,95|37,40|37,46|12,2|46,63|86,57|47,11|34,71|63,86|95,96|77,6|37,89|89,10|96,20|37,55|11,34|40,77|37,47|6,38/37,2=37,89,10,12,2
96,29|37,35|21,27|39,55|0,96|62,32|61,72|39,37|27,59|39,50|35,88|88,51|72,67|50,62|39,61|84,0|55,21|39,84|67,44|32,16/39,44=39,61,72,67,44
37,33|53,84|19,53|88,71|51,76|70,82|90,49|49,37|19,70|71,21|19,90|68,17|82,3|19,88|18,68|3,95|84,51|41,18|21,23|19,41/19,95=19,70,82,3,95
14,96|77,98|28,53|96,77|5,9|93,19|53,73|29,21|19,4|91,29|46,5|91,28|21,75|51,93|75,99|91,14|91,46|91,51|73,12|9,94/91,98=91,14,96,77,98
98,88|97,81|10,1|85,70|88,28|38,29|85,93|79,10|29,58|85,82|93,44|70,97|57,25|85,79|82,38|85,98|1,91|44,57|28,74|81,94/85,74=85,98,88,28,74
49,81|60,72|89,60|99,80|50,69|99,89|88,56|56,96|66,13|72,97|63,88|99,6|99,21|42,50|80,42|81,47|13,34|99,63|6,49|21,66/99,69=99,80,42,50,69
49,30|52,0|2,55|0,70|2,53|58,33|57,37|55,50|8,56|53,21|21,58|70,34|76,29|50,49|81,26|2,8|2,76|29,81|2,52|56,57/2,30=2,55,50,49,30
72,26|16,11|50,63|97,35|10,60|61,31|94,50|36,58|59,12|58,10|31,59|35,4|16,38|16,36|16,72|38,94|11,97|16,61|23,46|26,23/16,63=16,38,94,50,63
89,4|21,90|3,84|81,9|82,21|67,48|82,59|31,40|49,26|48,31|82,67|50,29|82,50|90,3|4,12|59,91|45,89|29,49|82,45|91,81/82,9=82,59,91,81,9
83,69|69,29|33,46|33,17|82,61|31,70|33,6|70,60|17,31|46,83|2,71|16,36|35,16|61,0|71,90|33,19|6,35|73,82|33,73|19,2/33,0=33,73,82,61,0
93,27|93,19|21,5|93,72|73,97|44,2|53,86|93,1|5,26|19,21|1,87|7,31|74,44|27,74|94,47|72,17|86,7|17,94|87,73|93,53/93,31=93,53,86,7,31
65,64|93,1|65,92|11,12|33,3|65,33|10,29|64,10|87,70|56,87|1,91|3,57|12,35|65,77|77,11|57,95|29,32|92,56|76,93|65,76/65,70=65,92,56,87,70
60,99|60,26|33,13|94,55|99,42|30,93|83,39|31,16|90,83|60,54|42,94|34,75|60,34|13,69|60,30|26,90|54,33|38,14|75,38|93,31/60,69=60,54,33,13,69
18,52|5,9|70,19|68,76|18,61|61,97|18,68|50,29|48,24|97,50|77,70|2,23|23,47|24,71|83,77|18,2|52,48|47,16|76,5|18,83/18,9=18,68,76,5,9
19,37|88,16|88,79|16,46|83,47|81,61|84,92|65,85|88,81|88,65|79,73|61,76|76,41|47,26|73,84|46,19|70,83|88,70|68,17|85,68/88,26=88,70,83,47,26
41,96|9,7|96,21|20,37|29,57|53,42|22,53|87,65|20,93|20,48|12,87|37,98|61,82|20,29|98,61|48,22|21,51|93,12|20,41|57,9/20,7=20,29,57,9,7
96,70|15,38|93,11|11,39|96,93|96,3|96,37|96,9|41,81|79,27|92,8|78,92|9,68|75,41|68,15|3,13|39,72|13,79|37,78|70,75/96,72=96,93,11,39,72
40,77|53,66|5,47|72,8|47,99|63,29|43,79|2,1|9,63|43,2|43,87|43,9|34,72|29,28|43,34|79,10|8,82|10,40|1,53|87,5/43,82=43,34,72,8,82
88,67|95,71|29,43|17,29|31,17|99,19|31,41|31,46|41,83|67,37|53,9|43,47|31,64|31,97|46,88|83,99|9,87|71,36|97,53|64,95/31,87=31,97,53,9,87
60,39|8,4|38,13|9,84|54,8|49,60|20,69|38,45|3,9|4,26|34,3|38,54|13,20|38,34|36,56|78,49|45,55|38,78|55,36|69,73/38,56=38,45,55,36,56
99,17|8,88|48,99|73,85|66,48|95,15|66,76|86,94|66,38|17,36|85,33|15,56|38,95|60,8|66,73|76,60|14,86|66,14|33,72|94,68/66,68=66,14,86,94,68
41,54|18,87|87,13|49,70|77,36|37,49|29,37|77,29|38,88|54,22|13,35|88,94|36,95|72,38|95,63|77,18|77,72|22,19|63,73|77,41/77,70=77,29,37,49,70
4,10|9,52|47,96|28,42|76,9|4,71|81,47|63,76|10,62|7,81|78,83|4,7|83,54|19,78|77,30|38,77|4,63|71,38|4,19|62,28/4,30=4,71,38,77,30
64,0|75,39|43,50|0,93|12,4|64,19|93,71|16,82|4,16|90,61|71,29|64,12|64,75|24,88|37,90|19,37|64,43|50,32|32,62|39,24/64,61=64,19,37,90,61
76,67|14,86|50,14|50,66|50,13|50,97|84,65|79,47|86,31|30,46|31,36|38,18|67,69|13,76|65,30|40,79|66,15|97,40|15,38|50,84/50,69=50,13,76,67,69
80,77|1,96|0,3|80,30|85,20|30,53|96,67|71,91|53,47|80,0|3,71|8,60|77,8|80,23|89,85|60,97|23,89|47,22|80,72|72,1/80,97=80,77,8,60,97
73,95|85,28|52,83|46,54|16,85|48,89|10,74|46,0|95,10|0,16|63,61|61,52|6,21|46,48|54,67|89,60|46,63|46,73|60,40|67,6/46,83=46,63,61,52,83
5,90|61,24|54,31|85,47|53,5|64,87|64,58|24,70|8,53|38,32|47,12|64,85|87,54|70,40|64,8|31,25|58,60|60,38|12,88|64,61/64,32=64,58,60,38,32
0,89|50,40|0,48|31,83|93,80|57,93|4,63|1,31|0,57|83,75|51,81|0,1|0,95|36,50|95,37|81,23|37,4|89,51|48,36|80,79/0,23=0,89,51,81,23
52,58|46,26|83,46|96,9|33,41|21,96|0,92|21,34|41,0|21,30|21,33|62,17|94,63|30,94|34,83|21,82|9,52|63,56|82,38|38,62/21,92=21,33,41,0,92
70,54|64,62|7,25|58,24|85,20|20,88|88,96|58,0|16,70|77,1|58,5|5,16|58,12|58,85|0,64|12,40|23,7|40,77|62,49|24,23/58,25=58,24,23,7,25
69,33|33,46|47,24|13,64|48,75|6,13|48,85|55,72|48,60|24,25|85,6|45,82|48,32|72,10|75,47|32,45|60,69|82,41|19,55|48,19/48,41=48,32,45,82,41
20,34|0,90|46,70|72,46|21,30|33,50|70,20|69,7|72,69|95,0|32,45|30,40|72,32|31,25|72,47|45,33|47,21|72,95|90,82|7,31/72,50=72,32,45,33,50
55,8|5,73|81,46|42,65|0,38|88,0|42,23|42,3|19,6|65,19|60,5|42,12|10,53|23,10|6,61|12,88|46,55|42,81|3,60|53,30/42,61=42,65,19,6,61
64,56|59,20|56,9|20,47|77,84|86,51|28,16|47,4|59,86|59,64|67,19|9,26|19,28|51,95|4,40|60,99|59,77|59,67|95,44|84,60/59,99=59,77,84,60,99
9,64|1,84|99,70|37,24|47,18|18,96|24,47|37,8|7,34|34,93|64,69|37,25|28,1|69,62|70,51|25,99|33,28|37,33|8,7|37,9/37,51=37,25,99,70,51
45,70|82,43|78,45|50,80|34,82|56,58|3,98|98,16|56,34|32,8|13,32|43,53|56,46|56,13|8,18|63,50|7,78|56,7|58,63|46,3/56,80=56,58,63,50,80
35,18|12,15|4,17|35,31|18,28|32,61|31,72|17,12|72,45|54,29|93,16|35,4|45,62|5,52|35,93|35,14|28,32|29,50|14,54|16,5/35,62=35,31,72,45,62
21,97|3,2|76,29|48,63|56,84|48,3|6,15|98,57|48,13|29,32|50,56|42,33|13,76|48,6|63,50|15,42|48,91|91,75|75,98|2,21/48,33=48,6,15,42,33
52,33|85,61|62,98|71,92|11,52|76,86|25,41|88,28|28,13|62,88|62,71|62,97|41,5|86,87|62,76|87,63|13,24|97,11|98,25|92,85/62,61=62,71,92,85,61
16,80|4,16|93,4|8,52|50,9|34,78|9,61|86,70|98,50|78,71|93,8|26,34|52,31|93,86|80,44|93,98|70,18|31,41|93,26|18,76/93,61=93,98,50,9,61
6,25|14,42|54,44|37,48|37,56|40,28|86,14|72,78|29,54|48,71|91,40|37,77|71,72|37,23|77,6|23,91|70,86|37,70|56,29|25,45/37,28=37,23,91,40,28
8,77|80,23|88,10|61,83|93,72|4,31|72,61|93,26|94,70|83,35|71,88|70,92|26,94|93,4|10,7|93,80|93,71|31,1|1,74|23,8/93,77=93,80,23,8,77
84,81|63,8|21,39|7,94|45,89|84,21|99,12|84,7|94,61|2,86|10,2|23,4|81,10|84,23|61,46|39,11|8,99|4,45|84,63|11,27/84,89=84,23,4,45,89
63,56|59,92|63,61|90,37|56,38|7,15|63,97|63,91|76,5|34,50|54,62|91,25|38,59|25,76|61,98|30,34|97,30|63,7|98,90|15,54/63,92=63,56,38,59,92
13,0|84,99|99,13|60,61|74,88|61,2|69,92|92,71|95,49|86,41|2,87|39,84|30,95|39,60|39,30|12,69|49,29|41,74|39,86|39,12/39,88=39,86,41,74,88
37,54|99,78|8,42|98,46|64,74|78,95|61,18|53,92|18,53|42,37|74,39|20,99|34,64|46,59|61,20|43,98|92,68|61,34|61,43|61,8/61,39=61,34,64,74,39
24,6|67,34|24,54|6,67|38,58|99,94|54,57|24,35|68,46|57,40|34,42|46,38|40,64|24,68|1,56|35,29|29,1|24,39|39,72|72,99/24,58=24,68,46,38,58
95,54|19,37|58,4|54,19|92,15|5,49|85,58|39,95|39,92|90,84|30,90|93,6|49,94|88,5|53,30|15,93|39,53|33,85|39,88|39,33/39,4=39,33,85,58,4
44,35|81,44|18,14|40,18|37,81|37,70|35,85|66,25|46,17|17,29|96,34|34,75|75,62|79,46|94,84|37,96|70,40|25,94|37,66|37,79/37,62=37,96,34,75,62
3,41|98,6|66,57|29,17|3,25|80,46|3,98|57,38|6,80|3,7|41,33|11,26|64,66|21,71|7,21|3,64|33,29|25,35|35,11|71,36/3,26=3,25,35,11,26
1,95|67,4|60,76|49,52|39,62|87,49|17,23|1,60|66,34|6,18|52,90|95,32|76,44|34,67|1,17|32,6|1,87|44,75|23,39|1,66/1,75=1,60,76,44,75
3,15|81,27|25,49|44,91|15,59|38,88|25,77|77,42|25,96|74,79|91,72|92,52|52,38|49,3|96,44|80,84|25,92|42,81|79,80|25,74/25,88=25,92,52,38,88
45,83|99,22|95,80|54,99|71,30|54,95|54,78|22,69|61,79|85,16|80,84|12,43|54,61|79,12|54,85|84,44|16,45|30,90|69,46|78,71/54,44=54,95,80,84,44
84,44|44,56|50,26|2,35|56,46|35,79|46,45|6,2|84,66|5,58|96,5|26,4|66,50|84,52|48,33|33,85|91,48|84,6|84,91|52,96/84,58=84,52,96,5,58
67,50|83,22|67,73|86,56|46,54|32,80|42,91|67,32|56,83|80,0|67,86|64,53|0,72|73,51|51,42|67,44|53,36|50,46|54,35|44,64/67,36=67,44,64,53,36
78,88|63,37|3,78|68,34|40,20|48,57|34,59|75,83|75,10|10,48|37,14|33,40|20,8|54,63|75,33|57,92|83,3|75,54|59,5|75,68/75,8=75,33,40,20,8
43,46|90,86|46,91|90,19|18,98|19,41|75,5|86,43|59,17|34,67|90,59|85,36|90,48|12,52|42,34|48,42|5,85|17,12|41,18|90,75/90,52=90,59,17,12,52
58,43|2,27|55,72|58,24|58,19|77,2|58,77|4,36|83,14|43,4|19,83|86,55|58,30|24,86|91,23|30,18|36,82|18,91|14,90|27,39/58,23=58,30,18,91,23
63,69|51,8|63,46|20,77|90,27|70,32|92,13|80,91|77,3|12,90|63,0|63,51|55,87|8,92|69,20|46,55|63,70|32,80|0,12|87,72/63,3=63,69,20,77,3
12,95|32,71|39,64|73,1|15,73|71,39|32,15|21,10|33,54|95,49|10,33|32,40|92,82|27,92|1,88|64,29|32,21|82,22|40,12|32,27/32,22=32,27,92,82,22
63,56|59,92|63,61|90,37|56,38|7,15|63,97|63,91|54,62|76,5|34,50|91,25|38,59|25,54|61,98|30,76|97,30|63,7|98,90|15,34/63,92=63,56,38,59,92
51,4|56,54|58,61|76,78|85,67|20,29|63,76|67,63|22,51|85,56|29,94|61,93|85,23|94,32|45,48|85,20|85,22|54,45|23,58|4,34/85,34=85,22,51,4,34
16,38|25,74|24,28|24,93|24,78|30,89|28,15|56,88|93,56|78,0|74,82|53,33|24,16|0,53|15,2|24,19|38,30|88,4|19,25|2,35/24,4=24,93,56,88,4
18,91|89,13|82,36|18,61|5,89|39,56|67,82|99,67|69,20|18,99|91,5|73,11|25,8|61,73|18,25|49,45|11,4|18,49|8,69|45,39/18,20=18,25,8,69,20
33,77|39,56|56,24|39,53|51,28|70,33|63,76|24,54|92,63|57,67|39,55|39,57|55,78|54,30|39,70|67,51|78,82|53,92|77,35|82,49/39,76=39,53,92,63,76
1,91|49,64|76,75|12,40|99,51|12,3|16,99|83,52|7,14|40,16|12,38|64,76|6,83|38,6|56,7|3,53|14,41|53,1|12,49|12,56/12,52=12,38,6,83,52
27,67|29,74|67,19|65,52|20,70|15,37|61,75|19,15|34,64|3,65|53,3|70,34|27,61|27,20|74,76|27,53|27,14|75,11|14,29|11,39/27,64=27,20,70,34,64
68,93|6,75|54,34|60,25|6,16|16,48|37,54|77,58|93,1|36,89|14,68|6,60|40,3|48,77|25,40|75,36|6,47|6,14|89,82|47,37/6,34=6,47,37,54,34
2,26|86,89|2,7|53,17|56,14|39,8|2,56|2,46|26,66|83,86|66,38|17,18|46,53|14,39|45,96|2,83|96,19|7,45|89,28|38,57/2,57=2,26,66,38,57
21,3|62,91|32,62|66,49|47,92|65,60|23,39|9,42|94,65|45,21|8,10|45,23|39,9|45,97|92,8|3,66|97,32|45,94|45,47|60,13/45,10=45,47,92,8,10
43,62|79,18|58,41|74,7|92,43|35,17|79,58|41,12|88,84|73,82|79,34|34,35|79,88|25,73|18,25|84,74|12,93|36,92|79,36|17,5/79,62=79,36,92,43,62
83,52|39,79|1,40|59,2|52,86|25,88|11,44|20,54|2,66|25,59|25,1|54,5|79,3|40,11|25,0|66,31|0,83|5,94|25,20|88,39/25,44=25,1,40,11,44
91,56|0,25|51,62|75,5|91,32|32,29|67,39|29,51|25,47|56,83|39,4|48,35|4,54|83,75|91,67|91,0|35,70|47,28|91,48|70,98/91,28=91,0,25,47,28
39,75|31,40|25,13|11,39|40,1|11,76|11,64|75,55|76,20|85,43|13,90|43,15|11,85|15,38|11,31|52,67|64,25|55,58|1,68|20,52/11,58=11,39,75,55,58
79,19|9,82|37,38|19,10|20,63|7,30|37,21|38,18|18,26|37,95|1,23|85,7|63,1|24,88|26,49|95,79|82,24|37,20|21,85|37,9/37,10=37,95,79,19,10
33,27|42,13|29,2|39,42|74,89|12,91|7,4|10,72|24,65|82,74|2,12|24,82|89,9|96,39|24,10|65,99|99,7|72,33|24,29|24,96/24,9=24,82,74,89,9
23,16|53,96|93,84|76,92|84,52|80,74|52,62|16,72|7,23|74,75|44,63|93,44|63,53|75,64|93,94|6,76|94,6|93,7|93,80|62,99/93,96=93,44,63,53,96
69,6|70,2|14,42|42,69|75,92|38,81|82,44|8,38|6,67|81,1|99,93|23,36|27,82|44,10|14,8|14,70|2,75|14,23|14,27|36,99/14,1=14,8,38,81,1
7,0|40,93|13,96|87,97|73,50|52,32|13,60|96,87|13,40|13,73|93,7|13,64|25,18|32,37|97,30|64,75|75,66|50,25|66,44|60,52/13,37=13,60,52,32,37
17,25|54,16|3,33|93,34|87,89|34,24|75,41|17,48|43,2|25,93|17,47|48,3|47,76|76,87|17,54|33,12|36,1|17,75|41,36|16,43/17,1=17,75,41,36,1
45,58|10,79|72,4|58,10|67,94|17,95|0,78|39,60|95,37|4,77|72,17|23,24|94,23|77,0|19,39|37,27|72,67|72,52|52,19|72,45/72,60=72,52,19,39,60
12,79|96,6|96,12|6,5|74,75|78,53|31,74|66,16|96,50|25,62|28,33|62,36|16,98|5,28|96,66|96,25|50,31|36,3|98,18|79,78/96,33=96,6,5,28,33
54,72|7,75|52,2|79,54|31,98|6,30|2,64|72,63|31,82|31,79|64,45|98,36|75,67|68,73|36,74|82,7|31,68|31,52|74,39|73,6/31,45=31,52,2,64,45
60,7|55,51|37,20|65,37|79,22|67,60|91,2|22,64|45,52|45,67|2,73|45,65|66,91|7,74|20,62|45,66|52,79|51,47|93,55|45,93/45,74=45,67,60,7,74
28,24|63,44|28,35|91,39|71,43|58,71|49,21|35,58|28,63|86,29|29,27|21,52|24,91|68,54|28,3|44,68|28,57|3,86|57,49|39,4/28,43=28,35,58,71,43
91,40|98,38|37,15|99,67|34,91|99,60|63,37|90,8|99,47|67,34|60,98|25,64|46,90|47,63|99,7|7,25|38,48|99,85|64,10|85,46/99,10=99,7,25,64,10
54,23|23,8|60,87|4,20|44,54|66,82|66,36|38,72|40,49|82,51|0,5|49,0|66,40|66,44|66,4|36,38|76,84|20,60|72,37|51,76/66,87=66,4,20,60,87
8,26|66,67|42,86|66,52|66,64|38,42|21,13|43,8|13,98|79,81|76,43|88,71|71,90|81,12|86,92|52,79|67,21|66,38|64,88|66,76/66,90=66,64,88,71,90
1,8|52,42|19,36|46,43|85,93|97,52|26,2|46,97|21,26|11,7|43,19|71,21|36,6|46,55|46,11|93,15|46,71|7,1|42,83|55,85/46,2=46,71,21,26,2
48,73|34,32|28,56|64,90|28,79|83,44|93,83|55,47|20,92|28,34|90,96|92,19|32,55|19,78|56,48|28,20|44,12|79,64|73,13|28,93/28,13=28,56,48,73,13
48,73|7,48|64,42|64,45|77,14|47,11|82,20|20,38|64,22|45,78|64,63|63,77|38,2|14,44|78,47|64,82|32,12|42,7|12,46|22,32/64,73=64,42,7,48,73
33,59|64,99|32,52|54,33|92,4|68,22|54,29|96,92|35,46|4,34|54,64|59,32|6,8|22,11|29,6|54,49|54,96|49,68|8,87|99,35/54,87=54,29,6,8,87
74,52|48,15|48,72|67,58|48,40|15,19|58,20|22,30|48,74|73,34|20,4|60,22|72,16|52,73|95,56|19,36|36,50|48,67|16,95|40,60/48,34=48,74,52,73,34
42,88|21,95|74,25|37,74|95,71|97,91|36,38|88,35|30,36|21,50|25,83|38,23|2,8|21,16|67,97|16,42|21,37|71,2|50,67|21,30/21,83=21,37,74,25,83
6,90|6,50|90,5|72,70|21,31|61,44|44,49|5,36|60,92|31,79|92,38|6,60|6,11|37,72|38,27|36,35|10,37|6,10|11,21|50,61/6,35=6,90,5,36,35
71,10|75,5|86,19|86,82|86,26|5,4|39,93|93,25|86,39|19,38|82,60|58,88|90,64|4,99|60,58|38,71|86,75|26,90|25,85|64,40/86,40=86,26,90,64,40
49,33|48,40|83,67|53,34|34,38|60,48|38,65|29,95|53,19|42,83|19,32|23,90|53,49|57,42|65,22|53,60|40,3|53,57|33,23|32,29/53,22=53,34,38,65,22
5,28|0,15|11,14|71,50|82,62|46,11|50,3|3,40|15,22|87,58|47,56|0,5|43,75|0,71|22,87|0,43|0,7|75,82|7,46|28,47/0,40=0,71,50,3,40
13,80|6,86|32,50|5,2|52,5|32,83|45,67|70,13|55,6|32,56|81,52|80,66|83,30|99,45|50,55|30,87|32,70|56,99|32,81|87,51/32,51=32,83,30,87,51
44,14|45,93|65,29|36,65|93,34|6,17|42,39|18,6|18,85|18,43|75,82|62,96|14,75|18,44|17,62|39,74|88,45|18,88|43,42|85,36/18,96=18,6,17,62,96
42,32|63,71|7,42|58,87|82,23|24,7|24,63|24,5|24,58|65,56|56,98|38,17|71,83|17,82|5,65|88,81|32,37|87,88|83,97|24,38/24,37=24,7,42,32,37
66,98|3,83|43,60|16,46|3,16|33,66|65,39|27,76|46,43|39,58|14,33|3,14|41,27|58,29|48,95|3,22|83,48|22,41|3,65|95,70/3,98=3,14,33,66,98
7,34|34,96|42,69|56,42|2,39|91,57|16,21|80,2|30,25|94,30|91,80|20,7|39,90|91,20|91,56|91,62|57,94|21,92|69,76|62,16/91,92=91,62,16,21,92
48,45|49,9|79,13|4,22|22,78|13,50|99,96|99,79|96,3|42,24|99,82|50,41|45,42|78,61|7,26|99,4|82,7|3,49|26,12|99,48/99,24=99,48,45,42,24
53,18|60,49|85,53|59,85|94,8|4,84|35,60|59,82|59,94|56,4|59,56|37,40|33,78|59,35|8,33|49,29|40,44|82,37|84,58|18,66/59,66=59,85,53,18,66
24,40|38,71|15,4|49,13|4,49|32,48|75,97|89,80|32,93|93,72|32,8|71,59|32,89|47,76|80,47|63,75|8,63|72,24|48,38|32,15/32,59=32,48,38,71,59
67,58|68,3|92,33|68,92|35,13|73,59|68,49|74,96|49,23|86,65|68,73|3,28|69,63|33,35|96,80|59,67|28,69|80,25|68,74|23,86/68,13=68,92,33,35,13
86,32|68,95|71,68|51,0|62,66|8,83|71,18|71,22|66,39|67,56|84,21|95,67|71,36|21,52|18,84|36,86|22,62|71,51|0,8|32,11/71,52=71,18,84,21,52
50,59|93,83|49,44|83,85|85,7|24,80|93,81|94,64|19,48|93,19|3,24|93,26|93,3|78,49|7,20|48,94|80,67|81,78|13,50|26,13/93,59=93,26,13,50,59
0,17|0,31|28,39|0,12|51,6|86,11|12,60|63,5|60,86|31,51|6,76|17,23|0,41|23,21|21,59|0,96|96,63|41,28|5,97|39,99/0,97=0,96,63,5,97
80,7|63,0|71,22|29,26|26,71|90,27|0,85|30,16|44,73|29,44|29,74|27,10|74,63|73,80|10,46|93,30|29,51|29,90|22,94|51,93/29,7=29,44,73,80,7
82,2|92,49|45,10|41,38|49,45|95,4|82,92|82,57|9,28|2,6|67,1|4,41|82,9|73,98|6,80|80,8|57,3|3,73|82,95|28,67/82,8=82,2,6,80,8
34,97|32,18|6,27|34,32|29,22|69,98|27,94|34,37|97,10|18,62|10,29|34,58|37,69|34,92|98,12|58,6|92,40|35,50|62,16|40,35/34,22=34,97,10,29,22
40,68|4,30|3,62|22,87|90,56|97,23|4,8|4,22|6,25|82,90|30,40|56,72|4,78|25,5|68,34|8,6|78,3|87,97|62,88|4,82/4,23=4,22,87,97,23
75,67|75,34|77,55|31,30|30,46|76,31|54,53|89,70|70,12|47,39|75,22|66,89|53,61|75,66|40,77|67,54|22,24|75,76|24,47|34,40/75,46=75,76,31,30,46
66,84|41,37|59,66|55,92|87,47|74,85|92,41|74,45|47,23|21,87|74,15|15,59|74,21|74,55|29,60|80,8|54,29|45,80|8,38|85,54/74,60=74,85,54,29,60
43,84|2,54|58,22|47,58|22,15|2,47|34,4|2,25|60,77|59,44|77,24|24,29|44,37|25,52|2,92|92,59|2,60|89,43|52,34|54,89/2,84=2,54,89,43,84
11,86|59,57|55,63|65,74|69,25|86,85|41,98|41,69|41,49|60,93|83,47|22,55|25,60|74,59|63,26|98,11|41,22|41,65|49,66|66,83/41,47=41,49,66,83,47
26,81|88,66|63,95|95,75|26,23|66,87|69,2|86,49|0,72|49,3|26,42|42,63|23,88|2,51|81,68|90,69|68,0|3,57|26,86|26,90/26,72=26,81,68,0,72
99,27|59,7|27,91|99,42|76,0|42,18|47,11|83,43|88,30|99,66|40,83|99,50|91,61|61,25|50,59|0,88|18,47|66,40|7,1|99,76/99,43=99,66,40,83,43
39,74|97,10|0,47|62,55|10,80|66,98|55,39|4,24|98,11|24,49|53,4|62,14|13,0|74,88|14,97|62,66|47,89|62,13|62,53|11,38/62,89=62,13,0,47,89
58,30|30,79|4,66|87,57|36,33|96,27|9,37|9,8|86,99|9,36|85,87|8,85|33,45|99,63|66,96|37,86|79,54|9,4|9,58|45,31/9,54=9,58,30,79,54
24,76|30,40|35,83|94,42|72,94|35,63|77,31|35,24|76,91|38,32|42,11|83,38|91,15|35,77|32,75|34,44|35,72|40,95|31,34|63,30/35,15=35,24,76,91,15
58,98|20,14|91,32|62,10|10,68|14,4|98,20|32,37|74,73|58,7|66,62|7,19|29,47|58,91|58,66|19,74|58,29|47,71|71,30|37,67/58,73=58,7,19,74,73
73,96|43,40|54,79|38,89|5,93|89,54|38,43|98,5|38,98|17,82|40,48|38,17|48,12|92,30|30,83|83,0|79,57|93,91|38,92|82,73/38,57=38,89,54,79,57
12,1|32,24|1,20|10,12|92,58|63,78|6,73|44,63|66,30|78,66|9,92|57,6|44,97|97,79|79,32|44,9|73,77|44,10|58,34|44,57/44,24=44,97,79,32,24
91,49|49,6|27,15|14,55|31,98|60,27|96,38|91,87|91,67|91,32|67,96|6,80|87,10|80,64|55,58|10,31|38,12|58,72|32,60|91,14/91,64=91,49,6,80,64
10,92|81,1|93,37|66,83|72,9|37,86|93,65|79,40|67,66|43,79|6,38|23,81|1,74|93,6|86,72|93,99|38,10|99,67|93,23|65,43/93,83=93,99,67,66,83
60,25|94,15|94,28|94,73|58,4|37,7|94,57|4,61|6,27|47,60|73,6|57,76|16,95|76,22|27,31|95,37|28,58|22,53|94,16|15,47/94,61=94,28,58,4,61
9,90|33,51|99,33|51,34|27,83|0,16|99,94|99,42|85,35|34,48|99,61|94,39|42,0|35,68|90,88|61,85|40,9|16,17|39,27|99,40/99,88=99,40,9,90,88
78,7|26,61|85,51|33,60|49,40|13,33|0,9|51,49|13,85|13,0|22,4|62,1|60,78|2,63|63,11|13,26|13,2|61,62|9,22|11,3/13,40=13,85,51,49,40
16,42|35,99|87,80|37,87|80,29|61,5|16,57|98,9|4,98|64,35|63,4|16,37|27,90|16,27|13,66|57,64|42,94|90,13|94,61|16,63/16,66=16,27,90,13,66
20,53|49,90|66,57|17,46|46,97|85,20|85,80|85,44|85,9|70,5|5,72|90,25|80,17|67,70|53,47|44,66|85,67|47,74|9,49|57,22/85,74=85,20,53,47,74
94,56|69,44|44,31|56,61|31,28|49,13|68,18|97,99|94,69|61,97|94,52|52,4|13,55|94,64|4,75|18,82|64,49|75,22|82,76|94,68/94,76=94,68,18,82,76
67,46|47,64|67,97|20,45|67,62|62,70|5,1|37,47|70,83|67,16|33,74|97,33|45,82|16,20|83,77|46,5|67,37|1,39|74,35|64,54/67,54=67,37,47,64,54
57,25|52,21|15,48|67,57|26,99|19,52|26,15|31,88|26,29|26,64|26,11|29,67|63,80|68,90|77,63|99,68|11,19|64,77|90,24|48,31/26,88=26,15,48,31,88
39,58|40,80|58,15|55,40|55,28|86,61|99,91|83,99|50,36|55,39|55,72|37,54|1,83|15,8|95,86|80,37|36,18|55,1|28,50|72,95/55,18=55,28,50,36,18
63,35|16,56|86,48|30,4|66,3|84,33|3,65|30,84|79,86|17,63|97,99|33,16|30,47|30,20|30,97|47,79|20,66|4,17|99,80|80,36/30,48=30,47,79,86,48
68,92|62,37|9,77|18,64|42,1|24,18|26,56|15,84|67,27|17,62|42,67|64,70|42,57|57,17|92,26|94,9|1,94|42,24|42,68|27,15/42,56=42,68,92,26,56
42,81|4,98|49,15|4,95|98,59|4,67|15,93|14,41|51,96|96,64|59,2|2,94|4,52|93,90|95,24|52,14|24,42|41,39|67,51|4,49/4,64=4,67,51,96,64
59,73|13,32|47,92|65,59|25,74|54,91|54,20|62,37|3,42|30,65|54,30|91,2|37,13|2,3|54,47|54,62|16,48|20,64|64,16|92,25/54,73=54,30,65,59,73
44,46|96,93|51,42|87,36|58,71|36,65|89,63|65,70|48,94|77,44|51,45|93,4|51,87|94,37|46,18|51,58|42,48|71,89|51,77|45,96/51,4=51,45,96,93,4
78,59|27,20|79,28|21,58|59,27|83,4|58,39|64,31|20,75|78,45|45,62|31,79|56,76|68,83|62,56|4,11|78,64|78,21|39,49|78,68/78,49=78,21,58,39,49
11,75|82,92|16,53|88,71|33,81|11,29|69,82|35,33|11,88|60,87|11,6|29,8|6,79|46,98|11,35|79,60|81,68|71,46|75,69|8,16/11,68=11,35,33,81,68
42,9|81,58|53,42|30,2|32,30|9,14|92,6|53,54|53,81|40,73|45,10|14,39|73,45|28,92|17,59|58,17|53,47|47,32|54,28|53,40/53,6=53,54,28,92,6
49,2|97,58|88,65|97,56|9,68|54,66|23,45|97,49|97,57|57,89|79,54|14,26|56,83|97,94|89,14|29,23|83,9|94,29|2,88|58,79/97,68=97,56,83,9,68
13,25|1,79|13,29|39,90|10,54|3,67|79,10|13,59|14,39|13,84|63,33|59,89|84,14|25,48|13,1|27,88|89,3|29,68|48,27|68,63/13,54=13,1,79,10,54
23,52|3,89|39,74|50,8|18,94|71,69|39,26|82,71|12,55|32,51|8,12|26,18|39,50|74,7|51,3|7,23|39,82|39,32|94,73|69,31/39,31=39,82,71,69,31
47,14|14,6|54,45|6,42|61,65|49,87|20,53|5,79|24,48|65,5|61,17|61,20|45,80|40,49|53,24|17,54|60,40|61,60|79,69|61,47/61,48=61,20,53,24,48
37,52|93,11|0,22|58,81|22,92|53,6|81,67|92,32|11,69|98,45|37,30|37,78|30,58|40,98|37,40|52,2|37,0|78,93|2,53|45,1/37,67=37,30,58,81,67
70,68|16,70|35,82|82,74|53,57|14,63|35,16|35,59|68,67|30,14|74,53|62,44|59,30|5,32|8,83|35,6|83,71|35,5|6,8|32,62/35,44=35,5,32,62,44
26,87|26,51|28,40|75,0|87,69|26,52|56,36|0,95|51,56|95,44|69,20|26,14|40,67|14,35|35,70|26,75|20,48|36,31|52,28|70,64/26,44=26,75,0,95,44
52,92|75,16|67,32|74,67|74,38|74,96|38,29|74,72|54,11|16,30|29,98|98,93|30,15|74,75|79,86|32,52|24,54|96,79|72,24|86,91/74,93=74,38,29,98,93
50,18|26,54|63,26|20,59|51,50|22,80|59,51|37,22|65,31|95,25|20,38|25,45|20,36|31,2|9,95|20,49|38,37|49,65|36,63|20,9/20,45=20,9,95,25,45
93,78|98,69|39,80|6,93|98,19|5,50|78,73|4,39|69,27|98,21|27,60|98,6|53,5|19,4|65,71|21,65|50,10|60,87|71,34|98,53/98,87=98,69,27,60,87
18,39|10,48|39,14|27,62|35,67|50,15|66,81|35,27|35,50|15,77|62,64|35,89|77,4|67,11|11,66|33,41|64,34|89,18|41,10|35,33/35,4=35,50,15,77,4
27,89|14,64|71,31|64,62|89,47|27,86|43,20|56,13|81,39|86,7|27,81|47,71|0,14|26,88|27,0|39,26|20,82|27,43|7,56|82,34/27,13=27,86,7,56,13
77,9|22,62|79,55|77,36|52,73|55,43|77,28|47,90|62,74|75,29|90,65|29,33|63,79|77,63|33,86|73,19|28,22|9,52|77,75|36,47/77,43=77,63,79,55,43
61,84|11,83|43,65|60,44|54,82|44,3|81,74|88,43|61,54|82,4|27,92|0,27|65,64|84,60|4,72|61,11|61,88|12,0|61,12|83,81/61,3=61,84,60,44,3
87,6|82,41|16,39|49,12|22,24|22,79|10,33|48,13|77,49|23,1|1,48|22,10|12,2|32,16|6,84|33,82|22,23|79,32|22,77|24,87/22,13=22,23,1,48,13
88,95|72,81|19,22|70,79|6,94|10,39|71,10|97,99|71,91|71,49|39,70|91,19|94,92|71,6|99,48|22,59|49,97|81,88|71,72|92,86/71,59=71,91,19,22,59
44,46|96,93|51,42|87,36|58,71|36,89|94,37|89,63|48,65|77,44|51,45|93,4|51,87|65,70|46,18|51,58|42,48|71,94|51,77|45,96/51,4=51,45,96,93,4
17,25|54,16|3,33|93,43|34,24|43,2|75,41|17,48|87,89|25,93|17,47|48,3|47,76|76,34|17,54|33,12|36,1|17,75|41,36|16,87/17,1=17,75,41,36,1
56,5|64,70|26,27|49,26|6,50|44,90|31,97|97,42|55,17|58,55|27,75|17,87|31,58|31,43|50,71|31,49|42,56|90,64|31,44|43,6/31,75=31,49,26,27,75
10,30|30,95|0,6|68,35|97,68|22,31|31,53|46,49|45,26|6,45|97,34|11,67|34,22|7,46|97,7|35,11|97,4|49,98|4,10|97,0/97,95=97,4,10,30,95
77,88|77,99|40,13|93,25|59,16|95,46|30,52|46,61|57,15|99,59|25,90|52,97|16,75|88,93|69,95|77,69|77,40|13,57|77,38|38,30/77,90=77,88,93,25,90
16,70|4,15|4,78|37,60|4,49|66,95|76,58|4,37|49,23|78,45|23,73|71,74|4,66|45,16|33,55|95,71|60,33|15,31|73,7|31,76/4,70=4,78,45,16,70
13,98|11,90|77,73|71,12|14,1|98,38|56,80|38,32|56,14|59,55|90,49|1,43|56,21|80,11|43,52|56,77|56,13|12,17|21,71|73,59/56,17=56,21,71,12,17
43,59|73,35|2,8|27,5|43,26|43,51|43,73|59,6|69,39|3,69|98,86|12,44|43,36|35,2|51,98|36,3|86,72|44,21|26,12|6,27/43,8=43,73,35,2,8
40,46|43,51|51,40|30,6|27,90|90,53|27,7|60,57|64,30|27,56|61,41|27,43|49,12|27,61|56,64|41,13|53,49|7,60|13,86|57,52/27,12=27,90,53,49,12
26,43|13,33|18,58|99,27|27,18|40,96|40,26|25,94|28,80|33,66|9,52|52,24|40,93|24,59|96,13|40,99|80,1|40,9|93,28|43,25/40,66=40,96,13,33,66
44,82|23,85|14,36|23,4|84,75|85,37|46,20|32,60|23,44|12,72|4,47|47,46|37,12|23,84|23,25|50,49|9,14|25,9|82,32|75,50/23,36=23,25,9,14,36
6,96|15,41|16,82|2,93|83,15|6,83|62,86|92,44|6,47|93,76|79,19|86,56|41,18|20,75|44,16|96,62|47,2|6,79|19,20|6,92/6,82=6,92,44,16,82
62,89|97,43|68,34|60,15|62,19|65,77|15,48|89,14|62,29|17,91|1,60|14,65|38,49|63,17|22,38|62,1|62,68|19,22|34,97|29,63/62,49=62,19,22,38,49
61,72|61,80|61,47|65,28|12,21|83,55|50,12|2,37|92,76|84,65|61,84|23,2|47,50|96,83|17,92|61,17|72,96|76,53|28,48|80,23/61,53=61,17,92,76,53
26,62|24,99|50,7|50,46|7,9|98,27|0,18|27,43|50,80|46,98|80,49|50,54|6,17|19,24|12,81|54,19|50,0|49,6|9,26|18,12/50,62=50,7,9,26,62
61,21|19,61|99,47|15,10|22,80|99,43|79,69|96,27|43,53|26,2|47,26|27,15|21,54|70,79|99,19|2,59|53,22|66,70|99,66|99,96/99,80=99,43,53,22,80
92,36|36,73|59,28|22,48|72,22|54,76|28,26|88,72|81,93|26,31|8,81|93,61|83,88|24,54|83,63|70,92|83,70|83,8|83,59|63,24/83,31=83,59,28,26,31
23,45|80,21|23,44|70,16|47,60|79,81|68,89|76,82|97,76|45,99|23,48|21,47|99,68|16,50|23,80|44,79|81,28|50,63|23,70|48,97/23,28=23,44,79,81,28
75,98|46,74|74,18|49,58|98,13|54,15|51,90|35,49|15,46|90,36|54,56|9,32|54,48|32,55|54,35|48,75|58,65|54,21|56,9|21,51/54,36=54,21,51,90,36
27,36|38,27|9,35|97,13|38,73|62,89|13,31|38,71|61,79|8,62|31,20|38,8|35,3|36,47|73,9|79,21|89,72|71,61|38,97|47,12/38,72=38,8,62,89,72
3,75|3,29|79,62|68,19|29,9|43,96|41,43|3,41|3,33|9,48|75,16|33,39|39,1|62,46|1,7|48,74|96,90|3,79|16,68|46,5/3,7=3,33,39,1,7
71,40|1,77|44,10|40,65|50,75|35,98|62,84|98,34|84,28|75,1|95,44|71,50|28,5|65,11|71,35|11,7|34,4|10,26|71,95|71,62/71,7=71,40,65,11,7
40,15|78,28|40,54|84,39|40,84|40,62|16,66|40,34|34,64|62,88|32,95|15,77|39,78|26,45|77,16|64,32|59,26|74,1|54,59|88,74/40,45=40,54,59,26,45
88,29|54,74|56,14|74,56|52,20|75,67|5,13|12,73|5,48|17,12|5,91|91,75|13,80|8,88|5,8|48,17|80,52|67,30|5,54|29,57/5,14=5,54,74,56,14
98,3|30,6|50,26|2,89|16,2|16,83|62,7|16,25|25,15|89,90|3,87|12,39|16,59|16,12|83,98|59,30|15,62|90,24|6,34|39,50/16,34=16,59,30,6,34
92,40|45,17|22,54|64,22|92,1|92,64|63,48|40,76|1,88|34,33|88,65|65,2|53,45|68,53|54,96|38,63|92,25|92,68|76,34|25,38/92,96=92,64,22,54,96
92,68|99,37|8,42|98,46|64,74|37,54|61,18|53,78|18,53|42,92|74,39|20,99|34,64|46,59|61,20|43,98|78,95|61,34|61,43|61,8/61,39=61,34,64,74,39
40,72|14,94|9,53|34,19|9,98|4,34|9,93|98,6|87,14|51,4|61,91|13,61|9,90|43,92|53,13|72,68|9,51|90,87|6,43|93,40/9,19=9,51,4,34,19
50,23|43,37|43,74|58,54|43,77|44,20|23,25|43,94|5,63|52,82|20,58|87,18|9,52|63,28|85,87|43,44|74,5|77,9|94,50|37,85/43,18=43,37,85,87,18
23,52|92,11|92,65|65,86|2,10|92,34|92,31|56,9|10,77|11,2|31,58|58,23|44,56|34,60|60,64|64,75|9,81|86,8|92,44|8,0/92,77=92,11,2,10,77
18,10|66,81|10,48|27,62|35,67|50,15|39,14|35,27|35,50|15,77|62,64|35,89|77,4|67,11|11,39|33,41|64,34|89,18|41,66|35,33/35,4=35,50,15,77,4
46,84|5,9|52,19|1,5|79,32|46,31|46,1|46,71|84,59|85,68|59,85|37,52|46,37|50,97|9,72|31,79|32,41|97,74|19,28|71,50/46,41=46,31,79,32,41
31,52|24,75|24,17|22,10|24,84|28,15|7,48|76,78|94,28|48,77|24,76|24,94|52,99|15,43|75,98|58,2|78,58|17,7|98,22|84,31/24,10=24,75,98,22,10
95,90|90,62|86,49|95,66|66,1|64,16|23,22|1,99|59,86|99,80|39,13|5,54|95,59|49,77|54,44|95,64|44,82|95,5|16,23|62,39/95,77=95,59,86,49,77
31,96|78,93|74,82|92,83|79,49|40,15|92,16|62,13|36,34|83,62|92,47|49,78|47,74|92,31|82,66|34,97|16,36|96,40|92,79|13,7/92,15=92,31,96,40,15
67,54|5,11|59,8|8,39|68,17|97,53|39,13|28,95|3,41|5,62|17,67|84,97|19,28|95,40|99,3|5,19|62,99|5,68|11,84|5,59/5,53=5,11,84,97,53
79,42|36,15|87,73|35,97|15,0|97,99|16,40|12,26|16,36|16,32|16,12|0,86|65,88|26,79|76,87|40,76|32,35|16,65|2,22|88,2/16,99=16,32,35,97,99
84,51|51,81|53,92|97,67|86,53|32,50|67,38|35,91|36,8|30,29|81,83|52,32|91,30|38,64|36,84|50,41|8,86|36,52|36,97|36,35/36,83=36,84,51,81,83
0,55|62,99|49,76|71,9|14,74|84,96|0,27|36,82|0,71|93,36|55,93|0,49|90,62|76,84|9,57|99,12|0,90|57,28|74,94|27,14/0,94=0,27,14,74,94
15,78|10,86|57,2|57,95|34,42|86,5|60,72|2,34|57,77|26,60|74,97|45,90|78,46|95,10|57,55|90,74|42,80|77,15|55,26|57,45/57,72=57,55,26,60,72
61,27|53,94|23,85|68,70|61,32|32,67|85,69|61,18|55,56|70,53|95,1|11,95|83,11|61,83|61,68|67,40|27,23|40,9|56,88|18,55/61,69=61,27,23,85,69
66,19|97,43|4,65|19,42|63,45|80,57|45,28|65,22|42,71|53,80|84,4|63,60|28,30|43,32|63,84|32,81|63,97|63,66|30,21|60,53/63,21=63,45,28,30,21
87,32|93,27|5,44|99,74|84,76|99,94|27,34|10,83|99,56|99,23|32,72|94,87|55,93|66,5|91,10|20,84|74,66|23,91|99,55|56,20/99,34=99,55,93,27,34
30,14|73,36|9,94|13,81|22,54|3,6|67,18|94,22|3,2|14,17|3,67|3,9|44,13|36,58|82,73|6,30|2,44|18,88|88,78|3,82/3,58=3,82,73,36,58
38,31|10,76|38,66|87,61|67,33|38,23|38,67|23,69|31,70|33,24|70,10|66,87|69,14|73,62|24,44|85,25|62,85|38,73|14,80|61,63/38,76=38,31,70,10,76
36,20|28,76|14,75|75,33|76,70|70,48|55,28|55,39|55,52|12,36|83,23|39,83|0,61|55,49|52,77|49,12|55,14|77,0|33,67|23,13/55,13=55,39,83,23,13
16,14|71,54|25,42|27,71|82,27|39,33|42,13|16,26|0,31|9,39|16,1|5,97|16,0|76,63|14,9|63,15|16,82|31,5|1,76|26,25/16,97=16,0,31,5,97
28,7|27,36|52,96|96,55|81,27|92,14|87,26|26,8|61,28|90,17|92,43|92,61|99,67|92,99|43,81|92,13|67,90|14,87|13,52|7,79/92,17=92,99,67,90,17
0,73|85,49|89,41|0,43|41,77|43,85|49,27|26,33|10,13|0,89|96,88|73,18|68,10|20,44|88,20|77,50|18,26|0,96|13,69|0,68/0,27=0,43,85,49,27
62,99|62,48|78,52|79,78|48,35|62,44|83,71|36,83|95,16|8,88|44,18|35,95|99,79|62,8|97,6|18,97|96,59|88,96|62,36|71,39/62,6=62,44,18,97,6
28,12|98,10|36,60|12,43|36,81|36,98|46,32|85,87|93,86|43,2|36,28|84,85|50,97|60,46|87,1|10,93|36,84|81,18|18,50|32,45/36,97=36,81,18,50,97
99,71|47,60|38,2|79,12|50,86|79,94|86,13|12,42|94,50|66,38|53,83|60,23|23,97|42,53|79,24|64,99|79,47|24,66|79,64|71,40/79,97=79,47,60,23,97
64,14|62,57|11,86|86,63|4,44|59,53|4,89|51,19|89,62|44,59|53,12|72,49|4,11|81,69|63,6|4,72|57,97|4,81|69,64|49,51/4,14=4,81,69,64,14
50,96|80,5|6,54|37,80|3,43|24,57|50,87|8,70|98,3|50,24|87,98|50,13|74,27|50,37|57,74|42,6|96,42|13,18|18,8|5,95/50,54=50,96,42,6,54
5,11|92,70|0,58|16,29|58,16|72,18|75,0|52,92|75,8|11,72|75,52|55,59|48,61|8,48|75,5|61,57|75,10|10,55|70,77|59,34/75,29=75,0,58,16,29
81,16|18,49|12,34|44,48|18,4|36,15|46,88|18,12|39,44|66,50|90,23|88,81|4,54|18,46|54,36|49,39|23,93|34,66|25,90|18,25/18,50=18,12,34,66,50
78,19|18,5|60,0|17,11|75,18|78,17|91,60|53,91|78,53|83,79|19,83|35,48|78,65|24,77|79,34|77,67|90,75|78,90|11,35|65,24/78,67=78,65,24,77,67
40,63|96,99|50,90|68,75|97,91|75,62|24,40|50,24|0,25|90,65|91,47|50,96|50,68|99,0|63,83|65,5|7,97|5,46|50,7|62,98/50,46=50,90,65,5,46
74,33|85,56|16,43|74,9|43,45|9,30|74,12|25,29|33,16|98,85|74,98|74,99|71,36|99,25|29,18|56,24|47,38|12,47|38,51|30,71/74,36=74,9,30,71,36
77,50|4,15|4,83|83,25|19,87|7,1|4,19|15,33|9,96|25,82|66,73|4,57|4,66|57,3|87,7|51,29|73,77|3,9|82,27|33,51/4,96=4,57,3,9,96
38,0|31,20|57,26|0,68|61,70|8,95|68,61|38,28|38,31|9,43|43,78|47,9|38,47|28,33|38,57|26,86|5,73|86,19|20,5|33,8/38,78=38,47,9,43,78
42,85|75,0|17,67|74,26|25,76|25,39|76,62|27,17|25,95|62,42|93,44|67,21|50,84|92,93|39,92|0,74|95,70|25,27|25,75|70,50/25,85=25,76,62,42,85
31,8|30,28|72,84|8,76|68,46|18,91|18,92|12,55|11,85|18,31|45,97|76,23|85,30|18,11|46,45|84,77|91,72|18,68|52,12|92,52/18,77=18,91,72,84,77
54,21|61,52|66,73|36,17|91,81|61,72|72,54|32,36|61,42|27,26|59,4|61,32|61,91|73,11|7,59|17,44|42,7|21,24|52,66|81,27/61,11=61,52,66,73,11
43,63|10,58|14,11|95,38|40,5|10,40|5,28|84,95|28,52|38,18|10,21|63,31|58,14|53,92|92,29|10,84|37,53|21,43|10,37|11,59/10,59=10,58,14,11,59
65,14|37,49|14,23|45,51|23,18|93,60|90,74|62,6|93,62|82,69|76,19|93,82|53,97|29,90|6,53|93,76|19,37|93,65|69,45|60,29/93,97=93,62,6,53,97
69,17|17,20|76,69|52,53|67,18|18,2|84,39|39,60|10,45|7,83|10,67|43,25|83,43|53,73|10,76|45,84|10,7|14,52|2,68|10,14/10,60=10,45,84,39,60
53,54|0,59|97,73|99,13|38,41|38,39|66,99|38,60|12,42|74,30|90,86|30,90|38,53|54,97|38,74|59,94|42,92|39,0|60,12|41,66/38,94=38,39,0,59,94
24,4|20,2|7,30|24,38|83,13|2,96|80,49|38,20|79,6|3,7|6,15|49,42|29,80|4,3|60,79|81,83|24,29|24,22|24,60|22,81/24,30=24,4,3,7,30
93,32|66,28|91,62|49,60|81,92|1,12|55,91|52,55|60,30|49,57|30,29|29,17|49,1|57,81|49,52|12,66|92,10|67,93|49,7|7,67/49,17=49,60,30,29,17
79,84|79,74|79,27|95,63|94,38|34,46|68,1|38,90|79,8|74,97|84,94|8,42|42,34|33,22|1,95|2,33|79,68|27,2|97,45|45,44/79,90=79,84,94,38,90
71,2|19,86|34,93|84,63|27,74|94,91|29,88|87,94|71,27|3,68|76,37|71,78|68,32|78,87|86,29|74,84|71,19|71,34|93,76|2,3/71,37=71,34,93,76,37
57,72|15,25|90,80|15,79|0,95|96,57|79,23|72,10|15,69|23,53|15,90|15,96|25,63|80,8|63,58|58,48|11,0|8,37|53,86|69,11/15,37=15,90,80,8,37
72,98|86,19|2,69|16,71|57,66|35,79|21,2|79,93|35,9|93,72|35,90|39,88|84,39|35,91|71,67|66,86|90,21|91,16|35,57|9,84/35,88=35,9,84,39,88
93,88|60,50|43,39|37,85|93,1|88,56|1,54|56,60|39,7|93,99|62,64|93,43|5,46|93,12|7,17|85,19|64,28|12,37|99,62|54,5/93,46=93,1,54,5,46
2,46|28,94|35,2|31,6|60,58|3,45|45,5|31,60|18,74|6,90|71,55|23,3|58,18|46,85|90,28|31,29|40,71|31,23|31,35|29,40/31,85=31,35,2,46,85
93,88|60,50|43,39|37,64|93,1|88,56|1,54|56,60|39,85|93,99|62,7|93,43|5,46|93,12|85,19|64,28|7,17|12,37|99,62|54,5/93,46=93,1,54,5,46
57,77|49,50|35,73|73,81|84,99|78,31|61,8|62,40|35,78|11,84|35,62|40,49|18,57|29,11|77,45|81,61|35,29|74,65|31,74|35,18/35,8=35,73,81,61,8
46,23|66,47|32,46|83,15|66,36|66,93|66,13|66,83|93,20|65,14|69,11|15,85|13,76|47,16|36,32|20,69|57,74|85,29|16,65|76,57/66,11=66,93,20,69,11
11,41|64,56|44,92|37,28|88,26|69,94|41,44|54,69|16,70|77,13|54,37|54,11|25,42|70,53|54,88|28,64|26,25|93,16|94,77|54,93/54,56=54,37,28,64,56
67,2|49,30|97,78|40,10|17,99|67,97|26,17|67,29|43,23|90,49|78,13|67,65|65,22|29,90|13,77|22,40|74,43|67,26|2,74|99,7/67,23=67,2,74,43,23
39,6|87,91|42,98|20,0|88,90|6,20|90,37|61,88|65,42|69,2|37,32|61,87|61,77|2,24|91,75|98,40|75,5|77,69|61,39|61,65/61,5=61,87,91,75,5
11,66|65,51|52,25|51,81|82,6|82,52|25,38|86,16|82,55|82,45|66,86|6,74|82,11|55,46|56,9|80,98|46,80|38,49|45,65|74,56/82,16=82,11,66,86,16
43,19|72,8|47,38|61,10|47,73|73,67|53,24|47,98|89,49|38,2|47,61|65,95|49,22|2,65|47,53|67,43|11,41|24,11|98,89|10,72/47,8=47,61,10,72,8
93,40|94,31|85,50|53,85|31,48|50,93|80,18|46,80|72,81|48,2|81,99|15,42|53,94|18,84|42,24|53,67|53,25|25,72|67,15|53,46/53,84=53,46,80,18,84
64,62|93,69|90,97|16,93|23,16|6,41|40,80|46,4|40,61|40,64|95,46|62,1|80,72|1,92|3,95|40,23|40,3|55,6|72,90|61,55/40,97=40,80,72,90,97
98,16|82,43|78,98|50,80|34,82|56,58|3,8|8,18|56,34|32,45|13,32|43,53|56,46|56,13|45,70|63,50|7,78|56,7|58,63|46,3/56,80=56,58,63,50,80
20,72|94,26|26,98|9,62|77,11|62,94|3,20|32,66|55,38|9,54|12,8|31,77|9,2|2,3|9,32|48,12|9,28|28,31|54,48|66,55/9,98=9,62,94,26,98
79,95|32,65|79,62|91,22|51,94|95,69|33,90|79,49|79,85|79,91|62,52|65,24|85,29|49,32|29,33|69,61|61,30|22,21|52,51|21,43/79,30=79,95,69,61,30
79,95|32,65|79,62|91,22|33,90|95,69|21,43|79,49|79,85|79,91|62,52|65,24|85,29|49,32|29,21|69,61|61,30|22,51|52,33|51,94/79,30=79,95,69,61,30
48,53|50,80|53,39|4,73|34,43|14,89|16,4|8,50|31,48|16,31|16,93|47,68|89,25|93,14|2,87|68,2|16,1|73,34|1,8|16,47/16,25=16,93,14,89,25
12,2|3,13|95,54|94,85|95,3|13,82|71,37|43,87|4,44|95,12|98,53|82,16|54,4|87,98|24,63|95,94|95,43|44,46|2,71|85,24/95,53=95,43,87,98,53
3,76|73,68|26,78|58,73|45,50|52,74|78,52|57,98|47,6|47,58|9,57|5,3|6,9|68,88|19,5|47,36|36,62|62,45|47,26|47,19/47,50=47,36,62,45,50
83,8|35,51|30,92|92,43|30,84|52,46|84,45|90,12|91,34|61,56|46,99|43,83|14,35|30,90|30,79|30,80|80,52|79,14|45,91|12,61/30,34=30,84,45,91,34
90,99|78,2|90,85|35,32|87,34|6,84|90,74|14,61|61,25|84,83|90,22|85,14|40,78|32,18|74,37|22,6|37,87|90,77|77,40|99,35/90,25=90,85,14,61,25
99,46|72,67|57,26|1,69|67,1|89,49|44,61|61,75|42,19|26,85|48,55|49,42|44,89|75,99|44,53|44,65|65,57|55,95|53,48|44,72/44,95=44,53,48,55,95
66,34|13,66|2,75|18,50|75,43|21,55|89,73|55,46|50,24|2,5|92,4|2,18|48,92|2,21|5,48|43,89|46,9|2,13|34,22|24,84/2,73=2,75,43,89,73
70,77|31,82|29,72|70,6|70,44|44,74|51,9|26,96|39,51|70,63|72,99|63,91|91,55|55,88|70,64|64,31|77,39|6,29|74,26|82,5/70,88=70,63,91,55,88
95,2|95,92|22,61|2,10|95,18|13,77|54,29|40,44|29,97|97,9|92,13|10,12|95,54|12,51|77,39|34,40|18,42|95,87|42,22|87,34/95,61=95,18,42,22,61
0,45|87,48|7,92|68,49|62,7|21,87|48,77|11,95|88,73|5,62|5,25|92,99|45,89|63,10|73,68|5,88|5,21|25,0|5,11|95,63/5,99=5,62,7,92,99
76,64|10,76|10,75|31,77|81,73|69,31|82,49|10,65|40,69|65,11|11,38|38,74|93,14|75,93|99,82|64,81|10,40|49,70|14,5|10,99/10,73=10,76,64,81,73
29,67|67,41|10,29|84,99|99,74|88,85|48,6|44,16|48,10|48,77|78,31|48,0|6,84|48,44|92,17|0,38|77,78|31,91|16,92|38,88/48,17=48,44,16,92,17
83,49|48,78|46,90|48,45|44,63|51,22|37,51|60,24|3,46|48,3|84,27|24,43|49,84|43,28|63,30|45,44|48,60|90,73|48,83|78,37/48,22=48,78,37,51,22
3,92|46,3|19,45|91,66|91,48|5,70|31,46|66,29|73,90|4,5|57,84|82,47|91,19|48,4|91,16|29,73|45,57|16,25|91,31|25,82/91,92=91,31,46,3,92
34,65|48,80|24,34|80,19|45,64|46,88|19,43|41,47|98,37|7,98|7,72|72,24|81,69|7,48|29,74|69,45|37,46|74,41|7,81|7,29/7,88=7,98,37,46,88
46,84|5,85|52,19|1,5|79,32|46,31|46,1|46,71|84,59|97,74|59,97|37,52|46,37|50,9|85,68|31,79|32,41|9,72|19,28|71,50/46,41=46,31,79,32,41
16,82|97,87|25,29|79,94|35,66|63,0|4,73|70,69|66,46|46,91|63,35|63,4|76,49|63,25|29,97|0,74|73,16|63,76|74,79|49,70/63,69=63,76,49,70,69
80,33|81,46|61,5|49,62|81,4|77,29|3,95|99,70|50,3|81,49|62,80|81,61|46,99|40,35|6,50|35,86|5,77|81,6|4,40|70,27/81,27=81,46,99,70,27
38,30|43,15|80,47|66,43|10,9|48,28|38,98|38,10|1,34|28,49|30,66|64,14|22,51|98,8|38,48|8,64|9,80|38,1|34,22|49,60/38,15=38,30,66,43,15
66,59|59,25|66,86|49,91|91,21|32,51|36,27|7,43|86,30|71,0|51,7|41,16|0,97|66,49|66,32|30,41|66,78|78,71|25,36|21,57/66,27=66,59,25,36,27
47,67|72,87|61,71|67,72|70,66|64,80|91,96|64,23|48,7|71,10|10,37|66,1|96,38|35,91|64,47|7,40|80,70|64,61|64,35|23,48/64,37=64,61,71,10,37
79,44|67,36|72,47|99,89|41,42|41,58|41,95|95,37|5,67|12,79|58,5|41,84|37,13|75,21|13,93|84,16|21,99|16,72|42,12|41,75/41,93=41,95,37,13,93
42,2|21,95|74,25|37,74|95,71|88,35|36,38|2,8|30,36|21,50|25,83|38,23|97,91|21,16|67,88|16,42|21,37|71,97|50,67|21,30/21,83=21,37,74,25,83
15,80|29,75|89,96|94,2|41,50|24,12|9,18|87,41|80,89|31,29|2,9|31,94|31,82|79,24|33,79|75,95|82,87|95,44|31,15|31,33/31,12=31,33,79,24,12
27,63|35,71|35,42|35,82|7,13|71,48|78,55|82,53|28,95|34,77|22,1|42,8|48,27|53,28|98,34|77,5|8,7|35,78|35,98|55,22/35,95=35,82,53,28,95
78,23|22,4|14,97|78,42|78,31|31,8|23,61|5,98|61,5|78,94|12,14|8,92|78,0|81,89|89,50|92,55|42,81|0,39|39,22|94,12/78,55=78,31,8,92,55
76,99|35,28|72,79|43,83|97,35|76,66|79,10|76,85|7,98|73,15|99,72|6,92|85,97|83,41|96,43|66,19|98,73|76,96|19,6|76,7/76,41=76,96,43,83,41
67,68|72,30|94,34|59,78|59,43|90,80|36,24|59,67|80,72|68,31|78,12|54,47|43,54|12,76|59,36|47,61|31,60|76,53|59,90|24,94/59,60=59,67,68,31,60
17,66|7,1|38,16|65,62|33,81|61,33|44,3|9,52|9,68|9,38|3,71|1,67|13,7|62,97|16,17|68,65|41,61|52,44|9,41|9,13/9,71=9,52,44,3,71
40,16|94,41|87,29|76,48|86,99|87,92|87,94|87,55|99,13|55,86|37,49|90,37|39,51|87,97|26,40|97,90|41,39|29,76|48,98|92,26/87,51=87,94,41,39,51
83,78|9,98|78,63|8,5|28,55|40,83|10,30|8,40|70,28|27,77|57,6|8,23|8,9|23,27|98,10|41,70|77,25|8,41|5,94|94,57/8,25=8,23,27,77,25
52,86|11,80|46,39|21,15|21,3|76,52|43,64|21,13|21,59|70,77|92,31|3,32|21,92|13,76|53,70|94,46|31,11|59,53|32,43|15,94/21,64=21,3,32,43,64
40,78|71,85|73,40|89,75|75,32|66,71|78,88|66,73|96,14|66,95|28,37|66,89|92,42|32,49|85,92|72,28|95,46|46,96|37,44|66,72/66,49=66,89,75,32,49
87,51|73,95|20,92|30,7|29,47|99,27|7,29|80,99|88,20|91,88|23,14|42,23|72,80|95,8|51,42|87,30|8,24|87,73|87,91|87,72/87,14=87,51,42,23,14
69,8|69,98|81,94|29,95|69,24|53,42|94,3|69,81|98,27|37,82|82,34|51,29|18,87|24,51|3,13|40,53|27,18|69,2|2,40|8,37/69,13=69,81,94,3,13
79,70|39,32|59,46|67,50|51,12|59,11|70,65|26,51|76,67|10,7|12,13|32,31|31,25|97,79|11,76|88,10|46,88|59,39|59,26|59,97/59,7=59,46,88,10,7
10,80|45,93|41,67|43,10|80,4|82,43|85,95|82,16|42,41|22,12|82,22|95,65|82,68|82,85|16,45|93,59|68,42|12,8|8,99|65,15/82,99=82,22,12,8,99
30,6|9,32|53,15|39,53|70,48|76,34|9,30|9,7|9,24|7,39|6,91|24,2|74,76|2,60|9,5|60,68|32,13|91,58|13,70|5,74/9,58=9,30,6,91,58
87,15|72,46|9,79|72,1|72,66|1,32|78,9|46,98|68,12|72,78|66,77|39,2|32,68|2,87|77,20|72,39|62,67|79,6|20,25|98,62/72,12=72,1,32,68,12
53,97|11,37|46,79|46,66|61,77|77,92|37,2|51,40|97,3|42,51|46,42|18,61|40,15|36,85|79,53|62,36|46,62|85,33|66,11|46,18/46,33=46,62,36,85,33
95,46|71,7|14,96|43,45|62,91|14,43|20,94|45,62|82,66|7,20|14,86|92,58|97,95|59,92|14,71|66,15|46,93|86,59|14,97|96,82/14,93=14,97,95,46,93
51,36|30,68|48,51|90,17|30,48|60,84|36,8|37,78|30,82|30,93|1,37|82,60|30,43|68,1|23,77|93,90|77,41|17,55|84,75|43,23/30,75=30,82,60,84,75
16,39|44,75|44,78|39,33|44,90|90,13|56,97|21,95|78,16|4,56|86,32|75,91|91,26|38,86|44,96|13,21|26,51|96,38|69,4|44,69/44,32=44,96,38,86,32
93,64|5,90|78,73|93,29|64,5|24,46|86,63|40,51|36,3|88,24|51,84|90,72|3,78|93,36|93,65|93,62|65,88|62,86|29,40|63,10/93,10=93,62,86,63,10
31,36|56,42|8,2|88,11|34,54|42,31|2,43|67,55|60,71|27,88|11,86|8,27|43,60|8,69|8,34|53,79|54,53|69,67|8,56|55,15/8,79=8,34,54,53,79
79,31|16,30|64,88|37,20|78,97|79,64|96,85|3,15|8,69|30,86|31,16|97,8|89,75|79,61|61,37|85,3|79,78|79,96|88,89|20,54/79,69=79,78,97,8,69
18,27|97,21|16,18|27,56|58,69|3,89|16,3|16,13|56,79|49,81|16,70|54,73|13,84|64,58|89,97|70,64|10,49|81,12|84,54|16,10/16,69=16,70,64,58,69
52,92|52,5|76,2|20,76|24,77|52,85|69,20|52,51|85,29|92,3|38,89|78,38|77,10|5,24|52,69|3,50|29,90|51,78|90,94|50,73/52,89=52,51,78,38,89
32,67|8,81|13,98|47,1|46,54|46,13|46,8|21,84|84,97|81,39|46,4|98,66|76,21|46,76|66,85|4,0|17,47|0,32|54,17|39,45/46,67=46,4,0,32,67
99,78|76,36|39,94|96,53|39,26|75,47|94,45|26,5|47,74|61,75|42,29|53,43|7,96|39,7|39,61|34,99|45,76|5,42|39,88|88,34/39,36=39,94,45,76,36
72,69|69,15|96,77|78,39|96,68|43,67|96,49|49,78|67,57|39,14|48,93|96,43|96,72|15,31|68,48|93,3|33,73|73,10|57,46|77,33/96,10=96,77,33,73,10
79,64|19,88|20,47|21,37|17,19|30,68|37,90|21,51|3,48|62,17|51,46|21,63|64,3|21,62|46,20|68,16|90,91|91,53|63,30|21,79/21,53=21,37,90,91,53
21,6|50,84|46,90|38,50|56,5|38,92|75,32|57,46|81,75|87,66|70,87|38,81|84,56|27,70|38,27|32,53|11,95|6,11|92,57|38,21/38,66=38,27,70,87,66
66,33|72,20|44,7|90,13|49,44|7,46|88,56|13,37|71,98|33,6|26,66|71,4|8,88|27,35|20,27|98,90|4,8|71,49|71,72|71,26/71,46=71,49,44,7,46
97,44|37,18|44,93|25,51|51,24|18,25|29,62|69,97|84,41|62,70|80,29|37,80|87,22|48,87|66,28|41,66|37,84|37,16|16,48|37,69/37,22=37,16,48,87,22
65,26|17,31|65,79|24,43|91,18|22,50|65,44|80,30|44,17|65,91|18,52|50,80|65,22|74,24|52,78|93,25|79,74|58,93|26,58|31,76/65,30=65,22,50,80,30
59,35|49,27|27,36|28,76|60,38|35,16|61,49|61,28|38,0|36,84|68,42|61,70|70,60|61,65|61,41|76,75|41,68|65,59|75,50|42,8/61,8=61,41,68,42,8
7,87|87,1|30,86|20,31|81,49|46,80|93,32|58,93|86,41|43,37|1,48|30,58|31,46|32,15|47,17|37,47|41,81|30,43|30,7|30,20/30,17=30,43,37,47,17
65,20|20,50|93,66|43,39|50,96|24,26|56,79|30,57|47,25|82,71|30,85|30,65|30,93|49,47|4,43|57,4|26,56|85,49|66,82|30,24/30,39=30,57,4,43,39
3,41|98,6|66,29|80,46|3,25|57,38|3,98|29,17|6,57|3,7|41,33|11,26|64,66|21,71|7,21|3,64|33,80|25,35|35,11|71,36/3,26=3,25,35,11,26
39,4|31,10|51,38|38,8|10,51|31,2|31,91|20,18|91,82|77,53|98,5|82,9|87,48|15,20|5,39|2,15|31,77|9,13|53,87|31,98/31,13=31,91,82,9,13
68,83|61,30|61,13|8,91|9,26|30,24|61,42|27,8|56,9|83,45|61,19|61,68|84,65|18,10|19,66|66,84|24,18|42,27|45,72|13,56/61,72=61,68,83,45,72
86,46|8,97|16,55|21,87|58,61|21,99|11,8|20,16|42,41|28,5|21,58|6,11|21,20|87,33|61,42|99,28|21,6|55,47|5,27|33,86/21,27=21,99,28,5,27
76,20|32,93|42,89|58,38|32,11|11,12|93,96|72,97|38,72|1,49|12,63|90,42|32,1|32,90|63,21|49,76|89,24|96,99|99,92|32,58/32,21=32,11,12,63,21
6,11|6,56|68,33|11,58|12,77|6,73|65,69|31,5|6,65|86,2|56,31|69,86|21,43|73,97|58,68|16,49|5,17|97,16|6,12|77,21/6,17=6,56,31,5,17
86,14|63,72|87,93|59,97|37,58|49,82|98,2|93,35|50,49|87,76|87,37|87,50|43,98|72,15|87,52|58,59|76,63|52,43|35,86|82,95/87,95=87,50,49,82,95
59,66|59,13|65,37|11,63|6,11|36,12|59,77|37,36|59,65|62,91|55,34|18,62|78,55|59,56|13,18|54,44|66,6|56,78|77,46|46,54/59,12=59,65,37,36,12
98,17|11,67|20,3|0,85|13,29|43,46|85,20|66,63|98,43|98,1|1,2|2,81|29,57|98,55|46,66|98,0|17,13|81,96|67,89|55,11/98,96=98,1,2,81,96
99,59|39,11|58,9|69,29|74,22|81,58|29,53|74,69|59,78|74,39|22,1|53,15|78,71|1,87|9,86|11,32|74,81|87,5|74,99|32,3/74,5=74,22,1,87,5
79,92|76,88|76,18|74,93|41,57|18,70|42,6|6,44|63,40|70,66|88,48|62,42|93,54|66,83|48,41|40,79|76,74|76,63|54,50|76,62/76,57=76,88,48,41,57
33,32|45,33|97,66|54,9|38,89|89,4|45,76|9,60|45,10|76,38|67,68|18,39|45,54|60,0|10,41|32,63|45,67|63,27|68,97|41,18/45,27=45,33,32,63,27
63,28|30,39|14,35|30,12|18,10|30,54|10,74|35,22|73,80|38,96|12,75|28,38|92,43|43,71|30,63|75,73|22,15|54,92|39,18|30,14/30,74=30,39,18,10,74
24,51|43,1|24,41|30,59|24,28|51,8|24,92|19,50|22,19|38,43|59,6|15,64|92,38|28,93|8,47|41,22|47,4|93,15|52,30|24,52/24,50=24,41,22,19,50
52,68|55,10|35,94|94,96|88,0|16,54|67,30|52,71|68,28|28,88|38,27|52,24|24,55|30,16|48,38|10,26|60,35|52,67|52,60|71,48/52,96=52,60,35,94,96
29,52|10,45|77,82|72,10|77,20|7,65|52,11|26,55|65,51|77,17|55,59|17,7|82,28|20,29|64,92|59,37|77,26|77,72|45,56|28,64/77,11=77,20,29,52,11
40,78|62,98|98,92|27,50|78,74|48,57|74,65|85,20|87,73|87,85|84,68|87,40|87,39|87,48|39,25|73,62|25,84|81,43|57,81|20,27/87,50=87,85,20,27,50
47,87|90,46|61,63|19,91|82,76|66,47|52,33|79,90|57,82|19,59|63,96|48,61|19,48|91,52|19,80|33,73|21,66|19,21|80,57|59,79/19,73=19,91,52,33,73
16,15|83,36|71,92|36,6|83,96|92,33|10,16|96,76|6,1|79,23|1,48|69,86|30,71|88,10|76,69|83,30|23,0|74,79|83,74|83,88/83,0=83,74,79,23,0
71,1|39,26|89,97|26,64|39,25|39,0|97,91|39,44|64,79|40,51|44,89|60,32|32,71|25,93|51,7|81,43|93,81|39,60|0,40|79,18/39,18=39,26,64,79,18
94,89|94,62|9,83|53,40|89,53|94,92|75,64|25,70|61,0|83,61|62,36|64,4|94,9|13,98|94,75|19,13|4,22|92,19|36,25|40,23/94,23=94,89,53,40,23
95,54|19,37|58,4|54,19|92,15|5,90|85,58|39,95|39,92|93,6|30,93|49,94|90,84|88,5|53,30|15,49|39,53|33,85|39,88|39,33/39,4=39,33,85,58,4
28,12|98,10|36,60|12,43|36,81|36,98|46,87|85,93|32,45|43,2|36,28|84,85|50,97|60,46|93,86|10,32|36,84|81,18|18,50|87,1/36,97=36,81,18,50,97
97,36|60,19|94,76|88,10|10,71|71,87|31,60|6,94|8,89|87,42|36,64|88,31|19,91|89,30|96,8|3,6|88,96|64,85|88,97|88,3/88,85=88,97,36,64,85
92,38|52,92|37,43|18,10|38,90|90,35|43,7|52,94|42,45|52,17|72,42|94,37|17,53|53,18|52,95|12,11|95,12|45,89|11,26|52,72/52,7=52,94,37,43,7
64,62|6,41|90,97|16,6|23,16|1,92|40,80|46,4|40,61|40,64|95,46|62,93|80,72|93,69|3,95|40,23|40,3|55,1|72,90|61,55/40,97=40,80,72,90,97
96,33|99,9|18,65|99,71|90,54|54,92|81,90|39,96|9,94|94,63|98,78|99,81|95,0|99,18|0,26|65,98|63,41|99,39|71,95|33,97/99,97=99,39,96,33,97
87,83|38,18|29,74|39,41|65,43|39,31|41,98|74,16|39,29|23,15|15,87|39,23|81,69|31,81|35,27|98,38|27,65|39,35|16,12|69,76/39,43=39,35,27,65,43
19,48|21,45|69,12|33,61|52,11|54,21|11,4|4,55|48,69|72,40|20,28|72,52|72,19|0,54|53,90|90,20|72,53|29,33|40,29|72,0/72,61=72,40,29,33,61
68,33|85,7|92,52|20,68|96,63|16,6|45,88|96,0|96,16|6,72|96,80|88,23|95,45|0,92|63,20|80,85|7,81|52,15|96,95|72,27/96,27=96,16,6,72,27
7,95|57,44|17,7|17,59|44,56|2,21|82,27|46,90|17,57|27,0|59,32|17,71|71,2|37,82|32,70|95,46|70,3|17,37|21,67|56,24/17,24=17,57,44,56,24
5,71|33,39|38,12|19,92|65,36|21,60|60,23|21,65|71,22|75,89|21,53|59,19|23,75|36,38|53,5|39,51|21,95|95,59|51,78|21,33/21,78=21,33,39,51,78
84,42|84,62|84,5|42,60|5,14|84,71|75,24|85,23|3,65|24,29|30,19|23,9|65,30|60,67|14,76|62,85|84,3|71,75|67,44|76,0/84,9=84,62,85,23,9
45,62|71,96|57,80|77,59|79,24|31,57|77,60|96,68|77,34|60,41|34,45|68,54|41,82|59,8|82,0|77,35|35,31|8,79|77,71|62,6/77,24=77,59,8,79,24
66,32|95,9|58,2|9,97|72,90|95,85|68,72|85,71|92,58|95,68|95,92|2,86|32,67|71,38|95,66|90,76|67,8|38,50|97,64|64,28/95,86=95,92,58,2,86
26,8|17,49|27,85|17,21|17,44|55,13|13,59|44,55|85,26|66,33|34,66|32,60|80,31|31,32|21,34|17,80|49,42|17,27|48,23|42,48/17,60=17,80,31,32,60
41,75|40,99|77,56|80,37|67,81|7,93|58,73|97,41|77,74|14,2|93,86|2,40|21,97|74,7|77,21|73,33|77,80|56,58|37,67|77,14/77,99=77,14,2,40,99
10,46|27,56|56,86|36,18|78,70|2,80|90,73|73,1|27,10|27,23|31,37|6,2|39,78|43,90|64,39|27,43|23,6|46,31|27,64|86,36/27,37=27,10,46,31,37
27,42|60,35|42,77|30,81|27,6|88,14|96,20|18,78|81,50|77,60|68,69|6,30|27,96|78,88|80,84|69,80|27,18|91,43|27,68|20,91/27,50=27,6,30,81,50
29,57|87,26|12,42|12,13|28,34|42,29|34,41|1,69|12,28|69,98|12,65|64,49|98,40|13,27|49,81|57,86|27,87|12,1|65,64|41,54/12,26=12,13,27,87,26
87,76|77,88|6,33|4,82|82,24|99,5|7,87|99,53|5,56|81,47|76,29|99,7|99,32|8,41|33,66|99,8|41,81|32,6|53,4|56,77/99,66=99,32,6,33,66
11,41|64,56|44,92|37,28|88,26|69,94|41,44|54,69|16,25|70,53|54,37|54,11|77,13|25,42|54,88|28,64|26,77|93,16|94,70|54,93/54,56=54,37,28,64,56
42,18|18,51|29,49|30,29|20,73|71,17|45,94|17,9|88,7|71,30|94,77|5,45|71,42|73,88|51,37|49,76|71,20|9,4|4,78|71,5/71,37=71,42,18,51,37
56,3|38,7|48,38|1,16|56,99|76,39|56,9|75,76|3,65|16,57|56,77|77,24|99,75|61,70|81,1|56,81|24,61|65,93|93,97|9,48/56,57=56,81,1,16,57
13,35|35,79|38,91|89,37|89,38|89,86|89,94|94,13|95,42|74,60|37,74|42,30|59,41|99,14|60,72|16,99|86,95|14,85|89,16|91,59/89,41=89,38,91,59,41
65,90|66,36|84,65|84,0|84,66|36,69|93,71|71,21|21,64|51,79|90,55|84,93|84,12|94,80|55,28|0,94|80,45|12,49|49,51|69,9/84,9=84,66,36,69,9
1,21|71,58|40,24|8,65|65,9|18,63|24,29|63,86|30,82|29,1|58,69|86,12|96,30|40,81|40,13|40,22|81,71|40,18|22,96|13,8/40,12=40,18,63,86,12
43,84|45,67|95,71|71,50|60,96|17,81|94,43|67,17|45,94|53,60|84,56|66,4|20,40|81,21|45,20|40,66|96,42|45,85|45,53|85,95/45,21=45,67,17,81,21
60,77|11,78|31,54|25,91|64,38|46,55|52,31|20,60|70,59|20,8|20,5|77,64|78,70|20,11|5,16|54,57|83,25|16,46|8,83|20,52/20,91=20,8,83,25,91
43,51|75,13|75,31|19,83|96,69|75,18|31,96|69,67|18,47|74,43|13,19|50,73|83,41|92,10|73,92|47,85|85,6|75,50|75,46|46,74/75,6=75,18,47,85,6
2,83|1,17|48,41|46,44|67,78|25,90|11,81|81,2|11,15|11,25|90,67|11,82|41,47|11,1|12,49|34,46|83,95|15,34|82,48|17,12/11,95=11,81,2,83,95
82,93|71,87|37,60|37,5|35,92|87,30|60,14|37,82|14,98|93,41|41,79|5,71|24,89|37,21|4,24|98,34|84,35|21,4|49,84|37,49/37,79=37,82,93,41,79
48,67|48,89|42,17|15,52|62,44|52,81|20,4|37,56|67,20|39,55|55,42|48,23|48,39|23,15|56,62|48,37|89,22|76,73|22,76|4,14/48,81=48,23,15,52,81
1,33|20,79|21,41|21,60|10,57|21,73|21,69|41,1|86,62|57,29|73,15|85,66|15,86|39,54|60,39|66,20|69,10|21,85|33,12|54,78/21,78=21,60,39,54,78
52,60|52,73|82,1|86,44|33,38|44,29|38,56|60,75|91,83|1,94|27,5|52,43|73,86|52,82|56,61|43,27|5,31|94,65|52,33|75,91/52,83=52,60,75,91,83
66,88|18,45|66,24|84,5|44,3|15,74|66,18|88,37|37,62|26,55|3,14|74,28|66,67|61,84|24,44|62,97|65,15|45,26|67,61|66,65/66,28=66,65,15,74,28
58,66|33,2|37,65|59,52|2,38|37,57|41,64|66,26|56,59|80,92|48,58|37,48|65,56|92,13|64,3|37,33|38,99|57,41|37,80|13,79/37,26=37,48,58,66,26
74,9|61,73|9,54|31,13|62,41|54,83|74,90|73,24|41,53|24,56|83,22|68,64|74,61|45,62|28,68|86,28|13,89|74,86|74,45|90,31/74,22=74,9,54,83,22
41,58|87,11|41,46|33,6|39,1|41,92|42,86|92,39|89,9|45,4|76,16|41,33|6,42|1,23|41,45|81,89|46,76|58,81|4,87|16,28/41,11=41,45,4,87,11
45,36|53,28|78,47|97,78|25,86|86,52|97,45|97,6|47,54|94,77|8,99|97,25|54,87|6,84|97,94|11,85|84,53|52,32|36,8|77,11/97,85=97,94,77,11,85
84,15|4,42|39,60|98,52|48,72|84,21|72,45|62,91|69,4|84,98|84,69|89,61|5,25|42,20|41,39|84,5|25,62|15,41|52,89|21,48/84,61=84,98,52,89,61
89,4|64,22|21,40|31,56|77,31|23,80|77,37|4,15|14,89|74,19|77,14|8,93|22,26|77,62|37,36|56,23|40,74|77,21|36,8|62,64/77,19=77,21,40,74,19
36,12|53,63|69,10|1,26|38,1|26,46|12,86|47,61|53,69|86,77|53,47|98,85|88,60|63,19|61,97|19,88|53,36|97,9|53,38|10,98/53,60=53,63,19,88,60
25,48|46,52|43,53|46,25|9,10|22,86|40,99|66,90|90,6|3,29|46,9|86,3|52,66|68,83|46,98|98,68|83,2|48,40|46,22|10,43/46,2=46,98,68,83,2
39,28|87,21|87,29|28,12|61,6|87,8|87,25|32,5|67,90|45,11|94,32|25,39|10,61|90,45|40,27|21,94|29,40|87,67|27,50|8,10/87,50=87,29,40,27,50
26,16|9,89|32,18|89,54|96,76|79,90|17,40|16,36|10,7|83,2|83,79|5,9|76,3|14,26|83,5|2,96|40,32|90,10|83,17|83,14/83,54=83,5,9,89,54
49,89|45,12|55,48|9,6|60,59|14,60|37,31|14,37|39,45|14,39|62,26|31,49|14,9|92,30|32,92|14,72|12,76|72,32|6,55|59,62/14,76=14,39,45,12,76
85,43|54,93|15,73|73,84|34,42|34,15|84,57|42,80|21,30|92,40|0,21|16,8|5,2|31,0|34,54|93,85|34,31|40,16|80,5|34,92/34,8=34,92,40,16,8
94,11|79,89|77,48|36,22|89,77|66,2|58,68|2,67|75,66|34,73|11,37|15,94|75,82|67,41|82,34|73,38|75,79|68,36|75,58|75,15/75,48=75,79,89,77,48
52,16|65,24|56,9|35,93|16,5|93,52|35,83|3,62|40,6|35,17|96,65|83,4|35,7|35,48|7,96|6,60|4,56|48,3|62,72|17,40/35,24=35,7,96,65,24
48,67|48,89|76,73|15,52|62,44|52,81|20,42|37,56|67,20|39,55|55,76|48,23|48,39|23,15|56,62|48,37|89,22|4,14|22,4|42,17/48,81=48,23,15,52,81
48,60|61,64|91,11|12,67|11,2|60,30|91,48|2,82|91,3|3,66|82,54|66,47|21,12|64,29|91,61|30,4|91,22|29,59|47,33|22,21/91,59=91,61,64,29,59
22,85|19,64|15,46|4,55|64,15|33,50|65,92|77,33|22,72|50,20|68,30|72,18|22,77|97,68|85,65|18,4|92,24|35,97|22,19|22,35/22,55=22,72,18,4,55
80,84|62,3|7,74|40,62|3,56|7,16|16,80|78,52|74,11|69,55|84,86|1,41|90,48|55,1|50,78|7,40|7,69|11,90|14,50|7,14/7,41=7,69,55,1,41
43,0|18,50|85,98|56,41|48,56|45,85|52,69|22,95|45,48|6,27|45,36|66,44|41,78|45,18|45,66|50,6|98,43|68,52|44,22|36,68/45,78=45,48,56,41,78
0,39|7,20|3,70|25,67|20,0|30,42|54,3|23,58|30,50|58,79|14,69|4,23|73,37|30,4|30,7|30,25|72,73|42,72|50,54|67,14/30,70=30,50,54,3,70
52,68|55,16|35,94|94,96|10,26|88,0|67,30|52,71|68,28|28,10|38,27|52,24|24,55|30,88|48,38|16,54|60,35|52,67|52,60|71,48/52,96=52,60,35,94,96
43,15|18,55|96,60|55,43|75,73|20,49|57,3|57,75|22,25|3,68|6,13|67,96|13,22|53,67|57,18|68,63|73,20|57,53|57,6|63,11/57,11=57,3,68,63,11
97,33|27,76|27,70|25,98|58,78|27,62|27,97|33,8|62,93|93,11|98,83|11,7|8,40|96,25|70,67|76,45|45,4|4,39|27,96|67,58/27,83=27,96,25,98,83
97,62|85,48|49,96|36,7|76,36|48,75|13,89|10,76|62,49|21,22|10,95|10,97|95,51|75,1|7,79|51,21|72,13|10,83|10,85|83,72/10,96=10,97,62,49,96
80,40|5,76|81,33|76,13|47,5|66,59|30,85|41,81|15,36|85,70|78,15|70,6|78,47|78,29|78,8|78,30|36,66|72,80|29,41|8,72/78,33=78,29,41,81,33
54,72|66,17|63,40|82,63|97,51|52,70|72,86|47,52|2,55|75,47|97,82|97,75|14,66|97,14|97,84|51,44|17,68|44,2|84,54|40,50/97,70=97,75,47,52,70
40,72|16,2|16,89|16,97|45,76|54,57|89,54|7,91|33,24|20,69|71,7|16,20|21,45|57,47|97,71|14,33|24,59|16,14|2,21|69,40/16,91=16,97,71,7,91
47,23|41,37|59,47|55,92|87,8|74,85|92,41|74,45|8,38|21,87|74,15|15,59|74,21|74,55|29,60|80,66|54,29|45,80|66,84|85,54/74,60=74,85,54,29,60
17,96|23,52|1,23|24,93|74,92|59,47|90,36|92,90|99,1|24,17|24,55|96,35|35,33|24,74|55,26|26,7|24,99|71,59|7,22|93,71/24,47=24,93,71,59,47
72,42|84,37|66,73|9,79|94,15|66,33|32,88|66,63|66,24|63,32|88,78|19,40|40,72|73,9|28,84|33,28|79,43|66,19|17,94|24,17/66,43=66,73,9,79,43
25,21|15,65|51,94|21,32|8,84|0,8|38,6|37,38|15,25|11,66|28,0|65,51|6,30|15,37|15,11|66,41|41,58|32,67|94,99|15,28/15,84=15,28,0,8,84
15,66|80,15|37,91|25,68|9,55|37,90|91,80|37,40|68,61|8,9|20,87|52,2|61,35|40,8|37,12|12,0|90,20|87,88|0,52|37,25/37,2=37,12,0,52,2
93,13|58,2|78,92|13,87|42,61|42,72|72,36|79,58|92,99|42,31|31,79|63,77|42,78|99,17|3,63|35,3|61,93|55,95|42,35|36,55/42,95=42,72,36,55,95
76,44|2,64|90,59|31,90|77,57|57,31|77,93|41,42|64,94|4,53|93,76|44,30|72,41|77,2|94,83|97,79|77,72|53,97|42,17|77,4/77,83=77,2,64,94,83
95,54|19,37|58,4|54,19|92,15|5,93|85,58|39,95|39,92|49,94|30,49|90,84|93,6|88,5|53,30|15,90|39,53|33,85|39,88|39,33/39,4=39,33,85,58,4
37,21|10,85|65,53|41,40|65,76|53,49|79,32|77,41|49,19|11,0|57,79|0,51|21,10|24,77|65,37|76,11|65,16|65,24|16,57|19,91/65,40=65,24,77,41,40
46,14|52,18|44,7|83,76|46,69|18,49|46,83|34,1|84,41|62,88|46,95|69,34|58,59|4,84|1,85|95,52|88,44|14,4|76,58|46,62/46,59=46,83,76,58,59
77,40|1,50|53,26|78,33|13,59|76,47|3,29|79,1|59,76|78,88|33,79|88,18|29,21|18,77|78,49|78,11|11,61|78,13|49,3|61,53/78,47=78,13,59,76,47
68,4|1,89|1,78|54,19|11,20|1,69|0,54|63,68|1,85|1,0|7,46|89,11|29,81|78,29|69,65|19,9|20,21|85,63|81,70|65,7/1,70=1,78,29,81,70
51,17|30,68|48,51|90,37|30,48|60,84|17,55|36,8|30,82|30,93|1,36|82,60|30,43|68,1|23,77|93,90|77,41|37,78|84,75|43,23/30,75=30,82,60,84,75
12,61|78,18|59,58|53,57|5,23|11,5|61,1|37,75|59,15|59,53|75,50|93,11|58,78|57,81|59,93|91,12|59,91|18,73|81,41|15,37/59,50=59,15,37,75,50
24,6|90,59|97,90|6,31|69,26|83,38|93,69|97,93|70,11|59,70|96,54|28,24|54,52|97,96|3,72|52,1|97,83|97,28|38,3|26,88/97,88=97,93,69,26,88
88,64|64,63|94,16|88,4|65,38|78,77|63,94|56,28|3,47|47,8|4,3|79,96|14,99|88,78|35,79|28,65|12,35|77,14|88,12|88,56/88,8=88,4,3,47,8
41,34|66,5|84,15|30,71|18,66|10,29|29,52|7,50|15,49|63,41|84,10|37,63|84,7|50,3|52,13|5,26|3,31|49,30|84,37|84,18/84,13=84,10,29,52,13
11,66|66,85|45,56|2,1|16,8|45,44|56,37|45,96|3,46|23,16|37,49|43,65|95,3|1,43|45,41|45,2|49,25|96,23|44,11|41,95/45,25=45,56,37,49,25
6,99|90,83|16,10|36,88|33,86|73,26|79,68|69,36|83,72|86,82|54,43|88,31|82,2|6,69|26,79|6,73|6,33|99,90|6,16|10,54/6,43=6,16,10,54,43
96,79|82,15|98,3|15,19|9,96|53,25|49,67|79,44|9,82|67,98|9,80|44,76|7,69|19,73|9,38|9,49|38,7|80,54|69,16|54,53/9,73=9,82,15,19,73
71,36|18,53|48,54|65,64|99,32|76,25|71,46|71,76|41,80|71,99|36,63|71,18|52,48|35,90|38,51|32,38|25,65|46,52|53,35|63,41/71,54=71,46,52,48,54
34,29|56,61|95,34|95,56|95,66|61,6|47,49|13,43|29,24|33,9|24,22|69,33|9,35|75,13|41,79|6,46|95,69|49,41|95,47|66,75/95,46=95,56,61,6,46
71,15|37,43|87,59|80,35|69,39|15,69|43,93|71,80|6,81|59,75|39,66|71,25|71,6|35,61|25,37|75,56|61,9|81,18|71,87|18,45/71,45=71,6,81,18,45
53,69|31,92|44,87|7,6|92,53|36,17|36,74|36,31|74,43|43,99|36,44|84,76|30,28|87,7|28,14|36,63|25,84|99,40|17,30|63,25/36,69=36,31,92,53,69
64,49|64,34|5,84|65,5|24,43|49,48|61,70|96,50|59,0|34,29|40,2|29,61|22,33|64,24|2,59|64,28|43,96|48,22|64,40|28,65/64,33=64,49,48,22,33
47,77|83,73|22,43|47,29|0,33|9,22|11,27|46,9|33,85|47,46|12,39|39,49|47,16|60,11|47,36|77,0|29,83|16,12|73,96|36,60/47,49=47,16,12,39,49
31,50|13,36|31,56|25,29|18,13|22,61|74,26|90,58|29,69|58,38|54,90|31,34|81,22|50,18|56,25|82,81|31,82|34,4|31,54|4,74/31,36=31,50,18,13,36
78,55|43,85|75,78|98,66|47,13|6,57|47,82|53,41|66,67|41,33|82,75|13,98|47,37|33,12|37,20|47,53|47,77|77,6|20,43|57,10/47,10=47,77,6,57,10
31,58|86,84|26,19|94,37|26,17|17,43|34,7|26,56|55,69|69,54|23,68|43,86|8,38|97,31|56,97|19,55|26,8|38,23|26,94|37,34/26,58=26,56,97,31,58
31,93|42,75|75,56|65,89|76,32|14,53|89,9|42,65|73,22|42,90|56,73|42,76|42,14|9,34|28,31|32,43|90,28|43,23|66,52|53,66/42,34=42,65,89,9,34
75,16|6,84|59,31|88,6|84,30|12,67|47,89|89,59|23,74|35,92|35,47|35,88|62,23|35,61|65,12|61,65|35,28|28,75|16,87|92,62/35,31=35,47,89,59,31
39,50|5,19|47,39|50,84|37,51|6,41|42,14|37,93|51,31|31,6|75,8|93,2|37,47|9,78|37,5|2,42|37,74|74,87|87,9|19,75/37,14=37,93,2,42,14
25,11|67,13|25,79|12,17|79,56|25,89|25,72|37,87|25,12|89,94|95,8|16,60|84,37|68,7|11,16|17,95|94,68|56,67|60,48|72,84/25,13=25,79,56,67,13
55,34|71,74|74,9|29,41|42,55|45,98|13,64|56,71|42,13|34,29|1,37|64,28|28,92|42,40|42,56|98,53|48,1|42,33|33,45|40,48/42,92=42,13,64,28,92
98,88|97,81|10,29|85,70|88,28|38,57|85,93|79,10|57,25|85,82|93,44|70,97|1,91|85,79|82,38|85,98|29,58|44,1|28,74|81,94/85,74=85,98,88,28,74
26,77|46,79|15,12|77,82|12,43|25,26|40,56|4,25|4,36|4,15|24,75|37,89|0,18|43,90|48,0|4,37|89,40|4,46|36,48|79,24/4,82=4,25,26,77,82
75,55|45,69|81,50|81,88|55,84|24,14|28,45|81,83|14,79|81,24|9,42|37,28|83,75|71,9|21,0|79,54|41,21|50,71|81,37|88,41/81,54=81,24,14,79,54
39,22|20,68|20,64|64,52|53,39|59,36|97,47|21,59|20,80|50,53|68,43|89,21|77,44|52,77|20,50|46,45|60,97|43,46|80,60|20,89/20,36=20,89,21,59,36
19,14|19,40|54,10|75,54|14,65|36,67|40,88|19,13|19,36|65,51|51,39|67,89|4,60|13,75|88,4|30,45|19,30|45,74|74,77|89,78/19,77=19,30,45,74,77
92,12|7,0|13,18|94,27|27,41|13,7|0,46|61,75|87,51|12,29|75,30|13,94|13,71|71,11|41,68|11,87|18,61|13,92|46,21|29,50/13,51=13,71,11,87,51
49,10|11,52|56,61|24,37|10,32|61,57|76,93|34,20|79,49|24,71|57,97|24,11|24,79|52,76|30,34|37,30|24,56|75,69|69,17|71,75/24,93=24,11,52,76,93
49,8|86,7|86,83|77,23|86,97|8,87|11,51|86,66|26,62|86,11|35,30|62,12|7,26|42,58|51,77|83,42|58,19|66,35|97,49|30,50/86,23=86,11,51,77,23
69,3|94,6|99,71|69,94|36,88|38,10|67,70|90,52|42,17|3,67|70,25|6,42|21,41|88,23|41,90|23,20|10,99|69,36|69,38|69,21/69,17=69,94,6,42,17
82,63|29,61|2,43|82,1|82,2|63,83|57,44|87,32|83,19|44,96|19,67|82,57|34,93|96,36|93,7|76,34|43,87|69,29|1,69|82,76/82,61=82,1,69,29,61
67,46|47,64|67,97|20,45|67,62|62,70|5,74|37,47|70,1|67,16|33,83|97,33|45,82|16,20|1,39|46,5|67,37|74,35|83,77|64,54/67,54=67,37,47,64,54
57,98|73,68|26,78|58,73|45,50|3,76|78,3|52,74|47,6|47,58|9,52|5,57|6,9|68,88|19,5|47,36|36,62|62,45|47,26|47,19/47,50=47,36,62,45,50
17,28|56,27|66,17|79,97|25,66|25,48|19,88|83,10|42,83|92,42|88,6|25,49|25,37|25,92|13,79|49,13|48,43|28,96|43,56|37,19/25,96=25,66,17,28,96
87,4|5,48|64,82|64,13|88,8|64,81|13,5|64,77|65,92|86,95|82,54|95,15|54,65|77,99|98,87|81,86|99,88|90,98|48,83|64,90/64,4=64,90,98,87,4
55,15|56,42|8,2|88,11|34,54|42,55|2,43|67,60|31,36|27,88|11,86|8,27|43,31|8,69|8,34|53,79|54,53|69,67|8,56|60,71/8,79=8,34,54,53,79
81,97|81,47|0,90|81,49|81,67|81,0|46,13|97,92|92,88|93,4|67,93|80,46|43,24|66,20|4,52|49,61|61,43|47,80|88,30|90,66/81,13=81,47,80,46,13
95,4|31,49|95,44|67,58|58,45|85,72|95,67|49,50|72,60|95,66|44,25|7,9|81,85|45,29|4,7|25,93|95,81|9,64|66,31|93,6/95,50=95,66,31,49,50
75,72|50,26|79,4|94,56|4,98|98,20|31,94|26,74|27,61|79,31|79,1|20,2|79,85|79,39|56,90|85,29|72,19|29,27|39,75|1,50/79,61=79,85,29,27,61
61,32|3,5|7,19|73,75|75,95|77,7|74,30|59,77|83,12|61,73|5,54|95,1|61,57|61,48|32,3|48,88|61,59|88,74|36,83|57,36/61,54=61,32,3,5,54
11,36|35,75|78,44|12,96|76,5|76,53|68,12|53,56|63,11|76,35|5,63|67,55|56,78|75,9|97,68|9,94|55,32|88,67|76,97|76,88/76,94=76,35,75,9,94
8,41|25,57|57,5|46,47|25,1|77,48|92,93|25,8|41,4|4,36|5,30|25,23|1,83|48,58|93,43|23,92|58,76|25,77|30,29|83,46/25,36=25,8,41,4,36
36,20|87,27|84,89|65,69|77,7|2,9|92,65|89,92|9,17|84,60|30,34|7,30|84,77|22,2|84,22|20,28|60,5|84,42|42,36|5,87/84,34=84,77,7,30,34
87,4|69,20|1,90|39,32|80,39|80,1|80,87|88,34|92,69|91,22|80,88|34,91|4,56|32,33|20,48|10,35|90,10|80,92|56,73|33,53/80,35=80,1,90,10,35
83,64|93,41|53,71|93,45|48,53|60,14|78,83|89,78|69,62|17,6|13,48|93,20|41,24|20,17|93,13|6,99|93,89|70,69|45,70|24,60/93,99=93,20,17,6,99
25,12|38,78|2,68|92,17|69,97|55,32|97,40|56,81|53,38|32,58|70,53|40,16|55,25|55,70|55,31|55,69|12,2|85,92|58,56|31,85/55,17=55,31,85,92,17
54,34|58,88|85,60|73,48|27,35|9,58|7,12|56,9|1,27|91,46|1,92|12,57|35,91|1,73|92,7|1,56|30,83|34,85|1,54|48,30/1,46=1,27,35,91,46
25,20|62,25|62,19|16,47|99,54|62,44|68,8|24,12|73,24|20,16|69,9|44,68|62,73|3,99|62,69|12,23|9,86|8,38|86,21|19,3/62,23=62,73,24,12,23
59,35|95,74|58,41|30,46|71,47|27,71|95,76|46,5|89,59|13,86|86,25|95,94|5,19|74,32|95,30|32,58|95,89|94,13|35,75|76,27/95,25=95,94,13,86,25
59,37|13,77|22,6|97,84|42,90|66,97|73,17|73,42|69,22|55,81|77,2|17,66|73,20|73,55|20,69|90,59|81,10|73,89|89,13|10,1/73,2=73,89,13,77,2
83,9|51,64|30,76|46,25|14,48|76,42|92,12|62,80|25,79|80,92|9,40|42,14|73,33|30,62|30,46|30,73|79,69|89,83|30,89|33,51/30,40=30,89,83,9,40
50,89|53,57|63,55|99,11|75,50|89,83|28,79|57,77|40,99|37,28|11,76|63,37|63,40|55,73|9,4|63,53|63,75|73,9|77,46|79,29/63,46=63,53,57,77,46
54,88|30,55|30,50|30,33|29,65|75,19|62,54|97,11|19,89|61,67|50,62|30,96|33,29|34,97|67,44|44,43|55,75|96,34|65,68|30,61/30,68=30,33,29,65,68
85,52|64,72|18,64|70,61|72,62|9,60|49,68|46,85|9,6|45,2|9,18|52,7|60,70|9,23|2,25|23,45|9,46|61,59|6,49|68,13/9,62=9,18,64,72,62
95,89|41,97|81,41|95,23|1,52|52,68|59,22|23,77|55,72|68,71|95,1|89,59|95,26|22,83|78,63|95,18|94,78|18,94|26,81|77,55/95,72=95,23,77,55,72
34,59|44,20|61,67|44,93|44,83|27,51|20,33|46,88|93,99|45,61|67,3|51,62|99,46|83,10|10,34|44,66|33,36|36,18|44,45|66,27/44,18=44,20,33,36,18
49,87|29,20|72,71|97,1|22,38|71,3|72,81|72,29|81,67|25,97|67,60|72,73|60,16|55,75|3,55|33,22|20,49|73,25|72,79|79,33/72,75=72,71,3,55,75
76,96|68,7|25,3|3,66|61,9|66,0|76,84|6,61|89,30|81,89|9,53|72,26|79,72|76,56|96,79|7,94|76,6|76,25|84,68|56,81/76,94=76,84,68,7,94
4,71|3,63|89,98|57,92|92,87|4,6|70,66|71,57|96,33|94,90|95,47|98,88|66,3|4,95|4,39|4,70|6,89|39,96|33,81|47,94/4,87=4,71,57,92,87
48,61|78,96|54,56|61,52|39,48|50,17|17,62|97,39|73,44|97,30|97,54|97,74|68,33|56,78|33,0|0,12|74,50|97,68|30,4|4,73/97,62=97,74,50,17,62
32,44|8,40|85,27|48,68|27,48|97,70|37,21|1,65|26,85|13,37|81,84|84,97|44,7|21,46|26,81|26,8|26,13|26,32|40,1|7,60/26,70=26,81,84,97,70
26,1|4,19|4,53|19,32|3,26|11,59|12,56|51,74|4,63|84,3|93,12|4,84|59,86|91,10|4,11|86,85|53,45|63,93|32,91|45,51/4,85=4,11,59,86,85
58,98|20,37|91,32|62,10|10,68|37,67|98,20|32,71|74,73|58,7|66,62|7,19|29,47|58,91|58,66|19,74|58,29|47,14|14,4|71,30/58,73=58,7,19,74,73
38,25|67,57|56,40|6,45|46,1|56,71|15,16|57,26|45,15|1,27|56,6|56,67|10,28|40,86|26,64|71,46|69,38|56,69|86,10|25,17/56,28=56,40,86,10,28
27,36|28,87|95,6|84,90|95,61|61,57|85,59|20,37|36,17|95,46|32,85|90,76|17,72|46,32|95,27|57,20|95,51|51,41|6,84|41,28/95,37=95,61,57,20,37
64,56|10,18|48,9|15,52|48,89|12,71|52,41|71,17|89,10|48,64|48,32|25,3|9,12|56,25|55,44|48,21|18,66|32,15|88,55|21,88/48,44=48,21,88,55,44
7,30|30,25|42,34|56,42|2,39|91,57|16,21|80,2|69,76|94,69|91,80|20,7|39,90|91,20|91,56|91,62|57,94|21,92|34,96|62,16/91,92=91,62,16,21,92
41,29|48,15|84,3|31,48|87,41|31,30|58,23|31,62|15,26|25,84|47,58|30,87|52,67|3,55|61,47|26,95|62,89|31,61|89,52|31,25/31,23=31,61,47,58,23
61,14|83,82|14,47|29,73|45,61|4,22|82,71|4,23|28,18|85,29|4,83|57,28|59,2|22,57|4,85|73,63|4,45|71,20|2,78|23,59/4,78=4,23,59,2,78
70,68|29,95|3,63|95,3|0,57|33,14|96,51|1,38|46,96|41,46|70,41|38,44|70,33|70,82|68,1|70,29|14,0|82,54|65,9|54,65/70,51=70,41,46,96,51
22,96|98,72|98,78|96,71|54,1|72,68|9,56|66,12|1,11|98,22|71,16|98,94|98,39|56,75|94,54|39,9|14,37|68,66|78,14|37,47/98,75=98,39,9,56,75
73,91|37,61|50,89|62,59|7,49|43,86|95,50|31,68|71,7|61,55|49,35|62,71|55,78|62,37|59,31|68,33|62,76|62,73|76,95|91,43/62,33=62,59,31,68,33
28,70|20,41|73,33|33,32|97,7|7,74|87,45|89,93|82,89|99,82|37,28|97,99|92,73|74,20|97,92|45,21|21,12|97,87|97,37|70,38/97,12=97,87,45,21,12
8,85|62,79|83,93|46,67|74,16|5,83|28,65|85,59|33,5|35,61|46,14|65,74|67,8|92,35|79,6|46,28|46,33|13,62|46,13|14,92/46,59=46,67,8,85,59
89,99|89,97|86,33|98,35|89,4|80,98|4,22|93,66|22,82|33,93|0,47|20,2|97,80|27,0|89,86|2,8|89,71|71,20|82,31|99,27/89,31=89,4,22,82,31
34,8|63,20|78,2|97,89|20,93|77,58|21,78|16,14|2,40|93,31|89,12|63,77|63,97|39,17|31,72|8,16|63,21|58,39|63,34|12,90/63,14=63,34,8,16,14
38,42|87,18|28,52|51,27|47,54|87,30|30,47|91,3|95,28|87,95|4,7|7,91|99,29|87,4|54,88|29,38|87,99|18,51|52,26|27,85/87,3=87,4,7,91,3
0,17|0,31|28,21|0,12|51,6|39,99|12,60|63,5|60,39|31,51|6,76|17,23|0,41|23,86|86,11|0,96|96,63|41,28|5,97|21,59/0,97=0,96,63,5,97
87,47|78,26|6,78|48,70|87,10|87,4|70,59|89,34|87,65|96,76|4,48|10,81|81,96|67,1|1,89|87,67|86,36|47,86|65,6|36,94/87,26=87,65,6,78,26
8,4|48,76|8,14|76,86|8,75|23,46|46,99|9,62|81,83|14,23|75,54|54,81|4,45|61,48|45,77|77,24|87,82|8,9|8,61|62,87/8,83=8,75,54,81,83
72,75|51,7|25,87|97,40|40,42|76,73|8,25|73,80|72,48|63,23|2,76|75,63|22,51|72,97|42,81|48,22|23,43|72,2|87,66|72,8/72,43=72,75,63,23,43
95,3|95,68|3,62|95,38|95,77|41,17|82,84|68,97|78,79|38,78|79,67|17,88|37,32|21,41|28,66|77,34|62,28|95,21|34,82|97,37/95,66=95,3,62,28,66
78,12|12,25|5,50|93,74|75,62|50,2|24,29|5,9|5,24|56,97|2,93|5,32|36,49|62,96|22,75|5,22|29,36|9,78|97,52|32,56/5,49=5,24,29,36,49
74,27|88,29|74,84|90,9|74,43|27,88|63,21|34,90|15,0|40,24|51,15|43,46|0,52|84,34|74,51|46,63|74,37|29,54|1,40|37,1/74,9=74,84,34,90,9
97,10|24,45|88,39|84,26|14,86|86,53|84,13|26,97|53,80|40,56|10,60|39,44|84,40|13,24|45,61|56,50|12,88|84,12|50,4|84,14/84,4=84,40,56,50,4
93,45|13,24|91,6|72,97|59,51|6,17|84,93|15,73|84,77|9,72|45,13|84,91|17,70|16,9|84,58|73,42|58,59|84,16|77,15|51,87/84,87=84,58,59,51,87
49,73|70,2|27,49|25,56|59,43|8,70|1,44|27,59|27,13|13,68|30,11|42,55|79,65|43,79|73,30|27,42|68,25|27,14|14,8|55,1/27,56=27,13,68,25,56
46,80|86,28|8,3|40,52|49,55|10,86|46,10|46,51|57,56|28,11|55,85|85,33|46,49|59,8|32,29|51,59|80,50|50,57|46,32|29,40/46,56=46,80,50,57,56
86,83|21,18|5,87|62,80|29,30|32,27|67,57|0,21|80,5|68,38|27,0|32,68|83,66|38,2|30,67|2,34|32,29|32,86|66,14|32,62/32,34=32,68,38,2,34
44,29|90,46|90,20|7,44|46,26|20,7|61,8|90,82|90,61|93,9|54,52|77,91|82,75|33,87|90,33|75,54|8,32|32,5|87,93|26,77/90,9=90,33,87,93,9
74,27|88,0|74,84|90,9|74,43|27,88|29,54|34,90|15,63|40,24|51,15|43,46|63,21|84,34|74,51|46,29|74,37|0,52|1,40|37,1/74,9=74,84,34,90,9
2,87|84,99|99,2|60,61|74,88|61,92|69,13|13,0|95,49|86,41|92,71|39,84|30,95|39,60|39,30|12,69|49,29|41,74|39,86|39,12/39,88=39,86,41,74,88
81,83|27,50|19,21|20,76|10,67|5,45|45,3|67,77|21,8|29,52|10,1|85,90|83,85|35,19|10,27|10,81|1,5|50,20|77,29|10,35/10,76=10,27,50,20,76
49,76|28,7|48,78|4,48|4,18|4,28|11,40|78,11|7,2|76,16|99,49|67,19|4,99|80,67|18,96|4,32|2,3|96,5|32,80|5,51/4,3=4,28,7,2,3
30,89|30,85|95,65|49,7|87,20|91,27|30,49|22,5|85,59|30,87|90,17|76,95|59,91|89,22|7,90|30,3|97,29|5,32|20,97|3,76/30,17=30,49,7,90,17
83,49|48,78|46,63|48,45|44,43|51,22|37,51|60,24|3,46|48,3|84,27|24,90|49,84|90,73|43,28|45,44|48,60|63,30|48,83|78,37/48,22=48,78,37,51,22
94,15|75,88|75,72|40,21|71,99|72,40|21,8|34,71|32,91|88,23|75,34|23,39|95,64|75,7|7,94|99,96|39,24|75,32|91,95|15,77/75,64=75,32,91,95,64
66,65|96,91|43,7|43,98|48,90|19,66|81,54|68,59|43,44|23,25|54,96|25,68|43,23|37,34|90,73|98,19|7,37|44,48|34,72|43,81/43,72=43,7,37,34,72
38,30|43,15|64,14|66,43|10,9|48,28|38,98|38,10|1,34|28,80|30,66|49,60|22,51|98,8|38,48|8,49|9,64|38,1|34,22|80,47/38,15=38,30,66,43,15
18,62|81,1|23,31|8,6|41,40|4,20|5,81|8,21|40,12|21,41|1,38|8,23|6,34|20,79|31,18|34,70|8,5|8,93|93,4|70,52/8,38=8,5,81,1,38
67,75|56,71|0,24|92,56|98,83|61,12|12,14|83,0|61,78|80,10|10,21|14,68|61,38|73,67|68,77|61,80|21,25|78,73|38,92|61,98/61,24=61,98,83,0,24
37,97|87,92|92,91|40,96|42,11|20,28|96,82|87,30|87,40|87,21|3,62|87,20|11,53|45,74|30,42|4,45|21,4|28,37|82,16|91,3/87,74=87,21,4,45,74
50,7|88,46|97,89|10,30|10,52|76,99|10,97|92,37|73,24|24,20|77,94|30,88|46,13|64,92|52,64|10,73|7,77|20,63|89,76|10,50/10,63=10,73,24,20,63
15,74|10,78|57,2|57,95|34,42|78,46|60,72|2,34|57,77|26,60|86,5|45,90|74,97|95,10|57,55|90,86|42,80|77,15|55,26|57,45/57,72=57,55,26,60,72
54,38|73,56|32,10|10,71|73,54|73,69|6,80|69,61|93,76|56,98|38,6|94,59|20,62|90,32|98,93|35,94|73,25|73,90|25,35|61,20/73,76=73,56,98,93,76
20,42|37,10|67,73|84,51|52,8|3,20|87,71|43,52|43,95|12,84|80,87|71,18|43,3|10,26|95,12|43,80|42,93|26,33|8,67|43,37/43,18=43,80,87,71,18
61,99|71,97|16,61|32,42|16,19|16,71|16,17|46,94|19,69|98,62|91,43|33,46|17,91|69,98|97,80|60,33|99,32|80,48|16,60|43,59/16,94=16,60,33,46,94
88,11|53,32|1,26|46,86|17,40|11,95|87,67|26,46|67,17|12,53|88,1|41,13|88,87|88,30|25,60|32,73|96,41|30,96|88,12|95,25/88,60=88,11,95,25,60
8,85|62,35|79,6|46,67|74,16|5,79|28,65|85,59|33,5|83,93|46,14|65,74|67,8|92,83|35,61|46,28|46,33|13,62|46,13|14,92/46,59=46,67,8,85,59
54,71|42,24|61,3|92,51|47,77|36,93|51,54|64,49|44,14|82,64|24,36|82,42|14,61|38,47|62,0|82,38|82,92|49,62|77,99|82,44/82,0=82,64,49,62,0
31,8|45,97|72,84|8,30|68,46|18,91|18,92|12,55|11,85|18,31|76,23|30,28|85,45|18,11|46,76|84,77|91,72|18,68|52,12|92,52/18,77=18,91,72,84,77
92,9|72,42|19,85|43,68|60,59|68,19|50,35|91,60|14,39|4,41|41,50|39,72|4,43|4,80|59,25|80,38|35,74|4,14|38,92|4,91/4,9=4,80,38,92,9
32,82|64,0|98,57|72,6|77,83|41,32|69,77|23,69|24,41|23,64|92,72|12,93|60,17|87,92|23,98|83,1|23,87|23,24|57,60|0,12/23,82=23,24,41,32,82
16,12|87,83|29,74|39,41|65,43|39,31|41,98|74,38|39,29|23,15|15,16|39,23|81,69|31,81|35,27|98,87|27,65|39,35|38,18|69,76/39,43=39,35,27,65,43
55,82|24,80|82,19|70,93|1,40|9,75|40,12|70,55|22,35|93,1|31,38|70,47|80,31|70,10|35,85|46,9|19,92|47,46|70,24|10,22/70,75=70,47,46,9,75
65,25|41,80|24,76|19,99|65,50|65,41|50,30|65,3|65,74|80,84|74,24|67,98|92,46|84,53|76,9|3,96|96,92|72,19|30,67|25,72/65,53=65,41,80,84,53
49,20|33,72|79,42|3,38|55,46|72,28|49,33|38,45|17,22|49,17|20,79|49,78|44,52|45,93|28,65|42,63|22,44|49,3|78,55|46,87/49,63=49,20,79,42,63
93,18|99,83|96,72|25,50|50,16|49,4|4,28|93,36|79,8|93,47|47,99|36,96|83,35|28,7|93,49|72,80|18,25|93,64|8,10|64,79/93,16=93,18,25,50,16
90,48|4,6|82,33|25,96|9,22|2,80|82,78|66,64|96,66|22,71|5,4|95,2|82,50|82,25|50,9|82,90|78,5|33,95|49,41|48,49/82,6=82,78,5,4,6
37,41|37,17|99,94|58,12|41,58|86,99|55,67|76,27|67,35|0,86|27,73|37,55|12,31|17,76|89,30|78,89|83,78|35,36|37,83|37,0/37,30=37,83,78,89,30
91,79|90,7|18,26|20,17|17,85|11,46|61,58|43,34|58,11|46,95|61,43|7,18|61,16|16,20|87,91|61,87|79,13|63,25|61,90|34,63/61,95=61,58,11,46,95
6,68|17,31|45,90|92,34|16,1|91,29|91,61|61,45|91,57|25,56|56,19|91,6|68,16|91,26|26,92|90,96|34,8|54,17|29,54|57,25/91,31=91,29,54,17,31
54,97|13,65|87,68|15,40|58,54|84,56|65,41|96,50|87,15|56,93|87,13|68,96|41,53|40,7|0,58|93,4|87,84|7,26|50,51|87,0/87,4=87,84,56,93,4
39,9|5,19|47,39|9,78|37,51|6,41|42,14|37,93|51,31|31,6|50,84|93,2|37,47|75,8|37,5|2,42|37,74|74,87|87,75|19,50/37,14=37,93,2,42,14
30,27|3,96|44,56|74,44|90,3|19,24|83,10|30,40|69,51|92,19|30,69|30,92|24,2|40,90|59,79|88,95|27,74|30,59|79,88|51,83/30,10=30,69,51,83,10
1,23|42,73|73,94|19,52|19,68|52,1|19,30|19,43|76,6|19,67|44,24|23,64|30,42|24,14|43,54|4,76|77,91|54,77|68,4|67,44/19,14=19,67,44,24,14
45,50|20,6|80,17|41,99|95,88|26,89|80,45|17,20|88,75|50,41|2,58|80,95|58,26|37,13|75,16|80,37|60,48|80,2|13,60|6,55/80,55=80,17,20,6,55
97,11|30,55|30,50|30,33|29,65|75,54|62,97|19,89|54,88|61,67|50,62|30,96|33,29|34,19|67,44|44,43|55,75|96,34|65,68|30,61/30,68=30,33,29,65,68
25,20|62,25|62,19|99,54|86,21|62,44|68,8|24,12|73,24|20,99|69,9|44,68|62,73|3,86|62,69|12,23|9,16|8,38|16,47|19,3/62,23=62,73,24,12,23
88,30|87,3|41,2|92,48|38,41|26,92|19,94|74,46|48,51|38,26|2,73|94,53|38,1|38,19|1,63|73,67|38,87|53,68|63,88|3,74/38,67=38,41,2,73,67
8,40|8,12|5,84|47,1|24,42|8,5|76,49|45,47|78,45|42,96|40,48|48,25|49,0|12,76|73,24|8,73|8,78|84,64|25,88|64,59/8,88=8,40,48,25,88
81,3|26,38|92,26|68,48|18,11|3,96|68,4|57,28|4,86|42,92|68,42|86,13|0,57|13,49|23,81|68,23|68,0|28,36|48,35|35,18/68,36=68,0,57,28,36
23,73|84,75|23,44|21,7|13,83|23,79|23,31|31,77|22,13|79,69|77,70|87,40|73,22|70,74|44,78|69,63|63,41|78,21|40,84|23,87/23,41=23,79,69,63,41
81,10|58,73|58,13|58,43|62,83|69,31|58,4|23,93|66,69|58,41|43,15|88,81|41,46|13,88|46,26|15,62|26,54|73,2|4,66|2,23/58,93=58,73,2,23,93
76,74|99,32|99,61|74,50|99,69|61,20|12,52|25,45|95,67|97,26|82,97|67,23|99,82|94,42|26,65|32,95|99,12|69,76|20,25|52,94/99,42=99,12,52,94,42
15,27|97,37|56,66|88,60|6,96|66,9|84,56|2,63|26,2|60,28|88,15|27,36|88,6|88,84|88,26|28,76|96,97|76,7|63,85|36,69/88,7=88,60,28,76,7
28,76|60,89|69,38|28,51|68,85|35,44|4,79|57,77|51,68|85,5|44,90|28,60|79,3|84,35|28,84|76,4|77,69|28,57|83,98|89,83/28,3=28,76,4,79,3
39,28|7,56|33,73|93,81|39,43|43,78|39,30|39,7|81,44|22,20|39,93|78,38|28,32|65,87|13,65|30,13|44,94|56,22|32,33|38,61/39,61=39,43,78,38,61
21,62|21,23|17,34|6,29|85,49|73,2|62,83|51,30|34,8|8,41|29,59|23,6|21,32|21,17|49,84|32,85|2,12|83,51|12,11|21,73/21,30=21,62,83,51,30
92,86|72,81|19,22|88,95|6,94|10,39|71,10|97,99|71,91|71,49|39,88|91,19|94,70|71,6|99,48|22,59|49,97|81,92|71,72|70,79/71,59=71,91,19,22,59
52,92|52,5|77,10|20,77|24,50|52,85|69,20|52,51|85,29|92,3|38,89|78,38|50,73|5,24|52,69|3,76|29,90|51,78|90,94|76,2/52,89=52,51,78,38,89
74,9|61,73|9,54|31,68|62,41|54,83|74,90|73,13|41,53|13,89|83,22|24,56|74,61|45,62|28,24|86,28|68,64|74,86|74,45|90,31/74,22=74,9,54,83,22
79,90|23,44|44,3|21,57|90,47|62,20|21,17|1,6|0,67|57,0|41,34|34,88|67,5|21,62|47,64|21,23|20,1|21,79|17,41|3,97/21,5=21,57,0,67,5
91,46|60,67|89,43|20,96|93,34|59,28|99,90|90,64|64,6|4,23|86,93|99,60|99,91|99,18|18,86|67,89|96,4|46,59|6,94|99,20/99,34=99,18,86,93,34
53,27|73,39|25,34|27,60|0,65|0,25|62,99|0,37|86,15|39,97|65,53|89,62|37,73|47,59|0,86|34,47|99,72|77,93|0,89|15,77/0,93=0,86,15,77,93
0,99|90,8|19,16|58,22|18,57|52,0|58,40|40,43|73,81|12,66|58,90|58,12|66,28|50,38|28,61|58,73|8,19|81,18|43,50|22,52/58,57=58,73,81,18,57
37,7|94,15|94,28|94,73|58,4|27,31|94,57|4,61|6,60|47,37|73,6|57,76|16,95|76,22|60,25|95,27|28,58|22,53|94,16|15,47/94,61=94,28,58,4,61
90,61|13,17|63,85|86,1|71,63|73,27|61,86|71,78|6,45|71,57|28,75|57,33|71,73|85,40|78,41|40,7|41,13|27,28|33,6|71,90/71,45=71,57,33,6,45
48,63|33,67|51,42|42,91|16,0|64,16|46,37|14,46|64,18|63,89|18,93|19,98|64,84|64,8|8,48|64,51|91,58|84,14|0,33|93,19/64,89=64,8,48,63,89
99,21|4,15|24,33|68,98|36,94|21,26|20,74|98,52|40,36|40,6|40,19|94,4|33,67|75,20|89,75|6,99|42,24|40,89|19,68|40,42/40,26=40,6,99,21,26
1,67|7,33|38,16|65,62|17,66|61,17|44,3|9,52|9,68|9,38|3,71|33,81|13,7|62,97|16,1|68,65|41,61|52,44|9,41|9,13/9,71=9,52,44,3,71
2,9|82,95|2,43|9,13|2,85|30,36|90,69|51,92|69,25|3,98|85,73|92,82|98,28|72,79|63,90|13,30|73,72|2,63|2,51|43,3/2,28=2,43,3,98,28
43,84|2,54|58,24|47,58|24,29|2,47|22,15|2,25|60,77|59,44|77,34|34,4|44,37|25,52|2,92|92,59|2,60|89,43|52,22|54,89/2,84=2,54,89,43,84
83,67|32,83|36,54|15,30|2,38|32,2|38,36|14,23|30,80|20,14|63,16|21,71|32,28|16,79|32,0|28,63|89,15|32,89|0,20|67,21/32,79=32,28,63,16,79
90,3|7,66|7,20|27,56|80,99|7,90|56,79|7,51|7,27|91,59|79,14|45,80|3,88|20,45|88,64|51,91|50,17|66,94|94,50|59,63/7,14=7,27,56,79,14
68,11|36,6|71,49|71,86|65,88|44,45|71,77|71,31|88,44|86,19|39,10|26,36|31,26|93,7|0,68|49,0|10,72|19,93|77,39|71,65/71,72=71,77,39,10,72
2,76|37,25|37,96|42,29|37,42|77,99|46,77|99,86|96,55|37,46|9,24|59,27|71,6|25,2|11,60|76,62|37,71|6,9|55,59|29,11/37,24=37,71,6,9,24
86,83|67,57|5,87|62,80|29,30|32,27|66,14|0,67|80,5|68,38|27,0|32,68|83,21|38,2|30,66|2,34|32,29|32,86|21,18|32,62/32,34=32,68,38,2,34
65,56|50,64|50,82|50,12|64,52|72,66|50,72|87,42|55,1|12,76|42,36|76,43|50,87|43,35|36,98|52,65|66,9|48,55|82,48|9,40/50,35=50,12,76,43,35
53,55|8,33|54,69|75,30|54,16|54,32|55,96|32,53|33,20|71,94|69,8|74,66|36,71|54,90|3,62|15,3|90,15|54,74|66,75|16,36/54,62=54,90,15,3,62
22,96|98,72|98,78|96,37|54,71|72,68|9,56|66,12|71,16|98,22|37,47|98,94|98,39|56,75|94,54|39,9|14,1|68,66|78,14|1,11/98,75=98,39,9,56,75
12,14|43,19|12,69|30,11|19,88|94,93|93,91|69,99|86,59|72,86|12,53|11,66|14,72|12,30|66,95|91,73|60,22|99,60|53,43|12,94/12,88=12,53,43,19,88
6,56|6,53|9,88|80,73|58,9|6,58|36,87|56,80|86,36|88,13|99,70|6,54|73,30|87,76|18,93|53,63|54,99|6,86|70,26|63,18/6,26=6,54,99,70,26
74,96|95,74|50,95|63,87|69,94|83,69|62,64|11,83|64,48|50,68|96,12|50,63|50,11|68,71|18,73|71,92|92,15|87,18|50,57|57,62/50,15=50,68,71,92,15
13,80|5,2|32,50|45,67|52,45|32,83|6,86|70,13|55,5|32,56|81,52|80,66|83,30|99,6|50,55|30,87|32,70|56,99|32,81|87,51/32,51=32,83,30,87,51
20,53|49,5|66,90|17,46|46,97|85,20|85,80|85,44|85,9|70,57|57,22|5,72|80,17|67,70|53,47|44,66|85,67|47,74|9,49|90,25/85,74=85,20,53,47,74
17,80|94,21|21,66|5,28|97,88|20,10|96,17|66,93|94,12|12,81|88,51|2,56|94,96|95,97|94,2|80,55|94,95|56,20|81,5|93,59/94,51=94,95,97,88,51
25,12|46,3|97,30|46,45|69,88|99,15|15,22|46,69|36,64|94,97|16,53|92,5|3,94|46,61|45,99|12,74|46,16|88,36|61,25|53,92/46,5=46,16,53,92,5
64,51|6,84|61,56|37,64|6,37|22,66|48,22|47,27|56,44|79,46|49,48|6,49|84,47|6,79|46,36|6,63|36,19|63,61|51,76|27,60/6,19=6,79,46,36,19
97,48|50,69|69,84|1,49|50,34|29,85|33,68|41,6|49,29|50,76|76,63|48,64|94,92|50,74|34,97|46,41|74,46|50,1|84,94|63,33/50,85=50,1,49,29,85
54,72|72,37|60,87|4,20|44,54|66,82|66,36|38,76|40,49|82,51|0,5|49,0|66,40|66,44|66,4|36,38|23,8|20,60|76,84|51,23/66,87=66,4,20,60,87
89,62|11,75|11,34|65,78|43,65|75,23|78,69|11,33|15,24|33,39|12,8|23,73|56,18|39,12|62,15|73,80|18,83|11,43|11,89|34,56/11,8=11,33,39,12,8
1,80|87,88|86,83|87,86|91,69|21,27|2,1|74,14|87,52|37,59|52,21|69,28|83,74|27,70|31,91|87,31|59,17|76,2|88,37|87,76/87,17=87,88,37,59,17
32,27|15,39|67,28|91,14|70,67|69,73|39,86|27,16|43,85|32,8|32,43|16,91|47,60|8,70|32,9|32,6|9,15|60,29|6,47|85,69/32,14=32,27,16,91,14
7,40|7,60|60,52|7,1|40,29|7,80|7,55|32,3|75,93|80,53|29,89|89,64|55,75|53,30|52,50|30,51|3,13|93,73|1,32|50,43/7,51=7,80,53,30,51
53,52|73,40|12,83|57,73|83,9|48,58|52,4|79,57|33,27|79,33|40,89|5,53|79,12|9,32|79,5|56,8|79,77|77,46|27,48|46,56/79,58=79,33,27,48,58
32,15|29,4|87,65|50,55|36,32|36,54|93,80|65,90|10,88|36,50|97,9|48,97|36,87|88,29|36,10|54,48|95,64|90,76|15,95|55,93/36,64=36,32,15,95,64
85,5|66,67|91,1|87,50|28,39|69,28|85,10|88,91|79,15|15,87|99,66|39,43|85,99|63,16|54,63|67,46|10,54|85,79|5,88|85,69/85,46=85,99,66,67,46
87,71|45,90|53,11|90,72|1,34|11,9|28,77|77,87|28,16|27,53|12,85|85,78|41,1|28,27|28,12|71,82|6,41|28,6|16,45|78,91/28,82=28,77,87,71,82
59,61|59,2|38,85|13,38|59,90|2,13|42,55|90,60|73,77|61,81|45,47|64,74|28,91|59,73|60,42|91,64|77,58|81,45|59,28|58,84/59,55=59,90,60,42,55
35,32|39,35|47,39|17,14|78,30|59,99|95,11|45,95|82,78|31,56|99,19|10,87|59,47|59,31|19,17|28,82|59,28|58,45|59,58|56,10/59,32=59,47,39,35,32
39,28|7,56|22,20|93,81|39,43|43,78|39,30|39,7|81,33|44,94|39,93|78,38|28,32|65,87|13,65|30,13|33,73|56,44|32,22|38,61/39,61=39,43,78,38,61
75,3|8,87|8,33|13,72|24,2|12,97|97,89|28,24|8,75|72,47|99,30|33,13|2,32|87,10|10,99|8,85|8,28|20,14|3,20|85,12/8,89=8,85,12,97,89
39,23|38,4|91,53|61,57|30,3|54,77|56,42|38,56|72,32|3,40|23,33|28,54|4,28|32,91|38,30|38,34|42,61|40,46|38,72|34,39/38,57=38,56,42,61,57
47,20|67,61|90,14|20,34|4,45|7,27|39,58|39,47|16,96|39,67|30,4|96,51|57,1|61,90|39,57|39,55|55,16|1,7|58,30|34,86/39,51=39,55,16,96,51
85,10|1,31|7,69|99,72|72,14|52,99|14,74|92,83|84,50|52,92|52,64|60,1|52,47|64,60|83,85|52,7|47,30|69,55|30,84|55,75/52,31=52,64,60,1,31
37,95|92,28|36,30|25,12|30,40|78,11|8,50|12,93|4,3|11,37|4,78|4,73|46,8|40,31|73,46|28,14|3,92|4,36|93,83|4,25/4,31=4,36,30,40,31
16,13|69,41|81,69|17,24|81,47|41,7|13,3|81,17|51,98|12,25|98,37|67,71|47,51|29,16|71,77|77,64|81,29|7,88|81,67|24,12/81,25=81,17,24,12,25
59,85|57,65|91,66|36,40|71,6|64,57|72,9|5,94|40,5|36,72|67,91|36,15|75,71|66,14|9,59|15,64|6,25|36,75|36,67|94,45/36,14=36,67,91,66,14
50,64|53,50|38,13|24,58|86,43|25,14|82,86|4,82|11,25|24,4|39,70|96,75|24,53|64,46|24,38|92,65|13,96|24,39|58,11|70,92/24,43=24,4,82,86,43
22,61|56,82|27,86|41,22|49,38|31,39|19,56|82,10|36,47|25,77|31,25|2,87|31,19|39,41|91,16|77,49|87,36|86,91|31,27|31,2/31,10=31,19,56,82,10
63,18|39,62|65,1|67,70|79,52|40,41|1,14|62,36|63,19|63,96|19,39|2,61|63,40|52,76|63,79|76,57|96,65|41,2|18,15|15,67/63,36=63,19,39,62,36
69,45|1,47|95,26|67,21|1,60|75,29|47,86|1,28|28,95|45,30|30,62|21,75|71,6|60,91|1,67|1,69|86,11|11,96|26,16|91,71/1,96=1,47,86,11,96
89,85|19,95|89,75|95,50|85,39|12,19|75,86|36,88|89,14|86,36|76,31|2,26|23,49|26,51|14,2|89,76|11,38|39,23|31,11|89,12/89,50=89,12,19,95,50
29,13|0,42|86,51|96,46|96,32|28,73|4,26|96,2|91,39|37,29|96,88|88,95|26,86|2,28|32,37|96,4|95,91|73,52|71,0|46,71/96,51=96,4,26,86,51
88,7|40,77|59,86|44,35|0,19|85,24|24,52|52,44|86,81|89,40|85,80|94,0|56,89|13,88|85,59|85,56|85,94|80,13|81,22|19,58/85,77=85,56,89,40,77
90,19|23,83|90,23|82,58|83,20|8,63|63,26|26,67|97,84|71,97|81,98|90,8|20,99|98,94|62,82|90,68|94,42|68,71|90,81|19,62/90,99=90,23,83,20,99
50,39|52,35|18,38|35,22|42,91|49,71|50,21|38,49|91,89|39,36|36,48|50,42|81,51|37,52|51,63|50,18|89,30|50,37|48,87|21,81/50,63=50,21,81,51,63
20,56|51,81|4,94|81,21|56,65|22,87|28,68|0,22|28,49|19,0|68,20|9,4|11,9|28,16|28,19|28,11|16,51|49,88|95,62|88,95/28,94=28,11,9,4,94
28,89|26,66|98,28|88,37|52,19|6,67|67,68|37,11|6,90|68,14|18,10|6,52|14,35|66,80|56,98|90,88|19,18|80,93|6,56|6,26/6,89=6,56,98,28,89
76,2|15,76|3,31|15,38|37,71|15,22|21,41|12,13|31,9|53,62|2,78|22,87|41,53|9,5|38,48|78,59|87,37|15,21|48,12|15,3/15,71=15,22,87,37,71
40,39|77,12|83,49|49,56|40,14|40,91|6,5|91,82|14,83|96,93|66,6|12,48|40,66|5,65|40,77|82,71|71,73|39,34|34,96|48,89/40,56=40,14,83,49,56
99,15|17,36|48,99|73,85|66,48|95,8|66,76|86,94|66,38|15,56|85,33|8,88|38,95|60,17|66,73|76,60|14,86|66,14|33,72|94,68/66,68=66,14,86,94,68
69,79|26,69|26,90|34,88|26,34|88,13|92,58|53,47|13,8|79,83|75,67|87,53|90,95|83,21|47,93|95,52|26,87|58,75|26,92|52,71/26,8=26,34,88,13,8
34,1|0,52|74,69|0,9|0,63|78,15|9,7|45,3|54,34|7,51|69,11|3,85|51,38|0,74|52,78|18,45|11,22|63,54|15,91|0,18/0,22=0,74,69,11,22
66,84|91,66|25,2|95,12|47,43|21,91|78,47|95,78|12,85|97,90|95,82|98,76|85,25|95,21|59,28|95,98|82,59|43,35|28,52|76,97/95,35=95,78,47,43,35
86,8|68,95|71,68|51,0|62,66|67,56|71,18|71,22|66,39|32,11|84,21|95,32|71,36|21,52|18,84|36,86|22,62|71,51|0,67|8,83/71,52=71,18,84,21,52
84,37|71,3|10,4|73,1|40,71|73,95|43,10|14,69|7,83|73,43|35,14|28,7|95,40|4,55|37,20|69,78|1,84|56,28|73,56|73,35/73,20=73,1,84,37,20
29,57|52,38|57,72|89,0|72,91|2,28|36,31|88,90|1,68|1,49|1,2|38,88|64,51|28,64|1,52|49,71|1,29|34,36|68,34|71,89/1,91=1,29,57,72,91
59,67|77,40|51,77|97,50|60,11|79,49|3,79|30,51|97,56|97,30|53,9|52,4|9,52|97,80|50,84|80,59|97,53|84,60|56,3|67,93/97,11=97,50,84,60,11
16,45|80,3|67,82|73,2|95,90|83,65|29,39|81,19|3,62|67,95|86,80|2,29|19,35|67,73|67,86|90,83|40,60|67,40|82,81|60,16/67,35=67,82,81,19,35
60,0|39,69|82,60|29,17|11,77|8,2|48,43|11,48|77,8|4,7|2,30|86,4|69,29|43,71|11,82|11,39|71,68|72,86|11,72|0,75/11,17=11,39,69,29,17
15,83|9,3|15,80|84,98|15,18|22,95|98,2|33,84|57,14|13,78|15,33|80,9|12,91|78,57|91,45|18,41|3,8|83,12|41,22|15,13/15,8=15,80,9,3,8
73,65|21,1|9,60|60,83|2,57|64,21|57,45|9,99|56,53|72,52|99,35|32,4|45,39|87,64|9,87|35,73|83,56|9,2|52,32|9,72/9,4=9,72,52,32,4
28,52|39,38|22,43|91,39|48,92|20,91|20,33|20,99|17,61|92,90|99,84|52,17|86,48|20,28|21,81|84,22|38,32|33,49|49,21|20,86/20,43=20,99,84,22,43
66,59|4,83|83,86|5,8|36,4|5,50|37,39|8,65|5,26|84,55|74,60|33,74|43,84|5,43|26,37|50,33|55,19|65,66|5,36|39,98/5,98=5,26,37,39,98
88,69|54,60|10,36|73,26|9,84|6,73|42,9|60,10|54,42|8,43|26,47|54,6|43,16|54,88|69,65|16,79|54,8|84,30|36,90|65,25/54,25=54,88,69,65,25
0,89|50,40|0,48|31,4|93,83|57,93|80,79|1,31|0,57|4,63|51,81|0,1|0,95|36,50|95,37|81,23|37,80|89,51|48,36|83,75/0,23=0,89,51,81,23
56,71|2,92|23,64|55,44|79,66|55,73|44,48|96,34|55,2|48,56|73,23|55,20|92,79|27,62|55,42|64,28|34,84|20,96|24,27|42,24/55,84=55,20,96,34,84
81,9|48,67|44,12|81,99|62,16|9,72|69,8|72,44|23,38|81,23|0,62|80,0|38,31|99,48|31,60|81,80|66,22|67,71|81,66|22,69/81,12=81,9,72,44,12
1,64|29,24|59,97|88,51|24,88|29,54|21,22|22,20|53,55|54,59|29,93|97,0|29,63|29,1|66,47|51,98|63,53|64,66|55,43|93,21/29,98=29,24,88,51,98
31,69|31,96|4,41|29,9|22,29|31,43|18,32|31,21|21,92|96,8|92,93|31,75|93,38|41,80|8,30|69,4|30,15|43,22|75,18|32,26/31,9=31,43,22,29,9
50,89|73,7|42,50|1,55|84,1|74,58|13,74|5,97|33,19|7,36|65,73|33,91|21,42|97,3|19,84|91,5|33,13|33,21|58,98|33,65/33,89=33,21,42,50,89
31,9|14,32|67,98|75,48|32,85|14,75|14,37|55,74|93,56|14,93|37,38|69,73|87,95|82,45|85,82|9,87|14,31|56,67|38,69|48,55/14,45=14,32,85,82,45
69,3|94,6|90,52|69,94|36,88|38,10|67,70|23,20|42,17|3,67|70,25|6,42|21,41|88,99|41,23|99,71|10,90|69,36|69,38|69,21/69,17=69,94,6,42,17
89,27|89,84|89,8|22,17|84,70|27,35|48,72|73,44|72,88|78,48|38,52|89,38|89,78|20,67|8,20|52,73|70,60|60,16|67,28|35,22/89,88=89,78,48,72,88
91,95|1,67|46,4|50,80|31,2|1,91|72,89|12,30|1,73|96,72|26,76|73,32|32,26|4,29|75,96|80,12|67,46|1,50|1,75|95,31/1,76=1,73,32,26,76
39,22|20,68|20,64|64,52|53,39|59,36|46,45|21,59|20,80|50,53|68,43|89,21|97,47|52,97|20,50|77,44|60,46|43,77|80,60|20,89/20,36=20,89,21,59,36
51,37|37,92|42,93|83,78|16,94|59,43|7,53|38,80|83,51|19,48|92,69|78,59|93,16|97,81|53,38|83,19|48,97|43,90|83,42|83,7/83,69=83,51,37,92,69
41,31|22,77|26,19|26,89|58,54|54,39|26,95|55,67|47,98|26,43|19,58|26,71|77,75|89,22|78,47|95,74|31,80|43,78|71,41|74,55/26,75=26,89,22,77,75
83,11|42,74|26,42|20,59|97,18|31,27|31,26|75,97|59,1|29,36|27,75|31,83|93,29|31,62|62,93|11,21|31,20|74,57|21,30|1,34/31,36=31,62,93,29,36
48,61|34,37|48,55|55,44|48,83|72,23|42,72|61,70|48,35|5,71|75,13|25,2|17,75|35,42|77,34|83,77|44,25|81,17|48,81|70,5/48,71=48,61,70,5,71
91,11|42,2|36,23|58,4|64,30|64,20|64,52|52,63|83,99|64,91|30,36|20,83|64,26|26,94|23,76|55,77|94,55|99,7|63,42|11,58/64,4=64,91,11,58,4
85,4|87,83|17,92|4,43|85,98|14,3|16,59|3,16|83,62|43,93|5,87|85,18|72,51|18,50|50,17|85,5|98,34|93,52|34,72|85,14/85,92=85,18,50,17,92
94,3|15,71|75,42|6,9|3,51|77,79|42,6|92,75|71,73|92,56|92,22|73,84|7,97|48,77|92,15|92,48|56,94|22,55|55,7|79,69/92,9=92,75,42,6,9
69,73|72,28|1,97|78,57|27,6|62,91|6,98|73,1|56,2|41,72|84,78|84,69|57,56|61,41|84,11|84,62|84,61|59,80|91,59|11,27/84,2=84,78,57,56,2
13,25|1,79|13,29|39,90|10,54|27,88|79,10|13,59|14,39|13,84|3,67|59,89|84,14|25,48|13,1|63,33|89,27|29,68|48,63|68,3/13,54=13,1,79,10,54
44,66|58,57|98,74|5,39|57,44|67,43|58,26|31,89|74,67|58,98|65,73|40,65|58,63|26,40|63,62|58,31|62,47|66,1|89,5|47,64/58,43=58,98,74,67,43
39,22|91,36|18,38|14,76|14,91|76,18|1,69|40,11|14,40|16,33|83,1|69,17|38,97|33,39|35,64|36,9|14,83|9,4|11,35|14,16/14,4=14,91,36,9,4
95,25|48,78|85,64|58,12|77,85|4,68|25,48|53,3|58,84|60,94|58,95|58,93|93,19|58,4|12,53|19,60|96,18|3,52|68,96|84,77/58,52=58,12,53,3,52
89,23|64,4|21,40|31,56|77,31|22,26|77,37|23,80|14,89|74,19|77,14|8,93|4,15|77,62|37,36|56,22|40,74|77,21|36,8|62,64/77,19=77,21,40,74,19
61,40|42,11|16,6|23,12|6,23|16,97|12,31|16,81|16,19|4,42|19,4|97,72|16,0|81,61|72,69|69,59|88,50|44,88|40,14|0,44/16,14=16,81,61,40,14
26,77|13,54|17,74|56,16|56,99|56,26|32,15|60,63|16,92|56,98|62,13|98,17|99,32|56,62|54,58|77,94|74,28|15,41|94,51|92,60/56,28=56,98,17,74,28
30,45|44,30|69,33|5,99|51,3|98,50|17,94|64,87|3,5|27,18|23,64|45,37|16,17|16,44|16,56|16,98|50,27|94,69|56,23|16,51/16,37=16,44,30,45,37
20,41|27,75|41,53|5,7|18,27|53,37|18,38|97,5|18,20|38,16|91,13|43,44|18,85|3,43|18,3|75,91|51,32|16,51|44,58|85,97/18,32=18,38,16,51,32
31,69|31,96|4,30|29,9|22,29|31,43|18,32|31,21|21,92|96,8|92,41|31,75|41,80|30,15|8,93|69,4|93,38|43,22|75,18|32,26/31,9=31,43,22,29,9
21,10|73,96|64,57|57,59|89,3|10,43|86,42|4,39|19,76|19,64|30,21|42,36|59,9|76,4|19,89|3,73|36,37|19,30|19,86|39,79/19,9=19,64,57,59,9
63,26|58,91|23,98|38,67|53,31|10,15|45,49|42,63|38,44|44,42|30,58|49,23|38,75|5,53|38,61|15,86|61,10|38,45|75,30|67,5/38,98=38,45,49,23,98
97,13|19,74|25,62|32,66|62,73|97,7|73,57|40,51|13,95|66,82|7,40|24,19|95,18|18,38|97,25|50,32|51,96|26,24|97,50|97,26/97,38=97,13,95,18,38
95,89|22,83|81,22|95,23|1,52|52,41|59,68|23,77|55,72|41,97|95,1|89,59|95,26|68,71|78,63|95,18|94,78|18,94|26,81|77,55/95,72=95,23,77,55,72
49,89|45,12|62,26|9,6|60,59|14,60|37,31|14,37|39,45|14,39|92,30|31,49|14,9|55,48|32,55|14,72|12,76|72,32|6,62|59,92/14,76=14,39,45,12,76
96,36|50,75|96,50|72,15|18,72|30,79|36,77|8,30|75,71|96,54|96,8|73,51|79,44|96,37|6,73|84,17|37,18|54,6|71,47|77,84/96,15=96,37,18,72,15
11,3|3,46|45,56|2,1|66,85|45,44|56,37|45,96|16,8|23,66|37,49|43,65|95,16|1,43|45,41|45,2|49,25|96,23|44,11|41,95/45,25=45,56,37,49,25
95,82|44,86|61,92|11,71|40,29|65,67|0,40|95,8|86,16|52,46|95,11|91,84|8,12|95,91|71,65|68,44|95,68|82,0|12,61|84,52/95,46=95,91,84,52,46
31,25|0,90|46,70|72,46|21,20|33,50|70,31|69,7|72,69|95,0|32,45|20,34|72,32|30,40|72,47|45,33|47,21|72,95|90,82|7,30/72,50=72,32,45,33,50
7,39|91,12|44,51|76,20|72,95|12,72|43,28|65,19|76,65|9,92|69,43|30,69|39,41|76,44|76,30|58,40|51,58|20,7|19,9|76,91/76,95=76,91,12,72,95
55,54|55,92|57,85|85,98|72,46|55,5|53,45|63,27|91,53|55,63|61,91|41,87|54,29|27,60|5,57|92,41|87,48|60,66|55,61|29,72/55,45=55,61,91,53,45
81,37|16,33|60,36|9,99|5,16|93,68|13,81|60,5|56,46|33,74|99,56|42,67|3,15|60,9|35,42|15,93|60,69|36,35|60,3|69,13/60,67=60,36,35,42,67
62,28|76,62|21,17|23,76|3,30|23,31|23,9|89,21|56,64|23,2|2,89|28,34|23,19|37,72|14,3|31,96|96,37|88,56|19,14|9,88/23,34=23,76,62,28,34
90,22|80,21|68,71|42,75|3,86|79,68|30,7|3,32|39,72|22,80|96,42|3,96|3,20|31,30|3,90|75,28|20,39|86,31|72,27|32,79/3,27=3,20,39,72,27
98,88|57,10|88,69|67,56|72,25|48,67|10,40|69,94|57,92|51,77|54,44|57,81|40,54|77,83|25,71|71,31|57,72|57,98|92,48|81,51/57,94=57,98,88,69,94
36,28|70,42|36,81|31,35|63,70|7,98|28,33|81,0|91,77|50,31|38,91|84,69|35,95|36,94|0,7|36,63|42,46|36,50|33,84|94,38/36,69=36,28,33,84,69
59,46|71,77|69,25|82,91|46,95|22,74|22,21|21,64|22,1|98,62|22,98|62,85|1,82|22,42|42,59|64,69|74,71|85,88|91,38|77,7/22,88=22,98,62,85,88
76,41|64,11|74,88|96,86|36,31|11,2|53,95|64,36|95,46|90,40|64,44|31,96|80,67|64,53|44,80|46,37|64,76|67,51|41,90|2,74/64,40=64,76,41,90,40
31,9|14,32|55,74|75,48|32,85|14,75|14,37|69,73|93,56|14,93|37,38|67,98|87,95|82,45|85,82|9,87|14,31|56,55|38,67|48,69/14,45=14,32,85,82,45
18,16|62,39|62,19|89,55|17,47|39,67|47,82|62,25|35,72|62,65|67,60|19,89|72,18|83,58|55,30|60,14|56,83|25,56|65,17|62,35/62,14=62,39,67,60,14
97,1|73,66|66,99|28,36|60,28|44,87|50,58|94,44|36,79|31,22|60,73|79,4|22,92|60,94|60,31|58,97|99,21|92,45|60,50|87,62/60,4=60,28,36,79,4
44,45|50,85|44,31|45,67|99,62|31,2|13,99|37,73|44,13|44,87|83,0|73,63|2,16|67,83|87,37|71,50|16,43|42,71|62,77|44,42/44,43=44,31,2,16,43
41,9|97,30|81,55|30,45|19,10|4,13|89,35|87,81|51,66|38,87|19,4|78,41|9,57|82,51|19,38|19,78|19,97|10,82|45,58|13,89/19,35=19,4,13,89,35
49,73|99,67|38,48|43,89|45,55|35,76|55,62|38,43|38,34|38,45|73,66|89,35|62,4|34,25|38,99|67,82|83,61|48,49|82,27|25,83/38,61=38,34,25,83,61
2,9|30,36|2,43|9,13|2,85|69,25|90,82|51,92|82,95|3,98|85,73|92,30|98,28|72,79|63,90|13,69|73,72|2,63|2,51|43,3/2,28=2,43,3,98,28
58,41|32,27|72,48|53,74|23,86|77,32|94,43|58,94|48,10|86,14|10,64|41,84|68,95|66,23|84,68|33,77|58,33|58,72|43,53|58,66/58,64=58,72,48,10,64
42,91|9,75|75,71|35,85|46,35|27,94|89,67|98,70|57,5|5,27|89,46|70,13|71,19|67,59|59,42|89,9|89,57|13,31|85,15|89,98/89,94=89,57,5,27,94
35,67|72,33|18,50|24,31|24,41|78,97|54,10|41,12|12,18|61,95|15,87|24,61|31,84|53,17|95,15|17,78|84,54|24,72|24,53|33,35/24,50=24,41,12,18,50
5,62|68,79|84,71|80,68|50,85|75,18|9,56|21,5|84,75|71,50|79,28|84,80|62,31|67,9|87,42|18,87|56,8|84,21|85,58|84,67/84,42=84,75,18,87,42
10,8|4,91|93,41|94,36|11,4|32,96|11,66|70,32|11,10|72,54|8,93|11,42|34,72|42,75|75,94|66,34|91,18|18,12|11,87|87,70/11,12=11,4,91,18,12
44,14|45,93|75,82|36,75|93,34|6,17|42,65|18,6|18,85|18,43|39,74|62,96|14,39|18,44|17,62|65,29|88,45|18,88|43,42|85,36/18,96=18,6,17,62,96
0,51|10,72|26,46|91,53|53,75|60,99|81,23|10,81|21,44|99,0|10,60|23,14|10,91|95,26|46,1|72,12|75,65|10,95|12,21|14,49/10,49=10,81,23,14,49
38,40|78,81|36,92|40,26|11,43|27,16|27,35|27,38|37,73|26,71|42,11|35,52|27,54|27,68|73,93|92,32|54,42|52,78|68,37|16,36/27,81=27,35,52,78,81
41,3|28,7|0,17|92,38|95,0|56,82|97,92|14,97|28,56|30,26|7,61|28,33|61,30|3,6|28,14|6,10|82,67|33,95|28,41|67,32/28,38=28,14,97,92,38
49,58|86,7|86,83|77,23|86,97|58,19|11,51|86,66|26,8|86,11|35,30|8,87|7,26|42,62|51,77|83,42|62,12|66,35|97,49|30,50/86,23=86,11,51,77,23
56,44|51,68|69,56|29,73|86,51|73,58|40,46|91,95|35,38|35,69|68,65|60,91|83,40|35,60|35,18|44,49|95,45|38,29|35,86|18,83/35,65=35,86,51,68,65
60,99|60,26|33,13|31,16|99,42|30,93|83,39|38,14|90,83|60,54|42,31|34,75|60,34|13,69|60,30|26,90|54,33|94,55|75,94|93,38/60,69=60,54,33,13,69
61,72|61,80|61,47|65,12|83,55|28,48|50,83|2,37|92,76|84,65|61,84|23,2|47,50|96,28|17,92|61,17|72,96|76,53|12,21|80,23/61,53=61,17,92,76,53
87,12|82,41|6,84|49,16|22,24|22,79|10,33|48,13|77,49|23,1|1,48|22,10|16,39|32,6|12,2|33,82|22,23|79,32|22,77|24,87/22,13=22,23,1,48,13
77,59|94,48|58,91|58,31|58,85|91,12|38,33|47,77|56,94|54,5|31,82|93,56|12,38|35,47|85,54|82,40|40,28|58,35|5,22|58,93/58,33=58,91,12,38,33
67,78|25,85|58,64|64,40|40,28|38,96|52,72|4,65|77,38|58,25|58,10|58,4|85,52|58,90|78,79|10,77|63,61|65,63|28,34|90,67/58,61=58,4,65,63,61
6,83|50,1|38,80|11,20|86,74|47,11|80,86|67,6|52,55|84,71|67,47|40,53|67,38|27,40|67,84|71,50|67,27|83,52|20,95|53,65/67,65=67,27,40,53,65
10,30|30,95|0,6|68,35|97,68|22,11|11,67|46,49|31,53|6,31|97,34|45,26|34,22|7,46|97,7|35,45|97,4|49,98|4,10|97,0/97,95=97,4,10,30,95
7,42|64,88|56,64|78,99|86,35|35,70|70,66|26,93|7,56|44,26|7,86|61,33|85,61|36,44|48,78|88,9|19,85|7,19|42,48|7,36/7,33=7,19,85,61,33
56,62|19,24|4,96|19,65|74,28|19,59|19,8|28,70|24,71|17,30|88,89|65,78|83,74|71,17|59,4|19,83|8,88|89,90|96,38|78,56/19,90=19,8,88,89,90
91,54|82,97|55,78|82,76|20,39|69,91|94,20|76,51|47,56|82,67|82,4|4,69|67,63|90,94|51,65|63,47|82,90|65,22|64,55|97,64/82,22=82,76,51,65,22
18,5|51,70|19,47|73,51|76,69|18,34|18,9|17,39|18,84|5,19|84,67|34,73|0,75|18,76|69,0|47,63|9,26|67,35|35,46|26,17/18,63=18,5,19,47,63
66,98|88,7|93,27|53,17|75,93|94,45|75,30|92,34|69,50|34,66|42,51|27,88|18,53|75,94|75,92|47,69|45,42|30,47|73,18|75,73/75,98=75,92,34,66,98
15,83|9,3|15,80|84,91|15,18|98,2|91,45|33,84|57,14|13,78|15,33|80,9|12,22|78,57|22,95|18,41|3,8|83,12|41,98|15,13/15,8=15,80,9,3,8
97,41|50,69|69,84|1,49|50,34|29,85|33,68|94,92|49,29|50,76|76,63|41,6|48,64|50,74|34,97|46,94|74,46|50,1|84,48|63,33/50,85=50,1,49,29,85
95,39|13,97|48,14|5,21|15,30|22,66|6,53|24,65|15,24|21,48|77,20|30,11|15,89|50,95|11,6|15,5|89,50|15,13|65,22|97,77/15,66=15,24,65,22,66
49,2|97,58|54,66|97,56|9,68|14,26|23,45|97,49|97,57|57,89|79,14|88,65|56,83|97,94|89,88|29,23|83,9|94,29|2,54|58,79/97,68=97,56,83,9,68
14,77|62,38|67,14|41,96|98,81|76,4|86,91|57,76|67,92|38,42|36,63|92,36|77,86|30,62|67,30|51,57|81,41|67,51|67,98|63,85/67,96=67,98,81,41,96
22,51|22,41|87,20|22,69|93,33|67,37|33,28|74,19|22,89|69,93|51,67|22,59|38,87|89,39|41,38|19,83|39,62|37,12|62,5|59,74/22,20=22,41,38,87,20
97,96|46,35|4,64|45,4|52,12|12,90|16,97|64,50|10,7|45,57|41,16|7,36|3,1|45,80|80,10|45,3|50,2|1,46|45,41|57,52/45,36=45,80,10,7,36
21,15|92,76|39,55|74,45|92,29|25,77|92,50|15,12|55,58|98,25|76,98|92,74|7,47|9,79|29,39|92,21|12,44|50,36|45,7|36,9/92,44=92,21,15,12,44
16,38|12,90|90,66|20,47|10,16|75,12|87,73|24,34|80,67|10,75|67,6|34,94|6,33|10,31|10,80|38,87|86,20|31,86|84,24|10,84/10,94=10,84,24,34,94
79,59|17,29|38,99|27,25|71,73|36,71|73,98|15,21|96,82|29,90|96,47|25,57|96,27|82,17|47,79|57,3|96,15|59,12|21,38|96,36/96,98=96,36,71,73,98
78,16|78,59|82,11|33,89|76,42|16,92|78,21|32,73|88,50|1,69|69,86|92,33|78,82|78,32|20,62|11,76|73,88|59,28|21,1|28,20/78,50=78,32,73,88,50
89,17|27,89|49,35|27,62|87,31|17,15|56,72|15,40|81,48|72,92|92,83|27,56|35,81|27,49|65,18|80,65|27,94|94,80|31,82|62,87/27,82=27,62,87,31,82
23,99|71,33|51,43|6,14|62,80|43,3|10,20|91,15|23,61|61,2|14,55|52,97|23,52|80,10|99,6|23,62|97,91|23,77|77,51|2,71/23,20=23,62,80,10,20
2,71|19,94|71,18|14,93|10,24|46,22|18,84|63,37|51,54|93,63|56,16|22,56|46,14|82,78|78,10|16,17|46,2|46,19|46,82|94,51/46,54=46,19,94,51,54
36,89|32,48|99,54|1,16|39,42|2,99|1,36|89,39|1,50|50,7|1,82|9,35|35,28|82,9|54,74|3,95|1,2|7,32|16,3|95,33/1,48=1,50,7,32,48
39,59|12,39|93,31|2,12|2,58|10,33|59,41|22,20|2,4|33,47|4,93|31,81|43,44|89,69|2,43|44,22|2,10|47,34|58,89|69,46/2,34=2,10,33,47,34
6,38|37,86|57,85|85,30|52,36|37,57|2,15|90,32|86,76|22,90|17,6|30,29|32,33|76,52|37,89|64,27|37,22|37,64|27,2|89,17/37,38=37,89,17,6,38
31,30|62,18|41,10|44,79|77,85|85,86|68,24|75,6|81,0|86,44|77,8|24,88|8,81|77,62|77,41|10,75|88,90|18,31|0,60|77,68/77,30=77,62,18,31,30
10,48|94,76|94,51|94,88|57,78|51,10|78,41|93,79|94,57|74,20|68,15|41,30|94,38|88,74|79,39|38,93|20,32|48,26|15,66|76,68/94,30=94,57,78,41,30
76,80|76,34|18,28|76,59|12,81|76,39|28,29|65,54|80,84|59,23|39,18|54,11|92,20|34,65|20,90|76,92|90,45|23,12|16,82|84,16/76,45=76,92,20,90,45
67,41|98,97|92,90|16,66|21,71|24,53|97,74|32,49|8,32|90,36|49,67|35,7|8,98|74,39|8,16|8,35|66,24|7,21|89,92|8,89/8,39=8,98,97,74,39
19,84|2,68|68,91|24,35|92,45|88,49|8,76|91,33|97,8|85,40|9,88|85,24|85,92|85,2|44,9|45,13|13,6|85,44|40,97|35,19/85,76=85,40,97,8,76
10,48|94,76|94,51|94,88|57,78|51,10|78,41|93,20|94,57|74,15|68,79|41,30|94,38|88,74|20,32|38,93|15,66|48,26|79,39|76,68/94,30=94,57,78,41,30
18,64|42,95|37,18|37,70|99,22|37,77|84,33|92,6|10,42|83,82|70,10|33,75|17,84|80,83|6,63|64,99|37,4|37,17|77,92|4,80/37,75=37,17,84,33,75
5,60|32,13|13,20|81,32|70,18|39,81|99,65|79,1|39,25|39,70|12,21|25,79|18,99|80,16|60,59|39,80|39,5|16,12|1,91|59,54/39,54=39,5,60,59,54
21,25|90,53|61,79|47,30|14,58|96,77|77,70|29,96|38,50|58,90|21,14|39,69|21,47|25,61|40,39|69,63|21,29|30,38|21,40|79,34/21,63=21,40,39,69,63
89,85|19,95|89,75|95,50|85,39|12,19|75,86|11,38|89,14|86,11|76,31|2,36|23,49|36,88|14,2|89,76|26,51|39,23|31,26|89,12/89,50=89,12,19,95,50
38,94|0,78|26,35|44,97|70,27|41,96|35,36|26,31|14,39|34,41|72,7|31,34|94,16|26,38|26,70|16,43|27,72|26,14|39,0|36,44/26,7=26,70,27,72,7
89,85|19,95|89,75|95,50|85,39|12,19|75,86|26,51|89,14|86,26|76,31|2,11|23,49|11,38|14,2|89,76|36,88|39,23|31,36|89,12/89,50=89,12,19,95,50
58,4|70,39|41,44|75,37|56,71|71,89|84,41|2,63|21,22|88,28|75,90|75,2|75,70|90,84|75,56|74,58|89,55|37,74|39,21|63,88/75,4=75,37,74,58,4
32,34|83,10|43,9|85,97|87,93|87,81|66,22|34,66|84,43|33,83|97,64|31,85|87,84|93,33|87,31|87,32|19,28|81,19|9,21|28,50/87,22=87,32,34,66,22
66,23|36,35|84,63|54,48|87,64|64,66|96,61|88,84|88,56|68,73|48,55|88,21|21,68|56,41|88,87|41,36|73,19|82,54|88,82|63,96/88,23=88,87,64,66,23
6,5|32,48|17,45|40,76|26,24|40,6|22,21|83,97|40,10|38,22|52,83|40,52|76,77|97,39|14,23|77,32|40,14|10,38|23,26|5,17/40,24=40,14,23,26,24
21,1|45,39|9,60|60,83|2,57|64,45|57,73|9,99|56,53|72,52|99,35|32,4|73,65|87,64|9,87|35,21|83,56|9,2|52,32|9,72/9,4=9,72,52,32,4
42,59|38,50|0,24|36,8|62,77|72,84|85,15|50,85|77,39|42,62|42,38|24,2|8,72|73,65|59,73|42,36|65,20|42,55|39,46|55,0/42,46=42,62,77,39,46
31,67|59,61|21,56|99,4|49,69|7,50|59,23|23,49|59,83|83,72|44,99|72,21|67,60|61,7|69,81|39,31|50,93|4,34|59,44|59,39/59,34=59,44,99,4,34
89,1|34,90|48,72|40,5|1,41|89,70|2,16|5,8|47,7|70,34|89,33|33,40|94,64|72,52|52,76|64,47|89,94|90,92|89,48|41,2/89,8=89,33,40,5,8
55,77|41,24|74,28|85,29|35,9|48,75|58,98|28,31|29,65|35,58|98,13|13,14|54,66|61,74|35,55|35,54|9,85|66,48|77,41|35,61/35,75=35,54,66,48,75
40,69|93,78|35,93|98,44|44,77|98,27|98,84|3,15|69,92|15,25|84,35|37,72|72,87|52,40|98,52|98,37|27,3|20,86|77,20|87,80/98,78=98,84,35,93,78
47,29|12,54|77,51|11,14|5,0|61,9|53,64|98,58|55,77|14,98|90,11|15,31|54,5|44,55|64,61|90,44|90,12|90,47|90,53|29,15/90,0=90,12,54,5,0
37,13|45,40|63,19|37,63|20,59|37,9|55,35|37,45|40,93|19,97|93,71|16,55|97,88|59,50|37,14|9,20|13,16|23,62|30,23|14,30/37,62=37,14,30,23,62
78,97|72,33|18,50|24,31|24,41|15,87|54,10|41,12|12,18|61,95|35,67|24,61|31,84|53,17|95,35|17,15|84,54|24,72|24,53|33,78/24,50=24,41,12,18,50
39,58|40,80|58,37|55,40|55,28|86,61|15,8|83,15|50,36|55,39|55,72|99,91|1,83|37,54|95,86|80,99|36,18|55,1|28,50|72,95/55,18=55,28,50,36,18
78,95|99,92|8,42|98,46|64,74|92,68|61,18|53,37|18,53|42,78|74,39|20,99|34,64|46,59|61,20|43,98|37,54|61,34|61,43|61,8/61,39=61,34,64,74,39
89,26|36,66|59,24|37,77|56,73|73,32|59,37|59,4|5,16|59,22|63,85|11,5|77,63|50,35|59,50|66,52|4,36|22,56|24,11|35,89/59,52=59,4,36,66,52
31,26|90,94|36,85|46,96|90,81|85,32|20,48|94,91|81,68|90,31|91,46|90,36|66,64|48,50|32,4|26,66|90,20|8,33|68,8|50,42/90,96=90,94,91,46,96
17,34|20,54|78,8|27,30|77,17|30,58|6,14|5,24|90,78|19,90|54,35|20,16|16,27|20,77|86,5|20,61|34,87|61,86|35,6|20,19/20,58=20,16,27,30,58
83,37|39,14|17,72|46,75|37,97|72,53|88,69|39,17|39,44|39,88|52,81|44,83|85,77|53,20|2,94|39,46|69,2|77,24|14,85|75,52/39,81=39,46,75,52,81
33,20|52,66|83,2|98,28|46,98|78,41|66,6|1,16|46,87|82,33|87,1|46,74|74,83|16,35|28,78|46,52|6,30|43,82|46,43|2,96/46,41=46,98,28,78,41
13,14|14,85|38,91|89,37|89,38|89,86|89,94|94,13|95,35|74,60|37,74|35,79|59,41|99,42|60,72|16,99|86,95|42,30|89,16|91,59/89,41=89,38,91,59,41
15,3|78,25|58,78|93,46|98,17|19,98|82,70|46,10|33,79|19,33|19,97|19,35|4,42|74,92|97,58|79,4|3,82|35,93|19,15|17,74/19,10=19,35,93,46,10
17,24|88,31|82,17|10,59|89,36|95,38|88,22|36,61|88,78|23,10|88,23|91,95|59,37|31,89|88,32|47,65|22,82|65,67|78,47|32,91/88,24=88,22,82,17,24
32,99|20,74|77,91|76,34|43,63|0,73|34,18|89,1|91,96|43,53|43,89|43,0|5,37|67,76|73,20|1,5|63,92|53,77|92,32|43,67/43,18=43,67,76,34,18
84,69|73,70|92,25|70,75|4,99|5,73|92,4|92,61|17,90|69,34|44,15|25,17|61,44|34,67|99,66|15,42|66,76|92,5|90,59|92,84/92,75=92,5,73,70,75
48,31|98,26|21,42|38,57|38,21|94,86|75,0|71,36|31,98|54,69|57,81|42,16|16,5|20,77|38,75|81,94|38,48|38,54|69,71|0,20/38,77=38,75,0,20,77
73,78|18,61|7,38|38,42|26,29|92,63|91,7|64,41|92,64|92,52|22,15|1,18|92,91|29,60|15,25|41,73|92,26|60,67|63,1|52,22/92,78=92,64,41,73,78
82,63|53,15|94,8|82,94|82,18|63,35|15,59|59,40|32,37|8,24|82,53|70,12|73,48|75,73|24,56|38,32|18,75|37,47|82,38|35,70/82,12=82,63,35,70,12
3,8|78,6|84,40|92,78|41,48|48,7|7,70|5,19|21,41|83,28|21,83|99,93|19,99|30,92|21,84|21,5|40,3|21,30|28,75|75,34/21,6=21,30,92,78,6
2,98|86,23|32,38|99,92|47,66|49,74|92,49|66,88|38,2|73,41|32,99|9,79|41,91|32,57|98,45|81,73|79,86|32,81|32,9|57,47/32,88=32,57,47,66,88
43,64|95,48|30,95|7,99|47,60|43,4|31,47|43,42|64,39|39,19|38,55|48,81|42,57|4,45|57,38|19,73|45,7|60,59|43,31|43,30/43,73=43,64,39,19,73
33,29|11,61|61,73|73,4|11,84|60,80|84,60|51,12|5,92|12,10|69,16|42,1|92,33|22,51|80,43|11,5|11,42|1,69|4,67|11,22/11,67=11,61,73,4,67
21,23|53,84|19,53|88,71|51,76|70,82|90,49|49,21|19,70|71,68|19,90|37,33|82,3|19,88|18,37|3,95|84,51|41,18|68,17|19,41/19,95=19,70,82,3,95
2,71|19,94|71,16|14,93|18,84|46,22|16,17|63,37|51,54|93,63|56,10|22,56|46,14|82,78|78,18|10,24|46,2|46,19|46,82|94,51/46,54=46,19,94,51,54
18,30|82,0|63,69|82,33|82,76|64,3|21,38|33,63|82,32|69,5|0,12|60,8|3,93|82,18|30,83|83,25|32,78|12,60|76,64|78,21/82,8=82,0,12,60,8
33,70|37,72|35,23|70,45|8,22|72,39|9,50|37,65|39,42|58,48|24,33|83,8|37,25|37,35|65,76|76,58|42,98|23,9|25,83|37,24/37,48=37,65,76,58,48
63,96|90,46|61,82|19,91|47,87|66,63|52,33|79,90|57,47|19,59|82,76|48,61|19,48|91,52|19,80|33,73|21,66|19,21|80,57|59,79/19,73=19,91,52,33,73
63,29|42,89|2,4|23,63|44,78|29,35|62,90|92,23|31,17|92,44|92,31|37,34|9,3|17,62|34,2|89,9|78,57|57,25|92,42|92,37/92,90=92,31,17,62,90
75,42|27,88|67,86|62,79|28,39|28,91|28,75|86,62|29,58|28,67|97,41|42,45|41,95|45,98|88,83|28,89|39,27|89,9|9,29|91,97/28,58=28,89,9,29,58
90,8|94,37|94,51|83,40|53,16|50,7|5,34|92,76|94,53|68,74|51,84|76,83|94,5|65,90|94,92|44,46|84,44|16,50|34,68|37,65/94,74=94,5,34,68,74
16,24|24,17|25,93|96,68|60,16|88,34|5,74|3,73|60,5|60,20|17,18|60,25|73,88|60,3|20,78|30,49|93,30|74,96|78,42|42,82/60,68=60,5,74,96,68
15,81|2,59|21,88|60,15|76,21|97,62|77,3|44,51|76,97|76,87|98,77|76,1|1,98|62,44|63,60|75,93|88,2|87,78|76,63|78,75/76,93=76,87,78,75,93
19,59|98,95|78,96|45,54|1,25|1,19|67,91|1,12|34,52|68,20|25,3|88,28|12,98|95,85|96,67|52,68|3,88|1,78|59,45|1,34/1,91=1,78,96,67,91
27,94|80,24|12,46|37,1|52,65|22,11|88,52|1,55|56,37|35,88|94,0|35,22|35,80|24,12|35,56|0,75|11,29|35,27|65,70|29,84/35,70=35,88,52,65,70
73,27|73,47|47,18|82,91|81,8|73,3|50,57|42,23|3,81|43,78|18,43|8,88|26,50|73,82|23,97|73,65|65,26|91,95|27,42|95,31/73,78=73,47,18,43,78
53,75|65,54|87,14|35,55|11,97|11,88|11,92|55,71|11,65|75,78|54,39|97,28|28,40|92,35|39,15|30,86|88,53|40,37|11,30|86,87/11,71=11,92,35,55,71
81,25|16,81|16,31|67,0|2,72|59,2|16,67|31,33|16,18|33,20|25,76|89,80|16,56|56,59|84,89|20,47|79,73|0,79|76,22|18,84/16,80=16,18,84,89,80
57,22|9,95|70,14|78,58|57,27|1,35|22,31|85,78|57,81|75,9|57,4|98,86|4,98|31,70|94,1|61,94|57,61|86,0|81,85|27,75/57,95=57,27,75,9,95
82,59|27,87|68,92|27,82|42,69|94,51|27,94|16,32|69,11|97,49|33,16|64,78|51,77|24,42|27,24|87,33|59,97|77,31|78,68|27,64/27,32=27,87,33,16,32
39,34|11,26|83,16|48,40|59,20|39,79|39,59|89,91|39,89|55,68|79,55|30,84|68,94|20,11|34,83|39,93|91,30|93,3|3,48|16,38/39,94=39,79,55,68,94
6,83|20,95|38,80|11,52|86,74|47,11|80,86|67,6|50,1|84,71|67,47|40,53|67,38|27,40|67,84|71,20|67,27|83,50|52,55|53,65/67,65=67,27,40,53,65
48,70|92,61|45,90|50,3|78,46|23,88|88,31|86,21|47,19|19,23|47,62|7,50|70,51|47,45|62,7|51,53|90,92|47,48|46,86|47,78/47,53=47,48,70,51,53
84,69|73,70|92,25|70,75|4,99|5,73|92,4|92,61|17,34|69,66|44,15|25,17|61,44|66,76|99,90|15,42|90,59|92,5|34,67|92,84/92,75=92,5,73,70,75
92,9|19,85|35,74|43,68|60,59|68,35|50,72|91,60|14,39|4,41|41,50|39,19|4,43|4,80|59,25|80,38|72,42|4,14|38,92|4,91/4,9=4,80,38,92,9
1,71|18,75|71,42|90,52|41,1|56,65|12,56|44,27|7,12|23,3|52,18|7,57|65,2|7,41|7,90|57,8|7,44|43,70|27,43|8,23/7,42=7,41,1,71,42
75,67|75,34|53,61|31,30|30,46|76,31|54,47|89,70|70,12|77,55|75,22|66,89|47,39|75,66|40,53|67,54|22,24|75,76|24,77|34,40/75,46=75,76,31,30,46
80,7|63,22|71,30|29,26|26,71|90,27|22,94|0,85|44,73|29,44|29,74|27,10|74,63|73,80|10,46|93,0|29,51|29,90|30,16|51,93/29,7=29,44,73,80,7
61,35|80,61|37,91|25,68|9,55|37,90|91,80|37,40|68,87|8,9|20,15|52,2|87,88|40,8|37,12|12,0|90,20|15,66|0,52|37,25/37,2=37,12,0,52,2
91,59|91,44|1,93|44,15|41,71|10,69|15,29|51,76|91,10|55,13|25,22|69,51|91,48|48,41|93,25|71,95|91,1|13,39|59,55|29,89/91,89=91,44,15,29,89
83,11|42,74|26,42|20,59|21,30|31,27|31,26|75,21|59,97|29,36|27,75|31,83|93,29|31,62|62,93|11,1|31,20|74,57|1,34|97,18/31,36=31,62,93,29,36
28,65|37,89|58,11|30,97|61,4|65,22|30,16|4,36|22,76|30,58|30,28|78,61|15,94|30,78|59,31|11,37|97,14|14,59|16,15|94,68/30,76=30,28,65,22,76
89,1|34,52|48,72|40,5|1,41|89,70|2,16|5,8|90,92|70,34|89,33|33,40|94,64|72,47|47,7|64,90|89,94|52,76|89,48|41,2/89,8=89,33,40,5,8
81,90|17,58|58,68|15,31|77,15|46,17|38,42|81,64|89,26|26,80|81,89|50,6|42,49|81,46|6,59|64,38|98,50|90,77|80,2|81,98/81,31=81,90,77,15,31
25,48|46,52|40,99|46,25|9,10|22,86|90,6|66,43|43,53|3,29|46,9|86,3|52,66|68,83|46,98|98,68|83,2|48,90|46,22|10,40/46,2=46,98,68,83,2
65,45|39,99|67,36|39,25|25,65|16,38|38,47|79,30|45,94|30,54|36,60|4,85|39,4|24,84|39,57|85,24|57,16|54,32|99,67|39,79/39,94=39,25,65,45,94
67,68|76,53|72,30|59,78|59,43|90,80|36,24|59,67|80,76|68,31|78,12|54,47|43,54|12,94|59,36|47,61|31,60|94,34|59,90|24,72/59,60=59,67,68,31,60
99,11|90,69|68,46|87,5|45,57|95,45|97,50|90,87|90,14|90,73|73,97|90,28|50,59|69,95|14,70|46,7|67,76|70,67|5,99|28,68/90,59=90,73,97,50,59
35,56|28,30|6,13|6,65|10,94|15,34|0,28|56,59|21,66|34,54|30,44|52,21|6,0|4,52|65,35|6,15|84,10|13,84|54,53|6,4/6,66=6,4,52,21,66
53,76|44,21|33,44|76,60|92,7|55,33|55,67|55,11|21,1|55,17|30,15|11,5|17,53|7,94|5,51|62,30|55,3|3,62|51,65|67,92/55,65=55,11,5,51,65
40,53|86,58|2,40|99,44|52,12|87,73|79,30|30,7|29,2|38,92|52,29|12,79|20,86|73,95|52,38|70,20|42,87|52,42|92,99|52,70/52,44=52,38,92,99,44
75,92|9,74|41,80|33,18|48,9|80,22|64,56|18,5|75,64|56,46|92,70|99,48|70,35|75,99|46,66|47,33|76,41|35,63|75,47|75,76/75,66=75,64,56,46,66
15,3|4,42|58,4|93,46|98,17|19,98|78,25|46,10|33,79|19,33|19,97|19,35|82,70|74,92|97,58|79,82|3,78|35,93|19,15|17,74/19,10=19,35,93,46,10
30,45|44,30|5,99|27,18|51,3|98,50|17,94|64,87|3,27|69,33|23,64|45,37|16,17|16,44|16,56|16,98|50,69|94,5|56,23|16,51/16,37=16,44,30,45,37
54,16|54,6|73,25|98,67|50,4|82,98|61,37|36,50|37,73|6,40|40,11|54,65|4,85|16,39|54,36|54,61|65,82|11,22|39,10|10,94/54,85=54,36,50,4,85
32,82|52,48|29,39|82,28|39,53|17,52|2,17|12,47|65,76|8,33|40,32|47,65|2,40|48,94|2,23|64,8|23,29|91,64|2,91|2,12/2,94=2,17,52,48,94
33,88|37,73|33,60|62,91|33,63|86,41|1,22|61,20|63,75|33,1|69,43|33,69|88,37|75,62|60,48|22,86|7,80|73,93|48,7|43,61/33,80=33,60,48,7,80
84,48|95,35|61,84|4,61|16,38|75,89|14,76|75,4|39,47|75,20|35,25|75,13|77,68|66,16|20,95|13,43|89,66|76,77|43,39|75,14/75,47=75,13,43,39,47
11,41|72,8|47,38|61,10|47,73|73,67|53,24|47,98|89,49|38,2|47,61|43,19|49,22|2,43|47,53|67,11|65,95|24,65|98,89|10,72/47,8=47,61,10,72,8
56,94|65,5|17,55|94,28|17,1|55,84|41,20|11,41|17,11|20,73|17,56|51,47|75,89|1,51|47,8|76,13|28,36|84,76|5,75|17,65/17,13=17,55,84,76,13
43,1|1,12|92,55|38,42|43,31|78,13|42,35|43,38|31,28|28,92|43,62|68,78|40,83|22,96|12,41|35,39|96,40|43,22|62,68|41,86/43,83=43,22,96,40,83
34,20|45,7|66,45|69,40|50,65|31,58|31,34|40,44|57,38|59,50|44,79|58,60|31,66|15,59|31,69|7,4|31,15|60,57|13,82|20,13/31,82=31,34,20,13,82
25,12|46,3|15,22|46,45|69,88|99,36|36,64|46,69|97,30|94,15|16,53|92,5|3,94|46,61|45,99|12,74|46,16|88,97|61,25|53,92/46,5=46,16,53,92,5
47,56|82,97|91,54|82,76|20,39|69,47|94,20|76,51|55,78|82,67|82,4|4,69|67,63|90,94|51,65|63,55|82,90|65,22|64,91|97,64/82,22=82,76,51,65,22
97,33|27,76|27,70|25,98|58,78|27,62|27,97|33,4|62,93|93,8|98,83|8,40|4,39|96,25|70,67|76,45|45,11|11,7|27,96|67,58/27,83=27,96,25,98,83
31,8|76,23|72,84|8,45|68,46|18,91|18,92|12,55|11,85|18,31|30,28|45,97|85,76|18,11|46,30|84,77|91,72|18,68|52,12|92,52/18,77=18,91,72,84,77
52,40|45,52|36,34|34,24|40,91|36,30|36,43|93,2|36,45|36,75|30,93|50,31|2,25|23,42|24,56|31,72|43,49|49,23|75,50|56,3/36,3=36,34,24,56,3
38,25|98,56|11,49|59,32|52,58|11,59|11,38|58,54|25,79|75,98|31,17|79,87|11,52|83,75|30,5|41,30|49,41|54,65|11,83|32,31/11,87=11,38,25,79,87
29,42|64,5|19,7|14,29|9,67|38,12|67,92|7,28|9,10|56,49|90,14|9,18|18,56|12,98|92,64|49,51|10,38|9,47|9,90|47,19/9,5=9,67,92,64,5
45,66|80,81|40,45|79,61|36,18|13,40|43,57|61,84|55,80|12,36|13,20|13,44|57,31|31,60|13,79|20,12|66,88|13,43|84,68|44,55/13,81=13,44,55,80,81
38,99|73,33|73,76|73,15|59,95|55,5|13,58|18,55|4,16|58,20|88,13|73,24|86,59|15,18|73,88|76,4|51,38|16,71|24,86|33,51/73,95=73,24,86,59,95
94,50|36,20|20,81|7,96|79,7|96,52|17,2|62,79|45,56|56,18|62,99|81,91|50,61|62,36|99,45|62,13|13,65|62,94|65,17|61,41/62,91=62,36,20,81,91
50,2|46,35|4,64|45,4|52,97|97,96|16,50|64,12|10,7|45,57|41,16|7,36|3,1|45,80|80,10|45,3|12,90|1,46|45,41|57,52/45,36=45,80,10,7,36
82,98|88,62|99,72|21,51|54,99|23,21|75,73|14,88|82,54|73,58|9,75|98,85|26,31|82,8|82,9|85,26|62,10|8,23|82,14|72,28/82,58=82,9,75,73,58
53,23|56,91|21,78|25,76|6,18|78,42|19,74|25,2|26,35|74,13|91,26|2,53|25,81|25,56|81,21|76,6|18,4|25,58|23,64|58,19/25,4=25,76,6,18,4
34,14|87,53|84,65|27,84|3,21|62,34|51,13|13,81|14,1|3,27|3,87|3,45|65,10|21,51|97,40|53,86|86,30|3,62|40,2|45,97/3,30=3,87,53,86,30
66,43|97,74|35,12|51,64|12,51|77,94|65,97|41,77|43,65|66,93|66,52|57,27|37,57|93,8|66,41|94,89|52,37|66,35|60,5|8,60/66,89=66,41,77,94,89
73,70|80,26|70,56|64,11|88,73|72,92|17,59|43,79|17,88|92,46|79,89|36,66|18,43|17,80|59,64|26,36|17,18|11,52|17,72|46,15/17,52=17,59,64,11,52
68,17|88,16|88,79|16,46|83,47|81,61|19,37|65,85|88,81|88,65|79,73|61,76|76,41|47,26|73,19|46,68|70,83|88,70|84,92|85,84/88,26=88,70,83,47,26
17,67|55,22|21,9|42,39|38,61|48,55|4,56|38,26|38,96|61,42|65,21|96,65|39,6|85,17|66,74|67,34|26,48|38,66|74,4|38,85/38,34=38,85,17,67,34
57,82|43,96|60,78|34,12|12,37|13,34|13,99|37,33|5,6|7,75|13,57|99,5|13,71|71,60|78,20|6,25|88,74|74,7|13,88|82,43/13,25=13,99,5,6,25
88,55|69,37|81,82|73,38|87,56|58,21|55,97|87,53|38,84|37,23|87,73|87,58|84,99|33,81|53,69|16,35|56,33|21,16|87,88|97,29/87,23=87,53,69,37,23
59,36|30,25|29,64|94,93|51,84|13,95|10,29|36,4|10,24|93,42|10,13|85,60|95,19|60,51|10,82|19,1|10,85|64,30|82,59|24,94/10,1=10,13,95,19,1
69,79|63,5|79,74|94,24|75,87|89,63|68,35|69,48|24,8|69,68|90,30|74,90|3,32|35,3|69,21|81,75|21,94|0,81|48,89|69,0/69,5=69,48,89,63,5
12,2|3,13|95,54|94,85|95,3|13,82|44,46|43,87|4,24|95,12|98,53|82,16|54,4|87,98|71,37|95,94|95,43|24,63|2,44|85,71/95,53=95,43,87,98,53
77,2|42,77|6,25|93,6|60,64|38,74|64,11|93,60|1,38|93,40|79,55|40,63|11,28|25,79|44,36|63,44|74,15|93,1|93,42|2,51/93,51=93,42,77,2,51
81,99|94,31|85,50|53,85|31,93|50,81|80,18|46,80|72,48|93,40|48,2|15,42|53,94|18,84|42,24|53,67|53,25|25,72|67,15|53,46/53,84=53,46,80,18,84
57,53|15,25|90,80|15,79|72,10|96,57|79,23|53,86|15,69|23,0|15,90|15,96|25,63|80,8|63,58|58,48|11,72|8,37|0,95|69,11/15,37=15,90,80,8,37
48,81|3,47|70,55|19,48|82,6|41,60|79,82|97,16|97,3|97,19|43,73|55,77|47,41|13,79|97,70|97,13|16,43|81,52|73,75|77,78/97,75=97,16,43,73,75
7,69|69,76|42,30|56,42|2,39|91,57|16,21|80,2|34,96|94,34|91,80|20,7|39,90|91,20|91,56|91,62|57,94|21,92|30,25|62,16/91,92=91,62,16,21,92
55,81|92,87|87,48|33,50|18,59|55,61|61,12|44,4|94,92|39,1|55,39|47,30|59,47|49,91|81,49|1,44|12,33|55,94|55,18|91,54/55,54=55,81,49,91,54
12,80|97,49|49,81|32,70|80,56|70,31|56,18|2,15|69,97|25,39|18,53|33,90|12,69|15,25|31,78|12,33|90,10|12,32|12,2|10,67/12,53=12,80,56,18,53
44,61|13,72|55,68|41,8|10,13|3,41|8,75|91,24|53,28|68,45|82,59|10,50|59,53|10,3|72,91|10,99|42,44|50,42|99,55|10,82/10,61=10,50,42,44,61
55,81|92,47|47,30|33,50|18,59|55,61|61,12|87,48|94,92|39,1|55,39|44,4|59,44|49,91|81,49|1,87|12,33|55,94|55,18|91,54/55,54=55,81,49,91,54
27,60|68,56|60,57|90,46|5,24|78,44|68,90|46,2|68,84|57,62|84,86|2,95|29,42|68,27|56,78|45,29|86,5|44,48|68,81|81,45/68,24=68,84,86,5,24
66,34|13,66|2,75|18,50|75,43|21,55|89,73|55,24|50,92|2,5|46,9|2,18|48,46|2,21|5,48|43,89|24,84|2,13|34,22|92,4/2,73=2,75,43,89,73
25,93|1,8|81,99|59,62|64,19|55,64|99,49|44,42|34,55|6,13|4,12|71,25|12,81|42,6|4,71|4,34|4,1|8,59|4,44|93,15/4,49=4,12,81,99,49
44,60|67,28|25,91|66,67|44,74|53,7|98,10|44,66|17,55|28,20|91,46|44,98|60,59|59,53|55,2|74,17|65,45|64,25|10,65|44,64/44,46=44,64,25,91,46
38,3|9,37|25,36|39,9|25,79|36,12|47,39|95,62|25,34|25,47|34,52|74,68|21,86|25,88|12,38|88,95|86,84|62,41|79,21|52,74/25,68=25,34,52,74,68
88,79|12,43|13,6|78,66|38,83|31,12|45,13|72,38|88,78|83,71|79,31|37,90|66,44|54,19|88,80|88,54|19,37|80,45|88,72|44,84/88,90=88,54,19,37,90
91,18|17,64|31,45|17,61|17,91|17,23|59,69|45,13|55,76|17,37|88,60|62,88|94,55|37,94|70,58|61,31|23,70|18,59|64,62|58,39/17,69=17,91,18,59,69
99,98|63,91|23,95|85,34|84,70|47,33|23,63|91,21|98,13|34,47|21,94|17,25|76,80|95,84|70,4|23,76|77,99|23,85|23,77|80,17/23,33=23,85,34,47,33
81,46|29,74|4,64|25,53|95,29|46,69|4,14|93,62|75,95|68,49|4,58|87,30|53,21|62,41|4,87|58,25|30,68|64,81|4,75|14,93/4,74=4,75,95,29,74
42,9|81,58|53,42|17,59|32,17|9,14|92,6|53,54|53,81|40,73|30,2|14,39|73,30|28,92|45,10|58,45|53,47|47,32|54,28|53,40/53,6=53,54,28,92,6
51,43|31,79|44,55|64,15|98,74|64,41|27,90|78,19|90,57|99,17|64,78|93,51|43,70|26,99|64,93|15,27|55,31|19,98|64,44|41,26/64,70=64,93,51,43,70
48,34|53,39|34,43|4,73|50,80|14,89|16,4|8,53|31,48|16,31|16,93|47,68|89,25|93,14|2,87|68,2|16,1|73,50|1,8|16,47/16,25=16,93,14,89,25
18,41|96,85|33,16|78,91|38,54|38,33|28,42|38,96|54,31|60,47|38,78|91,60|95,24|16,18|42,50|2,55|85,2|31,95|40,28|38,40/38,24=38,54,31,95,24
81,7|76,90|99,71|38,65|7,79|55,38|26,60|10,69|26,37|71,0|0,22|90,64|60,96|26,75|75,55|26,99|64,25|96,10|26,76|37,81/26,25=26,76,90,64,25
84,81|63,8|21,39|7,94|45,89|84,21|11,27|84,7|94,61|99,12|10,99|23,4|81,10|84,23|61,46|39,2|8,11|4,45|84,63|2,86/84,89=84,23,4,45,89
63,22|46,31|45,46|78,77|78,87|87,35|16,24|30,23|78,9|54,30|22,76|35,16|59,18|78,57|78,81|57,63|9,34|81,45|34,59|77,54/78,23=78,77,54,30,23
64,36|64,63|36,11|12,88|81,74|64,84|75,42|63,38|74,23|18,8|8,95|64,2|64,81|11,75|84,10|2,18|23,96|38,48|48,4|10,12/64,96=64,81,74,23,96
28,0|78,4|37,83|88,82|99,37|28,47|83,10|4,30|28,60|60,88|47,75|87,78|8,64|75,15|15,3|28,87|0,17|28,99|82,33|17,8/28,3=28,47,75,15,3
57,65|94,45|91,66|36,40|71,6|64,94|72,9|5,59|40,5|36,72|67,91|36,15|75,71|66,14|9,57|15,64|6,25|36,75|36,67|59,85/36,14=36,67,91,66,14
86,19|2,69|72,98|16,71|57,66|35,79|21,72|79,93|35,9|93,86|35,90|39,88|84,39|35,91|71,67|66,2|90,21|91,16|35,57|9,84/35,88=35,9,84,39,88
33,76|76,31|95,37|59,42|53,85|41,87|52,27|95,2|22,53|87,44|10,41|35,22|95,10|98,52|2,33|65,59|37,65|18,98|95,35|95,18/95,44=95,10,41,87,44
54,68|40,18|19,54|95,19|18,14|41,53|2,77|1,23|90,3|14,51|2,31|33,7|31,33|7,83|2,95|2,1|77,97|23,41|97,90|2,40/2,3=2,77,97,90,3
44,34|19,77|40,44|80,76|93,80|77,47|18,9|20,18|20,15|76,13|59,52|52,35|20,59|9,97|15,40|20,93|20,49|97,33|35,57|49,19/20,33=20,18,9,97,33
38,26|94,4|86,54|43,24|99,69|11,28|99,94|0,55|26,92|92,10|99,73|99,11|20,70|55,27|54,22|28,43|69,0|99,38|4,20|73,86/99,70=99,94,4,20,70
22,73|12,33|96,87|38,26|28,38|64,89|98,60|10,96|64,37|89,23|64,22|32,99|64,79|73,98|64,82|37,12|23,32|33,54|79,10|82,28/64,87=64,79,10,96,87
66,43|14,58|12,36|66,93|66,34|93,14|66,97|97,41|72,95|40,13|36,88|34,40|48,96|43,46|13,3|46,48|88,19|58,92|66,12|41,72/66,95=66,97,41,72,95
38,43|66,56|38,83|83,57|57,81|56,35|9,6|12,46|38,58|58,12|43,82|38,0|82,9|38,66|81,48|15,11|0,70|70,15|35,60|46,87/38,87=38,58,12,46,87
52,63|76,41|76,3|87,97|41,1|56,36|76,69|14,24|80,32|76,14|69,52|97,44|1,80|76,30|3,87|30,62|24,34|62,56|34,75|63,43/76,36=76,30,62,56,36
15,69|36,51|23,14|98,5|61,89|41,35|94,82|38,52|14,61|20,98|20,15|20,41|35,38|82,4|20,94|5,21|69,36|4,88|20,23|21,11/20,51=20,15,69,36,51
67,88|66,18|56,50|67,54|67,58|35,59|69,7|2,65|79,45|25,79|54,8|67,56|50,66|88,25|48,2|67,48|65,57|26,35|58,26|8,69/67,45=67,88,25,79,45
1,31|17,78|18,74|90,50|68,22|17,10|35,90|78,34|92,1|64,92|9,73|17,64|53,24|50,66|73,68|17,9|34,53|10,60|60,18|17,35/17,66=17,35,90,50,66
88,64|64,63|94,16|88,4|14,99|78,77|63,94|56,28|3,47|47,8|4,3|65,38|79,96|88,78|35,65|28,14|12,35|77,79|88,12|88,56/88,8=88,4,3,47,8
63,53|88,86|2,7|85,93|27,75|2,27|7,18|32,85|36,4|24,42|17,32|18,24|2,36|29,8|86,31|2,17|35,88|75,29|4,63|2,35/2,8=2,27,75,29,8
39,42|49,27|5,85|35,40|42,5|72,9|27,13|77,50|40,87|72,39|72,93|7,75|75,61|93,7|67,35|72,67|13,76|9,77|50,43|72,49/72,43=72,9,77,50,43
45,36|53,28|78,47|97,78|25,86|86,54|97,45|97,6|47,8|94,77|52,32|97,25|8,99|6,84|97,94|11,85|84,53|54,87|36,52|77,11/97,85=97,94,77,11,85
89,54|82,4|95,92|47,89|91,82|18,8|95,59|34,62|95,47|83,88|92,23|59,21|8,83|95,18|23,34|21,65|95,91|4,29|65,13|54,27/95,62=95,92,23,34,62
89,66|99,72|46,83|20,6|31,11|15,13|33,42|36,40|6,24|40,89|99,36|76,5|62,46|87,20|99,15|72,62|99,87|13,31|99,33|42,76/99,83=99,72,62,46,83
29,24|31,25|34,71|36,2|56,23|24,4|23,31|19,87|2,95|36,56|16,48|62,64|64,16|68,34|36,29|36,68|4,13|95,19|36,62|71,12/36,87=36,2,95,19,87
79,94|97,87|25,29|46,91|35,66|63,0|4,73|70,69|66,16|16,82|63,35|63,4|76,49|63,25|29,97|0,74|73,79|63,76|74,46|49,70/63,69=63,76,49,70,69
11,9|91,26|84,49|85,2|85,13|7,91|85,87|9,80|79,81|13,82|58,97|81,84|75,57|87,7|80,36|85,11|85,79|82,75|22,58|2,22/85,97=85,2,22,58,97
36,35|45,50|36,82|82,45|66,53|50,20|47,58|10,54|36,47|73,7|54,44|35,9|68,10|36,68|9,73|36,66|53,18|37,83|18,75|58,37/36,7=36,35,9,73,7
50,52|4,26|84,30|4,64|4,16|26,82|13,84|16,50|14,33|4,14|33,40|30,18|4,13|28,56|82,98|52,11|56,95|98,51|40,49|64,28/4,95=4,64,28,56,95
43,77|51,92|37,19|82,28|31,27|92,60|78,53|30,31|78,82|27,62|78,30|53,37|78,51|87,43|60,74|19,99|81,87|85,58|28,85|78,81/78,74=78,51,92,60,74
41,38|49,64|4,77|44,70|64,51|77,54|98,87|49,4|34,44|5,34|39,78|22,98|78,61|49,5|57,22|61,23|54,18|49,57|51,41|49,39/49,87=49,57,22,98,87
83,98|17,73|72,8|64,2|46,20|55,72|20,47|39,9|55,17|84,33|98,64|69,36|73,84|55,46|8,39|36,44|55,83|55,69|44,79|47,6/55,2=55,83,98,64,2
58,61|0,22|43,30|43,76|48,18|14,70|70,19|54,14|43,0|43,79|30,16|33,5|16,58|22,33|43,54|62,48|76,62|73,84|8,73|79,8/43,5=43,0,22,33,5
67,88|69,7|56,50|67,54|67,58|35,59|65,57|2,66|79,45|25,79|54,8|67,56|50,69|88,25|48,2|67,48|66,18|26,35|58,26|8,65/67,45=67,88,25,79,45
36,89|32,48|99,95|1,16|39,42|2,99|1,36|89,39|1,50|50,7|1,82|9,54|54,74|82,9|95,33|3,35|1,2|7,32|16,3|35,28/1,48=1,50,7,32,48
43,0|18,50|85,98|56,41|48,56|45,85|22,95|6,27|45,48|52,69|45,36|66,44|41,78|45,18|45,66|50,52|98,43|68,22|44,6|36,68/45,78=45,48,56,41,78
75,41|37,57|61,11|33,67|52,20|20,84|76,33|76,68|84,10|85,13|76,37|42,55|57,85|76,52|65,75|67,19|76,42|68,65|55,61|19,25/76,11=76,42,55,61,11
93,14|53,26|90,71|64,53|61,64|30,79|13,61|13,30|22,72|60,56|72,18|13,22|13,50|14,19|71,60|79,44|13,90|44,4|50,93|18,36/13,4=13,30,79,44,4
61,27|40,9|23,85|68,70|61,32|32,67|85,69|61,18|55,53|70,40|95,1|11,95|83,11|61,83|61,68|67,56|27,23|56,88|53,94|18,55/61,69=61,27,23,85,69
82,63|53,15|94,8|82,94|82,18|63,35|15,73|73,48|32,37|8,59|82,53|70,12|24,56|75,24|59,40|38,32|18,75|37,47|82,38|35,70/82,12=82,63,35,70,12
31,9|8,27|27,34|59,2|37,46|70,79|1,36|87,1|93,58|85,81|46,31|2,85|8,37|8,87|58,70|0,94|8,93|8,59|36,49|34,0/8,49=8,87,1,36,49
11,55|2,31|49,13|84,11|76,15|42,75|95,98|84,42|75,2|84,95|55,76|85,74|84,85|47,89|39,47|84,43|98,44|44,86|74,49|43,39/84,86=84,95,98,44,86
27,42|91,43|42,77|30,81|27,6|88,14|96,20|18,78|81,50|77,91|68,69|6,30|27,96|78,88|60,35|69,60|27,18|80,84|27,68|20,80/27,50=27,6,30,81,50
5,34|39,47|73,46|72,50|53,77|53,49|34,24|1,39|49,1|28,16|77,5|51,19|19,72|56,82|64,13|82,28|13,73|53,64|53,51|53,56/53,46=53,64,13,73,46
9,70|90,58|78,82|90,32|58,96|14,50|28,12|32,14|70,80|49,42|90,49|89,47|90,9|17,41|41,28|50,65|80,11|90,17|96,89|42,78/90,47=90,58,96,89,47
1,3|72,51|9,63|9,72|63,6|88,58|27,91|74,27|9,78|78,11|9,1|6,88|51,42|91,48|84,34|11,19|19,41|3,84|42,73|9,74/9,41=9,78,11,19,41
73,64|22,15|5,32|37,73|15,4|13,93|37,47|90,53|39,60|37,20|20,22|93,9|64,18|37,5|37,39|18,82|60,90|47,13|32,31|31,79/37,53=37,39,60,90,53
15,3|82,70|58,82|93,46|98,17|19,98|4,42|46,10|33,79|19,33|19,97|19,35|78,25|74,92|97,58|79,78|3,4|35,93|19,15|17,74/19,10=19,35,93,46,10
28,14|92,8|36,30|25,12|30,40|78,11|37,95|12,93|4,3|11,28|4,78|4,73|46,37|40,31|73,46|8,50|3,92|4,36|93,83|4,25/4,31=4,36,30,40,31
18,22|42,41|89,9|9,31|11,30|23,19|3,65|23,18|23,89|41,11|23,42|66,35|85,3|31,37|19,85|73,66|22,68|33,73|23,33|68,61/23,30=23,42,41,11,30
87,88|80,87|37,91|25,68|9,55|37,90|91,80|37,40|68,15|8,9|20,61|52,2|15,66|40,8|37,12|12,0|90,20|61,35|0,52|37,25/37,2=37,12,0,52,2
44,33|8,58|16,59|70,77|23,70|44,16|77,75|44,49|56,71|44,23|2,27|49,35|59,93|35,92|33,3|93,97|44,2|27,56|92,65|3,8/44,58=44,33,3,8,58
97,45|24,53|88,39|84,26|14,86|86,10|84,13|26,97|10,60|40,56|45,61|39,44|84,40|13,24|53,80|56,50|12,88|84,12|50,4|84,14/84,4=84,40,56,50,4
17,87|64,70|26,27|49,26|6,56|44,90|31,97|97,42|55,50|58,55|27,75|50,71|31,58|31,43|56,5|31,49|42,17|90,64|31,44|43,6/31,75=31,49,26,27,75
12,1|32,71|39,64|73,33|15,73|71,39|32,15|21,10|95,49|1,88|10,95|32,40|92,82|27,92|33,54|64,29|32,21|82,22|40,12|32,27/32,22=32,27,92,82,22
49,14|57,3|26,74|74,17|3,82|14,96|49,65|42,57|35,29|88,59|59,1|49,26|17,9|96,0|29,71|0,39|65,88|49,35|71,75|49,42/49,39=49,14,96,0,39
84,27|73,92|60,30|8,22|27,97|54,39|5,94|54,5|22,60|1,42|92,1|54,8|45,67|94,45|39,53|71,84|54,73|19,47|54,71|53,19/54,42=54,73,92,1,42
34,97|32,18|6,35|34,32|29,22|69,27|35,50|34,37|97,10|18,62|10,29|34,58|37,69|34,92|27,94|58,6|92,40|98,12|62,16|40,98/34,22=34,97,10,29,22
66,10|87,58|98,65|86,45|45,47|4,87|25,98|25,42|5,53|84,86|58,29|42,5|53,61|21,14|25,28|25,84|65,66|28,21|25,4|14,89/25,61=25,42,5,53,61
43,75|16,19|19,30|4,28|73,16|8,3|30,85|73,46|61,91|98,20|76,44|12,98|73,61|91,8|73,76|73,41|44,43|46,12|28,14|41,4/73,75=73,76,44,43,75
58,1|82,51|42,38|37,24|20,18|58,88|69,37|51,61|96,65|58,20|88,82|24,41|21,22|38,21|94,96|1,94|18,56|58,42|56,29|58,69/58,65=58,1,94,96,65
53,40|64,92|87,13|69,77|69,24|69,53|43,86|71,18|69,7|42,38|40,64|11,43|24,11|38,31|49,89|7,42|77,71|18,88|69,49|89,87/69,31=69,7,42,38,31
62,89|8,0|48,83|32,72|62,70|62,48|62,6|6,90|0,49|83,44|25,81|44,85|79,3|90,64|72,97|64,68|3,25|70,8|89,32|62,79/62,97=62,89,32,72,97
77,78|67,97|77,95|78,39|24,50|13,29|77,15|39,13|19,89|77,61|70,24|23,82|36,58|89,36|95,90|15,70|77,19|97,10|90,23|61,67/77,10=77,61,67,97,10
50,13|31,25|64,38|10,70|70,63|17,10|95,96|13,30|0,50|17,95|19,64|17,83|35,76|96,35|17,0|63,99|25,51|17,9|83,19|9,31/17,38=17,83,19,64,38
53,40|73,9|12,83|57,73|83,52|48,58|40,89|79,57|33,27|79,33|9,32|5,53|79,12|52,4|79,5|56,8|79,77|77,46|27,48|46,56/79,58=79,33,27,48,58
25,98|55,49|50,32|25,50|98,12|25,36|49,31|91,89|12,42|25,58|34,64|32,46|58,55|89,44|87,34|42,90|46,48|36,87|44,78|25,91/25,31=25,58,55,49,31
1,43|37,76|68,69|43,6|74,88|95,30|81,68|10,12|37,90|37,81|88,10|76,95|16,67|69,7|46,16|30,25|90,1|37,77|77,46|37,74/37,67=37,77,46,16,67
97,30|28,87|87,58|85,50|19,85|16,22|99,13|73,96|14,93|22,52|29,99|97,7|93,73|30,19|97,95|58,0|97,28|95,29|7,16|97,14/97,96=97,14,93,73,96
79,27|35,41|30,78|31,79|63,54|52,9|35,33|41,3|33,53|78,50|9,20|35,43|35,30|50,70|35,86|62,36|3,63|86,31|43,52|53,62/35,54=35,41,3,63,54
50,13|63,97|9,48|51,72|63,67|49,50|48,37|67,9|15,79|77,34|19,77|44,82|76,56|82,51|79,76|52,49|97,19|63,52|63,15|63,44/63,13=63,52,49,50,13
10,20|7,50|54,10|13,88|27,7|88,39|15,23|39,97|50,18|65,13|65,54|71,37|20,34|40,84|28,71|37,52|65,40|65,28|65,27|84,15/65,97=65,13,88,39,97
79,16|46,93|44,35|99,82|79,8|79,28|16,27|27,98|35,33|8,99|33,51|4,22|98,5|80,4|79,32|28,80|82,23|9,46|79,44|32,9/79,93=79,32,9,46,93
53,70|10,56|70,27|24,7|76,35|53,6|62,1|77,73|53,10|96,62|73,85|53,49|27,24|53,61|93,15|61,96|6,93|15,41|49,77|56,76/53,7=53,70,27,24,7
98,17|11,66|20,3|0,85|13,67|43,46|85,20|29,57|98,43|98,1|1,2|2,81|67,89|98,55|46,29|98,0|17,13|81,96|66,63|55,11/98,96=98,1,2,81,96
1,23|15,24|38,36|57,8|12,90|57,38|55,85|36,15|57,55|39,60|57,77|85,39|65,18|57,54|54,32|32,65|8,1|77,12|90,42|23,31/57,31=57,8,1,23,31
28,96|90,0|83,66|62,22|63,71|96,94|89,10|14,78|78,83|14,27|71,29|0,62|29,44|16,28|66,97|4,89|14,90|14,63|14,16|27,4/14,97=14,78,83,66,97
46,21|20,28|99,17|92,99|92,94|22,76|21,70|65,3|92,77|92,46|92,73|56,51|28,87|94,40|77,20|73,15|70,36|17,65|40,22|15,56/92,51=92,73,15,56,51
64,34|51,12|97,13|48,89|13,36|97,71|34,11|10,31|88,75|89,20|5,64|71,10|12,93|93,69|97,48|97,5|31,29|20,86|97,51|36,88/97,29=97,71,10,31,29
73,83|48,73|96,91|23,37|60,65|57,45|48,96|8,23|55,62|45,78|91,55|37,33|48,57|48,8|39,87|83,34|78,67|65,39|34,30|48,60/48,87=48,60,65,39,87
20,95|78,10|15,56|10,19|32,15|0,54|37,81|26,94|37,38|37,32|37,20|38,0|18,26|82,3|54,85|56,72|81,18|37,14|95,82|14,78/37,94=37,81,18,26,94
11,75|10,3|42,80|11,45|14,84|45,23|75,62|80,82|11,14|7,81|11,46|86,44|49,88|23,10|11,31|31,42|62,86|84,7|88,55|46,49/11,81=11,14,84,7,81
70,40|9,89|1,23|38,68|35,3|20,99|99,56|68,86|89,1|20,35|3,97|80,73|97,27|56,70|36,65|20,80|20,9|88,38|20,88|73,36/20,40=20,99,56,70,40
36,0|25,48|16,57|58,66|16,54|16,36|42,84|57,93|44,32|47,79|21,44|52,58|0,42|54,52|16,13|35,47|16,35|13,21|79,26|93,25/16,84=16,36,0,42,84
85,5|70,96|16,78|78,38|37,85|28,9|2,3|37,50|37,49|50,70|49,99|5,80|99,28|80,1|3,76|76,87|37,2|37,33|96,20|33,16/37,87=37,2,3,76,87
82,14|24,34|34,94|8,17|72,88|59,8|94,20|35,67|79,89|89,76|67,82|24,21|21,79|20,42|24,60|88,64|64,47|24,35|60,59|24,72/24,14=24,35,67,82,14
4,59|73,4|23,98|25,89|5,75|6,25|10,27|98,10|65,79|73,28|89,41|73,5|79,43|28,65|75,96|96,92|73,23|59,71|71,67|73,6/73,92=73,5,75,96,92
70,87|54,16|21,60|73,53|49,70|53,54|39,76|25,39|42,66|87,63|42,73|61,74|60,90|46,68|90,81|74,46|42,49|42,61|66,25|42,21/42,63=42,49,70,87,63
66,13|72,20|44,7|90,88|49,44|7,46|33,6|88,56|71,98|13,37|26,66|71,4|8,33|27,35|20,27|98,90|4,8|71,49|71,72|71,26/71,46=71,49,44,7,46
55,41|65,54|33,47|90,37|65,33|65,82|25,17|21,66|37,21|20,77|1,39|65,89|97,20|82,96|96,1|89,97|32,55|47,25|54,32|65,90/65,41=65,54,32,55,41
13,42|42,30|38,91|89,37|89,38|89,86|89,94|94,13|95,14|74,60|37,74|14,85|59,41|99,35|60,72|16,99|86,95|35,79|89,16|91,59/89,41=89,38,91,59,41
27,2|47,68|2,63|21,26|44,41|63,40|4,8|68,70|4,29|4,27|9,80|53,95|45,9|41,21|4,44|4,45|36,53|80,97|29,47|8,36/4,26=4,44,41,21,26
45,81|85,39|80,31|81,67|93,86|86,80|38,8|3,90|55,45|93,7|7,17|93,55|93,38|93,85|8,3|31,53|74,35|24,99|39,24|17,74/93,90=93,38,8,3,90
61,51|10,45|61,79|51,10|88,5|30,24|61,35|65,72|24,94|59,88|5,83|61,26|32,65|45,90|61,59|35,7|26,32|7,63|63,96|79,30/61,90=61,51,10,45,90
80,84|62,78|7,74|40,62|78,52|7,16|16,80|90,48|74,11|69,55|84,86|1,41|3,56|55,1|50,90|7,40|7,69|11,3|14,50|7,14/7,41=7,69,55,1,41
56,12|33,39|65,81|96,98|25,83|58,25|96,64|96,89|94,17|17,65|88,90|89,16|96,95|16,88|96,94|39,68|98,58|64,33|42,56|95,42/96,68=96,64,33,39,68
39,11|97,74|0,47|62,55|74,88|66,98|55,39|4,24|98,10|24,49|53,4|62,14|13,0|11,38|14,97|62,66|47,89|62,13|62,53|10,80/62,89=62,13,0,47,89
2,53|5,46|1,93|22,71|13,54|53,82|82,20|67,91|98,41|98,1|98,64|93,27|41,81|91,52|98,13|98,2|54,22|81,5|64,67|27,42/98,52=98,64,67,91,52
99,51|49,64|76,75|12,40|14,41|12,3|16,14|83,52|7,1|40,16|12,38|64,76|6,83|38,6|56,7|3,53|1,91|53,99|12,49|12,56/12,52=12,38,6,83,52
19,20|87,88|19,84|19,39|96,7|35,45|47,87|18,17|42,62|93,35|71,96|84,71|45,80|88,56|19,93|86,18|39,86|19,47|62,57|20,42/19,57=19,20,42,62,57
36,12|53,63|69,10|1,98|38,1|98,85|12,86|47,61|53,69|86,77|53,47|97,9|88,60|63,19|61,26|19,88|53,36|26,46|53,38|10,97/53,60=53,63,19,88,60
1,16|25,44|25,24|25,46|2,37|24,88|5,4|25,86|44,49|46,26|31,5|35,93|48,13|88,35|26,1|43,31|82,48|49,2|86,82|25,43/25,93=25,24,88,35,93
84,15|4,42|62,91|98,52|48,39|84,21|39,60|72,45|69,4|84,98|84,69|89,61|5,25|42,20|41,62|84,5|25,72|15,41|52,89|21,48/84,61=84,98,52,89,61
50,92|53,50|38,13|24,58|86,43|25,14|82,86|4,82|11,25|24,4|39,70|64,46|24,53|92,65|24,38|96,75|13,64|24,39|58,11|70,96/24,43=24,4,82,86,43
42,44|64,20|47,48|38,1|77,49|39,8|49,64|55,74|82,55|61,83|1,93|99,82|8,42|61,39|93,46|61,77|83,11|61,99|11,47|61,38/61,74=61,99,82,55,74
93,95|25,14|38,8|31,72|13,89|59,31|85,13|81,57|57,60|60,76|8,49|49,75|14,93|81,97|97,59|89,42|76,68|81,25|81,38|81,85/81,42=81,85,13,89,42
69,13|13,64|47,33|24,25|48,75|6,24|48,85|55,72|48,60|33,46|85,6|45,82|48,32|72,10|75,47|32,45|60,69|82,41|19,55|48,19/48,41=48,32,45,82,41
68,24|48,68|77,79|34,14|46,12|81,91|22,43|91,46|81,65|81,77|97,48|81,97|65,21|21,44|81,34|84,54|12,75|44,36|79,84|14,22/81,36=81,65,21,44,36
89,38|30,3|76,74|66,6|78,45|60,63|3,60|2,78|6,83|74,89|34,15|83,33|30,76|63,28|88,34|82,88|30,18|30,66|18,2|30,82/30,15=30,82,88,34,15
34,95|95,77|59,52|77,40|37,66|36,30|52,68|40,15|8,61|34,36|34,57|32,71|31,37|71,17|57,31|30,8|34,62|62,32|68,78|34,59/34,17=34,62,32,71,17
41,78|75,18|13,69|18,11|73,64|61,73|16,37|11,51|12,87|87,13|80,25|41,62|25,30|41,75|41,12|78,61|34,4|37,34|62,80|41,16/41,30=41,62,80,25,30
88,37|70,49|77,65|66,80|69,83|91,43|65,9|69,77|79,64|69,27|83,36|64,31|62,20|49,88|69,70|27,79|43,66|9,50|69,91|36,62/69,31=69,27,79,64,31
38,40|78,81|36,92|40,11|73,93|27,16|27,35|27,38|37,26|11,43|42,73|35,52|27,54|27,68|26,71|92,32|54,42|52,78|68,37|16,36/27,81=27,35,52,78,81
89,80|55,95|95,34|32,89|60,41|38,73|55,65|61,23|69,42|55,99|34,60|55,32|65,38|55,69|80,72|73,71|99,52|42,87|52,61|87,7/55,23=55,99,52,61,23
46,93|65,52|78,68|34,86|31,12|89,97|97,23|19,78|61,81|86,98|81,36|84,61|34,84|34,89|68,99|23,35|52,31|98,46|34,65|34,19/34,35=34,89,97,23,35
93,64|5,78|24,46|93,29|64,5|90,72|86,63|40,51|36,3|88,90|51,84|78,73|3,24|93,36|93,65|93,62|65,88|62,86|29,40|63,10/93,10=93,62,86,63,10
29,85|88,70|44,88|79,29|85,57|79,73|57,95|79,42|6,93|73,76|25,97|76,25|84,0|94,84|72,44|52,6|79,26|79,72|26,52|42,94/79,97=79,73,76,25,97
27,94|80,24|0,75|37,12|52,65|22,11|88,52|12,46|56,37|35,88|94,1|35,22|35,80|24,0|35,56|1,55|11,29|35,27|65,70|29,84/35,70=35,88,52,65,70
81,89|92,65|69,43|89,56|69,51|65,49|51,9|96,5|43,71|56,40|69,92|53,98|69,81|97,61|71,96|9,53|61,76|76,42|49,14|69,97/69,5=69,43,71,96,5
97,59|11,17|89,21|28,89|80,27|14,50|56,55|82,9|26,11|56,80|56,69|27,68|59,31|50,82|56,28|56,14|69,97|21,67|68,13|55,26/56,9=56,14,50,82,9
21,86|94,21|98,46|46,71|13,11|8,98|11,23|55,94|36,58|86,99|38,63|18,13|63,82|76,27|27,36|55,18|55,76|73,38|55,8|55,73/55,82=55,73,38,63,82
92,67|89,56|60,65|50,70|60,98|60,75|88,8|60,89|32,97|37,14|56,92|70,43|68,88|39,32|65,50|60,90|14,44|75,68|90,39|98,37/60,44=60,98,37,14,44
24,4|20,49|7,30|24,38|83,13|49,42|80,6|38,20|79,2|3,7|2,96|6,15|29,80|4,3|60,79|81,83|24,29|24,22|24,60|22,81/24,30=24,4,3,7,30
22,33|36,80|23,79|22,34|39,9|30,39|65,98|10,29|86,38|22,10|98,37|9,83|80,23|29,69|38,58|33,86|34,65|69,84|22,30|22,36/22,83=22,30,39,9,83
8,77|80,4|96,81|90,10|78,8|4,51|28,78|92,80|22,55|76,22|59,84|28,76|55,6|84,98|10,96|77,60|50,59|28,50|28,90|28,92/28,60=28,78,8,77,60
81,90|17,6|6,59|15,31|77,15|46,17|38,58|81,64|89,26|26,80|81,89|50,42|58,68|81,46|42,49|64,38|98,50|90,77|80,2|81,98/81,31=81,90,77,15,31
3,5|13,98|98,43|37,36|35,32|36,13|54,87|37,35|45,10|87,19|10,71|37,45|32,3|71,63|47,7|37,67|29,47|67,29|19,20|37,54/37,20=37,54,87,19,20
66,77|52,37|66,73|54,30|66,72|83,16|91,69|67,54|66,67|60,91|34,17|72,52|77,60|99,76|66,99|37,10|30,33|76,83|73,34|17,80/66,33=66,67,54,30,33
50,68|31,85|89,9|10,44|45,96|45,53|60,31|45,75|75,89|45,73|85,91|45,60|90,50|6,51|73,90|53,10|51,40|96,6|44,29|9,42/45,42=45,75,89,9,42
98,7|19,5|19,4|24,97|46,64|19,52|19,58|26,77|58,99|72,94|19,92|51,98|2,26|17,24|52,17|94,21|92,2|4,72|99,46|5,51/19,77=19,92,2,26,77
90,0|37,94|99,50|4,65|37,99|0,24|18,87|37,49|20,42|65,23|37,40|94,74|50,20|74,84|49,90|37,43|84,19|40,51|51,18|43,4/37,23=37,43,4,65,23
43,54|63,8|19,23|40,63|19,81|31,60|98,36|68,29|29,10|88,89|17,98|8,41|19,40|19,68|19,31|23,17|10,72|81,88|60,43|89,87/19,72=19,68,29,10,72
88,16|58,43|12,25|88,29|89,84|29,1|88,77|88,20|88,89|43,8|16,7|1,49|49,41|20,58|42,74|76,12|77,76|69,97|84,69|7,42/88,25=88,77,76,12,25
71,96|74,32|84,13|74,63|74,84|25,9|74,45|48,67|96,54|63,57|32,49|49,59|13,23|0,51|9,48|23,93|59,31|74,25|57,0|45,71/74,67=74,25,9,48,67
95,3|95,68|3,62|95,38|95,77|41,79|17,88|68,97|78,82|38,78|82,84|79,67|37,32|21,41|28,66|77,34|62,28|95,21|34,17|97,37/95,66=95,3,62,28,66
6,30|20,34|18,15|36,56|31,47|31,64|31,27|47,53|53,36|31,48|34,91|64,61|61,6|27,26|26,44|3,42|15,3|31,18|44,28|48,20/31,91=31,48,20,34,91
78,59|27,20|4,11|21,58|59,27|83,56|58,39|64,31|20,75|78,45|45,62|31,4|79,28|68,83|62,79|56,76|78,64|78,21|39,49|78,68/78,49=78,21,58,39,49
41,31|22,77|26,19|26,89|58,55|55,67|26,95|47,98|54,39|26,43|19,58|26,71|77,75|89,22|78,54|95,74|31,80|43,78|71,41|74,47/26,75=26,89,22,77,75
22,92|12,49|92,72|5,88|71,96|12,5|45,23|88,85|96,10|12,7|59,26|49,22|12,71|12,98|98,59|85,48|7,82|26,41|10,86|82,45/12,72=12,49,22,92,72
15,55|92,65|55,13|15,77|63,93|15,7|0,74|77,75|85,6|15,0|93,67|15,51|51,63|76,82|7,94|53,22|13,76|75,92|74,53|94,85/15,65=15,77,75,92,65
88,56|0,85|41,88|84,0|85,61|93,51|47,35|59,93|77,47|95,4|43,15|43,41|31,8|43,77|43,31|15,59|56,81|43,84|8,95|35,87/43,4=43,31,8,95,4
16,78|4,16|93,4|8,52|50,9|34,18|9,61|86,70|98,50|18,76|93,8|26,34|52,31|93,86|78,71|93,98|70,80|31,41|93,26|80,44/93,61=93,98,50,9,61
84,27|54,92|27,29|92,32|62,93|61,12|58,54|93,11|58,57|58,73|6,61|58,4|73,53|32,64|56,6|58,56|57,84|4,62|34,36|53,34/58,64=58,54,92,32,64
76,5|34,43|57,24|17,1|20,65|24,97|32,34|4,78|39,20|39,57|39,32|65,19|39,76|5,4|1,35|39,17|35,59|97,3|43,52|19,55/39,59=39,17,1,35,59
87,19|34,58|66,34|55,41|22,49|66,15|66,87|58,42|66,97|14,94|45,83|42,8|15,92|94,80|80,98|97,55|41,85|92,45|19,22|66,14/66,8=66,34,58,42,8
48,14|62,36|6,9|5,30|81,5|6,76|76,33|33,92|40,50|6,40|30,70|92,2|49,56|9,80|6,81|72,48|6,72|50,62|14,83|80,49/6,36=6,40,50,62,36
23,82|99,70|65,57|35,52|83,17|98,93|48,40|93,56|44,48|83,65|40,25|83,23|83,44|70,96|95,73|17,99|82,35|57,95|83,98|56,32/83,25=83,44,48,40,25
54,16|54,6|73,25|11,22|50,4|82,11|61,37|36,50|37,73|6,40|40,10|54,65|4,85|16,39|54,36|54,61|65,82|10,94|39,98|98,67/54,85=54,36,50,4,85
45,46|66,85|91,27|60,66|22,57|26,94|22,29|68,93|22,97|46,87|9,45|10,26|97,91|57,60|69,68|29,10|22,69|22,9|27,79|93,80/22,94=22,29,10,26,94
59,89|51,1|20,82|19,24|68,46|76,4|59,90|59,15|66,19|59,20|15,96|89,52|69,51|87,69|82,68|90,66|52,22|22,25|59,87|96,76/59,4=59,15,96,76,4
38,18|16,12|29,74|39,41|65,43|39,31|41,98|74,87|39,29|23,15|15,38|39,23|81,69|31,81|35,27|98,16|27,65|39,35|87,83|69,76/39,43=39,35,27,65,43
99,71|48,80|57,73|47,25|90,3|21,11|81,95|21,48|11,81|52,68|21,52|95,59|80,47|21,33|73,37|65,57|21,65|71,45|33,99|68,90/21,25=21,48,80,47,25
23,91|68,58|27,80|54,90|68,0|99,66|66,78|91,1|58,23|83,76|0,81|68,27|80,11|11,73|7,69|81,83|90,7|34,99|68,34|68,54/68,76=68,0,81,83,76
3,70|2,52|34,58|34,31|34,33|34,5|86,82|7,40|34,41|79,28|41,83|33,79|83,7|28,4|5,10|88,2|10,86|58,3|31,88|70,32/34,32=34,58,3,70,32
57,22|9,95|1,35|78,58|57,27|86,0|22,31|85,78|57,81|75,9|57,4|98,70|4,98|31,1|94,86|61,94|57,61|70,14|81,85|27,75/57,95=57,27,75,9,95
87,66|17,15|19,17|98,24|89,18|98,51|98,14|70,76|25,89|88,92|99,87|92,70|51,19|83,12|3,83|24,25|14,3|66,81|98,88|98,99/98,81=98,99,87,66,81
69,77|97,95|95,82|29,12|81,99|33,26|82,87|69,6|57,54|58,81|69,3|1,28|69,97|12,1|6,94|77,22|94,57|69,29|22,33|3,58/69,28=69,29,12,1,28
70,87|39,76|21,60|73,53|49,70|53,39|90,81|25,90|42,66|87,63|42,73|61,74|60,54|46,68|54,16|74,46|42,49|42,61|66,25|42,21/42,63=42,49,70,87,63
81,49|28,86|25,10|82,3|10,4|27,74|82,11|3,40|54,93|2,66|74,28|33,76|93,2|82,54|32,94|82,32|11,25|82,27|94,81|40,33/82,76=82,3,40,33,76
24,0|24,67|58,81|48,62|81,45|99,52|0,90|76,70|52,15|86,7|24,41|24,94|94,56|45,88|56,48|67,73|24,58|41,99|90,86|73,76/24,70=24,67,73,76,70
60,81|0,86|3,45|13,11|76,39|39,99|79,48|17,13|17,57|57,29|81,47|29,79|64,42|17,60|47,75|99,88|17,76|42,3|17,64|11,0/17,45=17,64,42,3,45
15,69|36,51|23,14|98,5|38,52|41,35|94,82|21,11|14,38|20,98|20,15|20,41|35,21|82,4|20,94|5,61|69,36|4,88|20,23|61,89/20,51=20,15,69,36,51
5,18|97,44|88,24|1,36|5,11|50,45|85,33|5,20|26,97|11,43|14,86|94,14|43,68|68,74|5,88|45,1|20,26|5,50|18,94|24,85/5,74=5,11,43,68,74
49,39|51,35|9,55|35,74|86,54|78,9|89,78|51,49|38,27|36,26|27,61|61,3|51,89|85,52|51,38|74,0|0,31|54,36|51,86|39,85/51,55=51,89,78,9,55
56,73|51,68|69,56|29,95|86,51|95,45|40,46|91,44|35,38|35,69|68,65|60,91|83,40|35,60|35,18|73,58|44,49|38,29|35,86|18,83/35,65=35,86,51,68,65
10,23|85,46|69,12|23,39|85,63|61,80|45,93|74,48|36,79|63,67|46,10|67,69|93,61|79,9|85,45|85,17|85,74|33,73|17,36|48,33/85,9=85,17,36,79,9
79,3|97,42|79,56|38,86|73,36|16,35|3,97|53,24|86,53|35,88|42,65|44,48|79,44|48,59|79,28|79,38|28,73|56,16|59,52|36,63/79,24=79,38,86,53,24
10,12|55,95|37,40|37,46|12,2|46,63|34,71|47,11|6,38|63,34|95,96|77,86|37,89|89,10|96,20|37,55|11,6|40,77|37,47|86,57/37,2=37,89,10,12,2
54,17|66,40|63,72|82,63|97,51|52,70|17,68|47,52|2,55|75,47|97,82|97,75|14,66|97,14|97,84|51,44|40,50|44,2|84,54|72,86/97,70=97,75,47,52,70
0,49|40,2|77,0|9,17|80,88|42,90|81,40|81,77|81,47|2,42|32,96|88,83|6,32|81,80|81,9|83,95|17,99|99,78|49,64|47,6/81,95=81,80,88,83,95
33,83|33,22|86,88|49,13|24,70|33,47|47,92|33,56|45,81|13,89|33,49|56,50|92,45|50,51|22,35|83,86|88,80|35,24|89,73|51,1/33,81=33,47,92,45,81
69,73|6,98|1,97|78,57|27,59|62,91|59,80|73,1|56,2|41,6|84,78|84,69|57,56|61,41|84,11|84,62|84,61|72,28|91,72|11,27/84,2=84,78,57,56,2
61,66|89,22|13,61|52,74|66,28|52,91|52,13|10,78|48,2|71,48|0,26|22,65|78,1|26,87|2,84|74,10|52,71|91,89|40,0|52,40/52,1=52,74,10,78,1
8,41|25,57|57,5|30,29|25,1|77,48|92,93|25,8|41,4|4,36|5,58|25,23|1,83|48,46|93,43|23,92|46,47|25,77|58,76|83,30/25,36=25,8,41,4,36
56,6|39,70|49,78|69,77|66,39|78,43|43,13|49,28|47,93|77,9|49,56|49,88|33,25|88,66|13,63|93,33|6,97|97,42|28,69|49,47/49,25=49,47,93,33,25
85,37|17,92|42,12|54,24|24,85|43,17|62,73|83,42|96,93|93,48|57,50|62,54|98,96|62,72|62,98|63,57|73,43|51,83|62,51|72,63/62,50=62,72,63,57,50
83,98|17,73|72,8|64,2|46,20|55,72|20,39|44,79|55,17|84,33|98,64|69,36|73,84|55,46|8,44|36,47|55,83|55,69|47,6|39,9/55,2=55,83,98,64,2
60,33|5,88|4,43|18,80|69,99|53,52|58,89|12,73|4,58|36,60|8,36|88,40|89,69|4,5|4,8|52,84|4,18|80,12|43,53|40,78/4,78=4,5,88,40,78
95,96|99,63|63,21|85,84|6,46|11,53|46,93|48,56|6,99|56,16|21,55|6,24|84,5|4,48|93,11|20,95|24,20|6,4|6,27|27,85/6,96=6,24,20,95,96
9,76|42,34|5,69|27,20|13,23|57,53|13,42|13,3|34,27|97,9|69,28|61,57|13,61|28,66|3,97|53,79|75,58|23,75|58,62|13,5/13,66=13,5,69,28,66
66,87|3,31|24,56|80,49|66,74|66,80|47,7|66,6|6,58|36,11|66,43|58,32|43,10|10,24|74,36|28,3|11,68|87,28|49,47|32,27/66,56=66,43,10,24,56
62,87|73,79|73,55|98,78|49,68|35,70|52,77|73,52|13,21|77,35|21,75|78,15|48,3|73,0|73,49|67,48|55,98|79,13|0,67|68,62/73,87=73,49,68,62,87
89,97|63,24|61,27|35,92|1,61|1,8|85,89|24,14|1,76|36,90|17,11|92,17|8,63|84,88|88,60|1,35|1,42|42,84|27,36|76,85/1,60=1,42,84,88,60
12,81|78,61|59,58|53,57|5,23|11,5|81,41|37,75|59,15|59,53|75,50|93,11|58,78|57,18|59,93|91,12|59,91|61,1|18,73|15,37/59,50=59,15,37,75,50
25,12|38,78|40,16|92,17|69,97|55,32|97,56|2,68|53,38|32,58|70,53|56,81|55,25|55,70|55,31|55,69|12,40|85,92|58,2|31,85/55,17=55,31,85,92,17
46,94|46,75|46,63|32,24|63,32|46,50|40,31|50,91|17,43|39,1|91,17|56,40|87,56|24,73|1,61|15,6|6,2|46,87|94,39|75,15/46,31=46,87,56,40,31
39,97|20,81|68,88|39,98|88,67|39,79|96,31|81,55|87,64|98,20|51,56|56,33|97,68|1,87|12,96|4,51|39,4|39,78|78,1|79,12/39,33=39,4,51,56,33
61,59|48,8|65,30|54,48|91,86|24,91|80,61|38,70|38,35|52,27|19,52|8,18|38,24|70,19|86,33|72,65|74,80|38,74|35,72|38,54/38,30=38,35,72,65,30
43,51|60,62|62,77|51,33|4,72|83,68|83,61|93,4|33,42|96,24|61,47|72,66|47,96|83,93|68,63|25,14|92,60|83,92|63,25|83,43/83,42=83,43,51,33,42
65,47|16,65|17,79|37,17|29,50|57,90|57,77|47,51|55,9|57,82|57,16|90,29|57,23|82,8|23,55|9,3|50,62|77,37|8,58|58,4/57,4=57,82,8,58,4
61,73|83,82|73,63|29,71|45,61|4,22|82,14|4,23|28,18|85,29|4,83|57,28|59,2|22,57|4,85|71,20|4,45|14,47|2,78|23,59/4,78=4,23,59,2,78
64,56|10,25|48,9|15,52|48,89|12,18|52,41|18,66|89,10|48,64|48,32|71,17|9,12|56,71|55,44|48,21|25,3|32,15|88,55|21,88/48,44=48,21,88,55,44
9,8|13,10|92,44|31,43|99,31|78,29|8,62|44,37|97,9|85,20|10,83|89,92|38,79|38,97|38,99|38,89|43,93|38,85|20,78|79,13/38,37=38,89,92,44,37
92,49|11,25|63,74|55,75|31,22|75,26|72,10|26,52|80,42|85,92|72,21|72,66|25,16|10,63|72,55|66,11|22,80|21,85|74,30|72,31/72,16=72,66,11,25,16
92,83|91,2|34,54|2,34|44,20|54,98|96,25|33,44|10,94|69,10|94,1|62,77|83,62|91,33|20,9|91,96|91,69|25,99|91,92|99,32/91,32=91,96,25,99,32
91,56|0,25|4,54|51,62|91,32|32,29|67,39|29,4|25,47|56,83|39,75|48,35|75,5|83,51|91,67|91,0|35,70|47,28|91,48|70,98/91,28=91,0,25,47,28
37,52|93,92|0,22|58,81|22,53|11,69|81,67|53,6|92,32|98,45|37,30|37,78|30,58|40,98|37,40|52,2|37,0|78,93|2,11|45,1/37,67=37,30,58,81,67
68,79|12,2|66,1|32,75|48,59|95,8|23,95|2,17|71,21|72,12|8,31|71,23|71,48|75,68|59,66|33,37|71,32|37,26|21,33|71,72/71,31=71,23,95,8,31
63,28|30,3|76,74|66,6|78,45|60,83|3,60|2,78|6,89|74,63|34,15|89,38|30,76|83,33|88,34|82,88|30,18|30,66|18,2|30,82/30,15=30,82,88,34,15
18,35|36,12|43,17|64,9|18,22|18,37|35,90|37,64|27,52|18,44|94,80|96,68|22,87|18,94|12,82|90,43|44,36|9,69|87,96|80,27/18,69=18,37,64,9,69
9,90|33,51|99,33|51,27|16,17|0,34|99,94|99,42|85,35|27,83|99,61|94,39|42,0|35,68|90,88|61,85|40,9|34,48|39,16|99,40/99,88=99,40,9,90,88
36,15|18,49|12,34|81,16|18,4|44,48|46,88|18,12|39,81|66,50|90,23|88,36|4,54|18,46|54,44|49,39|23,93|34,66|25,90|18,25/18,50=18,12,34,66,50
94,81|58,87|58,10|58,71|64,88|49,93|92,70|58,55|55,50|10,33|29,64|44,92|76,29|28,43|87,90|50,28|33,49|71,44|90,94|58,76/58,88=58,76,29,64,88
8,75|75,41|19,8|83,5|5,67|19,83|19,90|19,82|67,57|34,85|32,33|82,0|90,39|39,34|41,44|33,46|98,55|46,48|19,32|0,98/19,44=19,8,75,41,44
16,21|22,38|79,52|59,4|26,9|89,28|21,23|32,22|5,16|4,96|31,32|28,88|52,93|9,79|46,59|26,2|26,46|2,89|26,5|26,31/26,96=26,46,59,4,96
67,50|0,72|67,73|86,56|46,83|32,80|42,91|67,32|56,0|80,54|67,86|64,53|54,35|73,51|51,42|67,44|53,36|50,46|83,22|44,64/67,36=67,44,64,53,36
90,8|94,37|94,51|50,7|53,16|44,46|5,34|92,76|94,53|68,74|51,84|76,50|94,5|65,90|94,92|83,40|84,83|16,44|34,68|37,65/94,74=94,5,34,68,74
55,80|38,41|64,75|41,59|38,18|84,87|18,69|53,95|87,92|92,29|38,49|90,96|69,55|38,84|17,64|38,93|59,53|49,17|96,40|93,90/38,75=38,49,17,64,75
45,69|78,43|72,89|45,12|45,72|45,35|35,60|29,8|31,17|45,94|94,56|48,85|89,29|92,38|43,76|56,31|12,78|39,48|69,39|60,92/45,38=45,35,60,92,38
52,86|94,6|53,12|94,47|83,34|6,51|94,5|56,83|47,72|5,27|51,75|34,58|72,79|75,37|21,71|71,53|79,0|27,52|94,21|94,56/94,0=94,47,72,79,0
69,7|95,54|69,73|73,98|17,89|69,31|23,81|46,64|69,21|72,17|39,72|11,23|31,8|69,39|21,24|38,82|98,95|24,38|8,46|7,11/69,54=69,73,98,95,54
40,12|81,1|23,31|8,6|41,20|4,18|5,81|8,21|20,79|21,41|1,38|8,23|6,34|18,62|31,40|34,70|8,5|8,93|93,4|70,52/8,38=8,5,81,1,38
94,5|38,56|47,72|38,66|74,9|38,42|38,74|79,4|65,24|9,65|38,94|66,79|5,87|42,27|87,88|0,47|71,98|56,0|4,1|27,71/38,88=38,94,5,87,88
7,95|57,44|17,7|17,59|44,56|2,70|82,27|21,67|17,57|27,0|59,32|17,71|71,2|37,82|32,46|95,21|46,90|17,37|70,3|56,24/17,24=17,57,44,56,24
44,61|46,45|21,77|44,50|55,22|45,69|44,47|40,12|12,25|44,46|50,40|24,21|93,55|41,66|83,41|47,24|69,53|61,93|44,90|90,83/44,53=44,46,45,69,53
84,78|73,3|78,63|98,55|42,60|99,43|56,42|49,53|88,98|55,99|88,49|53,52|60,96|88,84|59,47|88,73|63,21|52,28|3,59|88,56/88,28=88,49,53,52,28
47,99|70,60|47,63|58,20|60,94|40,49|20,39|71,88|10,6|27,70|99,58|47,22|6,71|67,56|63,95|22,37|47,27|95,40|37,67|47,10/47,49=47,63,95,40,49
20,79|81,1|23,31|8,6|41,18|4,40|5,81|8,21|18,62|21,41|1,38|8,23|6,34|40,12|31,20|34,70|8,5|8,93|93,4|70,52/8,38=8,5,81,1,38
12,73|5,88|4,43|18,80|69,99|53,60|58,89|52,84|4,58|36,12|8,36|88,40|89,69|4,5|4,8|60,33|4,18|80,52|43,53|40,78/4,78=4,5,88,40,78
6,65|2,28|47,63|27,54|65,2|36,25|23,31|25,27|54,62|94,47|36,6|4,88|31,59|36,49|3,8|36,23|8,4|36,3|49,94|59,19/36,63=36,49,94,47,63
17,69|43,53|3,12|17,78|53,3|60,25|76,77|78,90|17,76|17,43|90,99|41,73|69,80|23,38|80,41|17,85|85,79|79,60|77,23|99,46/17,46=17,78,90,99,46
88,55|69,37|16,35|73,38|87,56|58,21|55,81|87,53|38,84|37,23|87,73|87,58|84,99|33,16|53,69|97,29|56,33|21,97|87,88|81,82/87,23=87,53,69,37,23
54,40|24,26|99,91|71,78|26,55|61,93|18,67|28,7|42,71|33,61|99,28|83,18|63,33|78,72|91,83|99,63|88,24|99,88|7,54|99,42/99,72=99,42,71,78,72
15,80|29,75|89,96|94,2|9,18|24,12|95,44|87,9|80,89|31,29|2,95|31,94|31,82|79,24|33,79|75,41|82,87|41,50|31,15|31,33/31,12=31,33,79,24,12
31,60|72,43|12,31|27,41|12,61|55,20|19,46|97,33|14,34|60,14|12,55|12,72|46,8|41,86|43,81|12,27|86,1|61,19|81,32|20,97/12,32=12,72,43,81,32
4,22|20,97|60,4|44,91|86,60|15,58|86,67|86,15|86,44|89,52|83,20|86,76|91,77|26,55|76,26|22,5|55,28|58,89|67,83|77,48/86,48=86,44,91,77,48
9,53|51,95|3,60|51,78|51,7|72,71|51,92|60,35|27,72|51,31|31,3|78,27|26,61|92,9|62,14|53,34|7,26|95,62|61,76|14,46/51,46=51,95,62,14,46
70,45|64,73|78,27|26,78|64,70|73,15|13,81|20,26|64,20|45,25|81,9|25,57|9,46|15,58|64,13|64,22|61,53|58,39|97,61|22,97/64,57=64,70,45,25,57
55,76|0,10|10,99|91,88|91,72|61,32|88,5|5,93|72,19|76,16|91,26|26,13|16,92|75,48|22,0|91,55|93,94|91,22|13,75|19,61/91,94=91,88,5,93,94
36,29|20,5|56,61|36,96|80,27|88,20|4,18|36,88|61,65|76,44|89,80|5,28|44,14|36,23|29,4|97,56|23,89|18,6|96,76|36,97/36,14=36,96,76,44,14
91,26|18,71|65,63|63,50|4,60|26,18|27,4|84,91|67,75|84,12|48,67|40,31|60,36|84,27|31,2|73,48|12,40|84,65|50,7|84,73/84,36=84,27,4,60,36
34,48|34,55|46,95|34,53|42,85|92,74|34,5|1,42|11,82|52,77|53,11|82,64|55,29|29,52|48,1|66,6|34,46|95,92|6,13|5,66/34,77=34,55,29,52,77
67,27|76,72|82,4|50,51|98,22|4,70|79,67|79,62|59,50|79,58|55,76|79,16|47,91|58,82|62,30|16,55|30,47|27,98|88,59|79,88/79,70=79,58,82,4,70
54,43|4,48|43,11|72,21|72,54|3,23|17,65|48,16|72,79|75,64|5,4|79,90|53,3|72,5|64,68|21,75|90,17|72,53|23,19|11,0/72,19=72,53,3,23,19
27,65|46,27|6,7|79,87|68,79|80,24|89,85|10,19|89,77|62,20|89,71|50,6|89,10|20,32|19,80|85,50|71,62|56,68|89,56|77,46/89,65=89,77,46,27,65
14,95|87,37|73,38|11,73|51,68|51,85|96,17|58,57|51,8|85,58|51,14|31,56|49,87|95,74|51,31|57,92|74,25|8,49|56,96|68,11/51,38=51,68,11,73,38
61,48|27,63|63,56|32,82|38,97|1,37|38,1|38,61|38,86|82,28|37,72|48,23|86,27|68,69|97,32|38,7|23,60|69,76|72,99|7,68/38,76=38,7,68,69,76
84,27|54,92|27,29|92,32|62,34|93,11|58,54|34,36|58,57|58,73|6,93|58,4|73,53|32,64|56,6|58,56|57,84|4,62|61,12|53,61/58,64=58,54,92,32,64
74,52|48,15|48,72|67,58|48,40|15,19|58,95|20,4|48,74|73,34|95,56|60,20|72,16|52,73|22,30|19,36|36,50|48,67|16,22|40,60/48,34=48,74,52,73,34
51,9|57,26|89,58|13,89|52,99|85,51|44,14|13,56|58,57|11,44|99,49|2,85|13,34|49,46|13,2|34,11|8,22|56,73|73,8|13,52/13,14=13,34,11,44,14
17,29|28,46|37,92|5,96|58,81|95,53|5,68|48,17|96,75|5,58|5,65|33,37|40,43|81,40|68,33|65,48|42,78|78,28|5,42|75,95/5,29=5,65,48,17,29
97,60|4,19|42,32|19,88|10,33|60,9|49,42|67,37|73,51|73,20|48,67|73,4|20,61|51,49|88,85|73,50|73,28|50,48|28,97|61,10/73,33=73,20,61,10,33
25,6|1,8|81,99|59,62|93,15|55,93|99,49|44,42|34,55|64,19|4,12|71,25|12,81|42,64|4,71|4,34|4,1|8,59|4,44|6,13/4,49=4,12,81,99,49
29,57|87,26|12,42|12,13|28,34|42,29|34,49|1,69|12,28|69,41|12,65|64,98|41,54|13,27|98,40|57,86|27,87|12,1|65,64|49,81/12,26=12,13,27,87,26
55,54|55,92|57,85|85,98|60,66|55,5|53,45|63,27|91,53|55,63|61,91|41,72|54,29|27,87|5,57|92,41|72,46|87,48|55,61|29,60/55,45=55,61,91,53,45
8,1|38,33|40,55|1,45|25,44|55,34|24,86|12,24|44,76|39,25|12,8|12,52|86,89|62,66|89,2|12,39|12,62|45,10|52,40|66,38/12,34=12,52,40,55,34
71,73|74,99|20,33|57,22|74,71|74,15|74,20|99,52|27,3|66,6|95,37|74,47|15,51|33,95|47,58|52,66|73,1|58,57|51,27|1,29/74,3=74,15,51,27,3
31,15|24,75|24,17|22,10|24,84|28,48|7,52|76,78|94,28|52,99|24,76|24,94|15,43|48,77|75,98|58,2|78,58|17,7|98,22|84,31/24,10=24,75,98,22,10
35,28|48,52|28,19|91,62|35,38|29,80|62,12|19,33|33,59|0,50|35,91|12,30|52,29|8,49|50,8|35,0|35,48|21,58|38,53|53,21/35,59=35,28,19,33,59
3,75|3,29|79,62|48,74|29,9|43,68|41,43|3,41|3,33|9,96|75,16|33,39|39,1|62,46|1,7|96,90|68,19|3,79|16,48|46,5/3,7=3,33,39,1,7
57,35|95,6|72,84|19,41|20,72|11,52|52,33|20,57|96,11|84,17|17,25|41,89|20,95|20,96|62,19|20,62|53,29|35,53|6,77|77,16/20,25=20,72,84,17,25
39,22|20,68|20,64|64,52|53,39|59,36|77,44|21,59|20,80|50,53|68,43|89,21|46,45|52,46|20,50|97,47|60,77|43,97|80,60|20,89/20,36=20,89,21,59,36
57,22|9,95|86,0|78,58|57,27|70,14|22,31|85,78|57,81|75,9|57,4|98,1|4,98|31,86|94,70|61,94|57,61|1,35|81,85|27,75/57,95=57,27,75,9,95
36,82|10,63|53,23|63,6|89,13|56,36|6,97|45,75|97,60|10,53|34,59|10,61|5,89|61,56|23,52|10,45|10,5|52,3|13,95|75,34/10,3=10,53,23,52,3
95,14|87,95|67,13|10,65|69,97|89,57|89,71|84,69|44,70|89,67|71,10|65,35|13,78|78,6|89,84|89,5|5,87|57,44|70,12|97,86/89,86=89,84,69,97,86
32,52|32,20|66,22|25,5|65,82|83,65|84,0|5,63|95,11|11,8|32,93|38,84|52,38|8,18|93,25|20,80|80,66|32,95|32,15|15,83/32,18=32,95,11,8,18
71,46|30,89|46,24|71,62|77,9|63,77|91,30|71,63|9,2|16,91|71,16|80,3|62,58|58,26|24,0|37,97|71,80|0,82|26,43|3,37/71,43=71,62,58,26,43
86,12|47,30|16,39|18,6|86,20|86,42|66,54|12,36|34,35|39,96|33,10|36,34|30,66|42,33|10,84|96,72|86,16|86,47|1,18|20,1/86,35=86,12,36,34,35
79,16|46,93|44,35|99,4|79,8|79,28|16,27|27,82|35,33|8,99|33,51|98,5|82,23|80,98|79,32|28,80|4,22|9,46|79,44|32,9/79,93=79,32,9,46,93
55,30|55,47|55,5|30,3|54,17|46,67|11,58|8,88|16,69|58,8|3,16|47,27|27,46|6,21|35,54|32,6|5,35|55,63|55,11|63,32/55,21=55,63,32,6,21
13,81|25,41|38,59|59,32|86,35|81,10|28,44|86,28|61,78|65,61|44,25|86,13|94,76|86,65|78,52|35,94|76,66|86,6|10,3|6,38/86,32=86,6,38,59,32
96,15|64,90|29,64|76,96|84,95|17,5|1,34|52,17|90,68|95,0|98,19|29,52|68,33|29,27|34,98|29,1|16,76|5,57|29,16|27,84/29,57=29,52,17,5,57
81,10|64,3|76,22|10,57|57,58|82,19|66,42|66,98|22,80|66,81|66,63|47,6|19,4|98,76|42,31|77,43|31,47|63,82|66,64|3,77/66,4=66,63,82,19,4
73,83|48,73|96,91|23,34|60,65|57,45|48,96|8,23|55,62|45,37|91,55|34,30|48,57|48,8|39,87|83,78|37,33|65,39|78,67|48,60/48,87=48,60,65,39,87
84,62|70,55|84,36|92,22|79,82|59,69|84,5|0,79|36,16|84,47|47,98|5,32|62,92|98,59|89,0|16,70|22,50|63,76|84,89|32,63/84,55=84,36,16,70,55
9,5|68,90|81,44|26,30|94,9|38,60|73,98|5,62|90,71|40,68|44,58|98,24|37,21|37,94|37,26|37,73|30,38|24,42|37,40|21,81/37,58=37,21,81,44,58
39,28|87,21|87,29|28,12|32,5|87,8|87,25|45,11|67,90|61,6|94,45|25,39|10,32|90,61|40,27|21,94|29,40|87,67|27,50|8,10/87,50=87,29,40,27,50
79,73|76,15|76,71|50,26|24,55|80,87|47,24|71,92|87,50|65,28|49,47|64,77|2,64|76,49|73,53|92,65|76,42|42,79|15,2|76,80/76,55=76,49,47,24,55
84,66|76,14|9,57|26,35|91,80|64,9|91,89|80,45|83,64|91,83|91,76|58,2|89,73|91,26|35,58|43,74|14,43|24,42|73,24|45,84/91,42=91,89,73,24,42
89,29|94,10|51,63|43,13|32,71|71,90|10,43|32,47|32,94|88,36|32,30|47,89|30,88|55,7|36,66|32,55|90,19|29,77|19,58|7,51/32,77=32,47,89,29,77
47,77|83,22|33,85|47,29|0,73|9,33|11,27|46,9|73,96|47,46|12,39|39,49|47,16|60,11|47,36|77,0|29,83|16,12|22,43|36,60/47,49=47,16,12,39,49
68,45|73,85|42,76|13,39|5,72|5,99|5,95|95,70|33,92|60,35|99,82|64,13|86,42|82,60|5,28|72,64|70,68|28,86|5,33|92,73/5,35=5,99,82,60,35
83,46|74,81|83,35|44,30|94,45|83,37|35,33|31,75|33,8|45,31|18,44|65,58|83,94|46,18|63,74|37,65|83,63|81,43|8,21|58,14/83,30=83,46,18,44,30
41,34|56,23|78,66|51,55|2,74|43,96|94,2|15,78|96,53|51,15|50,19|19,56|8,43|51,8|57,41|51,88|55,57|51,50|88,94|66,22/51,74=51,88,94,2,74
96,30|28,24|67,26|21,96|37,44|26,95|18,28|77,57|78,77|34,37|57,49|67,21|44,11|67,22|95,87|30,19|87,29|22,18|67,34|67,78/67,49=67,78,77,57,49
84,98|43,71|82,84|6,91|28,82|98,79|22,78|78,61|23,88|87,22|96,23|91,43|63,96|28,6|28,63|52,93|28,87|28,51|93,26|51,52/28,61=28,87,22,78,61
83,18|16,90|38,65|2,33|24,6|32,24|83,32|9,75|79,84|83,38|40,9|83,2|6,58|18,16|90,15|83,40|96,27|33,96|75,51|65,79/83,58=83,32,24,6,58
13,62|53,11|48,80|71,13|57,46|48,68|76,75|46,34|34,69|80,71|11,90|15,76|74,2|48,56|38,74|48,4|48,57|56,15|68,38|4,53/48,75=48,56,15,76,75
66,21|59,23|85,45|66,59|34,15|66,80|14,40|90,14|66,90|22,41|0,47|80,34|23,2|47,85|66,0|15,38|2,60|28,22|21,28|40,53/66,41=66,21,28,22,41
31,21|50,49|66,83|29,50|49,91|40,31|77,34|29,66|29,51|83,74|18,77|91,53|29,18|74,0|29,40|69,95|51,28|28,69|34,48|21,76/29,76=29,40,31,21,76
85,5|95,72|10,87|77,10|87,24|8,85|52,73|95,57|84,8|16,25|30,52|95,77|33,22|22,70|57,16|95,84|73,28|95,30|72,33|25,7/95,7=95,57,16,25,7
0,61|65,41|62,78|96,1|20,93|65,0|61,20|65,19|19,10|78,74|65,38|91,49|10,40|65,62|54,96|79,91|74,48|40,77|41,79|38,54/65,1=65,38,54,96,1
11,41|64,56|44,92|37,28|88,26|69,94|41,44|54,69|16,77|25,42|54,37|54,11|70,53|77,13|54,88|28,64|26,70|93,16|94,25|54,93/54,56=54,37,28,64,56
24,0|24,67|58,81|45,88|81,52|99,48|0,90|76,70|48,62|86,7|24,41|24,94|94,56|52,15|56,45|67,73|24,58|41,99|90,86|73,76/24,70=24,67,73,76,70
81,54|96,72|80,43|9,65|93,91|81,28|5,39|81,96|41,93|97,5|54,41|19,30|87,9|72,35|81,31|81,19|31,97|28,87|35,24|30,80/81,91=81,54,41,93,91
98,70|41,27|98,37|1,42|93,41|18,48|37,95|61,5|70,93|21,32|98,67|3,11|67,97|97,1|98,61|79,17|95,18|5,21|98,3|11,79/98,32=98,61,5,21,32
5,52|65,12|27,42|30,58|50,94|61,53|30,62|12,54|33,93|30,27|53,98|28,50|4,61|58,28|0,37|30,4|42,5|62,65|37,33|30,0/30,54=30,62,65,12,54
59,46|51,42|10,51|38,1|59,90|97,13|59,37|61,11|37,38|90,87|1,47|59,3|83,45|59,36|87,97|45,34|3,10|36,84|46,83|84,61/59,13=59,90,87,97,13
16,70|70,25|17,1|45,21|88,61|88,39|76,16|34,94|93,45|46,35|39,71|4,87|37,93|88,37|71,4|88,76|61,46|88,17|35,73|1,34/88,73=88,61,46,35,73
0,23|41,75|4,62|88,67|80,60|68,89|23,59|48,25|60,41|96,0|62,88|96,48|63,82|25,63|59,11|96,45|96,4|55,68|96,80|45,55/96,11=96,0,23,59,11
20,56|51,95|4,94|95,62|56,65|81,21|28,68|0,81|28,49|19,0|68,20|9,4|11,9|28,16|28,19|28,11|16,51|49,88|22,87|88,22/28,94=28,11,9,4,94
26,77|46,79|15,12|77,82|12,0|25,26|43,90|4,25|4,36|4,15|24,75|37,89|40,56|0,18|48,40|4,37|89,43|4,46|36,48|79,24/4,82=4,25,26,77,82
0,89|50,40|0,48|31,80|93,4|57,93|83,75|1,31|0,57|80,79|51,81|0,1|0,95|36,50|95,37|81,23|37,83|89,51|48,36|4,63/0,23=0,89,51,81,23
69,18|35,33|41,49|26,36|69,51|69,3|36,55|69,26|51,41|3,12|2,73|12,2|17,42|55,87|18,35|69,5|42,22|5,17|49,0|33,63/69,0=69,51,41,49,0
53,32|62,85|41,53|62,50|12,93|46,60|62,46|76,26|50,41|15,43|84,17|96,33|85,76|33,15|97,12|93,5|26,14|62,96|62,97|60,84/62,14=62,85,76,26,14
33,41|63,60|40,47|11,94|13,29|94,18|41,38|83,63|44,53|52,44|38,8|68,13|29,80|9,11|60,40|83,49|83,9|83,68|49,52|83,33/83,8=83,33,41,38,8
55,32|35,75|78,44|11,36|76,5|76,53|68,11|53,56|63,55|76,35|5,63|67,12|56,78|75,9|97,68|9,94|12,96|88,67|76,97|76,88/76,94=76,35,75,9,94
19,51|26,36|5,33|18,80|76,61|26,18|26,5|82,0|53,99|99,19|14,64|77,76|26,77|36,44|1,84|61,48|33,82|26,53|80,1|44,14/26,64=26,36,44,14,64
50,39|52,48|18,38|48,87|42,91|35,22|50,21|38,35|91,89|39,36|36,49|50,42|81,51|37,52|51,63|50,18|89,30|50,37|49,71|21,81/50,63=50,21,81,51,63
2,25|58,28|14,79|18,70|39,13|64,81|6,88|88,30|70,6|68,52|18,14|0,63|18,50|79,2|63,37|18,64|50,0|13,58|81,68|18,39/18,37=18,50,0,63,37
4,44|49,39|75,14|56,86|39,8|81,75|15,56|8,70|59,15|26,49|91,4|26,38|38,81|32,10|44,71|26,53|53,83|26,59|26,91|83,32/26,70=26,49,39,8,70
31,60|72,43|12,31|27,41|12,61|55,20|19,46|14,34|86,1|60,86|12,55|12,72|46,8|41,97|43,81|12,27|97,33|61,19|81,32|20,14/12,32=12,72,43,81,32
9,29|27,38|18,6|99,27|97,78|6,7|88,46|81,95|42,9|88,99|39,58|95,39|38,59|29,83|88,81|86,97|88,42|7,90|88,18|46,86/88,59=88,99,27,38,59
94,76|76,44|71,97|64,91|34,98|33,32|58,71|64,46|95,14|87,95|96,94|64,58|64,7|32,48|97,16|64,96|91,33|7,87|46,34|98,24/64,16=64,58,71,97,16
48,73|34,32|28,56|64,90|28,79|83,19|93,83|44,12|20,92|28,34|90,96|92,55|32,44|55,47|56,48|28,20|19,78|79,64|73,13|28,93/28,13=28,56,48,73,13
1,15|15,10|48,20|53,3|52,71|69,28|10,76|3,6|69,18|69,65|28,82|82,72|20,36|33,53|65,48|18,52|71,78|69,33|72,17|69,1/69,6=69,33,53,3,6
78,66|63,93|77,79|18,99|39,20|20,10|93,40|10,72|88,32|79,53|66,33|39,63|39,42|39,78|39,18|99,88|33,83|72,8|42,77|40,35/39,35=39,63,93,40,35
23,31|54,0|83,85|58,61|20,7|45,9|13,12|21,22|45,23|9,54|0,98|31,58|91,21|45,13|45,91|12,20|73,38|22,84|45,83|85,73/45,61=45,23,31,58,61
73,45|35,31|56,53|30,17|53,73|41,85|98,61|78,27|79,78|85,30|31,1|56,41|81,35|56,79|61,69|69,60|56,81|45,84|27,74|56,98/56,84=56,53,73,45,84
88,49|68,2|49,68|12,59|72,30|72,88|54,33|72,47|32,82|70,12|46,54|72,85|30,70|31,25|35,32|85,31|72,46|33,29|25,64|47,35/72,64=72,85,31,25,64
53,47|73,27|25,34|47,59|0,65|0,25|62,99|0,37|86,15|27,60|65,53|89,62|37,73|39,97|0,86|34,39|99,72|77,93|0,89|15,77/0,93=0,86,15,77,93
63,7|31,78|46,63|64,83|78,9|71,11|7,42|42,15|46,31|21,85|11,91|9,39|46,64|53,40|32,29|29,21|83,53|10,71|46,10|46,32/46,39=46,31,78,9,39
19,29|52,64|41,54|34,0|34,38|4,30|64,17|34,86|25,32|17,98|0,22|22,19|54,85|38,41|33,66|34,25|32,4|34,52|53,33|86,53/34,98=34,52,64,17,98
55,23|19,37|10,89|31,57|32,55|63,61|3,19|86,32|86,92|14,63|15,97|23,34|89,31|92,15|97,6|86,73|73,14|42,3|86,42|86,10/86,61=86,73,14,63,61
95,68|61,95|22,41|61,71|71,27|65,81|61,31|2,45|61,22|41,76|76,3|11,93|68,65|27,2|92,35|61,87|31,74|55,92|74,11|87,55/61,3=61,22,41,76,3
59,2|12,93|64,95|60,22|53,5|73,92|53,60|74,64|53,65|89,12|91,62|22,91|56,89|2,54|53,74|95,32|23,73|65,23|53,56|5,59/53,62=53,60,22,91,62
4,81|57,33|31,98|30,31|30,46|30,10|10,86|38,99|30,3|33,47|0,38|3,37|37,4|86,89|30,80|17,77|80,57|98,17|89,63|46,0/30,63=30,10,86,89,63
52,51|68,49|60,32|13,72|39,16|88,29|71,28|49,3|52,39|72,50|40,85|52,62|32,66|14,13|28,40|62,60|52,14|52,71|16,88|51,68/52,66=52,62,60,32,66
49,98|58,49|31,50|50,28|8,79|4,76|93,72|37,25|31,3|54,8|6,58|71,54|31,6|31,71|69,4|88,99|72,88|28,37|3,69|31,93/31,25=31,50,28,37,25
95,4|1,57|71,72|2,29|19,25|91,95|45,19|13,1|0,60|97,84|91,97|91,90|90,45|91,78|91,13|33,71|78,33|4,2|57,55|84,0/91,60=91,97,84,0,60
50,96|53,50|38,13|24,58|86,43|25,14|82,86|4,82|11,25|24,4|39,70|92,65|24,53|96,75|24,38|64,46|13,92|24,39|58,11|70,64/24,43=24,4,82,86,43
22,51|5,88|40,54|24,82|84,97|54,16|38,18|51,47|84,98|93,75|18,24|62,40|84,68|98,22|68,71|84,38|97,44|71,93|44,5|84,62/84,16=84,62,40,54,16
62,9|32,98|19,53|2,5|65,2|29,57|36,65|92,36|92,24|92,12|92,6|12,62|53,29|6,32|9,59|98,86|46,28|92,19|24,49|49,46/92,59=92,12,62,9,59
8,64|31,19|15,17|38,32|56,9|30,36|80,37|56,38|56,86|77,30|19,78|56,74|56,16|32,80|93,8|16,93|74,13|13,15|86,31|9,77/56,64=56,16,93,8,64
23,76|16,18|10,23|10,17|31,46|10,38|38,91|37,31|40,85|85,62|88,81|17,40|63,24|91,16|10,64|76,63|10,74|74,37|1,88|64,1/10,24=10,23,76,63,24
37,94|91,58|2,39|4,42|4,22|70,37|67,87|4,70|42,68|22,2|56,78|15,10|94,40|87,56|32,45|4,67|58,32|39,96|4,91|68,15/4,45=4,91,58,32,45
62,5|95,15|8,97|49,36|70,95|70,49|97,18|30,53|5,22|51,47|70,62|22,65|11,8|15,84|96,30|70,11|70,12|36,51|12,96|84,72/70,65=70,62,5,22,65
59,2|95,32|64,73|60,22|53,5|12,93|53,60|74,64|53,65|89,95|91,62|22,91|56,89|2,54|53,74|73,92|23,12|65,23|53,56|5,59/53,62=53,60,22,91,62
42,32|63,71|7,42|58,87|88,81|24,7|24,63|24,5|24,58|65,82|82,23|38,17|71,83|17,88|5,65|56,98|32,37|87,56|83,97|24,38/24,37=24,7,42,32,37
46,14|2,60|97,16|24,27|60,7|24,46|73,34|54,77|24,2|24,32|45,70|62,45|32,54|39,9|27,62|77,1|34,39|14,97|24,73|7,69/24,70=24,27,62,45,70
48,73|61,52|54,56|73,44|39,48|50,17|17,62|97,39|78,96|97,30|97,54|97,74|68,33|56,61|33,0|0,12|74,50|97,68|30,4|4,78/97,62=97,74,50,17,62
24,12|58,99|98,14|9,31|41,98|73,50|31,24|18,4|91,62|99,57|73,18|73,19|22,42|73,67|50,58|67,91|73,9|19,41|4,22|62,26/73,42=73,18,4,22,42
80,44|86,85|64,57|80,86|80,64|44,5|58,14|85,58|37,74|80,37|80,35|35,36|5,17|74,60|72,77|57,72|17,65|76,84|60,54|36,76/80,84=80,35,36,76,84
62,49|64,77|7,25|58,24|85,20|20,88|88,96|58,0|16,62|70,54|58,5|5,16|58,12|58,85|0,64|12,40|23,7|40,70|77,1|24,23/58,25=58,24,23,7,25
36,28|32,51|28,32|65,61|27,49|19,27|65,36|16,10|11,85|58,84|68,20|85,16|65,4|97,58|84,17|65,11|4,19|61,86|86,68|65,97/65,10=65,11,85,16,10
77,5|35,71|35,42|35,82|7,13|71,48|78,55|82,53|28,95|34,22|27,63|42,8|48,77|53,28|98,34|22,1|8,7|35,78|35,98|55,27/35,95=35,82,53,28,95
14,98|41,77|44,95|76,81|93,47|98,27|96,13|93,74|93,12|60,96|93,25|93,11|81,23|25,60|12,34|11,76|22,41|74,14|47,22|34,44/93,27=93,74,14,98,27
52,60|35,31|81,84|89,29|44,89|43,35|83,52|43,82|43,91|43,83|91,33|31,98|43,53|33,16|55,81|60,66|98,57|82,44|53,55|16,38/43,57=43,35,31,98,57
50,52|4,26|84,98|4,64|4,16|26,82|13,84|16,50|14,33|4,14|33,30|98,51|4,13|28,56|82,40|52,11|56,95|40,49|30,18|64,28/4,95=4,64,28,56,95
99,27|59,47|27,91|99,42|76,0|42,18|61,25|83,43|88,30|99,66|40,83|99,50|91,7|7,1|50,59|0,88|18,61|66,40|47,11|99,76/99,43=99,66,40,83,43
32,85|0,86|79,32|87,94|48,0|85,36|97,39|48,12|94,93|12,88|48,87|93,99|86,97|48,91|26,24|48,79|88,26|64,57|91,17|17,64/48,39=48,0,86,97,39
32,79|49,36|87,80|84,81|79,71|3,98|24,14|17,32|17,3|91,24|68,87|34,75|98,49|17,90|81,34|17,84|42,91|17,42|71,78|90,68/17,80=17,90,68,87,80
49,24|72,21|56,64|49,94|42,82|16,3|24,51|54,9|5,86|51,18|18,37|43,16|49,15|94,96|21,5|49,42|82,54|49,72|96,56|15,43/49,3=49,15,43,16,3
66,79|31,37|60,64|60,6|5,30|34,61|41,38|60,31|64,5|0,56|96,0|61,92|60,82|6,34|30,84|37,66|82,41|38,55|56,62|60,96/60,55=60,82,41,38,55
69,77|97,95|95,81|29,12|33,26|82,87|81,99|69,6|57,54|58,33|69,3|1,28|69,97|12,1|6,94|77,22|94,57|69,29|22,82|3,58/69,28=69,29,12,1,28
95,2|69,30|95,96|84,14|5,49|95,93|48,84|3,59|95,67|30,42|2,48|18,76|39,94|76,5|93,41|95,18|55,39|96,69|67,55|41,3/95,59=95,93,41,3,59
55,54|55,92|57,85|85,98|87,48|55,5|53,45|63,27|91,53|55,63|61,91|41,60|54,29|27,72|5,57|92,41|60,66|72,46|55,61|29,87/55,45=55,61,91,53,45
25,98|55,49|50,32|25,50|98,12|25,36|49,31|91,89|12,44|25,58|42,90|32,46|58,55|89,34|87,42|44,78|46,48|36,87|34,64|25,91/25,31=25,58,55,49,31
87,51|73,95|99,27|30,7|20,92|29,47|7,20|80,29|88,99|91,88|23,14|42,23|72,80|95,8|51,42|87,30|8,24|87,73|87,91|87,72/87,14=87,51,42,23,14
19,65|2,3|59,57|57,4|4,38|2,19|2,59|2,95|65,8|52,98|97,22|3,21|21,76|98,32|76,71|95,90|2,52|32,29|90,97|8,87/2,29=2,52,98,32,29
33,16|42,26|41,13|31,76|60,42|89,19|38,44|50,89|26,38|60,7|13,39|60,32|94,33|76,92|75,31|7,94|61,50|32,41|60,75|60,61/60,39=60,32,41,13,39
16,15|83,36|71,1|36,6|83,96|1,48|10,16|96,76|6,69|79,23|69,86|92,33|30,71|88,10|76,92|83,30|23,0|74,79|83,74|83,88/83,0=83,74,79,23,0
28,67|7,77|47,12|49,94|67,6|7,99|81,4|77,18|12,86|94,59|7,47|7,22|22,89|7,0|18,81|0,49|25,29|89,25|99,28|86,78/7,4=7,77,18,81,4
68,98|98,82|27,54|11,24|60,51|67,20|68,49|22,90|49,33|24,22|33,27|68,11|83,8|68,83|81,69|68,67|8,53|20,81|82,60|53,16/68,90=68,11,24,22,90
49,32|95,59|98,56|55,89|55,49|4,27|60,95|55,68|8,98|89,66|26,91|56,3|69,4|68,60|55,8|16,1|27,86|66,16|32,26|55,69/55,86=55,69,4,27,86
15,13|17,19|39,81|39,74|39,69|39,36|81,44|39,5|23,52|5,82|44,15|69,43|25,8|82,65|43,17|65,94|8,38|36,59|59,23|74,25/39,94=39,5,82,65,94
28,72|98,38|69,50|98,71|8,35|98,88|14,54|71,4|88,44|38,8|77,69|79,14|99,21|35,32|50,87|44,28|98,77|98,83|4,99|83,79/98,72=98,88,44,28,72
47,38|83,88|43,87|89,83|74,41|41,47|88,45|99,78|42,63|92,28|74,70|74,89|38,37|87,99|7,15|70,5|74,7|5,92|74,43|15,42/74,37=74,41,47,38,37
7,59|79,7|57,42|6,26|27,38|59,89|8,23|19,24|85,64|92,18|92,6|18,8|92,27|92,57|38,19|42,85|92,79|26,50|50,29|23,49/92,49=92,18,8,23,49
38,40|78,81|36,92|40,73|26,71|27,16|27,35|27,38|37,11|73,93|42,26|35,52|27,54|27,68|11,43|92,32|54,42|52,78|68,37|16,36/27,81=27,35,52,78,81
46,94|98,4|12,39|62,49|26,5|18,99|94,98|0,18|46,85|97,87|99,44|46,33|87,36|5,12|56,62|46,26|4,57|85,97|46,0|33,56/46,39=46,26,5,12,39
69,8|69,98|81,94|18,87|69,24|53,42|94,3|69,81|98,27|37,29|29,95|51,18|82,34|24,51|3,13|40,53|27,82|69,2|2,40|8,37/69,13=69,81,94,3,13
24,69|58,93|70,26|69,35|19,73|93,55|59,19|24,58|44,21|73,75|14,40|55,37|24,59|21,30|35,70|40,91|24,44|91,61|24,14|30,80/24,75=24,59,19,73,75
28,89|26,66|98,28|88,18|52,19|6,67|67,68|18,10|6,90|68,14|80,93|6,52|14,35|66,37|56,98|90,88|19,80|37,11|6,56|6,26/6,89=6,56,98,28,89
82,33|85,99|75,44|77,75|77,66|98,63|40,85|51,9|66,12|9,62|77,36|63,60|26,51|36,98|44,82|8,40|77,8|77,26|22,64|12,22/77,62=77,26,51,9,62
69,17|17,20|76,69|52,2|67,18|18,43|84,39|39,60|10,45|7,83|10,67|53,73|83,53|2,68|10,76|45,84|10,7|14,52|43,25|10,14/10,60=10,45,84,39,60
86,90|39,35|90,80|49,38|86,77|26,97|50,49|12,50|0,55|37,74|86,12|80,63|41,0|63,22|77,7|78,41|35,37|86,39|7,26|86,78/86,55=86,78,41,0,55
7,1|4,15|4,83|83,25|19,87|82,27|4,19|15,33|9,96|25,77|66,73|4,57|4,66|57,3|87,82|51,29|73,7|3,9|77,50|33,51/4,96=4,57,3,9,96
87,10|93,27|32,72|99,74|84,76|99,94|27,34|5,44|99,56|99,23|10,83|94,87|55,93|66,32|91,5|20,84|74,66|23,91|99,55|56,20/99,34=99,55,93,27,34
57,67|16,66|79,77|30,64|79,57|91,47|66,98|79,91|4,71|95,11|79,72|82,95|77,68|6,16|47,30|62,41|67,4|79,6|72,82|68,62/79,64=79,91,47,30,64
2,83|1,17|48,67|41,47|46,44|25,90|11,81|81,2|11,15|11,25|90,46|11,82|67,78|11,1|12,49|34,41|83,95|15,34|82,48|17,12/11,95=11,81,2,83,95
80,44|86,85|64,57|80,86|80,64|44,5|60,54|85,60|37,74|80,37|80,35|35,36|5,58|74,17|72,77|57,72|58,14|76,84|17,65|36,76/80,84=80,35,36,76,84
88,85|0,93|41,88|84,0|93,51|56,81|47,35|59,56|77,47|95,4|43,15|43,41|31,8|43,77|43,31|15,59|85,61|43,84|8,95|35,87/43,4=43,31,8,95,4
50,47|50,49|90,81|78,2|2,71|49,59|50,13|59,90|57,12|32,67|50,76|76,32|12,0|71,75|67,7|47,54|54,3|50,78|13,57|3,4/50,7=50,76,32,67,7
95,82|44,61|40,29|11,71|86,16|65,67|0,86|95,8|61,92|52,46|95,11|91,84|8,12|95,91|71,65|68,44|95,68|82,0|12,40|84,52/95,46=95,91,84,52,46
24,88|98,49|71,2|13,7|13,98|22,95|2,23|85,73|25,6|29,94|13,89|89,85|13,29|36,18|13,36|73,65|18,24|7,71|94,25|49,22/13,6=13,29,94,25,6
70,42|88,77|72,94|3,80|17,52|29,24|42,72|70,76|9,32|70,12|32,88|76,69|6,50|52,29|94,96|70,17|12,8|69,3|8,6|70,9/70,80=70,76,69,3,80
24,59|16,2|16,89|16,97|40,72|54,57|89,54|7,91|33,45|20,69|71,7|16,20|21,40|57,47|97,71|14,33|45,76|16,14|2,21|69,24/16,91=16,97,71,7,91
39,9|91,93|9,38|63,85|78,48|93,17|90,45|78,42|78,91|8,90|99,64|85,28|17,67|42,8|64,96|78,99|96,46|48,39|78,63|28,70/78,38=78,48,39,9,38
78,74|49,28|6,72|75,64|75,49|9,67|28,21|15,78|87,11|75,99|96,61|61,6|99,79|74,52|67,92|64,9|75,15|21,91|79,87|75,96/75,72=75,96,61,6,72
12,16|64,14|72,65|3,47|67,32|14,93|30,8|71,0|71,12|47,78|71,3|46,67|93,57|89,98|78,55|0,46|71,64|71,30|8,72|16,89/71,98=71,12,16,89,98
37,23|69,80|6,17|80,44|30,99|37,19|23,30|78,53|37,94|19,50|37,69|99,95|21,38|37,13|50,78|94,6|38,71|17,70|13,21|44,58/37,71=37,13,21,38,71
3,96|96,17|34,79|40,97|15,71|90,53|1,90|1,3|17,42|97,15|39,88|1,40|1,25|1,33|79,95|25,8|10,45|53,10|33,34|8,39/1,95=1,33,34,79,95
46,87|60,38|71,6|71,60|73,23|33,19|13,33|87,95|86,0|71,59|45,13|27,88|71,46|6,79|79,73|68,86|95,91|59,68|38,27|71,45/71,91=71,46,87,95,91
98,62|30,6|3,87|2,89|16,2|16,83|50,26|16,25|25,15|89,90|62,7|12,39|16,59|16,12|83,98|59,30|15,50|90,24|6,34|39,3/16,34=16,59,30,6,34
87,14|35,98|7,18|24,88|89,41|10,81|35,62|35,7|58,64|41,53|18,10|98,89|13,71|15,54|71,2|54,87|35,58|35,15|64,24|62,13/35,53=35,98,89,41,53
64,58|86,24|52,84|92,1|1,13|64,86|64,29|29,23|89,15|64,51|59,73|64,21|51,92|24,52|78,97|96,59|58,96|97,72|21,78|23,89/64,13=64,51,92,1,13
77,24|13,77|55,26|50,13|61,50|69,43|61,55|61,66|26,42|61,38|15,57|96,63|79,36|0,69|61,96|14,79|38,14|63,15|42,22|66,0/61,36=61,38,14,79,36
31,26|90,94|36,85|46,96|90,81|85,32|20,48|94,91|81,68|90,31|91,46|90,36|8,33|48,66|32,4|26,8|90,20|50,42|68,50|66,64/90,96=90,94,91,46,96
75,24|92,80|62,95|7,60|50,92|30,84|31,62|24,85|31,20|95,26|31,79|31,75|26,18|84,39|22,7|85,28|20,50|31,93|79,30|93,22/31,18=31,62,95,26,18
84,39|30,86|30,25|30,76|76,77|3,17|77,88|9,3|15,46|58,59|39,58|93,35|49,14|25,15|30,84|86,9|35,49|30,93|46,94|88,4/30,17=30,86,9,3,17
6,68|17,31|45,56|92,34|90,96|91,29|91,61|61,45|91,57|25,16|16,1|91,6|68,90|91,26|26,92|56,19|34,8|54,17|29,54|57,25/91,31=91,29,54,17,31
11,67|88,84|68,4|57,11|32,41|30,7|93,77|53,24|4,32|30,55|39,88|55,57|84,25|30,39|7,56|24,51|30,14|14,53|30,68|56,93/30,51=30,14,53,24,51
73,45|35,69|56,53|31,1|53,73|41,85|98,61|78,27|79,78|85,31|69,60|56,41|81,35|56,79|61,30|30,17|56,81|45,84|27,74|56,98/56,84=56,53,73,45,84
26,76|9,89|16,36|89,54|96,32|79,90|17,40|76,3|10,7|83,2|83,79|5,9|32,18|14,26|83,5|2,96|40,16|90,10|83,17|83,14/83,54=83,5,9,89,54
10,93|45,65|41,67|43,10|93,59|82,43|85,95|82,16|42,41|22,12|82,22|95,80|82,68|82,85|16,45|65,15|68,42|12,8|8,99|80,4/82,99=82,22,12,8,99
45,91|5,81|56,69|28,45|6,22|47,5|27,38|86,42|87,30|47,34|81,27|49,67|47,56|34,6|47,49|47,65|69,86|67,87|22,51|65,28/47,91=47,65,28,45,91
38,94|16,43|26,35|0,78|70,27|41,96|35,36|26,31|14,39|34,41|72,7|31,34|94,44|26,38|26,70|44,97|27,72|26,14|39,16|36,0/26,7=26,70,27,72,7
93,13|34,82|85,29|56,68|0,15|36,79|95,40|13,51|15,77|93,41|41,0|18,84|93,95|40,36|93,56|93,44|51,85|68,34|44,12|12,18/93,77=93,41,0,15,77
27,89|14,64|82,34|64,62|89,47|27,86|43,20|56,13|81,39|86,7|27,81|47,82|0,14|71,31|27,0|39,71|20,26|27,43|7,56|26,88/27,13=27,86,7,56,13
6,32|28,81|68,95|8,34|99,28|69,77|34,31|0,97|50,64|75,49|54,8|99,79|99,6|32,75|95,0|99,68|77,48|81,50|99,54|79,69/99,31=99,54,8,34,31
61,99|61,54|21,83|83,58|61,75|18,30|51,91|54,5|61,44|39,62|88,69|44,41|61,18|5,39|1,76|41,1|99,21|75,51|91,24|30,88/61,24=61,75,51,91,24
15,55|92,65|55,13|15,77|63,53|15,7|0,74|77,75|93,67|15,0|53,22|15,51|51,63|76,82|7,94|85,6|13,76|75,92|74,85|94,93/15,65=15,77,75,92,65
63,95|78,62|74,55|95,8|63,15|63,75|76,26|46,31|38,73|68,36|15,5|82,38|63,44|62,76|44,82|8,68|5,46|75,74|55,42|63,78/63,42=63,75,74,55,42
0,78|58,66|66,4|11,90|49,35|58,11|78,95|35,1|90,63|4,19|58,8|58,44|8,49|63,64|80,91|44,0|91,30|58,80|19,60|30,82/58,64=58,11,90,63,64
50,91|44,16|65,67|51,11|16,50|87,65|75,28|0,97|87,44|29,77|67,81|87,51|87,66|93,29|97,21|87,0|11,75|21,37|81,8|66,93/87,77=87,66,93,29,77
56,94|65,5|17,55|94,75|17,1|55,84|41,28|11,41|17,11|28,36|17,56|51,47|20,73|1,51|47,8|76,13|75,89|84,76|5,20|17,65/17,13=17,55,84,76,13
16,7|69,41|81,69|17,24|81,47|41,77|7,88|81,17|51,98|12,25|98,37|67,71|47,51|29,16|71,13|13,3|81,29|77,64|81,67|24,12/81,25=81,17,24,12,25
56,18|30,96|96,71|75,93|18,54|93,26|49,77|16,75|52,46|52,56|54,94|52,64|52,19|46,49|52,16|34,81|81,85|77,82|64,34|19,30/52,26=52,16,75,93,26
23,51|52,38|73,75|70,80|97,52|4,88|73,61|95,70|73,28|25,66|28,29|75,4|73,17|17,97|91,23|61,95|73,85|88,92|29,25|85,91/73,66=73,28,29,25,66
90,45|99,31|88,91|47,55|74,23|52,86|86,20|47,17|45,5|17,12|5,80|47,19|31,64|47,90|47,36|12,88|36,6|55,52|19,99|6,74/47,23=47,36,6,74,23
40,5|76,49|42,10|49,69|92,76|93,27|38,91|53,38|92,99|92,93|71,68|51,42|96,59|92,51|10,78|99,53|92,71|68,40|69,52|27,96/92,78=92,51,42,10,78
25,21|57,38|60,56|46,60|57,28|28,24|19,76|57,27|27,41|10,46|6,80|57,10|41,6|20,51|74,32|38,20|57,19|76,25|24,74|51,14/57,32=57,28,24,74,32
85,10|1,31|7,69|99,72|72,84|52,99|84,50|92,83|55,75|52,92|52,64|60,1|52,47|64,60|83,85|52,7|47,30|69,14|30,55|14,74/52,31=52,64,60,1,31
69,24|24,25|47,13|33,46|48,75|6,33|48,85|55,72|48,60|13,64|85,6|45,82|48,32|72,10|75,47|32,45|60,69|82,41|19,55|48,19/48,41=48,32,45,82,41
2,85|71,51|32,30|32,77|81,36|92,67|32,45|79,92|16,60|32,2|36,50|51,24|91,66|32,75|9,91|45,79|75,9|85,16|30,71|77,81/32,60=32,2,85,16,60
35,39|35,11|52,15|59,37|35,24|24,69|99,59|37,72|2,33|4,56|22,67|69,52|11,4|56,77|67,17|39,80|80,2|35,22|17,7|35,99/35,72=35,99,59,37,72
74,33|85,43|16,38|74,9|38,51|9,30|74,12|25,29|33,16|98,85|74,98|74,99|71,36|99,25|29,18|43,45|47,56|12,47|56,24|30,71/74,36=74,9,30,71,36
18,64|83,82|37,18|37,70|99,22|37,77|84,33|92,42|10,83|6,63|70,10|33,75|17,84|80,6|42,95|64,99|37,4|37,17|77,92|4,80/37,75=37,17,84,33,75
94,56|69,44|44,97|56,61|97,99|49,13|68,18|75,22|94,69|61,75|94,52|52,4|13,55|94,64|4,31|18,82|64,49|31,28|82,76|94,68/94,76=94,68,18,82,76
34,56|28,29|55,22|53,42|4,60|22,34|55,26|55,45|74,2|55,4|78,53|26,78|67,82|33,74|38,80|45,33|82,38|60,28|55,67|56,70/55,80=55,67,82,38,80
9,53|51,95|3,61|51,78|51,7|60,35|51,92|61,76|27,60|51,31|31,3|78,27|26,72|92,9|62,14|53,34|7,26|95,62|72,71|14,46/51,46=51,95,62,14,46
15,53|27,6|23,89|89,54|13,91|88,8|60,10|60,87|95,13|60,66|54,12|10,15|87,95|60,27|60,23|73,65|32,88|6,73|53,40|66,32/60,12=60,23,89,54,12
27,62|2,92|23,64|55,44|56,71|55,73|44,48|96,34|55,2|48,27|73,23|55,20|92,56|79,66|55,42|64,28|34,84|20,96|24,79|42,24/55,84=55,20,96,34,84
0,40|32,90|39,22|1,5|55,20|4,30|90,55|32,23|32,61|23,39|33,59|61,57|20,47|32,0|32,64|21,4|40,1|57,33|22,85|64,21/32,30=32,64,21,4,30
42,22|13,42|55,26|50,13|61,50|69,43|61,55|61,66|26,15|61,38|77,24|96,63|79,36|0,69|61,96|14,79|38,14|63,77|15,57|66,0/61,36=61,38,14,79,36
45,50|20,6|80,17|75,16|95,88|26,89|80,45|17,20|88,60|50,75|2,58|80,95|58,26|37,13|60,48|80,37|41,99|80,2|13,41|6,55/80,55=80,17,20,6,55
30,64|41,4|77,40|41,57|12,90|31,77|7,54|8,68|41,79|41,8|54,92|68,30|92,1|4,12|41,7|49,95|90,33|57,49|95,22|79,31/41,64=41,8,68,30,64
31,82|22,16|30,32|79,59|86,53|40,31|86,22|75,40|53,67|10,12|7,44|67,79|32,10|72,69|16,7|86,72|69,64|64,4|86,75|86,30/86,82=86,75,40,31,82
9,64|18,96|99,70|37,24|47,34|34,93|24,47|37,8|7,1|1,84|64,69|37,25|28,18|69,62|70,51|25,99|33,28|37,33|8,7|37,9/37,51=37,25,99,70,51
74,27|88,63|74,84|90,9|74,43|27,88|0,52|34,90|15,29|40,24|51,15|43,46|29,54|84,34|74,51|46,0|74,37|63,21|1,40|37,1/74,9=74,84,34,90,9
18,9|96,65|96,74|65,75|42,41|5,18|21,25|74,3|25,71|96,0|96,21|75,81|81,24|73,89|3,73|9,72|0,42|41,76|71,94|96,5/96,89=96,74,3,73,89
38,31|10,76|38,66|87,14|67,33|38,23|38,67|23,69|31,70|33,61|70,10|66,87|69,24|73,62|61,63|85,25|62,85|38,73|24,44|14,80/38,76=38,31,70,10,76
3,70|86,82|34,58|34,31|34,33|34,5|7,40|2,52|34,41|79,28|41,83|33,79|83,2|28,4|5,10|88,86|10,7|58,3|31,88|70,32/34,32=34,58,3,70,32
78,66|63,93|77,33|18,99|39,20|20,10|93,40|10,79|88,32|33,83|66,72|39,63|39,42|39,78|39,18|99,88|72,8|79,53|42,77|40,35/39,35=39,63,93,40,35
12,14|43,19|12,69|30,11|19,88|94,93|93,66|69,99|86,59|72,86|12,53|11,60|14,72|12,30|60,22|66,95|91,73|99,91|53,43|12,94/12,88=12,53,43,19,88
75,49|26,75|90,58|64,26|90,30|16,99|13,23|90,76|76,13|58,16|99,81|90,64|23,2|94,63|60,43|30,94|43,59|90,60|63,54|59,84/90,84=90,60,43,59,84
50,41|9,59|50,45|7,96|14,63|62,77|96,95|16,22|79,66|50,9|59,92|75,16|50,14|50,81|41,23|92,78|81,75|63,79|45,7|23,62/50,95=50,45,7,96,95
68,92|9,77|64,70|18,62|42,1|24,18|26,56|15,84|67,27|17,9|42,67|62,37|42,57|57,17|92,26|94,64|1,94|42,24|42,68|27,15/42,56=42,68,92,26,56
98,89|48,15|27,55|8,62|98,8|81,16|39,70|40,43|98,29|98,65|62,40|65,56|15,78|70,67|56,31|89,39|98,27|31,80|55,81|29,48/98,78=98,29,48,15,78
38,77|84,41|67,75|46,94|14,86|25,13|21,14|13,56|36,87|77,84|36,45|36,38|36,46|45,29|87,21|29,49|56,92|36,25|49,95|94,67/36,41=36,38,77,84,41
45,69|78,31|72,89|45,12|45,72|45,35|35,60|43,76|29,8|45,94|94,56|48,85|89,43|92,38|31,17|56,29|12,78|39,48|69,39|60,92/45,38=45,35,60,92,38
84,38|19,40|36,95|38,3|26,30|84,80|97,12|40,47|49,7|84,58|93,64|64,26|80,97|84,93|12,75|58,76|47,94|3,49|84,19|76,36/84,95=84,58,76,36,95
13,50|50,48|63,7|48,38|18,73|1,86|13,94|24,52|13,18|73,24|30,1|4,40|38,67|96,4|86,76|13,30|7,44|94,63|49,96|13,49/13,76=13,30,1,86,76
41,17|21,15|24,81|38,21|70,60|50,1|8,38|87,40|13,50|56,41|1,29|71,48|87,8|87,13|40,58|58,24|48,70|87,71|17,75|87,56/87,60=87,71,48,70,60
47,96|84,16|19,21|38,22|16,47|14,13|14,76|76,29|13,56|7,70|14,7|14,42|29,10|70,19|78,43|49,38|14,84|10,28|42,49|56,78/14,43=14,13,56,78,43
13,81|50,23|87,52|18,64|1,7|41,63|50,87|96,99|52,41|50,28|50,1|50,13|81,60|28,18|7,94|64,77|94,98|23,0|60,59|0,96/50,77=50,28,18,64,77
15,98|64,52|48,9|53,66|81,63|69,82|0,76|54,84|76,72|72,34|15,10|25,81|15,0|15,64|9,53|45,69|52,54|10,45|98,25|15,48/15,34=15,0,76,72,34
85,95|71,26|75,71|85,72|8,23|0,28|70,17|72,49|94,70|23,35|16,32|11,75|49,16|85,66|77,33|85,77|66,8|95,94|33,0|85,11/85,26=85,11,75,71,26
41,99|20,31|42,92|89,61|61,38|38,42|89,83|85,33|31,64|40,34|89,80|33,53|76,5|80,85|34,41|8,76|89,40|5,73|83,20|89,8/89,73=89,8,76,5,73
46,61|73,37|20,78|22,8|51,70|9,20|2,16|61,74|85,2|85,71|32,90|16,32|85,26|26,46|70,22|85,56|56,73|37,12|71,9|85,51/85,74=85,26,46,61,74
82,48|33,16|65,97|65,12|67,0|65,94|59,82|94,59|65,67|76,4|86,34|0,33|34,58|55,68|12,86|26,55|4,88|97,76|57,26|65,57/65,68=65,57,26,55,68
42,66|11,35|98,49|51,21|98,95|86,81|8,51|98,87|49,86|15,99|35,43|95,37|98,11|87,8|37,42|99,84|98,76|81,40|43,61|76,15/98,66=98,95,37,42,66
50,89|73,1|42,50|58,98|84,58|74,7|13,74|5,97|33,19|1,55|65,73|33,91|21,42|97,3|19,84|91,5|33,13|33,21|7,36|33,65/33,89=33,21,42,50,89
67,37|71,44|66,39|62,61|68,77|38,73|71,5|11,22|47,66|44,47|70,68|5,11|54,69|71,62|7,70|71,7|61,54|22,59|37,38|71,67/71,59=71,5,11,22,59
32,64|0,86|79,32|87,94|48,0|64,57|97,39|48,12|94,85|12,88|48,87|85,36|86,97|48,91|26,24|48,79|88,26|93,99|91,17|17,93/48,39=48,0,86,97,39
63,47|47,65|63,7|63,9|74,93|54,72|9,74|94,20|34,60|93,68|83,34|63,83|92,3|20,11|3,54|60,28|63,92|65,14|7,94|14,26/63,26=63,47,65,14,26
98,80|92,47|59,56|21,37|36,21|29,92|22,76|36,98|76,53|36,86|43,35|86,22|35,51|37,58|36,43|36,29|51,87|47,84|80,59|58,18/36,18=36,21,37,58,18
2,65|24,61|11,21|69,52|56,69|40,23|24,27|21,59|25,22|79,2|27,25|65,4|5,11|61,56|24,5|22,16|93,50|50,40|24,79|24,93/24,4=24,79,2,65,4
38,91|76,49|42,10|49,40|92,76|93,27|69,52|53,69|92,99|92,93|71,68|51,42|96,59|92,51|10,78|99,53|92,71|68,38|40,5|27,96/92,78=92,51,42,10,78
21,36|73,96|64,57|57,59|89,3|36,37|86,42|4,10|19,76|19,64|30,21|42,39|59,9|76,4|19,89|3,73|39,79|19,30|19,86|10,43/19,9=19,64,57,59,9
65,26|96,45|65,84|24,42|89,24|87,88|48,78|51,93|84,89|93,96|65,47|22,62|65,51|65,99|88,39|1,48|47,20|26,87|20,22|99,1/65,78=65,99,1,48,78
11,75|86,44|42,10|11,45|14,84|45,23|75,62|10,3|11,14|7,81|11,46|80,82|49,88|23,86|11,31|31,42|62,80|84,7|88,55|46,49/11,81=11,14,84,7,81
38,50|23,69|51,70|38,33|0,63|88,0|69,30|38,73|50,34|46,20|38,44|33,56|67,88|56,46|34,77|70,17|73,51|38,67|44,23|77,53/38,53=38,50,34,77,53
61,81|78,42|41,71|41,78|69,14|76,34|58,69|81,93|42,76|72,15|41,61|71,99|32,2|51,5|99,72|41,58|41,51|5,32|14,22|93,80/41,2=41,51,5,32,2
38,26|67,57|56,40|6,45|46,1|56,71|25,17|57,15|45,25|1,27|56,6|56,67|10,28|40,86|15,16|71,46|69,38|56,69|86,10|26,64/56,28=56,40,86,10,28
40,37|52,99|73,24|99,48|73,52|34,43|73,35|69,34|38,50|91,69|73,38|35,98|61,60|98,40|50,14|48,21|60,6|73,91|14,87|24,61/73,43=73,91,69,34,43
98,94|79,92|62,87|40,62|40,98|5,32|94,1|51,52|1,80|87,99|13,37|33,73|92,13|32,38|40,51|99,56|52,33|40,5|40,79|38,58/40,58=40,5,32,38,58
66,10|87,14|98,65|86,58|58,29|4,87|25,98|25,42|5,53|84,86|14,89|42,5|53,61|21,45|25,28|25,84|65,66|28,21|25,4|45,47/25,61=25,42,5,53,61
29,76|43,29|43,73|67,92|15,19|76,10|8,71|43,15|42,21|19,64|95,18|10,11|21,3|73,42|64,46|43,8|92,95|43,67|71,20|20,14/43,14=43,8,71,20,14
20,95|78,82|15,56|82,3|32,15|0,10|37,81|26,94|37,38|37,32|37,20|38,0|18,26|54,85|10,19|56,72|81,18|37,14|95,54|14,78/37,94=37,81,18,26,94
98,62|85,93|70,7|81,61|62,14|48,81|98,70|14,94|98,58|98,35|58,47|94,59|47,85|78,82|7,78|98,96|35,48|71,38|96,71|38,84/98,59=98,62,14,94,59
94,7|43,37|45,39|12,47|38,26|33,67|6,45|33,50|50,12|31,32|33,65|4,3|33,43|47,84|33,31|48,94|32,38|67,48|65,6|37,4/33,84=33,50,12,47,84
59,48|96,71|75,45|95,37|37,83|59,95|63,28|51,63|35,96|59,62|90,34|83,64|45,16|48,90|59,75|16,13|59,35|71,19|62,51|34,67/59,28=59,62,51,63,28
11,44|32,72|36,69|13,1|69,13|99,46|12,56|1,89|21,73|44,99|15,32|56,21|36,11|36,75|36,12|36,15|72,77|90,76|75,51|51,90/36,73=36,12,56,21,73
83,93|91,59|79,7|75,65|65,88|91,83|91,61|91,80|93,99|61,40|35,96|99,23|64,75|96,84|91,64|82,78|7,72|59,79|40,82|80,35/91,88=91,64,75,65,88
70,61|36,80|43,42|90,48|55,31|44,53|39,83|36,44|53,19|31,43|80,37|37,90|73,39|36,73|84,89|36,55|83,49|36,84|89,70|19,87/36,61=36,84,89,70,61
51,37|29,59|84,51|65,28|53,18|85,17|99,72|57,68|13,53|65,85|32,99|38,13|65,84|65,38|79,32|17,57|65,79|37,76|59,92|28,29/65,18=65,38,13,53,18
89,29|94,10|51,63|19,58|32,71|71,90|10,19|32,47|32,94|88,43|32,30|47,89|30,88|55,7|43,13|32,55|90,36|29,77|36,66|7,51/32,77=32,47,89,29,77
52,60|52,73|82,1|86,94|33,38|94,65|38,44|60,75|91,83|1,56|27,5|52,43|73,86|52,82|44,29|43,27|5,31|56,61|52,33|75,91/52,83=52,60,75,91,83
67,49|87,67|30,18|98,46|27,83|94,88|33,27|87,40|31,94|95,56|87,30|87,33|18,98|65,58|49,95|58,29|83,82|87,4|4,65|40,31/87,29=87,4,65,58,29
45,92|55,19|13,47|78,16|45,78|99,13|18,90|45,5|89,65|97,55|65,22|45,89|36,44|45,98|22,58|27,36|98,97|92,99|16,18|5,27/45,19=45,98,97,55,19
4,76|58,4|31,50|50,28|8,79|88,99|93,72|37,25|31,3|54,8|6,58|71,54|31,6|31,71|69,88|49,98|72,49|28,37|3,69|31,93/31,25=31,50,28,37,25
84,76|39,84|44,87|82,67|8,83|67,70|92,56|74,54|76,17|44,36|63,8|83,86|44,39|5,92|54,46|44,88|88,82|44,63|36,74|87,5/44,86=44,63,8,83,86
88,67|95,99|29,71|17,29|31,17|43,47|31,41|31,46|41,83|67,37|53,9|71,36|31,64|31,97|46,88|83,43|9,87|99,19|97,53|64,95/31,87=31,97,53,9,87
41,36|55,30|72,11|41,94|30,20|24,44|92,65|41,66|41,33|94,55|6,92|11,4|4,37|17,24|83,74|33,17|41,72|74,89|36,83|66,6/41,44=41,33,17,24,44
21,46|94,21|98,11|11,23|13,86|8,98|86,99|55,94|36,58|46,71|38,63|18,13|63,82|76,27|27,36|55,18|55,76|73,38|55,8|55,73/55,82=55,73,38,63,82
24,69|58,93|55,37|69,35|19,73|93,91|59,19|24,58|44,21|73,75|14,40|91,61|24,59|21,30|35,55|40,70|24,44|70,26|24,14|30,80/24,75=24,59,19,73,75
9,29|27,38|18,6|99,27|39,58|6,97|88,46|81,95|42,9|88,99|7,90|95,7|38,59|29,83|88,81|86,39|88,42|97,78|88,18|46,86/88,59=88,99,27,38,59
60,51|93,71|84,2|71,56|22,58|22,17|2,75|31,77|86,60|22,93|22,89|89,37|56,34|58,82|17,86|37,85|22,84|82,31|75,16|85,74/22,51=22,17,86,60,51
31,74|50,3|7,59|44,2|50,12|52,63|12,44|59,64|85,30|6,41|50,31|64,23|60,85|2,62|99,52|50,7|74,6|3,60|50,99|63,32/50,23=50,7,59,64,23
6,73|24,47|85,89|51,19|15,24|3,94|18,62|19,6|92,15|74,5|94,2|74,51|60,49|89,18|96,60|74,92|74,85|5,96|59,3|74,59/74,47=74,92,15,24,47
8,64|31,30|15,17|38,32|56,9|80,37|19,78|56,38|56,86|77,80|30,36|56,74|56,16|32,19|93,8|16,93|74,13|13,15|86,31|9,77/56,64=56,16,93,8,64
77,38|95,28|15,19|12,40|95,26|95,77|52,16|86,2|95,84|78,76|2,30|28,15|79,46|26,86|38,78|16,69|40,79|95,12|19,4|84,52/95,46=95,12,40,79,46
20,23|80,33|64,58|16,64|16,40|76,35|88,14|16,11|53,83|58,80|16,53|79,20|19,95|57,43|40,19|95,68|83,57|11,79|16,76|35,88/16,43=16,53,83,57,43
82,59|40,33|59,24|47,23|82,97|96,75|24,8|75,78|82,9|0,67|33,21|21,14|34,47|8,98|9,34|82,40|82,96|97,0|67,44|78,53/82,44=82,97,0,67,44
78,44|30,88|78,31|78,49|63,66|31,30|39,85|49,63|78,40|85,18|46,7|44,39|88,73|51,45|96,51|11,46|32,96|66,41|40,11|78,32/78,73=78,31,30,88,73
11,50|32,10|60,1|11,53|7,39|11,88|88,27|12,64|57,51|11,77|53,90|96,57|50,96|27,60|21,12|90,7|77,80|11,74|80,32|74,21/11,51=11,50,96,57,51
98,49|53,40|84,12|38,61|83,96|98,41|9,77|96,47|64,76|8,79|61,53|87,84|89,8|98,38|76,9|79,68|98,64|49,83|98,89|41,87/98,47=98,49,83,96,47
49,33|48,40|23,90|53,34|34,38|60,48|38,65|83,67|53,19|42,23|19,32|29,95|53,49|57,42|65,22|53,60|40,3|53,57|33,29|32,83/53,22=53,34,38,65,22
87,66|70,76|19,70|98,24|17,15|98,51|98,14|89,18|25,17|88,92|99,87|92,89|51,19|83,12|3,83|24,25|14,3|66,81|98,88|98,99/98,81=98,99,87,66,81
62,52|26,98|25,87|87,63|79,65|95,47|98,86|47,0|64,95|65,69|64,36|36,26|63,83|64,81|6,11|11,62|64,6|81,79|0,8|64,25/64,52=64,6,11,62,52
28,45|22,12|42,77|54,79|5,37|79,22|45,64|2,66|59,28|65,2|72,82|27,59|27,54|77,72|27,18|37,87|18,65|27,42|87,10|27,5/27,10=27,5,37,87,10
40,47|75,15|4,64|52,50|47,52|67,70|50,96|64,89|48,28|28,2|2,3|8,67|40,82|40,48|40,56|56,75|82,4|40,8|15,84|70,13/40,96=40,47,52,50,96
95,4|31,49|95,44|67,58|58,45|85,93|95,67|49,50|93,6|95,66|44,25|7,72|81,85|45,29|4,7|25,9|95,81|72,60|66,31|9,64/95,50=95,66,31,49,50
40,66|16,30|0,16|67,86|86,52|66,34|30,14|0,15|35,28|89,7|99,43|53,40|14,61|52,18|7,99|15,17|0,67|0,53|0,89|17,35/0,61=0,16,30,14,61
70,45|64,73|78,27|26,78|64,70|73,15|13,81|20,26|64,20|45,25|81,58|25,57|58,39|15,61|64,13|64,22|9,46|61,53|97,9|22,97/64,57=64,70,45,25,57
16,53|29,33|60,29|16,45|78,99|72,0|16,72|95,49|97,22|45,78|22,63|0,58|49,19|99,70|31,60|16,26|16,31|26,95|53,97|58,1/16,19=16,26,95,49,19
18,97|79,65|97,28|86,79|17,99|17,18|51,75|75,27|28,31|9,82|17,9|13,51|57,60|17,13|17,98|98,57|99,86|60,48|82,26|26,80/17,27=17,13,51,75,27
93,44|82,30|17,18|36,87|36,49|41,59|60,17|33,93|49,60|85,32|36,46|87,33|36,71|3,41|86,82|46,3|32,5|36,51|71,86|51,85/36,59=36,46,3,41,59
22,73|12,98|96,87|33,54|28,33|64,89|38,26|10,96|64,37|89,23|64,22|32,99|64,79|73,38|64,82|37,12|23,32|98,60|79,10|82,28/64,87=64,79,10,96,87
13,64|71,52|7,24|83,42|0,55|2,68|41,12|51,49|58,77|2,92|92,7|2,83|55,5|24,90|49,13|2,51|2,58|42,41|68,0|77,71/2,5=2,68,0,55,5
47,94|94,58|79,5|79,9|0,78|1,12|84,6|79,42|79,72|79,0|78,84|99,71|5,90|9,29|72,47|62,81|29,99|42,73|90,1|73,62/79,6=79,0,78,84,6
63,18|39,62|65,76|1,14|79,52|40,41|76,57|62,36|63,19|63,96|19,39|2,61|63,40|52,67|63,79|67,70|96,65|41,2|18,15|15,1/63,36=63,19,39,62,36
58,1|82,21|42,38|37,51|20,18|58,88|69,37|21,22|96,65|58,20|88,82|51,61|24,41|38,24|94,96|1,94|18,56|58,42|56,29|58,69/58,65=58,1,94,96,65
68,63|32,35|6,43|79,51|6,36|43,18|65,97|6,88|97,13|48,68|61,65|35,67|70,79|88,48|36,70|86,57|6,61|93,32|18,86|6,93/6,67=6,93,32,35,67
51,74|49,92|35,44|35,72|42,97|45,5|74,25|33,99|35,10|97,33|72,63|73,22|25,11|36,49|63,73|35,51|10,36|5,60|35,42|44,45/35,11=35,51,74,25,11
28,57|91,65|60,82|64,60|91,74|10,47|37,87|47,70|18,43|87,97|91,10|65,64|97,73|70,23|91,28|43,86|57,95|95,50|91,37|74,18/91,86=91,74,18,43,86
87,63|85,61|62,98|71,92|11,87|76,86|25,52|88,28|28,13|62,88|62,71|62,97|52,33|86,41|62,76|41,5|13,24|97,11|98,25|92,85/62,61=62,71,92,85,61
68,73|40,6|68,96|68,84|96,70|76,24|79,57|68,48|84,46|19,76|68,19|81,67|64,60|57,29|70,81|48,79|73,40|46,64|24,58|6,31/68,58=68,19,76,24,58
30,81|79,13|30,79|7,2|76,98|35,14|13,23|30,68|30,43|56,76|68,35|14,85|43,89|37,25|23,66|30,37|25,80|80,87|81,56|89,7/30,2=30,43,89,7,2
68,33|85,88|92,7|20,68|96,63|16,6|45,52|96,0|96,16|6,72|96,80|52,15|95,45|0,92|63,20|80,85|88,23|7,81|96,95|72,27/96,27=96,16,6,72,27
95,27|3,51|20,78|20,43|62,5|1,30|51,38|36,83|20,7|43,62|20,26|20,8|7,36|26,3|5,37|91,95|30,34|78,91|8,1|83,82/20,37=20,43,62,5,37
38,26|94,4|86,43|92,10|99,69|11,28|99,94|0,55|26,54|54,22|99,73|99,11|20,70|55,27|43,24|28,92|69,0|99,38|4,20|73,86/99,70=99,94,4,20,70
31,48|89,2|57,9|89,79|10,96|52,7|93,76|48,95|79,53|89,52|89,60|53,49|76,78|12,93|49,39|89,12|60,31|58,10|2,58|7,57/89,9=89,52,7,57,9
28,86|7,77|47,12|49,67|86,78|7,99|81,4|77,18|12,94|67,6|7,47|7,22|22,89|7,0|18,81|0,49|25,29|89,25|99,28|94,59/7,4=7,77,18,81,4
32,60|60,96|21,39|32,5|96,9|38,47|85,30|5,50|32,81|57,52|34,73|47,34|28,57|50,85|10,21|41,10|32,38|81,28|9,61|32,41/32,73=32,38,47,34,73
11,56|28,93|90,1|47,12|96,67|16,74|90,16|12,96|90,18|74,76|37,61|76,68|90,37|93,82|61,11|1,45|45,69|69,38|18,28|90,47/90,56=90,37,61,11,56
65,45|39,99|67,36|39,25|25,65|16,24|24,84|79,30|45,94|30,38|36,60|4,85|39,4|54,32|39,57|85,54|57,16|38,47|99,67|39,79/39,94=39,25,65,45,94
78,62|62,96|5,50|93,74|75,97|50,2|24,29|5,9|5,24|56,12|2,93|5,32|36,49|97,52|22,75|5,22|29,36|9,78|12,25|32,56/5,49=5,24,29,36,49
47,29|12,54|98,58|11,14|5,0|61,9|53,64|15,31|55,98|14,15|90,11|77,51|54,5|44,55|64,61|90,44|90,12|90,47|90,53|29,77/90,0=90,12,54,5,0
60,77|11,78|31,64|25,91|70,59|46,55|52,31|20,60|54,57|20,8|20,5|77,70|78,54|20,11|5,16|64,38|83,25|16,46|8,83|20,52/20,91=20,8,83,25,91
92,83|91,2|34,54|2,34|44,94|54,98|96,25|33,44|10,62|69,10|62,77|20,9|83,20|91,33|94,1|91,96|91,69|25,99|91,92|99,32/91,32=91,96,25,99,32
82,14|24,34|34,94|89,76|72,88|59,89|94,20|35,67|79,64|64,47|67,82|24,21|21,79|20,42|24,60|88,8|8,17|24,35|60,59|24,72/24,14=24,35,67,82,14
97,30|63,83|34,4|54,16|16,24|34,7|5,97|67,79|34,26|79,11|4,5|11,18|27,63|75,76|82,75|26,54|7,27|76,39|34,82|34,67/34,18=34,67,79,11,18
4,10|83,54|47,96|9,52|76,83|4,71|81,47|63,76|10,62|7,81|78,28|4,7|28,42|19,78|77,30|38,77|4,63|71,38|4,19|62,9/4,30=4,71,38,77,30
51,74|5,60|35,44|35,72|42,97|45,73|74,25|33,99|35,10|97,33|72,63|49,92|25,11|36,5|63,49|35,51|10,36|73,22|35,42|44,45/35,11=35,51,74,25,11
68,37|43,41|14,16|16,62|68,14|31,8|67,63|77,27|87,31|62,29|61,46|68,77|8,34|68,43|49,81|68,87|27,49|41,61|37,12|12,67/68,63=68,37,12,67,63
59,50|55,19|30,48|50,91|74,45|45,32|88,55|71,80|71,58|48,25|71,93|71,59|71,74|31,61|32,52|58,84|91,70|93,30|80,88|84,31/71,52=71,74,45,32,52
36,56|35,93|79,26|79,92|3,13|72,74|56,77|26,11|79,59|11,35|46,45|59,46|92,72|49,3|79,36|77,25|45,50|79,49|74,58|13,32/79,32=79,49,3,13,32
21,3|66,49|32,66|9,42|47,92|65,60|23,39|62,91|94,65|45,21|8,10|45,23|39,62|45,97|92,8|3,9|97,32|45,94|45,47|60,13/45,10=45,47,92,8,10
90,13|35,90|9,98|63,89|30,7|35,36|76,40|16,68|98,30|40,5|1,76|89,52|13,6|35,1|36,16|68,25|6,86|31,63|35,9|35,31/35,25=35,36,16,68,25
21,62|21,23|17,34|6,29|85,12|73,2|62,83|51,30|34,49|49,84|29,59|23,6|21,32|21,17|12,11|32,85|2,8|83,51|8,41|21,73/21,30=21,62,83,51,30
67,93|64,29|81,85|0,22|29,67|64,92|93,76|17,0|85,36|51,81|75,91|15,16|64,66|64,41|91,27|66,17|64,51|92,75|55,15|41,55/64,27=64,92,75,91,27
89,14|90,12|59,38|61,17|59,60|59,89|65,8|38,90|60,61|55,40|17,79|14,95|59,0|8,33|80,65|40,93|12,86|95,74|0,55|59,80/59,79=59,60,61,17,79
59,23|15,87|52,63|84,40|15,12|40,8|15,59|15,2|73,88|57,41|32,56|56,73|82,33|91,57|87,84|2,52|23,82|12,91|15,32|63,68/15,8=15,87,84,40,8
49,30|52,0|2,55|0,57|2,53|58,33|81,26|55,50|8,56|53,21|21,58|57,37|76,29|50,49|70,34|2,8|2,76|29,70|2,52|56,81/2,30=2,55,50,49,30
52,74|55,20|74,97|51,52|5,55|46,14|48,42|25,9|51,46|89,92|56,43|81,1|97,87|20,90|9,81|51,25|51,5|42,56|51,48|14,89/51,1=51,25,9,81,1
84,44|44,56|50,26|2,33|56,35|33,85|35,79|6,2|84,66|5,58|96,5|26,4|66,50|84,52|48,46|46,45|91,48|84,6|84,91|52,96/84,58=84,52,96,5,58
87,55|90,65|58,72|13,53|72,60|87,90|87,58|60,18|55,45|41,13|53,67|65,79|87,41|79,20|25,11|12,16|16,25|87,12|45,37|37,92/87,20=87,90,65,79,20
1,6|1,37|81,98|35,36|15,23|10,59|91,15|23,71|86,10|55,41|84,33|1,32|37,47|32,55|47,84|6,86|1,91|41,54|1,35|36,81/1,54=1,32,55,41,54
60,4|39,69|82,60|29,17|11,77|8,2|48,43|11,48|77,8|71,68|2,30|86,71|69,29|43,0|11,82|11,39|0,75|72,86|11,72|4,7/11,17=11,39,69,29,17
38,51|55,53|51,56|70,95|70,49|99,64|53,65|41,2|59,94|70,87|95,38|91,79|49,41|40,55|79,99|87,59|70,91|70,40|2,3|94,54/70,56=70,95,38,51,56
94,28|20,40|65,76|59,57|28,20|13,24|94,47|80,68|94,65|94,59|94,45|45,80|24,84|47,13|90,50|76,48|57,90|40,92|48,30|68,17/94,50=94,59,57,90,50
63,90|0,53|95,57|22,44|88,77|53,82|77,56|51,63|19,46|57,55|21,0|46,86|86,54|90,22|51,78|51,19|51,21|78,88|55,92|51,95/51,92=51,95,57,55,92
70,11|66,97|66,65|66,87|47,7|16,5|11,37|1,69|25,58|65,16|66,1|23,47|5,22|87,70|80,61|26,23|97,15|15,80|69,25|66,26/66,37=66,87,70,11,37
70,14|16,70|35,82|82,74|68,67|53,57|35,16|35,59|14,63|30,53|74,68|62,44|59,30|5,32|8,83|35,6|83,71|35,5|6,8|32,62/35,44=35,5,32,62,44
28,57|91,65|97,73|64,97|91,74|10,47|37,87|47,60|18,43|87,70|91,10|65,64|70,23|60,82|91,28|43,86|57,95|95,50|91,37|74,18/91,86=91,74,18,43,86
8,84|13,1|72,11|95,15|81,90|61,64|76,3|0,13|15,38|4,76|17,4|72,17|11,7|64,8|72,95|38,94|72,61|24,0|7,81|72,24/72,94=72,95,15,38,94
86,32|40,47|33,91|17,33|14,54|36,13|52,23|13,62|42,64|17,86|17,42|94,14|32,89|17,79|79,94|17,36|62,76|64,52|91,40|89,60/17,23=17,42,64,52,23
83,96|79,17|89,71|24,56|74,26|17,1|56,89|15,42|83,86|83,21|12,57|57,62|96,74|77,15|83,24|86,12|83,77|42,48|21,79|26,3/83,1=83,21,79,17,1
60,83|91,58|60,68|84,87|14,69|58,14|87,15|89,36|60,25|56,0|72,40|68,55|55,7|83,84|60,91|60,89|0,93|7,2|25,56|36,72/60,40=60,89,36,72,40
46,47|67,75|51,62|23,60|46,29|55,12|39,36|36,38|46,51|47,72|46,39|75,84|74,35|35,33|46,73|38,25|29,67|62,23|73,74|72,55/46,33=46,73,74,35,33
62,89|97,43|68,34|60,65|62,19|17,91|65,77|89,14|62,29|15,48|1,60|14,17|38,49|63,15|22,38|62,1|62,68|19,22|34,97|29,63/62,49=62,19,22,38,49
13,50|50,48|63,24|48,38|18,73|1,86|13,94|4,40|13,18|73,4|30,1|7,44|38,67|96,7|86,76|13,30|24,52|94,63|49,96|13,49/13,76=13,30,1,86,76
68,29|90,52|31,77|90,18|90,20|16,4|44,30|74,75|60,92|76,68|75,25|90,31|52,60|90,44|77,83|30,16|83,48|92,22|20,74|18,76/90,22=90,52,60,92,22
8,53|96,8|59,12|63,46|96,38|12,47|47,6|96,98|53,60|94,99|46,94|19,68|96,63|69,19|38,9|98,69|60,80|96,59|9,74|74,43/96,99=96,63,46,94,99
59,36|51,84|29,64|94,30|93,42|13,95|10,29|36,4|10,24|30,25|10,13|85,60|95,19|60,93|10,82|19,1|10,85|64,51|82,59|24,94/10,1=10,13,95,19,1
61,38|10,90|89,57|52,61|52,97|62,33|52,89|17,9|43,30|33,75|57,98|9,4|52,62|97,17|52,43|30,10|98,93|75,94|38,50|50,56/52,4=52,97,17,9,4
88,69|54,60|10,84|73,36|9,26|6,73|42,9|60,10|54,42|8,43|36,90|54,6|43,16|54,88|69,65|16,79|54,8|26,47|84,30|65,25/54,25=54,88,69,65,25
51,37|30,68|48,51|90,36|30,48|60,84|37,78|17,55|30,82|30,93|1,17|82,60|30,43|68,1|23,77|93,90|77,41|36,8|84,75|43,23/30,75=30,82,60,84,75
22,96|98,72|98,78|96,1|54,37|72,68|9,56|66,12|37,47|98,22|1,11|98,94|98,39|56,75|94,54|39,9|14,71|68,66|78,14|71,16/98,75=98,39,9,56,75
39,9|91,93|9,38|63,85|78,48|93,90|28,70|78,42|78,91|8,28|99,64|85,17|90,45|42,8|64,96|78,99|96,46|48,39|78,63|17,67/78,38=78,48,39,9,38
20,63|47,52|95,27|46,6|16,36|68,67|47,30|36,0|30,20|97,73|55,44|67,55|73,46|52,5|47,97|5,95|63,21|0,85|47,16|47,68/47,85=47,16,36,0,85
8,41|25,57|57,5|58,76|25,1|77,48|92,93|25,8|41,4|4,36|5,46|25,23|1,83|48,30|93,43|23,92|30,29|25,77|46,47|83,58/25,36=25,8,41,4,36
54,42|74,92|71,22|63,52|50,91|94,33|22,63|91,84|33,50|60,74|27,66|94,71|94,40|42,5|5,65|94,44|86,27|40,86|94,54|44,60/94,84=94,33,50,91,84
52,74|73,68|26,78|58,73|45,50|57,98|78,57|3,76|47,6|47,58|9,3|5,52|6,9|68,88|19,5|47,36|36,62|62,45|47,26|47,19/47,50=47,36,62,45,50
1,40|67,81|46,9|79,23|29,68|77,95|19,72|40,19|43,94|29,54|23,85|68,4|85,51|9,67|4,43|58,77|54,58|29,46|29,79|29,1/29,72=29,1,40,19,72
20,69|40,16|20,96|33,89|96,18|20,37|99,5|31,51|15,58|16,39|67,26|5,67|37,6|20,82|82,40|69,80|18,15|6,31|20,99|80,33/20,39=20,82,40,16,39
36,50|26,85|68,81|68,46|24,47|10,18|81,49|68,26|49,39|46,65|91,10|9,91|39,5|27,0|85,1|1,84|50,24|68,36|65,27|68,9/68,0=68,46,65,27,0
93,13|99,17|78,92|13,87|42,61|42,72|72,36|79,99|92,63|42,31|31,79|58,2|42,78|63,77|3,58|35,3|61,93|55,95|42,35|36,55/42,95=42,72,36,55,95
57,67|16,62|79,77|30,64|79,57|91,47|62,41|79,91|66,98|95,11|79,72|82,95|77,68|6,16|47,30|4,71|67,66|79,6|72,82|68,4/79,64=79,91,47,30,64
69,29|95,99|32,57|53,52|4,55|30,9|17,30|69,32|50,58|58,87|69,50|29,53|69,19|57,95|69,28|87,79|19,18|28,17|18,4|52,72/69,72=69,29,53,52,72
62,14|62,35|71,28|82,67|62,71|48,54|44,41|67,57|35,15|62,93|95,66|2,3|14,34|3,94|28,44|36,2|93,82|34,95|15,48|62,36/62,54=62,35,15,48,54
46,14|2,60|97,16|24,27|60,39|24,46|73,34|54,7|24,2|24,32|45,70|62,45|32,54|77,1|27,62|7,69|34,77|14,97|24,73|39,9/24,70=24,27,62,45,70
87,70|18,39|53,42|87,72|70,48|39,8|48,20|33,29|30,53|25,36|52,47|17,18|42,34|47,33|87,52|87,17|72,68|20,14|87,30|68,25/87,29=87,52,47,33,29
81,32|16,94|56,23|23,87|21,56|21,65|2,60|54,63|21,73|21,25|32,30|63,89|25,81|73,2|60,37|65,16|94,33|21,90|90,54|87,31/21,31=21,56,23,87,31
10,44|58,23|52,9|58,52|55,21|16,56|9,30|23,10|44,90|58,11|58,66|14,16|34,59|58,55|39,71|66,39|30,91|11,14|21,34|71,5/58,5=58,66,39,71,5
17,69|79,90|23,5|17,79|28,95|18,58|59,32|90,93|17,84|26,49|17,26|95,63|84,28|69,23|77,54|49,59|5,50|17,77|54,18|93,12/17,50=17,69,23,5,50
36,41|36,30|63,94|43,12|36,77|79,60|64,55|52,79|8,43|36,6|92,46|46,61|7,63|41,92|30,8|65,81|36,65|81,64|6,7|77,52/36,61=36,41,92,46,61
30,22|73,36|9,94|14,17|13,81|3,6|67,18|94,13|3,2|22,54|3,67|3,9|44,14|36,58|82,73|6,30|2,44|18,88|88,78|3,82/3,58=3,82,73,36,58
54,38|73,56|32,94|94,59|73,54|73,69|6,80|69,61|93,76|56,98|38,6|20,62|10,71|90,32|98,93|35,20|73,25|73,90|25,35|61,10/73,76=73,56,98,93,76
47,67|96,38|61,71|67,96|70,72|64,80|91,66|64,23|48,7|71,10|10,37|72,87|66,1|35,91|64,47|7,40|80,70|64,61|64,35|23,48/64,37=64,61,71,10,37
79,3|97,36|79,56|38,86|73,35|16,42|3,97|53,24|86,53|42,65|36,63|44,48|79,44|48,59|79,28|79,38|28,73|56,16|59,52|35,88/79,24=79,38,86,53,24
42,13|7,4|29,2|39,7|74,89|12,91|33,27|10,72|24,65|82,74|2,12|24,82|89,9|96,39|24,10|65,99|99,33|72,42|24,29|24,96/24,9=24,82,74,89,9
93,27|93,19|21,5|93,72|44,2|94,47|53,86|93,1|5,26|19,21|1,87|7,31|74,94|27,74|73,97|72,17|86,7|17,73|87,44|93,53/93,31=93,53,86,7,31
52,51|68,49|60,32|13,40|39,16|72,50|71,28|49,3|52,39|40,85|88,29|52,62|32,66|14,13|28,88|62,60|52,14|52,71|16,72|51,68/52,66=52,62,60,32,66
50,99|79,70|84,79|20,84|34,69|27,41|70,33|20,24|60,30|20,68|24,60|20,88|40,4|20,27|41,34|99,59|30,18|88,50|4,96|68,40/20,96=20,68,40,4,96
54,59|61,52|66,73|36,17|91,81|61,72|72,54|32,36|61,42|21,24|27,26|61,32|61,91|73,11|7,27|17,44|42,7|59,4|52,66|81,21/61,11=61,52,66,73,11
44,9|32,19|23,98|25,58|30,5|10,12|21,30|86,32|58,89|18,21|89,44|33,10|25,55|25,23|25,33|34,2|25,18|55,86|12,64|98,34/25,2=25,23,98,34,2
53,18|60,49|85,53|59,85|94,8|4,40|35,60|59,82|59,94|56,4|59,56|37,33|84,58|59,35|8,84|49,29|33,78|82,37|40,44|18,66/59,66=59,85,53,18,66
21,75|86,55|90,86|11,13|39,24|48,96|7,78|75,93|97,90|11,14|78,77|14,7|11,87|33,39|11,48|23,50|13,33|96,23|11,97|87,21/11,55=11,97,90,86,55
56,18|30,54|54,94|75,93|18,81|93,26|49,77|16,75|52,46|52,56|81,85|52,64|52,19|46,49|52,16|34,96|96,71|77,82|64,34|19,30/52,26=52,16,75,93,26
39,4|31,10|51,20|20,18|10,51|31,2|31,91|87,48|91,82|77,53|98,5|82,9|38,8|15,87|5,39|2,15|31,77|9,13|53,38|31,98/31,13=31,91,82,9,13
30,37|23,1|37,81|6,48|1,63|74,20|80,84|93,30|80,94|80,59|94,74|96,71|48,27|59,6|80,23|80,93|63,69|71,22|20,68|84,96/80,27=80,59,6,48,27
21,55|0,81|44,92|81,47|23,68|72,67|90,38|83,73|99,60|92,86|44,83|73,2|67,23|86,99|16,0|55,90|44,16|2,62|44,21|44,72/44,47=44,16,0,81,47
10,40|93,30|93,69|98,3|93,22|43,10|22,82|30,74|82,98|21,48|74,72|40,13|72,36|25,20|88,87|48,88|93,21|69,25|20,17|93,43/93,36=93,30,74,72,36
75,77|20,99|97,94|13,46|89,13|77,67|75,97|75,59|54,26|94,20|75,96|36,78|25,39|15,89|75,15|22,36|67,54|59,22|39,47|96,25/75,47=75,96,25,39,47
85,16|10,81|24,43|60,46|75,67|90,78|60,74|43,76|60,32|67,47|46,10|15,24|74,96|96,90|60,15|60,75|16,1|47,17|81,98|32,85/60,76=60,15,24,43,76
6,65|4,88|47,63|27,54|65,4|36,25|23,31|25,27|54,62|94,47|36,6|59,19|31,2|36,49|3,8|36,23|8,59|36,3|49,94|2,28/36,63=36,49,94,47,63
7,50|79,7|57,42|6,26|27,38|50,29|8,23|59,89|85,64|92,18|92,6|18,8|92,27|92,57|38,59|42,85|92,79|26,19|19,24|23,49/92,49=92,18,8,23,49
99,59|39,11|58,78|69,29|74,22|81,58|29,9|74,69|59,53|74,39|22,1|9,86|53,15|1,87|78,71|11,32|74,81|87,5|74,99|32,3/74,5=74,22,1,87,5
11,55|69,16|64,41|18,90|64,93|40,11|23,10|27,26|64,78|13,51|93,40|26,69|41,3|64,27|44,24|64,13|59,44|3,18|78,59|51,23/64,10=64,13,51,23,10
93,45|73,42|91,6|13,24|59,51|6,17|84,93|15,72|84,77|9,13|45,73|84,91|17,70|16,9|84,58|72,97|58,59|84,16|77,15|51,87/84,87=84,58,59,51,87
93,9|74,44|43,2|25,60|48,80|2,63|97,48|60,91|13,51|93,53|44,13|91,79|53,59|93,97|85,47|80,55|93,74|93,25|59,85|9,43/93,47=93,53,59,85,47
83,43|21,58|20,89|7,14|89,83|75,96|65,45|7,20|11,23|7,85|45,24|41,97|85,82|14,13|82,41|7,35|35,65|13,11|7,75|96,21/7,24=7,35,65,45,24
15,87|72,33|18,50|24,31|24,41|35,67|54,10|41,12|12,18|61,95|78,97|24,61|31,84|53,17|95,78|17,35|84,54|24,72|24,53|33,15/24,50=24,41,12,18,50
98,80|53,12|61,82|98,93|40,97|51,85|2,40|98,22|98,51|12,24|98,63|83,86|44,81|80,53|93,83|85,61|22,44|63,2|81,79|86,49/98,79=98,22,44,81,79
80,13|9,62|51,11|94,36|32,40|28,79|36,15|15,5|34,7|51,28|62,32|52,59|7,46|46,14|51,9|51,34|79,52|51,94|11,80|13,55/51,55=51,11,80,13,55
89,19|42,26|41,13|31,33|60,42|76,92|38,44|50,76|26,38|60,7|13,39|60,32|94,89|33,16|75,31|7,94|61,50|32,41|60,75|60,61/60,39=60,32,41,13,39
3,89|94,73|39,74|50,8|18,23|71,69|39,26|82,71|12,55|32,51|8,12|26,18|39,50|74,7|51,94|7,3|39,82|39,32|23,52|69,31/39,31=39,82,71,69,31
13,26|13,84|69,98|13,69|29,50|68,83|10,68|13,91|13,9|99,16|24,2|98,24|86,39|91,10|84,86|50,40|62,99|26,62|9,29|39,8/13,16=13,26,62,99,16
16,42|98,9|87,35|37,87|35,99|61,5|16,57|80,29|4,80|64,98|63,4|16,37|27,90|16,27|13,66|57,64|42,94|90,13|94,61|16,63/16,66=16,27,90,13,66
75,97|38,71|15,4|49,13|4,49|32,48|47,76|89,80|32,93|93,72|32,8|71,59|32,89|24,40|80,24|63,47|8,63|72,75|48,38|32,15/32,59=32,48,38,71,59
0,96|73,16|46,67|67,43|43,17|12,7|24,12|81,23|80,0|66,4|81,80|60,66|96,86|23,60|10,24|81,56|16,3|56,73|81,46|81,10/81,7=81,10,24,12,7
54,42|31,77|20,58|26,95|29,54|90,29|76,90|58,55|77,15|24,51|46,20|68,24|15,63|76,31|76,69|76,46|51,53|95,89|69,26|76,68/76,63=76,31,77,15,63
63,91|25,82|80,0|67,23|80,25|80,9|11,39|0,67|17,5|96,35|9,26|23,61|82,66|80,17|26,11|38,96|6,38|66,29|80,6|5,63/80,61=80,0,67,23,61
98,45|59,7|72,23|28,56|17,81|75,13|66,50|81,66|59,87|6,75|59,17|87,28|7,82|56,31|59,65|30,6|59,30|65,72|23,47|82,98/59,31=59,87,28,56,31
60,49|80,43|61,80|37,28|54,81|85,42|71,87|87,39|37,85|37,68|42,33|37,26|43,74|63,54|68,71|26,63|28,10|10,60|33,15|37,61/37,74=37,61,80,43,74
85,43|2,48|77,4|53,70|91,2|72,91|27,56|99,75|7,53|56,74|75,77|47,7|99,85|4,96|99,47|11,9|99,72|63,27|99,63|43,11/99,70=99,47,7,53,70
0,52|4,97|5,24|61,1|10,85|24,40|4,5|40,86|98,75|44,8|79,10|97,98|52,20|85,38|4,44|7,0|8,61|4,7|75,70|4,79/4,1=4,44,8,61,1
29,11|72,27|78,36|11,46|40,26|77,39|1,15|24,9|40,77|40,24|42,82|46,44|39,6|40,1|27,47|26,72|15,78|6,37|40,29|9,42/40,37=40,77,39,6,37
32,82|64,0|98,57|83,1|77,12|41,32|69,77|23,69|24,41|23,64|92,83|72,6|60,17|87,92|23,98|12,93|23,87|23,24|57,60|0,72/23,82=23,24,41,32,82
36,56|45,50|79,26|79,92|3,13|72,74|56,35|26,11|79,59|11,45|46,77|59,46|92,72|49,3|79,36|35,93|77,25|79,49|74,58|13,32/79,32=79,49,3,13,32
60,39|8,69|38,13|4,26|54,8|49,60|20,9|38,45|3,4|69,73|34,3|38,54|13,20|38,34|36,56|78,49|45,55|38,78|55,36|9,84/38,56=38,45,55,36,56
95,2|69,30|95,96|39,94|84,14|95,93|48,39|3,59|95,67|30,42|2,48|18,76|5,49|76,84|93,41|95,18|55,5|96,69|67,55|41,3/95,59=95,93,41,3,59
75,68|53,3|32,77|37,97|39,91|97,18|84,37|76,53|3,2|2,29|76,60|26,39|6,70|76,84|60,55|55,75|76,92|70,32|76,6|92,26/76,77=76,6,70,32,77
16,14|39,33|25,71|27,39|82,27|42,13|71,54|16,26|0,31|9,42|16,1|5,97|16,0|76,63|14,9|63,15|16,82|31,5|1,76|26,25/16,97=16,0,31,5,97
19,45|38,9|55,84|85,15|42,38|15,97|85,42|99,91|64,34|9,73|85,64|34,11|85,99|11,31|67,96|85,67|97,19|96,55|91,46|46,0/85,84=85,67,96,55,84
35,39|35,11|56,77|59,37|35,24|24,69|99,59|37,72|52,15|4,2|22,67|69,56|11,4|2,33|67,17|39,80|80,52|35,22|17,7|35,99/35,72=35,99,59,37,72
66,42|22,67|52,66|4,40|65,24|24,99|89,29|89,75|75,65|89,19|89,22|67,5|29,92|62,52|45,50|5,86|49,45|92,4|89,62|19,49/89,99=89,75,65,24,99
33,92|37,60|11,0|9,33|64,11|37,32|97,10|60,62|71,15|90,71|27,9|0,25|50,97|32,50|37,64|37,18|76,17|37,27|62,76|18,90/37,25=37,64,11,0,25
64,22|6,84|61,56|37,64|6,37|27,60|48,27|47,51|56,44|79,46|49,48|6,49|84,47|6,79|46,36|6,63|36,19|63,61|22,66|51,76/6,19=6,79,46,36,19
77,9|22,73|79,55|77,36|52,90|55,43|77,28|47,62|73,19|75,29|62,74|29,33|63,79|77,63|33,86|90,65|28,22|9,52|77,75|36,47/77,43=77,63,79,55,43
11,3|26,61|85,51|33,60|49,40|13,33|0,9|51,49|13,85|13,0|22,4|78,7|60,11|2,63|63,62|13,26|13,2|61,78|9,22|62,1/13,40=13,85,51,49,40
62,88|41,27|58,62|80,79|40,46|84,80|9,60|26,40|41,21|41,93|97,9|93,44|21,26|27,84|41,38|41,58|44,74|74,94|38,97|88,43/41,60=41,38,97,9,60
53,30|5,73|81,46|42,65|55,8|88,55|42,23|42,3|19,6|65,19|60,5|42,12|10,0|23,10|6,61|12,88|46,53|42,81|3,60|0,38/42,61=42,65,19,6,61
50,34|79,70|84,79|20,84|30,18|27,41|70,33|20,24|60,99|20,68|24,60|20,88|40,4|20,27|41,30|34,69|99,59|88,50|4,96|68,40/20,96=20,68,40,4,96
71,43|94,14|10,67|14,95|17,30|86,0|65,11|23,65|61,46|72,86|71,94|71,4|50,10|4,50|43,72|71,23|95,66|71,61|11,49|46,17/71,67=71,4,50,10,67
83,16|16,36|33,46|33,17|82,61|31,70|33,6|70,60|17,31|46,83|2,69|71,90|35,71|61,0|69,29|33,19|6,35|73,82|33,73|19,2/33,0=33,73,82,61,0
81,48|83,68|60,98|83,5|65,2|5,81|68,67|2,77|83,38|50,40|48,80|40,28|93,44|46,60|83,43|67,93|43,46|83,65|77,0|38,50/83,98=83,43,46,60,98
72,52|22,44|73,22|43,72|56,43|56,4|91,24|4,93|70,73|0,50|67,0|24,64|93,92|92,88|64,90|56,91|52,25|65,67|56,65|56,70/56,44=56,70,73,22,44
20,39|39,37|73,20|2,14|14,9|47,71|91,2|22,75|96,74|0,47|94,22|7,32|7,73|7,30|77,96|7,0|30,94|7,91|71,60|32,77/7,74=7,32,77,96,74
61,2|41,61|81,13|26,81|73,64|16,37|73,24|14,85|7,45|64,62|20,9|2,91|13,40|73,26|73,41|73,7|24,90|62,16|90,14|45,20/73,40=73,26,81,13,40
42,24|55,94|55,89|50,88|89,81|85,57|28,41|55,85|81,87|59,0|87,80|0,13|77,50|55,77|47,28|13,29|55,59|94,47|88,76|57,42/55,76=55,77,50,88,76
92,35|11,48|30,95|30,40|79,11|59,55|30,97|95,43|78,65|96,59|12,41|30,96|63,1|40,79|55,69|41,92|30,12|65,70|43,63|97,78/30,69=30,96,59,55,69
59,23|15,87|52,63|84,40|15,12|40,8|15,59|15,2|82,33|73,88|32,56|56,82|57,41|91,73|87,84|2,52|23,57|12,91|15,32|63,68/15,8=15,87,84,40,8
28,78|32,79|30,55|74,5|9,2|9,95|86,1|17,28|2,74|68,84|73,30|83,17|9,3|9,68|3,7|9,83|95,73|5,23|7,32|84,86/9,79=9,3,7,32,79
44,61|46,45|12,25|44,50|21,77|45,69|44,47|40,55|55,22|44,46|50,40|24,12|93,21|41,66|83,41|47,24|69,53|61,93|44,90|90,83/44,53=44,46,45,69,53
81,10|64,3|76,47|10,22|22,80|82,19|66,42|66,98|47,6|66,81|66,63|57,58|19,4|98,76|42,31|77,43|31,57|63,82|66,64|3,77/66,4=66,63,82,19,4
19,92|9,26|36,74|86,27|74,51|32,70|62,49|62,19|85,32|70,53|62,86|62,85|62,24|69,9|49,36|24,69|27,6|92,78|78,1|6,76/62,26=62,24,69,9,26
12,60|79,31|38,7|31,77|79,38|40,46|37,61|62,12|61,56|92,76|34,21|7,34|26,62|44,37|79,26|79,92|79,44|76,40|77,78|78,54/79,60=79,26,62,12,60
17,53|88,85|90,83|89,23|23,22|83,81|21,16|85,40|21,74|53,54|74,87|21,17|16,90|60,30|54,69|87,60|21,36|21,89|36,88|22,41/21,81=21,16,90,83,81
11,59|60,93|55,63|65,74|69,25|59,57|41,98|41,69|41,49|86,85|83,47|22,55|25,86|74,60|63,26|98,11|41,22|41,65|49,66|66,83/41,47=41,49,66,83,47
38,99|57,33|31,98|30,31|30,46|30,10|10,86|17,77|30,3|33,47|0,17|3,37|37,38|86,89|30,80|4,81|80,57|98,4|89,63|46,0/30,63=30,10,86,89,63
18,81|96,65|96,74|65,75|42,41|5,18|21,25|74,3|25,9|96,0|96,21|75,71|71,94|73,89|3,73|81,24|0,42|41,76|9,72|96,5/96,89=96,74,3,73,89
12,23|47,45|92,86|10,75|14,10|88,61|75,99|14,24|45,88|99,26|14,48|24,92|1,35|48,80|14,1|35,98|80,12|14,47|98,55|86,31/14,23=14,48,80,12,23
5,71|62,53|18,60|83,14|18,65|18,5|81,13|71,45|14,10|6,62|50,81|60,6|65,83|45,25|32,40|18,32|58,12|40,58|13,23|18,50/18,12=18,32,40,58,12
96,38|19,24|4,28|19,65|74,56|19,59|19,8|56,62|24,71|17,30|88,89|65,78|83,74|71,17|59,4|19,83|8,88|89,90|28,70|78,96/19,90=19,8,88,89,90
18,70|14,88|93,79|57,14|55,46|43,28|93,64|93,52|23,57|68,47|46,18|93,55|93,23|64,29|52,27|27,11|29,68|72,43|11,83|79,72/93,88=93,23,57,14,88
12,73|32,24|73,77|10,12|92,1|63,78|6,58|44,63|66,30|78,66|9,92|57,6|44,97|97,79|79,32|44,9|58,34|44,10|1,20|44,57/44,24=44,97,79,32,24
64,14|90,63|90,54|59,34|48,47|93,13|47,25|54,64|90,48|25,27|21,8|89,59|63,11|90,41|11,78|90,93|41,89|78,88|14,69|13,21/90,34=90,41,89,59,34
91,33|2,68|68,13|24,35|92,45|88,49|8,76|13,6|97,8|85,40|9,88|85,24|85,92|85,2|44,9|45,19|19,84|85,44|40,97|35,91/85,76=85,40,97,8,76
93,3|52,13|85,93|54,2|81,15|90,51|25,54|56,85|59,81|89,62|15,20|89,32|51,45|0,52|45,72|89,90|62,0|89,59|32,25|89,56/89,2=89,32,25,54,2
59,73|25,74|47,92|65,59|3,42|54,91|54,20|62,37|13,32|30,65|54,30|91,2|37,25|2,13|54,47|54,62|16,48|20,64|64,16|92,3/54,73=54,30,65,59,73
12,55|14,93|65,30|4,17|4,0|30,29|48,19|60,86|49,13|77,65|17,60|86,91|13,94|35,28|4,77|4,48|93,12|19,35|4,14|0,49/4,29=4,77,65,30,29
94,16|77,26|35,91|66,44|2,42|29,96|35,29|16,23|35,13|13,84|35,45|90,2|30,66|96,77|45,90|35,94|0,95|84,0|91,30|23,38/35,44=35,91,30,66,44
26,87|26,51|28,40|75,0|87,69|26,52|56,70|0,95|51,56|95,44|69,36|26,14|40,67|14,35|35,20|26,75|36,31|70,64|52,28|20,48/26,44=26,75,0,95,44
72,48|29,16|76,13|18,97|72,81|72,60|92,25|13,47|82,90|60,44|72,50|54,8|72,29|44,82|81,95|16,92|97,40|48,76|95,54|50,18/72,47=72,48,76,13,47
18,30|82,0|63,3|82,33|82,76|64,83|21,38|33,63|82,32|3,93|0,12|60,8|83,25|82,18|30,69|69,5|32,78|12,60|76,64|78,21/82,8=82,0,12,60,8
33,36|10,48|34,25|30,61|36,28|33,0|0,34|33,10|6,69|33,30|33,14|28,6|71,84|84,39|22,97|14,71|48,22|24,1|25,93|61,24/33,93=33,0,34,25,93
35,67|64,55|86,95|22,26|62,12|11,16|76,86|61,38|55,22|99,62|11,53|53,76|16,61|11,31|11,64|11,99|12,77|31,35|67,41|38,54/11,95=11,53,76,86,95
26,82|35,71|60,42|73,92|34,61|92,50|44,11|61,29|42,88|88,65|78,81|94,40|81,26|35,78|71,73|29,17|11,94|35,44|35,34|35,60/35,65=35,60,42,88,65
99,8|15,56|48,99|73,85|66,48|95,17|66,76|86,94|66,38|8,88|85,33|17,36|38,95|60,15|66,73|76,60|14,86|66,14|33,72|94,68/66,68=66,14,86,94,68
12,90|46,35|4,64|45,4|52,50|50,2|16,12|64,97|10,7|45,57|41,16|7,36|3,1|45,80|80,10|45,3|97,96|1,46|45,41|57,52/45,36=45,80,10,7,36
50,39|52,49|18,38|49,71|42,91|48,87|50,21|38,48|91,89|39,36|36,35|50,42|81,51|37,52|51,63|50,18|89,30|50,37|35,22|21,81/50,63=50,21,81,51,63
61,3|42,24|77,99|92,51|47,54|36,93|51,61|64,49|44,14|82,64|24,36|82,42|14,77|38,47|62,0|82,38|82,92|49,62|54,71|82,44/82,0=82,64,49,62,0
44,48|18,49|12,34|36,15|18,4|81,16|46,88|18,12|39,36|66,50|90,23|88,44|4,54|18,46|54,81|49,39|23,93|34,66|25,90|18,25/18,50=18,12,34,66,50
51,74|73,22|35,44|35,72|42,97|45,49|74,25|33,99|35,10|97,33|72,63|5,60|25,11|36,73|63,5|35,51|10,36|49,92|35,42|44,45/35,11=35,51,74,25,11
94,45|59,85|91,66|36,40|71,6|64,59|72,9|5,57|40,5|36,72|67,91|36,15|75,71|66,14|9,94|15,64|6,25|36,75|36,67|57,65/36,14=36,67,91,66,14
2,36|36,51|2,27|27,67|2,50|50,54|41,39|5,98|80,64|34,70|2,5|7,48|30,29|67,87|87,52|54,80|98,41|70,30|51,7|2,34/2,52=2,27,67,87,52
76,4|58,67|88,1|67,62|1,58|12,73|88,71|71,17|49,16|33,87|51,24|8,78|24,76|17,49|88,12|88,79|88,51|79,97|97,8|73,33/88,4=88,51,24,76,4
13,90|75,49|72,71|71,55|56,84|55,20|56,94|91,95|38,75|94,85|95,18|67,66|84,67|85,13|56,2|2,38|66,98|56,72|60,91|56,60/56,18=56,60,91,95,18
15,63|37,97|81,73|31,83|94,58|58,74|31,72|27,4|72,79|50,81|31,37|73,25|97,20|31,50|20,40|83,94|31,15|63,48|48,85|79,27/31,74=31,83,94,58,74
83,90|25,83|77,99|38,72|27,33|39,1|44,77|75,45|39,25|90,12|72,27|37,51|39,66|16,37|39,65|26,75|1,44|39,38|65,26|66,16/39,99=39,1,44,77,99
88,91|85,24|32,85|91,18|94,48|79,50|32,15|18,53|46,79|30,78|32,3|97,13|32,88|32,46|13,84|50,52|15,2|24,30|2,94|3,97/32,78=32,85,24,30,78
82,93|71,87|37,60|37,5|98,34|87,30|60,14|37,82|14,24|93,41|41,79|5,71|35,92|37,21|4,35|24,89|84,98|21,4|49,84|37,49/37,79=37,82,93,41,79
95,89|68,71|81,68|95,23|1,52|52,22|59,41|23,77|55,72|22,83|95,1|89,59|95,26|41,97|78,63|95,18|94,78|18,94|26,81|77,55/95,72=95,23,77,55,72
31,96|82,66|74,13|92,83|79,49|40,15|92,16|62,78|36,34|83,62|92,47|49,82|47,74|92,31|13,7|34,97|16,36|96,40|92,79|78,93/92,15=92,31,96,40,15
84,69|53,14|95,26|84,74|5,95|14,61|74,75|84,53|62,33|22,76|84,22|45,39|10,86|61,36|84,10|75,62|65,80|86,65|76,45|69,5/84,39=84,22,76,45,39
0,40|32,90|39,1|20,47|55,22|4,30|90,55|32,23|32,61|23,39|33,59|61,57|22,85|32,0|32,64|21,4|40,20|57,33|1,5|64,21/32,30=32,64,21,4,30
55,33|39,54|33,13|76,91|54,53|83,65|81,20|14,81|20,90|87,2|53,62|13,47|76,39|76,14|76,83|2,71|65,3|76,55|91,87|3,84/76,62=76,39,54,53,62
34,6|95,68|55,92|38,2|36,37|68,97|86,93|74,22|34,56|56,95|22,14|34,38|65,88|2,36|92,29|34,74|6,55|93,65|14,59|34,86/34,29=34,6,55,92,29
73,93|73,78|78,52|93,77|73,24|73,66|73,68|16,40|77,49|68,92|52,16|49,88|98,94|23,9|12,23|92,84|66,12|94,0|84,29|24,98/73,29=73,68,92,84,29
90,71|93,66|57,53|28,57|37,89|95,42|50,37|50,17|23,28|72,95|56,29|50,56|29,90|50,23|89,43|50,93|66,22|22,47|43,55|17,72/50,71=50,56,29,90,71
12,96|35,75|78,44|55,32|76,5|76,53|68,55|53,56|63,12|76,35|5,63|67,11|56,78|75,9|97,68|9,94|11,36|88,67|76,97|76,88/76,94=76,35,75,9,94
64,56|31,88|56,17|7,42|57,2|54,39|64,54|17,8|44,7|42,11|16,57|39,31|46,16|37,67|64,44|64,46|64,32|32,37|8,12|67,72/64,72=64,32,37,67,72
33,32|45,33|18,39|54,9|38,89|89,4|45,76|9,97|45,10|76,38|67,68|60,0|45,54|97,66|10,41|32,63|45,67|63,27|68,18|41,60/45,27=45,33,32,63,27
67,46|47,64|67,97|20,45|67,62|62,70|5,83|37,47|70,74|67,16|33,1|97,33|45,82|16,20|74,35|46,5|67,37|83,77|1,39|64,54/67,54=67,37,47,64,54
55,34|71,29|29,41|98,53|42,55|45,74|13,64|56,71|42,13|34,98|1,37|64,28|28,92|42,40|42,56|74,9|48,1|42,33|33,45|40,48/42,92=42,13,64,28,92
43,59|73,35|2,8|69,39|43,26|43,51|43,73|59,6|44,21|3,44|98,86|12,27|43,36|35,2|51,98|36,3|86,72|27,5|26,12|6,69/43,8=43,73,35,2,8
49,54|74,49|81,98|19,22|5,19|22,55|46,44|14,97|62,32|44,16|97,60|98,74|81,14|81,21|21,40|81,39|40,62|39,46|60,58|81,5/81,58=81,14,97,60,58
7,9|9,61|88,78|7,93|7,28|78,22|16,76|46,88|31,80|61,86|93,48|39,60|86,11|80,16|27,51|34,39|7,46|7,31|48,27|28,34/7,11=7,9,61,86,11
64,68|39,69|55,9|73,53|47,2|45,70|39,85|39,5|13,12|39,13|2,10|12,55|68,28|79,45|5,6|70,96|6,73|85,64|69,47|39,79/39,10=39,69,47,2,10
66,84|91,66|28,52|95,12|47,43|21,91|78,47|95,78|12,85|25,2|95,82|98,76|85,28|95,21|59,97|95,98|82,59|43,35|97,90|76,25/95,35=95,78,47,43,35
86,96|3,55|46,86|91,34|63,90|46,79|38,42|34,38|79,76|96,35|15,94|58,63|18,15|46,18|76,3|46,58|46,91|35,21|94,88|90,82/46,82=46,58,63,90,82
16,38|12,20|20,47|87,73|10,16|75,12|90,66|24,34|80,67|10,75|67,6|34,94|6,33|10,31|10,80|38,90|86,87|31,86|84,24|10,84/10,94=10,84,24,34,94
8,41|63,89|19,23|40,63|19,81|31,60|98,36|68,29|29,10|88,43|17,98|89,87|19,40|19,68|19,31|23,17|10,72|81,88|60,8|43,54/19,72=19,68,29,10,72
42,83|52,93|19,36|46,43|85,1|97,52|26,2|46,97|21,26|11,7|43,19|71,21|36,6|46,55|46,11|1,8|46,71|7,42|93,15|55,85/46,2=46,71,21,26,2
97,25|82,22|41,98|41,44|55,29|41,58|95,23|23,65|41,97|98,43|48,55|44,95|58,1|29,93|41,48|85,79|25,61|43,85|1,82|61,84/41,84=41,97,25,61,84
53,55|17,53|2,77|40,70|26,51|78,66|7,50|78,61|78,80|61,37|36,68|80,17|58,36|78,7|66,58|13,19|37,40|19,26|50,2|78,13/78,51=78,13,19,26,51
15,63|37,97|81,48|31,83|94,58|58,74|31,72|27,4|72,79|50,81|31,37|48,85|97,73|31,50|73,25|83,94|31,15|63,20|20,40|79,27/31,74=31,83,94,58,74
97,53|24,10|88,39|84,26|14,86|86,45|84,13|26,97|45,61|40,56|53,80|39,44|84,40|13,24|10,60|56,50|12,88|84,12|50,4|84,14/84,4=84,40,56,50,4
19,14|19,40|54,10|75,54|14,65|36,67|40,88|19,13|19,36|65,89|89,78|67,4|51,39|13,75|88,51|30,45|19,30|45,74|74,77|4,60/19,77=19,30,45,74,77
11,56|28,69|90,1|47,12|93,82|16,74|90,16|12,93|90,18|74,76|37,61|76,68|90,37|69,38|61,11|1,45|45,96|96,67|18,28|90,47/90,56=90,37,61,11,56
17,0|99,43|32,61|63,94|29,33|75,27|88,32|88,80|12,99|27,77|88,98|80,17|77,67|0,93|88,75|98,63|88,12|61,29|43,64|94,44/88,44=88,98,63,94,44
16,56|13,5|45,94|38,58|20,38|81,84|81,13|58,1|5,11|90,73|68,45|94,89|81,20|81,65|7,16|81,68|36,90|65,36|84,7|11,62/81,89=81,68,45,94,89
95,68|61,95|22,41|61,71|71,27|92,35|61,31|65,81|61,22|41,76|76,3|11,93|68,92|27,65|2,45|61,87|31,74|55,2|74,11|87,55/61,3=61,22,41,76,3
75,17|60,41|46,10|24,75|17,98|76,65|35,80|12,46|63,58|8,12|0,22|76,8|22,63|76,0|76,60|65,35|80,78|41,70|70,97|76,24/76,78=76,65,35,80,78
50,4|74,93|4,6|99,5|17,80|33,85|10,99|63,10|2,83|85,46|33,26|93,2|41,23|33,63|33,73|33,74|26,50|46,17|73,41|23,79/33,5=33,63,10,99,5
47,21|56,66|24,42|67,10|79,47|21,45|41,60|10,12|81,41|95,0|12,23|81,95|81,20|42,97|0,56|20,24|60,5|5,44|81,67|81,79/81,66=81,95,0,56,66
66,77|52,83|66,73|54,30|66,72|91,69|37,10|67,54|66,67|60,37|34,17|72,52|77,60|99,76|66,99|83,16|30,33|76,91|73,34|17,80/66,33=66,67,54,30,33
39,10|90,44|10,93|62,63|62,92|33,27|44,97|22,45|62,22|92,23|45,1|62,90|97,16|1,29|63,39|59,33|78,79|62,69|69,59|23,78/62,29=62,22,45,1,29
89,56|15,35|35,2|25,6|95,82|28,65|78,21|86,50|86,78|86,25|58,3|86,62|50,89|12,15|6,28|3,55|62,58|21,95|56,39|86,12/86,2=86,12,15,35,2
89,19|1,85|86,17|63,2|3,1|21,62|30,89|74,22|3,76|85,86|3,63|2,95|95,8|3,54|54,66|14,30|76,74|66,21|22,55|3,14/3,8=3,63,2,95,8
32,34|83,10|43,28|85,9|87,93|87,81|66,22|34,66|84,43|33,83|9,21|31,85|87,84|93,33|87,31|87,32|19,97|81,19|28,50|97,64/87,22=87,32,34,66,22
39,62|85,38|78,13|38,3|51,25|78,23|13,51|23,94|94,39|78,42|72,8|15,69|78,72|69,59|10,80|78,70|8,10|42,15|70,85|25,47/78,80=78,72,8,10,80
20,62|41,86|32,78|74,48|93,32|58,93|22,47|48,53|4,99|4,58|4,22|4,7|1,16|86,96|7,74|4,50|47,20|99,41|50,1|16,95/4,95=4,50,1,16,95
54,91|75,25|9,87|91,79|14,58|85,0|30,72|85,59|59,64|40,54|85,75|85,40|5,14|11,9|6,11|85,6|64,83|0,5|25,30|83,43/85,72=85,75,25,30,72
22,30|67,93|67,62|17,94|16,1|93,9|4,37|62,22|67,4|30,66|67,92|9,73|92,17|23,69|73,47|94,63|67,16|37,8|8,97|1,23/67,66=67,62,22,30,66
9,29|27,38|18,6|99,27|7,90|6,39|88,46|81,95|42,9|88,99|97,78|95,97|38,59|29,83|88,81|86,7|88,42|39,58|88,18|46,86/88,59=88,99,27,38,59
76,85|74,69|0,47|11,0|15,11|93,74|98,24|77,21|70,99|21,93|24,48|85,68|77,70|77,98|77,76|68,63|99,78|77,15|48,5|78,45/77,47=77,15,11,0,47
33,41|63,60|29,80|11,94|13,44|94,18|41,38|83,63|40,47|52,40|38,8|68,13|44,53|9,11|60,29|83,49|83,9|83,68|49,52|83,33/83,8=83,33,41,38,8
16,44|11,75|58,60|24,58|95,2|88,66|88,23|49,73|88,42|23,95|2,55|42,49|73,94|66,79|60,22|19,64|75,16|79,19|88,11|88,24/88,64=88,66,79,19,64
77,7|37,47|21,6|47,15|34,42|92,37|0,82|12,0|21,93|21,92|82,18|93,77|7,29|74,34|26,44|33,26|6,74|61,33|21,12|21,61/21,15=21,92,37,47,15
64,56|57,2|56,17|7,42|8,12|54,39|64,54|17,31|44,7|42,11|16,8|39,57|46,16|37,67|64,44|64,46|64,32|32,37|31,88|67,72/64,72=64,32,37,67,72
2,49|86,23|32,38|99,92|47,66|41,91|92,41|66,88|38,2|73,98|32,99|9,79|98,45|32,57|49,74|81,73|79,86|32,81|32,9|57,47/32,88=32,57,47,66,88
68,33|85,52|92,88|20,68|96,63|16,6|45,7|96,0|96,16|6,72|96,80|7,81|95,45|0,92|63,20|80,85|52,15|88,23|96,95|72,27/96,27=96,16,6,72,27
59,61|59,13|61,24|89,84|7,16|4,28|70,11|19,36|59,85|85,89|58,48|13,7|24,4|47,70|16,83|11,72|59,58|84,30|59,47|48,19/59,72=59,47,70,11,72
90,45|99,88|5,80|47,55|74,23|52,86|86,20|47,17|45,31|17,12|31,64|47,19|88,91|47,90|47,36|12,5|36,6|55,52|19,99|6,74/47,23=47,36,6,74,23
39,28|87,21|87,29|28,12|45,11|87,8|87,25|61,6|67,90|32,5|94,61|25,39|10,45|90,32|40,27|21,94|29,40|87,67|27,50|8,10/87,50=87,29,40,27,50
38,36|11,80|38,50|38,69|1,47|36,11|66,54|74,97|89,1|54,88|51,57|80,55|25,98|38,13|69,66|57,83|38,25|50,89|13,51|98,74/38,83=38,13,51,57,83
64,22|9,80|64,74|92,57|90,9|84,93|71,77|32,71|35,84|99,14|57,78|14,70|22,92|64,6|64,90|70,51|64,99|74,35|6,32|80,69/64,78=64,22,92,57,78
69,68|56,36|82,56|1,37|3,45|45,17|96,46|37,96|1,40|8,69|11,73|1,82|73,58|68,92|1,5|40,11|1,8|46,24|5,3|36,9/1,17=1,5,3,45,17
28,72|98,38|69,35|98,71|8,99|98,88|14,54|71,4|88,44|38,8|77,69|79,14|50,87|99,21|35,32|44,28|98,77|98,83|4,50|83,79/98,72=98,88,44,28,72
80,99|47,32|80,56|28,24|72,86|80,47|46,76|40,62|62,23|61,81|80,51|56,40|32,83|45,28|80,46|99,61|83,34|76,72|81,27|51,45/80,86=80,46,76,72,86
64,14|62,63|11,86|86,51|4,44|59,53|4,89|57,97|89,62|44,59|53,12|72,49|4,11|81,69|51,19|4,72|63,6|4,81|69,64|49,57/4,14=4,81,69,64,14
57,25|90,24|15,48|67,57|26,99|19,90|26,15|31,88|26,29|26,64|26,11|29,67|52,21|68,63|77,52|99,68|11,19|64,77|63,80|48,31/26,88=26,15,48,31,88
75,55|16,25|52,16|29,81|81,38|96,2|7,90|38,17|90,4|9,37|13,96|9,94|35,13|9,7|37,52|94,75|55,85|9,35|9,29|4,83/9,25=9,37,52,16,25
88,16|58,69|12,25|88,29|89,84|29,1|88,77|88,20|88,89|69,97|16,7|1,49|49,41|20,58|43,8|76,12|77,76|42,74|84,42|7,43/88,25=88,77,76,12,25
2,10|72,58|10,64|79,14|57,26|37,17|79,52|14,37|74,98|29,25|52,30|79,29|49,60|60,57|79,49|30,72|25,74|17,99|64,34|79,2/79,34=79,2,10,64,34
70,19|11,46|83,37|68,72|17,83|65,60|47,32|72,2|11,17|11,18|46,47|32,99|60,6|18,75|2,50|37,55|11,65|75,70|6,80|11,68/11,19=11,18,75,70,19
72,78|78,25|10,41|35,10|90,64|59,58|36,3|33,59|25,65|3,67|73,62|28,35|76,90|73,72|64,19|62,33|73,28|73,76|73,34|34,36/73,65=73,72,78,25,65
28,84|11,47|72,80|84,27|80,29|91,40|15,11|33,38|38,89|27,79|33,28|12,72|6,55|40,50|89,6|33,93|33,12|47,3|93,91|33,15/33,50=33,93,91,40,50
43,71|45,67|95,96|96,42|60,84|17,81|94,43|67,17|45,94|53,60|71,50|66,4|20,40|81,21|45,20|40,66|84,56|45,85|45,53|85,95/45,21=45,67,17,81,21
68,77|67,75|0,24|92,67|98,83|61,12|12,14|83,0|61,78|80,10|10,21|14,56|61,38|73,68|56,71|61,80|21,25|78,73|38,92|61,98/61,24=61,98,83,0,24
27,68|22,99|59,24|40,3|12,49|40,59|99,0|40,37|37,64|3,22|82,73|24,7|40,29|64,12|7,80|62,82|29,62|40,60|60,27|68,41/40,80=40,59,24,7,80
27,36|28,87|95,6|84,85|95,61|61,57|17,72|20,37|36,90|95,46|32,17|85,59|90,76|46,32|95,27|57,20|95,51|51,41|6,84|41,28/95,37=95,61,57,20,37
71,50|37,57|29,18|76,92|89,64|92,34|26,89|9,37|18,43|68,71|68,77|68,76|68,26|64,87|50,2|2,17|32,29|68,32|34,47|77,9/68,43=68,32,29,18,43
65,47|16,65|50,62|37,50|29,9|57,90|57,77|47,51|55,17|57,82|57,16|90,29|57,23|82,8|23,55|17,79|9,3|77,37|8,58|58,4/57,4=57,82,8,58,4
21,95|21,27|65,55|92,11|11,87|50,65|72,64|29,48|21,41|86,34|27,62|35,26|95,50|62,29|87,6|21,72|21,92|64,35|41,13|13,86/21,48=21,27,62,29,48
47,99|70,60|47,63|58,71|60,94|40,49|71,88|67,56|10,6|27,70|99,58|47,22|6,67|20,39|63,95|22,37|47,27|95,40|37,20|47,10/47,49=47,63,95,40,49
92,82|70,51|52,59|70,92|27,0|70,21|13,5|70,23|41,96|5,65|11,27|21,41|96,43|70,15|23,14|14,52|60,37|82,60|51,13|15,11/70,65=70,51,13,5,65
2,37|25,44|25,24|25,46|48,13|24,88|5,4|25,86|44,49|46,26|31,5|35,93|1,16|88,35|26,2|43,31|82,1|49,48|86,82|25,43/25,93=25,24,88,35,93
73,83|48,73|96,91|23,78|60,65|57,45|48,96|8,23|55,62|45,34|91,55|78,67|48,57|48,8|39,87|83,37|34,30|65,39|37,33|48,60/48,87=48,60,65,39,87
48,41|3,47|70,55|19,48|81,52|82,6|79,81|97,16|97,3|97,19|43,73|55,77|47,82|13,79|97,70|97,13|16,43|41,60|73,75|77,78/97,75=97,16,43,73,75
62,93|93,12|99,25|18,91|40,44|31,62|51,47|12,0|43,6|56,21|21,41|44,43|14,90|31,40|47,18|25,14|31,56|41,9|31,99|31,51/31,90=31,99,25,14,90
63,95|78,62|74,55|95,8|63,15|63,75|76,26|68,36|46,31|38,73|15,5|82,46|63,44|62,76|44,82|8,38|5,68|75,74|55,42|63,78/63,42=63,75,74,55,42
47,38|83,88|43,87|89,83|74,41|41,47|88,45|92,28|99,78|42,63|74,70|74,89|38,37|87,92|7,15|70,5|74,7|5,42|74,43|15,99/74,37=74,41,47,38,37
57,94|80,70|14,48|9,57|38,88|80,16|19,73|24,51|80,64|53,59|64,9|16,12|12,19|59,24|70,38|66,14|88,76|3,66|80,3|80,53/80,73=80,16,12,19,73
54,85|52,64|41,4|34,0|34,38|19,29|64,17|34,86|25,32|17,98|0,22|22,54|4,30|38,41|33,66|34,25|32,19|34,52|53,33|86,53/34,98=34,52,64,17,98
59,2|73,92|64,12|60,22|53,5|95,32|53,60|74,64|53,65|89,73|91,62|22,91|56,89|2,54|53,74|12,93|23,95|65,23|53,56|5,59/53,62=53,60,22,91,62
33,71|68,73|31,33|59,89|75,11|34,17|17,54|50,59|11,86|77,80|77,31|80,75|54,96|77,34|39,68|77,50|89,3|71,10|77,65|65,39/77,3=77,50,59,89,3
47,45|34,69|15,47|56,14|9,44|33,95|88,86|95,77|17,15|44,56|33,17|33,9|77,34|35,68|40,23|33,28|23,88|68,4|33,40|28,35/33,69=33,95,77,34,69
7,12|21,66|15,74|21,38|11,0|79,94|86,67|76,75|77,72|21,76|74,11|44,25|66,7|21,79|12,5|58,44|38,58|75,86|94,77|21,15/21,25=21,38,58,44,25
85,5|66,67|87,50|39,43|28,91|69,28|85,10|88,87|79,15|15,39|99,66|91,1|85,99|63,16|54,63|67,46|10,54|85,79|5,88|85,69/85,46=85,99,66,67,46
64,94|17,35|70,80|41,25|86,33|94,26|25,0|9,41|3,17|46,51|18,31|64,9|26,18|72,86|64,3|35,58|64,48|48,72|80,46|64,70/64,31=64,94,26,18,31
15,8|40,63|72,36|15,86|15,79|51,95|15,1|1,56|33,51|75,59|63,58|15,35|59,39|50,49|79,33|8,75|35,40|36,18|86,72|56,50/15,58=15,35,40,63,58
66,10|87,45|98,65|86,14|14,89|4,87|25,98|25,42|5,53|84,86|45,47|42,5|53,61|21,58|25,28|25,84|65,66|28,21|25,4|58,29/25,61=25,42,5,53,61
87,57|30,84|64,75|95,64|7,42|39,55|32,82|4,12|84,7|42,11|5,0|78,95|0,32|30,87|30,78|12,39|8,86|57,8|30,5|30,4/30,75=30,78,95,64,75
83,23|23,0|85,8|28,96|57,28|15,83|15,57|98,67|15,71|15,98|67,31|0,88|31,35|96,89|66,85|77,80|71,66|75,95|80,75|15,77/15,89=15,57,28,96,89
83,67|32,83|21,71|15,30|2,38|32,2|38,21|36,54|30,80|20,36|63,16|14,23|32,28|16,79|32,0|28,63|89,15|32,89|0,20|67,14/32,79=32,28,63,16,79
92,38|52,92|37,43|45,89|38,90|90,35|43,7|52,94|42,11|52,17|72,42|94,37|17,53|53,45|52,95|12,18|95,12|11,26|18,10|52,72/52,7=52,94,37,43,7
82,98|49,97|51,96|6,82|66,87|90,48|42,22|48,66|35,92|13,38|51,8|79,49|8,42|96,6|85,79|51,85|92,13|51,90|22,16|51,35/51,98=51,96,6,82,98
61,21|19,61|99,47|79,69|22,80|99,43|2,59|96,27|43,53|26,15|47,26|27,79|21,54|70,2|99,19|15,10|53,22|66,70|99,66|99,96/99,80=99,43,53,22,80
38,15|58,41|20,34|42,1|49,60|58,53|53,61|43,42|22,67|58,22|58,98|1,50|58,43|98,96|61,38|41,56|96,20|56,49|67,23|23,88/58,34=58,98,96,20,34
25,45|74,15|5,86|42,81|29,1|65,37|30,5|40,27|1,42|97,98|86,23|97,30|97,29|37,25|97,69|98,31|15,52|31,40|97,65|69,74/97,52=97,69,74,15,52
70,6|5,76|81,33|76,13|47,5|80,40|30,85|41,81|15,36|85,66|78,15|66,59|78,47|78,29|78,8|78,30|36,80|72,70|29,41|8,72/78,33=78,29,41,81,33
61,38|10,90|89,57|52,61|52,97|62,33|52,89|17,9|43,30|33,98|57,50|9,4|52,62|97,17|52,43|30,10|50,56|98,93|38,75|75,94/52,4=52,97,17,9,4
7,42|64,70|56,64|88,9|86,35|35,78|78,99|26,93|7,56|44,26|7,86|61,33|85,61|36,44|48,88|70,66|19,85|7,19|42,48|7,36/7,33=7,19,85,61,33
57,77|84,99|35,73|73,81|74,65|78,31|61,8|62,40|35,78|11,74|35,62|40,84|18,57|29,11|77,45|81,61|35,29|49,50|31,49|35,18/35,8=35,73,81,61,8
28,67|96,43|71,79|98,52|96,28|43,99|96,17|81,97|97,30|96,47|47,70|67,80|80,32|17,71|70,98|96,81|30,40|99,37|79,50|37,66/96,66=96,43,99,37,66
38,61|8,41|38,98|71,36|12,25|33,12|98,71|64,94|45,83|61,51|50,33|83,92|38,8|14,81|72,45|41,14|38,72|36,54|51,64|38,50/38,25=38,50,33,12,25
7,25|5,67|98,96|73,13|7,52|21,66|96,99|61,26|99,43|7,42|7,98|9,21|7,79|16,5|25,61|79,9|26,78|13,63|42,16|52,73/7,66=7,79,9,21,66
17,30|76,38|53,4|92,65|4,12|30,36|3,63|26,92|65,24|0,76|36,77|12,68|3,17|9,31|3,9|28,62|63,0|3,53|3,26|31,28/3,77=3,17,30,36,77
38,54|1,48|54,62|0,11|19,64|19,38|53,47|11,7|41,56|40,80|56,1|45,0|80,67|19,45|85,40|19,85|64,53|62,69|19,41|47,27/19,48=19,41,56,1,48
67,2|13,77|97,78|49,30|17,99|67,97|26,17|67,29|43,23|90,13|78,40|67,65|65,22|29,90|40,10|22,49|74,43|67,26|2,74|99,7/67,23=67,2,74,43,23
70,68|29,95|3,63|95,3|38,44|33,14|96,51|1,65|46,96|41,46|70,41|65,9|70,33|70,82|68,1|70,29|14,38|82,54|0,57|54,0/70,51=70,41,46,96,51
3,96|96,17|34,79|40,97|39,88|90,53|1,90|1,3|17,42|97,39|10,45|1,40|1,25|1,33|79,95|25,8|15,71|53,15|33,34|8,10/1,95=1,33,34,79,95
95,11|52,57|96,45|73,38|95,18|7,84|57,15|95,53|13,20|20,28|85,82|18,13|95,52|95,73|99,96|11,76|76,85|53,99|38,7|15,55/95,82=95,11,76,85,82
50,96|80,74|6,54|37,80|3,43|24,57|50,87|5,95|98,3|50,24|87,98|50,13|8,70|50,37|57,8|42,6|96,42|13,18|18,5|74,27/50,54=50,96,42,6,54
60,57|59,67|99,75|47,82|75,72|99,59|99,47|72,88|10,68|45,15|22,29|58,14|68,58|29,60|88,37|67,45|99,10|12,81|82,12|99,22/99,37=99,75,72,88,37
49,76|28,7|48,78|4,48|4,18|4,28|67,19|78,67|7,2|76,16|99,49|5,51|4,99|80,5|18,96|4,32|2,3|96,11|32,80|11,40/4,3=4,28,7,2,3
19,94|32,76|1,24|16,53|19,16|54,66|13,54|76,93|19,98|53,6|29,77|98,28|19,78|6,17|19,32|93,79|28,1|94,18|78,13|18,29/19,77=19,94,18,29,77
15,92|85,16|47,15|61,14|66,48|92,32|58,66|85,29|73,34|19,56|77,24|53,73|16,58|85,47|85,30|29,53|85,77|30,93|93,19|24,61/85,48=85,16,58,66,48
93,85|48,18|48,64|64,72|67,94|14,33|72,93|53,3|48,39|18,22|33,78|3,16|78,74|15,32|48,14|80,53|22,15|94,86|39,67|48,80/48,86=48,39,67,94,86
59,47|47,36|34,32|72,9|31,17|24,48|9,91|28,6|17,28|62,34|62,8|8,24|62,22|48,81|32,30|53,72|62,31|22,59|30,38|62,53/62,36=62,22,59,47,36
13,24|39,93|97,15|45,43|71,65|72,80|39,86|39,72|3,88|86,68|39,19|12,32|80,3|43,12|65,49|39,45|68,97|19,18|93,71|18,13/39,32=39,45,43,12,32
84,58|27,77|55,13|52,55|16,6|72,52|58,78|27,22|22,39|76,97|23,81|27,16|39,51|77,84|51,88|81,38|38,7|27,23|27,72|6,76/27,88=27,22,39,51,88
90,55|48,32|39,17|55,29|39,58|42,3|39,90|75,28|69,22|29,68|39,83|54,69|3,38|39,42|83,48|32,45|38,60|58,75|28,7|17,54/39,68=39,90,55,29,68
93,3|15,20|85,93|54,2|81,45|90,51|25,54|56,85|59,81|89,62|45,72|89,32|51,52|0,15|52,13|89,90|62,0|89,59|32,25|89,56/89,2=89,32,25,54,2
61,81|78,42|41,71|41,78|69,76|72,15|58,69|81,93|42,72|14,22|41,61|71,99|32,2|51,5|99,14|41,58|41,51|5,32|76,34|93,80/41,2=41,51,5,32,2
58,37|96,70|19,97|98,12|58,42|58,63|37,96|58,18|73,19|58,3|3,64|18,61|42,98|70,65|63,73|64,84|12,57|36,33|61,36|84,59/58,33=58,18,61,36,33
57,79|11,9|58,2|58,54|58,93|58,32|58,98|54,85|79,81|93,91|98,25|2,59|91,94|59,11|77,73|25,12|85,77|94,60|12,0|32,57/58,81=58,32,57,79,81
53,98|65,12|27,42|30,58|5,52|61,50|30,62|12,54|33,93|30,27|50,94|28,5|4,61|58,28|0,37|30,4|42,53|62,65|37,33|30,0/30,54=30,62,65,12,54
70,12|70,60|73,45|45,39|80,50|11,53|66,35|70,65|35,49|89,73|61,17|60,66|65,80|12,11|50,5|72,61|70,89|70,23|23,72|53,54/70,5=70,65,80,50,5
87,5|93,27|10,83|99,74|84,76|99,94|27,34|32,72|99,56|99,23|5,44|94,87|55,93|66,10|91,32|20,84|74,66|23,91|99,55|56,20/99,34=99,55,93,27,34
49,20|33,72|79,42|3,38|55,45|72,28|49,33|38,44|17,22|49,17|20,79|49,78|46,87|44,52|28,65|42,63|22,46|49,3|78,55|45,93/49,63=49,20,79,42,63
50,89|53,57|63,55|99,79|75,50|89,83|28,9|57,77|40,99|37,28|79,29|63,37|63,40|55,73|11,76|63,53|63,75|73,11|77,46|9,4/63,46=63,53,57,77,46
72,59|53,45|30,5|87,72|16,78|1,58|1,87|50,53|66,16|1,50|22,28|60,66|45,7|20,22|75,30|61,20|1,60|58,75|1,61|59,27/1,28=1,61,20,22,28
58,99|50,23|0,97|92,58|62,87|25,12|87,82|23,64|31,0|99,19|45,31|28,13|16,1|28,92|12,16|13,62|28,45|30,50|28,25|28,30/28,97=28,45,31,0,97
68,46|5,32|81,18|7,66|85,21|1,3|73,1|86,5|98,22|75,56|21,68|22,16|98,39|98,86|98,81|32,51|98,85|16,7|18,75|39,73/98,46=98,85,21,68,46
9,51|56,80|76,14|4,81|56,37|23,87|79,74|62,76|51,4|80,2|74,68|56,9|53,95|2,8|28,79|95,23|56,53|8,63|37,62|56,28/56,14=56,37,62,76,14
67,33|33,56|86,12|12,80|80,13|87,61|63,17|15,30|86,90|17,64|86,87|2,92|86,67|90,45|45,15|13,76|39,63|86,39|61,2|56,10/86,64=86,39,63,17,64
69,67|67,83|35,26|41,48|12,94|13,38|28,69|28,75|59,4|28,90|28,59|71,35|4,12|48,13|81,64|75,71|28,41|83,29|90,78|78,81/28,94=28,59,4,12,94
64,60|2,87|44,74|47,30|58,38|29,88|21,64|7,28|88,4|38,7|2,78|84,76|86,44|76,47|2,89|89,86|78,29|2,84|2,58|87,21/2,4=2,78,29,88,4
3,41|5,11|59,8|8,67|68,17|97,53|67,54|28,95|39,13|5,62|17,3|84,97|19,28|95,40|99,39|5,19|62,99|5,68|11,84|5,59/5,53=5,11,84,97,53
3,92|24,63|98,99|78,80|7,94|99,43|15,33|6,11|2,78|85,93|98,7|63,81|43,15|98,24|93,3|5,2|81,86|94,6|98,5|98,85/98,80=98,5,2,78,80
35,25|95,77|61,35|4,61|16,38|75,89|14,76|75,4|39,47|75,20|77,68|75,13|84,48|66,16|20,95|13,43|89,66|76,84|43,39|75,14/75,47=75,13,43,39,47
16,53|58,1|60,58|16,45|78,29|72,0|16,72|95,49|97,22|45,78|22,63|0,99|49,19|29,33|31,60|16,26|16,31|26,95|53,97|99,70/16,19=16,26,95,49,19
46,94|46,75|46,63|32,17|63,32|46,50|40,31|50,91|1,61|39,24|91,1|56,40|87,56|17,43|24,73|15,6|6,2|46,87|94,39|75,15/46,31=46,87,56,40,31
15,13|27,6|23,89|89,54|88,8|53,40|60,10|60,87|95,88|60,66|54,12|10,15|87,95|60,27|60,23|73,65|32,53|6,73|13,91|66,32/60,12=60,23,89,54,12
75,21|24,99|21,50|50,58|93,45|10,90|84,2|7,84|90,89|75,79|75,42|42,7|99,11|75,93|56,54|79,24|75,71|45,56|71,10|58,18/75,54=75,93,45,56,54
71,0|45,4|83,50|83,32|83,77|83,68|77,10|10,89|27,37|79,45|32,98|50,16|98,22|37,71|16,38|22,91|83,27|89,82|68,79|38,12/83,12=83,50,16,38,12
19,53|4,97|85,19|18,65|70,94|80,36|45,1|45,58|97,76|1,66|92,75|45,85|58,4|61,6|75,61|36,70|53,54|66,18|45,92|45,80/45,65=45,1,66,18,65
32,3|21,83|23,62|78,23|32,78|62,65|27,43|42,44|69,42|43,50|32,8|32,7|7,69|8,27|41,47|3,21|1,74|83,82|32,1|74,41/32,44=32,7,69,42,44
67,63|55,42|33,39|78,66|33,32|69,83|61,20|54,64|12,51|64,12|39,55|81,95|63,61|99,78|42,18|33,69|83,81|33,54|32,99|33,67/33,20=33,67,63,61,20
40,86|77,0|89,76|42,83|0,72|29,43|7,62|76,40|77,89|62,95|72,59|81,29|83,85|77,42|85,92|59,91|77,81|43,34|18,7|77,18/77,92=77,42,83,85,92
66,96|40,53|62,84|50,62|35,50|48,57|1,91|84,25|53,44|35,40|44,71|96,92|29,17|35,15|17,48|91,68|92,10|15,1|35,66|35,29/35,10=35,66,96,92,10
81,83|27,50|19,29|20,76|10,67|5,45|45,3|67,77|29,52|85,90|10,1|21,8|83,21|35,19|10,27|10,81|1,5|50,20|77,85|10,35/10,76=10,27,50,20,76
85,11|85,19|85,31|71,45|31,72|99,28|19,9|75,47|85,93|93,21|9,94|11,62|94,84|21,18|44,61|85,99|18,33|72,71|62,44|28,75/85,47=85,99,28,75,47
92,22|25,17|25,99|4,68|84,14|2,39|76,41|99,35|17,84|23,45|15,76|48,88|45,48|25,24|35,92|25,23|39,4|14,71|24,15|25,2/25,68=25,2,39,4,68
1,94|35,69|45,29|52,18|49,52|75,41|56,28|60,64|28,84|18,35|84,8|62,26|81,76|64,45|49,75|49,60|49,56|41,81|49,62|26,1/49,8=49,56,28,84,8
58,43|2,36|27,39|58,24|58,19|77,2|58,77|4,55|83,14|43,4|19,83|86,27|58,30|24,86|91,23|30,18|55,72|18,91|14,90|36,82/58,23=58,30,18,91,23
70,36|60,99|55,89|36,60|7,27|54,25|7,66|7,65|73,61|4,50|27,55|68,4|89,95|7,70|25,63|61,28|66,54|71,68|65,73|7,71/7,95=7,27,55,89,95
31,21|50,49|66,83|29,50|49,34|40,31|77,69|29,66|29,51|83,74|18,77|34,48|29,18|74,0|29,40|91,53|51,28|28,91|69,95|21,76/29,76=29,40,31,21,76
35,18|5,52|4,17|35,31|18,28|32,61|31,72|17,5|72,45|54,12|93,16|35,4|45,62|29,50|35,93|35,14|28,32|12,15|14,54|16,29/35,62=35,31,72,45,62
54,87|77,82|27,7|71,83|54,77|12,65|48,96|45,21|54,71|54,29|40,93|29,28|28,52|93,12|73,45|52,68|87,73|82,27|54,40|83,48/54,96=54,71,83,48,96
60,32|2,36|12,17|32,33|40,85|14,65|1,61|4,81|63,96|60,4|60,12|81,14|59,44|52,75|60,52|33,59|17,63|60,40|75,1|85,2/60,61=60,52,75,1,61
38,60|22,8|98,35|6,49|38,22|38,21|8,31|69,79|11,12|5,48|36,98|49,11|48,74|74,34|31,63|21,36|38,5|38,6|79,20|60,69/38,12=38,6,49,11,12
17,96|93,3|79,40|17,73|94,16|17,87|73,27|96,38|42,39|57,69|69,93|17,59|38,20|17,57|1,79|27,94|20,76|87,80|80,42|59,1/17,76=17,96,38,20,76
58,4|70,39|21,22|75,37|56,71|71,89|84,21|2,63|88,28|41,44|75,90|75,2|75,70|90,84|75,56|74,58|89,55|37,74|39,88|63,41/75,4=75,37,74,58,4
32,91|24,37|87,76|45,81|66,24|32,29|19,89|32,87|97,14|27,54|91,23|85,27|29,66|89,45|23,92|54,6|32,19|76,97|32,85|92,3/32,6=32,85,27,54,6
45,4|89,82|83,50|83,32|83,77|83,68|77,10|10,71|27,37|79,89|32,98|50,16|98,22|37,45|16,38|22,91|83,27|71,0|68,79|38,12/83,12=83,50,16,38,12
9,40|50,64|50,82|50,12|64,52|72,66|50,72|87,42|65,56|12,76|42,36|76,43|50,87|43,35|36,98|52,9|66,55|48,65|82,48|55,1/50,35=50,12,76,43,35
81,9|48,31|44,12|81,99|62,16|9,72|67,71|72,44|23,38|81,23|0,62|80,0|38,69|99,48|69,8|81,80|66,22|31,60|81,66|22,67/81,12=81,9,72,44,12
28,47|37,87|59,76|88,22|3,23|69,64|69,37|57,3|30,28|69,26|76,88|64,14|14,61|43,79|26,57|61,58|87,43|47,12|69,30|69,59/69,58=69,64,14,61,58
66,88|18,45|66,24|3,14|44,62|15,74|66,18|88,37|37,84|26,55|62,97|74,28|66,67|61,3|24,44|84,5|65,15|45,26|67,61|66,65/66,28=66,65,15,74,28
64,81|9,88|69,50|38,9|78,79|6,2|81,98|52,78|51,52|34,6|51,41|79,83|41,38|27,69|51,87|50,53|49,34|51,27|51,49|87,64/51,98=51,87,64,81,98
0,61|65,41|62,78|96,1|91,49|65,0|61,91|65,19|19,10|78,74|65,38|40,77|10,20|65,62|54,96|79,40|74,48|20,93|41,79|38,54/65,1=65,38,54,96,1
48,12|6,42|27,10|81,27|74,97|97,23|46,30|23,88|36,6|46,36|46,86|68,55|61,48|46,74|30,81|46,57|57,61|42,1|79,68|86,79/46,1=46,36,6,42,1
30,53|24,59|42,68|75,86|46,6|59,42|40,13|30,75|38,85|30,24|13,41|30,38|34,37|37,46|62,4|30,34|82,97|85,62|53,40|86,82/30,41=30,53,40,13,41
88,16|58,42|12,25|88,29|89,84|29,1|88,77|88,20|88,89|42,74|16,7|1,49|49,41|20,58|69,97|76,12|77,76|43,8|84,43|7,69/88,25=88,77,76,12,25
63,56|9,4|33,42|63,13|38,93|4,20|63,73|93,1|63,33|13,9|56,46|87,72|46,21|1,94|21,71|73,91|91,87|12,76|42,12|63,38/63,72=63,73,91,87,72
34,56|53,42|55,22|74,2|4,60|22,34|55,26|55,45|28,29|55,4|78,74|26,78|67,82|33,28|38,80|45,33|82,38|60,53|55,67|56,70/55,80=55,67,82,38,80
18,27|81,12|16,18|27,97|58,69|3,89|16,3|16,13|97,21|49,56|16,70|54,73|13,84|64,58|89,81|70,64|10,49|56,79|84,54|16,10/16,69=16,70,64,58,69
53,39|65,54|87,14|35,55|11,97|11,88|11,92|55,71|11,65|39,15|54,40|97,28|28,75|92,35|40,37|30,86|88,53|75,78|11,30|86,87/11,71=11,92,35,55,71
6,56|6,53|9,18|80,88|58,9|6,58|36,87|56,80|86,36|18,93|99,70|6,54|88,13|87,76|73,30|53,63|54,99|6,86|70,26|63,73/6,26=6,54,99,70,26
1,43|0,93|50,83|67,50|1,0|43,99|42,87|69,30|21,20|73,21|99,19|39,67|30,84|1,39|1,69|84,76|20,6|93,42|19,14|1,73/1,83=1,39,67,50,83
17,95|11,49|75,13|64,85|54,34|18,3|88,75|65,94|3,64|65,86|55,11|34,17|49,98|65,54|65,55|86,82|82,7|94,88|7,42|65,18/65,13=65,94,88,75,13
10,34|58,23|52,9|58,52|55,21|44,90|9,30|23,10|34,59|58,11|58,66|14,44|16,56|58,55|39,71|66,39|30,91|11,14|21,16|71,5/58,5=58,66,39,71,5
51,56|27,51|3,57|93,27|57,0|67,55|55,74|93,52|88,73|43,50|73,48|93,88|74,17|93,43|93,67|48,38|85,8|50,85|56,49|52,3/93,49=93,27,51,56,49
32,91|88,49|51,62|71,42|71,22|49,46|78,51|62,70|31,48|34,94|71,78|89,55|22,89|71,93|93,1|55,81|48,34|71,31|42,88|1,32/71,91=71,93,1,32,91
28,94|7,77|47,12|49,86|94,59|7,99|81,4|77,18|12,67|86,78|7,47|7,22|22,89|7,0|18,81|0,49|25,29|89,25|99,28|67,6/7,4=7,77,18,81,4
95,46|71,7|14,96|43,45|92,58|14,43|62,91|45,92|82,66|7,62|14,86|20,94|97,95|59,20|14,71|66,15|46,93|86,59|14,97|96,82/14,93=14,97,95,46,93
98,85|20,7|74,53|30,10|75,30|53,6|74,75|74,21|6,1|79,92|1,38|49,79|85,57|54,20|10,47|21,98|74,49|92,94|74,39|39,54/74,94=74,49,79,92,94
23,82|99,95|65,57|35,52|83,17|98,93|48,40|93,70|44,48|83,65|40,25|83,23|83,44|95,73|56,32|17,99|82,35|57,56|83,98|70,96/83,25=83,44,48,40,25
99,43|52,45|62,64|63,49|24,47|32,20|62,67|68,63|67,66|62,68|66,24|30,65|65,52|20,99|49,74|64,21|62,30|21,29|29,98|62,32/62,98=62,64,21,29,98
50,47|50,49|3,4|78,2|2,90|49,59|50,13|59,3|57,12|32,67|50,76|76,32|12,0|90,81|67,7|47,54|54,71|50,78|13,57|71,75/50,7=50,76,32,67,7
27,36|38,27|9,35|97,13|38,73|62,89|13,47|38,71|61,31|8,62|47,12|38,8|35,3|36,79|73,9|31,20|89,72|71,61|38,97|79,21/38,72=38,8,62,89,72
3,43|64,3|25,22|75,81|95,20|30,46|95,74|46,25|81,40|95,32|32,64|94,18|95,30|74,94|91,26|60,75|20,91|95,60|18,17|26,67/95,17=95,74,94,18,17
1,40|67,81|46,9|79,23|29,68|43,94|19,72|40,19|85,51|29,54|23,77|68,4|77,95|9,67|4,85|58,43|54,58|29,46|29,79|29,1/29,72=29,1,40,19,72
51,29|72,75|45,76|45,98|45,79|70,55|45,72|79,70|98,10|59,57|33,86|76,59|55,17|19,30|29,19|57,42|75,33|45,51|4,80|10,4/45,86=45,72,75,33,86
76,85|74,69|0,47|11,0|15,11|93,74|98,24|77,21|70,99|21,93|24,68|85,78|77,70|77,98|77,76|78,45|99,48|77,15|68,63|48,5/77,47=77,15,11,0,47
30,34|3,95|20,78|20,43|62,5|1,51|95,27|36,83|20,7|43,62|20,26|20,8|7,36|26,3|5,37|91,30|51,38|78,91|8,1|83,82/20,37=20,43,62,5,37
59,50|48,25|30,91|50,55|74,45|45,32|88,48|71,80|71,58|91,70|71,93|71,59|71,74|31,61|32,52|58,84|55,19|93,30|80,88|84,31/71,52=71,74,45,32,52
58,64|3,58|39,80|20,68|97,55|97,3|72,57|97,85|74,91|91,12|68,0|80,53|2,72|64,25|97,78|78,39|14,2|85,74|55,20|97,14/97,12=97,85,74,91,12
48,73|34,32|28,56|64,90|28,79|83,55|93,83|19,78|20,92|28,34|90,96|92,44|32,19|44,12|56,48|28,20|55,47|79,64|73,13|28,93/28,13=28,56,48,73,13
54,85|45,54|14,83|45,73|84,5|96,63|73,71|87,6|93,96|63,31|71,13|45,92|13,55|5,2|45,93|92,64|45,34|34,84|64,14|85,87/45,6=45,54,85,87,6
13,1|81,70|68,40|40,77|37,80|80,68|70,99|34,13|42,61|37,32|37,35|61,45|37,34|32,62|62,7|35,42|7,31|88,81|37,88|1,23/37,31=37,32,62,7,31
76,64|10,76|10,75|38,74|81,73|69,38|82,49|10,65|40,69|65,11|11,14|14,5|93,31|75,93|99,82|64,81|10,40|49,70|31,77|10,99/10,73=10,76,64,81,73
16,48|48,77|10,99|42,10|16,2|16,6|28,95|71,24|23,44|2,90|7,27|90,28|16,71|44,0|16,23|0,73|24,88|88,57|77,7|6,42/16,99=16,6,42,10,99
41,31|22,77|26,19|26,89|58,47|47,98|26,95|54,39|55,67|26,43|19,58|26,71|77,75|89,22|78,55|95,74|31,80|43,78|71,41|74,54/26,75=26,89,22,77,75
90,61|86,1|63,85|40,7|71,63|73,27|61,40|71,78|6,45|71,57|28,75|57,33|71,73|85,13|78,41|13,17|41,86|27,28|33,6|71,90/71,45=71,57,33,6,45
59,47|47,36|34,32|72,48|31,17|24,30|48,81|28,6|17,28|62,34|62,8|8,24|62,22|30,38|32,9|53,72|62,31|22,59|9,91|62,53/62,36=62,22,59,47,36
53,22|14,53|35,38|40,95|94,17|26,20|17,60|68,5|32,14|26,35|50,2|26,49|5,50|26,68|49,94|20,12|38,25|25,61|12,40|26,32/26,61=26,35,38,25,61
40,57|5,65|51,81|79,39|43,41|65,79|31,43|84,12|24,19|39,99|19,61|5,24|41,73|61,8|5,18|5,40|33,51|57,84|18,33|5,31/5,12=5,40,57,84,12
65,0|89,56|26,8|0,76|26,69|1,65|45,89|11,40|33,54|26,1|37,30|69,64|30,79|79,77|26,72|72,45|26,37|64,11|8,33|54,48/26,48=26,8,33,54,48
52,55|5,56|78,23|93,73|78,62|62,93|78,53|91,36|23,17|53,83|78,95|41,76|95,54|56,58|58,18|78,5|73,84|83,52|54,91|17,41/78,84=78,62,93,73,84
97,54|95,96|61,55|95,79|65,2|95,45|42,70|20,57|57,91|95,56|84,65|79,20|15,61|77,42|54,35|51,15|96,84|95,51|45,97|56,77/95,2=95,96,84,65,2
47,67|66,1|61,71|67,66|70,96|64,80|91,72|64,23|48,7|71,10|10,37|96,38|72,87|35,91|64,47|7,40|80,70|64,61|64,35|23,48/64,37=64,61,71,10,37
89,31|21,90|3,84|81,9|82,21|67,48|82,59|49,26|4,12|48,49|82,67|50,29|82,50|90,3|31,40|59,91|45,89|29,4|82,45|91,81/82,9=82,59,91,81,9
71,94|25,18|33,81|78,44|62,45|33,84|86,66|33,50|33,15|55,64|15,78|81,55|44,60|50,47|64,42|18,71|3,86|47,62|33,25|84,3/33,42=33,81,55,64,42
97,52|3,13|36,12|14,36|80,84|91,90|13,91|70,14|3,43|29,94|3,70|28,80|99,28|81,97|52,82|90,83|3,99|43,29|3,81|94,16/3,16=3,43,29,94,16
77,2|42,77|6,25|93,6|60,64|38,79|64,74|93,60|1,38|93,40|11,28|40,63|74,15|25,11|44,36|63,44|79,55|93,1|93,42|2,51/93,51=93,42,77,2,51
13,59|17,49|27,85|17,21|17,44|55,48|48,23|44,55|85,13|66,33|34,66|32,60|80,31|31,32|21,34|17,80|49,42|17,27|26,8|42,26/17,60=17,80,31,32,60
93,73|55,33|76,90|95,66|96,35|47,74|96,20|87,0|96,23|23,95|69,87|35,55|74,76|96,54|33,88|96,47|54,93|20,69|66,22|73,18/96,18=96,54,93,73,18
34,48|34,55|46,95|34,53|6,13|92,74|34,5|1,6|11,42|52,77|53,11|42,85|55,29|29,52|48,1|66,82|34,46|95,92|82,64|5,66/34,77=34,55,29,52,77
16,2|92,5|77,40|94,92|53,34|38,74|14,53|16,58|57,77|74,99|43,64|6,43|32,6|2,57|16,66|16,32|66,14|16,38|58,94|99,86/16,64=16,32,6,43,64
77,3|54,44|21,76|87,94|84,1|21,77|76,4|4,81|15,89|75,30|72,84|21,69|21,75|3,87|73,72|44,13|30,15|21,73|81,67|69,54/21,13=21,69,54,44,13
19,14|19,40|54,10|75,54|14,65|36,67|40,88|19,13|19,36|65,4|4,60|67,51|89,78|13,75|88,89|30,45|19,30|45,74|74,77|51,39/19,77=19,30,45,74,77
41,3|28,7|6,10|92,38|95,6|56,82|97,92|14,97|28,56|30,26|7,61|28,33|61,30|3,67|28,14|67,32|82,0|33,95|28,41|0,17/28,38=28,14,97,92,38
61,50|56,85|77,67|72,93|67,70|58,77|85,60|63,20|14,62|58,14|20,72|70,99|58,56|58,63|41,37|44,61|50,47|62,41|60,55|58,44/58,93=58,63,20,72,93
21,63|86,10|84,24|23,95|95,66|63,20|37,22|21,3|0,76|61,79|3,32|44,0|21,84|24,86|65,44|32,61|21,91|20,37|91,23|21,65/21,79=21,3,32,61,79
31,70|25,46|65,76|68,2|67,25|58,57|68,44|68,85|35,16|68,3|2,33|44,67|68,64|3,37|57,79|51,31|33,35|64,58|85,51|37,65/68,16=68,2,33,35,16
99,90|48,80|57,71|47,25|73,37|21,11|81,95|21,48|11,81|52,68|21,52|95,59|80,47|21,33|71,45|65,57|21,65|90,3|33,99|68,73/21,25=21,48,80,47,25
16,20|21,56|98,49|88,15|87,91|51,85|91,92|21,66|92,93|15,30|20,37|21,10|21,87|21,45|45,16|66,35|89,98|35,51|10,88|56,89/21,93=21,87,91,92,93
19,20|87,45|19,84|19,39|88,56|35,96|47,87|18,17|42,62|93,35|71,88|84,71|96,7|45,80|19,93|86,18|39,86|19,47|62,57|20,42/19,57=19,20,42,62,57
11,27|60,31|4,34|79,29|31,11|85,32|76,85|79,18|79,76|83,63|29,35|32,91|12,42|45,4|88,99|18,45|79,60|79,12|35,88|42,83/79,34=79,18,45,4,34
61,57|7,38|57,33|16,64|38,16|27,70|7,55|7,49|44,60|7,14|70,66|45,15|15,99|60,52|49,27|7,45|99,5|55,61|14,44|64,68/7,66=7,49,27,70,66
7,10|91,12|28,46|80,30|12,65|47,57|47,63|1,7|64,45|88,17|47,28|46,4|4,66|47,88|22,64|63,1|17,80|57,91|47,26|26,22/47,45=47,26,22,64,45
61,32|3,5|74,30|73,75|75,7|77,74|95,1|59,77|83,12|61,73|5,54|7,19|61,57|61,48|32,3|48,88|61,59|88,95|36,83|57,36/61,54=61,32,3,5,54
5,60|32,1|1,91|81,32|70,18|39,81|99,65|79,12|39,25|39,70|13,20|25,79|18,99|80,16|60,59|39,80|39,5|16,13|12,21|59,54/39,54=39,5,60,59,54
58,30|30,79|4,66|87,57|36,33|99,63|9,37|9,8|86,45|9,36|85,87|8,85|33,96|45,31|66,99|37,86|79,54|9,4|9,58|96,27/9,54=9,58,30,79,54
74,60|4,83|83,86|5,8|36,4|5,50|37,39|8,65|5,26|84,66|55,19|33,55|43,84|5,43|26,37|50,33|66,59|65,74|5,36|39,98/5,98=5,26,37,39,98
9,10|13,43|92,44|31,8|99,31|78,29|10,83|44,37|97,9|85,20|43,93|89,92|38,79|38,97|38,99|38,89|8,62|38,85|20,78|79,13/38,37=38,89,92,44,37
0,49|56,14|78,84|6,25|46,56|84,83|46,6|43,11|11,81|5,0|46,43|25,94|83,10|14,33|81,54|46,78|46,5|49,1|33,42|94,92/46,54=46,43,11,81,54
69,16|41,11|30,58|70,5|8,94|38,7|30,8|85,29|30,69|89,47|7,14|16,85|30,38|17,51|94,17|58,70|14,49|30,89|47,41|5,71/30,49=30,38,7,14,49
33,70|37,72|35,23|70,45|9,50|72,39|42,98|37,65|39,8|58,48|24,33|83,9|37,25|37,35|65,76|76,58|8,22|23,42|25,83|37,24/37,48=37,65,76,58,48
33,64|96,59|44,49|59,16|38,87|64,62|49,38|82,33|60,0|16,28|96,44|96,55|96,60|96,82|95,97|28,27|61,53|0,95|55,61|53,10/96,62=96,82,33,64,62
18,52|5,9|70,19|68,76|18,61|61,97|18,68|24,71|48,47|97,24|77,70|2,23|23,50|47,16|83,77|18,2|52,48|50,29|76,5|18,83/18,9=18,68,76,5,9
64,85|11,17|75,13|49,98|54,34|18,3|88,75|65,94|3,49|65,86|55,11|34,64|17,95|65,54|65,55|86,82|82,7|94,88|7,42|65,18/65,13=65,94,88,75,13
35,28|48,52|28,19|91,62|35,38|12,30|62,8|19,33|33,59|0,50|35,91|8,49|52,12|29,80|50,29|35,0|35,48|21,58|38,53|53,21/35,59=35,28,19,33,59
24,43|71,68|24,71|17,46|19,18|33,77|83,91|68,60|91,17|25,54|24,0|18,35|0,61|24,33|43,19|77,15|15,30|60,57|61,25|24,83/24,35=24,43,19,18,35
17,58|53,26|57,21|43,45|76,97|93,8|26,76|57,91|57,53|21,39|23,29|89,23|57,17|91,89|8,38|39,43|58,49|95,93|49,30|57,95/57,30=57,17,58,49,30
63,28|30,39|14,35|30,12|18,10|30,54|10,74|35,73|43,71|38,96|12,75|28,38|92,22|22,15|30,63|75,43|73,80|54,92|39,18|30,14/30,74=30,39,18,10,74
56,19|18,41|8,6|24,25|19,32|6,49|32,18|88,91|91,30|96,29|76,39|61,88|73,86|63,8|56,61|56,63|56,24|56,76|39,73|25,96/56,49=56,63,8,6,49
8,97|55,47|16,86|21,87|58,61|21,99|11,55|20,16|42,41|28,5|21,58|6,11|21,20|87,33|61,42|99,28|21,6|86,46|5,27|33,8/21,27=21,99,28,5,27
71,91|84,2|34,4|17,34|32,46|57,5|6,32|26,57|17,30|30,26|17,90|4,84|24,14|17,75|95,71|25,6|17,25|90,24|75,95|14,56/17,46=17,25,6,32,46
40,95|48,45|94,73|38,90|38,23|62,32|80,40|43,48|38,80|38,62|74,57|38,43|46,93|95,9|23,14|2,94|90,2|45,92|14,46|32,74/38,92=38,43,48,45,92
15,83|53,12|48,36|21,3|83,63|3,10|94,89|36,61|9,51|94,86|72,53|10,38|94,21|63,91|94,15|86,48|51,88|8,9|94,8|89,72/94,91=94,15,83,63,91
21,32|30,19|13,70|32,36|97,21|11,22|86,92|13,11|63,59|13,83|8,67|18,5|5,30|70,63|13,97|59,35|83,8|13,18|22,86|67,78/13,19=13,18,5,30,19
18,35|36,96|43,17|64,9|18,22|18,37|35,90|37,64|12,82|18,44|94,80|27,52|22,87|18,94|96,68|90,43|44,36|9,69|87,27|80,12/18,69=18,37,64,9,69
50,74|16,21|25,83|70,53|13,44|76,32|76,50|45,70|76,87|86,98|87,13|58,25|74,86|76,58|32,65|65,16|83,54|44,15|79,45|76,79/76,98=76,50,74,86,98
12,18|78,81|59,58|53,57|5,23|11,5|18,73|37,75|59,15|59,53|75,50|93,11|58,78|57,61|59,93|91,12|59,91|81,41|61,1|15,37/59,50=59,15,37,75,50
37,15|56,64|18,8|54,77|22,19|64,28|93,38|79,60|93,56|92,22|31,54|93,79|93,37|60,18|28,11|38,92|77,65|15,81|93,31|81,50/93,65=93,31,54,77,65
89,14|90,40|59,38|61,17|59,60|59,89|65,8|38,90|60,61|55,95|17,79|14,12|59,0|8,33|80,65|95,74|40,93|12,86|0,55|59,80/59,79=59,60,61,17,79
22,6|13,77|10,1|97,84|42,90|66,97|73,17|73,42|69,10|55,81|77,2|17,66|73,20|73,55|20,69|90,22|81,59|73,89|89,13|59,37/73,2=73,89,13,77,2
74,39|41,60|60,88|83,57|23,94|55,10|22,48|48,82|92,40|94,92|45,83|39,55|41,22|57,84|41,23|88,73|82,19|41,74|73,47|41,45/41,10=41,74,39,55,10
2,10|57,26|10,64|79,14|74,98|37,17|79,52|14,37|72,58|29,25|52,30|79,29|49,60|60,74|79,49|30,57|25,72|17,99|64,34|79,2/79,34=79,2,10,64,34
86,13|66,57|21,95|33,71|56,47|33,21|53,83|92,58|39,53|57,4|33,16|12,56|33,76|22,29|76,12|58,22|16,66|33,92|95,86|71,39/33,47=33,76,12,56,47
68,84|13,40|91,69|31,91|29,95|69,96|96,93|31,0|15,94|31,15|94,29|70,45|71,16|19,70|31,71|16,68|0,19|31,46|40,30|46,13/31,30=31,46,13,40,30
38,77|84,41|67,75|46,94|56,92|25,13|21,56|13,49|36,87|77,84|36,45|36,38|36,46|45,29|87,21|29,14|49,95|36,25|14,86|94,67/36,41=36,38,77,84,41
22,59|53,37|19,88|49,24|41,54|41,10|41,25|41,16|10,53|37,45|25,60|16,49|41,19|74,87|88,76|54,96|76,35|24,61|60,22|96,74/41,45=41,10,53,37,45
76,64|10,76|10,75|14,5|81,73|69,14|82,49|10,65|40,69|65,11|11,31|31,77|93,38|75,93|99,82|64,81|10,40|49,70|38,74|10,99/10,73=10,76,64,81,73
88,32|14,88|60,49|16,53|49,50|23,74|74,34|68,81|11,62|11,40|67,75|15,60|75,16|37,68|11,15|40,14|11,35|11,67|35,37|62,23/11,50=11,15,60,49,50
12,60|79,31|38,7|31,77|79,38|61,56|37,78|62,12|78,54|92,76|34,21|7,34|26,62|44,37|79,26|79,92|79,44|76,61|77,40|40,46/79,60=79,26,62,12,60
78,23|5,98|14,97|78,42|78,31|31,8|23,61|89,50|61,89|78,94|12,14|8,92|78,0|81,22|22,4|92,55|42,81|0,39|39,5|94,12/78,55=78,31,8,92,55
70,37|28,23|70,82|71,5|62,21|70,75|52,46|37,52|70,71|90,27|46,87|2,90|82,2|1,62|20,43|96,1|5,20|29,28|75,29|70,96/70,43=70,71,5,20,43
21,74|29,82|29,61|18,78|98,47|29,70|78,13|25,27|82,25|84,99|29,94|94,60|70,52|61,98|27,6|47,55|29,18|60,84|13,54|52,21/29,99=29,94,60,84,99
2,69|72,98|86,19|16,71|57,66|35,79|21,86|79,93|35,9|93,2|35,90|39,88|84,39|35,91|71,67|66,72|90,21|91,16|35,57|9,84/35,88=35,9,84,39,88
58,64|3,58|39,68|20,72|97,55|97,3|80,53|97,85|74,91|91,12|72,57|68,0|2,80|64,25|97,78|78,39|14,2|85,74|55,20|97,14/97,12=97,85,74,91,12
28,84|11,27|72,80|84,6|80,29|91,40|15,11|33,38|38,89|6,55|33,28|12,72|47,3|40,50|89,47|33,93|33,12|27,79|93,91|33,15/33,50=33,93,91,40,50
64,86|35,59|51,4|61,68|6,50|21,37|48,30|99,2|48,43|86,28|30,71|43,65|28,0|65,51|48,64|50,61|48,6|71,99|59,21|48,35/48,2=48,30,71,99,2
35,14|65,20|70,48|20,66|25,65|40,61|11,7|85,19|11,70|3,29|48,12|68,40|11,64|7,3|64,68|12,42|29,79|11,85|19,35|11,25/11,14=11,85,19,35,14
51,53|31,77|20,58|26,54|29,51|90,29|76,90|58,55|77,15|24,95|46,20|68,24|15,63|76,31|76,69|76,46|95,89|54,42|69,26|76,68/76,63=76,31,77,15,63
34,69|40,74|47,34|69,67|2,61|40,64|94,14|10,56|24,97|35,2|40,49|64,35|74,33|40,42|42,10|56,46|40,47|33,94|97,17|49,24/40,67=40,47,34,69,67
32,67|8,81|13,98|47,1|46,54|46,13|46,8|21,39|39,45|81,66|46,4|98,84|76,21|46,76|84,97|4,0|17,47|0,32|54,17|66,85/46,67=46,4,0,32,67
78,16|78,59|82,11|20,62|33,89|16,92|78,21|32,73|88,50|1,69|69,86|92,20|78,82|78,32|76,42|11,33|73,88|59,28|21,1|28,76/78,50=78,32,73,88,50
4,23|57,54|65,25|4,48|60,20|4,10|1,71|10,46|20,22|51,28|23,60|67,99|30,56|56,57|48,58|58,51|46,65|4,1|71,67|4,30/4,28=4,48,58,51,28
91,50|11,0|68,40|11,68|46,6|24,76|88,53|11,43|43,99|99,56|69,63|0,91|6,84|76,88|11,24|47,46|11,47|56,79|40,69|50,1/11,63=11,68,40,69,63
89,19|1,85|21,62|63,2|3,1|22,55|30,89|74,86|3,76|85,21|3,63|2,95|95,8|3,54|54,66|14,30|76,74|66,22|86,17|3,14/3,8=3,63,2,95,8
79,84|79,74|79,27|33,22|94,38|95,63|68,1|38,90|79,8|74,97|84,94|8,42|42,95|34,46|1,33|2,34|79,68|27,2|97,45|45,44/79,90=79,84,94,38,90
58,66|33,2|37,65|59,52|2,13|37,57|41,38|66,26|56,59|80,92|48,58|37,48|65,56|92,64|38,99|37,33|13,79|57,41|37,80|64,3/37,26=37,48,58,66,26
24,51|80,70|57,94|9,24|38,88|80,16|19,73|14,48|80,64|53,59|64,9|16,12|12,19|59,14|70,38|66,57|88,76|3,66|80,3|80,53/80,73=80,16,12,19,73
15,86|58,91|23,98|38,67|63,26|10,53|45,49|42,15|38,44|44,42|30,58|49,23|38,75|5,63|38,61|53,31|61,10|38,45|75,30|67,5/38,98=38,45,49,23,98
21,95|21,27|86,34|92,11|11,65|50,86|72,64|29,48|21,41|87,6|27,62|35,26|95,50|62,29|65,55|21,72|21,92|64,35|41,13|13,87/21,48=21,27,62,29,48
90,48|4,6|82,33|25,96|9,66|2,80|82,78|49,41|96,49|66,64|5,4|95,2|82,50|82,25|50,9|82,90|78,5|33,95|22,71|48,22/82,6=82,78,5,4,6
8,38|15,13|39,81|39,74|39,69|39,36|81,44|39,5|23,52|5,82|44,8|69,43|25,17|82,65|43,15|65,94|17,19|36,59|59,23|74,25/39,94=39,5,82,65,94
26,73|39,96|71,47|20,26|42,43|45,53|71,45|43,39|18,22|50,84|22,7|71,20|53,23|71,42|71,50|73,62|84,35|23,64|35,86|47,18/71,64=71,45,53,23,64
95,2|95,92|22,61|2,10|95,18|13,12|54,29|40,44|29,77|77,39|92,13|10,97|95,54|97,9|12,51|34,40|18,42|95,87|42,22|87,34/95,61=95,18,42,22,61
23,31|54,20|83,85|58,61|22,84|45,9|13,12|21,0|45,23|9,54|20,7|31,58|91,21|45,13|45,91|12,22|73,38|0,98|45,83|85,73/45,61=45,23,31,58,61
64,78|64,54|56,97|45,59|64,21|64,47|64,70|12,86|54,49|59,90|47,12|71,32|21,74|3,71|70,3|13,55|78,45|74,13|49,56|86,17/64,17=64,47,12,86,17
33,58|74,37|1,87|1,41|2,19|87,38|1,27|1,4|41,71|88,8|79,50|50,80|38,2|37,53|71,73|73,99|8,33|27,74|4,79|1,88/1,19=1,87,38,2,19
50,18|22,80|63,22|20,59|51,50|31,2|59,51|37,31|65,26|95,25|20,38|25,45|20,36|26,54|9,95|20,49|38,37|49,65|36,63|20,9/20,45=20,9,95,25,45
68,70|56,5|36,75|68,73|68,11|11,16|73,64|22,29|70,59|16,52|59,36|60,12|68,94|7,2|64,60|94,22|2,56|52,71|29,21|68,7/68,71=68,11,16,52,71
44,34|19,76|40,44|80,35|93,80|76,13|18,9|20,18|20,15|35,57|59,52|52,77|20,59|9,97|15,40|20,93|20,49|97,33|77,47|49,19/20,33=20,18,9,97,33
17,58|53,26|57,21|8,38|43,45|93,76|26,43|57,91|57,53|21,39|23,29|89,23|57,17|91,89|76,97|39,8|58,49|95,93|49,30|57,95/57,30=57,17,58,49,30
12,36|19,68|58,89|52,30|19,91|19,53|53,39|89,96|34,12|14,29|59,83|39,59|3,38|35,93|68,34|19,52|30,35|91,58|29,3|19,14/19,96=19,91,58,89,96
12,65|91,80|28,46|7,10|80,30|47,57|47,63|1,12|64,45|88,17|47,28|46,4|4,66|47,88|22,64|63,1|17,7|57,91|47,26|26,22/47,45=47,26,22,64,45
72,75|87,66|25,42|97,40|40,51|76,73|8,25|73,80|72,48|63,23|2,76|75,63|22,87|72,97|51,7|48,22|23,43|72,2|42,81|72,8/72,43=72,75,63,23,43
42,18|18,51|29,4|30,29|20,73|71,17|45,49|17,9|88,7|71,30|49,76|5,45|71,42|73,88|51,37|4,78|71,20|9,94|94,77|71,5/71,37=71,42,18,51,37
25,6|32,99|46,12|73,46|22,87|57,73|51,65|77,27|32,82|31,61|61,85|32,2|6,77|71,51|99,22|2,71|82,31|87,88|32,57|32,25/32,12=32,57,73,46,12
51,9|49,46|89,58|13,89|52,99|85,51|44,14|13,56|58,49|11,44|99,8|2,85|13,34|8,22|13,2|34,11|57,26|56,73|73,57|13,52/13,14=13,34,11,44,14
73,27|73,47|47,18|82,91|81,8|73,3|95,31|42,50|3,81|43,78|18,43|8,88|26,95|73,82|50,57|73,65|65,26|91,23|27,42|23,97/73,78=73,47,18,43,78
98,5|49,39|39,69|5,31|49,1|93,80|83,96|51,68|67,45|1,95|95,61|49,83|31,36|61,4|90,35|49,51|69,93|49,98|96,67|68,90/49,80=49,39,69,93,80
72,59|53,16|45,7|87,72|30,5|1,58|1,87|50,53|66,30|1,50|22,28|60,66|16,78|20,22|75,45|61,20|1,60|58,75|1,61|59,27/1,28=1,61,20,22,28
65,0|10,49|32,91|95,45|24,62|45,32|49,7|31,14|95,10|73,36|27,94|95,1|1,24|95,73|95,31|14,27|7,33|91,51|36,65|62,56/95,51=95,45,32,91,51
39,33|90,44|33,27|62,63|62,92|78,79|44,97|22,45|62,22|92,23|45,1|62,90|97,16|1,29|63,39|59,78|10,93|62,69|69,59|23,10/62,29=62,22,45,1,29
95,93|15,69|69,26|33,15|6,71|8,0|33,6|19,21|32,13|26,42|33,8|4,83|71,86|33,1|33,32|13,4|59,19|1,59|0,95|86,63/33,63=33,6,71,86,63
6,72|3,86|55,43|88,9|22,10|16,89|85,75|89,3|59,80|55,88|55,85|55,16|49,12|43,58|72,42|58,49|9,59|75,22|55,21|21,6/55,86=55,16,89,3,86
31,99|99,77|94,75|73,80|80,50|64,40|86,47|95,24|1,98|75,26|31,52|50,29|52,89|26,43|31,94|31,73|40,86|31,64|77,95|89,1/31,43=31,94,75,26,43
23,91|68,58|27,80|54,90|68,0|99,7|7,69|91,1|58,23|83,76|0,81|68,27|80,66|66,78|11,73|81,83|90,11|34,99|68,34|68,54/68,76=68,0,81,83,76
97,72|59,63|8,91|79,99|94,52|15,70|74,11|70,40|52,8|15,13|15,0|29,74|40,79|63,12|13,59|15,24|15,94|72,90|24,97|0,29/15,11=15,0,29,74,11
98,49|50,21|17,55|95,26|72,31|90,41|3,71|49,3|44,17|9,12|95,98|95,90|95,35|5,66|95,5|66,50|26,72|41,9|35,44|31,36/95,55=95,35,44,17,55
57,46|53,52|85,5|31,57|15,85|44,53|67,70|46,92|69,75|5,89|70,78|52,68|50,44|75,56|50,31|78,86|50,15|56,49|50,67|50,69/50,92=50,31,57,46,92
23,31|54,22|83,85|58,61|0,98|45,9|13,12|21,20|45,23|9,54|22,84|31,58|91,21|45,13|45,91|12,0|73,38|20,7|45,83|85,73/45,61=45,23,31,58,61
44,46|96,93|51,42|87,36|58,71|36,94|65,70|94,37|48,89|77,44|51,45|93,4|51,87|89,63|46,18|51,58|42,48|71,65|51,77|45,96/51,4=51,45,96,93,4
83,33|88,61|94,76|88,54|88,47|16,67|88,42|60,18|64,94|61,86|47,64|26,52|86,16|18,75|85,38|33,26|88,83|54,85|38,29|42,60/88,67=88,61,86,16,67
48,69|48,96|48,97|97,4|69,10|38,67|28,20|48,80|7,37|80,29|21,7|0,99|67,87|10,71|29,28|71,13|96,21|48,9|4,0|9,38/48,87=48,9,38,67,87
92,22|25,17|25,99|4,68|84,76|2,39|48,88|99,35|17,84|23,45|15,48|14,71|45,14|25,24|35,92|25,23|39,4|76,41|24,15|25,2/25,68=25,2,39,4,68
97,16|59,92|16,89|71,94|69,1|66,69|2,99|52,97|59,65|59,40|56,88|65,71|59,2|40,56|88,79|59,52|99,50|50,76|92,66|94,11/59,11=59,65,71,94,11
53,3|19,22|56,87|53,9|3,66|80,16|91,79|53,56|66,91|53,80|16,19|54,5|87,15|9,67|67,54|53,64|30,14|8,30|64,8|15,50/53,50=53,56,87,15,50
37,85|85,54|22,74|78,53|53,49|65,91|74,2|59,36|36,93|21,1|21,19|1,59|99,22|91,45|90,78|19,37|45,31|21,99|21,90|21,65/21,2=21,99,22,74,2
26,55|24,18|99,91|71,78|18,67|61,93|54,40|28,7|42,71|33,61|99,28|83,54|63,33|78,72|91,83|99,63|88,24|99,88|7,26|99,42/99,72=99,42,71,78,72
30,81|79,13|30,79|7,2|80,87|35,76|13,23|30,68|30,43|56,80|68,35|76,98|43,89|37,25|23,66|30,37|25,14|14,85|81,56|89,7/30,2=30,43,89,7,2
41,29|48,15|84,52|31,48|87,41|31,30|58,23|31,62|15,3|25,84|47,58|30,87|26,95|52,67|61,47|3,55|62,89|31,61|89,26|31,25/31,23=31,61,47,58,23
25,21|15,65|51,32|21,6|8,84|0,8|38,94|37,38|15,25|11,66|28,0|65,51|94,99|15,37|15,11|66,41|41,58|6,30|32,67|15,28/15,84=15,28,0,8,84
95,96|99,63|63,21|85,11|6,46|56,16|46,93|48,84|6,99|84,5|21,55|6,24|11,53|4,48|93,56|20,95|24,20|6,4|6,27|27,85/6,96=6,24,20,95,96
24,76|30,32|35,83|94,42|72,94|35,63|77,31|35,24|76,91|38,34|42,11|83,38|91,15|35,77|34,44|40,95|35,72|32,75|31,40|63,30/35,15=35,24,76,91,15
48,22|26,28|1,26|2,75|48,2|94,30|66,24|28,11|22,66|48,21|42,23|55,42|48,1|21,55|50,99|83,81|24,68|48,94|30,50|75,83/48,81=48,2,75,83,81
46,21|20,28|99,17|92,99|92,94|70,36|21,65|22,76|92,77|92,46|92,73|56,51|28,87|94,40|77,20|73,15|65,3|17,22|40,70|15,56/92,51=92,73,15,56,51
69,67|67,35|13,38|41,48|12,94|83,29|28,69|28,75|59,4|28,90|28,59|71,13|4,12|48,83|81,64|75,71|28,41|35,26|90,78|78,81/28,94=28,59,4,12,94
28,7|96,55|52,26|26,8|81,96|92,14|87,27|27,36|61,28|90,17|92,43|92,61|99,67|92,99|43,81|92,13|67,90|14,87|13,52|7,79/92,17=92,99,67,90,17
71,36|18,53|48,54|35,90|99,32|76,25|71,46|71,76|65,64|71,99|36,63|71,18|52,48|41,80|38,51|32,38|25,35|46,52|53,41|63,65/71,54=71,46,52,48,54
68,98|79,28|24,80|61,83|55,76|87,16|76,9|55,24|16,51|56,84|9,56|37,61|40,68|51,23|55,87|33,37|80,79|98,94|55,33|55,40/55,94=55,40,68,98,94
15,63|37,97|81,20|31,83|94,58|58,74|31,72|27,4|72,79|50,81|31,37|20,40|97,48|31,50|48,85|83,94|31,15|63,73|73,25|79,27/31,74=31,83,94,58,74
64,72|14,79|21,17|80,14|12,91|65,23|21,41|87,46|21,15|21,99|34,64|15,34|99,80|20,24|21,20|41,37|24,65|17,7|37,12|7,87/21,23=21,20,24,65,23
66,1|12,68|2,17|32,75|48,59|95,8|23,95|68,79|71,21|72,12|8,31|71,23|71,48|75,66|59,2|33,37|71,32|37,26|21,33|71,72/71,31=71,23,95,8,31
60,39|3,36|88,22|42,45|36,67|92,46|87,20|24,86|86,87|57,42|3,57|71,60|16,66|39,69|67,88|46,16|3,71|3,24|3,92|45,97/3,69=3,71,60,39,69
54,26|57,59|78,56|26,75|75,85|32,5|54,24|56,57|41,21|24,27|2,77|85,71|77,35|5,41|46,70|54,78|54,64|64,2|54,32|27,46/54,35=54,64,2,77,35
40,66|16,30|0,16|67,86|86,99|66,34|30,14|0,15|52,18|89,7|35,28|53,40|14,61|99,43|7,35|15,17|0,67|0,53|0,89|17,52/0,61=0,16,30,14,61
31,21|59,61|50,93|99,4|49,69|7,67|59,23|23,49|59,83|83,72|44,99|72,50|21,56|61,7|69,81|39,31|67,60|4,34|59,44|59,39/59,34=59,44,99,4,34
62,95|77,0|89,76|42,83|0,72|29,40|7,43|76,62|77,89|43,34|72,59|81,29|83,85|77,42|85,92|59,91|77,81|40,86|18,7|77,18/77,92=77,42,83,85,92
92,55|36,2|85,92|41,43|51,27|8,29|49,51|55,10|43,30|8,3|3,25|16,36|29,49|30,38|25,11|8,41|2,21|11,96|8,85|8,16/8,10=8,85,92,55,10
80,13|9,62|51,11|94,36|52,59|28,79|36,32|32,40|34,7|51,28|62,52|15,5|7,46|46,14|51,9|51,34|79,15|51,94|11,80|13,55/51,55=51,11,80,13,55
99,90|86,60|39,0|51,26|59,50|86,74|2,99|0,34|14,81|83,2|86,39|86,59|34,71|86,83|70,5|50,51|60,25|25,14|32,70|74,32/86,26=86,59,50,51,26
66,39|14,92|66,2|66,47|92,24|2,13|89,23|66,89|26,4|46,44|1,25|4,35|13,97|7,1|47,7|35,18|66,26|39,14|97,15|23,46/66,25=66,47,7,1,25
68,17|53,84|19,53|88,71|51,76|70,82|90,49|49,68|19,70|71,37|19,90|21,23|82,3|19,88|18,21|3,95|84,51|41,18|37,33|19,41/19,95=19,70,82,3,95
78,70|93,55|55,96|66,28|96,64|17,6|94,97|40,94|40,93|40,63|87,62|63,78|97,17|16,66|70,82|62,79|28,25|79,50|40,87|40,16/40,64=40,93,55,96,64
87,4|69,33|1,90|39,32|80,39|80,1|80,87|88,34|92,69|91,22|80,88|34,91|4,20|32,56|33,53|10,35|90,10|80,92|20,48|56,73/80,35=80,1,90,10,35
53,75|8,33|54,69|71,94|54,16|54,32|75,30|32,53|33,20|55,96|69,8|74,66|36,55|54,90|3,62|15,3|90,15|54,74|66,71|16,36/54,62=54,90,15,3,62
12,57|52,70|27,6|60,92|33,60|53,52|50,67|97,33|29,44|57,29|20,86|67,20|43,27|46,43|11,46|70,62|11,53|11,12|11,97|11,50/11,92=11,97,33,60,92
42,95|19,23|56,42|4,74|11,35|10,56|73,17|19,54|83,5|74,93|81,83|16,73|19,16|35,97|19,88|17,69|88,11|23,4|19,10|54,81/19,93=19,23,4,74,93
67,46|25,95|70,99|73,98|46,19|22,53|94,71|90,25|53,70|71,90|13,66|94,6|79,13|94,89|6,67|89,15|66,11|15,73|94,79|94,22/94,11=94,79,13,66,11
65,35|87,65|67,13|10,78|69,97|89,57|89,71|84,69|44,70|89,67|71,10|78,6|13,95|95,14|89,84|89,5|5,87|57,44|70,12|97,86/89,86=89,84,69,97,86
39,59|49,39|5,99|63,48|77,36|23,76|59,81|85,97|85,23|36,11|97,77|48,5|85,49|43,79|67,70|85,67|70,43|76,78|85,63|78,12/85,99=85,63,48,5,99
97,60|10,63|53,23|63,6|89,36|56,97|6,13|45,75|13,95|10,53|34,59|10,61|5,89|61,56|23,52|10,45|10,5|52,3|36,82|75,34/10,3=10,53,23,52,3
34,6|95,14|55,92|38,2|36,37|14,59|86,93|74,22|34,56|56,95|22,65|34,38|68,97|2,36|92,29|34,74|6,55|93,68|65,88|34,86/34,29=34,6,55,92,29
87,54|11,30|82,44|43,11|32,38|26,28|82,33|82,22|38,50|7,26|13,2|89,13|82,87|51,32|44,89|22,7|20,42|82,51|33,43|54,20/82,50=82,51,32,38,50
89,22|64,23|21,40|31,56|77,31|4,15|77,37|22,26|14,89|74,19|77,14|8,93|23,80|77,62|37,36|56,4|40,74|77,21|36,8|62,64/77,19=77,21,40,74,19
37,21|19,91|65,53|41,40|65,76|53,49|10,85|77,41|49,79|11,0|57,10|0,51|21,19|24,77|65,37|76,11|65,16|65,24|16,57|79,32/65,40=65,24,77,41,40
70,27|99,94|60,72|27,33|46,60|96,28|20,61|28,69|61,97|15,46|15,74|3,70|83,20|72,51|15,62|15,83|94,81|62,96|15,3|74,99/15,51=15,46,60,72,51
55,5|73,33|73,76|73,15|59,95|58,20|13,38|18,58|4,16|38,99|88,13|73,24|86,59|15,18|73,88|76,4|51,55|16,71|24,86|33,51/73,95=73,24,86,59,95
47,42|38,65|65,4|11,10|10,32|57,61|57,11|42,2|57,39|92,62|80,91|61,38|57,59|1,80|39,1|20,92|32,45|59,20|12,47|57,12/57,4=57,61,38,65,4
47,31|55,42|72,36|2,55|91,72|53,91|83,50|47,14|95,15|47,2|47,95|9,22|62,28|52,83|31,52|15,62|14,9|42,73|22,75|47,53/47,28=47,95,15,62,28
2,36|36,51|2,27|27,67|2,50|50,54|41,39|5,98|7,48|34,70|2,5|30,29|80,64|67,87|87,52|54,7|98,41|70,80|51,30|2,34/2,52=2,27,67,87,52
83,9|51,64|30,76|46,25|92,12|76,42|79,69|62,80|25,14|80,79|9,40|42,92|73,33|30,62|30,46|30,73|14,48|89,83|30,89|33,51/30,40=30,89,83,9,40
82,15|57,90|35,93|34,70|75,62|93,75|57,46|70,99|46,96|73,59|2,34|61,73|59,67|57,35|90,92|83,76|57,2|92,82|96,83|57,61/57,62=57,35,93,75,62
68,59|66,65|43,7|43,98|48,90|19,68|81,54|96,91|43,44|23,25|54,66|25,96|43,23|37,34|90,73|98,19|7,37|44,48|34,72|43,81/43,72=43,7,37,34,72
44,47|58,57|98,74|5,39|57,44|67,43|58,26|31,89|74,67|58,98|66,1|40,66|58,63|26,40|63,62|58,31|62,65|47,64|89,5|65,73/58,43=58,98,74,67,43
83,93|91,59|79,96|75,65|65,88|91,83|91,61|91,80|93,99|61,40|35,82|99,23|64,75|82,78|91,64|7,72|96,84|59,79|40,7|80,35/91,88=91,64,75,65,88
60,32|63,96|12,17|32,33|40,85|14,65|1,61|4,81|59,44|60,4|60,12|81,14|2,36|52,75|60,52|33,2|17,59|60,40|75,1|85,63/60,61=60,52,75,1,61
86,68|36,60|86,0|12,36|89,62|19,79|46,89|27,94|86,53|53,31|86,27|31,30|30,88|79,5|86,46|0,12|2,14|68,19|62,16|94,2/86,5=86,68,19,79,5
70,88|41,44|86,35|22,7|22,70|35,16|65,71|61,39|39,9|22,4|88,25|22,86|50,72|4,61|25,26|7,65|22,50|72,41|71,90|16,32/22,26=22,70,88,25,26
68,4|1,89|1,78|54,20|11,7|1,69|0,54|63,68|1,85|1,0|19,9|89,11|29,81|78,29|69,65|20,21|7,46|85,63|81,70|65,19/1,70=1,78,29,81,70
33,95|65,75|79,12|75,97|1,80|29,33|92,65|28,27|22,52|29,7|29,92|29,22|52,79|29,14|80,77|95,90|27,51|90,63|14,1|7,28/29,97=29,92,65,75,97
15,27|97,37|56,36|88,60|6,96|36,69|84,56|2,66|26,2|60,28|88,15|27,63|88,6|88,84|88,26|28,76|96,97|76,7|66,9|63,85/88,7=88,60,28,76,7
76,97|73,20|45,2|73,64|1,38|23,12|92,88|38,23|78,3|55,44|57,24|24,45|84,92|73,1|44,78|64,76|97,26|73,57|73,55|20,84/73,26=73,64,76,97,26
60,39|3,36|88,22|42,87|36,67|92,46|16,66|24,86|86,16|57,42|3,57|71,60|45,97|39,69|67,88|46,45|3,71|3,24|3,92|87,20/3,69=3,71,60,39,69
20,18|59,34|18,80|24,25|40,14|51,40|22,24|91,51|76,68|34,46|67,76|91,67|93,59|88,20|68,79|91,88|91,93|25,37|91,22|14,71/91,79=91,67,76,68,79
60,98|84,85|77,89|84,80|52,15|87,91|84,52|28,4|47,95|44,28|80,94|95,25|91,99|84,61|94,60|61,44|85,87|84,10|10,47|15,77/84,99=84,85,87,91,99
57,94|90,55|3,49|33,13|57,7|56,50|7,90|30,73|54,81|55,20|36,56|99,54|50,87|86,33|57,36|81,35|57,99|57,3|94,86|49,30/57,87=57,36,56,50,87
53,30|44,21|33,44|30,15|92,76|55,33|55,67|55,11|21,1|55,17|7,94|11,5|17,53|76,60|5,51|62,7|55,3|3,62|51,65|67,92/55,65=55,11,5,51,65
48,37|57,88|87,35|50,39|35,38|80,29|88,68|31,49|23,31|72,80|77,23|45,57|45,77|29,76|68,81|45,50|38,30|45,72|45,87|39,48/45,49=45,77,23,31,49
50,63|43,37|43,74|23,25|43,77|44,20|63,28|43,94|5,58|52,82|20,23|87,18|9,52|58,54|85,87|43,44|74,5|77,9|94,50|37,85/43,18=43,37,85,87,18
30,99|75,63|30,52|63,60|30,68|28,12|69,75|72,21|47,32|99,91|46,9|9,28|68,86|86,39|30,46|91,72|81,47|39,20|30,69|52,81/30,60=30,69,75,63,60
38,73|85,44|7,52|22,27|41,17|56,18|18,53|75,97|27,85|8,48|36,6|8,75|73,36|97,7|8,22|8,62|8,38|62,41|17,65|48,56/8,52=8,75,97,7,52
88,16|51,91|52,88|91,92|51,42|57,10|68,31|51,52|27,20|20,57|51,27|98,14|40,67|49,30|30,82|51,40|16,26|92,98|42,49|67,68/51,10=51,27,20,57,10
19,53|21,1|53,34|10,19|79,86|86,38|10,98|60,12|10,0|0,60|67,22|28,95|10,28|34,87|25,84|12,32|22,25|10,67|98,79|95,21/10,84=10,67,22,25,84
32,52|32,20|66,22|25,84|5,63|83,5|65,82|84,0|95,11|11,8|32,93|38,65|52,38|8,18|93,25|20,80|80,66|32,95|32,15|15,83/32,18=32,95,11,8,18
15,39|13,74|39,54|54,76|9,70|31,20|66,98|79,32|70,13|9,66|5,72|20,3|67,25|14,31|25,79|9,14|98,5|9,15|74,99|9,67/9,32=9,67,25,79,32
90,55|48,69|39,17|55,29|39,58|42,3|39,90|75,28|38,60|29,68|39,83|54,38|3,32|39,42|83,48|69,22|32,45|58,75|28,7|17,54/39,68=39,90,55,29,68
23,82|82,37|73,91|24,0|48,11|24,23|46,61|52,58|26,68|14,4|91,48|89,81|68,89|0,29|29,52|61,14|24,26|24,46|37,33|24,73/24,33=24,23,82,37,33
22,57|48,93|37,22|29,44|79,80|79,37|57,38|79,52|11,96|44,63|93,45|94,29|52,72|79,11|72,61|61,46|80,48|96,30|79,94|30,12/79,12=79,11,96,30,12
59,61|59,2|58,84|13,58|59,90|2,13|42,55|90,60|73,77|61,81|38,85|64,74|28,91|59,73|60,42|91,64|77,45|81,38|59,28|45,47/59,55=59,90,60,42,55
98,18|51,91|6,51|3,74|54,6|24,93|54,44|53,36|99,53|74,68|91,60|54,3|18,63|93,15|44,24|36,78|54,99|68,12|28,98|54,28/54,78=54,99,53,36,78
58,36|84,64|58,10|68,99|58,52|52,68|25,73|36,89|85,55|89,84|93,62|76,15|15,25|55,94|99,33|60,93|10,60|58,85|94,4|58,76/58,64=58,36,89,84,64
50,58|63,21|96,59|81,49|53,62|59,10|50,63|54,57|58,96|38,76|49,78|34,38|78,66|50,81|62,12|11,53|50,11|50,79|21,54|79,34/50,57=50,63,21,54,57
47,40|17,25|37,44|32,17|32,31|25,71|52,10|63,69|32,19|32,49|71,87|31,48|19,83|44,47|89,63|98,21|49,89|48,52|83,98|32,37/32,87=32,17,25,71,87
95,94|60,63|48,33|87,72|1,60|77,84|48,1|48,95|72,14|80,38|97,69|13,97|51,87|48,80|33,13|63,81|38,77|48,51|94,90|90,47/48,14=48,51,87,72,14
63,16|22,76|45,22|78,77|78,87|87,35|46,31|30,23|78,9|54,30|16,24|35,46|59,18|78,57|78,81|57,63|9,34|81,45|34,59|77,54/78,23=78,77,54,30,23
4,47|88,12|16,55|74,41|41,24|16,74|16,36|24,97|73,92|6,77|16,88|77,4|36,27|55,79|79,67|12,73|67,32|27,17|17,30|16,6/16,32=16,55,79,67,32
36,28|70,35|36,81|31,91|63,70|7,98|28,33|81,0|42,46|50,31|38,42|84,69|91,77|36,94|0,7|36,63|35,95|36,50|33,84|94,38/36,69=36,28,33,84,69
60,70|3,69|31,58|26,2|70,31|56,3|73,90|2,73|58,10|55,79|49,91|60,17|94,86|79,94|17,56|60,55|60,26|60,49|91,50|50,61/60,90=60,26,2,73,90
54,27|61,52|66,73|36,17|91,81|61,72|72,54|32,36|61,42|59,4|21,24|61,32|61,91|73,11|7,21|17,44|42,7|27,26|52,66|81,59/61,11=61,52,66,73,11
98,97|0,29|49,38|70,8|8,93|29,98|55,51|68,49|47,80|40,44|55,76|55,94|55,0|38,91|44,50|51,47|80,32|55,68|76,40|94,70/55,97=55,0,29,98,97
63,51|74,95|96,29|13,93|23,74|94,42|68,40|93,94|29,33|22,99|19,47|33,78|23,96|47,41|23,22|23,13|99,63|85,19|95,68|23,85/23,41=23,85,19,47,41
56,18|30,81|81,85|75,93|18,96|93,26|49,77|16,75|52,46|52,56|96,71|52,64|52,19|46,49|52,16|34,54|54,94|77,82|64,34|19,30/52,26=52,16,75,93,26
8,4|48,76|8,14|76,86|8,75|23,77|77,24|9,62|81,83|14,23|75,54|54,81|4,45|61,48|45,87|87,82|46,99|8,9|8,61|62,46/8,83=8,75,54,81,83
53,11|81,96|36,28|30,34|36,23|17,59|56,41|28,92|36,8|29,56|95,73|23,29|96,95|36,81|59,74|34,60|60,61|92,53|8,17|36,30/36,61=36,30,34,60,61
58,27|5,92|55,89|13,25|1,75|19,91|99,19|55,64|89,36|55,35|55,17|55,58|36,5|60,63|27,60|25,81|64,1|35,99|17,13|75,28/55,81=55,17,13,25,81
94,39|75,88|75,72|40,15|71,99|72,40|15,77|34,71|32,91|88,23|75,34|23,21|95,64|75,7|7,94|99,96|21,8|75,32|91,95|39,24/75,64=75,32,91,95,64
72,9|63,41|86,90|51,74|86,54|90,3|44,23|12,24|22,58|3,63|54,48|86,88|48,44|86,50|16,22|50,72|88,16|9,75|24,51|86,12/86,41=86,90,3,63,41
61,84|11,83|43,4|60,44|54,82|44,3|65,64|88,43|61,54|82,81|27,92|0,27|4,72|84,60|81,74|61,11|61,88|12,0|61,12|83,65/61,3=61,84,60,44,3
78,88|63,57|3,78|68,34|40,20|48,59|34,37|75,83|75,10|10,48|57,92|33,40|20,8|54,63|75,33|59,5|83,3|75,54|37,14|75,68/75,8=75,33,40,20,8
75,98|46,58|58,65|49,32|98,13|54,15|51,90|35,49|15,46|90,36|54,56|9,74|54,48|74,18|54,35|48,75|32,55|54,21|56,9|21,51/54,36=54,21,51,90,36
47,12|56,66|24,42|67,10|79,47|12,23|41,60|10,5|81,41|95,0|5,44|81,95|81,20|42,97|0,56|20,24|60,21|21,45|81,67|81,79/81,66=81,95,0,56,66
69,99|70,2|14,42|42,69|75,92|38,81|82,6|8,38|99,93|81,1|44,10|23,36|27,82|6,67|14,8|14,70|2,75|14,23|14,27|36,44/14,1=14,8,38,81,1
11,66|4,97|60,54|60,4|79,31|67,11|97,35|18,88|60,26|13,5|91,13|60,20|26,45|45,1|35,74|20,91|54,67|1,52|31,18|60,79/60,88=60,79,31,18,88
92,49|54,48|12,0|58,61|40,39|48,56|61,40|49,65|87,9|58,54|58,87|69,92|58,69|9,16|56,90|0,75|39,71|75,55|58,12|16,15/58,71=58,61,40,39,71
36,41|36,30|43,12|64,55|36,77|79,60|63,94|52,79|8,64|36,6|92,46|46,61|7,43|41,92|30,8|65,81|36,65|81,63|6,7|77,52/36,61=36,41,92,46,61
73,94|11,75|58,16|24,58|95,2|88,66|88,23|49,60|88,42|23,95|2,55|42,49|60,22|66,79|16,44|19,64|75,73|79,19|88,11|88,24/88,64=88,66,79,19,64
20,34|59,25|34,46|24,18|40,14|51,40|22,24|91,51|76,68|25,37|67,76|91,67|93,59|88,20|68,79|91,88|91,93|18,80|91,22|14,71/91,79=91,67,76,68,79
76,5|34,43|57,24|17,1|20,65|24,4|32,34|19,55|39,20|39,57|39,32|65,97|39,76|5,19|1,35|39,17|35,59|4,78|43,52|97,3/39,59=39,17,1,35,59
88,29|54,74|56,14|74,56|12,73|75,52|5,13|67,30|5,48|17,67|5,91|91,75|13,80|8,88|5,8|48,17|80,12|52,20|5,54|29,57/5,14=5,54,74,56,14
21,18|1,56|71,41|74,72|62,74|0,38|62,27|72,1|27,71|76,10|57,24|24,90|62,21|79,57|50,30|62,79|18,0|10,50|41,8|62,76/62,30=62,76,10,50,30
99,73|48,80|57,90|47,25|71,45|21,11|81,95|21,48|11,81|52,68|21,52|95,59|80,47|21,33|90,3|65,57|21,65|73,37|33,99|68,71/21,25=21,48,80,47,25
60,61|60,51|53,12|51,41|91,15|11,64|60,53|41,77|60,91|77,67|30,89|60,30|35,31|85,72|61,85|15,11|72,47|89,26|12,35|26,84/60,67=60,51,41,77,67
82,63|29,61|2,43|82,1|82,2|63,83|57,44|87,32|83,93|44,19|93,7|82,57|34,96|19,67|96,36|76,34|43,87|69,29|1,69|82,76/82,61=82,1,69,29,61
60,59|26,99|46,37|37,31|42,94|0,82|74,81|85,78|60,76|68,26|81,89|99,38|60,0|82,42|60,68|78,91|60,46|31,17|76,85|59,74/60,17=60,46,37,31,17
86,12|47,30|16,39|10,84|86,20|86,42|66,54|12,36|34,35|39,18|33,96|36,34|30,66|42,33|96,72|18,6|86,16|86,47|1,10|20,1/86,35=86,12,36,34,35
91,21|6,7|59,9|94,91|9,32|65,5|83,27|72,59|2,72|73,6|5,16|2,73|79,83|2,14|2,79|14,65|21,97|27,98|2,94|7,89/2,32=2,72,59,9,32
11,66|65,80|52,25|80,98|82,6|82,52|25,51|86,16|82,55|82,45|66,86|6,74|82,11|55,46|56,9|38,49|46,38|51,81|45,65|74,56/82,16=82,11,66,86,16
49,89|45,12|92,30|9,6|60,59|14,60|37,31|14,37|39,45|14,39|55,48|31,49|14,9|62,26|32,62|14,72|12,76|72,32|6,92|59,55/14,76=14,39,45,12,76
54,34|30,83|58,88|73,48|27,35|9,30|7,12|56,9|1,27|91,46|1,92|12,57|35,91|1,73|92,7|1,56|85,60|34,58|1,54|48,85/1,46=1,27,35,91,46
17,69|79,90|23,5|17,79|28,18|59,32|95,63|90,93|17,84|26,49|17,26|18,58|84,28|69,23|77,54|49,95|5,50|17,77|54,59|93,12/17,50=17,69,23,5,50
98,39|82,17|33,63|24,33|17,83|86,10|66,98|1,99|15,18|24,15|39,2|18,13|24,86|63,1|19,82|24,66|24,19|74,9|13,51|10,74/24,9=24,86,10,74,9
87,32|9,49|58,61|69,92|9,0|0,64|59,55|92,58|26,63|49,35|9,41|41,4|80,7|4,87|35,80|9,69|97,22|64,26|9,97|22,59/9,63=9,0,64,26,63
91,27|88,89|89,11|22,5|36,25|91,63|81,93|91,49|58,40|40,37|91,73|12,70|28,81|25,12|91,36|63,58|80,22|73,80|49,88|27,28/91,70=91,36,25,12,70
5,11|92,70|0,58|16,29|58,16|61,57|75,0|52,92|75,8|11,61|75,52|55,72|48,59|8,48|75,5|59,34|75,10|10,55|70,77|72,18/75,29=75,0,58,16,29
71,90|71,10|79,6|71,19|53,63|71,21|90,30|21,95|25,79|30,33|95,29|71,67|19,25|67,94|29,59|88,53|94,50|10,88|33,23|50,82/71,23=71,90,30,33,23
81,9|48,69|44,12|81,99|62,16|9,72|31,60|72,44|23,38|81,23|0,62|80,0|38,67|99,48|67,71|81,80|66,22|69,8|81,66|22,31/81,12=81,9,72,44,12
72,17|59,4|59,72|4,2|58,20|29,26|15,3|59,38|59,74|17,15|2,48|20,21|38,58|95,65|56,29|59,62|1,95|74,56|62,1|48,39/59,21=59,38,58,20,21
18,97|28,31|97,26|86,28|17,99|17,18|51,75|75,27|26,80|9,82|17,9|13,51|57,60|17,13|17,98|98,57|99,86|60,48|82,79|79,65/17,27=17,13,51,75,27
22,97|38,87|84,91|21,58|10,63|21,6|58,25|26,46|6,4|64,43|4,26|91,64|87,10|85,22|97,71|21,84|25,23|21,85|23,20|21,38/21,43=21,84,91,64,43
69,79|21,28|30,5|64,36|28,68|89,30|89,64|36,74|5,69|39,26|74,6|42,56|89,39|26,14|56,3|89,9|9,42|89,21|68,0|14,70/89,70=89,39,26,14,70
5,20|41,16|97,1|51,96|63,68|69,5|20,31|39,63|1,79|98,41|38,39|69,97|79,18|60,67|67,51|69,98|16,45|69,38|31,43|69,60/69,68=69,38,39,63,68
5,41|36,87|44,12|5,60|5,85|33,44|5,36|49,89|85,68|73,3|87,73|41,14|58,38|38,57|52,58|68,49|59,16|60,33|5,52|14,59/5,3=5,36,87,73,3
96,41|7,18|76,85|41,16|79,44|16,71|35,25|18,30|44,7|9,28|79,69|74,76|79,50|79,96|50,35|4,23|28,4|69,74|79,9|25,63/79,23=79,9,28,4,23
70,12|70,60|73,53|53,54|80,50|11,35|66,45|70,65|45,39|89,73|61,17|60,66|65,80|12,11|50,5|72,61|70,89|70,23|23,72|35,49/70,5=70,65,80,50,5
44,43|58,69|69,51|21,44|65,10|98,3|48,41|97,52|41,27|27,45|58,97|51,19|58,17|52,65|58,71|58,48|17,98|71,21|3,83|19,31/58,83=58,17,98,3,83
21,16|61,92|51,21|58,51|18,4|17,76|49,18|5,33|35,60|61,35|99,45|92,80|80,17|61,5|33,73|61,15|73,25|60,99|61,58|15,49/61,25=61,5,33,73,25
58,30|30,79|4,66|87,57|36,33|45,31|9,37|9,8|86,96|9,36|85,87|8,85|33,99|96,27|66,45|37,86|79,54|9,4|9,58|99,63/9,54=9,58,30,79,54
50,58|63,21|96,38|81,49|53,59|38,76|50,63|54,57|58,96|62,12|49,78|34,62|78,66|50,81|59,10|11,53|50,11|50,79|21,54|79,34/50,57=50,63,21,54,57
26,53|99,11|86,41|99,54|53,86|54,76|99,25|44,57|31,66|99,26|97,43|11,75|76,97|46,87|85,46|75,44|66,10|99,50|25,31|50,85/99,10=99,25,31,66,10
78,24|71,17|51,23|23,87|11,68|27,41|67,18|41,1|78,27|78,71|1,46|43,89|24,11|17,67|68,59|78,19|87,49|78,51|89,4|19,43/78,46=78,27,41,1,46
27,61|27,92|18,49|9,29|50,67|53,69|27,12|30,0|61,41|41,18|91,15|92,9|15,78|27,53|67,40|69,30|29,8|12,50|78,59|27,91/27,59=27,91,15,78,59
65,20|58,66|74,51|92,74|8,54|58,94|58,65|14,67|58,92|66,39|39,59|94,16|59,27|75,76|20,14|16,13|13,47|58,75|76,8|51,50/58,50=58,92,74,51,50
19,65|2,3|59,57|57,8|8,87|2,19|2,59|2,95|65,76|52,98|97,22|3,21|21,4|98,32|4,38|95,90|2,52|32,29|90,97|76,71/2,29=2,52,98,32,29
61,26|89,66|13,61|52,74|26,87|52,91|52,13|10,78|48,2|71,48|0,22|66,28|78,1|22,65|2,84|74,10|52,71|91,89|40,0|52,40/52,1=52,74,10,78,1
62,67|57,58|58,24|52,55|67,73|42,71|71,56|45,52|48,21|62,45|24,77|98,75|62,18|55,39|73,48|44,42|62,44|64,98|18,64|62,57/62,21=62,67,73,48,21
28,0|78,4|37,82|88,8|99,37|28,47|82,33|4,30|28,60|60,88|47,75|87,78|83,10|75,15|15,3|28,87|0,17|28,99|8,64|17,83/28,3=28,47,75,15,3
72,32|52,72|16,12|75,15|29,49|43,75|87,29|34,43|14,87|32,19|26,5|34,61|34,79|34,14|79,10|15,36|10,26|34,52|24,16|61,24/34,36=34,43,75,15,36
97,80|3,13|52,82|14,52|36,12|91,90|13,91|70,14|3,43|29,94|3,70|28,36|99,28|81,97|80,84|90,83|3,99|43,29|3,81|94,16/3,16=3,43,29,94,16
2,8|57,22|19,57|47,94|19,77|19,42|19,3|44,88|98,79|22,98|3,10|77,60|88,71|69,44|60,47|16,2|10,91|91,76|19,69|42,16/19,71=19,69,44,88,71
96,41|7,16|76,85|41,25|79,44|25,63|35,18|16,71|44,7|9,28|79,69|74,76|79,50|79,96|50,35|4,23|28,4|69,74|79,9|18,30/79,23=79,9,28,4,23
32,34|83,10|43,97|85,28|87,93|87,81|66,22|34,66|84,43|33,83|28,50|31,85|87,84|93,33|87,31|87,32|19,9|81,19|97,64|9,21/87,22=87,32,34,66,22
37,38|51,80|37,59|1,25|59,98|89,51|49,30|37,8|28,89|46,49|86,11|98,86|5,1|37,21|8,5|21,72|72,62|62,88|37,28|38,46/37,88=37,21,72,62,88
46,65|25,50|25,83|72,97|91,69|65,96|25,91|96,89|25,61|61,79|69,49|49,75|0,37|66,72|25,46|37,21|79,63|50,66|83,0|63,86/25,75=25,91,69,49,75
4,2|75,62|62,49|27,28|19,64|64,94|49,29|65,10|38,58|36,38|53,27|36,21|36,82|0,65|24,19|36,24|58,4|36,75|21,53|82,0/36,2=36,38,58,4,2
40,78|62,84|84,68|27,50|78,98|48,57|98,92|85,20|87,73|87,85|74,65|87,40|87,39|87,48|39,25|73,62|25,74|81,43|57,81|20,27/87,50=87,85,20,27,50
34,83|92,22|25,62|4,54|34,26|26,76|31,91|51,59|54,14|76,84|3,4|66,31|83,66|90,32|59,25|22,90|34,3|84,53|34,51|34,92/34,14=34,3,4,54,14
1,64|29,24|59,55|88,51|24,88|29,54|21,22|22,20|53,66|54,59|29,93|55,43|29,63|29,1|97,0|51,98|63,53|64,97|66,47|93,21/29,98=29,24,88,51,98
0,34|6,80|47,62|55,10|21,46|30,68|26,18|61,55|21,49|21,26|96,56|21,6|46,0|49,61|80,47|34,93|21,94|88,30|18,96|94,88/21,62=21,6,80,47,62
54,55|45,58|35,18|55,47|90,99|40,16|44,84|39,69|73,6|76,40|54,45|54,80|10,24|54,10|84,73|24,39|54,44|80,76|58,35|47,90/54,18=54,45,58,35,18
86,1|31,24|1,45|82,70|49,91|16,55|55,86|91,64|16,49|16,51|70,39|16,31|78,82|51,33|97,15|33,94|24,97|16,78|64,80|94,89/16,15=16,31,24,97,15
7,77|21,66|15,74|21,38|11,0|79,94|12,5|76,75|86,67|21,76|74,11|44,25|66,7|21,79|77,72|58,44|38,58|75,12|94,86|21,15/21,25=21,38,58,44,25
40,60|88,37|54,61|73,49|74,86|38,88|74,54|49,69|61,64|74,38|69,52|58,40|74,58|63,36|64,93|86,44|44,63|37,51|60,15|74,73/74,52=74,73,49,69,52
98,49|3,71|17,55|95,26|72,31|90,41|9,12|49,9|44,17|50,21|95,98|95,90|95,35|5,66|95,5|66,3|26,72|41,50|35,44|31,36/95,55=95,35,44,17,55
12,31|29,74|2,67|89,1|56,12|74,46|46,16|1,3|24,29|36,75|3,68|41,98|24,41|24,36|98,2|31,28|24,89|24,56|64,79|75,64/24,67=24,41,98,2,67
44,18|81,44|94,84|40,94|37,81|37,70|18,14|66,25|46,17|17,29|96,34|34,75|75,62|79,46|35,85|37,96|70,40|25,35|37,66|37,79/37,62=37,96,34,75,62
40,1|5,2|6,96|23,79|84,11|11,90|23,69|79,99|50,4|75,14|4,17|96,40|23,84|69,50|23,56|99,75|23,6|56,13|13,5|90,45/23,17=23,69,50,4,17
49,38|56,82|27,86|41,49|91,16|31,39|19,56|82,10|36,47|25,77|31,25|2,87|31,19|39,41|22,61|77,91|87,36|86,22|31,27|31,2/31,10=31,19,56,82,10
83,98|17,73|72,8|64,2|46,20|55,72|20,44|47,6|55,17|84,33|98,64|69,36|73,84|55,46|8,47|36,39|55,83|55,69|39,9|44,79/55,2=55,83,98,64,2
20,88|11,10|59,2|75,44|45,11|2,46|84,67|10,52|44,5|46,35|34,55|70,84|67,27|20,59|20,45|20,66|55,58|66,75|88,34|20,70/20,35=20,59,2,46,35
72,26|16,11|50,63|97,10|59,12|61,31|94,50|36,58|35,4|58,59|31,35|10,60|16,38|16,36|16,72|38,94|11,97|16,61|23,46|26,23/16,63=16,38,94,50,63
27,20|48,96|67,15|59,94|76,47|59,67|20,61|59,48|53,27|59,53|98,50|59,25|95,91|91,75|15,98|47,87|94,95|96,36|36,70|25,76/59,70=59,48,96,36,70
35,69|81,76|45,29|52,18|49,52|75,41|56,28|60,64|28,84|18,81|84,8|62,26|1,94|64,45|49,75|49,60|49,56|41,1|49,62|26,35/49,8=49,56,28,84,8
42,97|23,28|54,30|29,81|37,23|33,0|9,90|47,37|8,70|81,9|42,63|42,29|42,13|76,33|97,8|70,41|13,76|42,47|63,54|30,51/42,28=42,47,37,23,28
37,15|91,58|2,94|4,42|4,22|70,37|67,87|4,70|42,68|22,2|56,78|39,96|15,10|87,56|32,45|4,67|58,32|94,40|4,91|68,39/4,45=4,91,58,32,45
13,64|41,12|7,71|83,42|0,55|2,68|24,90|51,49|58,77|2,92|92,7|2,83|55,5|71,52|49,13|2,51|2,58|42,24|68,0|77,41/2,5=2,68,0,55,5
55,77|13,14|74,28|85,41|35,9|48,75|58,98|28,31|41,24|35,58|98,29|29,65|54,66|61,74|35,55|35,54|9,85|66,48|77,13|35,61/35,75=35,54,66,48,75
87,66|89,18|19,89|98,24|70,76|98,51|98,14|17,15|25,70|88,92|99,87|92,17|51,19|83,12|3,83|24,25|14,3|66,81|98,88|98,99/98,81=98,99,87,66,81
64,36|64,63|36,11|8,95|81,74|64,84|12,88|63,38|74,23|18,75|75,42|64,2|64,81|11,12|84,10|2,18|23,96|38,48|48,4|10,8/64,96=64,81,74,23,96
56,19|91,30|8,6|24,25|19,32|6,49|32,91|88,96|96,29|18,41|76,39|61,88|73,86|63,8|56,61|56,63|56,24|56,76|39,73|25,18/56,49=56,63,8,6,49
24,67|41,2|73,40|75,23|19,55|73,75|55,82|62,0|4,41|82,48|23,24|73,27|54,87|40,61|73,19|61,94|87,62|27,4|73,54|94,6/73,67=73,75,23,24,67
54,43|4,48|43,64|72,21|72,54|3,23|11,0|48,16|72,79|75,17|5,4|79,90|53,3|72,5|17,65|21,75|90,11|72,53|23,19|64,68/72,19=72,53,3,23,19
53,3|54,5|56,87|53,9|3,66|80,16|91,79|53,56|66,91|53,80|16,54|30,14|87,15|9,67|67,30|53,64|19,22|8,19|64,8|15,50/53,50=53,56,87,15,50
8,74|46,69|26,61|40,83|83,26|51,35|11,16|46,8|35,49|16,58|55,47|46,40|49,86|69,38|74,55|65,43|38,65|58,89|46,51|46,11/46,43=46,69,38,65,43
65,26|17,52|65,79|24,43|91,18|22,50|65,44|80,30|44,17|65,91|18,93|50,80|65,22|74,24|93,25|31,76|79,74|58,31|26,58|52,78/65,30=65,22,50,80,30
99,87|62,26|18,81|21,72|18,20|31,42|81,66|87,58|66,35|35,55|20,23|18,95|95,99|23,31|18,78|52,21|26,17|18,62|78,52|17,67/18,72=18,78,52,21,72
40,34|97,58|58,3|49,50|50,28|40,99|28,83|2,51|15,84|99,15|40,49|39,2|84,6|60,57|51,10|24,60|34,24|40,62|40,39|62,97/40,57=40,34,24,60,57
55,82|24,80|82,35|70,93|1,19|9,75|19,92|70,55|22,40|93,1|31,38|70,47|80,31|70,10|40,12|46,9|35,85|47,46|70,24|10,22/70,75=70,47,46,9,75
64,86|35,59|21,37|51,4|6,50|61,68|48,30|99,2|48,43|86,28|30,71|43,65|28,0|65,21|48,64|50,51|48,6|71,99|59,61|48,35/48,2=48,30,71,99,2
18,62|24,47|85,89|51,19|15,24|3,94|60,49|19,18|92,15|74,5|94,2|74,51|6,73|89,60|96,6|74,92|74,85|5,96|59,3|74,59/74,47=74,92,15,24,47
52,60|52,73|82,1|86,56|33,38|56,61|38,94|60,75|91,83|1,44|27,5|52,43|73,86|52,82|94,65|43,27|5,31|44,29|52,33|75,91/52,83=52,60,75,91,83
1,57|11,43|81,15|38,54|11,36|11,2|2,26|9,87|11,81|87,70|90,51|36,35|15,60|35,38|26,1|60,75|73,74|43,9|74,90|11,73/11,75=11,81,15,60,75
73,95|6,21|52,83|46,54|16,6|48,89|85,28|46,0|95,85|0,16|63,61|61,52|10,74|46,48|54,67|89,60|46,63|46,73|60,40|67,10/46,83=46,63,61,52,83
67,26|61,48|21,2|42,83|58,82|61,43|82,21|95,97|34,95|94,63|63,20|35,78|3,94|61,42|61,3|83,67|47,35|48,47|61,58|43,34/61,78=61,48,47,35,78
75,34|78,6|84,40|92,78|41,48|48,7|7,70|5,19|21,41|83,28|21,83|3,8|19,3|30,92|21,84|21,5|40,75|21,30|28,99|99,93/21,6=21,30,92,78,6
20,60|29,55|49,5|85,49|85,4|12,24|4,32|85,12|8,40|85,48|24,8|0,16|77,81|85,29|48,0|32,76|76,83|5,20|55,77|16,23/85,81=85,29,55,77,81
44,61|13,72|55,91|41,68|10,13|3,41|68,45|8,75|53,28|91,24|82,59|10,50|59,53|10,3|72,8|10,99|42,44|50,42|99,55|10,82/10,61=10,50,42,44,61
65,89|79,77|26,8|89,56|26,69|1,65|45,79|11,40|33,54|26,1|37,30|69,64|30,0|0,76|26,72|72,45|26,37|64,11|8,33|54,48/26,48=26,8,33,54,48
64,75|46,63|18,43|54,99|1,12|64,1|12,51|61,18|64,95|14,41|90,24|63,27|95,61|20,97|99,14|64,54|24,20|75,46|51,53|64,90/64,27=64,75,46,63,27
22,81|9,72|46,27|66,97|97,64|99,28|50,99|22,46|45,93|93,63|81,32|41,66|27,68|51,45|22,41|32,9|22,51|22,29|68,26|29,50/22,26=22,46,27,68,26
37,39|91,58|2,15|4,42|4,22|70,37|67,87|4,70|42,68|22,2|56,78|94,40|39,96|87,56|32,45|4,67|58,32|15,10|4,91|68,94/4,45=4,91,58,32,45
15,83|57,99|10,28|42,93|89,94|88,42|57,64|83,52|57,86|52,69|57,23|23,88|17,89|64,17|99,71|86,10|87,24|71,87|57,15|28,0/57,94=57,64,17,89,94
44,28|20,34|18,15|36,56|31,47|31,64|31,27|47,53|53,36|31,48|34,91|64,61|61,44|27,26|26,3|6,30|15,6|31,18|3,42|48,20/31,91=31,48,20,34,91
29,70|44,19|62,29|63,2|78,3|8,44|19,41|78,8|78,5|94,0|2,68|5,63|15,46|78,62|3,90|70,51|0,67|78,80|90,15|80,94/78,68=78,5,63,2,68
61,94|61,15|25,55|6,48|70,59|19,77|89,25|93,8|13,89|61,47|47,80|94,69|61,13|61,93|98,90|9,6|80,98|8,19|15,9|69,70/61,55=61,13,89,25,55
79,84|79,74|79,27|34,46|94,38|33,22|68,1|38,90|79,8|74,97|84,94|8,42|42,33|95,63|1,34|2,95|79,68|27,2|97,45|45,44/79,90=79,84,94,38,90
48,16|62,31|64,75|91,25|6,70|16,22|48,89|48,59|0,84|70,62|22,64|89,91|25,36|28,79|63,14|48,6|79,0|48,28|14,86|59,63/48,31=48,6,70,62,31
15,83|9,3|15,80|84,22|15,18|91,45|22,95|33,84|57,14|13,78|15,33|80,9|12,98|78,57|98,2|18,41|3,8|83,12|41,91|15,13/15,8=15,80,9,3,8
10,14|15,32|76,6|43,80|30,28|10,64|10,76|64,43|18,27|10,18|6,16|96,51|14,15|56,78|32,36|16,40|28,56|10,30|80,92|27,96/10,92=10,64,43,80,92
13,80|45,67|32,50|6,86|52,6|32,83|5,2|70,13|55,45|32,56|81,52|80,66|83,30|99,5|50,55|30,87|32,70|56,99|32,81|87,51/32,51=32,83,30,87,51
73,32|36,66|59,24|37,77|56,5|5,16|59,37|59,4|89,26|59,22|63,85|11,89|77,63|50,35|59,50|66,52|4,36|22,56|24,11|35,73/59,52=59,4,36,66,52
80,63|93,96|53,0|80,12|80,73|29,88|73,22|12,53|63,74|86,3|3,28|22,30|35,29|88,31|80,35|30,83|80,72|72,86|74,93|0,90/80,90=80,12,53,0,90
6,78|10,38|47,21|21,29|46,47|46,8|46,10|43,18|38,26|23,89|8,82|26,99|61,80|82,24|18,6|80,23|46,43|46,61|29,57|24,4/46,57=46,47,21,29,57
72,64|22,44|73,22|43,72|56,43|56,4|91,24|4,93|70,73|0,50|67,0|24,92|93,52|52,25|92,88|56,91|64,90|65,67|56,65|56,70/56,44=56,70,73,22,44
6,64|72,45|55,18|40,32|45,56|10,55|98,40|56,39|72,88|88,61|77,52|39,12|64,31|72,69|31,94|32,3|72,6|69,10|61,77|72,98/72,18=72,69,10,55,18
0,23|68,89|4,62|41,75|80,60|88,67|23,59|48,25|60,68|96,0|62,41|96,48|63,82|25,63|59,11|96,45|96,4|55,88|96,80|45,55/96,11=96,0,23,59,11
0,43|73,96|46,67|67,16|16,3|12,7|24,12|81,23|80,0|66,4|81,80|60,66|43,17|23,60|10,24|81,56|96,86|56,73|81,46|81,10/81,7=81,10,24,12,7
24,88|35,98|7,18|71,2|89,41|10,81|35,62|35,7|58,64|41,53|18,10|98,89|13,87|15,54|87,14|54,24|35,58|35,15|64,71|62,13/35,53=35,98,89,41,53
52,51|68,49|60,32|13,88|39,16|40,85|71,28|49,3|52,39|88,29|72,50|52,62|32,66|14,13|28,72|62,60|52,14|52,71|16,40|51,68/52,66=52,62,60,32,66
41,36|55,30|72,11|41,94|30,20|24,44|4,37|41,66|41,33|94,55|6,4|11,74|74,89|17,24|83,92|33,17|41,72|92,65|36,83|66,6/41,44=41,33,17,24,44
92,49|54,48|12,0|58,61|40,39|48,16|61,40|49,65|87,9|58,54|58,87|69,92|58,69|9,75|16,15|0,56|39,71|56,90|58,12|75,55/58,71=58,61,40,39,71
71,44|10,20|0,71|86,18|20,49|61,86|93,87|85,35|85,80|45,0|85,93|87,54|8,91|85,61|35,31|80,10|54,64|31,8|18,58|85,45/85,58=85,61,86,18,58
71,0|74,32|84,13|74,63|74,84|25,9|74,45|48,67|0,51|63,57|32,49|49,96|13,23|59,31|9,48|23,93|96,54|74,25|57,59|45,71/74,67=74,25,9,48,67
86,32|89,60|33,91|17,33|40,47|36,13|52,23|13,62|42,64|17,86|17,42|94,40|32,14|17,79|79,94|17,36|62,76|64,52|91,89|14,54/17,23=17,42,64,52,23
82,55|40,13|35,25|32,10|83,94|61,34|32,83|15,99|10,45|63,3|32,35|25,40|52,38|45,63|32,62|32,52|94,61|62,98|98,15|38,82/32,55=32,52,38,82,55
93,69|87,79|67,28|68,45|27,39|60,58|79,21|17,67|28,95|33,14|14,18|68,17|21,12|69,60|45,33|31,27|68,93|63,31|68,87|68,63/68,12=68,87,79,21,12
12,60|79,31|38,7|31,77|79,38|78,54|37,40|62,12|40,46|92,76|34,21|7,34|26,62|44,37|79,26|79,92|79,44|76,78|77,61|61,56/79,60=79,26,62,12,60
53,78|11,73|45,44|35,94|19,83|83,71|44,11|30,25|90,6|67,35|30,45|94,26|30,67|25,19|41,90|30,96|6,93|96,53|30,41|78,91/30,93=30,41,90,6,93
63,69|51,8|63,46|20,77|80,91|70,32|92,13|87,72|77,3|12,80|63,0|63,51|55,90|8,92|69,20|46,55|63,70|32,87|0,12|90,27/63,3=63,69,20,77,3
65,14|66,47|32,65|83,15|66,36|66,93|66,13|66,83|93,20|57,74|69,11|15,85|13,76|47,16|36,32|20,69|46,23|85,29|16,57|76,46/66,11=66,93,20,69,11
16,39|44,75|44,78|39,33|44,90|90,13|26,51|56,97|78,16|4,26|86,32|75,91|91,21|38,86|44,96|13,56|21,95|96,38|69,4|44,69/44,32=44,96,38,86,32
91,95|90,26|28,8|91,13|26,64|15,22|36,14|95,51|76,58|5,28|13,15|58,36|91,45|51,48|45,90|91,52|22,41|91,76|48,66|52,5/91,64=91,45,90,26,64
42,12|17,92|93,48|54,24|24,42|43,17|62,73|83,93|96,85|85,37|57,50|62,54|98,96|62,72|62,98|63,57|73,43|51,83|62,51|72,63/62,50=62,72,63,57,50
15,70|33,38|73,36|87,95|66,85|95,3|23,75|38,53|23,89|23,15|89,97|42,33|23,42|34,63|75,66|23,87|70,73|3,35|85,16|97,34/23,63=23,89,97,34,63
73,67|3,84|2,94|73,80|20,2|81,51|56,74|62,99|99,1|67,62|82,81|73,77|84,91|47,3|77,56|74,16|73,47|73,72|80,82|72,20/73,1=73,67,62,99,1
70,40|9,89|1,23|38,36|35,3|20,99|99,56|36,65|89,1|20,35|3,68|80,73|68,86|56,70|97,27|20,80|20,9|88,38|20,88|73,97/20,40=20,99,56,70,40
59,47|47,36|34,32|72,30|31,17|24,9|30,38|28,6|17,28|62,34|62,8|8,24|62,22|9,91|32,48|53,72|62,31|22,59|48,81|62,53/62,36=62,22,59,47,36
1,15|15,72|48,10|53,3|52,71|69,28|72,17|3,6|69,18|69,65|28,82|82,20|10,76|33,53|65,48|18,52|71,78|69,33|20,36|69,1/69,6=69,33,53,3,6
58,68|4,90|36,54|16,36|39,18|80,96|98,52|68,98|16,58|5,39|95,4|59,69|55,95|16,75|44,59|75,44|16,55|16,5|54,80|18,20/16,52=16,58,68,98,52
2,46|71,55|35,2|31,6|60,58|3,45|45,5|31,60|28,94|6,90|18,74|23,3|58,28|46,85|90,71|31,29|40,18|31,23|31,35|29,40/31,85=31,35,2,46,85
17,69|43,53|3,12|17,78|53,3|23,38|76,77|78,90|17,76|17,43|90,99|60,25|69,80|41,73|80,60|17,85|85,79|79,23|77,41|99,46/17,46=17,78,90,99,46
92,82|70,51|96,43|70,92|27,0|70,21|13,5|70,23|41,60|5,65|11,27|21,41|60,37|70,15|23,14|14,96|52,59|82,52|51,13|15,11/70,65=70,51,13,5,65
97,24|24,41|86,95|87,56|91,15|0,87|82,0|97,57|57,11|46,83|97,82|97,86|41,99|99,22|33,76|95,46|76,91|60,8|11,60|97,33/97,83=97,86,95,46,83
1,23|90,42|38,36|57,8|12,39|57,38|55,85|36,90|57,55|15,24|57,77|85,15|65,18|57,54|54,32|32,65|8,1|77,12|39,60|23,31/57,31=57,8,1,23,31
38,73|17,65|7,52|22,27|41,18|56,85|85,44|75,97|27,17|8,48|36,6|8,75|73,36|97,7|8,22|8,62|8,38|62,41|18,53|48,56/8,52=8,75,97,7,52
18,91|82,36|39,56|18,61|5,82|89,13|67,39|99,67|69,20|18,99|91,5|73,11|25,8|61,73|18,25|49,45|11,4|18,49|8,69|45,89/18,20=18,25,8,69,20
98,62|80,46|1,0|72,16|70,24|31,43|46,72|43,35|24,75|59,70|1,80|0,61|61,98|1,59|45,26|26,56|1,99|99,45|1,31|35,77/1,75=1,59,70,24,75
62,88|73,68|8,94|78,40|43,8|68,64|62,2|77,78|2,43|50,91|62,76|64,86|62,30|63,57|57,3|76,77|30,63|74,50|62,73|88,74/62,91=62,88,74,50,91
19,86|31,67|17,65|7,57|25,8|8,96|48,49|17,85|67,70|70,1|96,35|65,41|57,53|41,19|17,7|53,29|17,31|85,48|49,71|17,25/17,86=17,65,41,19,86
73,57|47,12|22,15|66,7|74,73|86,8|86,47|8,75|86,66|58,33|75,22|86,74|12,48|48,80|26,58|38,89|7,38|63,26|86,63|57,77/86,33=86,63,26,58,33
54,26|85,71|78,56|26,75|75,41|32,5|54,24|56,85|57,59|24,27|2,77|41,21|77,35|5,57|46,70|54,78|54,64|64,2|54,32|27,46/54,35=54,64,2,77,35
64,0|75,39|43,50|0,93|12,4|64,19|93,24|16,82|4,16|90,61|24,88|64,12|64,75|32,62|37,90|19,37|64,43|50,71|71,29|39,32/64,61=64,19,37,90,61
79,7|67,90|6,93|25,82|90,48|93,24|24,59|16,25|5,61|73,17|16,6|17,79|48,89|16,67|61,50|55,46|82,55|16,73|50,80|16,5/16,7=16,73,17,79,7
70,40|9,89|1,23|38,97|35,3|20,99|99,56|97,27|89,1|20,35|3,36|80,73|36,65|56,70|68,86|20,80|20,9|88,38|20,88|73,68/20,40=20,99,56,70,40
37,53|74,73|1,87|1,41|2,19|87,38|1,27|1,4|41,71|88,8|79,50|50,80|38,2|73,99|71,33|33,58|8,37|27,74|4,79|1,88/1,19=1,87,38,2,19
82,55|15,99|35,25|32,10|83,94|40,13|32,83|61,34|10,45|63,3|32,35|25,15|52,38|45,63|32,62|32,52|94,40|62,98|98,61|38,82/32,55=32,52,38,82,55
44,4|74,81|74,40|74,27|77,42|42,44|32,47|11,33|41,66|74,92|56,84|85,11|92,32|74,77|27,41|26,56|40,85|66,28|81,26|47,53/74,84=74,81,26,56,84
5,18|85,33|88,24|97,44|5,11|50,45|1,36|5,20|26,85|11,43|14,86|94,14|43,68|68,74|5,88|45,97|20,26|5,50|18,94|24,1/5,74=5,11,43,68,74
25,18|40,93|13,96|87,7|73,50|52,32|13,60|96,87|13,40|13,73|93,25|13,64|97,30|32,37|7,0|64,75|75,66|50,97|66,44|60,52/13,37=13,60,52,32,37
9,43|13,8|92,44|31,10|99,31|78,29|43,93|44,37|97,9|85,20|8,62|89,92|38,79|38,97|38,99|38,89|10,83|38,85|20,78|79,13/38,37=38,89,92,44,37
87,57|30,84|64,75|95,64|7,39|32,82|42,11|4,12|84,7|39,55|5,0|78,95|0,42|30,87|30,78|12,32|8,86|57,8|30,5|30,4/30,75=30,78,95,64,75
84,76|27,77|58,78|52,58|16,6|72,52|76,97|27,22|22,39|55,13|23,81|27,16|39,51|77,84|51,88|81,38|38,7|27,23|27,72|6,55/27,88=27,22,39,51,88
36,2|80,9|66,28|53,69|59,89|27,45|69,66|59,36|49,98|45,64|59,49|99,5|35,27|98,80|55,8|59,53|97,55|89,97|2,99|59,35/59,9=59,49,98,80,9
45,33|37,28|69,37|65,58|86,4|80,47|23,24|5,86|23,63|63,43|58,2|4,34|23,21|24,65|23,80|42,54|43,45|23,5|47,42|21,69/23,2=23,24,65,58,2
57,50|78,90|6,1|51,38|4,6|90,84|94,4|39,57|1,79|84,70|86,49|94,75|94,60|49,51|94,86|94,78|75,39|92,54|60,92|54,81/94,70=94,78,90,84,70
70,88|16,32|86,35|22,7|22,70|35,71|65,41|61,39|39,9|22,4|88,25|22,86|50,72|4,61|25,26|7,65|22,50|72,16|41,44|71,90/22,26=22,70,88,25,26
43,51|60,62|62,77|51,33|4,25|83,68|83,61|93,4|33,42|72,66|61,47|25,14|47,72|83,93|68,63|96,24|92,60|83,92|63,96|83,43/83,42=83,43,51,33,42
79,88|35,51|61,86|86,14|67,98|79,55|37,36|88,61|79,67|48,37|36,56|55,35|98,20|62,84|84,25|79,48|20,29|25,69|51,42|79,62/79,56=79,48,37,36,56
62,45|25,18|33,81|78,71|44,60|33,84|86,66|33,50|33,15|55,64|15,78|81,55|71,94|50,47|64,42|18,62|3,86|47,44|33,25|84,3/33,42=33,81,55,64,42
13,7|45,30|4,56|6,74|44,6|46,98|93,44|39,37|39,93|40,13|57,73|63,45|39,4|39,46|56,91|37,40|60,63|98,57|91,95|39,60/39,74=39,93,44,6,74
87,12|11,54|11,87|61,44|18,93|11,40|84,96|40,78|33,38|12,47|47,83|41,71|96,18|48,61|78,41|54,49|11,84|11,48|49,33|44,0/11,71=11,40,78,41,71
74,73|31,15|22,2|26,95|95,36|26,46|26,22|71,96|77,42|9,79|26,71|2,74|46,90|54,69|79,23|36,77|96,54|23,82|90,31|26,9/26,15=26,46,90,31,15
3,23|53,22|23,86|79,99|25,82|20,53|54,72|82,14|25,20|43,54|22,78|10,19|25,41|25,43|56,79|41,56|30,3|14,10|72,88|25,30/25,99=25,41,56,79,99
99,98|63,91|23,95|85,34|84,21|47,33|23,63|91,17|98,13|34,47|17,25|70,4|76,80|95,84|21,94|23,76|77,99|23,85|23,77|80,70/23,33=23,85,34,47,33
43,15|18,55|20,49|55,43|75,73|22,25|57,3|57,75|96,60|3,68|6,13|67,20|13,96|53,67|57,18|68,63|73,22|57,53|57,6|63,11/57,11=57,3,68,63,11
84,78|73,3|78,60|98,55|42,59|99,43|56,42|49,53|88,98|55,99|88,49|53,52|59,47|88,84|63,21|88,73|60,96|52,28|3,63|88,56/88,28=88,49,53,52,28
55,20|75,49|72,71|71,66|56,84|66,98|56,94|91,95|38,75|94,85|95,18|67,13|84,67|85,55|56,2|2,38|13,90|56,72|60,91|56,60/56,18=56,60,91,95,18
86,46|86,49|70,28|54,36|36,65|28,43|46,16|95,70|86,66|86,95|86,54|6,42|23,76|24,6|49,24|16,1|76,56|1,10|65,48|66,23/86,10=86,46,16,1,10
53,8|45,16|53,14|16,32|69,58|75,67|8,28|13,34|18,45|58,13|53,57|35,17|10,35|53,69|14,10|86,49|28,75|83,86|53,18|57,83/53,49=53,57,83,86,49
98,62|80,46|1,0|35,77|70,24|31,43|46,35|43,26|24,75|59,70|1,80|0,61|61,98|1,59|45,72|72,16|1,99|99,45|1,31|26,56/1,75=1,59,70,24,75
30,40|24,89|78,59|59,4|15,79|78,30|4,24|37,60|7,93|52,7|75,16|93,10|76,8|16,18|40,76|60,15|78,52|78,37|1,75|78,1/78,89=78,59,4,24,89
35,29|78,91|71,0|71,60|5,17|2,67|33,1|58,38|60,78|55,6|13,98|71,5|67,35|71,2|0,55|71,33|6,11|17,58|1,13|91,62/71,11=71,0,55,6,11
72,48|29,16|76,13|18,82|72,81|72,60|92,25|13,47|54,8|60,44|72,50|97,40|72,29|44,54|81,95|16,92|82,90|48,76|95,97|50,18/72,47=72,48,76,13,47
67,86|37,82|89,94|67,30|67,93|16,37|67,52|52,59|13,99|44,69|30,16|93,88|69,76|86,44|59,13|83,24|67,89|94,83|88,9|9,32/67,82=67,30,16,37,82
70,79|72,81|19,22|92,86|6,94|10,39|71,10|97,99|71,91|71,49|39,92|91,19|94,88|71,6|99,48|22,59|49,97|81,70|71,72|88,95/71,59=71,91,19,22,59
2,85|71,91|32,30|32,77|81,51|92,67|32,45|79,92|16,60|32,2|51,24|91,66|36,50|32,75|9,36|45,79|75,9|85,16|30,71|77,81/32,60=32,2,85,16,60
2,53|82,20|1,93|22,71|13,54|53,27|27,42|67,91|98,41|98,1|98,64|93,5|41,81|91,52|98,13|98,2|54,22|81,82|64,67|5,46/98,52=98,64,67,91,52
33,80|33,67|82,98|52,18|70,52|33,39|57,50|3,82|33,3|1,66|33,57|50,29|67,70|74,1|56,37|39,69|69,56|98,12|80,74|29,75/33,37=33,39,69,56,37
73,70|1,24|29,9|28,64|9,37|46,34|64,54|24,80|1,11|80,3|3,69|1,19|37,99|74,75|12,73|1,46|34,74|19,28|1,29|11,12/1,75=1,46,34,74,75
33,62|95,16|15,80|33,39|33,83|83,15|79,45|36,65|3,89|33,48|80,9|39,85|85,95|89,70|33,3|45,44|70,84|55,36|48,79|62,55/33,9=33,83,15,80,9
16,28|22,38|79,21|59,4|26,9|89,52|28,88|32,22|5,16|4,96|31,32|52,93|21,23|9,79|46,59|26,2|26,46|2,89|26,5|26,31/26,96=26,46,59,4,96
3,88|39,93|97,15|45,43|71,13|72,80|39,86|39,72|65,49|86,68|39,19|12,32|80,65|43,12|13,24|39,45|68,97|19,18|93,71|18,3/39,32=39,45,43,12,32
45,54|83,4|50,57|70,79|30,41|43,42|4,93|42,45|41,70|15,1|71,36|75,30|75,71|81,83|36,39|1,50|75,15|39,5|75,43|75,81/75,5=75,71,36,39,5
27,57|2,60|27,35|60,23|7,96|80,29|29,51|27,41|38,0|62,17|35,2|57,80|27,1|96,55|1,99|65,38|0,78|99,62|41,7|27,65/27,55=27,41,7,96,55
17,28|88,6|66,17|56,27|25,66|25,48|19,79|83,10|42,83|92,42|79,97|25,49|25,37|25,92|13,56|49,13|48,43|28,96|43,88|37,19/25,96=25,66,17,28,96
9,51|56,80|76,14|4,81|56,37|74,68|79,8|62,76|51,4|80,2|8,63|56,9|53,95|2,23|28,79|95,74|56,53|23,87|37,62|56,28/56,14=56,37,62,76,14
65,48|79,11|97,79|37,92|20,46|29,34|29,85|29,83|46,96|29,97|47,38|62,20|85,6|66,37|38,32|34,47|83,66|29,62|6,65|11,73/29,32=29,34,47,38,32
4,30|32,20|66,37|38,98|20,4|32,73|32,23|24,41|28,94|36,14|32,24|23,49|41,36|26,66|71,19|32,28|73,26|94,71|30,85|49,38/32,19=32,28,94,71,19
13,26|13,84|69,98|13,69|29,68|24,2|10,24|13,91|13,9|99,16|50,40|98,50|86,39|91,10|84,86|68,83|62,99|26,62|9,29|39,8/13,16=13,26,62,99,16
15,47|19,36|88,44|15,74|15,25|30,19|47,55|74,77|77,32|9,30|25,33|55,88|33,46|15,50|31,26|26,62|46,93|15,9|50,31|32,85/15,62=15,50,31,26,62
52,16|65,24|62,72|35,93|16,5|93,52|35,83|3,6|40,56|35,17|96,65|83,4|35,7|35,48|7,96|56,9|4,62|48,3|6,60|17,40/35,24=35,7,96,65,24
84,7|98,24|83,11|83,6|83,81|81,68|67,37|68,67|83,84|9,88|6,59|12,92|59,12|83,14|20,35|14,9|11,3|7,98|88,69|3,20/83,37=83,81,68,67,37
88,16|16,35|65,49|66,3|88,26|44,74|88,47|79,66|46,45|88,44|29,9|51,73|88,91|26,63|91,79|74,65|47,69|63,46|69,29|35,51/88,49=88,44,74,65,49
32,44|8,40|85,27|1,65|27,1|97,70|37,48|21,46|26,85|13,37|81,84|84,97|44,7|48,68|26,81|26,8|26,13|26,32|40,21|7,60/26,70=26,81,84,97,70
84,39|30,86|30,25|30,76|76,77|3,17|77,46|9,3|15,49|58,59|39,58|93,35|88,4|25,15|30,84|86,9|35,88|30,93|49,14|46,94/30,17=30,86,9,3,17
27,60|68,56|60,44|90,46|5,24|78,29|68,90|46,2|68,84|44,48|84,86|2,95|57,62|68,27|56,78|45,57|86,5|29,42|68,81|81,45/68,24=68,84,86,5,24
54,20|20,64|63,92|21,84|22,78|98,21|79,22|89,25|77,95|11,77|32,54|25,79|60,63|89,11|89,97|97,60|89,98|89,32|84,86|95,0/89,78=89,25,79,22,78
69,3|94,6|23,20|69,94|36,88|38,10|67,70|99,71|42,17|3,67|70,25|6,42|21,41|88,90|41,99|90,52|10,23|69,36|69,38|69,21/69,17=69,94,6,42,17
96,25|49,32|44,99|72,96|67,31|28,36|60,44|49,46|86,97|49,60|31,27|46,67|10,40|99,34|36,86|32,10|49,72|25,4|49,28|40,42/49,42=49,32,10,40,42
32,67|8,81|13,98|47,1|46,54|46,13|46,8|21,66|66,85|81,84|46,4|98,39|76,21|46,76|39,45|4,0|17,47|0,32|54,17|84,97/46,67=46,4,0,32,67
40,37|88,63|54,61|73,49|74,86|38,88|74,54|49,69|61,64|74,38|69,52|58,40|74,58|60,15|64,93|86,44|44,60|63,36|37,51|74,73/74,52=74,73,49,69,52
11,31|38,9|55,84|85,15|42,38|15,97|85,42|99,91|64,34|9,73|85,64|34,46|85,99|46,0|67,96|85,67|97,11|96,55|91,19|19,45/85,84=85,67,96,55,84
76,4|58,67|88,1|67,62|1,58|12,73|88,71|71,17|8,78|49,16|51,24|33,87|24,76|17,8|88,12|88,79|88,51|79,97|97,33|73,49/88,4=88,51,24,76,4
61,71|83,82|71,20|29,14|45,61|4,22|82,73|4,23|28,18|85,29|4,83|57,28|59,2|22,57|4,85|14,47|4,45|73,63|2,78|23,59/4,78=4,23,59,2,78
29,5|61,89|48,0|23,16|6,44|6,54|54,33|47,27|6,23|33,47|6,87|44,61|6,15|15,83|87,70|70,48|83,17|17,93|89,8|16,29/6,27=6,54,33,47,27
54,55|45,58|35,18|55,47|40,16|73,6|44,84|39,69|90,99|76,73|54,45|54,80|10,24|54,10|84,90|24,39|54,44|80,76|58,35|47,40/54,18=54,45,58,35,18
65,64|93,1|65,92|11,29|33,3|65,33|10,57|64,10|87,70|56,87|1,91|3,12|29,32|65,77|77,11|12,35|57,95|92,56|76,93|65,76/65,70=65,92,56,87,70
94,28|20,48|65,76|59,57|28,20|13,24|94,47|80,40|94,65|94,59|94,45|45,80|24,84|47,13|90,50|76,68|57,90|48,30|68,17|40,92/94,50=94,59,57,90,50
56,19|96,29|8,6|24,25|19,32|6,49|32,96|88,18|18,41|91,30|76,39|61,88|73,86|63,8|56,61|56,63|56,24|56,76|39,73|25,91/56,49=56,63,8,6,49
85,64|86,40|15,80|95,15|14,34|0,55|40,23|6,14|26,39|6,85|6,94|34,2|80,31|94,86|90,0|55,96|2,51|6,90|64,26|6,95/6,23=6,94,86,40,23
54,16|54,6|73,25|10,94|50,4|82,10|61,37|36,50|37,73|6,40|40,98|54,65|4,85|16,39|54,36|54,61|65,82|98,67|39,11|11,22/54,85=54,36,50,4,85
79,90|23,44|44,3|21,57|90,34|62,20|21,17|47,64|0,67|57,0|41,1|1,6|67,5|21,62|34,88|21,23|20,47|21,79|17,41|3,97/21,5=21,57,0,67,5
39,13|5,11|59,8|8,3|68,17|97,53|3,41|28,95|67,54|5,62|17,39|84,97|19,28|95,40|99,67|5,19|62,99|5,68|11,84|5,59/5,53=5,11,84,97,53
1,86|20,79|21,41|21,60|10,33|21,73|21,69|41,1|57,29|33,12|73,15|85,66|15,57|39,54|60,39|66,20|69,10|21,85|86,62|54,78/21,78=21,60,39,54,78
21,46|46,94|85,29|44,21|15,69|93,88|95,34|51,15|85,36|35,51|88,38|34,23|12,93|85,12|29,95|85,44|85,35|36,22|22,4|4,91/85,94=85,44,21,46,94
64,85|82,72|73,18|87,64|17,27|27,82|16,17|16,42|16,81|23,73|11,20|95,11|16,54|39,23|12,29|29,99|54,95|81,12|16,39|42,87/16,20=16,54,95,11,20
26,30|30,16|31,43|28,18|16,36|54,19|55,65|18,73|56,28|65,97|55,26|55,52|55,45|55,56|94,14|52,54|43,75|45,31|97,94|19,40/55,73=55,56,28,18,73
61,81|78,42|41,71|41,78|69,72|14,22|58,69|81,93|42,14|76,34|41,61|71,99|32,2|51,5|99,76|41,58|41,51|5,32|72,15|93,80/41,2=41,51,5,32,2
42,97|21,95|74,25|37,74|95,71|2,8|36,38|97,91|30,36|21,50|25,83|38,23|88,35|21,16|67,2|16,42|21,37|71,88|50,67|21,30/21,83=21,37,74,25,83
15,98|64,52|48,9|69,82|81,63|54,84|0,76|53,66|76,72|72,34|15,10|25,81|15,0|15,64|9,69|45,54|52,53|10,45|98,25|15,48/15,34=15,0,76,72,34
98,39|74,64|16,7|13,74|87,41|85,44|45,13|44,16|3,72|49,67|85,42|85,45|85,49|42,87|72,54|57,3|67,98|7,52|41,92|85,57/85,64=85,45,13,74,64
79,19|9,82|37,38|19,10|20,63|7,30|37,21|38,18|18,1|37,95|24,88|85,7|63,24|26,49|1,23|95,79|82,26|37,20|21,85|37,9/37,10=37,95,79,19,10
2,65|24,61|11,69|22,16|56,22|40,23|24,27|69,52|25,21|79,2|27,25|65,4|5,11|61,56|24,5|21,59|93,50|50,40|24,79|24,93/24,4=24,79,2,65,4
43,46|72,19|0,95|72,92|72,50|41,54|72,58|46,39|92,21|59,83|58,96|19,43|37,42|65,73|21,59|95,37|96,65|60,41|50,60|72,0/72,54=72,50,60,41,54
6,64|72,45|55,18|40,39|45,56|10,55|98,40|56,77|72,88|88,61|32,3|77,52|64,31|72,69|31,94|39,12|72,6|69,10|61,32|72,98/72,18=72,69,10,55,18
37,24|62,15|60,1|82,9|36,90|14,86|91,50|82,20|65,62|20,37|24,18|9,17|90,91|1,84|28,65|82,28|82,36|82,95|17,14|95,60/82,84=82,95,60,1,84
85,61|64,72|18,64|70,68|72,62|9,60|49,52|46,85|9,6|45,2|9,18|61,59|60,70|9,23|2,25|23,45|9,46|68,13|6,49|52,7/9,62=9,18,64,72,62
35,21|60,16|16,69|70,10|85,4|60,29|60,90|24,81|60,85|58,83|95,58|69,70|60,56|27,76|4,24|39,27|56,35|29,39|90,95|21,50/60,76=60,29,39,27,76
4,23|67,99|65,25|4,48|60,57|4,10|1,71|10,46|57,54|51,28|23,60|20,22|30,56|56,67|48,58|58,51|46,65|4,1|71,20|4,30/4,28=4,48,58,51,28
43,84|2,54|58,34|47,58|34,4|2,47|24,29|2,25|60,77|59,44|77,22|22,15|44,37|25,52|2,92|92,59|2,60|89,43|52,24|54,89/2,84=2,54,89,43,84
35,53|7,12|48,81|65,74|64,0|0,19|87,71|71,79|48,55|74,9|48,61|95,27|48,97|53,20|55,87|97,64|48,7|81,65|12,95|61,35/48,20=48,61,35,53,20
69,73|59,80|1,97|78,57|27,72|62,91|72,28|73,1|56,2|41,59|84,78|84,69|57,56|61,41|84,11|84,62|84,61|6,98|91,6|11,27/84,2=84,78,57,56,2
48,49|62,36|6,9|5,30|81,5|6,76|76,33|33,14|40,50|6,40|30,70|14,83|92,2|9,80|6,81|72,48|6,72|50,62|49,56|80,92/6,36=6,40,50,62,36
90,3|7,66|7,20|27,56|80,99|7,90|56,79|7,51|7,27|91,50|79,14|45,80|3,59|20,45|59,63|51,91|88,64|66,94|94,88|50,17/7,14=7,27,56,79,14
83,66|39,79|1,40|59,2|66,31|25,88|11,44|20,54|2,5|25,59|25,1|54,52|79,3|40,11|25,0|5,94|0,83|52,86|25,20|88,39/25,44=25,1,40,11,44
1,26|18,1|11,74|60,56|60,8|47,22|94,33|7,98|42,55|33,16|74,47|56,7|55,43|60,81|98,65|60,11|2,94|8,18|81,42|60,2/60,26=60,8,18,1,26
47,2|47,46|28,92|64,69|49,56|80,93|44,74|23,44|92,36|9,49|26,81|56,79|74,17|47,9|81,52|46,26|69,80|47,64|2,28|47,23/47,17=47,23,44,74,17
48,72|91,70|34,80|46,29|6,52|85,36|46,34|61,96|70,61|94,65|46,91|46,48|29,30|65,6|72,88|87,90|88,35|46,94|30,87|80,85/46,90=46,29,30,87,90
75,4|16,25|52,16|29,81|81,55|96,2|7,90|55,85|90,38|9,37|13,96|9,94|35,13|9,7|37,52|94,75|4,83|9,35|9,29|38,17/9,25=9,37,52,16,25
17,69|43,53|3,12|17,78|53,3|41,73|76,77|78,90|17,76|17,43|90,99|23,38|69,80|60,25|80,23|17,85|85,79|79,41|77,60|99,46/17,46=17,78,90,99,46
61,99|27,74|18,84|61,18|66,29|48,59|61,57|61,26|15,65|59,36|51,66|65,82|8,48|26,51|61,8|77,0|4,77|99,4|57,15|84,27/61,74=61,18,84,27,74
83,13|13,60|56,26|56,92|89,10|60,53|49,16|56,35|51,75|92,89|0,65|56,50|50,0|16,62|10,15|35,49|65,96|26,51|75,87|56,83/56,62=56,35,49,16,62
87,4|5,65|64,82|64,13|48,83|64,81|13,5|64,77|88,8|86,95|82,54|95,15|54,88|77,99|98,87|81,86|99,48|90,98|65,92|64,90/64,4=64,90,98,87,4
85,34|0,14|39,18|79,13|20,45|85,96|29,94|85,55|13,9|85,99|85,29|16,39|94,0|96,16|55,79|1,20|99,1|34,37|37,64|64,51/85,51=85,34,37,64,51
51,9|8,22|89,58|13,89|52,99|85,51|44,14|13,56|58,8|11,44|99,57|2,85|13,34|57,26|13,2|34,11|49,46|56,73|73,49|13,52/13,14=13,34,11,44,14
44,21|58,67|77,7|30,44|21,26|46,71|67,24|58,9|32,88|76,43|39,52|58,32|7,99|24,41|41,69|88,39|43,46|58,76|58,30|9,77/58,71=58,76,43,46,71
87,11|98,78|86,88|26,97|55,98|32,34|99,24|85,86|47,32|73,47|83,85|57,12|57,83|57,99|12,23|57,55|57,73|78,21|24,87|23,26/57,34=57,73,47,32,34
24,88|98,49|71,73|13,7|13,98|2,23|73,65|85,22|25,6|29,94|13,89|89,85|13,29|36,18|13,36|22,95|18,24|7,71|94,25|49,2/13,6=13,29,94,25,6
97,42|95,96|61,55|95,79|65,2|95,45|57,91|20,54|54,35|95,56|84,65|79,20|15,61|77,57|42,70|51,15|96,84|95,51|45,97|56,77/95,2=95,96,84,65,2
85,4|87,93|17,92|4,43|85,98|14,3|83,62|3,83|93,52|43,16|5,87|85,18|72,51|18,50|50,17|85,5|98,34|16,59|34,72|85,14/85,92=85,18,50,17,92
48,73|7,48|64,42|64,45|77,12|14,44|82,20|20,38|64,22|45,78|64,63|63,77|38,2|12,46|78,14|64,82|32,47|42,7|47,11|22,32/64,73=64,42,7,48,73
75,21|24,58|21,50|50,90|93,45|10,99|84,2|7,84|99,11|75,79|75,42|42,7|58,18|75,93|56,54|79,24|75,71|45,56|71,10|90,89/75,54=75,93,45,56,54
28,82|95,47|2,1|79,84|23,61|2,91|96,42|2,23|82,97|91,28|94,95|42,40|25,13|61,79|2,71|2,96|40,88|1,94|13,68|71,25/2,68=2,71,25,13,68
37,31|98,64|91,41|36,29|30,27|94,62|53,59|27,39|31,4|36,92|79,98|59,74|36,53|29,37|7,30|36,7|92,79|74,73|36,91|41,94/36,64=36,92,79,98,64
9,90|68,24|81,44|26,30|94,9|38,60|73,98|90,71|24,42|40,68|44,58|98,5|37,21|37,94|37,26|37,73|30,38|5,62|37,40|21,81/37,58=37,21,81,44,58
14,80|17,68|56,63|93,65|56,54|63,86|86,57|35,93|41,10|40,31|21,33|54,35|98,32|68,41|57,8|80,98|56,14|56,17|33,40|56,21/56,32=56,14,80,98,32
80,67|42,80|97,82|42,29|29,81|93,68|67,17|42,65|12,55|37,93|45,11|42,33|17,75|65,59|81,97|42,37|33,10|59,12|10,45|68,13/42,11=42,33,10,45,11
24,67|41,2|73,40|75,23|19,55|73,75|55,94|82,48|4,41|94,6|23,24|73,27|54,87|40,61|73,19|61,62|87,82|27,4|73,54|62,0/73,67=73,75,23,24,67
45,91|5,81|56,69|28,45|6,27|47,5|87,30|86,42|22,51|47,34|81,87|49,67|47,56|34,6|47,49|47,65|69,86|67,22|27,38|65,28/47,91=47,65,28,45,91
29,57|52,38|57,72|36,31|72,91|2,28|64,51|88,90|1,68|1,49|1,2|38,88|89,0|28,89|1,52|49,71|1,29|34,64|68,34|71,36/1,91=1,29,57,72,91
29,24|71,12|34,16|36,2|56,23|24,4|23,71|19,87|2,95|36,56|31,25|62,64|64,31|68,34|36,29|36,68|4,13|95,19|36,62|16,48/36,87=36,2,95,19,87
94,50|36,20|20,81|7,96|79,7|96,52|56,18|62,79|45,61|61,41|62,99|81,91|50,17|62,36|99,45|62,13|13,65|62,94|65,56|17,2/62,91=62,36,20,81,91
51,20|41,82|92,68|51,79|50,80|5,35|61,5|53,48|28,98|82,53|51,41|20,61|52,92|51,28|51,52|66,50|68,16|98,23|23,30|79,66/51,48=51,41,82,53,48
63,76|35,3|63,71|71,62|62,95|3,54|54,93|95,44|36,40|14,81|81,87|31,94|11,26|90,92|26,31|92,36|63,90|63,35|63,11|76,14/63,93=63,35,3,54,93
89,62|89,12|53,83|2,24|17,41|24,5|46,67|82,9|74,58|89,36|36,2|12,18|9,77|89,94|94,82|62,46|18,74|89,53|67,56|83,17/89,5=89,36,2,24,5
83,36|1,45|57,1|30,57|62,41|54,40|92,42|76,64|3,83|64,47|77,87|87,11|40,92|62,99|99,76|62,30|41,3|62,7|62,54|7,77/62,36=62,41,3,83,36
9,56|14,43|73,19|9,34|63,85|9,10|10,84|56,52|34,89|84,0|9,33|9,14|89,63|33,37|68,21|0,74|52,68|43,73|37,66|66,81/9,19=9,14,43,73,19
50,74|16,21|25,44|83,54|13,70|76,32|76,50|45,83|76,87|86,98|87,13|58,25|74,86|76,58|32,65|65,16|44,15|70,53|79,45|76,79/76,98=76,50,74,86,98
45,92|55,19|13,47|78,16|45,78|99,13|36,44|45,5|89,65|97,55|65,18|45,89|22,58|45,98|18,90|27,22|98,97|92,99|16,36|5,27/45,19=45,98,97,55,19
29,90|31,76|74,50|91,29|17,94|17,37|18,77|68,93|2,92|94,91|76,18|93,43|17,2|41,78|17,31|37,68|17,74|92,41|50,5|5,36/17,43=17,37,68,93,43
87,55|90,65|58,72|13,37|72,60|87,90|87,58|60,18|55,45|41,13|37,92|65,79|87,41|79,20|53,67|12,16|16,53|87,12|45,25|25,11/87,20=87,90,65,79,20
71,2|19,86|34,93|68,32|27,74|84,63|29,88|87,84|71,27|3,94|76,37|71,78|94,91|78,87|86,29|74,68|71,19|71,34|93,76|2,3/71,37=71,34,93,76,37
83,18|16,96|38,65|2,33|24,6|32,24|83,32|9,90|79,84|83,38|40,9|83,2|6,58|18,16|96,27|83,40|75,51|33,75|90,15|65,79/83,58=83,32,24,6,58
37,41|37,17|99,94|58,35|41,58|86,99|55,67|76,12|67,27|0,86|12,31|37,55|35,36|17,76|89,30|78,89|83,78|27,73|37,83|37,0/37,30=37,83,78,89,30
37,92|79,11|97,79|46,96|20,65|29,34|29,85|29,83|65,48|29,97|47,38|62,20|85,6|66,46|38,32|34,47|83,66|29,62|6,37|11,73/29,32=29,34,47,38,32
7,28|64,5|19,12|14,7|9,67|38,29|67,92|12,98|9,10|56,49|90,14|9,18|18,56|29,42|92,64|49,51|10,38|9,47|9,90|47,19/9,5=9,67,92,64,5
78,67|49,28|6,72|75,64|75,49|9,87|28,21|15,78|74,52|75,99|96,61|61,6|99,79|67,92|87,11|64,9|75,15|21,91|79,74|75,96/75,72=75,96,61,6,72
27,37|72,62|66,22|52,91|65,92|99,46|53,28|11,65|98,33|22,61|79,11|53,98|12,99|53,72|62,27|53,79|86,12|53,86|28,66|33,52/53,37=53,72,62,27,37
48,78|73,44|54,56|78,96|39,48|50,17|17,62|97,39|61,52|97,30|97,54|97,74|68,33|56,73|33,0|0,12|74,50|97,68|30,4|4,61/97,62=97,74,50,17,62
68,41|7,9|18,4|86,56|99,89|53,21|41,20|53,18|21,68|4,75|76,99|45,22|22,7|53,45|56,1|53,50|75,93|53,72|72,76|50,86/53,93=53,18,4,75,93
50,89|53,57|63,55|99,9|75,50|89,83|28,11|57,77|40,99|37,28|9,4|63,37|63,40|55,73|79,29|63,53|63,75|73,79|77,46|11,76/63,46=63,53,57,77,46
27,49|88,97|0,61|74,25|90,5|36,52|5,53|97,3|90,27|61,29|90,74|25,13|90,0|29,95|3,46|43,11|13,56|90,88|53,43|49,36/90,46=90,88,97,3,46
84,60|73,92|19,47|8,22|60,30|54,39|5,94|54,5|22,19|1,42|92,1|54,8|45,67|94,45|39,53|71,84|54,73|27,97|54,71|53,27/54,42=54,73,92,1,42
88,99|60,31|4,34|79,29|31,88|85,32|76,85|79,18|79,76|11,27|29,35|32,91|12,42|45,4|83,63|18,45|79,60|79,12|35,83|42,11/79,34=79,18,45,4,34
99,21|33,67|24,20|68,98|36,94|21,26|4,15|98,52|40,36|40,6|40,19|94,33|20,74|75,4|89,75|6,99|42,24|40,89|19,68|40,42/40,26=40,6,99,21,26
62,4|56,68|39,24|42,85|24,37|20,56|57,17|45,57|62,92|75,42|62,27|92,54|62,20|68,28|62,21|73,79|21,39|4,45|27,75|54,73/62,85=62,27,75,42,85
88,99|58,88|31,50|50,28|8,79|49,98|93,72|37,25|31,3|54,8|6,58|71,54|31,6|31,71|69,49|4,76|72,4|28,37|3,69|31,93/31,25=31,50,28,37,25
76,67|14,86|50,14|50,66|50,13|50,97|84,65|38,18|86,31|79,47|31,36|30,46|67,69|13,76|65,79|40,38|66,15|97,40|15,30|50,84/50,69=50,13,76,67,69
1,50|53,26|77,40|78,33|13,59|76,47|3,29|79,53|59,76|78,88|33,79|88,18|29,21|18,1|78,49|78,11|11,61|78,13|49,3|61,77/78,47=78,13,59,76,47
91,26|67,75|65,63|63,18|4,60|26,67|27,4|84,91|50,7|84,12|48,50|40,31|60,36|84,27|31,2|73,48|12,40|84,65|18,71|84,73/84,36=84,27,4,60,36
68,37|43,41|14,16|16,49|68,14|31,62|67,63|77,27|87,31|49,81|61,46|68,77|62,29|68,43|8,34|68,87|27,8|41,61|37,12|12,67/68,63=68,37,12,67,63
96,14|68,3|51,25|7,37|57,49|51,7|39,41|25,39|38,4|90,42|4,75|81,55|51,57|41,62|37,68|49,96|51,38|75,86|51,90|42,81/51,86=51,38,4,75,86
59,48|96,83|75,45|95,37|37,16|59,95|63,28|51,63|35,96|59,62|90,34|16,13|45,71|48,90|59,75|71,19|59,35|83,64|62,51|34,67/59,28=59,62,51,63,28
31,11|99,72|46,83|20,6|76,5|15,13|33,42|36,40|6,24|40,31|99,36|89,66|62,46|87,20|99,15|72,62|99,87|13,76|99,33|42,89/99,83=99,72,62,46,83
68,11|93,7|71,49|71,86|65,88|36,6|71,77|71,31|88,36|86,19|39,10|26,93|31,26|44,45|0,68|49,0|10,72|19,44|77,39|71,65/71,72=71,77,39,10,72
73,22|42,75|75,56|65,89|76,32|14,53|89,9|42,65|66,52|42,90|56,66|42,76|42,14|9,34|28,73|32,43|90,28|43,23|31,93|53,31/42,34=42,65,89,9,34
22,81|63,5|63,22|63,55|27,48|63,27|63,75|52,69|84,77|89,13|10,94|75,45|45,52|77,42|81,98|55,58|98,47|5,84|48,89|58,10/63,13=63,27,48,89,13
34,81|63,50|64,21|30,11|76,7|47,15|36,27|64,34|64,36|64,47|81,83|39,61|50,75|64,96|21,63|96,73|15,30|27,39|73,76|83,14/64,11=64,47,15,30,11
43,51|60,62|62,77|51,33|4,96|83,68|83,61|93,4|33,42|25,14|61,47|96,24|47,25|83,93|68,63|72,66|92,60|83,92|63,72|83,43/83,42=83,43,51,33,42
65,20|58,66|74,51|92,74|13,47|58,94|58,65|8,54|58,92|66,39|39,59|94,16|59,27|75,76|20,8|16,14|14,67|58,75|76,13|51,50/58,50=58,92,74,51,50
69,18|35,55|41,49|26,36|69,51|69,3|36,2|69,26|51,41|3,12|33,63|12,33|17,42|2,73|18,35|69,5|42,22|5,17|49,0|55,87/69,0=69,51,41,49,0
48,70|50,3|45,90|86,21|78,46|23,88|88,31|92,61|47,19|19,23|47,62|7,86|70,51|47,45|62,7|51,53|90,50|47,48|46,92|47,78/47,53=47,48,70,51,53
31,52|49,31|49,16|49,21|36,0|94,51|21,64|49,3|16,94|55,5|51,47|80,38|3,87|52,56|46,44|56,57|49,36|0,80|87,55|64,46/49,38=49,36,0,80,38
7,10|94,8|0,62|94,56|14,2|82,52|56,66|94,54|95,85|54,95|2,63|8,82|85,13|99,80|94,14|66,99|10,0|94,7|52,69|63,72/94,72=94,14,2,63,72
19,86|31,67|17,65|7,57|25,8|8,96|48,70|17,85|67,53|53,29|96,35|65,41|57,49|41,19|17,7|49,71|17,31|85,48|70,1|17,25/17,86=17,65,41,19,86
66,43|14,58|12,36|66,93|66,34|93,14|66,97|97,41|72,95|40,88|36,48|34,40|13,3|43,46|88,19|46,13|48,96|58,92|66,12|41,72/66,95=66,97,41,72,95
40,53|73,95|2,40|99,44|52,12|87,30|79,86|86,58|29,2|38,92|52,29|12,79|20,73|30,7|52,38|70,20|42,87|52,42|92,99|52,70/52,44=52,38,92,99,44
60,51|93,71|84,2|71,85|22,58|22,17|2,56|31,77|86,60|22,93|22,89|89,37|85,74|58,82|17,86|37,75|22,84|82,31|56,34|75,16/22,51=22,17,86,60,51
87,54|20,42|82,44|43,20|32,38|11,30|82,33|82,22|38,50|7,11|13,2|89,13|82,87|51,32|44,89|22,7|26,28|82,51|33,43|54,26/82,50=82,51,32,38,50
82,22|18,21|49,11|82,74|42,58|82,38|82,49|22,10|74,9|10,64|61,34|9,42|11,18|39,41|76,39|34,78|82,76|38,61|64,48|41,99/82,48=82,22,10,64,48
78,87|49,28|6,72|75,64|75,49|9,74|28,21|15,78|67,92|75,99|96,61|61,6|99,79|87,11|74,52|64,9|75,15|21,91|79,67|75,96/75,72=75,96,61,6,72
61,48|27,72|72,99|32,82|38,97|1,37|38,1|38,61|38,86|82,28|37,23|48,63|86,27|68,69|97,32|38,7|63,56|69,76|23,60|7,68/38,76=38,7,68,69,76
67,62|34,88|97,75|46,34|88,67|18,65|46,24|2,9|9,54|54,0|46,97|22,16|17,90|46,22|46,2|24,7|7,17|75,71|16,18|71,1/46,90=46,24,7,17,90
0,68|87,48|7,92|63,10|62,7|21,87|48,77|11,95|88,73|5,62|5,25|92,99|68,49|45,89|73,63|5,88|5,21|25,0|5,11|95,45/5,99=5,62,7,92,99
3,42|91,21|86,0|91,1|84,13|91,86|43,89|56,4|91,84|89,75|13,56|8,2|0,77|75,32|1,51|51,8|21,3|77,14|42,63|91,43/91,14=91,86,0,77,14
8,0|92,11|92,65|65,86|2,10|92,34|92,31|56,9|10,77|11,2|31,58|58,8|44,56|34,60|60,23|23,52|9,81|86,64|92,44|64,75/92,77=92,11,2,10,77
76,9|86,94|80,61|35,80|24,36|53,29|43,79|36,66|76,16|76,87|46,17|87,59|59,43|9,24|94,53|16,35|76,42|76,86|17,15|42,46/76,66=76,9,24,36,66
50,7|88,76|97,89|10,30|10,52|77,94|10,97|92,37|73,24|24,20|46,13|30,88|76,99|64,92|52,64|10,73|7,46|20,63|89,77|10,50/10,63=10,73,24,20,63
38,92|10,28|41,10|67,65|27,40|97,89|58,66|27,58|27,63|63,67|29,80|27,41|89,84|27,97|66,38|28,8|84,7|40,91|65,39|91,29/27,8=27,41,10,28,8
76,9|86,94|53,29|35,53|24,36|17,15|43,79|36,66|76,16|76,87|46,80|87,59|59,43|9,24|94,17|16,35|76,42|76,86|80,61|42,46/76,66=76,9,24,36,66
15,70|33,3|38,53|87,95|66,85|95,73|23,75|3,35|23,89|23,15|89,97|42,33|23,42|34,63|75,66|23,87|70,38|73,36|85,16|97,34/23,63=23,89,97,34,63
81,25|16,81|16,31|67,0|20,47|59,20|16,67|31,33|16,18|33,79|25,76|89,80|16,56|56,59|84,89|79,73|2,72|0,2|76,22|18,84/16,80=16,18,84,89,80
97,30|28,87|87,22|85,50|19,85|16,99|58,0|73,96|14,93|99,13|29,58|97,7|93,73|30,19|97,95|22,52|97,28|95,29|7,16|97,14/97,96=97,14,93,73,96
98,49|53,40|9,77|38,61|83,96|98,41|79,68|96,47|64,76|8,84|61,53|87,9|89,8|98,38|76,79|84,12|98,64|49,83|98,89|41,87/98,47=98,49,83,96,47
53,39|99,16|99,35|1,3|99,21|14,44|20,85|42,53|3,68|44,66|64,56|16,64|99,8|99,20|77,94|8,14|56,31|21,1|85,77|35,42/99,39=99,35,42,53,39
87,99|48,49|53,45|31,1|52,55|49,87|48,53|48,0|45,88|48,82|27,97|48,27|22,61|43,22|99,11|85,52|97,31|82,43|0,85|88,30/48,61=48,82,43,22,61
77,16|32,2|30,45|77,38|79,80|82,35|11,95|68,33|80,71|16,20|35,32|77,30|71,54|77,82|38,41|41,58|58,51|77,79|45,68|20,11/77,2=77,82,35,32,2
65,89|68,95|55,65|69,10|63,88|95,55|47,34|44,4|76,47|34,31|68,69|4,94|38,59|68,14|14,44|35,36|88,35|68,76|10,38|68,63/68,31=68,76,47,34,31
78,88|63,59|3,78|68,34|40,20|48,37|34,57|75,83|75,10|10,48|59,5|33,40|20,8|54,63|75,33|37,14|83,3|75,54|57,92|75,68/75,8=75,33,40,20,8
27,60|68,56|60,29|90,46|5,24|78,57|68,90|46,2|68,84|29,42|84,86|2,95|44,48|68,27|56,78|45,44|86,5|57,62|68,81|81,45/68,24=68,84,86,5,24
53,39|73,47|25,34|39,97|0,65|0,25|62,99|0,37|86,15|47,59|65,53|89,62|37,73|27,60|0,86|34,27|99,72|77,93|0,89|15,77/0,93=0,86,15,77,93
69,8|90,65|15,39|8,76|28,23|32,77|12,64|50,3|84,50|54,5|39,79|32,12|65,28|64,54|32,90|32,84|3,94|32,10|10,69|77,15/32,94=32,84,50,3,94
13,28|0,59|74,70|79,89|67,79|29,98|97,90|59,11|67,75|67,61|90,29|21,13|67,0|61,21|67,97|70,32|75,74|57,63|11,66|89,57/67,66=67,0,59,11,66
69,94|69,31|0,57|53,92|94,68|68,11|8,24|11,72|57,66|59,58|31,43|96,90|58,8|43,9|69,59|9,67|66,45|69,0|92,96|69,53/69,45=69,0,57,66,45
92,93|93,61|59,28|22,48|72,22|36,73|28,26|88,72|81,54|26,31|8,81|54,76|83,88|24,36|83,63|70,92|83,70|83,8|83,59|63,24/83,31=83,59,28,26,31
57,46|53,56|85,52|31,57|15,85|44,53|67,70|46,92|69,75|52,68|70,78|56,49|50,44|75,5|50,31|78,86|50,15|5,89|50,67|50,69/50,92=50,31,57,46,92
98,80|53,86|61,82|98,93|12,24|51,85|2,12|98,22|98,51|86,49|98,63|83,40|44,81|80,53|93,83|85,61|22,44|63,2|81,79|40,97/98,79=98,22,44,81,79
33,11|71,10|31,33|59,89|75,68|34,17|17,54|50,59|68,73|77,80|77,31|80,75|54,96|77,34|39,71|77,50|89,3|11,86|77,65|65,39/77,3=77,50,59,89,3
54,55|45,58|35,18|55,47|73,6|90,99|44,84|39,69|40,16|76,90|54,45|54,80|10,24|54,10|84,40|24,39|54,44|80,76|58,35|47,73/54,18=54,45,58,35,18
53,40|87,13|18,88|69,77|69,24|69,53|43,86|71,64|69,7|42,38|40,87|11,43|24,11|38,31|49,89|7,42|77,71|64,92|69,49|89,18/69,31=69,7,42,38,31
24,6|67,40|24,54|6,67|38,58|34,42|54,57|24,35|68,46|57,99|40,64|46,38|99,94|24,68|1,56|35,29|29,1|24,39|39,72|72,34/24,58=24,68,46,38,58
14,69|15,36|27,51|40,82|15,29|24,57|29,8|48,5|36,87|15,14|87,40|51,91|8,11|15,60|60,27|43,48|5,92|11,58|69,24|15,43/15,82=15,36,87,40,82
18,24|51,49|32,62|47,29|62,26|25,76|76,40|74,20|83,65|25,5|40,47|27,18|20,83|25,82|82,51|25,74|49,43|26,66|5,27|25,32/25,43=25,82,51,49,43
87,44|30,69|73,87|44,14|73,95|17,85|6,97|95,66|73,91|2,48|7,63|48,43|14,49|73,6|63,30|97,99|73,7|66,17|91,2|99,45/73,43=73,91,2,48,43
21,62|21,23|17,34|6,29|85,8|73,2|62,83|51,30|34,12|12,11|29,59|23,6|21,32|21,17|8,41|32,85|2,49|83,51|49,84|21,73/21,30=21,62,83,51,30
53,34|0,18|19,53|1,0|52,12|1,49|12,77|17,52|1,19|34,51|92,4|59,84|84,16|3,59|1,3|29,55|83,29|1,17|49,83|18,92/1,16=1,3,59,84,16
7,39|91,12|44,51|76,20|72,95|12,72|9,92|65,19|76,65|58,40|69,9|30,69|39,41|76,44|76,30|43,28|51,43|20,7|19,58|76,91/76,95=76,91,12,72,95
73,52|52,24|14,70|42,62|42,93|41,65|42,10|70,58|74,66|83,41|63,83|10,73|62,28|75,5|42,74|66,75|42,63|82,64|28,82|93,14/42,58=42,93,14,70,58
8,49|3,92|61,67|49,93|90,78|18,95|90,41|90,8|41,31|78,91|93,89|56,24|83,28|91,11|90,61|24,18|67,83|90,56|31,3|11,60/90,60=90,78,91,11,60
76,97|73,20|78,3|73,64|1,38|45,2|92,88|38,45|23,12|55,44|57,24|24,78|84,92|73,1|44,23|64,76|97,26|73,57|73,55|20,84/73,26=73,64,76,97,26
67,15|64,29|81,85|93,76|29,67|64,92|15,16|17,93|85,36|51,81|75,91|0,22|64,66|64,41|91,27|66,17|64,51|92,75|55,0|41,55/64,27=64,92,75,91,27
81,68|29,74|4,64|25,46|95,29|68,49|4,14|93,62|75,95|53,21|4,58|87,30|46,69|62,41|4,87|58,25|30,53|64,81|4,75|14,93/4,74=4,75,95,29,74
32,58|3,4|98,54|98,83|73,32|12,71|35,73|23,17|98,90|88,91|98,35|90,88|38,80|83,39|91,67|54,23|98,38|80,12|17,53|39,3/98,71=98,38,80,12,71
32,27|15,69|39,86|91,14|70,39|67,28|69,73|27,16|43,85|32,8|32,43|16,91|47,60|8,70|32,9|32,6|9,15|60,29|6,47|85,67/32,14=32,27,16,91,14
53,26|56,91|21,23|25,76|6,18|23,64|19,74|25,2|78,42|74,13|91,78|2,53|25,81|25,56|81,21|76,6|18,4|25,58|26,35|58,19/25,4=25,76,6,18,4
81,42|44,1|94,97|9,22|9,49|22,30|42,44|58,85|9,58|38,29|95,66|2,56|85,92|9,81|30,2|29,74|66,94|9,95|92,78|49,38/9,78=9,58,85,92,78
26,77|13,60|17,74|56,16|56,99|56,26|32,54|15,41|16,92|56,98|62,13|98,17|99,32|56,62|60,63|77,94|74,28|54,58|94,51|92,15/56,28=56,98,17,74,28
55,25|21,55|28,84|40,93|25,11|48,65|93,60|3,77|40,24|65,53|40,47|5,92|60,3|40,21|47,48|40,42|20,28|24,5|42,20|92,4/40,53=40,47,48,65,53
62,4|56,57|39,68|42,85|68,28|20,56|24,37|45,24|62,92|75,42|62,27|92,54|62,20|57,17|62,21|73,79|21,39|4,45|27,75|54,73/62,85=62,27,75,42,85
48,92|62,36|6,9|5,30|81,5|6,76|76,33|33,49|40,50|6,40|30,70|49,56|14,83|9,80|6,81|72,48|6,72|50,62|92,2|80,14/6,36=6,40,50,62,36
8,74|46,69|55,47|40,83|83,55|51,35|11,16|46,8|35,49|16,26|58,89|46,40|49,86|69,38|74,58|65,43|38,65|26,61|46,51|46,11/46,43=46,69,38,65,43
10,5|56,17|62,55|85,38|56,12|5,67|15,8|95,15|23,28|56,23|17,29|29,85|28,1|64,10|56,64|12,95|56,60|54,62|60,54|1,82/56,8=56,12,95,15,8
84,13|34,93|60,65|34,12|17,96|34,80|43,16|96,43|98,99|13,31|31,24|93,56|12,58|99,97|58,49|34,84|34,17|80,98|49,52|56,60/34,97=34,80,98,99,97
86,90|39,35|90,80|63,22|86,77|26,97|50,63|12,50|0,55|49,38|86,12|80,37|41,0|37,74|77,7|78,41|35,49|86,39|7,26|86,78/86,55=86,78,41,0,55
83,46|44,84|76,47|98,52|26,8|89,76|26,12|84,6|6,42|8,0|56,32|0,19|12,98|26,44|19,70|32,83|85,89|52,61|26,56|26,85/26,46=26,56,32,83,46
56,94|65,5|17,55|94,20|17,1|55,84|41,75|11,41|17,11|75,89|17,56|51,47|28,36|1,51|47,8|76,13|20,73|84,76|5,28|17,65/17,13=17,55,84,76,13
10,88|93,30|93,69|40,13|93,22|43,10|22,82|30,74|82,40|21,48|74,72|88,87|72,36|25,20|98,3|48,98|93,21|69,25|20,17|93,43/93,36=93,30,74,72,36
92,2|93,29|92,55|92,93|20,4|4,87|29,7|92,9|92,45|7,62|16,3|98,16|55,96|9,67|35,51|45,20|2,98|67,35|96,52|52,80/92,87=92,45,20,4,87
79,88|35,20|61,86|86,14|67,98|79,55|37,36|88,61|79,67|48,37|36,56|55,35|98,25|62,84|84,51|79,48|25,69|51,42|20,29|79,62/79,56=79,48,37,36,56
83,9|51,64|30,76|46,25|79,69|76,42|14,48|62,80|25,92|80,14|9,40|42,79|73,33|30,62|30,46|30,73|92,12|89,83|30,89|33,51/30,40=30,89,83,9,40
79,65|76,15|76,71|50,26|24,55|80,87|47,24|71,92|87,50|64,77|49,47|73,53|2,73|76,49|65,28|92,64|76,42|42,79|15,2|76,80/76,55=76,49,47,24,55
29,76|43,29|43,73|67,92|15,19|76,95|8,71|43,15|42,10|19,64|21,3|95,18|10,11|73,42|64,46|43,8|92,21|43,67|71,20|20,14/43,14=43,8,71,20,14
35,14|65,40|70,48|40,61|25,65|29,79|11,7|85,19|11,70|3,20|48,12|68,29|11,64|7,3|64,68|12,42|20,66|11,85|19,35|11,25/11,14=11,85,19,35,14
81,0|76,90|99,71|38,65|0,22|55,38|26,60|7,79|26,37|71,10|10,69|90,64|60,96|26,75|75,55|26,99|64,25|96,7|26,76|37,81/26,25=26,76,90,64,25
55,77|29,65|74,28|85,13|35,9|48,75|58,98|28,31|13,14|35,58|98,41|41,24|54,66|61,74|35,55|35,54|9,85|66,48|77,29|35,61/35,75=35,54,66,48,75
23,82|99,56|65,57|35,52|83,17|98,93|48,40|93,95|44,48|83,65|40,25|83,23|83,44|56,32|70,96|17,99|82,35|57,70|83,98|95,73/83,25=83,44,48,40,25
21,63|86,10|84,24|23,37|37,22|63,20|0,76|21,3|95,66|61,79|3,32|44,95|21,84|24,86|65,44|32,61|21,91|20,0|91,23|21,65/21,79=21,3,32,61,79
10,46|92,15|82,51|10,96|13,70|46,44|51,21|44,18|10,43|76,99|29,76|10,29|43,92|96,82|99,11|18,19|15,3|41,13|14,41|10,14/10,11=10,29,76,99,11
49,88|4,80|88,72|58,62|71,3|65,81|80,53|53,65|62,71|10,32|4,58|4,42|4,57|32,70|4,2|2,10|1,22|78,1|57,78|42,49/4,70=4,2,10,32,70
66,21|59,23|15,38|66,59|34,2|66,80|14,40|90,14|66,90|22,41|0,47|80,34|23,85|47,15|66,0|2,60|85,45|28,22|21,28|40,53/66,41=66,21,28,22,41
49,74|52,45|62,64|63,24|99,43|32,20|62,67|68,63|67,66|62,68|66,99|30,65|65,52|20,49|24,47|64,21|62,30|21,29|29,98|62,32/62,98=62,64,21,29,98
51,0|59,41|59,47|59,3|59,56|70,52|10,99|99,62|39,10|21,34|3,36|42,25|44,70|59,39|36,51|34,46|41,42|25,18|56,44|47,21/59,18=59,41,42,25,18
79,47|79,27|79,43|42,71|33,57|47,80|1,33|76,46|77,76|57,73|43,42|27,77|80,12|54,16|79,35|35,54|12,52|79,1|71,74|16,70/79,74=79,43,42,71,74
3,76|12,13|22,69|32,4|43,52|93,99|8,93|66,31|4,43|49,59|8,32|99,22|9,45|31,9|25,49|59,84|8,66|8,12|8,25|13,3/8,76=8,12,13,3,76
2,76|37,25|37,96|42,29|37,42|77,11|46,77|11,60|96,55|37,46|9,24|99,86|71,6|25,2|59,27|76,62|37,71|6,9|55,99|29,59/37,24=37,71,6,9,24
24,33|24,8|33,61|17,14|70,60|97,22|14,81|46,96|96,20|36,13|24,46|24,5|31,36|71,9|5,17|9,70|20,83|61,97|24,71|8,31/24,22=24,33,61,97,22
76,67|14,86|50,14|50,66|50,13|50,97|84,65|30,46|86,31|38,18|31,36|79,47|67,69|13,76|65,38|40,30|66,15|97,40|15,79|50,84/50,69=50,13,76,67,69
98,70|18,48|98,37|1,42|93,18|79,17|37,95|61,5|70,93|21,32|98,67|3,11|67,97|97,1|98,61|41,27|95,79|5,21|98,3|11,41/98,32=98,61,5,21,32
27,65|46,27|6,7|80,24|68,80|20,32|89,85|10,19|89,77|62,79|89,71|50,6|89,10|79,87|19,20|85,50|71,62|56,68|89,56|77,46/89,65=89,77,46,27,65
57,25|63,80|15,48|67,57|26,99|19,63|26,15|31,88|26,29|26,64|26,11|29,67|90,24|68,52|77,90|99,68|11,19|64,77|52,21|48,31/26,88=26,15,48,31,88
70,13|14,33|33,19|46,22|76,10|43,72|91,58|51,62|50,2|13,91|62,46|50,70|2,18|50,51|50,14|45,52|50,76|18,43|10,45|19,96/50,52=50,76,10,45,52
87,4|5,88|64,82|64,13|65,92|64,81|13,5|64,77|48,83|86,95|82,54|95,15|54,48|77,99|98,87|81,86|99,65|90,98|88,8|64,90/64,4=64,90,98,87,4
84,81|63,8|21,39|7,94|45,89|84,21|2,86|84,7|94,61|11,27|10,11|23,4|81,10|84,23|61,46|39,99|8,2|4,45|84,63|99,12/84,89=84,23,4,45,89
78,66|63,93|77,72|18,99|39,20|20,10|93,40|10,33|88,32|72,8|66,79|39,63|39,42|39,78|39,18|99,88|79,53|33,83|42,77|40,35/39,35=39,63,93,40,35
3,23|53,72|23,86|79,99|25,82|20,53|54,10|82,14|25,20|43,54|72,88|22,78|25,41|25,43|56,79|41,56|30,3|14,22|10,19|25,30/25,99=25,41,56,79,99
13,98|66,67|42,8|66,52|66,64|38,42|21,86|43,13|86,92|79,81|76,43|88,71|71,90|81,12|8,26|52,79|67,21|66,38|64,88|66,76/66,90=66,64,88,71,90
14,17|93,47|42,32|56,95|52,80|0,3|17,1|80,58|82,42|14,56|90,52|14,92|47,31|38,82|1,61|14,90|14,38|61,89|95,0|92,93/14,3=14,56,95,0,3
24,67|41,2|73,40|75,23|19,55|73,75|55,62|94,6|4,41|62,0|23,24|73,27|54,87|40,61|73,19|61,82|87,94|27,4|73,54|82,48/73,67=73,75,23,24,67
96,49|34,69|58,6|1,67|83,93|30,83|30,58|30,0|30,62|93,99|99,50|65,91|0,33|33,34|67,53|62,59|30,45|59,65|45,1|6,96/30,69=30,0,33,34,69
83,22|61,72|3,78|11,81|48,59|99,56|65,48|3,11|69,25|22,99|72,88|3,65|78,69|17,61|25,58|59,71|3,83|57,79|3,17|81,57/3,58=3,78,69,25,58
97,40|83,75|66,94|85,22|66,39|77,96|66,62|54,82|40,77|66,54|91,43|30,85|28,91|39,30|62,83|82,10|75,12|94,28|66,97|10,50/66,50=66,54,82,10,50
95,72|60,9|97,45|95,17|45,71|93,99|95,70|9,49|94,35|17,60|72,97|82,23|16,63|67,66|95,93|99,16|95,67|70,15|15,94|66,82/95,63=95,93,99,16,63
7,87|87,1|30,86|20,31|32,15|81,49|93,46|58,93|86,41|43,37|1,48|30,58|31,81|46,80|47,17|37,47|41,32|30,43|30,7|30,20/30,17=30,43,37,47,17
71,54|26,2|54,9|34,29|66,35|11,59|35,71|66,18|18,26|49,34|76,12|66,19|66,43|2,6|66,77|19,49|33,11|39,76|43,33|77,39/66,29=66,19,49,34,29
54,9|55,84|56,61|56,55|56,88|61,38|9,63|78,6|41,25|88,85|38,78|84,69|85,41|63,18|56,54|75,20|32,15|69,42|56,32|15,75/56,42=56,55,84,69,42
94,73|79,89|77,48|36,22|89,77|66,2|58,68|2,11|75,66|34,67|73,38|15,94|75,82|11,37|82,34|67,41|75,79|68,36|75,58|75,15/75,48=75,79,89,77,48
53,69|31,92|44,87|28,14|92,53|36,17|36,74|36,31|74,43|43,99|36,44|7,6|30,84|87,28|84,76|36,63|25,7|99,40|17,30|63,25/36,69=36,31,92,53,69
60,7|55,22|37,20|65,37|79,2|67,60|91,51|2,73|45,52|45,67|51,47|45,65|66,91|7,74|20,62|45,66|52,79|22,64|93,55|45,93/45,74=45,67,60,7,74
11,66|4,97|60,54|60,4|79,31|67,11|97,13|18,88|60,26|1,52|91,1|60,20|26,45|45,35|13,5|20,91|54,67|35,74|31,18|60,79/60,88=60,79,31,18,88
4,40|22,67|52,4|45,50|65,24|24,99|89,29|89,75|75,65|89,19|89,22|67,5|29,92|62,52|66,42|5,86|49,66|92,45|89,62|19,49/89,99=89,75,65,24,99
96,31|49,32|44,25|72,96|67,99|28,36|60,44|49,46|86,97|49,60|99,34|46,67|10,40|25,4|36,86|32,10|49,72|31,27|49,28|40,42/49,42=49,32,10,40,42
22,96|22,54|61,55|80,63|22,95|22,14|22,19|96,50|14,20|85,74|95,80|88,6|54,13|60,44|13,61|50,85|19,88|20,60|63,12|6,90/22,12=22,95,80,63,12
0,19|20,98|43,28|73,9|27,67|19,61|0,21|0,43|76,33|21,76|0,46|18,5|61,84|84,72|57,73|33,65|28,20|46,57|0,18|5,27/0,72=0,19,61,84,72
81,90|8,84|72,11|95,15|13,1|61,64|76,3|0,8|15,38|4,76|17,4|72,17|11,7|64,81|72,95|38,94|72,61|24,0|7,13|72,24/72,94=72,95,15,38,94
12,53|24,32|3,63|89,76|55,72|89,58|89,91|58,7|85,77|76,60|60,24|94,93|63,2|5,85|7,55|89,5|53,94|77,35|91,3|89,12/89,93=89,12,53,94,93
71,10|75,5|86,19|86,82|86,26|5,58|39,93|93,4|86,39|19,38|82,60|25,85|90,64|58,88|60,25|38,71|86,75|26,90|4,99|64,40/86,40=86,26,90,64,40
62,93|93,43|99,25|18,91|40,44|31,62|51,47|43,6|41,9|56,21|21,12|44,41|14,90|31,40|47,18|25,14|31,56|12,0|31,99|31,51/31,90=31,99,25,14,90
62,59|8,50|52,28|28,47|62,8|62,52|50,92|22,70|62,63|85,82|62,12|92,60|26,85|63,22|59,26|47,6|40,30|70,20|30,18|12,40/62,20=62,63,22,70,20
73,11|34,15|89,49|64,73|80,89|25,9|32,56|34,52|90,41|60,67|56,83|15,32|34,60|34,64|34,25|93,47|52,80|11,28|9,93|67,90/34,28=34,64,73,11,28
44,66|79,76|36,30|47,98|19,68|54,47|19,8|60,17|19,14|64,49|8,32|32,60|19,79|66,56|98,41|49,92|19,54|76,36|14,44|68,64/19,92=19,68,64,49,92
59,46|45,34|10,45|38,51|59,90|97,13|59,37|61,11|37,38|90,87|51,42|59,3|83,1|59,36|87,97|1,47|3,10|36,84|46,83|84,61/59,13=59,90,87,97,13
75,98|46,32|32,55|49,74|98,13|54,15|51,90|35,49|15,46|90,36|54,56|9,58|54,48|58,65|54,35|48,75|74,18|54,21|56,9|21,51/54,36=54,21,51,90,36
50,13|31,63|64,38|10,70|70,35|17,10|95,96|13,30|0,50|17,95|19,64|17,83|25,51|96,25|17,0|35,76|63,99|17,9|83,19|9,31/17,38=17,83,19,64,38
17,23|92,71|21,87|58,48|46,92|41,58|81,30|56,62|93,90|64,17|23,67|71,16|37,41|62,81|67,27|64,46|64,56|64,93|64,37|90,21/64,27=64,17,23,67,27
58,99|21,56|95,94|58,46|99,39|58,15|86,67|46,60|39,95|67,38|96,21|92,93|0,92|33,10|58,18|58,12|18,86|12,96|60,33|15,0/58,38=58,18,86,67,38
16,67|97,83|81,16|49,36|71,33|69,12|81,82|67,48|82,69|19,71|38,80|12,30|81,19|83,98|98,90|33,57|48,17|36,38|81,49|81,97/81,17=81,16,67,48,17
20,34|79,17|74,65|66,89|14,4|18,29|29,7|0,73|3,18|36,0|3,20|17,14|3,66|34,91|95,36|3,79|3,95|91,92|7,45|89,74/3,4=3,79,17,14,4
0,61|65,41|62,78|96,1|40,77|65,0|61,40|65,19|19,10|78,74|65,38|20,93|10,91|65,62|54,96|79,20|74,48|91,49|41,79|38,54/65,1=65,38,54,96,1
91,36|5,56|78,23|93,73|78,62|62,93|78,53|58,18|23,17|53,83|78,95|41,76|95,54|56,52|52,55|78,5|73,84|83,91|54,58|17,41/78,84=78,62,93,73,84
58,1|82,24|42,38|37,21|20,18|58,88|69,37|24,41|96,65|58,20|88,82|21,22|51,61|38,51|94,96|1,94|18,56|58,42|56,29|58,69/58,65=58,1,94,96,65
55,89|17,34|24,31|9,71|18,9|89,14|14,52|78,24|34,86|64,88|64,18|64,45|46,17|64,46|65,8|88,78|11,65|45,11|71,80|64,55/64,86=64,46,17,34,86
72,9|63,41|86,90|22,58|86,54|90,3|51,74|12,24|44,23|3,63|54,48|86,88|48,51|86,50|16,44|50,72|88,16|9,75|24,22|86,12/86,41=86,90,3,63,41
2,61|5,3|51,67|55,31|32,28|89,7|7,32|95,87|8,11|16,63|55,89|97,51|31,92|3,8|55,5|94,97|55,94|55,2|61,16|92,95/55,63=55,2,61,16,63
69,28|90,65|15,39|28,23|54,5|32,77|12,64|50,3|84,50|8,76|39,79|32,12|65,54|64,8|32,90|32,84|3,94|32,10|10,69|77,15/32,94=32,84,50,3,94
75,92|18,5|41,9|33,80|48,18|9,74|64,56|80,22|75,64|56,46|92,70|99,48|70,35|75,99|46,66|47,33|76,41|35,63|75,47|75,76/75,66=75,64,56,46,66
68,92|64,70|62,37|18,9|42,1|24,18|26,56|15,84|67,27|17,64|42,67|9,77|42,57|57,17|92,26|94,62|1,94|42,24|42,68|27,15/42,56=42,68,92,26,56
63,22|51,63|24,89|50,93|23,43|11,41|11,70|11,24|33,47|70,82|11,58|58,20|20,28|89,50|94,23|28,44|9,94|41,51|11,9|82,33/11,93=11,24,89,50,93
3,62|76,48|53,68|1,81|53,55|48,89|55,25|25,84|68,42|16,33|50,76|21,3|62,86|14,45|53,50|42,1|53,16|53,21|84,74|33,14/53,89=53,50,76,48,89
31,21|65,2|15,22|22,50|31,24|31,10|73,60|51,53|21,67|45,88|67,51|64,15|5,92|31,65|42,45|31,64|2,73|24,5|10,42|92,27/31,88=31,10,42,45,88
14,80|1,32|94,38|10,96|16,54|75,16|32,14|75,15|20,11|18,20|33,76|11,30|57,39|75,1|75,18|75,33|54,10|15,57|76,94|39,90/75,80=75,1,32,14,80
53,39|99,16|99,35|1,3|99,21|14,77|20,85|42,53|3,68|77,94|64,44|16,64|99,8|99,20|56,31|8,14|44,66|21,1|85,56|35,42/99,39=99,35,42,53,39
25,48|72,78|93,13|84,17|17,7|97,16|76,25|97,28|16,98|7,0|65,93|28,5|43,14|97,32|98,72|32,76|5,43|97,85|97,84|85,65/97,78=97,16,98,72,78
94,36|75,9|91,92|88,44|74,30|30,65|25,88|25,61|36,12|61,48|44,91|9,24|25,83|83,75|65,71|48,72|25,74|25,28|28,94|72,35/25,71=25,74,30,65,71
4,2|75,62|62,65|27,28|19,49|49,29|65,10|64,94|38,58|36,38|53,27|36,21|36,82|0,64|24,19|36,24|58,4|36,75|21,53|82,0/36,2=36,38,58,4,2
44,66|60,0|80,48|35,33|0,62|55,44|60,25|98,27|36,14|25,98|75,36|27,24|60,35|66,10|33,18|18,63|62,80|60,55|60,85|85,75/60,24=60,25,98,27,24
20,61|25,9|98,95|17,99|15,19|59,25|85,52|98,51|52,77|8,20|98,59|19,44|95,85|51,41|41,17|9,54|44,97|98,15|98,8|61,21/98,97=98,15,19,44,97
20,56|51,22|4,94|22,87|56,65|95,62|28,68|0,95|28,49|19,0|68,20|9,4|11,9|28,16|28,19|28,11|16,51|49,88|81,21|88,81/28,94=28,11,9,4,94
67,31|74,67|91,17|98,93|93,71|86,45|14,59|96,28|76,73|74,96|71,33|31,86|74,98|74,76|73,13|66,92|92,91|13,34|28,14|74,66/74,59=74,96,28,14,59
76,82|24,43|42,83|24,1|24,96|31,46|36,19|26,31|24,76|82,42|96,75|12,98|75,36|67,25|24,4|1,13|43,67|25,34|4,26|13,12/24,46=24,4,26,31,46
65,10|58,69|69,51|21,65|19,31|98,3|48,41|97,52|41,27|27,45|58,97|51,44|58,17|52,19|58,71|58,48|17,98|71,21|3,83|44,43/58,83=58,17,98,3,83
63,28|30,39|14,35|30,12|18,10|30,54|10,74|35,43|22,15|38,96|12,75|28,38|92,73|73,80|30,63|75,22|43,71|54,92|39,18|30,14/30,74=30,39,18,10,74
27,68|22,82|59,24|40,3|99,0|40,59|82,73|40,37|37,64|3,22|12,49|24,7|40,29|64,99|7,80|62,12|29,62|40,60|60,27|68,41/40,80=40,59,24,7,80
75,99|94,37|77,54|51,74|55,24|99,55|57,63|82,42|15,80|94,15|74,72|94,77|94,75|37,41|80,57|54,82|41,10|72,73|94,51|10,64/94,64=94,37,41,10,64
99,98|63,91|23,95|85,34|84,17|47,33|23,63|91,70|98,13|34,47|70,4|21,94|76,80|95,84|17,25|23,76|77,99|23,85|23,77|80,21/23,33=23,85,34,47,33
61,46|23,35|16,31|72,23|82,34|48,72|34,61|27,12|82,84|82,77|77,16|68,13|46,89|84,27|31,49|90,68|78,90|82,78|82,48|12,40/82,13=82,78,90,68,13
85,50|61,84|88,3|94,44|44,39|7,67|91,15|61,88|98,60|84,7|15,59|61,91|67,90|46,42|39,37|59,96|60,46|61,94|3,85|61,98/61,42=61,98,60,46,42
70,77|31,82|29,51|70,6|70,44|44,74|26,96|72,99|39,26|70,63|51,9|63,91|91,55|55,88|70,64|64,31|77,39|6,29|74,72|82,5/70,88=70,63,91,55,88
64,27|6,84|61,56|37,64|6,37|51,76|48,51|47,22|56,44|79,46|49,48|6,49|84,47|6,79|46,36|6,63|36,19|63,61|27,60|22,66/6,19=6,79,46,36,19
87,80|55,94|55,89|50,88|89,81|85,57|28,41|55,85|81,13|59,0|13,29|0,42|77,50|55,77|47,28|42,24|55,59|94,47|88,76|57,87/55,76=55,77,50,88,76
97,60|66,70|83,65|56,83|36,66|75,98|36,97|60,10|71,40|64,9|91,64|70,75|36,23|23,71|9,15|10,67|36,91|40,90|36,8|8,56/36,67=36,97,60,10,67
77,1|64,70|7,25|58,24|85,20|20,88|88,96|58,0|16,77|62,49|58,5|5,16|58,12|58,85|0,64|12,40|23,7|40,62|70,54|24,23/58,25=58,24,23,7,25
63,69|67,19|40,97|44,84|1,39|82,4|19,6|84,83|14,44|40,18|81,63|87,81|40,87|18,1|39,72|40,14|42,67|97,82|40,42|4,64/40,72=40,18,1,39,72
20,59|20,8|91,74|97,24|8,97|20,42|25,11|9,70|48,76|70,88|92,91|24,51|20,92|88,13|74,55|20,9|42,48|30,25|59,30|76,34/20,34=20,42,48,76,34
90,52|72,47|54,49|79,84|49,51|54,90|73,95|23,2|86,69|71,5|55,72|54,71|5,79|47,59|76,45|51,86|95,76|52,23|54,55|54,73/54,45=54,73,95,76,45
81,95|27,47|84,81|10,61|57,27|69,67|40,69|26,10|40,43|40,18|67,33|33,36|40,22|22,26|30,37|18,57|43,20|20,30|79,84|40,79/40,61=40,22,26,10,61
21,6|50,84|56,5|38,50|32,53|38,92|75,46|57,56|81,75|87,66|70,87|38,81|84,32|27,70|38,27|46,90|11,95|6,11|92,57|38,21/38,66=38,27,70,87,66
72,81|79,88|88,67|80,9|41,59|9,98|80,63|80,79|98,20|80,8|67,86|71,84|59,45|8,38|20,12|13,41|38,72|84,61|80,13|63,71/80,12=80,9,98,20,12
84,69|73,70|92,25|70,75|4,99|5,73|92,4|92,61|17,66|69,90|44,15|25,17|61,44|90,59|99,34|15,42|34,67|92,5|66,76|92,84/92,75=92,5,73,70,75
77,3|54,44|21,76|87,94|15,89|21,77|76,4|4,84|81,67|75,30|72,15|21,69|21,75|3,87|73,72|44,13|30,81|21,73|84,1|69,54/21,13=21,69,54,44,13
60,81|0,86|3,45|13,11|76,39|39,47|99,88|17,13|17,57|57,29|81,79|29,99|64,42|17,60|79,48|47,75|17,76|42,3|17,64|11,0/17,45=17,64,42,3,45
5,2|54,93|15,73|73,85|34,42|34,15|85,43|42,80|21,30|92,40|0,21|16,8|84,57|31,0|34,54|93,5|34,31|40,16|80,84|34,92/34,8=34,92,40,16,8
76,2|15,76|3,31|15,38|37,71|15,22|21,41|12,13|31,53|78,59|2,9|22,87|41,78|53,62|38,48|9,5|87,37|15,21|48,12|15,3/15,71=15,22,87,37,71
83,10|55,58|55,26|47,27|55,2|40,5|55,81|2,47|53,72|64,61|81,40|10,53|29,85|55,83|5,56|58,32|32,64|26,29|85,67|27,34/55,72=55,83,10,53,72
45,50|20,6|80,17|60,48|95,88|26,89|80,45|17,20|88,41|50,60|2,58|80,95|58,26|37,13|41,99|80,37|75,16|80,2|13,75|6,55/80,55=80,17,20,6,55
75,16|6,12|59,31|88,6|12,67|23,74|47,89|89,59|84,30|35,92|35,47|35,88|62,84|35,61|65,23|61,65|35,28|28,75|16,87|92,62/35,31=35,47,89,59,31
7,25|26,78|98,96|73,5|7,52|21,66|96,99|61,13|99,43|7,42|7,98|9,21|7,79|16,26|25,61|79,9|13,63|5,67|42,16|52,73/7,66=7,79,9,21,66
99,86|47,60|71,40|79,12|50,38|79,94|38,2|12,42|94,50|66,71|53,83|60,23|23,97|42,53|79,24|64,99|79,47|24,66|79,64|86,13/79,97=79,47,60,23,97
5,20|41,31|97,1|51,96|63,68|69,5|20,79|39,63|1,16|98,41|38,39|69,97|16,45|60,67|67,51|69,98|31,43|69,38|79,18|69,60/69,68=69,38,39,63,68
15,43|62,85|41,15|62,50|12,53|46,60|62,46|76,26|50,41|93,5|84,17|96,33|85,76|33,93|97,12|53,32|26,14|62,96|62,97|60,84/62,14=62,85,76,26,14
17,76|61,92|51,17|58,51|18,4|99,45|49,18|5,33|35,60|61,35|21,16|92,80|80,99|61,5|33,73|61,15|73,25|60,21|61,58|15,49/61,25=61,5,33,73,25
2,26|86,39|2,7|53,17|56,14|96,19|2,56|2,46|26,66|83,86|66,38|17,18|46,53|14,96|45,89|2,83|89,28|7,45|39,8|38,57/2,57=2,26,66,38,57
45,66|93,80|91,27|60,93|22,57|26,94|22,29|68,46|22,97|66,85|9,45|10,26|97,91|57,60|69,68|29,10|22,69|22,9|27,79|46,87/22,94=22,29,10,26,94
96,69|69,43|48,22|59,99|59,48|73,40|99,96|40,26|14,56|18,31|59,75|81,7|59,18|22,44|7,14|11,46|31,11|75,73|44,78|59,81/59,78=59,48,22,44,78
32,91|88,62|51,55|71,42|71,22|62,70|78,51|55,81|31,48|34,94|71,78|89,49|22,89|71,93|93,1|49,46|48,34|71,31|42,88|1,32/71,91=71,93,1,32,91
63,56|9,21|33,42|63,13|38,93|21,71|63,73|93,1|63,33|13,9|56,46|87,72|46,12|1,94|12,76|73,91|91,87|4,20|42,4|63,38/63,72=63,73,91,87,72
70,26|70,43|26,82|17,19|70,32|32,21|31,76|70,29|29,31|20,62|18,46|76,34|55,4|43,55|19,20|4,23|21,60|60,50|82,18|70,17/70,23=70,43,55,4,23
5,35|73,97|73,13|58,46|88,2|42,44|28,42|46,56|73,88|35,62|4,91|13,5|73,58|2,95|56,16|97,28|95,86|80,77|73,4|91,80/73,62=73,13,5,35,62
28,76|80,6|10,79|10,73|73,1|86,4|6,31|10,85|10,88|11,48|79,78|48,62|7,86|1,28|55,26|62,64|88,7|78,55|10,11|85,80/10,4=10,88,7,86,4
58,52|18,50|81,75|43,5|71,93|50,26|66,43|52,13|81,10|68,58|75,66|24,18|10,71|81,68|64,88|36,64|96,36|81,24|93,69|81,96/81,69=81,10,71,93,69
4,28|21,96|40,76|52,25|24,40|74,7|19,69|7,21|69,24|43,62|39,4|28,29|19,74|60,43|89,60|2,52|19,2|19,39|25,80|19,89/19,80=19,2,52,25,80
11,43|20,41|41,39|43,97|12,9|9,27|86,15|60,0|97,93|73,6|99,60|27,25|86,12|39,8|6,52|86,11|86,20|86,7|7,99|15,73/86,52=86,15,73,6,52
37,13|45,40|63,19|37,63|20,59|37,9|93,71|37,45|40,97|19,55|97,88|16,93|55,35|59,50|37,14|9,20|13,16|23,62|30,23|14,30/37,62=37,14,30,23,62
74,48|21,67|1,94|53,16|94,29|51,21|19,61|69,28|42,69|30,98|1,19|56,95|1,53|29,74|1,51|28,81|16,30|67,24|61,56|1,42/1,98=1,53,16,30,98
70,36|61,28|55,89|36,61|7,27|54,60|7,66|7,65|73,25|4,50|27,55|68,4|89,95|7,70|60,99|25,63|66,54|71,68|65,73|7,71/7,95=7,27,55,89,95
13,81|10,3|38,59|59,32|86,35|81,76|28,44|86,28|61,78|65,61|44,10|86,13|94,25|86,65|78,52|35,94|25,41|86,6|76,66|6,38/86,32=86,6,38,59,32
53,12|0,18|19,53|1,0|52,29|1,49|29,55|17,52|1,19|12,77|92,4|59,84|84,16|3,59|1,3|34,51|83,34|1,17|49,83|18,92/1,16=1,3,59,84,16
63,46|16,24|45,16|78,77|78,87|87,35|22,76|30,23|78,9|54,30|46,31|35,22|59,18|78,57|78,81|57,63|9,34|81,45|34,59|77,54/78,23=78,77,54,30,23
50,36|80,95|80,2|81,68|29,65|65,72|4,82|42,29|87,26|80,42|17,4|80,50|36,1|95,88|26,58|1,15|82,54|2,87|88,81|80,17/80,58=80,2,87,26,58
20,88|11,44|59,2|75,55|45,11|2,46|84,67|44,5|55,58|46,35|34,10|70,84|67,27|20,59|20,45|20,66|10,52|66,75|88,34|20,70/20,35=20,59,2,46,35
36,83|7,84|7,5|48,54|84,92|7,47|47,35|49,43|7,36|70,41|98,8|3,18|35,98|10,53|41,56|5,70|43,10|7,49|92,48|83,3/7,56=7,5,70,41,56
93,18|99,8|96,83|25,50|50,16|49,4|4,28|93,36|79,72|93,47|47,99|36,96|8,10|28,7|93,49|83,35|18,25|93,64|72,80|64,79/93,16=93,18,25,50,16
84,42|84,62|84,5|42,60|5,14|84,71|75,24|85,23|3,65|24,29|67,44|23,9|65,67|60,76|14,30|62,85|84,3|71,75|76,0|30,19/84,9=84,62,85,23,9
94,21|19,5|19,4|24,97|98,7|19,52|19,58|26,77|58,99|72,46|19,92|51,94|2,26|17,24|52,17|46,64|92,2|4,72|99,98|5,51/19,77=19,92,2,26,77
30,68|26,28|23,12|23,94|23,9|41,30|49,67|24,48|38,21|28,42|23,26|88,49|23,24|36,96|42,1|94,32|9,88|48,38|12,41|32,36/23,21=23,24,48,38,21
82,77|12,68|77,80|28,92|62,7|49,63|32,48|12,25|25,22|7,49|74,82|48,0|12,32|73,18|68,27|22,73|27,28|0,23|12,62|12,74/12,92=12,68,27,28,92
51,65|75,70|81,23|81,16|81,90|60,25|15,14|65,94|4,2|81,15|90,60|26,21|21,75|14,83|81,26|83,3|23,51|25,27|33,4|16,33/81,2=81,16,33,4,2
2,96|26,49|84,72|84,64|84,22|72,29|57,2|84,77|47,95|22,30|30,43|29,3|77,57|52,26|64,52|95,7|97,47|84,97|43,45|3,76/84,96=84,77,57,2,96
86,99|84,44|44,9|26,96|26,60|21,61|9,18|37,40|26,55|55,46|46,21|40,86|32,91|73,78|60,85|85,32|26,84|78,23|26,37|96,73/26,61=26,55,46,21,61
68,65|56,31|68,55|32,56|68,50|79,44|93,34|55,79|50,93|27,32|34,97|39,1|90,21|21,75|75,30|1,92|68,27|65,39|68,90|44,18/68,97=68,50,93,34,97
55,18|55,41|89,28|68,85|22,89|20,16|78,20|85,23|55,38|24,15|18,68|32,65|15,43|43,93|83,22|65,7|55,24|55,83|41,32|38,78/55,23=55,18,68,85,23
48,12|6,42|23,88|81,23|74,97|97,68|46,30|68,55|36,6|46,36|46,86|27,10|61,48|46,74|30,81|46,57|57,61|42,1|79,27|86,79/46,1=46,36,6,42,1
91,88|11,0|68,40|11,68|46,6|24,76|56,79|11,43|43,99|99,50|69,63|0,91|6,84|76,56|11,24|47,46|11,47|50,1|40,69|88,53/11,63=11,68,40,69,63
86,96|94,88|46,86|91,34|63,90|46,79|3,55|34,3|79,76|96,35|15,38|58,63|18,15|46,18|76,94|46,58|46,91|35,21|38,42|90,82/46,82=46,58,63,90,82
98,5|49,39|39,69|5,61|49,1|93,80|83,96|51,68|31,36|1,95|95,67|49,83|61,4|67,45|90,35|49,51|69,93|49,98|96,31|68,90/49,80=49,39,69,93,80
31,64|20,42|41,99|89,61|61,38|38,41|89,83|85,33|42,92|40,34|89,80|33,53|76,5|80,85|34,31|8,76|89,40|5,73|83,20|89,8/89,73=89,8,76,5,73
7,4|33,27|29,2|39,33|74,89|12,91|42,13|10,72|24,65|82,74|2,12|24,82|89,9|96,39|24,10|65,99|99,42|72,7|24,29|24,96/24,9=24,82,74,89,9
62,87|73,79|73,55|98,21|49,68|35,70|52,77|73,52|13,48|77,35|48,3|21,75|78,15|73,0|73,49|67,78|55,98|79,13|0,67|68,62/73,87=73,49,68,62,87
98,93|51,91|6,51|3,74|54,6|24,68|54,44|53,36|99,53|74,18|91,60|54,3|93,15|68,12|44,24|36,78|54,99|18,63|28,98|54,28/54,78=54,99,53,36,78
93,53|18,36|90,71|64,18|61,64|30,79|13,61|13,30|22,72|60,56|72,14|13,22|13,50|53,26|71,60|79,44|13,90|44,4|50,93|14,19/13,4=13,30,79,44,4
44,51|15,81|21,88|60,44|76,21|97,62|77,3|2,59|76,97|76,87|98,77|76,1|1,98|62,2|63,60|75,93|88,15|87,78|76,63|78,75/76,93=76,87,78,75,93
54,43|87,97|30,86|1,47|86,91|83,56|43,38|47,83|52,54|30,1|93,9|97,65|16,37|30,52|30,16|91,78|78,5|30,7|7,87|37,93/30,5=30,86,91,78,5
4,20|55,28|60,4|44,91|86,60|15,58|86,67|86,15|86,44|89,52|83,55|86,76|91,77|26,22|76,26|20,97|22,5|58,89|67,83|77,48/86,48=86,44,91,77,48
75,3|8,87|8,33|13,72|24,20|12,97|97,89|28,24|8,75|72,47|2,32|33,13|20,14|87,10|10,2|8,85|8,28|99,30|3,99|85,12/8,89=8,85,12,97,89
8,49|3,92|61,67|49,83|90,78|93,89|90,41|90,8|41,31|78,91|83,28|56,24|18,95|91,11|90,61|24,93|67,18|90,56|31,3|11,60/90,60=90,78,91,11,60
41,44|36,35|26,57|86,36|44,25|54,3|41,87|49,29|87,59|67,92|61,32|39,51|41,61|25,39|59,54|11,86|41,67|92,26|41,11|32,49/41,57=41,67,92,26,57
93,9|74,44|43,80|25,60|48,91|80,55|97,48|60,2|13,51|93,53|44,13|2,63|53,59|93,97|85,47|91,79|93,74|93,25|59,85|9,43/93,47=93,53,59,85,47
35,13|16,36|69,0|85,39|87,31|72,69|74,72|39,52|31,85|27,50|50,79|67,35|87,41|41,27|36,78|34,67|87,74|78,15|87,34|87,16/87,79=87,41,27,50,79
22,96|22,54|60,44|80,63|22,95|22,14|22,19|96,50|14,20|85,74|95,80|88,61|54,13|6,90|13,60|50,85|19,88|20,6|63,12|61,55/22,12=22,95,80,63,12
96,87|30,19|67,26|21,96|37,44|26,95|18,30|77,57|78,77|34,37|57,49|67,21|44,11|67,22|95,28|87,29|28,24|22,18|67,34|67,78/67,49=67,78,77,57,49
20,96|8,43|12,20|28,81|81,85|40,31|37,12|56,38|28,56|86,83|28,91|38,8|78,69|28,37|32,40|85,86|91,3|28,6|3,78|6,32/28,96=28,37,12,20,96
47,2|47,46|28,56|64,69|49,80|92,36|44,74|23,44|56,79|9,49|26,81|80,93|74,17|47,9|81,52|46,26|69,92|47,64|2,28|47,23/47,17=47,23,44,74,17
62,89|97,43|68,34|60,17|62,19|15,48|17,91|89,14|62,29|65,77|1,60|14,15|38,49|63,65|22,38|62,1|62,68|19,22|34,97|29,63/62,49=62,19,22,38,49
87,44|30,69|73,87|44,99|73,95|14,49|6,97|95,66|73,91|2,48|7,63|48,43|99,45|73,6|63,30|97,17|73,7|66,14|91,2|17,85/73,43=73,91,2,48,43
49,65|4,80|65,81|58,62|71,3|1,22|80,53|53,1|62,71|10,32|4,58|4,42|4,57|32,70|4,2|2,10|88,72|78,88|57,78|42,49/4,70=4,2,10,32,70
41,63|23,41|51,38|73,45|81,61|38,81|63,31|40,88|51,23|66,50|51,39|93,97|61,15|51,93|97,40|45,59|27,73|51,27|50,43|39,66/51,88=51,93,97,40,88
91,11|42,2|36,99|58,4|64,30|64,20|64,52|52,63|83,55|64,91|30,36|20,83|64,26|26,94|99,7|23,76|94,23|55,77|63,42|11,58/64,4=64,91,11,58,4
89,82|71,0|83,50|83,32|83,77|83,68|77,10|10,45|27,37|79,71|32,98|50,16|98,22|37,89|16,38|22,91|83,27|45,4|68,79|38,12/83,12=83,50,16,38,12
67,58|68,3|92,33|68,92|35,13|73,59|68,49|74,96|49,23|69,63|68,73|3,28|80,25|33,35|96,86|59,67|28,80|86,65|68,74|23,69/68,13=68,92,33,35,13
6,11|24,63|98,99|78,80|7,94|99,43|15,33|81,86|2,78|85,93|98,7|63,3|43,15|98,24|93,6|5,2|3,92|94,81|98,5|98,85/98,80=98,5,2,78,80
76,68|25,14|38,8|31,72|13,89|59,31|85,13|81,57|57,60|60,49|8,93|93,95|14,76|81,97|97,59|89,42|49,75|81,25|81,38|81,85/81,42=81,85,13,89,42
70,68|29,95|3,63|95,3|65,9|33,14|96,51|1,0|46,96|41,46|70,41|0,57|70,33|70,82|68,1|70,29|14,65|82,54|38,44|54,38/70,51=70,41,46,96,51
40,47|75,70|4,15|52,50|47,52|67,64|50,96|15,84|48,28|28,2|2,3|8,67|40,82|40,48|40,56|56,75|82,4|40,8|70,13|64,89/40,96=40,47,52,50,96
43,62|79,18|58,41|12,93|92,43|35,74|79,58|41,17|88,84|73,82|79,34|34,35|79,88|25,73|18,25|84,12|17,5|36,92|79,36|74,7/79,62=79,36,92,43,62
39,79|28,64|39,3|89,51|39,10|1,31|57,1|60,74|10,28|73,55|39,38|92,0|3,57|79,41|41,92|64,30|55,91|74,89|38,73|39,60/39,0=39,79,41,92,0
90,36|60,53|78,75|94,18|75,35|54,72|35,15|82,94|18,54|71,59|82,60|82,78|74,13|36,71|20,74|53,46|13,6|82,20|82,90|46,47/82,6=82,20,74,13,6
45,72|52,74|20,55|64,77|47,64|39,62|77,0|9,1|92,15|9,47|80,18|43,92|9,45|1,52|15,51|9,43|18,20|9,80|72,39|74,25/9,55=9,80,18,20,55
86,92|74,99|96,59|78,67|76,88|76,74|88,45|84,78|76,79|99,96|76,48|79,42|36,84|76,36|3,86|81,51|31,28|42,81|45,31|48,3/76,59=76,74,99,96,59
17,30|28,62|53,4|92,65|4,76|30,36|3,63|26,92|65,24|0,28|36,77|76,38|3,17|9,31|3,9|12,68|63,0|3,53|3,26|31,12/3,77=3,17,30,36,77
48,63|19,98|51,42|42,91|16,0|64,16|33,67|14,33|64,18|63,89|18,93|46,37|64,84|64,8|8,48|64,51|91,58|84,14|0,19|93,46/64,89=64,8,48,63,89
53,92|22,68|5,84|84,95|59,63|26,66|30,22|3,26|56,94|59,30|59,53|85,3|68,31|59,85|95,98|92,2|94,58|59,5|2,35|63,56/59,31=59,30,22,68,31
91,67|32,58|98,54|98,83|73,91|12,71|35,73|23,17|98,90|88,3|98,35|90,88|38,80|83,39|3,4|54,23|98,38|80,12|17,53|39,32/98,71=98,38,80,12,71
77,0|86,77|71,67|56,40|86,6|86,8|86,81|92,65|40,37|72,45|38,72|81,95|95,64|64,4|86,74|74,79|6,56|79,92|0,71|8,38/86,65=86,74,79,92,65
67,0|64,29|81,85|15,16|29,67|64,92|0,22|17,15|85,36|51,81|75,91|93,76|64,66|64,41|91,27|66,17|64,51|92,75|55,93|41,55/64,27=64,92,75,91,27
55,76|0,16|16,92|91,88|91,72|10,99|88,5|5,93|72,19|76,61|91,26|26,13|61,32|75,48|22,0|91,55|93,94|91,22|13,75|19,10/91,94=91,88,5,93,94
6,90|6,50|90,5|31,79|21,38|61,44|44,49|5,36|60,92|38,27|92,72|6,60|6,11|37,31|72,70|36,35|10,37|6,10|11,21|50,61/6,35=6,90,5,36,35
53,35|19,25|8,30|84,14|14,1|17,8|25,22|35,24|60,17|26,72|23,19|23,76|23,60|64,26|58,84|76,53|23,58|22,75|72,59|23,64/23,30=23,60,17,8,30
31,25|61,24|54,70|85,47|53,31|64,87|64,58|24,5|8,53|38,32|47,12|64,85|87,54|5,90|64,8|70,40|58,60|60,38|12,88|64,61/64,32=64,58,60,38,32
9,41|72,33|58,82|39,83|39,49|88,24|92,58|39,63|60,9|95,76|77,47|63,66|76,72|44,88|41,29|49,92|83,44|39,95|39,60|66,77/39,24=39,83,44,88,24
93,86|40,99|77,56|80,37|67,81|7,73|58,41|97,93|77,74|14,2|73,33|2,40|21,97|74,7|77,21|41,75|77,80|56,58|37,67|77,14/77,99=77,14,2,40,99
75,24|92,80|62,95|85,28|50,92|30,7|31,62|24,84|31,20|95,26|31,79|31,75|26,18|7,60|22,85|84,39|20,50|31,93|79,30|93,22/31,18=31,62,95,26,18
70,28|99,27|60,72|28,69|46,60|96,94|20,61|94,81|61,97|15,46|15,74|3,70|83,20|72,51|15,62|15,83|27,33|62,96|15,3|74,99/15,51=15,46,60,72,51
8,50|92,37|36,30|25,12|30,40|78,11|28,14|12,93|4,3|11,8|4,78|4,73|46,28|40,31|73,46|37,95|3,92|4,36|93,83|4,25/4,31=4,36,30,40,31
87,70|18,25|53,39|87,72|70,48|25,36|48,20|33,29|30,53|42,34|52,47|17,18|39,8|47,33|87,52|87,17|72,68|20,14|87,30|68,42/87,29=87,52,47,33,29
49,30|52,0|2,55|0,81|2,53|58,33|70,34|55,50|8,56|53,21|21,58|81,26|76,29|50,49|57,37|2,8|2,76|29,57|2,52|56,70/2,30=2,55,50,49,30
56,4|60,55|17,19|71,42|42,57|18,56|12,43|43,71|83,21|12,97|52,60|97,11|4,74|11,17|48,67|12,18|68,52|21,48|12,83|12,68/12,67=12,83,21,48,67
44,41|58,67|77,21|30,44|41,69|46,71|67,24|58,9|32,88|76,43|39,52|58,32|21,26|24,7|7,99|88,39|43,46|58,76|58,30|9,77/58,71=58,76,43,46,71
22,43|48,22|77,79|34,14|46,12|81,91|84,54|91,46|81,65|81,77|97,48|81,97|65,21|21,44|81,34|68,24|12,75|44,36|79,68|14,84/81,36=81,65,21,44,36
82,22|42,58|49,11|82,74|41,99|82,38|82,49|22,10|74,9|10,64|61,34|9,41|11,42|39,18|76,39|34,78|82,76|38,61|64,48|18,21/82,48=82,22,10,64,48
15,43|37,28|94,27|17,62|77,32|84,15|26,90|32,26|66,40|35,66|84,77|84,73|84,22|43,39|39,64|22,35|28,7|84,94|73,37|27,17/84,64=84,15,43,39,64
17,48|87,14|33,87|33,72|72,39|39,75|81,34|64,49|48,51|33,17|90,64|33,90|51,38|36,81|54,36|33,54|14,96|75,19|49,43|96,95/33,43=33,90,64,49,43
12,72|99,21|49,55|53,78|40,37|88,14|48,3|2,53|2,48|20,71|67,20|78,99|37,49|71,57|2,88|3,32|2,40|2,67|14,12|32,77/2,21=2,53,78,99,21
54,9|55,84|56,61|56,55|56,88|61,38|9,63|41,25|75,20|88,85|38,41|84,69|85,75|63,18|56,54|78,6|32,15|69,42|56,32|15,78/56,42=56,55,84,69,42
81,97|81,47|0,90|81,49|81,67|81,0|46,13|97,92|92,43|93,4|67,93|80,46|66,20|88,30|4,52|49,61|61,66|47,80|43,24|90,88/81,13=81,47,80,46,13
31,82|22,16|30,32|10,12|86,53|40,31|86,22|75,40|53,67|7,44|79,59|67,10|32,7|72,69|16,79|86,72|69,64|64,4|86,75|86,30/86,82=86,75,40,31,82
41,31|41,12|42,89|41,84|89,70|91,23|41,39|30,42|14,5|41,30|37,19|16,14|9,91|92,33|31,16|39,40|40,92|84,9|12,56|56,37/41,70=41,30,42,89,70
51,56|27,51|3,57|93,27|57,0|67,55|55,85|93,52|88,73|43,50|73,74|93,88|85,8|93,43|93,67|74,17|48,38|50,48|56,49|52,3/93,49=93,27,51,56,49
22,28|2,67|68,0|67,68|64,53|76,33|51,41|2,6|2,36|35,64|43,76|33,62|2,51|36,19|19,75|75,4|6,35|0,20|41,22|2,43/2,20=2,67,68,0,20
78,67|74,99|96,59|31,28|76,88|76,74|88,45|84,31|76,79|99,96|76,48|79,42|36,84|76,36|3,78|81,51|86,92|42,81|45,86|48,3/76,59=76,74,99,96,59
98,70|79,17|98,37|1,42|93,79|41,27|37,95|61,5|70,93|21,32|98,67|3,11|67,97|97,1|98,61|18,48|95,41|5,21|98,3|11,18/98,32=98,61,5,21,32
41,31|41,12|42,89|41,84|89,70|91,23|41,39|30,42|92,33|41,30|14,5|16,92|9,91|37,19|31,16|39,40|40,37|84,9|12,56|56,14/41,70=41,30,42,89,70
44,70|49,64|4,77|54,18|64,51|77,41|98,87|49,4|34,54|5,34|39,78|22,98|78,61|49,5|57,22|61,23|41,38|49,57|51,44|49,39/49,87=49,57,22,98,87
86,65|81,51|51,57|84,81|39,83|3,45|43,13|57,64|29,86|84,66|84,47|66,43|84,39|84,29|83,3|65,6|48,89|91,48|47,91|13,71/84,45=84,39,83,3,45
60,61|60,51|53,12|51,41|91,15|35,31|60,53|41,77|60,91|77,67|30,89|60,30|72,47|85,11|61,85|15,35|11,64|89,26|12,72|26,84/60,67=60,51,41,77,67
58,50|18,64|81,75|43,5|71,93|64,88|66,43|50,26|81,10|68,58|75,66|24,18|10,71|81,68|52,13|36,52|96,36|81,24|93,69|81,96/81,69=81,10,71,93,69
93,32|91,62|92,10|49,60|81,66|1,12|55,92|52,55|60,30|49,57|30,29|29,17|49,1|57,81|49,52|12,91|66,28|67,93|49,7|7,67/49,17=49,60,30,29,17
97,60|66,70|9,15|56,9|36,66|75,98|36,97|60,10|71,83|64,40|91,64|70,75|36,23|23,71|40,90|10,67|36,91|83,65|36,8|8,56/36,67=36,97,60,10,67
41,78|31,76|74,50|91,41|17,94|17,37|18,77|68,93|2,92|94,91|76,18|93,43|17,2|5,36|17,31|37,68|17,74|92,5|50,29|29,90/17,43=17,37,68,93,43
67,73|46,19|70,99|25,95|73,98|22,53|94,71|90,46|53,70|71,90|13,66|94,6|79,13|94,89|6,67|89,15|66,11|15,25|94,79|94,22/94,11=94,79,13,66,11
84,27|54,92|27,29|92,32|62,61|34,36|58,54|61,12|58,57|58,73|6,34|58,4|73,53|32,64|56,6|58,56|57,84|4,62|93,11|53,93/58,64=58,54,92,32,64
48,72|91,70|34,80|46,29|61,96|85,36|46,34|88,35|70,88|94,65|46,91|46,48|29,30|65,61|72,6|87,90|6,52|46,94|30,87|80,85/46,90=46,29,30,87,90
40,25|4,30|3,62|22,87|90,68|97,23|4,8|4,22|6,56|82,90|30,40|68,34|4,78|56,72|25,5|8,6|78,3|87,97|62,88|4,82/4,23=4,22,87,97,23
69,79|26,69|26,90|34,88|26,34|88,13|92,58|53,83|13,8|79,75|47,93|87,53|90,95|75,67|83,21|95,52|26,87|58,47|26,92|52,71/26,8=26,34,88,13,8
97,24|24,41|86,95|60,8|87,56|0,60|82,0|97,57|57,11|46,83|97,82|97,86|41,99|99,22|33,76|95,46|76,87|91,15|11,91|97,33/97,83=97,86,95,46,83
90,13|35,90|9,98|63,89|40,5|35,36|76,6|16,68|98,40|6,86|1,76|89,52|13,30|35,1|36,16|68,25|30,7|31,63|35,9|35,31/35,25=35,36,16,68,25
3,80|81,27|25,49|44,15|80,84|38,88|25,77|77,42|25,96|74,79|15,59|92,52|52,38|49,3|96,44|91,72|25,92|42,81|79,91|25,74/25,88=25,92,52,38,88
40,0|96,99|50,90|68,75|97,63|75,62|24,40|50,24|91,47|90,65|63,83|50,96|50,68|99,91|0,25|65,5|7,97|5,46|50,7|62,98/50,46=50,90,65,5,46
93,55|31,93|80,72|21,42|55,77|96,24|22,96|50,91|20,50|77,84|31,22|44,98|24,28|83,80|31,83|72,12|91,97|42,44|31,21|31,20/31,12=31,83,80,72,12
0,19|20,98|43,28|27,67|33,65|19,61|0,21|0,43|76,73|21,76|0,46|18,5|61,84|84,72|57,27|73,9|28,20|46,57|0,18|5,33/0,72=0,19,61,84,72
80,44|86,85|64,57|80,86|80,64|44,5|17,65|85,17|37,74|80,37|80,35|35,36|5,60|74,58|72,77|57,72|60,54|76,84|58,14|36,76/80,84=80,35,36,76,84
23,43|51,23|24,89|50,93|28,44|11,41|11,70|11,24|33,47|70,82|11,58|58,20|20,63|89,50|94,28|63,22|9,94|41,51|11,9|82,33/11,93=11,24,89,50,93
73,92|43,70|43,73|34,6|58,49|70,32|43,81|3,65|76,20|74,58|28,13|32,3|18,98|81,18|92,28|43,37|20,34|98,72|37,74|43,76/43,65=43,70,32,3,65
53,18|60,49|85,53|59,85|94,8|4,33|35,60|59,82|59,94|56,4|59,56|37,84|40,44|59,35|8,40|49,29|84,58|82,37|33,78|18,66/59,66=59,85,53,18,66
44,40|97,87|84,80|78,84|31,78|87,57|95,82|30,69|69,47|97,60|57,26|97,31|60,95|59,30|97,56|40,61|82,7|26,10|56,44|97,59/97,7=97,60,95,82,7
22,56|23,67|98,48|69,24|67,49|84,35|23,69|23,38|56,94|17,14|48,75|89,98|15,73|49,84|24,32|32,19|73,17|38,22|23,89|23,15/23,75=23,89,98,48,75
43,39|81,82|48,50|39,34|43,4|44,17|75,44|43,81|43,71|8,48|49,8|25,98|34,28|98,6|43,49|82,74|28,84|74,67|4,25|71,75/43,50=43,49,8,48,50
88,11|53,17|1,26|32,73|46,86|11,95|87,67|26,32|67,46|12,53|88,1|41,13|88,87|88,30|25,60|17,40|96,41|30,96|88,12|95,25/88,60=88,11,95,25,60
34,83|92,22|90,32|4,54|34,26|26,76|31,91|51,59|54,14|76,25|3,4|66,31|83,66|84,53|59,90|22,84|34,3|25,62|34,51|34,92/34,14=34,3,4,54,14
80,77|1,71|0,3|80,30|96,67|30,53|71,91|85,20|53,47|80,0|3,85|8,60|77,8|80,23|89,96|60,97|23,89|47,22|80,72|72,1/80,97=80,77,8,60,97
58,41|53,74|72,48|68,95|23,86|77,53|94,43|58,94|48,10|86,14|10,64|41,84|32,27|66,23|84,32|33,77|58,33|58,72|43,68|58,66/58,64=58,72,48,10,64
83,33|71,53|23,94|0,25|11,0|71,83|71,77|33,69|74,97|77,23|94,81|53,74|69,21|10,76|30,10|71,30|76,46|97,73|8,11|71,8/71,21=71,83,33,69,21
52,60|35,31|89,29|16,38|44,16|43,35|83,52|43,82|43,91|43,83|91,33|31,98|43,53|33,81|55,89|60,66|98,57|82,44|53,55|81,84/43,57=43,35,31,98,57
81,90|35,34|77,35|16,88|96,43|59,49|75,97|38,75|88,38|16,39|16,47|47,59|87,46|16,87|46,19|90,96|19,95|49,48|39,77|16,81/16,97=16,88,38,75,97
58,1|38,23|89,38|31,49|96,69|93,6|78,56|96,76|1,93|60,31|13,80|96,58|65,89|76,21|69,52|86,60|52,78|96,86|96,65|21,13/96,49=96,86,60,31,49
51,56|27,51|3,57|93,27|57,0|67,55|55,48|93,52|88,73|43,50|73,85|93,88|48,38|93,43|93,67|85,8|74,17|50,74|56,49|52,3/93,49=93,27,51,56,49
59,62|15,34|69,44|17,59|92,18|64,69|90,63|48,84|34,90|93,0|26,93|92,48|92,15|6,17|18,64|92,6|92,26|0,72|84,31|31,28/92,28=92,48,84,31,28
20,22|22,75|73,20|2,14|14,9|47,39|91,2|71,60|96,74|0,47|94,71|7,32|7,73|7,30|77,96|7,0|30,94|7,91|39,37|32,77/7,74=7,32,77,96,74
90,99|78,2|90,85|35,87|84,83|6,32|90,74|14,61|61,25|32,18|90,22|85,14|40,78|87,34|74,37|22,6|37,84|90,77|77,40|99,35/90,25=90,85,14,61,25
48,31|94,86|21,42|38,57|38,21|71,36|75,0|98,26|31,94|54,69|57,81|42,16|16,5|20,77|38,75|81,71|38,48|38,54|69,98|0,20/38,77=38,75,0,20,77
91,39|0,42|86,51|96,46|96,32|28,29|4,26|96,2|73,52|37,91|96,88|88,95|26,86|2,28|32,37|96,4|95,73|29,13|71,0|46,71/96,51=96,4,26,86,51
84,69|53,14|61,36|84,74|5,61|14,65|74,75|84,53|62,33|22,76|84,22|45,39|10,86|65,80|84,10|75,62|95,26|86,95|76,45|69,5/84,39=84,22,76,45,39
94,7|15,71|75,42|6,9|7,97|77,79|42,6|92,75|71,3|92,56|92,22|3,51|73,84|48,77|92,15|92,48|56,94|22,55|55,73|79,69/92,9=92,75,42,6,9
54,83|87,43|30,86|1,47|86,91|97,65|83,56|47,97|52,54|30,1|93,9|43,38|16,37|30,52|30,16|91,78|78,5|30,7|7,87|37,93/30,5=30,86,91,78,5
57,67|16,4|79,77|30,64|79,57|91,47|4,71|79,91|62,41|95,11|79,72|82,95|77,68|6,16|47,30|66,98|67,62|79,6|72,82|68,66/79,64=79,91,47,30,64
88,49|68,2|49,68|32,82|72,30|72,88|54,12|72,47|33,29|70,32|46,54|72,85|30,70|31,25|35,33|85,31|72,46|12,59|25,64|47,35/72,64=72,85,31,25,64
48,63|46,37|51,42|42,91|16,0|64,16|19,98|14,19|64,18|63,89|18,93|33,67|64,84|64,8|8,48|64,51|91,58|84,14|0,46|93,33/64,89=64,8,48,63,89
61,60|56,85|77,67|72,93|67,50|58,77|85,70|63,20|14,62|58,14|20,72|50,47|58,56|58,63|41,37|44,61|60,55|62,41|70,99|58,44/58,93=58,63,20,72,93
2,44|20,60|95,43|2,95|48,62|60,65|2,20|2,26|62,46|26,63|71,78|39,48|44,16|63,30|65,47|16,71|30,86|2,39|43,41|41,25/2,78=2,44,16,71,78
77,16|32,2|30,45|77,38|79,80|82,35|68,33|71,54|80,11|16,20|35,32|77,30|11,95|77,82|38,41|41,58|58,51|77,79|45,71|20,68/77,2=77,82,35,32,2
17,96|94,16|93,3|17,73|79,40|17,87|73,27|96,38|42,39|57,69|69,94|17,59|38,20|17,57|1,93|27,79|20,76|87,80|80,42|59,1/17,76=17,96,38,20,76
12,49|49,81|21,60|29,1|31,93|33,26|60,38|95,54|25,21|2,50|12,14|12,25|94,29|81,31|12,33|12,67|14,94|67,95|54,72|26,2/12,72=12,67,95,54,72
24,59|66,43|34,7|24,34|91,66|24,33|10,99|24,10|7,54|24,93|23,9|99,12|93,91|54,52|33,44|69,16|12,30|9,79|44,69|59,23/24,43=24,93,91,66,43
92,54|54,76|59,28|22,48|72,22|93,61|28,26|88,72|81,36|26,31|8,81|36,73|83,88|24,93|83,63|70,92|83,70|83,8|83,59|63,24/83,31=83,59,28,26,31
98,88|57,10|88,69|71,31|72,25|48,71|10,40|69,94|57,92|51,67|54,44|57,81|40,54|67,56|25,77|77,83|57,72|57,98|92,48|81,51/57,94=57,98,88,69,94
29,11|72,27|46,44|11,42|40,26|77,39|1,15|24,9|40,77|40,24|78,36|42,82|39,6|40,1|27,47|26,72|15,46|6,37|40,29|9,78/40,37=40,77,39,6,37
62,93|93,41|99,25|18,91|40,44|31,62|51,47|41,9|12,0|56,21|21,43|44,12|14,90|31,40|47,18|25,14|31,56|43,6|31,99|31,51/31,90=31,99,25,14,90
32,91|45,81|87,76|97,14|66,45|32,29|19,89|32,87|24,37|27,54|91,23|85,27|29,66|89,97|23,92|54,6|32,19|76,24|32,85|92,3/32,6=32,85,27,54,6
17,48|87,14|33,87|33,72|72,39|39,96|75,19|64,49|48,51|33,17|90,64|33,90|51,38|36,75|54,36|33,54|14,81|96,95|49,43|81,34/33,43=33,90,64,49,43
18,22|42,41|89,9|9,68|11,30|23,19|31,37|23,18|23,89|41,11|23,42|66,35|85,31|68,61|19,85|73,66|22,3|33,73|23,33|3,65/23,30=23,42,41,11,30
48,22|26,50|1,26|2,75|48,2|94,30|66,28|50,99|22,66|48,21|42,23|55,42|48,1|21,55|24,68|83,81|28,11|48,94|30,24|75,83/48,81=48,2,75,83,81
60,92|63,14|66,96|52,97|62,12|77,81|39,59|97,86|66,39|14,77|66,62|86,56|59,79|96,60|75,73|92,74|79,1|66,52|12,75|66,63/66,74=66,96,60,92,74
86,14|16,91|51,17|99,72|70,69|14,51|63,35|58,99|93,58|96,95|91,18|41,86|41,19|41,63|35,96|41,93|69,57|41,16|19,70|18,54/41,95=41,63,35,96,95
76,5|99,72|46,83|20,6|89,66|15,13|33,42|36,40|6,24|40,76|99,36|31,11|62,46|87,20|99,15|72,62|99,87|13,89|99,33|42,31/99,83=99,72,62,46,83
38,35|7,23|46,5|51,58|5,61|45,6|61,87|88,46|15,45|58,99|59,56|99,95|81,38|57,81|88,53|88,57|23,59|88,51|88,7|53,15/88,35=88,57,81,38,35
7,11|72,9|68,37|29,61|36,96|68,28|6,36|20,38|37,72|60,34|68,6|11,59|68,29|61,20|96,90|21,13|68,21|9,41|28,7|13,60/68,90=68,6,36,96,90
37,74|98,64|91,41|36,29|30,31|94,62|53,59|31,4|74,73|36,92|79,98|59,27|36,53|29,37|7,30|36,7|92,79|27,39|36,91|41,94/36,64=36,92,79,98,64
52,60|35,31|16,38|81,84|44,81|43,35|83,52|43,82|43,91|43,83|91,33|31,98|43,53|33,89|55,16|60,66|98,57|82,44|53,55|89,29/43,57=43,35,31,98,57
16,55|5,75|99,43|24,0|75,99|17,98|29,70|16,58|30,73|58,29|16,24|0,30|42,63|63,59|21,17|70,13|55,21|16,22|22,42|16,5/16,73=16,24,0,30,73
45,72|52,74|20,55|64,39|47,64|15,51|39,62|9,1|92,77|9,47|80,18|43,92|9,45|1,52|77,0|9,43|18,20|9,80|72,15|74,25/9,55=9,80,18,20,55
23,91|68,58|27,80|54,90|68,0|99,11|11,73|91,1|58,23|83,76|0,81|68,27|80,7|7,69|66,78|81,83|90,66|34,99|68,34|68,54/68,76=68,0,81,83,76
89,14|90,95|59,38|61,17|59,60|59,89|65,8|38,90|60,61|55,12|17,79|14,40|59,0|8,33|80,65|12,86|95,74|40,93|0,55|59,80/59,79=59,60,61,17,79
41,34|96,53|78,56|51,55|2,74|43,66|94,2|15,78|66,22|51,15|50,19|19,96|8,43|51,8|57,41|51,88|55,57|51,50|88,94|56,23/51,74=51,88,94,2,74
23,99|14,55|51,71|6,43|62,80|71,33|10,20|91,15|23,61|61,2|43,3|52,97|23,52|80,10|99,6|23,62|97,91|23,77|77,51|2,14/23,20=23,62,80,10,20
47,77|83,33|73,96|47,29|0,22|9,73|11,27|46,9|22,43|47,46|12,39|39,49|47,16|60,11|47,36|77,0|29,83|16,12|33,85|36,60/47,49=47,16,12,39,49
42,81|74,15|5,86|40,27|29,1|65,37|30,5|25,45|1,40|97,98|86,23|97,30|97,29|37,42|97,69|98,31|15,52|31,25|97,65|69,74/97,52=97,69,74,15,52
6,11|6,56|21,43|11,58|12,77|6,73|65,69|31,5|6,65|86,2|56,31|69,86|16,49|73,97|58,21|68,33|5,17|97,68|6,12|77,16/6,17=6,56,31,5,17
74,2|53,13|48,80|71,74|57,46|48,68|76,75|46,34|34,69|80,71|13,62|15,76|11,90|48,56|38,11|48,4|48,57|56,15|68,38|4,53/48,75=48,56,15,76,75
87,39|78,70|5,51|57,74|57,5|38,64|57,45|55,26|17,38|26,94|57,87|74,63|51,21|21,34|57,17|63,56|64,72|56,65|39,78|45,55/57,70=57,87,39,78,70
60,49|24,47|85,89|51,19|15,24|3,94|6,73|19,60|92,15|74,5|94,2|74,51|18,62|89,6|96,18|74,92|74,85|5,96|59,3|74,59/74,47=74,92,15,24,47
95,4|1,2|71,72|19,25|57,55|91,95|45,57|13,1|0,60|97,84|91,97|91,90|90,45|91,78|91,13|33,71|78,33|4,19|2,29|84,0/91,60=91,97,84,0,60
64,66|14,16|64,49|49,70|64,14|92,13|66,5|5,79|10,68|28,51|51,10|91,48|64,28|79,56|95,91|16,80|33,95|70,92|80,35|64,33/64,56=64,66,5,79,56
89,62|11,75|11,34|65,18|43,65|75,23|18,83|11,33|78,69|33,39|12,8|23,73|56,15|39,12|62,78|73,80|15,24|11,43|11,89|34,56/11,8=11,33,39,12,8
23,16|53,96|93,84|62,99|84,52|80,74|52,75|16,72|7,23|74,76|44,63|93,44|63,53|76,92|93,94|6,62|94,6|93,7|93,80|75,64/93,96=93,44,63,53,96
14,87|52,99|73,24|99,40|73,52|34,43|73,35|69,34|38,50|91,69|73,38|35,98|61,60|98,14|50,48|40,37|60,6|73,91|48,21|24,61/73,43=73,91,69,34,43
59,36|93,42|29,64|94,51|30,25|13,95|10,29|36,4|10,24|51,84|10,13|85,60|95,19|60,30|10,82|19,1|10,85|64,93|82,59|24,94/10,1=10,13,95,19,1
52,23|45,52|36,34|34,24|23,42|36,30|36,43|93,2|36,45|36,75|30,93|50,40|2,25|31,72|24,56|40,91|43,49|49,31|75,50|56,3/36,3=36,34,24,56,3
58,61|87,64|32,35|60,98|27,30|27,87|83,96|27,60|25,63|30,81|27,97|59,25|97,59|7,23|98,7|64,83|81,58|27,28|46,32|28,46/27,23=27,60,98,7,23
55,33|39,54|33,13|76,91|54,53|83,65|81,2|14,81|2,71|87,3|53,62|13,47|76,39|76,14|76,83|3,84|65,20|76,55|91,87|20,90/76,62=76,39,54,53,62
1,26|18,1|11,74|60,56|60,8|98,65|94,47|7,33|42,55|47,22|74,98|56,7|55,43|60,81|33,16|60,11|2,94|8,18|81,42|60,2/60,26=60,8,18,1,26
41,96|9,7|96,21|20,37|29,57|87,65|22,87|61,82|20,93|20,48|12,61|37,98|53,42|20,29|98,53|48,22|21,51|93,12|20,41|57,9/20,7=20,29,57,9,7
44,66|60,0|18,63|35,33|0,62|55,44|60,25|98,27|80,48|25,98|75,80|27,24|60,35|66,10|33,36|36,14|62,18|60,55|60,85|85,75/60,24=60,25,98,27,24
14,95|96,17|73,38|11,73|51,68|51,85|57,92|58,87|51,8|85,58|51,14|31,56|49,96|95,74|51,31|87,37|74,25|8,49|56,57|68,11/51,38=51,68,11,73,38
62,5|95,15|8,51|49,36|70,95|70,49|51,47|30,53|5,22|84,72|70,62|22,65|11,8|15,97|96,30|70,11|70,12|36,84|12,96|97,18/70,65=70,62,5,22,65
36,43|72,42|25,21|38,58|78,38|36,0|7,72|36,83|42,53|37,24|21,27|14,92|83,37|36,81|81,78|24,44|36,7|43,98|98,14|0,25/36,44=36,83,37,24,44
39,97|20,87|68,81|39,98|81,55|39,79|96,31|87,64|88,67|98,20|51,56|56,33|97,68|1,88|12,96|4,51|39,4|39,78|78,1|79,12/39,33=39,4,51,56,33
0,73|85,49|89,41|0,43|41,77|43,85|49,27|20,44|10,26|0,89|96,88|73,18|68,10|13,69|88,13|77,50|18,20|0,96|26,33|0,68/0,27=0,43,85,49,27
93,13|34,82|36,79|56,68|0,15|18,84|95,40|13,51|15,77|93,41|41,0|85,29|93,95|40,18|93,56|93,44|51,36|68,34|44,12|12,85/93,77=93,41,0,15,77
73,52|52,24|14,70|42,62|42,93|82,64|42,10|70,58|74,66|83,82|63,83|10,73|62,28|41,65|42,74|66,41|42,63|75,5|28,75|93,14/42,58=42,93,14,70,58
38,0|19,27|29,19|0,3|21,46|21,29|2,89|78,71|64,8|46,38|21,85|10,64|89,12|27,54|61,98|85,2|71,61|23,10|21,23|21,78/21,98=21,78,71,61,98
45,93|46,87|91,27|60,46|22,57|26,94|22,29|68,66|22,97|93,80|9,45|10,26|97,91|57,60|69,68|29,10|22,69|22,9|27,79|66,85/22,94=22,29,10,26,94
50,4|28,16|16,5|69,29|9,19|41,69|14,70|2,21|50,22|22,30|20,41|50,38|50,14|38,28|50,20|19,27|70,2|4,9|66,48|30,66/50,5=50,38,28,16,5
46,36|98,19|46,2|2,81|78,37|44,78|36,44|72,88|58,85|85,48|67,58|81,9|9,76|28,72|88,94|19,84|46,28|46,67|46,63|63,98/46,48=46,67,58,85,48
60,98|84,85|95,25|84,80|52,15|87,91|84,52|77,89|47,28|44,77|80,94|28,4|91,99|84,61|94,60|61,44|85,87|84,10|10,47|15,95/84,99=84,85,87,91,99
83,9|56,40|33,97|76,58|76,70|76,56|10,89|97,22|76,10|69,33|52,83|21,13|70,47|39,16|41,74|47,21|58,52|89,39|40,41|76,69/76,16=76,10,89,39,16
92,71|84,99|99,92|60,61|74,88|61,13|69,2|2,87|95,49|86,41|13,0|39,84|30,95|39,60|39,30|12,69|49,29|41,74|39,86|39,12/39,88=39,86,41,74,88
95,73|81,96|36,28|30,34|36,23|17,59|53,11|28,92|36,8|29,53|56,41|23,29|96,56|36,81|59,74|34,60|60,61|92,95|8,17|36,30/36,61=36,30,34,60,61
25,64|1,8|81,99|59,62|6,13|55,6|99,49|44,42|34,55|93,15|4,12|71,25|12,81|42,93|4,71|4,34|4,1|8,59|4,44|64,19/4,49=4,12,81,99,49
16,70|4,15|4,78|37,60|4,49|66,95|76,58|4,37|49,23|78,45|23,33|73,7|4,66|45,16|71,74|95,73|60,71|15,31|33,55|31,76/4,70=4,78,45,16,70
30,34|88,37|87,77|8,30|6,93|8,98|12,40|70,33|37,6|33,96|8,12|75,24|55,56|34,55|1,75|5,70|8,88|8,5|40,87|98,1/8,96=8,5,70,33,96
72,40|1,44|74,86|48,42|61,33|74,1|5,96|42,78|62,13|40,61|86,48|96,81|74,5|81,23|50,62|74,50|44,64|74,72|64,36|13,9/74,33=74,72,40,61,33
7,10|94,8|52,69|94,56|14,2|82,99|56,66|94,54|95,85|54,95|2,63|8,82|85,13|0,62|94,14|66,0|10,52|94,7|99,80|63,72/94,72=94,14,2,63,72
16,4|7,27|17,72|8,16|8,37|53,48|4,83|66,7|58,3|72,50|8,17|50,1|8,66|32,29|27,71|3,32|83,57|48,88|8,58|37,53/8,29=8,58,3,32,29
13,20|18,85|48,70|72,38|72,26|21,24|33,76|26,81|81,67|85,48|12,13|72,90|86,12|67,23|72,18|72,86|38,33|90,42|76,15|42,21/72,15=72,38,33,76,15
95,25|85,64|60,94|58,12|77,60|4,68|25,85|53,3|58,84|48,78|58,95|58,93|93,19|58,4|12,53|19,48|96,18|3,52|68,96|84,77/58,52=58,12,53,3,52
80,13|9,62|51,11|94,36|15,5|28,79|36,52|52,59|34,7|51,28|62,15|32,40|7,46|46,14|51,9|51,34|79,32|51,94|11,80|13,55/51,55=51,11,80,13,55
33,64|96,59|44,49|59,16|95,97|64,62|49,95|82,33|60,0|16,38|96,44|96,55|96,60|96,82|28,27|38,87|61,53|0,28|55,61|53,10/96,62=96,82,33,64,62
84,51|51,81|38,64|97,67|86,38|32,53|67,50|35,91|36,8|30,29|81,83|52,32|91,30|50,41|36,84|53,92|8,86|36,52|36,97|36,35/36,83=36,84,51,81,83
55,19|4,83|83,86|5,8|36,4|5,50|37,39|8,65|5,26|84,74|66,59|33,66|43,84|5,43|26,37|50,33|74,60|65,55|5,36|39,98/5,98=5,26,37,39,98
8,38|41,37|59,8|55,92|87,66|74,85|92,41|74,45|66,84|21,87|74,15|15,59|74,21|74,55|29,60|80,47|54,29|45,80|47,23|85,54/74,60=74,85,54,29,60
92,83|91,2|34,54|2,34|44,62|54,98|96,25|33,44|10,20|69,10|20,9|94,1|83,94|91,33|62,77|91,96|91,69|25,99|91,92|99,32/91,32=91,96,25,99,32
5,62|68,56|84,71|80,68|50,79|75,18|9,85|21,5|84,75|71,50|56,8|84,80|62,31|67,9|87,42|18,87|85,58|84,21|79,28|84,67/84,42=84,75,18,87,42
52,62|72,5|81,21|92,72|61,58|16,78|86,92|5,65|78,70|86,8|63,81|41,52|33,76|8,63|62,32|3,16|86,61|86,41|58,33|86,3/86,70=86,3,16,78,70
41,28|70,25|25,20|67,48|8,67|71,58|70,87|70,16|57,5|87,8|53,41|39,15|70,57|91,13|70,91|16,53|5,39|20,71|13,38|38,99/70,48=70,87,8,67,48
72,75|42,81|25,51|97,40|40,87|76,73|8,25|73,80|72,48|63,23|2,76|75,63|22,42|72,97|87,66|48,22|23,43|72,2|51,7|72,8/72,43=72,75,63,23,43
22,55|74,22|81,98|19,62|5,19|62,32|46,44|14,97|49,54|44,16|97,60|98,74|81,14|81,21|21,40|81,39|40,49|39,46|60,58|81,5/81,58=81,14,97,60,58
14,41|49,64|76,75|12,40|1,91|12,3|16,1|83,52|7,99|40,16|12,38|64,76|6,83|38,6|56,7|3,53|99,51|53,14|12,49|12,56/12,52=12,38,6,83,52
54,40|66,72|63,17|82,63|97,51|52,70|40,50|47,52|2,55|75,47|97,82|97,75|14,66|97,14|97,84|51,44|72,86|44,2|84,54|17,68/97,70=97,75,47,52,70
90,36|98,97|92,24|16,66|21,71|67,41|97,74|32,49|8,32|24,53|49,90|35,7|8,98|74,39|8,16|8,35|66,67|7,21|89,92|8,89/8,39=8,98,97,74,39
89,99|89,97|86,33|93,66|89,4|80,93|4,22|0,47|22,82|33,0|98,35|20,2|97,80|27,98|89,86|2,8|89,71|71,20|82,31|99,27/89,31=89,4,22,82,31
3,56|91,21|86,0|91,1|84,13|91,86|43,89|8,2|91,84|89,75|13,8|42,63|0,77|75,32|1,51|51,42|21,3|77,14|56,4|91,43/91,14=91,86,0,77,14
48,82|3,47|70,55|19,48|41,60|81,52|79,41|97,16|97,3|97,19|43,73|55,77|47,81|13,79|97,70|97,13|16,43|82,6|73,75|77,78/97,75=97,16,43,73,75
17,96|23,52|1,23|24,93|74,92|59,47|7,22|92,7|99,1|24,17|24,55|96,90|90,36|24,74|55,26|26,35|24,99|71,59|35,33|93,71/24,47=24,93,71,59,47
68,4|34,69|15,68|47,45|9,44|33,95|88,86|95,77|17,15|44,47|33,17|33,9|77,34|35,56|40,23|33,28|23,88|56,14|33,40|28,35/33,69=33,95,77,34,69
95,68|61,95|22,41|61,71|71,27|2,45|61,31|92,35|61,22|41,76|76,3|11,93|68,2|27,92|65,81|61,87|31,74|55,65|74,11|87,55/61,3=61,22,41,76,3
29,52|10,59|77,82|72,10|77,20|7,45|52,11|26,55|45,56|77,17|55,65|17,7|82,28|20,29|64,92|65,51|77,26|77,72|59,37|28,64/77,11=77,20,29,52,11
35,64|91,36|18,38|14,76|14,91|76,18|1,39|40,11|14,40|16,33|83,1|39,22|38,97|33,35|69,17|36,9|14,83|9,4|11,69|14,16/14,4=14,91,36,9,4
66,83|76,88|76,18|74,93|41,57|18,70|42,79|79,92|63,40|70,6|88,48|62,42|93,54|6,44|48,41|40,66|76,74|76,63|54,50|76,62/76,57=76,88,48,41,57
70,19|11,46|83,6|68,72|17,83|65,60|47,32|72,37|11,17|11,18|46,47|32,99|60,2|18,75|37,55|6,80|11,65|75,70|2,50|11,68/11,19=11,18,75,70,19
82,98|88,62|99,26|72,28|54,99|23,72|75,73|14,88|82,54|73,58|9,75|98,85|21,51|82,8|82,9|85,21|62,10|8,23|82,14|26,31/82,58=82,9,75,73,58
85,15|9,75|75,42|35,71|46,35|27,94|89,67|98,70|57,5|5,27|89,46|70,13|42,91|67,59|59,85|89,9|89,57|13,31|71,19|89,98/89,94=89,57,5,27,94
33,53|53,85|95,37|76,31|59,42|41,87|52,27|95,2|22,59|87,44|10,41|35,22|95,10|98,52|2,33|65,76|37,65|18,98|95,35|95,18/95,44=95,10,41,87,44
84,50|84,85|43,68|36,71|21,95|95,69|84,51|84,21|74,81|51,70|30,24|20,74|50,30|85,62|69,66|84,23|70,36|24,75|23,20|62,43/84,75=84,50,30,24,75
14,96|77,98|28,53|96,77|5,73|93,9|53,19|29,21|9,94|91,29|46,5|91,28|21,75|51,93|75,99|91,14|91,46|91,51|19,4|73,12/91,98=91,14,96,77,98
49,21|82,68|68,72|94,15|78,17|36,31|15,49|52,78|43,41|52,88|31,30|80,36|27,43|52,80|52,94|17,58|58,46|88,27|72,67|52,82/52,67=52,82,68,72,67
79,29|17,57|38,99|27,25|71,73|36,71|73,98|15,21|96,82|57,3|96,47|25,59|96,27|82,17|47,79|59,12|96,15|29,90|21,38|96,36/96,98=96,36,71,73,98
1,23|39,60|38,36|57,8|12,15|57,38|55,85|36,39|57,55|90,42|57,77|85,90|65,18|57,54|54,32|32,65|8,1|77,12|15,24|23,31/57,31=57,8,1,23,31
28,72|98,38|69,99|98,71|8,50|98,88|14,54|71,4|88,44|38,8|77,69|79,14|35,32|50,87|99,21|44,28|98,77|98,83|4,35|83,79/98,72=98,88,44,28,72
78,46|66,15|2,52|97,78|5,12|59,75|90,92|53,80|15,58|99,60|80,5|97,99|97,53|58,0|60,91|97,66|97,2|91,36|46,59|52,90/97,92=97,2,52,90,92
52,74|55,20|74,89|51,52|5,55|46,14|48,42|25,9|51,46|56,43|97,87|81,1|89,92|20,90|9,81|51,25|51,5|42,97|51,48|14,56/51,1=51,25,9,81,1
91,30|12,15|58,86|58,91|30,19|15,88|86,2|2,60|60,85|58,3|3,53|88,37|1,18|80,95|19,66|70,67|67,1|58,12|58,70|53,80/58,85=58,86,2,60,85
94,50|36,20|20,81|7,96|79,7|96,52|61,41|62,79|45,17|17,2|62,99|81,91|50,56|62,36|99,45|62,13|13,65|62,94|65,61|56,18/62,91=62,36,20,81,91
22,64|82,33|75,44|77,75|77,66|98,63|40,82|51,9|66,12|9,62|77,36|63,60|26,51|36,98|44,22|8,40|77,8|77,26|85,99|12,85/77,62=77,26,51,9,62
45,30|60,36|91,97|91,38|70,16|2,12|97,2|36,67|12,77|91,52|52,96|30,65|65,49|91,45|67,18|32,90|91,60|38,32|90,4|96,70/91,4=91,38,32,90,4
20,13|32,1|68,61|18,23|18,20|40,11|69,89|18,43|89,87|13,32|43,69|18,68|30,51|47,29|23,47|18,30|61,40|96,57|29,48|51,96/18,57=18,30,51,96,57
48,91|33,43|44,62|98,19|44,84|44,33|29,18|1,40|51,48|44,7|84,55|58,50|18,8|62,29|44,9|43,58|55,1|7,98|19,5|9,51/44,40=44,84,55,1,40
72,90|99,10|89,49|15,60|99,82|75,72|82,42|99,77|2,89|58,40|77,31|39,36|99,39|29,96|20,75|36,58|99,20|10,2|42,15|31,29/99,60=99,82,42,15,60
66,77|52,91|66,73|54,30|66,72|37,10|83,16|67,54|66,67|60,83|34,17|72,52|77,60|99,76|66,99|91,69|30,33|76,37|73,34|17,80/66,33=66,67,54,30,33
94,95|95,14|71,97|64,91|34,76|33,32|58,71|64,46|98,24|87,98|96,94|64,58|64,7|32,48|97,16|64,96|91,33|7,87|46,34|76,44/64,16=64,58,71,97,16
31,21|65,2|15,73|73,60|31,24|31,10|92,27|51,53|21,67|45,88|67,51|64,15|5,22|31,65|42,45|31,64|2,92|24,5|10,42|22,50/31,88=31,10,42,45,88
43,6|98,67|25,43|91,49|81,45|25,7|92,81|6,19|73,55|7,73|26,9|19,15|2,91|25,2|78,92|55,58|9,98|25,78|49,35|25,26/25,15=25,43,6,19,15
71,2|35,98|7,18|87,14|89,41|10,81|35,62|35,7|58,64|41,53|18,10|98,89|13,24|15,54|24,88|54,71|35,58|35,15|64,87|62,13/35,53=35,98,89,41,53
81,70|32,12|94,5|37,97|28,8|58,94|5,67|43,63|8,32|64,83|63,81|84,43|84,11|84,20|97,13|20,64|84,28|84,58|83,6|11,37/84,6=84,20,64,83,6
83,33|71,53|23,0|76,46|11,76|71,83|71,77|33,69|74,97|77,23|0,25|53,74|69,21|10,94|30,10|71,30|94,81|97,73|8,11|71,8/71,21=71,83,33,69,21
72,90|64,19|64,48|57,86|15,57|42,62|48,15|36,96|96,52|64,42|64,23|41,36|17,3|38,63|90,53|3,51|19,17|62,38|64,41|23,72/64,63=64,42,62,38,63
7,76|7,0|83,77|38,49|7,83|39,13|67,3|7,66|9,72|5,87|49,39|11,55|76,5|87,86|24,11|7,38|66,24|3,46|77,9|0,67/7,72=7,83,77,9,72
30,2|97,7|23,36|51,37|36,89|50,73|84,85|7,67|33,43|42,33|37,23|51,84|81,42|51,81|85,30|48,99|51,48|51,97|99,50|67,72/51,43=51,81,42,33,43
98,49|53,40|79,68|38,61|83,96|98,41|84,12|96,47|64,76|8,9|61,53|87,79|89,8|98,38|76,84|9,77|98,64|49,83|98,89|41,87/98,47=98,49,83,96,47
71,44|10,8|0,71|86,18|8,91|61,86|93,87|85,35|85,80|45,0|85,93|87,20|54,64|85,61|35,31|80,10|20,49|31,54|18,58|85,45/85,58=85,61,86,18,58
63,56|59,92|63,61|90,37|56,38|7,15|63,97|63,91|34,50|54,62|76,5|91,25|38,59|25,34|61,98|30,54|97,30|63,7|98,90|15,76/63,92=63,56,38,59,92
95,54|86,0|73,34|41,7|72,55|11,62|11,73|62,41|4,29|55,17|2,72|31,86|0,40|77,16|11,2|16,95|11,77|34,4|11,31|7,23/11,54=11,77,16,95,54
4,94|68,95|55,4|69,10|63,88|95,55|47,34|44,38|76,47|34,31|68,69|38,59|65,89|68,14|14,44|35,36|88,35|68,76|10,65|68,63/68,31=68,76,47,34,31
18,15|61,63|18,87|87,97|63,85|92,48|69,90|97,68|15,61|1,36|14,58|90,13|48,14|18,55|98,1|18,92|55,98|68,64|18,69|13,96/18,85=18,15,61,63,85
55,89|17,34|24,31|9,65|18,9|89,71|71,80|78,24|34,86|64,88|64,18|64,45|46,17|64,46|14,52|88,78|11,14|45,11|65,8|64,55/64,86=64,46,17,34,86
31,50|13,36|31,56|25,74|18,13|22,61|58,38|90,29|74,26|29,69|54,90|31,34|81,22|50,18|56,25|82,81|31,82|34,4|31,54|4,58/31,36=31,50,18,13,36
25,21|15,65|51,6|21,94|8,84|0,8|38,32|37,38|15,25|11,66|28,0|65,51|32,67|15,37|15,11|66,41|41,58|94,99|6,30|15,28/15,84=15,28,0,8,84
53,71|8,33|54,69|55,96|54,16|54,32|71,94|32,53|33,20|75,30|69,8|74,66|36,75|54,90|3,62|15,3|90,15|54,74|66,55|16,36/54,62=54,90,15,3,62
94,58|84,76|58,17|66,35|86,84|68,45|94,0|45,80|18,68|78,23|17,46|9,53|94,52|94,9|94,18|52,78|0,86|53,66|46,64|23,65/94,65=94,52,78,23,65
69,0|16,36|78,15|85,39|87,31|72,78|74,72|39,52|31,85|27,50|50,79|67,69|87,41|41,27|36,35|34,67|87,74|35,13|87,34|87,16/87,79=87,41,27,50,79
6,38|37,86|57,85|85,52|2,15|37,57|30,29|90,32|86,76|22,90|17,6|52,36|32,33|76,2|37,89|64,27|37,22|37,64|27,30|89,17/37,38=37,89,17,6,38
88,89|64,75|53,50|68,21|67,48|89,61|50,46|67,2|72,97|2,88|67,22|67,72|48,18|4,17|18,64|67,68|21,4|22,53|97,20|20,31/67,75=67,48,18,64,75
17,23|92,71|81,30|21,87|46,92|41,21|58,48|56,62|93,90|64,17|23,67|71,16|37,41|62,58|67,27|64,46|64,56|64,93|64,37|90,81/64,27=64,17,23,67,27
68,10|75,46|69,42|42,5|18,71|75,68|99,69|30,90|75,30|46,15|24,57|21,45|10,18|75,21|90,47|45,14|47,32|15,24|14,3|75,99/75,3=75,21,45,14,3
71,40|1,77|44,34|40,65|50,75|35,98|62,84|98,28|84,10|75,1|95,44|71,50|10,26|65,11|71,35|11,7|28,5|34,4|71,95|71,62/71,7=71,40,65,11,7
66,87|32,27|24,56|80,49|66,74|66,80|3,31|66,6|6,58|36,11|66,43|58,47|43,10|10,24|74,36|28,32|11,68|87,28|49,3|47,7/66,56=66,43,10,24,56
65,64|93,1|65,92|11,57|33,3|65,33|10,12|64,10|87,70|56,87|1,91|3,29|57,95|65,77|77,11|29,32|12,35|92,56|76,93|65,76/65,70=65,92,56,87,70
83,58|62,39|62,19|89,18|17,47|39,67|47,82|62,25|35,72|62,65|67,60|19,89|72,83|55,30|18,16|60,14|56,55|25,56|65,17|62,35/62,14=62,39,67,60,14
48,91|33,43|44,62|98,18|44,84|44,33|29,58|1,40|51,48|44,7|84,55|19,5|58,50|62,29|44,9|43,19|55,1|7,98|18,8|9,51/44,40=44,84,55,1,40
44,60|79,76|36,30|47,66|19,68|54,47|19,8|98,41|19,14|64,49|8,32|32,98|19,79|60,17|66,56|49,92|19,54|76,36|14,44|68,64/19,92=19,68,64,49,92
37,23|69,80|6,99|80,44|30,78|37,19|23,30|17,70|37,94|19,50|37,69|78,53|21,38|37,13|50,17|94,6|38,71|99,95|13,21|44,58/37,71=37,13,21,38,71
26,53|99,11|44,57|99,54|53,44|54,76|99,25|46,87|31,66|99,26|97,43|11,75|76,97|86,41|85,86|75,46|66,10|99,50|25,31|50,85/99,10=99,25,31,66,10
25,11|67,13|25,79|12,17|79,56|25,89|25,72|68,7|25,12|89,94|95,8|16,37|84,68|60,48|11,16|17,95|94,60|56,67|37,87|72,84/25,13=25,79,56,67,13
27,74|49,18|25,23|94,6|53,79|25,30|43,11|28,94|67,49|25,43|25,98|7,86|98,53|86,89|21,28|11,27|23,7|79,88|30,67|25,21/25,74=25,43,11,27,74
59,46|71,69|91,38|82,77|46,95|22,74|22,21|21,64|22,1|98,62|22,98|62,85|1,82|22,42|42,59|64,91|74,71|85,88|77,7|69,25/22,88=22,98,62,85,88
34,81|63,50|64,21|30,11|83,14|47,15|36,27|64,34|64,36|64,47|81,39|76,7|50,75|64,96|21,63|96,73|15,30|27,76|73,83|39,61/64,11=64,47,15,30,11
18,91|39,56|89,13|18,61|5,39|82,36|67,89|99,67|69,20|18,99|91,5|73,11|25,8|61,73|18,25|49,45|11,4|18,49|8,69|45,82/18,20=18,25,8,69,20
92,49|11,25|63,80|55,75|31,22|75,74|72,10|74,30|26,52|85,92|72,21|72,66|25,16|10,63|72,55|66,11|22,26|21,85|80,42|72,31/72,16=72,66,11,25,16
85,64|86,40|15,55|95,15|14,34|0,2|40,23|6,14|26,39|6,85|6,94|34,80|55,96|94,86|90,0|2,51|80,31|6,90|64,26|6,95/6,23=6,94,86,40,23
38,51|2,95|87,41|5,42|87,73|87,4|42,79|95,38|55,92|22,89|41,5|4,85|92,22|87,55|96,91|83,96|87,2|24,36|73,83|85,24/87,36=87,4,85,24,36
26,22|73,62|71,47|20,26|42,43|45,53|71,45|43,73|18,39|50,84|39,96|71,20|53,23|71,42|71,50|22,7|84,35|23,64|35,86|47,18/71,64=71,45,53,23,64
6,68|17,31|45,16|92,34|56,19|91,29|91,61|61,45|91,57|25,90|90,96|91,6|68,56|91,26|26,92|16,1|34,8|54,17|29,54|57,25/91,31=91,29,54,17,31
28,7|26,8|52,27|27,36|81,26|92,14|87,96|96,55|61,28|90,17|92,43|92,61|99,67|92,99|43,81|92,13|67,90|14,87|13,52|7,79/92,17=92,99,67,90,17
89,49|99,10|58,40|15,60|99,82|75,89|82,42|99,77|2,58|72,90|77,31|39,36|99,39|29,96|20,75|36,72|99,20|10,2|42,15|31,29/99,60=99,82,42,15,60
27,59|37,35|21,32|39,55|0,27|62,96|61,72|39,37|32,16|39,50|35,88|88,51|72,67|50,62|39,61|84,0|55,21|39,84|67,44|96,29/39,44=39,61,72,67,44
97,62|85,48|49,96|36,13|76,36|48,7|75,1|10,76|62,49|21,22|10,95|10,97|95,51|7,79|13,89|51,21|72,75|10,83|10,85|83,72/10,96=10,97,62,49,96
81,54|96,72|35,24|80,43|93,91|81,28|5,39|81,96|41,93|97,5|54,41|19,30|87,80|72,9|81,31|81,19|31,97|28,87|9,65|30,35/81,91=81,54,41,93,91
87,70|18,42|53,25|87,72|70,48|42,34|48,20|33,29|30,53|39,8|52,47|17,18|25,36|47,33|87,52|87,17|72,68|20,14|87,30|68,39/87,29=87,52,47,33,29
49,36|11,69|80,21|49,16|83,46|36,11|25,43|76,63|15,12|16,20|49,80|85,76|72,70|49,15|44,85|69,28|49,44|12,25|21,83|20,72/49,46=49,80,21,83,46
6,54|25,45|14,42|37,48|37,56|40,28|86,25|72,78|29,14|48,71|91,40|37,77|71,72|37,23|77,6|23,91|70,86|37,70|56,29|54,44/37,28=37,23,91,40,28
53,39|99,16|99,35|1,3|99,21|14,56|20,85|42,53|3,68|56,31|64,77|16,64|99,8|99,20|44,66|8,14|77,94|21,1|85,44|35,42/99,39=99,35,42,53,39
67,88|65,57|56,50|67,54|67,58|35,59|66,18|2,69|79,45|25,79|54,8|67,56|50,65|88,25|48,2|67,48|69,7|26,35|58,26|8,66/67,45=67,88,25,79,45
54,69|31,15|22,2|26,95|95,36|26,46|26,22|71,96|74,73|9,79|26,71|2,54|46,90|77,42|79,23|36,74|96,77|23,82|90,31|26,9/26,15=26,46,90,31,15
46,61|73,20|22,8|37,12|51,70|9,22|2,16|61,74|85,2|85,71|32,90|16,32|85,26|26,46|70,37|85,56|56,73|20,78|71,9|85,51/85,74=85,26,46,61,74
13,43|81,16|44,86|93,94|79,81|13,76|76,34|68,40|13,95|10,17|34,91|88,10|40,93|52,63|63,44|95,79|13,52|43,88|13,68|91,5/13,94=13,68,40,93,94
97,88|4,19|42,32|19,67|10,33|88,85|49,42|60,9|73,51|73,20|48,60|73,4|20,61|51,49|67,37|73,50|73,28|50,48|28,97|61,10/73,33=73,20,61,10,33
89,99|89,97|86,33|0,47|89,4|80,0|4,22|98,35|22,82|33,98|93,66|20,2|97,80|27,93|89,86|2,8|89,71|71,20|82,31|99,27/89,31=89,4,22,82,31
95,46|71,7|14,96|43,45|20,94|14,43|92,58|45,20|82,66|7,92|14,86|62,91|97,95|59,62|14,71|66,15|46,93|86,59|14,97|96,82/14,93=14,97,95,46,93
3,76|12,13|59,84|32,4|22,69|93,99|8,93|66,31|4,22|49,43|8,32|99,59|9,45|31,9|25,49|43,52|8,66|8,12|8,25|13,3/8,76=8,12,13,3,76
10,9|74,50|87,61|50,99|99,72|57,31|26,15|10,43|43,21|10,26|9,39|1,12|73,52|21,87|15,57|10,73|52,1|39,85|85,13|10,74/10,12=10,73,52,1,12
41,34|66,22|78,96|51,55|2,74|43,56|94,2|15,78|56,23|51,15|50,19|19,66|8,43|51,8|57,41|51,88|55,57|51,50|88,94|96,53/51,74=51,88,94,2,74
61,18|78,68|31,71|87,73|61,55|55,64|50,57|71,87|95,26|26,44|61,95|94,38|61,69|90,50|61,31|69,90|18,94|38,62|44,27|64,78/61,57=61,69,90,50,57
2,61|5,3|95,87|55,31|51,67|89,7|7,51|32,28|8,11|16,63|55,89|97,95|31,92|3,8|55,5|94,97|55,94|55,2|61,16|92,32/55,63=55,2,61,16,63
12,56|4,19|4,53|19,32|3,12|11,59|91,10|51,74|4,63|84,3|93,91|4,84|59,86|26,1|4,11|86,85|53,45|63,93|32,26|45,51/4,85=4,11,59,86,85
50,87|6,48|57,27|26,13|14,57|13,47|14,62|14,50|14,84|75,53|14,91|69,99|52,9|91,65|65,69|84,56|56,6|87,52|62,26|27,75/14,47=14,62,26,13,47
73,67|3,81|84,91|73,80|20,84|2,94|56,74|62,99|99,1|67,62|82,2|73,77|81,51|47,3|77,56|74,16|73,47|73,72|80,82|72,20/73,1=73,67,62,99,1
63,91|25,82|80,0|67,23|80,25|80,9|96,35|0,67|17,5|66,29|9,26|23,61|82,11|80,17|26,96|38,66|6,38|11,39|80,6|5,63/80,61=80,0,67,23,61
87,11|98,26|78,21|86,88|55,98|32,34|99,24|85,78|47,32|73,47|83,85|57,12|57,83|57,99|12,23|57,55|57,73|26,97|24,87|23,86/57,34=57,73,47,32,34
93,91|43,40|54,79|38,89|5,48|89,54|38,43|98,5|38,98|17,82|40,73|38,17|73,96|92,30|30,83|83,0|79,57|48,12|38,92|82,93/38,57=38,89,54,79,57
46,88|44,20|61,67|44,93|44,83|27,34|20,33|51,62|93,99|45,61|67,3|34,59|99,51|83,10|10,46|44,66|33,36|36,18|44,45|66,27/44,18=44,20,33,36,18
32,41|88,84|68,4|57,32|93,77|30,7|11,67|53,24|4,93|30,55|39,88|55,57|84,25|30,39|7,56|24,51|30,14|14,53|30,68|56,11/30,51=30,14,53,24,51
21,63|59,89|93,37|9,81|66,51|38,31|66,34|94,99|31,15|99,59|37,1|51,93|66,94|82,9|15,14|34,82|63,41|41,69|66,21|66,38/66,89=66,94,99,59,89
27,20|42,34|5,69|53,79|13,23|57,9|13,42|13,3|34,53|97,27|69,28|61,57|13,61|28,66|3,97|9,76|75,58|23,75|58,62|13,5/13,66=13,5,69,28,66
61,64|7,38|64,68|16,60|38,16|27,70|7,55|7,49|44,57|7,14|70,66|45,15|15,99|57,33|49,27|7,45|99,5|55,61|14,44|60,52/7,66=7,49,27,70,66
20,41|27,75|41,91|5,7|18,27|91,13|18,38|97,5|18,20|38,16|44,58|43,53|18,85|3,43|18,3|75,44|51,32|16,51|53,37|85,97/18,32=18,38,16,51,32
80,63|3,28|53,0|80,12|80,73|29,88|73,22|12,53|63,74|86,30|30,83|22,93|35,29|88,31|80,35|93,96|80,72|72,86|74,3|0,90/80,90=80,12,53,0,90
77,0|86,77|64,4|56,71|86,6|86,8|86,81|92,65|71,67|72,45|38,72|81,95|95,40|40,37|86,74|74,79|6,56|79,92|0,64|8,38/86,65=86,74,79,92,65
36,68|17,36|2,77|53,55|26,51|78,66|7,50|78,61|78,80|61,37|40,70|80,17|58,40|78,7|66,58|13,19|37,53|19,26|50,2|78,13/78,51=78,13,19,26,51
46,87|60,38|71,6|71,60|27,88|73,23|13,73|87,95|86,0|71,59|45,13|33,19|71,46|6,79|79,27|68,86|95,91|59,68|38,33|71,45/71,91=71,46,87,95,91
64,22|9,70|64,74|92,57|90,9|80,69|71,77|32,71|35,80|99,14|57,78|14,84|22,92|64,6|64,90|84,93|64,99|74,35|6,32|70,51/64,78=64,22,92,57,78
31,46|46,13|86,87|62,26|87,39|73,29|41,90|76,18|33,73|62,92|62,31|13,97|29,9|56,86|62,56|62,33|51,76|26,51|90,93|92,41/62,93=62,92,41,90,93
68,10|46,92|90,85|80,81|37,90|24,80|10,75|26,8|85,1|24,11|17,88|24,17|24,14|11,68|24,37|50,40|14,30|81,26|88,46|30,50/24,40=24,14,30,50,40
52,74|55,20|74,56|51,52|5,55|46,14|48,42|25,9|51,46|97,87|89,92|81,1|56,43|20,90|9,81|51,25|51,5|42,89|51,48|14,97/51,1=51,25,9,81,1
25,47|85,39|78,13|39,62|51,38|78,23|13,51|23,94|94,25|78,42|72,8|15,69|78,72|69,59|10,80|78,70|8,10|42,15|70,85|38,3/78,80=78,72,8,10,80
46,41|31,16|28,72|16,20|71,95|44,75|58,52|88,18|55,31|75,46|18,58|71,56|56,28|69,29|71,88|71,44|95,26|26,69|71,55|72,0/71,41=71,44,75,46,41
14,17|93,42|80,58|56,95|52,47|0,3|17,1|47,31|82,80|14,56|90,52|14,92|42,32|38,82|1,61|14,90|14,38|61,89|95,0|92,93/14,3=14,56,95,0,3
66,21|59,23|2,60|66,59|34,85|66,80|14,40|90,14|66,90|22,41|0,47|80,34|23,15|47,2|66,0|85,45|15,38|28,22|21,28|40,53/66,41=66,21,28,22,41
67,33|33,15|86,12|12,80|80,13|87,61|63,17|2,92|86,90|17,64|86,87|56,10|86,67|90,45|45,2|13,76|39,63|86,39|61,56|15,30/86,64=86,39,63,17,64
50,59|93,83|80,67|83,85|85,7|24,94|93,81|49,44|19,48|93,19|3,24|93,26|93,3|78,80|7,20|48,49|94,64|81,78|13,50|26,13/93,59=93,26,13,50,59
34,20|45,50|66,45|69,40|44,79|31,58|31,34|40,7|57,38|59,44|7,4|58,60|31,66|15,59|31,69|50,65|31,15|60,57|13,82|20,13/31,82=31,34,20,13,82
93,88|60,50|43,39|37,7|93,1|88,56|1,54|56,60|39,64|93,99|62,85|93,43|5,46|93,12|64,28|7,17|85,19|12,37|99,62|54,5/93,46=93,1,54,5,46
89,1|34,47|48,72|40,5|1,41|89,70|2,16|5,8|52,76|70,34|89,33|33,40|94,64|72,90|90,92|64,52|89,94|47,7|89,48|41,2/89,8=89,33,40,5,8
79,70|39,32|59,46|12,13|51,31|59,11|70,65|26,51|76,12|10,7|31,25|32,67|67,50|97,79|11,76|88,10|46,88|59,39|59,26|59,97/59,7=59,46,88,10,7
47,40|17,25|37,44|32,17|32,31|25,71|63,69|98,21|32,19|32,49|71,87|31,48|19,83|44,47|89,98|52,10|49,89|48,63|83,52|32,37/32,87=32,17,25,71,87
76,92|42,26|41,13|31,89|60,42|33,16|38,44|50,33|26,38|60,7|13,39|60,32|94,76|89,19|75,31|7,94|61,50|32,41|60,75|60,61/60,39=60,32,41,13,39
76,80|76,34|18,16|76,59|28,29|76,39|16,82|65,54|80,84|59,23|39,18|54,11|92,20|34,65|20,90|76,92|90,45|23,28|12,81|84,12/76,45=76,92,20,90,45
71,15|37,43|87,59|80,35|69,75|15,69|43,93|71,80|6,81|59,61|75,56|71,25|71,6|35,39|25,37|61,9|39,66|81,18|71,87|18,45/71,45=71,6,81,18,45
14,80|17,68|56,63|40,31|56,54|63,86|86,57|35,40|93,65|41,10|21,33|54,35|98,32|68,93|57,8|80,98|56,14|56,17|33,41|56,21/56,32=56,14,80,98,32
87,47|78,26|6,78|48,96|87,10|87,4|96,76|70,59|87,65|89,34|4,48|10,81|81,89|67,1|1,70|87,67|86,36|47,86|65,6|36,94/87,26=87,65,6,78,26
48,69|81,54|29,44|24,77|81,29|51,14|69,53|65,67|53,56|81,48|0,42|77,3|81,65|81,24|71,51|67,63|3,4|63,80|54,71|44,0/81,56=81,48,69,53,56
64,94|17,25|70,80|41,86|35,58|94,26|86,33|9,41|3,17|46,51|18,31|64,9|26,18|72,35|64,3|25,0|64,48|48,72|80,46|64,70/64,31=64,94,26,18,31
44,69|97,87|40,61|78,40|31,78|87,57|95,82|30,84|84,80|97,60|57,26|97,31|60,95|59,30|97,56|69,47|82,7|26,10|56,44|97,59/97,7=97,60,95,82,7
36,56|77,25|79,26|79,92|3,13|72,74|56,45|26,11|79,59|11,77|46,35|59,46|92,72|49,3|79,36|45,50|35,93|79,49|74,58|13,32/79,32=79,49,3,13,32
62,28|76,62|56,64|23,76|3,30|23,31|23,9|89,56|37,72|23,2|2,89|28,34|23,19|21,17|14,3|31,96|96,21|88,37|19,14|9,88/23,34=23,76,62,28,34
38,61|70,38|59,39|81,98|59,12|98,18|12,65|59,81|49,13|18,34|59,49|39,50|59,70|61,29|20,27|13,14|50,20|14,5|51,24|65,51/59,29=59,70,38,61,29
56,3|61,70|48,61|1,16|56,99|38,7|56,9|75,38|3,65|16,57|56,77|77,24|99,75|76,39|81,1|56,81|24,76|65,93|93,97|9,48/56,57=56,81,1,16,57
51,40|29,32|97,60|29,25|8,82|49,8|82,11|71,67|29,51|93,12|67,30|29,49|40,93|75,47|30,37|21,97|25,21|29,71|52,75|32,52/29,37=29,71,67,30,37
60,39|70,87|24,0|24,52|75,60|29,58|1,92|47,1|6,49|24,63|0,34|24,6|94,68|24,81|12,70|63,12|81,47|52,75|34,94|49,29/24,92=24,81,47,1,92
63,61|97,18|97,69|77,78|73,40|78,73|18,75|44,50|97,63|97,44|50,47|61,58|58,34|69,30|75,93|93,6|47,1|30,48|48,2|97,77/97,6=97,18,75,93,6
27,12|39,85|4,55|12,64|68,86|4,0|74,78|55,39|49,68|60,61|4,60|85,10|33,28|37,74|69,49|4,52|61,33|52,37|0,27|4,69/4,64=4,0,27,12,64
9,24|68,5|81,44|26,30|94,9|38,60|73,98|24,42|5,62|40,68|44,58|98,90|37,21|37,94|37,26|37,73|30,38|90,71|37,40|21,81/37,58=37,21,81,44,58
77,16|73,93|24,1|86,71|48,18|44,49|88,29|86,44|55,12|26,9|49,39|9,88|43,55|39,25|16,24|18,73|86,26|71,43|86,77|86,48/86,12=86,71,43,55,12
13,98|78,35|71,0|71,60|5,17|2,67|33,1|58,38|60,78|55,6|91,62|71,5|67,13|71,2|0,55|71,33|6,11|17,58|1,91|35,29/71,11=71,0,55,6,11
67,24|21,28|1,94|53,16|94,29|51,21|19,61|69,74|42,69|30,98|1,19|56,95|1,53|29,67|1,51|74,48|16,30|28,81|61,56|1,42/1,98=1,53,16,30,98
29,11|54,55|58,51|11,60|9,58|87,0|59,73|61,34|49,9|4,61|87,4|0,29|55,95|87,49|34,47|73,83|87,59|70,54|83,68|87,70/87,47=87,4,61,34,47
12,53|77,35|3,24|89,76|55,72|89,58|89,91|58,7|85,63|76,60|60,77|94,93|24,32|5,85|7,55|89,5|53,94|63,2|91,3|89,12/89,93=89,12,53,94,93
12,49|49,81|21,29|31,93|60,38|33,26|29,1|95,54|25,21|2,50|12,14|12,25|94,31|81,60|12,33|12,67|14,94|67,95|54,72|26,2/12,72=12,67,95,54,72
70,53|16,70|35,82|82,74|14,63|68,67|35,16|35,59|53,57|30,68|74,14|62,44|59,30|5,32|8,83|35,6|83,71|35,5|6,8|32,62/35,44=35,5,32,62,44
24,51|15,64|24,41|30,59|24,28|51,8|24,92|19,50|22,19|38,15|59,6|47,4|92,38|28,93|8,43|41,22|43,1|93,47|52,30|24,52/24,50=24,41,22,19,50
40,92|71,85|73,40|89,75|75,32|66,71|92,42|66,73|78,88|66,95|28,37|66,89|96,14|32,49|85,96|72,28|95,46|46,78|37,44|66,72/66,49=66,89,75,32,49
59,23|15,87|52,63|84,40|15,12|40,8|15,59|15,2|57,41|82,33|32,56|56,57|73,88|91,82|87,84|2,52|23,73|12,91|15,32|63,68/15,8=15,87,84,40,8
46,94|98,4|12,39|99,44|26,5|18,87|94,98|0,18|46,85|97,62|87,36|46,33|62,49|5,12|56,99|46,26|4,57|85,97|46,0|33,56/46,39=46,26,5,12,39
31,46|46,29|86,87|62,26|87,39|73,76|41,90|13,97|33,73|62,92|62,31|29,9|76,18|56,86|62,56|62,33|51,13|26,51|90,93|92,41/62,93=62,92,41,90,93
19,77|19,53|88,60|29,41|53,2|19,3|36,46|19,24|77,13|46,16|33,29|59,75|13,66|2,88|76,33|19,76|66,25|3,36|85,59|24,85/19,60=19,53,2,88,60
69,17|91,36|18,38|14,76|14,91|76,18|1,35|40,11|14,40|16,33|83,1|35,64|38,97|33,69|39,22|36,9|14,83|9,4|11,39|14,16/14,4=14,91,36,9,4
59,35|95,74|71,47|30,46|5,19|27,5|95,76|46,58|89,59|13,86|86,25|95,94|58,41|74,32|95,30|32,71|95,89|94,13|35,75|76,27/95,25=95,94,13,86,25
72,96|64,19|64,48|90,53|15,90|42,62|48,15|36,57|57,86|64,42|64,23|41,36|17,3|38,63|96,52|3,51|19,17|62,38|64,41|23,72/64,63=64,42,62,38,63
86,41|26,14|19,97|86,75|55,54|59,4|86,55|45,19|52,74|54,59|86,57|61,26|16,63|63,80|91,52|86,3|41,61|57,45|75,16|3,91/86,97=86,57,45,19,97
75,27|16,11|16,55|11,98|0,45|20,9|16,48|70,23|83,75|74,20|48,82|3,85|22,0|16,99|55,22|98,3|16,83|82,70|27,44|99,74/16,23=16,48,82,70,23
49,39|51,35|9,55|35,74|86,54|78,9|89,78|51,49|38,27|36,26|27,85|85,52|51,89|0,31|51,38|74,61|61,3|54,36|51,86|39,0/51,55=51,89,78,9,55
35,9|89,66|62,20|35,98|64,52|92,80|66,22|20,3|58,74|35,64|3,94|35,16|9,11|16,92|77,79|80,26|35,62|52,77|11,58|98,89/35,79=35,64,52,77,79
62,28|76,62|37,72|23,76|3,30|23,31|23,9|89,37|21,17|23,2|2,89|28,34|23,19|56,64|14,3|31,96|96,56|88,21|19,14|9,88/23,34=23,76,62,28,34
21,32|30,19|13,70|32,36|97,21|11,22|67,78|13,11|63,86|13,83|8,59|18,5|5,30|70,63|13,97|86,92|83,8|13,18|22,67|59,35/13,19=13,18,5,30,19
94,82|48,17|5,89|17,34|65,36|34,9|75,55|52,94|31,2|89,74|5,48|5,87|5,65|36,92|32,19|74,75|19,31|92,72|87,52|5,32/5,55=5,89,74,75,55
42,19|72,67|57,26|99,46|67,99|89,49|44,61|61,75|1,69|26,85|48,55|49,1|44,89|75,42|44,53|44,65|65,57|55,95|53,48|44,72/44,95=44,53,48,55,95
2,29|53,3|32,77|37,75|39,91|75,68|84,37|76,53|3,97|97,18|76,60|26,39|6,70|76,84|60,55|55,2|76,92|70,32|76,6|92,26/76,77=76,6,70,32,77
24,33|24,8|33,61|17,36|14,81|97,22|36,13|46,96|96,20|70,60|24,46|24,5|31,70|71,9|5,17|9,14|20,83|61,97|24,71|8,31/24,22=24,33,61,97,22
54,11|75,16|67,32|74,67|74,38|74,96|38,29|74,72|86,91|16,30|29,98|98,93|30,15|74,75|79,52|32,54|24,86|96,79|72,24|52,92/74,93=74,38,29,98,93
41,74|56,40|33,83|76,58|76,70|76,56|10,89|83,9|76,10|69,33|52,41|21,13|70,47|39,16|97,22|47,21|58,52|89,39|40,97|76,69/76,16=76,10,89,39,16
89,27|89,84|89,8|60,16|84,70|27,35|48,72|73,44|72,88|78,48|38,52|89,38|89,78|20,22|8,20|52,73|70,67|67,28|22,17|35,60/89,88=89,78,48,72,88
45,87|84,26|84,81|84,21|8,97|21,40|84,45|71,82|27,95|94,67|46,1|81,27|95,39|26,4|40,71|4,32|87,8|84,46|1,94|32,72/84,82=84,21,40,71,82
73,52|52,24|14,70|42,62|42,93|75,5|42,10|70,58|74,66|83,75|63,83|10,73|62,28|82,64|42,74|66,82|42,63|41,65|28,41|93,14/42,58=42,93,14,70,58
75,25|90,52|31,77|90,18|90,20|16,4|44,30|74,83|60,92|76,75|83,48|90,31|52,60|90,44|77,68|30,16|68,29|92,22|20,74|18,76/90,22=90,52,60,92,22
44,14|45,93|39,74|36,39|93,34|6,17|42,75|18,6|18,85|18,43|65,29|62,96|14,65|18,44|17,62|75,82|88,45|18,88|43,42|85,36/18,96=18,6,17,62,96
16,24|24,30|25,93|96,68|60,16|17,18|5,74|3,73|60,5|60,20|30,49|60,25|73,17|60,3|20,78|88,34|93,88|74,96|78,42|42,82/60,68=60,5,74,96,68
68,11|44,45|71,49|71,86|65,88|93,7|71,77|71,31|88,93|86,19|39,10|26,44|31,26|36,6|0,68|49,0|10,72|19,36|77,39|71,65/71,72=71,77,39,10,72
83,86|32,53|89,88|53,52|0,21|59,71|0,77|0,32|52,90|0,12|11,58|20,72|0,20|72,11|86,54|21,8|77,89|8,59|88,92|12,83/0,58=0,20,72,11,58
58,14|59,67|99,75|47,82|75,72|99,59|99,47|72,88|10,68|60,57|22,29|45,15|68,45|29,58|88,37|67,60|99,10|12,81|82,12|99,22/99,37=99,75,72,88,37
42,90|44,84|0,69|34,0|9,83|36,52|84,60|9,32|6,36|52,28|9,81|65,53|32,34|83,42|9,44|60,41|90,70|9,6|47,65|81,47/9,70=9,83,42,90,70
2,17|12,66|68,79|32,75|48,59|95,8|23,95|66,1|71,21|72,12|8,31|71,23|71,48|75,2|59,68|33,37|71,32|37,26|21,33|71,72/71,31=71,23,95,8,31
91,27|88,81|81,93|89,11|36,25|91,63|22,5|91,49|58,40|40,37|91,73|12,70|28,22|25,12|91,36|63,58|80,89|73,80|49,88|27,28/91,70=91,36,25,12,70
47,74|52,56|94,79|76,19|15,92|92,94|0,32|47,52|43,5|47,17|32,24|24,67|17,76|19,7|56,21|47,15|47,0|5,46|21,16|74,43/47,79=47,15,92,94,79
54,38|73,56|32,20|20,62|73,54|73,69|6,80|69,61|93,76|56,98|38,6|10,71|94,59|90,32|98,93|35,10|73,25|73,90|25,35|61,94/73,76=73,56,98,93,76
33,59|72,39|26,10|26,44|82,11|10,72|26,33|39,94|59,7|19,1|7,62|26,83|65,38|44,65|61,82|26,61|11,75|1,85|83,19|38,18/26,94=26,10,72,39,94
78,15|16,36|35,13|85,39|87,31|72,35|74,72|39,52|31,85|27,50|50,79|67,78|87,41|41,27|36,69|34,67|87,74|69,0|87,34|87,16/87,79=87,41,27,50,79
60,86|42,59|88,4|80,52|84,80|2,12|52,77|76,61|76,84|76,2|76,95|95,60|4,66|12,78|86,9|76,57|61,46|78,20|46,42|57,88/76,20=76,2,12,78,20
81,89|92,65|69,43|89,76|69,51|65,56|51,9|96,5|43,71|76,42|69,92|53,98|69,81|97,61|71,96|9,53|61,49|49,14|56,40|69,97/69,5=69,43,71,96,5
86,14|16,91|99,72|69,57|70,51|14,99|63,35|58,69|93,58|96,95|91,18|41,86|41,19|41,63|35,96|41,93|51,17|41,16|19,70|18,54/41,95=41,63,35,96,95
9,73|26,94|51,3|38,77|26,34|11,49|71,0|99,50|74,38|34,74|26,51|86,76|0,99|3,11|26,86|94,9|73,44|26,71|76,83|83,33/26,44=26,94,9,73,44
17,77|57,33|31,98|30,31|30,46|30,10|10,86|4,81|30,3|33,47|0,4|3,37|37,17|86,89|30,80|38,99|80,57|98,38|89,63|46,0/30,63=30,10,86,89,63
89,17|27,89|49,35|27,62|87,31|17,65|56,72|65,18|15,40|72,92|92,83|27,56|35,15|27,49|81,48|80,81|27,94|94,80|31,82|62,87/27,82=27,62,87,31,82
28,57|91,65|70,23|64,70|91,74|10,47|37,87|47,97|18,43|87,60|91,10|65,64|60,82|97,73|91,28|43,86|57,95|95,50|91,37|74,18/91,86=91,74,18,43,86
16,45|45,21|17,1|4,87|88,61|88,39|76,16|34,94|93,4|46,35|39,71|70,25|37,93|88,37|71,70|88,76|61,46|88,17|35,73|1,34/88,73=88,61,46,35,73
96,91|68,59|43,7|43,98|48,90|19,96|81,54|66,65|43,44|23,25|54,68|25,66|43,23|37,34|90,73|98,19|7,37|44,48|34,72|43,81/43,72=43,7,37,34,72
2,31|64,58|19,52|93,49|46,13|46,45|60,6|58,92|46,80|80,64|45,51|46,2|18,98|31,18|13,93|6,15|53,60|51,19|46,53|49,83/46,15=46,53,60,6,15
0,63|0,33|71,50|85,75|75,58|89,13|0,85|0,71|13,95|72,21|58,41|63,87|50,62|51,18|21,37|87,51|62,82|92,89|33,72|0,92/0,18=0,63,87,51,18
57,16|77,12|57,17|97,84|94,77|75,73|12,87|73,37|54,44|16,97|44,18|17,39|84,2|57,54|5,38|18,4|57,94|39,5|57,75|37,45/57,2=57,16,97,84,2
32,5|82,30|93,44|36,87|36,49|41,59|60,93|33,32|49,60|85,17|36,46|87,33|36,71|3,41|86,82|46,3|17,18|36,51|71,86|51,85/36,59=36,46,3,41,59
43,15|18,55|22,25|55,43|75,73|96,60|57,3|57,75|20,49|3,68|6,13|67,22|13,20|53,67|57,18|68,63|73,96|57,53|57,6|63,11/57,11=57,3,68,63,11
83,46|74,81|83,35|44,30|94,45|83,37|35,33|58,14|33,31|45,58|18,44|65,8|83,94|46,18|63,74|37,65|83,63|81,43|31,75|8,21/83,30=83,46,18,44,30
81,83|27,50|19,85|20,76|10,67|5,45|45,3|67,77|85,90|21,8|10,1|29,52|83,29|35,19|10,27|10,81|1,5|50,20|77,21|10,35/10,76=10,27,50,20,76
1,71|23,3|71,42|90,52|41,1|56,18|12,56|44,27|7,12|65,2|52,23|7,57|18,75|7,41|7,90|57,8|7,44|43,70|27,43|8,65/7,42=7,41,1,71,42
83,98|30,50|42,26|38,33|69,30|41,83|27,41|33,36|71,49|80,27|43,2|26,71|2,88|90,69|80,90|80,43|36,94|88,73|80,42|80,38/80,49=80,42,26,71,49
13,54|29,82|29,61|18,78|98,47|29,70|78,27|25,21|82,25|84,99|29,94|94,60|70,52|61,98|21,74|47,55|29,18|60,84|27,6|52,13/29,99=29,94,60,84,99
65,76|25,46|57,79|68,2|67,25|58,31|68,44|68,85|35,16|68,3|2,33|44,67|68,64|3,37|31,70|51,65|33,35|64,58|85,51|37,57/68,16=68,2,33,35,16
88,45|59,5|91,67|36,15|46,91|79,72|63,21|42,46|79,73|79,42|72,59|79,14|5,43|14,29|90,60|79,88|78,63|29,36|45,90|73,78/79,15=79,14,29,36,15
43,96|45,67|95,84|84,56|60,71|17,81|94,43|67,17|45,94|53,60|96,42|66,4|20,40|81,21|45,20|40,66|71,50|45,85|45,53|85,95/45,21=45,67,17,81,21
16,48|48,77|10,99|42,10|16,2|16,6|88,57|71,24|23,44|2,90|28,95|90,88|16,71|44,0|16,23|0,73|24,7|7,27|77,28|6,42/16,99=16,6,42,10,99
31,12|65,52|78,46|34,86|68,99|89,97|97,23|19,78|61,81|86,98|81,36|84,61|34,84|34,89|46,93|23,35|52,68|98,31|34,65|34,19/34,35=34,89,97,23,35
80,63|30,83|53,0|80,12|80,73|29,88|73,22|12,53|63,74|86,93|93,96|22,3|35,29|88,31|80,35|3,28|80,72|72,86|74,30|0,90/80,90=80,12,53,0,90
72,45|17,83|43,96|35,17|72,69|69,58|42,12|72,88|79,25|72,9|92,7|88,35|72,20|20,70|70,92|25,94|9,10|10,42|58,43|45,79/72,12=72,9,10,42,12
4,84|4,46|67,58|8,23|32,98|88,67|29,3|4,8|84,68|23,30|60,31|14,45|46,88|66,43|30,13|31,32|4,66|68,14|4,60|43,29/4,45=4,84,68,14,45
2,87|15,99|76,18|87,54|2,98|2,76|1,9|82,0|54,82|90,66|18,88|2,32|99,65|9,25|70,60|2,70|60,90|98,1|88,23|32,15/2,25=2,98,1,9,25
21,18|1,56|71,0|74,72|62,74|24,90|62,27|72,1|27,71|76,10|57,41|41,8|62,21|79,57|50,30|62,79|18,24|10,50|0,38|62,76/62,30=62,76,10,50,30
48,13|72,67|28,96|20,73|13,12|67,36|48,38|38,31|74,19|48,70|65,52|31,60|12,74|73,3|48,65|70,20|36,23|60,54|48,72|52,28/48,23=48,72,67,36,23
27,57|2,60|27,35|60,23|7,96|80,0|0,78|27,41|38,62|29,51|35,2|57,80|27,1|96,55|1,99|65,38|62,17|99,29|41,7|27,65/27,55=27,41,7,96,55
83,10|55,58|55,26|47,27|55,2|40,64|55,81|2,47|53,72|85,67|81,40|10,53|29,5|55,83|64,61|58,32|32,85|26,29|5,56|27,34/55,72=55,83,10,53,72
52,44|10,26|46,3|71,89|2,84|2,46|2,5|44,10|2,58|2,52|69,8|5,22|93,59|58,71|84,80|89,12|80,93|22,69|3,66|66,99/2,26=2,52,44,10,26
30,34|88,37|87,77|8,30|75,24|8,98|12,40|70,33|37,75|33,96|8,12|55,56|6,93|34,6|1,55|5,70|8,88|8,5|40,87|98,1/8,96=8,5,70,33,96
38,99|60,85|59,62|7,33|75,49|41,60|71,12|99,3|75,45|62,39|69,7|75,38|45,69|49,59|75,41|3,47|85,37|10,93|93,71|75,10/75,39=75,49,59,62,39
20,69|40,16|20,96|67,26|96,18|20,37|99,5|31,51|33,89|16,39|15,58|5,15|37,6|20,82|82,40|69,80|18,33|6,31|20,99|80,67/20,39=20,82,40,16,39
33,59|64,99|22,11|54,33|92,4|68,35|54,29|96,92|32,52|4,34|54,64|59,22|6,8|35,46|29,6|54,49|54,96|49,68|8,87|99,32/54,87=54,29,6,8,87
18,68|2,47|80,41|78,76|59,34|2,59|11,71|85,1|83,99|95,12|71,83|47,72|2,18|34,46|76,85|2,78|72,80|68,95|46,65|2,11/2,1=2,78,76,85,1
67,28|25,85|58,64|64,40|40,38|78,79|52,72|4,65|77,78|58,25|58,10|58,4|85,52|58,90|28,34|10,77|63,61|65,63|38,96|90,67/58,61=58,4,65,63,61
10,61|85,46|23,39|61,80|85,63|69,12|45,93|74,48|36,79|63,67|46,10|67,23|93,69|79,9|85,45|85,17|85,74|33,73|17,36|48,33/85,9=85,17,36,79,9
0,19|20,98|43,28|33,65|73,9|19,61|0,21|0,43|76,27|21,76|0,46|18,5|61,84|84,72|57,33|27,67|28,20|46,57|0,18|5,73/0,72=0,19,61,84,72
28,67|96,43|71,30|98,52|96,28|43,99|96,17|81,97|97,80|96,47|47,70|67,79|79,50|17,71|70,98|96,81|80,32|99,37|30,40|37,66/96,66=96,43,99,37,66
45,76|16,2|16,89|16,97|24,59|54,57|89,54|7,91|33,40|20,69|71,7|16,20|21,24|57,47|97,71|14,33|40,72|16,14|2,21|69,45/16,91=16,97,71,7,91
22,30|67,93|67,62|17,73|16,1|93,9|4,37|62,22|67,4|30,66|67,92|9,8|92,17|23,69|8,97|73,47|67,16|37,94|94,63|1,23/67,66=67,62,22,30,66
60,83|91,58|60,68|84,14|7,2|58,7|14,69|89,36|60,25|56,0|72,40|68,55|55,87|83,84|60,91|60,89|0,93|87,15|25,56|36,72/60,40=60,89,36,72,40
83,43|41,97|20,89|7,14|89,83|75,96|65,45|7,20|21,58|7,85|45,24|11,23|85,82|14,13|82,11|7,35|35,65|13,21|7,75|96,41/7,24=7,35,65,45,24
27,16|52,96|95,73|74,8|16,13|27,52|27,14|58,94|27,75|27,95|94,7|73,99|99,57|86,37|96,74|14,6|35,64|13,35|75,58|6,86/27,64=27,16,13,35,64
27,74|79,88|25,23|94,6|53,86|25,30|43,11|28,94|67,79|25,43|25,98|7,49|98,53|49,18|21,28|11,27|23,7|86,89|30,67|25,21/25,74=25,43,11,27,74
14,69|15,36|27,24|40,82|15,29|11,58|29,8|48,5|36,87|15,14|87,40|24,57|8,51|15,60|60,27|43,48|5,92|51,91|69,11|15,43/15,82=15,36,87,40,82
99,27|59,61|27,91|99,42|76,0|42,18|7,1|83,43|88,30|99,66|40,83|99,50|91,47|47,11|50,59|0,88|18,7|66,40|61,25|99,76/99,43=99,66,40,83,43
63,90|0,77|95,57|53,82|88,22|77,56|22,44|51,63|19,46|57,55|21,0|46,86|86,54|90,53|51,78|51,19|51,21|78,88|55,92|51,95/51,92=51,95,57,55,92
46,84|5,97|52,19|1,5|79,32|46,31|46,1|46,71|84,59|9,72|59,9|37,52|46,37|50,85|97,74|31,79|32,41|85,68|19,28|71,50/46,41=46,31,79,32,41
20,62|41,32|48,53|74,86|93,48|58,93|22,47|86,96|4,99|4,58|4,22|4,7|1,16|32,78|7,74|4,50|47,20|99,41|50,1|16,95/4,95=4,50,1,16,95
24,6|90,59|97,90|6,31|69,26|83,38|93,69|97,93|52,1|59,52|96,54|28,24|54,3|97,96|70,11|3,72|97,83|97,28|38,70|26,88/97,88=97,93,69,26,88
3,75|3,29|79,62|96,90|29,9|43,48|41,43|3,41|3,33|9,68|75,16|33,39|39,1|62,46|1,7|68,19|48,74|3,79|16,96|46,5/3,7=3,33,39,1,7
69,45|1,47|95,71|67,21|1,60|26,16|47,86|1,28|28,95|45,30|30,62|21,26|75,29|60,91|1,67|1,69|86,11|11,96|71,6|91,75/1,96=1,47,86,11,96
68,10|26,8|90,46|80,81|37,90|24,80|10,75|85,1|46,92|24,11|17,88|24,17|24,14|11,68|24,37|50,40|14,30|81,85|88,26|30,50/24,40=24,14,30,50,40
75,38|16,25|52,16|29,81|81,4|96,2|7,90|4,83|90,55|9,37|13,96|9,94|35,13|9,7|37,52|94,75|38,17|9,35|9,29|55,85/9,25=9,37,52,16,25
60,71|56,42|8,2|88,11|34,54|42,60|2,43|67,31|55,15|27,88|11,86|8,27|43,55|8,69|8,34|53,79|54,53|69,67|8,56|31,36/8,79=8,34,54,53,79
22,29|66,57|21,95|33,71|56,47|33,21|86,13|92,58|39,86|57,4|33,16|12,56|33,76|53,83|76,12|58,53|16,66|33,92|95,22|71,39/33,47=33,76,12,56,47
65,25|41,80|24,92|76,9|65,50|65,41|50,30|65,3|65,74|80,84|74,24|67,98|19,99|84,53|92,46|3,96|96,19|72,76|30,67|25,72/65,53=65,41,80,84,53
58,28|88,30|14,79|18,70|39,13|64,81|6,2|2,25|70,6|68,52|18,14|0,63|18,50|79,58|63,37|18,64|50,0|13,88|81,68|18,39/18,37=18,50,0,63,37
65,38|40,59|64,56|40,50|59,65|24,19|34,58|56,89|96,5|50,37|40,34|58,96|37,36|82,64|40,93|38,21|93,24|36,2|19,14|40,82/40,5=40,34,58,96,5
66,87|47,7|24,56|80,49|66,74|66,80|32,27|66,6|6,58|36,11|66,43|58,3|43,10|10,24|74,36|28,47|11,68|87,28|49,32|3,31/66,56=66,43,10,24,56
87,44|9,29|1,54|9,89|9,99|89,66|25,41|29,45|73,72|66,20|45,25|9,15|59,73|81,1|72,12|44,96|9,59|20,67|15,87|99,81/9,67=9,89,66,20,67
11,9|91,26|75,57|85,2|85,13|7,91|85,87|9,84|79,81|13,82|58,97|81,75|80,36|87,7|84,49|85,11|85,79|82,80|22,58|2,22/85,97=85,2,22,58,97
43,1|73,9|82,51|4,56|96,84|42,41|92,38|73,10|73,4|73,42|11,57|9,96|45,85|73,92|54,43|10,54|84,97|38,45|41,82|56,11/73,85=73,92,38,45,85
41,78|75,18|34,4|18,13|73,64|61,73|16,37|13,69|12,87|87,34|80,25|41,62|25,30|41,75|41,12|78,61|11,51|37,11|62,80|41,16/41,30=41,62,80,25,30
45,68|71,96|57,80|77,59|79,24|31,57|77,60|96,82|77,34|60,41|34,45|82,0|41,62|59,8|62,6|77,35|35,31|8,79|77,71|68,54/77,24=77,59,8,79,24
77,38|95,28|15,19|12,40|95,26|95,77|52,2|86,78|95,84|16,69|78,76|28,15|79,46|26,86|38,16|2,30|40,79|95,12|19,4|84,52/95,46=95,12,40,79,46
94,42|74,95|96,29|13,93|23,74|68,40|63,51|93,68|29,33|22,99|19,47|33,78|23,96|47,41|23,22|23,13|99,94|85,19|95,63|23,85/23,41=23,85,19,47,41
26,30|30,19|31,16|28,18|19,40|54,43|55,65|18,73|56,28|65,97|55,26|55,52|55,45|55,56|94,14|52,54|16,36|45,31|97,94|43,75/55,73=55,56,28,18,73
75,67|75,34|47,39|31,30|30,46|76,31|54,77|89,70|70,12|53,61|75,22|66,89|77,55|75,66|40,47|67,54|22,24|75,76|24,53|34,40/75,46=75,76,31,30,46
26,81|88,95|63,2|2,51|26,23|95,75|69,66|86,49|0,72|49,3|26,42|42,63|23,88|66,87|81,68|90,69|68,0|3,57|26,86|26,90/26,72=26,81,68,0,72
98,88|57,10|88,69|77,83|72,25|48,77|10,40|69,94|57,92|51,71|54,44|57,81|40,54|71,31|25,67|67,56|57,72|57,98|92,48|81,51/57,94=57,98,88,69,94
85,95|71,26|75,71|85,72|8,16|23,35|70,17|72,49|94,70|16,32|0,28|11,75|49,0|85,66|77,33|85,77|66,8|95,94|33,23|85,11/85,26=85,11,75,71,26
19,47|25,14|32,63|41,86|86,19|34,5|57,55|44,24|47,83|5,8|41,44|41,78|41,34|8,65|24,57|78,32|21,69|41,21|63,85|69,25/41,14=41,21,69,25,14
6,64|45,92|77,76|35,37|35,45|54,98|92,15|46,96|35,6|96,26|35,4|37,49|17,84|49,10|15,97|10,0|76,54|35,77|64,17|4,46/35,98=35,77,76,54,98
73,92|43,70|43,73|28,13|58,49|70,32|43,81|3,65|76,20|74,58|98,72|32,3|18,34|81,18|92,98|43,37|20,28|34,6|37,74|43,76/43,65=43,70,32,3,65
49,36|11,25|80,21|49,16|83,46|36,11|72,70|76,63|15,12|16,20|49,80|85,76|69,28|49,15|44,85|25,43|49,44|12,72|21,83|20,69/49,46=49,80,21,83,46
13,98|11,43|77,73|71,12|14,1|98,90|56,80|90,49|56,14|59,55|43,52|1,38|56,21|80,11|38,32|56,77|56,13|12,17|21,71|73,59/56,17=56,21,71,12,17
64,93|51,12|97,13|48,89|13,36|97,71|93,69|10,31|34,11|89,20|5,64|71,10|12,88|88,75|97,48|97,5|31,29|20,86|97,51|36,34/97,29=97,71,10,31,29
60,61|60,51|53,12|51,41|91,15|72,47|60,53|41,77|60,91|77,67|30,89|60,30|11,64|85,35|61,85|15,72|35,31|89,26|12,11|26,84/60,67=60,51,41,77,67
91,11|42,2|36,55|58,4|64,30|64,20|64,52|52,63|83,23|64,91|30,36|20,83|64,26|26,94|55,77|99,7|94,99|23,76|63,42|11,58/64,4=64,91,11,58,4
48,12|6,42|68,55|81,68|74,97|97,27|46,30|27,10|36,6|46,36|46,86|23,88|61,48|46,74|30,81|46,57|57,61|42,1|79,23|86,79/46,1=46,36,6,42,1
63,47|47,65|63,7|63,9|74,54|60,28|9,74|94,20|34,93|54,72|83,34|63,83|92,3|20,11|3,60|93,68|63,92|65,14|7,94|14,26/63,26=63,47,65,14,26
92,50|35,71|60,42|73,29|34,61|29,17|44,11|61,26|42,88|88,65|78,81|94,40|81,92|35,78|71,73|26,82|11,94|35,44|35,34|35,60/35,65=35,60,42,88,65
68,46|5,1|81,18|32,51|85,21|7,66|73,7|86,5|98,22|75,56|21,68|22,16|98,39|98,86|98,81|1,3|98,85|16,32|18,75|39,73/98,46=98,85,21,68,46
22,17|23,67|98,48|69,24|67,49|56,94|23,69|23,38|17,14|84,35|48,75|89,98|15,73|49,56|24,32|32,19|73,84|38,22|23,89|23,15/23,75=23,89,98,48,75
70,67|42,20|64,43|65,23|15,89|27,26|69,91|97,98|6,64|20,35|42,6|67,21|42,70|23,27|21,32|42,15|42,65|89,69|43,63|35,97/42,98=42,20,35,97,98
69,67|75,13|75,31|19,43|96,83|75,18|31,96|83,41|18,47|74,69|13,19|50,73|43,51|92,10|73,92|47,85|85,6|75,50|75,46|46,74/75,6=75,18,47,85,6
92,12|7,0|13,18|94,27|27,75|13,7|0,41|61,46|87,51|12,29|46,21|13,94|13,71|71,11|75,30|11,87|18,61|13,92|41,68|29,50/13,51=13,71,11,87,51
29,76|43,29|43,73|67,92|15,19|76,21|8,71|43,15|42,95|19,64|10,11|21,3|95,18|73,42|64,46|43,8|92,10|43,67|71,20|20,14/43,14=43,8,71,20,14
0,30|6,80|47,62|34,93|21,46|55,10|26,18|61,34|21,49|21,26|96,56|21,6|46,0|49,61|80,47|30,68|21,94|88,55|18,96|94,88/21,62=21,6,80,47,62
43,37|84,28|30,27|23,51|91,13|91,23|91,43|91,30|27,88|13,73|60,24|28,58|88,87|6,20|37,60|58,81|91,84|85,93|73,85|51,6/91,24=91,43,37,60,24
25,20|12,72|50,37|50,97|58,87|97,12|9,0|37,4|60,58|50,54|50,6|72,41|43,9|54,25|20,96|13,53|15,43|6,60|4,13|50,15/50,41=50,97,12,72,41
33,88|37,62|33,60|61,20|33,63|86,41|1,22|73,93|63,75|33,1|69,43|33,69|88,37|75,61|60,48|22,86|7,80|62,91|48,7|43,73/33,80=33,60,48,7,80
46,14|52,18|84,41|83,76|46,69|18,49|46,83|34,44|1,85|62,88|46,95|69,34|58,59|4,1|44,7|95,52|88,84|14,4|76,58|46,62/46,59=46,83,76,58,59
58,99|92,93|21,56|58,46|99,39|58,15|86,67|46,60|39,21|67,38|96,92|95,94|0,95|33,10|58,18|58,12|18,86|12,96|60,33|15,0/58,38=58,18,86,67,38
8,18|82,43|78,8|50,80|34,82|56,58|3,45|45,70|56,34|32,98|13,32|43,53|56,46|56,13|98,16|63,50|7,78|56,7|58,63|46,3/56,80=56,58,63,50,80
7,34|61,94|20,91|30,69|7,2|85,43|81,96|69,77|33,20|45,81|96,38|34,85|47,4|7,47|7,45|43,54|91,48|4,61|2,30|7,33/7,38=7,45,81,96,38
4,59|73,4|23,98|25,10|5,75|6,25|71,67|98,71|65,79|73,28|10,27|73,5|79,43|28,65|75,96|96,92|73,23|59,89|89,41|73,6/73,92=73,5,75,96,92
6,64|45,92|77,76|35,37|35,45|54,98|92,10|46,96|35,6|96,26|35,4|37,49|15,97|49,17|10,0|17,84|76,54|35,77|64,15|4,46/35,98=35,77,76,54,98
49,39|51,35|9,55|35,74|86,54|78,9|89,78|51,49|38,27|36,26|27,0|0,31|51,89|61,3|51,38|74,85|85,52|54,36|51,86|39,61/51,55=51,89,78,9,55
47,99|99,71|79,5|79,9|0,78|1,12|84,6|79,42|79,72|79,0|78,84|62,81|5,90|9,29|72,47|94,58|29,62|42,73|90,1|73,94/79,6=79,0,78,84,6
0,63|87,48|7,92|45,89|62,7|21,87|48,77|11,95|88,73|5,62|5,25|92,99|63,10|68,49|73,45|5,88|5,21|25,0|5,11|95,68/5,99=5,62,7,92,99
70,13|14,33|33,43|46,22|76,10|91,58|19,96|51,62|50,2|13,19|62,46|50,70|2,18|50,51|50,14|45,52|50,76|18,91|10,45|43,72/50,52=50,76,10,45,52
5,39|28,16|73,46|72,50|53,77|53,49|39,47|1,28|49,1|34,24|77,5|51,19|19,72|56,82|64,13|82,34|13,73|53,64|53,51|53,56/53,46=53,64,13,73,46
53,71|48,83|39,11|25,62|13,53|14,22|52,14|79,48|92,87|13,25|13,96|62,7|13,39|71,45|83,37|7,73|45,57|11,92|13,79|96,52/13,87=13,39,11,92,87
40,34|97,84|84,6|49,50|50,58|40,99|58,3|2,51|15,28|99,15|40,49|39,2|28,83|60,57|51,10|24,60|34,24|40,62|40,39|62,97/40,57=40,34,24,60,57
87,12|11,54|11,87|61,18|47,83|11,40|84,96|40,78|33,38|12,44|44,0|41,71|96,47|48,61|78,41|54,49|11,84|11,48|49,33|18,93/11,71=11,40,78,41,71
55,26|80,28|10,79|10,73|73,1|86,4|28,76|10,85|10,88|11,48|79,78|48,62|7,86|1,55|6,31|62,64|88,7|78,6|10,11|85,80/10,4=10,88,7,86,4
6,78|10,38|47,21|21,29|46,47|46,8|46,10|43,18|38,24|26,99|8,82|24,4|61,80|82,23|18,6|80,26|46,43|46,61|29,57|23,89/46,57=46,47,21,29,57
72,7|55,75|51,72|7,55|51,22|51,58|58,25|92,27|85,31|99,6|51,79|79,15|51,85|31,21|22,71|71,17|21,49|17,67|25,99|15,92/51,67=51,22,71,17,67
86,89|71,56|23,25|21,29|67,71|29,62|89,23|6,91|46,49|21,68|8,46|48,1|21,8|68,67|49,51|1,6|62,38|38,17|21,48|21,86/21,56=21,68,67,71,56
27,49|88,97|0,61|74,25|90,5|43,11|5,53|97,3|90,27|61,29|90,74|25,36|90,0|29,95|3,46|13,56|36,52|90,88|53,13|49,43/90,46=90,88,97,3,46
85,34|39,18|20,45|79,13|0,14|85,96|29,94|85,55|13,9|85,99|85,29|16,20|94,39|96,16|55,79|1,0|99,1|34,37|37,64|64,51/85,51=85,34,37,64,51
38,50|23,46|51,69|38,33|0,63|88,0|46,20|38,73|50,34|70,17|38,44|33,56|67,88|56,70|34,77|69,30|73,51|38,67|44,23|77,53/38,53=38,50,34,77,53
22,85|19,64|50,20|4,55|64,50|33,68|65,92|77,33|22,72|68,30|15,46|72,18|22,77|97,15|85,65|18,4|92,24|35,97|22,19|22,35/22,55=22,72,18,4,55
50,4|28,16|16,5|69,29|9,66|41,69|14,70|19,27|50,22|22,30|20,41|50,38|50,14|38,28|50,20|66,48|70,19|4,9|2,21|30,2/50,5=50,38,28,16,5
76,96|68,7|25,3|3,72|61,66|72,26|76,84|6,61|89,30|81,89|66,0|9,53|79,9|76,56|96,79|7,94|76,6|76,25|84,68|56,81/76,94=76,84,68,7,94
13,50|50,48|63,4|48,38|18,73|1,86|13,94|7,44|13,18|73,7|30,1|24,52|38,67|96,24|86,76|13,30|4,40|94,63|49,96|13,49/13,76=13,30,1,86,76
80,61|8,11|53,93|53,80|57,58|53,40|3,2|61,25|53,96|11,89|40,8|7,14|25,38|92,57|93,3|53,7|96,92|14,10|10,74|2,63/53,38=53,80,61,25,38
38,61|70,38|59,39|81,98|59,12|98,18|12,65|59,81|49,13|18,34|59,49|39,50|59,70|61,29|51,24|13,20|50,51|20,27|14,5|65,14/59,29=59,70,38,61,29
33,77|39,56|56,24|39,53|54,30|70,33|63,76|24,82|92,63|57,67|39,55|39,57|55,78|82,49|39,70|67,54|78,51|53,92|77,35|51,28/39,76=39,53,92,63,76
5,35|73,97|73,13|58,46|88,2|56,16|28,56|46,80|73,88|35,62|4,91|13,5|73,58|2,95|80,77|97,28|95,86|42,44|73,4|91,42/73,62=73,13,5,35,62
11,50|7,39|60,1|11,53|12,64|11,88|88,27|32,10|57,51|11,77|53,90|96,57|50,96|27,60|21,32|90,12|77,80|11,74|80,7|74,21/11,51=11,50,96,57,51
38,61|8,41|38,98|71,64|12,25|33,12|98,71|14,81|45,83|61,51|50,33|83,92|38,8|36,54|72,45|41,36|38,72|64,94|51,14|38,50/38,25=38,50,33,12,25
65,25|41,80|24,19|92,46|65,50|65,41|50,30|65,3|65,74|80,84|74,24|67,98|76,9|84,53|19,99|3,96|96,76|72,92|30,67|25,72/65,53=65,41,80,84,53
83,49|48,78|46,43|48,45|44,90|51,22|37,51|60,24|3,46|48,3|84,27|24,63|49,84|63,30|90,73|45,44|48,60|43,28|48,83|78,37/48,22=48,78,37,51,22
45,87|84,26|84,81|84,21|8,97|21,40|84,45|71,82|27,94|32,72|46,1|81,27|94,67|26,4|40,71|4,95|87,8|84,46|1,32|95,39/84,82=84,21,40,71,82
15,47|32,85|88,44|15,74|15,25|30,32|47,55|74,77|77,46|9,30|25,33|55,88|33,19|15,50|31,26|26,62|19,36|15,9|50,31|46,93/15,62=15,50,31,26,62
50,41|9,59|50,45|7,96|14,63|16,22|96,95|79,66|62,77|50,9|59,92|75,79|50,14|50,81|41,23|92,78|81,75|63,62|45,7|23,16/50,95=50,45,7,96,95
2,10|37,2|81,59|24,23|0,95|78,32|45,35|88,45|88,0|88,37|95,87|88,81|88,67|10,56|5,44|67,5|59,78|35,24|87,55|44,4/88,56=88,37,2,10,56
43,39|81,82|48,50|39,34|43,4|28,84|75,28|43,81|43,71|8,48|49,8|25,44|34,98|44,17|43,49|82,74|98,6|74,67|4,25|71,75/43,50=43,49,8,48,50
53,71|48,83|39,11|25,62|13,53|7,73|52,7|79,48|92,87|13,25|13,96|62,45|13,39|71,14|83,37|45,57|14,22|11,92|13,79|96,52/13,87=13,39,11,92,87
93,55|31,93|80,72|21,42|55,44|96,77|22,96|50,91|20,50|44,98|31,22|24,28|77,84|83,80|31,83|72,12|91,97|42,24|31,21|31,20/31,12=31,83,80,72,12
48,69|81,54|29,44|24,77|81,29|0,42|69,53|65,67|53,56|81,48|63,80|77,3|81,65|81,24|71,0|67,51|3,4|51,14|54,71|44,63/81,56=81,48,69,53,56
30,53|24,59|42,68|75,86|62,4|59,42|40,13|30,75|38,85|30,24|13,41|30,38|34,37|37,62|82,97|30,34|46,6|85,82|53,40|86,46/30,41=30,53,40,13,41
20,13|89,87|68,61|18,23|18,20|40,11|69,29|18,43|29,48|13,89|43,69|18,68|30,51|47,32|23,47|18,30|61,40|96,57|32,1|51,96/18,57=18,30,51,96,57
47,31|55,42|22,75|2,55|91,22|53,91|72,36|47,14|95,15|47,2|47,95|9,83|62,28|52,72|31,52|15,62|14,9|42,73|83,50|47,53/47,28=47,95,15,62,28
54,85|45,54|13,55|45,73|84,14|96,63|73,71|87,6|93,96|63,31|71,5|45,92|5,2|14,83|45,93|92,64|45,34|34,84|64,13|85,87/45,6=45,54,85,87,6
8,65|64,1|8,22|22,91|8,84|91,96|70,94|86,26|8,35|98,86|42,76|8,70|35,98|96,75|3,81|88,3|94,64|65,88|84,42|76,25/8,1=8,70,94,64,1
16,52|22,38|79,28|59,4|26,9|89,21|52,93|32,22|5,16|4,96|31,32|21,23|28,88|9,79|46,59|26,2|26,46|2,89|26,5|26,31/26,96=26,46,59,4,96
44,45|50,85|44,31|45,67|99,83|31,2|13,99|37,62|44,13|44,87|73,63|62,77|2,16|67,73|87,37|71,50|16,43|42,71|83,0|44,42/44,43=44,31,2,16,43
94,89|94,62|9,83|53,40|89,53|94,92|75,64|61,0|4,22|83,4|62,36|64,25|94,9|13,98|94,75|19,13|25,70|92,19|36,61|40,23/94,23=94,89,53,40,23
75,28|44,16|65,67|51,11|16,75|87,65|21,37|0,97|87,44|29,77|67,81|87,51|87,66|93,29|97,50|87,0|11,21|50,91|81,8|66,93/87,77=87,66,93,29,77
43,77|51,92|37,27|82,28|31,85|92,60|78,53|30,31|78,82|85,58|78,30|53,37|78,51|87,43|60,74|27,62|81,87|19,99|28,19|78,81/78,74=78,51,92,60,74
54,92|92,11|50,70|55,26|40,1|1,65|70,34|26,17|85,99|99,76|7,89|11,66|34,39|7,50|7,54|75,40|76,53|7,85|7,75|89,55/7,17=7,89,55,26,17
63,76|35,3|63,71|71,62|62,36|3,54|54,93|36,40|81,87|14,95|95,44|31,94|11,26|90,92|26,31|92,81|63,90|63,35|63,11|76,14/63,93=63,35,3,54,93
28,76|60,89|44,90|28,51|68,69|35,85|4,79|57,77|51,68|69,38|85,5|28,60|79,3|84,35|28,84|76,4|77,44|28,57|83,98|89,83/28,3=28,76,4,79,3
65,33|48,80|61,58|65,62|65,26|65,49|62,61|56,5|71,79|26,56|58,14|79,93|33,18|22,57|57,32|49,22|18,48|65,90|90,71|5,99/65,93=65,90,71,79,93
8,1|38,33|40,55|1,44|25,89|55,34|24,86|12,24|89,2|39,25|12,8|12,52|86,45|62,66|45,10|12,39|12,62|44,76|52,40|66,38/12,34=12,52,40,55,34
42,94|62,11|63,13|44,63|41,42|47,49|79,92|62,14|66,18|11,44|10,47|89,35|35,28|18,79|62,66|14,89|49,29|62,10|62,71|71,41/62,13=62,11,44,63,13
28,96|90,0|83,66|29,44|63,71|96,94|62,22|14,78|78,83|14,27|71,89|0,29|89,10|16,28|66,97|4,62|14,90|14,63|14,16|27,4/14,97=14,78,83,66,97
48,45|26,12|79,13|4,22|22,78|13,49|99,96|99,79|96,3|42,24|99,82|49,9|45,42|78,61|7,50|99,4|82,7|3,26|50,41|99,48/99,24=99,48,45,42,24
68,70|56,5|29,21|68,73|68,11|11,16|73,64|22,60|70,59|16,52|59,29|36,75|68,94|7,2|64,36|94,22|2,56|52,71|60,12|68,7/68,71=68,11,16,52,71
92,82|70,51|60,37|70,92|27,0|70,21|13,5|70,23|41,52|5,65|11,27|21,41|52,59|70,15|23,14|14,60|96,43|82,96|51,13|15,11/70,65=70,51,13,5,65
12,23|47,45|92,86|10,75|14,10|99,26|75,98|14,24|45,99|98,55|14,48|24,92|1,35|48,80|14,1|35,88|80,12|14,47|88,61|86,31/14,23=14,48,80,12,23
87,39|80,43|61,80|37,28|54,81|85,42|71,33|33,15|37,85|37,68|42,60|37,26|43,74|63,54|68,71|26,63|28,10|10,87|60,49|37,61/37,74=37,61,80,43,74
45,39|73,65|9,60|60,83|2,57|64,73|57,21|9,99|56,53|72,52|99,35|32,4|21,1|87,64|9,87|35,45|83,56|9,2|52,32|9,72/9,4=9,72,52,32,4
83,75|80,33|32,50|36,92|14,36|32,14|62,4|72,39|33,0|32,72|75,79|6,80|39,94|92,61|32,6|50,62|94,54|79,28|32,83|4,1/32,0=32,6,80,33,0
6,14|54,44|25,45|37,48|37,56|40,28|86,54|72,78|29,25|48,71|91,40|37,77|71,72|37,23|77,6|23,91|70,86|37,70|56,29|14,42/37,28=37,23,91,40,28
4,10|28,42|47,96|83,54|76,28|4,71|81,47|63,76|10,62|7,81|78,9|4,7|9,52|19,78|77,30|38,77|4,63|71,38|4,19|62,83/4,30=4,71,38,77,30
69,44|70,2|14,42|42,69|75,92|38,81|82,99|8,38|44,10|81,1|6,67|23,36|27,82|99,93|14,8|14,70|2,75|14,23|14,27|36,6/14,1=14,8,38,81,1
18,22|42,41|89,9|9,3|11,30|23,19|68,61|23,18|23,89|41,11|23,42|66,35|85,68|3,65|19,85|73,66|22,31|33,73|23,33|31,37/23,30=23,42,41,11,30
90,52|72,23|54,49|79,84|49,51|54,90|73,95|86,69|47,59|71,5|55,72|54,71|5,79|23,2|76,45|51,47|95,76|52,86|54,55|54,73/54,45=54,73,95,76,45
40,27|74,15|5,86|25,45|29,1|65,37|30,5|42,81|1,25|97,98|86,23|97,30|97,29|37,40|97,69|98,31|15,52|31,42|97,65|69,74/97,52=97,69,74,15,52
18,65|34,88|97,75|46,34|88,18|71,1|46,24|2,9|9,54|54,0|46,97|22,16|17,90|46,22|46,2|24,7|7,17|75,67|16,71|67,62/46,90=46,24,7,17,90
55,47|86,46|16,8|21,87|58,61|21,99|11,86|20,16|42,41|28,5|21,58|6,11|21,20|87,33|61,42|99,28|21,6|8,97|5,27|33,55/21,27=21,99,28,5,27
71,43|94,14|10,67|14,86|95,66|17,30|65,11|23,65|61,46|72,17|71,94|71,4|50,10|4,50|43,72|71,23|86,0|71,61|11,49|46,95/71,67=71,4,50,10,67
43,46|72,19|0,95|72,92|72,50|41,54|72,58|46,39|92,21|65,73|58,96|19,43|59,83|37,42|21,65|95,59|96,37|60,41|50,60|72,0/72,54=72,50,60,41,54
66,61|2,81|45,47|61,34|34,12|85,45|54,96|81,3|47,84|60,31|49,97|96,76|37,98|2,37|2,85|76,17|3,49|98,60|2,66|2,54/2,12=2,66,61,34,12
87,4|69,56|1,90|39,32|80,39|80,1|80,87|88,34|92,69|91,22|80,88|34,91|4,33|32,20|56,73|10,35|90,10|80,92|33,53|20,48/80,35=80,1,90,10,35
30,63|48,54|92,62|8,0|71,85|48,92|48,23|62,71|5,47|64,88|54,8|47,75|87,5|48,87|48,30|63,64|23,97|0,2|38,43|97,38/48,88=48,30,63,64,88
67,76|90,69|68,99|87,5|45,57|95,45|97,50|90,87|90,14|90,73|73,97|90,28|50,59|69,95|14,70|99,11|46,7|70,46|5,67|28,68/90,59=90,73,97,50,59
61,23|84,85|3,53|57,7|82,21|23,40|61,16|16,11|52,31|45,82|17,41|40,57|61,17|37,54|31,84|41,3|64,45|61,52|61,64|11,37/61,53=61,17,41,3,53
15,83|57,99|10,42|52,69|89,94|88,52|57,64|83,28|57,86|28,0|57,23|23,88|17,89|64,17|99,71|86,10|87,24|71,87|57,15|42,93/57,94=57,64,17,89,94
58,79|7,20|3,70|25,67|20,58|30,42|54,3|23,73|30,50|73,37|14,69|4,23|0,39|30,4|30,7|30,25|72,0|42,72|50,54|67,14/30,70=30,50,54,3,70
61,26|79,70|79,93|79,60|21,71|18,76|32,61|55,81|93,32|28,83|82,96|76,82|79,18|71,13|79,20|41,55|60,41|83,5|70,21|20,28/79,81=79,60,41,55,81
70,88|71,90|86,35|22,7|22,70|35,41|65,16|61,39|39,9|22,4|88,25|22,86|50,72|4,61|25,26|7,65|22,50|72,71|16,32|41,44/22,26=22,70,88,25,26
1,5|28,50|15,34|38,57|55,59|57,82|79,29|38,15|98,97|80,21|47,61|38,1|97,28|38,47|82,7|5,79|7,12|34,80|38,98|61,55/38,29=38,1,5,79,29
71,36|18,53|48,54|41,80|99,32|76,25|71,46|71,76|35,90|71,99|36,63|71,18|52,48|65,64|38,51|32,38|25,41|46,52|53,65|63,35/71,54=71,46,52,48,54
58,61|9,49|80,7|69,92|9,0|0,64|59,55|92,80|26,63|49,35|9,41|41,4|87,32|4,58|35,87|9,69|97,22|64,26|9,97|22,59/9,63=9,0,64,26,63
30,27|24,2|3,96|74,3|90,24|19,44|83,10|30,40|69,51|92,19|30,69|30,92|44,56|40,90|59,79|88,95|27,74|30,59|79,88|51,83/30,10=30,69,51,83,10
85,10|1,31|7,69|99,72|72,55|52,99|55,75|92,83|14,74|52,92|52,64|60,1|52,47|64,60|83,85|52,7|47,30|69,84|30,14|84,50/52,31=52,64,60,1,31
65,12|58,98|22,91|15,92|68,89|22,2|45,6|22,16|22,58|12,68|22,65|24,60|2,44|91,15|4,43|86,45|16,86|92,3|98,24|44,4/22,60=22,58,98,24,60
81,13|1,24|81,37|10,74|23,86|86,27|37,23|81,96|12,10|64,91|74,22|13,60|5,1|81,12|50,84|96,93|3,5|60,64|93,50|81,3/81,27=81,37,23,86,27
86,91|14,93|65,30|4,17|4,0|30,29|48,19|60,13|49,12|77,65|17,60|13,94|12,55|35,28|4,77|4,48|93,86|19,35|4,14|0,49/4,29=4,77,65,30,29
19,47|25,14|32,8|41,86|86,19|34,5|63,85|44,24|47,83|5,57|41,44|41,78|41,34|57,55|24,63|78,32|21,69|41,21|8,65|69,25/41,14=41,21,69,25,14
87,19|34,58|66,34|55,45|22,49|66,15|66,87|58,42|66,97|14,94|80,98|42,8|15,92|94,41|41,85|97,55|45,83|92,80|19,22|66,14/66,8=66,34,58,42,8
27,25|24,77|58,39|78,34|24,15|71,49|83,86|24,91|25,71|15,89|77,54|91,83|81,92|92,58|66,62|24,81|89,78|54,66|86,88|24,27/24,39=24,81,92,58,39
68,83|61,30|61,13|8,91|84,65|30,24|61,42|27,8|56,84|83,45|61,19|61,68|18,10|9,26|19,66|66,18|24,9|42,27|45,72|13,56/61,72=61,68,83,45,72
45,33|4,34|69,4|65,58|86,42|80,47|23,24|5,86|23,63|63,43|58,2|42,54|23,21|24,65|23,80|37,28|43,45|23,5|47,37|21,69/23,2=23,24,65,58,2
36,89|32,48|99,35|1,16|39,42|2,99|1,36|89,39|1,50|50,7|1,82|9,95|95,33|82,9|35,28|3,54|1,2|7,32|16,3|54,74/1,48=1,50,7,32,48
41,92|74,64|16,98|13,74|87,7|85,44|45,13|44,16|3,72|49,67|85,42|85,45|85,49|42,87|72,54|57,3|67,41|98,39|7,52|85,57/85,64=85,45,13,74,64
92,0|88,38|15,46|11,10|94,60|11,94|14,36|99,80|46,87|95,25|13,99|11,70|11,5|70,95|60,14|25,66|10,13|5,15|11,92|0,88/11,66=11,70,95,25,66
16,15|83,36|71,69|36,6|83,96|69,86|10,16|96,76|6,92|79,23|92,33|1,48|30,71|88,10|76,1|83,30|23,0|74,79|83,74|83,88/83,0=83,74,79,23,0
94,58|66,35|58,17|46,64|86,66|68,45|94,0|45,80|18,68|78,23|17,84|9,53|94,52|94,9|94,18|52,78|0,86|53,46|84,76|23,65/94,65=94,52,78,23,65
21,1|53,91|19,94|18,10|79,57|1,32|69,53|9,72|19,79|95,63|32,50|19,21|19,36|57,95|72,20|36,52|94,9|91,59|19,69|52,18/19,10=19,36,52,18,10
94,89|94,76|94,71|13,28|94,20|53,9|63,60|28,14|9,93|20,67|12,63|76,13|67,57|57,42|46,61|89,12|94,29|61,72|29,46|71,53/94,14=94,76,13,28,14
41,17|24,81|1,29|38,24|70,60|50,21|8,38|87,40|13,50|56,41|21,15|71,48|87,8|87,13|40,58|58,1|48,70|87,71|17,75|87,56/87,60=87,71,48,70,60
76,5|34,43|57,24|17,1|20,65|24,19|32,34|97,3|39,20|39,57|39,32|65,4|39,76|5,97|1,35|39,17|35,59|19,55|43,52|4,78/39,59=39,17,1,35,59
50,13|31,35|64,38|10,70|70,25|17,10|95,96|13,30|0,50|17,95|19,64|17,83|63,99|96,63|17,0|25,51|35,76|17,9|83,19|9,31/17,38=17,83,19,64,38
2,77|18,34|18,84|18,41|34,97|18,2|84,63|27,64|21,0|18,21|97,27|41,82|63,85|33,98|82,44|77,26|0,33|85,29|26,47|44,60/18,60=18,41,82,44,60
6,22|3,86|55,43|88,9|49,12|16,89|85,75|89,3|59,80|55,88|55,85|55,16|72,42|43,58|22,10|58,72|9,59|75,49|55,21|21,6/55,86=55,16,89,3,86
22,70|95,72|10,87|77,10|87,24|8,22|52,85|95,57|84,8|16,25|30,52|95,77|33,73|73,28|57,16|95,84|85,5|95,30|72,33|25,7/95,7=95,57,16,25,7
95,72|60,45|97,82|95,17|82,23|93,99|95,70|45,71|94,35|17,60|72,97|9,49|16,63|67,66|95,93|99,16|95,67|70,15|15,94|66,9/95,63=95,93,99,16,63
4,0|45,77|67,30|77,36|48,16|41,48|75,45|36,64|14,11|19,50|50,14|43,41|0,2|75,84|60,67|75,60|75,19|75,43|30,96|84,4/75,11=75,19,50,14,11
14,77|62,38|67,14|41,96|98,81|86,91|63,85|57,86|67,92|38,42|36,76|92,36|77,63|30,62|67,30|51,57|81,41|67,51|67,98|76,4/67,96=67,98,81,41,96
97,21|11,17|89,68|28,89|80,27|14,50|56,55|82,9|26,11|56,80|56,69|27,59|21,67|50,82|56,28|56,14|69,97|68,13|59,31|55,26/56,9=56,14,50,82,9
68,73|40,81|68,96|68,84|96,70|76,24|79,57|68,48|84,46|19,76|68,19|64,60|6,31|57,29|70,64|48,79|73,40|46,6|24,58|81,67/68,58=68,19,76,24,58
48,13|72,67|28,96|20,74|13,12|67,36|48,38|38,31|60,54|48,70|65,52|31,73|12,60|74,19|48,65|70,20|36,23|73,3|48,72|52,28/48,23=48,72,67,36,23
72,52|82,62|82,85|37,8|82,37|85,34|82,95|62,72|8,86|29,48|94,42|3,80|52,55|34,94|80,21|44,29|86,10|95,44|59,3|82,59/82,10=82,37,8,86,10
97,18|53,3|32,77|37,2|39,91|2,29|84,37|76,53|3,75|75,68|76,60|26,39|6,70|76,84|60,55|55,97|76,92|70,32|76,6|92,26/76,77=76,6,70,32,77
82,55|61,34|35,25|32,10|83,94|15,99|32,83|40,13|10,45|63,3|32,35|25,61|52,38|45,63|32,62|32,52|94,15|62,98|98,40|38,82/32,55=32,52,38,82,55
48,72|75,77|54,4|29,84|48,75|48,43|43,8|48,2|8,39|92,32|48,54|39,98|72,42|4,63|2,50|42,10|50,29|10,45|63,94|77,92/48,98=48,43,8,39,98
8,78|8,72|54,5|82,0|0,89|98,82|57,97|8,21|7,1|97,40|21,57|28,37|78,31|5,34|31,7|8,28|8,98|72,54|77,55|37,77/8,34=8,72,54,5,34
69,7|95,54|69,73|73,98|17,89|69,31|38,82|23,81|69,21|72,17|39,72|11,38|31,8|69,39|21,24|46,64|98,95|24,46|8,23|7,11/69,54=69,73,98,95,54
5,2|75,14|6,96|23,79|84,11|11,90|23,69|79,99|50,4|40,1|4,17|96,5|23,84|69,50|23,56|99,40|23,6|56,13|13,75|90,45/23,17=23,69,50,4,17
11,43|20,41|41,27|43,97|12,9|9,60|86,15|39,8|97,93|73,6|99,39|60,0|86,12|27,25|6,52|86,11|86,20|86,7|7,99|15,73/86,52=86,15,73,6,52
46,36|98,78|46,2|2,81|9,76|44,9|36,44|72,88|58,85|85,48|67,58|81,19|19,84|28,72|88,94|78,37|46,28|46,67|46,63|63,98/46,48=46,67,58,85,48
48,59|37,62|61,22|37,9|62,34|0,87|9,65|43,77|65,61|37,0|73,27|77,28|87,73|37,84|84,48|15,43|59,18|37,15|5,44|34,5/37,18=37,84,48,59,18
64,36|64,63|36,11|75,42|81,74|64,84|8,95|63,38|74,23|18,12|12,88|64,2|64,81|11,8|84,10|2,18|23,96|38,48|48,4|10,75/64,96=64,81,74,23,96
93,77|88,84|68,4|57,93|11,67|30,7|32,41|53,24|4,11|30,55|39,88|55,57|84,25|30,39|7,56|24,51|30,14|14,53|30,68|56,32/30,51=30,14,53,24,51
24,59|66,43|34,7|24,34|91,66|24,33|10,99|24,10|7,54|24,93|23,69|99,9|93,91|54,52|33,44|12,30|9,79|69,16|44,12|59,23/24,43=24,93,91,66,43
76,99|79,10|72,73|43,83|97,79|76,66|73,15|76,85|7,98|35,28|99,72|6,92|85,97|83,41|96,43|66,19|98,35|76,96|19,6|76,7/76,41=76,96,43,83,41
58,37|37,87|87,43|58,14|14,15|12,41|57,67|58,69|58,86|86,12|43,34|51,53|69,51|67,78|78,62|15,11|41,7|58,57|11,75|53,13/58,62=58,57,67,78,62
47,92|38,65|65,4|11,10|10,42|57,61|57,11|92,62|57,39|32,45|80,91|61,38|57,59|1,80|39,1|20,32|42,2|59,20|12,47|57,12/57,4=57,61,38,65,4
20,60|19,95|3,73|32,2|10,34|2,31|60,3|61,46|57,74|10,32|10,20|34,79|31,9|95,61|10,19|79,67|10,33|33,57|67,35|74,40/10,9=10,32,2,31,9
60,39|29,58|24,0|24,52|75,60|94,68|1,92|47,1|6,49|24,63|0,34|24,6|70,87|24,81|12,29|63,12|81,47|52,75|34,70|49,94/24,92=24,81,47,1,92
32,34|46,74|98,46|58,72|34,51|84,98|51,97|32,58|94,71|32,35|32,84|78,9|41,54|38,43|43,41|97,33|32,38|35,94|71,99|72,78/32,74=32,84,98,46,74
75,3|8,87|8,33|13,72|24,99|12,97|97,89|28,24|8,75|72,47|20,14|33,13|99,30|87,10|10,20|8,85|8,28|2,32|3,2|85,12/8,89=8,85,12,97,89
88,16|16,35|65,49|46,45|88,26|44,74|88,47|79,46|51,73|88,44|29,9|66,3|88,91|26,63|91,79|74,65|47,69|63,51|69,29|35,66/88,49=88,44,74,65,49
80,67|42,80|17,75|42,29|29,81|93,97|67,68|42,65|12,55|37,93|45,11|42,33|68,13|65,59|81,17|42,37|33,10|59,12|10,45|97,82/42,11=42,33,10,45,11
94,81|58,87|58,10|58,71|64,88|28,43|49,93|58,55|55,50|10,33|29,64|44,49|76,29|92,70|87,90|50,92|33,28|71,44|90,94|58,76/58,88=58,76,29,64,88
69,47|36,96|36,11|36,72|11,35|75,39|96,17|17,75|36,74|60,93|6,95|84,45|45,69|5,58|93,0|74,60|35,6|72,5|58,32|36,84/36,0=36,74,60,93,0
56,33|98,71|31,46|26,57|49,75|26,17|10,49|75,44|90,82|29,61|78,41|17,87|57,90|26,10|26,78|82,40|46,29|26,31|87,98|41,56/26,71=26,17,87,98,71
38,99|60,85|59,62|71,12|75,49|41,60|3,47|99,7|75,45|62,39|69,71|75,38|45,69|49,59|75,41|7,33|85,37|10,93|93,3|75,10/75,39=75,49,59,62,39
98,97|0,29|49,38|70,80|80,32|29,98|55,51|68,49|47,44|40,8|55,76|55,94|55,0|38,91|8,93|51,47|44,50|55,68|76,40|94,70/55,97=55,0,29,98,97
0,23|88,67|4,62|68,89|80,60|41,75|23,59|48,25|60,88|96,0|62,68|96,48|63,82|25,63|59,11|96,45|96,4|55,41|96,80|45,55/96,11=96,0,23,59,11
44,4|74,81|74,40|74,27|77,42|42,44|32,11|66,28|41,47|74,92|56,84|85,66|92,32|74,77|27,41|26,56|40,85|47,53|81,26|11,33/74,84=74,81,26,56,84
75,91|84,75|91,42|84,52|2,11|11,45|84,56|26,94|84,29|42,99|52,2|48,9|65,96|32,98|12,48|56,19|29,12|84,32|98,26|19,65/84,45=84,52,2,11,45
13,20|18,85|21,24|72,38|72,26|67,23|33,76|26,81|81,48|85,21|12,13|72,90|86,12|48,70|72,18|72,86|38,33|90,42|76,15|42,67/72,15=72,38,33,76,15
41,31|41,12|42,89|41,84|89,70|91,23|41,39|30,42|37,19|41,30|92,33|16,37|9,91|14,5|31,16|39,40|40,14|84,9|12,56|56,92/41,70=41,30,42,89,70
27,2|47,80|2,68|21,26|44,41|68,70|4,8|80,97|4,29|4,27|9,63|53,95|45,9|41,21|4,44|4,45|36,53|63,40|29,47|8,36/4,26=4,44,41,21,26
71,59|74,32|84,13|74,63|74,84|25,9|74,45|48,67|59,31|63,57|32,49|49,0|13,23|96,54|9,48|23,93|0,51|74,25|57,96|45,71/74,67=74,25,9,48,67
75,77|54,26|97,94|13,46|89,13|77,67|75,97|75,59|36,78|94,54|75,96|20,99|25,39|15,89|75,15|22,20|67,36|59,22|39,47|96,25/75,47=75,96,25,39,47
40,20|40,59|47,35|20,83|40,31|31,66|38,55|40,76|59,64|93,43|83,47|99,50|64,28|40,93|21,98|28,91|76,38|43,99|55,60|66,21/40,98=40,31,66,21,98
97,13|81,70|94,5|37,32|28,8|58,94|5,67|43,63|8,81|64,83|63,97|84,43|84,11|84,20|32,12|20,64|84,28|84,58|83,6|11,37/84,6=84,20,64,83,6
31,26|90,94|36,85|46,96|90,81|85,32|20,48|94,91|81,68|90,31|91,46|90,36|50,42|48,8|32,4|26,50|90,20|66,64|68,66|8,33/90,96=90,94,91,46,96
50,17|18,20|67,11|67,87|16,8|53,66|27,37|87,18|67,94|66,27|11,19|32,50|20,9|94,36|17,44|67,53|19,16|67,32|36,64|64,65/67,44=67,32,50,17,44
16,4|7,48|17,72|8,16|8,37|53,50|4,83|66,7|58,3|72,27|8,17|27,71|8,66|32,29|48,88|3,32|83,57|50,1|8,58|37,53/8,29=8,58,3,32,29
82,63|53,15|94,8|82,94|82,18|63,35|15,24|24,56|32,37|8,73|82,53|70,12|59,40|75,59|73,48|38,32|18,75|37,47|82,38|35,70/82,12=82,63,35,70,12
62,26|58,99|24,12|9,31|41,24|73,50|31,62|18,4|91,98|99,57|73,18|73,19|22,42|73,67|50,58|67,91|73,9|19,41|4,22|98,14/73,42=73,18,4,22,42
33,88|37,61|33,60|73,93|33,63|86,41|1,22|62,91|63,75|33,1|69,43|33,69|88,37|75,73|60,48|22,86|7,80|61,20|48,7|43,62/33,80=33,60,48,7,80
63,89|95,8|84,9|47,95|11,15|39,23|89,80|7,63|21,43|15,21|39,47|39,11|28,69|34,85|39,7|8,81|9,28|23,74|39,84|74,34/39,85=39,23,74,34,85
73,28|95,72|10,87|77,10|87,24|8,73|52,22|95,57|84,8|16,25|30,52|95,77|33,85|85,5|57,16|95,84|22,70|95,30|72,33|25,7/95,7=95,57,16,25,7
58,27|92,51|58,75|25,36|71,37|58,71|19,64|37,38|75,25|58,20|27,97|68,92|54,39|36,93|58,19|64,15|38,32|15,5|20,68|97,54/58,32=58,71,37,38,32
12,53|63,2|3,77|89,76|55,72|89,58|89,91|58,7|85,24|76,60|60,63|94,93|77,35|5,85|7,55|89,5|53,94|24,32|91,3|89,12/89,93=89,12,53,94,93
44,98|79,76|36,30|47,60|19,68|54,47|19,8|66,56|19,14|64,49|8,32|32,66|19,79|98,41|60,17|49,92|19,54|76,36|14,44|68,64/19,92=19,68,64,49,92
53,70|10,56|70,27|24,7|73,85|53,6|62,1|77,15|53,10|96,62|15,41|53,49|27,24|53,61|93,76|61,96|6,93|76,35|49,77|56,73/53,7=53,70,27,24,7
6,32|28,81|68,95|8,34|99,28|69,75|34,31|77,48|50,64|0,97|54,8|99,79|99,6|32,0|95,77|99,68|75,49|81,50|99,54|79,69/99,31=99,54,8,34,31
92,2|93,29|92,55|92,93|20,4|4,87|29,35|92,9|92,45|35,51|7,62|98,7|55,96|9,67|16,3|45,20|2,98|67,16|96,52|52,80/92,87=92,45,20,4,87
84,8|34,38|83,66|12,65|19,21|24,31|20,40|8,24|10,19|38,58|54,10|17,34|20,86|66,39|20,54|20,17|20,84|86,12|65,99|40,83/20,99=20,86,12,65,99
49,20|33,72|79,42|3,38|55,44|72,28|49,33|38,46|17,22|49,17|20,79|49,78|45,93|46,87|28,65|42,63|22,45|49,3|78,55|44,52/49,63=49,20,79,42,63
90,52|51,89|8,36|79,30|37,71|85,51|79,37|1,23|0,85|93,15|11,88|71,11|36,34|3,31|79,1|79,0|30,8|23,93|79,90|52,3/79,31=79,90,52,3,31
96,36|50,75|96,50|72,15|18,72|30,84|36,77|8,30|75,79|96,54|96,8|73,51|84,17|96,37|6,73|71,47|37,18|54,6|79,44|77,71/96,15=96,37,18,72,15
98,79|57,22|19,57|2,8|19,77|19,42|19,3|44,88|47,94|22,47|3,10|77,60|88,71|69,44|60,2|16,98|10,91|91,76|19,69|42,16/19,71=19,69,44,88,71
93,13|63,77|78,92|13,87|42,61|42,72|72,36|79,63|92,58|42,31|31,79|99,17|42,78|58,2|3,99|35,3|61,93|55,95|42,35|36,55/42,95=42,72,36,55,95
54,73|7,43|11,98|21,48|21,59|39,15|21,95|25,45|96,76|56,7|63,94|98,33|95,56|48,31|31,63|15,25|21,96|21,39|59,11|76,54/21,73=21,96,76,54,73
55,32|59,3|44,95|18,97|58,80|44,31|42,35|35,55|44,42|80,27|24,69|31,74|81,13|95,58|44,18|44,24|14,85|74,59|97,81|69,14/44,13=44,18,97,81,13
58,64|53,5|92,98|8,53|55,95|4,8|4,58|5,50|4,55|95,89|64,34|24,20|4,76|72,92|89,29|76,72|34,40|20,14|4,3|3,24/4,29=4,55,95,89,29
46,87|60,38|71,6|71,60|33,19|27,88|13,27|87,95|86,0|71,59|45,13|73,23|71,46|6,79|79,33|68,86|95,91|59,68|38,73|71,45/71,91=71,46,87,95,91
88,55|69,37|97,29|73,38|87,56|58,21|55,16|87,53|38,84|37,23|87,73|87,58|84,99|33,97|53,69|81,82|56,33|21,81|87,88|16,35/87,23=87,53,69,37,23
29,17|35,71|60,42|73,26|34,61|26,82|44,11|61,92|42,88|88,65|78,81|94,40|81,29|35,78|71,73|92,50|11,94|35,44|35,34|35,60/35,65=35,60,42,88,65
82,59|27,87|68,92|27,82|42,77|94,51|27,94|16,32|77,31|69,11|33,16|64,78|51,97|24,42|27,24|87,33|59,69|97,49|78,68|27,64/27,32=27,87,33,16,32
39,17|58,99|91,54|91,59|91,51|51,87|18,30|81,56|87,81|59,3|28,18|17,52|84,27|7,58|91,28|52,85|3,84|91,39|30,65|54,7/91,65=91,28,18,30,65
24,39|99,78|84,51|65,60|26,8|84,73|8,38|5,26|18,65|89,13|60,47|84,18|73,15|84,5|40,99|17,89|84,36|15,24|51,40|36,17/84,47=84,18,65,60,47
72,48|29,16|76,13|18,54|72,81|72,60|92,25|13,47|97,40|60,44|72,50|82,90|72,29|44,97|81,95|16,92|54,8|48,76|95,82|50,18/72,47=72,48,76,13,47
67,27|76,72|82,4|47,91|50,51|4,70|79,67|79,62|59,47|79,58|55,76|79,16|98,22|58,82|62,30|16,55|30,98|27,50|88,59|79,88/79,70=79,58,82,4,70
22,84|23,67|98,48|69,24|67,49|17,14|23,69|23,38|84,35|56,94|48,75|89,98|15,73|49,17|24,32|32,19|73,56|38,22|23,89|23,15/23,75=23,89,98,48,75
46,7|90,69|68,67|87,5|45,57|95,45|97,50|90,87|90,14|90,73|73,97|90,28|50,59|69,95|14,70|67,76|99,11|70,99|5,46|28,68/90,59=90,73,97,50,59
81,53|29,74|4,64|25,68|95,29|53,21|4,14|93,62|75,95|46,69|4,58|87,30|68,49|62,41|4,87|58,25|30,46|64,81|4,75|14,93/4,74=4,75,95,29,74
45,58|23,24|72,4|58,23|67,94|17,95|0,78|39,60|95,10|4,77|72,17|37,27|94,37|77,0|19,39|10,79|72,67|72,52|52,19|72,45/72,60=72,52,19,39,60
42,94|62,11|63,13|44,63|41,42|47,35|49,29|62,14|66,18|11,44|10,47|89,79|79,92|18,49|62,66|14,89|35,28|62,10|62,71|71,41/62,13=62,11,44,63,13
29,85|6,93|44,6|79,29|85,88|79,73|88,70|79,42|57,95|73,76|25,97|76,25|84,0|94,84|72,44|52,57|79,26|79,72|26,52|42,94/79,97=79,73,76,25,97
84,7|10,28|41,10|67,38|27,40|97,89|58,66|27,58|27,63|63,67|29,80|27,41|89,65|27,97|66,84|28,8|65,39|40,91|38,92|91,29/27,8=27,41,10,28,8
99,90|86,60|39,0|51,26|59,50|86,74|2,99|0,14|70,5|83,2|86,39|86,59|14,81|86,83|34,71|50,51|60,25|25,70|32,34|74,32/86,26=86,59,50,51,26
54,73|7,43|11,25|21,48|21,59|39,15|21,95|63,94|96,76|56,7|98,33|25,45|95,56|48,31|31,98|15,63|21,96|21,39|59,11|76,54/21,73=21,96,76,54,73
91,49|49,6|31,98|14,55|58,72|60,31|96,38|91,87|91,67|91,32|67,96|6,80|87,10|80,64|55,27|10,58|38,12|27,15|32,60|91,14/91,64=91,49,6,80,64
31,9|14,32|69,73|75,48|32,85|14,75|14,37|67,98|93,56|14,93|37,38|55,74|87,95|82,45|85,82|9,87|14,31|56,69|38,55|48,67/14,45=14,32,85,82,45
77,68|95,84|61,77|4,61|16,38|75,89|14,76|75,4|39,47|75,20|84,48|75,13|35,25|66,16|20,95|13,43|89,66|76,35|43,39|75,14/75,47=75,13,43,39,47
62,87|87,42|98,62|72,48|8,76|42,55|98,77|67,57|76,23|15,8|98,72|98,67|57,31|31,79|98,15|45,68|77,9|53,83|9,45|48,53/98,68=98,77,9,45,68
38,36|11,1|38,50|38,69|54,88|36,11|66,80|74,97|89,54|80,55|51,57|1,47|25,98|38,13|69,66|57,83|38,25|50,89|13,51|98,74/38,83=38,13,51,57,83
75,37|94,6|52,86|94,47|83,34|6,51|94,5|56,83|47,72|5,27|51,53|34,58|72,79|53,12|21,71|71,52|79,0|27,75|94,21|94,56/94,0=94,47,72,79,0
96,70|92,8|93,11|11,39|96,93|96,3|96,37|96,9|41,81|15,38|79,27|78,79|9,68|75,41|68,92|3,13|39,72|13,15|37,78|70,75/96,72=96,93,11,39,72
16,56|80,36|86,48|30,4|66,3|84,33|3,65|30,84|79,86|17,16|97,99|33,80|30,47|30,20|30,97|47,79|20,66|4,17|99,63|63,35/30,48=30,47,79,86,48
10,37|7,50|54,10|13,88|27,7|88,39|20,34|39,97|50,18|65,13|65,54|71,15|37,52|40,84|28,71|15,23|65,40|65,28|65,27|84,20/65,97=65,13,88,39,97
17,67|55,22|4,56|42,21|38,61|48,55|39,6|38,26|38,96|61,42|65,4|96,65|21,9|85,17|66,74|67,34|26,48|38,66|74,39|38,85/38,34=38,85,17,67,34
94,16|77,26|35,91|66,44|23,38|29,96|35,29|16,0|35,13|13,84|35,45|90,23|30,66|96,77|45,90|35,94|2,42|84,2|91,30|0,95/35,44=35,91,30,66,44
70,61|36,80|90,48|19,87|55,31|44,53|39,83|36,44|53,43|31,90|80,37|37,19|73,39|36,73|84,89|36,55|83,49|36,84|89,70|43,42/36,61=36,84,89,70,61
40,20|40,59|28,91|20,83|40,31|31,66|38,55|40,76|59,64|93,43|83,28|47,35|64,99|40,93|21,98|99,50|76,38|43,47|55,60|66,21/40,98=40,31,66,21,98
14,85|59,3|44,95|18,97|58,55|44,31|42,35|35,14|44,42|55,32|24,69|31,74|81,13|95,58|44,18|44,24|80,27|74,59|97,81|69,80/44,13=44,18,97,81,13
45,15|52,34|71,92|26,40|28,10|45,28|50,3|40,79|12,60|5,17|15,43|45,7|45,26|7,52|43,12|34,83|45,71|92,5|10,50|79,96/45,60=45,15,43,12,60
82,72|73,18|64,85|87,82|17,27|27,73|16,17|16,42|16,81|23,64|11,20|95,11|16,54|39,23|12,29|29,99|54,95|81,12|16,39|42,87/16,20=16,54,95,11,20
20,34|79,17|0,73|66,89|14,4|18,29|29,7|91,92|3,18|36,91|3,20|17,14|3,66|34,74|95,36|3,79|3,95|74,65|7,45|89,0/3,4=3,79,17,14,4
91,59|91,44|1,93|44,15|41,51|10,69|15,29|25,22|91,10|55,13|71,95|69,25|91,48|48,41|93,71|51,76|91,1|13,39|59,55|29,89/91,89=91,44,15,29,89
44,24|11,55|64,41|18,90|64,93|40,44|23,10|27,26|64,78|13,51|93,40|26,11|41,3|64,27|69,16|64,13|59,69|3,18|78,59|51,23/64,10=64,13,51,23,10
73,11|34,15|93,47|64,73|80,93|25,9|32,89|34,52|90,41|60,67|89,49|15,32|34,60|34,64|34,25|56,83|52,80|11,28|9,56|67,90/34,28=34,64,73,11,28
86,92|66,67|42,13|66,52|66,64|38,42|21,8|43,86|8,26|79,81|76,43|88,71|71,90|81,12|13,98|52,79|67,21|66,38|64,88|66,76/66,90=66,64,88,71,90
66,43|97,74|35,12|60,5|12,60|77,94|65,97|41,77|43,65|66,93|66,52|51,64|37,51|93,8|66,41|94,89|52,37|66,35|57,27|8,57/66,89=66,41,77,94,89
79,6|78,28|11,5|65,8|38,97|5,4|44,51|4,38|0,10|11,44|96,19|11,79|11,78|69,49|28,95|8,69|95,75|6,96|11,65|51,0/11,10=11,44,51,0,10
42,66|11,35|98,49|43,61|98,95|86,51|8,43|98,87|49,86|15,99|35,81|95,37|98,11|87,8|37,42|99,84|98,76|51,21|81,40|76,15/98,66=98,95,37,42,66
24,6|90,59|97,90|6,31|69,26|83,38|93,69|97,93|3,72|59,3|96,54|28,24|54,70|97,96|52,1|70,11|97,83|97,28|38,52|26,88/97,88=97,93,69,26,88
16,15|21,56|98,49|88,51|87,91|20,37|91,92|21,66|92,93|51,85|15,30|21,10|21,87|21,45|45,16|66,35|89,98|35,20|10,88|56,89/21,93=21,87,91,92,93
48,61|34,37|48,55|55,44|48,83|25,2|42,25|61,70|48,35|5,71|72,23|75,13|17,72|35,42|77,34|83,77|44,75|81,17|48,81|70,5/48,71=48,61,70,5,71
75,55|9,42|81,50|81,88|55,84|24,14|28,9|81,83|14,79|81,24|21,0|37,28|83,75|71,21|45,69|79,54|41,45|50,71|81,37|88,41/81,54=81,24,14,79,54
52,16|65,24|6,60|35,93|16,5|93,52|35,83|3,56|40,62|35,17|96,65|83,4|35,7|35,48|7,96|62,72|4,6|48,3|56,9|17,40/35,24=35,7,96,65,24
97,36|60,94|87,42|88,10|10,71|71,19|31,60|6,87|8,89|19,91|36,64|88,31|94,76|89,30|96,8|3,6|88,96|64,85|88,97|88,3/88,85=88,97,36,64,85
59,66|32,28|95,27|55,98|28,85|69,86|27,61|98,67|18,55|32,9|9,59|32,18|96,64|26,35|85,69|32,95|32,26|35,96|66,57|61,38/32,57=32,9,59,66,57
50,73|97,7|23,30|51,37|30,2|36,89|84,85|7,67|33,43|42,33|37,23|51,84|81,42|51,81|85,50|48,99|51,48|51,97|99,36|67,72/51,43=51,81,42,33,43
58,16|50,99|0,97|92,58|62,87|25,12|87,82|99,19|31,0|16,1|45,31|28,13|23,64|28,92|12,23|13,62|28,45|30,50|28,25|28,30/28,97=28,45,31,0,97
91,96|32,99|77,20|76,34|43,63|0,73|34,18|89,1|20,74|43,53|43,89|43,0|5,37|67,76|73,32|1,5|63,92|53,77|92,91|43,67/43,18=43,67,76,34,18
8,17|31,40|17,93|9,2|56,92|31,94|34,10|19,9|82,71|40,19|71,56|35,8|31,82|96,54|31,35|74,34|57,23|94,74|23,96|31,57/31,10=31,94,74,34,10
50,41|9,59|50,45|7,96|14,63|79,66|96,95|62,77|16,22|50,9|59,92|75,62|50,14|50,81|41,23|92,78|81,75|63,16|45,7|23,79/50,95=50,45,7,96,95
51,29|72,75|45,76|45,98|45,79|70,57|45,72|79,70|98,10|59,19|33,86|76,59|57,42|55,17|29,55|19,30|75,33|45,51|4,80|10,4/45,86=45,72,75,33,86
64,27|26,64|36,62|27,7|83,17|78,24|70,61|99,70|17,56|83,26|18,99|79,90|24,19|87,78|94,82|83,18|56,79|82,36|83,87|83,94/83,19=83,87,78,24,19
51,62|44,20|61,67|44,93|44,83|27,46|20,33|34,59|93,99|45,61|67,3|46,88|99,34|83,10|10,51|44,66|33,36|36,18|44,45|66,27/44,18=44,20,33,36,18
32,39|52,48|29,8|39,53|8,33|17,52|2,17|12,47|65,76|82,28|40,32|47,65|2,40|48,94|2,23|64,82|23,29|91,64|2,91|2,12/2,94=2,17,52,48,94
93,5|62,85|41,93|62,50|12,15|46,60|62,46|76,26|50,41|53,32|84,17|96,33|85,76|33,53|97,12|15,43|26,14|62,96|62,97|60,84/62,14=62,85,76,26,14
10,40|45,1|96,62|59,10|97,45|7,55|1,52|6,59|55,75|40,68|84,77|91,96|30,7|93,48|62,24|48,84|6,91|6,30|6,97|6,93/6,52=6,97,45,1,52
67,33|33,2|86,12|12,80|80,13|87,61|63,17|56,10|86,90|17,64|86,87|15,30|86,67|90,45|45,56|13,76|39,63|86,39|61,15|2,92/86,64=86,39,63,17,64
37,13|45,40|63,19|37,63|20,59|37,9|97,88|37,45|40,55|19,93|55,35|16,97|93,71|59,50|37,14|9,20|13,16|23,62|30,23|14,30/37,62=37,14,30,23,62
98,62|81,61|70,7|38,84|62,14|48,38|98,70|14,94|98,58|98,35|58,47|94,59|47,81|78,82|7,78|98,96|35,48|71,85|96,71|85,93/98,59=98,62,14,94,59
3,59|27,3|98,61|61,1|24,71|17,58|22,96|78,98|78,17|95,91|91,24|78,95|1,92|78,86|86,27|35,67|96,94|58,35|78,22|94,79/78,79=78,22,96,94,79
86,57|32,35|6,43|68,63|6,36|43,18|65,97|6,88|97,13|48,86|61,65|35,67|70,68|88,48|36,70|79,51|6,61|93,32|18,79|6,93/6,67=6,93,32,35,67
83,88|32,53|89,52|53,86|0,21|59,71|0,77|0,32|86,54|0,12|11,58|20,72|0,20|72,11|88,92|21,8|77,89|8,59|52,90|12,83/0,58=0,20,72,11,58
57,94|90,30|3,49|55,20|57,7|56,50|7,90|33,13|54,81|30,73|36,56|99,54|50,87|86,55|57,36|81,35|57,99|57,3|94,86|49,33/57,87=57,36,56,50,87
97,51|37,18|51,24|25,66|66,28|18,25|29,62|69,97|84,41|62,70|80,29|37,80|87,22|48,87|44,93|41,44|37,84|37,16|16,48|37,69/37,22=37,16,48,87,22
0,48|30,37|18,19|42,96|26,39|30,14|30,55|39,42|37,23|30,26|35,18|55,0|73,51|48,38|30,72|23,98|14,35|72,36|98,77|36,73/30,77=30,37,23,98,77
72,78|78,25|59,58|35,59|90,10|64,19|36,3|33,64|25,65|3,67|73,62|28,35|76,90|73,72|10,41|62,33|73,28|73,76|73,34|34,36/73,65=73,72,78,25,65
85,11|85,19|85,31|44,61|31,72|99,28|19,9|75,47|85,93|93,21|9,94|11,62|94,84|21,71|18,33|85,99|71,45|72,44|62,18|28,75/85,47=85,99,28,75,47
43,63|10,58|14,11|95,28|40,5|10,40|5,92|84,95|92,29|28,52|10,21|63,31|58,14|53,38|38,18|10,84|37,53|21,43|10,37|11,59/10,59=10,58,14,11,59
28,42|55,23|12,51|15,75|56,24|13,63|15,12|86,99|75,32|64,52|97,86|63,95|23,64|17,97|15,17|15,55|98,13|51,56|15,98|32,28/15,99=15,17,97,86,99
73,37|7,20|3,70|25,67|20,73|30,42|54,3|23,0|30,50|0,39|14,69|4,23|58,79|30,4|30,7|30,25|72,58|42,72|50,54|67,14/30,70=30,50,54,3,70
34,95|95,77|59,52|77,8|40,15|36,30|52,68|8,61|37,66|34,36|34,57|32,71|31,40|71,17|57,31|30,37|34,62|62,32|68,78|34,59/34,17=34,62,32,71,17
81,90|49,48|77,49|16,88|35,34|59,96|75,97|38,75|88,38|16,39|16,47|47,59|87,46|16,87|46,19|90,35|19,95|96,43|39,77|16,81/16,97=16,88,38,75,97
89,27|89,84|89,8|67,28|84,70|27,35|48,72|73,44|72,88|78,48|38,52|89,38|89,78|20,60|8,20|52,73|70,22|22,17|60,16|35,67/89,88=89,78,48,72,88
46,91|97,87|25,29|16,82|35,66|63,0|4,73|70,69|66,79|79,94|63,35|63,4|76,49|63,25|29,97|0,74|73,46|63,76|74,16|49,70/63,69=63,76,49,70,69
62,87|87,42|98,62|72,48|8,53|42,55|98,77|67,57|53,83|15,8|98,72|98,67|57,76|76,23|98,15|45,68|77,9|31,79|9,45|48,31/98,68=98,77,9,45,68
81,17|86,46|7,34|77,40|29,21|74,23|17,29|54,74|40,54|77,13|13,42|77,93|34,61|39,8|93,86|77,7|46,80|61,44|77,81|42,39/77,8=77,13,42,39,8
98,2|43,57|59,73|5,98|73,7|68,4|79,27|79,22|79,17|38,89|89,0|79,87|22,44|87,38|24,5|79,24|17,59|44,43|4,12|27,68/79,12=79,27,68,4,12
36,83|7,84|7,5|10,53|84,92|7,47|47,35|49,43|7,36|70,41|48,54|3,18|35,48|98,8|41,56|5,70|43,98|7,49|92,10|83,3/7,56=7,5,70,41,56
1,14|1,78|55,74|26,58|1,4|16,39|58,95|14,16|48,44|35,63|74,27|8,98|44,8|39,79|78,55|63,7|4,26|1,35|1,48|7,65/1,27=1,78,55,74,27
12,57|52,20|27,6|60,92|33,60|53,52|50,67|97,33|70,62|57,70|29,44|67,29|43,27|46,43|11,46|20,86|11,53|11,12|11,97|11,50/11,92=11,97,33,60,92
95,2|69,30|95,96|5,49|39,94|95,93|48,5|3,59|95,67|30,42|2,48|18,76|84,14|76,39|93,41|95,18|55,84|96,69|67,55|41,3/95,59=95,93,41,3,59
46,57|53,65|99,35|0,27|5,41|86,76|56,48|87,86|87,28|41,99|76,46|65,8|87,5|48,97|87,77|77,56|14,84|87,14|28,53|84,0/87,57=87,86,76,46,57
53,92|22,68|5,84|84,95|59,63|2,35|30,22|3,2|56,26|59,30|59,53|85,3|68,31|59,85|95,98|92,94|26,66|59,5|94,58|63,56/59,31=59,30,22,68,31
61,98|25,87|21,58|15,39|44,33|44,21|31,99|63,77|77,74|99,19|44,88|3,61|52,15|0,63|58,25|39,51|44,0|44,52|33,31|88,3/44,98=44,88,3,61,98
94,28|84,26|64,63|23,4|45,23|82,89|64,31|64,94|64,45|28,90|70,17|50,82|31,50|4,80|64,13|13,84|17,5|63,70|26,33|90,88/64,88=64,94,28,90,88
9,70|90,58|80,11|90,32|58,96|14,50|78,82|32,14|70,28|49,42|90,49|89,47|90,9|17,41|41,78|50,65|28,12|90,17|96,89|42,80/90,47=90,58,96,89,47
61,40|42,11|16,6|23,69|6,23|16,97|69,59|16,81|16,19|4,42|19,4|97,72|16,0|81,61|72,88|88,50|12,31|44,12|40,14|0,44/16,14=16,81,61,40,14
85,95|71,26|75,71|85,72|8,0|16,32|70,17|72,49|94,70|0,28|23,35|11,75|49,23|85,66|77,33|85,77|66,8|95,94|33,16|85,11/85,26=85,11,75,71,26
23,99|43,3|51,14|6,71|62,80|14,55|10,20|91,15|23,61|61,2|71,33|52,97|23,52|80,10|99,6|23,62|97,91|23,77|77,51|2,43/23,20=23,62,80,10,20
38,40|87,58|82,72|82,50|92,81|56,78|78,77|77,79|72,92|51,12|23,87|33,38|82,56|82,73|40,19|73,51|50,23|81,11|12,9|82,33/82,79=82,56,78,77,79
79,6|72,46|9,20|72,1|72,66|1,32|78,9|46,98|68,12|72,78|66,77|39,2|32,68|2,79|77,87|72,39|62,67|20,25|87,15|98,62/72,12=72,1,32,68,12
37,15|56,64|81,50|54,77|18,8|64,28|93,38|79,60|93,56|92,18|31,54|93,79|93,37|60,81|28,11|38,92|77,65|15,22|93,31|22,19/93,65=93,31,54,77,65
5,62|68,85|84,71|80,68|50,56|75,18|9,79|21,5|84,75|71,50|85,58|84,80|62,31|67,9|87,42|18,87|79,28|84,21|56,8|84,67/84,42=84,75,18,87,42
13,81|76,66|38,59|59,32|86,35|81,25|28,44|86,28|61,78|65,61|44,76|86,13|94,10|86,65|78,52|35,94|10,3|86,6|25,41|6,38/86,32=86,6,38,59,32
92,0|88,38|15,14|11,10|94,60|11,94|99,80|46,87|14,36|95,25|13,46|11,70|11,5|70,95|60,99|25,66|10,13|5,15|11,92|0,88/11,66=11,70,95,25,66
44,45|50,85|44,31|45,67|99,73|31,2|13,99|37,83|44,13|44,87|62,77|83,0|2,16|67,62|87,37|71,50|16,43|42,71|73,63|44,42/44,43=44,31,2,16,43
5,80|75,48|23,30|30,95|35,66|4,27|24,57|80,75|66,59|17,69|5,24|59,19|25,99|5,23|69,4|95,8|57,25|48,92|5,17|5,35/5,8=5,23,30,95,8
57,79|77,73|58,2|58,54|58,93|58,32|58,98|54,85|79,81|93,91|98,25|2,59|91,94|59,77|12,0|25,11|85,12|94,60|11,9|32,57/58,81=58,32,57,79,81
78,24|71,17|51,23|23,68|11,67|27,41|87,49|41,1|78,27|78,71|1,46|43,89|24,11|17,87|67,18|78,19|68,59|78,51|89,4|19,43/78,46=78,27,41,1,46
35,14|65,29|70,48|29,79|25,65|20,66|11,7|85,19|11,70|3,40|48,12|68,20|11,64|7,3|64,68|12,42|40,61|11,85|19,35|11,25/11,14=11,85,19,35,14
80,99|47,32|80,56|83,34|72,86|80,47|46,76|40,62|62,23|61,28|80,51|56,40|32,81|45,83|80,46|99,61|81,27|76,72|28,24|51,45/80,86=80,46,76,72,86
60,86|52,77|88,42|80,4|84,80|2,12|4,66|76,61|76,84|76,2|76,95|95,60|42,59|12,78|86,9|76,57|61,46|78,20|46,52|57,88/76,20=76,2,12,78,20
93,40|79,48|44,4|10,41|82,49|55,10|57,82|93,29|93,55|93,35|40,37|35,44|37,98|93,30|29,57|98,62|30,2|2,79|41,78|4,56/93,56=93,35,44,4,56
27,12|39,74|4,55|12,64|85,10|4,0|68,86|55,39|49,85|60,61|4,60|74,78|33,28|37,68|69,49|4,52|61,33|52,37|0,27|4,69/4,64=4,0,27,12,64
39,8|35,17|55,72|74,14|72,60|76,57|77,24|24,76|90,16|97,55|67,37|77,97|16,48|37,35|77,39|77,67|8,74|77,90|48,95|57,51/77,60=77,97,55,72,60
47,96|84,16|10,28|19,21|16,47|14,13|14,76|76,29|13,56|7,70|14,7|14,42|29,38|70,10|78,43|49,19|14,84|38,22|42,49|56,78/14,43=14,13,56,78,43
50,4|28,16|16,5|69,29|9,2|41,69|14,70|66,48|50,22|22,30|20,41|50,38|50,14|38,28|50,20|2,21|70,66|4,9|19,27|30,19/50,5=50,38,28,16,5
80,39|39,91|19,96|78,71|55,36|91,88|17,38|17,80|76,94|48,95|84,78|96,55|38,84|17,76|18,25|17,19|5,22|94,48|25,5|17,18/17,71=17,38,84,78,71
89,79|83,49|49,43|17,74|43,5|81,21|25,32|83,44|98,7|44,90|79,81|32,26|5,30|90,17|83,25|26,10|83,11|7,0|11,98|83,89/83,10=83,25,32,26,10
87,70|69,50|4,65|41,1|0,98|35,89|39,16|16,69|72,18|2,44|45,39|89,72|92,27|44,41|98,4|45,0|45,87|70,92|45,35|45,2/45,27=45,87,70,92,27
7,95|57,44|17,7|17,59|44,56|2,46|82,27|70,3|17,57|27,0|59,32|17,71|71,2|37,82|32,21|95,70|21,67|17,37|46,90|56,24/17,24=17,57,44,56,24
55,3|21,55|28,84|40,93|3,77|48,65|93,60|92,4|40,24|65,53|40,47|5,25|60,92|40,21|47,48|40,42|20,28|24,5|42,20|25,11/40,53=40,47,48,65,53
62,14|62,35|71,28|82,3|62,71|48,54|44,41|3,94|35,15|62,93|67,57|2,95|14,34|95,66|28,44|36,2|93,82|34,67|15,48|62,36/62,54=62,35,15,48,54
3,92|46,3|19,45|91,66|91,48|73,90|31,46|66,29|57,84|4,73|5,70|82,47|91,19|48,4|91,16|29,57|45,5|16,25|91,31|25,82/91,92=91,31,46,3,92
5,80|75,59|23,30|30,95|35,66|4,27|24,57|80,75|66,25|17,69|5,24|25,99|48,92|5,23|69,4|95,8|57,48|59,19|5,17|5,35/5,8=5,23,30,95,8
77,0|45,16|17,81|81,83|77,31|71,79|0,20|77,40|4,90|77,3|19,54|90,68|31,71|14,19|3,4|20,45|55,17|77,55|79,58|40,14/77,58=77,31,71,79,58
80,47|26,7|50,31|7,36|16,43|80,23|47,16|51,26|67,60|96,67|41,24|80,41|91,63|43,52|80,51|64,58|23,96|80,91|63,64|24,50/80,36=80,51,26,7,36
12,91|14,79|21,17|80,14|87,46|65,23|21,41|64,72|21,15|21,99|34,12|15,34|99,80|20,24|21,20|41,37|24,65|17,7|37,87|7,64/21,23=21,20,24,65,23
53,54|0,59|97,73|90,86|38,41|38,39|66,90|38,60|12,99|74,30|42,92|30,42|38,53|54,97|38,74|59,94|99,13|39,0|60,12|41,66/38,94=38,39,0,59,94
51,99|29,59|84,51|65,28|53,18|85,17|57,68|37,76|13,53|65,85|32,57|38,13|65,84|65,38|79,32|17,37|65,79|99,72|59,92|28,29/65,18=65,38,13,53,18
66,33|81,42|20,81|17,66|60,84|20,39|20,40|20,67|20,60|68,16|40,72|72,2|39,68|67,17|42,70|70,57|84,7|7,3|16,58|2,1/20,58=20,39,68,16,58
18,66|39,14|66,81|27,62|35,67|50,15|10,48|35,27|35,50|15,77|62,64|35,89|77,4|67,11|11,10|33,41|64,34|89,18|41,39|35,33/35,4=35,50,15,77,4
69,45|1,47|95,75|67,21|1,60|71,6|47,86|1,28|28,95|45,30|30,62|21,71|26,16|60,91|1,67|1,69|86,11|11,96|75,29|91,26/1,96=1,47,86,11,96
90,36|60,53|78,75|94,18|75,54|46,47|54,72|82,94|18,46|71,59|82,60|82,78|74,13|36,71|20,74|53,35|13,6|82,20|82,90|35,15/82,6=82,20,74,13,6
5,93|1,19|2,1|49,35|57,77|13,7|2,8|35,57|50,5|0,30|19,40|40,60|7,0|67,43|8,50|2,13|74,14|2,67|2,49|43,74/2,30=2,13,7,0,30
76,99|73,15|72,35|43,83|97,73|76,66|35,28|76,85|7,98|79,10|99,72|6,92|85,97|83,41|96,43|66,19|98,79|76,96|19,6|76,7/76,41=76,96,43,83,41
46,65|25,50|25,83|72,97|91,69|65,63|25,91|63,86|25,61|61,79|69,49|49,75|0,96|66,72|25,46|96,89|79,37|50,66|83,0|37,21/25,75=25,91,69,49,75
10,38|72,63|75,44|60,41|10,60|18,72|10,97|44,5|56,33|97,13|5,79|33,45|10,56|45,49|22,14|55,51|10,75|38,18|13,22|41,55/10,79=10,75,44,5,79
77,0|90,68|17,45|45,16|77,31|71,79|0,20|77,40|4,81|77,3|19,54|81,83|31,71|14,19|3,4|20,90|55,17|77,55|79,58|40,14/77,58=77,31,71,79,58
53,43|76,36|39,94|96,47|39,26|75,99|94,45|26,5|99,78|61,75|42,29|47,74|7,96|39,7|39,61|34,53|45,76|5,42|39,88|88,34/39,36=39,94,45,76,36
61,38|14,97|81,70|50,66|31,40|88,28|14,50|14,82|90,88|22,46|46,51|62,90|97,22|14,76|14,62|70,92|38,4|82,81|66,31|76,61/14,4=14,76,61,38,4
62,40|41,27|58,62|80,79|74,94|84,80|9,60|26,74|41,21|41,93|97,9|93,44|21,26|27,84|41,38|41,58|44,88|88,43|38,97|40,46/41,60=41,38,97,9,60
54,60|99,42|37,58|4,18|28,73|27,94|37,27|46,84|37,4|58,12|37,46|84,17|62,28|12,99|72,29|18,54|17,32|94,72|73,10|37,62/37,29=37,27,94,72,29
27,68|22,12|59,24|40,3|82,73|40,59|12,49|40,37|37,64|3,22|99,0|24,7|40,29|64,82|7,80|62,99|29,62|40,60|60,27|68,41/40,80=40,59,24,7,80
89,95|15,35|35,2|25,6|28,65|56,39|78,21|86,50|86,78|86,25|58,3|86,62|50,89|12,15|6,56|3,55|62,58|21,28|95,82|86,12/86,2=86,12,15,35,2
44,66|60,0|36,14|35,33|0,62|55,44|60,25|98,27|18,63|25,98|75,18|27,24|60,35|66,10|33,80|80,48|62,36|60,55|60,85|85,75/60,24=60,25,98,27,24
75,51|81,44|34,93|84,87|84,32|84,30|51,65|56,27|87,72|30,48|93,35|95,24|32,19|65,94|48,95|89,34|84,89|19,81|72,56|84,75/84,27=84,87,72,56,27
57,82|43,96|60,37|34,12|12,7|13,34|13,99|7,75|5,6|78,20|13,57|99,5|13,71|71,60|37,33|6,25|88,74|74,78|13,88|82,43/13,25=13,99,5,6,25
73,45|35,30|56,53|69,60|53,73|41,85|98,61|78,27|79,78|85,69|30,17|56,41|81,35|56,79|61,31|31,1|56,81|45,84|27,74|56,98/56,84=56,53,73,45,84
7,76|7,0|83,77|38,49|7,83|3,46|67,11|7,66|9,72|5,87|49,3|39,13|76,5|87,86|24,39|7,38|66,24|11,55|77,9|0,67/7,72=7,83,77,9,72
48,59|37,62|73,27|37,9|62,34|0,87|9,65|43,61|65,73|37,0|77,28|61,22|87,77|37,84|84,48|15,43|59,18|37,15|5,44|34,5/37,18=37,84,48,59,18
58,27|54,39|58,75|25,36|71,37|58,71|19,64|37,38|75,25|58,20|27,97|68,54|15,5|36,93|58,19|64,92|38,32|92,51|20,68|97,15/58,32=58,71,37,38,32
70,11|66,97|66,65|66,87|47,7|16,25|11,37|1,69|80,61|65,16|66,1|23,47|25,58|87,70|5,22|26,23|97,15|15,5|69,80|66,26/66,37=66,87,70,11,37
53,77|11,37|46,79|46,66|61,40|40,15|37,2|51,97|77,92|42,51|46,42|18,61|97,3|36,85|79,53|62,36|46,62|85,33|66,11|46,18/46,33=46,62,36,85,33
29,58|54,11|55,95|58,51|9,55|87,0|59,73|61,34|49,9|4,61|87,4|0,29|11,60|87,49|34,47|73,83|87,59|70,54|83,68|87,70/87,47=87,4,61,34,47
77,30|41,48|67,85|4,92|22,61|38,60|4,53|4,41|17,69|4,22|48,67|73,77|53,17|4,73|61,38|69,64|92,46|30,25|46,9|9,7/4,64=4,53,17,69,64
64,94|17,86|70,80|41,35|25,0|94,26|35,58|9,41|3,17|46,51|18,31|64,9|26,18|72,25|64,3|86,33|64,48|48,72|80,46|64,70/64,31=64,94,26,18,31
63,74|85,73|28,72|28,85|39,62|12,87|24,40|40,20|49,12|74,61|6,67|28,11|28,49|56,6|73,39|72,24|28,21|11,56|21,63|87,33/28,61=28,21,63,74,61
38,73|18,53|7,52|22,27|41,85|56,17|17,65|75,97|27,18|8,48|36,6|8,75|73,36|97,7|8,22|8,62|8,38|62,41|85,44|48,56/8,52=8,75,97,7,52
84,89|73,55|76,73|75,63|37,84|63,74|53,47|92,37|92,56|56,90|92,2|2,75|92,95|91,62|90,53|6,36|95,76|89,23|36,91|92,6/92,62=92,6,36,91,62
93,55|31,93|80,72|21,42|55,24|96,44|22,96|50,91|20,50|24,28|31,22|77,84|44,98|83,80|31,83|72,12|91,97|42,77|31,21|31,20/31,12=31,83,80,72,12
89,79|83,49|49,43|17,74|43,7|5,30|25,32|83,44|98,81|44,90|79,5|32,26|7,0|90,17|83,25|26,10|83,11|81,21|11,98|83,89/83,10=83,25,32,26,10
80,26|49,91|22,96|13,98|2,32|68,36|2,80|2,68|36,84|71,40|2,11|2,49|32,38|40,50|38,22|26,13|11,71|91,1|84,10|1,79/2,50=2,11,71,40,50
89,58|1,76|41,59|9,38|29,31|31,73|71,97|76,71|27,24|75,89|79,45|29,75|29,79|45,41|80,9|73,27|11,80|29,1|58,88|29,11/29,88=29,75,89,58,88
87,70|69,50|72,18|4,65|0,98|35,89|39,16|16,69|41,1|2,44|45,39|89,41|92,27|44,4|98,72|45,0|45,87|70,92|45,35|45,2/45,27=45,87,70,92,27
56,14|34,69|15,56|68,4|9,44|33,95|88,86|95,77|17,15|44,68|33,17|33,9|77,34|35,47|40,23|33,28|23,88|47,45|33,40|28,35/33,69=33,95,77,34,69
27,19|68,99|24,71|66,90|54,68|83,1|49,54|89,96|96,66|34,95|95,24|60,83|39,60|34,49|34,39|34,88|88,85|85,27|71,14|34,89/34,19=34,88,85,27,19
9,41|58,82|77,47|39,83|39,49|88,24|92,77|39,63|60,9|95,76|72,33|63,66|76,58|44,88|41,29|49,92|83,44|39,95|39,60|66,72/39,24=39,83,44,88,24
93,18|99,72|96,8|25,50|50,16|49,4|4,28|93,36|79,83|93,47|47,99|36,96|72,80|28,7|93,49|8,10|18,25|93,64|83,35|64,79/93,16=93,18,25,50,16
70,77|31,82|29,26|70,6|70,44|44,74|72,99|51,9|39,72|70,63|26,96|63,91|91,55|55,88|70,64|64,31|77,39|6,29|74,51|82,5/70,88=70,63,91,55,88
36,43|72,42|25,38|14,92|78,14|36,0|7,72|36,83|42,53|37,24|38,58|21,27|83,37|36,81|81,78|24,44|36,7|43,98|98,21|0,25/36,44=36,83,37,24,44
79,64|76,15|76,71|50,26|24,55|80,87|47,24|71,92|87,50|73,53|49,47|65,28|2,65|76,49|64,77|92,73|76,42|42,79|15,2|76,80/76,55=76,49,47,24,55
59,97|63,86|87,93|72,15|37,58|49,82|98,2|93,35|50,49|87,76|87,37|87,50|43,98|86,14|87,52|58,72|76,63|52,43|35,59|82,95/87,95=87,50,49,82,95
7,34|43,54|20,91|30,61|7,2|85,69|81,96|61,94|33,20|45,81|96,38|34,85|47,4|7,47|7,45|69,77|91,48|4,43|2,30|7,33/7,38=7,45,81,96,38
41,37|16,12|34,77|41,87|41,31|87,10|39,16|50,34|97,92|96,50|28,18|41,96|10,14|92,6|14,44|12,98|31,28|18,53|41,39|37,97/41,44=41,87,10,14,44
67,95|46,80|63,97|71,44|17,71|67,63|97,18|74,37|80,83|44,19|98,87|76,88|95,74|67,17|87,76|18,15|67,46|37,30|83,40|67,98/67,40=67,46,80,83,40
22,51|22,41|87,20|22,69|93,33|67,62|33,28|74,37|22,89|69,93|51,67|22,59|38,87|89,39|41,38|37,12|39,19|62,5|19,83|59,74/22,20=22,41,38,87,20
11,9|91,26|80,36|85,2|85,13|7,91|85,87|9,75|79,81|13,82|58,97|81,80|84,49|87,7|75,57|85,11|85,79|82,84|22,58|2,22/85,97=85,2,22,58,97
19,59|98,45|78,96|68,20|1,25|1,19|67,91|1,12|34,52|95,85|25,3|88,28|12,98|45,54|96,67|52,95|3,88|1,78|59,68|1,34/1,91=1,78,96,67,91
53,71|93,41|60,14|93,45|48,60|83,64|78,53|89,78|69,62|17,6|13,48|93,20|41,24|20,17|93,13|6,99|93,89|70,69|45,70|24,83/93,99=93,20,17,6,99
30,6|9,32|53,15|39,53|60,68|70,48|9,30|9,7|9,24|7,39|6,91|24,2|74,70|2,76|9,5|76,34|32,13|91,58|13,60|5,74/9,58=9,30,6,91,58
98,94|79,92|62,87|40,62|40,98|5,32|94,1|51,52|1,80|87,33|99,56|13,37|92,99|32,38|40,51|33,73|52,13|40,5|40,79|38,58/40,58=40,5,32,38,58
83,67|32,83|14,23|15,30|2,38|32,2|38,14|21,71|30,80|20,21|63,16|36,54|32,28|16,79|32,0|28,63|89,15|32,89|0,20|67,36/32,79=32,28,63,16,79
73,92|88,12|16,55|74,41|41,4|16,74|16,36|4,47|24,97|6,77|16,88|77,73|36,27|55,79|79,67|12,24|67,32|27,17|17,30|16,6/16,32=16,55,79,67,32
92,55|36,51|85,92|41,43|11,96|8,29|49,11|55,10|43,30|8,3|3,25|16,36|29,49|30,38|25,2|8,41|51,27|2,21|8,85|8,16/8,10=8,85,92,55,10
91,95|90,26|22,41|91,13|26,64|15,48|36,14|95,51|76,58|5,22|13,15|58,36|91,45|51,28|45,90|91,52|48,66|91,76|28,8|52,5/91,64=91,45,90,26,64
48,94|36,68|48,55|68,88|2,40|56,99|6,58|58,15|40,54|38,83|48,79|94,43|43,56|79,38|83,97|48,6|15,50|54,80|55,36|48,2/48,97=48,79,38,83,97
84,39|30,86|30,25|30,76|76,77|3,17|77,49|9,3|15,88|58,59|39,58|93,35|46,94|25,15|30,84|86,9|35,46|30,93|88,4|49,14/30,17=30,86,9,3,17
64,86|35,59|61,68|21,37|6,50|51,4|48,30|99,2|48,43|86,28|30,71|43,65|28,0|65,61|48,64|50,21|48,6|71,99|59,51|48,35/48,2=48,30,71,99,2
59,50|91,70|30,55|50,48|74,45|45,32|88,91|71,80|71,58|55,19|71,93|71,59|71,74|31,61|32,52|58,84|48,25|93,30|80,88|84,31/71,52=71,74,45,32,52
41,56|23,10|3,50|81,3|10,52|81,95|81,69|9,21|50,9|81,23|69,8|95,80|56,16|52,57|81,41|16,84|91,48|8,39|80,91|39,65/81,65=81,69,8,39,65
85,43|11,9|77,2|53,70|91,11|72,91|27,56|99,75|7,53|56,74|75,77|47,7|99,85|2,48|99,47|4,96|99,72|63,27|99,63|43,4/99,70=99,47,7,53,70
76,30|5,57|49,90|2,20|7,5|64,28|35,13|7,15|7,37|59,68|68,42|13,76|90,22|7,82|82,64|15,49|57,2|37,59|7,35|28,73/7,73=7,82,64,28,73
54,43|4,48|43,17|72,21|72,54|3,23|64,68|48,16|72,79|75,11|5,4|79,90|53,3|72,5|11,0|21,75|90,64|72,53|23,19|17,65/72,19=72,53,3,23,19
19,27|19,73|19,78|78,75|74,89|63,65|73,74|72,41|19,82|59,20|75,63|19,86|92,95|86,35|6,59|82,2|27,6|89,50|35,92|2,72/19,50=19,73,74,89,50
8,53|96,8|59,12|63,46|96,38|12,60|60,80|96,98|53,74|94,99|46,94|19,68|96,63|69,19|38,9|98,69|74,43|96,59|9,47|47,6/96,99=96,63,46,94,99
2,41|13,29|27,84|39,32|27,23|84,68|5,2|68,39|27,1|54,55|55,69|88,76|62,9|29,11|23,54|1,5|76,62|27,13|27,88|11,56/27,9=27,88,76,62,9
96,79|82,15|69,16|15,19|9,96|53,25|49,67|79,98|9,82|67,69|9,80|98,3|7,44|19,73|9,38|9,49|38,7|80,54|44,76|54,53/9,73=9,82,15,19,73
98,62|80,46|1,0|26,56|70,24|31,43|46,26|43,72|24,75|59,70|1,80|0,61|61,98|1,59|45,35|35,77|1,99|99,45|1,31|72,16/1,75=1,59,70,24,75
64,62|1,92|90,97|16,1|23,16|93,69|40,80|46,4|40,61|40,64|95,46|62,6|80,72|6,41|3,95|40,23|40,3|55,93|72,90|61,55/40,97=40,80,72,90,97
91,18|17,64|31,88|17,61|17,91|17,23|59,69|88,60|55,76|17,37|58,39|62,58|94,55|37,94|70,45|61,31|23,70|18,59|64,62|45,13/17,69=17,91,18,59,69
87,77|81,47|6,33|4,82|82,24|99,5|7,87|99,53|5,56|76,29|77,88|99,7|99,32|8,41|33,66|99,8|41,76|32,6|53,4|56,81/99,66=99,32,6,33,66
90,89|89,19|19,30|69,73|18,1|22,65|45,54|73,82|13,77|1,35|90,38|30,60|90,45|40,13|50,69|38,40|71,18|90,50|54,22|90,71/90,35=90,71,18,1,35
18,15|61,63|18,87|87,97|63,85|92,48|69,90|97,13|15,61|68,64|14,58|90,1|48,14|18,55|98,68|18,92|55,98|13,96|18,69|1,36/18,85=18,15,61,63,85
50,21|81,38|29,12|18,29|73,98|98,27|95,24|95,35|66,18|28,14|95,66|95,41|24,93|49,56|38,50|35,73|14,77|95,81|41,28|93,49/95,21=95,81,38,50,21
88,4|64,75|53,89|68,21|67,48|4,17|89,61|67,2|72,97|2,88|67,22|67,72|48,18|50,46|18,64|67,68|21,50|22,53|97,20|20,31/67,75=67,48,18,64,75
71,46|37,97|46,24|71,62|77,9|63,77|91,37|71,63|9,2|16,91|71,16|80,3|62,58|58,26|24,30|0,82|71,80|30,89|26,43|3,0/71,43=71,62,58,26,43
98,80|92,59|51,87|21,37|36,21|29,92|22,76|36,98|76,53|36,86|43,35|86,22|35,47|37,58|36,43|36,29|47,84|59,56|80,51|58,18/36,18=36,21,37,58,18
71,73|74,99|20,33|57,22|74,71|74,15|74,20|99,52|27,3|95,37|1,29|74,47|15,51|33,1|47,58|52,95|73,66|58,57|51,27|66,6/74,3=74,15,51,27,3
83,11|42,74|26,42|20,59|1,34|31,27|31,26|75,1|59,21|29,36|27,75|31,83|93,29|31,62|62,93|11,97|31,20|74,57|97,18|21,30/31,36=31,62,93,29,36
98,17|11,29|20,3|0,85|13,66|43,46|85,20|67,89|98,43|98,1|1,2|2,81|66,63|98,55|46,67|98,0|17,13|81,96|29,57|55,11/98,96=98,1,2,81,96
41,17|1,29|21,15|38,1|70,60|50,24|8,38|87,40|13,50|56,41|24,81|71,48|87,8|87,13|40,58|58,21|48,70|87,71|17,75|87,56/87,60=87,71,48,70,60
78,54|84,4|63,44|84,50|4,5|3,38|88,3|50,7|82,39|84,88|44,82|84,63|42,6|43,90|84,8|5,78|8,35|35,42|38,2|7,43/84,2=84,88,3,38,2
90,8|98,91|37,15|99,67|34,90|99,60|63,37|38,48|99,47|67,34|60,98|25,64|46,38|47,63|99,7|7,25|91,40|99,85|64,10|85,46/99,10=99,7,25,64,10
48,0|61,29|89,8|23,16|6,44|6,54|54,33|47,27|6,23|33,47|6,87|44,61|6,15|15,83|87,70|70,89|83,17|17,93|29,5|16,48/6,27=6,54,33,47,27
97,25|29,93|41,98|41,44|55,23|41,58|95,82|82,22|41,97|98,43|48,55|44,95|58,1|23,65|41,48|85,79|25,61|43,85|1,29|61,84/41,84=41,97,25,61,84
6,99|90,88|16,10|36,82|33,86|73,26|79,68|69,36|88,31|86,83|54,43|82,2|83,72|6,69|26,79|6,73|6,33|99,90|6,16|10,54/6,43=6,16,10,54,43
82,68|30,39|22,29|29,25|3,22|20,76|3,54|25,99|54,30|3,41|36,55|19,36|68,93|3,82|39,81|3,19|89,20|93,63|41,89|55,95/3,76=3,41,89,20,76
86,46|86,49|70,65|54,36|36,6|65,48|46,16|95,70|86,66|86,95|86,54|28,43|23,76|24,28|49,24|16,1|76,56|1,10|6,42|66,23/86,10=86,46,16,1,10
11,16|16,8|45,56|2,1|3,46|45,44|56,37|45,96|66,85|23,3|37,49|43,65|95,66|1,43|45,41|45,2|49,25|96,23|44,11|41,95/45,25=45,56,37,49,25
49,24|72,21|18,37|49,94|42,82|16,3|24,51|54,9|56,64|51,5|5,86|43,16|49,15|94,96|21,56|49,42|82,54|49,72|96,18|15,43/49,3=49,15,43,16,3
21,46|46,94|85,29|44,21|15,69|93,4|95,88|51,15|85,36|35,51|4,91|88,38|12,93|85,12|29,95|85,44|85,35|36,22|22,34|34,23/85,94=85,44,21,46,94
26,24|91,85|19,92|91,47|47,5|92,27|79,26|27,83|99,33|36,6|1,2|70,1|5,99|39,79|91,39|85,36|2,35|91,19|6,62|91,70/91,24=91,39,79,26,24
18,78|10,18|64,91|49,83|40,77|53,58|53,10|53,2|94,57|53,38|75,9|11,64|77,94|2,49|83,34|53,40|38,11|9,17|58,75|78,43/53,17=53,58,75,9,17
78,19|79,34|60,0|17,11|75,79|78,17|91,60|53,91|78,53|83,35|19,83|18,5|78,65|24,77|35,48|77,67|90,75|78,90|11,18|65,24/78,67=78,65,24,77,67
97,36|60,87|19,91|88,10|10,71|71,94|31,60|6,19|8,89|94,76|36,64|88,31|87,42|89,30|96,8|3,6|88,96|64,85|88,97|88,3/88,85=88,97,36,64,85
39,58|40,80|58,99|55,40|55,28|86,61|37,54|83,37|50,36|55,39|55,72|15,8|1,83|99,91|95,86|80,15|36,18|55,1|28,50|72,95/55,18=55,28,50,36,18
84,98|93,26|82,84|6,91|28,82|98,79|22,78|78,61|43,71|87,22|96,43|91,93|63,96|28,6|28,63|52,23|28,87|28,51|23,88|51,52/28,61=28,87,22,78,61
79,42|36,15|2,22|35,97|15,87|97,99|16,40|12,26|16,36|16,32|16,12|87,73|65,88|26,79|76,2|40,76|32,35|16,65|0,86|88,0/16,99=16,32,35,97,99
15,86|10,74|57,2|57,95|34,42|74,97|60,72|2,34|57,77|26,60|78,46|45,90|86,5|95,10|57,55|90,78|42,80|77,15|55,26|57,45/57,72=57,55,26,60,72
83,50|95,99|99,16|43,17|73,95|73,13|13,82|21,64|74,63|64,30|16,88|50,80|77,21|73,77|97,6|73,83|73,43|80,4|17,74|82,97/73,63=73,43,17,74,63
75,99|94,37|77,54|51,74|55,24|99,55|82,42|72,73|15,80|94,15|74,57|94,77|94,75|37,41|80,82|54,72|41,10|57,63|94,51|10,64/94,64=94,37,41,10,64
49,14|57,3|26,74|74,59|3,82|14,96|49,65|42,57|35,29|88,71|71,75|49,26|59,1|96,0|29,17|0,39|65,88|49,35|17,9|49,42/49,39=49,14,96,0,39
56,3|21,28|30,5|64,36|28,69|89,30|89,64|36,74|5,56|39,26|74,6|42,68|89,39|26,14|68,0|89,9|9,42|89,21|69,79|14,70/89,70=89,39,26,14,70
57,65|92,77|29,8|54,92|10,69|69,51|2,50|15,29|10,88|10,57|56,70|10,2|51,28|65,84|50,56|88,54|84,31|63,15|10,63|28,39/10,8=10,63,15,29,8
39,54|38,4|23,33|61,57|30,3|91,53|56,42|38,56|72,32|3,40|54,77|28,91|4,28|32,23|38,30|38,34|42,61|40,46|38,72|34,39/38,57=38,56,42,61,57
15,83|36,61|48,51|21,3|83,63|3,10|94,89|51,88|9,53|94,86|72,36|10,38|94,21|63,91|94,15|86,48|53,12|8,9|94,8|89,72/94,91=94,15,83,63,91
14,82|6,65|2,93|19,10|22,97|65,17|14,84|82,19|21,22|53,7|10,56|97,80|77,6|3,2|14,21|7,34|14,3|14,77|93,51|84,53/14,34=14,84,53,7,34
86,79|53,6|30,3|3,19|99,12|99,51|18,55|36,34|34,18|99,62|62,43|43,1|27,68|6,27|99,53|1,95|79,16|12,86|51,30|99,36/99,55=99,36,34,18,55
75,77|36,78|97,94|13,46|89,13|77,67|75,97|75,59|20,99|94,36|75,96|54,26|25,39|15,89|75,15|22,54|67,20|59,22|39,47|96,25/75,47=75,96,25,39,47
45,74|85,39|80,31|74,35|93,86|86,80|38,8|3,90|55,45|93,7|7,17|93,55|93,38|93,85|8,3|31,53|24,99|81,67|39,81|17,24/93,90=93,38,8,3,90
18,22|69,39|86,94|43,55|55,74|73,18|8,59|94,37|69,8|35,16|19,5|69,95|69,43|69,82|74,46|59,19|39,35|82,73|16,57|95,86/69,22=69,82,73,18,22
33,77|39,56|56,24|39,53|82,49|70,33|63,76|24,51|92,63|57,67|39,55|39,57|55,78|51,28|39,70|67,82|78,54|53,92|77,35|54,30/39,76=39,53,92,63,76
24,76|30,34|35,83|94,42|72,94|35,63|77,31|35,24|76,91|38,40|42,11|83,38|91,15|35,77|40,95|32,75|35,72|34,44|31,32|63,30/35,15=35,24,76,91,15
18,95|70,37|11,32|9,74|55,84|31,88|55,17|30,40|75,78|55,70|78,63|55,31|17,18|84,75|88,30|55,9|95,91|74,60|37,11|60,50/55,32=55,70,37,11,32
80,33|95,68|64,58|16,64|16,40|76,35|88,14|16,11|53,83|58,95|16,53|79,80|19,20|57,43|40,19|20,23|83,57|11,79|16,76|35,88/16,43=16,53,83,57,43
66,32|95,9|58,2|9,97|72,67|95,85|68,72|85,71|92,58|95,68|95,92|2,86|32,64|71,38|95,66|67,8|64,28|38,50|97,90|90,76/95,86=95,92,58,2,86
3,5|13,71|71,63|37,36|35,32|36,13|54,87|37,35|45,10|87,19|10,47|37,45|32,3|47,7|98,43|37,67|29,98|67,29|19,20|37,54/37,20=37,54,87,19,20
54,42|63,52|71,22|27,66|50,91|94,33|22,27|91,84|33,50|60,63|74,92|94,71|94,40|42,5|5,65|94,44|86,74|40,86|94,54|44,60/94,84=94,33,50,91,84
76,48|5,51|97,96|80,31|86,5|99,26|36,74|88,65|13,86|53,76|36,80|96,32|36,13|7,97|74,98|98,88|31,99|36,7|36,38|38,53/36,48=36,38,53,76,48
51,4|56,54|58,45|76,78|85,67|20,29|63,76|67,63|22,51|85,56|29,61|45,48|85,23|61,93|94,32|85,20|85,22|54,94|23,58|4,34/85,34=85,22,51,4,34
26,39|22,7|71,47|20,26|42,43|45,53|71,45|43,22|18,73|50,84|73,62|71,20|53,23|71,42|71,50|39,96|84,35|23,64|35,86|47,18/71,64=71,45,53,23,64
33,52|82,66|87,7|6,42|91,22|22,70|93,82|42,26|93,27|48,33|66,62|93,99|58,87|93,60|60,91|79,58|27,6|99,48|62,64|93,79/93,70=93,60,91,22,70
13,67|7,84|41,7|39,52|52,65|48,89|72,1|88,0|84,74|65,47|71,28|2,88|28,64|71,39|71,48|64,72|0,51|71,2|89,13|71,41/71,47=71,39,52,65,47
71,43|94,14|10,67|14,17|86,0|95,66|65,11|23,65|61,46|72,95|71,94|71,4|50,10|4,50|43,72|71,23|17,30|71,61|11,49|46,86/71,67=71,4,50,10,67
68,98|98,82|60,51|11,24|53,16|67,20|68,49|22,90|49,33|24,22|33,60|68,11|83,8|68,83|81,69|68,67|8,27|20,81|82,53|27,54/68,90=68,11,24,22,90
56,4|17,19|42,57|71,60|60,55|18,56|12,43|43,71|83,21|12,97|52,17|97,11|4,74|11,42|48,67|12,18|68,52|21,48|12,83|12,68/12,67=12,83,21,48,67
62,87|73,79|73,55|98,48|49,68|35,70|52,77|73,52|13,78|77,35|78,15|48,3|21,75|73,0|73,49|67,21|55,98|79,13|0,67|68,62/73,87=73,49,68,62,87
40,20|93,78|35,93|98,44|44,77|98,27|98,84|3,69|20,86|69,92|84,35|37,72|72,87|52,40|98,52|98,37|27,3|15,25|77,15|87,80/98,78=98,84,35,93,78
39,17|81,56|91,54|91,59|91,51|51,87|18,30|52,85|87,52|59,3|28,18|17,58|84,27|7,81|91,28|58,99|3,84|91,39|30,65|54,7/91,65=91,28,18,30,65
90,20|37,94|99,50|4,65|37,99|20,42|18,87|37,49|84,19|65,23|37,40|94,74|50,84|74,0|49,90|37,43|0,24|40,51|51,18|43,4/37,23=37,43,4,65,23
82,98|13,38|51,96|6,82|49,97|90,48|42,22|48,49|35,92|66,87|51,8|79,13|8,42|96,6|85,79|51,85|92,66|51,90|22,16|51,35/51,98=51,96,6,82,98
9,57|76,14|43,74|26,35|91,80|64,43|91,89|80,45|83,64|91,83|91,76|58,2|89,73|91,26|35,58|84,66|14,84|24,42|73,24|45,9/91,42=91,89,73,24,42
72,47|79,44|67,36|99,89|41,42|41,58|41,95|95,37|5,79|12,72|58,5|41,84|37,13|75,21|13,93|84,16|21,99|16,67|42,12|41,75/41,93=41,95,37,13,93
86,90|39,35|90,80|37,74|86,77|26,97|50,37|12,50|0,55|63,22|86,12|80,49|41,0|49,38|77,7|78,41|35,63|86,39|7,26|86,78/86,55=86,78,41,0,55
54,20|20,64|84,86|21,95|22,78|98,21|79,22|89,25|77,63|11,77|32,54|25,79|60,84|89,11|89,97|97,60|89,98|89,32|95,0|63,92/89,78=89,25,79,22,78
62,87|87,42|98,62|72,48|8,31|42,55|98,77|67,57|31,79|15,8|98,72|98,67|57,53|53,83|98,15|45,68|77,9|76,23|9,45|48,76/98,68=98,77,9,45,68
85,50|61,84|88,3|94,44|44,59|7,39|91,15|61,88|98,60|84,7|15,67|61,91|39,37|46,42|59,96|67,90|60,46|61,94|3,85|61,98/61,42=61,98,60,46,42
83,50|95,99|99,16|43,17|73,95|73,13|13,82|21,80|74,63|80,4|16,88|50,97|77,21|73,77|64,30|73,83|73,43|97,6|17,74|82,64/73,63=73,43,17,74,63
70,12|70,60|73,35|35,49|80,50|11,45|66,53|70,65|53,54|89,73|61,17|60,66|65,80|12,11|50,5|72,61|70,89|70,23|23,72|45,39/70,5=70,65,80,50,5
73,46|80,26|46,15|64,11|88,73|72,92|17,59|43,70|17,88|92,79|70,56|36,66|18,43|17,80|59,64|26,36|17,18|11,52|17,72|79,89/17,52=17,59,64,11,52
3,62|76,48|53,68|14,45|53,55|48,89|55,25|25,1|68,42|16,33|50,76|21,3|62,86|84,74|53,50|42,14|53,16|53,21|1,81|33,84/53,89=53,50,76,48,89
93,45|72,97|91,6|73,42|59,51|6,17|84,93|15,13|84,77|9,73|45,72|84,91|17,70|16,9|84,58|13,24|58,59|84,16|77,15|51,87/84,87=84,58,59,51,87
29,41|41,88|70,6|32,87|87,45|26,29|5,78|85,1|6,32|38,44|1,18|70,85|70,38|70,26|90,5|35,99|44,35|18,22|70,86|86,90/70,88=70,26,29,41,88
97,30|76,39|34,4|54,63|63,83|34,7|5,97|67,79|34,26|79,11|4,5|11,18|27,76|75,16|82,75|26,54|7,27|16,24|34,82|34,67/34,18=34,67,79,11,18
94,28|20,68|65,76|59,57|28,20|13,24|94,47|80,48|94,65|94,59|94,45|45,80|24,84|47,13|90,50|76,40|57,90|68,17|40,92|48,30/94,50=94,59,57,90,50
60,70|3,69|31,50|26,2|70,31|56,3|73,90|2,73|50,61|55,79|49,91|60,17|58,10|79,58|17,56|60,55|60,26|60,49|91,94|94,86/60,90=60,26,2,73,90
70,26|70,43|26,82|17,19|70,32|32,21|31,20|70,29|29,31|18,46|76,34|20,62|55,4|43,55|19,18|4,23|21,60|60,50|82,76|70,17/70,23=70,43,55,4,23
96,33|99,9|18,65|99,71|90,0|0,26|81,90|39,96|9,94|94,54|98,78|99,81|95,63|99,18|63,41|65,98|54,92|99,39|71,95|33,97/99,97=99,39,96,33,97
7,40|7,60|60,52|7,1|40,29|7,80|7,55|32,3|75,50|80,53|29,93|93,73|55,75|53,30|52,89|30,51|3,13|50,43|1,32|89,64/7,51=7,80,53,30,51
93,64|5,24|90,72|93,29|64,5|78,73|86,63|40,51|36,3|88,78|51,84|24,46|3,90|93,36|93,65|93,62|65,88|62,86|29,40|63,10/93,10=93,62,86,63,10
16,56|13,5|45,94|38,90|20,38|81,84|81,13|90,73|5,58|11,62|68,45|94,89|81,20|81,65|7,16|81,68|36,11|65,36|84,7|58,1/81,89=81,68,45,94,89
67,63|55,42|33,39|12,51|33,32|69,83|61,20|54,64|81,95|64,81|39,55|78,66|63,61|99,12|42,18|33,69|83,78|33,54|32,99|33,67/33,20=33,67,63,61,20
97,66|37,18|66,28|25,44|44,93|18,25|29,62|69,97|84,41|62,70|80,29|37,80|87,22|48,87|51,24|41,51|37,84|37,16|16,48|37,69/37,22=37,16,48,87,22
39,97|20,88|68,87|39,98|87,64|39,79|96,31|88,67|81,55|98,20|51,56|56,33|97,68|1,81|12,96|4,51|39,4|39,78|78,1|79,12/39,33=39,4,51,56,33
54,9|75,25|83,43|9,87|14,58|85,0|30,72|85,59|59,64|40,54|85,75|85,40|5,14|11,83|6,11|85,6|64,91|0,5|25,30|91,79/85,72=85,75,25,30,72
49,36|11,72|80,21|49,16|83,46|36,11|69,28|76,63|15,12|16,20|49,80|85,76|25,43|49,15|44,85|72,70|49,44|12,69|21,83|20,25/49,46=49,80,21,83,46
77,88|77,99|40,13|93,25|59,46|95,57|30,52|57,15|16,75|99,59|25,90|52,97|46,61|88,93|69,95|77,69|77,40|13,16|77,38|38,30/77,90=77,88,93,25,90
35,34|71,93|18,19|28,23|2,16|60,80|61,65|80,61|19,28|16,45|76,3|35,51|35,71|34,2|35,60|93,55|44,76|55,88|35,18|51,44/35,65=35,60,80,61,65
3,7|68,90|38,49|27,23|60,28|24,1|87,60|16,24|38,46|38,92|12,27|17,3|38,2|2,17|92,71|49,16|46,12|71,68|28,91|38,87/38,1=38,49,16,24,1
88,78|72,42|66,73|9,79|94,15|66,33|32,84|66,63|66,24|63,32|84,37|19,40|40,88|73,9|28,72|33,28|79,43|66,19|17,94|24,17/66,43=66,73,9,79,43
15,61|85,16|47,15|73,34|66,48|61,14|58,66|85,29|92,32|19,56|77,24|53,92|16,58|85,47|85,30|29,53|85,77|30,93|93,19|24,73/85,48=85,16,58,66,48
68,77|6,75|54,34|60,25|6,16|16,48|37,54|89,82|77,58|36,93|14,68|6,60|40,3|48,89|25,40|75,36|6,47|6,14|93,1|47,37/6,34=6,47,37,54,34
7,9|9,61|88,78|7,93|7,28|78,22|39,60|46,88|31,80|61,86|93,48|27,51|86,11|80,39|16,76|34,27|7,46|7,31|48,16|28,34/7,11=7,9,61,86,11
68,40|74,95|96,29|13,93|23,74|63,51|94,42|93,63|29,33|22,99|19,47|33,78|23,96|47,41|23,22|23,13|99,68|85,19|95,94|23,85/23,41=23,85,19,47,41
48,94|32,11|6,44|73,22|22,0|58,86|98,19|11,98|32,48|47,5|19,63|76,49|32,2|49,58|94,6|0,66|24,47|32,76|2,24|32,73/32,5=32,2,24,47,5
20,96|78,69|12,20|28,81|81,85|8,43|37,12|56,38|28,56|86,83|28,91|38,78|40,31|28,37|32,8|85,86|91,3|28,6|3,40|6,32/28,96=28,37,12,20,96
58,26|64,77|60,58|72,3|31,89|26,11|13,40|40,42|64,31|4,72|89,22|22,66|64,61|61,12|3,90|12,95|64,60|95,97|77,13|64,4/64,97=64,61,12,95,97
68,65|44,18|68,55|32,44|68,50|79,75|93,34|55,79|50,93|27,32|34,97|39,1|90,21|21,56|56,31|1,92|68,27|65,39|68,90|75,30/68,97=68,50,93,34,97
19,53|34,87|53,86|10,19|79,21|21,1|10,98|60,12|10,0|0,60|67,22|28,95|10,28|86,38|25,84|12,32|22,25|10,67|98,79|95,34/10,84=10,67,22,25,84
32,79|71,78|87,80|84,81|79,24|3,98|49,36|17,32|17,3|91,49|68,87|34,75|98,71|17,90|81,34|17,84|42,91|17,42|24,14|90,68/17,80=17,90,68,87,80
34,9|48,17|5,89|17,92|65,36|92,72|75,55|52,34|31,2|89,74|5,48|5,87|5,65|36,94|32,19|74,75|19,31|94,82|87,52|5,32/5,55=5,89,74,75,55
71,94|21,45|99,10|99,26|94,83|25,65|99,2|14,63|9,80|63,25|73,61|26,21|64,30|45,32|61,64|99,14|99,73|2,71|10,9|80,82/99,65=99,14,63,25,65
46,11|78,16|75,22|64,15|11,32|78,75|68,43|6,84|7,64|16,6|78,90|98,68|22,26|84,37|78,7|15,58|90,98|78,81|26,31|81,46/78,32=78,81,46,11,32
22,81|63,5|63,22|63,55|27,48|63,27|63,75|52,69|84,98|89,13|77,42|75,45|45,52|98,47|81,10|55,58|10,94|5,84|48,89|58,77/63,13=63,27,48,89,13
33,36|37,60|98,33|55,29|66,17|37,64|17,67|54,9|60,98|72,87|37,55|37,66|87,90|64,54|67,81|29,32|37,86|32,50|86,72|9,68/37,81=37,66,17,67,81
65,20|20,56|93,66|43,39|56,79|24,26|82,71|30,57|47,25|50,96|30,85|30,65|30,93|49,47|4,43|57,4|26,82|85,49|66,50|30,24/30,39=30,57,4,43,39
53,8|45,13|53,14|13,34|69,58|16,32|8,28|75,67|18,45|58,75|53,57|35,17|10,35|53,69|14,10|86,49|28,16|83,86|53,18|57,83/53,49=53,57,83,86,49
2,26|86,96|2,7|53,17|56,14|89,28|2,56|2,46|26,66|83,86|66,38|17,18|46,53|14,89|45,39|2,83|39,8|7,45|96,19|38,57/2,57=2,26,66,38,57
17,32|99,42|37,58|4,18|28,54|27,94|37,27|46,84|37,4|58,12|37,46|84,73|62,28|12,99|72,29|18,17|73,10|94,72|54,60|37,62/37,29=37,27,94,72,29
70,80|23,51|73,75|52,38|97,23|4,88|73,61|95,52|73,28|25,66|28,29|75,4|73,17|17,97|91,70|61,95|73,85|88,92|29,25|85,91/73,66=73,28,29,25,66
49,1|4,80|1,22|58,62|71,3|88,72|80,53|53,88|62,71|10,32|4,58|4,42|4,57|32,70|4,2|2,10|65,81|78,65|57,78|42,49/4,70=4,2,10,32,70
44,60|87,19|33,81|98,28|80,33|81,46|19,71|44,87|71,77|97,20|44,80|39,97|18,39|44,43|43,55|23,9|28,53|60,98|44,18|55,23/44,20=44,18,39,97,20
31,52|49,31|49,16|49,21|36,0|94,51|21,64|49,3|16,94|56,57|51,47|80,38|3,87|52,46|55,5|46,44|49,36|0,80|87,56|64,55/49,38=49,36,0,80,38
64,53|2,67|68,0|67,68|75,4|76,33|51,41|2,6|2,36|35,75|43,76|33,62|2,51|36,19|19,22|22,28|6,35|0,20|41,64|2,43/2,20=2,67,68,0,20
66,98|69,50|93,27|88,7|75,93|94,45|75,30|92,34|53,17|34,66|42,51|27,69|18,88|75,94|75,92|47,53|45,42|30,47|73,18|75,73/75,98=75,92,34,66,98
12,16|64,14|78,55|3,47|72,65|14,93|30,8|71,0|71,12|47,67|71,3|46,72|93,57|89,98|67,32|0,46|71,64|71,30|8,78|16,89/71,98=71,12,16,89,98
81,25|16,81|16,31|67,0|79,73|59,79|16,67|31,33|16,18|33,2|25,76|89,80|16,56|56,59|84,89|2,72|20,47|0,20|76,22|18,84/16,80=16,18,84,89,80
48,30|12,98|48,11|35,49|33,69|55,16|30,35|48,55|48,79|69,13|98,41|45,33|29,14|14,65|79,29|6,74|49,39|16,6|48,45|11,12/48,41=48,11,12,98,41
46,47|67,55|51,62|75,84|46,29|23,60|39,36|36,38|46,51|47,72|46,39|55,12|74,35|35,33|46,73|38,25|29,67|62,75|73,74|72,23/46,33=46,73,74,35,33
47,20|67,61|90,14|20,4|7,27|34,86|39,58|39,47|16,96|39,67|30,7|96,51|57,1|61,90|39,57|39,55|55,16|1,34|58,30|4,45/39,51=39,55,16,96,51
69,29|30,9|32,57|53,52|95,99|4,55|17,4|69,32|50,58|58,87|69,50|29,53|69,19|57,30|69,28|87,79|19,18|28,17|18,95|52,72/69,72=69,29,53,52,72
48,22|26,24|1,26|2,75|48,2|94,30|66,50|24,68|22,66|48,21|42,23|55,42|48,1|21,55|28,11|83,81|50,99|48,94|30,28|75,83/48,81=48,2,75,83,81
74,69|95,74|50,95|63,87|18,73|83,18|62,64|11,83|64,48|50,68|69,94|50,63|50,11|68,71|96,12|71,92|92,15|87,96|50,57|57,62/50,15=50,68,71,92,15
34,76|11,56|0,68|34,5|6,71|77,98|26,6|33,69|34,77|46,75|98,18|76,30|5,26|57,11|69,46|34,60|30,0|34,33|18,31|60,57/34,31=34,77,98,18,31
17,69|79,90|23,5|17,79|28,59|95,63|18,58|90,93|17,84|26,49|17,26|59,32|84,28|69,23|77,54|49,18|5,50|17,77|54,95|93,12/17,50=17,69,23,5,50
88,67|95,43|29,99|17,29|31,17|71,36|31,41|31,46|41,83|67,37|53,9|99,19|31,64|31,97|46,88|83,71|9,87|43,47|97,53|64,95/31,87=31,97,53,9,87
42,33|12,44|82,12|28,61|59,50|10,67|82,14|50,49|93,58|61,38|82,77|49,3|14,99|99,93|82,42|77,28|44,15|15,1|82,59|33,10/82,38=82,77,28,61,38
50,53|4,78|73,33|51,95|34,85|74,28|67,73|1,67|74,1|74,79|72,27|81,82|53,81|78,99|95,34|74,50|74,51|79,4|28,9|9,72/74,99=74,79,4,78,99
75,42|27,62|67,86|45,98|28,39|28,91|28,75|86,45|29,58|28,67|97,41|42,88|41,95|88,83|62,79|28,89|39,27|89,9|9,29|91,97/28,58=28,89,9,29,58
78,28|93,55|55,96|66,17|96,64|70,82|94,97|40,94|40,93|40,63|87,62|63,78|97,70|16,66|28,25|62,79|17,6|79,50|40,87|40,16/40,64=40,93,55,96,64
3,41|98,6|66,80|57,38|3,25|29,17|3,98|80,46|6,29|3,7|41,33|11,26|64,66|21,71|7,21|3,64|33,57|25,35|35,11|71,36/3,26=3,25,35,11,26
79,88|35,25|61,86|86,14|67,98|79,55|37,36|88,61|79,67|48,37|36,56|55,35|98,51|62,84|84,20|79,48|51,42|20,29|25,69|79,62/79,56=79,48,37,36,56
69,16|5,71|30,58|70,17|8,94|38,7|30,8|85,29|30,69|89,47|7,14|16,85|30,38|41,11|94,41|58,70|14,49|30,89|47,5|17,51/30,49=30,38,7,14,49
85,16|10,90|24,43|60,46|75,67|47,17|60,74|43,76|60,32|67,81|46,10|15,24|74,96|96,47|60,15|60,75|16,1|81,98|90,78|32,85/60,76=60,15,24,43,76
64,78|64,54|71,32|45,59|64,21|64,47|64,70|12,86|54,49|59,90|47,12|13,55|21,74|3,13|70,3|56,97|78,45|74,56|49,71|86,17/64,17=64,47,12,86,17
76,2|15,76|3,31|15,38|37,71|15,22|21,41|12,13|31,78|9,5|2,53|22,87|41,9|78,59|38,48|53,62|87,37|15,21|48,12|15,3/15,71=15,22,87,37,71
22,89|2,95|87,41|5,42|87,73|87,4|42,79|95,22|55,92|96,91|41,5|4,85|92,96|87,55|38,51|83,38|87,2|24,36|73,83|85,24/87,36=87,4,85,24,36
69,46|43,85|27,56|48,36|87,60|60,74|87,61|28,37|87,27|71,43|56,28|74,59|49,25|59,29|87,48|85,73|87,71|61,6|6,69|36,49/87,46=87,61,6,69,46
1,79|78,90|6,51|57,50|4,6|90,84|94,4|39,1|51,38|84,70|86,49|94,75|94,60|49,57|94,86|94,78|75,39|92,54|60,92|54,81/94,70=94,78,90,84,70
59,76|58,96|59,45|59,12|59,58|7,69|59,9|9,91|73,44|50,68|96,35|68,97|35,86|76,8|45,50|8,7|21,73|51,18|12,21|91,51/59,86=59,58,96,35,86
76,82|24,43|12,98|24,1|24,96|31,46|36,19|26,31|24,76|82,12|96,75|25,34|75,36|67,42|24,4|1,13|43,67|42,83|4,26|13,25/24,46=24,4,26,31,46
62,52|26,63|25,87|87,0|79,65|95,47|63,83|47,98|64,95|65,69|64,36|36,26|0,8|64,81|6,11|11,62|64,6|81,79|98,86|64,25/64,52=64,6,11,62,52
52,80|76,41|76,3|87,97|41,1|56,36|76,69|14,24|34,75|76,14|69,52|97,44|1,34|76,30|3,87|30,62|24,63|62,56|63,43|80,32/76,36=76,30,62,56,36
48,23|17,49|27,85|17,21|17,44|55,26|26,8|44,55|85,48|66,33|34,66|32,60|80,31|31,32|21,34|17,80|49,42|17,27|13,59|42,13/17,60=17,80,31,32,60
48,70|86,21|45,90|92,61|78,46|23,88|88,31|50,3|47,19|19,23|47,62|7,92|70,51|47,45|62,7|51,53|90,86|47,48|46,50|47,78/47,53=47,48,70,51,53
60,83|91,58|60,68|84,7|87,15|58,87|7,2|89,36|60,25|56,0|72,40|68,55|55,14|83,84|60,91|60,89|0,93|14,69|25,56|36,72/60,40=60,89,36,72,40
71,80|21,45|99,10|99,26|80,82|25,65|99,2|14,63|9,64|63,25|73,61|26,21|94,83|45,32|61,94|99,14|99,73|2,71|10,9|64,30/99,65=99,14,63,25,65
18,22|69,39|86,74|43,55|55,16|73,18|8,59|74,46|69,8|35,94|19,5|69,95|69,43|69,82|16,57|59,19|39,35|82,73|94,37|95,86/69,22=69,82,73,18,22
10,8|4,91|94,36|72,54|11,4|32,96|11,66|70,32|11,10|93,41|8,94|11,42|34,93|42,75|75,72|66,34|91,18|18,12|11,87|87,70/11,12=11,4,91,18,12
64,88|51,12|97,13|48,89|13,36|97,71|88,75|10,31|93,69|89,20|5,64|71,10|12,34|34,11|97,48|97,5|31,29|20,86|97,51|36,93/97,29=97,71,10,31,29
90,22|75,28|68,71|42,30|3,86|79,68|80,21|3,32|39,72|22,75|96,42|3,96|3,20|31,80|3,90|30,7|20,39|86,31|72,27|32,79/3,27=3,20,39,72,27
42,76|73,85|13,39|68,45|5,72|5,99|5,95|95,70|33,92|60,35|99,82|64,68|86,13|82,60|5,28|72,64|70,42|28,86|5,33|92,73/5,35=5,99,82,60,35
38,25|54,65|11,49|59,32|52,58|11,59|11,38|58,30|25,79|75,54|31,17|79,87|11,52|83,75|98,56|41,98|49,41|30,5|11,83|32,31/11,87=11,38,25,79,87
95,54|86,7|73,34|41,55|72,0|11,62|11,73|62,41|4,29|0,40|2,72|31,86|7,23|77,16|11,2|16,95|11,77|34,4|11,31|55,17/11,54=11,77,16,95,54
56,6|13,63|49,78|69,77|66,13|78,43|43,97|49,28|47,93|77,9|49,56|49,88|33,25|88,66|97,42|93,33|6,39|39,70|28,69|49,47/49,25=49,47,93,33,25
10,46|27,56|56,86|36,18|73,1|78,70|90,2|2,80|27,10|27,23|31,37|6,78|39,73|43,90|64,39|27,43|23,6|46,31|27,64|86,36/27,37=27,10,46,31,37
54,73|7,43|11,63|21,48|21,59|39,15|21,95|98,33|96,76|56,7|25,45|63,94|95,56|48,31|31,25|15,98|21,96|21,39|59,11|76,54/21,73=21,96,76,54,73
93,9|74,44|43,91|25,60|48,2|91,79|97,48|60,80|13,51|93,53|44,13|80,55|53,59|93,97|85,47|2,63|93,74|93,25|59,85|9,43/93,47=93,53,59,85,47
45,30|60,36|91,97|91,38|70,16|2,65|97,2|36,12|65,49|91,52|52,96|30,67|67,18|91,45|12,77|32,90|91,60|38,32|90,4|96,70/91,4=91,38,32,90,4
83,78|9,98|78,63|8,5|57,6|40,83|28,55|8,40|70,57|27,77|10,30|8,23|8,9|23,27|98,28|41,70|77,25|8,41|5,94|94,10/8,25=8,23,27,77,25
82,68|30,39|22,29|29,55|3,22|20,76|3,54|55,95|54,30|3,41|36,93|19,36|68,25|3,82|39,81|3,19|89,20|25,99|41,89|93,63/3,76=3,41,89,20,76
14,54|79,88|0,37|88,10|37,22|35,36|54,19|82,0|65,25|25,8|10,55|36,89|75,79|75,82|75,29|19,46|75,35|75,14|29,65|89,30/75,22=75,82,0,37,22
81,13|1,24|81,37|10,64|23,86|86,27|37,23|81,96|12,10|50,84|64,91|13,60|5,1|81,12|74,22|96,93|3,5|60,50|93,74|81,3/81,27=81,37,23,86,27
93,73|55,33|66,22|95,87|96,35|47,74|96,20|76,90|96,23|23,95|69,76|35,55|74,66|96,54|33,88|96,47|54,93|20,69|87,0|73,18/96,18=96,54,93,73,18
29,95|13,40|91,69|31,91|70,45|69,96|96,93|31,0|15,94|31,15|94,70|68,84|71,16|19,68|31,71|16,29|0,19|31,46|40,30|46,13/31,30=31,46,13,40,30
92,51|67,50|27,38|10,60|32,76|51,18|32,92|17,36|72,0|12,86|76,10|32,88|35,27|88,35|60,34|18,16|50,12|0,17|32,72|32,67/32,16=32,92,51,18,16
33,95|65,75|79,12|75,97|1,90|29,33|92,65|28,80|22,52|29,7|29,92|29,22|52,79|29,14|90,63|95,27|80,77|27,51|14,1|7,28/29,97=29,92,65,75,97
39,9|91,93|9,38|63,85|78,48|93,28|17,67|78,42|78,91|8,17|99,64|85,90|28,70|42,8|64,96|78,99|96,46|48,39|78,63|90,45/78,38=78,48,39,9,38
84,15|4,42|72,45|98,52|48,62|84,21|62,91|39,60|69,4|84,98|84,69|89,61|5,25|42,20|41,72|84,5|25,39|15,41|52,89|21,48/84,61=84,98,52,89,61
89,62|89,12|53,83|2,24|67,56|24,5|46,9|82,17|74,58|89,36|36,2|12,18|17,41|89,94|94,82|62,46|18,74|89,53|9,77|83,67/89,5=89,36,2,24,5
23,88|58,41|20,34|42,1|38,15|58,53|53,61|43,42|22,67|58,22|58,98|1,50|58,43|98,96|61,23|41,56|96,20|56,38|67,49|49,60/58,34=58,98,96,20,34
14,98|81,23|41,77|76,44|93,47|98,27|96,13|93,74|93,12|60,96|93,25|93,11|44,95|25,60|12,34|11,76|22,81|74,14|47,22|34,41/93,27=93,74,14,98,27
63,74|85,73|28,72|28,85|39,62|12,40|24,6|6,67|49,12|74,61|87,33|28,11|28,49|56,87|73,39|72,24|28,21|11,56|21,63|40,20/28,61=28,21,63,74,61
76,90|2,64|42,17|31,42|77,57|57,31|77,93|41,44|64,94|4,53|93,76|90,59|72,41|77,2|94,83|97,79|77,72|53,97|44,30|77,4/77,83=77,2,64,94,83
36,41|36,30|64,55|63,94|36,77|79,60|43,12|52,79|8,63|36,6|92,46|46,61|7,64|41,92|30,8|65,81|36,65|81,43|6,7|77,52/36,61=36,41,92,46,61
11,75|60,87|82,92|88,71|33,81|11,29|69,60|35,33|11,88|16,53|11,6|29,8|6,79|46,98|11,35|79,16|81,68|71,46|75,69|8,82/11,68=11,35,33,81,68
7,9|72,60|68,37|29,61|36,96|68,28|6,36|20,38|37,72|11,59|68,6|9,41|68,29|61,20|96,90|21,13|68,21|60,34|28,7|13,11/68,90=68,6,36,96,90
8,74|46,69|58,89|40,83|83,58|51,35|11,16|46,8|35,49|16,55|26,61|46,40|49,86|69,38|74,26|65,43|38,65|55,47|46,51|46,11/46,43=46,69,38,65,43
92,27|17,76|43,62|62,42|17,75|10,40|40,82|82,12|28,11|75,35|35,28|38,92|83,31|76,38|25,83|17,25|80,43|17,10|31,13|17,80/17,27=17,76,38,92,27
87,55|90,65|58,72|13,25|72,60|87,90|87,58|60,18|55,45|41,13|25,11|65,79|87,41|79,20|37,92|12,16|16,37|87,12|45,53|53,67/87,20=87,90,65,79,20
51,8|86,94|25,87|71,51|84,20|59,25|20,24|84,18|68,86|84,71|24,21|84,93|94,33|93,59|31,60|18,17|84,68|21,44|17,31|8,88/84,33=84,68,86,94,33
1,43|0,93|50,83|67,50|1,0|43,99|19,14|69,30|21,20|73,21|99,84|39,67|30,42|1,39|1,69|42,87|20,6|93,19|84,76|1,73/1,83=1,39,67,50,83
38,64|19,0|29,19|64,8|21,46|21,29|2,89|78,71|27,54|46,38|21,85|10,27|89,12|0,3|61,98|85,2|71,61|23,10|21,23|21,78/21,98=21,78,71,61,98
66,80|70,49|77,65|62,20|69,83|91,43|65,9|69,77|79,64|69,27|83,36|64,31|88,37|49,66|69,70|27,79|43,62|9,50|69,91|36,88/69,31=69,27,79,64,31
75,91|84,75|91,48|84,52|2,11|11,45|84,56|42,99|84,29|48,9|52,2|26,94|65,96|32,98|12,26|56,19|29,12|84,32|98,42|19,65/84,45=84,52,2,11,45
64,20|93,46|47,48|38,1|77,49|39,8|49,93|55,74|82,55|61,83|1,42|99,82|8,64|61,39|42,44|61,77|83,11|61,99|11,47|61,38/61,74=61,99,82,55,74
10,15|7,50|54,10|13,88|27,7|88,39|37,52|39,97|50,18|65,13|65,54|71,20|15,23|40,84|28,71|20,34|65,40|65,28|65,27|84,37/65,97=65,13,88,39,97
31,96|13,7|74,78|92,83|79,49|40,15|92,16|62,82|36,34|83,62|92,47|49,13|47,74|92,31|78,93|34,97|16,36|96,40|92,79|82,66/92,15=92,31,96,40,15
3,70|54,36|11,20|36,94|57,22|15,99|66,11|70,88|74,54|15,66|34,14|83,61|99,3|62,28|28,83|15,62|15,34|20,67|15,74|14,57/15,61=15,62,28,83,61
27,65|46,27|6,7|20,32|68,20|79,87|89,85|10,19|89,77|62,80|89,71|50,6|89,10|80,24|19,79|85,50|71,62|56,68|89,56|77,46/89,65=89,77,46,27,65
6,38|37,86|57,85|85,2|30,29|37,57|52,36|90,32|86,76|22,90|17,6|2,15|32,33|76,30|37,89|64,27|37,22|37,64|27,52|89,17/37,38=37,89,17,6,38
50,87|52,9|57,27|26,13|14,57|13,47|14,62|14,50|14,84|6,48|14,91|69,99|75,53|91,65|65,69|84,56|56,52|87,75|62,26|27,6/14,47=14,62,26,13,47
39,6|87,91|42,37|20,0|88,90|6,20|90,2|61,88|65,42|69,98|2,24|61,87|61,77|98,40|91,75|37,32|75,5|77,69|61,39|61,65/61,5=61,87,91,75,5
78,54|84,4|63,44|84,50|4,5|3,38|88,3|50,7|42,6|84,88|44,42|84,63|43,90|82,39|84,8|5,78|8,35|35,43|38,2|7,82/84,2=84,88,3,38,2
75,63|60,41|17,98|24,75|63,58|76,65|35,80|12,17|46,10|8,12|0,22|76,8|22,46|76,0|76,60|65,35|80,78|41,70|70,97|76,24/76,78=76,65,35,80,78
64,75|46,63|20,97|54,99|1,12|64,1|12,51|61,20|64,95|18,43|90,24|63,27|95,61|14,41|99,18|64,54|24,14|75,46|51,53|64,90/64,27=64,75,46,63,27
58,37|96,70|84,59|98,19|58,42|58,63|37,96|58,18|73,84|58,3|3,64|18,61|42,98|70,65|63,73|64,12|19,97|36,33|61,36|12,57/58,33=58,18,61,36,33
12,3|29,74|2,67|89,1|56,12|74,31|31,28|1,46|24,29|36,75|46,16|41,98|24,41|24,36|98,2|3,68|24,89|24,56|64,79|75,64/24,67=24,41,98,2,67
56,84|3,2|76,21|48,63|29,32|48,3|6,15|98,57|48,13|21,97|50,29|42,33|13,76|48,6|63,50|15,42|48,91|91,75|75,98|2,56/48,33=48,6,15,42,33
95,11|52,57|7,84|73,38|95,18|20,28|57,15|95,53|13,96|96,45|85,82|18,13|95,52|95,73|99,7|11,76|76,85|53,99|38,20|15,55/95,82=95,11,76,85,82
38,25|30,5|11,49|59,32|52,58|11,59|11,38|58,98|25,79|75,30|31,17|79,87|11,52|83,75|54,65|41,54|49,41|98,56|11,83|32,31/11,87=11,38,25,79,87
56,50|56,58|59,27|24,66|56,98|90,34|44,48|56,24|68,3|20,46|50,79|32,99|43,68|66,44|46,59|56,20|58,93|98,43|79,90|93,32/56,27=56,20,46,59,27
34,11|21,85|60,55|17,31|12,17|11,15|32,95|55,92|38,9|85,62|95,38|92,52|15,59|60,34|60,18|60,12|31,99|60,32|18,21|52,88/60,62=60,18,21,85,62
64,75|46,63|14,41|54,99|1,12|64,1|12,51|61,14|64,95|20,97|90,24|63,27|95,61|18,43|99,20|64,54|24,18|75,46|51,53|64,90/64,27=64,75,46,63,27
99,20|13,39|20,64|70,99|25,38|45,43|3,22|45,61|87,25|83,96|43,76|79,87|45,3|66,81|22,13|45,79|45,70|61,66|76,83|81,91/45,96=45,43,76,83,96
30,40|0,90|46,70|72,46|21,31|33,50|70,30|69,7|72,69|95,0|32,45|31,25|72,32|20,34|72,47|45,33|47,21|72,95|90,82|7,20/72,50=72,32,45,33,50
53,95|38,41|64,75|41,59|38,18|84,87|18,69|92,29|87,55|55,80|38,49|90,96|69,53|38,84|17,64|38,93|59,92|49,17|96,40|93,90/38,75=38,49,17,64,75
6,11|6,56|16,49|11,58|12,77|6,73|65,69|31,5|6,65|86,2|56,31|69,86|68,33|73,97|58,16|21,43|5,17|97,21|6,12|77,68/6,17=6,56,31,5,17
46,36|98,9|46,2|2,81|19,84|44,19|36,44|72,88|58,85|85,48|67,58|81,78|78,37|28,72|88,94|9,76|46,28|46,67|46,63|63,98/46,48=46,67,58,85,48
63,47|47,65|63,7|63,9|74,60|93,68|9,74|94,20|34,54|60,28|83,34|63,83|92,3|20,11|3,93|54,72|63,92|65,14|7,94|14,26/63,26=63,47,65,14,26
23,45|80,21|23,44|70,16|50,63|79,81|68,89|47,60|97,47|45,99|23,48|21,50|99,68|16,76|23,80|44,79|81,28|76,82|23,70|48,97/23,28=23,44,79,81,28
40,56|4,30|3,62|22,87|90,25|97,23|4,8|4,22|6,68|82,90|30,40|25,5|4,78|68,34|56,72|8,6|78,3|87,97|62,88|4,82/4,23=4,22,87,97,23
36,35|45,18|36,82|82,45|66,53|18,75|47,58|10,54|36,47|73,7|54,44|35,9|68,10|36,68|9,73|36,66|53,37|50,20|37,83|58,50/36,7=36,35,9,73,7
70,61|36,80|19,87|43,42|55,31|44,53|39,83|36,44|53,90|31,19|80,37|37,43|73,39|36,73|84,89|36,55|83,49|36,84|89,70|90,48/36,61=36,84,89,70,61
33,92|37,60|11,0|9,33|64,11|37,32|76,17|60,62|97,10|90,97|27,9|0,25|50,76|32,50|37,64|37,18|71,15|37,27|62,71|18,90/37,25=37,64,11,0,25
82,68|30,39|22,29|29,93|3,22|20,76|3,54|93,63|54,30|3,41|36,25|19,36|68,55|3,82|39,81|3,19|89,20|55,95|41,89|25,99/3,76=3,41,89,20,76
64,66|14,16|64,49|49,70|64,14|80,35|66,5|5,79|92,13|28,51|51,92|91,48|64,28|79,56|95,91|16,10|33,95|70,80|10,68|64,33/64,56=64,66,5,79,56
18,68|2,47|46,65|78,76|59,34|2,59|11,71|85,1|83,99|80,41|71,83|47,72|2,18|34,95|76,85|2,78|72,46|68,80|95,12|2,11/2,1=2,78,76,85,1
7,16|68,62|75,81|8,91|29,2|95,58|2,95|97,47|46,72|81,73|16,30|30,55|86,8|62,97|46,68|57,86|46,29|72,75|46,57|46,7/46,55=46,7,16,30,55
95,84|68,87|23,22|81,82|29,65|95,81|66,23|95,34|73,61|92,29|95,49|22,12|95,66|34,80|49,88|82,73|80,68|84,92|88,27|27,76/95,76=95,49,88,27,76
95,11|52,57|20,28|73,38|95,18|96,45|57,15|95,53|13,7|7,84|85,82|18,13|95,52|95,73|99,20|11,76|76,85|53,99|38,96|15,55/95,82=95,11,76,85,82
33,59|72,39|26,10|26,44|82,38|10,72|26,33|39,94|59,7|19,11|7,62|26,83|65,1|44,65|61,82|26,61|38,18|11,75|83,19|1,85/26,94=26,10,72,39,94
68,58|36,41|80,97|27,60|92,36|41,80|12,27|56,63|3,56|94,90|58,42|63,57|92,5|92,12|99,13|92,94|90,99|60,49|92,3|5,68/92,97=92,36,41,80,97
34,8|63,20|78,12|97,89|20,93|77,58|21,78|16,14|12,90|93,2|89,31|63,77|63,97|39,17|2,40|8,16|63,21|58,39|63,34|31,72/63,14=63,34,8,16,14
18,64|6,63|37,18|37,70|99,22|37,77|84,33|92,83|10,6|42,95|70,10|33,75|17,84|80,42|83,82|64,99|37,4|37,17|77,92|4,80/37,75=37,17,84,33,75
20,25|72,46|9,87|72,1|72,66|1,32|78,9|46,98|68,12|72,78|66,77|39,2|32,68|2,20|77,79|72,39|62,67|87,15|79,6|98,62/72,12=72,1,32,68,12
90,71|93,66|43,55|28,43|37,89|95,42|50,37|50,17|23,28|72,95|56,29|50,56|29,90|50,23|89,22|50,93|66,57|57,53|22,47|17,72/50,71=50,56,29,90,71
19,31|58,69|69,51|21,19|44,43|98,3|48,41|97,52|41,27|27,45|58,97|51,65|58,17|52,44|58,71|58,48|17,98|71,21|3,83|65,10/58,83=58,17,98,3,83
90,21|35,57|46,89|78,90|12,35|63,55|54,45|21,88|45,46|69,63|89,84|54,19|38,69|73,99|54,83|54,38|19,12|83,33|54,78|33,73/54,84=54,45,46,89,84
53,93|51,9|51,49|9,19|19,34|49,65|51,33|51,17|65,10|34,31|17,58|73,53|75,92|58,37|51,67|10,40|92,42|67,75|37,35|33,73/51,42=51,67,75,92,42
32,15|93,80|87,65|50,55|36,32|36,54|97,9|65,90|10,88|36,50|29,4|48,29|36,87|88,93|36,10|54,48|95,64|90,76|15,95|55,97/36,64=36,32,15,95,64
1,57|11,43|81,15|90,51|11,36|11,2|2,26|9,38|11,81|38,54|87,70|36,35|15,60|35,90|26,1|60,75|73,74|43,9|74,87|11,73/11,75=11,81,15,60,75
57,79|12,0|58,2|58,54|58,93|58,32|58,98|54,85|79,81|93,91|98,25|2,59|91,94|59,12|11,9|25,77|85,11|94,60|77,73|32,57/58,81=58,32,57,79,81
83,9|9,67|89,43|84,10|84,30|84,68|39,45|54,89|84,63|10,74|63,93|93,59|30,54|45,23|59,12|84,29|74,72|72,8|29,83|68,39/84,8=84,10,74,72,8
64,75|92,11|92,65|65,86|2,10|92,34|92,31|56,9|10,77|11,2|31,58|58,64|44,56|34,60|60,8|8,0|9,81|86,23|92,44|23,52/92,77=92,11,2,10,77
42,97|23,28|54,70|29,81|37,23|33,0|30,51|47,37|8,9|81,30|42,63|42,29|42,13|76,33|97,8|9,90|13,76|42,47|63,54|70,41/42,28=42,47,37,23,28
78,24|71,17|51,23|23,67|11,87|27,41|68,59|41,1|78,27|78,71|1,46|43,89|24,11|17,68|87,49|78,19|67,18|78,51|89,4|19,43/78,46=78,27,41,1,46
55,76|0,61|61,32|91,88|91,72|16,92|88,5|5,93|72,19|76,10|91,26|26,13|10,99|75,48|22,0|91,55|93,94|91,22|13,75|19,16/91,94=91,88,5,93,94
41,9|97,30|45,58|30,51|19,10|4,13|89,35|87,45|81,55|38,87|19,4|78,41|9,57|82,81|19,38|19,78|19,97|10,82|51,66|13,89/19,35=19,4,13,89,35
52,62|72,81|33,76|92,72|61,58|16,78|86,92|81,21|78,70|86,8|63,33|41,52|5,65|8,63|62,32|3,16|86,61|86,41|58,5|86,3/86,70=86,3,16,78,70
37,92|88,56|46,6|34,97|52,32|92,11|48,66|28,83|66,52|94,28|34,93|56,4|34,48|8,94|97,37|34,22|34,8|22,43|93,88|43,46/34,32=34,48,66,52,32
84,38|19,40|36,95|38,3|49,7|84,80|97,26|40,47|12,75|84,58|93,64|64,49|80,97|84,93|26,30|58,76|47,94|3,12|84,19|76,36/84,95=84,58,76,36,95
16,23|29,55|49,5|85,49|85,4|12,24|4,32|85,12|8,40|85,48|24,8|0,76|77,81|85,29|48,0|32,20|20,60|5,16|55,77|76,83/85,81=85,29,55,77,81
46,26|62,17|83,62|96,9|33,41|21,96|0,92|21,34|41,0|21,30|21,33|52,58|94,63|30,94|34,83|21,82|9,46|63,56|82,38|38,52/21,92=21,33,41,0,92
38,51|55,2|51,56|70,95|70,49|99,64|2,3|41,94|59,53|70,87|95,38|91,79|49,41|40,55|79,99|87,59|70,91|70,40|94,54|53,65/70,56=70,95,38,51,56
63,21|95,89|84,9|47,95|11,15|39,23|21,43|7,63|8,81|15,8|39,47|39,11|28,69|34,85|39,7|89,80|9,28|23,74|39,84|74,34/39,85=39,23,74,34,85
74,14|87,88|86,83|87,86|91,1|21,27|2,74|69,28|87,52|37,59|52,21|1,80|83,69|27,70|31,91|87,31|59,17|76,2|88,37|87,76/87,17=87,88,37,59,17
40,16|94,41|87,29|76,99|86,37|87,92|87,94|87,55|37,49|55,86|48,98|90,48|39,51|87,97|26,40|97,90|41,39|29,76|99,13|92,26/87,51=87,94,41,39,51
33,62|36,65|15,80|33,39|33,83|83,15|79,95|45,44|3,89|33,48|80,9|39,85|85,36|89,70|33,3|95,16|70,84|55,45|48,79|62,55/33,9=33,83,15,80,9
54,92|92,34|50,70|55,26|40,11|11,66|70,1|26,17|85,99|99,76|7,89|34,39|1,65|7,50|7,54|75,40|76,53|7,85|7,75|89,55/7,17=7,89,55,26,17
95,94|60,90|48,33|87,72|1,60|63,81|48,1|48,95|72,14|80,38|97,69|13,97|51,87|48,80|33,13|90,47|38,63|48,51|94,77|77,84/48,14=48,51,87,72,14
89,8|61,48|29,5|23,16|6,44|6,54|54,33|47,27|6,23|33,47|6,87|44,61|6,15|15,83|87,70|70,29|83,17|17,93|48,0|16,89/6,27=6,54,33,47,27
38,48|98,90|37,15|99,67|34,38|99,60|63,37|91,40|99,47|67,34|60,98|25,64|46,91|47,63|99,7|7,25|90,8|99,85|64,10|85,46/99,10=99,7,25,64,10
15,69|36,51|23,14|98,5|21,11|41,35|94,82|61,89|14,21|20,98|20,15|20,41|35,61|82,4|20,94|5,38|69,36|4,88|20,23|38,52/20,51=20,15,69,36,51
94,72|75,36|91,92|88,44|74,30|30,65|25,88|25,61|72,35|61,48|44,91|36,12|25,83|83,75|65,71|48,9|25,74|25,28|28,94|9,24/25,71=25,74,30,65,71
73,7|98,2|59,43|5,73|43,57|68,4|79,27|79,22|79,17|38,89|89,0|79,87|22,44|87,38|24,5|79,24|17,59|44,98|4,12|27,68/79,12=79,27,68,4,12
50,17|18,27|67,11|67,87|20,9|53,66|16,8|87,18|67,94|66,16|11,19|32,50|27,37|94,36|17,44|67,53|19,20|67,32|36,64|64,65/67,44=67,32,50,17,44
44,60|87,19|33,71|98,81|80,33|71,77|19,28|44,87|28,53|97,20|44,80|39,97|18,39|44,43|43,55|23,9|81,46|60,98|44,18|55,23/44,20=44,18,39,97,20
16,18|4,16|93,4|8,52|50,9|34,80|9,61|86,70|98,50|80,44|93,8|26,34|52,31|93,86|18,76|93,98|70,78|31,41|93,26|78,71/93,61=93,98,50,9,61
3,70|54,20|11,57|20,67|36,94|15,99|66,11|70,88|74,54|15,66|34,14|83,61|99,3|62,28|28,83|15,62|15,34|57,22|15,74|14,36/15,61=15,62,28,83,61
10,46|92,15|82,13|10,96|18,19|46,44|13,70|44,51|10,43|76,99|29,76|10,29|43,92|96,82|99,11|51,21|15,3|41,18|14,41|10,14/10,11=10,29,76,99,11
75,20|16,11|16,55|11,98|0,45|3,85|16,48|70,23|83,75|74,3|48,82|27,44|22,0|16,99|55,22|98,27|16,83|82,70|20,9|99,74/16,23=16,48,82,70,23
42,33|12,44|82,12|28,61|59,50|10,67|82,14|50,93|15,1|61,38|82,77|93,58|14,99|99,15|82,42|77,28|44,49|49,3|82,59|33,10/82,38=82,77,28,61,38
17,11|63,89|61,27|35,92|1,61|1,8|85,17|89,97|1,76|36,90|24,14|92,24|8,63|84,88|88,60|1,35|1,42|42,84|27,36|76,85/1,60=1,42,84,88,60
54,39|34,23|22,67|73,54|65,21|84,92|23,47|38,84|21,59|22,31|22,85|67,34|8,65|31,38|22,19|53,68|22,8|68,18|19,53|85,73/22,39=22,85,73,54,39
49,73|70,2|27,49|25,56|59,43|8,70|30,11|27,59|27,13|13,68|79,65|42,55|1,44|43,1|73,79|27,42|68,25|27,14|14,8|55,30/27,56=27,13,68,25,56
27,89|14,64|26,88|64,62|89,47|27,86|43,20|56,13|81,39|86,7|27,81|47,26|0,14|82,34|27,0|39,82|20,71|27,43|7,56|71,31/27,13=27,86,7,56,13
28,33|70,38|73,20|20,41|97,7|7,74|87,45|89,93|82,89|99,82|37,28|97,99|92,73|74,70|97,92|45,21|21,12|97,87|97,37|33,32/97,12=97,87,45,21,12
65,33|48,80|61,57|65,62|65,26|65,49|62,61|56,58|71,79|26,56|57,32|79,93|33,18|22,5|5,99|49,22|18,48|65,90|90,71|58,14/65,93=65,90,71,79,93
40,39|77,12|83,49|49,56|40,14|40,91|6,48|91,82|14,83|96,93|66,6|12,71|40,66|48,89|40,77|82,5|5,65|39,34|34,96|71,73/40,56=40,14,83,49,56
69,94|69,31|0,57|53,92|94,68|68,96|11,72|96,90|57,66|59,58|31,43|8,24|58,11|43,9|69,59|9,67|66,45|69,0|92,8|69,53/69,45=69,0,57,66,45
94,89|94,62|9,83|53,40|89,53|94,92|75,64|4,22|25,70|83,25|62,36|64,61|94,9|13,98|94,75|19,13|61,0|92,19|36,4|40,23/94,23=94,89,53,40,23
17,20|94,21|21,66|5,28|97,88|93,59|96,17|66,80|94,12|12,81|88,51|2,56|94,96|95,97|94,2|20,10|94,95|56,93|81,5|80,55/94,51=94,95,97,88,51
3,95|81,46|61,5|49,62|81,4|77,29|35,86|99,70|50,35|81,49|62,3|81,61|46,99|40,80|6,50|80,33|5,77|81,6|4,40|70,27/81,27=81,46,99,70,27
30,50|88,73|42,26|38,33|69,88|41,30|27,41|33,36|71,49|80,27|43,2|26,71|2,83|90,69|80,90|80,43|36,94|83,98|80,42|80,38/80,49=80,42,26,71,49
33,83|33,22|86,89|49,13|88,80|33,47|47,92|33,56|45,81|13,24|33,49|56,50|92,45|50,51|22,35|83,86|89,73|35,88|24,70|51,1/33,81=33,47,92,45,81
67,58|68,3|92,33|68,92|35,13|73,59|68,49|74,96|49,23|80,25|68,73|3,28|86,65|33,35|96,69|59,67|28,86|69,63|68,74|23,80/68,13=68,92,33,35,13
77,78|67,97|77,95|78,39|24,50|36,58|77,15|39,36|19,89|77,61|70,24|13,29|23,82|89,23|95,90|15,70|77,19|97,10|90,13|61,67/77,10=77,61,67,97,10
98,97|0,29|49,38|70,44|44,50|29,98|55,51|68,49|47,8|40,80|55,76|55,94|55,0|38,91|80,32|51,47|8,93|55,68|76,40|94,70/55,97=55,0,29,98,97
81,55|96,14|51,25|7,37|57,49|51,7|39,41|25,39|38,4|90,42|4,75|68,3|51,57|41,62|37,96|49,81|51,38|75,86|51,90|42,68/51,86=51,38,4,75,86
44,60|67,28|25,91|66,67|44,74|55,2|98,10|44,66|17,65|28,20|91,46|44,98|60,59|59,55|65,45|74,17|53,7|64,25|10,53|44,64/44,46=44,64,25,91,46
67,31|74,67|91,17|98,93|93,86|13,34|14,59|96,28|76,73|74,96|86,45|31,13|74,98|74,76|73,71|66,92|92,91|71,33|28,14|74,66/74,59=74,96,28,14,59
33,36|81,95|84,33|10,61|57,81|69,67|40,69|26,10|40,43|40,18|67,27|27,47|40,22|22,26|30,37|18,57|43,20|20,30|79,84|40,79/40,61=40,22,26,10,61
1,40|67,81|46,9|79,23|29,68|85,51|19,72|40,19|77,95|29,54|23,43|68,4|43,94|9,67|4,77|58,85|54,58|29,46|29,79|29,1/29,72=29,1,40,19,72
99,90|86,60|39,0|51,26|59,50|86,74|2,99|0,70|34,71|83,2|86,39|86,59|70,5|86,83|14,81|50,51|60,25|25,34|32,14|74,32/86,26=86,59,50,51,26
86,84|38,3|25,36|39,38|25,79|36,12|47,39|95,62|25,34|25,47|34,52|74,68|21,9|25,88|12,86|88,95|9,37|62,41|79,21|52,74/25,68=25,34,52,74,68
33,62|70,23|91,14|29,50|40,38|50,30|77,39|57,91|22,20|40,77|38,57|62,22|4,1|30,72|40,4|6,16|40,29|40,33|1,6|39,70/40,23=40,77,39,70,23
16,77|69,41|81,69|17,24|81,47|41,13|77,64|81,17|51,98|12,25|98,37|67,71|47,51|29,16|71,7|7,88|81,29|13,3|81,67|24,12/81,25=81,17,24,12,25
68,47|14,88|93,79|57,14|55,46|18,70|93,64|93,52|23,57|43,28|46,68|93,55|93,23|64,29|52,27|27,11|29,43|72,18|11,83|79,72/93,88=93,23,57,14,88
56,12|33,39|25,83|96,98|88,90|58,88|96,64|96,89|94,17|17,25|65,81|89,16|96,95|16,65|96,94|39,68|98,58|64,33|42,56|95,42/96,68=96,64,33,39,68
2,10|74,98|10,64|79,14|72,58|37,17|79,52|14,37|57,26|29,25|52,30|79,29|49,60|60,72|79,49|30,74|25,57|17,99|64,34|79,2/79,34=79,2,10,64,34
66,39|14,97|66,2|66,47|97,15|2,13|89,23|66,89|26,4|92,24|1,25|4,35|13,46|7,1|47,7|35,18|66,26|39,14|46,44|23,92/66,25=66,47,7,1,25
41,56|23,10|3,50|81,3|10,9|81,95|81,69|91,48|50,91|81,23|69,8|95,80|56,16|9,21|81,41|16,84|52,57|8,39|80,52|39,65/81,65=81,69,8,39,65
73,99|74,33|1,87|1,41|2,19|87,38|1,27|1,4|41,71|88,8|79,50|50,80|38,2|33,58|71,37|37,53|8,73|27,74|4,79|1,88/1,19=1,87,38,2,19
92,40|34,33|22,54|64,22|92,1|92,64|63,48|40,76|1,88|65,2|88,45|45,17|53,34|68,53|54,96|38,63|92,25|92,68|76,65|25,38/92,96=92,64,22,54,96
79,72|49,89|56,6|41,99|72,27|86,56|9,0|89,24|39,9|4,78|39,79|39,41|39,49|24,91|31,48|27,29|39,69|0,4|99,31|69,86/39,29=39,79,72,27,29
24,0|24,67|58,81|52,15|81,48|99,45|0,90|76,70|45,88|86,7|24,41|24,94|94,56|48,62|56,52|67,73|24,58|41,99|90,86|73,76/24,70=24,67,73,76,70
85,5|66,67|39,43|91,1|28,87|69,28|85,10|88,39|79,15|15,91|99,66|87,50|85,99|63,16|54,63|67,46|10,54|85,79|5,88|85,69/85,46=85,99,66,67,46
11,55|47,89|49,13|84,11|2,31|42,75|95,98|84,42|75,47|84,95|55,2|85,74|84,85|76,15|39,76|84,43|98,44|44,86|74,49|43,39/84,86=84,95,98,44,86
22,57|43,68|49,26|31,8|7,0|14,90|10,24|26,61|68,10|6,13|90,7|13,31|61,2|1,43|71,22|1,14|1,49|1,71|57,56|1,6/1,0=1,14,90,7,0
37,27|98,64|91,41|36,29|30,74|94,62|53,59|74,73|27,39|36,92|79,98|59,31|36,53|29,37|7,30|36,7|92,79|31,4|36,91|41,94/36,64=36,92,79,98,64
25,22|64,25|26,67|75,81|95,20|30,46|95,74|46,26|81,40|95,32|32,64|94,18|95,30|74,94|91,3|60,75|20,91|95,60|18,17|3,43/95,17=95,74,94,18,17
74,75|6,27|44,52|48,55|45,90|88,45|76,47|48,33|62,85|90,35|48,74|75,93|52,6|48,88|48,44|1,62|55,1|78,76|33,78|93,17/48,47=48,33,78,76,47
14,72|81,59|25,18|6,42|63,7|59,43|63,6|72,23|53,10|42,53|7,80|78,60|43,73|26,78|80,25|63,14|63,81|23,89|31,26|63,31/63,89=63,14,72,23,89
20,26|37,10|67,73|42,93|52,8|3,20|87,71|43,52|43,95|12,42|80,87|71,18|43,3|10,84|95,12|43,80|26,33|84,51|8,67|43,37/43,18=43,80,87,71,18
64,56|59,20|56,9|20,47|77,84|86,51|4,40|47,95|59,86|59,64|67,19|9,26|19,4|51,28|95,44|60,99|59,77|59,67|28,16|84,60/59,99=59,77,84,60,99
87,71|45,11|53,1|11,9|90,72|1,34|28,77|77,87|28,16|27,53|12,85|85,78|41,90|28,27|28,12|71,82|6,41|28,6|16,45|78,91/28,82=28,77,87,71,82
41,53|40,18|19,41|95,19|18,54|14,51|2,77|1,23|90,3|54,68|2,31|33,7|31,33|7,83|2,95|2,1|77,97|23,14|97,90|2,40/2,3=2,77,97,90,3
34,58|33,16|65,97|65,12|67,0|65,94|59,34|94,59|65,67|76,82|86,4|0,33|4,88|55,68|12,86|26,55|82,48|97,76|57,26|65,57/65,68=65,57,26,55,68
47,94|57,22|19,57|98,79|19,77|19,42|19,3|44,88|2,8|22,2|3,10|77,60|88,71|69,44|60,98|16,47|10,91|91,76|19,69|42,16/19,71=19,69,44,88,71
48,72|75,77|54,4|63,94|48,75|48,43|43,8|48,2|8,39|92,32|48,54|39,98|72,42|4,10|2,50|42,29|50,63|29,84|10,45|77,92/48,98=48,43,8,39,98
63,76|35,3|63,71|71,62|62,81|3,54|54,93|81,87|95,44|14,36|36,40|31,94|11,26|90,92|26,31|92,95|63,90|63,35|63,11|76,14/63,93=63,35,3,54,93
60,51|93,71|84,2|71,75|22,58|22,17|2,85|31,77|86,60|22,93|22,89|89,37|75,16|58,82|17,86|37,56|22,84|82,31|85,74|56,34/22,51=22,17,86,60,51
1,6|1,37|84,33|35,36|15,23|81,98|91,15|23,71|86,81|55,41|10,59|1,32|37,47|32,55|47,10|6,86|1,91|41,54|1,35|36,84/1,54=1,32,55,41,54
7,28|2,87|64,60|47,30|58,38|29,88|21,7|44,74|88,4|38,44|2,78|84,76|86,64|76,47|2,89|89,86|78,29|2,84|2,58|87,21/2,4=2,78,29,88,4
69,31|58,73|58,13|58,43|81,10|62,83|58,4|23,93|66,62|58,41|43,15|88,69|41,46|13,88|46,26|15,81|26,54|73,2|4,66|2,23/58,93=58,73,2,23,93
22,81|63,5|63,22|63,55|27,48|63,27|63,75|52,69|84,10|89,13|98,47|75,45|45,52|10,94|81,77|55,58|77,42|5,84|48,89|58,98/63,13=63,27,48,89,13
75,55|24,43|82,89|45,2|45,27|97,71|45,36|27,82|45,75|36,26|89,66|45,19|8,83|26,93|7,97|55,8|93,1|2,24|19,7|43,11/45,66=45,27,82,89,66
86,68|2,14|86,0|12,2|89,36|19,79|46,89|27,94|86,53|53,31|86,27|31,30|30,88|79,5|86,46|0,12|62,16|68,19|36,60|94,62/86,5=86,68,19,79,5
54,20|20,64|95,0|21,63|22,78|98,21|79,22|89,25|77,84|11,77|32,54|25,79|60,95|89,11|89,97|97,60|89,98|89,32|63,92|84,86/89,78=89,25,79,22,78
23,31|70,23|21,32|45,42|11,19|43,79|66,70|6,87|69,97|32,11|85,6|25,48|79,85|13,45|43,37|37,13|43,66|43,21|97,25|43,69/43,31=43,66,70,23,31
40,57|5,65|61,8|79,39|43,51|65,79|31,43|84,12|24,19|39,99|19,41|5,24|51,81|41,73|5,18|5,40|33,61|57,84|18,33|5,31/5,12=5,40,57,84,12
95,90|90,62|86,49|95,66|66,1|64,16|39,13|1,99|59,86|99,80|44,82|5,54|95,59|49,77|54,23|95,64|23,22|95,5|16,39|62,44/95,77=95,59,86,49,77
33,62|70,23|6,16|29,50|40,38|50,30|77,39|57,6|91,14|40,77|38,57|62,91|4,1|30,72|40,4|22,20|40,29|40,33|1,22|39,70/40,23=40,77,39,70,23
47,14|14,49|54,6|49,87|61,65|45,80|20,53|5,79|24,48|65,5|61,17|61,20|6,42|40,45|53,24|17,54|60,40|61,60|79,69|61,47/61,48=61,20,53,24,48
32,82|64,0|98,57|12,93|77,72|41,32|69,77|23,69|24,41|23,64|92,12|83,1|60,17|87,92|23,98|72,6|23,87|23,24|57,60|0,83/23,82=23,24,41,32,82
72,29|82,62|82,85|37,8|82,37|85,34|82,95|62,72|8,86|80,21|94,42|3,52|29,48|34,94|52,55|44,80|86,10|95,44|59,3|82,59/82,10=82,37,8,86,10
66,39|14,46|66,2|66,47|46,44|2,13|89,23|66,89|26,4|97,15|1,25|4,35|13,92|7,1|47,7|35,18|66,26|39,14|92,24|23,97/66,25=66,47,7,1,25
28,40|82,97|2,1|79,84|23,61|2,91|96,42|2,23|40,88|91,28|94,82|42,95|25,13|61,79|2,71|2,96|95,47|1,94|13,68|71,25/2,68=2,71,25,13,68
4,84|4,46|32,98|8,23|29,3|88,32|67,58|4,8|84,68|23,30|60,31|14,45|46,88|66,43|30,13|31,29|4,66|68,14|4,60|43,67/4,45=4,84,68,14,45
81,37|16,93|60,36|9,99|5,16|56,46|13,81|60,5|33,74|93,68|99,33|42,67|3,15|60,9|35,42|15,56|60,69|36,35|60,3|69,13/60,67=60,36,35,42,67
82,0|26,36|5,33|18,80|76,61|26,18|26,5|1,84|53,99|99,82|14,64|77,76|26,77|36,44|19,51|61,48|33,1|26,53|80,19|44,14/26,64=26,36,44,14,64
91,30|12,15|58,86|58,91|30,1|15,88|86,2|2,60|60,85|58,3|3,53|88,37|80,95|19,66|1,18|70,67|67,80|58,12|58,70|53,19/58,85=58,86,2,60,85
62,52|26,0|25,87|87,98|79,65|95,47|0,8|47,63|64,95|65,69|64,36|36,26|98,86|64,81|6,11|11,62|64,6|81,79|63,83|64,25/64,52=64,6,11,62,52
88,49|68,2|49,68|33,29|72,30|72,88|54,32|72,47|12,59|70,33|46,54|72,85|30,70|31,25|35,12|85,31|72,46|32,82|25,64|47,35/72,64=72,85,31,25,64
79,31|16,20|64,88|37,3|78,97|79,64|96,85|30,86|8,69|20,54|31,16|97,8|89,75|79,61|61,37|85,30|79,78|79,96|88,89|3,15/79,69=79,78,97,8,69
37,15|56,64|22,19|54,77|81,50|64,28|93,38|79,60|93,56|92,81|31,54|93,79|93,37|60,22|28,11|38,92|77,65|15,18|93,31|18,8/93,65=93,31,54,77,65
12,80|97,25|25,39|32,70|80,56|70,49|56,18|2,15|69,97|31,78|18,53|33,90|12,69|15,31|49,81|12,33|90,10|12,32|12,2|10,67/12,53=12,80,56,18,53
0,55|6,80|47,62|30,68|21,46|34,93|26,18|61,30|21,49|21,26|96,56|21,6|46,0|49,61|80,47|55,10|21,94|88,34|18,96|94,88/21,62=21,6,80,47,62
1,52|51,4|72,15|40,72|51,40|15,98|87,86|46,47|48,31|27,48|31,60|58,87|4,1|51,44|51,27|51,58|86,12|44,0|0,46|52,97/51,60=51,27,48,31,60
36,29|20,18|56,61|36,96|5,28|88,20|4,80|36,88|61,65|76,44|89,5|18,6|44,14|36,23|29,4|97,56|23,89|80,27|96,76|36,97/36,14=36,96,76,44,14
95,94|60,77|48,33|87,72|1,60|90,47|48,1|48,95|72,14|80,38|97,69|13,97|51,87|48,80|33,13|77,84|38,90|48,51|94,63|63,81/48,14=48,51,87,72,14
19,16|90,8|28,61|58,22|18,57|52,19|58,40|40,43|73,81|12,66|58,90|58,12|66,0|50,38|0,99|58,73|8,28|81,18|43,50|22,52/58,57=58,73,81,18,57
59,48|96,16|75,45|95,37|37,71|59,95|63,28|51,63|35,96|59,62|90,34|71,19|45,83|48,90|59,75|83,64|59,35|16,13|62,51|34,67/59,28=59,62,51,63,28
86,22|4,11|8,94|16,46|84,75|94,38|15,4|46,24|15,47|27,21|93,20|73,8|15,30|75,27|15,84|11,93|19,86|15,73|30,16|47,19/15,20=15,4,11,93,20
7,87|87,1|30,86|20,31|46,80|32,15|93,81|58,93|86,41|43,37|1,48|30,58|31,32|81,49|47,17|37,47|41,46|30,43|30,7|30,20/30,17=30,43,37,47,17
86,89|71,56|49,51|21,29|67,71|29,62|89,49|6,91|46,38|21,68|8,46|48,1|21,8|68,67|38,17|1,6|62,23|23,25|21,48|21,86/21,56=21,68,67,71,56
58,4|70,39|88,28|75,37|56,71|71,89|84,88|2,63|41,44|21,22|75,90|75,2|75,70|90,84|75,56|74,58|89,55|37,74|39,41|63,21/75,4=75,37,74,58,4
87,70|13,95|21,55|24,49|1,92|20,50|95,66|76,35|71,61|30,13|55,27|61,1|50,24|62,68|87,20|87,71|70,21|87,76|35,62|87,30/87,92=87,71,61,1,92
84,37|88,78|66,73|9,79|94,15|66,33|32,72|66,63|66,24|63,32|72,42|19,40|40,84|73,9|28,88|33,28|79,43|66,19|17,94|24,17/66,43=66,73,9,79,43
37,99|1,24|29,9|28,64|9,3|46,34|64,54|24,80|1,11|80,73|73,70|1,19|3,69|74,75|12,37|1,46|34,74|19,28|1,29|11,12/1,75=1,46,34,74,75
38,99|60,85|59,62|3,47|75,49|41,60|7,33|99,71|75,45|62,39|69,3|75,38|45,69|49,59|75,41|71,12|85,37|10,93|93,7|75,10/75,39=75,49,59,62,39
62,59|8,50|52,28|28,30|62,8|62,52|50,92|22,70|62,63|47,6|62,12|92,60|26,47|63,22|59,26|30,18|40,85|70,20|85,82|12,40/62,20=62,63,22,70,20
83,71|71,90|33,46|33,17|82,61|31,70|33,6|70,60|17,31|46,83|2,16|69,29|35,69|61,0|16,36|33,19|6,35|73,82|33,73|19,2/33,0=33,73,82,61,0
84,53|73,55|76,73|75,89|37,84|89,23|63,74|92,37|92,56|56,90|92,2|2,75|92,95|91,62|90,63|6,36|95,76|53,47|36,91|92,6/92,62=92,6,36,91,62
17,93|94,21|21,66|5,28|97,88|80,55|96,17|66,20|94,12|12,81|88,51|2,56|94,96|95,97|94,2|93,59|94,95|56,80|81,5|20,10/94,51=94,95,97,88,51
35,38|64,55|86,95|67,41|62,12|11,16|76,86|61,22|55,67|99,62|11,53|53,76|16,61|11,31|11,64|11,99|12,77|31,35|38,54|22,26/11,95=11,53,76,86,95
39,69|12,39|93,59|2,12|2,58|10,33|69,46|22,20|2,4|33,47|4,93|59,41|43,44|89,31|2,43|44,22|2,10|47,34|58,89|31,81/2,34=2,10,33,47,34
65,26|17,93|65,79|24,43|91,18|22,50|65,44|80,30|44,17|65,91|18,31|50,80|65,22|74,24|31,76|52,78|79,74|58,52|26,58|93,25/65,30=65,22,50,80,30
0,85|4,97|5,24|61,1|10,40|24,52|4,5|52,20|98,75|44,8|79,10|97,98|85,38|40,86|4,44|7,0|8,61|4,7|75,70|4,79/4,1=4,44,8,61,1
90,52|11,88|8,51|79,30|37,71|85,11|79,37|1,23|0,85|93,15|36,34|71,36|51,89|3,31|79,1|79,0|30,8|23,93|79,90|52,3/79,31=79,90,52,3,31
16,53|99,70|60,99|16,45|78,58|72,0|16,72|95,49|97,22|45,78|22,63|0,29|49,19|58,1|31,60|16,26|16,31|26,95|53,97|29,33/16,19=16,26,95,49,19
50,47|50,49|71,75|78,2|2,3|49,59|50,13|59,71|57,12|32,67|50,76|76,32|12,0|3,4|67,7|47,54|54,90|50,78|13,57|90,81/50,7=50,76,32,67,7
50,13|63,97|9,77|48,37|63,67|49,50|77,34|67,9|15,79|51,72|19,51|44,82|76,56|82,48|79,76|52,49|97,19|63,52|63,15|63,44/63,13=63,52,49,50,13
13,98|11,38|77,73|71,12|14,1|98,43|56,80|43,52|56,14|59,55|38,32|1,90|56,21|80,11|90,49|56,77|56,13|12,17|21,71|73,59/56,17=56,21,71,12,17
6,32|28,81|68,95|8,34|99,28|69,0|34,31|75,49|50,64|77,48|54,8|99,79|99,6|32,77|95,75|99,68|0,97|81,50|99,54|79,69/99,31=99,54,8,34,31
3,7|28,91|38,49|68,90|60,27|24,1|87,60|16,24|38,46|38,92|12,68|17,3|38,2|2,17|92,71|49,16|46,12|71,28|27,23|38,87/38,1=38,49,16,24,1
23,73|84,75|23,44|13,83|70,74|23,79|23,31|31,77|22,70|79,69|77,21|87,40|73,22|21,7|44,78|69,63|63,41|78,13|40,84|23,87/23,41=23,79,69,63,41
48,94|36,68|48,55|68,88|2,40|15,50|6,58|58,54|40,56|38,83|48,79|94,43|43,15|79,38|83,97|48,6|54,80|56,99|55,36|48,2/48,97=48,79,38,83,97
69,79|63,5|79,74|94,75|90,30|89,63|68,35|69,48|75,87|69,68|24,8|74,24|3,32|35,3|69,21|81,90|21,94|0,81|48,89|69,0/69,5=69,48,89,63,5
66,19|97,43|4,32|19,65|63,45|80,57|45,28|32,81|65,22|53,80|84,4|63,60|28,30|43,42|63,84|42,71|63,97|63,66|30,21|60,53/63,21=63,45,28,30,21
7,16|68,62|75,81|97,47|29,2|8,91|2,8|95,58|46,72|81,73|16,30|30,55|86,97|62,95|46,68|57,86|46,29|72,75|46,57|46,7/46,55=46,7,16,30,55
2,77|18,34|18,84|18,41|34,97|18,2|84,63|33,98|21,0|18,21|97,33|41,82|63,85|26,47|82,44|77,27|0,26|85,29|27,64|44,60/18,60=18,41,82,44,60
54,55|38,10|99,40|36,67|38,45|40,68|38,33|45,43|38,26|38,99|68,21|10,54|33,44|67,62|83,6|98,17|26,36|55,79|44,83|43,98/38,62=38,26,36,67,62
87,81|76,29|6,33|4,82|82,24|99,5|7,87|99,53|5,56|77,88|81,47|99,7|99,32|8,41|33,66|99,8|41,77|32,6|53,4|56,76/99,66=99,32,6,33,66
75,99|96,20|68,39|33,11|52,75|52,25|52,27|63,23|52,58|76,33|99,63|34,54|58,34|54,60|25,76|62,28|28,68|20,91|52,62|27,96/52,39=52,62,28,68,39
74,9|61,73|9,54|31,24|62,41|54,83|74,90|73,68|41,53|68,64|83,22|13,89|74,61|45,62|28,13|86,28|24,56|74,86|74,45|90,31/74,22=74,9,54,83,22
46,55|52,45|45,9|84,87|21,86|52,37|52,4|12,39|98,21|4,46|96,1|76,98|39,34|1,65|52,76|37,96|55,80|56,12|9,84|52,56/52,80=52,4,46,55,80
11,39|0,2|37,23|67,8|62,93|37,44|2,62|42,78|31,11|37,67|37,0|37,60|86,33|23,30|66,1|60,31|8,86|44,66|30,42|1,77/37,33=37,67,8,86,33
91,21|6,5|59,9|94,91|9,32|65,27|83,7|72,59|2,72|73,6|27,98|2,73|79,83|2,14|2,79|14,65|21,97|7,89|2,94|5,16/2,32=2,72,59,9,32
24,4|20,6|7,30|24,38|83,13|6,15|80,2|38,20|79,49|3,7|49,42|2,96|29,80|4,3|60,79|81,83|24,29|24,22|24,60|22,81/24,30=24,4,3,7,30
66,19|54,32|45,44|41,95|20,24|95,49|41,40|29,66|44,68|32,47|40,20|69,64|24,79|41,77|77,54|41,29|49,69|84,45|19,50|41,84/41,68=41,84,45,44,68
39,75|5,19|47,39|75,8|37,51|6,41|42,14|37,93|51,31|31,6|9,78|93,2|37,47|50,84|37,5|2,42|37,74|74,87|87,50|19,9/37,14=37,93,2,42,14
28,24|63,44|28,35|91,68|71,43|58,71|49,39|35,58|28,63|86,29|29,27|39,4|24,91|21,52|28,3|44,21|28,57|3,86|57,49|68,54/28,43=28,35,58,71,43
2,9|69,25|2,43|9,13|2,85|82,95|90,30|51,92|30,36|3,98|85,73|92,69|98,28|72,79|63,90|13,82|73,72|2,63|2,51|43,3/2,28=2,43,3,98,28
83,78|9,98|78,63|8,5|10,30|40,83|57,6|8,40|70,10|27,77|28,55|8,23|8,9|23,27|98,57|41,70|77,25|8,41|5,94|94,28/8,25=8,23,27,77,25
38,27|19,64|29,19|27,54|21,46|21,29|2,89|78,71|0,3|46,38|21,85|10,0|89,12|64,8|61,98|85,2|71,61|23,10|21,23|21,78/21,98=21,78,71,61,98
29,49|61,74|75,35|85,91|29,34|71,42|97,44|25,54|29,30|88,55|49,71|34,25|42,39|29,61|29,97|30,75|35,86|44,88|54,58|74,85/29,58=29,34,25,54,58
2,94|4,98|49,15|4,95|98,59|4,67|15,93|14,42|51,96|96,64|59,41|41,39|4,52|93,90|95,24|52,14|24,2|42,81|67,51|4,49/4,64=4,67,51,96,64
33,20|52,66|83,6|98,28|46,98|78,41|66,16|1,2|46,87|82,33|87,1|46,74|74,83|2,96|28,78|46,52|16,35|43,82|46,43|6,30/46,41=46,98,28,78,41
77,65|35,71|1,8|53,50|35,53|8,12|35,1|12,6|69,77|72,98|18,9|98,16|9,15|65,54|3,72|35,69|50,41|71,18|35,3|41,63/35,6=35,1,8,12,6
96,70|79,27|93,11|11,39|96,93|96,3|96,37|96,9|41,81|92,8|15,38|78,15|9,68|75,41|68,79|3,13|39,72|13,92|37,78|70,75/96,72=96,93,11,39,72
48,2|94,31|85,50|53,85|31,81|50,48|80,18|46,80|72,93|81,99|93,40|15,42|53,94|18,84|42,24|53,67|53,25|25,72|67,15|53,46/53,84=53,46,80,18,84
96,69|69,43|48,22|59,99|59,48|73,14|99,96|14,56|11,46|18,31|59,75|81,7|59,18|22,44|7,11|40,26|31,40|75,73|44,78|59,81/59,78=59,48,22,44,78
68,37|43,41|14,16|16,8|68,14|31,49|67,63|77,27|87,31|8,34|61,46|68,77|49,81|68,43|62,29|68,87|27,62|41,61|37,12|12,67/68,63=68,37,12,67,63
30,55|32,79|5,23|74,28|9,2|9,95|86,1|17,30|2,74|68,84|73,5|83,17|9,3|9,68|3,7|9,83|95,73|28,78|7,32|84,86/9,79=9,3,7,32,79
42,94|62,11|63,13|44,63|41,42|47,79|35,28|62,14|66,18|11,44|10,47|89,49|49,29|18,35|62,66|14,89|79,92|62,10|62,71|71,41/62,13=62,11,44,63,13
70,52|59,41|59,47|59,3|59,56|34,46|10,99|99,62|39,10|21,51|3,36|42,25|44,34|59,39|36,70|51,0|41,42|25,18|56,44|47,21/59,18=59,41,42,25,18
30,99|75,63|30,52|63,60|30,68|39,20|69,75|72,21|28,12|99,91|46,9|9,39|68,86|86,47|30,46|91,72|81,28|47,32|30,69|52,81/30,60=30,69,75,63,60
81,17|86,46|7,34|77,40|61,44|29,21|17,61|54,29|40,54|77,13|13,42|77,93|34,74|39,8|93,86|77,7|46,80|74,23|77,81|42,39/77,8=77,13,42,39,8
60,53|8,30|40,38|53,36|41,84|75,78|94,41|38,8|94,20|94,40|88,22|72,54|84,75|36,98|48,0|94,48|22,37|0,72|20,88|94,60/94,78=94,41,84,75,78
60,94|6,79|94,22|86,95|95,38|15,5|50,8|60,15|22,50|51,2|38,34|74,73|79,36|39,6|26,31|2,74|60,86|60,51|5,26|60,39/60,36=60,39,6,79,36
57,79|25,46|31,70|68,2|67,25|58,65|68,44|68,85|35,16|68,3|2,33|44,67|68,64|3,37|65,76|51,57|33,35|64,58|85,51|37,31/68,16=68,2,33,35,16
65,12|58,98|22,91|15,68|4,43|22,2|45,6|22,16|22,58|12,4|22,65|24,60|2,44|91,15|92,3|86,45|16,86|68,89|98,24|44,92/22,60=22,58,98,24,60
32,44|8,40|85,27|21,46|27,21|97,70|37,1|48,68|26,85|13,37|81,84|84,97|44,7|1,65|26,81|26,8|26,13|26,32|40,48|7,60/26,70=26,81,84,97,70
82,0|12,68|0,23|28,92|62,7|77,80|32,48|12,25|25,22|7,77|74,82|48,49|12,32|73,18|68,27|22,73|27,28|49,63|12,62|12,74/12,92=12,68,27,28,92
50,23|74,93|23,79|99,5|4,6|33,85|10,99|63,10|2,83|85,46|33,26|93,2|41,17|33,63|33,73|33,74|26,50|46,4|73,41|17,80/33,5=33,63,10,99,5
23,76|88,81|10,23|10,17|31,46|10,38|38,91|37,31|40,16|16,18|85,62|17,40|63,24|91,88|10,64|76,63|10,74|74,37|1,85|64,1/10,24=10,23,76,63,24
32,52|32,20|66,22|25,65|84,0|83,84|5,63|65,82|95,11|11,8|32,93|38,5|52,38|8,18|93,25|20,80|80,66|32,95|32,15|15,83/32,18=32,95,11,8,18
0,26|60,29|31,88|29,1|30,32|6,4|66,6|30,8|88,7|74,66|26,24|81,16|32,81|1,42|8,0|30,31|30,74|7,91|30,60|16,80/30,24=30,8,0,26,24
74,87|53,37|19,88|49,22|41,54|41,10|41,25|41,16|10,53|37,45|25,60|16,49|41,19|24,61|88,76|54,96|76,35|22,59|60,74|96,24/41,45=41,10,53,37,45
64,73|39,69|68,28|55,9|47,2|45,70|39,85|39,5|13,12|39,13|2,10|12,68|73,53|79,45|5,6|70,96|6,55|85,64|69,47|39,79/39,10=39,69,47,2,10
67,95|46,80|63,97|71,18|17,71|67,63|97,76|74,37|80,83|18,15|98,87|44,19|95,74|67,17|87,44|76,88|67,46|37,30|83,40|67,98/67,40=67,46,80,83,40
77,93|65,84|19,80|16,39|17,62|17,46|63,71|17,19|39,24|14,83|83,63|90,16|93,78|17,90|17,14|80,54|70,65|46,77|62,70|54,38/17,38=17,19,80,54,38
59,76|30,3|73,84|14,13|88,30|45,82|84,57|73,74|73,63|3,48|74,94|73,64|82,52|85,67|94,85|57,59|63,77|77,14|64,45|73,88/73,67=73,74,94,85,67
97,57|95,96|61,55|95,79|65,2|95,45|54,35|20,42|42,70|95,56|84,65|79,20|15,61|77,54|57,91|51,15|96,84|95,51|45,97|56,77/95,2=95,96,84,65,2
73,79|80,26|79,89|64,11|88,73|72,92|17,59|43,46|17,88|92,70|46,15|36,66|18,43|17,80|59,64|26,36|17,18|11,52|17,72|70,56/17,52=17,59,64,11,52
69,18|35,2|41,49|26,36|69,51|69,3|36,33|69,26|51,41|3,12|55,87|12,55|17,42|33,63|18,35|69,5|42,22|5,17|49,0|2,73/69,0=69,51,41,49,0
71,11|26,54|11,59|34,29|66,35|2,6|35,71|66,18|18,26|49,34|76,12|66,19|66,43|54,9|66,77|19,49|33,2|39,76|43,33|77,39/66,29=66,19,49,34,29
