30,32|93,45|35,29|26,47|6,64|78,6|64,30|29,96|70,3|72,35|78,27|84,44|78,26|90,70|44,93|47,55|27,90|78,84|55,41|78,72/78,3=78,27,90,70,3
9,8|97,64|91,36|30,86|42,91|70,63|36,18|8,97|76,90|76,82|48,60|63,7|82,77|76,30|76,42|84,1|77,84|86,48|76,9|90,70/76,7=76,90,70,63,7
79,54|58,78|23,21|68,12|12,75|49,68|31,58|49,72|85,23|3,32|32,1|21,88|72,79|75,35|49,3|54,73|49,31|1,25|49,85|78,2/49,2=49,31,58,78,2
90,0|59,20|76,64|91,75|24,62|93,99|76,93|41,52|33,66|76,41|52,24|75,90|76,91|38,49|76,33|55,59|99,87|87,1|66,38|64,55/76,62=76,41,52,24,62
49,55|20,85|0,49|0,35|67,34|6,57|38,84|55,6|56,20|30,25|54,52|35,56|25,39|74,47|52,67|47,38|0,54|0,46|0,74|46,30/0,57=0,49,55,6,57
7,65|26,55|26,32|52,39|57,48|65,59|48,96|91,52|55,57|26,4|43,80|33,7|32,34|0,71|26,33|34,43|39,13|71,61|4,0|26,91/26,61=26,4,0,71,61
41,61|70,41|76,26|67,46|69,62|29,70|33,90|78,85|33,29|71,67|62,78|33,69|42,31|80,25|33,71|90,60|46,32|33,76|26,42|60,80/33,32=33,71,67,46,32
74,0|64,8|25,96|26,64|13,53|0,45|28,74|11,7|26,86|4,46|26,25|96,19|26,13|19,42|26,28|46,6|53,48|48,65|86,4|8,11/26,42=26,25,96,19,42
74,90|90,91|91,9|31,71|52,75|21,82|82,69|31,6|41,50|75,66|40,81|31,74|24,21|71,41|6,53|31,52|31,24|66,23|53,40|50,60/31,9=31,74,90,91,9
96,41|75,92|45,43|75,73|98,42|92,79|79,45|30,6|75,30|6,23|23,25|41,66|80,12|75,63|73,78|63,0|0,80|75,96|78,98|66,99/75,25=75,30,6,23,25
82,3|23,87|23,82|14,24|23,61|45,14|6,98|86,26|72,99|98,36|5,47|3,86|78,9|23,89|11,5|87,6|99,78|23,72|61,11|89,45/23,24=23,89,45,14,24
12,39|86,82|90,87|12,27|47,25|82,7|27,28|16,33|7,59|88,16|35,2|39,10|33,84|28,85|12,90|85,55|12,86|12,88|87,47|10,35/12,25=12,90,87,47,25
61,63|60,9|60,71|9,57|18,69|10,49|65,18|20,4|49,61|60,6|11,70|6,65|71,20|17,68|36,52|60,11|4,30|70,36|60,10|57,17/60,30=60,71,20,4,30
31,91|41,13|37,3|70,71|78,70|86,41|0,31|13,10|6,2|78,0|71,23|35,37|57,6|78,86|2,28|78,57|78,35|23,72|3,77|91,14/78,10=78,86,41,13,10
61,89|82,63|45,12|91,82|45,33|80,36|19,96|33,8|92,91|20,61|31,57|89,83|45,92|45,19|45,20|96,27|14,31|12,14|27,10|8,80/45,10=45,19,96,27,10
76,84|4,22|81,77|58,94|66,65|22,55|30,16|65,72|30,76|30,66|30,58|72,61|90,37|84,90|94,40|12,32|16,4|40,46|32,81|30,12/30,37=30,76,84,90,37
97,40|54,92|38,43|81,21|70,76|72,6|43,13|81,84|81,70|75,54|81,38|1,49|22,41|76,1|81,72|6,97|13,95|21,75|84,22|41,28/81,28=81,84,22,41,28
87,90|26,54|11,5|29,10|54,93|14,35|70,84|46,82|76,14|90,63|81,94|46,29|84,81|65,26|46,76|82,87|10,11|46,70|35,66|46,65/46,94=46,70,84,81,94
58,22|83,85|85,88|37,3|88,72|23,73|82,4|58,14|73,16|71,18|64,37|2,42|14,84|84,82|22,64|18,2|58,71|16,29|58,23|58,83/58,42=58,71,18,2,42
96,66|66,47|78,73|99,98|98,2|71,33|47,70|11,60|36,78|52,76|71,12|12,14|71,26|37,36|33,99|71,96|26,0|71,37|0,52|14,11/71,2=71,33,99,98,2
48,67|16,42|24,15|15,3|64,77|77,73|42,96|54,16|91,53|84,49|53,43|45,48|67,72|91,45|91,64|3,92|43,84|91,24|91,54|73,18/91,96=91,54,16,42,96
9,98|76,3|9,48|98,61|9,50|80,1|9,4|50,76|61,77|86,52|9,64|48,80|70,28|52,49|77,95|3,79|64,36|1,72|36,70|4,86/9,95=9,98,61,77,95
28,14|97,40|24,28|69,5|14,73|86,90|24,76|99,26|5,86|19,89|76,99|26,62|1,97|68,19|40,92|24,69|24,1|24,68|89,49|73,35/24,90=24,69,5,86,90
83,70|98,27|66,91|6,83|91,82|2,36|27,10|38,21|70,24|38,6|38,26|21,66|26,98|69,50|38,80|36,28|80,63|19,2|63,69|38,19/38,24=38,6,83,70,24
86,59|75,72|58,11|6,55|86,12|64,53|89,64|86,6|66,89|93,1|59,94|55,75|12,0|14,93|94,58|0,73|73,68|86,14|86,66|1,30/86,53=86,66,89,64,53
97,81|81,5|97,15|61,19|17,50|6,55|68,61|97,22|22,38|50,13|97,68|5,52|19,20|38,86|52,83|25,17|97,25|55,84|86,85|15,6/97,84=97,15,6,55,84
79,30|18,59|39,1|1,98|90,79|58,47|39,18|39,44|44,82|30,48|99,73|98,58|82,88|96,99|39,90|88,12|59,51|51,85|73,80|39,96/39,85=39,18,59,51,85
67,39|96,35|22,25|96,22|58,20|65,16|20,59|35,67|16,94|91,17|17,13|96,65|96,91|60,10|39,71|94,66|96,58|25,60|13,26|59,98/96,10=96,22,25,60,10
86,96|23,9|86,59|59,19|7,34|80,67|34,93|9,79|62,22|22,38|64,23|19,32|67,27|86,64|86,48|96,62|48,7|32,61|27,90|86,80/86,38=86,96,62,22,38
45,19|42,15|91,61|39,42|7,8|61,67|39,56|82,75|56,36|39,88|75,12|67,14|39,91|15,49|36,45|39,46|8,72|46,82|88,7|49,47/39,72=39,88,7,8,72
14,27|48,40|3,18|78,41|57,63|67,57|18,97|41,42|42,47|68,3|27,72|78,68|78,48|78,34|72,20|34,67|47,25|78,14|94,17|40,94/78,25=78,41,42,47,25
85,72|34,20|43,70|66,53|34,68|82,60|70,0|68,52|20,96|1,62|96,66|10,99|34,1|54,16|34,43|52,54|62,10|0,95|72,82|34,85/34,60=34,85,72,82,60
74,53|66,76|23,55|96,30|70,29|30,97|18,23|55,60|53,96|29,33|2,72|74,14|24,4|72,77|74,18|77,3|14,70|74,24|4,66|74,2/74,60=74,18,23,55,60
87,41|28,25|41,89|87,1|1,30|87,77|30,62|44,54|87,44|77,36|54,27|62,55|36,71|71,60|27,57|25,29|13,28|68,84|89,68|87,13/87,29=87,13,28,25,29
68,30|42,26|42,23|42,60|42,62|69,63|48,95|55,48|35,2|15,52|23,43|62,90|42,94|94,15|90,68|60,35|26,55|52,17|43,69|2,10/42,95=42,26,55,48,95
37,40|51,44|83,53|96,17|51,29|29,37|13,33|6,78|16,59|51,42|44,6|40,70|51,83|69,9|78,1|53,16|5,69|42,5|33,96|51,13/51,1=51,44,6,78,1
64,13|25,0|32,70|4,91|98,27|48,79|0,20|27,48|25,98|20,26|26,54|25,4|70,10|82,90|94,32|13,82|25,64|76,95|91,76|25,94/25,95=25,4,91,76,95
7,1|85,75|0,23|17,79|7,69|75,78|7,46|12,86|1,32|69,85|94,17|66,25|46,60|7,53|60,66|7,0|19,44|53,94|23,19|32,12/7,78=7,69,85,75,78
16,94|96,17|56,95|37,70|37,5|70,96|59,90|37,52|5,93|17,74|93,42|37,97|42,6|37,56|40,76|95,59|97,16|89,40|94,30|52,89/37,76=37,52,89,40,76
90,40|90,21|26,30|98,22|97,10|0,97|38,20|58,87|90,58|88,57|90,38|16,9|57,44|87,98|21,86|86,16|20,26|40,88|7,0|90,7/90,30=90,38,20,26,30
55,33|66,21|94,90|3,32|14,9|54,55|28,82|33,96|28,94|28,79|82,41|21,3|28,66|42,22|28,54|41,42|90,14|79,31|31,56|56,35/28,32=28,66,21,3,32
29,69|61,23|23,8|99,22|61,99|25,19|45,68|68,83|74,25|28,10|19,24|61,42|61,29|62,89|22,51|69,62|51,33|42,45|8,28|61,74/61,10=61,23,8,28,10
56,41|40,2|21,40|32,79|10,22|43,42|32,10|22,43|90,34|88,3|41,61|79,88|32,12|78,21|32,4|4,56|32,78|12,0|3,71|0,90/32,34=32,12,0,90,34
89,17|61,90|25,31|10,39|93,25|90,10|39,60|20,93|92,49|6,58|83,6|58,38|61,83|61,55|52,89|55,92|76,52|61,76|61,20|49,87/61,87=61,55,92,49,87
20,15|81,58|36,7|58,32|37,97|77,21|22,77|89,5|37,81|13,89|32,84|82,20|37,23|37,64|64,17|17,36|97,13|37,22|21,47|23,82/37,7=37,64,17,36,7
24,14|70,61|14,12|98,34|97,58|20,77|70,30|47,97|39,83|77,74|83,81|30,24|70,93|43,29|70,20|93,47|29,98|74,85|70,43|61,39/70,58=70,93,47,97,58
48,22|15,9|87,14|48,6|47,44|73,17|14,81|31,58|34,25|6,31|12,83|66,87|48,66|22,73|44,12|58,7|48,34|25,15|17,53|48,47/48,83=48,47,44,12,83
20,80|3,29|20,94|90,38|61,63|20,32|94,99|99,85|54,14|80,3|29,88|63,17|47,24|85,58|14,95|38,47|20,22|32,54|20,90|22,61/20,88=20,80,3,29,88
61,46|32,14|65,92|88,89|32,20|32,76|89,74|32,9|2,52|20,2|32,88|42,31|52,18|31,55|74,26|14,77|92,4|77,61|76,42|9,65/32,26=32,88,89,74,26
87,77|47,44|19,33|33,69|47,66|47,19|11,74|97,20|82,80|26,87|69,48|47,26|47,82|80,96|77,37|66,97|96,90|20,21|44,11|74,27/47,90=47,82,80,96,90
22,37|72,98|4,6|98,41|17,95|91,20|6,7|41,33|73,35|80,17|72,68|37,91|72,22|72,90|72,48|48,80|83,73|90,4|33,79|68,83/72,95=72,48,80,17,95
40,44|50,91|50,76|50,93|6,21|99,26|96,87|72,89|48,40|91,15|15,99|10,22|76,48|93,52|50,25|50,6|87,86|25,96|52,10|21,72/50,22=50,93,52,10,22
89,72|12,99|97,87|80,84|69,54|48,12|93,71|89,28|15,80|71,51|82,69|89,78|28,82|89,5|30,15|87,96|89,30|78,93|5,48|72,97/89,54=89,28,82,69,54
47,97|87,47|20,83|99,52|98,30|63,87|21,57|83,43|21,80|69,84|21,99|80,20|49,74|74,98|52,2|2,75|21,49|91,69|21,63|57,91/21,43=21,80,20,83,43
6,38|33,45|31,50|6,92|21,51|66,57|0,46|6,48|57,63|54,31|63,3|6,0|46,27|27,60|48,54|6,66|53,33|92,64|64,21|38,53/6,3=6,66,57,63,3
52,9|81,86|79,13|99,29|63,83|29,56|52,59|56,54|9,51|52,91|92,11|52,99|94,92|59,94|51,81|52,64|83,33|13,15|64,63|91,79/52,11=52,59,94,92,11
37,5|39,22|70,25|33,47|52,91|25,52|83,90|39,70|47,48|39,41|14,63|90,37|39,83|93,14|39,75|99,7|41,93|75,33|18,99|22,18/39,91=39,70,25,52,91
62,46|47,71|46,49|62,48|30,64|54,50|6,63|2,54|50,31|3,6|29,30|74,51|49,47|62,3|62,26|26,89|62,2|48,29|63,38|89,74/62,51=62,26,89,74,51
88,18|62,93|60,95|9,2|88,6|95,9|18,51|86,43|40,86|6,89|88,64|88,40|64,62|88,60|43,50|93,44|31,59|51,31|19,46|89,19/88,2=88,60,95,9,2
71,43|12,84|49,53|62,92|72,22|12,77|5,16|12,82|53,69|69,51|26,72|77,71|92,50|76,5|12,49|43,94|84,62|16,70|82,26|12,76/12,22=12,82,26,72,22
64,98|64,82|7,32|59,83|17,4|32,28|27,17|40,59|64,27|31,22|64,40|22,51|83,94|28,21|64,7|98,31|82,70|70,53|53,12|4,44/64,51=64,98,31,22,51
77,45|5,61|3,68|81,24|5,94|61,85|70,64|68,70|54,93|45,9|94,77|85,49|25,54|56,81|49,87|5,0|5,56|0,25|24,89|5,3/5,87=5,61,85,49,87
60,61|71,12|16,23|9,50|19,43|62,64|64,97|90,98|97,70|79,71|12,47|43,60|47,89|79,19|79,62|98,81|81,35|79,9|79,90|50,16/79,61=79,19,43,60,61
74,51|66,33|84,93|68,64|27,46|74,9|40,82|46,50|74,75|99,40|93,7|9,84|25,66|75,37|74,39|26,27|37,68|51,99|39,25|74,26/74,7=74,9,84,93,7
86,23|14,22|0,63|38,96|78,48|48,0|22,35|78,38|78,59|19,93|26,6|59,19|93,67|94,86|78,7|7,94|63,29|78,45|96,26|45,14/78,35=78,45,14,22,35
38,28|38,32|4,54|40,56|38,23|79,69|32,62|14,18|94,40|15,4|8,60|38,26|60,37|23,8|38,15|54,25|62,79|26,94|18,21|28,14/38,37=38,23,8,60,37
36,91|46,70|36,75|7,51|70,92|8,52|74,7|36,46|0,89|62,47|22,50|52,0|33,62|76,22|75,33|92,98|36,16|16,76|91,74|36,8/36,89=36,8,52,0,89
46,71|30,39|54,82|3,64|39,29|95,69|64,84|38,37|30,11|1,78|71,54|37,73|29,95|78,48|84,50|30,38|30,46|73,15|11,1|30,3/30,82=30,46,71,54,82
7,67|66,72|36,44|65,10|68,60|67,14|66,5|60,41|38,28|66,82|5,68|72,36|66,7|44,1|82,65|66,19|14,13|4,38|19,4|10,52/66,41=66,5,68,60,41
18,86|12,80|96,15|85,95|12,10|11,26|23,96|12,85|12,4|49,97|86,69|80,23|26,66|12,41|95,74|74,28|70,49|10,18|41,11|4,70/12,15=12,80,23,96,15
52,57|51,1|41,56|52,96|69,77|56,47|31,51|17,87|54,88|88,10|52,31|52,17|87,64|64,91|29,69|57,41|77,32|96,54|1,80|52,29/52,10=52,96,54,88,10
50,36|2,50|83,29|15,23|23,92|70,42|66,79|3,54|70,88|65,83|99,66|36,13|42,15|70,2|70,9|54,61|70,99|9,65|79,90|88,3/70,90=70,99,66,79,90
39,26|37,18|18,39|37,62|73,3|37,65|37,83|26,35|0,45|41,10|62,28|98,52|37,73|3,98|83,55|28,0|55,75|65,91|91,41|75,60/37,60=37,83,55,75,60
64,58|73,27|9,41|69,72|89,10|80,57|72,89|37,31|80,17|86,73|12,86|80,12|22,3|17,5|80,64|57,35|80,69|5,9|58,22|35,37/80,27=80,12,86,73,27
86,39|74,95|93,16|98,77|2,52|72,98|95,26|16,58|93,2|93,71|52,24|4,72|67,12|24,28|39,92|93,4|58,67|92,57|93,86|71,74/93,77=93,4,72,98,77
10,2|92,82|5,49|30,92|43,72|63,16|94,66|64,69|62,64|85,98|2,94|5,10|16,18|5,87|72,85|87,63|5,43|49,62|5,54|54,30/5,98=5,43,72,85,98
36,59|91,67|71,29|33,47|91,95|87,77|59,46|5,33|73,80|91,36|91,16|16,22|95,5|67,87|32,73|46,23|91,83|83,32|22,71|77,26/91,47=91,95,5,33,47
68,24|15,14|96,67|15,76|87,46|98,90|90,96|15,19|15,31|76,52|13,64|15,98|0,61|14,43|43,68|52,0|8,13|19,17|17,87|31,8/15,46=15,19,17,87,46
41,11|16,98|68,83|19,61|15,68|15,24|15,81|22,93|86,62|24,10|10,41|15,7|81,19|62,55|15,22|93,46|46,4|61,51|83,16|7,86/15,51=15,81,19,61,51
84,40|97,10|28,56|93,95|92,86|1,84|27,93|75,97|95,83|75,27|40,5|75,92|7,98|58,7|86,9|9,4|75,58|75,1|10,28|98,44/75,4=75,92,86,9,4
26,9|46,43|28,37|28,48|1,63|2,18|5,1|9,55|28,98|69,46|28,26|63,87|98,51|51,2|77,20|37,69|50,77|28,5|48,50|55,60/28,87=28,5,1,63,87
98,49|98,69|19,85|55,41|49,81|33,55|31,92|83,71|69,19|98,44|4,31|98,4|81,48|48,8|6,83|74,33|85,82|44,6|98,74|92,52/98,71=98,44,6,83,71
7,23|78,26|82,60|64,87|30,94|14,91|26,19|52,46|78,30|78,99|94,44|19,82|44,58|78,14|91,7|78,65|65,64|16,52|99,16|87,95/78,23=78,14,91,7,23
95,32|14,25|16,17|28,95|32,85|74,57|9,94|67,55|81,54|26,77|26,28|1,74|94,67|26,16|26,9|54,50|68,81|26,68|77,1|17,14/26,57=26,77,1,74,57
68,62|62,41|20,49|46,16|43,27|4,66|51,72|40,92|66,43|49,50|46,64|46,40|21,20|6,56|46,4|56,57|16,68|64,6|46,21|92,51/46,57=46,64,6,56,57
46,22|7,99|69,45|45,97|22,44|69,46|75,43|29,92|97,29|44,76|26,94|69,27|69,75|6,39|69,83|43,6|31,7|48,26|27,48|83,31/69,94=69,27,48,26,94
99,56|13,42|30,99|58,5|79,53|13,30|45,81|42,29|48,79|13,58|68,0|29,68|13,38|19,74|94,19|56,27|13,48|5,45|53,54|38,94/13,54=13,48,79,53,54
31,15|4,84|93,86|34,67|67,45|15,99|76,34|31,71|66,57|71,4|99,68|89,87|57,89|31,79|84,49|31,76|68,22|31,66|86,54|79,93/31,49=31,71,4,84,49
7,60|9,13|66,81|17,84|77,82|11,1|60,17|1,90|7,9|55,58|13,3|23,77|3,35|58,66|7,55|25,23|7,11|7,25|84,95|90,46/7,82=7,25,23,77,82
45,91|82,66|45,67|45,49|39,46|91,10|49,44|26,63|45,61|67,98|19,26|45,22|61,82|22,19|79,32|66,34|10,52|52,80|98,79|44,39/45,34=45,61,82,66,34
30,44|68,54|14,3|84,0|25,68|25,58|63,30|3,20|83,37|25,71|27,51|0,69|58,14|37,13|71,84|31,83|26,63|25,26|54,27|25,31/25,51=25,68,54,27,51
1,69|99,42|73,44|12,37|59,74|73,85|73,99|7,89|97,19|74,16|91,97|16,66|73,96|44,80|80,1|39,7|96,39|85,91|42,12|73,59/73,89=73,96,39,7,89
91,3|96,56|80,88|56,21|26,18|21,80|76,89|96,84|37,59|84,76|5,63|20,31|96,5|24,20|3,37|63,26|96,91|89,11|31,94|96,24/96,11=96,84,76,89,11
78,95|28,16|79,2|85,88|2,51|34,30|95,32|26,34|86,58|26,78|26,0|30,85|51,29|16,97|32,64|26,28|26,79|69,86|97,87|0,69/26,87=26,28,16,97,87
46,22|29,39|69,45|45,43|22,6|69,46|75,31|44,92|43,44|6,99|26,94|69,27|69,75|7,76|69,83|31,7|97,29|48,26|27,48|83,97/69,94=69,27,48,26,94
80,93|91,77|77,79|80,58|69,47|58,49|93,33|62,92|92,10|59,38|10,70|80,62|79,60|3,63|7,55|38,7|80,59|80,91|33,69|49,3/80,70=80,62,92,10,70
17,81|33,27|86,9|57,63|86,58|25,57|86,17|41,53|11,90|88,39|58,47|81,41|9,11|43,25|47,88|86,49|86,43|49,85|85,33|90,60/86,60=86,9,11,90,60
78,83|58,55|13,58|4,67|13,4|70,42|67,90|5,39|48,6|63,25|13,51|13,57|57,5|90,27|51,63|55,70|39,77|83,48|25,16|13,78/13,16=13,51,63,25,16
47,57|76,16|76,96|76,47|1,36|35,7|96,35|91,26|26,14|48,87|21,91|7,18|40,38|67,1|57,40|87,6|76,21|76,48|6,69|16,67/76,18=76,96,35,7,18
9,54|95,40|68,75|39,68|29,93|46,1|93,67|29,39|98,56|1,44|67,95|75,37|77,57|29,9|89,46|96,26|29,77|57,96|54,98|29,89/29,26=29,77,57,96,26
91,0|75,49|52,42|88,90|90,11|88,86|19,62|88,37|49,44|42,91|60,93|96,80|88,52|22,60|86,3|37,75|88,22|3,19|11,96|93,32/88,32=88,22,60,93,32
61,93|82,34|87,32|34,31|87,82|24,22|93,26|28,13|44,36|26,30|87,28|87,61|95,90|87,62|1,95|31,72|32,24|62,1|13,44|22,4/87,4=87,32,24,22,4
1,43|81,58|1,8|43,60|60,14|1,49|9,11|66,3|1,66|1,64|28,34|49,78|3,9|14,33|94,81|31,98|8,28|34,37|64,94|78,31/1,58=1,64,94,81,58
31,62|36,56|77,33|81,79|24,80|62,89|97,83|46,15|77,30|56,94|77,46|77,31|33,97|79,43|30,36|89,65|83,90|15,24|77,81|43,17/77,90=77,33,97,83,90
88,68|49,18|51,54|79,70|59,4|71,7|68,45|19,88|59,17|59,19|54,71|59,1|28,37|59,51|4,72|70,83|1,79|72,28|18,34|17,49/59,34=59,17,49,18,34
86,41|32,38|62,86|90,13|32,54|79,57|35,53|75,79|70,16|32,18|13,9|54,75|64,48|53,70|38,2|18,90|2,64|32,35|32,61|61,62/32,57=32,54,75,79,57
28,70|15,61|38,16|58,15|69,46|52,28|46,25|81,66|50,58|83,78|42,83|70,40|38,81|16,69|26,72|38,42|66,26|78,39|38,52|38,50/38,25=38,16,69,46,25
3,96|18,44|37,18|87,68|44,35|37,81|31,3|37,87|57,56|37,16|47,66|81,67|35,29|67,57|36,31|68,93|37,36|93,50|16,14|14,47/37,56=37,81,67,57,56
64,12|87,88|45,16|82,99|16,94|99,35|66,15|82,49|82,24|82,50|49,56|4,87|82,64|24,45|61,11|12,66|50,4|32,58|56,61|35,32/82,11=82,49,56,61,11
96,69|34,10|34,44|10,47|85,53|34,86|5,12|34,77|56,8|47,33|53,43|34,56|8,88|86,96|77,28|28,5|88,98|33,54|69,40|44,85/34,98=34,56,8,88,98
35,31|40,35|87,30|31,80|13,0|19,53|84,99|99,87|93,5|84,57|30,36|57,19|84,93|84,40|52,13|84,52|6,51|53,90|0,81|5,6/84,81=84,52,13,0,81
95,75|11,90|98,45|11,80|4,83|11,12|90,4|76,96|92,21|96,28|83,89|17,85|97,98|10,76|12,92|21,49|11,10|75,17|11,95|80,97/11,49=11,12,92,21,49
85,52|44,96|65,44|41,13|65,89|25,42|89,60|63,31|38,57|64,27|65,82|42,32|65,63|65,64|99,24|82,25|60,85|27,38|31,41|96,99/65,57=65,64,27,38,57
41,51|23,41|23,75|20,45|23,92|23,32|3,17|17,9|23,36|21,83|30,65|36,42|32,20|37,66|45,27|92,91|51,21|75,3|42,30|91,37/23,9=23,75,3,17,9
24,58|46,30|7,28|28,85|63,65|46,63|70,40|19,36|83,92|92,31|36,70|91,50|65,24|46,7|44,91|46,44|50,90|85,95|46,19|30,83/46,58=46,63,65,24,58
10,55|24,32|76,39|54,9|0,76|41,8|24,13|15,10|24,0|24,63|3,4|39,87|63,54|24,75|8,78|32,41|75,51|9,14|51,3|13,15/24,87=24,0,76,39,87
85,96|32,95|59,25|27,43|3,47|92,6|96,15|47,89|3,63|15,88|67,59|3,17|3,81|81,92|76,27|63,67|6,72|89,32|17,76|3,85/3,95=3,47,89,32,95
98,28|93,35|43,24|49,98|80,93|67,68|78,43|58,52|15,78|66,58|80,62|35,10|62,66|80,15|80,67|80,49|10,53|68,64|64,14|28,79/80,53=80,93,35,10,53
21,89|7,75|80,66|13,5|48,16|3,1|97,68|89,22|53,97|51,53|62,13|10,48|62,21|5,3|22,12|75,80|62,51|18,10|62,18|62,7/62,68=62,51,53,97,68
60,82|94,50|56,21|60,10|60,25|10,33|21,13|33,85|11,74|70,15|60,70|53,64|74,84|15,94|85,32|36,72|64,36|25,11|60,53|82,56/60,32=60,10,33,85,32
56,88|88,48|98,21|91,71|52,91|8,96|39,52|69,79|65,98|21,99|71,28|39,19|44,50|39,63|39,44|50,8|94,69|19,94|63,56|39,65/39,79=39,19,94,69,79
1,92|44,95|95,81|44,84|84,28|86,1|44,9|44,51|20,39|15,49|49,38|51,98|9,15|92,7|44,86|28,20|98,59|48,91|81,48|59,24/44,91=44,95,81,48,91
41,28|43,40|76,13|4,76|11,43|28,72|52,6|41,4|20,61|79,22|41,73|61,81|72,52|41,79|73,11|81,29|38,69|13,90|22,38|41,20/41,29=41,20,61,81,29
82,80|21,51|41,82|84,60|65,76|51,87|60,45|6,13|64,15|65,6|65,4|53,84|76,41|65,53|87,30|58,64|89,11|4,58|65,21|13,89/65,15=65,4,58,64,15
18,46|54,26|65,86|18,45|45,65|74,82|46,60|95,94|20,36|36,28|86,5|96,69|18,74|18,20|85,12|60,96|18,54|26,95|28,48|82,85/18,48=18,20,36,28,48
93,49|86,17|39,18|49,5|18,62|43,30|63,16|52,19|19,82|16,86|5,32|13,50|13,93|13,52|74,39|50,69|13,74|82,37|69,43|13,63/13,30=13,50,69,43,30
86,63|67,18|68,21|59,74|8,55|12,78|21,53|15,23|74,83|15,86|15,66|66,68|18,4|15,67|63,12|55,94|4,84|15,47|47,8|23,59/15,53=15,66,68,21,53
47,59|2,85|86,26|14,0|30,46|95,24|60,4|4,99|5,60|24,10|58,6|0,2|95,5|10,58|95,14|26,30|13,47|95,86|79,13|95,79/95,6=95,24,10,58,6
90,31|88,30|80,4|80,66|80,88|80,53|55,25|68,90|53,24|18,96|80,18|21,46|24,37|89,21|60,20|96,60|30,55|37,12|66,89|4,68/80,12=80,53,24,37,12
8,64|93,85|93,1|36,95|1,52|61,10|33,37|80,33|14,36|52,40|13,61|99,80|85,13|2,8|93,14|40,86|95,24|93,82|82,2|93,99/93,37=93,99,80,33,37
16,34|34,90|16,14|48,27|19,36|57,10|81,97|16,7|14,46|16,15|27,11|46,57|7,48|90,19|70,93|15,0|93,99|16,45|45,70|0,81/16,97=16,15,0,81,97
37,72|1,67|67,31|9,92|12,37|23,52|94,17|92,13|12,73|36,97|72,27|12,23|52,94|12,81|27,38|12,71|71,1|81,53|73,9|53,36/12,13=12,73,9,92,13
56,95|95,50|76,92|76,56|34,8|1,55|50,5|74,14|76,34|76,1|85,33|45,12|27,4|94,63|55,27|63,59|76,85|33,45|92,94|8,74/76,4=76,1,55,27,4
34,29|48,79|86,45|34,51|29,2|51,56|78,60|69,57|61,77|56,69|67,54|8,31|77,67|2,48|34,61|3,78|45,8|60,62|34,86|34,3/34,31=34,86,45,8,31
4,71|59,75|53,91|65,18|18,7|69,6|3,15|15,69|21,59|75,62|7,90|61,53|90,74|65,21|65,61|65,4|65,3|43,23|91,28|71,43/65,62=65,21,59,75,62
87,75|66,85|9,81|68,10|87,58|37,12|25,76|51,66|87,65|58,25|87,98|76,72|98,26|87,68|93,33|65,51|10,37|26,9|75,93|33,24/87,72=87,58,25,76,72
51,82|8,2|82,8|12,84|23,6|81,23|91,39|51,81|51,46|2,1|80,91|25,26|53,12|26,52|39,65|51,80|6,16|52,88|46,53|51,25/51,1=51,82,8,2,1
75,36|42,32|50,6|12,3|68,14|55,15|26,76|12,26|12,46|36,42|12,75|88,55|63,51|76,63|3,50|93,68|49,88|46,93|12,49|6,11/12,32=12,75,36,42,32
90,64|63,44|26,84|44,98|64,85|59,99|6,14|97,3|26,2|2,63|69,46|0,69|84,90|3,43|26,6|26,97|46,28|26,0|14,59|43,8/26,28=26,0,69,46,28
2,26|33,78|57,60|85,79|35,47|85,71|71,35|79,55|72,13|47,73|26,57|85,25|78,59|85,2|38,98|25,30|59,34|85,33|30,72|55,38/85,34=85,33,78,59,34
26,15|15,62|2,51|23,33|56,28|38,53|93,23|13,26|16,87|47,56|16,47|16,97|97,93|61,38|53,60|51,31|87,2|16,13|16,61|28,82/16,60=16,61,38,53,60
87,54|14,90|11,66|29,26|90,63|10,35|70,84|46,82|76,10|54,5|81,94|46,29|84,81|65,14|46,76|82,87|26,11|46,70|35,93|46,65/46,94=46,70,84,81,94
53,14|49,81|63,74|68,45|45,31|81,5|1,24|49,21|49,63|74,53|7,1|49,7|12,2|43,12|21,43|5,42|49,68|24,11|42,9|31,20/49,2=49,21,43,12,2
86,34|52,79|74,78|30,50|52,92|45,86|17,74|52,17|28,11|44,28|78,5|12,24|52,45|92,44|21,88|79,51|52,12|24,30|34,43|51,21/52,50=52,12,24,30,50
38,48|96,94|66,31|70,57|7,10|57,0|7,66|7,60|7,99|7,21|99,29|31,68|68,12|24,96|10,70|21,6|6,38|71,14|29,71|60,24/7,12=7,66,31,68,12
99,13|68,70|66,93|18,62|99,74|99,57|49,22|74,53|17,49|62,14|85,66|73,68|99,56|56,18|53,59|57,85|13,73|99,17|22,60|59,67/99,93=99,57,85,66,93
40,29|0,28|61,58|0,12|78,18|0,61|26,44|7,57|3,39|93,3|0,40|72,78|0,9|12,21|87,33|28,72|21,87|29,7|9,93|58,26/0,44=0,61,58,26,44
75,80|47,95|47,61|29,75|68,31|45,39|54,44|99,25|63,68|80,1|95,54|47,29|47,45|35,26|9,35|47,63|31,24|44,92|61,9|39,99/47,24=47,63,68,31,24
92,95|95,32|99,39|58,60|47,37|89,48|48,99|74,54|58,70|58,74|90,20|54,90|58,89|60,96|53,94|37,53|96,22|22,77|70,92|58,47/58,39=58,89,48,99,39
15,69|1,70|58,12|43,84|70,15|96,49|29,27|53,34|96,21|96,1|21,81|81,53|96,66|96,43|66,75|75,61|84,29|61,45|12,50|49,58/96,27=96,43,84,29,27
64,52|87,47|64,32|76,28|64,87|32,69|44,83|64,67|45,76|64,45|98,35|88,98|18,40|4,63|28,7|47,44|63,24|67,88|52,4|69,18/64,40=64,32,69,18,40
78,83|20,70|67,48|67,10|67,65|23,2|65,79|95,81|27,26|48,20|81,27|67,66|2,74|10,23|66,54|79,78|30,39|54,30|67,95|70,44/67,39=67,66,54,30,39
3,55|77,44|55,50|69,91|69,1|75,95|69,88|88,77|69,3|1,9|37,82|15,75|44,42|30,68|69,37|4,28|9,30|50,97|91,15|82,4/69,42=69,88,77,44,42
59,20|14,54|72,58|54,29|30,24|14,59|74,86|51,21|56,30|34,51|5,99|24,32|14,2|2,34|99,72|14,5|14,56|29,83|20,74|83,26/14,26=14,54,29,83,26
69,6|44,4|15,93|10,75|61,85|29,69|15,51|75,61|4,59|55,53|43,83|51,44|15,10|53,74|74,70|93,38|15,55|6,95|38,43|15,29/15,85=15,10,75,61,85
94,22|29,62|6,0|78,8|86,93|42,35|29,78|29,94|60,41|41,9|8,86|22,85|29,89|96,42|85,31|0,51|89,6|29,60|62,96|9,18/29,31=29,94,22,85,31
92,46|46,54|61,86|54,77|78,4|25,45|61,70|26,72|88,81|45,91|13,82|61,87|86,25|70,12|61,13|7,26|87,7|12,78|61,92|82,88/61,72=61,87,7,26,72
59,12|2,14|9,29|46,28|20,26|16,67|67,94|59,20|4,42|28,77|59,22|14,4|12,16|59,2|26,9|93,43|43,99|22,46|66,93|59,66/59,77=59,22,46,28,77
58,95|77,9|67,58|95,86|86,33|49,31|99,53|26,22|67,14|14,38|67,99|67,44|67,49|42,6|53,41|31,42|41,40|18,26|44,18|38,77/67,22=67,44,18,26,22
56,2|51,9|56,86|9,82|27,4|55,75|42,96|82,14|2,42|96,59|4,43|56,99|67,0|56,70|86,67|0,95|99,27|72,55|56,51|70,72/56,75=56,70,72,55,75
80,90|36,24|41,67|88,41|82,36|34,17|34,55|26,9|34,25|27,1|34,46|90,14|0,26|34,76|76,0|17,70|25,80|46,82|70,27|55,88/34,67=34,55,88,41,67
27,75|46,86|93,43|39,24|31,46|23,39|98,93|66,88|20,27|24,15|43,69|75,30|42,82|31,98|31,23|82,0|31,20|86,66|40,42|31,40/31,30=31,20,27,75,30
18,80|5,78|51,39|18,65|73,58|50,40|48,64|18,51|65,22|80,34|18,92|18,35|39,24|22,50|1,5|35,95|34,48|92,1|24,41|95,73/18,41=18,51,39,24,41
68,84|62,56|26,99|98,70|34,62|9,40|70,74|9,98|78,34|48,85|38,52|18,38|17,48|52,71|9,26|99,68|9,78|74,15|40,17|9,18/9,71=9,18,38,52,71
98,81|19,5|16,49|39,19|69,16|39,69|25,79|81,50|49,30|31,72|54,17|17,31|68,25|42,98|58,68|95,40|5,95|39,54|39,42|39,58/39,30=39,69,16,49,30
46,45|83,3|79,91|82,10|83,73|73,34|33,68|9,62|83,15|3,36|83,46|68,25|36,79|62,70|83,9|49,60|70,18|45,82|15,33|34,49/83,91=83,3,36,79,91
74,90|90,91|91,9|31,71|52,53|75,82|82,81|31,6|41,66|53,50|40,60|31,74|24,75|71,41|6,21|31,52|31,24|50,69|21,40|66,23/31,9=31,74,90,91,9
14,8|61,82|36,77|34,15|22,34|89,61|36,63|10,76|91,66|63,62|76,26|41,89|36,31|62,14|77,10|36,22|36,41|45,91|15,28|31,45/36,66=36,31,45,91,66
42,18|7,24|93,97|76,5|22,71|13,7|18,84|97,16|5,91|15,30|26,22|15,1|56,76|30,26|15,93|4,13|16,23|15,56|15,4|1,42/15,24=15,4,13,7,24
12,40|84,29|62,65|91,87|91,22|91,54|59,66|91,16|8,83|87,80|16,59|65,21|75,12|66,58|54,75|91,67|22,62|29,24|80,8|67,84/91,24=91,67,84,29,24
32,37|38,71|6,59|83,92|63,13|36,22|59,67|63,7|0,6|15,17|63,0|63,85|85,70|7,32|13,8|63,15|70,36|8,38|17,83|37,29/63,22=63,85,70,36,22
62,42|78,18|33,99|92,62|92,28|27,52|15,55|2,33|59,97|92,75|28,78|42,27|68,2|75,13|18,20|55,25|64,15|13,59|92,64|92,68/92,20=92,28,78,18,20
73,6|73,97|18,33|48,66|86,37|49,76|89,48|71,28|28,88|73,89|97,60|19,86|73,19|73,18|33,38|66,74|6,71|37,31|38,5|60,49/73,74=73,89,48,66,74
60,72|68,23|47,59|87,71|74,8|81,24|78,81|60,35|60,90|66,76|60,68|34,66|71,40|60,7|90,34|7,78|35,19|19,47|72,87|23,74/60,24=60,7,78,81,24
5,45|25,59|14,12|25,14|45,27|59,62|24,39|27,86|38,82|25,69|50,99|58,66|25,5|12,47|47,42|99,37|62,58|69,50|25,24|39,38/25,86=25,5,45,27,86
75,92|58,62|74,32|74,0|48,27|77,54|76,48|32,75|27,67|74,90|70,13|90,49|92,97|62,89|0,58|42,77|74,42|49,70|74,76|54,10/74,89=74,0,58,62,89
21,86|28,2|19,32|78,75|34,0|7,23|34,33|34,28|62,38|88,11|22,21|33,78|76,84|11,7|75,77|2,62|34,19|32,76|0,22|34,88/34,38=34,28,2,62,38
63,73|80,18|12,20|65,50|67,32|44,67|20,80|73,56|32,49|17,65|85,25|44,17|50,19|44,33|47,83|33,63|49,94|44,12|83,85|44,47/44,19=44,17,65,50,19
52,62|47,35|52,90|52,46|52,61|98,86|75,93|46,92|92,99|99,3|41,47|96,0|34,65|61,41|90,36|36,96|93,34|62,14|14,98|52,75/52,3=52,46,92,99,3
72,13|44,72|81,25|1,24|44,14|87,21|44,86|48,1|58,15|34,26|14,34|22,81|86,48|11,66|44,83|83,22|21,11|26,79|44,87|13,58/44,66=44,87,21,11,66
8,98|48,65|85,88|45,53|88,58|58,83|81,14|8,38|65,64|8,47|47,73|8,79|72,99|38,45|53,31|79,48|99,34|8,85|73,81|98,72/8,31=8,38,45,53,31
60,14|73,88|2,56|73,45|73,83|73,11|11,24|24,86|86,31|73,60|45,90|90,57|88,27|9,4|57,18|68,9|83,68|27,2|34,99|14,34/73,18=73,45,90,57,18
61,62|78,7|79,9|79,37|79,67|42,57|57,34|24,61|79,0|45,49|9,24|79,96|51,50|50,38|7,85|37,42|49,41|67,51|96,78|0,45/79,38=79,67,51,50,38
7,86|21,7|97,5|30,25|18,97|83,16|16,71|50,37|21,30|43,83|25,50|86,46|88,62|46,67|96,88|62,75|21,43|21,96|5,12|21,18/21,67=21,7,86,46,67
0,67|12,97|78,88|4,64|83,80|0,83|27,21|46,74|97,4|0,12|45,27|0,58|41,51|81,46|67,81|80,41|58,45|76,35|0,76|35,78/0,74=0,67,81,46,74
89,30|44,52|33,74|1,85|6,45|7,79|87,44|6,33|26,78|82,11|11,89|50,88|6,26|6,82|91,87|45,36|78,7|36,50|6,91|74,1/6,85=6,33,74,1,85
3,82|75,73|0,98|64,12|53,83|73,68|12,52|0,3|0,75|83,94|39,64|82,96|10,26|0,69|68,77|0,39|96,40|98,53|26,23|69,10/0,94=0,98,53,83,94
73,64|12,98|78,60|57,4|57,78|57,70|98,46|66,63|95,12|60,51|4,66|51,50|81,53|53,73|57,95|93,59|83,93|70,83|57,81|63,1/57,59=57,70,83,93,59
64,16|32,11|11,49|64,2|2,69|17,77|53,32|64,37|48,65|41,61|28,17|42,18|64,53|85,41|37,28|65,39|61,67|16,48|69,42|64,85/64,49=64,53,32,11,49
67,6|24,74|79,89|40,12|66,72|23,49|79,69|82,25|89,0|81,14|46,75|69,57|79,67|57,24|12,46|72,23|79,40|79,66|6,82|0,81/79,74=79,69,57,24,74
48,23|48,57|82,90|51,3|93,74|45,47|48,93|23,49|90,21|50,46|48,73|57,34|26,94|74,26|8,51|73,8|48,35|35,82|34,45|49,50/48,94=48,93,74,26,94
15,67|88,66|77,54|67,95|28,6|35,69|40,28|15,26|66,32|54,2|15,40|15,4|15,88|60,46|32,87|46,14|26,60|4,77|95,35|6,1/15,87=15,88,66,32,87
0,57|53,8|78,62|15,93|87,54|4,83|81,22|53,0|83,43|54,17|61,98|62,74|93,81|53,87|17,41|21,78|57,61|53,21|8,4|53,15/53,74=53,21,78,62,74
12,35|44,73|7,60|35,7|99,6|71,99|66,16|27,21|60,24|12,31|16,37|58,71|12,69|21,96|31,27|20,53|12,20|69,66|53,44|12,58/12,37=12,69,66,16,37
0,61|71,10|58,39|80,41|42,83|16,0|85,86|49,47|85,42|86,71|41,58|83,5|10,4|61,98|85,80|47,20|85,32|32,49|5,70|85,16/85,39=85,80,41,58,39
99,56|98,3|6,1|86,82|94,6|1,24|94,98|94,22|94,99|56,86|66,87|48,61|24,96|22,66|61,2|7,48|35,73|87,85|94,7|3,35/94,82=94,99,56,86,82
88,43|37,17|37,59|2,93|54,53|43,62|25,19|13,25|3,2|58,54|61,88|47,3|17,13|37,58|59,39|39,0|0,85|37,61|37,47|53,80/37,19=37,17,13,25,19
91,63|73,81|63,18|39,66|66,17|2,73|16,91|17,22|68,16|68,78|13,46|68,2|65,86|98,13|81,84|78,98|89,65|68,89|68,39|86,44/68,84=68,2,73,81,84
40,11|53,54|50,53|51,68|78,16|60,38|72,92|40,66|16,12|46,50|40,46|11,28|66,72|40,96|96,60|38,49|28,51|92,9|7,78|40,7/40,12=40,7,78,16,12
41,53|89,3|1,78|96,58|3,18|41,55|41,89|18,22|65,59|19,1|91,96|56,91|41,19|27,85|53,65|41,56|59,52|78,50|55,11|11,27/41,58=41,56,91,96,58
3,15|24,17|24,3|90,9|82,68|5,41|17,82|32,90|68,4|89,57|75,85|24,89|15,83|60,58|24,75|85,60|57,5|24,32|83,27|9,46/24,46=24,32,90,9,46
96,53|87,96|86,19|65,89|91,43|73,65|89,22|87,85|48,35|87,56|11,68|87,14|85,86|19,27|28,11|14,28|56,25|87,73|25,91|53,48/87,27=87,85,86,19,27
14,1|43,15|77,76|92,70|63,12|75,72|24,93|70,75|92,43|96,39|72,69|13,14|35,31|93,96|92,2|2,13|92,77|92,24|15,63|76,35/92,12=92,43,15,63,12
14,43|31,14|4,1|30,51|41,95|51,76|61,83|30,41|30,4|70,48|95,59|94,50|30,70|1,61|44,97|59,53|43,90|48,44|30,31|76,94/30,90=30,31,14,43,90
51,60|31,28|55,26|45,33|18,79|40,24|36,14|83,41|55,39|26,57|39,51|79,36|41,10|10,17|55,45|33,31|60,54|55,18|55,83|57,40/55,14=55,18,79,36,14
41,43|75,29|82,20|44,42|49,57|44,82|5,75|57,14|1,51|56,41|51,66|44,1|29,90|20,4|65,56|4,78|44,5|66,93|44,65|42,49/44,14=44,42,49,57,14
26,77|77,58|29,28|49,53|64,11|34,37|53,91|11,88|91,90|98,86|86,70|24,81|58,34|26,24|88,20|26,64|26,98|81,29|70,46|26,49/26,28=26,24,81,29,28
38,67|17,20|66,30|92,28|93,68|17,77|77,36|68,80|80,22|17,85|5,66|28,62|85,5|17,93|17,92|62,75|20,48|36,11|48,38|11,90/17,22=17,93,68,80,22
49,99|49,7|70,0|85,24|78,3|49,37|27,60|24,62|37,70|76,6|7,27|6,91|49,15|49,76|91,39|83,78|0,63|15,85|99,83|60,32/49,62=49,15,85,24,62
18,64|80,1|52,69|30,71|77,20|75,24|64,48|99,17|35,99|30,18|69,80|71,75|30,52|30,44|30,89|48,40|24,6|89,35|20,78|44,77/30,17=30,89,35,99,17
17,46|54,57|43,87|57,17|9,61|77,34|54,50|50,64|26,86|34,44|64,88|61,26|74,43|53,77|54,45|54,53|54,9|45,74|46,48|88,30/54,48=54,57,17,46,48
33,58|83,18|78,1|42,17|20,77|17,83|42,33|42,99|1,38|58,75|75,55|18,86|42,49|42,90|49,50|90,20|50,89|99,78|89,3|77,28/42,3=42,49,50,89,3
46,0|54,68|88,80|36,97|25,35|21,31|43,40|40,46|75,21|25,72|35,26|92,75|26,88|25,92|72,19|25,36|29,50|19,29|97,54|25,43/25,50=25,72,19,29,50
55,30|93,40|9,79|16,28|9,98|9,55|34,29|59,34|40,72|98,93|88,37|48,6|0,53|6,88|10,56|79,59|30,0|9,16|9,48|28,10/9,56=9,16,28,10,56
89,13|7,73|16,69|16,6|16,89|69,39|10,72|48,30|6,19|42,34|30,28|8,48|16,8|16,56|56,68|11,93|19,11|13,10|39,42|68,7/16,28=16,8,48,30,28
78,81|32,83|32,53|83,70|49,11|99,61|21,65|70,29|61,78|53,64|11,28|64,34|32,41|32,99|57,97|34,37|41,49|32,21|29,77|65,57/32,28=32,41,49,11,28
2,51|34,37|34,15|82,72|37,82|69,33|19,22|33,89|15,69|45,75|51,19|34,2|7,67|30,7|34,30|75,93|34,21|72,42|21,45|67,25/34,25=34,30,7,67,25
24,16|66,78|95,81|59,4|7,19|31,8|15,49|83,15|14,69|81,39|4,66|83,95|83,59|40,31|71,40|49,24|39,85|83,7|19,14|83,71/83,69=83,7,19,14,69
29,64|29,32|33,45|29,84|52,36|5,83|13,52|39,22|83,23|68,47|99,39|42,12|47,88|32,99|29,33|45,42|29,5|84,68|64,13|23,1/29,12=29,33,45,42,12
70,90|76,16|70,30|87,10|89,57|14,38|70,76|70,58|58,98|10,74|38,54|92,99|30,14|70,20|20,69|98,89|90,87|12,6|16,12|69,92/70,99=70,20,69,92,99
41,16|88,77|28,9|13,93|13,28|77,59|59,74|13,78|13,55|9,39|39,45|55,41|16,96|90,1|30,44|13,88|1,0|78,30|93,90|44,98/13,98=13,78,30,44,98
43,33|41,37|2,69|69,62|32,50|50,20|37,16|49,96|33,1|97,51|41,75|62,35|1,48|51,7|16,49|75,97|41,43|52,32|41,2|41,52/41,35=41,2,69,62,35
38,44|53,22|79,50|77,66|53,31|50,9|53,79|52,16|41,38|9,46|80,75|31,26|16,80|53,40|26,77|39,55|40,39|55,8|22,41|53,52/53,66=53,31,26,77,66
46,68|26,63|46,12|10,50|69,59|46,56|12,19|46,11|77,76|81,51|46,10|50,69|83,26|68,83|91,61|56,91|11,81|19,77|51,78|61,6/46,76=46,12,19,77,76
8,6|80,18|7,80|64,67|39,8|52,7|96,64|87,10|96,87|67,20|96,51|9,75|37,27|51,39|27,40|20,95|96,52|40,91|10,9|96,37/96,95=96,64,67,20,95
46,80|1,28|57,58|12,11|60,89|67,91|98,67|85,33|85,81|28,60|84,69|88,46|69,78|81,98|85,12|33,88|85,39|39,84|11,57|85,1/85,78=85,39,84,69,78
96,9|30,90|29,13|33,18|34,72|33,34|33,70|31,29|72,95|33,77|70,67|13,58|18,30|77,96|33,31|25,65|90,83|9,19|95,41|67,25/33,58=33,31,29,13,58
3,9|23,65|43,33|5,90|90,78|65,30|51,16|51,43|16,77|51,3|77,45|88,23|9,21|51,89|61,39|89,5|33,61|51,88|21,25|45,13/51,78=51,89,5,90,78
81,37|16,88|88,51|16,80|29,86|16,19|32,90|16,64|23,87|51,29|80,61|16,22|37,93|61,82|82,13|36,32|19,81|87,50|64,36|22,23/16,13=16,80,61,82,13
66,68|67,87|11,99|60,81|47,63|13,47|3,71|63,11|13,67|75,59|98,3|65,69|13,98|87,66|81,65|13,60|71,28|59,17|13,8|8,75/13,17=13,8,75,59,17
66,54|35,24|51,63|99,5|0,99|52,12|81,35|81,0|81,77|77,15|6,76|12,72|24,66|5,17|81,83|63,2|81,42|42,51|15,6|83,52/81,54=81,35,24,66,54
57,11|85,5|2,30|21,7|69,24|69,21|69,12|66,96|7,2|36,76|5,38|96,87|69,57|27,36|11,86|87,22|86,19|12,85|24,27|69,66/69,76=69,24,27,36,76
27,70|47,42|39,87|97,52|58,35|52,58|88,5|88,97|73,9|5,47|20,39|81,92|88,27|88,20|88,46|42,31|46,73|9,33|87,29|70,81/88,33=88,46,73,9,33
99,62|16,71|5,50|63,66|83,5|14,34|66,16|62,12|14,63|14,70|70,26|26,45|23,57|14,99|57,73|12,98|14,78|34,23|78,83|45,81/14,98=14,99,62,12,98
32,13|52,32|86,75|28,7|45,81|13,45|99,21|73,61|21,28|31,73|61,90|52,94|52,22|10,39|52,99|20,86|52,31|94,10|22,20|39,36/52,36=52,94,10,39,36
38,97|49,73|92,54|51,78|15,25|73,66|69,61|68,15|69,53|69,56|69,38|61,68|91,67|54,70|55,91|69,77|97,51|53,92|77,49|56,55/69,66=69,77,49,73,66
9,29|13,30|7,54|25,10|70,98|10,90|98,24|54,41|70,7|24,9|41,58|63,13|70,76|0,52|52,38|70,68|76,63|38,23|68,25|70,0/70,23=70,0,52,38,23
65,7|23,64|43,18|90,43|14,23|10,55|90,50|89,51|50,46|94,48|90,20|60,77|18,94|83,65|90,89|86,14|20,83|90,86|51,10|46,60/90,7=90,20,83,65,7
5,25|19,17|16,49|39,19|69,16|39,69|95,50|25,72|49,30|81,79|54,98|98,81|68,95|42,5|58,68|31,40|17,31|39,54|39,42|39,58/39,30=39,69,16,49,30
30,35|35,77|52,63|1,23|71,1|71,52|32,9|63,72|71,48|78,87|91,78|71,17|67,11|48,30|23,67|87,44|17,57|71,91|72,76|57,32/71,11=71,1,23,67,11
30,87|30,98|64,80|53,89|50,86|68,10|80,27|41,64|14,65|13,11|30,53|30,61|98,50|10,60|86,29|61,68|87,14|89,13|30,41|65,15/30,15=30,87,14,65,15
48,28|28,56|41,8|8,82|88,17|68,99|17,69|32,45|53,85|69,81|45,68|93,53|30,88|19,41|30,23|30,34|30,32|34,93|30,19|23,48/30,99=30,32,45,68,99
20,83|84,43|80,46|42,81|14,79|20,74|74,68|0,45|71,89|43,4|60,29|68,17|83,84|20,60|46,71|17,86|81,0|20,80|29,14|20,42/20,79=20,60,29,14,79
8,57|55,88|69,93|8,69|42,26|48,4|91,55|75,17|44,92|88,95|2,75|26,48|8,42|8,91|57,44|93,10|51,2|10,76|92,45|8,51/8,76=8,69,93,10,76
75,93|22,85|19,4|3,52|75,61|0,62|75,0|75,49|93,35|48,58|61,55|55,22|49,60|35,3|75,96|60,19|65,48|62,87|87,70|96,65/75,70=75,0,62,87,70
98,39|98,52|98,80|92,34|98,72|5,81|43,44|15,83|52,92|80,15|34,11|90,46|98,43|83,76|39,53|20,5|17,62|53,90|44,17|72,20/98,81=98,72,20,5,81
5,6|58,37|29,5|98,26|6,89|56,61|61,21|37,20|58,56|34,38|26,39|58,29|21,16|64,17|18,98|32,60|58,18|58,34|38,32|20,64/58,17=58,37,20,64,17
51,35|53,96|43,34|78,23|88,78|1,19|19,29|41,1|51,73|48,80|80,98|34,53|51,70|51,41|73,28|47,82|28,47|70,88|51,43|35,48/51,29=51,41,1,19,29
43,99|42,82|7,12|86,7|42,86|82,55|62,66|33,53|42,51|55,76|76,22|42,35|66,87|53,70|99,96|70,64|51,62|12,31|42,33|35,43/42,96=42,35,43,99,96
85,28|89,73|87,13|85,87|34,30|85,42|26,6|69,54|50,69|28,11|11,26|55,76|85,27|76,22|27,66|85,25|13,34|42,50|25,55|66,89/85,22=85,25,55,76,22
15,3|15,51|15,23|64,67|71,28|94,1|83,16|51,85|28,10|23,71|86,50|24,72|15,58|58,64|3,91|16,94|85,86|67,81|15,83|91,24/15,10=15,23,71,28,10
2,58|39,29|95,0|29,7|4,41|58,95|89,65|2,25|41,9|81,4|2,92|20,76|25,89|2,81|0,53|92,31|65,94|2,24|31,20|24,39/2,76=2,92,31,20,76
65,27|1,12|39,50|39,94|84,95|39,84|95,65|72,25|39,47|9,92|47,82|94,9|50,72|39,1|12,64|25,60|82,52|52,57|64,75|92,51/39,51=39,94,9,92,51
15,46|22,53|32,4|75,71|4,38|80,34|73,68|22,84|53,39|26,32|22,67|84,89|89,51|34,15|22,26|22,80|67,40|51,35|40,73|39,75/22,68=22,67,40,73,68
59,14|59,23|94,55|99,24|59,61|69,40|51,94|61,99|59,42|24,38|40,2|42,51|85,83|23,20|59,71|18,85|0,66|71,18|14,69|20,0/59,83=59,71,18,85,83
39,86|19,24|17,4|5,46|17,5|8,19|10,58|46,74|4,59|17,42|17,10|58,18|59,68|17,0|42,84|74,6|68,79|84,39|0,8|18,29/17,29=17,10,58,18,29
28,47|52,36|67,72|32,50|73,93|59,10|10,70|47,4|44,58|85,28|73,85|55,69|73,59|70,64|73,55|11,52|93,11|73,32|50,44|69,67/73,64=73,59,10,70,64
36,43|30,65|59,48|81,19|43,2|82,77|99,47|38,6|2,58|54,94|47,95|48,3|30,82|95,28|30,36|30,99|77,54|6,81|30,38|65,59/30,94=30,82,77,54,94
12,42|7,85|42,80|89,72|9,97|80,65|9,82|97,10|9,12|28,7|9,6|11,43|82,11|9,4|6,28|4,89|10,24|72,83|43,26|24,31/9,26=9,82,11,43,26
95,56|44,10|95,43|10,39|56,68|78,34|99,78|11,61|61,15|45,67|63,98|67,4|15,26|95,44|82,45|43,99|39,38|95,11|68,63|95,82/95,26=95,11,61,15,26
85,59|66,33|10,60|85,11|15,3|70,45|3,17|85,55|33,54|85,18|55,83|18,5|38,0|11,92|92,70|17,9|59,66|83,38|85,15|5,10/85,54=85,59,66,33,54
31,22|72,6|51,18|8,74|24,26|55,92|31,66|31,55|18,80|92,39|22,51|87,8|31,72|66,87|6,75|31,24|32,99|26,32|39,16|75,82/31,80=31,22,51,18,80
73,32|10,33|74,98|80,74|14,71|47,11|5,25|21,26|10,21|10,14|63,0|11,17|71,73|25,23|26,63|10,5|33,47|10,80|98,49|23,34/10,49=10,80,74,98,49
69,57|33,78|57,28|11,20|97,64|29,94|97,41|65,32|55,92|64,98|98,55|97,65|77,29|97,24|97,46|20,36|32,33|46,69|24,11|41,77/97,78=97,65,32,33,78
73,95|15,21|97,60|13,85|15,53|53,97|26,6|44,20|93,13|15,71|8,73|16,86|5,47|47,26|60,83|71,8|15,44|21,93|20,16|15,5/15,83=15,53,97,60,83
64,70|70,17|35,58|10,13|58,45|98,86|10,98|33,64|80,35|10,47|13,44|47,94|38,30|86,88|10,80|88,57|94,12|44,38|12,60|10,33/10,17=10,33,64,70,17
61,13|92,82|92,19|92,88|92,60|78,14|69,16|13,37|92,98|23,33|2,7|60,2|33,86|7,91|82,61|80,69|97,78|19,80|88,97|98,23/92,91=92,60,2,7,91
67,47|42,61|91,36|39,42|7,8|36,45|39,56|82,49|56,15|39,88|49,14|45,19|39,91|61,75|15,67|39,46|8,72|46,82|88,7|75,12/39,72=39,88,7,8,72
30,20|17,25|36,84|40,11|99,81|19,54|85,12|55,36|49,99|40,61|40,85|40,30|11,49|12,59|94,17|59,2|40,45|61,55|20,19|45,94/40,2=40,85,12,59,2
76,58|19,39|58,24|47,34|47,92|57,5|17,63|70,9|85,91|92,86|47,72|86,85|72,64|64,57|47,68|47,19|56,17|34,76|68,56|39,70/47,91=47,92,86,85,91
63,49|85,94|12,83|65,50|67,20|44,67|83,85|49,18|20,80|17,65|73,25|44,17|50,19|44,33|47,32|33,63|80,56|44,12|32,73|44,47/44,19=44,17,65,50,19
55,54|37,41|82,69|71,37|89,1|89,95|89,71|83,73|89,57|43,31|1,78|95,43|31,3|41,23|54,46|78,83|57,82|91,55|69,93|89,91/89,46=89,91,55,54,46
40,21|0,28|61,58|0,12|87,57|0,61|26,44|3,39|7,33|93,7|0,40|29,87|0,9|12,72|78,18|28,29|72,78|21,3|9,93|58,26/0,44=0,61,58,26,44
73,68|34,21|72,98|34,25|54,96|87,4|98,6|41,70|6,94|88,92|70,19|13,73|21,41|96,87|34,22|22,13|25,88|92,93|34,54|34,72/34,68=34,22,13,73,68
12,31|46,82|92,12|3,41|31,29|62,43|6,59|54,6|82,33|54,21|21,38|53,75|59,53|54,94|41,71|77,46|38,62|94,3|54,92|54,77/54,71=54,94,3,41,71
8,44|8,50|8,71|57,94|13,78|8,22|50,13|17,39|78,12|29,90|4,57|22,96|66,32|8,40|60,29|40,4|71,17|39,16|96,66|44,60/8,94=8,40,4,57,94
74,90|90,91|91,9|31,71|52,53|21,66|66,60|31,6|75,82|53,40|50,69|31,74|24,21|71,75|6,41|31,52|31,24|40,23|41,50|82,81/31,9=31,74,90,91,9
38,84|80,15|81,9|69,52|15,48|26,63|84,69|74,29|41,3|48,32|9,25|25,49|81,92|92,74|63,41|81,38|29,2|81,80|81,26|49,42/81,52=81,38,84,69,52
18,80|50,64|51,39|18,65|48,58|73,78|5,40|18,51|65,22|80,1|18,92|18,35|39,24|22,73|95,50|35,34|1,5|92,95|24,41|34,48/18,41=18,51,39,24,41
28,68|16,82|75,86|45,93|16,64|16,23|68,78|91,15|72,91|64,54|39,88|20,60|16,77|88,75|60,62|54,45|23,72|77,20|82,28|16,39/16,15=16,23,72,91,15
54,92|54,58|92,80|42,1|89,72|58,89|52,13|54,78|54,66|13,53|66,42|53,34|80,33|1,9|78,97|97,29|33,2|54,52|72,67|29,77/54,34=54,52,13,53,34
72,77|17,20|20,52|54,0|82,78|45,17|8,82|98,8|43,54|43,3|3,23|43,45|43,61|23,29|29,69|0,72|48,76|1,48|43,98|61,1/43,78=43,98,8,82,78
91,78|44,73|58,31|11,76|58,80|80,37|0,56|31,42|38,0|98,15|58,57|76,66|58,39|37,34|78,44|58,91|34,96|39,38|42,98|57,11/58,15=58,31,42,98,15
25,22|79,12|95,16|89,23|95,26|88,75|95,36|26,25|56,14|0,2|95,0|70,56|12,11|14,41|95,70|16,67|36,79|67,88|22,77|2,89/95,23=95,0,2,89,23
84,70|21,23|92,39|66,92|70,21|10,77|10,47|77,14|67,69|74,59|76,46|10,28|39,44|10,84|47,76|28,5|10,66|5,74|46,1|14,67/10,59=10,28,5,74,59
30,61|4,67|9,99|9,93|99,30|91,4|18,5|61,87|9,91|67,81|93,49|49,66|8,27|66,25|14,44|9,8|9,53|53,18|27,14|5,76/9,44=9,8,27,14,44
41,28|38,6|11,43|4,11|22,38|28,72|13,69|41,4|20,61|79,76|41,73|61,81|72,13|41,79|73,22|81,29|52,40|43,90|76,52|41,20/41,29=41,20,61,81,29
27,67|84,80|47,35|19,84|19,23|49,15|35,99|19,70|99,97|2,27|70,49|14,37|80,3|19,56|50,14|56,50|3,7|23,2|19,47|15,76/19,37=19,56,50,14,37
12,48|24,84|28,10|64,9|31,13|28,88|56,16|47,64|28,20|88,35|14,56|3,54|10,14|28,46|35,12|28,31|13,24|20,47|46,3|54,77/28,84=28,31,13,24,84
81,49|2,62|49,32|81,89|97,54|33,45|45,67|67,58|36,27|81,7|62,97|37,50|7,36|27,40|81,33|81,2|89,37|32,96|50,9|96,68/81,9=81,89,37,50,9
63,93|30,15|4,99|18,91|62,7|86,32|18,30|34,75|65,17|75,86|18,64|15,12|12,39|18,34|91,63|6,4|17,62|64,6|18,65|93,83/18,32=18,34,75,86,32
58,90|93,58|57,61|7,70|5,39|90,13|79,2|33,49|70,40|11,79|39,65|61,87|11,98|11,19|2,33|87,20|11,93|19,5|98,7|11,57/11,20=11,57,61,87,20
27,16|73,55|2,33|33,27|78,74|38,85|52,81|9,30|58,32|85,58|74,9|81,10|64,78|64,38|64,2|64,18|18,52|64,73|72,13|55,72/64,30=64,78,74,9,30
96,66|66,78|52,70|99,98|98,2|71,33|78,76|47,60|0,52|11,73|71,12|12,36|71,26|37,0|33,99|71,96|26,14|71,37|14,11|36,47/71,2=71,33,99,98,2
46,88|94,72|93,12|90,55|55,45|45,15|12,24|90,42|90,70|50,26|15,13|88,8|54,50|70,54|90,94|72,53|53,89|8,41|42,93|90,46/90,89=90,94,72,53,89
46,71|30,39|54,82|3,1|39,64|84,69|1,78|38,37|30,11|29,73|71,54|37,95|64,84|73,50|78,15|30,38|30,46|95,48|11,29|30,3/30,82=30,46,71,54,82
29,10|29,9|15,40|68,57|29,91|91,3|46,95|9,16|66,46|38,84|83,21|10,68|29,37|29,66|16,38|57,80|22,83|3,15|37,22|95,35/29,80=29,10,68,57,80
59,46|45,60|18,93|33,88|21,71|47,83|5,45|71,25|88,15|21,5|21,59|60,80|63,41|21,33|15,36|21,35|25,18|35,69|69,47|46,63/21,93=21,71,25,18,93
4,45|53,47|97,76|92,35|95,73|83,64|6,94|2,88|45,83|6,97|36,8|6,2|6,32|88,95|75,36|35,66|6,4|76,53|32,92|94,75/6,8=6,94,75,36,8
95,65|67,44|88,59|86,40|65,80|5,7|83,64|83,86|80,35|58,25|44,3|83,95|7,88|83,76|83,5|93,91|40,93|70,58|64,70|76,67/83,35=83,95,65,80,35
79,76|51,79|70,12|44,3|4,74|70,81|81,42|0,28|12,35|35,64|42,44|70,33|70,89|74,50|33,0|28,82|70,51|76,48|89,4|64,97/70,48=70,51,79,76,48
26,8|27,77|26,69|15,16|69,63|99,87|63,4|30,23|88,76|23,1|26,40|77,99|16,75|26,30|1,74|26,27|76,61|4,54|8,88|40,15/26,75=26,40,15,16,75
70,39|24,80|39,13|70,32|49,57|16,78|70,29|65,74|30,49|78,37|32,24|71,69|58,30|37,12|80,56|40,65|70,58|13,71|29,40|70,16/70,56=70,32,24,80,56
79,3|0,50|53,95|95,22|8,53|40,54|39,35|35,71|30,33|54,79|9,45|72,30|3,85|50,9|40,77|77,72|40,39|40,8|40,0|71,43/40,22=40,8,53,95,22
99,32|44,31|65,44|85,13|65,89|25,41|89,96|63,60|38,57|64,27|65,82|41,24|65,63|65,64|42,52|82,25|96,99|27,38|60,85|31,42/65,57=65,64,27,38,57
66,54|35,24|15,12|51,63|0,51|52,6|81,35|81,0|81,77|77,99|5,72|6,17|24,66|63,76|81,83|12,2|81,42|42,15|99,5|83,52/81,54=81,35,24,66,54
27,38|16,97|49,43|51,41|4,29|43,61|73,64|97,8|85,14|29,88|85,58|85,73|64,27|35,4|61,45|85,49|14,55|85,35|58,16|55,51/85,8=85,58,16,97,8
30,17|85,14|52,48|85,38|48,8|57,75|85,74|40,11|85,53|64,93|74,64|14,52|38,30|17,34|93,7|85,26|11,37|53,57|75,77|26,40/85,34=85,38,30,17,34
52,92|60,14|34,16|16,6|74,10|20,28|10,48|2,38|60,91|76,57|92,51|14,74|6,27|57,2|60,76|63,20|91,63|31,52|60,34|60,31/60,27=60,34,16,6,27
82,60|93,9|7,33|32,7|13,27|2,57|12,82|91,17|2,29|57,81|8,48|29,8|60,3|48,68|2,12|81,13|9,91|11,32|2,11|2,93/2,3=2,12,82,60,3
12,52|3,95|57,12|36,99|55,59|36,84|99,98|39,57|26,17|95,80|84,3|43,55|36,19|98,26|2,24|71,43|36,71|19,4|4,2|36,39/36,80=36,84,3,95,80
50,39|85,30|63,36|24,90|63,40|51,17|58,31|36,70|40,13|70,58|14,24|57,51|63,14|90,76|39,27|17,22|63,57|63,75|75,50|13,85/63,27=63,75,50,39,27
75,82|40,16|47,33|90,99|1,66|35,71|99,19|95,1|66,58|82,15|60,9|60,2|9,75|60,35|83,90|2,47|33,6|60,95|60,83|71,40/60,58=60,95,1,66,58
43,48|28,41|94,73|33,81|81,1|28,33|25,76|28,54|73,43|58,95|41,75|28,94|54,16|1,42|32,3|62,58|95,7|16,25|75,32|28,62/28,3=28,41,75,32,3
87,27|3,37|20,19|9,77|34,13|37,5|50,9|53,86|86,25|53,87|53,3|24,50|65,32|27,65|5,11|25,20|53,34|13,99|99,7|53,24/53,77=53,24,50,9,77
28,58|27,87|28,54|28,29|46,77|29,89|77,91|28,45|89,14|45,21|14,93|58,98|28,37|21,83|37,60|60,27|54,46|11,84|98,11|83,75/28,84=28,58,98,11,84
42,16|11,53|37,95|28,93|15,3|4,13|97,74|93,87|49,4|53,15|97,28|87,18|74,42|41,37|16,69|97,72|97,49|72,41|97,11|13,56/97,69=97,74,42,16,69
0,93|59,41|75,22|53,78|43,7|99,37|24,99|36,43|58,75|93,53|73,58|36,73|36,0|36,59|7,64|41,15|64,11|36,24|15,50|37,1/36,1=36,24,99,37,1
31,2|55,67|27,32|36,21|55,97|55,31|23,47|4,23|5,98|2,27|97,48|55,56|47,13|51,92|21,0|79,51|67,36|55,4|56,79|48,5/55,0=55,67,36,21,0
83,48|12,68|32,99|27,6|51,21|14,83|84,87|32,72|99,27|87,69|6,22|72,51|21,31|68,65|32,12|77,84|32,77|75,14|32,75|65,11/32,48=32,75,14,83,48
86,39|52,95|93,16|98,77|2,58|72,98|95,12|16,74|93,2|93,71|58,24|4,72|92,57|24,26|39,67|93,4|74,92|67,28|93,86|71,52/93,77=93,4,72,98,77
51,16|88,85|28,53|88,71|15,4|88,95|6,90|95,55|4,62|88,82|41,84|88,15|71,69|55,6|69,28|84,48|83,51|82,41|62,60|85,83/88,48=88,82,41,84,48
74,52|65,84|93,65|24,91|84,48|41,17|50,9|83,74|45,97|50,93|53,66|0,96|50,24|91,45|9,83|96,53|50,39|50,0|12,41|39,12/50,48=50,93,65,84,48
45,55|10,17|17,3|61,43|89,14|93,89|58,38|3,79|10,36|10,58|23,12|10,93|10,61|21,74|14,0|36,76|38,21|43,45|79,72|76,23/10,55=10,61,43,45,55
9,1|36,62|31,7|36,53|36,74|22,43|25,9|53,18|36,21|11,61|61,32|43,20|74,25|21,31|18,82|82,87|7,92|62,22|99,11|36,99/36,92=36,21,31,7,92
23,10|50,3|54,15|67,88|23,38|10,79|70,83|23,87|25,54|23,64|3,52|38,25|27,73|23,50|79,70|73,81|88,39|52,76|64,67|87,27/23,81=23,87,27,73,81
58,62|80,58|70,76|52,70|1,83|52,37|37,79|14,57|52,81|52,1|81,3|31,46|52,40|76,42|40,80|42,49|83,14|10,53|79,31|3,10/52,62=52,40,80,58,62
6,42|43,28|36,49|9,19|43,83|78,72|13,3|43,36|74,81|28,16|43,6|42,9|16,14|35,44|49,35|72,62|3,74|83,78|14,18|43,13/43,18=43,28,16,14,18
70,67|14,29|47,35|89,47|24,88|14,24|74,23|82,4|14,59|59,62|35,12|67,49|51,74|14,89|23,38|88,8|29,70|14,51|62,82|8,44/14,38=14,51,74,23,38
50,7|24,14|63,69|67,25|48,80|25,4|70,65|10,9|10,24|10,48|14,50|80,45|10,70|65,63|9,36|97,67|45,73|36,20|10,97|20,16/10,4=10,97,67,25,4
45,69|67,86|45,58|45,67|45,17|66,38|24,74|88,97|45,63|69,19|19,2|63,76|86,66|59,77|77,32|2,73|97,5|58,88|17,59|76,24/45,74=45,63,76,24,74
28,33|67,97|67,10|72,70|32,11|20,66|67,20|10,18|18,26|67,68|68,9|21,25|77,32|67,65|9,28|25,63|26,53|65,21|97,77|66,72/67,33=67,68,9,28,33
77,67|92,90|11,73|70,80|59,11|73,3|36,29|70,59|17,72|71,16|29,9|16,17|70,60|60,77|70,71|80,36|70,92|67,27|90,89|89,45/70,3=70,59,11,73,3
66,52|2,42|2,77|2,73|3,7|11,37|99,97|77,94|73,11|65,54|54,25|2,22|94,66|23,5|37,1|92,3|22,65|2,99|97,23|42,92/2,52=2,77,94,66,52
64,20|65,88|46,77|70,56|77,62|56,31|54,44|81,70|62,37|90,0|15,64|86,15|71,5|54,81|54,71|88,13|5,90|54,46|44,65|54,86/54,37=54,46,77,62,37
59,79|98,67|70,22|77,86|22,59|68,48|35,98|52,87|86,72|72,68|73,53|96,83|83,63|53,52|42,96|77,73|77,35|77,70|67,32|77,42/77,63=77,42,96,83,63
49,4|29,59|41,84|64,27|27,41|60,98|64,91|48,80|66,68|84,34|64,60|22,66|59,48|4,43|98,19|64,29|64,22|19,3|68,17|91,49/64,3=64,60,98,19,3
43,36|76,24|18,15|32,48|30,73|51,13|73,25|9,49|74,0|36,32|74,29|74,51|49,45|15,90|45,35|0,30|13,76|29,18|74,43|74,9/74,48=74,43,36,32,48
12,35|60,24|7,44|35,7|99,73|27,99|66,16|53,21|44,96|12,31|16,37|58,27|12,69|21,6|31,53|20,71|12,20|69,66|71,60|12,58/12,37=12,69,66,16,37
43,52|99,66|5,17|76,19|16,9|33,47|52,93|61,43|47,28|17,31|7,61|7,15|7,76|67,16|15,33|7,53|53,67|19,99|85,5|7,85/7,9=7,53,67,16,9
57,72|54,84|88,57|50,17|12,32|97,1|46,65|97,88|97,12|26,70|72,98|7,74|17,8|97,7|1,50|70,30|18,26|32,54|74,46|97,18/97,84=97,12,32,54,84
96,0|49,56|40,83|40,96|73,61|83,54|54,35|71,49|53,73|33,71|28,67|94,59|75,94|0,28|35,17|40,23|48,53|40,48|23,75|40,33/40,67=40,96,0,28,67
9,74|5,42|0,9|35,66|43,47|24,14|67,0|5,85|42,31|28,10|31,84|5,28|38,16|66,43|90,24|5,67|84,72|5,35|85,90|10,38/5,16=5,28,10,38,16
32,48|48,53|4,30|34,55|55,2|32,34|30,72|2,25|16,68|10,96|72,73|21,10|9,93|68,9|59,14|32,16|32,21|96,31|32,4|53,59/32,31=32,21,10,96,31
79,86|79,44|16,23|75,50|21,70|44,82|50,94|73,59|82,63|59,51|63,15|86,21|94,25|79,75|79,12|70,60|12,93|0,73|79,0|93,16/79,23=79,12,93,16,23
3,61|1,20|2,54|63,67|51,1|60,3|91,74|17,2|14,63|74,46|27,17|39,60|51,39|51,88|59,91|51,27|51,59|88,14|57,84|20,57/51,67=51,88,14,63,67
67,89|56,95|68,64|65,25|67,56|44,55|67,21|79,94|67,44|89,1|21,10|45,31|58,65|1,66|59,58|10,79|95,68|55,45|67,59|66,22/67,64=67,56,95,68,64
82,64|13,59|64,67|98,40|70,62|59,30|7,65|51,21|70,82|70,13|67,91|81,68|21,81|30,16|65,33|70,51|27,98|70,0|62,7|0,27/70,91=70,82,64,67,91
91,10|10,87|69,99|35,52|13,19|56,68|68,67|56,35|67,45|56,69|56,62|99,2|62,13|87,51|45,31|3,73|2,12|56,91|19,17|52,3/56,73=56,35,52,3,73
3,76|75,23|76,44|97,86|89,97|5,9|23,18|8,5|19,81|91,30|81,3|19,75|18,38|86,70|19,89|42,8|19,42|19,33|30,4|33,91/19,70=19,89,97,86,70
4,71|4,81|26,66|4,78|31,57|13,23|73,87|71,69|69,80|87,99|70,31|4,30|78,26|57,18|80,9|23,42|4,70|30,73|66,98|81,13/4,18=4,70,31,57,18
10,0|16,30|41,67|55,38|5,45|29,14|6,7|55,56|67,6|55,5|55,41|56,75|82,60|75,51|38,16|55,29|51,92|45,10|30,93|14,82/55,92=55,56,75,51,92
73,99|99,45|65,44|69,30|1,97|44,3|61,17|73,65|6,10|82,61|97,94|73,1|73,82|17,57|94,13|3,23|7,6|73,42|45,69|42,7/73,10=73,42,7,6,10
9,43|9,45|43,89|95,97|89,70|93,28|46,2|49,95|9,16|3,46|28,14|9,3|96,39|68,47|70,42|16,49|45,93|9,68|2,48|47,96/9,48=9,3,46,2,48
20,88|93,90|40,3|3,42|51,35|70,43|5,93|14,51|33,0|35,11|5,14|88,48|5,65|31,70|48,78|90,33|5,20|65,40|50,31|5,50/5,42=5,65,40,3,42
99,81|47,56|13,0|64,77|64,39|64,49|77,93|64,38|56,58|38,8|93,99|49,13|64,53|53,75|89,48|75,89|0,36|26,45|39,47|8,26/64,58=64,39,47,56,58
40,92|90,18|85,9|9,8|30,29|85,37|91,77|18,87|88,60|37,1|85,49|77,88|29,80|54,86|8,54|1,40|85,91|49,90|85,30|80,50/85,92=85,37,1,40,92
68,8|77,71|71,58|44,84|58,56|98,42|28,47|8,28|68,98|68,77|47,85|68,45|64,67|74,17|82,44|5,12|45,82|68,64|67,5|42,74/68,85=68,8,28,47,85
73,48|9,34|28,30|34,39|66,29|92,19|59,17|47,77|52,22|39,41|22,26|29,92|28,9|28,36|77,95|28,73|30,47|48,59|36,52|28,66/28,17=28,73,48,59,17
86,4|90,71|34,78|31,1|52,86|4,10|0,35|35,34|52,0|51,50|26,51|10,28|33,31|84,26|52,84|1,77|52,33|93,90|52,93|71,85/52,78=52,0,35,34,78
99,1|5,6|16,13|15,80|7,16|69,99|23,18|80,41|2,3|69,15|56,62|69,7|13,12|69,5|41,44|71,39|62,71|1,2|69,56|6,23/69,18=69,5,6,23,18
54,21|94,36|94,73|73,75|60,4|94,61|94,48|94,33|77,53|33,51|92,60|51,89|61,93|36,92|48,91|93,77|29,6|91,54|89,35|75,29/94,4=94,36,92,60,4
20,61|77,78|86,20|86,93|73,84|61,77|92,1|71,50|54,18|94,32|84,54|86,22|93,94|32,36|13,71|1,46|10,13|22,92|86,73|86,10/86,18=86,73,84,54,18
79,86|79,44|16,23|75,50|82,94|44,73|50,63|21,70|73,59|70,25|59,15|86,82|63,60|79,75|79,12|94,51|12,93|0,21|79,0|93,16/79,23=79,12,93,16,23
75,93|48,85|3,58|22,4|75,61|0,62|75,0|75,49|93,55|19,52|61,60|60,48|49,35|55,22|75,96|35,3|65,19|62,87|87,70|96,65/75,70=75,0,62,87,70
25,92|44,72|82,1|71,13|3,82|92,41|25,70|34,78|70,71|95,84|99,34|91,3|25,91|41,47|47,37|84,44|13,93|25,99|78,63|25,95/25,37=25,92,41,47,37
44,92|74,13|40,26|72,50|49,3|99,78|14,74|50,2|92,82|53,9|53,49|53,35|3,96|9,14|78,40|82,80|53,99|35,72|96,75|53,44/53,2=53,35,72,50,2
8,77|73,20|28,17|55,60|65,90|90,51|94,27|24,80|22,93|93,73|60,16|80,65|58,28|40,55|24,40|24,94|71,58|24,22|24,71|27,8/24,17=24,71,58,28,17
70,13|13,71|2,4|70,2|59,77|83,95|23,46|70,53|25,23|47,59|4,14|14,81|71,61|61,98|74,63|95,74|70,24|53,25|70,83|24,47/70,77=70,24,47,59,77
95,3|51,12|17,95|11,51|71,99|82,17|24,50|20,31|54,86|20,82|31,11|20,71|46,68|42,6|47,54|99,42|50,46|98,47|20,98|20,24/20,6=20,71,99,42,6
21,79|33,76|97,37|76,4|97,60|60,1|6,49|1,99|4,65|79,0|97,18|97,21|38,6|0,32|37,38|59,42|97,33|99,80|54,59|18,54/97,32=97,21,79,0,32
45,54|80,17|8,88|11,8|90,37|42,11|13,50|45,90|99,33|5,53|53,60|40,36|45,99|54,5|37,13|17,22|33,40|45,93|93,80|45,42/45,60=45,54,5,53,60
63,76|51,5|8,79|18,24|91,51|57,62|8,99|98,41|99,81|20,73|81,63|69,98|73,57|8,25|79,3|5,12|25,69|8,20|8,91|3,18/8,24=8,79,3,18,24
93,4|95,54|81,0|42,94|77,26|95,83|95,99|99,42|0,30|83,39|25,77|95,81|58,32|30,45|94,63|39,93|95,59|59,25|97,58|54,97/95,45=95,81,0,30,45
22,58|78,54|68,22|50,0|80,78|77,2|38,96|77,50|77,64|89,38|0,18|77,11|18,36|88,63|2,89|54,92|11,28|28,88|77,80|64,68/77,96=77,2,89,38,96
40,92|32,83|92,82|1,57|32,15|82,68|91,19|19,36|57,44|32,40|65,90|90,30|32,45|45,65|32,37|83,1|43,47|15,91|47,11|37,43/32,11=32,37,43,47,11
12,84|51,2|70,14|26,70|31,65|69,51|24,12|24,69|65,8|88,3|24,26|14,71|3,46|24,28|8,27|2,59|84,81|24,31|28,88|81,79/24,59=24,69,51,2,59
60,12|31,22|44,21|67,31|21,38|98,55|29,13|44,24|38,0|44,75|55,78|22,87|75,36|0,23|48,98|12,65|24,60|44,48|44,67|36,29/44,78=44,48,98,55,78
27,70|39,42|52,81|97,47|58,92|47,58|88,5|88,97|73,9|5,39|20,52|87,29|88,27|88,20|88,46|42,35|46,73|9,33|81,31|70,87/88,33=88,46,73,9,33
66,90|7,77|45,10|34,28|23,97|90,19|6,23|45,66|10,40|19,12|40,72|45,34|81,82|28,7|67,54|97,16|54,81|45,6|45,67|72,96/45,77=45,34,28,7,77
62,29|65,84|11,34|53,7|82,86|32,35|88,2|87,25|54,62|88,65|7,82|88,53|2,91|88,16|16,96|58,54|96,32|84,87|88,58|91,11/88,34=88,2,91,11,34
96,12|0,58|55,91|46,57|41,46|96,7|36,0|68,99|96,83|26,55|85,26|18,41|96,18|21,27|7,68|96,85|83,36|12,21|27,19|99,20/96,91=96,85,26,55,91
59,14|59,23|40,38|69,94|59,61|20,0|51,40|61,69|59,42|94,66|0,2|42,51|85,83|23,99|59,71|18,85|24,55|71,18|14,20|99,24/59,83=59,71,18,85,83
87,31|13,9|14,21|32,48|21,13|97,16|7,47|97,72|31,91|47,69|72,8|42,85|22,37|97,32|16,7|97,14|62,87|97,62|48,42|8,22/97,37=97,72,8,22,37
93,13|99,95|93,89|58,81|60,17|45,9|81,80|93,47|17,91|43,42|47,58|85,43|95,7|52,45|13,60|42,26|93,85|89,99|93,52|9,22/93,26=93,85,43,42,26
74,15|48,84|26,70|98,17|34,48|9,40|17,68|9,98|78,34|62,56|38,52|18,38|99,62|52,71|9,26|70,74|9,78|68,85|40,99|9,18/9,71=9,18,38,52,71
59,51|68,22|64,68|14,62|75,79|47,4|7,11|47,75|62,54|47,41|24,89|66,24|79,7|47,66|22,82|4,31|41,14|31,59|89,2|47,64/47,54=47,41,14,62,54
71,78|95,38|5,22|5,76|76,92|5,15|75,0|5,79|39,95|15,39|10,97|29,32|79,29|92,10|32,50|78,74|0,98|5,71|74,20|22,75/5,50=5,79,29,32,50
31,81|92,73|73,85|91,33|78,30|75,52|58,23|81,20|23,78|13,60|31,70|98,75|54,13|31,24|24,54|31,77|31,58|77,92|70,98|20,91/31,52=31,70,98,75,52
73,48|9,34|28,30|34,22|66,52|77,26|59,17|29,92|47,39|22,95|39,41|52,77|28,9|28,36|92,19|28,73|30,29|48,59|36,47|28,66/28,17=28,73,48,59,17
33,24|66,42|27,90|14,33|42,92|80,34|27,38|22,74|81,67|34,62|16,14|27,83|67,72|27,66|90,55|27,16|55,22|92,82|83,81|38,80/27,72=27,83,81,67,72
54,85|53,99|36,45|52,37|34,21|34,36|34,54|76,35|5,92|45,5|63,24|10,52|48,53|34,73|85,76|34,91|67,63|91,48|73,67|21,10/34,92=34,36,45,5,92
16,37|99,42|73,44|1,66|59,91|73,85|73,99|7,89|12,19|91,97|80,12|97,69|73,96|44,74|74,16|39,7|96,39|85,80|42,1|73,59/73,89=73,96,39,7,89
42,0|84,40|42,25|27,32|25,27|52,83|3,50|14,70|32,17|42,31|97,3|99,87|42,53|31,97|0,84|53,14|70,10|42,99|40,33|87,52/42,17=42,25,27,32,17
9,2|8,91|2,6|17,87|9,8|91,25|72,22|23,68|68,34|70,54|43,23|9,70|9,59|54,17|25,69|22,24|6,89|89,98|9,43|59,72/9,69=9,8,91,25,69
82,0|47,78|16,63|70,16|95,88|69,39|63,54|50,95|39,76|48,47|5,7|50,70|77,5|81,69|50,53|53,77|50,43|50,81|88,82|43,48/50,54=50,70,16,63,54
1,53|58,7|36,1|36,32|62,31|36,58|59,18|7,26|53,13|32,40|26,68|18,51|51,22|38,62|13,29|40,16|36,59|17,38|36,17|16,67/36,67=36,32,40,16,67
89,1|70,35|67,80|70,7|59,71|70,89|34,15|7,19|93,78|62,49|35,32|1,54|70,93|32,59|78,62|15,23|70,34|54,3|23,29|19,67/70,29=70,34,15,23,29
38,43|43,86|4,17|70,80|21,87|64,38|32,36|21,32|62,71|2,92|71,2|56,73|36,56|21,62|6,70|46,78|21,4|21,64|87,6|17,46/21,78=21,4,17,46,78
45,54|11,8|13,36|37,13|90,80|42,37|40,88|45,90|99,33|5,53|53,60|17,50|45,99|54,5|80,40|8,22|33,17|45,93|93,11|45,42/45,60=45,54,5,53,60
18,11|5,57|78,90|34,14|27,10|27,72|27,52|58,31|27,4|87,75|52,44|11,83|72,0|0,78|4,94|27,58|94,87|31,34|10,18|44,5/27,57=27,52,44,5,57
72,39|39,33|98,81|97,0|81,85|0,83|72,36|11,96|89,49|51,50|49,30|72,98|30,7|72,97|85,60|83,90|50,45|72,89|36,51|33,11/72,90=72,97,0,83,90
81,72|22,7|9,40|75,81|90,41|99,90|98,75|44,26|92,9|40,0|22,98|22,44|25,29|26,76|76,31|22,99|7,25|29,70|22,92|41,46/22,72=22,98,75,81,72
43,80|3,43|3,25|98,79|6,27|34,36|25,60|1,30|30,26|80,34|3,65|27,94|3,69|31,39|94,68|65,1|86,98|69,86|3,6|60,31/3,79=3,69,86,98,79
96,43|42,66|50,51|64,50|98,42|25,23|87,34|64,16|23,79|3,24|34,3|28,94|99,98|64,65|94,54|64,87|16,28|64,99|51,96|65,25/64,79=64,65,25,23,79
39,73|5,93|7,51|52,94|94,25|14,50|52,8|73,72|67,22|52,39|52,7|51,14|53,64|18,31|8,5|93,78|22,53|25,18|72,96|52,67/52,31=52,94,25,18,31
18,69|72,75|69,3|63,72|63,85|85,53|63,76|23,21|21,10|76,23|59,45|63,94|48,38|63,18|3,52|94,48|38,92|53,67|75,59|67,50/63,45=63,72,75,59,45
72,69|36,86|72,2|96,49|23,59|93,82|74,36|44,40|85,0|40,11|19,93|72,46|49,20|72,85|11,32|46,96|0,23|69,74|72,44|2,19/72,20=72,46,96,49,20
14,5|95,17|83,39|83,18|11,71|17,63|83,11|39,95|71,14|26,8|8,25|83,26|93,6|25,89|52,93|83,51|18,24|65,16|51,52|24,65/83,89=83,26,8,25,89
47,67|14,29|88,35|89,88|24,70|14,24|74,23|8,44|14,59|59,62|35,49|67,4|51,74|14,89|23,38|70,82|29,47|14,51|62,8|82,12/14,38=14,51,74,23,38
23,4|33,65|33,48|43,19|33,30|86,1|30,75|1,35|57,81|78,23|81,88|94,89|48,86|40,92|33,26|65,57|33,43|19,94|75,40|26,78/33,92=33,30,75,40,92
57,95|13,12|56,36|64,62|75,13|16,79|22,76|57,22|57,29|15,16|57,92|4,65|57,26|92,75|26,15|95,38|29,60|60,56|76,4|38,64/57,12=57,92,75,13,12
43,58|32,36|92,86|6,81|37,48|62,4|62,65|88,6|58,71|62,88|62,43|13,56|81,18|36,92|62,32|65,37|48,9|64,13|4,64|71,24/62,18=62,88,6,81,18
28,70|55,64|63,58|54,87|82,98|56,48|31,93|26,84|9,27|93,82|48,54|70,63|25,31|25,26|25,28|25,55|64,9|38,88|84,38|25,56/25,98=25,31,93,82,98
57,77|81,19|7,56|29,81|19,64|85,48|56,70|53,15|26,85|53,73|15,9|75,68|73,57|70,97|48,34|53,29|77,67|53,7|53,26|9,75/53,97=53,7,56,70,97
87,37|36,34|13,79|34,97|40,36|53,61|40,94|40,87|94,59|40,13|59,47|79,12|54,78|37,53|47,57|40,54|97,50|78,45|12,98|45,20/40,50=40,36,34,97,50
34,75|4,85|85,30|19,21|34,28|34,96|21,60|65,97|86,19|57,61|30,3|75,98|25,13|61,79|96,57|28,99|34,4|99,25|34,86|98,65/34,3=34,4,85,30,3
23,18|91,5|19,3|94,41|3,94|47,45|37,13|34,47|49,56|55,42|11,37|23,19|56,55|18,38|23,30|30,11|23,49|23,34|45,79|38,91/23,5=23,18,38,91,5
34,19|5,8|32,45|23,41|8,72|45,14|59,34|52,86|52,32|48,23|81,69|55,59|52,94|92,5|14,61|52,55|52,92|69,13|94,48|86,81/52,13=52,86,81,69,13
70,63|63,99|35,78|73,80|61,12|33,61|8,29|99,77|70,42|36,87|70,33|42,69|60,8|70,36|77,24|69,73|70,60|87,35|12,59|29,34/70,59=70,33,61,12,59
16,10|61,95|92,77|16,84|55,4|35,38|65,25|77,56|16,65|16,96|95,33|48,42|74,2|38,48|4,22|16,35|25,74|96,61|10,92|84,55/16,56=16,10,92,77,56
67,69|30,56|59,78|2,53|95,6|58,8|56,92|84,62|2,59|6,75|49,58|2,15|81,33|62,67|94,49|78,81|53,95|2,94|2,84|15,30/2,33=2,59,78,81,33
20,30|24,4|83,20|40,83|63,51|85,67|24,91|51,18|86,33|24,63|33,21|18,10|37,71|38,85|91,38|4,95|24,36|24,40|95,37|36,86/24,30=24,40,83,20,30
67,97|31,76|3,48|46,2|70,74|6,79|18,67|68,37|79,68|61,3|18,61|9,19|48,87|18,6|97,70|21,94|18,31|94,46|18,21|76,9/18,37=18,6,79,68,37
91,97|13,89|14,20|20,31|64,39|58,64|14,91|14,36|32,5|14,94|61,82|23,18|5,23|97,13|14,32|43,16|94,58|31,61|1,43|36,1/14,89=14,91,97,13,89
17,77|85,66|85,28|83,93|32,69|93,64|27,8|28,70|45,59|66,35|77,42|26,38|85,11|11,17|85,98|35,45|70,27|85,32|69,26|98,83/85,38=85,32,69,26,38
22,2|17,66|53,23|46,27|18,95|30,22|75,16|51,30|66,73|61,64|73,33|18,46|18,75|18,51|16,53|76,8|8,82|27,61|18,17|95,76/18,64=18,46,27,61,64
78,95|28,16|79,30|85,29|30,51|34,69|95,86|26,34|32,64|26,78|26,0|69,85|51,58|16,97|86,88|26,28|26,79|2,32|97,87|0,2/26,87=26,28,16,97,87
72,39|74,55|39,74|55,81|5,57|72,23|21,12|13,63|12,87|72,67|41,13|87,38|23,5|63,34|72,41|66,56|57,15|25,66|72,21|67,25/72,15=72,23,5,57,15
40,14|59,78|80,97|39,59|29,43|44,41|98,70|41,39|24,29|10,98|44,24|93,10|25,5|44,93|43,64|5,20|14,80|20,38|44,25|44,40/44,64=44,24,29,43,64
30,66|68,96|68,74|55,18|81,5|68,59|74,1|36,46|59,83|26,28|46,26|66,19|68,32|32,3|96,30|3,81|68,36|97,15|83,97|1,55/68,5=68,32,3,81,5
77,43|38,88|6,58|77,27|58,70|94,49|77,57|43,44|72,38|50,89|77,52|52,7|77,72|57,6|44,50|7,87|88,46|49,12|87,95|27,94/77,12=77,27,94,49,12
61,13|89,75|28,50|66,78|61,80|94,54|76,94|16,59|61,4|4,28|54,51|13,12|50,22|97,17|61,16|17,90|61,76|80,97|12,89|59,66/61,51=61,76,94,54,51
10,4|47,56|1,15|46,9|4,1|86,0|98,8|8,88|84,95|0,84|56,35|82,98|34,17|34,86|34,10|9,79|17,46|62,47|34,82|34,62/34,35=34,62,47,56,35
71,84|73,1|62,36|49,87|87,78|13,59|99,14|36,53|49,77|66,62|49,13|77,25|79,71|49,66|49,95|95,79|88,39|25,88|59,99|78,73/49,84=49,95,79,71,84
50,39|58,76|63,36|13,85|63,40|24,90|17,30|36,70|40,51|70,17|14,13|57,24|63,14|85,31|39,27|90,22|63,57|63,75|75,50|51,58/63,27=63,75,50,39,27
3,48|58,5|48,2|49,3|52,62|5,27|68,43|76,98|49,52|98,47|27,73|90,84|49,58|49,68|2,69|62,23|47,55|23,29|49,76|43,90/49,69=49,3,48,2,69
46,66|81,36|57,63|26,65|79,26|36,46|75,20|22,85|34,87|28,79|66,23|42,53|20,42|81,75|85,34|99,54|81,28|81,99|54,57|81,22/81,23=81,36,46,66,23
1,46|66,92|66,6|25,41|84,47|63,44|66,71|6,21|21,99|71,57|65,56|57,25|92,65|87,91|99,7|47,1|91,63|66,87|66,84|56,29/66,7=66,6,21,99,7
23,57|64,34|53,64|79,17|79,76|75,1|37,5|5,8|17,37|25,46|10,23|1,73|79,42|46,2|79,53|73,94|34,3|76,25|79,75|42,10/79,94=79,75,1,73,94
8,46|51,20|65,52|12,15|70,12|10,49|31,82|22,70|31,22|82,65|30,34|38,4|84,3|20,8|4,84|31,30|31,51|31,38|52,60|34,10/31,49=31,30,34,10,49
44,1|82,66|76,68|29,81|82,74|14,53|1,94|82,44|89,63|82,62|91,76|81,21|82,29|66,7|13,14|62,91|21,32|7,89|94,56|74,13/82,63=82,66,7,89,63
24,59|39,37|13,84|24,34|37,56|2,36|56,74|18,51|0,63|83,13|24,83|24,0|34,18|11,88|6,11|24,39|59,6|63,2|51,9|84,65/24,74=24,39,37,56,74
92,80|38,86|38,37|1,25|38,12|93,83|38,20|27,10|48,5|10,92|38,27|16,1|86,16|66,48|20,90|12,66|90,93|84,49|49,45|37,84/38,80=38,27,10,92,80
98,67|62,0|31,75|43,98|75,56|77,35|88,78|36,62|77,74|12,48|21,36|74,31|77,21|29,5|77,43|85,88|48,29|35,85|67,93|77,12/77,0=77,21,36,62,0
90,8|23,52|23,54|60,90|37,45|23,94|86,95|4,78|45,27|98,4|52,87|87,83|23,80|23,74|74,98|80,37|94,49|49,86|54,60|83,79/23,79=23,52,87,83,79
20,27|11,19|8,24|88,69|5,89|5,30|5,60|30,31|48,68|27,8|33,88|5,46|60,33|49,77|89,48|5,20|31,49|68,6|19,28|46,11/5,24=5,20,27,8,24
45,33|78,6|57,66|67,23|79,57|45,79|21,28|45,32|51,77|77,34|28,46|45,21|33,68|32,71|66,44|41,51|46,96|71,78|45,41|68,67/45,6=45,32,71,78,6
64,70|70,17|44,88|10,13|88,60|98,86|10,98|33,64|80,44|10,47|13,94|47,35|38,57|86,58|10,80|58,45|35,12|94,38|12,30|10,33/10,17=10,33,64,70,17
5,73|52,36|83,33|16,51|86,70|80,49|36,7|51,12|44,80|70,83|5,16|7,10|48,15|5,52|5,86|15,93|38,44|73,48|12,0|5,38/5,0=5,16,51,12,0
55,85|80,88|85,62|2,75|27,94|49,27|22,70|45,80|92,93|60,49|13,95|62,40|45,55|88,13|45,2|8,33|33,22|45,60|45,8|75,92/45,93=45,2,75,92,93
5,52|96,64|26,66|40,43|64,67|89,35|9,12|40,80|40,5|40,90|52,26|43,96|40,89|41,45|35,9|10,14|14,57|90,41|80,10|45,7/40,7=40,90,41,45,7
76,72|71,46|75,31|94,75|94,10|46,7|94,93|90,49|31,44|89,90|49,60|93,65|94,22|79,95|65,79|68,76|22,68|94,89|10,71|44,86/94,95=94,93,65,79,95
7,16|63,74|23,37|7,8|28,49|81,85|52,9|95,43|7,93|85,59|93,66|8,81|35,52|7,23|69,28|16,69|66,63|7,64|64,35|37,95/7,43=7,23,37,95,43
64,44|64,61|43,50|44,81|88,56|64,38|50,46|37,98|65,58|38,65|61,88|64,13|22,23|98,22|58,74|81,93|64,37|13,43|93,90|56,39/64,23=64,37,98,22,23
18,68|60,9|60,71|9,49|36,63|10,70|65,36|20,4|70,18|60,6|11,57|6,65|71,20|61,69|17,52|60,11|4,30|57,17|60,10|49,61/60,30=60,71,20,4,30
11,0|72,3|83,43|87,91|91,83|9,64|60,62|64,61|41,24|96,28|3,96|77,14|41,87|24,77|41,67|41,11|0,60|41,72|67,9|14,10/41,61=41,67,9,64,61
38,69|23,41|69,98|58,16|38,46|98,78|38,77|77,9|16,61|7,45|84,7|43,40|65,84|9,43|78,55|38,23|46,58|38,65|1,64|41,1/38,40=38,77,9,43,40
9,2|9,7|92,1|36,14|9,64|2,81|1,39|32,15|12,83|97,68|68,11|83,89|9,19|81,36|51,92|15,85|9,51|19,32|64,97|7,12/9,39=9,51,92,1,39
57,28|65,83|27,0|15,6|28,93|35,15|76,35|8,4|93,71|76,57|88,80|81,62|0,8|6,78|76,27|80,52|52,13|62,65|76,88|76,81/76,13=76,88,80,52,13
45,42|81,14|19,81|49,26|98,17|16,78|74,3|42,24|40,9|98,49|80,77|98,83|83,19|26,80|98,44|89,74|17,89|78,40|98,16|44,45/98,9=98,16,78,40,9
27,98|85,69|68,82|15,59|59,85|36,95|47,27|66,41|44,37|68,36|95,44|42,83|82,42|68,66|98,97|58,65|68,15|68,47|41,58|83,43/68,37=68,36,95,44,37
80,66|83,80|66,59|59,55|83,1|83,39|83,28|8,6|83,79|99,10|39,8|10,12|6,46|85,88|88,0|29,74|1,99|28,7|79,85|7,29/83,12=83,1,99,10,12
61,53|23,71|87,8|27,35|61,23|19,27|25,36|48,4|37,46|4,21|71,25|35,5|61,65|61,19|21,63|61,48|53,38|8,11|65,87|38,37/61,11=61,65,87,8,11
89,47|89,74|57,82|6,59|47,57|21,98|74,2|67,69|89,67|89,46|59,50|2,62|89,93|93,6|80,79|98,3|69,80|62,40|82,54|46,21/89,79=89,67,69,80,79
39,81|77,46|13,56|94,28|81,52|57,4|45,97|49,83|4,93|49,45|49,94|49,77|28,13|46,69|83,39|49,57|69,10|93,2|85,72|97,85/49,72=49,45,97,85,72
31,3|19,10|30,8|16,76|76,77|62,0|16,67|51,90|44,31|29,49|16,62|16,30|77,15|3,14|49,65|0,51|67,29|16,44|15,83|8,19/16,90=16,62,0,51,90
71,26|34,46|44,28|13,92|86,67|44,6|6,60|44,51|28,73|21,68|52,86|68,2|51,37|32,52|37,71|44,32|60,13|72,21|44,72|73,34/44,2=44,72,21,68,2
67,23|12,74|11,15|88,71|30,85|44,20|32,88|40,11|67,32|85,83|71,58|99,94|94,12|23,31|41,40|67,99|67,30|83,52|67,41|31,44/67,58=67,32,88,71,58
67,41|67,90|40,69|44,22|43,97|1,96|22,91|35,82|88,4|82,87|41,44|69,77|90,40|87,74|67,35|67,25|4,1|67,88|25,43|97,57/67,77=67,90,40,69,77
61,42|66,37|79,31|31,48|48,19|35,67|34,93|61,73|61,35|61,44|74,58|36,82|44,57|57,74|77,36|41,66|73,41|67,34|42,77|61,79/61,82=61,42,77,36,82
30,7|46,10|18,70|46,52|59,18|88,32|82,98|89,57|10,9|70,31|46,6|52,74|46,59|7,77|54,30|22,88|9,89|6,22|74,82|46,54/46,57=46,10,9,89,57
4,18|5,42|96,34|70,22|51,89|90,82|5,58|42,70|52,51|84,54|18,90|62,96|5,4|22,17|5,52|89,69|85,84|5,61|58,62|61,85/5,54=5,61,85,84,54
0,82|63,52|3,14|9,31|26,63|92,78|39,73|73,92|20,9|12,26|1,3|6,0|82,64|39,6|78,53|39,74|74,20|39,12|39,1|14,50/39,64=39,6,0,82,64
92,12|34,56|47,13|54,33|73,34|48,92|47,32|80,99|32,35|47,31|35,42|10,62|31,48|62,84|47,54|47,88|33,80|13,73|42,2|88,10/47,99=47,54,33,80,99
80,24|27,1|4,57|1,72|80,75|48,64|76,87|81,35|24,27|87,48|35,9|31,71|88,90|90,4|80,88|62,31|75,62|80,81|9,15|80,76/80,71=80,75,62,31,71
27,39|47,87|52,58|97,70|81,31|70,81|88,5|88,97|73,9|5,47|20,52|42,35|88,27|88,20|88,46|87,92|46,73|9,33|58,29|39,42/88,33=88,46,73,9,33
10,53|20,90|73,22|18,52|3,11|61,70|22,72|53,60|30,46|90,10|77,61|17,73|20,17|70,64|20,95|20,77|11,6|95,3|20,18|52,30/20,6=20,95,3,11,6
87,64|3,84|27,81|27,47|64,48|55,72|42,41|27,98|81,87|19,17|47,42|31,3|17,10|72,49|41,57|27,31|27,92|92,19|84,11|98,55/27,11=27,31,3,84,11
18,86|65,0|0,27|5,63|27,10|94,39|32,7|63,54|39,15|94,65|82,5|86,45|94,35|7,50|94,12|15,62|94,82|12,18|35,32|62,33/94,45=94,12,18,86,45
85,82|99,19|93,91|28,49|39,24|85,2|44,29|85,90|29,88|91,22|14,52|49,39|85,44|88,83|82,41|41,99|85,28|90,15|15,14|2,93/85,24=85,28,49,39,24
13,96|86,28|58,82|86,89|21,0|28,15|38,91|86,13|37,27|15,87|70,4|0,37|86,21|87,7|53,70|89,18|96,58|86,39|39,53|18,38/86,82=86,13,96,58,82
31,15|49,14|30,29|16,76|76,8|62,0|16,67|51,90|44,31|77,3|16,62|16,30|8,19|15,65|3,10|0,51|67,77|16,44|19,83|29,49/16,90=16,62,0,51,90
16,23|77,81|93,77|66,14|10,98|38,10|9,21|7,90|23,93|85,42|15,96|72,1|96,7|16,9|16,5|16,15|5,38|1,66|16,72|21,85/16,42=16,9,21,85,42
10,16|5,86|41,38|68,65|63,35|38,63|29,6|20,9|54,68|78,54|5,41|49,29|86,20|5,24|5,78|16,37|28,49|9,74|5,28|24,10/5,35=5,41,38,63,35
54,63|85,62|15,30|68,12|30,89|38,80|42,48|42,61|42,67|62,6|63,35|89,41|42,15|48,68|12,88|42,92|92,85|61,4|67,54|4,38/42,35=42,67,54,63,35
11,3|98,77|50,34|86,22|93,86|50,59|50,17|17,98|56,28|50,61|59,93|30,56|3,53|15,74|74,2|50,30|28,38|77,87|34,11|61,15/50,53=50,34,11,3,53
71,98|68,71|0,35|95,87|98,21|68,80|80,91|68,92|21,43|91,0|59,67|68,2|53,49|87,76|67,55|55,31|48,53|2,48|92,95|68,59/68,35=68,80,91,0,35
50,74|89,72|20,8|83,79|98,83|33,15|92,44|98,50|72,48|42,89|87,13|98,42|13,75|74,20|79,92|98,33|98,61|15,4|4,6|61,87/98,6=98,33,15,4,6
85,98|10,75|51,80|0,6|29,10|45,59|37,19|86,91|11,49|45,29|45,85|59,56|45,17|38,11|45,86|75,99|91,0|56,37|98,51|17,38/45,49=45,17,38,11,49
14,46|14,69|93,67|49,30|40,84|83,33|60,93|39,22|14,40|4,39|76,4|14,8|46,60|84,83|8,89|35,90|14,76|56,49|69,56|89,35/14,90=14,8,89,35,90
2,69|34,37|34,15|82,75|37,82|45,33|19,42|33,22|15,45|51,72|69,19|34,2|7,67|30,7|34,30|72,89|34,21|75,93|21,51|67,25/34,25=34,30,7,67,25
78,90|99,69|1,3|69,26|76,77|26,61|28,22|70,19|77,28|76,1|22,13|27,31|3,78|19,6|76,27|76,25|31,36|76,99|25,70|36,96/76,61=76,99,69,26,61
24,12|6,33|81,7|6,40|71,18|28,96|7,71|22,15|20,47|96,93|6,73|6,41|47,1|73,20|6,81|12,59|88,22|33,88|40,28|41,24/6,59=6,41,24,12,59
27,71|28,20|20,44|27,28|27,99|78,8|10,25|99,88|67,96|31,67|71,10|25,47|44,3|96,39|74,32|27,31|5,74|32,15|88,78|27,5/27,15=27,5,74,32,15
4,62|5,42|89,82|70,90|18,22|96,17|5,58|42,70|52,18|84,54|62,96|51,89|5,4|90,34|5,52|22,69|85,84|5,61|58,51|61,85/5,54=5,61,85,84,54
37,47|22,38|56,17|15,93|85,91|59,92|56,59|70,60|93,70|78,81|56,9|9,61|48,11|56,48|92,85|61,78|56,15|17,22|11,37|38,20/56,60=56,15,93,70,60
0,53|59,46|53,77|77,62|31,59|85,84|74,89|85,0|44,8|84,83|63,44|85,13|85,5|9,74|46,7|85,31|83,66|13,9|5,63|66,97/85,8=85,5,63,44,8
24,22|16,10|43,13|79,34|43,33|6,61|36,19|96,52|60,2|33,16|19,59|52,79|13,36|43,60|2,6|10,49|43,96|22,53|53,12|43,24/43,59=43,13,36,19,59
31,81|54,46|54,9|60,56|81,26|90,14|22,97|72,77|56,23|46,13|0,72|54,90|13,44|54,60|44,82|23,70|54,30|30,31|14,22|9,0/54,82=54,46,13,44,82
28,13|30,98|98,74|54,30|44,9|37,54|51,56|27,3|3,33|11,28|37,68|37,2|2,80|37,49|13,18|56,71|49,51|68,27|37,11|80,44/37,71=37,49,51,56,71
47,7|26,32|17,47|96,93|98,23|7,60|1,96|32,0|43,59|76,97|34,67|26,98|0,76|11,1|26,11|26,29|23,43|56,34|29,56|26,17/26,97=26,32,0,76,97
46,54|94,72|93,15|90,55|55,88|88,12|15,41|90,42|90,70|8,13|12,24|54,50|45,8|70,45|90,94|72,53|53,89|50,26|42,93|90,46/90,89=90,94,72,53,89
67,92|62,58|59,78|2,53|30,6|56,75|58,8|84,95|2,59|6,69|49,56|2,15|81,33|95,67|94,49|78,81|53,30|2,94|2,84|15,62/2,33=2,59,78,81,33
61,64|55,75|62,41|61,53|75,96|64,92|58,76|47,62|61,47|49,58|92,82|41,85|53,80|80,97|61,11|61,49|11,55|97,37|82,77|76,13/61,96=61,11,55,75,96
22,41|72,98|4,91|98,83|17,95|33,7|91,79|83,73|6,35|80,17|72,68|41,33|72,22|72,90|72,48|48,80|37,6|90,4|73,20|68,37/72,95=72,48,80,17,95
69,62|11,35|57,11|76,69|76,79|62,21|23,6|76,57|47,49|49,40|35,98|72,66|66,10|21,70|76,80|24,12|80,47|79,72|76,23|6,24/76,10=76,79,72,66,10
0,14|22,23|71,30|7,0|61,81|61,7|23,76|29,20|14,72|73,22|61,48|90,83|59,66|83,71|61,73|61,90|81,29|20,80|48,16|16,59/61,72=61,7,0,14,72
80,70|28,35|9,96|80,28|32,71|30,45|57,52|52,83|36,64|80,57|83,12|54,38|35,32|70,9|80,48|38,59|48,54|64,30|96,3|80,36/80,71=80,28,35,32,71
82,73|73,78|56,85|50,68|82,23|41,35|0,29|78,41|18,0|75,54|68,19|82,56|52,18|9,27|82,52|46,21|85,75|21,9|82,46|23,50/82,19=82,23,50,68,19
79,59|90,12|80,85|7,28|23,92|58,62|62,91|58,8|34,5|91,23|27,29|58,80|8,41|85,34|41,27|58,7|28,68|12,79|58,90|68,26/58,26=58,7,28,68,26
0,94|50,35|11,81|59,92|27,34|13,32|45,59|0,55|0,45|72,53|0,12|55,72|54,50|94,54|92,76|0,27|12,64|53,79|34,13|64,11/0,79=0,55,72,53,79
6,5|46,81|73,54|91,35|29,63|84,0|11,91|35,42|5,84|6,73|6,7|81,30|6,11|7,46|54,31|52,29|31,74|6,64|0,71|64,52/6,74=6,73,54,31,74
88,55|71,21|52,71|15,76|88,14|48,94|88,98|14,13|88,67|94,49|99,89|26,3|67,26|64,63|13,64|98,48|89,15|88,99|3,97|55,52/88,49=88,98,48,94,49
77,71|60,72|27,35|56,77|50,39|43,64|65,50|26,10|72,56|46,54|53,65|35,46|60,43|59,73|60,37|10,81|60,53|37,26|60,27|64,59/60,71=60,72,56,77,71
39,25|63,66|32,23|87,82|36,32|52,87|67,74|63,5|96,52|66,6|25,31|63,18|64,65|63,96|18,39|23,78|65,83|6,67|63,36|5,64/63,78=63,36,32,23,78
80,76|95,49|95,40|49,51|13,44|40,80|73,15|54,62|95,73|95,14|78,39|19,5|39,30|51,19|14,54|15,13|95,78|76,47|62,12|30,1/95,47=95,40,80,76,47
68,46|33,42|14,11|9,80|2,86|8,33|11,25|86,81|68,9|21,75|88,8|74,14|80,32|48,21|68,88|68,74|68,65|32,44|46,2|65,48/68,42=68,88,8,33,42
59,28|58,62|27,94|58,31|28,14|65,92|31,27|30,44|45,48|92,43|48,18|62,45|94,78|58,65|58,9|44,34|9,59|43,56|58,30|34,89/58,14=58,9,59,28,14
65,79|95,33|42,96|33,88|6,95|37,60|42,65|42,6|98,71|42,18|96,76|42,46|79,98|18,89|36,5|89,36|54,43|76,54|46,24|24,37/42,71=42,65,79,98,71
31,94|26,68|86,85|88,46|36,81|20,90|2,31|24,45|85,76|25,86|2,20|2,7|7,16|46,36|2,25|2,88|16,24|65,44|94,65|90,26/2,45=2,7,16,24,45
4,20|15,53|27,4|96,5|69,19|27,69|71,17|19,39|27,84|39,76|81,62|84,66|27,74|66,15|87,78|20,96|32,81|27,71|74,32|17,87/27,53=27,84,66,15,53
51,75|26,17|98,69|26,71|69,12|43,8|36,51|8,64|64,88|17,36|26,59|71,57|21,98|59,13|13,40|26,21|40,93|57,47|47,31|26,43/26,93=26,59,13,40,93
63,21|79,11|49,72|72,98|49,79|23,53|21,87|49,55|11,37|37,38|53,57|96,83|98,96|55,33|49,63|33,30|57,40|30,39|49,23|87,65/49,38=49,79,11,37,38
20,94|32,46|86,20|86,93|73,84|94,32|92,77|1,50|54,18|13,71|84,54|86,22|93,13|71,78|61,1|77,36|10,61|22,92|86,73|86,10/86,18=86,73,84,54,18
73,18|96,25|44,73|14,37|37,56|44,53|71,99|88,40|53,39|81,42|18,88|39,52|12,14|44,12|99,96|52,9|79,61|44,81|44,71|42,79/44,56=44,12,14,37,56
9,91|34,13|49,8|80,41|34,93|51,2|5,45|45,97|91,80|48,49|96,1|13,86|27,48|86,73|1,51|34,27|34,96|73,55|93,5|34,9/34,8=34,27,48,49,8
74,2|74,60|2,7|30,68|41,30|68,49|65,9|9,56|60,42|51,1|74,50|74,41|25,95|74,65|7,25|42,40|69,51|40,28|56,44|50,69/74,49=74,41,30,68,49
16,18|58,52|9,58|18,33|29,97|73,16|60,89|89,69|53,73|6,5|53,60|53,78|97,19|5,99|53,6|53,3|69,56|78,9|99,82|3,29/53,52=53,78,9,58,52
61,70|46,7|20,84|73,55|82,47|9,75|91,56|47,91|0,68|66,73|27,19|19,90|75,27|9,82|68,61|9,36|9,0|36,66|9,20|84,46/9,55=9,36,66,73,55
48,24|12,1|56,12|56,86|54,13|28,90|1,75|56,28|56,22|13,44|71,26|22,54|90,71|75,69|81,39|39,48|56,81|10,65|86,72|72,10/56,24=56,81,39,48,24
91,61|13,46|90,4|1,13|39,26|94,75|74,54|43,1|43,74|46,98|52,53|30,99|27,30|43,68|54,94|43,90|4,39|43,52|68,27|53,91/43,75=43,74,54,94,75
77,91|64,21|64,63|55,53|64,69|24,38|21,94|74,55|99,89|91,16|47,26|26,65|15,77|69,74|64,15|80,99|94,24|89,61|64,80|63,47/64,16=64,15,77,91,16
26,91|83,23|60,77|48,32|65,42|68,43|83,26|83,90|23,17|74,51|84,22|17,84|88,63|90,74|91,48|42,88|83,60|77,68|51,66|83,65/83,32=83,26,91,48,32
59,85|58,42|42,33|58,57|33,93|65,54|93,55|85,90|62,79|57,59|58,18|56,30|79,16|16,34|37,56|58,62|18,65|30,86|54,8|58,37/58,34=58,62,79,16,34
58,54|24,81|35,4|58,3|58,8|39,24|3,40|54,83|83,99|58,68|8,27|52,66|68,32|58,39|40,35|81,9|99,21|27,52|32,93|93,71/58,4=58,3,40,35,4
67,80|55,3|75,21|55,10|64,60|39,8|3,71|71,35|21,40|70,16|55,99|77,81|60,67|35,56|99,86|86,39|16,77|10,75|55,70|55,64/55,8=55,99,86,39,8
17,56|89,52|72,48|1,74|56,78|51,67|77,90|39,29|1,17|52,57|1,79|78,49|1,51|74,89|48,3|92,77|7,92|67,39|1,7|79,72/1,49=1,17,56,78,49
1,25|90,18|92,90|92,28|5,4|50,5|97,1|32,99|20,55|92,72|99,87|60,20|92,60|18,8|55,24|72,32|92,97|25,53|8,56|28,50/92,53=92,97,1,25,53
56,34|90,9|95,10|34,45|57,95|38,91|38,56|46,2|80,90|2,99|38,48|45,96|9,44|99,84|38,46|60,11|38,80|11,50|48,57|91,60/38,96=38,56,34,45,96
32,26|30,8|92,45|91,24|49,33|41,59|63,41|49,83|49,3|49,91|83,6|33,63|49,92|24,32|48,42|45,9|6,48|3,39|9,31|39,30/49,59=49,33,63,41,59
97,2|93,3|18,44|18,39|72,20|18,14|45,97|35,46|61,29|44,35|53,72|39,61|18,80|18,26|26,45|3,8|14,93|29,52|46,99|80,53/18,2=18,26,45,97,2
28,60|3,66|77,65|15,39|10,22|49,90|66,21|49,28|78,77|21,61|0,58|49,10|22,84|49,78|84,72|90,87|49,3|65,51|87,15|60,0/49,72=49,10,22,84,72
43,88|43,69|58,15|0,78|13,12|62,91|87,13|43,29|69,27|65,24|15,42|31,58|30,65|1,87|88,30|84,0|43,1|27,62|29,84|43,31/43,78=43,29,84,0,78
79,59|66,69|79,95|88,6|92,41|25,66|13,39|79,19|95,80|54,13|22,35|6,27|79,94|38,54|19,88|80,92|79,38|59,25|8,22|94,8/79,35=79,94,8,22,35
89,9|19,60|62,61|15,63|85,89|15,85|24,47|26,5|71,42|15,19|15,26|15,1|42,40|1,93|60,62|5,24|79,73|93,79|63,71|9,14/15,73=15,1,93,79,73
69,10|89,36|16,73|87,61|40,81|87,89|87,64|71,93|87,31|50,86|31,30|87,71|64,22|61,69|36,50|10,75|26,94|30,16|22,40|93,26/87,94=87,71,93,26,94
30,10|59,11|98,22|49,50|46,59|31,32|72,25|22,49|23,68|30,23|86,31|0,86|68,38|25,27|30,98|30,0|38,18|10,72|39,46|30,39/30,50=30,98,22,49,50
92,60|6,41|1,67|94,48|29,39|41,94|1,91|97,80|7,16|1,92|72,36|16,83|60,72|1,6|10,29|80,87|1,97|87,24|91,7|67,10/1,36=1,92,60,72,36
83,10|1,75|82,4|55,36|55,6|75,60|98,0|6,1|61,82|10,89|79,90|0,79|36,96|23,61|89,58|55,98|99,88|55,83|55,23|96,99/55,90=55,98,0,79,90
15,75|16,36|12,92|9,33|12,61|22,16|99,77|36,21|39,60|12,99|12,22|77,79|75,39|61,40|33,47|12,15|79,78|92,9|40,20|20,18/12,78=12,99,77,79,78
36,48|55,32|99,87|44,31|29,43|22,44|32,75|88,99|29,28|6,77|9,36|29,80|17,6|80,17|43,9|28,22|29,88|29,55|75,54|87,33/29,33=29,88,99,87,33
20,70|69,36|45,96|62,84|36,41|41,34|12,88|45,62|70,76|79,99|6,74|85,79|74,0|96,85|2,20|45,69|45,59|59,6|45,2|84,12/45,0=45,59,6,74,0
58,75|30,6|59,78|2,53|49,56|67,69|6,8|84,95|2,59|56,92|62,67|2,15|81,33|95,58|94,62|78,81|53,49|2,94|2,84|15,30/2,33=2,59,78,81,33
61,69|92,82|92,19|92,88|92,60|33,37|78,16|69,86|92,98|80,13|2,7|60,2|13,14|7,91|82,61|97,78|23,33|19,97|88,23|98,80/92,91=92,60,2,7,91
78,72|76,66|74,81|0,14|0,60|19,37|72,48|73,19|91,76|54,3|60,32|3,84|66,30|0,91|32,74|0,64|0,78|48,96|14,73|64,54/0,84=0,64,54,3,84
85,0|43,65|62,14|43,31|61,86|43,62|17,69|12,63|71,56|46,12|8,13|43,61|31,5|65,85|39,46|14,8|5,17|43,39|86,71|0,96/43,13=43,62,14,8,13
65,64|72,46|12,17|90,6|22,25|88,14|12,20|46,73|52,82|2,83|25,5|12,2|82,87|6,65|12,90|12,51|17,52|51,22|20,72|83,88/12,87=12,17,52,82,87
8,87|86,18|94,50|92,71|90,92|8,90|59,34|18,59|71,62|6,28|11,9|87,27|8,94|1,11|8,86|8,46|88,55|50,88|46,1|27,6/8,34=8,86,18,59,34
90,56|84,74|42,12|12,67|95,64|69,84|71,48|71,90|31,59|59,81|48,35|81,6|51,69|29,42|35,95|46,34|71,29|56,46|71,51|71,31/71,74=71,51,69,84,74
60,54|44,31|55,14|16,97|54,1|97,45|68,16|49,60|90,83|55,68|14,90|55,80|61,44|80,88|83,32|69,62|55,17|88,69|55,49|17,61/55,62=55,80,88,69,62
24,93|58,71|83,57|8,4|93,15|83,8|57,16|66,32|85,58|83,85|71,35|5,0|63,22|16,33|33,11|87,24|83,87|4,66|0,63|83,5/83,22=83,5,0,63,22
85,48|57,75|7,56|29,57|75,68|81,77|56,70|53,15|26,81|53,73|15,9|19,67|73,85|70,97|77,64|53,29|48,34|53,7|53,26|9,19/53,97=53,7,56,70,97
57,30|45,28|14,41|7,32|91,17|6,91|77,4|32,15|16,50|48,7|29,45|29,16|29,6|50,57|41,77|17,66|29,48|29,14|70,43|28,70/29,4=29,14,41,77,4
99,62|16,50|5,73|63,23|66,5|14,34|23,16|62,12|14,63|14,70|70,26|26,57|83,45|14,99|45,81|12,98|14,78|34,83|78,66|57,71/14,98=14,99,62,12,98
42,2|30,50|73,49|45,98|45,39|98,10|39,73|45,56|10,13|45,4|49,14|13,89|4,16|60,87|2,0|16,30|53,42|45,53|87,12|56,60/45,0=45,53,42,2,0
71,2|2,80|4,17|43,73|21,87|64,71|32,36|21,32|62,6|56,92|6,56|70,86|36,70|21,62|38,43|46,78|21,4|21,64|87,38|17,46/21,78=21,4,17,46,78
64,88|64,83|49,42|88,43|65,19|83,65|87,50|29,76|43,26|2,29|10,21|64,49|42,10|76,16|64,2|26,52|19,27|64,85|85,68|68,87/64,50=64,85,68,87,50
28,19|73,21|19,56|8,80|29,28|65,73|48,12|40,79|29,8|80,11|95,90|29,65|29,48|11,7|21,59|42,40|56,54|41,42|12,95|29,41/29,79=29,41,42,40,79
39,22|73,72|7,51|52,94|94,25|53,64|52,8|22,93|67,5|52,39|52,7|51,53|14,78|18,31|8,73|72,96|5,14|25,18|93,50|52,67/52,31=52,94,25,18,31
66,70|66,72|60,95|70,9|21,63|76,80|66,31|8,98|67,78|2,60|87,55|72,2|31,67|78,12|83,21|9,8|66,83|66,87|55,76|63,3/66,12=66,31,67,78,12
17,37|38,92|6,83|59,67|63,13|36,22|83,29|63,7|0,6|15,8|63,0|63,85|85,70|7,17|13,32|63,15|70,36|32,38|8,59|37,71/63,22=63,85,70,36,22
15,97|85,26|82,8|51,17|17,24|94,33|87,91|0,32|43,0|37,51|14,69|58,87|58,37|58,94|58,82|98,43|58,98|33,15|91,14|8,85/58,26=58,82,8,85,26
81,44|61,16|5,63|89,31|30,28|21,89|31,79|25,81|28,69|30,61|14,76|1,10|30,14|16,5|76,1|30,21|44,58|82,74|30,25|69,82/30,58=30,25,81,44,58
84,83|20,98|88,54|84,53|53,92|57,6|41,48|42,41|93,9|33,88|48,99|84,93|98,73|9,57|84,20|86,77|73,7|83,33|84,42|92,86/84,7=84,20,98,73,7
23,46|12,47|2,6|24,39|47,2|51,19|24,16|22,70|24,12|24,57|24,22|39,23|57,66|88,51|70,43|43,37|16,88|9,74|46,63|66,9/24,37=24,22,70,43,37
67,24|97,72|72,84|32,67|69,14|43,78|14,18|32,97|84,71|11,69|32,43|80,93|32,11|60,45|32,57|78,60|24,80|87,54|57,87|54,58/32,18=32,11,69,14,18
85,27|80,12|99,45|33,7|17,80|7,95|37,85|37,34|50,17|37,72|37,50|47,32|51,78|67,47|72,51|27,99|71,33|37,71|78,41|34,67/37,41=37,72,51,78,41
62,20|79,38|20,35|70,19|19,90|90,52|91,98|69,8|87,14|37,91|59,69|79,59|38,62|79,46|79,37|46,25|25,87|79,70|98,95|8,88/79,35=79,38,62,20,35
20,48|85,98|32,73|20,42|5,76|99,74|37,71|42,32|65,37|12,60|76,85|20,28|28,12|48,99|20,5|24,65|74,43|73,50|20,24|60,89/20,43=20,48,99,74,43
75,48|18,73|29,19|36,15|20,81|82,99|44,90|99,92|73,20|19,75|87,44|70,83|15,70|92,69|18,29|18,82|18,53|53,87|18,36|81,1/18,48=18,29,19,75,48
58,59|4,96|34,58|33,67|43,57|36,50|50,11|4,79|9,75|59,69|4,34|24,43|4,24|37,36|96,44|57,39|99,33|44,9|79,99|4,37/4,69=4,34,58,59,69
80,66|83,80|66,88|88,74|83,1|83,39|83,28|85,59|83,79|99,10|39,85|10,12|59,46|7,29|29,55|6,0|1,99|28,8|79,7|8,6/83,12=83,1,99,10,12
52,57|87,64|51,77|52,96|69,56|77,80|31,87|17,41|54,88|88,10|52,31|52,17|41,1|1,32|29,69|57,51|56,47|96,54|64,91|52,29/52,10=52,96,54,88,10
68,76|58,75|67,18|24,4|8,37|19,8|18,62|37,58|10,91|19,34|19,10|22,16|19,67|77,68|39,77|16,50|19,39|62,45|34,22|91,24/19,45=19,67,18,62,45
20,14|40,83|20,47|36,78|95,24|76,15|83,44|28,95|20,38|14,76|56,99|91,36|47,40|15,25|20,45|2,56|45,2|78,3|20,91|38,28/20,24=20,38,28,95,24
61,35|73,40|61,82|55,68|35,55|71,30|84,6|61,59|59,12|61,78|56,16|40,32|16,10|78,56|62,73|61,62|82,95|68,28|95,71|12,84/61,6=61,59,12,84,6
81,87|20,93|43,95|9,8|37,96|50,22|39,43|68,54|5,39|14,20|81,24|54,47|81,37|81,5|24,14|81,9|46,32|87,68|8,50|96,46/81,32=81,37,96,46,32
23,65|4,56|25,54|74,82|54,45|56,86|25,46|85,15|15,74|27,42|22,23|42,96|73,34|25,4|25,40|25,85|86,9|45,73|40,22|46,27/25,9=25,4,56,86,9
62,35|5,79|86,30|28,77|34,62|64,90|79,59|8,86|97,14|90,16|59,97|5,57|5,43|5,34|57,64|77,99|43,28|35,55|0,8|5,0/5,16=5,57,64,90,16
64,84|12,30|45,64|82,9|15,4|0,21|31,70|60,12|15,0|15,45|21,82|84,78|61,31|70,34|15,56|97,6|4,60|15,61|6,43|56,97/15,78=15,45,64,84,78
29,76|7,3|7,99|76,79|35,88|73,23|7,45|6,54|3,29|17,70|99,83|38,13|7,38|13,73|45,35|70,26|88,14|7,43|43,17|83,6/7,23=7,38,13,73,23
25,35|71,58|46,25|68,4|68,71|68,3|68,82|79,46|4,65|5,97|39,66|58,37|66,98|96,17|82,5|37,26|65,96|97,86|68,79|3,39/68,35=68,79,46,25,35
89,6|72,15|88,82|88,75|15,30|30,25|33,86|71,5|82,33|88,66|12,89|75,80|88,12|66,71|80,26|86,20|6,41|5,94|88,72|26,11/88,20=88,82,33,86,20
46,61|13,39|90,27|1,13|30,98|94,75|74,54|43,1|43,74|39,99|52,4|91,26|53,91|43,68|54,94|43,90|27,30|43,52|68,53|4,46/43,75=43,74,54,94,75
30,94|99,81|19,54|40,11|17,84|36,25|85,12|55,19|20,17|40,61|40,85|40,30|11,20|12,59|49,99|59,2|40,45|61,55|94,36|45,49/40,2=40,85,12,59,2
58,20|27,18|81,54|12,26|47,49|97,5|12,81|31,70|12,45|54,97|45,7|7,47|21,27|71,58|26,31|12,32|12,21|32,71|70,39|18,34/12,34=12,21,27,18,34
13,72|89,40|30,48|32,92|63,67|30,32|65,46|30,71|42,85|71,65|67,39|30,5|30,57|57,69|46,22|69,89|48,63|64,42|92,13|5,64/30,22=30,71,65,46,22
77,51|37,98|83,41|45,67|98,60|82,83|77,59|58,91|77,37|5,68|51,50|60,4|15,75|77,15|75,58|43,45|59,43|41,28|77,82|50,5/77,91=77,15,75,58,91
58,32|20,87|79,72|87,14|7,30|84,69|6,79|20,95|20,7|20,84|86,93|69,86|14,58|97,85|20,66|15,53|66,6|30,15|85,18|95,97/20,93=20,84,69,86,93
77,83|34,95|85,37|14,50|1,14|61,77|50,78|87,34|85,13|85,75|85,1|83,96|69,53|37,30|41,70|9,69|85,61|75,9|30,41|13,87/85,95=85,13,87,34,95
99,97|84,2|47,80|19,84|19,23|49,3|80,27|19,70|27,76|35,99|70,49|14,37|2,15|19,56|50,14|56,50|15,67|23,35|19,47|3,7/19,37=19,56,50,14,37
17,80|20,65|17,14|73,15|17,19|14,48|17,20|68,64|71,9|64,71|80,84|65,73|50,54|28,37|54,97|19,50|17,68|95,36|48,95|84,28/17,97=17,19,50,54,97
66,46|64,60|13,63|99,57|95,98|57,85|60,16|66,32|32,99|66,13|9,83|63,14|66,64|66,69|69,9|14,30|98,24|16,84|83,2|46,95/66,24=66,46,95,98,24
46,51|99,95|57,46|92,60|54,99|91,15|92,7|93,86|8,57|68,18|71,93|60,65|65,68|15,85|95,20|7,71|92,8|92,54|92,42|42,91/92,51=92,8,57,46,51
22,39|22,54|22,13|96,91|8,46|83,4|78,80|22,38|65,61|13,65|39,27|54,35|89,30|91,73|38,96|61,41|27,83|35,89|22,8|46,78/22,41=22,13,65,61,41
4,97|13,16|57,13|19,64|19,99|16,52|58,34|19,57|73,90|19,30|97,40|90,78|86,7|99,58|64,21|34,56|78,44|19,73|30,4|21,86/19,40=19,30,4,97,40
96,95|69,43|4,62|41,29|93,20|12,40|39,73|43,0|69,39|99,96|73,4|89,99|69,58|71,12|20,6|58,93|0,41|69,89|40,85|69,71/69,62=69,39,73,4,62
25,87|34,73|62,90|90,84|16,65|87,64|41,85|25,75|5,41|72,10|75,5|65,6|64,34|78,16|25,33|33,62|25,72|35,17|10,35|25,78/25,85=25,75,5,41,85
63,43|7,10|51,74|84,7|51,99|51,6|99,63|80,85|93,11|55,84|92,12|12,93|38,37|43,29|56,80|74,38|37,91|51,92|51,55|6,56/51,29=51,99,63,43,29
84,27|74,52|74,17|23,95|59,4|83,5|17,6|82,40|74,84|19,99|48,53|74,19|62,23|52,62|6,59|11,56|99,11|27,82|53,83|74,48/74,40=74,84,27,82,40
20,95|69,43|4,62|96,85|93,40|0,41|39,73|43,99|69,39|12,20|73,4|89,12|69,58|71,0|40,29|58,93|99,96|69,89|41,6|69,71/69,62=69,39,73,4,62
70,89|78,33|89,17|47,62|32,70|86,74|15,86|14,42|47,14|33,52|74,63|62,78|19,24|24,55|47,19|47,32|80,18|55,50|42,80|47,15/47,63=47,15,86,74,63
3,56|57,1|64,55|35,6|6,3|79,50|35,64|35,30|1,81|55,79|27,89|35,57|25,76|89,28|76,45|66,25|30,27|81,36|35,66|56,42/35,50=35,64,55,79,50
74,4|38,29|34,72|33,10|3,15|84,56|25,84|64,33|72,80|80,79|64,25|64,34|64,41|64,24|41,48|10,38|24,66|66,74|56,91|48,3/64,4=64,24,66,74,4
26,96|53,11|42,80|80,94|95,12|95,79|20,98|95,22|94,1|98,59|95,42|18,53|79,10|10,71|12,20|95,64|64,18|43,26|22,43|71,7/95,96=95,22,43,26,96
59,20|14,54|72,21|54,29|34,74|14,59|24,32|51,86|56,34|99,51|5,30|74,58|14,2|2,99|30,72|14,5|14,56|29,83|20,24|83,26/14,26=14,54,29,83,26
78,77|29,78|40,61|29,31|15,14|51,54|44,38|94,51|14,37|33,44|1,32|90,94|29,90|37,7|75,33|31,40|29,15|61,88|29,75|77,1/29,54=29,90,94,51,54
87,72|3,84|27,81|27,47|72,57|19,64|55,41|27,98|81,87|42,17|47,55|31,3|17,49|64,48|41,10|27,31|27,92|92,42|84,11|98,19/27,11=27,31,3,84,11
48,78|1,13|40,50|27,44|33,2|10,91|27,94|13,97|44,10|27,58|27,87|26,33|58,26|78,16|94,1|84,40|27,84|91,62|50,80|87,48/27,62=27,44,10,91,62
44,28|64,87|3,47|11,67|50,74|29,44|3,29|47,17|45,7|87,55|28,35|17,83|3,18|90,50|3,33|18,90|3,45|33,64|7,11|83,57/3,74=3,18,90,50,74
84,83|20,98|48,77|84,53|53,9|88,6|92,86|42,92|93,41|33,48|86,54|84,93|98,73|41,88|84,20|57,99|73,7|83,33|84,42|9,57/84,7=84,20,98,73,7
30,58|97,26|30,68|32,74|35,77|74,87|50,35|68,11|70,71|71,14|24,65|30,25|25,50|42,32|58,85|14,41|30,42|85,24|11,97|30,70/30,41=30,70,71,14,41
91,74|0,31|39,86|81,97|54,23|49,54|56,20|32,49|74,60|47,28|14,73|99,56|20,5|0,47|97,14|28,39|0,32|0,99|0,81|31,91/0,23=0,32,49,54,23
25,87|65,6|64,35|35,17|62,34|87,16|41,85|25,75|5,41|72,10|75,5|34,84|16,65|78,62|25,33|33,64|25,72|90,73|10,90|25,78/25,85=25,75,5,41,85
97,36|7,27|17,97|7,79|96,14|72,17|7,40|16,85|7,25|7,72|41,38|35,24|31,16|27,54|25,31|63,41|24,80|54,96|40,35|79,63/7,38=7,79,63,41,38
52,23|50,42|50,52|84,97|2,48|97,73|36,6|42,35|50,99|50,29|29,13|83,25|99,12|13,36|50,40|35,2|23,83|21,89|40,84|12,21/50,89=50,99,12,21,89
37,60|13,17|6,98|47,64|83,65|45,83|72,47|64,63|26,94|45,26|65,6|45,72|27,21|50,76|45,37|45,24|94,27|76,93|24,50|60,13/45,98=45,83,65,6,98
96,16|77,82|82,0|29,2|0,71|34,89|48,34|77,96|77,48|42,20|71,39|86,29|16,85|89,92|77,60|77,86|2,45|20,23|85,81|60,42/77,45=77,86,29,2,45
76,41|10,33|41,51|33,70|70,94|99,35|76,10|93,88|17,61|22,57|59,67|96,63|51,96|67,93|76,17|57,99|61,74|74,87|76,59|76,22/76,63=76,41,51,96,63
60,23|88,34|60,59|59,58|60,37|33,61|23,88|61,3|28,9|8,2|60,8|54,94|60,33|9,36|34,73|2,92|37,28|92,35|58,54|3,83/60,36=60,37,28,9,36
54,48|52,35|36,45|63,37|34,21|34,36|34,54|53,24|5,92|45,5|76,99|85,63|10,52|34,73|48,53|34,91|67,76|91,10|73,67|21,85/34,92=34,36,45,5,92
63,76|5,70|3,20|78,34|63,28|72,21|38,37|56,35|37,43|43,92|76,5|63,38|77,88|28,12|21,56|12,3|70,13|63,77|88,78|63,72/63,35=63,72,21,56,35
30,18|87,22|87,50|82,44|5,11|50,90|87,84|87,15|15,3|18,93|52,78|89,53|84,9|9,1|90,52|44,89|87,82|3,5|22,30|1,70/87,11=87,15,3,5,11
20,67|39,29|98,9|65,5|29,22|9,39|98,23|5,32|98,80|23,65|89,4|83,92|80,24|24,83|4,20|64,68|98,64|98,89|6,25|68,6/98,92=98,80,24,83,92
9,41|74,2|2,62|12,27|27,94|88,40|62,20|20,96|74,55|77,21|89,9|29,12|55,77|40,25|74,67|74,88|67,89|25,58|21,93|74,29/74,41=74,67,89,9,41
59,13|21,2|76,96|98,70|96,97|97,55|69,50|95,98|2,59|6,76|6,81|6,95|87,40|6,21|50,31|81,69|4,58|70,1|58,87|6,4/6,31=6,81,69,50,31
33,62|62,8|4,92|6,61|39,66|22,57|18,39|1,18|22,49|92,98|44,0|8,70|40,44|49,40|61,81|57,6|22,4|22,1|98,97|22,33/22,66=22,1,18,39,66
12,56|69,59|39,50|39,97|24,69|39,12|39,20|97,1|59,14|20,96|18,23|3,85|41,18|1,49|96,72|56,3|39,24|50,41|72,8|49,36/39,14=39,24,69,59,14
16,34|83,70|48,10|47,45|16,35|10,63|58,83|16,19|12,17|19,58|16,37|31,6|35,48|37,64|67,12|34,31|17,51|64,47|6,84|16,67/16,70=16,19,58,83,70
56,61|81,1|26,84|15,89|24,5|84,92|56,26|54,15|92,62|12,24|22,88|88,19|56,12|56,28|61,57|82,22|5,36|28,54|56,82|57,81/56,36=56,12,24,5,36
35,69|71,15|10,32|10,71|32,33|33,85|10,35|29,22|10,23|23,98|98,29|69,27|42,47|15,76|76,68|66,42|10,66|85,62|27,64|47,48/10,22=10,23,98,29,22
45,99|26,97|0,67|19,80|19,33|91,0|47,26|51,45|49,65|19,91|19,47|97,86|33,1|19,84|1,36|84,51|36,54|67,87|55,49|80,55/19,87=19,91,0,67,87
56,72|97,18|88,82|64,11|69,46|25,55|33,25|69,97|85,88|86,6|65,92|70,33|36,66|18,36|46,85|69,70|11,86|72,65|69,56|69,64/69,6=69,64,11,86,6
57,15|6,71|27,28|0,8|15,65|35,0|76,35|93,83|65,4|76,57|88,80|81,62|28,93|8,78|76,27|80,52|52,13|62,6|76,88|76,81/76,13=76,88,80,52,13
21,88|56,70|92,51|90,9|85,21|2,97|90,11|51,35|33,83|55,92|9,85|90,2|95,17|90,71|97,95|70,0|83,22|11,33|90,55|71,56/90,88=90,9,85,21,88
84,9|45,65|9,81|51,62|33,8|84,46|84,33|11,45|75,21|21,20|84,96|14,52|2,44|8,2|83,51|81,14|96,11|46,83|98,75|84,98/84,44=84,33,8,2,44
81,48|48,98|22,64|22,52|17,44|37,61|7,38|53,81|52,2|38,89|28,12|18,11|64,94|61,17|22,37|2,18|94,28|22,53|22,7|89,66/22,12=22,64,94,28,12
66,68|29,59|49,48|64,27|27,49|60,98|64,91|4,17|41,84|48,34|64,60|22,41|59,4|68,80|98,19|64,29|64,22|19,3|84,43|91,66/64,3=64,60,98,19,3
21,17|34,87|68,15|17,40|42,83|19,42|55,74|9,19|74,21|97,12|25,67|44,93|24,82|55,97|93,24|55,9|55,34|12,68|87,25|55,44/55,40=55,74,21,17,40
84,27|74,52|74,17|59,4|23,56|11,95|17,53|82,40|74,84|19,99|48,62|74,19|6,59|52,6|53,23|83,5|99,83|27,82|62,11|74,48/74,40=74,84,27,82,40
14,35|26,11|54,93|29,87|11,63|10,90|70,84|46,82|76,10|35,66|81,94|46,29|84,81|65,26|46,76|82,14|87,54|46,70|90,5|46,65/46,94=46,70,84,81,94
55,56|69,90|53,52|20,55|6,37|69,2|76,20|90,0|9,17|54,42|69,54|2,53|69,76|84,8|0,7|42,84|37,9|52,16|7,28|69,6/69,17=69,6,37,9,17
9,2|79,30|68,31|7,68|93,81|38,32|79,38|39,34|74,45|79,5|58,97|86,74|97,63|79,9|30,7|5,58|2,93|79,86|32,39|45,78/79,63=79,5,58,97,63
98,87|48,11|47,71|47,37|75,86|9,1|57,48|24,15|87,23|47,2|86,63|15,17|71,75|47,62|78,9|62,98|37,57|2,78|17,96|47,24/47,11=47,37,57,48,11
5,22|34,3|33,48|17,75|60,1|44,28|33,34|33,60|22,44|1,65|92,52|55,45|33,92|3,15|16,17|65,78|33,5|52,55|15,67|48,16/33,45=33,92,52,55,45
63,85|94,68|57,67|56,72|74,94|57,30|30,63|57,19|85,34|7,55|72,75|88,74|49,7|2,79|57,51|57,88|51,83|83,2|19,56|67,49/57,34=57,30,63,85,34
29,84|82,19|97,66|29,21|39,92|37,82|75,41|29,49|29,65|49,3|21,95|29,46|3,27|81,97|65,37|46,18|27,26|84,81|18,75|95,39/29,19=29,65,37,82,19
67,54|63,53|21,56|88,67|71,63|70,80|54,25|82,55|53,18|21,15|80,17|21,82|21,88|48,92|10,47|21,71|56,70|15,10|47,73|55,48/21,73=21,15,10,47,73
6,86|46,28|46,8|55,52|54,26|58,94|28,58|46,13|94,23|52,32|46,27|8,55|79,54|27,36|95,18|38,6|36,95|25,79|13,38|46,25/46,23=46,28,58,94,23
60,24|73,88|9,56|73,45|73,83|73,11|11,27|27,2|2,99|73,60|45,90|90,57|88,14|34,31|57,18|68,34|83,68|14,9|86,4|24,86/73,18=73,45,90,57,18
92,80|38,86|38,37|49,5|38,12|48,25|38,20|27,10|1,83|10,92|38,27|84,49|86,84|16,1|20,90|12,16|90,48|66,93|93,45|37,66/38,80=38,27,10,92,80
56,95|95,63|76,92|76,56|34,94|1,55|63,12|45,59|76,34|76,1|85,8|74,14|27,4|33,50|55,27|50,5|76,85|8,74|92,33|94,45/76,4=76,1,55,27,4
11,69|93,28|99,93|11,90|92,10|69,29|12,18|10,43|77,32|31,99|61,92|70,73|32,3|11,61|11,31|11,77|29,70|3,84|90,12|18,60/11,43=11,61,92,10,43
38,88|53,17|38,78|68,62|62,64|16,80|38,26|26,35|74,55|34,13|77,34|35,16|47,74|78,68|88,53|38,77|38,12|12,47|13,32|17,82/38,80=38,26,35,16,80
8,36|55,12|61,8|69,61|69,16|48,1|1,22|69,42|56,54|69,27|36,49|94,97|69,46|27,90|90,94|54,33|46,52|42,48|16,56|52,55/69,97=69,27,90,94,97
64,63|11,30|99,71|73,64|66,21|30,33|21,59|71,96|72,54|54,41|72,11|70,91|72,73|63,35|72,99|33,87|59,40|41,70|96,42|72,66/72,91=72,54,41,70,91
6,92|1,86|58,43|61,1|43,6|66,97|32,30|3,38|50,3|38,52|92,76|58,50|30,94|97,17|58,10|58,61|58,28|86,78|28,32|10,66/58,94=58,28,32,30,94
61,90|0,55|23,11|0,49|56,70|70,73|49,9|0,18|98,7|92,98|55,23|73,17|9,61|5,22|22,24|18,92|93,5|0,56|0,93|11,86/0,17=0,56,70,73,17
3,81|35,88|74,3|10,28|90,15|35,57|11,49|35,26|35,25|54,10|15,38|26,34|77,75|57,11|34,77|25,54|35,90|88,74|49,33|38,36/35,28=35,25,54,10,28
58,28|20,7|20,48|20,63|45,61|61,77|80,71|96,49|63,80|22,43|97,26|48,31|28,22|20,58|20,47|7,45|94,96|47,94|71,69|31,97/20,26=20,48,31,97,26
58,86|24,76|63,24|17,68|17,46|67,21|75,92|54,70|68,31|28,87|86,54|51,11|5,75|31,51|17,67|1,63|46,5|17,58|17,1|21,28/17,11=17,68,31,51,11
71,95|68,71|0,35|48,53|95,87|68,80|80,91|68,92|87,43|91,0|59,67|68,2|55,76|53,31|67,21|21,49|98,55|2,98|92,48|68,59/68,35=68,80,91,0,35
13,99|73,41|9,91|2,46|39,13|91,70|14,25|90,94|99,69|41,75|90,39|49,24|1,78|90,37|78,14|37,73|90,2|94,9|90,1|46,49/90,24=90,2,46,49,24
28,19|19,82|11,32|22,29|48,6|58,77|97,95|86,55|95,11|1,97|1,58|1,75|77,12|55,22|6,56|56,62|1,86|1,48|75,28|12,26/1,82=1,75,28,19,82
57,70|54,84|88,57|26,46|12,32|97,1|17,8|97,88|97,12|74,72|70,65|7,50|46,30|97,7|1,26|72,98|18,74|32,54|50,17|97,18/97,84=97,12,32,54,84
5,59|12,93|5,98|59,61|5,13|89,87|47,90|61,57|87,23|13,12|63,75|90,4|10,63|93,85|26,89|75,42|57,77|98,47|5,10|5,26/5,4=5,98,47,90,4
74,14|41,37|71,86|3,16|76,93|45,74|37,18|16,6|41,1|87,27|41,76|96,3|1,45|18,87|41,71|86,94|94,99|22,57|41,96|93,22/41,6=41,96,3,16,6
47,34|34,13|47,37|73,2|46,95|33,30|86,88|75,45|19,33|37,23|23,46|47,75|30,93|13,67|47,86|47,19|67,58|36,98|45,73|88,36/47,58=47,34,13,67,58
76,45|22,43|68,87|63,68|61,95|48,13|76,38|84,48|76,58|20,26|43,8|45,57|57,20|76,23|76,17|23,63|95,77|58,61|17,84|38,22/76,77=76,58,61,95,77
61,81|18,42|94,0|20,15|67,20|28,47|76,77|44,28|40,98|42,44|18,14|34,75|18,94|18,61|81,34|0,91|77,40|14,67|18,76|91,99/18,47=18,42,44,28,47
68,19|48,41|94,43|17,99|2,10|24,95|94,65|40,17|94,24|94,14|10,48|97,0|95,68|14,97|65,40|94,2|43,44|0,42|44,30|30,45/94,99=94,65,40,17,99
19,81|74,14|26,74|49,45|98,17|16,78|80,24|81,77|40,9|98,49|42,3|98,83|83,26|45,42|98,44|89,80|17,89|78,40|98,16|44,19/98,9=98,16,78,40,9
72,0|79,35|38,51|32,2|84,9|84,79|9,92|21,47|84,89|84,15|3,61|65,32|84,46|92,72|89,21|61,6|47,62|46,3|15,65|35,38/84,0=84,9,92,72,0
6,42|6,51|12,50|42,78|9,82|79,34|34,97|51,92|6,20|92,9|6,12|50,17|20,4|35,45|49,18|6,79|78,49|4,35|97,16|17,90/6,90=6,12,50,17,90
10,49|58,64|39,85|24,54|56,10|39,0|8,5|5,33|39,29|54,4|13,81|29,8|21,24|0,13|39,21|64,25|85,56|39,58|25,52|81,90/39,90=39,0,13,81,90
92,28|91,92|83,85|14,30|63,61|40,45|83,18|67,70|18,36|28,87|83,11|11,81|83,91|36,63|81,24|45,14|21,67|85,21|24,39|83,40/83,87=83,91,92,28,87
8,79|44,10|96,18|15,24|18,16|42,35|96,4|96,42|45,89|12,39|96,44|28,94|39,81|4,12|16,28|35,15|96,68|36,8|68,36|10,45/96,81=96,4,12,39,81
91,41|37,18|18,91|37,62|73,39|37,65|37,83|41,45|98,10|0,35|62,28|26,52|37,73|39,26|83,55|28,98|55,75|65,3|3,0|75,60/37,60=37,83,55,75,60
49,12|6,18|72,29|6,16|30,25|52,45|81,99|18,49|6,81|12,3|99,50|95,72|6,76|25,68|16,95|45,85|76,30|6,92|50,63|92,52/6,63=6,81,99,50,63
54,53|37,17|37,59|43,93|3,0|53,85|25,19|13,25|88,43|58,3|61,54|47,88|17,13|37,58|59,39|39,2|2,80|37,61|37,47|0,62/37,19=37,17,13,25,19
24,95|37,69|66,78|1,24|27,61|30,40|78,8|61,22|66,30|40,37|23,56|8,23|66,1|93,97|97,60|60,84|22,49|66,93|95,46|66,27/66,84=66,93,97,60,84
4,40|82,56|42,41|41,48|9,79|29,4|69,82|9,74|18,26|74,72|72,18|63,19|19,77|9,69|77,22|53,42|9,53|9,63|56,30|79,29/9,48=9,53,42,41,48
88,83|35,21|31,50|61,75|1,34|17,93|34,31|57,97|76,61|39,80|91,57|14,17|56,76|54,91|80,14|39,54|21,88|39,35|39,1|39,56/39,50=39,1,34,31,50
16,33|86,77|54,61|33,51|30,6|23,65|30,23|6,52|51,44|41,17|52,54|15,98|17,15|30,16|30,37|37,18|10,79|65,10|30,41|18,86/30,61=30,6,52,54,61
30,44|96,98|41,7|41,22|45,96|66,17|13,90|7,45|28,57|3,42|41,30|41,66|80,12|22,48|41,80|12,43|44,3|48,13|43,99|17,28/41,42=41,30,44,3,42
72,25|30,95|29,13|33,18|34,67|33,34|33,70|31,29|67,90|33,77|70,96|13,58|18,30|77,72|33,31|9,19|95,41|25,83|90,65|96,9/33,58=33,31,29,13,58
5,93|82,27|96,88|54,5|48,21|47,96|21,82|97,51|66,47|88,90|31,57|66,54|66,97|93,17|38,46|51,31|46,56|66,48|56,62|66,38/66,57=66,97,51,31,57
70,9|9,13|33,52|3,72|2,60|73,86|95,29|23,0|72,23|70,73|38,25|70,3|52,89|25,2|31,33|12,64|70,38|13,95|86,12|70,31/70,0=70,3,72,23,0
60,5|20,2|99,12|99,28|95,37|57,60|12,11|64,18|99,82|99,49|49,4|36,64|4,78|82,36|74,24|78,14|11,95|28,57|99,74|24,20/99,37=99,12,11,95,37
87,88|71,62|87,4|81,50|91,28|87,31|53,44|37,47|4,25|47,91|88,76|73,43|87,37|25,32|32,7|87,81|50,53|76,71|31,73|43,70/87,70=87,31,73,43,70
70,80|26,62|9,13|9,16|13,58|32,86|9,66|38,29|66,45|48,79|16,70|69,30|99,37|58,38|80,3|9,32|9,69|30,26|45,99|86,48/9,62=9,69,30,26,62
87,72|1,38|29,91|58,78|52,1|35,93|24,97|52,42|91,35|52,29|52,58|38,87|97,10|7,57|44,7|57,69|78,63|52,44|63,33|42,24/52,69=52,44,7,57,69
33,17|65,46|56,19|70,4|40,13|19,72|72,37|21,68|46,81|60,69|69,33|55,16|55,56|13,70|55,60|68,10|16,21|55,26|55,40|26,65/55,37=55,56,19,72,37
64,93|33,9|51,70|66,0|13,54|54,25|28,58|28,22|9,87|87,38|28,51|58,77|70,78|28,33|28,14|77,66|78,11|93,40|22,64|14,13/28,11=28,51,70,78,11
91,98|81,5|52,0|65,70|17,54|32,21|80,97|26,32|98,64|7,91|47,68|26,80|21,81|70,73|97,52|26,7|61,65|26,61|26,47|68,17/26,0=26,80,97,52,0
59,62|46,89|18,79|84,77|29,2|64,46|79,84|62,52|88,63|63,29|52,34|18,71|77,56|18,64|18,59|71,41|89,17|37,82|41,37|18,88/18,17=18,64,46,89,17
22,39|22,54|22,13|35,89|8,46|91,80|83,73|22,38|65,61|13,65|39,96|54,27|78,30|89,4|38,35|61,41|96,91|27,78|22,8|46,83/22,41=22,13,65,61,41
99,7|84,49|47,80|19,84|19,23|35,27|80,3|19,70|3,67|2,99|70,35|14,37|49,15|19,56|50,14|56,50|15,97|23,2|19,47|27,76/19,37=19,56,50,14,37
53,18|8,70|17,90|89,23|21,94|90,87|26,14|14,11|40,26|89,40|83,33|96,21|97,43|18,83|89,53|43,8|4,96|89,97|23,17|89,4/89,94=89,4,96,21,94
54,71|81,0|87,54|70,49|87,11|7,72|72,69|40,68|87,40|11,86|87,22|87,81|15,36|16,8|0,16|99,66|71,99|68,70|22,7|86,15/87,49=87,40,68,70,49
79,8|1,45|91,23|12,38|69,9|28,70|75,46|30,69|38,79|28,12|28,1|28,94|70,91|45,73|42,75|94,30|28,49|73,68|49,42|23,71/28,71=28,70,91,23,71
85,91|96,74|83,16|74,62|18,85|83,18|16,61|91,95|28,57|83,4|98,55|83,96|55,21|4,28|57,86|62,63|37,80|83,98|21,75|61,37/83,80=83,16,61,37,80
20,84|81,82|36,7|82,89|37,97|58,21|22,58|32,47|37,81|13,32|89,5|77,20|37,23|37,64|64,17|17,36|97,13|37,22|21,15|23,77/37,7=37,64,17,36,7
58,62|80,58|70,79|52,70|1,83|52,37|37,3|31,46|52,81|52,1|81,76|14,49|52,40|79,42|40,80|42,53|83,31|10,57|3,14|76,10/52,62=52,40,80,58,62
45,7|23,5|5,66|45,98|44,86|59,29|86,90|22,59|74,32|7,44|25,69|32,68|84,74|61,25|45,84|45,23|66,28|45,58|98,61|58,22/45,28=45,23,5,66,28
87,56|87,44|47,32|83,98|66,48|2,86|45,2|32,81|26,43|98,59|72,26|87,90|87,83|44,45|56,47|59,60|4,66|87,39|39,72|90,4/87,86=87,44,45,2,86
12,65|51,2|70,81|26,70|31,88|69,51|24,12|24,69|88,3|84,14|24,26|81,27|14,46|24,28|3,79|2,59|65,8|24,31|28,84|8,71/24,59=24,69,51,2,59
71,16|12,84|49,5|53,69|72,22|12,77|62,92|12,82|5,43|43,51|26,72|77,71|69,70|76,62|12,49|16,50|84,53|92,94|82,26|12,76/12,22=12,82,26,72,22
42,93|96,71|94,42|94,9|4,69|88,79|94,36|90,88|94,96|29,44|9,13|13,4|94,98|36,90|54,68|68,91|71,11|11,52|98,54|93,29/94,69=94,9,13,4,69
60,65|63,52|78,1|68,20|62,38|30,60|95,36|81,26|57,63|95,81|38,34|20,28|95,68|95,57|65,79|52,44|28,70|36,62|95,30|26,78/95,44=95,57,63,52,44
27,75|46,86|42,43|93,24|31,46|23,93|98,42|82,0|20,27|24,88|43,15|75,30|39,66|31,98|31,23|66,69|31,20|86,82|40,39|31,40/31,30=31,20,27,75,30
86,11|22,55|67,88|12,59|61,20|36,13|13,90|12,24|55,61|40,72|12,38|12,78|24,29|12,22|28,67|78,36|29,40|82,86|59,28|38,82/12,90=12,78,36,13,90
20,31|93,88|40,3|3,42|51,70|33,11|5,93|14,51|48,43|70,0|5,14|31,35|5,65|90,33|35,78|88,48|5,20|65,40|50,90|5,50/5,42=5,65,40,3,42
82,66|67,73|51,89|51,82|35,31|71,8|51,76|51,71|76,46|93,87|73,4|14,13|8,78|89,67|87,12|66,35|51,93|12,77|46,14|78,99/51,77=51,93,87,12,77
53,48|22,10|76,16|7,67|19,7|54,60|60,38|8,28|18,53|9,25|95,54|9,22|45,8|25,19|9,45|98,18|28,99|9,95|9,98|10,76/9,48=9,98,18,53,48
90,86|82,33|89,82|89,26|24,71|11,8|71,52|19,50|84,69|5,39|33,11|89,90|26,76|1,49|76,5|86,1|89,16|69,19|16,24|89,84/89,49=89,90,86,1,49
47,33|28,89|68,16|87,77|16,53|46,68|85,41|3,32|11,87|23,51|89,23|13,94|32,85|47,28|47,11|77,19|47,3|67,13|33,67|47,46/47,19=47,11,87,77,19
68,28|93,35|58,52|49,68|80,93|67,66|78,58|43,14|15,78|98,43|80,62|35,10|62,98|80,15|80,67|80,49|10,53|66,64|64,79|28,24/80,53=80,93,35,10,53
55,6|19,24|34,96|55,13|7,62|16,7|55,39|13,36|1,38|36,34|17,81|60,1|2,60|31,51|39,16|6,45|81,19|45,31|55,2|55,17/55,38=55,2,60,1,38
69,3|41,70|37,96|58,2|51,49|3,97|69,58|2,5|30,81|69,31|31,78|80,37|97,41|96,65|49,76|5,67|78,30|57,51|69,57|69,80/69,70=69,3,97,41,70
87,7|29,43|91,53|91,88|91,32|91,63|69,64|32,85|37,10|63,83|83,29|85,37|58,61|74,87|53,74|89,58|88,69|61,78|64,39|91,89/91,43=91,63,83,29,43
63,78|63,8|64,22|97,39|31,21|98,30|8,31|16,73|11,66|85,0|49,56|22,11|78,16|63,64|21,50|63,85|0,49|39,98|73,43|63,97/63,66=63,64,22,11,66
87,56|87,44|72,66|83,47|26,60|2,86|45,2|66,81|59,48|47,32|98,59|87,90|87,83|44,45|56,72|32,43|4,26|87,39|39,98|90,4/87,86=87,44,45,2,86
74,28|57,81|51,79|24,23|23,36|83,41|83,49|83,43|49,14|20,7|14,57|83,74|28,54|36,6|43,72|79,8|41,51|72,20|83,24|54,77/83,7=83,43,72,20,7
71,59|11,64|99,30|73,71|66,21|64,96|21,63|30,33|72,54|54,41|72,11|70,91|72,73|59,42|72,99|96,40|63,35|41,70|33,87|72,66/72,91=72,54,41,70,91
57,71|88,23|13,28|39,3|57,98|57,75|89,24|51,13|75,94|94,88|28,0|98,89|71,67|33,47|57,51|64,70|57,39|24,27|67,33|3,64/57,27=57,98,89,24,27
26,88|81,82|84,73|79,12|55,69|46,32|30,92|67,55|88,30|79,67|79,26|58,46|79,56|73,72|90,84|69,31|12,51|79,90|56,58|51,81/79,82=79,12,51,81,82
56,19|56,90|55,79|56,55|56,88|19,61|92,69|80,75|69,80|25,91|98,71|61,98|47,96|74,47|91,4|56,92|88,74|93,51|90,25|79,93/56,71=56,19,61,98,71
63,76|88,43|70,92|3,34|63,28|72,21|38,37|56,35|37,78|78,13|76,88|63,38|77,12|28,5|21,56|5,70|43,20|63,77|12,3|63,72/63,35=63,72,21,56,35
51,87|14,18|87,4|74,46|28,5|18,17|8,10|8,38|8,84|29,9|84,47|24,74|9,56|10,29|25,24|47,28|8,25|8,69|69,14|38,51/8,5=8,84,47,28,5
5,62|67,4|73,12|61,8|24,25|0,67|82,45|11,92|12,5|73,11|92,82|7,71|71,61|62,39|73,7|73,9|9,0|26,65|25,26|73,24/73,8=73,7,71,61,8
57,71|33,0|13,64|39,94|57,98|57,75|89,24|51,13|75,67|67,33|64,47|98,89|71,3|28,23|57,51|88,70|57,39|24,27|3,28|94,88/57,27=57,98,89,24,27
25,87|35,84|10,90|90,6|62,65|87,64|41,85|25,75|5,41|72,16|75,5|65,17|64,35|78,62|25,33|33,10|25,72|34,73|16,34|25,78/25,85=25,75,5,41,85
92,69|8,97|21,86|84,46|25,34|98,50|15,8|21,75|75,15|38,99|21,84|68,88|99,0|50,68|23,96|21,23|86,38|96,25|46,92|21,98/21,69=21,84,46,92,69
44,81|81,87|52,37|33,51|14,17|71,35|55,30|71,96|87,46|37,1|17,22|71,44|96,14|71,52|20,33|50,20|1,47|30,62|35,55|71,50/71,46=71,44,81,87,46
28,95|76,61|10,62|82,98|45,20|27,53|95,52|88,28|20,49|88,0|88,80|54,10|84,27|88,76|0,45|61,82|52,17|80,84|87,54|88,87/88,98=88,76,61,82,98
67,24|97,87|87,80|32,67|69,14|43,72|14,18|32,97|80,93|11,69|32,43|84,45|32,11|60,58|32,57|72,60|24,84|78,54|57,78|54,71/32,18=32,11,69,14,18
61,97|35,14|31,50|88,83|1,34|17,75|34,31|57,93|76,88|39,80|21,57|91,17|56,76|54,21|80,91|39,54|14,61|39,35|39,1|39,56/39,50=39,1,34,31,50
25,93|93,15|16,11|7,10|15,64|12,75|73,43|78,59|59,58|9,92|92,7|9,47|10,8|9,12|47,78|94,35|75,16|9,25|9,94|35,73/9,8=9,92,7,10,8
87,48|3,57|53,62|40,89|40,53|22,85|57,33|95,58|24,95|62,72|72,41|40,64|63,87|48,98|40,63|64,9|89,3|81,24|40,81|9,22/40,98=40,63,87,48,98
16,93|69,13|79,92|74,90|22,69|47,33|23,82|93,2|23,47|90,77|23,59|33,91|23,22|13,80|91,96|40,79|59,40|4,74|82,16|23,4/23,96=23,47,33,91,96
67,46|36,67|52,95|46,3|70,33|36,7|36,52|33,10|7,94|22,57|94,22|25,84|95,87|84,49|0,25|87,40|36,18|18,70|3,86|36,0/36,10=36,18,70,33,10
64,31|82,47|79,86|5,97|86,3|64,50|66,40|31,89|50,82|64,79|89,66|35,95|85,24|47,88|64,46|3,43|46,23|97,35|64,5|23,85/64,24=64,46,23,85,24
86,92|34,67|44,28|13,46|71,26|44,6|6,52|44,51|28,60|21,68|73,71|68,2|51,37|32,73|37,86|44,32|52,13|72,21|44,72|60,34/44,2=44,72,21,68,2
63,78|78,61|12,4|93,24|79,99|12,20|54,37|52,16|12,63|20,3|4,23|3,0|0,83|23,75|12,52|61,53|75,14|12,93|16,54|24,79/12,14=12,4,23,75,14
93,13|58,81|93,89|60,95|99,9|45,17|95,91|93,47|9,22|43,42|47,60|85,43|81,80|52,45|13,99|42,26|93,85|89,58|93,52|17,7/93,26=93,85,43,42,26
66,83|97,72|23,96|50,60|30,66|72,46|83,12|14,5|97,69|46,70|5,50|63,37|97,30|78,93|97,63|37,23|93,27|69,78|70,44|97,14/97,60=97,14,5,50,60
18,32|11,20|39,43|14,11|93,39|37,56|90,53|57,1|20,47|79,37|14,97|14,24|14,15|97,18|15,79|14,57|47,28|1,90|24,93|32,16/14,28=14,11,20,47,28
92,57|75,39|56,41|88,2|80,92|34,84|22,69|54,72|39,88|41,74|13,80|37,75|37,25|37,13|87,54|37,22|37,86|25,87|86,56|69,34/37,74=37,86,56,41,74
50,16|24,80|45,7|67,25|48,36|25,4|70,65|10,9|10,24|10,48|80,50|36,63|10,70|65,45|9,14|97,67|63,69|14,20|10,97|20,73/10,4=10,97,67,25,4
31,34|5,57|87,83|11,75|27,10|27,72|27,52|58,0|27,4|78,90|52,44|34,14|72,18|18,87|4,94|27,58|94,78|0,11|10,31|44,5/27,57=27,52,44,5,57
79,17|68,62|48,80|92,78|77,92|76,79|49,47|80,41|48,2|59,20|48,8|41,49|8,91|48,76|91,68|17,33|10,59|94,77|48,94|2,10/48,47=48,80,41,49,47
76,44|79,75|44,77|21,66|39,79|64,28|64,42|85,23|64,74|74,73|73,85|75,58|66,41|41,40|42,76|64,39|99,92|64,21|0,99|28,0/64,23=64,74,73,85,23
12,19|99,80|73,44|1,69|59,42|73,85|73,99|7,89|16,66|42,97|91,16|97,37|73,96|44,74|74,12|39,7|96,39|85,91|80,1|73,59/73,89=73,96,39,7,89
55,85|80,49|85,27|2,75|22,40|33,22|13,94|45,80|92,93|60,33|62,95|27,70|45,55|49,62|45,2|8,88|88,13|45,60|45,8|75,92/45,93=45,2,75,92,93
89,30|67,26|1,55|93,77|93,89|30,29|44,54|93,1|31,67|21,44|93,31|29,60|55,42|93,21|42,98|68,61|26,66|61,48|77,68|54,33/93,48=93,77,68,61,48
43,24|55,27|4,34|29,37|27,86|85,5|79,22|14,58|22,29|55,79|98,36|86,43|55,14|58,4|55,81|5,95|55,85|57,98|81,57|95,10/55,24=55,27,86,43,24
16,1|27,92|27,23|97,10|63,2|92,63|27,12|9,97|12,33|33,93|93,46|0,88|27,9|73,16|84,0|23,73|10,17|2,98|27,84|88,14/27,98=27,92,63,2,98
97,98|68,45|84,41|26,75|7,37|12,18|85,48|76,43|43,12|88,47|76,26|41,68|98,7|76,85|76,84|48,88|75,60|60,30|76,97|18,34/76,37=76,97,98,7,37
88,61|51,38|88,92|92,96|93,53|88,23|23,36|72,93|66,3|88,59|88,72|53,60|36,51|61,20|3,91|96,17|59,66|39,70|17,5|20,39/88,91=88,59,66,3,91
47,30|46,18|30,9|46,58|71,47|77,12|66,74|18,63|65,77|46,22|63,11|11,39|46,71|91,66|81,14|14,60|74,76|46,91|58,81|22,65/46,60=46,58,81,14,60
5,88|85,63|88,0|63,31|39,5|39,58|48,93|6,95|20,32|95,48|32,50|39,6|0,89|60,77|39,70|39,60|58,20|77,71|71,92|70,85/39,93=39,6,95,48,93
35,58|32,25|14,39|13,14|90,47|48,0|82,52|66,50|13,82|0,64|1,2|39,70|70,42|13,48|2,90|25,35|64,28|13,32|52,66|13,1/13,58=13,32,25,35,58
5,2|52,42|53,25|32,48|5,61|42,94|61,52|5,58|36,13|48,46|14,95|76,32|2,56|25,38|99,14|5,11|58,53|56,36|11,99|5,76/5,94=5,61,52,42,94
11,69|70,28|29,70|11,90|92,10|69,12|99,3|10,43|77,32|31,29|61,92|18,84|32,93|11,61|11,31|11,77|12,18|93,60|90,99|3,73/11,43=11,61,92,10,43
66,6|46,66|62,73|46,40|73,18|36,77|88,44|18,78|13,36|40,15|46,57|77,7|32,50|15,32|46,62|46,13|57,68|68,70|70,37|6,88/46,37=46,57,68,70,37
63,53|24,55|7,28|38,90|32,25|60,24|53,77|33,80|58,38|90,99|77,35|23,42|42,98|23,63|23,32|25,7|55,1|23,60|23,58|98,33/23,80=23,42,98,33,80
95,99|12,21|95,31|50,20|31,58|95,27|21,71|27,72|42,51|98,5|87,50|51,6|6,53|72,98|17,59|20,57|58,17|99,12|95,87|95,42/95,71=95,99,12,21,71
30,66|67,45|65,67|1,90|45,93|65,35|65,31|12,34|88,39|65,53|39,81|35,12|53,21|22,1|31,88|93,74|90,28|34,52|65,22|21,30/65,66=65,53,21,30,66
78,27|73,8|36,97|38,75|96,9|27,81|53,78|79,2|17,16|81,94|75,17|97,47|53,36|32,45|53,96|2,73|53,79|53,38|9,32|47,35/53,8=53,79,2,73,8
13,37|63,32|19,23|39,10|31,39|35,47|16,53|47,74|31,16|10,0|23,6|31,35|74,97|31,42|37,28|42,19|28,50|53,63|0,95|31,13/31,32=31,16,53,63,32
45,93|11,31|79,25|61,45|90,49|42,53|29,79|25,34|61,70|93,11|72,75|92,72|49,46|2,41|40,90|61,29|53,2|70,92|61,40|61,42/61,41=61,42,53,2,41
59,80|97,66|66,22|38,46|46,68|28,38|28,24|23,36|24,5|28,20|28,59|20,97|73,23|68,52|88,79|45,73|28,45|5,88|80,95|95,0/28,36=28,45,73,23,36
11,52|52,44|44,12|1,29|92,39|51,73|51,84|37,10|79,1|84,79|51,36|73,45|75,33|45,57|33,92|57,16|36,37|51,75|51,11|10,41/51,29=51,84,79,1,29
4,61|81,31|30,29|45,69|31,85|88,38|4,3|46,68|4,81|38,64|69,72|64,40|3,5|61,45|4,88|29,46|26,59|5,26|4,30|85,12/4,72=4,61,45,69,72
66,52|2,42|2,77|2,73|3,1|92,23|99,97|77,94|73,92|11,54|54,7|2,22|94,66|37,25|23,5|65,3|22,11|2,99|97,37|42,65/2,52=2,77,94,66,52
49,15|54,72|97,59|34,96|61,66|98,34|15,99|66,97|79,1|54,38|29,70|67,49|27,29|72,27|54,61|50,98|54,50|54,67|38,79|1,83/54,70=54,72,27,29,70
75,25|48,90|48,1|4,49|22,72|51,75|9,4|90,9|1,10|11,63|72,27|48,22|27,74|79,5|48,51|34,11|25,54|94,34|48,94|10,79/48,49=48,90,9,4,49
75,8|23,84|75,4|53,50|75,62|75,38|75,19|3,88|26,17|50,72|4,65|47,66|2,3|19,26|38,2|17,35|65,23|66,20|8,53|62,47/75,35=75,19,26,17,35
53,38|94,56|24,11|75,70|94,80|9,34|80,75|4,52|15,9|52,54|54,5|94,71|93,62|94,4|70,41|94,53|38,24|56,15|62,99|71,93/94,11=94,53,38,24,11
27,6|17,23|17,94|61,75|72,18|17,91|91,27|22,72|36,47|75,73|52,13|17,52|62,45|17,95|58,36|6,92|13,62|95,61|94,58|23,22/17,47=17,94,58,36,47
28,31|98,48|15,33|70,78|48,14|33,40|65,98|39,87|83,57|59,99|15,28|31,59|10,83|95,70|15,47|40,39|15,65|67,10|47,95|15,67/15,78=15,47,95,70,78
65,61|4,3|80,33|52,65|38,2|47,10|10,93|80,60|2,27|58,12|33,58|3,69|80,52|51,4|80,47|60,38|93,8|12,44|61,7|80,51/80,7=80,52,65,61,7
71,11|30,63|11,55|58,7|39,28|30,33|30,62|17,54|62,94|33,71|28,87|7,40|0,35|82,39|30,0|30,82|35,17|94,25|63,58|25,26/30,26=30,62,94,25,26
93,92|36,62|95,15|36,82|15,28|36,89|64,57|57,74|62,93|82,98|83,29|36,88|36,94|17,96|98,17|92,0|94,95|88,79|89,64|79,83/36,28=36,94,95,15,28
94,5|94,83|12,64|94,59|75,60|64,82|83,53|99,70|62,80|55,75|80,37|94,55|53,58|5,62|94,31|60,74|59,12|79,99|31,79|58,96/94,74=94,55,75,60,74
78,34|91,2|92,87|2,88|60,36|65,92|36,78|93,50|53,65|63,72|34,97|60,12|28,91|72,5|12,63|7,44|60,7|60,28|44,93|60,53/60,50=60,7,44,93,50
19,80|58,51|84,64|19,5|63,6|64,32|80,82|19,71|48,85|30,84|1,48|71,58|19,30|45,98|5,1|51,93|19,63|33,88|82,45|6,33/19,85=19,5,1,48,85
1,40|67,39|85,94|41,67|19,49|71,15|29,84|84,91|43,41|19,93|19,29|28,1|19,28|94,36|19,43|49,85|15,61|40,70|91,31|93,71/19,70=19,28,1,40,70
59,30|14,54|24,86|54,29|34,51|14,59|72,21|74,58|56,34|20,74|5,99|51,32|14,2|2,20|99,24|14,5|14,56|29,83|30,72|83,26/14,26=14,54,29,83,26
89,80|96,57|16,55|17,32|95,14|13,17|30,26|1,30|16,12|21,36|52,13|55,44|93,96|36,95|16,52|16,1|26,60|44,89|12,93|16,21/16,14=16,21,36,95,14
4,69|77,46|93,52|94,39|69,10|57,28|45,97|49,83|28,13|49,45|49,94|49,77|39,93|46,81|83,4|49,57|81,2|13,56|85,72|97,85/49,72=49,45,97,85,72
67,59|97,68|74,60|79,0|39,82|67,1|1,26|68,66|67,58|82,45|66,87|67,97|58,79|67,39|45,80|59,74|30,23|26,30|0,88|60,25/67,80=67,39,82,45,80
24,59|45,78|83,27|81,43|7,60|64,98|24,45|19,81|27,64|76,14|60,76|24,83|78,33|24,19|58,74|43,73|74,75|33,84|24,7|59,58/24,84=24,45,78,33,84
53,25|69,67|6,14|78,66|64,69|93,48|78,64|79,68|78,6|12,79|67,31|78,30|78,5|14,93|30,53|5,12|25,76|28,72|13,28|66,13/78,76=78,30,53,25,76
97,74|74,66|8,92|16,2|92,53|63,48|54,95|97,23|97,16|97,41|23,54|83,40|97,91|66,83|2,63|95,49|91,8|41,79|79,75|75,45/97,45=97,41,79,75,45
29,10|29,9|95,40|68,57|29,91|91,46|16,38|9,3|66,16|83,35|15,84|10,68|29,37|29,66|3,83|57,80|22,15|46,95|37,22|38,21/29,80=29,10,68,57,80
34,3|37,23|53,37|79,17|79,76|75,1|10,46|46,57|17,10|25,5|64,34|1,73|79,42|5,8|79,53|73,94|23,2|76,25|79,75|42,64/79,94=79,75,1,73,94
16,13|54,87|95,44|95,49|50,17|41,50|1,32|44,83|57,56|11,0|95,16|95,54|79,65|95,90|83,57|49,81|90,41|87,79|13,1|81,11/95,56=95,44,83,57,56
52,33|16,36|59,54|54,49|7,2|2,78|52,67|52,59|93,90|86,41|4,16|67,4|52,7|78,15|20,6|90,86|6,57|49,53|52,93|33,20/52,41=52,93,90,86,41
15,27|27,28|39,88|53,47|17,96|30,80|36,17|79,92|15,21|91,55|47,43|21,39|92,91|96,49|15,53|43,74|28,30|15,79|15,36|88,68/15,74=15,53,47,43,74
70,92|29,2|77,26|50,51|70,18|70,82|70,76|75,72|70,77|42,75|52,96|74,50|76,94|4,10|40,29|26,52|18,40|92,74|94,4|82,42/70,51=70,92,74,50,51
15,63|19,61|24,25|21,93|11,9|92,78|37,57|19,15|8,37|19,62|80,21|61,11|19,24|25,92|19,80|9,58|93,30|22,97|63,22|62,8/19,30=19,80,21,93,30
59,49|28,95|23,51|45,23|11,41|11,83|34,45|16,36|19,33|73,19|22,12|95,38|36,59|41,28|33,31|11,34|12,21|11,16|11,73|83,22/11,49=11,16,36,59,49
95,80|17,24|40,51|65,32|72,2|70,40|70,65|19,74|47,81|51,72|70,95|92,94|80,17|70,92|36,91|94,76|32,36|76,50|70,47|81,19/70,74=70,47,81,19,74
2,6|16,65|93,5|6,24|75,4|93,18|5,3|93,54|18,33|86,75|3,29|54,73|93,61|61,2|73,16|29,50|19,11|33,19|93,86|4,27/93,11=93,18,33,19,11
83,67|8,57|35,18|84,94|76,92|81,59|84,42|16,69|84,76|94,8|88,49|11,34|84,88|49,16|84,11|18,4|34,81|57,79|42,35|92,83/84,4=84,42,35,18,4
44,13|12,78|3,38|9,4|4,48|69,27|9,3|58,71|22,54|13,63|48,58|9,12|14,7|63,84|9,44|9,56|56,41|38,69|78,14|41,22/9,84=9,44,13,63,84
12,77|96,78|60,41|70,46|62,53|68,88|68,60|64,57|38,18|78,38|53,39|41,12|68,64|67,17|88,34|34,70|68,96|68,62|57,67|39,9/68,9=68,62,53,39,9
72,17|97,72|73,80|11,97|11,38|54,32|35,27|91,62|32,25|11,21|11,29|27,40|17,77|38,91|62,86|11,73|80,26|29,35|26,23|21,54/11,86=11,38,91,62,86
80,69|76,21|84,67|76,64|76,37|2,36|76,75|47,27|75,45|96,47|37,98|21,82|64,96|36,52|98,80|0,39|76,25|82,0|45,84|25,2/76,52=76,25,2,36,52
14,35|33,55|15,62|86,18|62,76|86,33|86,8|18,14|19,61|89,99|86,26|26,15|55,19|88,69|8,60|49,89|86,49|99,44|60,88|35,87/86,69=86,8,60,88,69
90,77|27,0|55,67|90,27|87,89|18,45|41,59|59,13|90,70|96,41|45,82|98,55|64,75|17,98|90,96|90,17|77,64|70,18|75,93|0,87/90,82=90,70,18,45,82
63,47|40,4|63,53|63,6|43,1|1,50|44,70|47,57|4,44|79,64|6,18|53,43|63,40|93,72|24,98|18,79|56,24|45,56|57,93|63,45/63,64=63,6,18,79,64
39,74|39,5|43,90|57,97|39,4|74,86|97,35|28,32|39,57|75,85|5,96|96,75|31,13|32,73|92,66|90,92|4,28|39,43|86,31|35,2/39,2=39,57,97,35,2
1,50|62,3|28,81|52,70|3,49|28,1|81,62|50,55|2,19|80,95|26,96|39,26|12,80|55,0|70,2|28,72|58,12|28,58|28,52|72,39/28,95=28,58,12,80,95
91,78|76,66|58,31|37,44|58,80|80,38|34,73|31,42|11,34|98,15|58,57|44,96|58,39|38,0|78,76|58,91|0,56|39,11|42,98|57,37/58,15=58,31,42,98,15
76,99|66,41|99,58|21,0|39,66|64,28|64,42|85,23|64,74|74,73|73,85|41,40|0,75|75,92|42,76|64,39|44,77|64,21|79,44|28,79/64,23=64,74,73,85,23
54,50|2,61|54,40|96,68|50,10|59,58|19,84|84,80|9,59|61,96|54,57|54,19|0,42|10,14|54,2|40,0|80,22|14,92|42,93|57,9/54,58=54,57,9,59,58
69,12|71,80|31,49|7,84|69,7|69,56|5,71|51,27|10,31|17,86|84,51|26,17|86,88|9,47|56,9|12,10|69,26|80,39|69,5|47,20/69,39=69,5,71,80,39
22,57|10,78|21,43|82,10|79,30|96,7|15,21|48,80|57,83|15,81|78,17|43,79|80,24|24,16|15,2|36,96|81,22|15,48|2,36|15,82/15,17=15,82,10,78,17
21,14|30,68|7,4|58,39|84,64|73,56|43,75|75,40|40,46|46,59|43,21|79,73|43,77|43,58|39,84|68,7|43,30|13,60|77,79|14,13/43,56=43,77,79,73,56
9,91|36,1|86,84|30,8|42,86|70,63|84,64|91,36|76,90|76,82|97,60|63,7|82,77|76,30|76,42|48,18|77,48|8,97|76,9|90,70/76,7=76,90,70,63,7
3,42|73,44|47,7|3,73|44,43|3,18|40,57|30,11|27,13|18,21|21,30|24,27|79,50|42,24|3,40|43,95|12,79|57,47|28,12|3,28/3,11=3,18,21,30,11
55,49|80,88|49,27|2,75|62,95|33,62|13,40|45,80|92,93|60,33|22,70|27,94|45,55|88,22|45,2|8,85|85,13|45,60|45,8|75,92/45,93=45,2,75,92,93
99,17|59,37|33,21|99,46|34,96|99,48|46,51|25,0|17,38|0,42|51,59|21,86|99,34|80,82|38,61|99,28|48,25|61,26|28,33|96,80/99,42=99,48,25,0,42
34,69|96,19|72,66|56,5|92,52|8,72|8,34|66,64|69,40|64,79|52,45|8,94|94,92|8,96|8,33|62,38|19,62|40,1|5,43|33,56/8,45=8,94,92,52,45
33,40|40,98|4,92|62,61|39,66|22,57|18,39|1,18|22,49|92,8|44,97|98,81|6,44|49,6|61,0|57,62|22,4|22,1|8,70|22,33/22,66=22,1,18,39,66
43,80|3,43|3,25|98,79|6,1|94,26|25,27|60,31|31,68|80,94|3,65|1,30|3,69|34,39|30,36|65,60|86,98|69,86|3,6|27,34/3,79=3,69,86,98,79
68,96|58,51|29,98|9,34|52,9|47,58|52,60|60,47|61,68|95,4|96,46|52,0|52,43|0,26|26,29|90,14|34,95|43,40|40,90|52,61/52,4=52,9,34,95,4
2,39|0,17|41,77|1,28|3,71|61,94|12,61|36,6|6,93|0,66|0,13|0,1|13,96|66,72|28,3|72,2|96,41|0,45|17,36|45,12/0,39=0,66,72,2,39
37,60|76,63|6,98|94,27|83,65|45,83|72,94|27,93|26,50|45,26|65,6|45,72|13,21|47,64|45,37|45,24|50,13|64,17|24,47|60,76/45,98=45,83,65,6,98
89,14|82,25|25,51|42,20|75,30|82,5|50,66|51,50|26,68|5,47|10,49|47,75|82,98|98,1|52,42|97,52|1,26|82,89|82,97|14,10/82,68=82,98,1,26,68
7,1|85,75|0,60|19,86|7,69|75,78|7,46|17,25|1,23|69,85|94,19|12,79|46,32|7,53|32,12|7,0|66,44|53,94|60,66|23,17/7,78=7,69,85,75,78
4,97|11,21|60,54|47,60|69,99|47,69|47,43|71,70|54,52|68,89|45,75|43,71|47,4|52,19|97,45|70,58|99,78|89,11|78,83|47,68/47,75=47,4,97,45,75
44,80|73,48|84,82|73,86|77,85|95,14|81,47|73,16|15,44|23,15|47,79|16,77|14,84|85,59|7,83|86,81|48,17|73,23|73,95|17,7/73,82=73,95,14,84,82
99,93|74,90|92,33|74,42|90,20|6,60|33,23|67,98|14,92|74,80|41,48|74,46|98,56|46,67|93,34|20,41|80,78|42,99|74,14|78,6/74,60=74,80,78,6,60
68,91|65,97|55,16|90,96|65,62|37,39|34,23|20,55|23,37|65,68|93,94|62,85|91,33|97,90|65,34|33,67|16,49|85,93|96,0|65,20/65,49=65,20,55,16,49
55,33|32,4|42,32|46,40|29,14|98,51|14,74|17,21|30,76|19,98|19,17|21,12|12,37|19,55|19,72|19,2|72,29|2,42|51,46|33,30/19,4=19,2,42,32,4
71,70|70,63|1,71|94,72|1,33|45,83|33,45|81,21|63,95|99,88|1,69|88,81|44,4|86,56|69,23|83,73|1,99|23,44|1,86|56,94/1,95=1,71,70,63,95
12,96|69,59|39,50|39,97|24,69|39,12|39,20|97,1|59,14|20,41|72,36|49,8|56,72|1,3|41,18|96,49|39,24|50,56|18,23|3,85/39,14=39,24,69,59,14
5,49|85,22|34,16|1,91|95,61|6,95|34,80|34,53|91,84|34,55|49,9|0,85|16,5|55,1|53,4|34,88|88,6|46,90|80,0|4,46/34,90=34,53,4,46,90
71,19|47,39|39,7|71,37|71,84|86,50|66,46|11,32|59,86|15,87|52,12|37,23|45,79|71,15|19,47|46,52|71,66|84,59|87,45|23,11/71,32=71,37,23,11,32
78,55|16,44|88,49|88,8|82,53|49,15|47,21|88,47|8,78|97,19|88,59|15,16|53,56|18,97|59,82|21,67|19,4|67,46|55,39|88,18/88,56=88,59,82,53,56
76,23|16,83|94,22|58,67|22,71|58,48|52,59|42,52|48,94|37,89|58,42|59,84|67,73|21,81|73,16|58,37|58,21|89,31|81,76|31,40/58,83=58,67,73,16,83
58,43|10,82|73,10|97,65|58,79|58,73|55,47|82,92|43,24|58,51|24,97|0,21|58,84|51,35|81,0|35,8|47,1|84,55|8,16|79,81/58,65=58,43,24,97,65
53,82|63,60|83,56|51,77|60,53|33,35|9,43|32,85|51,63|65,83|35,10|51,32|81,46|51,50|56,61|50,33|85,81|77,9|43,69|51,65/51,82=51,63,60,53,82
27,86|59,47|4,64|96,19|19,27|73,92|73,59|70,2|61,45|5,6|64,65|73,96|73,78|47,5|89,4|91,61|78,91|92,72|73,89|72,70/73,6=73,59,47,5,6
71,1|41,74|73,65|21,9|41,73|41,71|61,43|55,24|66,61|74,16|16,85|41,45|45,66|23,21|41,23|25,11|65,25|85,81|9,64|1,55/41,24=41,71,1,55,24
9,41|98,3|5,68|7,6|80,51|68,34|7,22|31,15|13,88|7,98|41,26|22,11|6,9|17,13|32,17|46,5|11,31|7,32|3,80|7,46/7,51=7,98,3,80,51
35,24|74,41|74,96|74,37|24,8|26,18|22,97|4,32|5,69|74,1|37,26|66,22|96,35|53,43|43,4|18,13|1,66|41,64|64,5|74,53/74,13=74,37,26,18,13
18,22|17,23|78,26|81,34|41,16|81,10|81,88|54,13|10,54|22,15|87,78|81,77|77,18|80,61|13,37|34,87|61,17|88,41|16,85|81,80/81,85=81,88,41,16,85
43,54|39,16|33,30|47,63|16,19|58,89|54,40|47,3|47,58|89,56|97,43|35,94|30,13|56,23|3,33|25,39|47,25|47,97|76,35|63,76/47,94=47,63,76,35,94
76,6|82,51|76,13|20,65|32,82|61,84|76,20|83,87|65,61|44,26|85,98|51,49|76,32|13,83|98,2|26,67|76,85|2,81|87,71|6,44/76,67=76,6,44,26,67
39,17|96,85|7,65|14,86|7,57|52,14|26,68|7,52|7,96|22,77|85,22|63,79|65,29|79,39|42,26|7,63|57,42|29,15|86,99|15,32/7,68=7,57,42,26,68
2,39|0,17|61,71|1,36|6,93|41,77|28,41|12,3|3,94|0,66|0,13|0,1|13,96|66,72|36,6|72,2|96,61|0,45|17,12|45,28/0,39=0,66,72,2,39
89,28|97,12|0,52|88,96|39,29|18,97|59,14|69,39|18,93|93,63|18,26|49,30|63,0|91,49|11,69|96,89|26,91|18,88|12,59|18,11/18,52=18,93,63,0,52
38,57|40,81|30,36|73,43|64,15|13,96|47,24|29,13|43,30|64,46|57,91|64,38|24,35|46,29|15,40|81,55|3,47|64,3|91,21|64,73/64,55=64,15,40,81,55
72,56|76,1|81,49|81,45|50,76|19,73|20,53|29,67|9,22|45,50|81,47|95,29|81,88|49,72|47,95|53,9|73,61|81,20|56,2|88,19/81,22=81,20,53,9,22
29,64|35,56|81,33|3,2|21,68|33,88|6,81|28,52|6,47|56,3|6,29|78,80|6,35|68,75|1,49|64,1|47,21|88,61|80,28|6,78/6,61=6,81,33,88,61
15,67|88,66|95,46|67,28|77,35|6,1|40,77|15,26|66,32|46,14|15,40|15,4|15,88|60,54|32,87|54,69|26,60|4,95|28,6|35,2/15,87=15,88,66,32,87
2,39|0,17|3,71|1,28|41,94|61,93|96,61|12,6|6,77|0,66|0,13|0,1|13,36|66,72|28,41|72,2|36,3|0,45|17,12|45,96/0,39=0,66,72,2,39
96,33|91,9|91,96|91,59|72,3|91,72|85,42|3,55|59,16|33,86|9,46|99,21|16,76|82,95|86,89|55,31|21,85|46,82|91,99|76,13/91,95=91,9,46,82,95
11,88|78,91|88,65|63,40|70,52|52,27|77,36|66,70|10,63|73,64|36,17|91,11|78,10|78,44|60,73|78,66|44,77|64,13|40,87|78,60/78,17=78,44,77,36,17
25,35|71,65|46,25|68,4|68,71|68,3|68,82|79,46|4,5|58,97|39,96|65,37|96,26|66,98|82,58|37,86|5,66|97,17|68,79|3,39/68,35=68,79,46,25,35
4,1|2,15|2,4|86,14|81,97|55,86|58,71|62,81|22,95|38,88|15,58|14,52|2,55|56,38|97,63|1,22|2,62|71,93|88,51|2,56/2,51=2,56,38,88,51
53,89|58,33|53,58|53,9|9,92|56,25|67,84|92,56|45,60|53,95|4,75|60,37|84,17|33,19|50,78|95,45|19,7|78,4|53,50|89,67/53,25=53,9,92,56,25
91,85|43,37|38,23|70,48|23,43|57,81|27,77|81,78|48,73|47,27|38,70|37,41|78,6|73,98|85,18|38,24|24,47|38,57|18,8|38,91/38,77=38,24,47,27,77
65,79|76,36|42,96|36,60|6,76|33,5|42,65|42,6|98,71|42,18|96,24|42,46|79,98|18,89|54,88|89,54|37,43|24,37|46,95|95,33/42,71=42,65,79,98,71
2,82|12,78|42,81|0,25|31,55|85,0|25,31|59,42|21,6|97,60|85,95|6,2|85,52|95,59|78,57|85,21|86,12|89,97|52,89|85,86/85,82=85,21,6,2,82
54,16|24,84|28,10|12,9|31,13|28,88|64,77|35,12|28,20|88,3|14,64|47,56|10,14|28,46|3,54|28,31|13,24|20,35|46,47|56,48/28,84=28,31,13,24,84
30,37|30,77|60,97|30,69|69,45|30,93|39,71|55,60|93,34|59,42|76,39|37,76|30,55|34,20|28,89|20,73|97,32|77,15|45,28|15,59/30,73=30,93,34,20,73
98,73|23,84|96,93|52,23|96,52|70,74|5,77|84,19|96,0|76,98|8,49|13,45|96,13|0,70|45,5|29,76|49,79|74,35|96,29|93,8/96,73=96,29,76,98,73
97,93|30,63|93,56|56,15|10,2|30,47|30,97|30,9|72,33|31,96|47,10|9,31|66,68|63,66|68,94|30,72|67,59|33,67|96,62|2,8/30,94=30,63,66,68,94
16,67|74,52|26,9|52,27|62,85|96,7|40,26|76,40|27,77|77,33|7,32|74,2|3,62|85,49|79,65|74,76|74,79|65,16|74,3|2,96/74,67=74,79,65,16,67
28,18|94,81|28,95|95,53|28,94|28,98|18,56|56,11|50,17|74,30|17,41|86,60|11,34|30,24|53,49|28,50|81,86|98,74|49,3|41,68/28,68=28,50,17,41,68
27,65|74,94|39,36|18,74|18,19|18,47|96,73|18,27|4,72|36,40|65,96|19,83|93,4|40,87|90,78|94,35|83,90|35,43|18,39|47,93/18,87=18,39,36,40,87
90,13|15,64|46,77|70,88|77,62|88,20|54,44|81,70|62,37|56,0|5,90|86,5|71,65|54,81|54,71|64,31|65,56|54,46|44,15|54,86/54,37=54,46,77,62,37
42,0|14,52|42,25|27,32|25,27|70,33|40,83|97,3|32,17|42,31|84,40|99,87|42,53|31,84|0,14|53,97|3,10|42,99|52,50|87,70/42,17=42,25,27,32,17
93,29|33,66|20,94|12,86|20,85|20,28|94,91|84,7|20,84|21,12|14,21|91,4|81,33|7,62|20,14|85,93|4,38|62,16|28,81|29,69/20,16=20,84,7,62,16
85,88|2,58|32,96|8,43|43,4|2,85|58,99|2,78|88,6|74,93|47,28|93,5|2,30|78,8|99,47|16,74|2,16|30,32|96,90|6,17/2,17=2,85,88,6,17
19,97|11,4|88,96|58,19|88,24|78,44|85,40|44,23|4,72|48,68|72,12|88,98|88,11|98,78|96,58|88,84|84,45|24,48|68,13|45,85/88,12=88,11,4,72,12
91,14|93,29|20,18|99,53|71,80|15,83|93,30|93,28|61,91|29,19|30,71|14,64|74,68|93,61|80,82|28,15|68,99|93,74|83,76|19,20/93,18=93,29,19,20,18
91,61|85,24|45,43|23,21|61,31|11,6|23,14|14,91|23,1|23,32|23,84|76,99|1,71|21,85|99,18|32,76|84,9|24,29|9,45|71,11/23,18=23,32,76,99,18
80,31|80,79|72,52|99,6|55,60|57,54|43,72|69,45|31,43|80,51|49,42|80,99|42,19|79,50|50,69|78,49|32,57|51,32|80,78|6,55/80,52=80,31,43,72,52
33,78|8,32|73,40|17,15|48,17|29,33|80,56|73,29|40,94|73,2|94,80|73,49|13,64|81,8|90,48|73,90|49,13|78,71|2,81|64,42/73,32=73,2,81,8,32
42,88|13,87|13,41|34,44|2,39|13,49|88,6|76,25|39,60|13,63|63,34|20,76|60,74|49,42|87,52|13,2|44,28|24,83|41,20|52,24/13,6=13,49,42,88,6
17,51|27,35|35,47|10,29|94,3|17,27|7,94|40,87|74,10|17,39|51,74|39,40|17,95|75,13|87,86|47,41|13,55|95,7|17,75|55,92/17,29=17,51,74,10,29
40,93|0,28|61,58|0,12|78,39|0,61|26,44|7,18|87,33|72,87|0,40|29,78|0,9|12,21|3,57|28,29|21,3|93,7|9,72|58,26/0,44=0,61,58,26,44
6,5|46,0|73,54|84,81|35,71|52,29|11,84|81,42|5,52|6,73|6,7|0,63|6,11|7,46|54,31|91,35|31,74|6,64|29,30|64,91/6,74=6,73,54,31,74
57,83|44,5|76,24|7,51|5,10|44,47|44,57|91,20|79,76|25,7|83,15|80,31|47,25|84,80|44,65|65,79|10,91|15,40|42,84|44,42/44,20=44,5,10,91,20
8,86|13,66|76,47|13,41|32,1|41,9|59,99|66,75|9,72|75,60|99,32|45,93|93,51|60,74|13,8|13,59|11,45|72,42|86,76|13,11/13,51=13,11,45,93,51
49,58|33,8|57,51|96,68|56,33|92,20|56,21|56,49|35,57|13,70|88,77|56,54|77,36|58,96|95,75|54,35|75,92|21,88|8,13|56,95/56,20=56,95,75,92,20
85,48|67,45|67,19|82,38|48,80|34,69|38,4|30,85|45,73|31,50|67,30|55,34|67,96|73,31|67,77|62,11|77,82|19,18|96,55|18,62/67,69=67,96,55,34,69
17,79|74,68|62,24|96,19|94,44|44,30|80,17|71,94|24,63|65,74|36,80|3,36|68,88|19,48|3,71|3,96|3,52|3,65|48,87|52,62/3,63=3,52,62,24,63
67,46|36,67|52,25|46,87|70,33|36,7|36,52|33,10|7,95|22,49|95,22|94,84|25,3|84,86|0,94|3,57|36,18|18,70|87,40|36,0/36,10=36,18,70,33,10
98,73|23,74|96,93|52,23|96,52|45,5|49,19|74,79|96,0|76,98|70,84|13,8|96,13|0,45|8,49|29,76|84,77|5,35|96,29|93,70/96,73=96,29,76,98,73
23,85|28,6|23,53|7,30|40,24|23,78|23,90|53,81|54,76|81,54|23,27|24,5|36,28|39,3|78,16|90,40|47,39|16,7|85,47|27,36/23,76=23,53,81,54,76
63,26|72,69|7,23|23,37|89,56|76,32|63,25|63,72|25,7|82,2|56,76|26,3|69,97|88,80|63,21|80,60|21,88|97,51|63,89|3,82/63,51=63,72,69,97,51
84,27|59,96|80,57|3,88|84,70|91,36|84,80|21,12|98,2|48,94|84,63|70,59|94,98|84,48|57,3|12,10|36,39|27,21|96,75|63,91/84,2=84,48,94,98,2
90,57|90,17|99,47|86,1|90,82|17,86|90,99|40,76|82,11|3,79|47,84|84,72|96,70|5,40|11,96|63,3|50,5|90,50|1,20|57,63/90,72=90,99,47,84,72
47,34|34,13|47,37|36,2|73,93|23,46|86,88|75,33|19,23|37,45|45,73|47,75|46,98|13,67|47,86|47,19|67,58|30,95|33,36|88,30/47,58=47,34,13,67,58
16,44|18,11|44,53|29,9|71,72|29,34|97,71|58,20|32,57|29,23|53,3|72,41|90,58|23,32|57,52|31,18|29,16|34,31|29,97|9,90/29,41=29,97,71,72,41
21,77|57,40|40,90|42,20|22,15|52,4|14,58|59,65|66,14|42,52|42,38|4,21|65,89|42,66|20,59|15,27|42,26|26,57|38,22|58,44/42,77=42,52,4,21,77
84,9|51,62|9,81|45,52|33,8|84,46|84,33|83,51|11,14|14,65|84,96|21,20|2,44|8,2|75,45|81,21|96,83|46,75|98,11|84,98/84,44=84,33,8,2,44
28,23|83,81|28,67|50,8|28,42|28,9|9,50|23,83|42,70|8,74|76,45|70,59|10,84|59,60|45,10|80,15|15,71|81,54|67,80|28,76/28,54=28,23,83,81,54
37,19|84,63|34,74|63,13|84,34|12,40|0,53|84,77|74,12|84,37|53,71|51,41|77,66|13,70|84,0|19,56|71,97|66,51|70,22|56,72/84,97=84,0,53,71,97
88,26|56,88|3,46|3,57|75,78|47,56|3,96|46,39|3,47|99,84|96,18|20,29|58,81|18,99|81,60|29,76|57,58|3,41|41,20|39,75/3,78=3,46,39,75,78
79,23|39,77|52,30|76,50|58,2|22,65|30,39|5,1|32,89|89,13|65,27|80,22|5,80|5,76|3,19|5,58|1,32|5,52|50,3|2,79/5,19=5,76,50,3,19
69,10|32,39|15,12|91,76|69,32|69,87|95,86|87,46|39,40|55,7|7,91|86,15|46,34|69,55|40,64|75,35|34,30|10,75|69,95|35,41/69,30=69,87,46,34,30
9,43|13,7|87,54|70,13|69,10|70,69|68,78|70,5|78,51|7,87|51,61|31,9|2,15|25,2|70,68|90,53|70,23|5,25|23,31|10,90/70,15=70,5,25,2,15
63,36|96,47|63,52|59,11|63,51|63,96|68,62|51,56|47,59|2,32|36,5|8,2|32,88|52,54|38,9|95,20|56,95|63,8|5,68|54,38/63,62=63,36,5,68,62
58,80|20,7|20,48|20,63|45,22|22,49|94,96|61,69|63,94|71,43|97,26|48,31|80,71|20,58|20,47|7,45|28,61|47,28|96,77|31,97/20,26=20,48,31,97,26
96,36|36,78|47,60|99,98|98,2|71,33|78,73|52,76|0,47|11,70|71,12|12,14|71,26|37,0|33,99|71,96|26,66|71,37|66,11|14,52/71,2=71,33,99,98,2
92,80|38,86|38,37|49,83|38,12|48,5|38,20|27,10|93,45|10,92|38,27|90,49|86,90|16,93|20,66|12,16|66,48|84,1|1,25|37,84/38,80=38,27,10,92,80
54,29|29,89|19,56|50,65|34,40|7,19|54,93|93,91|65,37|37,6|54,50|24,7|54,98|86,96|99,45|98,0|91,34|0,99|54,24|89,86/54,6=54,50,65,37,6
46,92|68,8|46,13|46,81|11,80|19,68|81,1|27,91|39,27|20,19|46,20|69,62|60,45|45,11|46,60|28,10|92,7|1,69|13,39|7,28/46,91=46,13,39,27,91
67,59|97,74|26,30|79,60|39,82|67,1|1,68|74,0|67,58|82,45|0,87|67,97|58,79|67,39|45,80|59,26|66,25|68,66|60,23|30,88/67,80=67,39,82,45,80
20,48|37,50|32,60|20,42|5,65|99,74|73,98|42,32|12,73|76,85|65,37|20,28|28,76|48,99|20,5|24,12|74,43|60,71|20,24|85,89/20,43=20,48,99,74,43
77,91|64,21|64,63|26,38|64,69|89,65|21,94|47,26|74,55|91,16|99,24|24,53|15,77|69,47|64,15|80,74|94,89|55,61|64,80|63,99/64,16=64,15,77,91,16
80,59|78,34|73,3|32,64|64,73|59,93|84,20|24,5|5,41|76,16|77,37|34,85|77,40|77,24|77,32|20,76|40,80|37,78|41,31|77,84/77,85=77,37,78,34,85
81,46|91,51|22,97|85,64|28,58|91,27|27,87|91,55|87,28|91,26|67,13|75,44|26,81|55,67|91,22|97,75|13,66|51,50|50,85|46,7/91,58=91,27,87,28,58
93,75|77,81|88,35|56,87|93,56|19,58|7,94|93,7|64,90|94,52|93,47|93,88|63,28|75,97|87,64|52,66|97,19|35,63|47,5|5,77/93,81=93,47,5,77,81
59,42|23,94|38,16|17,26|25,24|20,31|20,68|68,13|20,64|20,69|64,23|39,17|13,38|98,46|20,25|69,39|24,98|31,66|94,2|66,59/20,42=20,31,66,59,42
50,80|84,51|47,69|47,7|47,50|96,71|37,77|36,65|51,74|41,36|3,37|65,23|72,73|6,84|47,6|7,3|47,41|69,72|80,96|73,42/47,74=47,6,84,51,74
26,23|56,15|74,99|23,17|67,5|85,53|89,67|15,46|85,92|72,96|48,26|91,72|36,89|85,36|93,74|53,91|92,93|85,7|7,56|85,48/85,17=85,48,26,23,17
4,97|21,34|57,21|19,64|19,99|34,44|58,16|19,57|73,13|19,30|97,40|13,78|86,56|99,58|64,90|16,52|78,7|19,73|30,4|90,86/19,40=19,30,4,97,40
3,73|80,95|0,30|12,63|12,35|83,18|95,5|12,85|53,80|12,53|22,57|63,51|30,41|10,3|12,49|85,10|51,83|38,22|35,0|49,38/12,41=12,35,0,30,41
38,10|97,63|89,37|76,90|26,99|67,33|7,67|76,17|56,9|62,64|63,89|10,14|64,56|76,98|98,7|17,18|18,26|90,38|76,97|76,62/76,99=76,17,18,26,99
9,91|13,99|73,14|2,46|39,9|14,70|41,69|90,94|91,75|99,25|90,39|49,24|1,78|90,37|78,41|37,13|90,2|94,73|90,1|46,49/90,24=90,2,46,49,24
1,25|90,18|92,90|92,28|8,4|32,8|97,1|20,55|50,5|92,72|55,56|60,50|92,60|18,99|5,87|72,20|92,97|25,53|99,24|28,32/92,53=92,97,1,25,53
11,89|18,5|81,11|88,58|29,20|75,81|0,77|77,68|63,29|68,80|55,63|40,21|3,88|75,40|75,0|89,91|75,87|87,3|21,18|75,55/75,58=75,87,3,88,58
74,16|41,39|74,46|10,70|82,54|74,95|21,65|16,41|98,14|46,98|74,21|69,64|44,47|14,57|70,69|39,12|74,10|65,82|25,44|95,25/74,12=74,16,41,39,12
43,84|16,42|24,48|48,73|64,77|77,67|42,96|54,16|91,53|3,72|53,15|45,43|84,18|91,45|91,64|73,92|15,3|91,24|91,54|67,49/91,96=91,54,16,42,96
20,68|92,0|59,21|11,17|21,39|34,53|34,11|39,26|34,59|16,69|70,92|49,70|69,37|53,16|17,3|3,47|34,83|83,12|12,20|34,49/34,37=34,53,16,69,37
48,47|97,66|23,88|7,49|10,7|42,12|0,65|48,97|12,36|47,85|27,79|54,30|13,42|49,21|85,27|48,13|48,10|48,23|88,0|66,54/48,21=48,10,7,49,21
48,13|42,91|14,21|32,7|21,42|97,16|87,31|97,72|13,69|31,9|72,8|47,85|22,37|97,32|16,87|97,14|62,48|97,62|7,47|8,22/97,37=97,72,8,22,37
25,83|7,24|85,10|85,77|37,75|35,6|24,63|85,80|62,25|85,37|85,62|3,20|75,35|74,33|10,3|33,41|80,74|83,64|77,7|20,90/85,64=85,62,25,83,64
18,77|58,15|86,67|85,54|58,86|63,13|61,63|54,20|53,61|58,53|67,24|77,83|24,97|3,10|20,71|15,3|10,33|58,18|83,38|58,85/58,38=58,18,77,83,38
90,33|82,6|47,99|71,40|1,66|35,75|40,19|95,1|66,58|33,16|60,9|60,2|9,90|60,35|83,71|2,47|99,15|60,95|60,83|75,82/60,58=60,95,1,66,58
0,58|34,98|16,15|49,50|56,86|58,92|26,96|0,34|54,3|88,49|50,65|15,54|27,81|92,77|0,88|77,9|81,56|98,26|0,27|0,16/0,3=0,16,15,54,3
99,48|3,33|70,67|69,3|99,80|10,97|5,0|99,25|53,89|97,60|99,53|99,70|67,39|39,42|17,38|89,17|0,20|80,10|48,5|25,69/99,20=99,48,5,0,20
52,79|36,25|79,89|7,61|63,36|25,97|63,69|97,50|57,37|72,22|98,7|81,52|63,51|69,72|63,57|14,99|63,81|37,14|51,98|22,68/63,50=63,36,25,97,50
7,86|21,7|97,50|30,88|18,97|25,62|62,12|5,75|21,30|43,25|88,5|86,46|83,16|46,67|96,83|16,71|21,43|21,96|50,37|21,18/21,67=21,7,86,46,67
48,23|16,0|36,51|36,60|60,18|36,22|19,93|51,48|18,74|0,85|47,58|74,66|93,80|39,47|23,87|80,42|52,39|36,19|36,52|22,16/36,42=36,19,93,80,42
8,98|73,99|85,48|45,53|48,58|58,14|81,34|8,38|99,83|8,47|47,88|8,79|72,65|38,45|53,31|79,73|65,64|8,85|88,81|98,72/8,31=8,38,45,53,31
29,95|9,74|86,99|52,35|34,59|28,11|33,14|8,34|11,9|86,52|99,33|3,8|86,28|95,0|35,45|86,3|14,39|45,15|91,29|86,91/86,74=86,28,11,9,74
55,18|94,73|10,68|23,94|97,72|29,59|55,97|55,63|41,10|8,49|72,17|59,16|49,88|63,23|55,96|88,77|55,8|17,58|96,29|18,41/55,68=55,18,41,10,68
29,18|73,5|96,44|11,82|18,33|82,86|86,49|84,96|11,29|11,56|19,73|45,54|77,19|11,77|49,85|11,59|33,3|54,53|59,45|56,84/11,3=11,29,18,33,3
90,37|11,59|69,73|56,44|9,10|63,11|35,56|9,89|91,24|9,90|12,35|45,91|99,33|10,42|59,88|89,45|9,12|9,63|42,99|37,69/9,88=9,63,11,59,88
15,95|27,82|41,14|98,25|14,98|46,92|46,79|37,80|46,63|92,37|46,41|63,83|46,60|80,74|95,71|57,42|60,15|79,56|83,57|56,27/46,82=46,79,56,27,82
68,19|3,68|57,55|10,58|57,20|1,53|43,73|14,90|57,3|6,43|90,1|77,6|57,14|19,97|20,52|55,10|57,77|18,54|52,18|58,35/57,73=57,77,6,43,73
86,29|43,98|21,23|67,9|98,50|64,21|6,97|48,88|86,69|86,64|69,43|66,53|86,67|88,6|9,66|29,24|23,5|86,48|51,37|24,51/86,5=86,64,21,23,5
78,75|64,99|57,0|49,91|10,49|75,53|91,57|10,84|36,76|7,45|10,17|10,36|34,27|85,7|76,34|52,64|84,52|17,85|10,78|53,62/10,45=10,17,85,7,45
78,75|73,8|36,97|38,9|96,27|75,47|53,78|79,2|32,16|47,45|9,32|97,17|53,36|81,35|53,96|2,73|53,79|53,38|27,81|17,94/53,8=53,79,2,73,8
88,70|67,63|14,22|6,14|98,67|22,83|2,40|0,50|33,6|15,88|72,17|33,15|70,90|50,82|63,44|33,2|61,0|40,72|33,61|33,98/33,17=33,2,40,72,17
89,82|25,1|1,49|20,27|21,26|68,30|7,9|89,80|13,97|26,13|79,68|98,40|89,19|89,98|80,79|82,25|90,20|89,21|40,7|19,90/89,9=89,98,40,7,9
68,62|23,98|17,68|9,39|72,9|62,13|98,99|39,66|93,73|75,25|25,44|66,76|72,49|72,34|34,23|49,93|90,75|72,17|72,90|73,64/72,64=72,49,93,73,64
67,61|66,63|21,66|11,87|82,28|97,94|97,73|73,50|31,67|97,25|94,88|87,43|63,74|25,31|50,57|97,93|97,21|57,42|93,11|88,82/97,74=97,21,66,63,74
62,46|30,38|46,54|62,48|47,71|29,63|6,50|2,29|63,64|3,6|49,47|74,51|54,30|62,3|62,26|26,89|62,2|48,49|50,31|89,74/62,51=62,26,89,74,51
94,64|94,84|48,25|65,74|98,65|94,10|84,39|64,33|63,98|34,79|79,19|22,70|91,34|94,91|39,48|10,22|41,93|70,69|33,41|94,63/94,74=94,63,98,65,74
95,76|53,15|5,45|92,62|95,5|64,6|8,56|76,66|9,67|45,8|30,83|95,92|95,36|62,9|68,55|15,64|66,30|95,53|36,68|55,39/95,6=95,53,15,64,6
19,80|82,64|84,45|19,5|63,58|45,93|80,6|19,71|48,85|30,84|1,48|71,82|19,30|33,98|5,1|64,88|19,63|51,32|6,33|58,51/19,85=19,5,1,48,85
11,7|0,55|5,22|0,49|56,70|70,73|49,9|0,18|61,24|23,61|55,5|73,17|9,11|92,98|98,90|18,23|93,92|0,56|0,93|22,86/0,17=0,56,70,73,17
85,27|62,65|4,46|85,87|85,86|65,17|69,13|85,35|87,88|13,7|85,69|58,67|86,84|9,52|35,62|27,9|52,77|88,4|7,83|84,58/85,67=85,86,84,58,67
35,30|52,98|31,55|99,52|83,67|35,27|35,43|80,95|27,54|54,19|55,50|35,31|28,14|43,83|30,99|67,12|95,28|35,80|50,81|19,18/35,14=35,80,95,28,14
69,63|42,26|42,23|42,60|42,62|68,17|48,95|55,48|90,52|35,2|23,43|62,15|42,94|94,35|15,69|60,90|26,55|2,10|43,68|52,30/42,95=42,26,55,48,95
28,14|99,26|24,28|69,5|14,89|86,90|24,76|19,73|5,86|97,40|76,19|73,62|1,99|68,97|26,49|24,69|24,1|24,68|40,35|89,92/24,90=24,69,5,86,90
80,11|55,3|47,15|15,14|47,79|84,52|47,73|54,8|3,95|79,80|52,25|47,16|73,55|11,24|8,34|47,54|86,10|14,86|16,84|34,91/47,10=47,15,14,86,10
15,17|96,85|7,65|79,22|7,57|52,79|26,68|7,52|7,96|39,99|85,39|63,29|65,14|29,15|42,26|7,63|57,42|14,86|22,32|86,77/7,68=7,57,42,26,68
67,23|85,94|44,54|94,79|30,97|10,47|85,28|85,30|18,0|97,18|35,10|95,48|54,72|28,40|8,35|79,67|85,62|85,8|62,44|40,95/85,0=85,30,97,18,0
48,15|1,85|41,14|62,22|14,72|9,48|3,62|12,77|77,27|28,9|12,61|22,52|61,1|12,78|85,86|12,28|12,3|27,87|87,83|78,41/12,15=12,28,9,48,15
28,18|94,53|28,95|95,74|28,94|28,98|18,56|56,30|50,17|81,11|17,41|49,3|30,24|11,60|74,86|28,50|53,49|98,81|86,34|41,68/28,68=28,50,17,41,68
54,55|4,75|61,30|66,54|42,77|9,66|49,28|90,40|42,34|28,16|40,23|42,9|42,49|48,74|42,61|34,11|16,70|30,48|11,4|77,90/42,75=42,34,11,4,75
45,94|44,10|96,18|28,24|18,36|42,16|96,4|96,42|15,79|12,39|96,44|8,89|39,81|4,12|36,8|16,28|96,68|35,45|68,35|10,15/96,81=96,4,12,39,81
9,2|9,7|92,1|36,89|9,64|2,32|1,39|12,68|81,83|97,15|15,85|83,11|9,19|32,36|51,92|68,14|9,51|19,12|64,97|7,81/9,39=9,51,92,1,39
27,38|19,16|92,22|87,88|9,91|52,1|87,83|87,9|87,52|49,92|87,73|51,27|7,86|1,19|73,7|86,21|91,13|13,54|88,49|83,51/87,38=87,83,51,27,38
84,43|8,2|86,62|94,56|63,74|62,37|68,13|63,86|63,20|91,8|21,94|63,68|63,39|78,81|13,84|39,25|25,78|37,15|74,91|20,21/63,15=63,86,62,37,15
49,36|24,16|84,79|2,24|30,1|84,50|36,39|48,73|61,69|42,70|84,49|55,2|69,3|84,55|50,22|22,42|79,61|39,0|73,30|84,48/84,0=84,49,36,39,0
26,96|99,21|60,89|21,28|91,49|79,10|17,60|13,99|43,47|47,69|25,24|26,90|49,25|26,91|4,79|90,4|26,43|26,13|96,17|69,44/26,24=26,91,49,25,24
2,39|10,52|83,54|10,83|4,17|50,15|10,38|17,13|13,28|61,77|5,84|38,50|54,61|10,4|52,2|39,58|69,30|10,69|15,20|30,5/10,28=10,4,17,13,28
71,9|63,96|13,48|92,12|13,47|72,87|47,18|20,24|13,51|18,71|87,20|12,77|40,28|51,40|84,63|28,33|26,92|13,26|13,72|48,84/13,77=13,26,92,12,77
63,5|95,27|72,34|68,70|19,93|93,65|5,75|90,95|98,96|65,67|98,90|98,59|96,89|70,49|59,68|89,72|98,10|27,18|98,19|10,63/98,34=98,96,89,72,34
30,52|30,73|30,65|25,28|46,43|28,13|43,9|65,68|73,42|52,25|88,80|51,88|47,66|68,47|30,90|76,67|42,76|90,51|30,95|95,46/30,66=30,65,68,47,66
94,89|33,65|33,48|43,19|33,30|57,81|30,75|81,88|78,1|86,94|1,4|23,35|48,57|40,92|33,26|65,78|33,43|19,23|75,40|26,86/33,92=33,30,75,40,92
16,19|27,24|69,51|16,79|16,53|16,90|24,76|49,98|51,39|79,38|70,77|19,27|96,70|98,93|38,61|90,96|93,18|16,49|61,0|53,69/16,77=16,90,96,70,77
53,82|63,60|85,56|51,77|60,53|83,35|9,81|32,33|51,63|65,85|35,69|51,32|43,61|51,50|56,10|50,83|33,43|77,9|81,46|51,65/51,82=51,63,60,53,82
64,60|92,45|22,34|52,86|1,84|64,43|84,66|34,52|43,44|72,67|66,95|67,5|44,92|64,61|64,1|81,79|93,81|60,72|64,22|61,93/64,95=64,1,84,66,95
90,97|33,36|51,92|30,90|73,98|54,30|12,20|84,82|84,54|84,51|47,31|36,80|84,73|84,11|11,41|41,23|92,12|23,68|98,47|82,33/84,80=84,82,33,36,80
0,67|12,80|27,51|4,21|83,35|0,83|78,88|46,74|80,4|0,12|45,78|0,58|41,64|81,46|67,81|35,41|58,45|76,97|0,76|97,27/0,74=0,67,81,46,74
40,27|91,16|40,67|40,63|63,57|23,79|87,15|67,60|40,74|60,90|64,42|51,23|90,95|16,83|42,87|40,64|57,80|74,91|27,51|80,21/40,21=40,63,57,80,21
46,10|13,68|56,19|33,4|40,69|19,72|72,37|21,70|68,17|60,65|65,46|55,16|55,56|69,33|55,60|70,81|16,21|55,26|55,40|26,13/55,37=55,56,19,72,37
80,70|28,35|9,83|80,28|32,71|96,45|57,54|54,38|36,52|80,57|38,3|64,30|35,32|70,9|80,48|30,12|48,64|52,96|83,59|80,36/80,71=80,28,35,32,71
23,63|57,7|90,52|57,85|52,2|35,99|93,6|27,0|57,69|14,93|57,15|69,90|67,92|92,27|15,14|83,23|57,67|74,35|7,74|85,83/57,2=57,69,90,52,2
18,53|72,75|53,67|63,72|63,85|85,23|63,76|69,38|38,52|76,69|59,45|63,94|48,21|63,18|67,50|94,48|21,10|23,3|75,59|3,92/63,45=63,72,75,59,45
68,49|49,72|66,43|46,16|51,41|4,92|62,27|40,20|92,51|43,50|46,64|46,40|21,66|6,56|46,4|56,57|16,68|64,6|46,21|20,62/46,57=46,64,6,56,57
89,11|89,26|26,64|11,57|58,43|89,91|89,34|64,87|84,19|75,61|57,37|91,75|25,58|83,84|37,22|87,6|61,29|89,21|21,83|34,25/89,43=89,34,25,58,43
24,59|45,78|83,58|27,64|7,60|74,14|24,45|19,27|58,74|43,75|60,43|24,83|78,33|24,19|81,76|64,73|76,98|33,84|24,7|59,81/24,84=24,45,78,33,84
89,56|39,30|43,54|47,63|30,23|58,33|56,19|47,3|47,58|33,16|97,89|35,94|54,13|16,40|3,43|25,39|47,25|47,97|76,35|63,76/47,94=47,63,76,35,94
52,13|50,42|50,52|23,97|36,6|97,48|2,25|42,35|50,99|50,29|29,84|83,73|99,12|84,2|50,40|35,36|13,83|21,89|40,23|12,21/50,89=50,99,12,21,89
8,43|58,74|94,64|74,53|56,12|72,65|51,9|65,57|9,95|89,58|72,51|95,47|72,89|72,83|57,99|72,8|83,56|99,85|12,84|43,94/72,85=72,65,57,99,85
68,46|33,42|14,86|9,48|80,32|8,33|86,75|32,81|68,9|11,44|88,8|74,14|48,21|2,11|68,88|68,74|68,65|21,25|46,80|65,2/68,42=68,88,8,33,42
26,5|37,94|89,44|64,89|13,91|13,64|87,39|44,80|39,26|81,2|10,11|13,55|95,74|13,87|94,58|91,76|76,10|55,37|2,95|13,81/13,74=13,81,2,95,74
51,88|16,97|49,43|27,38|55,61|43,29|73,4|97,8|85,14|61,45|85,58|85,73|4,51|35,55|29,41|85,49|14,64|85,35|58,16|64,27/85,8=85,58,16,97,8
26,65|17,26|15,10|24,58|12,45|4,69|65,15|0,9|58,20|20,22|51,80|41,12|45,94|99,39|39,51|17,99|17,24|17,0|17,41|9,4/17,69=17,0,9,4,69
28,21|27,64|7,5|12,67|72,85|36,15|6,7|70,43|84,25|25,46|89,6|53,36|67,72|64,28|84,69|84,89|84,27|46,70|69,53|84,12/84,21=84,27,64,28,21
84,45|1,66|81,64|85,11|85,6|54,71|85,54|37,81|11,1|32,48|6,67|48,52|31,32|66,91|85,31|71,89|89,8|67,84|85,37|64,49/85,49=85,37,81,64,49
46,93|88,62|5,82|54,46|48,21|47,5|21,88|97,51|66,47|82,27|31,57|66,54|66,97|93,90|38,96|51,31|96,56|66,48|56,17|66,38/66,57=66,97,51,31,57
55,98|68,1|98,26|21,59|67,16|18,67|21,7|21,13|6,54|59,18|21,38|13,43|7,55|91,68|76,93|21,91|1,96|38,39|39,76|43,6/21,93=21,38,39,76,93
38,45|36,81|17,13|37,67|5,18|67,62|13,71|90,95|45,0|5,79|5,14|18,17|14,38|7,97|5,25|95,42|81,7|5,36|79,37|25,90/5,42=5,25,90,95,42
65,77|46,18|77,12|46,58|71,65|30,76|66,11|18,47|63,30|46,22|47,74|74,9|46,71|91,66|81,14|14,60|11,39|46,91|58,81|22,63/46,60=46,58,81,14,60
30,44|8,2|24,81|5,32|21,19|72,94|81,30|4,95|5,88|94,21|91,59|5,24|95,40|32,4|5,72|5,8|59,87|2,46|46,85|88,91/5,40=5,32,4,95,40
66,37|66,57|66,47|37,48|18,11|58,18|23,33|87,9|66,0|66,74|70,16|57,58|74,56|16,99|78,50|47,87|56,23|9,76|0,70|48,78/66,11=66,57,58,18,11
40,30|9,65|19,58|93,50|30,98|59,19|20,32|82,25|65,20|59,40|96,6|6,33|25,93|58,75|59,72|72,96|59,82|75,29|59,9|98,71/59,29=59,19,58,75,29
83,62|4,97|4,83|4,61|99,36|84,49|96,84|62,54|4,68|61,5|97,99|59,3|54,46|49,88|8,64|4,96|64,32|36,30|68,8|5,59/4,88=4,96,84,49,88
26,81|47,56|13,99|64,77|64,39|64,49|77,8|64,38|56,58|38,75|8,26|49,13|64,53|53,93|0,45|93,0|99,48|89,36|39,47|75,89/64,58=64,39,47,56,58
16,44|53,11|44,58|29,9|71,72|29,34|97,71|57,3|31,18|29,23|58,52|72,41|32,57|23,31|18,20|90,53|29,16|34,90|29,97|9,32/29,41=29,97,71,72,41
52,23|50,42|50,52|35,2|83,73|2,25|97,6|42,13|50,99|50,29|29,84|36,48|99,12|84,97|50,40|13,83|23,36|21,89|40,35|12,21/50,89=50,99,12,21,89
9,44|89,51|85,21|89,84|73,0|91,38|97,99|0,90|89,22|22,63|38,9|99,77|63,85|84,97|89,73|90,66|60,74|51,45|89,91|45,60/89,44=89,91,38,9,44
92,6|84,15|57,49|83,76|31,71|93,52|6,42|33,87|77,37|16,12|84,33|84,16|42,95|12,57|84,77|94,31|37,83|87,93|15,94|84,92/84,95=84,92,6,42,95
48,1|27,43|67,8|67,40|67,82|40,23|81,25|28,75|82,71|69,27|71,81|67,49|56,69|23,14|8,61|14,41|61,48|75,36|67,56|49,28/67,43=67,56,69,27,43
82,85|68,21|63,51|77,81|63,23|51,74|81,7|63,64|85,68|63,82|60,79|4,17|53,87|23,4|63,60|74,53|66,5|17,56|64,77|79,66/63,21=63,82,85,68,21
43,99|42,82|7,66|86,7|42,86|82,62|53,70|33,55|42,51|62,12|12,64|42,35|70,87|55,76|99,96|76,31|51,53|66,22|42,33|35,43/42,96=42,35,43,99,96
49,58|33,68|84,8|98,75|27,95|0,9|95,32|52,12|12,69|41,27|65,50|42,2|58,0|84,33|84,49|68,42|8,52|84,98|84,41|75,65/84,32=84,41,27,95,32
47,42|9,51|26,64|31,85|40,82|76,59|51,58|44,31|77,97|85,76|44,47|58,99|97,63|44,5|5,40|44,83|82,38|83,77|44,9|42,26/44,38=44,5,40,82,38
29,76|17,48|48,77|54,23|82,78|45,17|8,82|98,8|43,54|43,3|3,1|43,45|43,61|1,20|20,69|23,29|72,52|0,72|43,98|61,0/43,78=43,98,8,82,78
8,36|95,71|25,8|39,96|21,1|1,22|27,60|14,25|70,27|59,64|14,21|55,70|64,39|88,95|14,55|22,45|14,88|36,46|14,59|71,42/14,42=14,88,95,71,42
59,17|59,78|47,93|10,60|17,70|31,30|70,61|59,88|93,11|60,0|59,99|88,66|61,21|57,41|59,10|99,47|0,13|66,31|3,57|78,3/59,30=59,88,66,31,30
6,17|35,69|95,30|43,94|94,97|67,19|64,67|35,33|17,27|47,64|35,51|69,10|85,59|51,6|30,92|10,85|35,43|33,95|35,47|97,75/35,92=35,33,95,30,92
46,67|46,32|24,5|32,62|62,95|95,58|54,80|67,54|46,12|29,24|8,16|81,7|88,29|12,81|46,88|80,48|46,13|16,92|7,64|13,8/46,92=46,13,8,16,92
49,73|78,77|63,1|23,78|16,63|28,65|60,53|44,60|84,44|28,84|42,90|28,49|9,58|24,96|28,16|1,52|90,9|28,42|73,24|65,23/28,96=28,49,73,24,96
91,98|98,81|5,35|35,43|21,5|21,38|50,25|66,52|81,73|74,86|64,11|21,50|22,74|25,66|43,87|21,91|83,90|21,64|11,83|38,22/21,73=21,91,98,81,73
54,92|97,49|38,76|81,21|70,75|72,6|76,13|81,84|81,70|43,97|81,38|1,95|22,41|75,1|81,72|6,54|13,40|21,43|84,22|41,28/81,28=81,84,22,41,28
44,81|88,79|72,51|72,43|98,3|79,39|90,94|84,98|6,53|69,27|30,90|72,69|72,50|72,48|51,88|43,30|50,12|12,6|27,44|48,84/72,53=72,50,12,6,53
25,97|41,59|20,72|53,25|20,4|4,41|79,31|93,17|91,6|73,33|97,94|20,53|72,63|71,52|63,91|17,79|20,71|59,18|52,73|20,93/20,94=20,53,25,97,94
63,3|3,20|48,94|63,4|25,57|63,10|10,48|20,12|12,52|76,16|98,6|4,17|16,98|61,26|63,25|94,34|17,27|63,76|27,40|57,61/63,6=63,76,16,98,6
59,61|29,72|68,82|65,11|12,68|17,65|72,12|61,14|29,41|41,17|38,88|29,96|29,18|18,59|29,69|35,94|43,35|86,38|69,43|96,86/29,11=29,41,17,65,11
77,51|22,87|5,9|83,55|84,83|7,29|50,84|61,12|5,20|85,44|5,7|20,22|91,2|29,85|12,91|87,4|51,88|9,77|5,61|5,50/5,88=5,9,77,51,88
5,52|35,9|64,12|40,43|9,66|89,10|14,67|40,80|40,5|40,90|52,64|43,35|40,89|41,45|10,14|96,26|26,57|90,41|80,96|45,7/40,7=40,90,41,45,7
40,31|79,99|14,74|40,79|96,12|40,2|54,19|2,21|74,73|71,14|94,86|99,3|22,94|77,22|21,96|40,71|19,44|31,54|3,50|40,77/40,86=40,77,22,94,86
39,14|97,96|0,52|88,91|49,28|18,97|89,29|69,49|18,93|93,63|18,26|59,30|63,0|12,59|11,69|91,39|26,12|18,88|96,89|18,11/18,52=18,93,63,0,52
78,97|32,83|32,53|83,65|49,11|99,70|21,61|65,34|70,78|53,64|11,28|64,29|32,41|32,99|57,77|29,81|41,49|32,21|34,37|61,57/32,28=32,41,49,11,28
40,47|84,35|35,67|81,70|64,3|84,40|49,9|34,81|3,53|19,58|83,80|84,0|47,19|43,68|67,49|68,83|84,34|70,45|84,43|0,64/84,53=84,0,64,3,53
66,45|1,89|81,64|85,11|85,6|54,32|85,54|37,81|11,1|67,84|6,71|84,8|31,67|89,52|85,31|32,48|48,91|71,66|85,37|64,49/85,49=85,37,81,64,49
58,92|3,46|58,3|35,75|1,26|92,35|6,40|58,0|77,83|74,99|55,77|76,73|99,1|58,66|5,6|58,74|0,55|66,5|75,86|46,76/58,40=58,66,5,6,40
64,31|89,66|79,86|5,82|86,35|64,50|3,40|31,97|50,89|64,79|97,3|47,43|85,24|66,95|64,46|35,88|46,23|82,47|64,5|23,85/64,24=64,46,23,85,24
99,87|96,78|92,99|55,44|44,96|23,13|32,89|55,42|13,29|89,56|55,32|3,27|42,92|55,18|18,3|78,21|58,23|55,58|56,93|27,12/55,21=55,44,96,78,21
51,35|47,23|43,28|53,98|34,53|1,19|19,29|41,1|51,73|48,78|78,96|28,47|51,70|51,41|73,88|80,82|88,80|70,34|51,43|35,48/51,29=51,41,1,19,29
71,48|87,2|46,56|46,93|89,71|93,40|46,88|23,68|46,67|68,78|94,87|51,80|55,21|46,94|40,55|88,89|80,91|67,23|2,7|56,51/46,21=46,93,40,55,21
20,95|53,6|15,65|83,70|58,15|20,73|73,23|76,28|71,53|20,24|95,81|20,58|23,86|81,76|24,87|20,71|65,5|86,61|87,83|6,37/20,37=20,71,53,6,37
54,60|36,24|81,93|1,96|80,71|44,87|84,44|71,50|45,81|80,4|80,68|80,84|27,1|87,92|50,54|24,66|80,94|68,36|4,27|94,45/80,93=80,94,45,81,93
90,31|15,56|46,77|65,88|77,62|88,13|54,44|81,65|62,37|64,20|70,90|86,70|71,5|54,81|54,71|56,0|5,64|54,46|44,15|54,86/54,37=54,46,77,62,37
94,19|17,13|16,94|28,33|99,17|82,45|78,82|64,21|99,16|24,28|99,78|99,24|19,40|69,6|21,69|33,79|45,60|81,97|99,64|13,81/99,40=99,16,94,19,40
87,59|35,15|40,86|22,77|86,87|22,21|21,49|22,94|78,88|63,72|49,35|90,52|37,54|94,82|82,37|88,63|22,40|77,90|52,0|22,78/22,54=22,94,82,37,54
63,53|79,11|49,72|72,21|49,79|23,98|53,57|49,55|11,37|37,38|98,96|30,83|21,30|55,33|49,63|33,87|96,65|87,40|49,23|57,39/49,38=49,79,11,37,38
53,80|66,92|66,5|8,53|97,39|46,75|98,31|66,59|92,46|75,88|55,8|26,97|31,22|17,86|77,26|78,17|66,55|59,78|66,77|5,98/66,88=66,92,46,75,88
86,29|43,6|21,23|67,88|6,53|64,21|51,97|48,24|86,69|86,64|69,43|98,37|86,67|24,51|88,98|29,9|23,5|86,48|66,50|9,66/86,5=86,64,21,23,5
67,4|66,48|66,64|17,93|66,13|13,17|61,67|56,96|32,61|60,7|5,60|86,11|87,5|93,69|96,76|48,56|66,32|66,87|11,36|64,86/66,4=66,32,61,67,4
16,87|54,41|95,44|95,49|1,17|13,1|79,0|44,83|57,56|50,65|95,16|95,54|11,32|95,90|83,57|49,81|90,13|41,11|87,79|81,50/95,56=95,44,83,57,56
28,39|48,96|68,5|26,89|78,54|54,32|18,58|13,24|50,78|28,86|86,42|42,48|49,26|33,68|28,13|24,18|39,49|28,50|5,72|28,33/28,89=28,39,49,26,89
24,8|24,58|24,94|52,89|75,19|8,67|59,55|94,77|24,52|37,60|77,15|26,18|43,75|24,43|15,44|19,11|89,59|13,26|67,37|58,13/24,60=24,8,67,37,60
59,69|46,63|18,93|33,88|21,71|60,36|5,46|71,25|88,47|21,5|21,59|63,83|15,41|21,33|47,80|21,35|25,18|35,45|45,60|69,15/21,93=21,71,25,18,93
62,85|68,84|26,99|98,17|70,68|9,40|17,74|9,98|78,70|48,15|38,52|18,38|34,48|52,71|9,26|99,62|9,78|74,56|40,34|9,18/9,71=9,18,38,52,71
26,83|99,92|92,24|26,23|84,87|42,84|96,19|19,9|83,56|46,42|80,45|26,96|26,46|43,99|26,43|6,44|56,6|9,69|23,80|45,48/26,69=26,96,19,9,69
61,30|20,90|73,70|18,10|3,11|52,22|70,46|30,64|53,60|90,61|77,52|17,73|20,17|22,72|20,95|20,77|11,6|95,3|20,18|10,53/20,6=20,95,3,11,6
74,7|52,28|86,52|7,37|21,46|74,61|61,91|74,0|11,81|74,21|37,11|80,64|54,66|91,53|74,6|0,86|26,54|53,85|46,80|6,26/74,81=74,7,37,11,81
16,19|38,93|27,61|16,79|16,53|16,90|93,0|49,98|61,18|79,69|70,77|19,38|96,70|98,24|69,51|90,96|24,76|16,49|51,39|53,27/16,77=16,90,96,70,77
28,70|55,84|38,88|9,27|82,98|56,64|31,93|26,48|54,58|93,82|64,9|70,38|25,31|25,26|25,28|25,55|84,54|63,87|48,63|25,56/25,98=25,31,93,82,98
89,7|80,4|52,23|5,80|46,75|5,24|75,48|5,89|34,36|63,34|4,28|7,52|5,45|24,46|59,13|5,63|45,59|13,93|28,37|36,39/5,39=5,63,34,36,39
63,9|28,24|13,48|92,12|13,47|72,18|47,40|71,33|13,51|40,63|18,71|12,77|87,20|51,87|84,28|20,96|26,92|13,26|13,72|48,84/13,77=13,26,92,12,77
43,82|47,54|35,53|18,72|77,13|89,37|57,34|22,47|18,33|44,29|72,22|82,66|18,43|29,35|32,77|18,44|33,32|34,89|66,85|18,57/18,53=18,44,29,35,53
25,81|57,1|64,55|35,6|6,25|79,50|35,64|35,30|1,56|55,79|3,89|35,57|27,76|89,45|76,36|66,27|30,3|56,42|35,66|81,28/35,50=35,64,55,79,50
32,10|56,81|45,56|32,38|21,97|38,50|32,92|32,60|95,8|97,65|8,78|24,28|10,95|35,26|60,45|50,35|54,37|37,24|32,54|92,21/32,78=32,10,95,8,78
87,61|13,7|9,43|70,13|69,78|70,69|68,31|70,5|31,51|7,9|51,53|10,87|2,15|25,2|70,68|90,54|70,23|5,25|23,10|78,90/70,15=70,5,25,2,15
74,27|99,8|13,59|24,64|53,39|21,68|5,84|59,86|92,29|8,24|39,21|13,99|84,74|13,5|86,92|13,7|38,75|13,53|51,38|7,51/13,29=13,59,86,92,29
71,15|11,10|19,27|55,61|21,13|45,19|61,31|27,34|18,71|55,18|13,90|25,21|35,26|9,11|15,23|31,35|55,25|28,9|55,28|55,45/55,10=55,28,9,11,10
97,93|1,38|29,78|58,24|52,1|63,10|91,35|52,42|78,63|52,29|52,58|38,97|35,72|7,57|44,7|57,69|24,87|52,44|87,33|42,91/52,69=52,44,7,57,69
80,8|22,54|47,3|70,24|67,27|96,91|22,96|22,70|29,80|22,29|91,21|3,76|2,67|54,2|87,47|22,87|8,92|24,32|32,77|21,71/22,71=22,96,91,21,71
65,68|66,78|57,83|45,41|30,91|87,67|12,84|6,5|41,66|5,99|34,88|84,57|65,79|68,34|91,87|65,45|79,6|65,12|88,47|65,30/65,83=65,12,84,57,83
3,20|68,54|84,30|83,37|25,68|25,58|63,3|30,69|14,0|25,71|27,51|37,13|58,84|0,44|71,83|31,14|26,63|25,26|54,27|25,31/25,51=25,68,54,27,51
89,78|70,35|67,49|70,7|54,80|70,89|34,15|7,1|93,19|62,3|35,32|78,59|70,93|32,54|19,62|15,23|70,34|59,71|23,29|1,67/70,29=70,34,15,23,29
47,90|28,5|71,60|75,50|95,89|74,75|95,28|95,70|39,47|86,44|97,27|95,6|6,71|60,46|44,45|5,97|95,39|89,74|70,86|90,84/95,50=95,89,74,75,50
28,23|83,81|28,67|50,59|28,42|28,9|9,50|23,83|42,45|59,60|76,80|45,8|15,71|8,84|80,15|70,10|10,74|81,54|67,70|28,76/28,54=28,23,83,81,54
95,51|36,2|40,32|65,80|76,50|70,40|70,65|19,74|47,81|32,76|70,95|92,94|51,36|70,92|17,24|94,72|80,17|72,91|70,47|81,19/70,74=70,47,81,19,74
60,72|68,34|66,40|23,74|47,8|81,24|78,81|60,35|60,90|71,59|60,68|87,71|74,76|60,7|90,87|7,78|35,19|19,66|72,23|34,47/60,24=60,7,78,81,24
71,19|46,52|52,50|71,37|71,84|39,12|66,87|11,32|59,39|15,47|45,7|37,23|86,79|71,15|19,46|87,45|71,66|84,59|47,86|23,11/71,32=71,37,23,11,32
99,62|57,73|45,71|63,26|66,45|14,34|26,57|62,12|14,63|14,70|70,83|83,5|23,16|14,99|16,81|12,98|14,78|34,23|78,66|5,50/14,98=14,99,62,12,98
10,87|84,24|87,48|66,85|27,81|85,83|67,84|18,92|88,96|67,99|26,10|67,60|67,88|60,66|96,46|24,18|67,26|59,27|99,59|46,61/67,81=67,99,59,27,81
2,26|33,78|47,98|85,79|30,72|85,71|71,30|79,35|38,60|72,73|26,47|85,25|78,59|85,2|57,13|25,55|59,34|85,33|55,38|35,57/85,34=85,33,78,59,34
89,99|96,89|70,38|83,73|74,80|55,58|73,44|65,70|30,59|80,22|74,83|74,55|38,43|74,65|71,23|22,71|74,86|44,19|86,96|58,30/74,99=74,86,96,89,99
71,69|67,3|66,99|60,81|47,87|13,47|63,65|87,66|13,67|75,59|98,63|11,28|13,98|3,71|81,11|13,60|65,68|59,17|13,8|8,75/13,17=13,8,75,59,17
54,43|87,20|75,5|93,56|93,94|94,76|39,86|76,87|56,53|48,75|5,36|93,39|18,33|86,14|33,99|93,49|93,48|49,18|53,54|14,73/93,36=93,48,75,5,36
0,94|11,32|50,35|64,13|27,59|92,76|45,64|0,55|0,45|72,53|0,12|55,72|54,11|94,54|13,81|0,27|12,34|53,79|59,92|34,50/0,79=0,55,72,53,79
1,37|98,85|34,9|61,34|1,23|1,78|71,61|1,71|19,65|1,16|14,7|48,51|63,19|23,62|78,48|37,80|80,14|16,63|51,89|62,98/1,89=1,78,48,51,89
2,71|22,66|74,10|52,2|56,16|52,22|16,43|97,62|52,78|57,40|52,96|52,4|71,97|10,76|96,80|78,56|66,57|80,12|4,74|12,92/52,76=52,4,74,10,76
19,73|7,44|6,22|75,45|57,4|82,57|35,19|82,6|82,37|4,26|44,39|82,99|76,56|99,7|82,91|37,35|26,24|56,40|22,75|91,76/82,39=82,99,7,44,39
75,76|31,59|48,7|7,85|70,53|70,48|55,83|70,55|83,92|36,78|59,99|70,56|74,36|85,9|92,40|53,18|70,94|18,75|56,31|94,74/70,76=70,53,18,75,76
19,94|84,53|89,4|87,92|26,20|33,41|43,1|84,23|20,33|94,13|84,43|23,19|84,9|9,89|1,28|4,5|84,26|28,2|75,87|53,75/84,41=84,26,20,33,41
91,6|49,87|98,72|66,70|72,0|45,14|6,10|97,98|90,79|90,97|70,49|90,19|19,91|14,73|48,80|90,45|80,94|79,48|90,66|73,59/90,94=90,79,48,80,94
1,15|0,98|77,78|73,74|34,81|78,39|17,0|17,14|2,73|40,69|15,24|69,48|98,34|38,77|17,30|74,72|17,38|17,2|30,40|14,1/17,39=17,38,77,78,39
0,82|78,31|3,9|63,50|92,78|20,14|39,73|73,20|26,63|12,92|1,3|6,0|82,64|39,6|14,53|39,74|74,26|39,12|39,1|9,52/39,64=39,6,0,82,64
88,9|12,23|2,19|24,39|23,2|51,74|24,16|22,70|24,12|24,57|24,22|39,88|57,66|47,51|70,43|43,37|16,47|46,63|9,6|66,46/24,37=24,22,70,43,37
54,63|68,12|15,30|4,38|30,62|89,80|42,48|42,61|42,67|12,41|63,35|62,88|42,15|48,4|38,6|42,92|92,68|61,85|67,54|85,89/42,35=42,67,54,63,35
1,37|34,9|98,65|61,98|1,23|1,78|71,61|1,71|19,7|1,16|14,85|48,51|62,19|23,80|78,48|37,63|63,14|16,62|51,89|80,34/1,89=1,78,48,51,89
58,32|37,98|30,12|25,95|98,10|73,37|12,43|47,11|99,3|43,48|79,30|32,92|79,58|95,40|79,25|92,71|3,47|79,99|40,26|79,73/79,48=79,30,12,43,48
96,25|87,96|86,19|65,91|89,22|73,65|91,35|87,85|48,68|87,56|11,43|87,14|85,86|19,27|53,11|14,53|56,28|87,73|28,89|25,48/87,27=87,85,86,19,27
54,43|29,1|51,21|38,86|69,74|45,51|46,54|38,29|38,57|32,40|98,99|82,47|27,64|1,32|86,46|57,45|99,69|64,82|38,27|38,98/38,47=38,27,64,82,47
9,89|89,23|55,33|78,14|10,98|39,4|71,52|98,71|78,10|78,18|14,39|3,44|4,57|11,20|65,62|18,9|20,3|78,11|78,55|33,65/78,44=78,11,20,3,44
27,73|56,55|68,95|28,74|24,27|68,47|47,28|44,92|95,31|8,78|61,44|31,77|18,24|68,18|68,8|68,61|92,25|77,81|74,10|78,56/68,73=68,18,24,27,73
5,33|58,8|39,85|64,54|56,5|39,0|24,10|10,52|39,29|54,49|13,81|29,24|21,64|0,13|39,21|8,25|85,56|39,58|25,4|81,90/39,90=39,0,13,81,90
18,30|82,77|42,41|41,48|9,79|72,18|69,82|9,74|56,40|74,19|19,56|63,29|29,4|9,69|4,22|53,42|9,53|9,63|77,26|79,72/9,48=9,53,42,41,48
39,94|57,52|1,58|15,98|17,35|78,17|13,66|52,1|60,78|43,13|24,15|20,34|86,20|86,60|66,62|86,57|86,11|34,39|86,43|11,24/86,35=86,60,78,17,35
89,58|74,22|29,75|61,82|56,74|22,51|89,97|15,18|66,61|18,88|89,24|78,49|64,78|42,66|24,64|89,56|58,27|27,29|89,42|97,15/89,49=89,24,64,78,49
28,19|19,82|56,26|11,29|48,55|58,77|97,6|86,95|6,56|1,97|1,58|1,75|77,22|95,11|55,12|12,32|1,86|1,48|75,28|22,62/1,82=1,75,28,19,82
54,75|32,39|99,3|72,57|71,99|41,0|3,1|82,87|32,35|34,89|89,38|32,82|37,72|35,5|87,41|39,34|83,37|32,71|32,83|5,54/32,75=32,35,5,54,75
7,1|85,75|0,60|17,25|7,69|75,78|7,46|19,44|1,32|69,85|23,17|66,86|46,94|7,53|94,66|7,0|12,79|53,23|60,12|32,19/7,78=7,69,85,75,78
3,40|62,49|37,45|62,71|62,11|17,88|49,64|20,17|33,34|58,50|74,3|89,60|71,20|64,33|62,58|50,89|62,8|8,74|45,90|11,37/62,60=62,58,50,89,60
99,91|91,7|61,99|21,65|27,75|13,20|16,71|61,18|76,27|85,76|71,59|59,79|18,64|7,86|61,16|61,13|64,21|61,85|20,29|29,11/61,79=61,16,71,59,79
29,21|94,36|94,73|73,75|60,4|94,61|94,48|94,33|89,6|33,91|92,60|91,54|61,51|36,92|48,93|51,89|77,35|93,29|54,53|75,77/94,4=94,36,92,60,4
99,73|19,95|47,51|48,66|40,76|57,4|54,99|54,93|73,19|26,40|54,15|66,47|8,50|54,48|81,83|93,26|83,57|15,8|50,12|54,81/54,51=54,48,66,47,51
67,84|72,56|35,25|51,37|25,92|37,81|54,98|67,97|67,35|67,54|66,13|84,72|92,18|56,58|2,66|67,2|13,42|97,51|98,57|57,64/67,58=67,84,72,56,58
16,67|74,52|26,33|52,27|96,85|40,77|62,26|76,62|27,7|7,32|77,49|74,2|3,96|85,9|79,65|74,76|74,79|65,16|74,3|2,40/74,67=74,79,65,16,67
41,37|94,35|10,41|14,58|12,8|39,19|70,46|24,12|10,75|75,94|35,4|72,71|46,72|10,24|10,70|10,39|22,7|8,60|19,22|37,14/10,58=10,41,37,14,58
16,34|83,70|12,47|10,51|16,35|47,45|58,83|16,19|31,6|19,58|16,37|48,17|35,12|37,64|67,31|34,48|6,84|64,10|17,63|16,67/16,70=16,19,58,83,70
26,49|16,92|60,9|13,60|21,46|13,82|13,21|94,80|82,93|93,11|99,64|11,43|81,3|13,94|3,69|69,63|9,99|80,16|13,81|46,26/13,43=13,82,93,11,43
22,23|95,22|61,93|90,21|15,90|80,40|57,31|46,39|15,14|37,61|14,95|15,46|15,26|15,58|21,80|31,51|42,50|26,57|58,37|39,42/15,51=15,26,57,31,51
41,53|89,1|11,59|96,58|1,18|41,55|41,89|18,85|65,78|19,11|91,96|56,91|41,19|27,52|53,65|41,56|78,50|59,22|55,3|3,27/41,58=41,56,91,96,58
87,67|99,95|31,43|99,82|82,61|99,31|9,96|99,62|62,38|14,80|77,90|53,4|75,41|80,9|43,77|38,75|99,14|61,53|16,87|95,16/99,41=99,62,38,75,41
89,30|28,44|32,85|57,51|65,94|36,45|59,36|91,15|51,32|94,87|65,13|65,56|65,57|13,62|65,46|70,28|46,59|87,91|56,70|62,89/65,85=65,57,51,32,85
55,96|19,17|97,23|39,30|27,19|40,97|55,31|31,40|63,39|68,63|55,72|78,51|85,71|51,52|58,85|55,68|72,27|7,58|55,7|96,78/55,30=55,68,63,39,30
10,28|28,56|96,73|87,98|2,51|80,96|22,11|32,48|98,32|51,22|56,85|40,4|80,31|79,5|80,10|80,87|80,2|73,79|31,40|4,97/80,85=80,10,28,56,85
86,78|23,69|3,43|39,42|78,39|99,3|33,5|52,64|31,23|31,35|31,99|5,98|31,86|31,52|64,49|49,11|69,37|35,33|37,14|43,76/31,76=31,99,3,43,76
90,14|0,90|96,11|43,70|50,22|1,50|22,41|88,9|24,10|41,16|85,0|42,58|11,88|1,32|1,85|1,24|10,42|32,65|65,43|1,96/1,58=1,24,10,42,58
46,88|94,72|54,8|90,55|55,93|93,15|8,41|90,42|90,70|50,24|15,26|88,12|45,50|70,45|90,94|72,53|53,89|12,13|42,54|90,46/90,89=90,94,72,53,89
8,99|13,66|72,74|13,41|60,1|41,9|59,75|66,86|9,32|86,76|75,60|45,93|93,51|76,42|13,8|13,59|11,45|32,47|99,72|13,11/13,51=13,11,45,93,51
65,27|23,25|27,75|0,60|8,74|67,0|22,65|50,92|76,61|2,59|45,76|45,23|25,2|45,67|90,26|45,8|74,50|45,22|60,64|61,90/45,26=45,76,61,90,26
93,42|5,26|29,5|35,29|47,54|80,3|35,74|74,79|30,19|35,4|35,80|35,93|3,6|26,32|79,30|4,2|2,10|10,49|42,47|6,83/35,49=35,4,2,10,49
5,43|61,67|68,21|61,65|65,68|73,77|15,73|17,89|51,63|89,37|36,17|61,36|63,35|61,51|35,20|4,5|21,72|67,4|29,15|61,29/61,72=61,65,68,21,72
70,27|95,71|25,70|22,60|21,8|8,36|39,46|14,25|1,39|59,64|14,21|55,1|64,22|88,95|14,55|36,45|14,88|27,96|14,59|71,42/14,42=14,88,95,71,42
93,29|93,5|64,37|93,81|62,35|76,16|93,64|81,76|6,18|29,27|93,23|23,34|94,60|66,49|37,6|5,83|27,62|34,66|16,0|83,94/93,18=93,64,37,6,18
21,79|33,76|97,37|76,59|97,60|60,54|6,42|54,99|59,80|79,0|97,18|97,21|1,6|0,32|37,1|4,65|97,33|99,49|38,4|18,38/97,32=97,21,79,0,32
56,40|41,61|88,41|32,79|10,21|43,71|32,10|21,43|90,34|22,3|40,42|79,22|32,12|78,88|32,4|4,56|32,78|12,0|3,2|0,90/32,34=32,12,0,90,34
86,59|73,11|75,30|6,55|86,12|64,53|89,64|86,6|66,89|94,58|59,0|55,73|12,93|14,94|0,75|93,1|1,68|86,14|86,66|58,72/86,53=86,66,89,64,53
6,53|88,85|51,60|88,71|15,69|88,95|62,90|95,4|69,28|88,82|41,84|88,15|71,55|4,62|55,51|84,48|83,6|82,41|28,16|85,83/88,48=88,82,41,84,48
55,56|66,21|94,31|3,32|14,22|54,55|28,82|56,9|28,94|28,79|82,90|21,3|28,66|42,35|28,54|90,42|31,14|79,41|41,33|33,96/28,32=28,66,21,3,32
54,22|31,38|31,77|24,67|77,91|70,19|22,47|4,6|48,37|58,70|6,28|68,58|91,48|31,68|31,4|82,54|31,82|38,24|67,72|28,61/31,61=31,4,6,28,61
9,4|55,27|26,92|27,2|33,78|47,39|0,26|97,56|55,76|55,9|2,5|77,33|55,77|56,34|55,50|78,42|4,47|76,97|5,65|50,0/55,39=55,9,4,47,39
63,43|80,10|51,74|56,80|51,99|51,6|99,63|93,91|37,85|55,56|92,84|84,37|38,7|43,29|12,93|74,38|7,11|51,92|51,55|6,12/51,29=51,99,63,43,29
19,78|42,59|44,88|87,24|61,94|40,91|19,97|14,85|19,42|19,40|59,61|48,58|88,5|19,14|97,87|91,32|78,44|24,36|32,27|85,48/19,94=19,42,59,61,94
75,36|63,6|19,47|42,66|45,89|75,87|75,28|75,19|26,55|50,65|65,74|75,56|87,97|28,50|47,45|56,26|97,42|36,31|55,12|31,63/75,6=75,36,31,63,6
73,16|8,77|28,17|65,90|27,60|60,20|94,55|24,80|22,93|93,8|90,51|80,27|58,28|40,65|24,40|24,94|71,58|24,22|24,71|55,73/24,17=24,71,58,28,17
13,67|57,71|33,13|71,60|60,89|15,96|48,99|14,33|79,90|87,48|67,34|14,57|65,44|14,65|72,87|92,45|14,79|44,15|90,92|14,72/14,45=14,79,90,92,45
86,22|22,62|54,51|25,0|56,53|87,78|25,77|44,34|51,40|76,46|78,84|25,54|46,44|4,56|36,86|25,36|77,87|25,76|0,4|40,64/25,53=25,0,4,56,53
60,12|12,75|23,96|20,69|74,73|40,62|5,74|50,78|5,50|73,20|5,68|5,40|63,51|46,38|62,46|68,59|79,60|78,63|59,23|5,79/5,38=5,40,62,46,38
77,91|64,21|64,63|55,65|64,69|24,53|21,99|94,55|74,26|91,16|47,89|89,61|15,77|69,94|64,15|80,74|99,24|26,38|64,80|63,47/64,16=64,15,77,91,16
56,33|97,18|65,66|64,11|69,46|88,55|85,88|69,97|72,65|86,6|36,82|70,85|25,92|18,25|46,72|69,70|11,86|33,36|69,56|69,64/69,6=69,64,11,86,6
57,84|44,5|7,31|15,24|5,10|44,47|44,57|91,20|83,7|25,15|84,80|76,51|47,25|79,76|44,65|65,83|10,91|80,40|42,79|44,42/44,20=44,5,10,91,20
5,65|74,35|33,76|69,23|78,66|50,79|79,98|76,51|23,50|51,29|14,5|18,53|69,18|8,78|57,14|66,37|69,33|69,8|69,57|53,74/69,29=69,33,76,51,29
60,34|40,21|47,53|40,19|96,92|40,30|18,60|21,18|40,65|13,79|27,47|19,27|40,13|79,89|89,33|20,83|63,20|65,96|30,63|92,93/40,83=40,30,63,20,83
85,72|34,20|43,70|54,95|34,68|82,60|70,66|68,62|20,52|1,96|52,54|0,99|34,1|10,53|34,43|62,10|96,0|66,16|72,82|34,85/34,60=34,85,72,82,60
66,70|66,72|63,95|70,2|21,76|8,3|66,31|60,80|67,78|55,63|87,9|72,55|31,67|78,12|83,21|2,60|66,83|66,87|9,8|76,98/66,12=66,31,67,78,12
78,2|20,18|99,12|99,28|95,37|36,78|12,11|64,14|99,82|99,49|49,4|24,64|4,60|82,24|74,57|60,5|11,95|28,36|99,74|57,20/99,37=99,12,11,95,37
5,61|15,46|6,92|42,86|99,98|54,42|61,70|46,88|91,73|91,51|93,6|20,99|51,20|91,93|91,15|91,22|88,21|92,81|22,54|73,5/91,21=91,15,46,88,21
78,94|22,91|60,99|75,73|22,34|99,30|45,83|22,78|87,9|34,74|83,75|94,42|98,60|22,45|16,33|91,87|74,16|42,46|22,98|9,27/22,73=22,45,83,75,73
67,23|44,15|12,20|88,71|30,94|83,74|32,88|40,12|67,32|94,11|71,58|99,31|31,44|23,85|41,40|67,99|67,30|11,52|67,41|85,83/67,58=67,32,88,71,58
1,93|11,0|56,53|88,10|10,72|98,74|21,37|98,11|34,88|98,34|0,56|83,40|74,83|77,21|98,1|93,39|40,23|39,71|98,77|37,15/98,53=98,11,0,56,53
81,19|15,36|66,96|96,21|54,1|37,66|86,14|81,34|81,86|75,98|81,40|87,54|81,37|34,63|40,75|63,15|14,11|19,87|98,52|11,56/81,21=81,37,66,96,21
46,68|40,10|57,77|86,19|57,91|65,14|57,26|89,86|91,38|57,42|50,84|56,46|38,50|57,13|42,89|2,40|13,56|77,25|26,2|25,65/57,84=57,91,38,50,84
81,32|73,55|2,52|52,81|78,74|38,33|85,72|9,30|27,13|33,27|74,9|72,10|64,78|64,38|64,2|64,18|18,85|64,73|58,16|55,58/64,30=64,78,74,9,30
20,41|47,17|20,90|86,14|63,85|4,53|80,63|20,4|77,7|90,47|53,24|20,79|35,0|7,86|17,23|79,80|20,77|70,35|41,70|24,83/20,85=20,79,80,63,85
8,4|24,32|76,39|51,9|0,76|54,10|24,13|15,8|24,0|24,63|3,14|39,87|63,51|24,75|10,55|32,54|75,41|9,78|41,3|13,15/24,87=24,0,76,39,87
13,37|34,6|34,96|96,67|3,99|34,19|99,89|55,27|34,48|14,13|42,65|27,46|34,14|35,78|37,2|67,35|6,55|65,8|48,3|19,42/34,2=34,14,13,37,2
65,87|7,99|80,8|48,86|85,66|99,62|62,42|86,34|74,38|97,41|41,45|87,80|70,81|48,7|48,85|45,94|34,70|48,97|66,74|48,65/48,81=48,86,34,70,81
68,44|60,15|49,72|46,11|97,36|22,46|13,24|60,97|48,88|60,58|21,48|60,49|88,14|15,22|60,21|58,68|36,18|72,13|18,12|44,34/60,14=60,21,48,88,14
68,99|80,40|9,96|32,92|33,79|98,11|59,83|32,56|48,65|32,59|17,81|82,9|56,98|83,80|32,68|11,57|32,17|81,48|92,82|99,33/32,40=32,59,83,80,40
67,78|0,55|87,37|17,39|12,0|59,17|48,59|44,19|60,25|19,5|25,98|30,53|30,22|78,87|53,60|30,96|96,12|30,67|22,44|30,48/30,5=30,22,44,19,5
26,8|27,77|26,69|15,16|69,88|4,61|88,76|30,63|23,1|63,99|26,40|77,4|16,75|26,30|99,74|26,27|1,54|76,87|8,23|40,15/26,75=26,40,15,16,75
87,68|46,5|48,44|87,48|13,33|44,47|47,49|83,76|96,63|87,83|87,2|40,28|86,13|81,30|76,96|68,69|5,40|2,86|87,46|69,81/87,33=87,2,86,13,33
25,69|87,26|55,51|24,99|51,14|60,87|24,9|36,25|7,36|24,83|94,67|24,76|43,72|24,7|76,55|48,43|83,94|99,60|67,70|9,48/24,26=24,99,60,87,26
52,6|30,18|47,72|99,95|57,73|6,10|95,69|47,30|18,38|96,2|47,71|72,57|73,64|3,52|71,96|47,40|38,36|47,3|2,7|40,99/47,10=47,3,52,6,10
18,59|13,71|16,13|71,8|69,1|18,19|84,44|91,66|59,91|65,34|95,64|18,65|19,22|37,69|66,78|22,84|18,16|1,89|34,95|18,37/18,64=18,65,34,95,64
91,15|46,55|54,46|49,81|82,1|90,31|9,22|55,29|54,91|15,49|29,7|19,50|69,66|66,19|1,9|31,34|54,82|54,90|34,20|54,69/54,20=54,90,31,34,20
49,86|12,6|20,69|17,60|7,41|23,54|20,17|60,23|20,49|20,68|57,28|51,43|41,71|94,76|86,94|20,51|68,7|69,64|64,57|43,12/20,54=20,17,60,23,54
1,83|11,0|56,53|88,39|39,15|98,74|93,10|98,11|34,88|98,34|0,56|21,37|74,21|77,93|98,1|83,40|37,72|40,71|98,77|10,23/98,53=98,11,0,56,53
5,24|5,59|51,25|24,98|77,48|35,51|96,35|69,46|5,96|21,14|5,54|98,39|46,21|54,15|59,77|48,36|15,6|39,33|5,69|6,40/5,36=5,59,77,48,36
95,70|54,88|69,38|12,24|54,68|96,41|1,69|88,91|54,95|68,1|91,33|70,90|77,74|54,18|33,71|18,60|74,96|54,77|90,16|60,12/54,24=54,18,60,12,24
58,36|74,5|82,34|33,31|74,33|34,55|52,7|74,77|45,52|55,35|31,53|50,58|77,0|17,50|83,28|74,17|5,45|0,83|53,27|74,82/74,27=74,33,31,53,27
45,84|53,43|17,40|46,32|99,45|7,10|32,72|40,12|84,56|39,73|4,7|39,4|73,46|10,69|39,75|39,29|29,17|43,26|75,53|39,99/39,12=39,29,17,40,12
18,77|48,6|52,64|30,71|69,24|75,80|77,20|99,17|35,99|30,18|64,48|71,75|30,52|30,44|30,89|20,1|80,40|89,35|24,78|44,69/30,17=30,89,35,99,17
97,87|63,38|56,11|83,46|9,69|55,29|83,55|13,63|83,56|68,42|5,79|29,9|42,53|20,5|83,13|83,99|38,95|11,97|99,68|46,20/83,53=83,99,68,42,53
58,19|15,58|40,47|53,62|50,69|50,15|50,40|3,14|29,2|50,29|19,9|47,3|0,99|44,88|91,53|50,91|2,0|69,44|62,27|88,11/50,14=50,40,47,3,14
30,67|36,55|26,73|74,9|35,30|81,99|89,17|59,89|32,36|51,35|17,26|31,45|59,81|99,31|9,88|55,13|59,32|22,74|59,22|59,51/59,73=59,89,17,26,73
71,83|28,56|12,80|90,28|24,52|52,82|50,71|3,24|16,67|83,27|91,13|16,50|16,3|32,78|56,68|16,91|13,32|67,22|22,12|16,90/16,82=16,3,24,52,82
82,62|59,9|36,43|62,23|9,65|82,20|84,68|37,45|23,84|79,56|75,37|82,59|82,75|45,0|73,36|56,15|82,4|4,79|65,76|20,73/82,43=82,20,73,36,43
4,40|56,30|84,18|51,59|59,71|88,4|46,0|84,51|84,94|84,17|16,13|67,56|18,86|94,67|86,16|17,88|43,46|90,43|84,90|71,64/84,0=84,90,43,46,0
3,82|77,44|82,50|69,91|69,1|30,28|69,88|88,77|69,3|1,55|37,9|15,30|44,42|75,95|69,37|4,97|55,75|50,68|91,15|9,4/69,42=69,88,77,44,42
79,84|78,90|94,99|85,69|33,39|94,85|39,22|41,71|53,19|26,67|10,16|94,26|67,41|49,78|16,79|22,38|94,10|94,33|69,53|99,49/94,84=94,10,16,79,84
69,23|97,82|23,0|65,19|13,35|64,55|55,44|28,69|28,97|82,13|0,18|44,66|28,22|19,48|52,79|79,93|28,64|28,38|22,65|38,52/28,35=28,97,82,13,35
36,26|99,36|14,82|82,67|35,1|95,33|99,37|26,60|60,58|63,95|17,81|73,63|99,83|83,41|99,6|37,14|41,35|40,17|99,73|6,40/99,58=99,36,26,60,58
86,90|31,71|34,78|4,51|52,86|90,10|0,35|35,34|52,0|1,85|26,1|10,77|33,4|84,26|52,84|51,50|52,33|93,31|52,93|71,28/52,78=52,0,35,34,78
56,84|33,42|30,2|4,51|98,33|30,76|30,11|30,56|11,58|43,53|93,47|58,93|76,98|44,4|84,88|53,19|30,39|2,43|88,71|39,44/30,42=30,76,98,33,42
52,9|83,15|63,56|99,29|51,81|29,13|52,59|13,33|9,79|52,91|92,11|52,99|94,92|59,94|79,83|52,64|81,86|56,54|64,51|91,63/52,11=52,59,94,92,11
20,68|71,62|97,73|61,94|77,27|20,87|12,38|20,23|20,57|73,64|13,16|57,60|59,12|68,97|89,77|62,61|60,13|87,89|23,59|20,71/20,38=20,23,59,12,38
61,26|15,82|36,77|34,76|22,34|10,15|36,63|62,14|91,66|63,89|14,28|41,10|36,31|89,61|77,62|36,22|36,41|45,91|76,8|31,45/36,66=36,31,45,91,66
38,94|71,14|66,31|24,57|7,10|57,48|7,66|7,60|7,99|7,21|99,29|31,68|68,12|6,71|10,24|21,70|70,38|96,0|29,96|60,6/7,12=7,66,31,68,12
25,62|95,60|45,46|67,78|69,88|69,85|84,25|17,75|69,5|69,95|98,17|91,45|58,61|78,99|88,98|5,84|46,43|60,58|69,91|85,67/69,61=69,95,60,58,61
35,0|57,7|90,52|57,85|52,2|93,63|27,6|23,99|57,69|83,27|57,15|69,90|67,92|92,23|15,83|74,35|57,67|14,93|7,14|85,74/57,2=57,69,90,52,2
7,50|7,14|81,66|50,81|7,43|93,64|90,41|64,92|41,54|94,38|7,17|7,93|17,90|34,80|79,34|92,39|14,94|66,86|43,79|38,52/7,52=7,14,94,38,52
37,80|10,74|56,18|3,47|73,91|36,81|56,7|56,24|62,41|7,64|15,58|18,37|80,67|56,73|24,12|91,3|81,62|56,36|12,15|64,10/56,47=56,73,91,3,47
96,34|45,19|8,28|60,7|58,70|70,9|9,53|52,62|30,85|39,37|8,58|34,47|8,60|62,55|8,45|7,30|8,80|19,39|28,96|80,52/8,85=8,60,7,30,85
12,99|52,45|61,20|59,10|13,89|72,28|59,68|68,61|59,52|51,94|23,72|36,58|10,14|20,35|28,65|59,23|59,13|45,51|14,12|89,36/59,58=59,13,89,36,58
94,24|26,85|68,98|57,68|22,84|67,95|57,26|57,10|24,75|98,41|57,94|84,9|21,43|57,67|10,22|23,47|41,49|95,21|75,78|85,23/57,43=57,67,95,21,43
46,98|58,1|31,40|70,23|25,46|72,66|25,72|66,31|25,9|60,62|65,70|9,51|8,73|25,39|98,60|25,65|39,94|23,24|51,8|94,58/25,62=25,46,98,60,62
99,1|5,6|62,41|15,16|7,62|69,99|23,18|16,13|71,39|69,15|56,80|69,7|41,3|69,5|13,12|2,44|80,2|1,71|69,56|6,23/69,18=69,5,6,23,18
51,56|56,73|94,75|24,17|50,39|70,64|25,67|75,48|80,24|80,51|17,26|80,0|73,63|80,85|0,94|67,8|64,50|80,70|85,25|26,23/80,8=80,85,25,67,8
17,80|20,64|17,14|71,15|17,19|14,48|17,20|68,84|28,36|84,28|80,65|64,71|50,54|95,9|54,97|19,50|17,68|73,37|48,73|65,95/17,97=17,19,50,54,97
89,4|80,46|52,48|5,80|7,75|5,24|75,93|5,89|34,36|63,34|46,13|4,52|5,45|24,7|59,28|5,63|45,59|28,37|13,23|36,39/5,39=5,63,34,36,39
55,83|0,79|2,70|4,56|93,5|18,74|18,55|14,2|5,31|31,68|24,34|3,24|13,14|76,67|18,93|18,0|79,4|18,13|83,76|74,3/18,70=18,13,14,2,70
70,92|52,96|77,94|50,51|70,18|70,82|70,76|4,2|70,77|26,4|29,10|74,50|76,42|75,72|40,52|94,29|18,40|92,74|42,75|82,26/70,51=70,92,74,50,51
0,97|38,1|35,8|78,86|14,35|61,11|47,62|30,47|78,30|78,14|62,27|8,44|78,31|43,61|31,38|97,57|1,98|78,43|11,58|86,0/78,27=78,30,47,62,27
77,50|34,95|85,37|9,69|1,9|61,77|69,96|87,34|85,13|85,75|85,1|50,53|41,78|37,14|83,70|30,41|85,61|75,30|14,83|13,87/85,95=85,13,87,34,95
81,19|39,16|2,23|76,39|73,89|91,76|34,81|3,87|12,82|87,10|19,93|46,3|23,12|46,34|46,73|20,54|89,20|46,91|10,14|46,2/46,16=46,91,76,39,16
59,0|38,1|76,64|91,66|24,62|93,75|76,93|41,52|33,99|76,41|52,24|66,59|76,91|87,20|76,33|55,38|75,90|90,49|99,87|64,55/76,62=76,41,52,24,62
28,58|14,93|28,54|28,29|60,83|29,46|83,75|28,45|46,27|45,21|27,91|58,98|28,37|21,77|37,89|89,14|54,60|11,84|98,11|77,87/28,84=28,58,98,11,84
87,55|28,80|37,48|78,85|40,53|64,27|80,44|37,62|1,40|48,64|17,78|37,17|37,0|85,50|21,1|0,87|37,21|55,16|27,83|62,28/37,53=37,21,1,40,53
57,40|10,24|55,26|45,51|18,79|31,17|36,14|83,41|55,39|26,33|39,57|79,36|41,60|60,28|55,45|51,10|40,54|55,18|55,83|33,31/55,14=55,18,79,36,14
96,36|47,5|15,3|17,55|15,92|36,35|7,48|70,44|55,76|15,59|15,89|93,17|15,93|24,7|89,97|59,96|92,33|33,70|97,47|3,24/15,48=15,3,24,7,48
17,44|94,3|16,69|28,22|17,96|66,99|0,9|22,16|10,66|44,10|68,48|17,68|3,77|48,57|17,94|20,0|77,33|57,59|96,20|17,28/17,59=17,68,48,57,59
76,58|78,37|40,65|37,83|97,33|13,5|13,40|60,16|65,20|16,59|61,76|69,78|13,60|20,87|59,88|13,69|86,97|13,42|5,61|42,86/13,58=13,5,61,76,58
78,2|33,31|35,88|33,95|51,73|99,14|95,97|28,55|97,35|33,60|33,51|39,78|31,39|17,77|0,99|87,0|60,25|33,87|73,17|25,28/33,2=33,31,39,78,2
49,54|55,68|87,85|41,37|54,15|20,39|64,24|55,49|80,2|37,80|55,87|78,23|68,59|55,41|15,67|55,96|85,20|59,64|96,78|23,14/55,39=55,87,85,20,39
12,44|11,76|41,71|61,41|21,31|15,88|77,61|31,37|44,14|10,72|15,77|88,10|33,11|56,33|15,21|72,89|14,60|15,12|15,56|37,22/15,76=15,56,33,11,76
5,33|39,96|5,25|27,68|67,56|33,92|5,67|34,65|96,54|23,85|93,28|92,93|56,34|5,75|54,83|5,39|4,27|25,41|41,23|75,4/5,65=5,67,56,34,65
24,53|99,30|14,71|57,39|30,62|31,34|57,45|87,98|34,55|57,77|9,14|39,99|57,12|77,9|45,87|98,83|57,86|12,31|53,81|86,24/57,62=57,39,99,30,62
95,51|17,50|40,94|65,32|72,24|70,40|70,65|19,74|47,81|94,72|70,95|92,80|51,17|70,92|76,2|80,36|32,76|36,91|70,47|81,19/70,74=70,47,81,19,74
16,96|48,9|96,48|36,1|94,50|49,39|10,36|10,42|39,14|15,94|72,76|76,59|14,93|10,16|42,15|1,69|86,72|69,24|10,49|10,86/10,59=10,86,72,76,59
45,33|78,6|57,46|66,34|79,57|45,79|21,51|45,32|68,67|67,44|51,77|45,21|33,28|32,71|46,23|41,68|77,96|71,78|45,41|28,66/45,6=45,32,71,78,6
30,35|75,91|30,75|12,0|35,15|53,10|30,33|33,82|62,9|15,24|49,20|30,49|24,96|34,53|20,62|30,80|26,41|80,34|91,26|82,12/30,96=30,35,15,24,96
40,14|12,52|58,86|48,94|94,81|22,55|26,60|63,48|40,12|95,64|55,49|52,26|14,79|93,30|40,22|79,93|49,13|86,95|40,58|40,63/40,30=40,14,79,93,30
74,35|29,5|82,89|29,30|21,41|55,43|49,82|29,55|81,12|5,49|43,86|86,88|34,2|29,74|35,34|33,81|59,21|29,33|30,59|12,6/29,2=29,74,35,34,2
0,67|12,45|4,88|27,51|83,80|0,83|41,64|46,74|45,27|0,12|35,41|0,58|78,21|81,46|67,81|80,78|58,35|76,97|0,76|97,4/0,74=0,67,81,46,74
28,21|27,64|7,85|12,67|70,43|36,5|53,7|72,15|84,25|25,6|89,53|46,36|67,70|64,28|84,69|84,89|84,27|6,72|69,46|84,12/84,21=84,27,64,28,21
12,85|1,83|83,9|15,99|8,67|22,6|79,10|63,59|38,1|5,76|5,12|99,23|76,73|5,38|10,63|5,79|85,22|73,8|5,15|23,88/5,6=5,12,85,22,6
28,89|3,38|70,98|82,88|25,70|38,83|15,71|18,17|75,25|75,24|88,15|14,9|9,18|89,57|75,82|75,14|24,3|98,29|75,28|57,11/75,11=75,28,89,57,11
74,57|69,99|58,69|80,42|41,9|51,13|13,14|19,89|14,75|31,58|74,31|74,80|5,82|74,52|74,51|52,18|18,19|57,41|9,0|42,5/74,75=74,51,13,14,75
32,36|98,97|43,22|32,43|32,27|34,14|60,35|97,21|36,34|21,3|81,56|32,98|83,60|14,13|32,25|25,81|29,20|22,29|56,39|27,83/32,20=32,43,22,29,20
39,15|11,46|77,2|69,11|2,89|72,45|64,72|76,0|77,93|77,64|27,69|43,39|49,75|93,49|89,76|77,43|75,80|45,84|77,27|15,9/77,84=77,64,72,45,84
69,64|88,29|84,32|98,22|58,45|3,52|52,72|42,98|14,49|32,88|84,3|72,37|22,68|84,82|29,8|84,69|82,65|64,14|84,42|65,58/84,37=84,3,52,72,37
12,71|71,98|12,66|81,57|12,2|2,31|12,94|94,56|4,74|99,4|21,81|16,40|98,43|31,16|56,51|57,38|51,91|43,63|66,99|12,21/12,91=12,94,56,51,91
4,35|29,57|93,59|93,16|71,92|23,71|39,87|89,39|80,66|79,4|93,81|66,25|59,80|57,52|93,29|52,55|81,89|16,79|92,38|93,23/93,25=93,59,80,66,25
13,96|86,28|58,82|86,89|21,15|28,18|37,7|86,13|70,27|18,38|87,91|15,70|86,21|38,4|53,87|89,0|96,58|86,39|39,53|0,37/86,82=86,13,96,58,82
16,67|34,81|35,18|84,94|76,8|83,79|84,42|57,59|84,76|94,34|88,49|11,92|84,88|49,57|84,11|18,4|92,83|81,69|42,35|8,16/84,4=84,42,35,18,4
42,88|13,87|13,41|52,44|2,39|13,49|88,6|76,83|39,24|13,63|63,52|34,76|24,28|49,42|87,20|13,2|44,25|60,74|41,34|20,60/13,6=13,49,42,88,6
24,39|51,26|53,46|53,83|26,10|39,98|46,20|85,73|45,12|53,17|20,74|69,51|53,24|53,69|98,22|83,85|17,80|73,77|74,64|80,45/53,77=53,83,85,73,77
0,54|71,55|67,57|71,36|84,0|71,94|28,43|87,88|60,80|55,87|43,30|88,47|57,73|71,28|71,72|72,67|36,60|80,34|94,84|30,64/71,34=71,36,60,80,34
69,23|97,82|23,44|52,79|13,35|64,65|65,19|28,69|28,97|82,13|44,93|19,66|28,22|79,18|55,0|0,48|28,64|28,38|22,52|38,55/28,35=28,97,82,13,35
80,64|31,92|80,7|17,39|48,72|52,75|72,52|27,10|80,74|80,48|39,29|80,17|29,88|16,46|38,31|64,65|74,38|65,27|7,16|46,61/80,92=80,74,38,31,92
42,29|4,50|4,35|62,18|48,3|15,61|61,58|83,95|95,11|35,88|93,22|3,27|88,62|50,48|4,79|29,93|4,42|79,15|4,83|11,64/4,58=4,79,15,61,58
0,58|59,41|75,78|15,50|43,93|99,37|24,99|36,43|7,75|58,15|73,7|36,73|36,0|36,59|93,64|41,53|64,22|36,24|53,11|37,1/36,1=36,24,99,37,1
53,28|72,52|91,37|91,73|30,25|86,30|52,19|87,67|91,86|91,23|42,22|73,87|60,42|23,72|37,60|1,53|67,62|91,1|25,79|28,75/91,22=91,37,60,42,22
90,86|82,33|89,82|89,26|76,5|71,39|5,8|11,50|84,24|19,52|33,71|89,90|26,69|1,49|69,19|86,1|89,16|24,11|16,76|89,84/89,49=89,90,86,1,49
7,91|63,47|56,36|13,1|64,40|24,11|26,80|24,64|40,7|10,20|24,19|79,93|24,56|36,63|81,79|24,10|19,81|80,82|20,13|11,26/24,93=24,19,81,79,93
65,61|4,93|80,33|52,65|58,12|47,38|38,2|80,60|12,69|10,3|33,10|93,44|80,52|51,4|80,47|60,58|2,8|3,27|61,7|80,51/80,7=80,52,65,61,7
85,30|53,43|47,11|75,22|43,16|52,80|11,60|80,55|64,75|52,47|83,6|18,85|70,64|52,18|55,83|12,53|52,70|60,73|52,12|30,26/52,6=52,80,55,83,6
38,29|40,81|24,96|73,57|64,15|30,35|47,91|43,30|57,24|64,46|29,13|64,38|91,36|46,43|15,40|81,55|3,47|64,3|13,21|64,73/64,55=64,15,40,81,55
3,48|58,5|48,2|49,3|52,98|5,47|68,62|76,43|49,52|43,27|47,84|23,29|49,58|49,68|2,69|98,90|27,73|90,55|49,76|62,23/49,69=49,3,48,2,69
93,31|33,45|61,86|52,24|86,69|69,8|61,13|9,90|30,35|90,30|61,23|76,33|55,76|31,66|13,85|8,17|85,52|23,93|61,55|61,9/61,17=61,86,69,8,17
20,42|10,59|89,79|54,10|62,75|75,1|96,37|42,2|0,89|77,20|1,41|31,23|31,3|31,62|3,39|90,54|39,96|23,0|31,77|31,90/31,37=31,3,39,96,37
17,94|93,38|87,51|58,6|22,65|69,71|75,37|51,39|87,69|78,11|87,93|87,17|38,22|39,78|98,72|6,75|87,58|71,83|83,14|94,98/87,11=87,51,39,78,11
78,15|90,62|17,37|12,68|5,86|12,63|12,8|12,81|8,53|68,22|53,88|22,59|37,5|81,85|88,93|62,40|12,17|59,29|85,78|63,90/12,86=12,17,37,5,86
82,20|61,24|37,82|96,97|0,41|97,85|43,23|96,49|96,47|47,19|19,61|96,83|41,14|23,57|96,54|54,0|46,80|85,46|49,37|83,43/96,14=96,54,0,41,14
79,9|97,36|33,14|91,69|25,97|68,56|69,31|9,10|33,19|14,79|33,66|36,18|33,48|48,44|32,30|66,49|49,32|44,68|33,25|19,91/33,31=33,19,91,69,31
98,81|17,70|17,46|81,94|75,61|73,11|6,98|2,8|78,44|11,78|28,0|68,2|17,6|47,40|61,64|46,75|70,68|17,73|17,28|0,47/17,94=17,6,98,81,94
43,66|48,57|43,48|71,49|56,36|49,61|90,71|93,68|66,80|43,90|52,98|43,52|88,99|43,47|80,88|58,62|36,11|47,56|57,93|98,58/43,68=43,48,57,93,68
23,28|7,57|1,7|2,23|26,63|53,89|53,85|21,55|51,88|53,73|47,41|88,18|53,62|73,1|89,36|62,2|36,26|53,21|55,47|85,51/53,18=53,85,51,88,18
30,28|66,14|57,32|62,33|22,95|19,83|4,45|46,81|83,62|46,10|46,86|21,30|46,22|10,15|15,66|86,21|46,19|81,57|32,44|95,4/46,45=46,22,95,4,45
1,60|21,33|93,49|87,45|77,83|20,21|36,93|87,51|87,88|87,86|83,0|88,20|86,46|89,77|46,90|9,1|87,89|51,9|90,53|45,36/87,53=87,86,46,90,53
55,73|44,37|74,21|74,61|61,45|13,24|74,98|71,31|74,26|74,13|37,81|45,9|26,44|47,1|9,99|98,47|1,72|21,71|24,55|31,59/74,99=74,61,45,9,99
96,0|75,92|98,12|75,73|66,42|92,79|79,98|30,6|75,30|6,23|23,25|0,80|45,99|75,63|73,41|63,78|78,45|75,96|41,66|80,43/75,25=75,30,6,23,25
8,20|24,8|49,97|49,74|11,81|14,25|94,53|74,13|61,14|81,34|49,80|49,61|13,84|97,24|49,11|17,94|84,48|80,17|25,96|34,29/49,53=49,80,17,94,53
64,6|42,43|6,89|60,90|64,63|38,31|63,60|36,72|95,38|90,18|83,70|72,48|64,15|43,34|48,69|89,83|64,95|31,0|15,42|64,36/64,18=64,63,60,90,18
47,26|84,90|47,9|33,64|86,27|91,49|9,86|49,80|55,19|47,69|13,67|47,44|67,62|47,33|64,84|73,55|27,97|26,73|69,13|44,91/47,19=47,26,73,55,19
52,72|12,4|12,65|4,63|81,77|63,81|65,52|38,56|21,38|24,21|54,43|12,76|72,59|17,42|43,32|12,24|12,97|76,54|42,8|97,17/12,56=12,24,21,38,56
75,68|24,13|19,99|95,25|33,86|25,8|40,82|99,58|53,5|58,93|68,3|75,53|75,97|75,19|75,40|82,24|10,55|3,33|5,10|97,95/75,55=75,53,5,10,55
77,71|60,72|27,35|56,77|46,39|43,26|64,46|65,50|72,56|59,81|53,64|35,59|60,43|10,54|60,37|50,73|60,53|37,65|60,27|26,10/60,71=60,72,56,77,71
15,20|0,68|19,94|49,39|67,49|15,21|21,82|47,67|60,19|94,50|15,47|15,0|17,52|15,60|68,17|4,84|13,4|70,64|82,70|20,13/15,64=15,21,82,70,64
40,25|9,30|19,58|20,32|25,6|59,19|93,71|82,65|30,93|59,40|96,98|98,50|65,20|58,75|59,72|72,96|59,82|75,29|59,9|6,33/59,29=59,19,58,75,29
75,11|19,83|75,15|33,88|64,28|16,43|75,19|45,96|75,12|15,41|41,33|1,45|12,54|5,69|11,5|70,1|83,64|54,16|75,70|69,27/75,28=75,19,83,64,28
54,31|3,54|12,34|61,49|85,17|17,69|85,3|31,95|82,43|85,82|69,33|43,12|49,48|48,74|85,61|2,93|33,56|26,2|5,26|85,5/85,93=85,5,26,2,93
54,50|2,84|54,40|80,92|50,10|59,58|19,0|0,42|9,59|84,80|54,57|54,19|61,14|10,96|54,2|40,61|42,68|96,22|14,93|57,9/54,58=54,57,9,59,58
94,19|17,21|16,94|13,33|99,17|82,69|78,82|64,28|99,16|24,13|99,78|99,24|19,40|45,97|28,45|33,60|69,6|81,79|99,64|21,81/99,40=99,16,94,19,40
65,39|19,54|43,97|54,38|27,2|74,65|33,68|74,62|2,67|39,76|78,33|97,28|74,15|13,19|74,45|62,27|45,78|74,13|15,43|76,89/74,28=74,15,43,97,28
95,76|11,90|83,89|11,80|4,98|11,12|90,4|97,96|92,21|96,85|98,28|17,45|75,83|10,97|12,92|21,49|11,10|76,17|11,95|80,75/11,49=11,12,92,21,49
58,26|78,72|38,16|83,78|69,46|52,58|46,25|81,66|50,83|28,70|42,28|26,40|38,81|16,69|15,39|38,42|66,15|70,61|38,52|38,50/38,25=38,16,69,46,25
58,40|22,87|98,96|8,22|15,70|46,15|46,8|26,47|46,83|87,5|83,84|84,68|41,31|70,49|40,26|49,3|68,53|31,98|46,58|46,41/46,5=46,8,22,87,5
27,94|74,83|39,36|18,74|18,19|18,47|90,43|18,27|35,78|36,40|94,90|19,65|93,35|40,87|96,73|83,4|65,96|4,72|18,39|47,93/18,87=18,39,36,40,87
87,75|9,24|66,85|68,26|87,58|33,81|25,76|51,9|87,65|58,25|87,98|76,72|98,93|87,68|10,37|65,51|26,33|93,66|75,10|37,12/87,72=87,58,25,76,72
8,6|48,62|73,50|0,78|72,79|0,35|82,72|47,44|71,47|25,20|0,28|0,96|35,31|20,8|78,71|31,48|28,82|0,25|50,40|96,73/0,6=0,25,20,8,6
22,41|72,98|37,91|98,4|17,95|6,35|91,20|4,73|33,79|80,17|72,68|41,6|72,22|72,90|72,48|48,80|83,33|90,37|73,7|68,83/72,95=72,48,80,17,95
39,28|30,63|28,40|58,11|35,17|30,33|30,62|7,54|62,94|33,39|17,55|11,87|0,71|82,35|30,0|30,82|71,7|94,25|63,58|25,26/30,26=30,62,94,25,26
84,46|15,14|69,94|19,84|10,73|14,1|10,12|12,19|85,35|32,9|10,91|77,15|23,32|87,85|91,69|73,87|10,74|74,23|10,77|94,59/10,46=10,12,19,84,46
28,78|74,38|19,70|70,65|55,63|63,59|74,97|74,84|50,28|10,30|84,81|99,83|26,50|38,19|74,26|83,10|74,99|60,82|97,55|81,60/74,65=74,38,19,70,65
39,83|70,61|83,81|74,12|97,58|20,77|70,30|47,97|29,14|77,98|14,85|30,39|70,93|43,24|70,20|93,47|24,74|98,34|70,43|61,29/70,58=70,93,47,97,58
69,37|76,8|8,92|49,96|49,90|96,67|40,41|66,69|48,40|28,1|3,79|49,66|67,3|49,48|37,29|1,36|36,82|90,76|41,86|49,28/49,92=49,90,76,8,92
12,2|51,65|52,75|5,30|60,16|74,73|89,19|94,12|16,5|94,52|75,74|94,60|15,51|37,42|32,15|94,80|94,32|2,89|7,37|80,7/94,30=94,60,16,5,30
39,82|43,93|89,77|39,78|39,63|78,67|46,72|39,6|36,26|74,36|70,89|6,74|72,22|67,43|34,73|77,85|28,34|39,70|82,28|63,46/39,26=39,6,74,36,26
84,88|89,12|84,58|61,29|34,13|26,78|19,9|71,52|58,33|56,55|33,89|20,19|84,71|84,34|75,26|52,61|13,56|9,54|84,20|88,75/84,78=84,88,75,26,78
13,52|66,13|84,72|26,7|91,80|66,91|7,21|69,26|98,50|59,10|99,81|52,98|90,29|66,69|66,99|41,60|80,90|81,84|60,59|66,41/66,72=66,99,81,84,72
98,49|98,69|33,48|55,82|49,81|31,55|19,92|83,71|69,33|98,44|4,19|98,4|81,85|85,52|6,83|74,31|48,8|44,6|98,74|92,41/98,71=98,44,6,83,71
58,75|12,13|14,76|10,12|31,10|27,78|59,92|17,65|91,59|78,48|28,58|64,91|14,31|43,17|76,28|86,27|14,33|14,64|33,43|14,86/14,65=14,33,43,17,65
91,55|46,1|54,46|49,22|82,15|90,31|9,50|1,19|54,91|55,49|19,81|29,7|69,66|66,29|15,9|31,34|54,82|54,90|34,20|54,69/54,20=54,90,31,34,20
39,11|76,9|77,2|89,76|2,49|72,45|64,72|75,46|77,93|77,64|27,89|43,39|69,15|93,69|49,75|77,43|15,80|45,84|77,27|11,0/77,84=77,64,72,45,84
61,89|29,37|98,94|21,29|61,27|27,21|6,0|89,64|79,2|0,66|66,36|99,87|64,99|85,20|94,79|69,82|61,6|61,98|61,85|20,69/61,2=61,98,94,79,2
84,88|88,7|80,95|97,80|97,71|15,26|6,0|97,15|46,73|97,46|33,84|30,60|75,96|60,4|95,75|73,6|8,18|71,30|97,33|26,8/97,18=97,15,26,8,18
55,18|17,58|10,68|23,17|97,49|72,59|55,97|55,63|41,10|8,29|49,94|59,77|29,88|63,23|55,96|88,73|55,8|94,16|96,72|18,41/55,68=55,18,41,10,68
88,21|40,34|56,41|22,1|47,56|12,27|36,28|1,90|36,43|46,88|28,57|21,68|36,46|57,18|43,22|36,53|36,40|53,47|34,12|18,66/36,68=36,46,88,21,68
7,37|62,67|38,2|67,10|85,38|99,19|7,83|17,72|37,85|83,17|19,40|94,68|68,86|86,58|82,62|7,30|30,99|72,3|7,82|7,94/7,10=7,82,62,67,10
7,16|63,9|23,37|7,8|52,59|69,85|28,49|95,43|7,93|85,74|93,81|8,69|35,28|7,23|66,52|16,66|81,63|7,64|64,35|37,95/7,43=7,23,37,95,43
77,24|41,69|41,3|3,89|41,20|20,39|89,49|87,51|9,14|51,55|41,93|30,75|39,30|16,9|41,87|25,77|69,25|49,84|93,16|55,90/41,75=41,20,39,30,75
48,47|97,85|23,66|7,49|10,7|42,54|27,36|48,97|54,30|47,88|0,65|12,79|13,42|49,21|88,0|48,13|48,10|48,23|66,27|85,12/48,21=48,10,7,49,21
20,42|15,46|6,99|61,70|92,81|5,61|42,98|46,88|91,73|91,51|93,6|54,92|51,54|91,93|91,15|91,22|88,21|99,86|22,5|73,20/91,21=91,15,46,88,21
2,12|16,33|67,60|8,2|60,88|16,90|13,97|45,89|97,52|57,50|16,67|88,29|89,82|16,65|63,57|16,31|31,45|33,8|65,13|90,63/16,29=16,67,60,88,29
99,20|68,66|96,38|42,80|6,15|85,21|83,45|80,85|56,83|96,94|24,53|94,25|25,24|96,56|15,31|20,68|38,6|96,99|45,95|96,42/96,66=96,99,20,68,66
42,93|96,90|94,42|94,9|4,69|29,44|94,36|54,29|94,96|88,91|9,13|13,4|94,98|36,54|71,11|11,52|90,68|68,79|98,71|93,88/94,69=94,9,13,4,69
13,40|40,64|13,16|25,51|13,83|13,25|80,94|16,63|82,23|71,98|23,71|37,10|88,38|63,30|83,52|52,88|30,59|13,82|64,37|51,80/13,94=13,25,51,80,94
24,59|52,82|88,18|42,57|90,10|20,52|24,71|18,4|72,68|59,56|60,49|56,60|83,72|24,90|71,83|4,47|10,42|8,20|24,88|24,8/24,68=24,71,83,72,68
73,65|4,56|25,54|23,96|54,45|56,86|25,46|85,22|22,23|15,74|27,73|74,34|42,82|25,4|25,40|25,85|86,9|45,42|40,27|46,15/25,9=25,4,56,86,9
24,58|46,30|7,36|36,85|63,65|46,63|92,95|19,91|83,70|70,40|91,92|28,50|65,24|46,7|44,28|46,44|50,31|85,90|46,19|30,83/46,58=46,63,65,24,58
30,26|50,83|81,50|4,59|81,10|15,27|54,30|27,52|26,22|81,54|80,4|10,5|81,17|81,80|17,15|83,68|31,39|59,38|68,45|5,31/81,45=81,50,83,68,45
70,63|63,69|73,80|35,24|61,12|33,61|99,29|69,77|70,42|36,87|70,33|42,8|60,99|70,36|77,34|8,35|70,60|87,73|12,59|29,78/70,59=70,33,61,12,59
99,76|76,21|61,99|27,11|29,65|13,91|16,71|61,18|20,29|85,20|71,59|59,79|18,64|21,86|61,16|61,13|64,27|61,85|91,7|7,75/61,79=61,16,71,59,79
73,68|34,21|72,96|34,25|54,41|6,93|96,87|98,92|87,4|88,70|92,94|13,73|21,98|41,6|34,22|22,13|25,88|70,19|34,54|34,72/34,68=34,22,13,73,68
48,64|34,28|34,56|3,1|56,3|1,23|34,48|81,90|72,54|90,18|18,75|34,49|28,72|34,81|87,16|54,65|49,87|16,31|73,50|64,73/34,23=34,56,3,1,23
90,31|31,84|82,0|82,75|95,73|71,90|0,77|82,64|75,46|91,95|46,17|77,63|73,34|64,59|82,71|63,45|78,86|82,91|17,67|59,78/82,45=82,0,77,63,45
9,68|98,3|17,41|7,6|80,51|41,88|7,22|13,26|31,15|7,98|68,34|22,5|6,9|11,31|32,11|46,17|5,13|7,32|3,80|7,46/7,51=7,98,3,80,51
52,48|8,1|58,70|56,15|28,2|20,8|38,23|15,28|20,81|53,83|91,42|20,5|83,86|20,56|96,58|1,38|5,96|20,91|42,52|81,53/20,48=20,91,42,52,48
30,55|99,54|17,84|40,11|19,25|36,81|85,12|49,17|20,19|40,61|40,85|40,30|11,20|12,59|94,99|59,2|40,45|61,49|55,36|45,94/40,2=40,85,12,59,2
6,5|84,0|73,54|91,29|35,30|52,81|11,91|29,63|5,52|6,73|6,7|0,71|6,11|7,84|54,31|46,35|31,74|6,64|81,42|64,46/6,74=6,73,54,31,74
99,32|56,14|41,35|35,99|13,51|51,1|49,66|50,13|72,56|10,26|10,49|23,25|19,79|79,23|10,41|26,72|10,19|11,80|66,11|10,50/10,32=10,41,35,99,32
28,31|40,39|15,33|70,78|39,57|33,10|65,40|59,87|48,99|83,14|15,28|31,83|98,48|95,70|15,47|10,59|15,65|67,98|47,95|15,67/15,78=15,47,95,70,78
5,29|12,52|57,60|94,12|29,8|54,11|99,5|32,44|99,94|52,33|92,32|99,54|66,57|41,27|11,41|8,80|99,63|99,31|31,66|63,92/99,44=99,63,92,32,44
56,17|19,76|17,24|47,34|47,92|58,9|70,5|57,63|85,91|92,86|47,72|86,85|72,64|64,58|47,68|47,19|39,70|34,56|68,39|76,57/47,91=47,92,86,85,91
58,43|35,8|73,35|97,65|58,79|58,73|10,82|8,1|43,24|58,51|24,97|47,92|58,84|51,55|81,47|55,0|82,21|84,10|0,16|79,81/58,65=58,43,24,97,65
91,40|92,30|40,39|92,22|92,35|48,62|99,48|90,4|49,8|83,54|1,91|15,90|44,60|60,66|92,1|8,83|22,99|30,44|92,49|35,15/92,66=92,30,44,60,66
72,39|39,33|98,49|97,0|49,11|0,83|72,36|30,60|89,51|81,85|51,50|72,98|50,7|72,97|11,45|83,90|85,96|72,89|36,81|33,30/72,90=72,97,0,83,90
72,71|72,60|70,74|17,30|74,68|72,26|40,7|33,75|60,70|77,55|55,40|88,17|72,10|48,33|26,88|92,76|71,48|72,77|10,92|76,11/72,30=72,26,88,17,30
76,58|78,97|40,86|97,88|59,83|13,5|13,40|60,65|86,37|65,20|61,76|69,78|13,60|37,87|20,33|13,69|16,59|13,42|5,61|42,16/13,58=13,5,61,76,58
86,34|2,86|13,64|78,50|33,13|6,41|6,14|21,54|6,21|52,81|46,22|41,33|54,46|53,3|66,52|49,2|6,49|6,78|14,66|50,53/6,3=6,78,50,53,3
9,91|19,66|77,79|16,15|18,11|77,9|77,95|56,83|15,48|60,36|95,52|77,29|66,37|79,19|90,8|91,60|29,16|52,18|83,90|77,56/77,8=77,56,83,90,8
85,58|84,39|38,64|27,29|35,43|14,70|43,81|81,50|29,49|70,17|49,67|39,38|27,85|17,54|27,84|58,78|67,3|78,51|27,14|27,35/27,64=27,84,39,38,64
47,23|17,6|13,67|75,36|77,51|33,11|72,64|36,47|17,13|17,75|79,72|6,10|64,89|17,79|11,18|10,77|67,27|27,60|17,33|18,62/17,23=17,75,36,47,23
9,74|61,4|74,69|98,52|11,0|4,35|33,61|0,83|35,15|24,9|92,98|63,92|33,11|83,29|33,22|33,24|70,38|45,70|22,45|33,63/33,38=33,22,45,70,38
24,85|84,96|85,61|66,87|27,81|87,48|67,84|18,83|88,10|67,99|26,24|67,60|67,88|60,66|10,46|96,18|67,26|59,27|99,59|46,92/67,81=67,99,59,27,81
74,16|35,96|42,35|92,58|7,85|5,94|88,52|0,32|2,42|96,14|2,92|52,7|30,5|2,30|87,90|58,87|2,88|32,74|2,0|94,51/2,90=2,92,58,87,90
63,53|70,54|21,56|88,63|71,70|67,48|53,18|82,55|54,17|21,15|48,92|21,82|21,88|80,25|10,47|21,71|56,67|15,10|47,73|55,80/21,73=21,15,10,47,73
35,3|48,52|13,34|74,78|70,96|52,91|45,74|86,58|11,82|82,13|48,11|89,24|96,35|2,45|48,86|21,54|48,2|91,89|58,21|48,70/48,24=48,52,91,89,24
59,85|96,26|59,96|83,18|91,54|59,78|78,10|68,42|10,53|53,61|46,39|59,23|23,46|26,83|59,9|9,68|71,91|39,57|85,71|42,33/59,57=59,23,46,39,57
38,79|87,38|16,40|24,42|10,34|15,10|40,60|87,47|92,15|87,92|70,4|79,70|47,18|87,67|19,24|42,77|67,16|43,30|18,43|87,19/87,77=87,19,24,42,77
24,7|92,77|77,24|26,97|33,53|92,9|37,33|7,93|92,20|9,26|20,2|92,1|92,37|60,78|1,70|53,65|2,60|41,90|97,64|70,41/92,90=92,1,70,41,90
45,99|26,62|9,13|9,16|13,58|32,70|9,66|80,79|66,86|38,37|16,45|69,30|48,29|58,80|99,3|9,32|9,69|30,26|86,48|70,38/9,62=9,69,30,26,62
5,98|26,80|98,49|0,10|82,31|90,83|97,26|75,33|0,5|85,76|10,17|49,71|76,82|0,85|17,75|0,60|43,97|83,56|60,90|0,43/0,31=0,85,76,82,31
29,69|61,23|23,8|99,25|61,99|45,62|22,51|51,33|74,45|28,10|62,83|61,42|61,29|19,24|25,68|69,19|68,89|42,22|8,28|61,74/61,10=61,23,8,28,10
2,79|49,56|56,31|95,30|10,58|50,87|73,92|88,24|95,88|95,12|94,73|5,22|30,49|95,89|58,5|14,2|89,94|24,50|12,14|95,10/95,22=95,10,58,5,22
31,1|37,31|26,65|37,41|23,91|37,55|90,26|91,81|1,86|34,90|99,97|55,66|66,22|97,35|37,99|41,23|86,83|35,76|22,72|37,34/37,72=37,55,66,22,72
58,21|49,89|11,31|61,11|41,82|61,54|51,0|31,49|54,18|61,65|61,75|75,19|19,58|65,66|61,96|96,38|38,60|18,41|66,51|60,79/61,89=61,11,31,49,89
53,66|65,84|93,65|24,83|84,48|45,97|50,9|96,53|41,52|50,93|74,17|0,91|50,24|83,41|9,96|91,74|50,39|50,0|12,45|39,12/50,48=50,93,65,84,48
11,99|66,31|11,24|11,63|41,66|75,43|43,0|89,69|70,10|63,75|11,40|11,95|40,23|17,70|95,41|69,3|24,89|99,17|23,52|52,35/11,0=11,63,75,43,0
22,26|31,44|44,4|22,13|51,48|65,98|82,40|48,82|98,61|95,67|22,65|74,95|71,28|36,71|13,31|22,51|26,74|22,69|69,36|61,70/22,28=22,69,36,71,28
88,64|71,55|84,30|71,36|87,88|71,94|28,43|67,57|60,80|55,67|43,0|57,54|30,73|71,28|71,72|72,84|36,60|80,34|94,87|0,47/71,34=71,36,60,80,34
47,9|9,76|38,44|93,75|18,38|34,41|65,22|44,85|29,42|29,78|29,65|78,47|71,56|22,93|29,11|11,34|29,18|41,40|42,71|56,96/29,96=29,42,71,56,96
99,73|57,96|48,50|18,4|50,57|48,26|96,64|56,14|35,80|4,71|48,41|48,18|41,60|60,35|13,21|73,95|26,99|21,56|48,13|71,88/48,95=48,26,99,73,95
85,52|68,3|98,18|72,49|48,68|18,78|9,63|12,72|78,8|24,95|63,12|9,6|99,56|9,48|9,99|3,34|95,89|56,85|6,24|9,98/9,34=9,48,68,3,34
5,90|49,80|90,83|0,10|82,31|97,75|98,49|26,56|0,5|85,76|10,17|83,33|76,82|0,85|17,26|0,60|43,98|75,71|60,97|0,43/0,31=0,85,76,82,31
6,68|5,18|6,64|18,52|58,57|6,44|39,88|6,29|6,40|64,5|31,55|57,10|40,58|63,39|71,99|29,71|99,43|68,63|44,31|55,37/6,52=6,64,5,18,52
88,21|40,22|12,90|47,56|34,12|18,27|36,28|56,66|36,43|46,88|28,57|21,68|36,46|57,1|43,47|36,53|36,40|53,34|22,18|1,41/36,68=36,46,88,21,68
69,12|18,64|17,36|17,34|0,87|17,16|36,57|97,0|34,98|17,86|86,44|48,31|45,14|87,24|17,97|16,48|31,39|98,18|44,69|57,45/17,12=17,86,44,69,12
29,2|65,42|65,82|2,39|79,36|1,7|58,85|21,58|82,59|7,24|65,29|26,21|70,73|24,53|65,1|59,70|65,26|39,40|42,88|88,79/65,85=65,26,21,58,85
86,55|90,67|5,65|47,35|47,37|31,26|6,17|0,27|55,89|47,86|7,5|66,39|89,50|47,0|47,90|39,80|27,6|37,7|35,66|67,31/47,80=47,35,66,39,80
40,43|38,9|83,20|49,56|49,18|56,28|49,78|28,94|78,39|9,46|20,15|49,95|49,47|47,83|10,40|95,10|18,38|39,45|45,17|94,63/49,17=49,78,39,45,17
78,5|58,55|13,58|4,83|13,4|90,77|83,70|67,39|48,27|63,25|13,51|13,57|57,67|70,42|51,63|55,90|39,6|5,48|25,16|13,78/13,16=13,51,63,25,16
46,68|54,86|50,46|11,54|71,99|82,50|24,47|20,31|51,3|20,82|31,11|20,71|95,12|42,6|17,51|99,42|47,95|98,17|20,98|20,24/20,6=20,71,99,42,6
93,68|17,8|40,80|17,64|3,45|17,75|75,66|66,65|87,25|71,3|17,13|57,40|31,87|30,93|25,24|8,30|64,57|17,31|13,71|65,92/17,24=17,31,87,25,24
58,56|58,54|58,5|96,60|33,81|36,35|49,79|47,14|35,47|81,96|56,9|97,84|58,36|68,78|84,92|58,33|54,97|23,49|9,68|5,23/58,92=58,54,97,84,92
16,30|1,28|57,35|3,16|67,17|35,21|3,67|3,56|81,92|95,57|30,34|74,85|3,50|3,95|34,69|50,81|92,78|56,19|17,1|19,74/3,69=3,16,30,34,69
87,42|5,10|79,74|40,84|40,88|40,5|35,92|10,79|16,52|15,20|60,36|84,51|40,87|20,83|83,7|88,16|52,24|51,35|40,15|42,60/40,92=40,84,51,35,92
46,42|19,10|30,53|76,6|27,34|77,19|39,30|57,7|46,57|7,48|48,26|34,76|46,14|46,77|58,99|46,27|10,84|94,58|42,39|14,94/46,6=46,27,34,76,6
7,27|56,20|7,44|44,73|7,11|73,2|82,39|11,36|39,32|32,40|7,82|27,8|18,79|90,26|74,92|26,18|2,87|36,56|7,90|8,74/7,79=7,90,26,18,79
46,80|29,20|30,45|62,8|99,30|81,50|81,67|98,52|21,14|50,22|51,94|81,62|38,59|80,98|67,99|8,51|22,29|81,21|81,46|14,38/81,20=81,50,22,29,20
99,78|36,87|35,63|96,44|88,28|94,92|86,85|96,10|15,36|41,88|10,94|87,22|96,15|96,41|96,86|92,6|84,35|44,84|28,11|85,99/96,22=96,15,36,87,22
25,50|90,0|8,14|62,51|50,55|43,24|60,77|14,64|94,42|51,99|43,23|31,72|24,25|64,98|43,60|23,62|42,90|43,8|43,94|77,31/43,72=43,60,77,31,72
22,41|41,75|38,93|44,85|18,38|47,9|65,34|93,40|29,42|29,78|29,65|78,22|71,56|34,44|29,11|11,47|29,18|9,76|42,71|56,96/29,96=29,42,71,56,96
20,64|95,78|88,63|63,39|88,13|88,10|88,23|13,90|40,59|10,46|59,18|78,20|85,80|39,71|88,95|50,75|46,50|71,32|23,40|90,85/88,64=88,95,78,20,64
59,42|24,98|17,46|94,26|25,39|20,31|20,68|68,13|20,64|20,69|64,24|23,94|13,17|38,2|20,25|69,23|39,38|31,66|98,16|66,59/20,42=20,31,66,59,42
86,56|42,49|94,54|20,83|74,20|91,32|57,68|77,90|74,94|32,57|83,75|74,91|74,42|74,17|55,97|75,96|54,55|49,77|95,86|17,95/74,68=74,91,32,57,68
75,11|19,83|75,15|45,88|64,28|33,27|75,19|69,43|75,12|15,5|5,45|1,69|12,41|54,16|11,54|70,1|83,64|41,33|75,70|16,96/75,28=75,19,83,64,28
74,68|62,48|24,59|24,29|70,51|87,71|30,62|24,3|13,78|29,74|24,8|24,70|51,13|18,87|68,32|8,18|59,30|38,44|44,65|3,38/24,78=24,70,51,13,78
34,24|13,76|54,61|15,64|98,34|0,60|89,36|60,54|71,16|89,1|89,23|93,13|43,71|89,0|69,63|1,93|89,15|36,98|23,43|64,69/89,16=89,23,43,71,16
25,2|8,21|36,39|31,0|21,30|37,56|43,37|44,98|36,53|53,31|30,12|36,23|92,25|0,3|39,43|36,18|23,92|36,8|18,66|66,44/36,56=36,39,43,37,56
28,45|76,61|20,17|82,98|84,27|52,62|45,10|88,28|27,49|88,0|88,80|54,20|95,52|88,76|0,84|61,82|10,53|80,95|87,54|88,87/88,98=88,76,61,82,98
73,0|49,80|80,26|99,30|13,4|11,10|70,27|4,78|49,3|3,73|49,11|0,21|27,99|49,31|49,70|53,17|10,86|26,53|86,20|31,13/49,21=49,3,73,0,21
59,64|49,52|20,88|59,96|77,67|96,99|97,8|66,80|26,79|59,77|64,20|80,49|51,42|88,3|99,51|67,48|59,97|59,66|8,26|48,1/59,1=59,77,67,48,1
36,6|30,65|59,95|48,19|6,81|82,77|99,43|38,47|81,28|54,94|43,2|95,58|30,82|2,3|30,36|30,99|77,54|47,48|30,38|65,59/30,94=30,82,77,54,94
34,59|56,76|5,73|4,38|5,79|0,68|76,2|73,20|38,34|21,85|20,19|98,3|6,50|5,21|5,4|5,0|79,56|85,98|68,6|19,32/5,50=5,0,68,6,50
53,6|77,16|7,12|73,65|65,69|61,77|6,71|5,73|14,89|86,53|31,14|61,86|61,5|26,63|61,36|16,7|63,29|29,55|36,31|61,26/61,12=61,77,16,7,12
10,12|7,24|18,43|3,95|96,83|12,9|42,77|19,7|0,18|95,42|30,96|10,30|9,65|10,6|43,97|65,48|6,19|10,3|83,35|10,0/10,97=10,0,18,43,97
9,68|75,56|46,95|39,46|29,93|54,1|93,67|29,39|98,44|1,37|67,75|95,40|77,57|29,9|89,54|96,26|29,77|57,96|68,98|29,89/29,26=29,77,57,96,26
2,40|20,8|88,34|34,73|76,2|80,47|97,76|96,20|35,62|47,21|97,63|97,93|73,79|97,58|62,90|93,96|58,35|97,88|40,84|63,80/97,21=97,63,80,47,21
2,68|35,13|24,2|57,35|98,74|80,29|36,22|36,96|29,83|36,92|36,66|6,0|0,38|96,57|92,24|83,78|74,14|36,80|66,98|22,6/36,38=36,22,6,0,38
9,41|74,2|2,77|12,20|20,58|88,62|77,21|21,96|74,55|40,25|89,9|29,12|55,40|62,27|74,67|74,88|67,89|27,93|25,94|74,29/74,41=74,67,89,9,41
5,22|75,16|12,82|71,94|38,1|82,76|47,8|4,69|49,38|94,5|39,47|71,33|22,64|33,39|69,75|71,4|43,49|71,43|80,12|71,80/71,1=71,43,49,38,1
15,30|72,80|88,82|88,75|80,5|5,25|33,86|71,26|82,33|88,66|12,15|75,89|88,12|66,71|89,6|86,20|30,11|26,41|88,72|6,94/88,20=88,82,33,86,20
49,26|19,83|38,32|93,92|1,94|26,19|49,43|43,61|99,93|49,76|25,99|49,25|61,81|83,3|5,74|32,5|49,38|81,2|94,42|76,1/49,74=49,38,32,5,74
25,27|32,71|0,92|77,30|57,25|48,81|45,37|45,7|45,57|71,77|45,32|23,72|37,23|62,48|27,80|45,0|7,62|40,53|72,47|92,40/45,47=45,37,23,72,47
39,89|93,87|4,10|87,58|39,95|95,61|1,56|61,66|39,96|96,4|11,82|18,11|39,84|56,83|84,93|66,40|10,24|89,18|0,1|39,0/39,82=39,89,18,11,82
99,4|1,50|87,35|83,34|83,65|43,26|83,30|4,29|35,3|50,36|65,99|83,71|34,1|30,92|89,87|83,89|92,75|71,48|48,43|75,68/83,68=83,30,92,75,68
24,15|1,38|82,74|69,24|45,11|32,70|26,86|1,98|34,28|1,8|38,69|11,4|98,12|22,45|91,32|1,22|74,34|8,91|1,82|12,26/1,86=1,98,12,26,86
3,93|86,9|3,24|19,38|25,92|6,72|24,86|93,59|8,25|85,89|3,60|72,50|59,19|3,97|60,6|97,85|9,48|3,7|7,8|89,39/3,39=3,97,85,89,39
8,12|17,26|92,84|98,36|92,17|70,74|64,40|92,90|40,9|46,64|63,79|84,71|81,70|26,8|92,54|90,81|71,63|54,85|92,46|85,98/92,74=92,90,81,70,74
45,80|99,88|4,69|99,31|99,47|99,39|88,76|99,17|38,2|76,42|69,77|42,7|29,38|80,50|94,19|47,61|39,4|17,45|61,94|31,29/99,19=99,47,61,94,19
46,51|71,68|57,46|92,60|54,71|99,95|92,7|15,18|8,57|93,85|91,15|60,65|65,93|95,86|68,20|7,91|92,8|92,54|92,42|42,99/92,51=92,8,57,46,51
15,27|27,92|39,91|53,47|28,30|88,49|36,28|79,17|15,21|96,55|47,43|21,39|17,96|30,68|15,53|43,74|92,88|15,79|15,36|91,80/15,74=15,53,47,43,74
87,71|67,34|19,86|28,90|86,92|99,67|25,99|90,51|25,19|51,57|92,97|34,17|1,87|25,48|25,72|52,76|32,52|48,32|25,28|72,1/25,71=25,72,1,87,71
49,73|9,77|44,60|63,9|16,44|28,65|78,52|23,78|84,23|28,84|42,90|28,49|1,53|24,96|28,16|60,58|90,1|28,42|73,24|65,63/28,96=28,49,73,24,96
96,3|3,47|47,59|62,40|40,88|5,4|78,28|96,60|75,78|96,80|96,7|53,55|80,5|4,19|7,72|59,71|96,75|72,53|28,44|60,62/96,44=96,75,78,28,44
95,57|7,2|32,7|22,37|24,64|43,24|37,80|95,97|51,5|57,88|95,32|5,65|17,25|80,52|47,43|95,22|95,47|88,17|2,56|97,51/95,65=95,97,51,5,65
49,36|23,93|36,70|76,3|98,75|54,57|71,29|85,45|29,49|75,16|71,56|17,23|47,76|71,21|56,47|71,15|21,17|71,85|45,54|15,98/71,57=71,85,45,54,57
26,33|48,50|40,78|27,44|13,80|10,91|27,94|50,2|44,10|27,58|27,87|1,13|58,1|33,16|94,48|84,40|27,84|91,62|78,97|87,26/27,62=27,44,10,91,62
89,47|89,74|21,98|57,62|47,21|6,82|74,2|67,69|89,67|89,46|62,54|2,59|89,93|93,57|80,79|82,40|69,80|59,50|98,3|46,6/89,79=89,67,69,80,79
97,20|0,31|39,73|81,28|54,23|49,54|56,74|32,49|20,5|47,91|14,60|99,56|74,86|0,47|28,14|91,39|0,32|0,99|0,81|31,97/0,23=0,32,49,54,23
22,72|17,23|17,94|61,62|6,73|17,91|91,22|13,6|36,47|62,45|52,27|17,52|75,92|17,95|58,36|72,18|27,75|95,61|94,58|23,13/17,47=17,94,58,36,47
42,0|84,70|42,25|27,32|25,27|52,50|3,33|97,40|32,17|42,31|87,3|99,14|42,53|31,87|0,84|53,97|40,83|42,99|70,10|14,52/42,17=42,25,27,32,17
68,92|62,14|7,19|96,25|96,23|86,59|23,65|32,35|92,36|84,68|75,32|65,97|91,28|14,7|97,20|96,91|25,75|28,86|96,84|96,62/96,36=96,84,68,92,36
11,54|14,84|73,71|67,50|2,6|66,3|3,13|13,70|98,11|0,14|6,98|2,31|50,60|71,87|80,73|74,67|31,0|2,74|2,66|2,80/2,54=2,6,98,11,54
86,38|28,67|89,63|32,1|84,56|20,40|82,86|46,72|24,19|56,28|20,46|38,75|20,84|40,89|58,65|20,82|1,58|20,32|72,24|63,73/20,65=20,32,1,58,65
17,51|17,33|33,53|17,44|40,67|53,64|30,65|64,71|17,24|3,45|17,14|47,39|14,72|72,3|24,41|41,47|51,30|65,34|67,90|44,40/17,71=17,33,53,64,71
28,21|96,85|83,16|85,57|18,28|83,18|16,61|21,75|74,62|83,4|98,55|83,96|55,91|4,74|62,63|57,95|37,80|83,98|91,86|61,37/83,80=83,16,61,37,80
31,2|41,13|71,23|70,6|78,70|86,41|0,31|13,10|37,3|78,0|6,91|35,71|57,37|78,86|3,14|78,57|78,35|91,72|23,28|2,77/78,10=78,86,41,13,10
26,77|77,11|29,28|49,58|64,53|70,90|58,34|53,91|34,46|98,86|86,88|24,81|11,70|26,24|91,20|26,64|26,98|81,29|88,37|26,49/26,28=26,24,81,29,28
39,72|21,1|78,67|85,39|67,92|27,68|31,16|27,21|57,51|59,22|68,78|15,31|72,69|16,45|27,15|27,57|51,59|27,85|18,83|1,18/27,22=27,57,51,59,22
76,96|29,80|29,78|19,58|29,15|41,37|14,76|78,94|11,10|98,19|67,98|15,14|10,50|4,74|29,67|68,21|94,4|80,11|21,41|29,68/29,58=29,67,98,19,58
27,71|28,10|10,25|27,28|27,99|96,8|88,78|99,20|67,44|31,67|71,88|78,3|25,39|44,47|74,32|27,31|5,74|32,15|20,96|27,5/27,15=27,5,74,32,15
25,89|94,29|0,25|58,86|83,64|38,1|0,58|0,88|37,26|86,83|89,38|19,27|85,94|16,37|88,85|12,24|0,97|0,12|24,19|97,16/0,26=0,97,16,37,26
34,75|4,85|85,30|98,61|34,28|34,96|61,13|65,79|86,98|57,21|30,3|75,99|25,97|21,60|96,57|28,19|34,4|19,25|34,86|99,65/34,3=34,4,85,30,3
84,26|64,95|87,9|14,29|7,30|95,45|64,40|20,17|72,87|9,66|40,20|85,70|30,14|45,85|64,72|64,7|64,35|17,19|44,84|35,44/64,29=64,7,30,14,29
65,34|16,67|11,84|66,45|90,16|82,29|65,73|34,33|65,82|93,39|65,66|29,93|52,42|8,2|54,11|33,52|45,8|73,54|65,22|22,90/65,67=65,22,90,16,67
49,36|30,3|84,79|73,30|69,16|84,50|36,39|48,22|61,42|24,70|84,49|55,73|42,1|84,55|50,2|2,24|79,61|39,0|22,69|84,48/84,0=84,49,36,39,0
99,68|35,89|84,30|0,32|86,35|27,4|46,99|0,86|11,84|0,94|0,27|37,60|94,11|24,93|93,77|68,38|32,24|0,46|4,37|89,63/0,63=0,86,35,89,63
17,28|9,75|4,81|67,9|15,69|75,91|67,22|67,31|91,61|66,4|37,6|90,35|49,29|67,15|67,90|31,66|7,17|22,7|69,37|35,49/67,61=67,9,75,91,61
39,44|47,66|53,81|8,88|19,43|88,97|55,47|19,65|65,55|36,85|94,11|19,27|27,53|85,94|19,96|96,8|44,52|43,39|19,36|81,16/19,16=19,27,53,81,16
25,80|11,0|25,81|87,14|3,60|75,20|89,75|80,89|78,53|98,78|53,76|7,11|93,7|25,31|25,98|81,49|31,50|50,3|49,87|25,93/25,20=25,80,89,75,20
46,19|85,44|21,6|63,29|1,28|6,17|44,11|13,21|80,85|46,80|43,61|47,51|46,47|19,63|46,13|46,1|51,43|40,81|29,52|28,40/46,81=46,1,28,40,81
27,34|27,9|9,22|14,42|21,68|27,25|19,21|39,6|27,82|32,66|34,14|63,51|27,63|82,19|6,84|41,10|22,41|42,75|51,32|25,39/27,84=27,25,39,6,84
66,75|79,44|75,58|21,0|39,79|64,28|64,42|85,23|64,74|74,73|73,85|44,92|0,41|41,77|42,66|64,39|99,40|64,21|76,99|28,76/64,23=64,74,73,85,23
52,6|30,18|47,72|57,73|96,2|6,10|73,36|47,30|18,95|99,38|47,71|72,96|2,69|3,52|71,99|47,40|95,64|47,3|38,7|40,57/47,10=47,3,52,6,10
36,43|42,94|27,7|44,81|9,64|28,27|8,92|7,63|42,91|6,34|42,28|94,33|33,6|3,9|42,87|91,62|62,44|42,36|87,3|43,8/42,64=42,87,3,9,64
9,43|9,45|43,49|95,42|49,70|89,96|46,2|93,95|9,16|3,46|96,39|9,3|28,97|68,47|70,14|16,93|45,89|9,68|2,48|47,28/9,48=9,3,46,2,48
65,61|10,3|80,33|52,65|4,2|47,38|38,12|80,60|2,44|58,93|33,58|3,27|80,52|51,10|80,47|60,4|12,69|93,8|61,7|80,51/80,7=80,52,65,61,7
95,56|44,10|95,43|10,67|56,99|63,38|45,63|11,61|61,15|68,39|78,34|39,98|15,26|95,44|82,68|43,45|67,4|95,11|99,78|95,82/95,26=95,11,61,15,26
61,80|89,63|45,12|8,89|45,33|31,83|19,96|33,14|92,8|20,61|82,36|80,57|45,92|45,19|45,20|96,27|91,82|12,91|27,10|14,31/45,10=45,19,96,27,10
47,32|12,38|9,47|81,56|76,12|25,20|11,76|88,9|78,81|60,91|7,60|56,77|88,25|88,11|88,7|44,5|91,29|32,36|20,44|88,78/88,29=88,7,60,91,29
24,37|21,69|69,28|31,8|74,73|24,81|37,68|24,64|68,0|24,32|24,76|0,48|81,31|64,43|55,29|38,74|76,38|8,89|32,21|43,55/24,28=24,32,21,69,28
40,67|84,35|35,81|47,70|64,3|84,40|83,80|34,47|3,53|19,45|49,58|84,0|67,19|43,68|81,83|68,49|84,34|70,9|84,43|0,64/84,53=84,0,64,3,53
24,9|33,46|78,54|66,74|79,4|74,92|79,86|79,93|50,98|46,23|92,85|79,66|86,24|9,53|4,33|93,81|65,78|54,76|81,50|79,65/79,23=79,4,33,46,23
51,95|85,54|70,56|54,12|0,55|62,0|16,48|85,70|33,16|85,93|85,3|24,5|80,33|56,79|12,24|93,37|85,80|37,51|79,76|3,62/85,76=85,70,56,79,76
51,66|75,59|11,63|51,87|45,79|63,75|28,52|79,42|51,86|85,76|87,13|90,50|50,95|51,45|48,85|51,11|42,26|66,48|86,90|13,28/51,95=51,86,90,50,95
67,9|62,75|62,48|46,58|62,49|61,28|62,43|7,8|9,3|18,19|28,88|62,46|65,14|19,98|8,47|43,7|48,67|75,61|49,18|58,65/62,3=62,48,67,9,3
90,49|92,64|11,90|49,63|93,77|10,46|77,22|56,7|71,56|64,84|93,42|93,58|22,10|93,11|86,23|93,86|54,99|23,54|58,92|42,71/93,84=93,58,92,64,84
53,74|43,53|65,66|59,89|76,91|10,15|43,52|52,33|43,59|72,0|74,65|37,22|33,37|43,76|77,84|84,8|43,71|71,77|89,10|91,72/43,15=43,59,89,10,15
50,0|27,96|41,20|46,21|20,23|9,99|50,27|99,60|39,11|50,9|43,90|50,43|60,10|0,39|12,41|96,79|90,46|11,35|50,12|79,59/50,10=50,9,99,60,10
33,30|58,42|42,65|58,57|65,93|59,54|93,86|30,8|62,79|57,33|58,18|56,85|79,16|16,34|37,56|58,62|18,59|85,90|54,55|58,37/58,34=58,62,79,16,34
91,38|34,73|58,31|78,44|58,80|80,37|76,96|31,42|11,76|98,15|58,57|44,56|58,39|37,0|38,34|58,91|0,66|39,11|42,98|57,78/58,15=58,31,42,98,15
76,32|80,31|9,53|20,4|79,80|60,28|27,78|31,18|18,71|53,60|45,20|79,23|49,45|79,9|36,40|23,12|12,36|32,27|79,76|79,49/79,71=79,80,31,18,71
89,81|42,24|19,42|49,45|98,17|16,78|80,77|81,3|40,9|98,49|74,14|98,83|83,19|45,74|98,44|26,80|17,26|78,40|98,16|44,89/98,9=98,16,78,40,9
30,37|30,77|60,39|30,69|69,15|30,93|28,71|55,60|93,34|97,89|45,28|37,45|30,55|34,20|59,32|20,73|39,42|77,76|15,59|76,97/30,73=30,93,34,20,73
43,66|48,57|43,48|56,49|80,58|49,99|90,56|93,68|66,71|43,90|52,98|43,52|88,62|43,47|71,88|36,11|58,61|47,80|57,93|98,36/43,68=43,48,57,93,68
69,80|1,42|69,35|24,12|29,32|69,27|80,0|57,1|36,24|42,71|94,21|61,87|21,29|69,57|6,88|0,6|35,92|27,36|92,61|69,94/69,12=69,27,36,24,12
63,28|14,23|31,55|55,50|38,9|78,62|53,31|91,53|91,92|28,12|62,87|12,24|48,38|92,48|97,78|23,15|91,74|74,14|91,97|91,63/91,24=91,63,28,12,24
43,27|3,43|3,25|98,79|6,1|94,68|25,60|80,31|31,36|27,94|3,65|1,34|3,69|30,26|34,39|65,80|86,98|69,86|3,6|60,30/3,79=3,69,86,98,79
4,61|90,96|45,90|4,45|96,18|84,16|4,58|68,46|46,71|14,0|58,52|4,94|61,68|52,73|73,83|40,29|0,32|29,84|4,40|94,14/4,83=4,58,52,73,83
62,74|74,70|99,91|24,29|61,12|70,58|60,51|25,60|22,61|39,21|12,56|85,25|91,27|29,39|24,99|21,75|24,22|24,62|24,85|27,69/24,56=24,22,61,12,56
62,12|75,6|88,69|66,65|21,51|15,62|75,28|75,29|45,44|58,21|12,27|71,88|29,98|75,15|75,91|28,58|6,71|91,86|86,45|98,66/75,69=75,6,71,88,69
63,95|4,8|38,32|68,73|87,80|80,63|87,82|87,38|71,89|8,76|29,0|73,72|32,59|82,4|87,15|95,2|59,6|89,29|87,71|15,68/87,76=87,82,4,8,76
66,44|62,28|57,30|32,33|22,95|19,21|4,45|46,81|21,32|46,10|46,86|15,66|46,22|10,83|83,62|86,15|46,19|81,57|30,14|95,4/46,45=46,22,95,4,45
96,0|77,82|82,42|29,2|42,20|34,85|48,34|77,96|77,48|16,71|20,23|86,29|0,89|85,81|77,60|77,86|2,45|71,92|89,39|60,16/77,45=77,86,29,2,45
26,46|72,22|22,49|46,71|59,92|57,70|98,57|11,98|72,11|56,6|77,29|68,77|72,5|72,68|71,55|5,80|29,62|80,56|72,26|49,59/72,70=72,11,98,57,70
52,81|63,58|59,39|51,93|37,75|59,63|39,97|73,51|34,52|76,24|59,26|97,19|58,37|19,8|88,76|69,88|84,73|59,84|26,34|59,69/59,8=59,39,97,19,8
3,13|40,77|42,30|77,42|27,33|30,15|24,96|21,69|40,59|51,21|13,83|83,53|59,51|96,22|40,3|87,24|40,87|49,84|33,49|40,27/40,69=40,59,51,21,69
56,20|67,56|44,83|26,35|61,26|61,91|61,12|83,73|12,44|34,80|27,65|49,27|62,67|61,62|45,54|77,63|91,49|80,45|61,34|35,77/61,65=61,91,49,27,65
58,22|83,84|84,88|16,29|88,3|23,85|82,72|58,14|85,37|71,18|64,16|2,42|14,73|73,82|22,64|18,2|58,71|37,4|58,23|58,83/58,42=58,71,18,2,42
27,82|27,19|25,70|27,49|16,25|65,24|19,48|81,4|68,65|56,3|30,73|48,56|49,68|27,16|82,0|15,81|70,92|0,30|27,26|26,15/27,73=27,82,0,30,73
47,96|26,32|17,47|7,67|98,56|96,93|23,7|32,0|43,60|76,97|34,59|26,98|0,76|11,23|26,11|26,29|56,43|1,34|29,1|26,17/26,97=26,32,0,76,97
72,89|84,6|72,66|48,70|72,48|91,19|90,75|72,78|19,28|20,2|66,55|55,90|78,84|89,44|71,96|72,91|28,59|70,71|44,20|6,3/72,96=72,48,70,71,96
89,45|23,75|79,40|13,84|17,49|45,63|89,13|75,64|63,86|65,17|40,24|89,51|89,79|86,38|24,98|1,36|84,1|88,23|89,88|51,65/89,64=89,88,23,75,64
60,72|69,43|29,8|38,60|48,71|69,64|69,25|25,54|77,4|52,77|64,52|45,29|92,38|94,45|69,94|26,39|43,48|54,26|69,92|71,86/69,72=69,92,38,60,72
75,16|93,14|41,18|16,70|96,76|50,94|50,96|50,41|81,69|37,97|17,93|97,7|43,75|7,52|94,17|54,38|50,37|50,43|18,81|76,54/50,52=50,37,97,7,52
41,39|13,30|59,56|56,46|31,41|24,6|31,59|31,14|31,87|88,13|46,73|77,34|87,24|14,88|31,61|61,27|6,21|50,3|39,50|27,77/31,34=31,61,27,77,34
77,71|60,73|43,24|17,60|61,93|65,69|78,46|32,44|46,86|69,20|65,64|24,77|64,66|66,61|20,32|65,9|9,17|86,48|65,78|65,43/65,73=65,9,17,60,73
70,52|78,91|52,27|63,64|73,88|88,87|77,36|66,73|10,63|11,40|36,17|91,70|78,10|78,44|60,11|78,66|44,77|40,65|64,13|78,60/78,17=78,44,77,36,17
74,57|5,89|42,5|80,41|58,19|51,13|13,14|69,82|14,75|31,42|74,31|74,80|9,99|74,52|74,51|52,18|18,69|57,58|19,0|41,9/74,75=74,51,13,14,75
65,34|16,67|52,2|66,54|90,16|82,45|65,73|34,33|65,82|8,39|65,66|45,8|93,84|11,42|29,52|33,93|54,11|73,29|65,22|22,90/65,67=65,22,90,16,67
64,44|64,61|65,56|44,43|88,58|64,38|56,90|37,98|81,93|38,81|61,88|64,13|22,23|98,22|93,74|43,50|64,37|13,65|50,39|58,46/64,23=64,37,98,22,23
18,56|93,73|27,65|0,44|56,94|35,40|48,55|94,52|44,72|40,86|70,27|30,48|72,11|93,2|2,30|73,70|93,18|93,36|93,0|36,35/93,11=93,0,44,72,11
4,61|81,38|30,29|45,69|38,64|88,5|4,3|26,12|4,81|5,46|69,72|46,40|3,31|61,45|4,88|29,26|85,68|31,85|4,30|64,59/4,72=4,61,45,69,72
2,35|2,86|2,95|71,53|95,76|63,79|73,63|2,32|2,73|35,14|32,52|76,71|55,33|86,67|66,4|46,51|79,1|67,55|14,46|52,66/2,33=2,86,67,55,33
81,95|64,40|11,38|28,25|35,64|92,78|92,94|92,8|78,89|69,88|92,90|89,51|43,69|38,80|8,11|51,98|92,81|90,35|95,28|94,43/92,40=92,90,35,64,40
26,86|15,21|97,60|16,95|15,53|53,97|13,6|44,8|93,16|15,71|47,26|73,85|5,20|20,13|60,83|71,47|15,44|21,93|8,73|15,5/15,83=15,53,97,60,83
90,71|91,26|80,73|90,37|51,63|37,14|90,5|71,80|32,58|89,55|90,89|45,29|29,30|20,45|14,32|73,48|5,65|55,91|90,20|65,51/90,63=90,5,65,51,63
82,60|93,81|48,27|32,48|13,17|2,57|12,82|91,68|2,29|57,8|9,7|29,9|60,3|7,33|2,12|8,13|81,91|11,32|2,11|2,93/2,3=2,12,82,60,3
48,26|38,95|94,5|24,49|16,66|21,68|83,15|15,14|65,94|96,48|96,38|96,24|26,52|49,21|96,83|96,65|95,16|5,3|52,28|14,25/96,28=96,48,26,52,28
93,74|74,50|63,83|51,88|26,87|87,35|16,92|63,26|83,66|7,95|50,44|10,55|35,60|63,7|53,24|55,53|66,16|95,51|63,93|63,10/63,44=63,93,74,50,44
51,75|63,88|59,39|52,81|76,24|59,63|39,97|73,52|58,51|37,93|59,26|97,19|88,76|19,8|34,37|69,34|84,73|59,84|26,58|59,69/59,8=59,39,97,19,8
63,16|50,65|50,41|28,17|77,38|86,51|38,20|50,89|65,63|41,18|50,69|12,28|69,12|51,35|44,77|50,44|18,66|89,86|16,72|66,71/50,17=50,69,12,28,17
9,77|97,18|91,48|30,8|42,91|70,63|48,60|77,97|76,90|76,82|36,1|63,7|82,86|76,30|76,42|84,64|86,84|8,36|76,9|90,70/76,7=76,90,70,63,7
91,55|73,36|99,62|85,84|84,93|83,40|51,73|51,1|51,34|36,83|17,2|51,31|1,91|31,17|93,94|55,16|62,42|34,99|51,85|2,59/51,94=51,85,84,93,94
96,31|43,15|77,75|92,70|63,12|93,35|24,76|70,93|92,43|14,1|35,39|13,96|72,69|76,14|92,2|2,13|92,77|92,24|15,63|75,72/92,12=92,43,15,63,12
20,61|15,46|5,42|92,98|99,70|54,92|61,81|46,88|91,73|91,51|93,5|6,99|51,6|91,93|91,15|91,22|88,21|42,86|22,54|73,20/91,21=91,15,46,88,21
52,80|45,60|59,67|62,77|23,63|62,52|57,59|40,68|71,21|80,45|32,71|62,57|77,32|67,39|83,14|68,23|62,40|14,43|99,83|62,99/62,60=62,52,80,45,60
34,6|16,99|91,23|58,88|26,42|91,83|73,61|52,58|99,73|23,59|59,57|57,80|91,34|90,26|39,90|91,16|6,75|75,85|91,39|83,52/91,61=91,16,99,73,61
97,43|95,39|69,89|79,77|53,47|81,20|86,64|39,6|6,30|81,53|47,69|81,97|81,95|55,86|77,91|67,55|61,38|43,61|20,79|81,67/81,64=81,67,55,86,64
22,19|11,3|87,24|98,22|99,83|83,78|87,96|24,10|87,99|87,14|10,11|78,15|87,23|96,50|35,65|50,74|74,6|23,98|14,35|65,68/87,3=87,24,10,11,3
7,67|47,97|77,63|42,94|26,1|67,77|21,42|1,25|7,58|7,41|4,74|63,28|74,0|41,26|85,21|0,17|7,4|34,47|58,34|7,85/7,28=7,67,77,63,28
4,50|29,80|29,78|19,58|29,15|76,37|14,4|78,11|21,41|98,19|67,98|15,14|41,74|10,96|29,67|68,94|11,10|80,21|94,76|29,68/29,58=29,67,98,19,58
12,88|64,75|7,52|14,7|62,76|65,26|58,12|58,40|19,96|26,19|36,0|58,64|76,74|88,36|58,65|78,73|58,79|75,78|40,14|79,62/58,74=58,79,62,76,74
99,6|12,3|74,16|69,88|6,40|76,28|24,69|96,99|51,61|98,92|98,34|3,51|34,74|92,76|98,75|98,12|16,63|75,24|98,96|28,29/98,61=98,12,3,51,61
53,31|53,10|98,17|69,22|76,37|97,78|3,6|63,14|10,85|17,3|53,63|53,98|85,95|53,97|56,23|78,76|31,69|95,32|14,56|22,39/53,32=53,10,85,95,32
84,28|69,90|0,52|20,84|6,37|69,2|76,20|90,42|9,17|54,53|69,54|2,0|69,76|55,56|42,7|53,55|37,9|52,8|7,16|69,6/69,17=69,6,37,9,17
60,61|88,16|77,88|76,30|71,60|77,10|45,71|87,90|74,33|36,76|23,99|92,8|8,87|29,23|77,45|16,74|77,36|10,29|77,92|30,19/77,19=77,36,76,30,19
17,86|73,96|44,37|44,29|87,45|58,40|83,24|96,83|67,27|29,67|35,17|44,35|37,6|27,64|44,73|86,89|40,74|6,87|44,1|1,58/44,64=44,29,67,27,64
99,72|50,54|99,82|82,92|65,75|38,49|42,32|1,78|99,42|32,1|54,65|34,12|99,56|69,66|56,51|51,69|37,34|92,38|99,50|72,37/99,75=99,50,54,65,75
83,42|95,35|78,55|52,1|16,6|78,45|45,87|91,11|78,52|78,10|54,95|10,54|87,90|78,46|46,24|55,16|90,40|24,91|1,83|6,43/78,11=78,46,24,91,11
89,7|80,46|28,93|5,80|59,13|5,24|13,23|5,89|34,36|63,34|46,75|7,28|5,45|24,59|4,52|5,63|45,4|52,48|75,37|36,39/5,39=5,63,34,36,39
63,84|35,67|52,47|69,66|70,57|28,35|71,70|92,95|95,1|73,69|26,73|84,92|49,52|63,26|63,64|24,71|63,38|63,24|64,28|38,49/63,47=63,38,49,52,47
82,43|66,63|21,66|31,67|57,28|97,94|97,73|73,50|88,82|97,25|94,11|67,42|63,74|25,88|50,87|97,93|97,21|87,61|93,31|11,57/97,74=97,21,66,63,74
66,21|62,97|96,90|54,17|49,1|65,13|21,12|36,54|1,62|29,88|88,43|29,92|29,28|46,66|29,49|92,96|29,46|43,65|28,36|90,39/29,39=29,92,96,90,39
83,68|44,57|20,83|23,82|20,64|22,0|20,17|0,48|82,12|24,80|17,23|20,25|68,44|38,39|27,38|80,86|46,24|20,46|64,27|25,22/20,12=20,17,23,82,12
42,79|24,82|67,71|80,0|34,52|67,80|43,91|2,11|68,20|67,49|46,34|15,46|82,97|0,2|67,42|49,24|71,68|79,43|67,15|20,70/67,70=67,71,68,20,70
3,42|73,24|79,95|3,73|24,27|3,18|40,57|30,11|43,50|18,21|21,30|12,43|47,7|42,12|3,40|27,13|44,47|57,79|28,44|3,28/3,11=3,18,21,30,11
39,82|77,85|28,43|39,78|39,63|78,89|46,34|39,6|36,26|74,36|70,28|6,74|34,73|89,77|72,93|43,22|67,72|39,70|82,67|63,46/39,26=39,6,74,36,26
29,59|65,42|65,82|59,70|24,73|1,2|58,85|21,58|82,7|2,39|65,29|26,21|79,40|39,53|65,1|7,79|65,26|70,36|42,88|88,24/65,85=65,26,21,58,85
50,75|50,30|74,80|50,44|32,29|24,69|28,0|44,97|73,45|97,28|75,85|92,24|50,32|29,73|71,89|50,74|80,70|70,37|85,71|30,92/50,0=50,44,97,28,0
63,36|96,56|63,52|38,20|63,51|63,96|68,62|51,2|56,38|47,95|36,5|8,47|95,9|52,54|59,11|32,88|2,32|63,8|5,68|54,59/63,62=63,36,5,68,62
36,34|93,7|44,20|58,93|29,22|97,87|58,99|37,10|67,36|22,43|58,67|7,27|99,29|71,89|58,37|10,71|58,44|27,5|20,97|34,28/58,5=58,93,7,27,5
10,40|55,95|95,71|55,23|70,22|15,58|71,1|89,51|32,50|23,15|5,75|59,62|1,30|40,5|55,32|22,59|55,10|50,89|55,70|58,41/55,41=55,23,15,58,41
8,50|70,29|57,70|67,8|50,90|60,42|18,75|9,59|27,57|18,67|18,9|18,13|62,35|59,62|75,80|42,81|13,60|80,52|18,27|52,11/18,90=18,67,8,50,90
75,99|40,15|90,33|71,82|1,66|35,47|82,6|95,1|66,58|99,19|60,9|60,2|9,75|60,35|83,71|2,90|33,16|60,95|60,83|47,40/60,58=60,95,1,66,58
27,80|6,61|63,84|27,32|32,54|74,88|99,10|50,55|27,50|27,63|27,28|55,43|84,11|61,16|11,56|54,99|43,9|88,46|80,6|28,74/27,16=27,80,6,61,16
87,6|27,92|59,38|71,87|41,28|11,98|2,4|56,41|4,11|7,71|38,8|6,42|7,2|7,59|28,77|35,27|7,56|7,0|8,50|0,35/7,92=7,0,35,27,92
3,70|26,34|89,44|7,13|48,7|77,3|34,48|33,88|69,32|32,47|47,71|82,77|36,15|15,60|60,31|44,33|26,82|26,36|26,89|26,69/26,70=26,82,77,3,70
16,37|48,21|2,75|82,41|21,45|30,12|89,16|82,30|82,48|81,85|45,78|14,89|41,52|52,92|66,77|12,66|75,81|82,2|82,14|92,90/82,37=82,14,89,16,37
60,97|18,74|35,81|10,4|20,73|50,10|71,35|32,62|71,63|81,60|71,18|83,16|71,78|78,50|63,49|73,32|49,83|42,52|71,20|74,42/71,52=71,18,74,42,52
46,97|37,45|97,59|9,1|39,37|59,48|46,94|46,20|46,4|66,82|2,66|45,47|94,60|20,9|60,41|41,56|46,39|4,2|1,64|48,68/46,82=46,4,2,66,82
94,80|45,49|51,76|89,5|2,95|80,92|29,27|49,79|92,57|5,29|82,45|2,10|2,82|40,34|95,35|2,89|76,44|35,40|2,94|10,51/2,27=2,89,5,29,27
81,32|92,36|83,34|33,50|74,33|38,74|53,99|38,0|38,81|79,19|32,25|19,60|25,55|99,92|38,53|34,67|38,83|0,79|50,77|67,61/38,60=38,0,79,19,60
60,84|81,96|40,38|1,72|1,30|1,23|99,62|0,21|1,99|1,0|21,88|88,82|84,80|94,41|62,94|30,73|73,81|72,17|23,60|17,40/1,96=1,30,73,81,96
85,28|34,6|87,11|85,87|26,73|85,42|69,30|89,54|13,89|28,50|50,69|55,76|85,27|76,22|27,66|85,25|11,26|42,13|25,55|66,34/85,22=85,25,55,76,22
10,88|30,8|18,61|20,85|41,18|8,14|27,57|14,20|5,10|9,0|30,24|30,27|43,5|30,38|3,9|38,41|2,78|57,2|24,3|30,43/30,0=30,24,3,9,0
16,1|14,50|1,14|36,15|48,93|49,39|10,36|10,42|39,69|96,48|72,76|76,59|69,9|10,16|42,96|15,94|86,72|94,24|10,49|10,86/10,59=10,86,72,76,59
45,55|10,17|17,38|61,43|89,79|93,89|58,76|38,21|10,36|10,58|14,74|10,93|10,61|23,0|79,12|36,3|76,23|43,45|21,72|3,14/10,55=10,61,43,45,55
55,85|86,77|45,2|53,73|73,10|44,23|88,28|55,86|19,38|2,19|30,44|99,30|17,53|28,54|55,45|55,17|77,37|37,4|55,99|85,88/55,10=55,17,53,73,10
2,35|2,86|2,95|71,51|95,63|14,66|73,14|2,32|2,73|35,76|32,52|63,71|55,33|86,67|79,1|46,4|66,53|67,55|76,46|52,79/2,33=2,86,67,55,33
22,52|87,45|87,84|25,51|87,97|94,57|84,94|54,25|57,20|83,2|2,61|61,50|1,35|97,54|45,22|52,19|87,1|95,79|35,95|87,83/87,50=87,83,2,61,50
33,65|82,33|61,97|18,72|65,52|30,55|97,30|42,18|24,83|73,87|24,61|43,70|98,42|76,43|10,73|0,10|24,98|24,82|24,0|83,76/24,70=24,83,76,43,70
3,18|0,75|75,32|54,22|66,52|18,53|73,83|87,47|63,76|37,87|54,3|53,98|70,37|54,0|54,63|76,73|32,10|16,66|54,70|22,16/54,47=54,70,37,87,47
4,45|83,73|97,88|76,95|35,66|53,47|6,94|2,92|45,53|6,97|36,8|6,2|6,32|92,35|75,36|95,64|6,4|88,83|32,76|94,75/6,8=6,94,75,36,8
14,59|63,43|26,84|43,99|59,98|44,85|6,3|97,90|26,2|2,63|69,46|0,69|84,14|90,64|26,6|26,97|46,28|26,0|3,44|64,8/26,28=26,0,69,46,28
97,2|35,29|18,44|18,39|3,52|18,14|45,97|53,72|61,46|44,53|93,3|39,61|18,80|18,26|26,45|29,20|14,35|46,8|72,99|80,93/18,2=18,26,45,97,2
42,88|4,50|4,35|11,18|29,93|15,61|61,58|83,95|95,3|35,48|62,27|93,64|48,11|50,29|4,79|88,62|4,42|79,15|4,83|3,22/4,58=4,79,15,61,58
97,96|80,97|80,43|93,41|87,2|47,35|9,93|33,87|67,27|41,53|80,47|80,38|38,67|35,10|43,33|27,63|96,28|10,25|28,8|80,9/80,63=80,38,67,27,63
99,73|57,4|47,51|48,66|50,95|19,12|54,99|54,93|73,57|83,50|54,15|66,47|26,40|54,48|81,8|93,83|8,19|15,26|40,76|54,81/54,51=54,48,66,47,51
37,86|4,84|63,79|2,81|45,90|73,37|46,21|70,92|81,34|54,73|46,63|46,95|46,45|29,61|79,4|21,2|90,70|46,54|66,29|95,66/46,84=46,63,79,4,84
73,46|86,34|99,6|91,5|62,42|6,91|95,57|7,99|7,63|72,62|26,95|57,61|34,67|63,86|71,73|7,79|7,26|7,72|42,87|79,71/7,87=7,72,62,42,87
19,84|74,2|48,8|88,9|90,97|71,88|35,74|8,50|90,29|64,92|92,33|90,43|43,7|90,35|90,71|2,96|7,19|9,41|29,64|97,48/90,84=90,43,7,19,84
38,76|59,37|45,7|14,99|59,91|76,57|7,93|32,67|91,38|59,75|11,14|59,11|17,62|99,12|37,45|67,0|59,79|79,32|5,17|75,5/59,57=59,91,38,76,57
33,18|25,23|23,82|82,17|98,33|5,54|43,63|47,38|7,10|25,68|94,5|17,34|3,43|38,7|77,3|25,77|18,6|25,98|68,94|25,47/25,6=25,98,33,18,6
81,99|50,77|83,32|33,92|74,33|38,74|53,34|38,0|38,81|79,19|99,25|19,60|25,61|34,50|38,53|32,67|38,83|0,79|92,55|67,36/38,60=38,0,79,19,60
66,73|46,66|62,36|46,40|36,77|6,32|18,50|77,44|13,6|40,15|46,57|32,7|88,78|15,88|46,62|46,13|57,68|68,70|70,37|73,18/46,37=46,57,68,70,37
56,92|0,11|61,99|14,85|99,24|92,33|11,69|65,52|33,19|19,84|56,0|69,53|86,61|66,60|85,57|52,66|56,65|56,27|27,14|56,86/56,24=56,86,61,99,24
90,36|59,78|54,10|96,60|55,5|21,54|84,62|4,67|59,90|10,40|36,33|33,57|35,46|59,96|46,97|59,4|78,35|59,21|67,84|60,55/59,5=59,96,60,55,5
2,82|34,37|34,15|45,33|37,45|69,75|72,89|75,42|15,69|51,19|82,72|34,2|7,67|30,7|34,30|19,93|34,21|33,22|21,51|67,25/34,25=34,30,7,67,25
57,95|13,12|64,79|16,36|75,13|4,62|22,38|57,22|57,29|76,4|57,92|56,65|57,26|92,75|26,76|95,15|29,60|60,64|38,56|15,16/57,12=57,92,75,13,12
76,14|58,15|42,43|14,34|9,88|89,17|17,32|8,54|2,78|89,98|74,66|32,74|98,8|34,60|54,94|88,58|89,9|89,42|89,76|43,2/89,78=89,42,43,2,78
10,96|49,60|13,33|31,6|13,10|34,32|76,8|33,77|13,74|13,56|54,31|17,34|13,37|8,27|77,49|74,54|30,99|37,76|56,17|96,30/13,32=13,56,17,34,32
55,81|24,37|74,21|74,61|61,45|13,71|74,98|44,1|74,26|74,13|37,72|45,9|26,24|47,31|9,99|98,47|31,59|21,44|71,55|1,73/74,99=74,61,45,9,99
76,16|7,24|93,42|97,22|5,23|13,7|16,91|42,18|22,71|15,30|26,5|15,1|56,97|30,26|15,93|4,13|18,84|15,56|15,4|1,76/15,24=15,4,13,7,24
98,25|81,3|74,21|10,74|73,29|12,23|21,91|23,50|11,73|25,35|82,98|58,5|11,10|3,58|29,28|11,81|50,92|28,99|11,12|11,82/11,91=11,10,74,21,91
38,4|23,71|96,46|56,32|82,17|66,73|51,53|51,3|60,96|68,82|10,38|17,89|39,56|51,23|51,10|53,60|71,66|51,68|4,42|3,39/51,32=51,3,39,56,32
82,59|99,98|16,18|93,33|59,56|22,42|56,32|91,96|82,67|68,91|26,57|82,16|57,25|82,95|95,68|82,99|32,1|67,26|18,22|98,93/82,33=82,99,98,93,33
20,37|19,64|20,25|2,80|5,21|25,11|37,54|20,2|97,14|54,19|11,5|96,98|28,96|8,63|20,67|67,8|80,97|63,77|98,52|20,28/20,52=20,28,96,98,52
2,7|36,24|94,36|94,67|76,64|90,23|92,86|67,57|3,45|94,90|94,56|24,76|94,2|23,38|7,21|21,34|38,68|57,92|45,52|56,3/94,86=94,67,57,92,86
16,48|7,27|95,13|2,63|16,73|40,50|23,86|16,35|85,2|13,93|35,85|10,7|73,95|86,28|60,10|44,17|16,60|50,44|16,40|48,23/16,93=16,73,95,13,93
96,57|58,15|96,60|11,59|12,63|96,12|98,28|28,77|5,11|30,9|96,95|44,5|96,44|57,30|81,58|9,90|63,6|60,98|95,81|6,47/96,15=96,95,81,58,15
25,88|20,82|92,28|30,92|65,12|41,16|63,0|20,65|6,87|13,34|20,13|16,63|84,9|12,25|9,22|20,41|22,99|34,6|20,84|82,30/20,0=20,41,16,63,0
69,21|21,95|95,24|69,61|31,36|98,2|73,23|43,47|36,20|47,17|20,13|92,80|68,92|69,12|69,31|23,98|24,87|61,43|12,68|69,73/69,80=69,12,68,92,80
28,45|9,46|5,70|97,91|95,2|56,5|78,54|70,95|64,88|54,63|56,97|56,9|91,15|15,59|46,64|45,86|56,32|37,78|56,37|32,28/56,86=56,32,28,45,86
6,66|61,21|55,86|26,36|36,34|39,6|39,61|89,58|21,55|77,52|39,89|87,32|10,28|34,68|39,48|48,79|39,26|58,10|79,87|66,77/39,86=39,61,21,55,86
11,69|6,85|9,4|81,94|1,81|69,31|31,53|95,9|11,97|47,8|25,70|11,35|33,95|93,25|53,57|8,6|11,47|35,93|11,33|97,1/11,94=11,97,1,81,94
97,39|95,47|6,38|79,61|53,43|81,20|86,64|47,69|69,89|81,53|43,6|81,97|81,95|55,86|61,30|67,55|77,91|39,77|20,79|81,67/81,64=81,67,55,86,64
32,66|45,50|14,41|28,70|91,57|6,91|77,4|70,30|16,7|48,28|29,45|29,16|29,6|7,32|41,77|57,15|29,48|29,14|17,43|50,17/29,4=29,14,41,77,4
64,98|64,82|7,17|59,28|70,53|17,4|27,70|40,59|64,27|31,22|64,40|22,51|28,44|4,94|64,7|98,31|82,32|32,83|83,12|53,21/64,51=64,98,31,22,51
14,98|27,82|41,83|80,71|83,80|46,92|46,79|37,57|46,63|92,37|46,41|63,15|46,60|57,25|98,74|95,42|60,14|79,56|15,95|56,27/46,82=46,79,56,27,82
35,88|7,3|7,99|88,14|17,76|73,23|7,45|70,79|3,35|29,6|99,83|38,13|7,38|13,73|45,17|6,54|76,26|7,43|43,29|83,70/7,23=7,38,13,73,23
92,33|40,21|47,93|40,19|96,60|40,30|27,92|21,27|40,65|13,18|79,47|19,79|40,13|18,89|89,53|20,83|63,20|65,96|30,63|60,34/40,83=40,30,63,20,83
61,67|18,42|94,81|40,98|0,40|28,47|76,77|44,28|20,99|42,44|18,14|91,15|18,94|18,61|67,91|81,34|77,20|14,0|18,76|34,75/18,47=18,42,44,28,47
89,91|45,38|96,82|47,96|91,16|38,11|37,63|65,86|66,47|57,75|94,28|86,59|22,45|75,65|50,89|28,37|57,50|57,66|57,22|57,94/57,63=57,94,28,37,63
25,4|58,64|39,85|56,10|8,25|39,0|24,54|54,33|39,29|10,52|13,81|29,24|21,56|0,13|39,21|64,5|85,8|39,58|5,49|81,90/39,90=39,0,13,81,90
43,40|21,49|21,43|21,53|21,42|68,70|3,13|98,67|42,41|21,17|17,98|41,5|40,3|53,19|2,95|19,68|5,52|67,71|95,74|49,2/21,70=21,53,19,68,70
90,36|59,78|67,10|96,60|55,5|21,67|84,40|4,35|59,90|10,97|36,46|46,62|54,33|59,96|33,57|59,4|78,54|59,21|35,84|60,55/59,5=59,96,60,55,5
53,82|63,60|83,81|51,77|60,53|9,43|85,56|32,33|51,63|65,83|43,61|51,32|35,46|51,50|81,69|50,9|33,35|77,85|56,10|51,65/51,82=51,63,60,53,82
91,11|81,68|23,33|81,34|30,94|89,35|72,32|81,30|11,71|60,49|32,73|94,64|34,72|75,36|35,60|64,67|36,23|68,91|81,75|81,89/81,67=81,30,94,64,67
51,70|34,54|70,52|13,50|28,68|67,73|29,99|30,28|50,29|67,13|67,51|33,47|73,33|31,34|47,76|52,17|68,92|62,31|67,30|67,62/67,76=67,73,33,47,76
92,47|20,68|59,70|11,17|70,3|34,53|34,11|3,0|34,59|16,69|12,20|49,12|69,37|53,16|17,39|39,26|34,83|83,21|21,92|34,49/34,37=34,53,16,69,37
25,35|71,39|46,25|68,4|68,71|68,3|68,82|79,46|4,65|58,66|5,97|39,96|97,86|37,98|82,58|96,17|65,37|66,26|68,79|3,5/68,35=68,79,46,25,35
64,89|97,63|56,14|76,90|26,99|10,37|38,10|76,17|67,9|62,7|63,56|89,33|7,67|76,98|98,38|17,18|18,26|90,64|76,97|76,62/76,99=76,17,18,26,99
71,15|63,50|52,39|11,28|15,42|14,53|14,71|55,86|50,55|14,63|14,18|14,96|53,45|42,92|18,34|95,78|34,52|96,95|78,33|45,11/14,92=14,71,15,42,92
44,0|45,5|9,19|37,31|99,45|63,16|1,82|58,37|63,90|26,68|63,29|79,99|16,26|63,44|90,58|68,98|0,1|63,79|21,9|29,21/63,5=63,79,99,45,5
33,57|89,95|57,99|33,2|33,89|2,93|43,63|93,39|83,43|33,12|77,92|40,77|10,71|95,10|12,40|99,73|33,83|63,47|73,42|39,20/33,42=33,57,99,73,42
76,18|0,73|86,40|0,90|89,10|63,69|5,89|40,19|46,24|79,28|7,32|0,79|0,39|90,7|73,86|32,9|28,46|18,63|39,5|0,76/0,19=0,73,86,40,19
70,13|13,95|2,4|70,2|59,77|83,25|14,46|70,53|71,14|47,59|4,61|61,63|95,74|74,81|23,98|25,23|70,24|53,71|70,83|24,47/70,77=70,24,47,59,77
38,27|39,95|73,55|38,44|58,18|27,6|44,45|45,89|64,79|50,73|18,39|82,64|6,15|38,50|79,83|38,82|15,37|89,23|55,68|38,58/38,37=38,27,6,15,37
44,27|88,68|88,49|22,70|41,22|68,64|97,46|46,95|95,83|88,97|64,11|38,44|43,77|88,75|27,29|88,38|75,41|11,94|69,43|49,69/88,77=88,49,69,43,77
42,5|12,91|72,29|30,84|5,95|12,6|20,35|0,42|7,72|6,65|84,26|91,15|65,20|12,0|12,7|9,30|15,1|1,78|12,9|29,51/12,51=12,7,72,29,51
26,65|17,26|45,22|24,39|58,20|4,69|65,45|0,9|39,51|51,94|15,80|41,58|20,10|99,12|12,15|17,99|17,24|17,0|17,41|9,4/17,69=17,0,9,4,69
71,15|63,95|52,33|55,39|15,42|14,53|14,71|11,28|95,11|14,63|14,18|14,96|53,45|42,92|18,50|34,78|50,52|96,34|78,86|45,55/14,92=14,71,15,42,92
95,74|12,80|96,15|85,70|12,10|11,49|23,96|12,85|12,4|26,66|74,28|80,23|49,69|12,41|70,86|86,97|18,26|10,95|41,11|4,18/12,15=12,80,23,96,15
4,39|62,78|97,11|78,61|61,63|95,28|49,35|53,30|97,95|97,15|15,46|11,23|23,82|35,1|1,25|82,5|28,53|46,4|97,49|97,62/97,25=97,49,35,1,25
61,72|28,5|11,43|43,92|33,15|21,45|8,73|28,61|72,8|10,1|28,77|64,46|46,93|28,65|65,11|69,33|77,64|5,69|1,21|28,10/28,93=28,77,64,46,93
75,4|46,49|4,37|8,9|12,25|12,18|12,89|18,19|37,34|13,36|49,20|12,8|62,42|89,62|12,75|19,13|25,46|9,81|42,50|81,2/12,50=12,89,62,42,50
44,76|4,86|47,56|4,24|24,44|34,1|76,90|11,51|1,99|84,11|4,34|60,58|64,60|58,65|99,95|4,64|56,80|4,30|30,84|86,47/4,65=4,64,60,58,65
49,90|48,9|48,66|27,58|48,39|48,54|73,5|26,14|54,27|48,47|82,49|66,82|89,3|39,12|92,89|47,92|81,26|9,81|58,0|12,73/48,3=48,47,92,89,3
11,54|50,60|3,13|67,14|2,6|66,0|0,71|71,84|98,11|73,50|6,98|2,31|14,87|13,70|80,3|74,67|31,73|2,74|2,66|2,80/2,54=2,6,98,11,54
29,77|32,83|32,53|83,70|49,11|99,64|21,61|70,78|64,29|53,65|11,28|65,57|32,41|32,99|34,81|57,97|41,49|32,21|78,37|61,34/32,28=32,41,49,11,28
19,81|62,8|14,0|73,16|50,73|18,90|89,50|31,89|55,51|8,19|31,62|96,14|31,96|31,55|51,18|20,5|63,20|31,46|0,2|46,63/31,2=31,96,14,0,2
51,59|7,14|13,7|33,51|96,52|19,5|5,45|64,33|95,64|89,96|95,82|35,89|6,81|71,6|43,71|45,70|82,13|95,43|95,19|95,35/95,59=95,64,33,51,59
51,39|82,76|82,15|59,28|96,53|22,51|0,22|92,46|3,59|15,3|43,73|17,96|73,80|8,92|82,43|82,49|49,8|76,17|82,0|80,7/82,7=82,43,73,80,7
58,53|25,49|92,48|21,46|23,78|62,32|49,14|14,31|66,62|32,43|45,57|66,58|43,76|53,92|66,25|66,23|66,65|65,45|78,21|57,36/66,46=66,23,78,21,46
1,47|17,84|4,1|17,9|9,7|88,20|17,30|14,63|68,86|84,82|80,56|30,83|17,80|7,68|83,49|49,42|56,14|82,88|17,4|47,18/17,63=17,80,56,14,63
4,18|21,94|22,13|18,90|37,61|77,56|76,66|13,76|22,77|22,4|61,65|56,79|94,78|22,31|90,46|78,67|22,21|79,70|31,37|66,48/22,65=22,31,37,61,65
0,20|37,57|2,78|49,12|79,1|1,0|80,60|60,53|36,80|49,36|49,79|55,5|23,37|48,23|95,55|12,95|81,2|49,81|78,30|49,48/49,5=49,12,95,55,5
38,4|79,1|37,88|55,37|22,84|79,80|79,34|34,55|76,38|29,25|84,71|93,12|25,9|73,76|79,70|79,73|1,22|80,61|70,29|61,93/79,4=79,73,76,38,4
12,89|72,83|89,80|10,7|9,97|80,31|9,82|97,42|9,12|28,72|9,6|11,43|82,11|9,4|6,28|4,10|42,24|7,65|43,26|24,85/9,26=9,82,11,43,26
43,32|41,37|2,69|69,62|16,49|49,48|37,33|51,96|32,50|97,1|41,75|62,35|50,7|1,20|33,51|75,97|41,43|52,16|41,2|41,52/41,35=41,2,69,62,35
60,16|62,66|41,15|87,17|40,85|12,37|12,49|12,40|12,39|66,1|84,95|95,29|15,32|49,62|85,87|39,41|71,84|12,71|81,60|37,81/12,1=12,49,62,66,1
68,85|65,97|55,16|91,96|65,62|93,67|34,23|20,55|23,93|65,68|37,39|62,90|85,33|97,91|65,34|33,0|16,49|90,37|96,94|65,20/65,49=65,20,55,16,49
78,5|58,83|13,58|4,67|13,4|48,6|67,39|55,90|70,77|63,25|13,51|13,57|57,55|39,42|51,63|83,48|90,27|5,70|25,16|13,78/13,16=13,51,63,25,16
16,52|61,36|6,70|6,24|52,67|26,16|24,61|6,42|86,0|38,2|36,68|65,62|70,49|11,58|6,26|6,11|42,17|49,38|17,65|58,86/6,2=6,70,49,38,2
36,32|91,67|71,80|33,47|91,95|87,46|32,77|5,33|73,23|91,36|91,16|16,59|95,5|67,87|22,73|77,26|91,83|83,22|59,71|46,29/91,47=91,95,5,33,47
42,16|11,53|15,56|28,4|37,95|41,13|97,74|4,87|49,41|53,37|97,28|87,3|74,42|93,15|16,69|97,72|97,49|72,93|97,11|13,18/97,69=97,74,42,16,69
47,23|12,44|7,85|80,81|11,74|68,90|68,47|85,62|44,11|37,92|68,53|90,7|68,12|92,58|53,37|64,70|22,3|3,64|23,80|68,22/68,74=68,12,44,11,74
5,97|28,71|47,44|75,50|95,89|74,75|95,28|95,70|39,5|86,90|60,45|95,6|6,47|44,27|90,46|71,60|95,39|89,74|70,86|97,84/95,50=95,89,74,75,50
82,11|23,87|23,82|14,24|23,61|45,14|3,98|86,36|72,99|98,9|78,26|11,86|5,47|23,89|6,78|87,3|99,5|23,72|61,6|89,45/23,24=23,89,45,14,24
52,33|6,57|59,4|4,78|7,2|2,49|52,67|52,59|93,90|86,41|20,6|67,20|52,7|49,36|54,16|90,86|16,53|78,15|52,93|33,54/52,41=52,93,90,86,41
87,22|22,64|54,86|25,0|56,53|51,44|25,77|78,62|86,40|76,46|44,34|25,54|46,78|4,56|36,87|25,36|77,51|25,76|0,4|40,84/25,53=25,0,4,56,53
90,39|22,59|71,97|92,31|97,88|19,80|39,92|66,14|19,11|19,66|94,84|91,0|19,94|51,91|80,51|11,71|84,22|14,37|19,90|37,62/19,31=19,90,39,92,31
11,60|53,75|47,64|43,26|75,22|52,80|64,30|80,55|85,43|52,47|83,6|18,11|70,85|52,18|55,83|12,53|52,70|30,16|52,12|60,73/52,6=52,80,55,83,6
57,30|15,3|61,57|3,14|14,86|6,13|13,91|51,16|49,66|59,61|6,15|70,53|42,70|91,51|6,43|6,59|43,42|6,10|80,49|10,80/6,30=6,59,61,57,30
64,95|69,35|86,39|47,17|81,57|95,81|43,14|23,63|43,23|14,45|43,26|43,91|26,83|83,69|63,59|91,86|45,47|39,8|43,64|59,65/43,17=43,14,45,47,17
90,39|37,0|14,91|92,31|91,62|19,80|39,92|66,51|19,11|19,66|94,84|97,88|19,94|71,97|80,71|11,14|84,37|51,22|19,90|22,59/19,31=19,90,39,92,31
18,90|62,51|14,0|20,5|50,20|19,16|89,50|31,89|55,63|51,18|31,62|96,14|31,96|31,55|63,19|73,81|8,73|31,46|0,2|46,8/31,2=31,96,14,0,2
2,67|94,60|42,79|13,42|50,13|20,41|94,50|94,55|9,23|21,93|94,65|60,71|45,56|56,9|71,2|41,58|94,45|55,20|90,21|65,90/94,67=94,60,71,2,67
16,48|2,17|95,13|86,27|16,73|40,10|50,44|16,35|85,86|13,93|35,85|23,2|73,95|44,28|60,23|7,63|16,60|10,7|16,40|48,50/16,93=16,73,95,13,93
98,99|10,29|25,85|29,30|2,89|23,26|26,49|23,14|85,34|90,98|23,25|58,59|14,10|49,12|34,51|23,48|12,11|59,2|23,58|48,90/23,11=23,26,49,12,11
76,38|99,88|45,69|99,31|99,47|99,39|88,4|99,17|80,50|4,42|69,7|42,2|29,80|38,77|94,19|47,61|39,45|17,76|61,94|31,29/99,19=99,47,61,94,19
64,53|81,78|88,40|99,64|33,99|50,33|50,28|78,20|94,45|61,93|50,54|54,81|72,94|98,88|50,95|28,72|6,61|68,98|50,68|95,6/50,40=50,68,98,88,40
29,18|54,53|49,5|11,82|18,33|82,84|84,96|19,49|11,29|11,56|86,54|45,73|77,86|11,77|96,44|11,59|33,3|73,85|59,45|56,19/11,3=11,29,18,33,3
13,45|96,77|72,28|13,74|39,99|74,86|34,32|6,72|5,57|52,39|23,85|1,61|13,96|86,23|44,6|45,52|13,44|13,34|77,5|32,1/13,28=13,44,6,72,28
61,67|18,42|94,0|20,75|77,20|28,47|76,81|44,28|91,99|42,44|18,14|34,98|18,94|18,61|67,34|0,40|81,91|14,77|18,76|40,15/18,47=18,42,44,28,47
42,96|70,37|74,88|12,99|34,42|4,12|85,32|71,4|71,25|18,97|97,63|71,52|99,33|88,70|71,74|21,85|32,45|71,21|25,18|52,34/71,96=71,52,34,42,96
42,16|11,41|87,95|28,53|13,18|4,37|97,74|53,15|49,4|41,13|97,28|15,56|74,42|93,87|16,69|97,72|97,49|72,93|97,11|37,3/97,69=97,74,42,16,69
32,89|71,7|81,71|73,56|4,29|31,46|29,70|61,81|4,41|4,76|76,45|20,52|41,66|45,32|70,31|66,73|52,54|4,61|4,20|54,26/4,7=4,61,81,71,7
48,67|62,0|98,75|43,48|75,5|77,35|29,93|36,62|77,74|12,31|21,36|74,98|77,21|88,78|77,43|85,29|31,88|35,85|67,56|77,12/77,0=77,21,36,62,0
9,15|3,35|91,28|52,10|59,66|8,52|28,83|83,60|21,59|94,8|94,58|58,24|24,34|94,91|66,19|15,3|34,62|94,9|94,21|10,7/94,35=94,9,15,3,35
7,83|18,41|93,55|39,31|57,91|32,39|77,96|27,79|91,99|7,80|50,27|80,50|7,18|3,32|41,77|42,93|89,42|7,3|83,57|7,89/7,31=7,3,32,39,31
55,54|78,83|37,41|71,78|89,1|89,95|89,71|31,23|89,57|43,69|1,82|95,43|69,73|83,3|54,46|82,31|57,37|91,55|41,93|89,91/89,46=89,91,55,54,46
90,56|67,84|24,33|84,53|26,54|92,67|54,20|61,26|69,92|65,90|12,70|69,17|69,61|69,8|8,14|69,48|17,65|9,12|14,24|48,9/69,53=69,92,67,84,53
58,86|13,4|75,80|83,70|96,66|34,85|83,58|0,34|21,23|89,0|33,57|2,62|83,89|83,96|66,21|86,75|83,2|62,13|48,33|70,48/83,4=83,2,62,13,4
75,83|35,75|2,98|39,57|72,51|80,8|14,36|8,14|83,50|30,96|27,35|27,30|16,39|99,16|86,72|27,12|12,86|27,99|96,2|27,80/27,57=27,99,16,39,57
38,15|87,38|79,70|24,42|43,30|16,43|70,4|87,47|92,16|87,92|40,34|15,40|47,18|87,67|19,24|42,77|67,79|10,60|18,10|87,19/87,77=87,19,24,42,77
69,12|69,31|33,17|39,35|69,83|54,77|64,39|63,82|69,54|29,74|5,29|77,63|83,0|12,64|27,73|31,52|0,27|69,34|52,33|34,5/69,82=69,54,77,63,82
51,31|68,92|31,29|13,50|70,34|67,73|52,17|30,70|50,52|67,13|67,51|33,47|73,33|28,68|47,76|29,54|34,99|62,28|67,30|67,62/67,76=67,73,33,47,76
5,32|54,37|84,73|98,39|6,97|69,6|60,5|69,86|82,83|86,93|48,60|89,82|93,12|97,98|69,54|69,48|69,71|71,89|37,84|12,74/69,73=69,54,37,84,73
73,31|67,45|67,19|85,48|31,4|34,69|48,11|30,73|45,82|62,50|67,30|55,34|67,96|82,62|67,77|38,80|77,85|19,18|96,55|18,38/67,69=67,96,55,34,69
26,97|92,77|77,26|33,60|24,7|92,9|37,24|97,78|92,20|9,33|20,2|92,1|92,37|53,64|1,70|7,65|2,53|41,90|60,93|70,41/92,90=92,1,70,41,90
26,21|26,15|45,94|93,55|15,93|86,10|3,65|21,43|65,73|43,40|26,3|26,86|55,77|26,78|10,66|94,61|78,45|73,28|40,19|66,87/26,28=26,3,65,73,28
47,33|28,32|89,16|87,77|16,94|46,89|13,51|3,68|11,87|23,53|32,23|85,41|68,13|47,28|47,11|77,19|47,3|67,85|33,67|47,46/47,19=47,11,87,77,19
36,96|10,78|21,43|82,10|57,16|24,30|15,21|48,22|96,83|15,81|78,17|43,57|22,79|79,7|15,2|80,24|81,36|15,48|2,80|15,82/15,17=15,82,10,78,17
68,72|55,58|55,94|87,13|63,6|6,20|55,46|72,80|95,14|98,33|55,87|34,10|94,68|58,63|13,41|41,28|33,95|46,34|55,98|10,62/55,62=55,46,34,10,62
30,44|28,90|41,7|41,22|17,28|66,48|96,99|7,17|43,57|3,42|41,30|41,66|80,12|22,45|41,80|12,13|44,3|45,96|13,98|48,43/41,42=41,30,44,3,42
4,11|27,92|59,87|71,4|41,8|28,42|2,38|56,41|38,28|7,71|87,6|11,77|7,2|7,59|8,98|35,27|7,56|7,0|6,50|0,35/7,92=7,0,35,27,92
92,12|12,88|61,86|88,77|45,81|46,54|61,70|26,72|78,91|54,4|13,82|61,87|86,46|70,25|61,13|7,26|87,7|25,45|61,92|82,78/61,72=61,87,7,26,72
83,74|74,51|30,69|14,77|49,27|30,73|9,89|16,8|30,2|30,68|2,14|89,17|88,37|77,98|68,23|37,16|23,49|30,88|69,9|73,83/30,51=30,73,83,74,51
75,91|37,63|63,24|76,58|24,89|52,90|64,75|64,37|97,3|58,10|10,78|41,46|47,29|33,47|64,7|90,97|64,76|7,33|91,41|64,52/64,46=64,75,91,41,46
4,71|4,81|13,80|4,78|31,57|73,87|26,66|71,69|69,23|66,9|70,31|4,30|78,13|57,18|23,98|87,42|4,70|30,26|80,99|81,73/4,18=4,70,31,57,18
94,51|80,40|45,76|89,5|2,95|51,92|29,27|40,34|92,79|5,29|82,80|2,10|2,82|49,44|95,35|2,89|76,57|35,49|2,94|10,45/2,27=2,89,5,29,27
80,66|79,96|79,75|79,35|25,84|17,65|87,71|35,51|96,42|79,17|67,6|79,60|65,67|48,74|42,80|75,25|84,73|51,48|60,13|13,87/79,6=79,17,65,67,6
49,64|40,56|36,73|50,78|50,49|46,79|50,10|81,39|19,40|10,81|48,93|39,1|64,46|2,36|78,19|73,44|50,2|93,34|47,48|50,47/50,44=50,2,36,73,44
66,0|82,99|44,15|58,16|96,30|25,88|28,11|25,58|88,65|16,77|25,35|25,82|25,75|75,28|77,62|30,5|35,96|65,66|11,4|99,44/25,0=25,88,65,66,0
24,56|15,2|24,10|24,62|20,3|62,70|24,32|24,78|3,60|10,47|27,54|87,12|54,63|32,27|70,15|56,20|25,66|52,25|78,52|47,87/24,63=24,32,27,54,63
70,48|91,72|18,86|5,84|50,23|5,80|19,33|5,21|90,67|23,31|5,91|86,98|80,50|92,77|5,92|21,18|84,60|77,90|60,70|72,19/5,31=5,80,50,23,31
8,95|14,59|43,78|60,96|44,52|74,54|8,37|6,44|32,14|8,69|96,74|83,29|37,6|29,47|30,73|8,43|8,60|78,30|95,83|69,32/8,54=8,60,96,74,54
87,0|67,14|87,59|87,12|75,58|27,3|72,82|12,45|87,90|90,47|45,75|59,76|47,27|39,72|0,39|24,65|20,57|57,24|76,67|87,20/87,58=87,12,45,75,58
27,82|27,19|25,81|27,49|16,25|70,24|19,68|56,92|15,70|65,4|30,73|68,65|49,15|27,16|82,0|48,56|81,3|0,30|27,26|26,48/27,73=27,82,0,30,73
52,3|13,97|13,41|56,93|6,68|79,22|22,60|1,4|14,25|13,52|13,98|98,6|68,63|3,14|13,23|41,79|93,49|4,24|23,1|97,56/13,49=13,97,56,93,49
28,50|44,9|51,33|8,93|22,73|37,31|28,71|28,85|63,51|87,97|75,44|28,37|73,65|28,46|85,6|6,87|71,75|46,22|31,8|50,63/28,9=28,71,75,44,9
74,92|33,46|78,50|66,81|79,4|81,54|79,86|79,93|9,98|46,23|54,53|79,66|86,74|92,76|4,33|93,24|65,78|50,85|24,9|79,65/79,23=79,4,33,46,23
6,67|87,92|6,71|2,29|78,79|49,20|13,35|6,51|80,87|29,13|6,2|6,47|71,80|67,49|81,62|20,83|51,81|79,36|62,9|47,78/6,9=6,51,81,62,9
12,73|73,87|87,69|66,70|72,44|12,47|41,66|12,9|94,72|69,40|12,98|98,94|34,11|47,41|46,65|11,96|36,46|65,95|12,36|9,34/12,95=12,36,46,65,95
58,89|45,28|9,77|41,9|54,80|2,91|29,87|99,96|58,15|12,41|34,67|89,53|96,54|15,2|91,59|58,45|58,12|28,29|53,34|58,99/58,77=58,12,41,9,77
84,9|0,73|0,85|73,27|0,36|19,72|86,57|38,77|63,65|36,18|85,86|18,63|27,62|0,38|62,12|13,19|0,83|77,84|57,20|83,13/0,20=0,85,86,57,20
17,83|35,14|31,50|57,93|1,34|61,97|34,31|88,75|21,57|39,80|91,88|76,61|56,21|54,91|80,76|39,54|14,17|39,35|39,1|39,56/39,50=39,1,34,31,50
12,76|73,82|7,78|31,97|90,49|97,24|45,59|24,46|67,69|51,23|10,92|40,90|49,45|40,7|92,73|40,10|40,31|40,51|23,67|78,12/40,82=40,10,92,73,82
61,57|82,20|43,61|96,97|0,41|97,37|85,46|96,49|96,47|47,19|19,82|96,83|41,14|46,80|96,54|54,0|23,24|37,23|49,43|83,85/96,14=96,54,0,41,14
77,9|96,15|41,88|94,2|15,50|95,29|3,90|35,66|9,95|66,44|50,47|88,94|55,99|99,3|44,45|90,76|55,77|55,35|55,96|55,41/55,45=55,35,66,44,45
51,35|47,98|43,48|80,82|34,80|1,19|19,29|41,1|51,73|88,78|78,23|48,47|51,70|51,41|73,28|53,96|28,53|70,34|51,43|35,88/51,29=51,41,1,19,29
22,20|25,3|91,1|71,57|98,85|20,79|57,81|71,92|3,36|61,55|81,91|94,22|71,94|64,98|36,74|92,61|85,31|55,2|71,64|71,25/71,1=71,57,81,91,1
68,79|75,11|37,26|83,93|93,68|30,31|94,75|7,1|46,35|31,7|60,57|64,69|65,64|46,30|46,37|26,60|46,45|46,83|35,65|45,94/46,79=46,83,93,68,79
39,8|31,85|95,81|59,49|7,19|66,78|15,40|83,15|14,69|81,24|49,31|83,95|83,59|4,66|71,4|40,39|24,16|83,7|19,14|83,71/83,69=83,7,19,14,69
16,64|26,49|60,3|13,60|21,46|13,82|13,21|94,9|82,93|93,11|69,63|11,43|81,80|13,94|80,99|99,92|3,69|9,26|13,81|46,16/13,43=13,82,93,11,43
7,67|0,94|77,63|47,25|21,42|67,77|74,47|42,97|7,58|7,41|4,26|63,28|26,1|41,21|85,74|1,17|7,4|34,0|58,34|7,85/7,28=7,67,77,63,28
6,12|12,9|50,22|93,81|82,60|35,83|53,82|9,93|69,53|17,47|6,69|76,35|88,68|6,76|15,67|67,17|83,72|6,15|22,88|6,50/6,68=6,50,22,88,68
53,24|52,69|63,0|46,71|39,81|58,86|86,82|69,37|39,85|83,46|81,75|75,63|71,7|39,52|39,96|24,48|96,53|85,58|39,83|37,87/39,87=39,52,69,37,87
21,98|41,55|34,24|41,63|4,34|83,42|41,64|41,4|6,51|82,36|64,83|42,72|51,82|19,21|99,9|55,99|24,8|63,19|9,79|41,6/41,79=41,55,99,9,79
13,14|93,41|19,68|68,1|96,27|13,59|52,58|26,66|13,23|59,91|13,26|58,98|13,52|66,93|98,74|91,84|84,35|23,19|27,80|14,96/13,35=13,59,91,84,35
11,13|41,89|52,41|13,67|5,43|67,42|64,71|40,32|40,93|93,5|38,52|54,14|40,11|66,95|43,21|40,54|32,47|47,64|40,38|14,66/40,95=40,54,14,66,95
40,89|72,95|52,25|58,84|95,74|58,81|87,64|84,73|64,67|58,87|81,72|62,40|54,88|28,54|67,19|96,62|88,66|58,28|58,96|73,52/58,89=58,96,62,40,89
22,26|98,95|95,70|22,13|51,48|65,74|61,67|48,61|74,82|44,4|22,65|31,44|71,28|36,71|13,98|22,51|26,31|22,69|69,36|82,40/22,28=22,69,36,71,28
93,74|74,50|63,83|53,92|26,87|87,16|51,60|63,26|83,95|7,55|50,44|10,66|16,88|63,7|35,24|66,35|95,51|55,53|63,93|63,10/63,44=63,93,74,50,44
1,25|88,23|12,34|33,29|5,38|16,42|62,12|62,39|2,31|39,88|42,1|62,98|23,49|62,16|67,5|83,33|98,83|38,53|62,67|34,2/62,31=62,12,34,2,31
53,89|74,2|89,94|88,67|50,9|4,42|27,11|1,33|76,92|4,76|57,50|11,88|78,57|4,27|92,74|68,59|42,53|4,78|4,68|59,1/4,67=4,27,11,88,67
5,73|52,36|15,10|16,51|86,48|83,49|36,80|51,12|70,83|48,15|5,16|80,93|44,7|5,52|5,86|7,33|38,70|73,44|12,0|5,38/5,0=5,16,51,12,0
12,16|99,72|5,96|96,52|9,64|46,93|6,46|31,42|31,62|62,89|31,38|31,56|16,58|56,5|72,19|42,12|93,75|38,99|31,6|89,9/31,58=31,42,12,16,58
7,50|7,14|90,41|50,90|7,43|93,81|64,34|81,66|34,54|94,38|7,17|7,93|17,64|92,86|79,92|66,80|14,94|41,39|43,79|38,52/7,52=7,14,94,38,52
11,20|33,78|20,94|98,55|97,64|57,36|97,41|65,32|29,92|64,69|69,29|97,65|77,57|97,24|97,46|55,28|32,33|46,11|24,98|41,77/97,78=97,65,32,33,78
53,30|62,78|97,11|78,82|82,39|95,23|49,35|4,5|97,95|97,15|15,28|11,46|46,61|35,1|1,25|61,63|23,4|28,53|97,49|97,62/97,25=97,49,35,1,25
81,95|96,68|34,78|96,49|10,17|9,19|19,43|49,9|87,31|96,53|53,5|38,25|29,57|5,10|96,38|25,34|68,81|95,23|96,87|31,29/96,17=96,53,5,10,17
20,27|11,68|8,24|88,6|5,89|5,30|5,60|30,48|33,19|27,8|31,88|5,46|60,31|49,69|89,33|5,20|48,49|19,28|68,77|46,11/5,24=5,20,27,8,24
72,89|19,28|72,66|48,70|72,48|91,55|6,75|72,78|55,20|90,59|66,84|84,6|78,19|89,44|71,96|72,91|20,3|70,71|44,90|28,2/72,96=72,48,70,71,96
12,22|82,76|39,75|71,94|38,1|75,64|47,16|4,69|49,38|94,12|5,47|71,33|22,8|33,5|69,82|71,4|43,49|71,43|80,39|71,80/71,1=71,43,49,38,1
28,75|21,85|21,86|79,27|27,93|21,79|74,34|84,6|75,64|64,67|93,0|21,74|60,30|71,58|86,71|85,72|34,84|58,55|21,28|72,60/21,30=21,85,72,60,30
2,7|92,77|77,2|26,53|24,97|92,9|37,24|7,64|92,20|9,26|20,33|92,1|92,37|60,93|1,70|97,78|33,60|41,90|53,65|70,41/92,90=92,1,70,41,90
69,97|97,87|92,95|92,63|58,0|92,88|18,58|24,10|92,99|53,61|63,18|95,53|11,84|32,74|88,69|99,71|92,24|71,32|10,11|61,85/92,85=92,95,53,61,85
23,68|45,8|52,23|81,0|90,96|51,52|62,38|68,37|8,26|46,48|51,39|26,69|0,22|51,90|39,46|51,43|48,99|96,62|43,81|51,45/51,38=51,90,96,62,38
87,48|72,36|96,91|75,60|75,52|56,24|48,10|75,0|35,95|45,72|60,45|75,35|0,87|83,65|52,78|75,39|95,96|78,56|39,85|85,83/75,65=75,39,85,83,65
12,75|73,54|78,81|1,12|54,50|73,74|73,55|81,89|29,4|55,29|73,63|74,31|49,30|4,59|50,49|73,15|15,1|97,83|31,97|63,78/73,89=73,63,78,81,89
2,33|68,2|19,72|7,84|72,7|68,19|42,14|55,56|33,23|86,9|68,60|80,55|48,83|16,41|83,86|41,42|23,34|60,80|68,16|68,48/68,9=68,48,83,86,9
23,48|45,81|52,23|46,68|90,96|51,52|62,38|48,22|81,0|8,26|51,39|0,37|68,69|51,90|39,8|51,43|26,99|96,62|43,46|51,45/51,38=51,90,96,62,38
70,69|51,73|71,14|40,6|69,90|83,51|37,38|94,23|18,94|68,37|65,71|46,68|14,99|23,15|40,83|73,47|40,18|40,46|40,65|6,70/40,15=40,18,94,23,15
3,82|77,44|82,75|69,91|69,1|50,97|69,88|88,77|69,3|1,9|37,15|55,50|44,42|4,95|69,37|30,68|9,4|75,28|91,55|15,30/69,42=69,88,77,44,42
80,51|41,49|14,80|14,77|4,43|35,70|49,31|75,97|14,0|43,71|85,75|14,60|14,4|81,72|77,85|28,81|51,35|0,28|60,41|71,89/14,31=14,60,41,49,31
42,84|92,56|47,13|54,33|48,92|35,42|47,32|80,99|32,73|47,31|73,62|10,34|31,35|34,2|47,54|47,88|33,80|13,48|62,12|88,10/47,99=47,54,33,80,99
57,30|15,3|61,57|3,70|70,16|6,13|13,80|49,66|51,53|59,61|6,15|14,86|91,14|80,49|6,43|6,59|43,91|6,10|42,51|10,42/6,30=6,59,61,57,30
12,7|62,95|17,94|89,54|51,17|84,62|34,22|54,39|67,21|58,9|7,84|12,68|12,34|12,89|22,67|39,5|12,58|9,88|88,69|68,51/12,95=12,7,84,62,95
7,10|53,84|17,40|45,43|99,7|46,32|43,72|40,12|10,26|39,73|4,46|39,4|73,45|32,56|39,75|39,29|29,17|84,69|75,53|39,99/39,12=39,29,17,40,12
5,62|73,57|8,79|18,24|91,73|98,12|8,99|63,41|99,81|20,69|81,5|51,63|69,98|8,25|79,3|57,76|25,51|8,20|8,91|3,18/8,24=8,79,3,18,24
35,46|6,55|47,11|34,47|35,57|54,34|71,23|35,87|57,7|78,21|87,6|86,78|55,72|7,81|35,54|46,15|35,16|15,71|16,86|81,33/35,33=35,57,7,81,33
80,32|22,54|2,3|70,47|67,76|96,91|22,96|22,70|29,80|22,29|91,21|3,77|24,67|54,24|87,2|22,87|32,27|47,8|8,92|21,71/22,71=22,96,91,21,71
40,12|23,44|12,86|89,33|97,45|79,51|52,39|33,84|52,38|32,58|52,89|54,40|75,97|44,79|52,54|38,75|98,32|84,56|52,23|39,98/52,58=52,39,98,32,58
29,84|82,19|75,66|29,21|27,41|37,82|39,26|29,49|29,65|49,81|21,3|29,46|81,97|95,75|65,37|46,18|97,92|84,95|18,39|3,27/29,19=29,65,37,82,19
95,99|12,21|95,31|51,17|31,50|95,27|21,71|27,72|42,58|6,59|87,51|58,98|98,5|72,6|20,57|17,53|50,20|99,12|95,87|95,42/95,71=95,99,12,21,71
7,82|13,41|5,50|51,89|89,0|12,8|22,12|8,32|66,81|0,63|44,29|41,5|17,59|7,17|29,35|7,13|59,66|7,51|7,22|82,44/7,63=7,51,89,0,63
33,78|83,1|20,18|42,17|58,77|17,83|42,33|42,99|18,86|78,75|75,28|1,55|42,49|42,90|49,50|90,58|50,89|99,20|89,3|77,38/42,3=42,49,50,89,3
9,17|71,62|14,93|90,60|91,69|14,9|93,90|33,46|42,58|14,42|60,79|17,33|58,10|14,49|14,50|50,71|49,4|10,74|62,73|4,91/14,69=14,49,4,91,69
48,70|4,75|61,90|30,48|42,77|9,30|49,28|66,54|42,34|28,40|54,23|42,9|42,49|16,55|42,61|34,11|40,74|90,16|11,4|77,66/42,75=42,34,11,4,75
50,47|26,38|79,23|26,79|26,40|30,2|47,31|2,94|31,22|84,0|17,21|23,17|7,44|38,34|71,81|40,30|26,50|44,71|34,84|26,7/26,22=26,50,47,31,22
24,58|46,30|7,28|28,70|63,65|46,63|50,40|19,91|36,85|85,90|91,50|83,92|65,24|46,7|44,83|46,44|92,95|70,31|46,19|30,36/46,58=46,63,65,24,58
77,82|66,8|87,20|81,93|14,66|45,81|93,0|65,94|77,50|77,95|11,65|28,87|82,28|50,11|77,14|95,33|77,45|8,90|33,35|35,71/77,0=77,45,81,93,0
40,17|68,54|13,35|47,12|97,33|47,6|62,24|81,15|30,13|89,44|33,55|6,30|47,89|47,36|47,81|44,62|12,43|43,68|15,40|36,97/47,55=47,36,97,33,55
46,62|83,3|79,91|70,10|83,73|73,45|33,82|9,34|83,15|3,36|83,46|82,60|36,79|34,49|83,9|68,18|49,25|62,70|15,33|45,68/83,91=83,3,36,79,91
15,98|15,62|70,55|15,85|67,72|4,99|98,81|23,48|24,84|91,67|84,4|62,91|15,24|90,34|48,90|61,28|85,27|81,61|27,70|15,23/15,99=15,24,84,4,99
49,72|6,18|45,29|6,16|95,12|30,25|81,99|18,49|6,81|72,68|99,50|52,45|6,76|12,85|16,52|25,3|76,95|6,92|50,63|92,30/6,63=6,81,99,50,63
40,68|84,35|35,67|47,83|64,3|84,40|19,80|34,47|3,53|49,9|70,45|84,0|68,49|43,81|67,19|81,70|84,34|83,58|84,43|0,64/84,53=84,0,64,3,53
18,34|5,57|87,14|78,83|27,10|27,72|27,52|58,0|27,4|11,75|52,44|34,90|72,94|94,87|4,31|27,58|31,11|0,78|10,18|44,5/27,57=27,52,44,5,57
62,40|90,78|17,37|12,68|5,86|12,63|12,8|12,81|8,85|68,53|85,59|53,88|37,5|81,22|59,15|78,29|12,17|88,93|22,62|63,90/12,86=12,17,37,5,86
49,78|22,13|46,24|64,18|76,40|2,32|20,76|13,49|64,2|64,22|64,20|89,46|94,39|18,89|39,23|32,57|26,94|64,26|57,8|40,50/64,78=64,22,13,49,78
65,7|60,48|43,51|90,43|14,60|94,77|90,50|89,46|50,18|10,55|90,20|23,64|51,10|83,65|90,89|86,14|20,83|90,86|46,94|18,23/90,7=90,20,83,65,7
68,46|60,15|49,22|18,34|97,72|36,18|44,24|60,97|48,88|60,58|21,48|60,49|88,14|15,36|60,21|58,68|72,13|22,44|13,11|46,12/60,14=60,21,48,88,14
32,73|52,32|45,90|86,7|61,75|73,61|99,13|21,28|13,86|31,21|28,81|52,94|52,22|10,39|52,99|20,45|52,31|94,10|22,20|39,36/52,36=52,94,10,39,36
51,18|38,94|38,51|88,59|94,14|41,67|38,31|14,0|38,91|18,17|33,71|17,92|59,44|0,25|70,41|31,88|71,3|91,70|58,33|38,58/38,3=38,58,33,71,3
77,52|17,14|17,36|89,28|74,18|36,24|25,82|54,19|19,51|17,35|52,76|35,87|73,96|82,74|87,73|17,25|17,13|14,54|24,89|13,77/17,28=17,36,24,89,28
15,2|31,56|60,13|95,97|2,10|45,72|47,12|91,63|48,5|12,45|42,33|31,95|56,42|33,89|81,15|31,48|97,91|31,47|5,60|31,81/31,63=31,95,97,91,63
41,85|60,41|76,26|67,46|69,70|29,60|33,90|78,25|33,29|71,67|70,78|33,69|80,61|42,31|33,71|90,62|46,32|33,76|26,80|62,42/33,32=33,71,67,46,32
50,7|50,88|7,93|53,65|2,48|73,39|50,15|1,73|24,1|29,60|88,53|15,26|4,2|26,29|94,4|65,42|93,19|50,94|50,24|19,64/50,48=50,94,4,2,48
17,42|12,4|12,65|4,63|43,59|63,43|65,17|38,56|21,38|24,21|52,72|12,76|42,32|54,81|72,77|12,24|12,97|76,52|81,8|97,54/12,56=12,24,21,38,56
22,66|31,14|21,31|76,57|39,22|39,50|57,25|93,53|60,81|14,63|68,80|39,73|44,60|66,93|50,76|73,68|39,21|39,44|81,6|80,79/39,25=39,50,76,57,25
51,64|64,26|56,73|24,17|75,23|70,94|25,67|73,39|80,24|80,51|17,50|80,0|26,63|80,85|0,56|67,8|94,75|80,70|85,25|50,48/80,8=80,85,25,67,8
82,62|59,9|36,43|62,37|9,56|82,20|84,15|79,45|37,84|23,65|75,79|82,59|82,75|45,68|73,36|65,76|82,4|4,23|56,0|20,73/82,43=82,20,73,36,43
80,65|80,57|57,89|51,44|65,58|46,29|79,38|25,32|92,51|9,92|70,79|24,46|62,24|58,12|28,70|12,86|80,28|80,62|80,9|89,25/80,32=80,57,89,25,32
10,76|79,95|54,48|79,68|22,77|35,78|48,0|60,61|79,7|79,10|0,33|68,38|7,22|79,54|40,8|95,19|76,40|19,35|77,26|38,60/79,26=79,7,22,77,26
88,70|32,78|78,7|95,59|52,40|49,44|16,88|16,90|11,82|70,11|44,74|16,95|16,36|36,49|66,60|40,20|59,66|90,52|16,12|12,32/16,60=16,95,59,66,60
0,35|4,49|55,27|85,94|35,4|66,80|80,97|83,55|22,21|66,0|26,40|69,26|27,90|91,16|40,74|66,83|66,91|16,22|66,69|97,85/66,90=66,83,55,27,90
81,20|39,16|2,87|76,39|73,23|91,76|34,81|3,89|10,14|89,12|20,82|46,3|87,10|46,34|46,73|19,93|23,19|46,91|12,54|46,2/46,16=46,91,76,39,16
71,35|11,10|31,15|55,61|19,27|45,31|61,21|15,90|18,71|55,18|27,23|25,19|13,26|9,11|35,34|21,13|55,25|28,9|55,28|55,45/55,10=55,28,9,11,10
28,20|50,49|99,91|20,71|2,80|58,1|16,75|25,62|62,58|71,98|23,57|29,99|80,16|87,81|50,25|50,2|50,23|50,28|49,29|57,87/50,75=50,2,80,16,75
57,75|9,19|7,56|29,9|19,34|81,48|56,70|53,15|26,81|53,73|15,85|77,67|73,57|70,97|48,68|53,29|75,64|53,7|53,26|85,77/53,97=53,7,56,70,97
42,72|41,55|34,82|41,63|4,34|51,21|41,64|41,4|6,19|24,8|64,51|21,36|19,24|83,42|99,9|55,99|82,98|63,83|9,79|41,6/41,79=41,55,99,9,79
34,91|99,37|29,43|7,83|91,95|7,23|20,22|7,66|7,14|14,1|16,21|66,34|42,26|7,42|23,38|73,20|38,29|26,99|83,73|1,16/7,22=7,83,73,20,22
13,45|96,52|72,28|13,74|23,99|74,86|34,77|6,72|39,61|32,23|1,57|5,85|13,96|86,1|44,6|45,32|13,44|13,34|52,39|77,5/13,28=13,44,6,72,28
14,41|27,43|67,8|67,40|67,82|40,28|75,1|71,81|82,23|69,27|23,75|67,49|56,69|28,48|8,61|48,36|61,14|81,25|67,56|49,71/67,43=67,56,69,27,43
2,66|22,80|74,10|52,2|56,57|52,22|57,62|97,92|52,78|16,43|52,96|52,4|66,97|10,76|96,71|78,56|80,16|71,12|4,74|12,40/52,76=52,4,74,10,76
8,55|97,25|61,2|25,47|76,66|15,92|47,64|34,1|55,73|33,57|57,34|61,33|2,43|92,60|60,44|73,59|61,15|43,76|61,97|61,8/61,1=61,33,57,34,1
96,4|77,84|4,21|96,94|94,57|96,61|18,40|51,2|59,45|45,53|96,23|21,18|61,1|96,78|1,55|55,31|57,77|78,59|23,51|2,7/96,31=96,61,1,55,31
64,6|42,83|6,72|60,90|64,63|89,43|63,60|36,38|95,89|90,18|48,70|38,31|64,15|83,0|31,34|72,48|64,95|43,69|15,42|64,36/64,18=64,63,60,90,18
43,69|87,26|36,67|24,99|67,72|60,87|24,9|48,43|7,48|24,83|94,25|24,76|51,70|24,7|76,36|55,51|83,94|99,60|25,14|9,55/24,26=24,99,60,87,26
89,38|1,34|43,85|82,13|43,94|67,1|43,78|66,69|94,87|18,7|43,24|43,86|11,82|24,18|7,63|87,89|86,22|85,11|78,67|22,66/43,34=43,78,67,1,34
39,54|33,16|43,56|47,63|16,40|58,89|54,23|47,3|47,58|89,30|97,39|35,94|56,19|30,13|3,43|25,33|47,25|47,97|76,35|63,76/47,94=47,63,76,35,94
36,26|99,36|41,35|35,1|82,33|17,81|99,37|26,60|60,58|63,17|95,67|73,63|99,83|83,40|99,6|37,41|40,82|14,95|99,73|6,14/99,58=99,36,26,60,58
92,74|66,80|27,90|42,92|80,22|14,33|27,38|34,82|81,67|33,62|16,42|27,83|67,72|27,66|90,55|27,16|55,34|22,24|83,81|38,14/27,72=27,83,81,67,72
3,33|40,77|42,83|77,42|27,24|83,84|13,30|21,69|40,59|51,21|33,49|49,15|59,51|30,22|40,3|87,13|40,87|96,53|24,96|40,27/40,69=40,59,51,21,69
63,59|74,38|19,70|70,65|55,28|28,82|74,97|74,84|81,63|60,78|84,83|99,50|26,81|38,19|74,26|50,60|74,99|10,30|97,55|83,10/74,65=74,38,19,70,65
39,16|21,78|31,72|85,39|72,92|27,68|1,18|27,21|57,51|59,22|68,31|15,1|16,83|18,69|27,15|27,57|51,59|27,85|67,45|78,67/27,22=27,57,51,59,22
85,71|43,65|62,14|43,31|61,46|43,62|17,63|12,56|0,96|5,12|8,13|43,61|31,86|65,85|39,5|14,8|86,17|43,39|46,0|71,69/43,13=43,62,14,8,13
45,64|80,27|72,67|76,19|99,43|67,63|42,10|63,71|99,42|27,47|99,73|75,84|99,72|10,76|99,24|43,15|24,45|64,35|15,75|73,80/99,47=99,73,80,27,47
65,12|70,25|53,43|16,48|38,45|16,65|59,14|79,3|40,53|12,70|14,91|48,59|45,79|16,38|49,58|97,32|13,40|16,13|32,49|16,97/16,25=16,65,12,70,25
47,99|4,86|84,11|4,24|24,47|34,1|99,90|76,80|1,56|44,76|4,34|60,58|64,60|58,65|56,51|4,64|11,95|4,30|30,44|86,84/4,65=4,64,60,58,65
33,40|40,44|4,62|6,8|39,66|22,57|18,39|1,18|22,49|62,61|98,81|44,70|92,98|49,92|8,97|57,6|22,4|22,1|61,0|22,33/22,66=22,1,18,39,66
99,33|74,90|67,98|74,42|90,92|6,60|98,23|20,41|14,67|74,80|93,56|74,46|41,34|46,20|33,48|92,93|80,78|42,99|74,14|78,6/74,60=74,80,78,6,60
58,40|22,87|68,3|8,22|15,31|46,15|46,8|49,96|46,83|87,5|83,70|70,26|41,84|31,98|40,49|98,47|26,53|84,68|46,58|46,41/46,5=46,8,22,87,5
6,12|12,53|50,22|83,81|17,72|35,82|67,17|53,83|69,67|93,60|6,69|76,35|88,68|6,76|15,9|9,93|82,47|6,15|22,88|6,50/6,68=6,50,22,88,68
38,83|7,34|0,6|7,60|60,88|6,43|7,98|35,38|16,66|61,12|7,25|12,18|98,0|46,55|83,97|25,56|88,16|7,35|34,61|56,46/7,66=7,60,88,16,66
85,56|38,14|80,24|24,96|38,85|0,3|29,33|97,80|38,20|56,28|33,0|28,81|26,8|38,29|8,69|20,26|14,87|21,83|87,21|38,97/38,96=38,97,80,24,96
80,14|85,46|67,8|84,17|5,95|19,54|54,48|95,80|1,19|86,28|8,78|1,5|1,29|1,76|76,85|17,86|48,13|46,52|1,84|29,67/1,28=1,84,17,86,28
85,67|56,79|85,71|85,41|79,23|58,14|30,20|84,47|85,4|71,32|20,69|67,56|14,80|32,38|95,84|38,72|85,81|4,95|81,58|41,30/85,69=85,41,30,20,69
35,12|35,42|13,37|65,92|9,52|42,65|35,2|35,77|37,78|56,60|35,94|92,84|0,27|19,0|77,99|94,13|99,56|64,9|2,19|12,64/35,60=35,77,99,56,60
21,17|98,19|47,62|21,47|17,16|34,94|53,46|62,34|99,5|5,98|36,44|58,36|16,89|21,9|89,55|21,99|46,92|9,58|76,53|21,76/21,94=21,47,62,34,94
63,31|38,19|90,5|60,89|5,55|38,54|38,90|45,73|38,26|31,60|4,64|73,27|55,46|83,82|26,83|82,80|54,23|19,45|38,63|23,4/38,27=38,19,45,73,27
59,12|2,93|43,94|46,28|20,26|14,4|4,99|59,20|9,42|28,77|59,22|93,9|12,14|59,2|26,43|16,67|67,29|22,46|66,16|59,66/59,77=59,22,46,28,77
10,0|47,56|8,15|4,1|0,8|86,46|98,84|84,79|9,88|46,9|56,35|82,98|34,17|34,86|34,10|1,95|17,4|62,47|34,82|34,62/34,35=34,62,47,56,35
97,98|60,34|84,41|26,12|7,37|48,88|85,75|76,43|43,48|68,47|76,26|41,60|98,7|76,85|76,84|75,68|12,18|18,45|76,97|88,30/76,37=76,97,98,7,37
72,91|60,20|18,90|20,32|94,44|90,54|64,48|62,2|32,94|60,27|60,93|48,68|85,72|93,84|60,85|84,62|60,26|27,18|91,35|26,64/60,35=60,85,72,91,35
38,92|49,73|55,91|15,67|54,78|73,66|69,61|68,54|69,53|69,56|69,38|61,68|51,25|91,70|97,51|69,77|92,15|53,55|77,49|56,97/69,66=69,77,49,73,66
97,62|1,74|21,65|29,35|13,1|82,69|82,13|49,21|30,61|99,20|51,49|62,29|69,76|82,12|82,51|74,22|76,99|12,81|81,30|82,97/82,35=82,97,62,29,35
21,80|88,68|46,31|36,40|25,35|54,0|43,75|75,21|97,54|25,72|35,26|92,97|26,46|25,92|72,19|25,36|29,50|19,29|40,88|25,43/25,50=25,72,19,29,50
69,12|71,80|51,27|7,9|69,7|69,56|5,71|31,20|84,51|17,47|9,31|26,17|47,49|10,86|56,10|12,84|69,26|80,39|69,5|86,88/69,39=69,5,71,80,39
18,27|92,15|63,59|38,18|8,39|38,63|27,8|77,0|15,78|38,57|81,92|38,81|59,31|57,77|35,30|9,23|0,43|38,35|31,65|30,9/38,43=38,57,77,0,43
79,41|79,91|72,25|25,89|79,58|81,87|50,34|87,31|54,50|41,75|58,4|34,9|91,72|53,81|2,15|79,53|30,48|4,2|75,30|79,54/79,31=79,53,81,87,31
99,38|64,9|18,35|38,63|43,92|14,85|9,18|40,12|40,68|40,24|49,62|68,99|12,25|40,52|62,8|40,64|52,83|83,43|25,14|24,49/40,92=40,52,83,43,92
64,99|95,91|32,92|87,39|94,95|39,11|61,94|99,88|61,64|61,38|38,42|61,87|88,48|42,50|61,43|91,7|11,10|43,32|92,13|50,70/61,13=61,43,32,92,13
31,16|21,39|78,18|85,31|18,83|27,68|1,72|27,21|57,51|59,22|68,78|15,1|16,45|72,92|27,15|27,57|51,59|27,85|67,69|39,67/27,22=27,57,51,59,22
26,21|26,15|93,55|10,66|15,10|86,45|3,65|21,43|65,73|43,94|26,3|26,86|66,61|26,78|45,40|55,19|78,93|73,28|94,77|40,87/26,28=26,3,65,73,28
58,28|80,51|76,80|58,16|86,82|91,69|58,9|9,64|69,50|75,86|50,66|78,18|5,94|28,75|58,91|16,5|94,29|58,2|2,76|64,78/58,18=58,9,64,78,18
4,21|1,74|52,15|30,80|7,32|57,26|15,57|83,84|32,83|46,60|4,22|4,7|4,99|80,79|4,52|17,1|77,46|21,30|99,77|22,17/4,84=4,7,32,83,84
9,1|34,13|49,8|51,55|34,93|73,41|91,80|80,97|1,51|48,49|96,5|13,86|27,48|86,45|5,73|34,27|34,96|45,2|93,91|34,9/34,8=34,27,48,49,8
48,49|95,82|8,40|61,41|50,12|34,51|48,61|85,46|73,34|37,74|75,85|83,8|49,73|46,72|48,37|74,50|48,75|48,83|41,95|40,45/48,51=48,49,73,34,51
49,34|65,62|4,41|7,6|4,55|4,78|34,25|91,7|6,42|4,96|57,65|40,60|10,18|41,37|37,10|78,40|96,57|55,49|60,53|4,91/4,62=4,96,57,65,62
36,19|61,43|43,67|96,31|30,83|60,96|19,17|95,32|1,75|32,64|75,25|77,1|83,61|30,4|64,7|30,94|30,95|30,77|94,60|4,36/30,25=30,77,1,75,25
80,33|47,6|76,74|17,45|74,58|45,80|90,84|3,46|84,34|3,17|3,10|46,76|10,63|73,57|3,90|0,67|34,65|63,0|57,47|3,73/3,67=3,10,63,0,67
79,28|79,17|42,94|83,31|79,10|41,42|79,53|7,46|17,11|86,78|53,83|95,7|78,99|11,27|31,12|10,41|27,60|99,20|79,86|28,95/79,46=79,28,95,7,46
90,67|92,16|11,73|70,80|59,11|73,3|36,89|70,59|17,9|71,77|89,45|77,17|70,60|60,90|70,71|80,36|70,92|67,72|16,29|29,27/70,3=70,59,11,73,3
14,50|34,95|85,37|9,83|1,9|61,14|83,70|87,34|85,13|85,75|85,1|50,78|41,96|37,30|69,53|77,41|85,61|75,77|30,69|13,87/85,95=85,13,87,34,95
69,12|69,31|29,35|27,74|69,83|54,77|0,27|63,82|69,54|39,17|64,39|77,63|83,5|12,0|33,73|31,52|5,33|69,34|52,29|34,64/69,82=69,54,77,63,82
85,45|67,32|83,25|75,3|52,83|84,75|90,12|12,82|82,15|52,67|25,47|52,5|5,84|7,56|52,7|47,93|52,90|32,10|56,85|10,71/52,71=52,67,32,10,71
47,63|79,26|21,17|72,1|63,2|67,95|59,88|20,5|33,21|55,59|26,57|2,65|57,72|79,20|79,47|35,33|79,55|88,12|79,35|5,67/79,12=79,55,59,88,12
60,61|71,64|97,89|9,12|19,43|62,50|50,16|90,98|16,23|79,71|64,81|43,60|81,35|79,19|79,62|98,47|47,70|79,9|79,90|12,97/79,61=79,19,43,60,61
29,71|34,63|29,36|29,55|29,46|46,2|86,94|74,10|2,65|36,34|27,69|65,22|28,74|71,28|63,76|64,48|48,27|29,64|55,16|16,86/29,69=29,64,48,27,69
14,46|14,69|39,33|83,30|40,84|93,22|4,39|49,67|14,40|56,49|76,56|14,8|46,4|84,93|8,89|35,90|14,76|60,83|69,60|89,35/14,90=14,8,89,35,90
90,69|94,2|53,75|95,93|95,53|13,33|95,59|91,94|49,8|33,11|11,35|59,10|2,22|10,49|93,90|69,30|14,51|75,14|95,91|95,13/95,22=95,91,94,2,22
44,70|82,69|96,28|99,84|99,61|99,67|99,82|69,81|28,44|61,83|81,59|99,96|3,38|67,71|71,18|74,58|83,74|84,65|18,88|65,3/99,70=99,96,28,44,70
55,88|99,30|26,73|36,9|35,55|81,74|89,17|59,89|32,99|51,35|17,26|31,13|59,81|74,31|9,45|30,67|59,32|22,36|59,22|59,51/59,73=59,89,17,26,73
7,51|35,94|42,35|92,58|96,85|32,74|88,5|0,52|2,42|94,16|2,92|5,96|30,32|2,30|87,90|58,87|2,88|52,7|2,0|74,14/2,90=2,92,58,87,90
13,19|13,35|0,41|61,25|65,44|11,94|13,48|13,3|9,58|55,0|13,50|19,55|50,65|3,40|44,8|35,9|94,17|40,61|48,11|58,68/13,8=13,50,65,44,8
63,70|45,96|75,78|69,17|62,16|62,25|62,2|70,38|96,75|17,79|2,69|62,90|25,63|97,33|33,32|62,45|56,10|16,97|60,56|90,60/62,32=62,16,97,33,32
28,36|65,13|37,41|9,94|91,30|94,28|41,59|9,65|88,91|9,74|47,75|74,85|85,47|13,3|59,20|3,16|9,37|36,32|30,79|9,88/9,20=9,37,41,59,20
68,87|48,80|4,43|91,84|99,23|43,66|48,59|59,65|48,90|48,68|65,77|77,85|36,99|8,36|87,91|48,8|80,86|86,78|90,4|78,19/48,19=48,80,86,78,19
99,32|11,1|41,35|35,99|72,56|56,25|49,13|50,72|66,11|10,26|10,49|51,14|19,79|79,51|10,41|26,66|10,19|23,80|13,23|10,50/10,32=10,41,35,99,32
46,97|9,41|97,59|60,48|39,9|59,1|46,94|46,20|46,4|66,82|2,66|41,64|94,37|20,60|37,45|45,47|46,39|4,2|48,68|1,56/46,82=46,4,2,66,82
93,23|23,31|26,15|28,33|56,51|38,53|2,28|13,93|16,87|47,56|16,47|16,97|97,2|61,38|53,60|15,82|87,26|16,13|16,61|51,62/16,60=16,61,38,53,60
75,29|29,37|96,8|6,93|16,6|17,28|8,30|71,96|28,62|79,91|62,76|17,75|37,89|17,27|38,79|61,16|17,71|27,38|76,60|17,61/17,93=17,61,16,6,93
70,39|24,80|39,40|70,32|71,12|16,13|70,29|37,57|30,71|13,49|32,24|65,69|58,30|49,74|80,56|78,37|70,58|40,65|29,78|70,16/70,56=70,32,24,80,56
75,11|88,1|18,23|7,14|12,0|33,90|94,33|12,58|73,88|90,89|58,7|12,13|21,68|12,21|13,24|68,18|12,94|14,51|24,75|0,73/12,1=12,0,73,88,1
82,88|49,26|13,41|5,84|72,63|88,38|13,5|13,36|45,72|13,78|63,35|84,67|41,82|67,58|92,49|96,79|13,45|36,92|78,96|79,33/13,38=13,41,82,88,38
7,16|52,59|23,37|7,8|63,49|81,28|85,74|95,43|7,93|28,9|93,35|8,81|69,85|7,23|66,63|16,66|35,52|7,64|64,69|37,95/7,43=7,23,37,95,43
56,51|66,50|97,90|65,18|85,1|87,66|3,65|16,73|75,68|45,97|32,3|82,45|32,81|18,89|32,56|32,82|73,75|32,16|51,85|81,87/32,50=32,81,87,66,50
7,26|19,17|78,27|22,68|17,49|93,22|19,32|27,7|35,5|49,73|73,15|44,58|58,3|19,71|32,43|19,59|19,78|59,44|43,35|71,93/19,3=19,59,44,58,3
16,64|71,40|84,18|51,88|88,4|86,16|46,0|84,51|84,94|84,17|56,13|67,71|18,59|94,67|59,56|17,86|43,46|90,43|84,90|4,30/84,0=84,90,43,46,0
62,64|50,99|8,14|42,90|64,55|43,24|60,77|14,51|94,25|90,98|43,23|31,72|24,62|51,0|43,60|23,42|25,50|43,8|43,94|77,31/43,72=43,60,77,31,72
79,32|20,87|85,53|87,6|7,30|84,69|97,85|20,95|20,7|20,84|86,93|69,86|6,79|14,15|20,66|58,18|66,97|30,58|15,72|95,14/20,93=20,84,69,86,93
84,12|69,36|45,96|62,85|36,79|79,76|70,99|45,62|12,88|41,34|6,74|20,41|74,0|96,20|2,84|45,69|45,59|59,6|45,2|85,70/45,0=45,59,6,74,0
76,39|17,64|83,7|90,1|99,43|36,89|89,67|90,45|7,14|90,17|1,99|90,50|45,36|29,70|70,25|60,83|90,60|50,29|43,98|64,76/90,67=90,45,36,89,67
65,31|32,30|32,12|85,79|13,61|84,67|20,54|61,23|32,65|12,21|23,5|32,13|31,86|57,20|30,9|9,85|21,84|86,50|32,57|54,40/32,50=32,65,31,86,50
29,56|35,21|81,33|68,52|64,1|33,88|6,81|3,75|6,47|21,68|6,29|78,80|6,35|1,2|28,49|56,28|47,64|88,61|80,3|6,78/6,61=6,81,33,88,61
45,91|82,66|45,67|45,49|52,63|91,19|49,10|39,32|45,61|67,98|44,39|45,22|61,82|22,44|26,46|66,34|19,79|79,80|98,26|10,52/45,34=45,61,82,66,34
25,30|30,16|35,75|96,69|19,7|27,25|32,19|17,23|67,38|72,32|16,11|27,26|69,45|87,17|75,67|4,87|27,35|27,72|27,4|26,96/27,7=27,72,32,19,7
92,47|78,65|69,61|92,5|38,64|92,11|11,13|5,54|57,84|61,57|65,58|92,78|85,38|63,4|54,63|13,18|58,37|92,69|18,28|47,85/92,28=92,11,13,18,28
29,80|73,30|31,97|85,78|65,90|11,5|78,70|29,87|90,11|97,82|49,34|87,85|29,13|41,49|29,44|29,65|44,73|80,31|13,41|30,68/29,68=29,44,73,30,68
44,64|66,58|77,28|73,86|66,73|58,60|66,79|64,1|86,54|12,17|54,38|17,39|28,16|72,77|66,72|66,24|52,84|79,12|60,52|24,44/66,16=66,72,77,28,16
61,20|6,64|88,40|99,61|33,99|50,33|50,28|64,45|78,53|94,93|50,54|54,6|81,78|98,88|50,95|28,81|72,94|68,98|50,68|95,72/50,40=50,68,98,88,40
99,32|11,25|41,35|35,99|72,23|23,80|49,66|50,72|79,11|10,26|10,49|51,1|19,13|13,51|10,41|26,79|10,19|56,14|66,56|10,50/10,32=10,41,35,99,32
63,77|12,7|63,57|27,41|68,21|88,20|50,92|59,12|21,46|20,14|45,59|83,27|57,50|46,76|92,96|77,88|63,55|63,45|55,83|63,68/63,96=63,57,50,92,96
61,13|17,78|97,66|50,22|61,80|94,54|76,94|16,28|61,4|4,97|54,51|13,12|66,90|59,89|61,16|89,75|61,76|80,59|12,17|28,50/61,51=61,76,94,54,51
62,91|51,99|99,69|35,41|30,88|26,56|5,30|63,35|19,57|91,94|56,63|26,12|26,2|2,19|26,38|38,51|88,21|26,5|12,62|57,75/26,41=26,56,63,35,41
71,75|74,97|5,22|5,76|76,92|5,15|39,95|5,79|78,74|15,78|0,20|29,32|79,29|92,0|32,50|75,10|95,98|5,71|10,38|22,39/5,50=5,79,29,32,50
16,86|58,65|6,70|6,24|86,0|26,16|24,58|6,42|52,62|38,2|65,67|36,68|70,49|11,17|6,26|6,11|42,61|49,38|61,36|17,52/6,2=6,70,49,38,2
59,78|78,34|82,0|82,75|95,17|71,59|0,77|82,64|75,90|91,95|90,31|77,63|17,86|64,46|82,71|63,45|73,84|82,91|31,67|46,73/82,45=82,0,77,63,45
49,88|33,8|13,36|77,68|56,33|92,20|56,21|56,49|58,13|96,51|35,57|56,54|57,70|88,77|95,75|54,58|75,92|21,35|8,96|56,95/56,20=56,95,75,92,20
18,35|93,73|94,52|0,44|35,27|70,48|40,86|27,55|44,72|48,65|56,94|30,40|72,11|93,2|2,30|73,56|93,18|93,36|93,0|36,70/93,11=93,0,44,72,11
61,34|1,75|70,15|43,84|75,61|96,49|29,27|12,45|96,21|96,1|21,81|81,12|96,66|96,43|66,58|58,53|84,29|53,69|15,50|49,70/96,27=96,43,84,29,27
11,47|86,11|83,12|18,75|35,5|92,55|10,18|83,73|73,35|31,41|12,87|32,92|53,32|83,79|83,53|83,33|5,48|33,10|79,86|87,31/83,55=83,53,32,92,55
63,3|3,0|12,4|93,24|54,53|12,20|61,99|52,78|12,63|20,16|4,23|16,79|79,83|23,75|12,52|0,37|75,14|12,93|78,61|24,54/12,14=12,4,23,75,14
85,98|1,22|59,14|54,65|22,9|54,3|65,41|54,59|3,1|54,39|91,47|14,68|39,52|54,23|41,57|47,50|23,91|68,75|57,36|52,85/54,36=54,65,41,57,36
67,59|87,37|0,98|25,55|78,87|12,25|48,12|44,19|60,17|19,5|17,39|30,53|30,22|59,0|53,60|30,96|96,78|30,67|22,44|30,48/30,5=30,22,44,19,5
63,51|50,65|50,41|28,17|18,66|77,16|66,71|50,89|65,63|41,86|50,69|12,28|69,12|16,72|44,18|50,44|86,38|89,77|51,20|38,35/50,17=50,69,12,28,17
92,22|22,20|99,39|58,60|47,54|89,48|48,99|74,96|58,70|58,74|95,94|96,95|58,89|60,37|90,32|54,90|37,53|53,77|70,92|58,47/58,39=58,89,48,99,39
55,18|59,77|10,68|72,59|97,49|29,17|55,97|55,63|41,10|8,23|49,88|17,73|23,94|63,72|55,96|94,16|55,8|88,58|96,29|18,41/55,68=55,18,41,10,68
94,5|94,83|12,80|94,59|75,60|80,96|83,62|58,82|79,99|55,75|99,37|94,55|62,64|5,79|94,31|60,74|59,12|53,58|31,53|64,70/94,74=94,55,75,60,74
79,84|22,19|94,99|85,69|33,49|94,85|49,78|53,38|41,71|26,39|10,16|94,26|39,53|67,22|16,79|78,90|94,10|94,33|69,41|99,67/94,84=94,10,16,79,84
88,56|78,97|3,74|26,79|79,84|76,1|91,76|59,45|97,43|74,59|88,11|21,38|43,94|64,21|56,91|11,26|38,4|88,3|88,78|88,64/88,1=88,56,91,76,1
47,93|67,32|83,25|75,45|52,83|12,75|90,56|56,82|82,3|52,67|25,85|52,5|5,12|7,84|52,7|85,15|52,90|32,10|84,47|10,71/52,71=52,67,32,10,71
4,21|46,79|52,30|77,1|7,32|80,74|30,80|83,84|32,83|57,60|4,22|4,7|4,99|1,26|4,52|17,46|15,57|21,77|99,15|22,17/4,84=4,7,32,83,84
91,33|65,59|70,25|89,21|97,73|35,89|4,55|97,35|73,22|16,4|42,28|22,65|28,12|21,48|97,42|12,90|97,19|25,91|97,70|19,16/97,48=97,35,89,21,48
37,53|78,20|80,60|49,12|79,2|2,37|1,0|0,57|36,1|49,36|49,79|55,5|23,78|48,23|95,55|12,95|81,80|49,81|60,30|49,48/49,5=49,12,95,55,5
80,99|3,31|15,74|80,57|74,91|6,87|80,3|31,4|4,77|42,86|57,78|56,81|26,42|80,50|86,82|9,56|99,15|78,6|80,26|50,9/80,87=80,57,78,6,87
79,47|65,80|78,91|13,50|80,13|2,96|47,57|35,21|57,38|1,48|96,78|2,79|5,35|2,65|83,24|91,11|16,5|2,1|48,83|2,16/2,50=2,65,80,13,50
56,19|86,58|45,56|93,84|93,48|96,32|48,86|91,90|93,11|13,65|58,75|11,45|15,96|51,36|84,15|93,13|93,49|90,10|49,91|65,51/93,10=93,49,91,90,10
30,66|67,45|65,67|88,93|45,90|65,35|65,31|1,34|12,39|65,53|39,28|35,1|53,21|22,88|31,12|90,52|93,74|34,81|65,22|21,30/65,66=65,53,21,30,66
68,23|65,97|55,16|91,37|65,62|96,0|34,90|20,55|90,96|65,68|33,39|62,85|23,93|97,91|65,34|93,94|16,49|85,33|37,67|65,20/65,49=65,20,55,16,49
63,64|3,44|26,84|44,85|64,99|43,8|6,14|97,90|26,2|2,3|69,46|0,69|84,63|90,59|26,6|26,97|46,28|26,0|14,43|59,98/26,28=26,0,69,46,28
28,3|65,85|37,41|9,94|13,36|94,28|41,59|9,65|88,13|9,74|30,16|74,91|91,30|85,47|59,20|47,32|9,37|3,75|36,79|9,88/9,20=9,37,41,59,20
56,16|45,9|72,4|70,45|4,95|56,72|95,7|62,0|56,62|64,2|88,64|41,55|56,22|0,41|22,70|56,63|16,88|63,3|6,8|3,6/56,55=56,62,0,41,55
95,39|83,52|98,54|86,24|61,18|14,83|81,14|34,76|86,67|86,81|18,95|67,42|42,98|82,57|86,61|23,3|17,82|86,23|24,17|3,34/86,57=86,24,17,82,57
1,33|59,52|63,56|83,62|92,42|41,2|92,98|98,83|11,1|92,38|57,8|38,63|92,14|14,11|42,60|56,73|62,31|2,59|92,41|60,57/92,8=92,42,60,57,8
0,82|78,50|20,9|14,53|3,78|92,63|39,73|73,92|26,14|12,3|1,20|6,0|82,64|39,6|63,52|39,74|74,26|39,12|39,1|9,31/39,64=39,6,0,82,64
22,46|60,15|49,72|44,24|97,68|36,44|18,12|60,97|48,88|60,58|21,48|60,49|88,14|15,36|60,21|58,22|68,13|72,18|13,34|46,11/60,14=60,21,48,88,14
73,12|73,68|35,51|12,70|31,5|3,82|38,39|39,75|14,63|73,14|73,69|5,50|73,31|46,44|70,46|51,33|68,38|63,3|69,35|50,80/73,80=73,31,5,50,80
47,90|26,5|52,9|47,98|72,7|67,88|22,67|51,42|47,72|75,58|88,14|42,15|41,19|96,26|47,22|7,41|98,96|58,52|90,51|47,75/47,9=47,75,58,52,9
51,59|96,52|71,96|33,51|7,81|19,13|13,6|64,33|95,64|89,7|95,82|35,89|45,70|5,45|43,5|6,14|82,71|95,43|95,19|95,35/95,59=95,64,33,51,59
68,98|39,66|17,68|9,75|72,9|98,76|66,13|75,25|93,73|23,62|62,44|25,99|72,49|72,34|34,39|49,93|90,23|72,17|72,90|73,64/72,64=72,49,93,73,64
76,66|90,92|1,80|92,29|40,25|0,46|29,93|52,76|65,4|35,65|35,90|24,52|35,75|85,32|35,24|35,85|4,0|25,10|32,1|75,40/35,46=35,65,4,0,46
72,66|14,51|56,72|67,96|56,12|99,43|28,91|96,80|12,86|86,14|24,90|93,94|94,99|52,28|56,93|56,87|87,67|66,24|83,52|56,83/56,90=56,72,66,24,90
5,82|22,8|39,47|71,94|38,1|47,76|75,64|4,12|49,38|94,5|69,75|71,33|82,16|33,69|12,22|71,4|43,49|71,43|80,39|71,80/71,1=71,43,49,38,1
89,28|84,53|1,87|4,5|26,20|33,41|43,19|84,23|20,33|28,92|84,43|23,89|84,9|9,1|19,94|87,2|84,26|94,13|75,4|53,75/84,41=84,26,20,33,41
99,28|62,0|90,73|5,62|72,99|72,29|33,90|72,48|29,61|48,33|70,91|59,5|28,60|93,19|72,59|61,93|71,38|91,71|60,41|72,70/72,0=72,59,5,62,0
85,10|33,47|99,43|86,51|43,81|18,5|17,85|47,50|94,99|50,22|17,94|17,33|10,18|13,90|17,86|67,7|90,89|51,67|17,13|89,91/17,91=17,13,90,89,91
55,28|74,5|82,45|33,31|74,33|45,52|83,36|74,77|0,83|52,35|31,53|50,55|77,34|17,50|58,7|74,17|5,0|34,58|53,27|74,82/74,27=74,33,31,53,27
5,22|76,91|80,52|5,8|70,47|83,35|7,80|10,59|5,32|22,69|32,39|90,83|69,61|89,7|39,70|59,76|61,48|5,89|5,10|8,90/5,35=5,8,90,83,35
8,50|62,11|60,62|67,8|50,90|80,52|18,75|9,59|27,60|18,67|18,9|18,13|42,29|59,42|75,57|52,81|13,80|57,70|18,27|70,35/18,90=18,67,8,50,90
4,97|52,19|60,71|47,60|69,99|47,69|47,43|89,78|71,11|68,54|45,75|43,89|47,4|11,83|97,45|78,21|99,70|54,52|70,58|47,68/47,75=47,4,97,45,75
19,17|98,72|68,82|76,64|38,49|13,76|79,98|31,69|64,84|96,19|96,13|32,78|96,55|96,32|55,79|30,38|78,31|17,68|96,30|49,20/96,72=96,55,79,98,72
5,86|21,5|54,20|89,54|91,51|12,33|1,62|33,89|97,36|66,83|37,34|64,38|62,37|83,64|36,91|12,97|60,21|12,60|12,66|12,1/12,86=12,60,21,5,86
84,27|59,36|80,21|3,75|84,70|57,96|84,80|91,12|98,2|48,94|84,63|70,59|94,98|84,48|21,3|12,88|96,10|27,91|36,39|63,57/84,2=84,48,94,98,2
69,10|32,39|15,76|40,64|69,32|69,87|95,75|87,46|39,91|55,86|86,40|75,15|46,34|69,55|91,41|7,35|34,30|10,7|69,95|35,12/69,30=69,87,46,34,30
20,68|71,62|89,61|73,64|77,94|20,87|12,38|20,23|20,57|61,16|13,27|57,97|59,12|68,89|60,77|62,73|97,13|87,60|23,59|20,71/20,38=20,23,59,12,38
39,24|0,65|55,62|65,92|27,99|27,91|24,42|91,0|99,54|75,68|90,55|51,38|54,75|27,48|27,69|38,29|27,90|69,51|62,4|48,39/27,42=27,48,39,24,42
5,60|31,56|33,72|95,97|60,10|2,89|47,12|91,63|48,42|12,2|15,45|31,95|56,15|45,13|81,5|31,48|97,91|31,47|42,33|31,81/31,63=31,95,97,91,63
60,96|23,71|4,89|56,32|38,66|17,42|51,53|51,3|82,4|68,38|10,60|66,73|39,56|51,23|51,10|53,82|71,17|51,68|96,46|3,39/51,32=51,3,39,56,32
44,30|86,91|99,29|86,33|30,10|86,80|76,97|91,44|26,82|86,26|82,99|33,16|92,75|58,90|16,58|75,19|86,28|97,5|80,76|28,92/86,29=86,26,82,99,29
87,92|40,0|18,93|67,33|92,9|99,34|74,99|40,74|75,20|4,63|40,18|20,90|40,37|37,61|93,4|40,75|61,67|34,59|0,87|90,58/40,9=40,0,87,92,9
66,52|2,42|2,77|2,73|23,25|11,54|99,92|77,94|73,11|97,37|37,1|2,22|94,66|3,7|54,5|65,23|22,97|2,99|92,3|42,65/2,52=2,77,94,66,52
20,96|7,56|38,20|66,45|99,53|18,90|66,34|66,99|91,10|66,41|53,13|41,91|26,38|66,26|13,88|84,18|10,61|45,77|77,7|34,84/66,90=66,34,84,18,90
99,41|41,56|25,78|19,82|99,0|56,58|73,4|77,33|51,77|99,19|99,51|4,54|33,49|58,65|99,72|23,61|82,23|78,46|72,73|0,25/99,65=99,41,56,58,65
80,98|70,58|80,66|80,60|34,74|15,69|14,25|0,14|47,37|58,99|60,34|98,91|80,70|99,31|66,0|91,47|80,90|74,13|69,44|90,15/80,13=80,60,34,74,13
18,46|54,26|82,85|18,45|45,82|74,60|46,65|96,5|20,36|36,28|85,69|86,94|18,74|18,20|95,12|65,86|18,54|26,96|28,48|60,95/18,48=18,20,36,28,48
87,54|58,93|73,62|46,27|58,90|11,77|58,11|58,86|58,13|13,87|14,31|93,46|77,73|29,14|90,8|37,48|27,68|54,1|8,37|86,29/58,48=58,90,8,37,48
16,48|86,28|95,13|2,17|16,73|40,85|50,7|16,35|23,2|13,93|35,23|10,86|73,95|7,63|60,10|44,27|16,60|85,44|16,40|48,50/16,93=16,73,95,13,93
97,65|2,61|6,32|93,6|38,13|26,18|7,98|96,38|13,14|97,84|84,7|65,93|1,25|85,2|97,96|97,31|97,26|31,85|98,28|18,1/97,32=97,65,93,6,32
91,53|16,32|21,35|83,33|91,96|96,48|35,98|53,29|48,46|32,79|17,62|23,16|91,23|62,69|69,22|46,15|29,83|91,17|91,21|98,87/91,33=91,53,29,83,33
38,15|87,38|16,43|24,42|10,4|18,10|43,34|87,47|92,18|87,92|70,30|15,70|47,79|87,67|19,24|42,77|67,16|40,60|79,40|87,19/87,77=87,19,24,42,77
76,45|63,68|43,26|57,43|61,95|20,8|76,38|84,20|76,58|48,13|68,87|45,22|22,48|76,23|76,17|23,57|95,77|58,61|17,84|38,63/76,77=76,58,61,95,77
37,99|89,47|65,77|12,11|47,80|37,21|5,89|26,65|61,12|46,88|37,51|51,8|21,61|8,78|37,46|88,73|99,26|78,76|73,35|37,5/37,11=37,21,61,12,11
91,53|35,98|21,62|83,33|91,96|96,48|62,46|53,29|48,69|98,22|17,16|23,35|91,23|16,32|32,15|69,79|29,83|91,17|91,21|46,87/91,33=91,53,29,83,33
48,65|31,20|78,18|20,83|53,0|48,40|95,73|48,87|48,50|50,53|46,59|2,46|0,70|18,10|73,44|40,31|65,78|48,57|57,95|87,2/48,44=48,57,95,73,44
91,96|8,95|31,59|73,65|1,18|17,20|91,37|91,84|84,17|37,21|65,16|95,1|16,46|91,8|68,74|20,44|96,60|91,73|60,68|21,31/91,74=91,96,60,68,74
73,99|99,44|65,97|69,13|1,45|97,17|61,3|73,65|6,10|82,61|45,94|73,1|73,82|3,23|94,57|17,30|7,6|73,42|44,69|42,7/73,10=73,42,7,6,10
63,36|96,54|63,52|38,88|63,51|63,96|68,62|51,56|54,38|47,59|36,5|8,47|59,20|52,2|95,9|32,11|56,32|63,8|5,68|2,95/63,62=63,36,5,68,62
43,74|17,43|4,32|21,67|68,80|52,53|5,31|19,4|34,27|21,50|67,19|27,44|50,17|44,86|21,5|80,52|3,60|21,34|31,3|21,68/21,32=21,67,19,4,32
75,1|27,43|67,8|67,40|67,82|40,61|14,36|28,81|82,23|69,27|23,14|67,49|56,69|61,48|8,71|48,25|71,75|81,41|67,56|49,28/67,43=67,56,69,27,43
57,62|49,50|88,52|11,20|94,38|29,97|11,73|11,2|83,13|13,80|62,75|2,94|11,58|20,87|50,88|38,28|58,57|11,49|87,29|73,83/11,52=11,49,50,88,52
70,85|29,76|42,39|28,98|28,9|28,50|7,42|25,47|71,69|98,27|28,17|85,82|28,70|48,25|50,22|82,14|17,48|27,29|22,71|9,7/28,14=28,70,85,82,14
78,2|28,16|79,30|86,58|30,32|34,95|2,51|26,34|85,64|26,78|26,0|95,86|32,88|16,97|51,29|26,28|26,79|69,85|97,87|0,69/26,87=26,28,16,97,87
67,23|11,52|12,74|88,71|30,85|83,15|32,88|94,12|67,32|85,44|71,58|99,31|31,11|23,40|41,94|67,99|67,30|44,20|67,41|40,83/67,58=67,32,88,71,58
0,58|34,81|16,15|98,77|50,96|58,92|56,9|0,34|54,3|88,98|77,65|15,54|27,49|92,26|0,88|26,86|49,50|81,56|0,27|0,16/0,3=0,16,15,54,3
86,33|31,47|82,52|23,68|91,31|62,23|60,62|8,95|60,8|60,86|2,91|33,6|61,82|95,50|3,61|60,3|50,55|68,16|60,2|6,18/60,47=60,2,91,31,47
57,95|13,67|72,59|72,81|72,84|61,52|68,12|72,45|98,57|83,39|72,60|84,38|59,71|67,62|60,98|45,13|81,33|38,61|33,68|71,83/72,95=72,60,98,57,95
3,94|37,58|96,39|96,3|98,37|96,81|12,54|42,78|78,48|96,57|25,17|81,25|96,62|62,42|94,68|68,64|17,22|57,98|54,55|39,12/96,64=96,3,94,68,64
7,5|95,64|26,95|80,48|26,13|26,59|13,27|20,30|64,7|59,1|57,80|26,81|81,57|11,3|27,11|1,20|26,79|70,45|45,2|79,70/26,3=26,13,27,11,3
15,16|9,20|12,92|75,39|12,61|22,9|99,77|20,60|36,18|12,99|12,22|77,79|16,36|61,40|39,47|12,15|79,78|92,75|40,33|33,21/12,78=12,99,77,79,78
64,5|74,41|74,96|74,37|5,8|26,18|4,69|24,97|22,32|74,1|37,26|35,4|96,64|53,43|43,24|18,13|1,35|41,66|66,22|74,53/74,13=74,37,26,18,13
7,13|70,7|38,68|24,48|66,72|68,46|77,87|45,49|61,69|38,65|38,77|87,66|46,55|64,70|49,61|55,10|65,24|38,64|38,45|48,33/38,13=38,64,70,7,13
30,58|35,87|30,68|85,24|74,26|24,77|32,74|68,11|70,71|71,14|97,65|30,25|25,32|42,85|58,50|14,41|30,42|50,97|11,35|30,70/30,41=30,70,71,14,41
8,34|9,74|86,99|52,29|14,59|28,11|33,45|35,14|11,9|86,52|99,33|3,35|86,28|34,15|29,95|86,3|45,0|95,39|91,8|86,91/86,74=86,28,11,9,74
49,64|39,56|36,73|50,78|50,49|40,34|50,10|48,93|81,39|10,48|19,46|93,79|64,40|2,36|78,81|73,44|50,2|46,1|47,19|50,47/50,44=50,2,36,73,44
38,58|68,7|58,48|93,50|99,63|63,80|98,40|47,93|57,47|7,90|48,71|38,68|38,99|38,57|80,24|90,81|71,31|79,20|38,98|40,79/38,20=38,98,40,79,20
93,13|99,9|93,89|60,81|45,17|58,95|81,22|93,47|17,80|43,42|47,60|85,43|9,91|52,58|13,45|42,26|93,85|89,99|93,52|95,7/93,26=93,85,43,42,26
94,22|29,62|96,86|78,8|42,18|9,93|29,78|29,94|60,6|6,0|8,42|22,85|29,89|41,9|85,31|86,51|89,96|29,60|62,41|0,35/29,31=29,94,22,85,31
90,61|6,95|28,85|48,34|43,29|85,48|73,43|73,28|60,38|41,25|73,90|25,83|56,41|73,56|73,60|61,97|97,50|29,6|38,92|92,33/73,50=73,90,61,97,50
28,62|50,49|71,1|62,87|2,80|99,81|16,75|25,29|29,99|87,98|23,57|20,71|80,16|58,91|50,25|50,2|50,23|50,28|49,20|57,58/50,75=50,2,80,16,75
30,10|38,32|98,22|49,50|68,38|59,27|72,31|22,49|23,86|30,23|46,59|0,46|86,25|31,11|30,98|30,0|25,18|10,72|39,68|30,39/30,50=30,98,22,49,50
85,92|32,95|15,43|59,72|3,47|76,27|92,6|47,89|3,63|6,88|67,15|3,17|3,81|81,76|96,59|63,67|27,25|89,32|17,96|3,85/3,95=3,47,89,32,95
83,24|80,48|20,83|23,82|20,64|22,38|20,17|38,86|82,12|27,0|17,23|20,25|24,80|44,39|68,44|0,57|46,27|20,46|64,68|25,22/20,12=20,17,23,82,12
77,57|70,74|74,91|90,48|40,77|16,80|28,56|54,90|62,70|54,40|8,83|41,23|39,8|57,59|85,39|54,62|80,41|48,28|54,16|54,85/54,23=54,16,80,41,23
64,87|17,11|3,47|83,55|50,74|29,64|3,29|47,44|45,7|11,35|87,67|44,28|3,18|90,50|3,33|18,90|3,45|33,17|7,83|28,57/3,74=3,18,90,50,74
11,17|46,85|75,37|48,21|17,79|89,54|75,70|75,49|75,89|75,46|21,91|26,31|49,58|12,19|58,26|36,29|85,36|37,11|54,12|70,48/75,19=75,89,54,12,19
30,66|67,88|65,67|1,34|88,39|65,35|65,31|45,90|12,93|65,53|93,52|35,45|53,21|22,1|31,12|39,81|34,74|90,28|65,22|21,30/65,66=65,53,21,30,66
82,60|93,81|91,17|9,91|48,68|2,57|12,82|7,27|2,29|57,32|8,13|29,8|60,3|13,33|2,12|32,48|81,7|11,9|2,11|2,93/2,3=2,12,82,60,3
22,39|22,54|22,13|46,89|8,27|78,30|83,4|22,38|65,61|13,65|39,96|54,35|91,73|89,80|38,46|61,41|96,78|35,91|22,8|27,83/22,41=22,13,65,61,41
12,27|8,28|93,51|55,63|94,52|27,17|16,8|17,14|53,79|55,56|79,86|55,12|40,94|49,53|56,93|55,24|63,40|51,46|24,16|55,49/55,52=55,63,40,94,52
24,59|39,37|6,51|24,34|37,56|11,88|56,74|13,84|0,63|83,6|24,83|24,0|34,13|2,9|18,2|24,39|59,18|63,11|84,65|51,36/24,74=24,39,37,56,74
27,82|27,19|15,81|27,49|16,15|56,3|19,25|70,24|68,56|65,92|30,73|25,65|49,68|27,16|82,0|48,70|81,4|0,30|27,26|26,48/27,73=27,82,0,30,73
44,19|52,17|26,71|10,14|14,44|10,95|7,8|64,4|37,11|10,26|17,37|4,72|76,7|10,52|19,33|10,81|71,65|65,88|81,64|95,76/10,72=10,81,64,4,72
64,86|59,47|4,61|96,91|91,64|73,92|73,59|27,45|70,65|5,6|61,2|73,96|73,78|47,5|89,4|72,70|78,72|92,19|73,89|19,27/73,6=73,59,47,5,6
33,22|57,15|27,21|30,27|34,0|74,94|74,85|0,92|16,54|19,71|54,33|97,34|17,20|94,30|74,97|12,17|85,12|74,16|74,19|71,57/74,21=74,94,30,27,21
47,7|39,78|16,63|70,16|95,88|77,5|63,54|50,95|5,0|69,39|82,76|50,70|48,82|81,77|50,53|53,48|50,43|50,81|88,47|43,69/50,54=50,70,16,63,54
74,70|29,25|71,58|74,26|56,64|73,39|25,15|33,51|35,47|26,86|2,71|39,16|74,29|86,56|16,57|74,73|51,35|74,33|15,30|70,2/74,57=74,73,39,16,57
72,69|23,82|72,2|96,49|36,86|11,32|40,23|44,0|85,74|0,93|19,11|72,46|49,20|72,85|93,59|46,96|74,36|69,40|72,44|2,19/72,20=72,46,96,49,20
52,62|98,0|52,90|52,46|52,61|96,35|75,14|46,92|92,99|99,3|41,98|34,86|47,65|61,41|90,93|93,34|14,47|62,36|36,96|52,75/52,3=52,46,92,99,3
0,74|48,32|3,66|9,35|18,29|73,69|89,0|68,80|58,45|29,84|59,89|84,58|61,3|18,59|18,61|80,48|69,9|66,44|18,73|18,68/18,44=18,61,3,66,44
61,13|66,78|97,50|89,90|61,80|94,54|76,94|16,59|61,4|4,97|54,51|13,28|50,75|12,17|61,16|17,22|61,76|80,12|28,66|59,89/61,51=61,76,94,54,51
84,73|79,96|79,75|79,35|51,80|17,65|48,66|35,42|96,25|79,17|67,6|79,60|65,67|87,71|25,84|75,51|80,74|42,87|60,13|13,48/79,6=79,17,65,67,6
40,59|82,23|17,71|22,36|82,3|82,17|3,20|84,57|59,87|53,26|82,40|20,53|87,90|79,60|94,4|82,84|57,22|71,79|23,13|13,94/82,26=82,3,20,53,26
5,86|21,5|54,51|83,54|91,34|12,33|1,62|33,83|97,89|66,36|64,38|37,20|62,64|36,37|89,91|12,97|60,21|12,60|12,66|12,1/12,86=12,60,21,5,86
86,96|7,27|86,59|59,19|67,32|80,23|32,61|27,93|62,22|22,38|64,7|19,34|23,9|86,64|86,48|96,62|48,67|34,90|9,79|86,80/86,38=86,96,62,22,38
26,37|32,55|54,52|97,38|19,68|54,50|52,26|17,19|94,64|54,17|50,94|54,32|55,35|64,14|35,1|68,93|27,59|38,27|54,97|37,87/54,93=54,17,19,68,93
98,66|75,6|88,69|21,27|45,65|15,98|75,28|75,29|12,44|58,45|66,51|71,88|29,86|75,15|75,91|28,58|6,71|91,62|62,12|86,21/75,69=75,6,71,88,69
42,49|42,44|70,62|32,43|42,76|42,32|44,70|0,59|42,33|8,73|49,89|62,69|43,78|59,31|33,6|82,10|89,82|76,0|78,45|6,8/42,45=42,32,43,78,45
24,59|69,21|14,69|25,37|24,76|24,61|7,36|59,53|30,95|2,96|21,71|53,25|67,89|95,32|89,7|24,67|61,2|24,14|96,27|76,30/24,32=24,76,30,95,32
47,26|67,97|47,9|33,86|13,49|91,27|9,13|27,62|55,19|47,69|64,84|47,44|84,90|47,33|86,67|73,55|49,80|26,73|69,64|44,91/47,19=47,26,73,55,19
52,16|69,90|0,55|53,52|6,37|69,2|76,53|90,20|9,17|54,42|69,54|2,0|69,76|7,56|20,84|42,7|37,9|55,28|84,8|69,6/69,17=69,6,37,9,17
80,31|80,79|72,52|99,32|42,54|69,45|43,72|57,19|31,43|80,51|49,55|80,99|55,60|79,6|6,57|78,49|50,69|51,50|80,78|32,42/80,52=80,31,43,72,52
7,82|13,12|8,35|51,89|89,0|59,66|22,59|66,50|29,81|0,63|44,5|12,8|17,41|7,17|5,32|7,13|41,29|7,51|7,22|82,44/7,63=7,51,89,0,63
75,28|44,12|24,81|44,62|44,69|44,55|96,5|18,32|58,96|62,58|69,99|99,61|28,67|48,24|55,75|44,10|12,21|21,18|61,16|10,48/44,81=44,10,48,24,81
5,60|28,86|71,90|75,50|95,89|74,75|95,28|95,70|39,5|47,44|97,46|95,6|6,71|90,84|44,27|86,97|95,39|89,74|70,47|60,45/95,50=95,89,74,75,50
6,93|30,63|62,83|18,91|4,99|86,32|18,30|34,75|65,17|75,86|18,64|63,12|12,7|18,34|91,6|15,62|17,4|64,15|18,65|93,39/18,32=18,34,75,86,32
72,68|96,32|96,57|32,74|56,2|96,20|76,52|57,59|12,88|75,92|96,76|19,99|59,72|92,19|74,12|20,18|96,75|52,56|18,71|71,84/96,2=96,76,52,56,2
23,48|42,80|23,30|48,28|33,1|31,69|73,33|41,59|40,51|69,97|90,31|21,41|51,10|10,45|71,73|28,42|23,90|30,21|23,40|23,71/23,45=23,40,51,10,45
30,41|44,9|30,42|59,19|58,59|41,34|37,20|9,82|75,99|19,11|34,89|30,58|89,12|54,44|42,37|30,14|30,54|20,32|14,70|70,75/30,99=30,14,70,75,99
4,86|45,17|7,51|62,13|73,25|53,7|53,41|53,4|15,91|53,62|13,67|51,15|57,9|17,84|53,76|67,90|41,45|76,57|86,73|9,36/53,90=53,62,13,67,90
64,57|77,80|58,81|41,28|64,19|81,18|64,88|83,47|57,41|47,14|64,49|5,30|73,5|80,12|30,66|88,83|28,46|19,58|49,77|64,73/64,14=64,88,83,47,14
75,68|33,93|19,99|82,58|25,13|58,8|40,3|99,24|53,5|24,86|68,95|75,53|75,97|75,19|75,40|3,33|10,55|95,25|5,10|97,82/75,55=75,53,5,10,55
20,17|85,18|6,81|71,88|99,91|65,37|18,13|6,27|5,20|6,66|6,99|76,12|91,76|27,65|72,75|37,2|66,5|75,71|6,72|81,85/6,12=6,99,91,76,12
58,70|31,38|31,77|24,22|77,54|48,72|70,47|4,6|67,19|91,48|6,28|68,91|54,67|31,68|31,4|82,58|31,82|38,24|22,37|28,61/31,61=31,4,6,28,61
93,29|93,5|64,37|93,81|94,35|76,62|93,64|81,76|6,18|29,83|93,23|23,27|66,0|16,60|37,6|5,34|83,94|27,16|62,49|34,66/93,18=93,64,37,6,18
51,18|29,9|18,46|87,56|28,5|9,17|8,10|8,38|8,84|24,74|84,47|14,87|74,4|10,24|25,14|47,28|8,25|8,69|69,29|38,51/8,5=8,84,47,28,5
59,85|96,71|59,96|42,33|91,18|59,78|78,26|68,83|26,53|53,54|46,39|59,23|23,46|71,42|59,9|9,68|10,91|39,57|85,10|83,61/59,57=59,23,46,39,57
79,81|52,91|50,33|31,67|33,76|87,50|42,47|52,64|52,53|52,93|93,73|38,31|91,24|16,20|73,42|52,87|64,38|53,99|24,79|99,16/52,76=52,87,50,33,76
5,26|82,39|73,12|61,8|24,0|92,82|62,4|11,25|12,5|73,11|25,62|7,71|71,61|26,45|73,7|73,9|9,92|67,65|0,67|73,24/73,8=73,7,71,61,8
1,40|49,51|70,98|70,49|98,16|85,1|91,22|70,91|22,63|28,4|57,5|51,27|70,20|16,28|20,85|63,46|70,57|27,10|33,76|5,33/70,46=70,91,22,63,46
89,69|58,52|9,58|69,19|29,99|73,89|60,5|5,97|53,73|6,16|53,60|53,78|99,56|16,18|53,6|53,3|97,33|78,9|18,82|3,29/53,52=53,78,9,58,52
77,84|5,34|43,96|99,94|7,70|91,40|77,27|94,7|77,99|38,97|92,91|84,32|77,21|32,10|27,62|10,68|77,5|62,38|34,43|21,92/77,70=77,99,94,7,70
15,49|44,95|95,81|44,84|84,28|86,15|44,9|44,51|59,7|98,20|20,38|51,1|9,98|49,24|44,86|28,59|1,92|48,91|81,48|92,39/44,91=44,95,81,48,91
8,11|64,4|25,96|26,64|13,53|11,65|28,8|48,45|26,86|74,0|26,25|96,19|26,13|19,42|26,28|0,6|53,46|46,7|86,74|4,48/26,42=26,25,96,19,42
22,50|80,98|89,0|50,61|89,80|94,85|61,38|29,46|26,76|0,33|89,94|89,28|33,29|85,63|49,26|28,49|52,48|98,52|63,13|89,22/89,13=89,94,85,63,13
8,56|58,94|12,53|94,84|9,95|72,65|51,43|65,57|43,74|89,58|72,51|74,47|72,89|72,83|57,99|72,8|83,9|99,85|95,64|56,12/72,85=72,65,57,99,85
21,88|92,51|33,95|90,9|85,21|2,97|90,11|95,0|56,70|55,33|9,85|90,2|83,35|90,71|97,83|51,17|70,22|11,56|90,55|71,92/90,88=90,9,85,21,88
51,70|38,94|38,51|88,41|94,18|0,67|38,31|18,17|38,91|70,59|33,71|59,25|41,92|17,44|14,0|31,88|71,3|91,14|58,33|38,58/38,3=38,58,33,71,3
81,53|38,34|90,12|52,39|31,0|53,55|25,52|25,92|51,96|32,95|25,32|96,27|25,51|92,15|27,50|25,81|39,38|95,90|55,40|15,31/25,12=25,32,95,90,12
93,79|42,47|29,42|35,29|26,83|80,3|35,74|74,5|6,32|35,4|35,80|35,93|3,30|47,54|5,6|4,2|2,10|10,49|79,26|30,19/35,49=35,4,2,10,49
26,96|71,1|42,10|10,98|95,12|95,79|20,94|95,22|98,59|94,7|95,42|80,71|79,18|18,53|12,20|95,64|64,80|43,26|22,43|53,11/95,96=95,22,43,26,96
42,17|64,71|65,15|71,22|44,93|4,41|15,42|50,96|69,72|50,87|46,24|87,98|50,20|96,31|20,64|31,4|98,69|24,44|50,65|50,46/50,72=50,87,98,69,72
21,75|7,10|3,16|13,5|22,12|80,66|97,68|75,48|53,97|51,53|62,13|89,22|62,21|5,80|48,1|10,3|62,51|18,89|62,18|62,7/62,68=62,51,53,97,68
78,6|99,69|1,28|69,26|76,77|26,61|70,36|3,19|77,70|76,1|36,90|27,31|28,78|19,96|76,27|76,25|31,22|76,99|25,3|22,13/76,61=76,99,69,26,61
16,46|27,92|27,23|0,10|63,2|92,63|27,12|9,0|12,33|33,88|88,14|73,93|27,9|97,16|84,73|23,97|10,1|2,98|27,84|93,17/27,98=27,92,63,2,98
52,3|51,70|65,12|84,15|4,84|10,49|31,82|22,4|31,22|82,65|30,34|38,20|8,60|70,52|20,8|31,30|31,51|31,38|12,46|34,10/31,49=31,30,34,10,49
52,6|30,99|47,72|57,38|18,2|6,10|38,7|47,30|99,95|96,73|47,71|72,18|2,36|3,52|71,96|47,40|95,69|47,3|73,64|40,57/47,10=47,3,52,6,10
87,19|17,14|17,36|89,28|52,51|36,24|25,77|54,73|73,76|17,35|19,18|35,82|74,96|77,52|82,74|17,25|17,13|14,54|24,89|13,87/17,28=17,36,24,89,28
23,31|33,36|51,41|30,23|73,92|54,30|90,20|84,82|84,54|84,51|12,68|36,80|84,73|84,11|11,98|98,47|41,90|47,97|92,12|82,33/84,80=84,82,33,36,80
12,53|92,85|32,16|1,18|27,36|88,78|32,92|69,66|32,1|16,88|32,12|32,28|78,33|53,22|18,69|28,27|58,81|85,58|22,90|36,59/32,33=32,16,88,78,33
1,26|14,73|73,4|7,10|72,43|90,7|43,8|88,72|88,14|8,79|88,98|12,1|10,48|4,37|26,67|88,12|9,20|88,90|98,9|20,58/88,58=88,98,9,20,58
45,92|37,69|54,47|54,45|44,18|54,42|48,21|54,66|91,37|38,99|92,68|68,80|47,91|99,51|32,11|11,48|54,32|83,44|42,83|66,38/54,80=54,45,92,68,80
1,41|71,70|63,36|27,8|9,71|5,4|51,21|48,34|36,69|8,63|27,81|21,29|73,9|27,51|27,5|16,48|27,73|81,16|29,45|4,1/27,70=27,73,9,71,70
23,57|81,47|72,76|25,65|25,13|57,21|47,20|25,3|85,56|77,31|76,17|78,77|25,78|21,88|31,68|3,72|65,84|13,81|84,85|25,23/25,17=25,3,72,76,17
2,59|1,85|23,61|81,57|81,22|5,24|85,72|38,37|58,38|95,5|19,2|81,64|57,23|22,95|81,19|59,98|61,68|81,94|64,58|94,1/81,37=81,64,58,38,37
21,77|57,58|58,27|42,20|59,65|52,4|22,15|14,40|66,22|42,52|42,38|4,21|40,89|42,66|20,14|65,44|42,26|26,57|38,59|15,90/42,77=42,52,4,21,77
78,27|73,8|36,75|38,9|96,97|27,17|53,78|79,2|81,35|17,16|9,81|75,47|53,36|32,94|53,96|2,73|53,79|53,38|97,32|47,45/53,8=53,79,2,73,8
99,73|4,71|48,50|18,60|50,4|48,26|71,64|96,80|56,88|60,35|48,41|48,18|41,57|57,56|13,21|73,95|26,99|21,96|48,13|35,14/48,95=48,26,99,73,95
33,98|96,38|81,73|73,99|77,52|72,5|81,12|81,97|81,96|81,53|97,16|52,65|89,45|53,33|12,77|43,34|38,72|16,89|99,43|98,59/81,59=81,53,33,98,59
83,74|74,51|30,69|37,49|16,98|30,73|14,77|89,8|30,2|30,68|2,37|77,27|88,9|49,17|68,23|9,89|23,16|30,88|69,14|73,83/30,51=30,73,83,74,51
95,32|46,28|46,8|38,6|52,26|58,94|28,58|46,13|94,23|6,18|46,27|8,38|55,52|27,36|54,86|79,95|36,54|25,55|13,79|46,25/46,23=46,28,58,94,23
77,95|48,9|3,33|18,38|79,67|24,76|79,24|11,19|79,69|69,17|54,80|40,81|79,77|67,56|38,40|17,48|79,18|76,3|56,54|95,11/79,9=79,69,17,48,9
22,9|9,85|47,41|93,76|18,47|34,44|65,38|41,40|29,42|29,78|29,65|78,22|71,56|38,93|29,11|11,34|29,18|44,75|42,71|56,96/29,96=29,42,71,56,96
27,80|6,61|63,74|27,32|32,54|55,99|43,56|50,84|27,50|27,63|27,28|84,11|74,88|61,16|88,9|54,43|11,10|99,46|80,6|28,55/27,16=27,80,6,61,16
97,12|16,33|67,60|45,97|60,88|16,90|13,89|63,57|89,50|2,82|16,67|88,29|57,52|16,65|8,2|16,31|31,63|33,45|65,13|90,8/16,29=16,67,60,88,29
51,6|8,60|51,30|84,1|83,78|51,85|78,75|51,33|9,28|5,31|51,84|4,5|30,83|6,4|60,62|28,50|1,68|68,76|33,9|85,8/51,31=51,6,4,5,31
59,12|2,14|43,99|46,28|20,93|26,4|4,29|59,20|67,94|28,77|59,22|14,67|12,26|59,2|93,43|16,9|9,42|22,46|66,16|59,66/59,77=59,22,46,28,77
59,7|41,25|44,95|29,93|75,46|29,41|29,4|4,12|97,47|25,36|38,94|29,44|7,76|36,51|57,97|29,8|95,75|12,38|93,57|8,59/29,47=29,93,57,97,47
89,82|26,1|1,30|13,97|21,79|68,27|7,9|89,80|20,49|79,20|25,68|98,40|89,19|89,98|80,25|82,26|90,13|89,21|40,7|19,90/89,9=89,98,40,7,9
82,47|53,5|51,92|9,43|50,99|52,50|5,24|82,89|82,35|47,97|85,51|82,65|89,53|37,0|82,9|97,37|41,18|43,41|65,52|35,85/82,0=82,47,97,37,0
57,33|4,11|55,79|55,76|61,95|55,44|34,4|55,61|59,57|76,34|55,59|87,3|94,13|78,65|79,87|95,78|44,94|33,12|3,90|13,69/55,69=55,44,94,13,69
33,80|81,47|14,46|38,87|1,35|87,33|14,67|47,51|0,50|67,43|14,5|5,81|14,38|23,89|14,1|55,49|35,55|46,12|12,0|43,23/14,50=14,46,12,0,50
63,78|63,8|64,22|97,16|39,98|49,50|8,39|31,21|11,66|85,0|73,30|22,11|78,31|63,64|98,56|63,85|0,73|16,49|21,43|63,97/63,66=63,64,22,11,66
52,42|23,44|15,46|15,39|15,4|15,11|11,67|39,74|50,5|42,95|15,55|46,52|37,85|4,23|67,50|32,37|44,20|55,32|74,89|89,82/15,20=15,4,23,44,20
5,21|58,37|29,5|61,6|21,39|56,38|38,32|37,20|58,56|34,98|6,60|58,29|32,16|64,17|18,61|26,89|58,18|58,34|98,26|20,64/58,17=58,37,20,64,17
73,8|20,70|59,6|8,49|71,59|73,42|26,31|73,51|49,12|73,77|70,55|51,62|31,79|62,24|24,64|12,63|42,71|77,20|79,30|73,26/73,55=73,77,20,70,55
92,28|91,92|83,85|63,30|24,70|40,36|83,18|14,39|18,81|28,87|83,11|11,45|83,91|81,24|45,67|36,63|21,14|85,21|67,61|83,40/83,87=83,91,92,28,87
17,22|0,20|27,21|30,27|54,33|74,94|74,85|33,15|16,71|19,34|71,17|97,54|57,92|94,30|74,97|12,57|85,12|74,16|74,19|34,0/74,21=74,94,30,27,21
26,83|80,92|92,44|26,23|6,48|42,6|96,19|19,9|83,99|46,42|56,45|26,96|26,46|43,80|26,43|84,87|99,84|9,69|23,56|45,24/26,69=26,96,19,9,69
74,2|74,60|2,69|30,68|41,30|68,49|65,7|7,40|60,42|51,95|74,50|74,41|25,28|74,65|69,25|42,56|9,51|56,44|40,1|50,9/74,49=74,41,30,68,49
93,64|64,43|19,37|47,24|18,19|18,7|17,93|73,5|18,50|30,21|18,86|61,47|99,83|7,61|21,40|50,10|18,17|10,73|37,99|86,30/18,40=18,86,30,21,40
96,33|91,9|91,96|91,59|72,21|91,72|76,13|21,86|59,3|33,55|9,46|99,16|3,85|82,95|55,31|86,42|16,76|46,82|91,99|85,89/91,95=91,9,46,82,95
63,65|68,70|72,34|93,5|19,95|95,27|65,49|90,68|98,96|27,67|98,90|98,59|96,89|5,18|59,93|89,72|98,10|70,75|98,19|10,63/98,34=98,96,89,72,34
37,35|16,84|10,24|84,50|85,29|40,10|69,38|40,85|55,16|97,44|29,61|41,37|79,58|58,69|40,92|61,19|24,97|92,41|40,55|40,79/40,35=40,92,41,37,35
9,77|39,56|77,82|65,53|57,20|82,65|9,87|87,31|31,16|18,47|16,34|9,57|47,27|20,5|9,18|9,15|23,39|5,88|27,81|15,23/9,81=9,18,47,27,81
47,24|48,18|21,36|18,2|59,49|21,58|58,47|21,60|74,50|15,78|13,74|24,11|21,13|99,59|21,40|40,54|36,48|54,15|60,99|50,37/21,78=21,40,54,15,78
1,83|11,0|56,53|93,10|10,23|98,74|21,39|98,11|34,93|98,34|0,56|88,40|74,88|77,21|98,1|83,37|40,15|37,72|98,77|39,71/98,53=98,11,0,56,53
15,11|12,77|28,97|77,29|15,12|71,30|15,1|15,75|11,94|75,71|55,47|30,90|1,56|15,28|56,72|54,59|97,55|94,54|29,84|72,58/15,59=15,11,94,54,59
19,90|91,70|20,68|73,55|82,47|9,75|46,7|47,46|0,27|66,73|84,61|61,56|75,84|9,82|27,19|9,36|9,0|36,66|9,20|68,91/9,55=9,36,66,73,55
51,77|51,59|4,18|75,43|24,1|5,17|17,79|73,94|51,88|12,24|59,19|77,4|92,41|51,12|18,82|51,73|1,78|88,5|94,92|19,75/51,43=51,59,19,75,43
57,87|67,96|48,35|87,93|68,1|13,68|46,76|90,12|16,20|56,57|93,82|32,67|96,17|12,16|56,32|56,46|56,13|76,48|56,90|1,19/56,17=56,32,67,96,17
64,20|25,0|13,82|4,91|98,27|26,54|0,32|27,26|25,98|32,48|48,10|25,4|82,90|70,79|94,13|20,70|25,64|76,95|91,76|25,94/25,95=25,4,91,76,95
47,52|1,29|47,87|32,81|53,76|47,77|47,10|71,2|76,45|10,32|50,53|77,71|15,9|9,3|52,41|81,91|47,50|2,74|41,1|87,15/47,74=47,77,71,2,74
31,35|31,81|96,19|81,55|35,10|16,4|64,77|4,23|24,26|10,96|59,40|55,38|44,59|62,16|31,64|38,21|77,24|31,36|31,62|36,44/31,23=31,62,16,4,23
9,91|40,6|27,40|64,67|39,9|52,27|96,64|87,7|96,87|67,20|96,51|80,75|37,10|51,39|10,8|20,95|96,52|8,18|7,80|96,37/96,95=96,64,67,20,95
35,30|67,18|31,99|83,67|55,19|35,27|35,43|80,95|27,54|54,50|99,52|35,31|28,14|43,55|30,83|19,98|95,28|35,80|52,81|50,12/35,14=35,80,95,28,14
12,62|59,53|92,12|3,41|62,33|82,29|6,38|54,6|53,43|54,21|21,46|31,75|38,31|54,94|41,71|77,59|46,82|94,3|54,92|54,77/54,71=54,94,3,41,71
78,33|24,80|33,50|47,62|32,78|86,74|15,86|14,42|47,14|80,52|74,63|62,24|19,70|70,89|47,19|47,32|55,17|89,18|42,55|47,15/47,63=47,15,86,74,63
26,28|63,52|38,34|68,60|62,78|30,26|95,36|81,20|57,63|95,81|78,70|60,65|95,68|95,57|28,1|52,44|65,79|36,62|95,30|20,38/95,44=95,57,63,52,44
91,10|10,2|69,13|35,52|67,19|56,68|68,99|56,35|99,45|56,69|56,62|13,87|62,67|2,12|45,17|3,73|87,31|56,91|19,51|52,3/56,73=56,35,52,3,73
58,70|22,87|68,47|8,22|15,31|46,15|46,8|49,3|46,83|87,5|83,84|84,98|41,40|31,26|70,49|26,53|98,96|40,68|46,58|46,41/46,5=46,8,22,87,5
63,79|54,66|86,13|17,84|45,88|76,63|86,16|51,18|86,22|84,59|97,83|86,38|30,51|86,45|16,30|22,76|13,17|88,97|38,54|66,73/86,59=86,13,17,84,59
13,47|63,32|19,0|39,37|31,39|35,10|16,53|10,23|31,16|37,28|0,50|31,35|23,97|31,42|47,74|42,19|74,95|53,63|28,6|31,13/31,32=31,16,53,63,32
79,76|51,79|70,12|64,50|35,74|70,81|81,42|4,28|12,0|0,44|42,64|70,33|70,89|74,82|33,4|28,97|70,51|76,48|89,35|44,3/70,48=70,51,79,76,48
85,11|27,97|63,9|66,49|1,72|88,76|27,88|97,46|72,66|98,54|38,63|65,87|27,1|87,81|27,37|37,65|76,85|71,38|27,71|46,98/27,49=27,1,72,66,49
6,32|65,29|98,9|68,5|29,25|9,65|98,23|5,22|98,80|23,68|89,4|83,92|80,24|24,83|4,6|64,39|98,64|98,89|20,67|39,20/98,92=98,80,24,83,92
75,91|37,33|33,47|76,58|47,89|52,63|64,75|64,37|10,29|58,24|24,3|41,46|97,78|90,97|64,7|63,10|64,76|7,90|91,41|64,52/64,46=64,75,91,41,46
17,44|94,20|77,9|28,22|17,96|0,33|66,99|22,77|3,0|44,3|68,48|17,68|20,16|48,57|17,94|10,66|16,69|57,59|96,10|17,28/17,59=17,68,48,57,59
21,49|86,48|64,3|59,33|86,82|9,53|71,64|86,67|47,9|11,59|88,60|53,6|82,11|86,47|48,21|1,34|67,71|49,15|86,1|34,88/86,33=86,82,11,59,33
76,53|80,31|9,12|27,28|79,80|36,40|20,4|31,18|18,71|12,36|45,27|79,23|49,45|79,9|60,78|23,32|32,60|53,20|79,76|79,49/79,71=79,80,31,18,71
1,67|19,53|9,1|3,30|3,68|3,42|31,98|92,78|42,19|95,70|88,38|3,79|80,31|70,88|78,21|68,9|79,80|53,4|30,92|3,95/3,67=3,68,9,1,67
69,72|18,94|18,54|18,92|40,77|18,47|36,90|47,62|57,26|88,57|92,36|71,3|18,40|94,88|90,53|77,71|54,69|72,12|62,8|8,37/18,3=18,40,77,71,3
49,23|36,70|23,3|75,16|17,76|54,57|71,29|85,45|29,49|76,93|71,56|47,36|98,75|71,21|56,98|71,15|21,47|71,85|45,54|15,17/71,57=71,85,45,54,57
55,21|32,4|42,32|30,37|33,12|98,51|12,76|17,29|46,40|19,98|19,17|29,14|14,74|19,55|19,72|19,2|72,33|2,42|51,30|21,46/19,4=19,2,42,32,4
65,5|83,87|94,49|54,92|35,41|31,97|34,54|58,94|95,26|33,55|34,6|97,33|4,83|34,95|6,58|87,44|92,65|34,4|26,35|34,31/34,41=34,95,26,35,41
50,39|17,22|63,36|70,90|63,40|24,85|58,76|36,51|40,13|51,58|14,70|57,24|63,14|90,30|39,27|85,31|63,57|63,75|75,50|13,17/63,27=63,75,50,39,27
32,84|51,12|51,36|12,15|34,65|11,69|63,16|93,46|46,32|16,28|15,35|35,52|36,3|51,93|51,34|51,63|28,90|0,58|3,11|65,0/51,69=51,36,3,11,69
42,53|82,26|80,98|53,88|42,80|88,51|1,76|51,74|89,9|7,27|26,10|57,8|10,58|97,18|98,1|18,57|9,7|42,89|42,82|42,97/42,76=42,80,98,1,76
38,4|79,1|93,88|61,93|55,25|79,80|79,34|34,61|76,38|29,37|25,12|84,9|37,71|73,76|79,70|79,73|1,55|80,22|70,29|22,84/79,4=79,73,76,38,4
84,52|80,11|47,15|15,14|47,79|55,34|47,73|54,8|11,95|79,84|34,24|47,16|73,80|52,91|8,3|47,54|86,10|14,86|16,55|3,25/47,10=47,15,14,86,10
38,56|97,64|89,33|76,90|26,99|67,14|63,67|76,17|10,37|62,7|64,89|56,9|7,10|76,98|98,63|17,18|18,26|90,38|76,97|76,62/76,99=76,17,18,26,99
73,65|13,73|16,62|71,44|13,98|98,99|38,9|3,16|13,71|66,46|35,3|46,11|22,21|13,35|32,66|61,59|99,22|44,38|13,32|65,61/13,11=13,32,66,46,11
47,17|9,59|34,76|75,24|37,68|68,44|16,56|61,42|35,10|16,61|56,73|42,47|44,54|73,35|16,37|24,9|16,38|38,94|16,75|94,34/16,76=16,38,94,34,76
61,1|28,5|11,8|8,45|43,15|33,73|21,92|28,61|1,21|10,69|28,77|64,46|46,93|28,65|65,11|72,43|77,64|5,72|69,33|28,10/28,93=28,77,64,46,93
17,85|33,53|86,9|88,39|86,58|81,88|86,17|41,63|11,90|57,27|58,47|85,41|9,11|43,81|47,57|86,49|86,43|49,25|25,33|90,60/86,60=86,9,11,90,60
51,24|63,58|59,39|37,93|76,81|59,63|39,97|88,37|73,51|52,75|59,26|97,19|58,76|19,8|34,52|69,34|84,88|59,84|26,73|59,69/59,8=59,39,97,19,8
74,71|74,46|88,18|71,36|13,79|42,65|36,87|1,42|79,93|83,98|31,83|46,13|18,2|98,8|74,1|9,88|87,85|74,9|65,30|74,31/74,85=74,71,36,87,85
94,98|26,24|68,85|57,68|22,23|67,95|57,26|57,10|98,41|85,84|57,94|23,49|21,43|57,67|10,22|75,47|84,78|95,21|41,9|24,75/57,43=57,67,95,21,43
8,98|73,81|85,88|45,53|88,65|65,34|99,83|8,38|81,64|8,47|47,72|8,79|48,58|38,45|53,31|79,73|58,14|8,85|72,99|98,48/8,31=8,38,45,53,31
50,83|26,30|96,93|78,40|50,13|13,91|64,26|83,29|63,32|10,76|58,15|29,10|91,96|50,54|50,78|54,64|50,58|99,42|15,99|40,63/50,32=50,78,40,63,32
91,20|96,56|26,88|56,3|37,94|3,26|76,89|96,84|31,18|84,76|5,63|21,80|96,5|24,21|20,31|63,37|96,91|89,11|80,59|96,24/96,11=96,84,76,89,11
60,21|55,68|74,86|55,51|55,88|85,62|62,46|68,60|43,85|55,48|55,43|37,26|51,5|86,24|48,74|11,71|21,3|88,98|98,37|5,11/55,3=55,68,60,21,3
87,98|99,30|53,55|57,39|30,62|24,14|57,45|31,34|14,83|57,77|9,53|39,99|57,12|77,9|45,31|34,71|57,86|12,24|98,81|86,87/57,62=57,39,99,30,62
91,82|83,22|92,26|47,15|83,6|30,0|26,97|43,24|54,30|22,54|24,31|83,43|15,91|6,92|70,50|50,28|83,70|83,47|28,73|31,4/83,0=83,22,54,30,0
31,26|71,7|81,71|54,89|4,29|73,46|29,66|61,81|4,41|4,76|76,45|20,70|41,52|45,31|66,73|52,54|70,32|4,61|4,20|32,56/4,7=4,61,81,71,7
61,86|93,85|93,1|2,40|1,52|95,64|33,37|80,33|14,2|52,8|36,95|99,80|85,36|13,61|93,14|8,10|40,24|93,82|82,13|93,99/93,37=93,99,80,33,37
13,19|33,35|74,22|58,91|57,65|25,74|57,25|46,94|87,33|57,12|65,87|57,89|19,43|91,39|89,77|77,46|12,13|36,58|22,79|57,36/57,94=57,89,77,46,94
43,38|98,78|38,4|47,83|1,43|39,42|16,59|76,73|41,39|98,1|2,75|74,58|58,76|98,47|75,63|78,2|83,16|9,41|98,74|98,9/98,59=98,47,83,16,59
95,31|31,86|82,0|82,75|46,73|71,95|0,77|82,64|75,90|91,46|90,78|77,63|73,84|64,59|82,71|63,45|17,67|82,91|78,34|59,17/82,45=82,0,77,63,45
59,91|8,73|27,28|55,59|37,51|37,87|51,4|37,5|87,55|4,74|37,27|48,8|65,98|28,65|73,23|37,48|76,22|22,58|74,2|5,76/37,23=37,48,8,73,23
27,47|3,97|97,74|7,27|21,50|98,71|29,89|35,3|85,32|92,56|89,36|29,40|29,98|80,21|29,62|71,92|29,35|62,80|36,85|40,7/29,56=29,98,71,92,56
30,1|87,22|87,50|82,90|5,11|50,9|87,84|87,15|15,3|1,53|89,70|52,78|84,44|44,18|9,89|90,52|87,82|3,5|22,30|18,93/87,11=87,15,3,5,11
9,84|96,83|53,74|48,16|35,9|96,57|79,73|46,79|60,94|94,71|96,20|13,48|20,13|84,58|3,60|57,56|96,35|83,46|56,53|96,3/96,74=96,57,56,53,74
76,25|85,80|55,93|19,54|80,53|55,19|26,39|55,23|55,81|54,75|15,76|93,85|81,90|75,1|55,95|23,97|95,15|97,42|90,26|42,8/55,8=55,23,97,42,8
93,69|69,56|48,28|28,85|88,17|68,99|17,53|32,45|8,81|53,82|45,68|41,8|30,88|19,48|30,23|30,34|30,32|34,41|30,19|23,93/30,99=30,32,45,68,99
88,23|72,83|6,72|88,21|4,58|12,53|69,92|51,69|21,51|88,12|35,60|88,66|53,74|88,89|62,35|23,50|66,6|50,4|74,85|89,62/88,92=88,21,51,69,92
73,91|58,19|71,41|96,81|5,3|19,35|80,9|58,71|66,33|58,88|35,8|3,80|8,11|53,27|81,53|58,5|58,96|41,66|88,73|91,76/58,11=58,19,35,8,11
49,40|51,4|1,46|30,85|22,1|45,22|40,51|14,45|14,49|39,30|99,39|33,93|14,29|14,99|93,26|29,79|55,95|14,33|26,12|79,55/14,12=14,33,93,26,12
7,86|21,7|83,62|30,97|18,83|25,50|50,75|5,71|21,30|43,25|97,5|86,46|88,16|46,67|96,88|16,37|21,43|21,96|62,12|21,18/21,67=21,7,86,46,67
75,6|22,94|76,16|16,80|80,75|76,62|76,17|62,27|76,70|70,36|43,35|76,22|36,45|45,44|27,86|35,74|94,54|54,51|86,15|17,43/76,15=76,62,27,86,15
7,13|70,7|38,68|87,66|55,72|68,46|77,49|45,24|48,10|38,65|38,77|49,55|46,61|64,70|24,48|61,33|65,87|38,64|38,45|66,69/38,13=38,64,70,7,13
28,4|70,80|45,7|97,57|5,14|14,13|16,97|96,89|70,96|89,45|70,5|57,39|4,81|70,16|13,8|72,40|80,28|74,75|70,74|75,72/70,39=70,16,97,57,39
46,76|5,95|67,15|40,97|54,87|19,18|40,89|36,2|40,67|97,46|15,5|16,68|83,63|40,54|89,45|87,16|40,83|76,84|45,19|63,36/40,18=40,89,45,19,18
66,95|55,44|96,51|6,34|77,78|44,1|66,96|66,6|71,58|34,77|58,67|37,55|66,74|51,99|99,92|74,30|49,61|95,71|66,37|30,49/66,67=66,95,71,58,67
14,86|63,72|87,15|72,94|86,39|75,2|87,78|87,31|77,12|2,56|90,76|55,63|31,44|44,90|15,14|37,75|87,55|45,77|78,45|87,37/87,76=87,31,44,90,76
16,17|51,79|54,61|17,10|30,6|23,65|30,23|6,52|10,77|41,18|52,54|86,98|18,86|30,16|30,37|37,33|15,44|65,15|30,41|33,51/30,61=30,6,52,54,61
10,13|6,45|84,80|21,78|60,31|80,43|76,90|77,53|78,76|17,84|42,14|53,42|13,6|31,18|10,2|10,17|2,60|10,77|10,21|45,89/10,14=10,77,53,42,14
85,26|49,11|9,7|45,37|11,85|37,42|65,95|42,60|7,14|90,43|58,21|64,65|32,64|9,49|9,93|9,32|93,90|43,25|9,45|14,58/9,26=9,49,11,85,26
78,73|40,81|31,33|9,80|62,40|78,35|11,84|35,31|84,90|90,36|73,63|0,30|92,9|33,49|7,92|78,7|63,0|78,26|26,62|78,11/78,80=78,7,92,9,80
74,90|88,8|77,88|76,30|71,74|77,10|45,71|23,33|87,61|36,76|60,99|92,29|29,23|16,60|77,45|8,87|77,36|10,16|77,92|30,19/77,19=77,36,76,30,19
95,62|5,40|10,44|54,98|60,70|60,34|60,29|44,54|60,81|34,85|70,2|2,14|35,51|94,35|60,10|85,95|40,45|14,30|81,5|29,94/60,45=60,81,5,40,45
78,76|57,27|53,0|49,75|10,49|76,34|75,53|10,84|36,91|7,45|10,17|10,36|64,62|85,7|91,64|52,57|84,52|17,85|10,78|34,99/10,45=10,17,85,7,45
75,74|22,94|76,16|16,36|36,75|76,62|76,17|62,27|76,70|70,43|80,54|76,22|43,45|45,6|27,86|54,51|94,35|35,44|86,15|17,80/76,15=76,62,27,86,15
54,70|49,18|51,72|79,71|59,4|28,83|70,45|19,54|59,17|59,19|72,28|59,1|68,7|59,51|4,88|71,37|1,79|88,68|18,34|17,49/59,34=59,17,49,18,34
58,45|42,86|49,40|9,58|72,54|32,42|9,87|24,69|5,38|97,39|61,63|45,97|38,61|37,24|9,5|9,37|54,49|9,72|69,1|87,32/9,86=9,87,32,42,86
99,45|14,59|32,41|94,30|19,99|54,23|62,24|45,57|61,65|13,62|13,7|30,61|41,22|13,94|24,14|95,54|7,95|40,32|13,19|13,40/13,22=13,40,32,41,22
5,59|63,75|5,98|59,12|5,13|89,93|47,90|12,87|93,42|13,63|61,57|90,4|10,61|75,23|26,89|57,85|87,77|98,47|5,10|5,26/5,4=5,98,47,90,4
6,67|13,83|6,71|2,80|29,20|49,79|87,92|6,51|78,13|80,87|6,2|6,47|71,78|67,49|81,62|79,36|51,81|20,35|62,9|47,29/6,9=6,51,81,62,9
91,19|47,56|3,65|5,50|19,36|57,21|98,81|50,98|47,60|45,57|47,5|85,77|47,85|56,91|97,49|47,34|60,45|77,3|49,95|34,97/47,65=47,85,77,3,65
41,79|60,1|46,28|86,76|31,93|34,86|46,5|58,31|28,58|46,60|72,39|67,63|5,72|46,80|39,47|1,41|61,34|46,61|63,43|80,67/46,76=46,61,34,86,76
95,42|28,41|94,73|33,58|58,43|28,33|1,48|28,54|73,95|16,25|41,75|28,94|54,81|43,76|32,3|62,16|25,7|81,1|75,32|28,62/28,3=28,41,75,32,3
26,44|44,5|5,33|74,89|42,76|84,73|19,94|33,59|86,84|87,18|26,86|73,72|26,42|26,74|26,19|7,6|89,87|76,7|40,71|94,40/26,71=26,19,94,40,71
69,12|71,80|86,20|7,9|69,7|69,56|5,71|51,88|10,86|84,31|9,51|26,84|31,49|17,47|56,17|12,10|69,26|80,39|69,5|47,27/69,39=69,5,71,80,39
35,46|89,72|63,27|14,4|63,45|84,74|13,34|4,50|63,19|27,47|63,89|63,67|67,14|45,0|72,17|47,13|36,84|17,69|19,36|0,35/63,34=63,27,47,13,34
28,77|5,79|35,14|8,97|34,28|64,90|79,59|62,35|86,55|90,16|59,86|5,57|5,43|5,34|57,64|97,99|43,8|77,30|0,62|5,0/5,16=5,57,64,90,16
25,30|57,99|82,63|57,84|57,64|5,21|84,54|33,88|79,22|99,93|16,31|93,33|54,82|21,94|22,86|31,25|57,16|57,79|86,85|64,5/57,88=57,99,93,33,88
30,82|46,10|22,88|46,52|59,22|7,32|70,77|89,57|10,9|88,98|46,6|52,18|46,59|82,31|54,30|74,7|9,89|6,74|18,70|46,54/46,57=46,10,9,89,57
47,26|84,80|47,9|33,86|91,27|64,67|9,91|67,62|55,19|47,69|13,49|47,44|49,97|47,33|86,84|73,55|27,90|26,73|69,13|44,64/47,19=47,26,73,55,19
99,17|61,26|96,21|99,46|34,38|99,48|46,51|25,0|17,33|0,42|51,61|21,37|99,34|80,86|33,59|99,28|48,25|59,82|28,96|38,80/99,42=99,48,25,0,42
58,28|50,29|5,50|58,16|94,66|91,76|58,9|9,64|76,80|75,94|80,51|78,18|69,86|28,75|58,91|16,69|86,82|58,2|2,5|64,78/58,18=58,9,64,78,18
51,48|57,36|41,17|66,61|20,44|90,20|48,73|63,78|13,41|36,90|98,13|85,14|57,98|57,66|73,88|57,51|57,63|52,32|61,52|78,85/57,17=57,98,13,41,17
52,65|26,55|26,32|34,48|57,39|65,80|39,59|91,34|55,57|26,4|43,13|33,52|32,7|0,71|26,33|7,43|48,96|71,61|4,0|26,91/26,61=26,4,0,71,61
74,51|40,33|84,93|66,50|37,68|74,9|46,64|68,82|74,75|99,46|93,7|9,84|27,40|75,25|74,39|26,37|25,66|51,99|39,27|74,26/74,7=74,9,84,93,7
22,67|58,34|31,75|94,74|60,97|25,60|65,22|11,31|32,80|80,6|70,11|6,1|13,45|25,65|25,32|25,70|74,58|97,13|25,94|67,71/25,45=25,60,97,13,45
44,17|66,58|77,28|73,60|66,73|58,12|66,79|17,38|60,52|86,54|52,39|54,1|28,16|72,77|66,72|66,24|64,84|79,86|12,64|24,44/66,16=66,72,77,28,16
46,96|82,61|82,52|29,7|50,24|77,72|47,29|7,79|34,38|82,80|24,12|82,46|82,47|15,44|52,50|87,77|96,34|44,74|80,15|61,87/82,38=82,46,96,34,38
10,13|78,31|84,76|21,60|6,45|76,18|80,43|77,53|60,80|17,84|42,14|53,42|13,78|45,89|10,2|10,17|2,6|10,77|10,21|31,90/10,14=10,77,53,42,14
47,44|5,47|11,63|30,37|42,32|5,42|5,67|68,36|63,58|67,65|32,41|75,1|5,88|5,45|45,28|44,68|41,62|88,11|28,75|65,30/5,37=5,67,65,30,37
5,86|21,5|64,34|89,64|37,20|12,33|1,83|33,89|97,62|66,36|54,51|91,38|83,54|36,91|62,37|12,97|60,21|12,60|12,66|12,1/12,86=12,60,21,5,86
80,22|21,49|49,81|3,25|44,40|21,80|62,92|61,62|40,89|81,97|71,78|97,96|21,71|32,1|99,44|78,3|21,99|68,61|22,32|21,68/21,96=21,49,81,97,96
9,2|8,91|2,23|22,98|9,8|91,25|72,17|54,89|89,24|70,6|43,54|9,70|9,59|6,22|25,69|17,87|23,68|68,34|9,43|59,72/9,69=9,8,91,25,69
27,75|46,42|93,82|86,66|31,46|23,86|98,93|43,15|20,27|66,69|82,88|75,30|39,24|31,98|31,23|24,0|31,20|42,43|40,39|31,40/31,30=31,20,27,75,30
50,87|74,20|92,48|83,79|98,83|33,15|13,8|98,50|20,44|42,74|89,72|98,42|72,75|87,92|79,13|98,33|98,61|15,4|4,6|61,89/98,6=98,33,15,4,6
87,68|46,69|48,44|87,48|13,33|44,96|96,28|83,5|40,49|87,83|87,2|81,63|86,13|47,30|5,40|68,76|69,81|2,86|87,46|76,47/87,33=87,2,86,13,33
22,9|66,40|11,74|11,95|11,17|74,88|17,31|81,84|50,81|11,52|11,66|95,35|31,22|80,73|52,50|88,43|40,80|28,56|43,67|35,28/11,73=11,66,40,80,73
18,2|71,81|8,92|34,30|71,17|63,89|50,3|17,49|41,61|49,18|61,65|9,40|71,91|3,63|81,95|71,50|71,8|95,34|92,9|91,41/71,89=71,50,3,63,89
2,9|75,95|8,46|58,75|46,98|34,0|78,96|64,58|65,45|9,11|95,84|11,91|64,65|45,68|98,55|0,78|64,2|64,34|68,56|64,8/64,91=64,2,9,11,91
96,9|38,52|9,0|73,49|73,96|0,13|69,22|73,37|37,76|80,82|73,97|73,35|49,18|76,69|52,20|35,38|18,80|97,71|71,92|92,34/73,34=73,97,71,92,34
36,52|60,9|60,71|9,65|18,68|10,49|70,18|20,4|49,36|60,6|11,57|6,70|71,20|17,63|61,69|60,11|4,30|57,61|60,10|65,17/60,30=60,71,20,4,30
23,50|81,3|74,21|10,74|73,98|12,29|21,91|29,28|11,73|50,5|82,23|25,92|11,10|3,25|98,58|11,81|28,35|58,99|11,12|11,82/11,91=11,10,74,21,91
40,91|24,19|40,86|80,51|19,90|52,39|40,74|40,59|78,98|91,1|86,80|34,52|59,24|40,96|21,8|51,57|74,21|8,61|1,78|96,34/40,98=40,91,1,78,98
56,84|33,42|30,2|88,47|98,33|30,76|30,11|30,56|11,44|58,93|4,71|44,4|76,98|43,88|84,53|93,19|30,39|2,58|53,51|39,43/30,42=30,76,98,33,42
37,81|9,75|17,6|67,9|15,35|75,91|67,22|67,31|91,61|66,17|49,28|90,7|4,29|67,15|67,90|31,66|69,37|22,69|35,49|7,4/67,61=67,9,75,91,61
13,14|68,74|96,98|98,41|66,93|13,59|52,58|26,19|13,23|59,91|13,26|58,27|13,52|19,68|27,1|91,84|84,35|23,96|93,80|14,66/13,35=13,59,91,84,35
91,30|36,15|32,85|57,51|65,94|89,44|62,89|28,45|51,32|94,87|65,13|65,56|65,57|13,70|65,46|59,36|46,62|87,28|56,59|70,91/65,85=65,57,51,32,85
98,39|98,52|98,80|44,34|98,72|5,81|43,53|15,17|52,44|80,15|34,46|90,62|98,43|17,11|39,92|20,5|83,76|92,90|53,83|72,20/98,81=98,72,20,5,81
47,33|28,89|67,13|87,77|13,51|46,67|16,41|3,68|11,87|85,94|89,85|23,53|68,16|47,28|47,11|77,19|47,3|32,23|33,32|47,46/47,19=47,11,87,77,19
33,93|58,42|42,56|58,57|56,30|65,85|30,8|93,90|62,79|57,33|58,18|59,54|79,16|16,34|37,59|58,62|18,65|54,55|85,86|58,37/58,34=58,62,79,16,34
83,89|83,37|50,96|75,1|37,64|83,82|43,27|82,75|27,59|83,28|83,24|49,44|35,11|24,86|89,7|1,38|7,50|28,43|86,35|64,49/83,96=83,89,7,50,96
98,39|95,76|34,52|86,24|61,42|14,95|81,14|83,54|86,67|86,81|42,98|67,3|3,34|82,57|86,61|23,18|17,82|86,23|24,17|18,83/86,57=86,24,17,82,57
11,32|10,33|74,98|80,74|14,25|47,23|5,26|21,71|10,21|10,14|73,34|23,0|25,11|26,63|71,73|10,5|33,47|10,80|98,49|63,17/10,49=10,80,74,98,49
69,40|29,99|32,43|38,86|51,74|1,32|46,69|38,29|38,57|54,21|98,45|82,47|27,64|99,54|86,46|57,1|45,51|64,82|38,27|38,98/38,47=38,27,64,82,47
68,98|80,40|9,65|32,92|33,96|82,48|59,83|32,56|11,57|32,59|17,81|99,9|56,82|83,80|32,68|48,79|32,17|81,11|92,99|98,33/32,40=32,59,83,80,40
38,12|99,0|4,17|8,42|43,6|17,31|0,78|9,19|35,97|42,41|56,99|28,26|31,5|6,9|8,43|8,4|8,38|8,56|12,35|41,28/8,97=8,38,12,35,97
28,99|90,46|58,44|35,29|23,88|29,90|58,35|43,17|18,43|58,76|44,98|58,18|98,37|99,47|17,11|88,41|76,28|37,83|41,48|58,23/58,46=58,35,29,90,46
78,72|73,19|48,81|0,14|0,60|74,30|72,66|32,74|91,73|54,3|60,76|3,84|19,96|0,91|76,48|0,64|0,78|66,37|14,32|64,54/0,84=0,64,54,3,84
44,70|82,71|96,28|99,84|99,61|99,67|99,82|71,3|28,44|61,83|3,88|99,96|81,59|67,65|65,74|18,38|83,18|84,69|74,58|69,81/99,70=99,96,28,44,70
36,24|10,78|21,22|82,10|79,7|96,16|15,21|48,80|24,30|15,81|78,17|22,79|80,57|57,83|15,2|43,96|81,36|15,48|2,43|15,82/15,17=15,82,10,78,17
28,36|46,28|42,9|79,84|84,38|89,6|88,47|46,18|36,61|46,89|38,60|61,96|46,79|6,7|15,88|46,4|9,95|7,32|18,15|4,42/46,47=46,18,15,88,47
0,83|79,59|61,95|95,68|63,77|79,25|41,9|29,0|77,93|79,82|68,11|81,26|59,33|25,29|79,40|82,63|79,61|26,85|33,41|40,81/79,85=79,40,81,26,85
24,37|21,69|69,28|38,74|8,48|24,81|37,68|24,64|68,55|24,32|24,76|55,29|81,38|64,31|0,89|43,8|76,43|74,73|32,21|31,0/24,28=24,32,21,69,28
69,73|42,79|82,94|69,24|91,20|69,97|24,85|62,81|97,77|69,91|36,29|85,25|20,54|94,56|54,75|73,82|77,42|81,36|69,62|25,37/69,75=69,91,20,54,75
69,28|30,64|93,50|28,20|30,84|9,3|30,48|30,14|14,86|79,97|75,72|50,45|84,98|30,75|98,9|48,93|64,69|72,18|86,79|18,25/30,3=30,84,98,9,3
90,39|91,0|14,97|92,31|97,59|19,80|39,92|66,84|19,11|19,66|94,71|22,62|19,94|51,22|80,51|11,14|71,91|84,37|19,90|37,88/19,31=19,90,39,92,31
18,23|88,1|75,89|33,14|12,0|68,90|94,68|12,58|73,88|90,51|58,33|12,13|21,7|12,21|13,24|7,75|12,94|14,11|24,18|0,73/12,1=12,0,73,88,1
99,13|22,60|66,93|49,62|99,74|99,57|53,68|74,18|17,53|62,67|85,66|73,22|99,56|56,49|18,59|57,85|13,73|99,17|68,14|59,70/99,93=99,57,85,66,93
31,97|83,22|92,91|47,24|83,6|30,0|91,4|43,50|54,30|22,54|50,28|83,43|24,31|6,92|70,15|15,26|83,70|83,47|26,73|28,82/83,0=83,22,54,30,0
46,96|82,61|82,52|50,24|15,44|7,74|47,50|24,79|34,38|82,80|44,72|82,46|82,47|29,77|52,15|87,7|96,34|77,12|80,29|61,87/82,38=82,46,96,34,38
71,50|40,33|8,95|5,8|74,82|1,65|81,74|6,22|50,98|31,40|22,29|33,25|1,6|1,91|91,5|98,34|65,81|1,71|29,2|1,31/1,34=1,71,50,98,34
50,83|10,42|99,76|78,40|50,13|13,29|64,10|83,15|63,32|26,30|58,91|15,26|29,99|50,54|50,78|54,64|50,58|96,93|91,96|40,63/50,32=50,78,40,63,32
99,48|97,42|70,69|89,97|99,80|10,3|5,0|99,25|53,67|3,33|99,53|99,70|69,39|39,38|17,60|67,17|0,20|80,10|48,5|25,89/99,20=99,48,5,0,20
21,75|7,5|3,12|13,89|22,66|48,1|97,68|75,80|53,97|51,53|62,13|10,22|62,21|89,48|80,16|5,3|62,51|18,10|62,18|62,7/62,68=62,51,53,97,68
22,12|1,15|94,17|9,44|44,25|96,22|0,34|34,88|29,18|5,96|17,1|29,0|88,86|79,11|54,19|29,94|18,9|29,54|29,5|19,79/29,11=29,54,19,79,11
74,60|75,66|37,35|74,9|74,37|60,75|78,26|7,89|74,88|26,49|35,19|88,31|66,79|25,78|9,53|31,7|6,42|19,50|74,25|53,6/74,42=74,9,53,6,42
37,1|52,94|94,31|9,92|12,37|23,72|27,97|92,13|12,73|67,38|1,36|12,23|72,27|12,81|36,17|12,71|71,52|81,53|73,9|53,67/12,13=12,73,9,92,13
43,36|15,35|49,73|32,48|30,45|51,18|45,24|9,13|74,0|36,32|74,29|74,51|13,76|73,90|76,25|0,30|18,15|29,49|74,43|74,9/74,48=74,43,36,32,48
64,54|55,31|2,82|44,18|82,92|49,10|64,49|68,51|31,77|53,16|92,9|64,68|51,44|6,43|89,6|64,89|43,41|54,55|10,53|64,2/64,9=64,2,82,92,9
69,76|34,63|13,61|15,64|60,69|0,93|89,36|93,13|71,16|89,1|89,23|98,34|43,71|89,0|54,24|1,98|89,15|36,60|23,43|64,54/89,16=89,23,43,71,16
31,81|20,73|73,30|91,85|13,60|75,52|58,92|81,23|92,13|78,33|31,70|98,75|54,78|31,24|24,54|31,77|31,58|77,20|70,98|23,91/31,52=31,70,98,75,52
98,8|8,1|26,54|54,96|98,74|1,72|98,78|20,75|98,39|2,51|39,26|27,71|51,38|40,27|78,2|74,40|81,20|72,56|75,22|98,81/98,38=98,78,2,51,38
40,11|92,9|72,92|38,49|78,16|50,51|60,53|40,66|16,12|46,72|40,46|11,28|66,60|40,96|96,50|51,54|28,38|53,68|7,78|40,7/40,12=40,7,78,16,12
72,73|56,67|81,49|81,45|19,56|95,29|20,53|76,2|9,22|45,19|81,47|50,76|81,88|49,72|47,50|53,9|29,61|81,20|73,1|88,95/81,22=81,20,53,9,22
2,99|32,64|96,14|18,49|96,89|80,18|7,81|17,80|96,27|89,32|84,23|99,84|64,12|96,17|96,2|14,97|97,7|43,36|45,43|27,45/96,81=96,14,97,7,81
76,20|15,12|12,58|76,3|3,64|37,30|62,78|49,69|76,87|47,89|7,49|87,62|64,37|76,92|92,15|4,47|76,60|60,4|78,5|20,7/76,5=76,87,62,78,5
48,36|46,85|75,37|58,26|36,29|89,54|75,70|75,49|75,89|75,46|26,31|21,79|49,11|12,19|11,21|17,91|85,17|37,48|54,12|70,58/75,19=75,89,54,12,19
4,58|2,15|2,4|86,97|1,14|55,86|81,22|62,1|71,93|38,88|15,81|97,95|2,55|56,38|14,52|58,71|2,62|22,63|88,51|2,56/2,51=2,56,38,88,51
99,48|17,33|70,67|89,17|99,80|69,39|5,0|99,25|53,10|39,38|99,53|99,70|67,3|3,60|97,42|10,97|0,20|80,69|48,5|25,89/99,20=99,48,5,0,20
17,29|17,57|29,40|13,87|17,71|77,31|17,68|31,6|68,77|40,81|89,91|93,13|57,66|81,42|55,4|83,15|71,93|66,89|17,83|15,55/17,4=17,83,15,55,4
79,84|41,38|94,99|85,49|33,39|94,85|39,78|53,90|22,19|26,69|10,16|94,26|69,53|67,41|16,79|78,71|94,10|94,33|49,22|99,67/94,84=94,10,16,79,84
89,13|70,80|72,8|97,57|5,28|28,4|16,97|96,14|70,96|14,72|70,5|57,39|13,40|70,16|4,81|45,7|80,89|74,75|70,74|75,45/70,39=70,16,97,57,39
63,28|78,38|14,23|23,87|62,50|31,55|53,14|91,53|91,92|28,12|55,9|12,24|48,62|92,48|97,31|38,15|91,74|74,78|91,97|91,63/91,24=91,63,28,12,24
46,81|77,28|13,10|94,39|81,56|57,4|45,97|49,83|4,69|49,45|49,94|49,77|39,13|28,93|83,46|49,57|93,2|69,52|85,72|97,85/49,72=49,45,97,85,72
47,23|12,44|37,80|92,62|11,74|68,90|68,47|80,70|44,11|3,64|68,53|90,37|68,12|64,58|53,3|85,81|22,7|7,85|23,92|68,22/68,74=68,12,44,11,74
22,57|87,45|87,84|52,51|87,97|35,95|84,35|94,52|95,19|83,2|2,61|61,50|1,54|97,94|45,22|57,79|87,1|25,20|54,25|87,83/87,50=87,83,2,61,50
87,10|5,16|83,7|40,84|40,88|40,5|35,92|16,83|42,52|15,20|60,24|84,51|40,87|20,79|79,36|88,42|52,74|51,35|40,15|10,60/40,92=40,84,51,35,92
80,24|90,4|48,57|4,15|80,75|9,72|76,87|81,27|24,90|87,9|27,1|31,71|88,35|35,48|80,88|62,31|75,62|80,81|1,64|80,76/80,71=80,75,62,31,71
52,57|51,64|69,77|52,96|87,1|77,91|31,51|17,41|54,88|88,10|52,31|52,17|41,56|56,80|29,87|57,69|1,32|96,54|64,47|52,29/52,10=52,96,54,88,10
26,59|49,11|98,0|75,3|10,28|10,60|66,75|51,98|60,67|10,26|18,51|10,18|67,49|13,76|24,82|10,13|28,66|42,2|59,42|76,24/10,11=10,60,67,49,11
74,61|8,4|47,33|35,29|8,15|20,93|55,74|15,18|8,55|8,90|61,65|8,47|25,88|77,44|33,25|44,92|90,77|18,35|79,20|4,79/8,29=8,15,18,35,29
5,12|73,63|8,79|18,24|91,73|98,76|8,99|57,62|99,51|20,81|51,5|69,57|81,98|8,25|79,3|63,41|25,69|8,20|8,91|3,18/8,24=8,79,3,18,24
24,59|45,78|83,60|27,74|7,81|64,75|24,45|19,27|60,64|76,98|81,76|24,83|78,33|24,19|58,43|74,14|43,73|33,84|24,7|59,58/24,84=24,45,78,33,84
21,79|33,38|97,37|38,6|97,60|60,76|4,80|76,59|6,49|79,0|97,18|97,21|1,4|0,32|37,1|99,65|97,33|59,42|54,99|18,54/97,32=97,21,79,0,32
54,13|78,26|17,15|81,34|41,16|81,10|81,88|61,22|10,61|13,37|87,17|81,77|77,54|80,18|22,23|34,87|18,78|88,41|16,85|81,80/81,85=81,88,41,16,85
37,94|79,93|37,75|6,79|61,91|8,6|37,20|54,77|72,69|20,76|69,11|37,8|75,50|0,1|77,13|13,95|37,54|50,0|76,61|94,72/37,95=37,54,77,13,95
90,31|30,35|61,86|52,45|86,69|69,8|61,13|9,85|33,66|85,33|61,23|76,30|55,76|31,24|13,93|8,17|93,52|23,90|61,55|61,9/61,17=61,86,69,8,17
28,24|18,73|84,53|44,84|28,59|90,33|81,42|28,22|5,56|42,82|28,5|22,81|59,51|56,35|35,64|53,23|73,47|51,90|24,18|28,44/28,82=28,22,81,42,82
87,39|29,43|91,53|91,88|91,32|91,63|74,64|32,85|61,7|63,83|83,29|85,61|69,37|58,87|53,58|89,69|88,74|37,10|64,78|91,89/91,43=91,63,83,29,43
65,39|78,76|43,97|76,89|19,2|74,65|33,38|74,62|2,68|39,54|27,33|97,28|74,15|13,78|74,45|62,19|45,27|74,13|15,43|54,67/74,28=74,15,43,97,28
40,13|82,23|17,59|94,4|82,3|82,17|3,20|84,57|13,79|53,26|82,40|20,53|79,36|87,90|22,60|82,84|57,94|59,87|23,71|71,22/82,26=82,3,20,53,26
31,24|44,18|30,5|23,40|5,89|78,26|91,8|78,31|78,22|78,30|52,0|78,69|24,91|22,23|46,52|18,17|40,72|26,46|89,60|69,44/78,72=78,22,23,40,72
77,12|41,36|63,67|57,77|78,41|11,57|36,99|63,91|63,78|79,32|67,86|63,11|4,47|9,33|32,31|54,4|63,54|91,79|86,9|47,74/63,99=63,78,41,36,99
40,8|40,91|40,55|91,33|40,86|33,49|49,4|16,89|89,24|85,88|34,2|86,34|2,48|8,72|24,0|40,16|55,71|71,85|72,21|21,12/40,88=40,55,71,85,88
28,24|51,73|84,90|44,84|28,59|53,23|81,42|28,22|5,18|42,82|28,5|22,81|59,56|18,35|35,33|90,47|73,64|56,53|24,51|28,44/28,82=28,22,81,42,82
17,73|88,6|73,48|28,65|71,74|88,77|53,0|39,59|88,96|74,28|96,20|77,81|88,71|6,17|18,91|59,53|88,39|81,92|92,19|20,18/88,48=88,6,17,73,48
8,22|95,49|66,78|1,8|27,61|30,24|78,40|61,23|66,30|24,95|37,56|40,37|66,1|93,97|97,60|60,84|23,46|66,93|22,69|66,27/66,84=66,93,97,60,84
30,52|30,73|30,65|46,88|42,76|88,80|76,67|65,68|73,25|52,46|28,9|51,28|47,66|68,47|30,90|43,13|25,43|90,51|30,95|95,42/30,66=30,65,68,47,66
74,38|4,33|74,50|74,27|40,75|1,84|70,39|77,85|27,40|67,62|74,70|74,4|50,77|38,47|33,1|39,76|47,67|85,46|75,7|76,22/74,7=74,27,40,75,7
55,96|97,52|51,17|39,30|27,97|78,51|55,31|31,78|63,39|68,63|55,72|58,85|19,71|85,23|40,19|55,68|72,27|7,40|55,7|96,58/55,30=55,68,63,39,30
13,30|3,66|74,27|53,60|20,15|48,20|24,93|13,14|30,24|93,71|44,76|52,74|14,52|13,53|15,84|13,48|13,44|76,3|46,45|60,46/13,84=13,48,20,15,84
22,19|22,84|32,88|77,68|74,25|68,36|58,85|83,8|8,11|11,16|84,77|25,10|22,32|22,83|3,58|22,47|89,13|47,74|88,89|19,3/22,85=22,19,3,58,85
92,26|99,27|55,21|79,75|21,93|96,41|54,55|97,81|49,36|36,14|41,35|96,61|61,49|27,79|96,97|96,99|96,54|81,92|72,50|35,72/96,75=96,99,27,79,75
24,12|6,33|81,88|6,40|22,18|7,47|88,22|96,1|20,71|47,15|6,73|6,41|71,93|73,20|6,81|12,59|28,96|33,28|40,7|41,24/6,59=6,41,24,12,59
30,73|71,55|67,88|71,36|87,30|71,94|28,84|43,57|60,80|55,43|84,0|57,64|88,47|71,28|71,72|72,67|36,60|80,34|94,87|0,54/71,34=71,36,60,80,34
81,51|49,0|31,17|49,31|49,5|48,40|78,75|49,30|75,64|30,50|5,81|64,23|50,44|35,67|88,48|0,88|51,58|44,94|49,78|17,35/49,94=49,30,50,44,94
11,45|45,44|44,41|1,29|57,16|51,73|51,84|52,10|79,1|84,79|51,36|73,37|75,33|37,92|33,57|92,12|36,52|51,75|51,11|10,39/51,29=51,84,79,1,29
92,0|56,30|30,47|38,74|63,77|49,63|3,92|56,8|17,3|47,84|77,35|56,85|85,81|57,53|39,57|84,31|56,17|56,49|8,39|81,38/56,0=56,17,3,92,0
51,66|28,52|11,13|51,87|45,79|13,28|75,26|79,85|51,86|42,59|87,48|90,50|50,95|51,45|63,42|51,11|85,76|66,63|86,90|48,75/51,95=51,86,90,50,95
22,11|43,48|66,4|57,97|92,47|48,76|12,65|92,12|54,57|92,74|47,2|18,63|2,18|4,22|92,66|24,98|92,16|74,54|16,43|65,24/92,76=92,16,43,48,76
87,21|24,79|97,38|4,40|41,4|45,10|27,48|36,74|36,55|76,1|3,41|55,24|36,3|36,45|75,27|10,76|74,75|21,97|36,87|79,28/36,48=36,74,75,27,48
97,93|30,63|93,67|67,62|31,96|30,47|30,97|30,9|72,10|33,56|47,31|9,33|66,68|63,66|68,94|30,72|2,59|10,2|56,8|96,15/30,94=30,63,66,68,94
1,69|0,40|77,78|98,34|15,81|78,39|17,0|17,14|2,98|73,74|69,72|74,24|40,15|38,77|17,30|34,48|17,38|17,2|30,73|14,1/17,39=17,38,77,78,39
55,15|88,30|22,46|39,68|71,74|5,48|47,22|46,26|75,37|88,47|88,85|30,55|15,53|88,75|37,71|88,41|68,16|41,39|85,5|48,90/88,53=88,30,55,15,53
26,96|53,59|42,20|20,94|95,12|95,79|18,71|95,22|94,11|71,7|95,42|80,53|79,10|10,98|12,18|95,64|64,80|43,26|22,43|98,1/95,96=95,22,43,26,96
90,56|87,79|56,78|17,76|21,87|80,54|81,12|76,94|96,90|7,60|96,17|96,21|89,81|54,7|79,22|78,31|96,80|96,37|37,89|94,40/96,12=96,37,89,81,12
46,82|93,17|96,56|54,46|48,5|47,96|5,93|97,51|66,47|56,27|31,57|66,54|66,97|82,62|38,21|51,31|21,88|66,48|88,90|66,38/66,57=66,97,51,31,57
21,53|70,21|84,87|84,70|41,88|16,75|42,41|39,16|84,8|56,96|84,64|96,30|53,73|8,77|76,35|59,56|77,76|64,39|87,42|84,59/84,73=84,70,21,53,73
81,15|31,0|90,12|52,39|38,50|15,27|25,52|25,92|51,53|32,95|25,32|53,55|25,51|92,96|55,40|25,81|39,31|95,90|27,34|96,38/25,12=25,32,95,90,12
16,55|46,98|68,93|19,61|15,68|15,24|15,81|22,86|83,41|24,10|10,16|15,7|81,19|41,4|15,22|86,62|62,11|61,51|93,46|7,83/15,51=15,81,19,61,51
35,80|51,88|69,39|87,51|57,37|13,65|13,57|65,87|39,34|63,22|22,30|13,98|75,69|98,0|37,94|0,35|94,11|13,75|13,63|30,46/13,88=13,65,87,51,88
38,66|23,60|96,73|56,32|71,17|4,42|51,53|51,3|82,96|68,71|10,38|17,46|39,56|51,23|51,10|53,82|60,4|51,68|66,89|3,39/51,32=51,3,39,56,32
61,89|99,82|98,94|64,99|61,27|27,64|6,21|89,0|79,2|21,29|29,36|69,37|0,69|85,20|94,79|66,87|61,6|61,98|61,85|20,66/61,2=61,98,94,79,2
6,28|10,58|86,10|26,25|58,38|68,86|68,42|34,91|68,34|91,14|55,6|36,5|42,26|28,69|25,0|14,90|68,3|5,30|3,36|68,55/68,30=68,3,36,5,30
35,9|39,35|77,56|27,97|13,10|10,27|13,42|71,12|21,44|13,60|97,73|12,55|13,39|60,77|13,71|42,18|18,21|9,69|56,62|55,38/13,38=13,71,12,55,38
64,20|25,0|32,82|4,91|98,13|70,79|0,27|13,70|25,98|27,48|48,90|25,4|82,54|26,10|94,32|20,26|25,64|76,95|91,76|25,94/25,95=25,4,91,76,95
17,73|88,6|73,48|53,65|71,20|88,77|18,19|39,59|88,96|20,53|96,81|77,74|88,71|6,17|92,0|59,18|88,39|74,28|28,91|81,92/88,48=88,6,17,73,48
66,46|64,60|13,99|9,83|95,98|83,85|60,57|66,32|32,9|66,13|63,14|99,16|66,64|66,69|69,63|16,2|98,24|57,30|14,84|46,95/66,24=66,46,95,98,24
96,57|58,15|96,60|6,77|12,63|96,12|5,11|11,47|30,6|98,28|96,95|44,30|96,44|57,98|81,58|28,90|63,9|60,5|95,81|9,59/96,15=96,95,81,58,15
34,8|37,5|53,37|79,17|79,76|75,1|25,46|46,3|17,25|64,23|10,34|1,73|79,42|23,2|79,53|73,94|5,57|76,64|79,75|42,10/79,94=79,75,1,73,94
86,4|53,93|24,81|60,20|81,31|89,24|93,87|4,13|53,43|76,49|20,45|90,76|53,28|11,80|29,90|87,11|53,89|53,29|28,60|43,86/53,49=53,29,90,76,49
76,6|98,61|76,13|20,65|32,98|51,81|76,20|82,2|65,51|44,26|85,83|61,84|76,32|13,82|83,87|26,67|76,85|87,71|2,49|6,44/76,67=76,6,44,26,67
2,23|36,7|94,36|94,67|21,34|90,24|92,86|67,57|3,38|94,90|94,56|7,21|94,2|24,45|23,76|76,68|45,52|57,92|38,64|56,3/94,86=94,67,57,92,86
82,50|42,91|82,95|82,5|89,32|82,31|95,77|96,61|91,8|17,4|76,45|4,43|77,76|5,42|50,66|88,17|82,88|31,96|66,89|61,51/82,8=82,5,42,91,8
9,77|30,57|86,64|53,24|90,92|6,86|91,83|57,6|24,9|30,58|30,53|44,54|98,91|83,28|79,8|92,79|30,98|58,44|54,10|30,90/30,77=30,53,24,9,77
74,19|68,29|15,6|21,72|28,77|15,65|39,74|66,68|22,94|94,51|50,39|15,96|6,66|96,73|73,28|15,22|51,34|72,54|15,50|65,21/15,19=15,50,39,74,19
24,92|27,1|81,93|87,60|80,71|36,54|84,36|71,50|45,81|80,4|80,68|80,84|44,87|54,96|50,24|1,66|80,94|68,27|4,44|94,45/80,93=80,94,45,81,93
13,98|71,86|41,74|82,16|54,84|55,34|74,55|70,30|41,25|15,56|16,54|34,1|98,40|41,71|41,46|46,22|25,13|86,70|22,15|41,82/41,56=41,46,22,15,56
78,26|44,80|37,48|37,59|21,75|30,40|72,34|48,99|42,30|37,78|23,77|37,44|26,72|99,23|59,93|80,19|19,39|93,21|37,29|29,42/37,34=37,78,26,72,34
82,75|36,13|82,81|4,96|14,56|81,41|44,89|5,72|43,28|82,43|72,11|84,14|13,44|28,63|82,36|75,5|63,0|82,24|24,84|41,4/82,96=82,81,41,4,96
40,19|62,2|63,9|40,28|60,15|40,62|20,86|75,91|4,68|83,20|28,83|9,90|90,97|40,63|80,75|2,36|15,4|40,60|19,80|36,14/40,14=40,62,2,36,14
56,92|6,37|17,56|67,4|48,65|2,44|17,48|45,49|65,76|4,36|92,45|17,2|76,98|82,94|17,67|33,77|94,33|44,6|36,62|17,82/17,37=17,2,44,6,37
55,40|26,10|86,14|92,23|27,82|69,26|55,27|14,34|55,75|66,63|62,25|75,86|74,62|55,69|46,92|82,66|23,11|10,64|55,46|40,74/55,63=55,27,82,66,63
12,39|86,10|90,87|12,27|47,25|10,35|27,82|16,7|35,59|88,16|85,84|39,28|7,55|82,33|12,90|33,2|12,86|12,88|87,47|28,85/12,25=12,90,87,47,25
49,73|60,53|44,9|23,60|16,44|28,65|78,58|90,78|84,90|28,84|42,63|28,49|1,52|24,96|28,16|9,77|63,1|28,42|73,24|65,23/28,96=28,49,73,24,96
24,27|99,8|13,59|38,68|53,84|74,75|5,51|59,86|92,29|8,38|84,74|13,99|51,24|13,5|86,92|13,7|21,64|13,53|39,21|7,39/13,29=13,59,86,92,29
3,14|3,31|3,27|67,65|65,30|81,61|35,1|61,89|77,54|8,40|41,51|22,90|3,41|31,67|3,8|99,22|40,35|27,81|51,77|14,99/3,1=3,8,40,35,1
88,23|35,60|62,35|88,21|74,83|12,6|69,92|51,69|21,51|88,12|72,85|88,66|6,4|88,89|53,72|23,50|66,62|50,74|4,58|89,53/88,92=88,21,51,69,92
38,58|68,47|58,48|80,81|99,7|7,71|98,40|63,80|57,63|47,93|48,90|38,68|38,99|38,57|71,24|93,31|90,50|79,20|38,98|40,79/38,20=38,98,40,79,20
87,0|37,69|95,70|90,52|69,53|81,59|94,43|70,37|52,5|95,54|95,87|61,90|95,61|16,19|95,34|59,47|0,16|34,81|54,94|43,21/95,5=95,61,90,52,5
88,51|12,47|46,74|24,39|47,46|9,6|24,16|22,70|24,12|24,57|24,22|39,88|57,23|66,9|70,43|43,37|16,66|2,19|51,63|23,2/24,37=24,22,70,43,37
20,0|25,99|99,59|45,76|83,6|83,25|6,93|93,13|38,20|76,69|59,11|87,92|92,23|67,45|83,67|83,38|83,88|88,87|13,84|0,7/83,69=83,67,45,76,69
1,67|19,78|9,1|3,30|3,68|3,42|31,21|80,53|42,19|95,92|88,98|3,79|70,31|92,88|53,4|68,9|79,70|78,38|30,80|3,95/3,67=3,68,9,1,67
35,46|15,47|55,72|34,55|35,57|54,34|78,21|35,87|57,7|71,11|87,15|6,71|47,23|7,81|35,54|46,86|35,16|86,78|16,6|81,33/35,33=35,57,7,81,33
29,70|29,45|52,80|67,79|80,26|78,31|16,51|29,46|29,78|79,53|51,96|70,16|26,49|46,55|5,58|31,93|45,67|29,52|55,5|93,84/29,53=29,45,67,79,53
57,30|15,80|61,57|80,51|51,16|6,13|13,91|14,53|49,86|59,61|6,15|70,66|3,70|91,14|6,43|6,59|43,3|6,10|42,49|10,42/6,30=6,59,61,57,30
39,7|30,63|7,54|71,11|58,17|30,33|30,62|28,87|62,94|33,39|17,40|11,55|0,35|82,58|30,0|30,82|35,28|94,25|63,71|25,26/30,26=30,62,94,25,26
78,60|22,91|87,9|75,73|22,34|9,46|45,83|22,78|94,16|34,74|83,75|60,99|98,87|22,45|42,30|91,94|74,42|99,33|22,98|16,27/22,73=22,45,83,75,73
43,84|80,28|83,22|5,57|5,86|65,23|84,26|86,91|28,49|57,59|91,83|5,98|98,43|5,80|49,39|31,58|5,65|13,85|23,31|59,13/5,26=5,98,43,84,26
48,15|1,14|62,22|27,87|22,72|9,48|3,27|12,77|77,41|28,9|12,61|87,86|61,1|12,78|14,83|12,28|12,3|41,85|85,52|78,62/12,15=12,28,9,48,15
87,0|24,3|87,59|87,12|75,58|67,65|27,82|12,45|87,90|90,76|45,75|59,39|76,67|47,27|0,47|72,14|20,57|57,72|39,24|87,20/87,58=87,12,45,75,58
75,36|42,32|93,68|12,3|6,15|63,51|26,76|12,26|12,46|36,42|12,75|50,63|55,11|76,55|3,93|88,6|49,50|46,88|12,49|68,14/12,32=12,75,36,42,32
46,19|40,68|57,77|65,14|57,91|86,10|57,26|56,65|91,38|57,42|50,84|2,46|38,50|57,13|42,56|89,40|13,2|77,25|26,89|25,86/57,84=57,91,38,50,84
73,29|77,16|7,12|63,14|14,89|61,77|29,69|5,63|65,55|86,73|31,65|61,86|61,5|26,53|61,36|16,7|53,6|6,71|36,31|61,26/61,12=61,77,16,7,12
74,7|54,64|86,54|7,37|21,26|74,61|61,46|74,0|11,81|74,21|37,11|52,85|53,66|46,80|74,6|0,86|91,53|80,28|26,52|6,91/74,81=74,7,37,11,81
49,5|48,9|48,66|81,58|48,39|48,54|26,14|73,0|54,81|48,47|27,49|66,27|89,3|39,12|92,89|47,92|82,73|9,82|58,90|12,26/48,3=48,47,92,89,3
75,86|28,2|19,32|11,7|34,0|76,77|34,33|34,28|62,38|88,22|78,75|33,11|21,23|22,76|7,84|2,62|34,19|32,21|0,78|34,88/34,38=34,28,2,62,38
85,67|32,84|85,71|85,41|84,47|56,14|30,20|79,80|85,4|71,58|20,69|67,32|14,72|58,38|95,79|38,23|85,81|4,95|81,56|41,30/85,69=85,41,30,20,69
72,66|96,51|56,72|52,28|56,12|14,91|99,80|28,43|12,67|67,96|24,90|93,94|94,14|86,99|56,93|56,87|87,52|66,24|83,86|56,83/56,90=56,72,66,24,90
41,39|41,43|79,80|2,96|43,21|21,66|39,49|41,71|96,24|24,56|59,22|71,83|49,91|66,57|41,38|91,84|38,63|63,59|83,79|41,2/41,57=41,43,21,66,57
53,90|99,95|31,43|99,82|82,80|99,31|77,96|99,62|62,38|14,16|87,4|9,67|75,41|16,77|43,87|38,75|99,14|80,9|61,53|95,61/99,41=99,62,38,75,41
87,11|21,13|51,87|84,89|65,76|13,60|89,80|6,41|64,15|65,6|65,4|53,84|76,51|65,53|60,30|58,64|82,45|4,58|65,21|41,82/65,15=65,4,58,64,15
94,5|94,83|62,64|94,59|75,60|64,70|83,53|99,96|79,58|55,75|58,82|94,55|53,80|5,79|94,31|60,74|59,62|12,99|31,12|80,37/94,74=94,55,75,60,74
81,45|36,17|38,67|37,13|5,18|13,71|67,97|90,95|45,62|5,79|5,14|18,38|14,81|7,0|5,25|95,42|17,7|5,36|79,37|25,90/5,42=5,25,90,95,42
7,41|45,61|79,9|79,37|79,67|78,49|49,85|24,7|79,0|42,57|9,24|79,96|51,50|50,38|61,62|37,78|57,34|67,51|96,45|0,42/79,38=79,67,51,50,38
5,75|87,5|83,12|31,41|86,11|92,55|10,31|83,73|73,86|18,48|12,35|32,92|53,32|83,79|83,53|83,33|11,47|33,10|79,87|35,18/83,55=83,53,32,92,55
37,48|33,44|36,1|46,3|46,27|27,84|44,2|3,37|38,36|84,14|48,28|60,41|71,60|46,95|46,47|47,38|41,30|95,33|46,71|14,12/46,12=46,27,84,14,12
86,44|60,73|43,46|17,60|77,93|65,69|78,66|61,48|66,32|69,20|65,64|46,86|64,24|24,77|20,61|65,9|9,17|32,71|65,78|65,43/65,73=65,9,17,60,73
11,38|41,94|64,22|13,31|71,11|22,99|51,44|49,45|97,64|71,70|38,60|44,75|71,41|71,97|94,49|84,13|75,16|70,84|71,51|60,32/71,16=71,51,44,75,16
91,57|87,7|12,32|54,87|11,91|21,9|72,47|72,34|63,10|7,14|92,94|34,92|72,17|17,11|9,65|72,54|94,89|47,21|10,12|72,63/72,14=72,54,87,7,14
13,3|65,85|37,41|9,94|91,47|94,13|41,59|9,65|88,91|9,74|30,32|74,28|28,30|85,36|59,20|36,79|9,37|3,16|47,75|9,88/9,20=9,37,41,59,20
97,19|67,46|88,49|88,8|82,53|49,15|47,78|88,47|8,97|21,55|88,59|15,67|53,56|18,21|59,82|78,16|55,44|16,39|19,4|88,18/88,56=88,59,82,53,56
90,61|92,95|28,29|25,33|43,38|29,25|73,43|73,28|60,85|41,6|73,90|6,34|56,41|73,56|73,60|61,97|97,50|38,92|85,48|48,83/73,50=73,90,61,97,50
99,93|96,78|3,99|55,44|44,96|23,27|32,92|55,42|27,12|92,56|55,32|89,13|42,3|55,18|18,89|78,21|58,23|55,58|56,29|13,87/55,21=55,44,96,78,21
58,56|84,87|38,58|90,23|98,30|23,6|70,73|21,70|73,44|35,14|14,32|84,9|87,79|79,98|6,5|56,66|84,90|84,21|84,38|9,35/84,5=84,90,23,6,5
16,44|43,37|66,80|73,67|55,56|54,55|54,41|20,16|41,20|76,43|58,72|89,39|54,28|80,58|28,76|54,73|67,40|40,49|54,66|56,89/54,37=54,28,76,43,37
6,42|6,51|12,50|42,4|97,16|79,34|34,9|51,78|6,20|78,97|6,12|50,17|20,92|35,18|49,82|6,79|4,49|92,35|9,45|17,90/6,90=6,12,50,17,90
42,46|24,43|67,71|80,79|2,91|67,80|34,97|82,11|68,20|67,49|0,2|15,0|43,52|79,82|67,42|49,24|71,68|46,34|67,15|20,70/67,70=67,71,68,20,70
88,52|32,11|11,74|95,59|49,44|70,78|16,88|16,90|40,82|52,40|78,20|16,95|16,36|36,70|66,60|44,7|59,66|90,49|16,12|12,32/16,60=16,95,59,66,60
97,55|70,5|15,3|17,47|15,92|55,44|7,48|36,76|47,35|15,59|15,89|93,17|15,93|24,7|89,33|59,97|92,96|96,36|33,70|3,24/15,48=15,3,24,7,48
85,99|33,10|47,50|86,51|50,81|67,22|17,85|10,18|94,47|18,7|17,94|17,33|99,67|13,90|17,86|43,5|90,89|51,43|17,13|89,91/17,91=17,13,90,89,91
29,47|65,40|63,17|23,29|18,71|73,63|65,85|65,88|24,23|30,4|65,24|85,60|40,18|65,97|97,32|32,30|88,73|71,31|60,3|3,42/65,42=65,85,60,3,42
82,8|66,35|51,89|51,82|14,4|71,67|51,76|51,71|76,46|93,87|35,13|78,31|67,73|89,66|87,12|8,14|51,93|12,77|46,78|73,99/51,77=51,93,87,12,77
8,18|75,23|18,38|97,86|89,97|5,44|23,76|91,5|19,81|3,30|81,8|19,75|76,4|86,70|19,89|42,91|19,42|19,33|30,9|33,3/19,70=19,89,97,86,70
24,11|53,93|60,20|86,4|20,80|89,60|93,87|11,13|53,43|76,49|4,31|90,76|53,28|81,45|29,90|87,81|53,89|53,29|28,86|43,24/53,49=53,29,90,76,49
25,10|58,78|58,11|20,36|44,50|50,20|62,5|11,49|78,18|49,62|58,72|99,81|43,4|18,25|79,99|58,44|72,79|58,68|4,51|68,43/58,81=58,72,79,99,81
24,36|41,55|83,21|41,63|4,83|51,42|41,64|41,4|6,34|82,72|64,51|42,8|34,82|19,24|99,9|55,99|21,98|63,19|9,79|41,6/41,79=41,55,99,9,79
56,99|88,51|34,38|73,34|71,73|39,33|93,66|51,56|33,67|66,80|38,45|80,78|71,1|1,39|8,42|71,93|10,16|16,8|71,88|71,10/71,99=71,88,51,56,99
92,93|74,90|67,41|74,42|90,20|6,60|41,34|99,98|14,67|74,80|33,23|74,46|98,48|46,99|93,56|20,33|80,78|42,92|74,14|78,6/74,60=74,80,78,6,60
22,61|58,22|9,57|58,19|52,50|48,36|61,48|16,39|58,27|27,82|57,40|21,52|45,16|58,72|72,9|19,45|50,89|75,44|82,75|58,21/58,44=58,27,82,75,44
73,4|40,37|61,84|45,39|29,12|15,29|41,45|96,79|94,13|40,61|17,15|84,43|43,82|40,94|40,17|40,41|13,73|79,32|37,96|39,70/40,32=40,37,96,79,32
82,59|99,98|16,68|93,33|59,56|91,42|56,22|57,1|82,67|26,57|18,32|82,16|32,96|82,95|95,26|82,99|22,25|67,18|68,91|98,93/82,33=82,99,98,93,33
57,98|62,55|65,95|17,97|61,27|28,61|33,65|97,34|62,28|62,17|62,91|55,59|95,83|62,33|79,19|34,92|98,80|27,51|91,57|59,79/62,92=62,17,97,34,92
76,93|16,38|41,75|93,14|96,18|50,94|50,96|50,41|54,70|37,97|17,16|97,7|43,76|7,52|94,17|81,69|50,37|50,43|75,54|18,81/50,52=50,37,97,7,52
26,55|55,9|18,93|46,78|2,29|71,75|50,60|79,25|42,76|93,47|0,26|8,23|23,50|79,0|25,18|78,42|79,2|79,46|29,71|79,8/79,9=79,0,26,55,9
89,47|89,74|57,98|2,62|47,57|6,59|74,21|67,69|89,67|89,46|62,3|21,82|89,93|93,2|80,79|59,54|69,80|82,40|98,50|46,6/89,79=89,67,69,80,79
5,74|70,82|54,14|80,4|54,58|83,87|57,16|79,35|11,31|54,70|54,83|35,63|82,80|55,5|54,57|14,79|87,89|16,11|58,55|89,7/54,31=54,57,16,11,31
41,37|19,8|10,41|14,58|12,22|39,46|70,94|24,12|10,75|75,19|8,71|35,60|94,35|10,24|10,70|10,39|72,7|22,4|46,72|37,14/10,58=10,41,37,14,58
38,28|57,44|87,65|89,1|56,98|57,87|57,16|57,41|57,38|44,56|2,84|5,81|98,32|41,2|65,19|1,17|28,5|19,79|16,89|84,70/57,17=57,16,89,1,17
33,66|88,23|33,5|67,73|33,67|40,59|37,69|43,22|26,88|95,11|60,95|93,26|66,60|46,54|22,77|5,43|73,40|33,37|33,93|69,46/33,23=33,93,26,88,23
19,32|96,50|19,24|19,72|19,90|44,51|65,81|72,17|24,64|17,43|36,53|90,36|53,91|30,65|32,30|73,96|19,73|50,87|64,44|43,79/19,79=19,72,17,43,79
72,13|44,72|26,15|58,79|44,14|87,21|44,86|34,58|1,24|22,81|14,22|48,26|86,34|11,66|44,83|83,48|21,11|81,25|44,87|13,1/44,66=44,87,21,11,66
20,59|96,35|22,25|96,22|58,16|65,67|16,94|35,20|67,13|91,17|17,39|96,65|96,91|60,10|59,26|13,66|96,58|25,60|39,98|94,71/96,10=96,22,25,60,10
0,88|18,9|8,99|43,41|7,68|75,1|4,85|43,8|9,36|41,24|99,52|43,4|17,71|24,75|43,57|88,7|43,0|57,18|85,17|52,34/43,36=43,57,18,9,36
58,95|37,92|30,12|25,3|92,71|73,37|12,43|47,26|99,32|43,48|79,30|95,98|79,58|3,40|79,25|98,11|32,47|79,99|40,10|79,73/79,48=79,30,12,43,48
1,44|66,92|66,6|56,29|84,57|63,41|66,71|6,21|21,99|71,91|65,25|91,56|92,65|87,47|99,7|57,1|47,63|66,87|66,84|25,46/66,7=66,6,21,99,7
82,97|55,67|93,71|48,46|71,13|9,94|46,55|40,52|14,9|13,78|78,5|97,88|65,30|93,82|93,48|93,14|93,40|52,65|88,60|94,6/93,67=93,48,46,55,67
27,72|17,23|17,94|22,6|62,92|17,91|91,27|13,62|36,47|6,73|52,61|17,52|75,18|17,95|58,36|72,45|61,75|95,22|94,58|23,13/17,47=17,94,58,36,47
40,39|43,37|66,20|73,80|55,56|54,55|54,41|67,40|41,67|76,43|89,72|16,49|54,28|20,89|28,76|54,73|80,58|58,44|54,66|56,16/54,37=54,28,76,43,37
53,31|53,10|98,78|69,3|56,6|97,14|76,39|63,17|10,85|78,76|53,63|53,98|85,95|53,97|22,23|14,56|31,69|95,32|17,22|3,37/53,32=53,10,85,95,32
18,5|62,8|14,0|19,16|51,19|20,81|89,51|31,89|55,63|8,18|31,62|96,14|31,96|31,55|63,20|73,90|50,73|31,46|0,2|46,50/31,2=31,96,14,0,2
62,57|47,87|47,65|29,11|65,16|40,73|70,77|47,51|47,68|23,94|63,81|95,23|51,62|16,40|57,45|47,29|87,34|11,70|68,95|34,63/47,77=47,29,11,70,77
58,42|94,99|80,32|99,9|80,93|32,13|11,8|13,25|42,78|93,57|77,46|57,11|82,94|80,40|80,82|40,77|80,58|46,69|78,31|25,87/80,8=80,93,57,11,8
69,12|87,24|17,36|17,34|48,18|17,16|36,0|97,48|34,98|17,86|86,44|57,31|45,39|18,14|17,97|16,57|31,64|98,87|44,69|0,45/17,12=17,86,44,69,12
3,23|77,45|43,33|5,90|90,78|45,39|51,16|51,43|16,9|51,3|9,21|88,77|23,61|51,89|65,13|89,5|33,65|51,88|61,25|21,30/51,78=51,89,5,90,78
89,14|82,25|25,52|10,66|50,30|82,5|42,49|52,42|26,68|5,51|75,20|51,50|82,98|98,1|47,10|97,47|1,26|82,89|82,97|14,75/82,68=82,98,1,26,68
29,54|58,93|27,31|87,73|58,90|11,77|58,11|58,86|58,13|13,29|14,1|93,87|77,27|46,14|90,8|37,48|73,62|54,68|8,37|86,46/58,48=58,90,8,37,48
31,22|72,87|51,18|39,99|24,6|55,92|31,66|31,55|18,80|92,8|22,51|26,39|31,72|66,26|87,32|31,24|75,82|6,75|8,74|32,16/31,80=31,22,51,18,80
44,9|79,32|33,14|91,69|25,79|68,10|69,31|9,18|33,19|14,44|33,66|32,30|33,48|48,97|36,56|66,49|49,36|97,68|33,25|19,91/33,31=33,19,91,69,31
7,11|68,1|70,72|65,74|7,9|47,50|72,65|16,54|50,43|46,13|88,47|7,70|10,42|9,78|78,10|54,68|11,46|13,83|7,88|7,16/7,43=7,88,47,50,43
39,13|79,23|52,32|76,50|58,2|30,89|32,79|5,1|22,65|65,27|89,77|80,30|5,80|5,76|3,19|5,58|1,22|5,52|50,3|2,39/5,19=5,76,50,3,19
99,17|80,86|51,59|99,46|34,96|99,48|46,38|25,0|17,33|0,42|38,80|59,82|99,34|61,37|33,21|99,28|48,25|21,26|28,51|96,61/99,42=99,48,25,0,42
0,14|16,23|20,66|7,0|61,81|61,7|23,80|29,71|14,72|73,16|61,48|90,22|59,76|22,20|61,73|61,90|81,29|71,30|48,83|83,59/61,72=61,7,0,14,72
49,34|33,17|45,66|83,1|33,84|26,54|35,51|54,38|34,20|33,60|78,45|51,63|17,26|6,83|33,49|20,19|60,35|33,94|84,78|94,6/33,38=33,17,26,54,38
3,34|86,49|90,50|3,48|7,76|8,13|48,51|61,31|13,69|79,53|49,7|25,8|3,25|71,79|3,90|51,61|3,86|34,71|10,84|50,10/3,84=3,90,50,10,84
74,33|34,58|76,47|17,57|47,65|57,74|90,45|3,46|45,80|3,17|3,10|46,76|10,63|73,84|3,90|0,67|80,6|63,0|84,34|3,73/3,67=3,10,63,0,67
0,14|29,20|23,30|7,0|61,81|61,7|20,66|83,59|14,72|73,29|61,48|90,22|71,80|22,23|61,73|61,90|81,83|59,76|48,16|16,71/61,72=61,7,0,14,72
6,39|78,57|10,96|50,2|57,10|2,62|8,51|51,88|8,50|62,36|70,14|44,6|91,54|71,76|8,78|8,91|39,60|88,71|8,44|54,70/8,76=8,51,88,71,76
31,22|72,87|51,18|39,82|24,26|55,6|31,66|31,55|18,80|6,32|22,51|92,39|31,72|66,92|87,8|31,24|75,74|26,75|32,16|8,99/31,80=31,22,51,18,80
92,39|52,43|93,11|88,52|39,57|37,18|76,81|88,64|9,86|18,9|56,72|11,0|88,37|64,93|81,56|88,92|70,83|88,76|43,70|57,40/88,86=88,37,18,9,86
63,36|76,95|67,46|40,97|54,87|19,18|40,89|16,84|40,67|97,63|46,76|5,2|83,15|40,54|89,45|87,5|40,83|36,68|45,19|15,16/40,18=40,89,45,19,18
97,96|80,97|80,43|35,41|87,8|47,33|9,35|93,87|67,27|41,2|80,47|80,38|38,67|33,28|43,93|27,63|96,10|28,53|10,25|80,9/80,63=80,38,67,27,63
42,24|16,81|1,33|74,2|99,57|2,79|97,64|1,89|70,47|0,97|33,99|81,91|79,96|1,11|57,52|1,42|89,16|11,0|24,70|1,74/1,96=1,74,2,79,96
46,19|51,29|85,44|63,43|1,28|44,52|29,17|13,85|80,51|46,80|6,61|47,21|46,47|19,63|46,13|46,1|21,6|40,81|43,11|28,40/46,81=46,1,28,40,81
32,48|48,68|4,53|34,55|55,9|32,34|53,59|9,73|16,30|10,96|59,93|21,10|72,25|30,72|2,14|32,16|32,21|96,31|32,4|68,2/32,31=32,21,10,96,31
86,18|67,59|68,21|63,74|8,12|55,83|21,53|15,23|74,84|15,86|15,66|66,68|59,4|15,67|18,55|12,78|4,94|15,47|47,8|23,63/15,53=15,66,68,21,53
96,38|18,69|38,52|73,49|73,96|52,82|80,13|73,37|37,76|0,22|73,97|73,35|49,9|76,80|69,20|35,18|9,0|97,71|71,92|92,34/73,34=73,97,71,92,34
85,87|12,83|82,80|37,93|60,41|15,82|40,85|44,60|23,90|80,61|93,71|37,97|10,40|37,33|90,58|71,12|37,10|37,15|33,23|97,44/37,58=37,33,23,90,58
25,49|25,59|90,83|6,22|61,90|28,74|86,50|74,39|18,86|88,97|49,6|85,28|25,2|27,61|59,18|97,56|25,27|22,40|25,85|2,88/25,56=25,2,88,97,56
39,93|60,58|46,28|86,76|63,43|34,86|46,5|67,63|28,67|46,60|72,41|1,31|5,72|46,80|41,79|58,39|61,34|46,61|31,47|80,1/46,76=46,61,34,86,76
35,58|32,25|14,0|13,14|64,28|48,52|82,39|66,47|13,82|52,90|1,2|0,70|70,50|13,48|2,64|25,35|90,42|13,32|39,66|13,1/13,58=13,32,25,35,58
56,8|8,45|76,92|76,56|34,94|1,55|45,12|74,5|76,34|76,1|85,33|50,59|27,4|95,63|55,27|63,14|76,85|33,50|92,95|94,74/76,4=76,1,55,27,4
58,59|4,96|34,58|57,75|36,33|44,50|50,39|4,79|9,11|59,69|4,34|24,36|4,24|37,44|96,43|33,67|99,57|43,9|79,99|4,37/4,69=4,34,58,59,69
25,83|3,33|85,10|85,77|37,7|24,90|33,63|85,80|62,25|85,37|85,62|75,35|7,24|74,20|10,75|20,6|80,74|83,64|77,3|35,41/85,64=85,62,25,83,64
36,43|60,19|19,7|96,17|30,83|32,96|43,67|95,61|1,75|61,64|75,25|77,1|83,60|30,4|64,31|30,94|30,95|30,77|94,32|4,36/30,25=30,77,1,75,25
85,60|11,30|47,64|43,73|30,16|52,80|64,75|80,55|53,43|52,47|83,6|18,85|70,53|52,18|55,83|12,11|52,70|75,26|52,12|60,22/52,6=52,80,55,83,6
65,7|94,48|43,18|90,43|51,94|10,64|90,50|89,46|50,14|23,77|90,20|60,55|18,23|83,65|90,89|86,51|20,83|90,86|46,10|14,60/90,7=90,20,83,65,7
79,34|71,30|34,6|22,37|22,99|48,46|46,32|22,79|22,48|45,90|6,49|99,62|0,73|22,71|90,92|62,0|32,13|30,94|37,45|94,97/22,73=22,99,62,0,73
1,6|47,9|31,78|31,98|74,23|0,90|6,40|31,0|98,47|31,61|92,74|57,54|31,92|23,49|61,1|14,89|78,57|90,14|9,22|54,71/31,22=31,98,47,9,22
12,85|1,63|63,59|15,73|23,9|22,6|79,99|83,88|38,1|5,76|5,12|73,8|76,10|5,38|99,83|5,79|85,22|10,23|5,15|8,67/5,6=5,12,85,22,6
38,27|89,23|45,79|38,44|58,18|27,6|44,64|64,39|73,55|50,45|18,89|82,73|6,15|38,50|55,68|38,82|15,37|39,83|79,95|38,58/38,37=38,27,6,15,37
14,3|48,40|67,94|78,41|72,17|27,72|94,97|41,42|42,47|68,67|3,18|78,68|78,48|78,34|18,63|34,27|47,25|78,14|57,20|40,57/78,25=78,41,42,47,25
49,55|25,84|0,49|0,35|20,34|6,57|67,39|55,6|30,25|52,38|54,56|35,30|38,85|74,47|56,20|47,67|0,54|0,46|0,74|46,52/0,57=0,49,55,6,57
92,0|56,30|30,39|77,35|63,38|49,63|3,92|56,8|17,3|39,57|38,31|56,85|85,47|84,74|81,84|57,53|56,17|56,49|8,81|47,77/56,0=56,17,3,92,0
61,13|66,48|11,55|44,57|78,72|60,61|20,53|72,91|78,66|78,88|78,60|33,44|51,0|91,51|88,33|13,89|53,11|48,39|78,20|39,65/78,89=78,60,61,13,89
14,93|14,10|26,87|62,85|85,44|15,55|87,51|86,42|55,45|30,31|14,86|10,62|9,91|66,26|14,4|93,15|42,30|4,46|14,66|46,9/14,51=14,66,26,87,51
97,37|37,45|72,87|81,59|92,99|78,17|97,81|99,73|59,29|90,78|43,92|87,6|29,88|97,43|80,36|67,90|97,67|45,80|97,72|6,19/97,73=97,43,92,99,73
91,98|98,81|5,11|11,83|21,5|21,38|50,25|74,90|81,73|43,86|64,22|21,50|35,43|25,74|83,52|21,91|66,87|21,64|22,66|38,35/21,73=21,91,98,81,73
27,18|27,33|40,39|20,40|68,24|21,45|27,86|45,84|24,19|27,21|59,8|60,42|27,44|86,96|18,20|33,59|96,60|8,2|84,29|44,68/27,29=27,21,45,84,29
97,55|6,16|61,89|40,30|61,95|30,88|24,36|95,97|61,40|61,58|55,60|16,71|49,99|36,63|61,56|89,6|88,52|56,49|58,24|99,96/61,96=61,56,49,99,96
50,0|27,39|41,46|79,23|46,59|9,99|50,27|99,60|90,20|50,9|43,96|50,43|60,10|0,90|12,41|39,11|96,79|20,35|50,12|11,21/50,10=50,9,99,60,10
74,91|8,73|27,55|4,74|37,51|37,87|51,28|37,5|87,4|28,65|37,27|48,8|22,2|55,22|73,23|37,48|76,59|59,98|65,58|5,76/37,23=37,48,8,73,23
48,79|80,44|62,24|96,74|94,17|17,88|19,48|71,94|24,63|65,80|36,19|3,36|44,87|74,68|3,71|3,96|3,52|3,65|68,30|52,62/3,63=3,52,62,24,63
65,78|19,2|43,97|2,89|39,54|74,65|76,67|74,62|54,38|78,33|27,76|97,28|74,15|13,19|74,45|62,39|45,27|74,13|15,43|33,68/74,28=74,15,43,97,28
41,23|23,69|69,80|49,13|41,2|6,3|41,6|8,88|3,39|63,31|80,72|41,37|53,8|37,53|39,21|61,38|9,61|2,9|13,63|41,49/41,31=41,49,13,63,31
99,20|68,66|96,38|42,6|25,24|15,95|83,85|6,15|56,83|96,94|45,53|94,80|80,45|96,56|24,21|20,68|38,25|96,99|85,31|96,42/96,66=96,99,20,68,66
11,88|63,28|64,31|88,76|19,32|32,40|63,25|25,43|65,64|43,35|63,11|35,33|28,92|36,65|92,26|63,36|63,20|76,60|26,83|20,19/63,31=63,36,65,64,31
35,90|78,56|36,24|14,5|34,70|55,34|67,36|32,48|81,73|28,50|32,67|32,81|32,14|32,55|5,78|24,94|73,28|70,51|17,35|48,17/32,50=32,81,73,28,50
43,34|77,37|35,53|18,72|66,13|47,85|57,32|22,77|18,33|44,29|72,22|34,89|18,43|29,35|82,66|18,44|33,82|32,47|89,54|18,57/18,53=18,44,29,35,53
32,18|17,32|66,63|23,92|74,52|63,22|22,65|60,23|74,66|69,9|18,77|62,39|52,54|12,60|39,70|74,62|74,17|54,69|70,44|74,12/74,77=74,17,32,18,77
58,59|4,96|34,58|50,11|43,9|44,33|33,75|4,79|57,39|59,69|4,34|24,43|4,24|37,44|96,99|9,67|36,50|99,57|79,36|4,37/4,69=4,34,58,59,69
22,85|77,84|76,18|11,22|5,79|77,16|16,59|90,28|45,71|30,78|46,87|79,90|99,10|59,30|10,45|87,76|77,99|84,11|77,46|77,5/77,85=77,84,11,22,85
63,76|8,59|59,20|30,8|49,45|92,63|93,24|48,38|24,31|45,93|65,89|89,98|19,0|38,19|98,5|49,84|49,65|84,92|49,48|49,30/49,0=49,48,38,19,0
42,99|24,97|1,33|74,2|16,70|2,79|81,91|1,89|57,52|0,81|33,16|97,47|79,96|1,11|70,64|1,42|89,24|11,0|99,57|1,74/1,96=1,74,2,79,96
71,1|41,74|73,21|66,25|41,73|41,71|85,81|55,24|65,85|74,16|16,61|41,45|45,65|23,66|41,23|9,64|21,9|61,11|25,43|1,55/41,24=41,71,1,55,24
4,61|90,46|45,90|4,45|46,16|0,71|4,58|29,84|84,18|68,96|58,52|4,94|61,29|52,73|73,83|40,14|96,32|14,0|4,40|94,68/4,83=4,58,52,73,83
20,22|4,7|72,32|75,55|20,4|64,78|22,28|20,24|19,96|20,94|7,48|24,72|28,19|94,37|60,18|32,62|78,60|20,64|48,80|37,75/20,96=20,22,28,19,96
88,33|23,65|59,13|25,98|79,55|13,68|92,80|92,84|80,21|92,44|21,90|90,81|33,25|84,69|92,96|96,56|69,79|92,88|44,59|56,23/92,81=92,80,21,90,81
75,90|42,17|35,26|17,46|42,73|18,27|42,40|29,20|24,66|90,34|54,29|46,35|73,76|89,54|40,75|42,89|31,18|76,24|27,38|42,31/42,34=42,40,75,90,34
54,23|85,94|40,95|94,44|30,97|67,48|85,28|85,30|18,0|97,18|35,67|10,72|95,47|28,79|8,35|44,54|85,62|85,8|62,40|79,10/85,0=85,30,97,18,0
9,4|55,27|26,42|27,2|0,78|47,39|97,26|33,5|55,76|55,9|2,56|77,0|55,77|5,92|55,50|78,65|4,47|76,33|56,34|50,97/55,39=55,9,4,47,39
44,40|11,4|88,96|58,44|88,24|48,68|19,13|68,23|4,72|45,85|72,12|88,98|88,11|98,48|96,58|88,84|84,78|24,45|85,97|78,19/88,12=88,11,4,72,12
24,72|5,42|90,24|35,0|84,47|43,74|67,90|5,85|42,31|28,10|31,9|5,28|38,16|0,84|66,43|5,67|9,14|5,35|85,66|10,38/5,16=5,28,10,38,16
65,2|23,0|2,59|74,50|8,25|67,74|22,65|60,75|76,61|27,64|45,76|45,23|0,27|45,67|90,26|45,8|25,60|45,22|50,92|61,90/45,26=45,76,61,90,26
28,29|75,51|55,13|28,69|78,26|12,60|52,76|69,75|2,88|30,93|60,2|97,73|28,12|76,30|28,52|29,18|18,55|73,78|51,61|28,97/28,88=28,12,60,2,88
53,71|52,69|86,7|75,63|39,81|46,24|24,82|69,37|39,85|83,75|81,58|58,86|63,48|39,52|39,96|71,0|96,53|85,46|39,83|37,87/39,87=39,52,69,37,87
72,57|0,56|89,98|46,10|72,34|15,33|92,32|29,25|57,84|24,91|72,29|72,61|25,89|33,92|61,97|84,0|99,24|97,46|72,15|34,99/72,56=72,57,84,0,56
91,69|50,99|71,31|69,62|66,47|47,71|51,52|51,91|51,85|82,93|16,12|94,82|30,16|99,81|55,30|51,66|51,55|62,5|85,94|52,50/51,93=51,85,94,82,93
6,31|70,28|81,79|91,81|28,11|31,8|91,6|91,93|16,0|91,70|83,20|8,38|32,83|62,16|11,17|91,32|93,62|79,13|20,74|13,34/91,17=91,70,28,11,17
89,15|20,61|46,86|50,88|13,20|15,41|88,39|12,63|36,13|12,36|12,0|37,98|0,89|12,35|32,46|67,37|35,67|63,50|86,29|12,32/12,39=12,63,50,88,39
1,74|66,52|71,50|61,33|67,2|50,85|2,70|67,16|62,66|85,22|67,71|16,60|60,11|11,24|94,96|67,64|70,94|64,62|67,1|74,61/67,96=67,2,70,94,96
79,98|84,87|38,79|90,23|73,66|23,6|70,14|21,70|14,30|58,56|56,32|84,9|87,35|35,73|6,5|98,44|84,90|84,21|84,38|9,58/84,5=84,90,23,6,5
58,5|24,92|86,24|17,68|17,46|67,21|75,87|28,76|68,31|54,70|5,28|51,11|63,75|31,51|17,67|1,86|46,63|17,58|17,1|21,54/17,11=17,68,31,51,11
95,81|68,42|95,96|22,92|57,4|66,31|96,54|81,76|18,59|76,66|4,18|95,68|45,22|54,17|11,7|17,67|95,45|42,11|95,57|92,91/95,31=95,81,76,66,31
85,26|49,11|9,7|45,37|11,85|37,65|43,60|65,25|7,64|14,58|42,21|90,43|32,90|9,49|9,93|9,32|93,14|58,95|9,45|64,42/9,26=9,49,11,85,26
28,26|37,18|18,28|37,62|73,39|37,65|37,83|26,10|0,35|98,52|62,3|41,45|37,73|39,41|83,55|3,0|55,75|65,91|91,98|75,60/37,60=37,83,55,75,60
86,44|43,93|50,61|44,31|28,33|43,28|5,79|33,49|93,76|29,55|31,2|47,5|18,57|49,91|61,29|43,86|76,18|16,47|43,16|43,50/43,91=43,28,33,49,91
51,21|52,79|86,34|30,50|52,92|45,51|17,86|52,17|78,43|44,78|34,11|12,24|52,45|92,44|28,88|79,74|52,12|24,30|21,5|74,28/52,50=52,12,24,30,50
8,77|82,40|82,66|74,93|4,74|82,34|99,68|40,50|73,65|82,63|29,22|63,73|77,16|66,29|34,8|65,84|22,37|69,4|50,99|82,69/82,84=82,63,73,65,84
74,53|29,76|23,55|96,66|72,77|66,3|18,23|55,60|53,96|77,97|2,4|74,14|24,70|4,30|74,18|30,33|14,72|74,24|70,29|74,2/74,60=74,18,23,55,60
98,26|5,53|24,66|78,83|22,84|14,5|42,98|42,28|28,22|42,80|42,14|31,78|53,81|84,40|12,45|80,31|15,70|66,12|42,24|26,15/42,81=42,14,5,53,81
56,52|48,22|61,41|22,93|6,95|92,21|91,31|48,66|48,61|42,6|79,90|93,79|15,46|52,53|7,42|48,7|66,56|31,15|48,91|41,92/48,95=48,7,42,6,95
91,15|46,1|54,46|29,50|82,66|90,31|19,81|1,9|54,91|15,29|9,7|49,22|69,55|55,49|66,19|31,34|54,82|54,90|34,20|54,69/54,20=54,90,31,34,20
15,83|92,30|83,54|92,22|92,35|48,4|91,48|90,39|49,8|40,62|1,15|99,90|44,60|60,66|92,1|8,40|22,91|30,44|92,49|35,99/92,66=92,30,44,60,66
46,14|29,20|51,52|62,80|99,51|81,50|81,67|38,94|21,8|50,22|98,45|81,62|30,59|14,38|67,99|80,98|22,29|81,21|81,46|8,30/81,20=81,50,22,29,20
64,4|87,94|45,66|82,99|66,15|99,12|16,58|82,49|82,24|82,50|49,56|35,87|82,64|24,45|61,11|4,16|50,35|32,88|56,61|12,32/82,11=82,49,56,61,11
69,63|33,25|52,69|4,73|73,80|7,2|25,51|80,34|7,4|2,90|30,13|7,38|23,30|91,52|7,91|9,33|38,23|54,55|7,9|90,54/7,13=7,38,23,30,13
27,63|89,46|38,0|35,99|4,37|40,71|0,74|96,88|76,38|37,75|89,24|24,25|25,27|89,76|86,4|89,35|99,40|88,64|89,86|46,96/89,63=89,24,25,27,63
96,3|3,72|72,53|62,59|59,19|47,40|78,28|96,60|75,78|96,80|96,7|4,88|80,47|40,55|7,5|53,71|96,75|5,4|28,44|60,62/96,44=96,75,78,28,44
38,57|29,56|50,68|69,28|68,90|20,72|0,50|0,29|1,38|47,1|0,69|74,32|28,53|0,96|79,74|56,20|0,47|53,65|96,79|90,61/0,32=0,96,79,74,32
77,75|77,56|51,84|77,19|77,6|52,45|56,32|46,37|19,62|97,23|37,58|77,18|75,86|6,46|62,97|32,51|86,9|45,11|18,52|9,67/77,58=77,6,46,37,58
41,42|66,21|94,55|3,32|56,35|54,41|28,82|42,22|28,94|28,79|82,90|21,3|28,66|33,9|28,54|90,33|55,56|79,31|31,14|14,96/28,32=28,66,21,3,32
49,66|4,5|9,99|9,93|99,49|91,4|30,67|66,25|9,91|5,87|93,18|18,61|8,27|61,76|14,44|9,8|9,53|53,30|27,14|67,81/9,44=9,8,27,14,44
81,29|33,69|20,94|4,66|20,85|20,28|94,93|84,7|20,84|21,4|14,21|93,12|91,33|7,62|20,14|85,81|12,86|62,16|28,91|29,38/20,16=20,84,7,62,16
17,46|54,57|26,30|57,17|9,61|64,88|54,50|50,74|34,87|88,44|74,43|61,34|77,26|53,64|54,45|54,53|54,9|45,77|46,48|43,86/54,48=54,57,17,46,48
3,34|3,51|99,69|87,57|46,87|69,70|25,91|91,26|51,99|67,38|31,25|3,46|0,67|3,0|57,9|34,21|21,22|38,56|3,31|22,82/3,9=3,46,87,57,9
44,79|50,52|33,74|1,85|6,45|89,88|36,50|6,33|26,87|82,11|11,44|7,30|6,26|6,82|91,36|45,78|87,89|78,7|6,91|74,1/6,85=6,33,74,1,85
37,35|29,69|10,16|69,38|85,24|40,10|84,44|40,85|55,29|97,19|24,61|41,37|79,58|58,84|40,92|61,50|16,97|92,41|40,55|40,79/40,35=40,92,41,37,35
68,91|23,71|46,56|46,93|89,68|93,40|46,88|51,80|46,67|80,48|94,23|87,2|55,21|46,94|40,55|88,89|2,78|67,51|71,7|56,87/46,21=46,93,40,55,21
73,25|69,92|65,76|55,3|73,13|13,52|25,39|47,36|68,41|73,65|52,32|85,24|32,84|73,69|92,85|76,47|73,55|39,68|3,27|27,1/73,36=73,65,76,47,36
9,14|24,32|76,39|51,10|0,76|41,3|24,13|54,9|24,0|24,63|8,78|39,87|63,51|24,75|3,55|32,41|75,15|10,4|15,8|13,54/24,87=24,0,76,39,87
4,93|35,89|37,38|0,32|86,35|27,11|46,4|0,86|99,37|0,94|0,27|84,30|94,99|24,68|68,60|93,77|32,24|0,46|11,84|89,63/0,63=0,86,35,89,63
7,32|64,1|7,64|7,14|7,75|33,38|3,63|32,2|99,83|16,55|75,54|54,18|14,16|7,3|2,33|55,87|66,9|63,99|1,66|18,74/7,87=7,14,16,55,87
24,36|26,19|7,42|44,63|66,48|19,92|77,26|58,10|7,24|7,52|52,44|64,33|63,32|7,77|70,66|33,55|36,58|7,79|42,70|79,64/7,32=7,52,44,63,32
38,33|35,88|15,38|10,28|90,11|35,57|74,3|35,26|35,25|54,10|11,77|26,34|49,81|57,74|34,49|25,54|35,90|88,15|3,75|77,36/35,28=35,25,54,10,28
64,5|73,27|37,10|69,72|9,31|80,57|72,9|22,41|80,17|86,73|12,86|80,12|89,3|17,35|80,64|57,58|80,69|35,37|5,89|58,22/80,27=80,12,86,73,27
51,35|7,72|32,4|16,41|66,26|89,56|16,51|16,9|40,73|16,71|35,33|9,62|56,31|16,7|33,99|72,32|41,89|62,40|65,66|71,65/16,73=16,9,62,40,73
41,14|22,41|96,11|88,16|50,65|1,50|65,43|90,70|24,10|43,9|85,22|42,58|11,90|1,32|1,85|1,24|10,42|32,0|0,88|1,96/1,58=1,24,10,42,58
15,59|36,37|65,81|39,8|57,24|78,98|58,56|8,65|14,57|19,14|58,0|58,39|58,36|56,60|13,72|58,19|37,13|60,78|0,41|41,15/58,59=58,0,41,15,59
99,56|98,1|6,48|86,82|94,6|48,61|94,98|94,22|94,99|56,86|66,35|3,87|61,73|22,66|87,2|7,3|24,85|35,96|94,7|1,24/94,82=94,99,56,86,82
20,97|93,7|44,10|58,93|29,71|22,87|58,99|37,36|67,20|71,28|58,67|7,27|99,29|34,43|58,37|36,34|58,44|27,5|10,22|97,89/58,5=58,93,7,27,5
61,42|74,37|79,67|67,34|34,58|35,41|66,19|61,73|61,35|61,44|48,93|36,82|44,57|57,48|77,36|31,74|73,31|41,66|42,77|61,79/61,82=61,42,77,36,82
67,32|50,88|27,43|37,83|63,86|32,1|37,50|43,80|37,27|37,87|94,69|73,92|1,26|87,15|83,94|80,3|37,67|69,68|88,63|15,73/37,86=37,50,88,63,86
89,84|16,71|76,81|40,2|66,89|23,14|23,98|27,52|69,66|75,12|23,16|23,40|45,62|73,45|71,75|39,27|98,39|2,76|14,73|23,69/23,52=23,98,39,27,52
80,30|95,64|26,95|45,48|26,13|26,59|13,27|7,2|64,80|59,57|70,45|26,81|81,70|11,3|27,11|57,7|26,79|1,20|20,5|79,1/26,3=26,13,27,11,3
14,87|29,74|87,56|18,17|28,5|74,4|8,10|8,38|8,84|51,9|84,47|24,18|9,46|10,51|25,24|47,28|8,25|8,69|69,29|38,14/8,5=8,84,47,28,5
33,66|88,23|33,5|67,69|33,67|46,59|37,43|73,95|26,88|40,77|60,40|93,26|66,60|22,11|95,54|5,73|69,46|33,37|33,93|43,22/33,23=33,93,26,88,23
95,12|6,18|25,3|6,16|30,72|49,45|81,99|18,95|6,81|12,85|99,50|52,25|6,76|72,29|16,52|45,68|76,30|6,92|50,63|92,49/6,63=6,81,99,50,63
4,83|73,54|78,81|29,4|54,50|73,74|73,55|81,89|31,49|55,31|73,63|74,1|97,75|49,59|50,97|73,15|15,29|12,30|1,12|63,78/73,89=73,63,78,81,89
60,31|88,30|80,4|80,66|80,88|80,53|90,46|96,60|53,24|18,89|80,18|55,20|24,37|68,55|21,25|89,21|30,90|37,12|66,68|4,96/80,12=80,53,24,37,12
83,82|42,77|87,43|83,34|43,48|55,65|67,28|83,46|83,87|83,67|28,59|13,29|46,55|48,35|82,42|34,13|77,97|59,78|29,25|65,85/83,78=83,67,28,59,78
65,27|65,11|44,72|65,8|11,30|52,89|61,37|37,23|40,52|65,75|30,14|71,19|14,96|8,40|75,29|47,69|65,44|29,71|72,47|27,61/65,19=65,75,29,71,19
58,56|58,54|58,5|49,78|33,35|36,9|47,60|68,14|9,68|35,49|56,81|97,84|58,36|96,79|84,92|58,33|54,97|23,47|81,96|5,23/58,92=58,54,97,84,92
61,55|25,3|91,1|71,57|22,36|55,79|57,81|71,92|3,20|98,85|81,91|94,61|71,94|64,22|20,31|92,98|36,2|85,74|71,64|71,25/71,1=71,57,81,91,1
61,33|61,3|16,80|15,16|22,15|61,0|13,32|27,38|7,45|45,69|61,27|89,36|0,88|88,13|33,89|61,22|35,21|38,35|3,7|36,44/61,44=61,33,89,36,44
19,78|42,59|87,24|91,32|61,94|40,44|19,97|14,85|19,42|19,40|59,61|88,36|24,58|19,14|97,91|44,48|78,87|32,5|48,27|85,88/19,94=19,42,59,61,94
58,53|86,33|67,58|53,77|77,40|49,31|99,38|26,22|67,14|14,95|67,99|67,44|67,49|41,9|38,42|31,41|42,6|18,26|44,18|95,86/67,22=67,44,18,26,22
44,68|21,87|23,0|1,17|14,92|70,1|0,38|90,86|86,69|17,93|12,23|50,9|90,12|90,21|90,70|90,44|15,83|69,14|68,50|87,15/90,93=90,70,1,17,93
91,83|93,29|20,18|14,82|68,99|71,80|93,30|93,28|61,91|29,19|30,68|83,53|74,15|93,61|99,64|28,71|15,14|93,74|80,76|19,20/93,18=93,29,19,20,18
63,42|12,4|12,65|4,54|43,32|54,43|65,63|38,56|21,38|24,21|52,81|12,76|42,77|17,72|81,8|12,24|12,97|76,52|72,59|97,17/12,56=12,24,21,38,56
61,95|62,55|57,98|17,97|65,79|28,65|33,57|97,34|62,28|62,17|62,91|55,59|98,80|62,33|27,51|34,92|95,19|79,83|91,61|59,27/62,92=62,17,97,34,92
12,14|17,89|25,20|17,86|47,36|17,26|23,16|86,25|14,48|17,12|55,3|73,23|36,8|17,0|3,60|26,47|89,55|0,73|48,99|20,46/17,46=17,86,25,20,46
71,15|63,50|55,86|78,33|15,42|14,53|14,71|52,28|50,52|14,63|14,18|14,96|53,95|42,92|18,45|34,11|45,55|96,34|11,39|95,78/14,92=14,71,15,42,92
83,49|1,33|21,0|87,45|20,93|9,1|36,21|87,51|87,88|87,86|93,60|88,9|86,46|89,20|46,90|77,83|87,89|51,77|90,53|45,36/87,53=87,86,46,90,53
15,56|21,97|21,86|74,64|58,74|21,42|97,61|56,32|61,27|12,68|93,12|27,23|21,47|35,96|86,40|47,93|42,15|40,35|21,58|64,0/21,68=21,47,93,12,68
57,50|16,33|67,60|8,57|60,88|16,90|45,89|63,97|89,82|2,52|16,67|88,29|97,12|16,65|13,2|16,31|31,63|33,8|65,45|90,13/16,29=16,67,60,88,29
7,83|18,57|77,79|39,31|50,27|32,39|91,96|93,99|27,55|7,80|41,93|80,41|7,18|3,32|57,91|42,77|89,42|7,3|83,50|7,89/7,31=7,3,32,39,31
26,9|55,43|28,37|28,48|1,63|46,20|5,1|9,77|28,98|50,55|28,26|63,87|98,69|69,46|2,60|37,50|51,2|28,5|48,51|77,18/28,87=28,5,1,63,87
46,48|78,59|78,23|75,10|18,69|78,26|26,6|40,29|24,11|78,40|58,4|59,49|78,46|48,58|85,53|6,24|76,75|29,85|23,76|49,18/78,53=78,40,29,85,53
63,78|63,8|64,22|97,39|0,21|73,43|8,0|31,98|11,66|85,16|49,50|22,11|78,31|63,64|21,30|63,85|16,49|39,73|98,56|63,97/63,66=63,64,22,11,66
11,69|9,57|25,85|81,94|1,81|69,31|31,6|93,25|11,97|47,95|53,70|11,35|33,93|8,53|6,4|95,9|11,47|35,8|11,33|97,1/11,94=11,97,1,81,94
10,22|55,95|95,71|55,23|70,50|15,58|71,89|5,30|32,40|23,15|59,51|1,62|89,75|22,59|55,32|50,1|55,10|40,5|55,70|58,41/55,41=55,23,15,58,41
77,54|44,77|35,45|26,67|61,26|61,91|61,12|45,63|12,35|34,80|27,65|49,27|62,44|61,62|83,73|56,20|91,49|80,83|61,34|67,56/61,65=61,91,49,27,65
80,43|41,49|14,80|14,77|4,85|81,97|49,31|35,72|14,0|85,75|51,35|14,60|14,4|71,70|77,51|28,71|43,81|0,28|60,41|75,89/14,31=14,60,41,49,31
23,88|33,65|33,48|43,57|33,30|86,94|30,75|94,4|78,81|19,23|81,89|1,35|48,86|40,92|33,26|65,78|33,43|57,1|75,40|26,19/33,92=33,30,75,40,92
43,47|53,15|60,61|48,41|60,43|84,3|60,52|47,53|18,90|21,11|7,21|79,50|16,7|50,48|60,16|8,84|52,8|90,12|61,18|60,79/60,12=60,61,18,90,12
60,24|19,5|42,47|15,63|85,60|15,85|9,14|26,89|71,62|15,19|15,26|15,1|62,61|1,93|5,42|89,9|79,73|93,79|63,71|24,40/15,73=15,1,93,79,73
2,32|74,41|2,24|79,68|19,87|41,8|23,97|32,11|2,79|2,62|2,53|33,23|62,33|59,76|68,19|35,40|53,74|11,35|76,94|24,59/2,87=2,79,68,19,87
60,39|10,37|47,94|48,47|39,36|85,30|95,85|0,46|94,29|48,99|99,95|65,10|29,96|48,65|48,84|46,24|98,60|48,98|37,45|84,0/48,96=48,47,94,29,96
83,77|70,95|73,70|33,22|98,41|98,83|53,81|98,75|77,16|22,18|30,33|98,30|36,53|16,63|2,82|98,36|82,46|41,2|75,73|81,13/98,95=98,75,73,70,95
84,70|9,84|14,73|90,3|23,58|23,95|36,24|95,81|58,85|24,90|81,14|33,86|23,9|86,98|47,0|70,13|23,36|23,68|68,33|85,47/23,0=23,58,85,47,0
54,26|97,54|73,80|11,97|11,38|35,27|72,17|91,62|27,25|11,21|11,29|17,23|26,40|38,91|62,86|11,73|80,32|29,72|32,77|21,35/11,86=11,38,91,62,86
86,63|57,99|25,85|57,84|57,64|31,82|84,54|33,88|79,5|99,93|16,22|93,33|54,25|82,94|5,21|22,86|57,16|57,79|21,30|64,31/57,88=57,99,93,33,88
7,47|17,84|4,7|17,9|9,83|49,42|17,30|14,63|68,18|84,82|80,56|30,1|17,80|83,68|1,88|88,86|56,14|82,49|17,4|47,20/17,63=17,80,56,14,63
11,75|17,20|66,90|92,36|93,68|17,77|77,5|68,80|80,22|17,85|28,66|36,62|85,28|17,93|17,92|62,30|20,48|5,38|48,11|38,67/17,22=17,93,68,80,22
11,8|94,58|21,61|3,63|31,29|47,3|94,69|62,54|72,93|93,31|94,72|24,11|94,88|69,73|58,24|73,21|94,47|63,20|54,32|88,62/94,29=94,72,93,31,29
5,96|61,37|61,45|61,70|30,8|61,88|42,0|59,5|70,55|0,62|66,24|88,15|33,30|15,68|61,59|45,42|55,66|37,33|96,17|68,32/61,62=61,45,42,0,62
98,17|48,11|47,71|47,37|78,9|87,1|57,48|24,75|17,63|47,2|9,96|75,86|71,78|47,62|15,87|62,98|37,57|2,15|86,23|47,24/47,11=47,37,57,48,11
68,17|70,64|52,0|91,81|98,73|32,21|80,97|26,32|17,54|7,68|47,65|26,80|21,70|81,5|97,52|26,7|61,91|26,61|26,47|65,98/26,0=26,80,97,52,0
75,8|50,20|75,4|47,23|75,62|75,38|75,19|66,72|26,17|23,84|4,65|2,3|53,66|19,26|38,53|17,35|65,50|3,88|8,47|62,2/75,35=75,19,26,17,35
37,94|69,93|37,75|76,69|0,11|8,76|37,20|54,77|72,61|20,50|61,1|37,8|75,6|79,91|77,13|13,95|37,54|6,79|50,0|94,72/37,95=37,54,77,13,95
13,41|78,82|0,92|21,83|94,21|83,86|0,13|91,64|20,79|70,57|55,20|92,55|41,66|0,94|82,91|0,78|66,24|0,70|57,8|8,17/0,79=0,92,55,20,79
83,48|12,68|32,99|84,6|27,65|14,83|51,87|32,72|99,84|87,22|6,31|72,27|65,11|68,21|32,12|77,51|32,77|75,14|32,75|21,69/32,48=32,75,14,83,48
87,89|50,91|50,76|50,93|6,96|72,44|15,99|40,26|48,87|91,21|21,72|10,22|76,48|93,52|50,25|50,6|99,86|25,15|52,10|96,40/50,22=50,93,52,10,22
19,91|95,17|14,6|88,78|6,90|42,53|33,95|42,58|28,88|46,49|75,19|53,14|91,18|42,28|42,75|42,12|78,47|25,46|12,33|58,25/42,90=42,53,14,6,90
15,87|57,26|18,60|17,57|87,70|26,28|42,50|70,99|17,42|28,84|60,67|94,71|3,14|69,95|17,69|17,54|95,94|54,18|50,3|17,15/17,99=17,15,87,70,99
53,97|65,84|93,65|24,12|84,48|74,17|50,9|83,53|41,66|50,93|45,52|0,91|50,24|12,41|9,83|91,45|50,39|50,0|96,74|39,96/50,48=50,93,65,84,48
79,57|36,62|95,15|36,82|15,28|36,89|64,92|92,0|62,79|82,93|83,74|36,88|36,94|17,29|93,17|57,96|94,95|88,98|89,64|98,83/36,28=36,94,95,15,28
71,67|37,26|77,96|71,30|35,65|65,63|84,36|67,42|97,31|42,16|30,35|71,84|28,97|71,37|20,12|26,20|71,41|36,77|41,28|16,53/71,96=71,84,36,77,96
28,58|83,91|28,54|28,29|21,77|29,46|77,93|28,45|46,14|45,89|14,75|58,98|28,37|89,27|37,60|60,83|54,21|11,84|98,11|27,87/28,84=28,58,98,11,84
19,90|77,8|26,23|90,89|68,73|98,77|20,16|47,99|98,68|36,26|98,36|82,19|73,20|98,1|23,18|99,96|1,47|81,49|98,82|8,81/98,89=98,82,19,90,89
38,28|38,32|14,18|79,21|38,23|54,69|32,4|62,40|94,79|15,14|8,60|38,26|60,37|23,8|38,15|18,56|4,54|26,94|40,25|28,62/38,37=38,23,8,60,37
26,65|63,52|78,79|68,20|60,28|30,26|95,36|81,62|57,63|95,81|28,70|20,38|95,68|95,57|65,34|52,44|38,1|36,60|95,30|62,78/95,44=95,57,63,52,44
75,41|4,52|92,54|15,71|22,5|5,29|4,15|25,80|4,75|80,92|41,1|4,25|67,38|52,98|51,83|1,36|4,22|29,99|98,51|71,67/4,38=4,15,71,67,38
58,54|42,86|49,63|9,58|72,24|32,42|9,87|45,69|5,38|61,1|97,39|54,61|38,97|37,45|9,5|9,37|24,49|9,72|69,40|87,32/9,86=9,87,32,42,86
85,25|85,26|6,65|10,23|85,69|69,63|26,75|75,22|97,92|25,47|23,97|11,68|85,10|17,30|63,11|85,36|47,17|22,4|65,86|36,6/85,30=85,25,47,17,30
90,51|88,1|14,23|24,75|12,0|33,18|94,33|12,58|73,88|18,11|58,24|12,13|21,7|12,21|13,68|7,14|12,94|75,89|68,90|0,73/12,1=12,0,73,88,1
79,28|79,17|31,20|78,99|79,10|41,31|79,53|7,46|17,83|86,11|53,78|95,7|11,27|83,42|99,94|10,41|42,60|27,12|79,86|28,95/79,46=79,28,95,7,46
77,51|29,91|5,9|87,2|22,87|7,84|50,22|61,12|5,20|83,44|5,7|20,29|85,4|84,83|12,85|91,55|51,88|9,77|5,61|5,50/5,88=5,9,77,51,88
26,96|17,60|69,28|60,10|91,49|21,89|47,69|13,17|43,99|99,79|25,24|26,90|49,25|26,91|4,21|90,4|26,43|26,13|96,47|79,44/26,24=26,91,49,25,24
87,75|59,19|87,41|21,94|94,96|97,6|87,31|7,68|64,78|1,27|75,83|6,64|31,7|87,97|68,37|27,52|87,93|83,59|93,21|41,1/87,96=87,93,21,94,96
28,52|51,12|51,36|12,15|34,46|11,69|63,65|93,16|16,28|65,35|15,0|0,90|36,3|51,93|51,34|51,63|35,84|32,58|3,11|46,32/51,69=51,36,3,11,69
54,44|22,80|76,16|16,36|36,54|76,62|76,17|62,27|76,70|70,94|43,45|76,22|94,35|35,74|27,86|45,51|80,75|75,6|86,15|17,43/76,15=76,62,27,86,15
0,63|0,77|49,19|0,24|30,64|58,30|0,74|74,79|77,10|62,16|79,48|0,78|48,29|92,33|10,49|24,92|78,43|33,85|63,58|43,62/0,19=0,77,10,49,19
44,13|12,48|3,38|9,4|4,41|14,7|9,3|58,27|22,71|13,63|41,58|9,12|69,54|63,84|9,44|9,56|56,78|38,14|48,69|78,22/9,84=9,44,13,63,84
14,32|31,30|46,20|31,58|38,64|51,14|12,46|97,12|7,84|61,38|29,45|52,61|31,29|47,35|30,51|58,7|31,52|84,9|31,97|45,47/31,32=31,30,51,14,32
28,30|74,38|19,70|70,65|83,60|60,82|74,97|74,84|55,28|10,59|84,81|99,50|26,55|38,19|74,26|50,10|74,99|63,78|97,83|81,63/74,65=74,38,19,70,65
74,54|47,9|31,78|31,98|90,14|0,1|54,49|31,0|98,47|31,61|92,90|57,6|31,92|14,89|61,74|23,71|78,57|1,23|9,22|6,40/31,22=31,98,47,9,22
27,94|74,93|39,36|18,74|18,19|18,47|96,72|18,27|90,78|36,40|94,96|19,83|65,90|40,87|4,43|93,35|83,4|35,73|18,39|47,65/18,87=18,39,36,40,87
83,96|1,89|75,88|55,36|55,6|89,4|98,0|6,1|10,75|96,99|79,90|0,79|36,61|23,10|99,58|55,98|82,60|55,83|55,23|61,82/55,90=55,98,0,79,90
66,63|64,62|70,64|40,46|71,65|75,66|92,24|30,75|98,20|65,97|30,70|30,98|46,92|63,88|30,40|97,27|20,49|30,71|62,61|49,18/30,61=30,70,64,62,61
10,33|22,24|10,90|95,12|10,0|37,91|62,14|84,37|49,26|0,23|26,62|23,64|90,95|59,84|12,66|33,30|10,49|64,4|30,22|10,59/10,91=10,59,84,37,91
15,8|19,61|24,25|21,93|63,22|9,57|92,97|19,15|11,92|19,62|80,21|61,63|19,24|25,9|19,80|22,58|93,30|37,78|8,37|62,11/19,30=19,80,21,93,30
61,96|96,6|78,70|73,72|56,76|64,21|72,15|30,48|30,61|3,78|97,73|30,56|30,64|21,1|38,32|48,3|76,38|1,22|6,98|30,97/30,70=30,48,3,78,70
26,84|81,82|58,46|79,12|55,73|30,72|69,92|67,55|84,69|79,67|79,26|88,30|79,56|46,31|90,58|73,32|12,51|79,90|56,88|51,81/79,82=79,12,51,81,82
29,18|73,44|96,53|11,82|18,33|82,86|86,54|19,96|11,29|11,56|45,73|84,49|77,45|11,77|54,5|11,59|33,3|49,85|59,84|56,19/11,3=11,29,18,33,3
48,26|38,15|95,16|24,49|21,66|14,3|83,94|94,5|65,95|96,48|96,38|96,24|26,52|49,14|96,83|96,65|15,21|16,25|52,28|5,68/96,28=96,48,26,52,28
72,14|72,17|78,4|17,76|4,65|72,11|27,78|26,42|3,75|54,15|24,28|14,54|76,30|15,7|72,27|30,91|72,3|75,26|11,24|28,18/72,65=72,27,78,4,65
89,47|81,58|36,7|58,21|37,97|13,32|22,13|20,15|37,81|82,20|21,5|77,89|37,23|37,64|64,17|17,36|97,82|37,22|32,84|23,77/37,7=37,64,17,36,7
30,88|88,96|80,84|97,80|97,71|15,26|60,7|97,15|46,73|97,46|33,30|95,6|75,4|6,0|84,75|73,60|8,18|71,95|97,33|26,8/97,18=97,15,26,8,18
27,89|61,5|93,97|5,22|2,76|2,93|53,59|42,55|2,10|22,79|2,61|89,81|59,31|10,13|76,27|97,42|13,64|2,53|64,30|31,24/2,79=2,61,5,22,79
84,22|15,11|16,62|26,59|26,76|26,23|80,15|18,80|52,40|8,16|34,52|22,82|98,84|26,98|4,7|23,8|59,34|26,18|38,4|76,38/26,82=26,98,84,22,82
73,8|14,7|7,10|1,26|72,43|90,1|43,4|88,72|88,14|4,67|88,98|12,73|26,79|10,37|8,48|88,12|9,20|88,90|98,9|20,58/88,58=88,98,9,20,58
32,75|58,78|79,54|68,12|12,1|49,68|31,58|49,72|85,79|3,23|23,21|54,25|72,32|1,88|49,3|75,73|49,31|21,35|49,85|78,2/49,2=49,31,58,78,2
68,18|26,84|68,12|90,54|7,82|84,19|12,7|19,60|54,38|18,90|57,65|48,57|74,24|68,41|65,16|33,74|68,48|68,26|41,33|82,39/68,16=68,48,57,65,16
68,10|42,26|42,23|42,60|42,62|52,17|48,95|55,48|90,2|15,69|23,35|62,43|42,94|94,15|43,68|60,90|26,55|69,30|35,52|2,63/42,95=42,26,55,48,95
16,17|1,90|11,42|97,21|49,48|97,29|8,2|17,8|97,79|97,16|70,11|48,72|97,76|79,89|87,1|89,24|24,68|76,49|21,87|29,70/97,72=97,76,49,48,72
37,99|88,78|73,76|12,11|78,35|37,21|5,88|26,73|61,12|46,8|37,51|51,89|21,61|89,47|37,46|8,65|99,26|47,80|65,77|37,5/37,11=37,21,61,12,11
93,3|91,9|69,47|0,48|51,29|91,53|32,86|53,41|4,79|91,90|11,93|41,69|9,32|86,65|91,95|95,11|90,99|91,51|29,0|99,4/91,3=91,95,11,93,3
9,74|41,36|63,67|86,9|78,41|11,86|36,99|63,91|63,78|57,77|67,79|63,11|4,32|47,12|77,31|54,4|63,54|91,57|79,47|32,33/63,99=63,78,41,36,99
9,41|25,76|76,15|58,12|14,46|27,54|39,27|12,14|41,13|54,36|23,43|92,31|43,92|86,25|36,87|39,9|13,42|39,58|39,23|39,86/39,15=39,86,25,76,15
77,70|5,61|3,25|68,45|5,94|61,85|54,9|25,54|24,64|70,93|94,77|85,49|81,24|56,68|49,87|5,0|5,56|0,81|45,89|5,3/5,87=5,61,85,49,87
39,26|2,9|67,16|67,99|43,62|62,81|67,36|14,59|61,2|36,39|67,56|25,54|67,25|54,14|49,74|16,43|26,53|99,97|97,49|56,61/67,9=67,56,61,2,9
53,70|98,53|76,73|66,69|26,31|22,51|71,76|70,39|32,26|41,43|69,32|97,41|62,97|25,22|66,62|66,98|66,94|73,91|94,25|66,71/66,51=66,94,25,22,51
75,84|16,71|45,12|40,73|2,75|23,14|23,98|27,52|69,2|76,62|23,16|23,40|89,81|66,89|71,76|39,27|98,39|73,45|14,66|23,69/23,52=23,98,39,27,52
72,57|0,56|24,32|92,98|72,34|15,25|89,10|29,99|57,84|46,91|72,29|72,61|99,24|25,89|61,97|84,0|33,46|97,92|72,15|34,33/72,56=72,57,84,0,56
29,64|29,32|33,45|29,84|39,1|5,83|99,39|23,36|83,47|13,52|68,23|42,12|52,88|32,68|29,33|45,42|29,5|84,13|64,99|47,22/29,12=29,33,45,42,12
60,35|37,69|81,17|2,71|79,20|45,37|60,2|19,58|93,12|58,81|31,79|60,28|60,19|60,45|28,93|69,43|12,14|35,31|65,49|71,65/60,17=60,19,58,81,17
17,46|54,57|34,44|57,17|9,77|64,43|54,50|50,61|26,30|43,86|61,88|77,26|74,34|53,64|54,45|54,53|54,9|45,74|46,48|88,87/54,48=54,57,17,46,48
4,90|75,41|82,51|44,42|49,57|44,82|5,75|57,14|1,56|20,4|56,29|44,1|41,78|51,66|65,20|66,43|44,5|29,93|44,65|42,49/44,14=44,42,49,57,14
95,81|68,4|95,96|22,17|57,54|66,31|96,42|81,76|92,7|76,66|54,92|95,68|45,22|42,11|18,91|11,67|95,45|4,18|95,57|17,59/95,31=95,81,76,66,31
34,46|71,92|44,28|86,67|13,26|44,6|6,37|44,51|28,60|21,68|52,13|68,2|51,73|32,52|73,34|44,32|37,86|72,21|44,72|60,71/44,2=44,72,21,68,2
29,22|65,20|98,9|4,6|20,32|9,65|98,23|6,25|98,80|23,4|89,39|83,92|80,24|24,83|39,29|64,68|98,64|98,89|5,67|68,5/98,92=98,80,24,83,92
80,8|25,18|56,89|80,27|80,55|71,95|49,92|95,37|52,54|96,51|80,60|0,49|55,0|27,56|18,52|80,25|60,71|61,96|89,19|8,61/80,19=80,27,56,89,19
84,83|20,98|48,99|84,53|53,33|86,77|92,88|42,92|93,9|41,48|88,6|84,93|98,73|9,86|84,20|57,54|73,7|83,41|84,42|33,57/84,7=84,20,98,73,7
39,31|26,6|15,5|15,99|82,25|15,34|34,20|99,26|20,44|15,42|47,78|36,1|15,36|1,82|31,96|5,39|44,58|6,85|73,47|42,73/15,25=15,36,1,82,25
15,3|15,51|15,23|16,94|71,28|86,1|83,91|51,85|28,10|23,71|24,81|67,50|15,58|58,16|3,64|91,86|85,24|94,72|15,83|64,67/15,10=15,23,71,28,10
2,82|89,42|97,55|0,12|78,60|85,0|12,78|59,97|21,6|31,81|85,95|6,2|85,52|95,59|42,57|85,21|86,89|25,31|52,25|85,86/85,82=85,21,6,2,82
93,50|18,68|37,18|87,14|68,47|37,81|31,93|37,87|57,56|37,16|35,29|81,67|47,96|67,57|36,31|14,3|37,36|3,66|16,44|44,35/37,56=37,81,67,57,56
94,28|92,91|67,32|67,19|1,22|31,35|67,69|33,90|76,1|6,57|19,92|77,33|67,76|22,34|57,31|32,77|69,59|67,6|91,95|59,94/67,90=67,32,77,33,90
40,11|92,49|50,92|53,68|78,16|28,51|60,38|40,66|16,12|46,50|40,46|11,72|66,60|40,96|96,28|51,9|72,53|38,54|7,78|40,7/40,12=40,7,78,16,12
13,40|40,52|13,16|25,51|13,83|13,25|80,94|16,63|82,64|30,38|64,30|88,10|71,59|63,37|83,23|23,71|37,98|13,82|52,88|51,80/13,94=13,25,51,80,94
27,73|74,81|68,95|44,92|24,27|68,47|47,44|31,77|95,28|8,78|61,31|28,56|18,24|68,18|68,8|68,61|77,55|56,25|92,10|78,74/68,73=68,18,24,27,73
77,82|33,87|8,71|81,93|14,33|45,81|93,0|35,90|77,50|77,95|66,35|28,8|82,28|50,66|77,14|95,11|77,45|87,20|11,65|65,94/77,0=77,45,81,93,0
92,98|32,65|32,48|67,83|1,97|32,55|83,95|94,66|25,58|98,14|58,94|32,25|48,1|65,67|69,74|40,92|74,18|55,69|32,40|97,38/32,66=32,25,58,94,66
61,70|34,13|61,94|61,25|63,96|61,63|45,26|99,58|61,45|17,34|94,92|11,65|56,29|70,99|47,19|25,17|96,11|26,47|92,56|58,80/61,65=61,63,96,11,65
85,56|98,0|37,80|51,99|29,98|45,59|75,6|86,91|11,49|45,29|45,85|59,10|45,17|38,11|45,86|0,19|91,51|10,75|56,37|17,38/45,49=45,17,38,11,49
87,74|79,96|79,75|79,35|51,84|17,65|80,66|35,13|96,42|79,17|67,6|79,60|65,67|48,73|42,87|75,51|84,71|13,48|60,25|25,80/79,6=79,17,65,67,6
57,12|67,96|1,82|12,16|87,48|13,87|46,76|90,68|93,19|56,57|16,20|32,67|96,17|68,93|56,32|56,46|56,13|76,1|56,90|48,35/56,17=56,32,67,96,17
64,1|79,39|79,12|79,81|79,25|4,27|12,76|2,30|54,4|14,41|73,86|22,77|25,54|79,73|33,2|86,14|39,33|81,29|29,22|76,64/79,27=79,25,54,4,27
98,81|17,70|17,46|81,94|0,78|73,11|6,98|2,40|61,8|11,61|28,68|75,2|17,6|47,64|78,44|46,0|70,75|17,73|17,28|68,47/17,94=17,6,98,81,94
58,89|45,96|9,77|41,9|91,87|2,34|54,59|99,53|58,15|12,41|29,67|89,28|53,91|15,2|34,80|58,45|58,12|96,54|28,29|58,99/58,77=58,12,41,9,77
45,73|24,65|20,16|67,25|48,80|25,4|70,36|10,9|10,24|10,48|65,45|80,50|10,70|36,20|9,14|97,67|50,69|14,63|10,97|63,7/10,4=10,97,67,25,4
72,21|89,73|40,18|82,20|74,82|0,26|73,71|1,10|21,97|47,89|13,1|74,69|69,72|74,0|74,65|45,33|74,47|20,40|65,13|26,45/74,33=74,0,26,45,33
12,46|96,34|60,78|70,17|62,53|68,88|68,60|64,57|67,77|34,67|53,39|78,12|68,64|38,18|88,41|41,70|68,96|68,62|57,38|39,9/68,9=68,62,53,39,9
80,64|31,92|80,7|17,16|48,72|27,88|72,27|29,75|80,74|80,48|16,46|80,17|46,10|65,52|38,31|64,39|74,38|39,29|7,65|52,61/80,92=80,74,38,31,92
90,46|68,3|11,86|3,52|61,55|43,87|94,80|55,20|54,68|90,69|80,24|46,11|50,43|90,50|90,54|69,94|20,82|90,61|87,59|86,92/90,24=90,69,94,80,24
53,38|94,56|24,11|15,9|94,80|62,5|80,15|4,52|93,62|52,70|70,99|94,71|75,54|94,4|9,41|94,53|38,24|56,93|54,34|71,75/94,11=94,53,38,24,11
93,35|22,49|18,50|49,86|40,94|17,40|80,65|65,34|52,19|93,66|93,80|66,84|93,20|20,56|93,63|35,17|63,22|34,6|56,18|84,52/93,19=93,66,84,52,19
40,54|0,26|40,2|78,97|2,29|12,68|8,51|81,49|33,78|97,25|18,76|26,12|54,81|87,24|40,87|24,18|40,0|40,33|49,30|29,8/40,51=40,2,29,8,51
92,69|68,34|21,86|84,46|99,88|98,38|50,68|21,75|75,50|15,8|21,84|25,97|8,0|38,25|23,96|21,23|86,15|96,99|46,92|21,98/21,69=21,84,46,92,69
66,0|82,99|30,4|58,96|28,11|25,88|16,77|25,58|88,65|96,44|25,35|25,82|25,75|75,16|44,62|11,15|35,28|65,66|77,5|99,30/25,0=25,88,65,66,0
22,19|22,84|32,88|74,89|8,25|89,16|58,85|83,77|77,11|11,10|84,74|25,13|22,32|22,83|3,58|22,47|68,36|47,8|88,68|19,3/22,85=22,19,3,58,85
40,27|91,23|40,67|40,63|63,57|16,15|87,95|67,42|40,74|42,90|64,51|60,16|90,83|23,79|51,87|40,64|57,80|74,91|27,60|80,21/40,21=40,63,57,80,21
79,84|83,63|66,16|22,26|28,19|5,99|83,32|16,64|63,66|26,7|32,52|7,14|83,20|52,28|13,79|83,5|98,33|99,98|83,22|20,13/83,84=83,20,13,79,84
56,2|51,42|56,86|42,4|27,82|55,75|67,96|4,43|2,67|96,14|82,95|56,99|9,0|56,70|86,9|0,59|99,27|72,55|56,51|70,72/56,75=56,70,72,55,75
46,66|34,45|67,69|72,49|34,72|34,58|37,67|28,61|64,28|29,98|21,9|4,25|34,46|47,99|66,21|34,29|49,4|58,37|98,47|45,64/34,99=34,29,98,47,99
38,27|79,95|45,89|38,44|58,73|27,6|44,18|18,39|64,55|50,45|73,79|82,64|6,15|38,50|55,23|38,82|15,37|39,68|89,83|38,58/38,37=38,27,6,15,37
23,26|27,22|37,87|66,17|37,54|28,70|35,25|37,40|4,34|37,89|25,7|87,35|54,23|89,19|19,28|93,66|22,4|37,27|26,80|40,93/37,70=37,89,19,28,70
2,24|58,45|59,63|24,70|43,8|97,95|42,44|90,59|17,43|42,32|70,54|42,17|42,2|44,9|63,15|8,69|42,90|45,37|32,58|9,97/42,54=42,2,24,70,54
27,51|39,25|89,39|22,9|25,94|89,26|89,55|93,29|94,12|55,77|77,27|89,93|67,43|86,37|89,96|9,34|79,67|26,79|29,86|96,22/89,34=89,96,22,9,34
12,10|80,67|56,18|3,47|73,91|36,37|56,7|56,24|62,58|7,64|15,74|18,12|10,41|56,73|24,81|91,3|37,62|56,36|81,15|64,80/56,47=56,73,91,3,47
13,78|48,52|74,3|21,34|70,96|52,91|58,21|86,82|11,45|45,74|48,11|89,24|96,13|2,58|48,86|35,54|48,2|91,89|82,35|48,70/48,24=48,52,91,89,24
32,41|98,32|53,70|66,69|73,43|22,51|71,53|41,39|76,73|26,91|69,76|97,26|62,97|25,22|66,62|66,98|66,94|70,31|94,25|66,71/66,51=66,94,25,22,51
39,24|0,75|54,65|75,29|27,99|27,91|24,42|91,0|99,51|38,92|90,54|55,62|51,38|27,48|27,69|62,68|27,90|69,55|65,4|48,39/27,42=27,48,39,24,42
52,33|78,53|59,2|2,49|7,20|20,16|52,67|52,59|93,90|86,41|4,78|67,4|52,7|16,36|54,6|90,86|6,15|49,57|52,93|33,54/52,41=52,93,90,86,41
24,59|2,96|14,2|7,36|24,76|24,61|25,71|59,53|30,95|89,21|96,27|53,7|67,69|95,32|69,25|24,67|61,89|24,14|21,37|76,30/24,32=24,76,30,95,32
78,73|16,24|39,19|19,7|44,41|24,0|73,77|44,78|66,30|44,16|90,17|27,66|44,3|89,22|0,15|44,90|17,89|3,27|77,34|41,39/44,34=44,78,73,77,34
80,25|64,82|46,17|93,79|37,53|58,37|9,40|62,64|82,60|22,46|58,93|59,21|77,87|28,22|25,59|53,77|58,80|79,9|58,62|58,28/58,17=58,28,22,46,17
63,85|2,55|57,67|83,7|74,2|57,30|30,63|57,19|85,34|72,75|7,79|88,74|56,72|94,68|57,51|57,88|51,49|49,94|19,83|67,56/57,34=57,30,63,85,34
77,84|5,34|10,40|99,94|7,70|38,68|77,27|94,7|77,99|43,97|62,38|84,92|77,21|92,91|27,32|91,96|77,5|32,43|34,10|21,62/77,70=77,99,94,7,70
18,78|17,37|22,15|81,34|41,16|81,10|81,88|61,13|10,61|78,23|54,22|81,77|77,18|80,87|13,26|34,54|87,17|88,41|16,85|81,80/81,85=81,88,41,16,85
28,24|84,90|56,35|44,56|28,59|73,23|81,42|28,22|5,18|42,82|28,5|22,81|59,51|18,53|53,47|35,64|90,33|51,73|24,84|28,44/28,82=28,22,81,42,82
65,34|16,67|93,39|66,33|90,16|82,45|65,73|34,29|65,82|11,42|65,66|45,11|52,2|8,84|54,93|29,52|33,8|73,54|65,22|22,90/65,67=65,22,90,16,67
32,29|17,32|89,46|70,30|61,19|61,40|40,80|46,50|61,78|96,18|30,81|31,89|18,42|80,38|61,31|19,70|78,17|61,96|38,87|42,68/61,68=61,96,18,42,68
79,84|83,63|66,98|22,99|7,14|5,52|83,32|98,19|63,66|99,28|32,26|28,33|83,20|26,7|13,79|83,5|16,64|52,16|83,22|20,13/83,84=83,20,13,79,84
72,22|44,72|1,79|58,25|44,14|87,21|44,86|13,58|26,15|34,81|14,34|48,1|86,13|11,66|44,83|83,48|21,11|81,24|44,87|22,26/44,66=44,87,21,11,66
7,65|66,72|67,38|36,44|68,60|65,10|66,5|60,41|14,1|66,82|5,68|72,67|66,7|38,52|82,36|66,19|10,13|4,14|19,4|44,28/66,41=66,5,68,60,41
38,91|22,37|56,17|15,93|85,81|59,11|56,59|70,60|93,70|78,20|56,9|9,92|48,61|56,48|11,85|92,78|56,15|17,22|61,38|37,47/56,60=56,15,93,70,60
67,41|67,90|40,69|44,97|4,22|1,91|97,57|35,43|88,82|43,87|41,44|69,77|90,40|87,96|67,35|67,25|82,1|67,88|25,4|22,74/67,77=67,90,40,69,77
84,65|99,41|84,12|12,50|84,92|88,96|35,98|50,91|98,29|91,57|80,4|31,99|4,70|84,64|65,88|84,80|92,31|70,94|96,48|64,35/84,48=84,65,88,96,48
48,23|48,57|49,51|90,47|93,74|45,46|48,93|23,34|51,3|50,21|48,73|57,82|26,94|74,26|8,90|73,8|48,35|35,49|82,45|34,50/48,94=48,93,74,26,94
47,67|76,16|76,96|76,47|40,14|35,7|96,35|57,6|6,69|48,87|21,57|7,18|1,36|91,40|67,1|87,26|76,21|76,48|26,38|16,91/76,18=76,96,35,7,18
20,81|29,1|86,29|40,22|11,19|82,31|87,72|31,50|19,35|86,95|59,30|65,40|1,20|35,52|86,87|72,59|86,91|95,65|86,11|91,82/86,30=86,87,72,59,30
87,88|32,7|87,4|81,47|91,44|87,31|53,62|37,25|4,50|25,91|88,76|73,43|87,37|50,71|71,28|87,81|47,53|76,32|31,73|43,70/87,70=87,31,73,43,70
12,35|21,24|71,99|35,71|60,96|27,60|66,16|7,44|99,6|12,31|16,37|58,27|12,69|44,73|31,7|20,53|12,20|69,66|53,21|12,58/12,37=12,69,66,16,37
90,54|59,78|67,33|96,60|55,5|21,67|46,97|4,36|59,90|33,62|54,10|10,40|35,84|59,96|84,57|59,4|78,35|59,21|36,46|60,55/59,5=59,96,60,55,5
20,37|97,77|20,25|2,80|63,14|25,54|37,8|20,2|19,64|8,97|54,63|96,98|28,96|11,5|20,67|67,11|80,19|5,21|98,52|20,28/20,52=20,28,96,98,52
23,48|69,1|23,30|48,28|33,59|21,42|31,33|41,97|40,51|42,80|90,21|73,41|51,10|10,45|71,31|28,69|23,90|30,73|23,40|23,71/23,45=23,40,51,10,45
26,8|16,95|85,61|15,86|28,27|86,59|60,28|27,23|62,16|26,60|97,21|94,85|95,32|26,97|21,13|13,17|8,15|61,34|26,94|26,62/26,23=26,60,28,27,23
30,78|37,75|4,13|68,4|46,82|88,85|26,37|82,88|20,22|32,68|20,32|20,46|22,30|12,77|7,12|77,5|20,26|75,41|78,33|20,7/20,33=20,22,30,78,33
71,70|70,63|1,71|81,72|1,33|23,44|33,23|83,4|63,95|99,88|1,69|88,83|94,73|86,45|69,56|44,21|1,99|56,94|1,86|45,81/1,95=1,71,70,63,95
22,75|22,14|24,23|22,15|33,17|28,36|22,9|9,60|30,37|76,97|7,48|48,76|15,0|14,28|75,30|60,24|0,33|22,7|37,84|36,62/22,84=22,75,30,37,84
10,60|42,19|16,42|63,89|31,16|47,48|69,55|31,35|60,1|89,58|31,63|19,52|55,18|18,36|83,10|48,84|58,0|31,83|31,69|35,47/31,1=31,83,10,60,1
75,79|48,90|48,1|4,49|22,34|51,75|9,4|90,9|1,72|25,74|34,11|48,22|11,54|27,5|48,51|10,25|79,63|94,10|48,94|72,27/48,49=48,90,9,4,49
82,88|63,58|13,41|5,84|96,67|88,38|13,5|13,36|45,96|13,78|67,26|84,79|41,82|79,35|72,63|92,49|13,45|36,72|78,92|49,33/13,38=13,41,82,88,38
53,48|54,46|48,69|42,55|54,68|21,42|90,22|95,60|68,90|54,20|54,0|6,95|22,75|54,53|98,9|12,98|69,86|0,6|20,21|46,12/54,60=54,0,6,95,60
55,40|92,23|26,10|86,62|27,82|69,92|55,27|10,34|55,75|66,63|14,11|75,26|74,14|55,69|46,86|82,66|62,64|23,25|55,46|40,74/55,63=55,27,82,66,63
0,58|24,90|52,10|58,22|3,12|89,34|90,83|83,47|70,89|12,48|3,70|10,19|34,84|19,55|57,0|3,52|94,37|48,94|3,57|3,24/3,37=3,12,48,94,37
92,26|88,38|92,88|10,86|92,25|16,36|27,21|13,29|54,27|26,81|86,13|14,12|92,10|92,54|81,51|25,16|51,98|36,97|21,59|38,14/92,29=92,10,86,13,29
61,47|64,73|69,30|56,25|49,23|96,56|73,39|57,96|66,85|30,95|85,80|40,69|86,49|64,40|64,57|64,86|39,61|23,13|64,48|48,66/64,13=64,86,49,23,13
54,80|47,95|47,61|29,54|68,31|45,39|9,44|35,92|63,68|80,26|95,9|47,29|47,45|99,25|75,99|47,63|31,24|44,1|61,75|39,35/47,24=47,63,68,31,24
41,30|57,20|28,69|10,26|9,94|94,57|90,59|41,28|59,2|69,8|38,90|30,10|8,71|41,0|66,63|41,9|26,62|63,33|41,38|0,66/41,33=41,0,66,63,33
98,14|36,25|14,68|7,99|63,36|25,97|63,69|97,50|57,37|52,22|72,7|81,98|63,51|69,52|63,57|79,89|63,81|37,79|51,72|22,61/63,50=63,36,25,97,50
17,29|17,57|29,66|31,91|17,71|40,81|17,68|81,6|68,40|66,89|13,42|93,31|57,77|89,87|55,4|83,15|71,93|77,13|17,83|15,55/17,4=17,83,15,55,4
73,9|1,42|91,23|12,38|69,46|28,70|75,68|45,69|38,73|28,12|28,1|28,94|70,91|42,79|30,75|94,45|28,49|79,8|49,30|23,71/28,71=28,70,91,23,71
28,80|73,95|80,11|8,12|29,28|65,73|48,19|40,79|29,8|12,21|56,59|29,65|29,48|21,7|95,54|42,40|11,90|41,42|19,56|29,41/29,79=29,41,42,40,79
31,36|43,15|10,1|96,82|27,43|19,40|79,52|79,19|52,27|45,47|33,31|1,55|79,33|55,23|79,10|30,61|79,45|47,96|40,30|36,69/79,23=79,10,1,55,23
54,2|75,87|56,41|92,84|80,54|88,57|22,39|34,72|87,92|41,74|13,80|37,75|37,25|37,13|69,34|37,22|37,86|25,69|86,56|39,88/37,74=37,86,56,41,74
1,39|70,47|3,88|1,94|72,70|39,17|88,77|77,82|1,3|75,93|78,52|6,72|1,6|52,33|94,64|22,97|36,78|17,22|1,36|64,75/1,33=1,36,78,52,33
43,8|48,11|60,61|84,15|60,43|21,3|60,52|8,48|18,90|53,41|47,53|79,50|16,47|50,84|60,16|7,21|52,7|90,12|61,18|60,79/60,12=60,61,18,90,12
49,47|0,61|58,39|80,41|42,83|16,49|85,86|71,5|85,42|86,0|41,58|83,10|61,4|47,70|85,80|5,98|85,32|32,71|10,20|85,16/85,39=85,80,41,58,39
8,16|81,19|97,22|12,3|47,69|12,11|35,81|19,43|69,13|12,35|16,32|12,34|85,47|72,17|2,72|22,29|11,97|3,8|34,2|12,85/12,17=12,34,2,72,17
1,92|0,28|49,12|26,68|92,49|70,9|1,6|12,77|6,37|1,56|41,59|76,57|28,16|1,0|58,76|37,70|16,20|1,41|56,58|59,26/1,68=1,41,59,26,68
43,84|80,59|49,85|5,57|5,86|65,28|84,26|86,91|59,83|57,23|91,49|5,98|98,43|5,80|83,22|13,39|5,65|31,58|28,13|23,31/5,26=5,98,43,84,26
1,12|88,25|94,17|96,22|22,86|34,1|0,9|9,44|29,18|5,34|17,88|29,0|44,15|79,11|54,19|29,94|18,96|29,54|29,5|19,79/29,11=29,54,19,79,11
3,14|3,31|3,27|99,22|22,54|67,65|35,1|65,89|61,90|8,40|41,51|77,30|3,41|31,99|3,8|81,77|40,35|27,67|51,61|14,81/3,1=3,8,40,35,1
85,88|2,58|8,43|74,47|47,90|2,85|58,99|2,78|88,6|32,96|93,4|96,5|2,30|78,74|99,93|16,32|2,16|30,8|43,28|6,17/2,17=2,85,88,6,17
95,98|16,39|69,48|20,69|66,94|80,71|41,42|20,95|81,80|42,47|20,81|71,56|20,84|94,19|67,59|26,41|84,66|48,16|98,67|20,26/20,19=20,84,66,94,19
89,1|70,35|54,3|70,7|62,49|70,89|34,15|7,32|93,19|59,80|35,78|1,67|70,93|78,62|19,59|15,23|70,34|67,71|23,29|32,54/70,29=70,34,15,23,29
61,74|61,84|9,55|36,76|89,77|1,59|83,3|84,63|92,89|8,18|14,58|61,83|63,14|24,92|61,24|74,36|76,68|55,8|61,9|3,1/61,68=61,74,36,76,68
23,75|45,36|97,23|38,43|50,59|75,3|36,13|87,38|17,50|41,66|55,9|69,41|17,89|43,10|17,87|53,69|17,53|17,97|89,45|59,55/17,10=17,87,38,43,10
99,20|68,66|96,38|42,6|83,24|45,53|80,85|6,45|56,80|96,94|15,31|94,25|25,15|96,56|24,95|20,68|38,83|96,99|85,21|96,42/96,66=96,99,20,68,66
39,38|61,90|58,17|93,25|6,58|90,93|25,60|20,6|92,49|10,89|83,10|89,31|61,83|61,55|52,39|55,92|76,52|61,76|61,20|49,87/61,87=61,55,92,49,87
88,91|46,47|14,6|25,78|6,90|42,53|33,46|42,58|28,25|95,17|75,88|53,14|91,49|42,28|42,75|42,12|78,18|19,95|12,33|58,19/42,90=42,53,14,6,90
2,30|52,2|20,83|99,74|47,84|63,52|21,57|83,43|21,80|98,97|21,99|80,20|49,87|87,47|74,69|69,75|21,49|91,98|21,63|57,91/21,43=21,80,20,83,43
99,61|44,12|24,81|44,62|44,69|44,55|18,16|28,5|75,18|62,75|69,58|58,96|61,67|48,24|55,99|44,10|12,21|21,28|96,32|10,48/44,81=44,10,48,24,81
2,58|4,65|39,29|65,7|95,0|58,39|89,41|2,25|0,94|81,95|2,92|20,76|25,89|2,81|29,9|92,31|41,53|2,24|31,20|24,4/2,76=2,92,31,20,76
82,94|57,99|25,30|57,84|57,64|5,86|84,31|33,88|79,54|99,93|16,22|93,33|31,25|86,85|54,21|22,82|57,16|57,79|21,63|64,5/57,88=57,99,93,33,88
41,30|8,62|28,10|90,59|9,94|94,8|69,26|41,28|26,71|10,57|38,69|30,90|57,20|41,0|66,63|41,9|59,2|63,33|41,38|0,66/41,33=41,0,66,63,33
6,80|2,12|6,34|28,45|80,72|17,20|86,2|45,33|6,42|57,17|54,21|21,43|12,68|76,8|61,28|6,61|6,86|72,76|34,57|42,54/6,20=6,34,57,17,20
26,28|47,63|2,47|36,26|7,41|53,89|53,85|21,55|51,88|53,73|23,57|88,18|53,62|73,2|89,1|62,36|1,7|53,21|55,23|85,51/53,18=53,85,51,88,18
68,98|43,67|98,54|21,59|1,26|18,1|21,7|21,13|6,96|59,18|21,38|13,55|7,68|91,43|76,93|21,91|67,16|38,39|39,76|55,6/21,93=21,38,39,76,93
72,95|96,25|29,13|33,18|34,30|33,34|33,70|31,29|30,90|33,77|70,67|13,58|18,96|77,72|33,31|9,41|25,83|95,65|90,19|67,9/33,58=33,31,29,13,58
9,91|68,74|71,17|71,79|40,51|71,52|6,61|52,40|80,6|98,63|29,98|61,35|71,80|79,29|71,68|17,84|96,87|84,9|51,33|74,96/71,87=71,68,74,96,87
89,83|24,90|52,0|83,22|3,12|10,19|90,34|34,55|70,10|12,48|3,70|0,58|19,47|58,84|57,89|3,52|94,37|48,94|3,57|3,24/3,37=3,12,48,94,37
93,30|31,24|61,86|33,66|86,69|69,8|61,13|9,85|52,35|85,52|61,23|90,31|55,90|30,45|13,76|8,17|76,33|23,93|61,55|61,9/61,17=61,86,69,8,17
67,37|39,25|89,39|22,9|25,86|89,26|89,55|93,79|86,43|55,29|29,67|89,93|27,51|94,12|89,96|9,34|77,27|26,77|79,94|96,22/89,34=89,96,22,9,34
64,93|82,36|95,63|49,62|32,95|36,98|77,7|45,70|51,88|88,64|6,80|32,49|25,79|7,6|96,82|32,77|63,25|32,51|32,96|62,45/32,79=32,95,63,25,79
49,41|24,7|79,9|79,37|79,67|78,57|57,62|42,49|79,0|45,61|9,42|79,96|51,50|50,38|7,34|37,78|61,85|67,51|96,24|0,45/79,38=79,67,51,50,38
48,74|39,47|36,51|36,60|60,16|36,22|19,93|51,48|16,0|47,87|23,85|0,66|93,80|18,23|74,58|80,42|52,18|36,19|36,52|22,39/36,42=36,19,93,80,42
58,92|3,35|58,3|99,77|1,83|92,99|6,40|58,0|75,86|74,46|55,75|76,26|46,1|58,66|5,6|58,74|0,55|66,5|77,73|35,76/58,40=58,66,5,6,40
91,16|32,90|63,6|55,93|25,80|91,32|43,47|18,55|16,83|90,87|91,58|87,40|8,25|83,63|91,18|26,43|80,54|93,65|91,8|58,26/91,65=91,18,55,93,65
63,84|69,66|52,47|35,1|95,67|92,69|28,95|71,70|70,57|73,35|26,73|84,71|49,52|63,26|63,64|24,28|63,38|63,24|64,92|38,49/63,47=63,38,49,52,47
28,27|21,85|21,86|79,71|71,84|21,79|74,34|58,0|27,93|93,6|84,67|21,74|60,30|75,64|86,75|85,72|34,58|64,55|21,28|72,60/21,30=21,85,72,60,30
65,68|17,8|3,92|17,64|93,80|17,75|75,57|57,40|87,25|71,93|17,13|30,3|31,87|66,65|25,24|8,66|64,30|17,31|13,71|40,45/17,24=17,31,87,25,24
9,98|36,70|9,48|98,61|9,50|76,3|9,4|50,36|61,77|86,1|9,64|48,76|52,79|1,28|77,95|70,49|64,80|3,72|80,52|4,86/9,95=9,98,61,77,95
62,20|79,38|20,35|70,69|69,90|90,14|91,8|25,98|87,95|37,91|59,25|79,59|38,62|79,46|79,37|46,19|19,87|79,70|8,88|98,52/79,35=79,38,62,20,35
92,81|52,39|93,70|88,52|81,56|37,18|76,43|88,64|9,86|18,9|11,40|70,72|88,37|64,93|43,11|88,92|57,83|88,76|39,57|56,0/88,86=88,37,18,9,86
57,42|32,47|36,21|94,23|50,44|94,78|13,50|22,57|78,36|46,19|21,82|94,66|66,64|61,46|23,61|45,22|64,32|94,45|94,13|44,31/94,47=94,66,64,32,47
90,46|11,87|55,20|87,82|61,68|43,86|94,80|68,3|54,11|90,69|80,24|46,55|50,43|90,50|90,54|69,94|3,59|90,61|86,52|20,92/90,24=90,69,94,80,24
62,68|97,38|46,9|83,54|44,80|67,20|80,49|20,46|37,64|54,91|67,78|51,44|87,83|38,62|67,51|67,97|67,87|64,33|78,37|9,25/67,68=67,97,38,62,68
81,10|64,9|36,77|10,65|75,42|47,14|65,8|81,3|81,56|56,13|3,98|81,75|94,90|98,83|83,11|13,64|81,36|8,26|77,94|42,47/81,90=81,36,77,94,90
13,48|32,38|90,13|53,64|32,54|79,57|35,62|75,79|86,16|32,18|64,41|54,75|70,9|62,86|38,2|18,53|2,70|32,35|32,61|61,90/32,57=32,54,75,79,57
18,1|68,98|1,96|21,59|6,54|43,6|21,7|21,13|67,26|59,43|21,38|13,55|7,18|91,68|76,93|21,91|98,16|38,39|39,76|55,67/21,93=21,38,39,76,93
36,91|46,74|36,75|62,47|74,92|8,52|76,62|36,46|0,89|7,98|22,51|52,0|33,7|70,22|75,33|92,50|36,16|16,70|91,76|36,8/36,89=36,8,52,0,89
21,14|30,40|13,64|58,68|7,60|73,56|43,75|75,39|39,84|84,59|43,21|79,73|43,77|43,58|68,7|40,13|43,30|46,4|77,79|14,46/43,56=43,77,79,73,56
34,75|4,85|85,30|98,65|34,28|34,96|65,60|61,13|86,98|19,25|30,3|75,57|21,79|25,97|96,19|28,99|34,4|99,21|34,86|57,61/34,3=34,4,85,30,3
48,43|1,35|99,50|83,34|83,65|4,36|83,30|43,26|50,29|35,3|65,48|83,71|34,1|30,92|89,99|83,89|92,75|71,87|87,4|75,68/83,68=83,30,92,75,68
40,18|14,98|12,9|16,67|42,14|84,40|12,75|57,87|47,16|27,57|76,20|12,76|12,47|9,84|20,46|67,29|87,79|46,89|75,42|12,27/12,18=12,9,84,40,18
63,28|50,14|11,53|53,2|22,24|40,50|73,5|52,98|11,10|74,89|10,40|24,73|11,22|89,25|11,63|60,59|28,52|11,92|92,74|2,60/11,98=11,63,28,52,98
87,41|28,25|41,89|87,1|1,54|87,77|54,68|44,36|87,44|77,30|36,71|68,55|30,62|62,57|71,84|25,29|13,28|27,60|89,27|87,13/87,29=87,13,28,25,29
67,68|42,21|78,44|13,99|54,24|7,74|61,7|61,51|94,98|61,82|98,23|49,47|82,94|61,67|68,49|51,54|24,15|61,13|74,78|99,42/61,23=61,82,94,98,23
60,82|36,84|56,74|60,10|60,25|10,33|74,50|33,85|15,94|70,64|60,70|53,11|94,13|64,36|85,32|21,72|11,21|25,15|60,53|82,56/60,32=60,10,33,85,32
94,54|3,24|50,51|64,50|34,3|25,23|87,28|64,16|23,79|42,43|28,42|98,96|99,34|64,65|96,66|64,87|16,98|64,99|51,94|65,25/64,79=64,65,25,23,79
49,14|41,69|41,3|3,51|41,20|20,39|51,55|87,25|77,84|25,9|41,93|30,75|39,30|16,77|41,87|89,49|69,89|55,24|93,16|9,90/41,75=41,20,39,30,75
78,43|93,35|64,79|49,78|80,93|67,68|66,64|28,52|15,66|98,28|80,62|35,10|62,98|80,15|80,67|80,49|10,53|68,58|58,24|43,14/80,53=80,93,35,10,53
93,11|93,28|28,21|91,73|11,3|82,76|93,91|70,37|21,15|15,50|29,97|96,41|3,70|73,96|97,69|93,12|48,90|12,29|93,82|76,48/93,41=93,91,73,96,41
14,62|33,15|89,35|86,18|35,61|86,33|86,8|18,14|19,44|55,99|86,26|26,89|15,19|88,69|8,60|49,55|86,49|99,87|60,88|62,76/86,69=86,8,60,88,69
13,40|40,52|13,16|25,51|13,83|13,25|80,94|16,64|82,23|37,10|23,37|71,59|88,98|64,30|83,63|63,88|30,38|13,82|52,71|51,80/13,94=13,25,51,80,94
8,3|54,25|69,54|90,68|28,98|70,72|62,8|94,90|3,46|16,29|29,50|70,62|98,78|70,49|63,28|70,63|49,69|70,44|44,16|72,94/70,78=70,63,28,98,78
71,60|57,87|33,71|87,15|15,89|48,34|67,96|14,33|79,90|13,67|60,99|14,57|65,44|14,65|72,13|92,45|14,79|44,48|90,92|14,72/14,45=14,79,90,92,45
69,97|17,79|52,27|58,13|83,54|97,80|79,69|17,43|17,52|59,28|17,8|30,44|27,58|8,73|54,65|43,59|17,15|28,57|15,83|73,30/17,65=17,15,83,54,65
38,1|35,11|0,97|78,86|14,0|61,8|47,62|30,47|78,30|78,14|62,27|97,44|78,31|43,61|31,35|1,58|11,57|78,43|8,98|86,38/78,27=78,30,47,62,27
54,98|5,40|10,94|95,51|60,70|60,34|60,29|94,95|60,81|34,44|70,2|2,35|14,30|85,14|60,10|44,54|40,45|35,62|81,5|29,85/60,45=60,81,5,40,45
19,78|98,72|64,82|76,31|17,68|13,76|79,98|49,84|31,20|96,19|96,13|32,38|96,55|96,32|55,79|30,17|38,49|78,64|96,30|68,69/96,72=96,55,79,98,72
34,97|93,91|52,1|5,52|54,17|1,54|5,43|31,88|48,14|47,48|91,34|76,47|81,89|5,93|43,31|5,76|35,23|5,81|88,73|89,35/5,17=5,52,1,54,17
46,6|78,59|78,23|24,69|58,11|78,26|26,49|40,29|18,10|78,40|75,4|59,48|78,46|6,75|85,53|49,18|76,24|29,85|23,76|48,58/78,53=78,40,29,85,53
80,51|41,49|14,80|14,77|4,85|71,89|49,31|75,70|14,0|85,35|28,75|14,60|14,4|81,97|77,28|43,81|51,71|0,43|60,41|35,72/14,31=14,60,41,49,31
63,72|72,44|52,57|1,23|71,1|71,52|87,9|57,32|71,48|78,35|91,78|71,17|67,11|48,63|23,67|35,76|17,30|71,91|32,77|30,87/71,11=71,1,23,67,11
78,73|90,81|62,0|9,80|84,90|78,35|11,31|35,62|31,33|33,30|73,63|40,49|92,9|0,36|7,92|78,7|63,40|78,26|26,84|78,11/78,80=78,7,92,9,80
13,80|80,22|28,40|67,28|67,89|89,95|77,99|40,90|95,68|42,82|67,13|90,9|5,26|26,77|79,88|22,50|67,5|88,42|67,79|68,86/67,50=67,13,80,22,50
64,57|77,28|5,30|58,81|64,19|30,12|64,88|83,47|57,58|47,14|64,49|41,80|73,41|28,66|80,18|88,83|81,46|19,5|49,77|64,73/64,14=64,88,83,47,14
10,95|97,93|98,83|84,40|92,86|1,10|27,84|75,97|40,5|75,27|95,44|75,92|7,28|58,7|86,9|9,4|75,58|75,1|93,98|28,56/75,4=75,92,86,9,4
91,30|69,62|16,81|30,99|66,47|47,16|51,52|51,91|51,85|82,93|71,31|94,82|50,71|62,5|55,50|51,66|51,55|99,12|85,94|52,69/51,93=51,85,94,82,93
82,63|1,34|43,85|66,38|43,94|67,1|43,78|7,69|94,22|87,89|43,24|43,86|11,66|24,87|89,13|22,82|86,18|85,11|78,67|18,7/43,34=43,78,67,1,34
47,82|5,60|65,40|82,37|6,79|59,63|2,5|79,42|14,28|96,6|77,47|59,96|59,51|59,16|59,77|67,65|16,67|28,53|51,14|63,2/59,60=59,63,2,5,60
28,33|67,97|67,10|32,70|25,53|20,77|67,20|10,18|18,72|67,68|68,9|66,26|21,25|67,65|9,28|26,11|72,63|65,66|97,21|77,32/67,33=67,68,9,28,33
48,1|54,49|61,48|69,61|69,16|56,55|55,22|69,42|8,36|69,27|1,33|94,97|69,46|27,90|90,94|36,12|46,52|42,56|16,8|52,54/69,97=69,27,90,94,97
32,55|77,99|72,31|41,50|27,83|50,10|37,62|84,57|57,38|8,46|62,74|74,1|55,41|32,77|32,37|87,84|32,8|46,72|99,27|32,87/32,38=32,87,84,57,38
67,94|50,88|27,43|37,83|63,86|94,80|37,50|43,69|37,27|37,87|15,73|1,3|80,92|87,32|83,15|69,26|37,67|73,68|88,63|32,1/37,86=37,50,88,63,86
9,2|8,91|2,6|22,34|9,8|91,25|23,89|54,17|17,98|70,72|43,54|9,70|9,59|72,22|25,69|89,24|6,68|68,87|9,43|59,23/9,69=9,8,91,25,69
20,9|5,86|41,38|29,74|63,35|38,63|16,6|49,68|54,29|78,54|5,41|10,16|86,49|5,24|5,78|9,65|28,10|68,37|5,28|24,20/5,35=5,41,38,63,35
76,2|20,34|5,73|4,56|5,79|0,68|34,3|73,38|56,76|21,85|38,98|19,32|6,50|5,21|5,4|5,0|79,20|85,19|68,6|98,59/5,50=5,0,68,6,50
41,30|26,62|28,94|10,57|9,90|90,26|69,59|41,28|59,20|94,8|38,69|30,10|8,2|41,0|66,63|41,9|57,71|63,33|41,38|0,66/41,33=41,0,66,63,33
11,47|43,71|13,43|47,64|5,67|64,42|41,21|40,32|40,93|93,5|38,13|54,14|40,11|66,95|67,89|40,54|32,52|52,41|40,38|14,66/40,95=40,54,14,66,95
4,92|83,66|97,45|76,53|35,47|95,64|6,94|2,88|92,95|6,97|36,8|6,2|6,32|88,35|75,36|53,73|6,4|45,83|32,76|94,75/6,8=6,94,75,36,8
29,34|15,83|70,54|29,20|6,22|96,15|13,16|93,96|34,95|16,62|72,73|29,70|29,93|54,11|20,72|73,78|11,8|29,13|95,6|62,30/29,78=29,20,72,73,78
38,28|38,32|94,54|40,25|38,23|18,56|32,4|14,79|62,40|15,94|8,60|38,26|60,37|23,8|38,15|54,21|4,18|26,62|79,69|28,14/38,37=38,23,8,60,37
20,26|66,12|20,84|31,63|33,52|12,61|54,85|26,19|60,1|59,43|63,60|84,75|19,54|67,33|61,64|20,31|20,66|20,67|75,59|52,37/20,64=20,66,12,61,64
58,22|83,64|64,37|82,72|37,4|23,85|16,3|58,14|85,88|71,18|73,82|2,42|14,84|84,16|22,73|18,2|58,71|88,29|58,23|58,83/58,42=58,71,18,2,42
70,94|35,56|36,78|14,17|5,24|55,5|67,36|32,48|81,73|28,50|32,67|32,81|32,14|32,55|17,35|78,51|73,28|24,90|34,70|48,34/32,50=32,81,73,28,50
57,96|11,5|87,19|21,7|69,24|69,21|69,12|66,85|7,87|36,76|5,22|85,2|69,57|27,36|96,86|2,30|86,38|12,11|24,27|69,66/69,76=69,24,27,36,76
7,5|19,17|78,49|35,15|17,93|27,35|19,32|49,7|22,68|93,73|73,26|44,58|58,3|19,71|32,43|19,59|19,78|59,44|43,22|71,27/19,3=19,59,44,58,3
72,39|74,63|39,74|63,34|5,57|72,23|21,13|25,55|13,87|72,67|41,25|87,56|23,5|55,38|72,41|66,81|57,15|12,66|72,21|67,12/72,15=72,23,5,57,15
37,72|52,27|27,97|9,92|12,37|23,53|94,38|92,13|12,73|36,17|72,67|12,23|53,94|12,81|67,31|12,71|71,52|81,1|73,9|1,36/12,13=12,73,9,92,13
12,10|11,76|37,89|61,37|21,44|15,88|77,61|44,14|10,72|31,41|15,77|88,31|33,11|56,33|15,21|41,60|72,71|15,12|15,56|14,22/15,76=15,56,33,11,76
49,82|67,73|28,9|8,17|52,54|76,90|9,6|73,55|67,28|6,1|67,0|67,8|45,74|54,60|17,45|67,79|79,52|0,49|55,76|82,33/67,60=67,79,52,54,60
11,19|52,12|52,78|10,2|93,11|65,10|1,92|12,61|78,65|54,1|55,37|92,48|52,54|56,73|28,57|52,56|81,93|73,55|52,81|61,28/52,48=52,54,1,92,48
59,36|41,95|44,12|29,93|38,94|29,41|29,4|4,25|97,47|95,7|75,51|29,44|36,46|7,76|57,97|29,8|12,38|25,75|93,57|8,59/29,47=29,93,57,97,47
12,17|66,58|77,28|73,44|66,73|58,60|66,79|17,39|44,52|86,64|52,1|64,84|28,16|72,77|66,72|66,24|54,38|79,86|60,54|24,12/66,16=66,72,77,28,16
9,77|30,57|86,10|53,24|90,92|91,86|44,79|57,91|24,9|30,58|30,53|6,54|98,44|79,64|83,28|92,83|30,98|58,6|54,8|30,90/30,77=30,53,24,9,77
12,47|17,89|25,20|17,86|55,36|17,26|3,8|86,25|47,48|17,12|14,23|73,3|36,99|17,0|23,16|26,55|89,14|0,73|48,60|20,46/17,46=17,86,25,20,46
4,16|10,92|33,72|33,83|22,45|92,57|85,10|90,81|29,2|83,49|96,80|72,4|45,90|33,85|33,22|33,15|2,98|15,29|49,96|16,84/33,57=33,85,10,92,57
60,67|60,46|60,13|30,64|39,54|26,14|41,35|37,97|50,86|13,65|46,40|86,0|67,50|40,37|60,39|60,23|23,98|98,30|65,26|54,41/60,64=60,23,98,30,64
29,51|10,2|25,90|2,99|34,89|23,26|26,49|23,14|90,98|59,29|23,25|58,85|14,10|49,12|98,30|23,48|12,11|85,34|23,58|48,59/23,11=23,26,49,12,11
83,13|49,50|88,52|11,20|94,29|62,28|11,73|11,2|87,38|38,80|13,97|2,94|11,58|20,57|50,88|29,75|58,83|11,49|57,62|73,87/11,52=11,49,50,88,52
60,35|93,79|81,17|2,37|69,43|45,93|60,2|19,58|71,12|58,81|31,69|60,28|60,19|60,45|28,71|79,49|12,20|35,31|65,14|37,65/60,17=60,19,58,81,17
65,49|97,87|33,55|54,83|35,41|31,92|34,54|58,33|95,26|94,44|34,6|92,94|4,97|34,95|6,58|87,5|83,65|34,4|26,35|34,31/34,41=34,95,26,35,41
95,59|96,94|56,93|37,70|37,5|70,96|42,74|37,52|5,16|94,6|16,17|37,97|17,90|37,56|40,76|93,42|97,95|89,40|59,30|52,89/37,76=37,52,89,40,76
24,12|6,33|81,88|6,40|96,1|28,71|88,96|22,93|7,47|71,18|6,73|6,41|47,15|73,7|6,81|12,59|20,22|33,20|40,28|41,24/6,59=6,41,24,12,59
75,19|76,74|10,63|27,65|10,31|46,71|55,94|8,90|90,26|49,36|64,75|31,12|74,49|10,64|10,76|65,46|12,55|19,91|63,8|10,27/10,71=10,27,65,46,71
35,66|27,23|37,87|25,34|37,54|28,70|22,4|37,40|26,7|37,89|4,17|87,22|54,35|89,19|19,28|93,25|23,26|37,27|66,80|40,93/37,70=37,89,19,28,70
25,65|78,12|81,78|53,25|82,40|62,20|34,39|73,94|62,5|67,81|39,32|33,15|62,9|5,70|62,82|40,33|70,73|9,34|62,67|20,53/62,94=62,5,70,73,94
25,41|66,92|66,6|1,29|84,65|56,46|66,71|6,21|21,99|71,57|91,63|57,1|92,91|87,47|99,7|65,25|47,56|66,87|66,84|63,44/66,7=66,6,21,99,7
57,39|78,2|10,60|50,6|2,10|6,70|8,51|51,88|8,50|70,14|62,96|44,57|91,54|71,76|8,78|8,91|39,36|88,71|8,44|54,62/8,76=8,51,88,71,76
81,83|13,78|54,7|62,42|77,82|78,10|6,94|59,51|43,81|73,43|94,59|42,50|77,6|29,34|10,53|77,29|82,62|77,13|34,54|77,73/77,53=77,13,78,10,53
48,8|8,82|17,28|28,81|88,93|68,99|93,53|32,45|69,56|53,85|45,68|41,69|30,88|19,17|30,23|30,34|30,32|34,41|30,19|23,48/30,99=30,32,45,68,99
29,70|29,45|52,80|67,79|80,93|78,16|55,5|29,46|29,78|79,53|5,49|70,55|93,58|46,31|26,96|16,51|45,67|29,52|31,26|51,84/29,53=29,45,67,79,53
79,88|56,14|95,16|89,23|95,26|12,41|95,36|26,79|25,22|0,2|95,0|70,25|14,75|22,11|95,70|16,67|36,56|67,12|88,77|2,89/95,23=95,0,2,89,23
78,91|13,14|9,99|2,46|39,78|99,69|41,75|90,94|91,25|14,70|90,39|49,24|1,73|90,37|73,41|37,13|90,2|94,9|90,1|46,49/90,24=90,2,46,49,24
19,37|67,76|71,10|37,63|96,99|69,22|63,1|22,20|94,58|19,69|83,51|58,71|20,2|48,42|19,96|1,11|51,48|99,67|19,83|19,94/19,11=19,37,63,1,11
61,76|76,38|78,70|96,1|56,73|64,21|1,98|30,48|30,61|3,78|97,96|30,56|30,64|21,72|6,22|48,3|73,6|72,15|38,32|30,97/30,70=30,48,3,78,70
26,91|83,23|60,77|48,32|65,17|51,66|83,26|83,90|23,74|42,68|84,63|74,84|88,43|90,42|91,48|17,88|83,60|77,51|68,22|83,65/83,32=83,26,91,48,32
56,7|42,44|65,56|45,35|78,82|65,74|8,42|91,67|82,86|69,39|65,53|53,91|35,32|74,8|7,69|67,55|65,40|84,78|40,45|65,84/65,32=65,40,45,35,32
56,65|6,37|17,56|67,4|48,94|2,44|17,48|36,77|94,33|4,76|65,36|17,2|33,98|82,92|17,67|45,62|92,45|44,6|76,49|17,82/17,37=17,2,44,6,37
88,23|4,85|6,4|88,21|72,83|12,50|69,92|51,69|21,51|88,12|35,58|88,66|50,74|88,89|53,35|23,62|66,6|62,72|74,60|89,53/88,92=88,21,51,69,92
70,64|80,16|52,10|94,8|94,82|10,40|51,54|36,51|3,46|69,70|64,62|16,42|18,36|94,52|8,80|82,12|40,27|94,69|94,18|12,3/94,42=94,8,80,16,42
65,19|11,3|87,24|50,65|99,98|98,22|87,96|24,10|87,99|87,14|10,11|22,6|87,23|96,83|35,74|83,78|78,68|23,50|14,35|74,15/87,3=87,24,10,11,3
64,4|16,58|12,32|82,99|32,88|99,35|87,15|82,49|82,24|82,50|49,56|45,16|82,64|24,12|61,11|4,87|50,45|66,94|56,61|35,66/82,11=82,49,56,61,11
54,84|31,3|46,83|28,97|48,51|75,73|54,28|73,44|83,42|51,31|4,46|84,5|54,58|54,4|5,0|97,15|15,96|0,81|54,48|58,75/54,44=54,58,75,73,44
39,23|3,83|89,58|50,11|81,50|78,47|21,81|45,89|45,3|40,20|45,42|83,39|9,97|58,9|92,80|45,21|45,92|80,78|42,54|54,40/45,47=45,92,80,78,47
38,97|49,73|55,51|54,70|15,67|73,66|69,61|92,15|69,53|69,56|69,38|61,92|91,78|51,25|68,91|69,77|97,54|53,55|77,49|56,68/69,66=69,77,49,73,66
13,14|93,1|19,27|27,80|66,68|13,59|52,96|26,58|13,23|59,91|13,26|96,98|13,52|58,93|98,41|91,84|84,35|23,19|68,74|14,66/13,35=13,59,91,84,35
27,5|19,80|34,69|29,87|58,90|63,61|90,39|87,86|27,18|18,74|69,13|76,34|27,29|74,63|80,50|39,16|5,19|86,43|27,76|27,58/27,16=27,58,90,39,16
27,12|39,77|89,39|22,9|77,67|89,26|89,55|93,25|67,43|55,29|29,27|89,93|94,37|86,51|89,96|9,34|79,94|26,79|25,86|96,22/89,34=89,96,22,9,34
37,66|37,60|69,33|37,77|13,50|94,64|50,11|58,97|66,58|33,78|60,94|6,59|84,6|78,92|77,13|97,19|64,86|3,84|37,3|37,69/37,11=37,77,13,50,11
41,88|6,30|59,39|39,50|31,41|24,46|31,59|31,14|31,87|56,6|50,21|77,34|87,24|14,56|31,61|61,27|46,3|13,73|88,13|27,77/31,34=31,61,27,77,34
74,58|28,73|14,26|4,66|73,52|41,82|33,5|99,28|29,41|66,43|56,11|58,29|36,56|74,99|74,50|74,1|5,14|1,4|50,36|74,33/74,82=74,58,29,41,82
5,96|25,5|19,89|62,51|53,2|16,60|19,58|51,74|91,85|86,25|19,21|40,91|95,53|59,16|89,95|19,86|58,62|19,66|66,40|21,59/19,2=19,89,95,53,2
2,23|36,24|94,36|94,67|45,68|90,3|92,86|67,57|7,76|94,90|94,56|24,45|94,2|3,38|23,21|21,52|38,34|57,92|76,64|56,7/94,86=94,67,57,92,86
80,75|53,22|79,16|77,66|53,31|16,9|53,79|52,39|41,80|9,8|38,46|31,26|39,38|53,40|26,77|50,55|40,50|55,44|22,41|53,52/53,66=53,31,26,77,66
88,41|90,46|58,44|35,29|23,43|29,90|58,35|28,99|18,28|58,76|44,98|58,18|98,17|41,11|99,83|43,37|76,88|17,47|37,48|58,23/58,46=58,35,29,90,46
59,28|58,62|27,43|58,31|28,14|65,44|31,27|30,45|92,94|44,34|94,89|62,92|43,18|58,65|58,9|45,48|9,59|34,56|58,30|48,78/58,14=58,9,59,28,14
67,65|56,14|67,10|67,70|13,88|67,54|77,11|10,13|70,56|67,46|57,18|14,1|93,60|76,77|75,57|88,6|46,76|80,93|65,80|54,75/67,1=67,70,56,14,1
67,95|36,67|52,25|95,22|70,33|36,7|36,52|33,10|7,94|87,86|94,87|46,3|25,84|3,57|0,46|84,40|36,18|18,70|22,49|36,0/36,10=36,18,70,33,10
42,53|82,9|80,98|53,88|42,80|88,57|1,76|57,27|89,18|51,58|9,7|10,8|7,74|97,26|98,1|26,10|18,51|42,89|42,82|42,97/42,76=42,80,98,1,76
10,60|47,48|16,47|63,89|31,16|55,18|69,42|31,35|60,1|89,19|31,63|48,0|42,58|58,36|83,10|18,52|19,84|31,83|31,69|35,55/31,1=31,83,10,60,1
17,44|94,22|0,9|28,10|17,96|66,69|16,33|10,0|3,66|44,3|68,48|17,68|22,77|48,57|17,94|20,16|77,99|57,59|96,20|17,28/17,59=17,68,48,57,59
17,51|17,33|33,53|17,44|30,47|53,64|72,65|64,71|17,24|3,34|17,14|67,45|14,40|40,3|24,41|41,67|51,72|65,90|47,39|44,30/17,71=17,33,53,64,71
36,94|34,36|87,63|50,70|1,19|39,1|94,46|39,43|9,33|74,87|19,51|6,21|70,9|39,34|39,50|39,6|24,58|43,74|51,41|21,24/39,33=39,50,70,9,33
99,13|62,67|66,93|18,22|99,74|99,57|53,59|74,73|17,53|22,70|85,66|49,62|99,56|56,18|73,68|57,85|13,49|99,17|59,60|68,14/99,93=99,57,85,66,93
56,38|85,57|94,83|11,76|57,51|2,5|35,18|86,88|4,85|88,74|83,11|56,2|56,94|38,59|56,4|59,29|5,35|74,73|56,86|29,20/56,73=56,86,88,74,73
84,60|71,84|57,88|32,99|88,33|97,95|32,57|63,71|73,7|95,16|33,4|70,17|91,70|32,68|68,97|32,63|94,73|32,91|99,94|17,89/32,4=32,57,88,33,4
49,7|35,25|22,97|10,16|0,56|85,98|16,85|72,62|84,29|62,11|25,72|97,91|91,66|35,49|35,10|35,6|29,58|35,22|7,0|6,84/35,11=35,25,72,62,11
84,23|34,9|80,67|76,52|3,65|70,68|92,44|23,66|79,90|65,6|76,79|76,80|76,37|66,81|76,84|90,70|67,34|44,40|37,3|52,92/76,68=76,79,90,70,68
7,11|65,74|70,72|68,42|7,9|47,50|72,68|16,46|50,43|78,13|88,47|7,70|10,83|9,54|54,10|46,65|11,78|13,1|7,88|7,16/7,43=7,88,47,50,43
24,20|39,98|53,46|53,83|98,12|20,45|46,51|85,73|74,22|53,17|51,26|69,39|53,24|53,69|45,10|83,85|17,80|73,77|26,64|80,74/53,77=53,83,85,73,77
62,48|96,94|9,29|48,78|57,64|58,53|9,72|29,31|89,13|94,33|9,61|13,40|4,49|9,26|31,4|26,96|61,89|53,57|9,58|72,62/9,40=9,61,89,13,40
35,42|54,98|66,54|35,52|78,10|61,67|35,74|35,66|52,5|0,46|35,61|76,84|98,62|46,79|67,76|42,0|5,20|74,78|10,77|20,23/35,62=35,66,54,98,62
49,26|19,81|38,32|94,3|99,93|26,19|49,43|43,1|61,94|49,76|25,61|49,25|1,83|81,2|5,74|32,5|49,38|83,42|93,92|76,99/49,74=49,38,32,5,74
80,98|70,58|80,66|80,60|34,74|0,99|47,37|91,47|14,31|58,69|60,34|98,15|80,70|69,44|66,91|15,14|80,90|74,13|99,25|90,0/80,13=80,60,34,74,13
3,93|59,19|3,24|72,48|9,92|6,25|24,59|93,8|86,9|85,89|3,60|25,38|8,72|3,97|60,6|97,85|19,50|3,7|7,86|89,39/3,39=3,97,85,89,39
64,54|51,44|2,82|53,18|82,92|49,10|64,49|68,6|44,41|43,77|92,9|64,68|6,53|55,31|89,55|64,89|31,16|54,51|10,43|64,2/64,9=64,2,82,92,9
48,79|69,49|47,91|3,25|33,1|14,32|0,48|3,14|89,33|84,46|3,30|32,69|17,81|3,89|30,17|46,47|3,84|1,24|25,0|81,75/3,75=3,30,17,81,75
74,60|2,45|32,28|22,79|60,58|33,82|28,46|58,63|33,74|53,44|82,32|33,61|26,1|79,2|86,26|33,86|61,53|33,22|1,85|44,37/33,63=33,74,60,58,63
73,60|60,4|80,84|97,80|97,71|15,26|75,96|97,15|46,95|97,46|33,73|30,88|6,7|88,0|84,6|95,75|8,18|71,30|97,33|26,8/97,18=97,15,26,8,18
68,79|64,57|37,26|83,93|93,68|30,94|65,64|60,1|46,35|94,60|75,69|7,11|31,7|46,30|46,37|26,75|46,45|46,83|35,31|45,65/46,79=46,83,93,68,79
91,56|88,64|55,99|70,91|33,55|45,35|20,97|68,50|50,45|42,24|24,48|42,30|56,13|42,68|42,88|48,81|81,11|64,20|30,33|42,70/42,13=42,70,91,56,13
49,60|49,25|92,12|70,48|32,80|8,75|12,14|89,88|49,50|49,8|55,70|75,43|14,0|43,35|49,92|25,55|60,89|88,68|72,32|50,72/49,48=49,25,55,70,48
94,30|52,98|7,75|33,25|75,46|96,4|84,93|84,94|32,20|84,83|98,72|84,96|83,58|84,76|30,32|48,65|58,48|4,33|93,52|76,7/84,65=84,83,58,48,65
9,43|9,45|43,49|28,14|49,96|93,95|46,2|47,28|9,16|3,46|95,39|9,3|70,42|68,89|96,97|16,47|45,93|9,68|2,48|89,70/9,48=9,3,46,2,48
35,69|71,33|10,32|10,71|32,42|42,47|10,35|29,22|10,23|23,98|98,29|69,76|15,27|33,85|85,64|66,15|10,66|47,68|76,62|27,48/10,22=10,23,98,29,22
77,96|42,49|94,83|20,95|74,20|91,32|57,68|55,56|74,94|32,57|95,86|74,91|74,42|74,17|75,97|86,90|83,75|49,55|54,77|17,54/74,68=74,91,32,57,68
40,14|40,7|23,83|86,36|47,64|22,55|14,22|40,39|57,53|43,70|55,63|40,86|72,43|83,61|7,72|61,44|40,23|36,47|39,57|53,68/40,44=40,23,83,61,44
23,85|39,6|23,53|24,3|40,28|23,78|23,90|53,81|54,76|81,54|23,27|28,30|47,39|7,5|78,36|90,40|16,7|36,24|85,16|27,47/23,76=23,53,81,54,76
64,39|95,11|32,92|87,42|94,95|42,50|61,94|39,91|61,64|61,38|38,99|61,87|91,70|99,88|61,43|11,48|50,10|43,32|92,13|88,7/61,13=61,43,32,92,13
46,19|32,47|50,21|94,23|22,44|94,78|13,22|36,46|78,50|57,31|21,42|94,66|66,64|61,57|23,61|45,36|64,32|94,45|94,13|44,82/94,47=94,66,64,32,47
75,5|4,52|1,83|15,71|22,80|80,92|4,15|25,41|4,75|41,1|5,51|4,25|67,38|52,98|29,36|51,54|4,22|92,99|98,29|71,67/4,38=4,15,71,67,38
66,73|69,4|1,66|87,62|19,53|75,65|58,79|31,19|75,99|75,40|99,72|75,58|79,69|90,84|40,1|75,31|53,28|65,87|62,54|72,90/75,4=75,58,79,69,4
27,58|98,69|68,82|15,41|41,98|36,95|47,27|66,42|44,37|68,36|95,44|59,85|82,59|68,66|58,43|83,97|68,15|68,47|42,83|85,65/68,37=68,36,95,44,37
43,14|17,64|29,70|90,1|83,7|36,89|89,67|90,45|70,98|90,17|1,83|90,50|45,36|99,76|76,25|60,29|90,60|50,99|7,39|64,43/90,67=90,45,36,89,67
49,22|1,46|51,85|55,95|79,51|45,79|22,1|14,45|14,49|39,55|99,39|33,93|14,29|14,99|93,26|29,40|30,4|14,33|26,12|40,30/14,12=14,33,93,26,12
92,60|6,80|1,67|16,39|94,83|80,16|1,91|97,10|7,87|1,92|72,36|87,48|60,72|1,6|41,94|10,29|1,97|29,24|91,7|67,41/1,36=1,92,60,72,36
62,99|19,57|57,69|35,41|51,91|26,56|5,51|63,35|30,88|99,21|56,63|26,12|26,2|2,30|26,38|38,19|91,75|26,5|12,62|88,94/26,41=26,56,63,35,41
20,68|71,97|89,77|13,27|61,16|20,87|12,38|20,23|20,57|77,64|73,94|57,60|59,12|68,89|62,61|97,13|60,73|87,62|23,59|20,71/20,38=20,23,59,12,38
23,86|23,11|2,9|76,27|64,40|15,43|23,6|40,32|86,64|11,67|67,57|60,53|57,42|23,15|9,80|6,60|23,70|70,2|53,51|43,76/23,42=23,11,67,57,42
3,8|15,38|70,22|59,15|68,55|20,78|20,18|67,57|38,21|55,67|18,86|22,50|20,7|78,17|20,59|7,70|86,34|34,47|20,68|17,3/20,21=20,59,15,38,21
71,91|80,41|51,88|21,75|19,99|70,94|31,74|71,70|7,10|41,3|71,7|91,80|92,6|99,31|30,57|10,51|75,92|94,30|71,21|71,19/71,57=71,70,94,30,57
15,54|2,15|23,92|3,83|83,61|70,42|66,79|50,36|70,88|65,23|99,66|54,29|42,3|70,2|70,9|36,13|70,99|9,65|79,90|88,50/70,90=70,99,66,79,90
8,14|85,80|54,48|84,17|5,67|19,95|95,46|67,8|1,19|86,28|48,52|1,5|1,29|1,76|76,85|17,86|46,78|80,13|1,84|29,54/1,28=1,84,17,86,28
39,89|61,66|4,56|66,83|39,95|95,1|93,87|1,10|39,96|96,4|11,82|18,11|39,84|87,24|84,61|10,40|56,58|89,18|0,93|39,0/39,82=39,89,18,11,82
90,76|87,7|76,78|17,54|21,87|80,56|81,12|54,94|96,90|79,22|96,17|96,21|89,81|56,79|7,40|78,60|96,80|96,37|37,89|94,31/96,12=96,37,89,81,12
4,74|97,64|85,90|73,4|59,75|7,8|8,48|81,13|1,73|85,86|75,49|86,97|85,1|85,17|6,81|64,14|47,7|17,6|90,59|85,47/85,74=85,1,73,4,74
43,27|71,88|43,39|56,82|82,93|42,61|13,47|61,73|27,17|16,22|57,71|43,42|47,78|43,40|43,56|39,13|40,57|93,97|17,16|73,87/43,87=43,42,61,73,87
73,56|25,71|66,79|25,60|83,98|57,67|58,76|41,66|25,73|82,84|25,89|71,58|25,83|11,80|60,18|98,82|89,41|76,87|18,11|56,57/25,87=25,71,58,76,87
26,81|13,18|81,12|76,34|24,21|26,44|37,83|50,57|57,76|25,24|12,52|26,50|98,25|52,43|79,13|32,79|44,22|26,98|22,37|26,32/26,18=26,32,79,13,18
9,41|74,2|2,77|62,27|27,93|88,40|77,25|25,94|74,55|12,21|89,9|29,62|55,12|40,20|74,67|74,88|67,89|20,96|21,58|74,29/74,41=74,67,89,9,41
67,84|72,56|35,51|98,57|51,37|57,42|54,25|67,97|67,35|67,54|66,92|84,72|37,18|56,58|2,66|67,2|92,64|97,98|25,13|13,81/67,58=67,84,72,56,58
97,37|37,59|72,87|81,90|92,99|80,19|97,81|99,73|90,78|45,80|43,92|87,29|78,88|97,43|6,17|67,45|97,67|59,6|97,72|29,36/97,73=97,43,92,99,73
68,90|29,14|58,51|9,34|52,9|40,29|52,60|60,40|61,68|95,4|90,98|52,0|52,43|0,47|47,58|96,46|34,95|43,26|26,96|52,61/52,4=52,9,34,95,4
1,39|75,82|3,72|1,94|17,75|39,88|72,70|70,93|1,3|22,47|78,52|6,17|1,6|52,33|94,64|77,97|36,78|88,77|1,36|64,22/1,33=1,36,78,52,33
93,3|91,9|69,79|0,47|51,32|91,53|41,4|53,29|86,65|91,90|11,93|29,69|9,41|4,48|91,95|95,11|90,99|91,51|32,0|99,86/91,3=91,95,11,93,3
5,84|55,89|72,29|64,51|89,71|86,55|64,5|76,21|29,76|51,60|3,80|80,4|64,86|60,45|64,72|59,18|64,63|45,50|63,3|84,59/64,18=64,5,84,59,18
73,8|20,70|12,64|8,49|31,12|73,42|26,62|73,51|49,59|73,77|70,55|51,71|62,79|71,24|24,30|59,6|42,31|77,20|79,63|73,26/73,55=73,77,20,70,55
0,96|0,64|80,76|27,33|96,58|58,66|63,93|52,43|66,62|93,59|3,80|97,35|36,63|0,97|35,27|45,52|43,55|64,3|0,45|0,36/0,55=0,45,52,43,55
9,2|9,7|92,1|15,11|9,64|2,81|1,39|12,83|97,68|32,36|36,89|68,14|9,19|81,15|51,92|83,85|9,51|19,12|64,32|7,97/9,39=9,51,92,1,39
84,66|64,95|44,9|14,29|7,30|95,45|64,40|87,85|72,44|9,70|40,87|17,19|30,14|45,17|64,72|64,7|64,35|85,26|20,84|35,20/64,29=64,7,30,14,29
37,35|16,97|10,58|97,38|85,24|40,10|61,19|40,85|55,16|84,50|24,69|41,37|79,29|29,61|40,92|69,44|58,84|92,41|40,55|40,79/40,35=40,92,41,37,35
39,78|24,8|95,4|59,49|7,19|66,16|15,81|83,15|14,69|4,31|49,24|83,95|83,59|40,66|71,40|81,39|31,85|83,7|19,14|83,71/83,69=83,7,19,14,69
91,20|96,56|31,94|56,21|37,59|21,31|76,89|96,84|26,88|84,76|5,3|63,80|96,5|24,63|20,26|3,37|96,91|89,11|80,18|96,24/96,11=96,84,76,89,11
96,42|73,96|42,24|73,98|32,17|34,8|88,50|92,32|8,47|73,91|91,92|24,39|74,60|94,46|73,74|47,43|73,34|60,88|98,94|46,29/73,17=73,91,92,32,17
7,23|78,26|44,95|16,52|30,64|14,91|26,19|87,58|78,30|78,99|64,82|19,44|82,60|78,14|91,7|78,65|65,16|94,87|99,94|52,46/78,23=78,14,91,7,23
95,45|14,65|32,41|94,30|19,95|61,57|62,99|45,59|54,23|13,62|13,7|30,54|41,22|13,94|99,14|24,61|7,24|40,32|13,19|13,40/13,22=13,40,32,41,22
35,44|16,35|81,3|2,33|65,21|2,22|62,13|2,81|27,83|1,25|36,27|52,62|3,70|22,36|2,65|44,38|21,1|2,16|70,89|33,52/2,38=2,16,35,44,38
29,94|13,36|96,11|66,29|11,13|36,53|91,23|70,20|96,15|15,33|87,70|24,87|96,91|94,82|96,66|23,41|41,42|33,44|96,24|44,69/96,82=96,66,29,94,82
30,41|34,20|30,42|44,19|58,44|41,59|37,9|20,11|75,99|19,12|59,89|30,58|89,32|54,34|42,37|30,14|30,54|9,82|14,70|70,75/30,99=30,14,70,75,99
6,58|61,21|55,86|26,36|36,10|39,6|39,61|89,79|21,55|77,32|39,89|87,28|34,68|10,52|39,48|48,66|39,26|79,34|66,87|58,77/39,86=39,61,21,55,86
69,34|33,80|90,69|4,52|52,25|7,2|80,55|25,51|7,4|2,73|30,13|7,38|23,30|91,90|7,91|9,33|38,23|54,63|7,9|73,54/7,13=7,38,23,30,13
49,26|99,94|38,32|81,42|1,93|26,99|49,43|43,19|61,81|49,76|25,61|49,25|19,83|94,3|5,74|32,5|49,38|83,92|93,2|76,1/49,74=49,38,32,5,74
89,58|74,29|22,88|18,51|56,74|29,75|89,97|66,61|27,18|61,82|89,24|78,49|64,78|42,27|24,64|89,56|58,15|15,22|89,42|97,66/89,49=89,24,64,78,49
20,41|70,17|20,90|24,83|63,85|4,53|80,63|20,4|77,47|90,70|53,86|20,79|35,23|47,24|17,14|79,80|20,77|7,35|41,7|86,0/20,85=20,79,80,63,85
19,32|96,65|19,24|19,72|19,90|44,81|50,87|72,17|24,36|17,43|30,53|90,30|53,51|64,50|32,64|73,96|19,73|65,91|36,44|43,79/19,79=19,72,17,43,79
78,19|55,44|88,49|88,8|82,53|49,97|47,15|88,47|8,78|21,67|88,59|97,55|53,56|18,21|59,82|15,16|67,39|16,4|19,46|88,18/88,56=88,59,82,53,56
88,56|78,26|3,97|74,59|59,4|76,1|91,76|43,84|26,38|97,43|88,11|21,79|38,94|64,21|56,91|11,74|79,45|88,3|88,78|88,64/88,1=88,56,91,76,1
34,50|15,38|17,22|59,15|68,70|20,78|20,18|67,47|38,21|70,67|18,86|22,57|20,7|78,55|20,59|7,17|86,3|3,8|20,68|55,34/20,21=20,59,15,38,21
64,5|60,14|99,12|99,28|95,37|36,64|12,11|78,2|99,82|99,49|49,57|4,78|57,20|82,4|74,24|20,18|11,95|28,36|99,74|24,60/99,37=99,12,11,95,37
85,54|27,97|87,81|66,49|1,72|88,38|27,88|97,76|72,66|98,9|46,87|65,63|27,1|63,11|27,37|37,65|38,85|71,46|27,71|76,98/27,49=27,1,72,66,49
56,77|62,40|58,33|92,1|37,39|37,36|77,74|37,20|39,62|89,82|33,84|1,88|74,24|28,89|37,28|20,58|36,92|40,41|82,46|37,56/37,41=37,39,62,40,41
83,30|5,8|62,49|49,6|25,62|88,97|25,23|25,67|25,63|8,59|97,44|25,88|23,93|93,83|6,70|72,36|44,28|63,5|67,72|36,42/25,59=25,63,5,8,59
53,11|55,15|83,45|84,83|96,46|35,52|96,60|11,55|92,43|43,35|96,24|24,33|96,53|44,41|60,86|33,44|86,28|28,99|96,92|46,84/96,45=96,46,84,83,45
51,35|52,72|45,20|59,10|13,89|61,28|59,68|68,45|59,52|12,99|23,61|36,58|10,14|20,65|28,94|59,23|59,13|72,12|14,51|89,36/59,58=59,13,89,36,58
22,50|80,33|89,0|50,26|89,80|94,85|26,48|61,46|52,38|0,49|89,94|89,28|49,61|85,63|98,52|28,98|29,76|33,29|63,13|89,22/89,13=89,94,85,63,13
28,84|46,28|36,61|79,42|42,9|89,6|88,47|46,18|84,7|46,89|9,60|7,95|46,79|6,38|15,88|46,4|61,32|38,96|18,15|4,36/46,47=46,18,15,88,47
22,19|22,84|32,77|74,25|88,89|25,36|58,85|83,8|8,68|68,13|84,74|89,16|22,32|22,83|3,58|22,47|11,10|47,88|77,11|19,3/22,85=22,19,3,58,85
67,50|0,22|14,63|6,14|98,0|63,82|2,40|88,70|33,6|15,67|72,17|33,15|50,44|70,90|22,83|33,2|61,88|40,72|33,61|33,98/33,17=33,2,40,72,17
14,74|98,61|85,11|16,81|16,50|16,71|60,66|71,69|17,77|50,28|81,31|16,98|76,29|31,17|55,76|28,85|69,60|61,14|29,15|16,55/16,15=16,55,76,29,15
73,44|13,73|38,21|71,99|13,98|98,65|22,62|3,38|13,71|66,46|35,3|46,11|61,9|13,35|32,66|16,59|65,61|99,22|13,32|44,16/13,11=13,32,66,46,11
9,49|86,48|64,60|59,33|86,82|71,88|21,64|86,67|47,71|11,59|53,6|88,15|82,11|86,47|48,9|1,34|67,21|49,3|86,1|34,53/86,33=86,82,11,59,33
46,67|46,32|24,64|32,62|62,80|80,48|81,95|67,81|46,12|54,24|8,16|29,7|88,54|12,29|46,88|95,5|46,13|16,92|7,58|13,8/46,92=46,13,8,16,92
89,67|44,54|1,55|93,77|93,89|67,26|30,42|93,1|31,44|21,30|93,31|26,98|55,29|93,21|29,66|68,61|54,60|61,48|77,68|42,33/93,48=93,77,68,61,48
86,92|61,90|68,1|90,63|92,80|86,98|1,56|86,61|86,68|97,59|88,64|56,55|98,97|80,78|25,40|63,45|59,71|64,25|86,88|78,28/86,40=86,88,64,25,40
89,31|61,90|25,38|93,58|52,25|90,93|58,17|20,52|92,49|6,39|83,6|39,60|61,83|61,55|10,89|55,92|76,10|61,76|61,20|49,87/61,87=61,55,92,49,87
12,16|51,28|27,17|55,63|94,52|16,79|93,51|79,46|53,8|55,56|8,14|55,12|40,94|49,53|56,27|55,24|63,40|17,86|24,93|55,49/55,52=55,63,40,94,52
47,90|42,14|52,9|47,98|72,7|96,26|22,96|67,41|47,72|75,58|26,19|41,15|88,5|51,42|47,22|7,88|98,51|58,52|90,67|47,75/47,9=47,75,58,52,9
87,20|54,99|75,5|93,56|93,94|94,76|39,53|76,54|56,18|48,75|5,36|93,39|86,14|53,33|14,73|93,49|93,48|49,86|18,87|33,43/93,36=93,48,75,5,36
18,7|25,18|42,60|42,48|60,20|48,25|20,3|66,82|49,16|42,66|82,43|72,13|94,54|42,94|15,12|16,72|3,6|54,15|42,49|43,30/42,13=42,49,16,72,13
9,30|71,81|8,41|61,40|71,17|63,89|50,3|17,92|49,18|92,9|18,65|34,2|71,91|3,63|81,95|71,50|71,8|95,61|41,34|91,49/71,89=71,50,3,63,89
46,68|61,63|46,12|10,83|51,6|46,56|12,19|46,11|77,76|81,26|46,10|83,51|91,61|68,91|50,69|56,50|11,81|19,77|26,59|69,78/46,76=46,12,19,77,76
80,34|80,62|6,25|51,3|80,44|34,24|65,58|62,55|64,97|94,64|9,76|44,9|55,6|80,32|97,66|80,94|3,53|32,51|24,65|76,19/80,53=80,32,51,3,53
74,19|68,34|15,6|21,28|72,54|15,65|39,74|73,68|22,66|66,51|50,39|15,96|6,73|96,94|94,72|15,22|51,77|28,29|15,50|65,21/15,19=15,50,39,74,19
42,1|12,91|72,29|65,20|1,35|12,6|5,26|0,42|7,72|6,15|20,95|91,30|15,5|12,0|12,7|9,65|30,84|84,78|12,9|29,51/12,51=12,7,72,29,51
25,76|57,3|64,55|35,6|6,25|79,50|35,64|35,30|3,89|55,79|27,56|35,57|1,81|56,36|81,28|66,1|30,27|89,45|35,66|76,42/35,50=35,64,55,79,50
92,6|84,15|93,76|57,52|83,71|31,49|6,42|33,87|77,12|16,94|84,33|84,16|42,95|94,93|84,77|37,83|12,57|87,31|15,37|84,92/84,95=84,92,6,42,95
63,30|69,85|8,43|88,90|31,89|16,97|2,69|90,5|86,31|29,88|97,86|16,29|16,82|16,2|16,8|65,96|43,63|85,78|96,92|82,65/16,89=16,97,86,31,89
66,28|67,81|71,69|60,63|47,87|13,47|3,11|87,71|13,67|75,59|98,3|65,68|13,98|81,66|63,65|13,60|11,99|59,17|13,8|8,75/13,17=13,8,75,59,17
68,93|79,59|61,63|63,41|29,0|79,25|77,83|95,68|0,9|79,82|41,11|81,26|59,33|25,95|79,40|82,29|79,61|26,85|33,77|40,81/79,85=79,40,81,26,85
63,83|38,19|90,31|82,80|31,4|38,54|38,90|45,73|38,26|83,82|55,46|73,27|4,89|5,60|26,5|60,64|54,23|19,45|38,63|23,55/38,27=38,19,45,73,27
79,86|79,44|16,23|75,82|21,63|44,73|82,94|50,59|73,70|59,60|70,25|86,21|94,51|79,75|79,12|63,15|12,93|0,50|79,0|93,16/79,23=79,12,93,16,23
23,91|56,23|67,43|56,1|2,67|56,41|34,33|18,17|41,18|56,78|1,96|56,32|96,71|78,94|17,57|32,2|91,86|71,45|86,49|94,34/56,43=56,32,2,67,43
78,12|25,15|40,25|53,78|82,34|62,20|81,33|73,94|62,5|67,40|33,65|39,32|62,9|5,70|62,82|34,39|70,73|9,81|62,67|20,53/62,94=62,5,70,73,94
60,35|93,12|81,17|2,71|65,14|45,93|60,2|19,58|31,79|58,81|37,65|60,28|60,19|60,45|28,31|12,43|79,49|35,37|69,20|71,69/60,17=60,19,58,81,17
86,38|29,72|35,14|65,11|12,35|17,65|72,12|38,94|29,41|41,17|68,88|29,96|29,18|18,86|29,69|61,82|59,61|43,68|69,59|96,43/29,11=29,41,17,65,11
41,28|43,69|11,38|4,11|72,43|28,76|52,40|41,4|20,61|79,22|41,73|61,81|76,52|41,79|73,72|81,29|13,90|38,6|22,13|41,20/41,29=41,20,61,81,29
48,23|48,57|82,45|50,46|93,74|90,21|48,93|23,34|45,3|51,47|48,73|57,8|26,94|74,26|49,50|73,49|48,35|35,82|8,90|34,51/48,94=48,93,74,26,94
47,29|58,46|96,14|9,34|52,9|40,58|52,60|60,40|61,47|95,4|29,98|52,0|52,43|0,26|26,96|90,51|34,95|43,68|68,90|52,61/52,4=52,9,34,95,4
59,28|17,79|52,27|97,44|83,54|28,80|79,59|17,43|17,52|73,30|17,8|58,57|27,97|8,69|54,65|43,73|17,15|30,13|15,83|69,58/17,65=17,15,83,54,65
42,44|65,76|79,96|7,26|65,95|46,50|61,86|26,24|65,46|24,83|65,11|11,81|38,90|76,61|50,38|95,99|99,79|65,7|86,41|81,42/65,44=65,11,81,42,44
87,99|41,37|71,45|3,16|76,86|93,87|37,18|16,6|41,1|22,14|41,76|96,3|1,93|18,22|41,71|45,74|74,27|94,57|41,96|86,94/41,6=41,96,3,16,6
34,29|69,62|86,45|34,51|29,56|51,78|2,48|67,57|61,77|78,67|60,79|8,31|77,60|56,69|34,61|3,2|45,8|48,54|34,86|34,3/34,31=34,86,45,8,31
47,44|5,47|28,68|30,37|42,11|5,42|5,67|75,62|68,58|67,65|11,63|41,36|5,88|5,45|45,32|44,75|63,1|88,28|32,41|65,30/5,37=5,67,65,30,37
3,42|73,44|43,95|3,73|44,47|3,18|40,24|30,11|27,7|18,21|21,30|12,27|79,13|42,12|3,40|47,50|57,79|24,43|28,57|3,28/3,11=3,18,21,30,11
5,14|75,23|29,3|23,19|2,46|5,56|27,76|19,73|44,99|5,75|56,2|87,8|14,64|99,27|18,87|64,29|46,69|31,18|5,31|5,44/5,76=5,44,99,27,76
50,23|15,58|15,50|15,67|89,98|94,59|75,61|67,29|82,95|58,69|15,16|36,84|34,96|29,75|23,89|16,57|15,36|69,34|84,82|57,94/15,96=15,58,69,34,96
42,44|65,76|38,41|7,61|65,95|46,26|50,86|61,24|65,46|24,90|65,11|11,81|79,96|76,50|26,79|95,99|99,38|65,7|86,83|81,42/65,44=65,11,81,42,44
58,66|13,4|21,57|83,70|96,0|75,85|83,58|86,75|33,80|89,86|34,23|2,62|83,89|83,96|0,33|66,21|83,2|62,13|48,34|70,48/83,4=83,2,62,13,4
12,88|64,14|36,52|26,36|62,76|65,75|58,12|58,40|78,0|75,78|19,73|58,64|76,74|88,19|58,65|7,96|58,79|14,7|40,26|79,62/58,74=58,79,62,76,74
7,45|16,52|25,40|10,8|88,10|86,44|8,5|72,7|13,92|43,86|43,89|6,25|43,69|43,88|69,6|44,13|43,16|21,96|89,72|52,21/43,40=43,69,6,25,40
86,7|20,62|60,86|20,9|78,45|89,87|26,37|20,24|55,80|20,55|48,89|1,98|20,59|23,1|24,48|62,78|80,26|59,60|45,96|9,23/20,37=20,55,80,26,37
50,7|50,88|7,1|53,73|2,48|29,39|50,15|26,29|24,26|19,42|88,53|15,93|4,2|93,19|94,4|73,64|1,65|50,94|50,24|65,60/50,48=50,94,4,2,48
56,2|51,9|56,86|9,0|42,96|55,75|67,4|0,43|2,67|4,95|96,59|56,99|27,82|56,70|86,27|82,14|99,42|72,55|56,51|70,72/56,75=56,70,72,55,75
60,44|60,32|59,82|60,93|70,45|41,27|97,41|92,22|44,92|32,37|22,79|20,91|14,97|60,21|93,59|63,70|60,14|37,20|82,67|21,63/60,45=60,21,63,70,45
89,4|84,53|75,87|28,92|26,20|33,41|43,1|84,23|20,33|4,2|84,43|23,89|84,9|9,75|1,94|87,13|84,26|94,5|19,28|53,19/84,41=84,26,20,33,41
36,70|38,19|13,41|87,96|24,28|32,0|33,26|32,24|32,38|28,33|32,7|41,87|32,13|9,80|7,52|19,9|0,36|59,54|70,65|52,59/32,26=32,24,28,33,26
29,34|62,8|70,54|29,20|11,22|16,62|13,95|93,16|34,96|95,6|72,73|29,70|29,93|54,15|20,72|73,78|15,30|29,13|96,11|6,83/29,78=29,20,72,73,78
97,88|30,55|61,89|40,24|61,95|24,36|6,16|95,97|61,40|61,58|88,63|55,71|49,99|16,52|61,56|89,30|36,60|56,49|58,6|99,96/61,96=61,56,49,99,96
74,38|4,47|74,50|74,27|40,75|67,22|70,39|33,76|27,40|85,84|74,70|74,4|50,33|38,77|47,67|39,1|77,85|76,46|75,7|1,62/74,7=74,27,40,75,7
33,65|65,52|55,39|78,14|10,98|9,89|4,62|98,4|78,10|78,18|14,9|3,44|89,57|11,20|71,23|18,33|20,3|78,11|78,55|39,71/78,44=78,11,20,3,44
97,65|1,14|6,32|93,6|85,2|26,38|7,13|96,85|2,28|97,84|84,7|65,93|98,25|18,1|97,96|97,31|97,26|31,18|13,61|38,98/97,32=97,65,93,6,32
41,92|40,29|88,41|65,75|32,63|40,82|75,56|91,79|76,32|40,90|56,67|40,76|57,47|63,20|51,91|47,95|40,65|90,88|82,51|29,57/40,20=40,76,32,63,20
71,16|75,7|29,79|22,37|95,36|6,71|37,92|79,22|29,6|29,8|29,21|91,53|21,19|29,91|8,76|53,95|76,75|16,38|19,4|4,69/29,38=29,6,71,16,38
27,63|89,46|96,0|35,38|4,40|37,75|0,71|99,88|76,96|40,64|89,24|24,25|25,27|89,76|86,4|89,35|38,37|88,74|89,86|46,99/89,63=89,24,25,27,63
11,28|1,38|82,45|69,11|91,32|34,15|26,86|1,98|24,70|1,8|38,69|32,4|98,12|22,91|74,34|1,22|45,24|8,74|1,82|12,26/1,86=1,98,12,26,86
26,83|80,84|84,48|26,23|92,24|99,92|96,19|19,9|83,56|46,99|42,6|26,96|26,46|43,80|26,43|45,87|56,45|9,69|23,42|6,44/26,69=26,96,19,9,69
56,43|33,42|30,2|53,19|98,33|30,76|30,11|30,56|11,84|58,4|93,51|84,93|76,98|44,53|43,88|4,71|30,39|2,58|88,47|39,44/30,42=30,76,98,33,42
43,84|66,40|11,74|11,95|11,17|74,31|17,35|28,56|50,28|11,52|11,66|95,88|35,43|80,73|52,50|31,22|40,80|81,67|22,9|88,81/11,73=11,66,40,80,73
66,50|50,80|31,45|93,74|31,34|31,88|85,82|11,93|31,66|63,52|80,56|82,83|74,17|51,33|31,11|88,24|52,99|45,63|24,51|34,85/31,99=31,45,63,52,99
82,75|36,5|82,81|4,96|44,56|81,41|72,0|84,63|43,28|82,43|63,89|13,44|5,72|28,14|82,36|75,84|14,11|82,24|24,13|41,4/82,96=82,81,41,4,96
71,91|80,31|92,6|21,99|19,10|70,94|41,3|71,70|7,75|31,88|71,7|91,80|51,74|10,41|30,57|75,92|99,51|94,30|71,21|71,19/71,57=71,70,94,30,57
61,70|56,13|61,94|61,25|63,96|61,63|45,26|17,47|61,45|92,56|94,99|11,65|58,19|70,17|34,80|25,92|96,11|26,34|99,58|47,29/61,65=61,63,96,11,65
87,48|3,22|53,24|40,89|40,53|72,85|22,58|57,41|9,57|24,95|95,33|40,64|63,87|48,98|40,63|64,62|89,3|81,9|40,81|62,72/40,98=40,63,87,48,98
29,10|29,9|38,21|68,57|29,91|91,46|22,95|9,16|66,22|15,40|83,35|10,68|29,37|29,66|16,15|57,80|3,83|46,38|37,3|95,84/29,80=29,10,68,57,80
19,84|48,9|88,92|74,2|90,97|71,74|35,48|92,41|90,29|64,8|8,50|90,43|43,7|90,35|90,71|9,33|7,19|2,96|29,64|97,88/90,84=90,43,7,19,84
32,39|7,57|67,50|10,55|70,10|59,72|77,67|33,62|72,32|94,70|62,36|36,34|9,77|16,7|99,16|59,94|59,33|59,99|59,9|39,68/59,68=59,72,32,39,68
63,28|50,59|11,53|53,2|22,74|24,50|73,14|52,98|11,10|40,60|10,24|74,73|11,22|60,5|11,63|89,25|28,52|11,92|92,40|2,89/11,98=11,63,28,52,98
3,34|86,49|90,50|3,48|79,31|51,61|48,71|7,69|61,76|13,53|49,79|25,51|3,25|8,13|3,90|71,7|3,86|34,8|10,84|50,10/3,84=3,90,50,10,84
75,76|83,92|48,31|31,36|70,53|70,48|55,7|70,55|7,85|59,40|92,78|70,56|74,59|36,9|85,99|53,18|70,94|18,75|56,83|94,74/70,76=70,53,18,75,76
69,3|40,70|91,28|16,90|28,68|91,92|97,49|49,40|92,69|55,62|44,84|35,16|45,55|91,35|90,36|91,97|3,9|68,44|62,8|91,45/91,70=91,97,49,40,70
94,65|87,7|9,57|54,87|11,94|92,91|72,47|72,34|63,21|7,14|10,12|34,10|72,17|17,11|91,32|72,54|12,89|47,92|21,9|72,63/72,14=72,54,87,7,14
68,8|77,71|71,5|74,12|5,17|98,82|28,47|8,28|68,98|68,77|47,85|68,45|64,42|44,84|67,74|58,56|45,67|68,64|42,58|82,44/68,85=68,8,28,47,85
75,9|4,37|9,13|8,46|12,25|12,18|12,89|18,19|13,34|81,20|37,2|12,8|62,42|89,62|12,75|19,81|25,4|46,49|42,50|49,36/12,50=12,89,62,42,50
50,47|26,38|79,44|26,79|26,40|23,84|47,31|84,0|31,22|2,81|17,94|44,17|7,30|38,34|71,21|40,23|26,50|30,71|34,2|26,7/26,22=26,50,47,31,22
43,92|26,60|26,94|54,43|40,45|12,7|26,93|26,67|67,15|60,82|15,40|26,54|92,47|33,12|94,33|83,85|93,46|82,83|37,80|46,37/26,80=26,93,46,37,80
59,85|96,26|59,96|53,33|42,61|59,78|78,68|71,91|68,83|83,18|46,39|59,23|23,46|26,53|59,9|9,71|10,42|39,57|85,10|91,54/59,57=59,23,46,39,57
14,48|86,91|71,13|40,30|99,55|27,2|97,80|99,97|67,53|2,89|99,86|43,72|91,64|13,14|99,43|99,71|64,66|55,27|80,67|72,40/99,48=99,71,13,14,48
70,13|13,95|2,71|70,2|59,77|83,4|74,63|70,53|25,74|47,59|71,61|61,98|95,14|14,46|23,81|4,23|70,24|53,25|70,83|24,47/70,77=70,24,47,59,77
0,35|22,94|55,27|4,74|35,22|66,80|80,16|83,55|40,21|66,0|97,85|69,97|27,90|91,26|85,49|66,83|66,91|26,40|66,69|16,4/66,90=66,83,55,27,90
42,30|82,42|61,97|73,55|30,52|18,87|97,18|10,73|24,83|65,72|24,61|43,70|98,10|76,43|33,65|0,33|24,98|24,82|24,0|83,76/24,70=24,83,76,43,70
2,82|12,31|97,60|0,59|78,81|85,0|59,78|89,97|21,6|42,57|85,95|6,2|85,52|95,89|31,55|85,21|86,12|25,42|52,25|85,86/85,82=85,21,6,2,82
93,37|11,20|90,56|14,11|79,90|32,16|39,43|57,1|20,47|18,32|14,97|14,24|14,15|97,93|15,18|14,57|47,28|1,39|24,79|37,53/14,28=14,11,20,47,28
63,6|4,8|30,53|10,4|10,90|53,65|10,30|90,33|21,56|97,99|65,59|56,64|99,38|69,75|10,15|10,97|38,83|33,63|15,21|8,69/10,75=10,4,8,69,75
94,5|89,44|39,10|64,39|13,91|13,64|87,37|10,58|37,94|81,2|26,80|13,55|95,74|13,87|44,11|91,76|76,26|55,89|2,95|13,81/13,74=13,81,2,95,74
93,3|91,9|4,48|86,79|51,29|91,53|41,69|53,99|0,47|91,90|11,93|99,4|9,41|69,65|91,95|95,11|90,32|91,51|29,86|32,0/91,3=91,95,11,93,3
18,6|54,18|42,60|42,48|60,25|48,54|25,3|66,82|49,16|42,66|82,15|72,13|94,20|42,94|43,7|16,72|3,30|20,43|42,49|15,12/42,13=42,49,16,72,13
85,49|84,39|38,64|27,29|35,43|14,58|43,67|67,51|29,70|58,78|70,17|39,38|27,85|78,50|27,84|49,81|17,3|81,54|27,14|27,35/27,64=27,84,39,38,64
95,77|67,79|39,10|14,95|2,47|67,89|73,9|94,39|5,51|67,34|53,73|37,49|89,14|67,5|51,37|9,16|43,2|79,43|67,53|34,94/67,10=67,34,94,39,10
15,29|62,66|84,87|95,16|40,85|12,37|12,49|12,40|12,39|66,1|81,60|60,17|87,32|49,62|85,95|39,84|71,81|12,71|41,15|37,41/12,1=12,49,62,66,1
87,14|85,55|76,4|69,85|4,80|47,13|80,47|91,22|76,77|6,87|76,69|22,41|76,40|40,73|55,48|76,57|77,91|73,86|86,12|57,6/76,14=76,57,6,87,14
26,81|13,18|81,22|52,43|24,83|26,44|37,34|50,57|57,52|12,24|22,76|26,50|98,12|76,21|79,13|32,79|44,25|26,98|25,37|26,32/26,18=26,32,79,13,18
44,7|31,76|75,90|94,75|94,10|76,60|94,93|71,46|90,49|89,71|46,72|93,65|94,22|79,95|65,79|68,44|22,68|94,89|10,31|49,86/94,95=94,93,65,79,95
79,71|0,72|53,95|95,22|8,53|40,54|39,50|50,9|3,33|54,79|30,43|35,3|71,45|72,30|40,77|77,35|40,39|40,8|40,0|9,85/40,22=40,8,53,95,22
59,19|8,81|24,94|5,32|46,85|72,2|94,59|4,95|5,88|2,46|91,30|5,24|95,40|32,4|5,72|5,8|30,44|81,21|21,87|88,91/5,40=5,32,4,95,40
51,83|77,82|78,9|93,63|59,78|55,94|26,77|10,36|36,42|44,55|93,75|93,72|72,44|63,59|62,69|75,26|42,21|69,51|93,62|93,10/93,21=93,10,36,42,21
89,99|96,89|70,44|83,22|74,80|55,73|22,71|65,70|38,59|80,58|74,83|74,55|44,23|74,65|30,19|58,30|74,86|71,43|86,96|73,38/74,99=74,86,96,89,99
88,43|81,42|97,20|99,34|97,99|43,0|20,98|19,66|83,49|97,19|34,29|98,86|97,83|86,25|29,26|49,81|97,36|66,64|36,88|64,48/97,42=97,83,49,81,42
81,87|66,34|64,22|66,36|66,12|6,52|8,6|28,8|12,32|87,92|96,43|93,15|34,81|95,93|48,64|66,28|22,84|66,48|32,96|36,95/66,92=66,34,81,87,92
12,41|96,21|96,78|44,83|91,86|59,91|43,2|78,19|61,36|19,43|20,59|46,23|23,57|36,12|98,44|96,61|57,54|21,98|96,20|96,46/96,2=96,78,19,43,2
87,30|40,87|5,53|30,51|13,0|19,6|84,99|99,5|93,35|84,57|53,36|57,19|84,93|84,40|52,13|84,52|31,90|6,80|0,81|35,31/84,81=84,52,13,0,81
89,21|13,73|1,71|82,20|74,82|0,26|73,97|40,18|21,10|47,13|72,40|74,69|69,89|74,0|74,65|45,33|74,47|20,1|65,72|26,45/74,33=74,0,26,45,33
72,0|79,21|61,62|47,6|84,9|84,79|9,92|65,32|84,89|84,15|3,38|35,47|84,46|92,72|89,65|38,51|32,2|46,3|15,35|21,61/84,0=84,9,92,72,0
28,39|54,32|78,18|26,89|24,48|48,58|5,72|13,68|50,24|28,86|86,42|42,54|49,26|33,78|28,13|68,5|39,49|28,50|18,96|28,33/28,89=28,39,49,26,89
12,42|80,31|42,72|10,24|9,97|72,85|9,82|97,28|9,12|89,80|9,6|11,43|82,11|9,4|6,89|4,10|28,7|24,83|43,26|7,65/9,26=9,82,11,43,26
3,70|26,34|89,15|47,88|48,47|77,3|34,48|60,71|69,44|44,33|33,13|82,77|36,32|32,7|7,31|15,60|26,82|26,36|26,89|26,69/26,70=26,82,77,3,70
93,6|14,22|96,26|38,94|78,48|48,96|22,35|78,38|78,59|19,63|86,67|59,19|63,23|0,93|78,7|7,0|26,29|78,45|94,86|45,14/78,35=78,45,14,22,35
81,10|8,26|36,77|10,42|75,98|83,11|42,64|81,3|81,56|56,13|3,65|81,75|94,90|65,47|47,9|13,8|81,36|64,14|77,94|98,83/81,90=81,36,77,94,90
61,98|40,95|60,49|37,27|9,37|27,97|58,38|49,40|72,46|4,58|68,61|72,21|72,9|46,70|25,4|94,74|21,68|70,94|72,25|72,60/72,95=72,60,49,40,95
93,75|77,81|88,87|56,94|93,56|64,28|7,35|93,7|19,58|35,52|93,47|93,88|63,66|75,97|94,19|52,90|97,64|87,63|47,5|5,77/93,81=93,47,5,77,81
84,22|4,62|52,7|26,59|26,76|26,23|38,4|18,38|15,40|8,52|80,15|22,82|98,84|26,98|16,11|23,8|59,80|26,18|34,16|76,34/26,82=26,98,84,22,82
59,85|8,81|24,91|5,32|46,44|72,94|91,59|4,95|5,88|94,46|2,21|5,24|95,40|32,4|5,72|5,8|21,87|81,30|30,19|88,2/5,40=5,32,4,95,40
82,85|68,21|63,51|79,53|63,23|51,74|53,56|63,64|85,68|63,82|60,4|77,81|66,7|23,77|63,60|74,66|17,5|81,87|64,79|4,17/63,21=63,82,85,68,21
22,96|99,69|1,3|69,26|76,77|26,61|70,19|31,36|77,70|76,1|19,13|27,28|3,22|36,90|76,27|76,25|28,78|76,99|25,31|78,6/76,61=76,99,69,26,61
63,71|97,45|72,97|63,23|71,98|63,72|79,95|91,76|99,12|45,92|56,61|36,26|86,60|23,99|63,36|12,10|98,86|61,91|63,56|26,79/63,95=63,36,26,79,95
75,17|49,18|34,12|49,75|53,35|18,7|11,70|35,24|52,45|49,34|7,52|81,22|12,64|64,90|17,11|83,53|54,81|49,41|49,83|41,54/49,70=49,75,17,11,70
21,69|53,88|94,90|21,33|76,53|61,9|69,63|63,61|85,60|90,40|21,6|6,85|91,31|31,14|21,91|60,93|14,57|21,76|88,74|33,94/21,57=21,91,31,14,57
67,65|56,14|67,10|67,70|80,77|67,54|93,18|10,80|70,56|67,46|88,60|14,1|57,11|76,93|13,88|77,6|46,76|75,57|65,75|54,13/67,1=67,70,56,14,1
69,47|44,58|67,4|32,50|73,93|59,10|10,70|47,36|52,72|85,69|73,85|55,11|73,59|70,64|73,55|28,44|93,28|73,32|50,52|11,67/73,64=73,59,10,70,64
18,78|30,8|20,88|2,85|41,20|8,57|27,5|57,2|14,18|9,0|30,24|30,27|43,14|30,38|3,9|38,41|10,61|5,10|24,3|30,43/30,0=30,24,3,9,0
56,19|81,86|10,67|90,20|24,36|41,29|67,94|56,97|56,34|18,24|38,41|97,6|6,81|56,33|34,10|58,90|33,18|2,38|56,2|19,58/56,20=56,19,58,90,20
28,45|9,91|5,70|97,78|54,88|56,5|46,64|70,54|15,63|64,2|56,97|56,9|78,95|95,59|91,15|45,86|56,32|37,46|56,37|32,28/56,86=56,32,28,45,86
15,98|15,62|61,72|15,85|67,34|4,99|98,81|23,91|24,84|27,67|84,4|62,27|15,24|90,28|91,90|70,55|85,48|81,70|48,61|15,23/15,99=15,24,84,4,99
74,60|78,19|37,35|74,9|74,37|60,78|31,7|66,50|74,88|7,49|35,26|88,75|19,89|25,31|9,53|75,66|6,42|26,79|74,25|53,6/74,42=74,9,53,6,42
74,2|74,60|2,42|30,68|41,30|68,49|65,7|7,25|60,9|56,28|74,50|74,41|40,1|74,65|42,40|9,51|69,56|51,95|25,44|50,69/74,49=74,41,30,68,49
54,61|10,52|83,30|10,83|4,17|50,39|10,38|17,13|13,28|5,58|15,84|38,50|30,5|10,4|52,54|61,20|69,2|10,69|39,77|2,15/10,28=10,4,17,13,28
0,57|53,8|78,62|15,54|87,4|93,81|17,43|53,0|81,98|4,61|83,22|62,74|54,17|53,87|61,41|21,78|57,83|53,21|8,93|53,15/53,74=53,21,78,62,74
89,45|70,80|72,81|97,57|5,14|14,4|16,97|96,75|70,96|75,72|70,5|57,39|45,8|70,16|4,7|13,40|80,89|74,28|70,74|28,13/70,39=70,16,97,57,39
91,30|50,71|99,81|30,62|66,69|69,99|51,52|51,91|51,85|82,93|16,5|94,82|47,16|71,12|55,47|51,66|51,55|62,31|85,94|52,50/51,93=51,85,94,82,93
96,25|69,58|99,62|14,33|43,17|86,14|58,85|17,29|33,51|5,80|68,99|29,76|51,74|86,67|25,5|85,94|86,96|86,69|67,68|86,43/86,62=86,67,68,99,62
33,11|94,2|53,75|95,93|95,53|13,10|95,59|91,94|14,35|10,49|49,51|59,90|2,22|90,14|93,33|11,30|69,8|75,69|95,91|95,13/95,22=95,91,94,2,22
48,26|38,95|49,16|24,15|5,3|14,25|83,94|94,21|65,49|96,48|96,38|96,24|26,52|15,14|96,83|96,65|95,5|16,68|52,28|21,66/96,28=96,48,26,52,28
45,12|42,82|91,61|39,42|7,8|61,75|39,56|36,67|56,15|39,88|67,14|75,47|39,91|82,49|15,45|39,46|8,72|46,36|88,7|49,19/39,72=39,88,7,8,72
53,21|54,46|21,42|98,86|54,68|90,98|48,69|95,60|68,48|54,20|54,0|6,95|69,75|54,53|22,55|12,22|42,9|0,6|20,90|46,12/54,60=54,0,6,95,60
58,54|42,86|61,1|9,58|72,38|32,42|9,87|24,97|5,45|49,39|69,40|54,49|45,69|37,24|9,5|9,37|38,61|9,72|97,63|87,32/9,86=9,87,32,42,86
36,51|34,36|24,41|50,70|1,74|39,1|51,63|39,43|9,33|21,24|74,87|6,19|70,9|39,34|39,50|39,6|94,58|43,21|87,46|19,94/39,33=39,50,70,9,33
56,65|66,50|18,68|45,97|75,89|87,66|3,45|16,73|85,1|51,18|32,3|82,51|32,81|97,90|32,56|32,82|73,85|32,16|65,75|81,87/32,50=32,81,87,66,50
4,29|9,75|17,28|67,9|15,66|75,91|67,22|67,31|91,61|7,17|49,81|90,35|37,6|67,15|67,90|31,7|69,4|22,69|66,49|35,37/67,61=67,9,75,91,61
67,15|96,51|58,91|66,78|13,96|91,20|67,83|83,58|15,66|82,0|90,81|78,2|67,89|36,34|89,13|67,82|0,36|79,90|33,79|67,33/67,2=67,15,66,78,2
81,4|99,34|43,54|97,20|38,81|56,94|7,43|93,62|38,68|14,53|68,14|38,49|53,10|38,99|34,96|62,97|4,56|49,7|38,93|96,13/38,13=38,99,34,96,13
8,57|44,48|69,93|8,69|42,26|88,45|91,44|92,95|2,75|48,4|55,92|26,88|8,42|8,91|57,2|93,10|51,55|10,76|75,17|8,51/8,76=8,69,93,10,76
48,97|93,47|52,1|5,52|54,17|1,54|5,43|91,35|88,23|31,88|47,48|76,31|81,89|5,93|43,91|5,76|34,73|5,81|35,14|89,34/5,17=5,52,1,54,17
0,95|59,81|25,45|42,33|39,13|8,50|42,82|55,65|13,76|65,40|81,8|88,25|95,20|73,88|42,59|77,39|82,55|42,77|33,0|42,73/42,20=42,33,0,95,20
11,13|98,3|9,41|7,6|80,51|41,15|7,22|68,88|31,34|7,98|13,26|22,5|6,11|17,31|32,17|46,9|5,68|7,32|3,80|7,46/7,51=7,98,3,80,51
64,33|75,64|25,29|88,56|56,69|65,9|68,13|29,6|79,63|65,61|61,25|65,88|9,75|65,45|63,73|45,51|69,15|22,79|51,68|65,22/65,73=65,22,79,63,73
56,38|59,57|94,83|29,51|57,18|2,85|35,20|86,88|4,59|88,74|83,29|56,2|56,94|38,5|56,4|5,11|85,35|74,73|56,86|11,76/56,73=56,86,88,74,73
31,43|96,15|10,1|30,69|47,96|19,27|79,52|79,19|52,47|45,40|33,31|1,55|79,33|55,23|79,10|36,82|79,45|40,30|27,36|43,61/79,23=79,10,1,55,23
67,4|66,48|66,64|86,60|66,13|13,86|61,67|17,93|32,61|11,69|5,11|56,96|87,5|60,76|93,7|48,17|66,32|66,87|96,36|64,56/66,4=66,32,61,67,4
77,74|48,57|57,83|90,39|40,77|16,80|28,59|54,90|62,48|54,40|8,56|41,23|70,8|74,91|85,70|54,62|80,41|39,28|54,16|54,85/54,23=54,16,80,41,23
3,48|58,62|48,2|49,3|52,98|62,90|68,43|76,5|49,52|5,47|90,84|27,55|49,58|49,68|2,69|98,23|47,29|23,73|49,76|43,27/49,69=49,3,48,2,69
5,16|34,3|33,48|65,67|60,22|17,28|33,34|33,60|16,17|22,15|92,52|55,45|33,92|3,44|1,65|15,75|33,5|52,55|44,78|48,1/33,45=33,92,52,55,45
75,36|63,6|19,97|65,89|42,74|75,87|75,28|75,19|47,45|50,55|55,66|75,56|87,26|28,50|97,42|56,47|26,65|36,31|45,12|31,63/75,6=75,36,31,63,6
37,66|37,60|69,58|37,77|13,50|94,78|50,11|84,6|66,84|58,97|60,94|64,59|33,64|97,86|77,13|6,92|78,19|3,33|37,3|37,69/37,11=37,77,13,50,11
75,29|3,72|72,27|30,91|51,44|79,22|75,90|91,67|41,62|75,51|44,41|57,3|75,85|90,71|85,89|29,30|75,57|71,94|89,79|94,46/75,67=75,29,30,91,67
34,52|83,54|98,76|86,24|61,42|18,83|81,18|95,39|86,67|86,81|42,34|67,14|14,98|82,57|86,61|23,3|17,82|86,23|24,17|3,95/86,57=86,24,17,82,57
43,24|55,27|29,36|95,37|27,86|85,5|79,57|14,22|57,95|55,79|4,10|86,43|55,14|22,29|55,81|5,98|55,85|58,4|81,58|98,34/55,24=55,27,86,43,24
81,11|64,40|43,51|38,98|35,64|92,78|92,94|92,8|78,89|28,88|92,90|89,69|95,28|51,25|8,43|69,80|92,81|90,35|11,38|94,95/92,40=92,90,35,64,40
60,61|71,98|16,35|9,12|19,43|62,64|64,81|90,50|81,89|79,71|98,47|43,60|47,23|79,19|79,62|50,97|97,70|79,9|79,90|12,16/79,61=79,19,43,60,61
25,78|78,73|59,43|7,10|73,58|12,75|15,64|35,16|16,11|9,92|92,7|9,47|10,8|9,12|47,35|94,93|75,59|9,25|9,94|93,15/9,8=9,92,7,10,8
79,21|58,78|12,54|68,32|32,1|49,68|31,58|49,72|85,12|3,23|23,75|54,35|72,79|1,25|49,3|21,88|49,31|75,73|49,85|78,2/49,2=49,31,58,78,2
56,40|3,62|96,47|47,22|4,51|89,29|9,3|51,48|56,80|10,83|28,9|80,96|56,4|56,65|56,28|48,17|65,10|40,89|29,2|83,0/56,0=56,65,10,83,0
29,18|30,83|50,6|27,49|90,98|5,90|29,5|58,4|78,46|83,58|0,27|29,81|29,11|11,69|65,50|69,78|81,0|29,30|98,44|18,65/29,4=29,30,83,58,4
37,85|59,87|38,36|99,98|87,52|47,54|37,47|42,81|11,2|37,16|37,59|98,10|85,11|10,14|54,38|52,34|37,99|2,15|81,33|16,42/37,14=37,99,98,10,14
16,10|38,4|92,77|16,84|55,95|35,25|65,61|77,56|16,65|16,96|4,22|48,33|74,42|25,48|95,2|16,35|61,74|96,38|10,92|84,55/16,56=16,10,92,77,56
16,52|76,34|34,70|13,76|13,86|96,37|12,21|13,12|62,16|13,41|13,7|30,74|3,98|37,36|21,3|41,62|7,96|86,30|70,87|74,32/13,87=13,76,34,70,87
68,70|5,61|3,25|81,54|5,94|61,85|45,89|25,45|24,9|70,64|94,68|85,49|77,24|56,81|49,87|5,0|5,56|0,77|54,93|5,3/5,87=5,61,85,49,87
12,92|59,75|14,76|27,59|31,27|28,58|78,13|17,65|91,78|58,48|10,12|64,91|14,31|43,17|76,10|86,28|14,33|14,64|33,43|14,86/14,65=14,33,43,17,65
4,45|51,17|7,86|62,13|73,36|53,7|53,41|53,4|9,84|53,62|13,67|86,9|57,15|17,25|53,76|67,90|41,51|76,57|45,73|15,91/53,90=53,62,13,67,90
25,80|3,76|25,81|53,60|11,0|75,20|89,75|80,89|49,87|98,49|87,14|78,3|93,78|25,31|25,98|81,7|31,50|50,11|7,53|25,93/25,20=25,80,89,75,20
62,68|97,38|46,64|37,9|83,54|67,20|54,25|20,46|44,80|9,49|67,78|51,83|87,37|38,62|67,51|67,97|67,87|80,33|78,44|64,91/67,68=67,97,38,62,68
96,16|43,40|43,47|40,42|43,30|36,22|29,12|42,11|95,32|22,68|11,94|18,29|47,18|32,15|51,95|1,36|43,51|16,75|43,1|30,96/43,12=43,47,18,29,12
12,85|73,23|23,9|15,99|63,88|22,6|79,1|83,67|38,73|5,76|5,12|99,8|76,10|5,38|1,83|5,79|85,22|10,63|5,15|8,59/5,6=5,12,85,22,6
0,94|13,32|11,76|64,92|27,34|50,81|45,64|0,55|0,45|72,53|0,12|55,72|59,13|94,59|92,35|0,27|12,54|53,79|34,50|54,11/0,79=0,55,72,53,79
22,75|22,14|33,23|22,15|36,97|48,76|22,9|9,28|30,37|24,62|7,60|60,24|15,0|14,48|75,30|28,33|0,36|22,7|37,84|76,17/22,84=22,75,30,37,84
29,80|90,32|25,93|32,1|92,76|0,46|1,66|52,29|65,4|35,65|35,90|24,52|35,75|85,40|35,24|35,85|4,0|76,10|40,25|75,92/35,46=35,65,4,0,46
96,8|34,92|38,56|76,95|34,60|8,99|80,58|95,5|34,68|92,76|60,31|51,80|2,67|99,94|68,28|31,38|34,96|34,51|28,2|58,41/34,5=34,92,76,95,5
47,23|17,6|13,72|75,36|18,89|33,11|10,77|36,47|17,13|17,75|79,10|6,67|77,62|17,79|11,27|67,18|72,64|64,60|17,33|27,51/17,23=17,75,36,47,23
28,60|16,82|45,62|68,93|16,64|16,23|60,86|91,15|72,91|64,20|39,54|88,75|16,77|54,45|75,78|20,68|23,72|77,88|82,28|16,39/16,15=16,23,72,91,15
54,92|54,58|92,97|80,1|89,33|58,89|52,13|54,78|54,66|13,53|66,80|53,34|97,72|1,77|78,42|42,29|72,67|54,52|33,9|29,2/54,34=54,52,13,53,34
7,24|28,19|28,5|28,7|28,18|5,48|24,88|89,20|47,16|28,35|66,89|35,47|48,91|88,12|18,66|16,60|91,0|19,59|59,74|74,2/28,0=28,5,48,91,0
51,48|85,54|70,56|54,33|24,95|62,24|16,5|85,70|37,16|85,93|85,3|0,55|80,37|56,79|33,0|93,12|85,80|12,51|79,76|3,62/85,76=85,70,56,79,76
24,16|52,79|43,13|53,61|43,33|10,12|36,19|96,22|60,2|33,52|19,59|22,53|13,36|43,60|2,10|79,49|43,96|16,6|6,34|43,24/43,59=43,13,36,19,59
63,28|60,5|11,53|53,74|22,24|2,60|89,59|52,98|11,10|40,50|10,2|24,89|11,22|50,25|11,63|73,14|28,52|11,92|92,40|74,73/11,98=11,63,28,52,98
73,0|48,9|48,66|27,26|48,39|48,54|58,90|49,14|54,27|48,47|12,73|66,12|89,3|39,81|92,89|47,92|82,49|9,82|26,5|81,58/48,3=48,47,92,89,3
84,69|56,97|1,42|43,70|95,98|69,48|2,5|97,1|70,24|98,85|79,75|95,84|95,65|95,56|48,76|55,72|85,55|5,79|95,2|65,43/95,72=95,98,85,55,72
40,89|54,67|95,19|58,84|67,25|58,81|87,64|84,72|64,88|58,87|81,54|62,40|73,52|28,73|88,74|96,62|52,66|58,28|58,96|72,95/58,89=58,96,62,40,89
95,57|37,80|32,37|22,88|17,56|43,17|88,24|95,97|51,5|57,7|95,32|5,65|2,64|24,52|47,43|95,22|95,47|7,2|80,25|97,51/95,65=95,97,51,5,65
37,85|59,11|52,36|99,98|11,2|47,87|37,47|42,38|54,81|37,16|37,59|98,10|85,54|10,14|87,52|2,33|37,99|81,34|38,15|16,42/37,14=37,99,98,10,14
99,59|48,50|21,36|50,11|24,37|21,58|58,99|21,60|47,18|15,78|13,47|59,49|21,13|74,24|21,40|40,54|36,48|54,15|60,74|18,2/21,78=21,40,54,15,78
58,49|25,45|14,76|21,46|23,78|62,32|45,57|57,48|66,62|32,92|53,43|66,58|92,31|49,14|66,25|66,23|66,65|65,53|78,21|43,36/66,46=66,23,78,21,46
88,61|39,38|88,92|92,36|96,17|88,23|23,93|72,96|66,3|88,59|88,72|17,70|93,39|61,20|3,91|36,51|59,66|53,5|51,60|20,53/88,91=88,59,66,3,91
6,31|70,28|81,62|91,81|28,11|31,20|91,6|91,93|8,34|91,70|79,13|20,0|32,79|83,8|11,17|91,32|93,83|62,16|13,74|16,38/91,17=91,70,28,11,17
4,53|59,75|7,69|65,18|18,71|91,28|3,15|15,91|21,59|75,62|71,43|61,7|43,23|65,21|65,61|65,4|65,3|90,6|69,74|53,90/65,62=65,21,59,75,62
66,1|54,72|97,83|34,59|61,98|49,34|1,96|98,97|79,15|54,38|29,70|67,66|27,29|72,27|54,61|50,49|54,50|54,67|38,79|15,99/54,70=54,72,27,29,70
63,13|60,58|12,20|12,42|1,92|49,63|81,60|12,9|9,81|24,68|20,67|76,98|12,49|80,53|67,80|98,1|55,24|12,76|42,55|13,56/12,58=12,9,81,60,58
14,65|5,60|82,37|65,42|47,79|59,63|2,5|79,53|6,28|96,47|77,14|59,96|59,51|59,16|59,77|67,82|16,67|28,40|51,6|63,2/59,60=59,63,2,5,60
1,66|68,96|68,74|26,28|81,5|68,59|74,83|36,46|59,30|55,19|46,55|66,15|68,32|32,3|96,1|3,81|68,36|97,18|30,97|83,26/68,5=68,32,3,81,5
83,53|70,95|73,70|33,82|98,41|98,83|2,22|98,75|53,81|82,63|30,33|98,30|36,2|81,46|77,16|98,36|16,18|41,77|75,73|22,13/98,95=98,75,73,70,95
0,89|42,59|1,2|20,42|62,75|75,10|96,37|89,41|54,1|77,0|10,79|31,23|31,3|31,62|3,39|90,20|39,96|23,54|31,77|31,90/31,37=31,3,39,96,37
28,87|3,60|77,21|0,51|10,22|49,90|60,65|49,28|78,77|65,58|15,39|49,10|22,84|49,78|84,72|90,66|49,3|21,61|66,0|87,15/49,72=49,10,22,84,72
48,75|22,52|72,30|14,54|42,1|22,77|22,4|30,48|99,11|52,50|84,32|11,78|77,99|3,42|22,72|4,84|50,14|22,3|1,18|32,20/22,54=22,52,50,14,54
3,85|24,17|24,3|90,9|82,5|83,41|17,82|32,90|5,58|89,15|75,57|24,89|85,60|68,27|24,75|57,68|15,83|24,32|60,4|9,46/24,46=24,32,90,9,46
3,82|24,17|24,3|90,9|57,68|60,4|17,57|32,90|68,27|89,15|75,85|24,89|82,83|5,41|24,75|85,5|15,60|24,32|83,58|9,46/24,46=24,32,90,9,46
32,18|17,32|66,60|69,44|74,52|60,70|70,65|54,69|74,66|22,92|18,77|62,39|52,63|12,54|39,23|74,62|74,17|63,22|23,9|74,12/74,77=74,17,32,18,77
3,16|0,18|18,53|54,22|73,83|16,32|66,10|87,47|63,76|37,87|54,3|32,52|70,37|54,0|54,63|76,66|53,98|75,73|54,70|22,75/54,47=54,70,37,87,47
16,74|40,16|19,89|25,51|53,2|5,96|19,58|51,85|91,60|86,40|19,21|62,91|95,53|59,5|89,95|19,86|58,25|19,66|66,62|21,59/19,2=19,89,95,53,2
26,21|26,15|93,40|43,66|15,43|86,10|3,65|21,45|65,73|45,94|26,3|26,86|66,19|26,78|10,55|40,87|78,93|73,28|94,61|55,77/26,28=26,3,65,73,28
40,50|29,65|86,29|31,81|11,1|82,35|87,72|35,22|1,20|86,95|59,30|19,31|65,40|20,52|86,87|72,59|86,91|95,19|86,11|91,82/86,30=86,87,72,59,30
66,30|17,20|38,75|92,48|93,68|17,77|77,36|68,80|80,22|17,85|28,38|48,11|85,28|17,93|17,92|11,90|20,5|36,62|5,66|62,67/17,22=17,93,68,80,22
49,78|22,13|39,23|64,18|89,57|2,32|20,89|13,49|64,2|64,22|64,20|94,39|76,46|18,94|46,8|32,40|26,76|64,26|40,50|57,24/64,78=64,22,13,49,78
34,98|11,48|59,69|16,50|59,58|90,62|58,37|72,49|25,68|7,74|74,90|68,45|59,38|59,72|69,25|38,86|59,7|49,34|86,11|37,16/59,45=59,69,25,68,45
76,14|34,15|42,43|14,54|9,8|89,17|17,88|32,74|2,78|89,98|58,94|88,58|98,32|54,66|74,60|8,34|89,9|89,42|89,76|43,2/89,78=89,42,43,2,78
56,40|29,22|51,48|48,2|4,89|96,47|9,29|89,3|56,80|10,83|28,9|80,51|56,4|56,65|56,28|3,17|65,10|40,96|47,62|83,0/56,0=56,65,10,83,0
88,0|97,78|97,72|21,68|72,54|78,89|97,71|89,61|63,8|36,40|71,63|32,37|54,32|97,2|0,74|40,21|97,36|2,88|61,29|8,77/97,77=97,71,63,8,77
45,23|34,70|71,65|23,82|32,46|2,51|70,74|74,95|63,91|71,4|71,7|71,34|58,32|71,58|91,66|7,45|4,63|12,2|46,26|65,12/71,82=71,7,45,23,82
55,57|52,12|52,78|28,2|65,55|61,28|1,92|12,93|78,61|54,1|10,19|92,48|52,54|56,73|11,37|52,56|81,65|73,10|52,81|93,11/52,48=52,54,1,92,48
10,7|67,82|41,45|55,38|5,16|29,14|6,60|55,56|45,6|55,5|55,41|56,75|30,93|75,51|38,67|55,29|51,92|16,10|82,0|14,30/55,92=55,56,75,51,92
46,96|82,61|82,52|50,44|87,24|77,12|47,50|44,72|34,38|82,80|24,74|82,46|82,47|15,7|52,87|29,77|96,34|7,79|80,15|61,29/82,38=82,46,96,34,38
40,11|22,82|86,20|12,59|67,72|36,13|13,90|12,24|82,67|61,88|12,38|12,78|24,55|12,22|28,86|78,36|55,61|29,40|59,28|38,29/12,90=12,78,36,13,90
71,78|95,20|5,22|5,76|76,75|5,15|39,74|5,79|92,95|15,92|10,38|29,32|79,29|75,10|32,50|78,0|74,97|5,71|0,98|22,39/5,50=5,79,29,32,50
54,83|0,5|5,58|64,49|23,19|29,23|7,92|18,7|19,97|58,1|83,55|97,75|49,60|92,9|29,64|29,18|29,54|55,63|60,34|29,0/29,34=29,64,49,60,34
91,39|0,31|74,60|81,28|54,23|49,54|97,14|32,49|39,5|47,56|20,86|99,97|14,73|0,47|28,20|56,74|0,32|0,99|0,81|31,91/0,23=0,32,49,54,23
65,12|70,25|49,43|16,48|38,59|16,65|40,53|14,58|45,49|12,70|53,3|48,40|59,14|16,38|79,91|97,32|13,45|16,13|32,79|16,97/16,25=16,65,12,70,25
57,54|47,9|31,78|31,98|74,14|0,1|54,89|31,0|98,47|31,61|92,74|90,23|31,92|14,40|61,57|6,49|78,90|1,6|9,22|23,71/31,22=31,98,47,9,22
61,12|25,37|9,98|37,8|43,26|43,9|68,61|22,31|43,88|59,15|14,25|0,68|70,22|74,85|98,74|26,59|43,0|43,14|15,64|88,70/43,12=43,0,68,61,12
67,12|24,74|79,89|40,0|66,72|46,25|79,69|23,14|89,6|82,49|81,75|69,57|79,67|57,24|0,81|72,46|79,40|79,66|12,23|6,82/79,74=79,69,57,24,74
59,36|26,69|30,86|69,59|98,53|26,98|36,68|15,28|51,42|46,51|39,21|78,46|21,55|13,30|38,39|26,78|89,13|26,89|53,15|26,38/26,55=26,38,39,21,55
71,27|32,92|0,25|77,80|57,71|40,30|45,37|45,7|45,57|92,77|45,32|23,72|37,23|62,40|27,53|45,0|7,62|48,81|72,47|25,48/45,47=45,37,23,72,47
12,53|92,18|32,16|1,27|85,58|88,78|32,92|22,81|32,1|16,88|32,12|32,28|78,33|53,36|27,22|28,85|69,90|18,69|36,66|58,59/32,33=32,16,88,78,33
19,26|50,94|16,69|59,36|81,91|35,40|63,72|58,59|35,63|40,14|4,81|91,37|35,55|55,58|52,16|35,4|35,57|72,19|57,52|14,50/35,94=35,40,14,50,94
65,10|86,19|57,77|40,14|57,91|46,68|57,26|89,40|91,38|57,42|50,84|2,65|38,50|57,13|42,89|25,86|13,2|77,56|26,25|56,46/57,84=57,91,38,50,84
11,38|41,64|84,60|49,45|71,11|60,31|51,44|13,32|97,84|71,70|38,22|44,75|71,41|71,97|64,13|94,49|75,16|70,94|71,51|22,99/71,16=71,51,44,75,16
86,90|26,1|34,78|31,71|52,86|90,51|0,35|35,34|52,0|10,28|4,10|51,85|33,31|84,4|52,84|71,50|52,33|93,26|52,93|1,77/52,78=52,0,35,34,78
72,18|30,64|93,79|18,45|30,84|9,3|30,48|30,14|14,69|28,97|75,86|79,25|84,98|30,75|98,9|48,93|64,72|86,50|69,28|50,20/30,3=30,84,98,9,3
62,7|73,54|71,0|28,49|30,13|93,99|0,68|53,98|15,25|71,62|25,30|54,31|49,93|71,73|71,28|68,36|36,29|31,88|7,53|71,15/71,99=71,28,49,93,99
43,98|17,99|64,70|90,1|83,76|36,89|89,67|90,45|70,39|90,17|1,83|90,50|45,36|29,7|7,14|60,64|90,60|50,29|76,25|99,43/90,67=90,45,36,89,67
49,70|58,62|74,32|74,0|75,54|77,92|76,75|32,49|54,67|74,90|27,97|90,48|70,10|62,89|0,58|42,77|74,42|48,27|74,76|92,13/74,89=74,0,58,62,89
39,0|20,26|59,17|11,12|17,3|34,53|34,11|3,68|34,59|16,69|70,20|49,70|69,37|53,16|12,92|92,47|34,83|83,21|21,39|34,49/34,37=34,53,16,69,37
64,52|87,76|64,32|4,63|64,87|32,69|98,24|64,67|45,4|64,45|28,83|88,28|18,40|47,44|63,7|76,98|44,35|67,88|52,47|69,18/64,40=64,32,69,18,40
68,76|60,80|6,64|60,5|5,29|2,35|80,78|60,21|29,18|36,95|95,3|64,68|78,73|3,46|12,2|60,36|60,6|21,12|73,92|18,81/60,81=60,5,29,18,81
82,92|26,60|26,94|54,82|83,47|12,85|26,93|26,67|67,15|60,33|15,83|26,54|92,7|43,12|94,43|40,45|93,46|33,40|37,80|46,37/26,80=26,93,46,37,80
23,86|97,20|40,27|48,59|97,12|97,40|86,0|27,53|20,48|93,68|97,43|97,93|14,72|53,30|32,34|68,14|43,23|59,36|46,32|12,46/97,36=97,20,48,59,36
64,16|32,11|11,49|64,2|2,41|42,39|53,32|64,37|48,17|28,65|69,42|61,77|64,53|85,28|37,69|17,18|65,67|16,48|41,61|64,85/64,49=64,53,32,11,49
77,82|28,8|35,71|81,93|14,28|45,81|93,0|65,20|77,50|77,95|66,65|11,35|82,11|50,66|77,14|95,33|77,45|8,94|33,87|87,90/77,0=77,45,81,93,0
45,2|10,92|33,72|33,83|22,49|92,57|85,10|96,81|29,90|83,4|16,98|72,45|49,96|33,85|33,22|33,15|90,84|15,29|4,16|2,80/33,57=33,85,10,92,57
18,77|58,15|86,67|85,61|58,86|10,13|3,10|61,24|53,3|58,53|67,63|77,83|63,71|54,20|24,33|15,54|20,97|58,18|83,38|58,85/58,38=58,18,77,83,38
11,52|78,91|52,13|70,88|73,64|64,65|77,36|66,73|10,70|63,40|36,17|91,11|78,10|78,44|60,63|78,66|44,77|40,27|88,87|78,60/78,17=78,44,77,36,17
20,80|3,29|20,94|90,38|54,14|20,32|94,61|61,47|99,63|80,3|29,88|14,95|85,17|47,24|63,58|38,85|20,22|32,99|20,90|22,54/20,88=20,80,3,29,88
49,97|35,25|22,16|10,7|0,98|29,58|7,29|72,62|84,85|62,11|25,72|16,91|91,56|35,49|35,10|35,6|85,66|35,22|97,0|6,84/35,11=35,25,72,62,11
93,28|30,64|86,50|28,25|30,84|9,3|30,48|30,14|14,69|18,45|75,72|50,20|84,98|30,75|98,9|48,86|64,93|72,79|69,18|79,97/30,3=30,84,98,9,3
44,97|31,53|57,46|46,50|63,93|50,1|25,0|44,71|24,5|44,18|83,25|94,31|18,22|44,57|71,63|97,94|92,83|44,92|22,24|93,99/44,5=44,18,22,24,5
4,97|21,86|57,21|19,64|19,99|86,52|13,78|19,57|73,90|19,30|97,40|90,16|34,44|99,13|64,58|78,7|16,56|19,73|30,4|58,34/19,40=19,30,4,97,40
6,42|43,28|36,78|72,62|43,83|3,9|13,49|43,36|35,44|28,16|43,6|42,72|16,14|74,19|78,74|9,81|49,35|83,3|14,18|43,13/43,18=43,28,16,14,18
1,95|13,92|38,6|81,21|70,76|72,75|6,97|81,84|81,70|43,13|81,38|54,40|22,41|76,54|81,72|75,1|97,49|21,43|84,22|41,28/81,28=81,84,22,41,28
68,92|62,65|97,20|96,25|96,23|32,19|23,28|86,59|92,36|84,68|75,86|28,7|91,14|65,97|7,35|96,91|25,75|14,32|96,84|96,62/96,36=96,84,68,92,36
32,90|51,12|51,36|12,65|34,46|11,69|63,16|93,15|15,32|16,0|65,35|35,84|36,3|51,93|51,34|51,63|0,58|28,52|3,11|46,28/51,69=51,36,3,11,69
47,56|53,75|60,73|1,33|24,53|73,47|92,99|33,16|11,46|75,51|60,1|60,96|60,65|16,94|96,92|99,21|65,11|56,4|60,24|46,19/60,4=60,73,47,56,4
81,14|54,55|16,17|28,81|14,85|74,57|9,95|32,50|94,67|26,77|26,28|1,74|95,32|26,16|26,9|67,25|68,94|26,68|77,1|17,54/26,57=26,77,1,74,57
24,8|24,58|24,94|52,13|89,59|8,67|15,55|94,77|24,52|37,60|77,26|19,44|43,89|24,43|26,11|59,18|13,15|75,19|67,37|58,75/24,60=24,8,67,37,60
47,5|79,26|72,17|2,95|5,67|21,65|59,88|20,33|63,72|55,59|26,57|67,1|57,2|79,20|79,47|35,63|79,55|88,12|79,35|33,21/79,12=79,55,59,88,12
12,73|73,94|94,66|69,44|11,96|12,47|41,69|12,9|34,11|66,70|12,98|98,34|87,72|47,41|46,65|72,40|36,46|65,95|12,36|9,87/12,95=12,36,46,65,95
32,10|24,65|50,24|32,38|21,35|38,37|32,92|32,60|95,8|35,26|8,78|56,81|10,95|97,28|60,50|37,97|54,45|45,56|32,54|92,21/32,78=32,10,95,8,78
78,2|33,31|17,55|33,95|51,73|28,14|95,0|35,77|0,17|33,60|33,51|39,78|31,39|99,88|25,28|87,25|60,97|33,87|73,99|97,35/33,2=33,31,39,78,2
93,41|4,37|35,70|63,69|33,63|76,57|87,4|87,8|70,68|41,96|37,82|82,9|1,29|29,76|8,35|87,93|45,33|87,45|87,1|96,71/87,69=87,45,33,63,69
35,7|38,34|95,70|55,26|16,25|26,78|40,38|12,20|75,95|98,35|16,55|20,50|16,83|83,40|87,75|25,98|16,87|16,23|23,12|78,15/16,34=16,83,40,38,34
16,63|16,6|80,49|11,87|16,36|16,54|6,52|2,58|17,80|38,57|58,70|36,17|16,43|87,9|89,88|54,11|88,15|43,2|63,89|52,38/16,49=16,36,17,80,49
97,39|66,92|66,5|98,97|53,22|46,75|78,17|66,59|92,46|75,88|55,98|26,53|17,86|31,80|77,26|8,31|66,55|59,8|66,77|5,78/66,88=66,92,46,75,88
39,43|60,72|46,28|86,76|63,79|34,86|46,5|58,63|28,58|46,60|67,31|1,41|5,67|46,80|31,47|72,39|61,34|46,61|41,93|80,1/46,76=46,61,34,86,76
13,37|34,6|34,96|96,67|55,35|34,19|35,89|42,65|34,48|14,13|3,99|65,78|34,14|27,8|37,2|67,27|6,42|99,46|48,55|19,3/34,2=34,14,13,37,2
23,81|84,85|72,76|25,65|25,13|81,47|85,68|25,3|31,20|77,21|76,17|78,77|25,78|47,88|21,56|3,72|65,57|13,84|57,31|25,23/25,17=25,3,72,76,17
8,73|88,26|11,12|65,94|13,29|55,31|46,47|73,40|53,22|23,93|26,48|53,8|12,65|53,23|31,46|53,55|53,11|40,4|93,13|22,88/53,4=53,8,73,40,4
78,46|7,1|18,41|2,63|55,78|55,30|29,36|45,18|31,17|54,57|46,31|63,29|55,7|55,2|1,76|55,45|30,54|76,15|41,90|57,48/55,17=55,78,46,31,17
44,32|97,68|33,14|91,69|25,97|36,18|69,31|32,56|33,19|14,44|33,66|68,30|33,48|48,49|9,10|66,79|79,9|49,36|33,25|19,91/33,31=33,19,91,69,31
36,26|99,36|14,35|35,81|17,67|82,33|99,37|26,60|60,58|41,82|95,1|73,41|99,83|83,40|99,6|37,14|40,17|63,95|99,73|6,63/99,58=99,36,26,60,58
4,55|65,0|37,40|10,74|73,85|37,77|26,23|85,43|3,73|37,3|0,7|29,65|13,26|17,13|55,78|74,86|77,4|37,29|37,17|40,10/37,43=37,3,73,85,43
7,65|66,72|36,14|4,10|68,60|65,44|66,5|60,41|38,52|66,82|5,68|72,36|66,7|14,13|82,4|66,19|44,28|67,38|19,67|10,1/66,41=66,5,68,60,41
22,23|17,16|8,82|46,27|18,95|66,22|75,30|51,66|16,73|61,64|73,2|18,46|18,75|18,51|30,8|76,53|53,33|27,61|18,17|95,76/18,64=18,46,27,61,64
64,67|35,69|95,30|43,94|94,85|97,19|10,97|35,33|67,59|47,10|35,51|69,6|17,75|51,64|30,92|6,17|35,43|33,95|35,47|85,27/35,92=35,33,95,30,92
76,18|7,24|93,97|26,5|16,23|13,7|18,71|97,22|5,84|15,30|42,16|15,1|56,26|30,42|15,93|4,13|22,91|15,56|15,4|1,76/15,24=15,4,13,7,24
9,7|79,30|45,78|32,45|93,34|38,2|79,38|39,31|74,68|79,5|58,97|86,74|97,63|79,9|30,32|5,58|7,93|79,86|2,39|68,81/79,63=79,5,58,97,63
84,46|87,32|69,85|19,84|10,73|32,59|10,12|12,19|94,9|14,1|10,91|77,87|15,14|23,94|91,69|73,23|10,74|74,15|10,77|85,35/10,46=10,12,19,84,46
6,70|88,45|95,63|49,62|32,95|45,98|77,82|64,80|51,7|7,6|36,93|32,49|25,79|82,36|96,88|32,77|63,25|32,51|32,96|62,64/32,79=32,95,63,25,79
59,35|46,20|49,80|46,21|16,59|47,76|19,16|79,68|20,81|9,94|46,9|46,18|11,10|46,19|24,79|81,11|76,92|94,49|21,47|18,24/46,10=46,20,81,11,10
43,66|48,57|43,48|71,36|80,88|36,62|90,71|93,68|66,98|43,90|52,56|43,52|58,61|43,47|98,58|49,99|88,11|47,80|57,93|56,49/43,68=43,48,57,93,68
64,31|86,66|79,97|5,82|97,35|64,50|47,88|31,89|50,86|64,79|89,47|3,40|85,24|66,43|64,46|35,95|46,23|82,3|64,5|23,85/64,24=64,46,23,85,24
81,97|81,85|93,84|84,18|3,96|27,28|81,35|97,93|81,48|58,25|85,32|48,8|88,86|56,58|47,56|32,27|86,91|35,88|8,3|81,47/81,91=81,35,88,86,91
44,81|81,87|52,20|17,51|14,30|71,35|37,1|71,96|87,46|20,33|30,47|71,44|96,14|71,52|55,17|50,55|33,62|1,22|35,37|71,50/71,46=71,44,81,87,46
66,70|97,72|93,27|50,60|30,66|72,37|70,44|14,5|97,69|37,83|5,50|63,78|97,30|46,23|97,63|78,93|23,12|69,46|83,96|97,14/97,60=97,14,5,50,60
99,34|92,80|26,71|40,7|26,83|26,40|80,47|45,16|71,76|54,92|72,78|73,56|76,62|7,99|69,72|56,45|83,69|26,54|62,18|26,73/26,18=26,71,76,62,18
69,18|39,69|23,75|77,37|39,59|57,20|39,54|18,77|52,36|56,95|25,11|54,90|39,23|75,56|59,81|90,25|39,17|17,57|81,52|20,91/39,36=39,59,81,52,36
58,94|13,25|80,32|25,69|80,93|32,42|11,8|42,46|94,99|93,57|77,78|57,11|82,13|80,40|80,82|40,77|80,58|78,87|99,31|46,9/80,8=80,93,57,11,8
42,82|54,79|60,49|20,76|76,16|36,99|5,65|36,59|36,73|73,13|82,45|48,53|59,42|36,20|79,71|99,54|49,48|16,69|36,60|13,5/36,53=36,60,49,48,53
9,20|3,58|89,54|40,23|81,40|78,47|21,81|45,89|45,3|39,11|45,42|58,9|50,97|54,50|92,80|45,21|45,92|80,78|42,83|83,39/45,47=45,92,80,78,47
84,92|67,23|76,46|66,76|92,67|10,77|10,47|77,14|39,1|74,59|70,21|10,28|46,69|10,84|47,70|28,5|10,66|5,74|21,44|14,39/10,59=10,28,5,74,59
18,59|57,77|86,48|14,64|91,13|57,14|30,75|57,33|64,91|98,83|71,98|33,71|57,79|57,21|48,67|21,18|79,24|59,41|77,86|24,30/57,13=57,14,64,91,13
7,6|65,62|4,41|37,60|4,55|4,78|6,18|91,37|60,42|4,96|57,65|40,10|34,53|41,49|49,34|78,40|96,57|55,7|10,25|4,91/4,62=4,96,57,65,62
28,65|52,45|14,51|59,10|13,89|61,12|59,68|68,14|59,52|20,99|23,61|36,58|10,72|51,94|12,35|59,23|59,13|45,20|72,28|89,36/59,58=59,13,89,36,58
62,4|54,68|61,0|23,48|92,53|57,82|53,93|23,83|68,25|23,89|83,54|71,62|91,71|17,61|89,17|82,43|48,57|23,91|66,92|23,66/23,0=23,89,17,61,0
33,57|89,93|57,99|33,2|33,89|2,43|95,77|43,63|83,95|33,12|10,47|40,10|39,71|93,39|12,40|99,73|33,83|77,20|73,42|63,92/33,42=33,57,99,73,42
58,95|32,47|30,12|25,37|47,26|73,32|12,43|92,10|99,3|43,48|79,30|95,40|79,58|37,98|79,25|40,71|3,92|79,99|98,11|79,73/79,48=79,30,12,43,48
40,78|73,63|68,40|80,29|16,68|57,27|73,42|73,16|42,9|60,14|63,80|73,44|61,12|44,62|73,99|9,60|62,57|12,83|99,61|29,72/73,27=73,44,62,57,27
4,74|61,92|74,52|83,29|11,0|92,35|33,61|0,98|35,69|24,4|9,83|63,9|33,11|98,15|33,22|33,24|70,38|45,70|22,45|33,63/33,38=33,22,45,70,38
17,56|67,52|89,48|1,74|56,78|51,72|39,57|77,90|1,17|52,3|1,79|78,49|1,51|74,67|48,29|92,39|7,92|72,77|1,7|79,89/1,49=1,17,56,78,49
12,26|64,88|78,73|14,78|62,76|65,75|58,12|58,40|36,52|75,36|19,96|58,64|76,74|26,19|58,65|7,0|58,79|88,7|40,14|79,62/58,74=58,79,62,76,74
5,33|31,56|60,89|95,97|33,72|45,13|47,15|91,63|48,12|15,45|42,2|31,95|56,42|2,10|81,5|31,48|97,91|31,47|12,60|31,81/31,63=31,95,97,91,63
11,77|72,3|60,28|87,0|0,60|9,64|14,43|64,61|41,24|83,62|3,83|91,96|41,87|24,91|41,67|41,11|77,14|41,72|67,9|96,10/41,61=41,67,9,64,61
0,92|17,22|27,21|30,27|12,33|74,94|74,85|33,20|16,54|19,34|54,0|97,12|57,15|94,30|74,97|71,57|85,71|74,16|74,19|34,17/74,21=74,94,30,27,21
77,95|48,9|40,81|18,56|79,67|24,38|79,24|54,80|79,69|69,17|11,33|3,19|79,77|67,76|56,3|17,48|79,18|38,40|76,11|95,54/79,9=79,69,17,48,9
33,29|88,38|12,34|1,53|42,23|16,83|62,12|62,39|2,31|39,88|83,33|62,98|38,25|62,16|67,42|5,1|98,5|23,49|62,67|34,2/62,31=62,12,34,2,31
30,35|75,20|30,75|26,41|35,15|62,0|30,33|33,91|53,10|15,24|49,82|30,49|24,96|34,62|82,53|30,80|12,9|80,34|20,12|91,26/30,96=30,35,15,24,96
42,67|52,91|50,33|16,47|33,76|87,50|31,81|52,64|52,53|52,93|93,38|99,16|91,24|79,20|38,31|52,87|64,99|53,73|24,42|73,79/52,76=52,87,50,33,76
61,33|61,3|13,69|88,13|22,88|61,0|35,32|27,38|15,16|16,21|61,27|89,36|0,7|7,35|33,89|61,22|45,80|38,45|3,15|36,44/61,44=61,33,89,36,44
13,90|10,29|7,24|25,41|70,98|41,30|98,63|24,9|70,7|63,13|9,58|54,10|70,76|0,52|52,38|70,68|76,54|38,23|68,25|70,0/70,23=70,0,52,38,23
13,32|71,83|56,78|90,71|24,52|52,82|50,13|3,24|16,67|32,80|91,28|16,50|16,3|12,27|83,68|16,91|28,12|67,22|22,56|16,90/16,82=16,3,24,52,82
87,71|86,51|19,32|28,90|32,52|99,86|25,99|90,34|25,19|34,17|52,76|51,97|1,87|25,48|25,72|92,57|67,92|48,67|25,28|72,1/25,71=25,72,1,87,71
80,78|69,72|26,71|40,7|26,83|26,40|72,34|99,16|71,76|54,69|45,47|73,92|76,62|7,80|56,45|92,99|83,56|26,54|62,18|26,73/26,18=26,71,76,62,18
42,71|96,90|94,42|94,9|4,69|88,52|94,36|93,88|94,96|68,91|9,13|13,4|94,98|36,93|54,29|29,79|90,11|11,44|98,54|71,68/94,69=94,9,13,4,69
46,34|37,62|55,8|48,63|3,25|46,82|46,61|95,67|12,95|54,58|61,55|46,37|62,3|46,12|8,2|34,54|67,92|58,29|82,48|63,7/46,2=46,61,55,8,2
9,74|79,30|93,78|7,93|68,31|38,2|79,38|45,81|32,39|79,5|58,97|86,32|97,63|79,9|30,7|5,58|74,68|79,86|2,45|39,34/79,63=79,5,58,97,63
54,53|58,93|34,5|87,82|80,34|53,11|15,79|44,87|6,15|11,65|50,6|5,78|86,14|86,50|82,99|14,58|93,16|86,44|86,54|86,80/86,16=86,14,58,93,16
70,8|48,28|28,91|90,77|40,70|16,80|57,83|54,90|62,48|54,40|74,59|41,23|39,74|8,56|85,39|54,62|80,41|77,57|54,16|54,85/54,23=54,16,80,41,23
18,60|88,9|20,2|20,86|39,4|82,46|20,29|20,18|72,31|86,72|23,37|32,0|9,39|20,88|26,23|71,32|31,24|29,71|2,26|60,82/20,24=20,86,72,31,24
20,22|4,37|7,48|32,55|20,4|64,78|22,28|20,24|19,96|20,94|37,60|24,7|28,19|94,72|75,80|48,18|78,75|20,64|60,62|72,32/20,96=20,22,28,19,96
36,56|64,44|44,36|16,78|64,42|64,59|79,86|94,79|91,67|59,63|64,91|63,6|64,3|67,16|3,55|99,22|42,94|55,99|6,37|56,11/64,78=64,91,67,16,78
47,52|81,3|47,87|53,76|15,9|47,77|47,10|71,2|9,29|10,53|50,15|77,71|32,1|1,45|52,41|76,91|47,50|2,74|41,81|87,32/47,74=47,77,71,2,74
79,3|84,90|72,51|72,43|44,94|90,39|98,81|27,44|6,53|69,88|30,98|72,69|72,50|72,48|51,84|43,30|50,12|12,6|88,79|48,27/72,53=72,50,12,6,53
9,19|52,18|77,79|16,66|60,48|77,9|77,95|56,83|66,36|15,11|95,91|77,29|18,37|79,52|90,8|19,15|29,16|91,60|83,90|77,56/77,8=77,56,83,90,8
10,76|79,95|54,38|79,68|22,77|40,78|38,60|35,33|79,7|79,10|60,8|68,19|7,22|79,54|0,61|95,48|76,0|48,40|77,26|19,35/79,26=79,7,22,77,26
25,55|52,69|90,25|4,73|73,54|7,2|69,63|54,51|7,4|2,33|30,13|7,38|23,30|91,90|7,91|9,52|38,23|80,34|7,9|33,80/7,13=7,38,23,30,13
35,45|85,66|85,28|17,77|32,69|77,64|93,59|28,70|27,42|66,83|45,8|26,38|85,11|11,35|85,98|83,27|70,93|85,32|69,26|98,17/85,38=85,32,69,26,38
92,14|30,92|77,63|9,30|61,77|36,90|83,95|2,60|9,7|63,16|9,2|97,96|64,47|60,64|95,36|14,44|7,97|96,21|9,61|9,83/9,47=9,2,60,64,47
25,12|8,92|36,39|31,44|92,30|37,56|43,37|0,3|36,53|53,31|30,98|36,23|66,25|44,2|39,43|36,18|23,66|36,8|18,21|21,0/36,56=36,39,43,37,56
62,46|50,64|46,54|62,48|47,31|6,63|49,30|2,6|63,71|3,49|29,47|74,51|54,50|62,3|62,26|26,89|62,2|48,29|30,38|89,74/62,51=62,26,89,74,51
28,67|66,40|11,74|11,95|11,17|74,88|17,35|43,84|31,43|11,52|11,66|95,50|35,28|80,73|52,31|88,22|40,80|81,9|22,56|50,81/11,73=11,66,40,80,73
5,12|66,57|41,60|94,66|12,52|54,11|99,5|32,44|99,94|57,80|92,32|99,54|29,41|8,33|11,8|52,27|99,63|99,31|31,29|63,92/99,44=99,63,92,32,44
25,89|19,64|0,25|58,85|94,1|83,29|0,58|0,88|37,26|85,94|89,83|38,27|24,19|16,37|88,24|12,86|0,97|0,12|86,38|97,16/0,26=0,97,16,37,26
31,15|4,84|57,89|93,86|86,22|15,99|76,93|31,71|66,34|71,4|99,67|68,87|34,68|31,79|84,49|31,76|67,54|31,66|89,45|79,57/31,49=31,71,4,84,49
22,56|92,64|11,22|56,63|93,77|54,7|77,23|10,99|71,10|64,84|93,42|93,58|23,54|93,11|86,90|93,86|49,46|90,49|58,92|42,71/93,84=93,58,92,64,84
23,85|7,5|23,53|28,6|36,24|23,78|23,90|53,81|54,76|81,54|23,27|24,3|47,7|39,30|78,16|90,36|40,39|16,28|85,40|27,47/23,76=23,53,81,54,76
86,67|90,27|6,26|47,35|47,37|31,50|5,65|0,55|67,89|47,86|7,6|66,39|89,17|47,0|47,90|39,80|55,5|37,7|35,66|27,31/47,80=47,35,66,39,80
78,73|16,24|27,0|0,7|44,41|24,66|73,77|44,78|89,15|44,16|90,39|17,89|44,3|19,30|66,22|44,90|39,19|3,17|77,34|41,27/44,34=44,78,73,77,34
46,32|97,20|40,23|48,59|97,12|97,40|32,34|23,14|20,48|93,68|97,43|97,93|53,30|14,0|86,72|68,53|43,46|59,36|27,86|12,27/97,36=97,20,48,59,36
24,18|84,66|18,48|10,46|27,81|46,92|67,84|85,61|88,96|67,99|26,24|67,60|67,88|60,10|96,87|66,85|67,26|59,27|99,59|87,83/67,81=67,99,59,27,81
19,56|73,61|81,49|81,45|50,73|95,76|20,53|29,1|9,22|45,50|81,47|72,29|81,88|49,19|47,72|53,9|76,2|81,20|56,67|88,95/81,22=81,20,53,9,22
99,41|41,56|73,4|19,82|99,0|56,58|77,78|25,23|51,25|99,19|99,51|78,49|23,61|58,65|99,72|33,46|82,33|4,54|72,77|0,73/99,65=99,41,56,58,65
53,4|54,62|61,0|23,48|57,82|71,68|82,25|23,83|62,43|23,89|83,54|92,53|91,92|17,61|89,17|68,93|48,71|23,91|66,57|23,66/23,0=23,89,17,61,0
25,59|14,87|20,65|17,93|89,74|54,44|65,89|15,17|51,15|20,51|20,31|87,96|20,14|44,25|74,19|70,98|98,23|31,70|20,54|96,42/20,19=20,65,89,74,19
23,94|56,23|67,43|56,1|2,67|56,41|71,33|91,86|41,91|56,78|1,96|56,32|96,17|78,18|86,45|32,2|94,34|17,49|34,57|18,71/56,43=56,32,2,67,43
15,67|95,49|15,41|35,38|21,53|10,21|67,92|38,4|77,43|84,77|15,95|15,80|4,99|72,30|49,72|15,35|80,84|92,79|79,20|41,10/15,99=15,35,38,4,99
84,88|89,54|84,58|61,12|34,33|26,78|19,56|71,13|58,52|9,29|52,89|20,19|84,71|84,34|75,26|13,61|33,9|56,55|84,20|88,75/84,78=84,88,75,26,78
36,59|91,67|46,23|33,47|91,95|32,73|59,71|5,33|77,29|91,36|91,16|16,87|95,5|67,32|22,77|71,26|91,83|83,22|87,46|73,80/91,47=91,95,5,33,47
9,63|83,20|28,94|49,56|49,18|56,38|49,78|38,40|78,39|20,46|94,43|49,95|49,47|47,28|10,9|95,10|18,83|39,45|45,17|40,15/49,17=49,78,39,45,17
43,74|83,50|61,4|50,80|74,34|89,77|89,47|89,28|89,60|37,69|28,0|53,7|77,83|4,58|39,95|47,61|95,37|89,39|0,53|60,43/89,58=89,47,61,4,58
76,45|22,48|68,13|57,68|61,95|43,8|76,38|63,43|76,58|20,87|48,26|45,84|84,20|76,23|76,17|23,57|95,77|58,61|17,63|38,22/76,77=76,58,61,95,77
90,57|90,17|99,47|86,96|90,82|17,86|90,99|40,20|82,5|3,76|47,84|84,72|1,79|63,40|5,1|11,3|50,63|90,50|96,70|57,11/90,72=90,99,47,84,72
96,0|94,59|40,83|40,96|73,56|83,71|71,35|53,94|54,73|33,53|28,67|49,17|75,49|0,28|35,61|40,23|48,54|40,48|23,75|40,33/40,67=40,96,0,28,67
78,33|29,78|40,44|29,31|15,77|51,54|37,38|94,51|77,1|14,37|61,7|90,94|29,90|1,88|75,14|31,40|29,15|44,32|29,75|33,61/29,54=29,90,94,51,54
92,26|88,27|92,88|10,86|92,25|16,21|81,51|13,29|54,81|26,38|86,13|36,98|92,10|92,54|38,14|25,16|14,97|21,12|51,59|27,36/92,29=92,10,86,13,29
64,63|39,57|86,69|47,17|59,65|63,59|43,14|23,83|43,23|14,45|43,26|43,91|26,95|95,39|83,81|91,86|45,47|69,35|43,64|81,8/43,17=43,14,45,47,17
68,6|74,86|17,4|5,59|17,5|46,74|10,58|59,39|4,8|17,42|17,10|58,18|8,19|17,0|42,84|39,24|19,79|84,68|0,46|18,29/17,29=17,10,58,18,29
26,16|29,43|99,21|7,83|16,37|7,23|20,22|7,66|7,14|14,34|91,95|66,26|42,1|7,42|23,38|73,20|38,99|1,29|83,73|34,91/7,22=7,83,73,20,22
9,41|25,76|76,15|58,43|92,87|27,12|39,27|43,92|41,36|12,14|23,54|13,31|54,13|86,25|14,42|39,9|36,46|39,58|39,23|39,86/39,15=39,86,25,76,15
20,70|38,34|35,50|55,75|16,25|75,95|40,38|12,78|98,35|26,20|16,55|78,7|16,83|83,40|87,98|25,26|16,87|16,23|23,12|95,15/16,34=16,83,40,38,34
77,29|24,67|17,3|8,9|30,17|3,38|22,2|28,32|30,8|30,73|32,40|29,1|73,77|30,28|67,22|38,55|40,16|9,70|70,74|30,24/30,16=30,28,32,40,16
47,56|92,75|60,73|1,53|24,92|73,47|33,46|53,16|11,99|75,94|60,1|60,96|60,65|16,19|96,33|46,51|65,11|56,4|60,24|99,21/60,4=60,73,47,56,4
69,21|21,23|23,20|69,61|31,36|47,13|73,43|95,24|36,98|24,2|98,17|92,80|68,92|69,12|69,31|43,47|20,87|61,95|12,68|69,73/69,80=69,12,68,92,80
76,58|86,97|40,65|97,33|37,87|13,5|13,40|60,78|65,59|78,20|61,76|69,86|13,60|59,88|20,83|13,69|16,37|13,42|5,61|42,16/13,58=13,5,61,76,58
15,20|0,67|68,17|94,84|19,94|15,21|21,82|47,19|60,68|17,39|15,47|15,0|4,52|15,60|67,4|49,50|13,49|70,64|82,70|20,13/15,64=15,21,82,70,64
11,88|63,28|64,31|88,26|92,76|76,40|63,25|25,19|65,64|19,32|63,11|32,83|28,43|36,65|43,35|63,36|63,20|26,33|35,60|20,92/63,31=63,36,65,64,31
87,41|24,97|79,1|4,28|10,4|45,21|27,48|36,74|36,55|76,40|3,10|55,24|36,3|36,45|75,27|21,76|74,75|41,79|36,87|97,38/36,48=36,74,75,27,48
22,57|41,37|71,18|3,16|76,86|45,22|37,93|16,6|41,1|87,99|41,76|96,3|1,45|93,87|41,71|18,94|94,14|74,27|41,96|86,74/41,6=41,96,3,16,6
36,83|73,17|99,2|85,84|84,93|55,59|51,73|51,1|51,34|17,55|91,62|51,31|1,36|31,91|93,94|83,40|2,16|34,99|51,85|62,42/51,94=51,85,84,93,94
48,49|40,82|74,50|61,8|46,45|34,51|48,61|85,95|73,34|37,41|75,85|83,74|49,73|95,12|48,37|41,46|48,75|48,83|8,40|50,72/48,51=48,49,73,34,51
28,18|94,81|28,95|95,74|28,94|28,98|18,53|53,86|50,17|56,11|17,41|49,24|86,34|11,3|74,30|28,50|81,49|98,56|30,60|41,68/28,68=28,50,17,41,68
87,71|90,51|19,86|28,32|86,52|99,90|25,99|32,92|25,19|92,57|52,17|51,76|1,87|25,48|25,72|34,97|67,34|48,67|25,28|72,1/25,71=25,72,1,87,71
29,34|71,70|63,48|27,8|9,71|5,16|51,4|36,69|48,45|8,63|27,81|4,1|73,9|27,51|27,5|21,36|27,73|81,21|1,41|16,29/27,70=27,73,9,71,70
63,8|55,27|27,10|87,85|93,58|47,44|23,43|84,55|23,84|14,63|67,47|23,51|32,87|23,89|89,70|23,31|51,32|43,67|31,14|70,93/23,10=23,84,55,27,10
53,89|58,45|53,58|53,9|9,92|56,25|33,4|92,56|67,84|53,95|19,37|84,7|4,17|45,60|50,78|95,67|60,75|78,19|53,50|89,33/53,25=53,9,92,56,25
15,67|95,10|15,41|35,38|77,43|92,77|67,49|38,4|21,30|84,21|15,95|15,80|4,99|72,20|10,72|15,35|80,84|49,79|79,53|41,92/15,99=15,35,38,4,99
76,84|65,22|40,61|58,94|66,32|22,46|30,16|32,72|30,76|30,66|30,58|72,55|90,37|84,90|94,81|12,4|16,65|81,77|4,40|30,12/30,37=30,76,84,90,37
75,24|7,44|6,76|56,73|57,4|82,57|22,75|82,6|82,37|4,19|44,39|82,99|35,26|99,7|82,91|37,22|19,45|26,40|76,56|91,35/82,39=82,99,7,44,39
82,26|36,9|41,67|88,41|70,36|34,17|34,55|90,14|34,25|27,24|34,46|26,1|0,90|34,76|76,0|17,80|25,82|46,70|80,27|55,88/34,67=34,55,88,41,67
27,73|56,25|68,95|44,77|24,27|68,47|47,44|78,92|95,31|8,28|61,78|31,74|18,24|68,18|68,8|68,61|92,81|74,10|77,55|28,56/68,73=68,18,24,27,73
20,65|29,68|50,28|69,56|28,53|90,72|0,50|0,29|1,20|47,1|0,69|74,32|56,38|0,96|79,74|68,90|0,47|38,61|96,79|53,57/0,32=0,96,79,74,32
80,65|80,57|57,89|51,86|65,92|79,38|46,44|25,32|70,51|9,70|58,46|24,79|62,24|92,12|28,58|12,29|80,28|80,62|80,9|89,25/80,32=80,57,89,25,32
68,18|26,90|68,12|33,82|7,74|90,54|12,7|54,39|82,60|18,33|57,65|48,57|19,24|68,41|65,16|84,19|68,48|68,26|41,84|74,38/68,16=68,48,57,65,16
60,44|60,32|59,20|60,93|70,45|22,67|92,22|37,82|44,37|32,97|82,27|41,91|14,92|60,21|93,59|63,70|60,14|97,41|20,79|21,63/60,45=60,21,63,70,45
85,82|14,83|93,88|28,49|39,24|85,2|44,41|85,90|41,99|88,19|91,52|49,39|85,44|99,22|82,15|15,14|85,28|90,29|29,91|2,93/85,24=85,28,49,39,24
47,51|81,33|14,46|38,43|1,87|43,47|14,67|33,49|0,50|67,35|14,5|5,81|14,38|23,80|14,1|55,89|87,55|46,12|12,0|35,23/14,50=14,46,12,0,50
1,40|91,36|84,15|85,91|19,49|71,94|29,41|41,67|43,85|19,93|19,29|28,1|19,28|15,61|19,43|49,84|94,31|40,70|67,39|93,71/19,70=19,28,1,40,70
29,18|30,83|27,46|98,6|65,78|5,65|29,5|58,4|50,49|83,58|90,98|29,81|29,11|11,69|0,27|69,50|81,90|29,30|78,44|18,0/29,4=29,30,83,58,4
72,32|81,68|60,33|81,34|30,94|89,35|36,23|81,30|32,49|11,73|23,71|94,64|34,36|75,91|35,11|64,67|91,60|68,72|81,75|81,89/81,67=81,30,94,64,67
7,60|9,1|84,46|17,66|77,82|11,58|60,17|58,90|7,9|55,13|1,3|23,77|3,95|13,84|7,55|25,23|7,11|7,25|66,81|90,35/7,82=7,25,23,77,82
18,71|88,60|20,2|20,86|82,46|39,37|20,29|20,18|72,31|86,72|32,0|23,4|60,82|20,88|26,32|9,23|31,24|29,9|2,26|71,39/20,24=20,86,72,31,24
59,17|59,78|60,0|10,3|17,70|31,30|70,93|59,88|0,11|3,57|59,99|88,66|93,41|61,13|59,10|99,60|57,21|66,31|47,61|78,47/59,30=59,88,66,31,30
31,46|65,81|86,36|88,90|26,76|20,94|2,31|24,45|36,68|25,86|2,20|2,7|7,16|90,26|2,25|2,88|16,24|85,44|46,85|94,65/2,45=2,7,16,24,45
1,73|51,96|96,43|93,10|51,35|10,77|0,26|35,25|51,38|25,76|38,93|51,60|76,79|83,0|47,82|80,1|94,80|60,83|43,47|51,94/51,73=51,94,80,1,73
98,66|5,53|24,31|15,83|22,78|14,5|42,98|42,28|28,22|42,80|42,14|26,15|53,81|78,45|84,70|80,26|12,40|31,84|42,24|66,12/42,81=42,14,5,53,81
0,59|9,74|59,46|46,62|31,9|85,84|66,7|85,0|44,8|84,83|63,44|85,13|85,5|53,66|74,97|85,31|83,77|13,53|5,63|77,89/85,8=85,5,63,44,8
31,35|31,81|38,19|81,55|35,44|16,4|64,10|4,23|96,40|44,38|24,21|55,59|77,24|62,16|31,64|59,26|10,96|31,36|31,62|36,77/31,23=31,62,16,4,23
5,88|77,71|88,32|71,89|39,5|39,58|48,93|6,95|85,63|95,48|63,50|39,6|32,92|60,20|39,70|39,60|58,85|20,0|0,31|70,77/39,93=39,6,95,48,93
38,87|68,65|24,59|24,29|70,51|44,48|74,68|24,3|13,78|29,38|24,8|24,70|51,13|18,44|87,32|8,18|59,74|30,62|62,71|3,30/24,78=24,70,51,13,78
92,47|78,85|69,65|92,5|57,4|92,11|11,13|5,54|58,64|65,58|85,63|92,78|61,57|38,84|54,38|13,18|63,37|92,69|18,28|47,61/92,28=92,11,13,18,28
99,43|48,4|1,50|83,34|83,65|35,29|83,30|43,3|50,26|4,36|65,99|83,71|34,48|30,92|89,1|83,89|92,75|71,87|87,35|75,68/83,68=83,30,92,75,68
34,73|62,79|88,35|35,20|76,34|80,47|97,76|96,62|2,40|47,21|97,63|97,93|20,84|97,58|40,90|93,96|58,2|97,88|73,8|63,80/97,21=97,63,80,47,21
73,6|73,97|18,60|48,66|33,38|37,88|89,48|71,49|49,31|73,89|97,86|19,33|73,19|73,18|60,28|66,74|6,71|38,76|28,5|86,37/73,74=73,89,48,66,74
63,9|0,73|0,85|73,27|0,36|62,65|86,57|38,18|19,12|36,13|85,86|13,19|27,84|0,38|84,72|77,62|0,83|18,63|57,20|83,77/0,20=0,85,86,57,20
90,40|90,21|26,30|57,9|97,44|86,97|38,20|58,87|90,58|0,98|90,38|16,10|98,22|87,57|21,88|88,16|20,26|40,0|7,86|90,7/90,30=90,38,20,26,30
30,87|30,98|89,13|53,68|50,80|64,86|13,27|41,89|14,65|10,29|30,53|30,61|98,50|86,11|80,60|61,64|87,14|68,10|30,41|65,15/30,15=30,87,14,65,15
7,84|28,2|19,22|32,75|34,0|21,86|34,33|34,28|62,38|88,11|78,7|33,32|76,77|11,21|75,23|2,62|34,19|22,76|0,78|34,88/34,38=34,28,2,62,38
25,34|96,68|19,23|96,49|10,17|9,29|29,78|49,9|87,81|96,53|53,5|38,31|95,57|5,10|96,38|31,19|68,25|34,43|96,87|81,95/96,17=96,53,5,10,17
94,6|64,44|44,94|16,78|64,42|64,59|99,37|55,99|91,67|59,63|64,91|63,79|64,3|67,16|3,36|56,86|42,55|36,56|79,22|6,11/64,78=64,91,67,16,78
7,11|10,74|70,46|13,83|7,9|47,50|46,13|16,54|50,43|78,65|88,47|7,70|68,1|9,72|72,68|54,10|11,78|65,42|7,88|7,16/7,43=7,88,47,50,43
30,27|50,83|81,50|15,26|81,10|5,31|54,30|31,22|27,39|81,54|80,15|10,4|81,17|81,80|17,5|83,68|59,52|26,38|68,45|4,59/81,45=81,50,83,68,45
23,48|41,59|23,30|48,21|69,97|31,33|28,69|42,1|40,51|33,80|90,31|73,42|51,10|10,45|71,28|21,41|23,90|30,73|23,40|23,71/23,45=23,40,51,10,45
73,31|24,33|97,51|92,23|10,74|97,56|56,57|97,50|45,29|39,73|29,30|30,90|51,53|53,10|57,92|50,24|97,45|97,64|33,71|64,39/97,71=97,50,24,33,71
49,54|26,36|0,67|19,80|19,33|91,0|47,26|55,49|97,65|19,91|19,47|36,99|33,51|19,84|51,45|84,55|45,86|67,87|1,97|80,1/19,87=19,91,0,67,87
85,67|56,14|85,71|85,41|14,47|95,79|30,20|38,72|85,4|71,58|20,69|67,56|79,23|58,84|32,38|84,80|85,81|4,32|81,95|41,30/85,69=85,41,30,20,69
96,34|77,82|82,0|29,2|0,20|42,71|48,42|77,96|77,48|16,85|20,81|86,29|34,89|71,92|77,60|77,86|2,45|85,39|89,23|60,16/77,45=77,86,29,2,45
71,91|75,51|41,74|21,99|19,80|70,94|31,6|71,70|7,10|51,88|71,7|91,75|92,3|80,31|30,57|10,41|99,92|94,30|71,21|71,19/71,57=71,70,94,30,57
22,40|16,83|94,59|58,67|59,23|58,48|89,31|42,89|48,94|37,81|58,42|31,84|67,73|21,52|73,16|58,37|58,21|81,76|52,22|76,71/58,83=58,67,73,16,83
34,53|79,68|77,79|63,82|94,17|40,4|68,2|99,73|99,63|99,40|96,34|28,72|3,28|4,19|19,83|99,77|53,62|73,3|82,94|99,96/99,17=99,63,82,94,17
87,86|65,96|11,34|53,84|62,35|82,29|88,2|32,25|54,87|88,65|84,62|88,53|2,91|88,16|16,7|58,54|7,82|96,32|88,58|91,11/88,34=88,2,91,11,34
56,19|24,94|38,41|90,20|81,86|67,36|41,29|56,97|56,34|10,81|18,67|97,6|6,24|56,33|34,38|58,90|33,10|2,18|56,2|19,58/56,20=56,19,58,90,20
11,3|15,77|50,34|28,2|93,28|50,59|50,17|17,15|98,86|50,61|59,93|30,98|3,53|56,74|74,87|50,30|86,22|77,38|34,11|61,56/50,53=50,34,11,3,53
63,92|78,34|72,97|34,87|60,36|65,72|36,63|93,50|53,65|91,2|92,88|60,12|28,78|2,5|12,91|7,44|60,7|60,28|44,93|60,53/60,50=60,7,44,93,50
38,88|47,62|38,78|53,17|17,82|16,80|38,26|26,35|13,64|34,74|77,34|35,16|68,13|78,53|88,47|38,77|38,12|12,68|74,55|62,32/38,80=38,26,35,16,80
20,40|66,13|87,61|67,65|15,44|69,16|67,23|67,66|76,25|67,50|40,73|65,95|95,87|13,15|16,89|67,4|77,76|4,69|50,77|23,20/67,44=67,66,13,15,44
7,60|9,17|3,81|58,90|77,82|11,1|60,58|1,66|7,9|55,13|17,84|23,77|84,46|13,3|7,55|25,23|7,11|7,25|90,35|66,95/7,82=7,25,23,77,82
91,56|88,64|81,11|70,91|48,81|20,97|45,99|68,33|33,20|42,24|24,50|42,30|56,13|42,68|42,88|50,55|55,35|64,45|30,48|42,70/42,13=42,70,91,56,13
43,21|54,13|96,90|62,97|49,66|65,12|21,17|36,62|66,54|29,88|88,1|29,92|29,28|46,43|29,49|92,96|29,46|1,65|28,36|90,39/29,39=29,92,96,90,39
21,32|94,58|54,8|24,11|31,29|47,24|94,69|62,63|72,93|93,31|94,72|73,21|94,88|69,3|58,73|3,54|94,47|11,20|63,61|88,62/94,29=94,72,93,31,29
7,70|93,7|57,61|5,90|58,33|70,40|79,2|39,13|90,65|11,79|33,49|61,87|11,98|11,19|2,39|87,20|11,93|19,58|98,5|11,57/11,20=11,57,61,87,20
69,18|39,69|23,90|56,11|39,59|75,77|39,54|18,56|52,36|25,37|20,95|54,57|39,23|90,25|59,81|57,20|39,17|17,75|81,52|77,91/39,36=39,59,81,52,36
82,93|67,32|83,84|47,15|52,83|12,47|90,25|25,85|85,45|52,67|84,75|52,5|5,12|7,56|52,7|75,3|52,90|32,10|56,82|10,71/52,71=52,67,32,10,71
56,80|64,73|69,85|30,25|49,23|66,30|73,96|57,66|39,61|85,47|61,95|40,69|86,49|64,40|64,57|64,86|96,56|23,13|64,48|48,39/64,13=64,86,49,23,13
18,35|93,73|94,86|0,44|35,40|30,48|27,55|40,65|44,72|48,52|70,94|56,27|72,11|93,2|2,56|73,70|93,18|93,36|93,0|36,30/93,11=93,0,44,72,11
47,5|27,18|81,54|12,26|97,20|70,49|12,81|71,58|12,45|54,70|45,31|31,97|21,27|7,47|26,71|12,32|12,21|32,7|58,39|18,34/12,34=12,21,27,18,34
64,45|81,61|88,40|6,64|33,6|50,33|50,28|61,93|94,20|78,53|50,54|54,81|99,94|98,88|50,95|28,99|72,78|68,98|50,68|95,72/50,40=50,68,98,88,40
78,77|29,78|33,61|29,31|15,40|51,54|1,88|94,51|40,37|14,1|44,38|90,94|29,90|37,32|75,14|31,33|29,15|61,7|29,75|77,44/29,54=29,90,94,51,54
93,19|82,32|49,18|19,5|18,37|43,30|63,16|52,39|39,86|16,82|5,62|13,50|13,93|13,52|74,49|50,69|13,74|86,17|69,43|13,63/13,30=13,50,69,43,30
0,41|68,45|94,43|17,99|2,97|24,95|94,65|40,17|94,24|94,14|97,68|44,30|95,0|14,44|65,40|94,2|43,10|30,42|10,48|48,19/94,99=94,65,40,17,99
67,15|91,34|0,96|66,78|13,91|96,51|67,83|83,0|15,66|82,79|36,20|78,2|67,89|90,81|89,13|67,82|79,90|58,36|33,58|67,33/67,2=67,15,66,78,2
0,44|68,54|63,30|84,37|25,68|25,58|83,0|30,13|14,3|25,71|27,51|37,20|58,63|3,69|71,84|31,14|26,83|25,26|54,27|25,31/25,51=25,68,54,27,51
83,13|2,78|98,83|24,2|57,35|80,29|36,22|36,96|29,74|36,92|36,66|6,0|0,38|96,24|92,98|74,68|35,14|36,80|66,57|22,6/36,38=36,22,6,0,38
78,60|22,91|74,9|75,73|22,34|9,33|45,83|22,78|87,99|34,94|83,75|60,16|98,74|22,45|42,46|91,87|94,42|16,27|22,98|99,30/22,73=22,45,83,75,73
81,13|73,85|2,55|55,81|78,74|38,33|52,27|9,30|72,10|33,72|74,9|27,16|64,78|64,38|64,2|64,18|18,52|64,73|58,32|85,58/64,30=64,78,74,9,30
49,46|15,74|29,57|74,29|81,76|57,43|15,88|26,99|11,2|15,11|88,49|46,30|2,26|82,19|5,3|15,5|3,82|76,90|15,48|48,81/15,99=15,11,2,26,99
85,25|85,26|63,65|10,6|85,69|69,23|26,75|75,97|22,68|25,47|6,22|11,86|85,10|17,30|23,11|85,36|47,17|97,92|65,4|36,63/85,30=85,25,47,17,30
11,99|69,10|11,24|11,63|23,69|75,43|43,0|89,66|70,35|63,75|11,40|11,95|40,17|41,70|95,23|66,31|24,89|99,41|17,52|52,3/11,0=11,63,75,43,0
75,79|54,1|94,98|82,14|30,26|75,9|1,18|86,82|75,96|96,86|69,31|98,35|26,77|18,25|53,69|75,54|9,94|77,12|75,30|79,53/75,12=75,30,26,77,12
2,9|75,78|8,45|58,75|45,68|34,46|98,96|64,58|65,0|9,11|78,56|11,91|64,65|0,95|68,84|46,98|64,2|64,34|95,55|64,8/64,91=64,2,9,11,91
27,41|36,30|30,99|57,20|5,91|25,37|41,13|20,80|99,49|5,36|80,24|81,86|98,27|75,25|5,98|86,19|91,75|19,59|5,57|5,81/5,37=5,91,75,25,37
16,30|74,78|17,92|3,16|67,19|92,21|3,67|3,56|81,1|95,17|30,34|35,28|3,50|3,95|34,69|50,81|1,85|56,57|19,74|57,35/3,69=3,16,30,34,69
4,74|59,81|85,90|73,4|7,8|97,75|75,14|64,49|1,73|85,86|8,48|86,59|85,1|85,17|6,64|81,13|47,97|17,6|90,7|85,47/85,74=85,1,73,4,74
0,35|58,74|3,66|9,45|18,29|73,89|80,0|68,69|48,32|29,84|59,80|84,48|61,3|18,59|18,61|69,58|89,9|66,44|18,73|18,68/18,44=18,61,3,66,44
69,77|48,15|9,28|41,11|71,72|48,22|48,84|11,51|8,79|18,60|22,8|79,17|77,85|48,69|84,41|15,9|28,25|72,18|48,71|85,44/48,51=48,84,41,11,51
55,6|93,0|9,79|16,28|9,98|9,55|40,37|30,40|0,29|98,93|34,72|48,59|88,53|59,34|10,56|79,30|6,88|9,16|9,48|28,10/9,56=9,16,28,10,56
84,41|94,49|63,55|70,58|28,84|49,63|39,83|50,70|97,39|40,54|94,71|25,28|94,97|94,36|55,96|94,25|99,40|36,50|83,43|71,99/94,41=94,25,28,84,41
59,53|14,7|46,61|7,46|14,25|8,88|9,51|53,48|27,99|25,9|10,59|61,16|14,27|74,8|99,86|86,79|14,57|14,10|57,74|51,78/14,78=14,25,9,51,78
25,14|56,88|95,16|89,23|95,26|12,11|95,36|26,25|67,22|0,2|95,0|70,67|88,77|22,75|95,70|16,79|36,56|79,12|14,41|2,89/95,23=95,0,2,89,23
33,18|25,23|23,38|38,17|98,33|5,10|7,34|47,94|43,63|25,68|82,5|17,54|3,7|94,43|77,3|25,77|18,6|25,98|68,82|25,47/25,6=25,98,33,18,6
90,76|56,78|76,79|17,87|21,56|80,54|81,12|87,7|96,90|94,22|96,17|96,21|89,81|54,94|78,31|79,40|96,80|96,37|37,89|7,60/96,12=96,37,89,81,12
7,23|78,26|87,95|64,82|30,19|14,91|26,16|52,60|78,30|78,99|19,44|16,87|44,46|78,14|91,7|78,65|65,64|94,52|99,94|82,58/78,23=78,14,91,7,23
96,4|2,7|4,21|96,94|94,51|96,61|45,53|59,77|57,18|18,84|96,23|21,45|61,1|96,78|1,55|55,31|51,2|78,57|23,59|77,40/96,31=96,61,1,55,31
71,76|39,0|51,87|85,57|44,39|72,58|0,11|8,85|79,16|44,71|16,40|58,63|11,49|44,5|5,8|40,33|76,51|22,72|44,79|44,22/44,63=44,22,72,58,63
7,14|5,94|42,5|92,58|74,16|32,96|88,52|0,35|2,42|94,51|2,92|52,74|30,32|2,30|87,90|58,87|2,88|35,7|2,0|96,85/2,90=2,92,58,87,90
21,53|86,48|88,15|59,33|86,82|71,64|34,88|86,67|47,71|11,59|49,3|64,6|82,11|86,47|48,21|1,9|67,34|53,60|86,1|9,49/86,33=86,82,11,59,33
41,92|48,22|61,31|22,93|6,95|79,21|91,56|48,66|48,61|42,6|15,53|93,15|52,90|92,46|7,42|48,7|66,41|56,52|48,91|31,79/48,95=48,7,42,6,95
28,23|83,81|28,67|80,10|28,42|28,9|9,80|23,83|42,50|10,74|76,45|50,8|15,60|8,71|45,15|70,59|59,84|81,54|67,70|28,76/28,54=28,23,83,81,54
54,29|29,7|99,40|50,65|19,45|0,99|54,93|93,91|65,37|37,6|54,50|24,0|54,98|34,96|86,56|98,89|91,19|89,86|54,24|7,34/54,6=54,50,65,37,6
50,46|54,84|88,50|26,17|12,32|97,1|72,30|97,88|97,12|57,70|46,65|7,74|17,98|97,7|1,26|70,8|18,57|32,54|74,72|97,18/97,84=97,12,32,54,84
47,96|18,68|37,18|87,31|68,93|37,81|44,47|37,87|57,56|37,16|35,50|81,67|93,66|67,57|36,44|31,3|37,36|3,29|16,14|14,35/37,56=37,81,67,57,56
27,81|63,53|95,85|66,47|54,61|86,94|89,66|75,95|91,89|81,2|2,86|3,63|76,75|27,76|27,91|53,1|27,3|27,29|29,54|61,62/27,85=27,76,75,95,85
40,8|40,91|40,55|91,89|40,86|89,21|21,48|16,34|34,2|85,88|33,49|86,33|49,12|8,72|2,0|40,16|55,71|71,85|72,24|24,4/40,88=40,55,71,85,88
2,24|58,8|9,97|24,70|59,63|45,15|42,44|90,9|17,59|42,32|70,54|42,17|42,2|44,43|97,37|63,69|42,90|8,95|32,58|43,45/42,54=42,2,24,70,54
20,14|40,78|20,47|76,15|95,24|2,56|78,25|28,95|20,38|14,2|83,99|91,76|47,40|56,3|20,45|36,83|45,36|15,44|20,91|38,28/20,24=20,38,28,95,24
12,75|41,59|44,95|29,93|7,51|29,41|29,4|4,25|97,47|59,36|38,76|29,44|75,46|36,94|57,97|29,8|95,7|25,38|93,57|8,12/29,47=29,93,57,97,47
90,35|6,40|78,55|52,1|87,83|78,45|45,54|91,11|78,52|78,10|16,6|10,16|54,95|78,46|46,24|55,87|95,42|24,91|1,90|83,43/78,11=78,46,24,91,11
80,61|21,49|49,81|62,89|44,32|21,80|3,25|78,3|32,1|81,97|71,22|97,96|21,71|40,92|99,44|22,62|21,99|68,78|61,40|21,68/21,96=21,49,81,97,96
16,63|47,87|47,65|29,11|65,95|23,81|70,77|47,51|47,68|57,73|40,94|62,57|51,16|95,23|63,45|47,29|87,34|11,70|68,62|34,40/47,77=47,29,11,70,77
92,75|86,91|99,29|86,33|75,10|86,80|76,30|91,92|26,82|86,26|82,99|33,44|16,58|97,19|44,97|58,5|86,28|30,90|80,76|28,16/86,29=86,26,82,99,29
43,64|32,58|92,9|6,81|37,13|62,4|62,65|88,6|64,71|62,88|62,43|48,24|81,18|58,92|62,32|65,37|13,56|36,48|4,36|71,86/62,18=62,88,6,81,18
89,86|47,96|91,11|65,91|86,82|96,16|37,63|45,38|66,65|57,75|94,28|38,59|22,47|75,45|50,89|28,37|57,50|57,66|57,22|57,94/57,63=57,94,28,37,63
97,74|74,66|54,95|16,8|95,40|92,48|2,83|97,23|97,16|97,41|23,2|63,49|97,91|66,63|8,92|83,53|91,54|41,79|79,75|75,45/97,45=97,41,79,75,45
87,1|38,49|76,64|91,75|24,62|93,55|76,93|41,52|33,99|76,41|52,24|75,87|76,91|59,0|76,33|66,38|55,90|90,20|99,59|64,66/76,62=76,41,52,24,62
88,57|18,94|18,54|18,92|40,77|18,47|69,72|47,62|8,26|36,8|92,69|71,3|18,40|94,36|72,37|77,71|54,88|57,53|62,90|90,12/18,3=18,40,77,71,3
67,59|97,68|26,0|74,60|39,82|67,1|1,79|68,30|67,58|82,45|30,23|67,97|58,74|67,39|45,80|59,26|66,88|79,66|60,25|0,87/67,80=67,39,82,45,80
94,44|83,33|87,5|54,58|35,41|31,92|34,54|97,87|95,26|65,55|34,6|92,65|4,83|34,95|6,97|33,49|58,94|34,4|26,35|34,31/34,41=34,95,26,35,41
61,5|62,28|97,11|28,4|4,39|95,23|49,35|53,63|97,95|97,15|15,46|11,78|78,82|35,1|1,25|82,30|23,53|46,61|97,49|97,62/97,25=97,49,35,1,25
19,13|11,4|88,96|78,19|88,24|48,85|44,23|85,97|4,72|58,68|72,12|88,98|88,11|98,48|96,78|88,84|84,45|24,58|68,40|45,44/88,12=88,11,4,72,12
26,91|83,23|60,74|48,32|65,77|84,63|83,26|83,90|23,17|42,88|51,43|17,51|68,22|90,42|91,48|77,68|83,60|74,84|88,66|83,65/83,32=83,26,91,48,32
8,88|94,52|53,81|85,47|19,43|47,97|55,94|19,65|65,55|36,39|44,66|19,27|27,53|39,44|19,96|96,85|88,11|43,8|19,36|81,16/19,16=19,27,53,81,16
85,17|47,45|99,95|27,7|33,47|7,32|37,85|37,34|50,33|37,72|37,50|80,12|51,78|67,80|72,51|17,99|71,27|37,71|78,41|34,67/37,41=37,72,51,78,41
4,32|33,43|8,38|76,75|34,95|34,72|34,78|3,8|34,20|45,59|51,22|75,51|65,33|72,4|78,3|34,76|32,44|20,45|59,83|95,65/34,38=34,78,3,8,38
69,80|92,29|69,35|24,12|61,88|69,27|80,1|57,92|36,24|29,71|94,21|6,32|21,61|69,57|42,87|1,42|35,0|27,36|0,6|69,94/69,12=69,27,36,24,12
49,99|49,7|70,91|85,24|60,39|49,37|6,0|24,62|37,70|76,83|7,6|83,78|49,15|49,76|78,63|27,60|91,3|15,85|99,27|0,32/49,62=49,15,85,24,62
52,59|38,36|13,41|70,54|24,28|32,0|33,26|32,24|32,38|28,33|32,7|41,70|32,13|87,80|7,19|36,87|0,52|9,65|59,96|19,9/32,26=32,24,28,33,26
13,21|78,41|0,92|82,8|94,82|8,64|0,13|66,24|20,79|70,57|55,20|92,55|21,91|0,94|41,66|0,78|91,17|0,70|57,83|83,86/0,79=0,92,55,20,79
95,18|38,83|0,30|12,63|12,35|22,5|83,73|12,85|53,38|12,53|3,57|63,51|30,41|80,95|12,49|85,80|51,22|10,3|35,0|49,10/12,41=12,35,0,30,41
91,99|99,45|69,13|35,52|10,87|56,68|68,67|56,35|67,2|56,69|56,62|13,19|62,10|45,17|2,51|3,73|19,12|56,91|87,31|52,3/56,73=56,35,52,3,73
85,29|62,0|98,88|43,85|88,93|77,35|75,56|36,62|77,74|12,48|21,36|74,98|77,21|67,78|77,43|31,75|48,67|35,31|29,5|77,12/77,0=77,21,36,62,0
57,71|88,47|3,28|39,94|57,98|57,75|89,24|51,3|75,13|13,88|28,23|98,89|71,67|64,70|57,51|33,0|57,39|24,27|67,64|94,33/57,27=57,98,89,24,27
61,27|62,55|65,98|17,97|59,79|28,59|33,65|97,34|62,28|62,17|62,91|55,57|98,51|62,33|95,19|34,92|27,83|79,80|91,61|57,95/62,92=62,17,97,34,92
81,89|89,66|22,64|22,52|17,11|37,38|7,2|53,81|52,61|2,48|28,12|18,98|64,94|38,17|22,37|61,18|94,28|22,53|22,7|48,44/22,12=22,64,94,28,12
42,49|42,44|6,62|32,43|42,76|42,32|44,6|0,82|42,33|8,69|49,70|62,10|43,78|82,73|33,89|59,31|70,59|76,0|78,45|89,8/42,45=42,32,43,78,45
78,26|44,80|37,48|37,59|23,39|19,77|72,34|48,93|99,19|37,78|21,75|37,44|26,72|93,21|59,42|80,30|30,40|42,23|37,29|29,99/37,34=37,78,26,72,34
31,46|24,91|30,5|23,40|5,52|78,26|89,8|78,31|78,22|78,30|18,60|78,69|46,89|22,23|44,18|91,0|40,72|26,44|52,17|69,24/78,72=78,22,23,40,72
93,79|5,47|29,5|35,29|30,32|80,42|35,74|74,3|6,54|35,4|35,80|35,93|42,26|47,19|3,6|4,2|2,10|10,49|79,30|26,83/35,49=35,4,2,10,49
71,41|31,4|65,15|4,17|42,93|44,22|15,71|50,96|69,72|50,87|46,64|87,98|50,20|96,24|20,31|24,44|98,69|64,42|50,65|50,46/50,72=50,87,98,69,72
38,69|23,58|69,41|98,78|38,46|41,1|38,77|77,9|78,61|16,64|84,16|43,40|65,84|9,43|1,45|38,23|46,98|38,65|7,55|58,7/38,40=38,77,9,43,40
76,32|20,19|5,73|4,38|5,79|0,68|19,59|73,85|38,76|21,56|85,98|34,3|6,50|5,21|5,4|5,0|79,20|56,34|68,6|98,2/5,50=5,0,68,6,50
53,67|87,28|91,37|91,73|72,52|86,72|28,79|30,25|91,86|91,23|42,22|73,30|60,42|23,87|37,60|1,53|25,62|91,1|52,75|67,19/91,22=91,37,60,42,22
32,55|77,99|72,1|62,27|50,31|27,83|37,46|84,57|57,38|8,41|46,74|74,10|55,62|32,77|32,37|87,84|32,8|41,72|99,50|32,87/32,38=32,87,84,57,38
59,91|62,81|31,66|46,9|35,62|31,33|33,35|3,61|22,72|71,29|31,46|43,1|66,22|31,88|88,3|1,59|61,10|31,43|72,5|9,71/31,91=31,43,1,59,91
80,34|80,62|65,19|51,3|80,44|34,24|97,25|62,64|9,76|94,9|55,6|44,55|64,65|80,32|76,66|80,94|3,53|32,51|24,97|6,58/80,53=80,32,51,3,53
57,39|26,55|26,32|52,65|34,43|39,13|43,80|91,52|55,34|26,4|48,59|33,57|32,7|0,71|26,33|7,48|65,96|71,61|4,0|26,91/26,61=26,4,0,71,61
62,39|39,27|99,91|24,29|61,12|27,69|21,58|74,21|22,61|25,60|12,56|85,74|91,70|29,25|24,99|60,51|24,22|24,62|24,85|70,75/24,56=24,22,61,12,56
82,47|85,5|51,24|9,43|41,18|53,41|5,99|82,89|82,35|47,97|52,51|82,65|89,85|37,0|82,9|97,37|50,92|43,50|65,53|35,52/82,0=82,47,97,37,0
46,42|94,58|10,26|76,6|27,34|77,94|19,10|57,7|46,57|7,30|30,84|34,76|46,14|46,77|48,99|46,27|58,53|39,48|42,19|14,39/46,6=46,27,34,76,6
13,61|15,14|0,24|15,76|87,46|98,52|52,0|15,19|15,31|76,8|96,64|15,98|68,67|14,43|43,13|8,68|90,96|19,17|17,87|31,90/15,46=15,19,17,87,46
40,45|17,8|93,68|17,64|3,92|17,75|75,71|71,65|87,25|30,3|17,13|57,93|31,87|66,40|25,24|8,66|64,57|17,31|13,30|65,80/17,24=17,31,87,25,24
81,53|18,50|81,5|89,61|4,75|50,44|39,4|35,7|55,21|11,0|21,89|72,39|7,62|53,18|81,72|81,35|81,55|5,37|37,11|62,95/81,44=81,53,18,50,44
74,60|42,61|68,57|35,75|74,79|74,42|73,80|38,6|75,66|14,35|74,38|61,68|1,40|96,1|79,73|31,52|60,96|80,17|6,31|74,14/74,52=74,38,6,31,52
54,84|0,81|51,15|28,97|48,5|75,73|54,28|73,44|15,3|5,0|4,51|84,46|54,58|54,4|46,31|97,83|83,42|31,96|54,48|58,75/54,44=54,58,75,73,44
8,6|47,44|82,50|0,78|72,40|0,35|71,72|48,79|73,48|25,20|0,28|0,96|35,31|20,8|78,73|31,47|28,71|0,25|50,62|96,82/0,6=0,25,20,8,6
59,64|88,79|20,51|59,96|77,67|96,8|97,80|66,99|49,3|59,77|64,20|99,88|26,42|51,52|8,26|67,48|59,97|59,66|80,49|48,1/59,1=59,77,67,48,1
13,52|66,13|84,72|60,59|91,26|66,91|59,50|69,60|90,10|98,21|99,81|52,90|7,29|66,69|66,99|41,80|26,7|81,84|80,98|66,41/66,72=66,99,81,84,72
38,2|87,94|44,39|34,81|2,34|24,27|8,44|8,38|52,55|98,66|76,41|8,25|8,87|25,22|22,76|8,24|21,26|27,52|94,98|39,21/8,55=8,24,27,52,55
29,93|56,41|82,75|44,42|49,57|44,82|5,56|57,14|1,51|20,29|51,4|44,1|41,43|75,66|65,20|66,90|44,5|4,78|44,65|42,49/44,14=44,42,49,57,14
71,75|33,37|65,2|75,44|31,58|65,27|98,54|65,22|65,95|27,71|95,20|62,68|20,19|54,4|19,49|37,31|65,33|68,82|2,62|22,98/65,49=65,95,20,19,49
95,41|42,47|69,48|20,69|66,94|98,67|80,16|20,95|81,98|16,56|20,81|67,59|20,84|94,19|71,39|26,80|84,66|48,42|41,71|20,26/20,19=20,84,66,94,19
47,5|39,22|70,25|18,99|52,91|25,52|83,33|39,70|99,63|39,41|37,7|33,47|39,83|93,37|39,75|14,48|41,93|75,18|90,14|22,90/39,91=39,70,25,52,91
41,23|23,69|69,61|49,13|41,2|6,9|41,6|39,72|9,80|63,31|61,21|41,37|3,39|37,3|80,88|8,38|53,8|2,53|13,63|41,49/41,31=41,49,13,63,31
30,41|34,89|30,42|59,9|58,59|41,37|44,19|89,82|75,99|9,32|37,20|30,58|20,11|54,34|42,44|30,14|30,54|19,12|14,70|70,75/30,99=30,14,70,75,99
44,79|23,33|79,56|89,40|84,86|97,51|52,39|40,12|52,38|32,58|52,89|54,44|75,84|33,97|52,54|38,75|98,32|12,45|52,23|39,98/52,58=52,39,98,32,58
1,37|19,9|14,7|80,14|1,23|1,78|71,80|1,71|98,85|1,16|34,65|48,51|61,98|23,62|78,48|37,63|63,34|16,61|51,89|62,19/1,89=1,78,48,51,89
3,97|83,42|73,25|15,6|74,83|93,29|36,93|56,49|51,73|51,1|1,15|39,56|6,45|25,3|49,12|42,41|51,74|51,13|13,36|51,39/51,12=51,39,56,49,12
97,62|76,74|21,20|29,35|13,76|82,69|82,13|1,21|99,22|30,61|51,1|62,29|69,49|82,12|82,51|74,65|49,30|12,81|81,99|82,97/82,35=82,97,62,29,35
48,22|58,81|87,17|48,6|47,44|25,15|17,7|73,14|34,31|6,73|12,83|66,87|48,66|22,25|44,12|14,9|48,34|31,58|15,53|48,47/48,83=48,47,44,12,83
65,68|87,47|57,83|45,41|30,34|88,78|12,84|91,66|41,87|66,99|6,5|84,57|65,79|68,6|34,88|65,45|79,91|65,12|5,67|65,30/65,83=65,12,84,57,83
98,39|54,37|84,73|5,74|6,93|69,6|97,98|69,86|12,32|86,60|48,97|89,12|60,82|93,5|69,54|69,48|69,71|71,89|37,84|82,83/69,73=69,54,37,84,73
84,88|9,29|84,58|56,54|34,33|26,78|13,61|71,52|58,19|89,55|19,9|20,13|84,71|84,34|75,26|52,56|33,89|61,12|84,20|88,75/84,78=84,88,75,26,78
65,90|4,33|70,22|89,21|97,73|35,89|12,55|97,35|73,16|25,12|42,28|16,4|28,91|21,48|97,42|91,59|97,19|22,65|97,70|19,25/97,48=97,35,89,21,48
84,27|76,21|80,69|76,64|76,37|2,36|76,75|47,39|75,82|45,47|37,98|21,96|64,45|36,52|98,84|0,67|76,25|96,0|82,80|25,2/76,52=76,25,2,36,52
75,91|37,33|33,97|76,63|97,78|52,90|64,75|64,37|24,89|63,10|10,29|41,46|47,3|58,47|64,7|90,24|64,76|7,58|91,41|64,52/64,46=64,75,91,41,46
14,51|5,40|10,94|54,30|60,70|60,34|60,29|94,54|60,81|34,85|70,44|44,95|35,98|2,35|60,10|85,14|40,45|95,62|81,5|29,2/60,45=60,81,5,40,45
79,45|71,30|45,90|22,37|22,99|48,34|34,6|22,79|22,48|46,94|90,97|99,62|0,73|22,71|94,49|62,0|6,13|30,32|37,46|32,92/22,73=22,99,62,0,73
44,27|40,90|56,87|10,57|10,4|19,86|12,56|92,98|10,40|57,11|11,3|3,2|79,29|58,92|10,12|10,79|90,19|29,44|4,58|87,85/10,2=10,57,11,3,2
81,18|14,1|60,51|7,42|22,7|84,22|26,29|20,10|74,5|48,14|48,81|48,69|10,59|72,20|1,60|18,26|53,74|48,84|48,72|69,53/48,59=48,72,20,10,59
29,82|40,37|61,13|84,43|39,4|15,39|41,84|96,79|94,45|40,61|17,15|13,73|73,12|40,94|40,17|40,41|45,29|79,32|37,96|43,70/40,32=40,37,96,79,32
11,52|52,57|57,39|1,29|44,41|51,73|51,84|33,92|79,1|84,79|51,36|73,37|75,45|37,10|45,44|10,16|36,33|51,75|51,11|92,12/51,29=51,84,79,1,29
34,65|74,33|57,47|17,45|47,6|45,34|90,76|3,46|76,80|3,17|3,10|46,57|10,63|73,84|3,90|0,67|80,58|63,0|84,74|3,73/3,67=3,10,63,0,67
51,6|83,68|51,30|84,8|1,28|51,85|28,76|51,33|9,78|5,31|51,84|4,5|30,1|6,4|68,50|78,75|8,60|60,62|33,9|85,83/51,31=51,6,4,5,31
47,8|55,27|27,10|63,58|87,44|93,85|23,43|84,55|23,84|70,47|67,93|23,51|14,63|23,89|89,32|23,31|51,14|43,67|31,70|32,87/23,10=23,84,55,27,10
52,4|32,14|42,31|88,89|32,20|32,76|89,74|32,9|65,92|20,65|32,88|2,61|92,46|61,55|74,26|14,77|31,18|77,52|76,2|9,42/32,26=32,88,89,74,26
13,20|86,98|89,37|50,88|46,86|20,41|88,39|12,63|36,46|12,36|12,0|15,29|0,13|12,35|32,89|67,15|35,67|63,50|37,61|12,32/12,39=12,63,50,88,39
45,7|23,5|5,66|45,98|44,32|86,29|32,69|74,86|61,25|7,44|59,68|25,90|84,61|22,59|45,84|45,23|66,28|45,58|98,22|58,74/45,28=45,23,5,66,28
15,5|12,91|72,29|42,84|5,26|12,6|1,78|0,15|7,72|6,65|84,35|91,30|65,1|12,0|12,7|9,42|30,20|20,95|12,9|29,51/12,51=12,7,72,29,51
8,33|17,76|73,82|46,27|18,95|66,8|75,16|51,66|76,53|61,64|53,23|18,46|18,75|18,51|16,73|30,22|22,2|27,61|18,17|95,30/18,64=18,46,27,61,64
94,34|51,88|69,30|87,51|57,0|13,65|13,57|65,87|30,46|63,37|37,39|13,98|75,69|98,22|0,35|22,94|35,80|13,75|13,63|39,11/13,88=13,65,87,51,88
45,54|11,13|8,50|33,8|90,37|42,33|17,22|45,90|99,80|5,53|53,60|40,88|45,99|54,5|37,17|13,36|80,40|45,93|93,11|45,42/45,60=45,54,5,53,60
84,27|91,12|80,59|96,10|84,70|57,3|84,80|21,36|98,2|48,94|84,63|70,91|94,98|84,48|59,96|36,75|3,39|27,21|12,88|63,57/84,2=84,48,94,98,2
80,76|95,49|95,40|49,51|30,5|40,80|73,39|15,13|95,73|95,14|78,54|62,1|54,19|51,62|14,15|39,30|95,78|76,47|13,12|19,44/95,47=95,40,80,76,47
64,84|12,9|45,64|82,34|15,4|0,60|31,6|97,12|15,0|15,45|60,82|84,78|61,31|6,43|15,56|21,70|4,97|15,61|70,30|56,21/15,78=15,45,64,84,78
47,80|73,48|84,82|73,86|15,7|95,14|77,85|73,16|81,47|23,81|85,83|16,15|14,84|7,79|44,59|86,77|48,17|73,23|73,95|17,44/73,82=73,95,14,84,82
80,7|70,79|54,14|35,4|54,58|83,82|57,16|87,89|11,31|54,70|54,83|89,74|79,35|55,80|54,57|14,87|82,5|16,11|58,55|5,63/54,31=54,57,16,11,31
55,6|30,40|9,79|16,28|9,98|9,55|0,53|59,0|40,37|98,30|88,29|48,93|34,72|93,88|10,56|79,59|6,34|9,16|9,48|28,10/9,56=9,16,28,10,56
67,9|62,75|62,48|46,7|62,49|61,65|62,43|18,19|9,3|58,28|65,98|62,46|8,14|28,47|19,88|43,18|48,67|75,61|49,58|7,8/62,3=62,48,67,9,3
40,14|12,55|58,52|48,26|26,64|22,86|49,60|63,48|40,12|94,13|86,95|55,49|14,79|93,30|40,22|79,93|95,81|52,94|40,58|40,63/40,30=40,14,79,93,30
96,3|37,29|37,15|29,89|3,93|58,82|13,54|0,96|82,49|81,75|89,69|20,13|75,62|49,28|37,0|69,34|15,20|37,55|37,58|55,81/37,28=37,58,82,49,28
86,18|67,8|68,21|59,12|63,74|4,78|21,53|15,23|12,94|15,86|15,66|66,68|8,55|15,67|18,4|74,84|55,83|15,47|47,63|23,59/15,53=15,66,68,21,53
82,1|36,62|31,7|36,53|36,74|22,9|18,82|53,11|36,21|25,43|43,87|9,32|74,18|21,31|11,61|61,20|7,92|62,22|99,25|36,99/36,92=36,21,31,7,92
36,76|76,26|88,84|92,42|56,41|13,93|3,72|47,92|72,56|57,3|57,91|91,47|57,36|93,0|57,88|0,80|84,55|55,12|26,48|57,13/57,42=57,91,47,92,42
18,71|88,9|20,2|20,86|82,0|32,4|20,29|20,18|72,31|86,72|39,37|23,46|9,82|20,88|60,39|26,23|31,24|29,26|2,60|71,32/20,24=20,86,72,31,24
41,53|89,3|11,27|96,58|3,78|41,55|41,89|78,52|1,18|19,11|91,96|56,91|41,19|59,22|53,1|41,56|18,85|27,50|55,65|65,59/41,58=41,56,91,96,58
42,11|43,40|43,47|40,95|43,30|36,16|29,12|95,32|96,22|16,15|32,68|18,29|47,18|22,94|51,96|1,36|43,51|11,75|43,1|30,42/43,12=43,47,18,29,12
63,47|40,56|63,53|63,6|4,44|44,98|93,70|47,57|56,93|79,64|6,18|53,4|63,40|24,50|1,72|18,79|43,1|45,43|57,24|63,45/63,64=63,6,18,79,64
27,98|40,95|60,49|4,58|9,4|58,74|94,97|49,40|72,46|68,94|37,27|72,21|72,9|46,70|25,68|61,38|21,37|70,61|72,25|72,60/72,95=72,60,49,40,95
83,74|74,51|30,69|14,16|49,17|30,73|23,89|77,27|30,2|30,68|2,14|89,98|88,9|16,8|68,37|9,77|37,49|30,88|69,23|73,83/30,51=30,73,83,74,51
21,1|39,26|97,0|67,3|82,51|1,73|91,48|56,39|0,56|97,15|87,82|22,87|15,11|97,21|11,91|97,18|73,10|97,22|75,67|18,75/97,10=97,21,1,73,10
21,59|11,64|99,71|73,21|66,30|64,63|30,96|71,33|72,54|54,41|72,11|70,91|72,73|59,87|72,99|63,42|96,40|41,70|33,35|72,66/72,91=72,54,41,70,91
63,9|27,97|85,81|66,49|1,72|88,65|27,88|97,76|72,66|87,11|38,85|46,98|27,1|98,54|27,37|37,46|65,63|71,38|27,71|76,87/27,49=27,1,72,66,49
92,0|56,30|30,47|38,53|39,84|49,39|3,92|56,8|17,3|47,77|84,31|56,85|85,63|57,35|81,57|77,74|56,17|56,49|8,81|63,38/56,0=56,17,3,92,0
1,43|81,58|1,8|43,3|3,34|1,49|31,11|66,78|1,66|1,64|28,9|49,60|78,31|34,98|94,81|14,37|8,28|9,33|64,94|60,14/1,58=1,64,94,81,58
95,99|12,21|95,31|51,20|31,58|95,27|21,71|27,50|42,72|17,59|87,51|72,6|6,57|50,17|98,53|20,5|58,98|99,12|95,87|95,42/95,71=95,99,12,21,71
75,1|98,85|50,66|42,28|13,79|58,60|95,50|94,33|33,42|58,75|58,94|58,13|71,98|18,44|81,19|79,18|1,81|7,95|60,71|58,7/58,44=58,13,79,18,44
14,37|44,30|76,58|30,13|18,38|13,91|46,68|14,80|14,44|68,0|67,18|37,61|61,69|80,76|34,67|14,46|14,34|58,5|0,86|69,17/14,91=14,44,30,13,91
16,34|34,70|16,14|48,93|27,36|19,99|81,97|16,7|14,90|16,15|93,10|90,19|7,48|70,27|46,57|15,0|57,11|16,45|45,46|0,81/16,97=16,15,0,81,97
44,19|32,47|50,46|94,23|61,57|94,78|13,61|22,44|78,50|21,82|46,31|94,66|66,64|36,21|23,36|45,22|64,32|94,45|94,13|57,42/94,47=94,66,64,32,47
21,17|46,44|47,62|21,47|17,53|34,94|5,98|62,34|99,16|16,46|89,55|58,89|53,36|21,9|36,92|21,99|98,19|9,58|76,5|21,76/21,94=21,47,62,34,94
4,57|45,15|7,86|62,13|9,84|53,7|53,41|53,4|73,91|53,62|13,67|86,73|51,17|15,36|53,76|67,90|41,45|76,51|57,9|17,25/53,90=53,62,13,67,90
1,7|58,18|36,1|36,32|26,29|36,58|59,53|18,51|7,62|32,40|51,68|53,13|13,31|38,26|62,22|40,16|36,59|17,38|36,17|16,67/36,67=36,32,40,16,67
98,52|66,39|10,63|73,40|73,58|82,1|58,35|51,70|33,12|65,3|40,10|73,51|73,15|68,65|70,82|39,33|73,66|63,22|35,98|15,68/73,52=73,58,35,98,52
10,13|78,45|6,31|21,84|60,80|31,18|76,89|77,53|84,76|17,6|42,14|53,42|13,78|80,90|10,2|10,17|2,60|10,77|10,21|45,43/10,14=10,77,53,42,14
54,84|0,42|97,15|28,5|48,51|75,73|54,28|73,44|15,81|51,0|4,97|84,46|54,58|54,4|46,83|5,31|31,96|83,3|54,48|58,75/54,44=54,58,75,73,44
97,81|81,61|97,15|17,86|5,52|6,55|68,17|97,22|22,38|52,13|97,68|61,19|86,83|38,50|19,85|25,5|97,25|55,84|50,20|15,6/97,84=97,15,6,55,84
16,79|74,90|13,2|40,93|22,74|47,33|23,82|79,80|23,47|93,77|23,59|33,91|23,22|90,92|91,96|69,13|59,69|4,40|82,16|23,4/23,96=23,47,33,91,96
49,60|49,25|92,12|70,48|43,80|8,89|12,32|72,14|49,50|49,8|55,70|89,88|32,68|88,0|49,92|25,55|60,72|14,35|75,43|50,75/49,48=49,25,55,70,48
22,5|78,47|47,44|22,43|72,78|0,73|43,32|22,69|80,71|64,0|22,72|69,64|82,31|50,65|7,63|31,50|21,7|22,82|5,21|32,80/22,44=22,72,78,47,44
84,65|70,94|84,12|12,50|84,92|88,96|31,91|50,98|91,41|98,29|80,35|4,70|35,99|84,64|65,88|84,80|92,4|99,57|96,48|64,31/84,48=84,65,88,96,48
12,83|96,21|96,78|57,54|91,41|98,91|43,2|78,19|61,59|19,43|20,98|46,23|23,44|59,12|36,57|96,61|44,86|21,36|96,20|96,46/96,2=96,78,19,43,2
56,61|88,62|26,84|92,89|24,5|84,81|56,26|57,92|81,19|12,24|54,15|15,1|56,12|56,28|61,22|82,54|5,36|28,57|56,82|22,88/56,36=56,12,24,5,36
6,83|70,28|81,31|91,81|28,11|83,8|91,6|91,93|20,74|91,70|79,16|8,34|32,79|62,20|11,17|91,32|93,62|31,13|16,38|13,0/91,17=91,70,28,11,17
23,53|83,1|12,34|33,49|88,38|16,42|62,12|62,39|2,31|39,83|42,23|62,98|1,25|62,16|67,88|5,33|98,5|38,29|62,67|34,2/62,31=62,12,34,2,31
60,67|60,46|60,13|30,64|39,54|86,35|26,0|41,97|40,37|13,50|46,65|37,14|67,40|65,41|60,39|60,23|23,98|98,30|50,86|54,26/60,64=60,23,98,30,64
76,45|80,31|9,53|60,28|79,80|20,78|27,40|31,18|18,71|53,20|12,60|79,23|49,12|79,9|36,4|23,32|32,36|45,27|79,76|79,49/79,71=79,80,31,18,71
59,91|71,81|31,66|46,9|3,71|31,33|33,3|22,72|35,62|61,5|31,46|43,1|66,35|31,88|88,22|1,59|72,29|31,43|62,10|9,61/31,91=31,43,1,59,91
25,92|78,93|13,72|84,44|3,13|92,41|25,70|71,82|70,84|95,34|99,71|91,3|25,91|41,47|47,37|34,78|44,1|25,99|82,63|25,95/25,37=25,92,41,47,37
38,88|47,74|38,78|68,17|17,55|16,80|38,26|26,35|13,82|53,62|77,53|35,16|34,13|78,68|88,47|38,77|38,12|12,34|62,32|74,64/38,80=38,26,35,16,80
81,49|2,62|49,36|81,89|67,68|33,32|32,97|97,54|45,96|81,7|62,67|37,50|7,45|96,58|81,33|81,2|89,37|36,27|50,9|27,40/81,9=81,89,37,50,9
43,24|55,27|29,10|4,34|27,86|85,57|79,22|14,5|22,4|55,79|95,37|86,43|55,14|5,29|55,81|57,98|55,85|58,95|81,58|98,36/55,24=55,27,86,43,24
48,24|12,72|56,12|56,86|1,75|28,90|72,71|56,28|56,22|75,26|10,69|22,1|90,10|71,44|81,39|39,48|56,81|13,65|86,54|54,13/56,24=56,81,39,48,24
9,54|35,17|34,76|75,24|37,42|42,47|16,56|61,73|44,10|16,61|56,68|73,9|47,59|68,44|16,37|24,35|16,38|38,94|16,75|94,34/16,76=16,38,94,34,76
16,63|16,6|80,49|89,88|16,36|16,54|6,52|11,87|17,80|58,15|87,70|36,17|16,43|88,57|2,38|54,89|38,9|43,11|63,2|52,58/16,49=16,36,17,80,49
59,28|58,62|92,94|58,31|28,14|65,44|31,92|30,27|45,43|44,48|43,56|62,45|94,89|58,65|58,9|27,34|9,59|48,78|58,30|34,18/58,14=58,9,59,28,14
15,59|36,60|13,98|39,37|78,81|65,24|58,56|37,13|14,78|19,14|58,0|58,39|58,36|56,8|57,72|58,19|60,57|8,65|0,41|41,15/58,59=58,0,41,15,59
9,77|30,57|83,8|53,24|90,91|6,83|44,54|57,6|24,9|30,58|30,53|92,79|98,44|54,28|86,10|91,86|30,98|58,92|79,64|30,90/30,77=30,53,24,9,77
20,80|3,29|20,94|90,54|61,47|20,32|94,38|38,85|99,14|80,3|29,88|47,58|63,17|85,95|14,24|54,63|20,22|32,99|20,90|22,61/20,88=20,80,3,29,88
33,90|9,33|86,98|70,13|23,58|23,95|36,84|95,81|58,85|84,70|81,86|24,14|23,9|14,3|47,0|90,73|23,36|23,68|68,24|85,47/23,0=23,58,85,47,0
23,59|2,5|1,61|81,57|81,22|85,68|5,24|38,37|58,38|95,85|19,23|81,64|57,1|22,95|81,19|59,72|61,98|81,94|64,58|94,2/81,37=81,64,58,38,37
90,45|11,59|99,44|91,24|9,10|63,11|35,91|9,89|56,33|9,90|12,35|42,56|69,73|10,37|59,88|89,42|9,12|9,63|37,69|45,99/9,88=9,63,11,59,88
13,34|33,13|46,81|78,50|54,46|6,41|6,14|21,2|6,21|86,22|52,64|41,54|2,52|53,3|66,86|49,33|6,49|6,78|14,66|50,53/6,3=6,78,50,53,3
80,27|29,3|35,78|48,80|29,82|51,84|29,48|41,46|27,92|84,73|75,41|29,91|78,21|91,51|3,75|45,83|82,35|83,11|29,45|11,17/29,17=29,45,83,11,17
56,38|83,29|94,5|35,18|29,20|2,85|11,51|86,88|4,83|88,74|5,35|56,2|56,94|38,59|56,4|59,57|85,11|74,73|56,86|57,76/56,73=56,86,88,74,73
61,80|23,24|19,61|96,97|0,41|97,37|43,46|96,49|96,47|47,85|85,23|96,83|41,14|46,20|96,54|54,0|82,57|37,82|49,19|83,43/96,14=96,54,0,41,14
74,60|42,35|75,17|96,80|74,79|74,42|73,1|38,6|80,57|14,96|74,38|35,75|68,40|61,68|79,73|31,52|60,61|1,66|6,31|74,14/74,52=74,38,6,31,52
36,38|74,95|36,11|16,79|47,97|97,56|11,47|59,99|95,10|57,83|36,57|68,29|38,59|36,46|36,48|46,45|48,74|99,66|45,16|83,68/36,79=36,46,45,16,79
13,82|7,47|56,40|80,91|64,20|24,11|26,63|24,64|20,13|10,36|24,19|79,93|24,56|40,7|81,79|24,10|19,81|63,1|36,80|11,26/24,93=24,19,81,79,93
15,67|95,84|15,41|35,38|72,43|10,72|67,49|38,4|79,20|92,79|15,95|15,80|4,99|21,53|84,21|15,35|80,92|49,77|77,30|41,10/15,99=15,35,38,4,99
75,41|4,52|92,36|15,71|22,80|80,1|4,15|25,98|4,75|98,92|41,29|4,25|67,38|52,5|51,54|29,99|4,22|1,83|5,51|71,67/4,38=4,15,71,67,38
40,27|51,87|40,67|40,63|63,57|90,79|23,83|67,91|40,74|91,16|64,42|60,90|16,15|87,95|42,23|40,64|57,80|74,51|27,60|80,21/40,21=40,63,57,80,21
88,3|43,61|21,43|32,79|10,56|40,2|32,10|56,40|90,34|22,41|3,71|79,22|32,12|78,21|32,4|4,88|32,78|12,0|41,42|0,90/32,34=32,12,0,90,34
2,35|2,86|2,95|79,4|95,76|14,46|73,14|2,32|2,73|35,52|32,63|76,79|55,33|86,67|71,51|66,53|46,1|67,55|52,66|63,71/2,33=2,86,67,55,33
18,48|57,77|24,30|14,64|91,13|57,14|98,67|57,33|64,91|59,83|86,59|33,86|57,79|57,21|30,41|21,18|79,71|48,75|77,24|71,98/57,13=57,14,64,91,13
5,14|75,23|46,3|23,29|18,87|5,56|27,76|29,8|44,99|5,75|56,18|19,69|14,2|99,27|64,19|2,46|87,73|31,64|5,31|5,44/5,76=5,44,99,27,76
61,13|66,91|39,0|51,65|78,72|60,61|20,53|72,33|78,66|78,88|78,60|48,51|44,57|33,44|88,48|13,89|53,39|91,11|78,20|11,55/78,89=78,60,61,13,89
23,10|50,25|70,39|67,52|23,38|10,3|88,15|23,87|79,70|23,64|25,54|38,79|27,73|23,50|3,88|73,81|52,83|54,76|64,67|87,27/23,81=23,87,27,73,81
75,79|54,1|86,18|69,14|30,26|75,9|1,82|53,69|75,96|96,53|98,25|18,31|26,77|82,35|94,98|75,54|9,86|77,12|75,30|79,94/75,12=75,30,26,77,12
42,2|30,89|60,49|45,98|45,39|98,10|39,60|45,56|10,87|45,4|49,50|87,12|4,73|16,13|2,0|73,30|53,42|45,53|13,14|56,16/45,0=45,53,42,2,0
73,12|73,68|35,3|12,63|31,5|39,82|70,46|46,33|14,38|73,14|73,69|5,50|73,31|51,75|63,51|3,44|68,70|38,39|69,35|50,80/73,80=73,31,5,50,80
83,89|83,37|50,96|43,27|37,75|83,82|64,35|82,43|35,59|83,28|83,24|1,11|49,38|24,86|89,7|27,44|7,50|28,64|86,49|75,1/83,96=83,89,7,50,96
90,77|27,0|59,89|90,27|55,13|18,45|64,75|75,67|90,70|96,64|45,82|41,59|98,87|17,41|90,96|90,17|77,98|70,18|87,93|0,55/90,82=90,70,18,45,82
93,37|92,59|81,62|59,0|93,31|31,64|38,22|93,34|39,91|29,92|91,67|22,76|93,29|84,38|30,75|64,81|95,30|34,39|93,84|37,95/93,0=93,29,92,59,0
21,17|34,93|25,82|17,40|24,15|19,24|55,74|9,19|74,21|97,87|42,67|44,12|68,83|55,97|12,68|55,9|55,34|87,25|93,42|55,44/55,40=55,74,21,17,40
81,21|2,45|96,93|71,2|63,94|28,96|45,14|31,88|22,63|61,22|61,1|1,28|61,71|43,81|32,98|21,68|61,43|94,49|61,32|98,31/61,68=61,43,81,21,68
91,98|98,81|5,25|25,43|21,5|21,38|50,22|66,87|81,73|83,52|64,11|21,50|35,83|22,66|43,90|21,91|74,86|21,64|11,74|38,35/21,73=21,91,98,81,73
31,57|62,48|9,29|57,33|4,78|58,53|9,72|29,96|89,13|48,64|9,61|13,40|94,49|9,26|96,94|26,62|61,89|53,4|9,58|72,31/9,40=9,61,89,13,40
89,32|17,60|16,55|96,57|95,14|13,96|93,26|1,93|16,12|21,36|52,13|55,30|44,17|36,95|16,52|16,1|26,80|30,89|12,44|16,21/16,14=16,21,36,95,14
19,32|95,91|52,29|95,38|30,0|32,25|59,52|95,75|35,86|75,88|82,87|95,62|95,14|14,51|51,82|91,59|86,41|38,35|88,30|62,19/95,29=95,91,59,52,29
66,84|37,66|37,3|55,65|37,31|78,29|45,5|28,26|5,54|31,97|37,45|65,47|54,89|3,55|84,28|73,2|2,7|37,73|7,44|97,78/37,44=37,73,2,7,44
96,91|9,61|9,39|91,94|42,52|50,81|61,31|54,76|39,96|62,56|73,20|56,85|20,7|52,54|9,62|77,73|31,50|9,77|85,93|9,42/9,7=9,77,73,20,7
63,71|99,91|72,99|63,23|71,97|63,72|79,95|45,92|98,12|91,60|56,61|36,26|86,10|23,98|63,36|12,76|97,86|61,45|63,56|26,79/63,95=63,36,26,79,95
5,45|25,59|14,62|25,14|45,27|59,39|24,12|27,86|99,66|25,69|50,38|58,42|25,5|62,47|47,37|38,82|39,58|69,50|25,24|12,99/25,86=25,5,45,27,86
87,56|48,36|72,24|75,60|75,52|96,10|56,91|75,0|35,45|78,48|60,78|75,35|0,87|83,65|52,95|75,39|45,72|95,96|39,85|85,83/75,65=75,39,85,83,65
54,51|13,78|42,83|94,59|77,82|78,10|6,43|81,7|62,54|73,62|43,81|59,50|77,6|29,34|10,53|77,29|82,94|77,13|34,42|77,73/77,53=77,13,78,10,53
69,33|27,18|61,0|39,92|14,85|23,74|61,39|61,15|74,83|61,16|92,69|83,57|93,14|15,65|80,6|61,23|16,91|65,27|0,93|91,80/61,18=61,15,65,27,18
97,50|3,85|85,47|36,97|27,74|98,71|29,89|35,3|21,32|92,56|89,80|29,40|29,98|7,27|29,62|71,92|29,35|62,7|80,21|40,36/29,56=29,98,71,92,56
27,63|89,46|96,37|35,99|38,0|88,75|37,64|4,40|76,96|0,74|89,24|24,25|25,27|89,76|86,38|89,35|99,88|40,71|89,86|46,4/89,63=89,24,25,27,63
31,20|49,81|63,74|68,5|5,53|81,1|45,42|49,21|49,63|74,31|7,45|49,7|12,2|43,12|21,43|1,24|49,68|42,14|24,11|53,9/49,2=49,21,43,12,2
34,52|17,21|21,39|60,35|17,11|81,80|27,15|7,84|15,34|61,60|17,38|71,7|17,27|13,58|11,61|84,49|38,81|39,13|17,71|80,83/17,49=17,71,7,84,49
5,95|11,97|56,20|83,46|38,87|55,29|83,55|13,11|83,56|68,42|9,79|29,38|42,53|63,9|83,13|83,99|97,69|20,5|99,68|46,63/83,53=83,99,68,42,53
57,35|8,89|33,84|25,56|89,10|33,52|33,63|33,57|52,24|88,54|58,53|93,64|1,78|33,58|54,18|24,1|35,93|63,8|53,25|84,88/33,18=33,84,88,54,18
85,58|84,39|38,64|27,29|35,49|14,43|49,81|81,54|29,70|43,17|70,78|39,38|27,85|17,51|27,84|58,67|78,50|67,3|27,14|27,35/27,64=27,84,39,38,64
74,82|4,56|25,54|23,34|54,27|56,86|25,46|85,45|45,23|15,73|22,74|73,65|42,96|25,4|25,40|25,85|86,9|27,42|40,22|46,15/25,9=25,4,56,86,9
63,24|25,7|77,1|38,55|32,53|60,25|24,90|33,80|58,38|55,28|90,35|23,42|42,98|23,63|23,32|53,77|7,99|23,60|23,58|98,33/23,80=23,42,98,33,80
24,37|21,69|69,28|31,74|55,89|24,81|37,38|24,64|38,8|24,32|24,76|8,48|81,31|64,68|0,73|43,55|76,43|74,29|32,21|68,0/24,28=24,32,21,69,28
77,66|33,64|51,70|93,38|13,87|87,40|28,58|28,22|64,54|54,25|28,51|58,9|70,78|28,33|28,14|9,93|78,11|66,0|22,77|14,13/28,11=28,51,70,78,11
62,35|13,54|40,24|47,12|97,33|47,6|68,17|81,43|15,40|89,44|33,55|6,15|47,89|47,36|47,81|44,68|12,30|30,13|43,62|36,97/47,55=47,36,97,33,55
5,33|39,92|5,25|27,28|67,56|33,4|5,67|34,65|92,23|54,83|93,85|4,93|56,34|5,75|23,68|5,39|96,27|25,41|41,54|75,96/5,65=5,67,56,34,65
66,40|84,29|75,8|91,87|91,22|91,54|62,65|91,16|12,21|87,80|16,62|8,58|59,66|65,83|54,59|91,67|22,75|29,24|80,12|67,84/91,24=91,67,84,29,24
71,17|65,40|30,4|23,71|73,29|32,30|65,85|65,88|24,23|63,31|65,24|85,60|40,73|65,97|97,18|18,63|88,32|29,47|60,3|3,42/65,42=65,85,60,3,42
96,85|7,27|31,96|7,79|97,36|72,31|7,40|24,80|7,25|7,72|41,38|35,16|54,24|27,17|25,54|63,41|16,14|17,97|40,35|79,63/7,38=7,79,63,41,38
93,35|65,40|18,6|40,94|49,50|17,49|80,56|56,34|52,19|93,66|93,80|66,84|93,20|20,22|93,63|35,17|63,65|34,86|22,18|84,52/93,19=93,66,84,52,19
15,17|48,11|47,71|47,37|98,9|86,63|57,48|24,75|17,96|47,2|9,23|75,87|71,98|47,62|78,86|62,15|37,57|2,78|87,1|47,24/47,11=47,37,57,48,11
86,61|43,93|50,47|61,18|28,33|43,28|31,57|33,49|93,76|5,55|18,79|44,31|29,2|49,91|47,5|43,86|76,29|16,44|43,16|43,50/43,91=43,28,33,49,91
17,60|89,57|16,55|26,80|95,14|93,26|30,96|1,30|16,12|21,36|52,93|55,13|44,89|36,95|16,52|16,1|96,32|13,17|12,44|16,21/16,14=16,21,36,95,14
9,77|16,88|77,23|5,53|57,20|23,5|9,87|87,82|82,65|18,47|65,56|9,57|47,27|20,39|9,18|9,15|31,16|39,34|27,81|15,31/9,81=9,18,47,27,81
75,95|81,85|42,19|98,66|13,79|58,60|71,42|94,33|33,98|58,75|58,94|58,13|1,81|18,44|50,28|79,18|95,50|7,71|60,1|58,7/58,44=58,13,79,18,44
4,97|52,58|60,71|47,60|69,54|47,69|47,43|99,78|71,70|68,89|45,75|43,99|47,4|70,21|97,45|78,19|54,11|89,52|11,83|47,68/47,75=47,4,97,45,75
44,87|21,69|23,15|1,17|50,83|70,1|15,92|90,86|86,68|17,93|12,23|0,9|90,12|90,21|90,70|90,44|14,38|68,50|87,0|69,14/90,93=90,70,1,17,93
29,18|58,52|9,58|18,56|5,97|73,29|60,89|89,99|53,73|6,16|53,60|53,78|97,33|16,69|53,6|53,3|99,82|78,9|69,19|3,5/53,52=53,78,9,58,52
34,68|4,19|77,4|63,82|94,17|40,3|19,2|99,73|99,63|99,40|96,34|53,83|79,53|3,28|28,62|99,77|68,72|73,79|82,94|99,96/99,17=99,63,82,94,17
13,80|80,22|28,88|67,28|67,89|89,95|90,86|88,42|95,77|68,82|67,13|42,99|5,40|40,90|79,26|22,50|67,5|26,68|67,79|77,9/67,50=67,13,80,22,50
58,82|49,89|11,31|61,11|51,0|61,54|41,79|31,49|54,19|61,65|61,75|75,38|38,58|65,66|61,96|96,18|18,60|19,51|66,41|60,21/61,89=61,11,31,49,89
74,23|79,81|51,54|24,14|14,57|83,41|83,49|83,43|49,28|20,7|28,79|83,74|23,36|57,77|43,72|54,6|41,51|72,20|83,24|36,8/83,7=83,43,72,20,7
22,85|77,84|45,71|11,22|5,10|77,16|16,79|30,18|76,78|90,28|46,87|10,30|99,59|79,90|59,76|87,45|77,99|84,11|77,46|77,5/77,85=77,84,11,22,85
4,32|15,53|27,4|81,76|69,20|27,69|71,17|20,96|27,84|96,78|87,62|84,66|27,74|66,15|39,5|32,81|19,87|27,71|74,19|17,39/27,53=27,84,66,15,53
47,77|46,18|77,39|46,58|71,47|11,9|65,30|18,66|63,11|46,22|66,74|74,12|46,71|91,65|81,14|14,60|30,76|46,91|58,81|22,63/46,60=46,58,81,14,60
63,3|3,48|17,27|63,4|25,57|63,10|10,17|48,94|94,52|76,16|98,6|4,20|16,98|12,40|63,25|27,26|20,61|63,76|61,34|57,12/63,6=63,76,16,98,6
49,60|49,25|92,72|70,48|88,0|8,12|72,14|89,32|49,50|49,8|55,70|12,43|14,35|43,68|49,92|25,55|60,89|32,80|75,88|50,75/49,48=49,25,55,70,48
54,80|74,66|82,53|56,32|31,75|53,30|69,87|82,9|82,83|60,54|10,39|30,10|82,69|9,74|64,28|87,56|28,31|83,60|66,58|82,64/82,58=82,9,74,66,58
20,30|24,4|83,20|40,83|63,51|33,10|24,91|51,85|95,37|24,63|37,67|85,21|18,71|86,33|91,86|4,38|24,36|24,40|38,18|36,95/24,30=24,40,83,20,30
67,59|87,39|17,55|25,37|12,87|60,25|48,60|44,19|78,0|19,5|0,98|30,53|30,22|59,17|53,78|30,96|96,12|30,67|22,44|30,48/30,5=30,22,44,19,5
95,89|71,95|57,88|32,99|88,33|70,17|32,57|63,71|84,7|17,60|33,4|94,73|91,94|32,68|68,70|32,63|97,84|32,91|99,97|73,16/32,4=32,57,88,33,4
22,85|77,84|30,18|11,22|5,10|77,16|16,59|45,78|76,28|90,71|46,79|10,45|99,87|59,90|87,76|79,30|77,99|84,11|77,46|77,5/77,85=77,84,11,22,85
73,24|69,37|57,3|24,89|22,55|63,72|57,53|72,69|53,73|57,77|57,63|95,22|77,12|57,36|36,95|3,14|59,60|12,59|15,19|14,15/57,55=57,36,95,22,55
32,49|85,56|12,63|65,50|67,20|44,67|63,85|49,94|20,73|17,65|80,18|44,17|50,19|44,33|47,83|33,32|73,25|44,12|83,80|44,47/44,19=44,17,65,50,19
96,58|69,33|99,62|14,25|43,17|86,14|33,51|17,85|25,5|29,74|68,99|85,80|5,76|86,67|58,29|51,94|86,96|86,69|67,68|86,43/86,62=86,67,68,99,62
95,76|11,90|96,89|11,80|75,17|11,12|90,75|4,98|92,21|98,45|17,85|83,28|97,96|10,4|12,92|21,49|11,10|76,83|11,95|80,97/11,49=11,12,92,21,49
96,76|38,0|76,52|73,49|73,96|52,22|80,82|73,37|37,18|69,20|73,97|73,35|49,9|18,80|0,13|35,38|9,69|97,71|71,92|92,34/73,34=73,97,71,92,34
25,73|83,88|12,17|90,6|72,65|46,5|12,20|88,14|52,82|2,22|65,64|12,2|82,87|6,25|12,90|12,51|17,52|51,72|20,83|22,46/12,87=12,17,52,82,87
49,35|33,17|83,63|20,66|33,84|26,54|78,45|54,38|35,51|33,60|34,83|45,1|17,26|6,20|33,49|51,19|60,78|33,94|84,34|94,6/33,38=33,17,26,54,38
18,80|73,58|51,39|18,65|5,40|50,64|48,78|18,51|65,95|80,22|18,92|18,35|39,24|95,50|1,73|35,34|22,48|92,1|24,41|34,5/18,41=18,51,39,24,41
91,61|71,57|99,86|34,46|62,42|86,34|95,73|7,99|7,63|72,62|26,95|73,5|57,67|63,71|6,91|7,79|7,26|7,72|42,87|79,6/7,87=7,72,62,42,87
3,16|0,75|75,73|54,22|66,98|16,53|32,10|87,47|63,18|37,87|54,3|53,83|70,37|54,0|54,63|18,32|73,52|76,66|54,70|22,76/54,47=54,70,37,87,47
89,99|96,89|73,44|83,22|74,80|55,58|22,38|65,73|71,23|80,70|74,83|74,55|44,19|74,65|30,43|70,30|74,86|38,59|86,96|58,71/74,99=74,86,96,89,99
90,69|84,95|69,13|32,3|86,10|32,90|95,86|49,38|53,92|32,53|57,1|38,67|74,76|3,52|32,84|52,57|92,74|13,20|67,44|32,49/32,1=32,3,52,57,1
89,72|87,51|93,80|71,99|69,54|97,87|48,12|89,28|15,71|12,84|82,69|89,78|28,82|89,5|30,15|80,96|89,30|78,48|5,97|72,93/89,54=89,28,82,69,54
8,55|97,43|61,2|43,76|60,64|15,25|76,59|34,1|55,47|33,57|57,34|61,33|2,92|25,73|73,44|47,66|61,15|92,60|61,97|61,8/61,1=61,33,57,34,1
20,22|29,82|86,29|35,52|11,1|19,31|87,72|31,81|1,40|86,95|59,30|65,35|82,20|40,50|86,87|72,59|86,91|95,65|86,11|91,19/86,30=86,87,72,59,30
17,56|92,39|89,77|1,74|56,78|51,67|48,3|52,90|1,17|39,29|1,79|78,49|1,51|74,92|77,57|72,48|7,72|67,52|1,7|79,89/1,49=1,17,56,78,49
13,30|74,66|93,45|53,60|20,15|48,20|76,46|13,14|30,76|46,27|44,52|24,93|14,24|13,53|15,84|13,48|13,44|52,74|3,71|60,3/13,84=13,48,20,15,84
18,38|50,65|50,41|28,17|77,16|63,51|16,35|50,89|65,18|41,86|50,69|12,28|69,12|51,71|44,77|50,44|86,66|89,63|38,20|66,72/50,17=50,69,12,28,17
63,73|76,66|86,13|17,84|45,88|30,63|86,16|97,83|86,22|84,59|51,79|86,38|54,97|86,45|16,54|22,30|13,17|88,51|38,76|66,18/86,59=86,13,17,84,59
83,37|44,32|31,23|44,45|22,48|9,31|93,61|2,49|36,2|44,95|30,22|45,9|44,43|37,77|43,93|95,30|49,80|32,83|44,36|61,3/44,77=44,32,83,37,77
90,18|3,90|57,55|68,58|57,20|1,97|43,73|14,10|57,3|6,43|10,1|77,6|57,14|18,54|20,52|55,68|57,77|19,35|52,19|58,53/57,73=57,77,6,43,73
38,17|17,11|22,64|22,52|89,98|37,61|7,2|53,38|52,81|2,18|28,12|48,44|64,94|61,89|22,37|81,48|94,28|22,53|22,7|18,66/22,12=22,64,94,28,12
99,73|4,35|48,50|18,21|50,4|48,26|35,14|56,88|96,64|21,71|48,41|48,18|41,60|60,96|13,57|73,95|26,99|57,56|48,13|71,80/48,95=48,26,99,73,95
21,25|88,68|80,4|80,66|80,88|80,53|55,20|96,21|53,24|18,30|80,18|90,31|24,37|89,90|60,46|30,60|68,55|37,12|66,89|4,96/80,12=80,53,24,37,12
83,33|70,95|73,70|2,82|98,41|98,83|53,16|98,75|33,81|82,46|30,2|98,30|36,53|81,18|77,22|98,36|22,13|41,77|75,73|16,63/98,95=98,75,73,70,95
89,37|61,67|68,21|61,65|65,68|35,20|4,35|15,5|51,63|5,77|36,15|61,36|63,73|61,51|73,43|17,89|21,72|67,17|29,4|61,29/61,72=61,65,68,21,72
28,89|9,18|3,38|82,88|25,3|18,71|98,17|15,83|75,25|75,24|88,98|14,70|70,15|89,57|75,82|75,14|24,9|38,29|75,28|57,11/75,11=75,28,89,57,11
12,83|73,63|68,12|61,29|16,68|57,27|73,42|73,16|42,80|60,78|63,61|73,44|9,40|44,62|73,99|80,60|62,57|40,72|99,9|29,14/73,27=73,44,62,57,27
87,28|72,67|91,37|91,73|53,25|86,53|67,62|30,52|91,86|91,23|42,22|73,30|60,42|23,72|37,60|1,87|52,75|91,1|25,19|28,79/91,22=91,37,60,42,22
5,59|78,34|76,31|32,64|64,76|59,16|84,80|24,20|20,41|73,3|77,37|34,85|77,40|77,24|77,32|80,73|40,5|37,78|41,93|77,84/77,85=77,37,78,34,85
45,60|45,76|95,29|46,8|45,93|71,69|29,19|78,83|89,46|93,38|18,36|60,89|45,71|98,78|76,95|45,6|69,18|38,96|6,98|96,26/45,8=45,60,89,46,8
39,6|20,44|15,5|15,99|82,25|15,34|34,73|99,20|73,47|15,42|31,58|36,1|15,36|1,82|6,78|5,39|47,96|44,85|26,31|42,26/15,25=15,36,1,82,25
15,67|88,66|60,54|67,95|77,6|46,2|40,77|15,26|66,32|54,1|15,40|15,4|15,88|28,35|32,87|35,69|26,28|4,60|95,46|6,14/15,87=15,88,66,32,87
56,73|66,50|85,89|65,97|75,90|87,66|3,65|16,45|18,68|51,85|32,3|82,51|32,81|97,1|32,56|32,82|45,18|32,16|73,75|81,87/32,50=32,81,87,66,50
99,33|62,0|93,38|5,62|72,99|72,29|61,93|72,48|29,28|48,61|70,91|59,5|33,90|71,73|72,59|28,71|60,19|91,60|90,41|72,70/72,0=72,59,5,62,0
61,74|61,84|9,55|36,76|8,58|1,18|83,63|84,92|3,8|89,77|14,59|61,83|92,14|24,3|61,24|74,36|76,68|55,89|61,9|63,1/61,68=61,74,36,76,68
61,74|61,84|9,92|36,76|1,77|8,58|83,55|84,63|3,1|14,59|89,18|61,83|63,89|24,3|61,24|74,36|76,68|92,14|61,9|55,8/61,68=61,74,36,76,68
96,4|2,53|4,51|96,94|94,57|96,61|77,40|59,45|21,18|18,7|96,23|51,77|61,1|96,78|1,55|55,31|57,2|78,21|23,59|45,84/96,31=96,61,1,55,31
22,26|98,44|44,40|22,13|51,31|65,48|95,67|31,95|48,61|82,70|22,65|74,82|71,28|36,71|13,98|22,51|26,74|22,69|69,36|61,4/22,28=22,69,36,71,28
76,84|94,40|22,77|58,32|66,65|40,61|30,16|65,81|30,76|30,66|30,58|81,46|90,37|84,90|32,72|12,4|16,94|72,55|4,22|30,12/30,37=30,76,84,90,37
66,48|29,49|41,68|64,27|27,41|60,98|64,91|4,43|59,84|68,17|64,60|22,59|49,4|48,34|98,19|64,29|64,22|19,3|84,80|91,66/64,3=64,60,98,19,3
24,66|16,33|83,57|8,58|66,11|83,8|57,4|71,32|85,16|83,85|33,15|5,0|63,22|4,93|93,35|87,24|83,87|58,71|0,63|83,5/83,22=83,5,0,63,22
85,26|38,14|80,24|24,96|38,85|28,69|29,56|97,80|38,20|26,21|56,28|21,81|33,0|38,29|0,83|20,33|14,87|8,3|87,8|38,97/38,96=38,97,80,24,96
54,50|2,84|54,40|14,93|50,61|59,58|19,10|10,42|9,59|84,14|54,57|54,19|0,80|61,96|54,2|40,0|42,92|96,68|80,22|57,9/54,58=54,57,9,59,58
21,40|30,68|46,59|58,14|84,4|73,56|43,75|75,39|39,7|7,60|43,21|79,73|43,77|43,58|14,84|68,46|43,30|13,64|77,79|40,13/43,56=43,77,79,73,56
1,34|26,32|17,1|43,93|98,47|34,59|23,43|32,0|7,67|76,97|96,60|26,98|0,76|11,23|26,11|26,29|47,7|56,96|29,56|26,17/26,97=26,32,0,76,97
43,12|3,43|31,56|61,54|85,17|17,69|85,3|12,34|82,49|85,82|69,48|49,31|54,33|33,95|85,61|2,93|48,74|26,2|5,26|85,5/85,93=85,5,26,2,93
66,13|73,81|13,44|39,65|65,86|2,73|16,66|86,22|68,16|68,78|17,18|68,2|91,63|98,17|81,84|78,98|89,91|68,89|68,39|63,46/68,84=68,2,73,81,84
58,32|86,56|15,58|93,84|93,48|51,36|48,86|91,90|93,11|13,45|56,19|11,15|65,51|96,75|84,65|93,13|93,49|90,10|49,91|45,96/93,10=93,49,91,90,10
65,31|32,30|32,12|23,79|13,61|54,5|9,85|61,84|32,65|12,20|84,40|32,13|31,86|57,9|30,21|21,23|20,54|86,50|32,57|85,67/32,50=32,65,31,86,50
99,14|64,49|18,63|14,85|43,92|38,8|49,18|40,12|40,68|40,24|25,62|68,99|12,9|40,52|62,35|40,64|52,83|83,43|9,38|24,25/40,92=40,52,83,43,92
24,56|25,60|24,10|24,62|47,87|62,70|24,32|24,78|87,66|10,52|27,54|15,12|54,63|32,27|70,25|56,47|3,2|20,3|78,20|52,15/24,63=24,32,27,54,63
17,7|52,71|26,44|10,14|14,17|10,95|19,88|64,4|37,33|10,26|71,37|4,72|76,19|10,52|7,8|10,81|44,65|65,11|81,64|95,76/10,72=10,81,64,4,72
78,72|65,2|92,88|2,97|60,36|63,92|36,78|93,50|53,63|91,34|72,5|60,12|28,65|34,87|12,91|7,44|60,7|60,28|44,93|60,53/60,50=60,7,44,93,50
8,61|48,14|32,45|34,41|14,19|45,23|5,8|52,86|52,32|59,34|81,69|55,5|52,94|92,48|23,72|52,55|52,92|69,13|94,59|86,81/52,13=52,86,81,69,13
46,67|46,32|80,58|32,54|54,24|24,64|81,7|67,81|46,12|29,80|8,16|62,95|88,29|12,62|46,88|7,48|46,13|16,92|95,5|13,8/46,92=46,13,8,16,92
29,80|73,30|85,97|41,11|65,90|78,82|11,5|29,87|90,78|97,34|49,70|87,41|29,13|31,49|29,44|29,65|44,73|80,85|13,31|30,68/29,68=29,44,73,30,68
6,80|28,21|6,34|72,76|80,2|17,20|86,28|76,8|6,42|57,17|54,12|12,33|21,43|45,68|61,72|6,61|6,86|2,45|34,57|42,54/6,20=6,34,57,17,20
15,98|15,62|90,55|15,85|70,28|4,99|98,27|23,81|24,84|91,70|84,4|62,91|15,24|61,72|81,61|67,34|85,48|27,67|48,90|15,23/15,99=15,24,84,4,99
67,89|56,95|68,64|45,31|67,56|44,1|67,21|66,25|67,44|89,58|21,10|65,22|55,45|58,79|59,55|10,66|95,68|1,65|67,59|79,94/67,64=67,56,95,68,64
6,38|21,60|27,50|6,92|31,45|66,57|0,53|6,48|57,63|46,27|63,3|6,0|53,33|33,51|48,46|6,66|54,21|92,64|64,31|38,54/6,3=6,66,57,63,3
83,70|2,69|98,36|6,83|36,50|66,91|69,28|38,21|70,24|38,6|38,26|21,98|26,2|27,10|38,80|91,82|80,63|19,66|63,27|38,19/38,24=38,6,83,70,24
2,45|32,18|96,14|64,12|96,89|99,64|7,81|17,99|96,27|89,32|84,49|45,84|18,36|96,17|96,2|14,97|97,7|43,23|80,43|27,80/96,81=96,14,97,7,81
40,35|65,4|18,79|99,18|63,34|26,80|80,70|4,50|20,41|41,19|48,65|40,39|82,55|40,99|79,12|40,48|40,63|34,82|35,26|39,20/40,70=40,35,26,80,70
74,61|1,60|57,46|63,67|51,1|17,74|91,2|20,57|14,63|2,84|27,20|39,17|51,39|51,88|59,91|51,27|51,59|88,14|3,54|60,3/51,67=51,88,14,63,67
56,19|67,94|10,81|90,20|24,29|41,86|81,36|56,97|56,34|6,24|18,41|97,38|38,67|56,33|34,10|58,90|33,6|2,18|56,2|19,58/56,20=56,19,58,90,20
87,41|21,76|4,38|79,1|24,79|45,10|27,48|36,74|36,55|97,28|3,24|55,21|36,3|36,45|75,27|10,97|74,75|41,4|36,87|76,40/36,48=36,74,75,27,48
44,97|50,99|57,46|46,31|94,93|31,53|25,1|44,71|24,5|44,18|63,25|83,50|18,22|44,57|71,94|97,83|92,63|44,92|22,24|93,0/44,5=44,18,22,24,5
22,61|56,32|90,28|16,27|32,20|22,71|71,25|74,58|20,63|58,33|22,69|11,10|22,56|25,11|22,16|60,90|27,0|0,78|61,60|69,74/22,63=22,56,32,20,63
88,18|89,19|60,95|9,2|88,6|95,9|18,51|62,93|40,62|6,86|88,64|88,40|64,89|88,60|93,59|19,50|43,44|51,43|31,46|86,31/88,2=88,60,95,9,2
80,8|25,71|56,89|80,27|80,55|61,96|52,37|96,51|49,92|95,54|80,60|0,52|55,0|27,56|71,49|80,25|60,61|18,95|89,19|8,18/80,19=80,27,56,89,19
30,17|85,14|52,75|85,38|75,7|40,11|85,74|64,93|85,53|57,48|74,57|14,52|38,30|17,34|48,37|85,26|93,8|53,40|11,77|26,64/85,34=85,38,30,17,34
54,12|3,54|48,95|61,69|85,17|17,43|85,3|12,74|82,49|85,82|43,31|49,48|69,33|33,34|85,61|2,93|31,56|26,2|5,26|85,5/85,93=85,5,26,2,93
67,48|70,53|21,56|88,67|71,70|55,80|48,17|82,63|53,92|21,15|80,18|21,82|21,88|54,25|10,47|21,71|56,55|15,10|47,73|63,54/21,73=21,15,10,47,73
90,97|54,32|55,14|16,83|97,1|83,31|68,16|49,90|61,44|55,68|14,61|55,80|60,54|80,88|44,45|69,62|55,17|88,69|55,49|17,60/55,62=55,80,88,69,62
37,73|73,24|19,61|64,5|18,19|18,7|17,37|99,43|18,50|30,21|18,86|93,64|47,83|7,93|21,40|50,10|18,17|10,99|61,47|86,30/18,40=18,86,30,21,40
88,76|9,44|52,28|91,54|9,99|9,85|9,78|44,52|54,14|85,18|99,3|9,50|64,55|78,74|18,88|79,26|50,91|28,7|3,64|74,79/9,76=9,85,18,88,76
66,40|7,77|45,10|34,28|23,19|40,97|6,23|45,66|10,54|97,16|54,81|45,34|72,12|28,7|67,90|19,96|90,72|45,6|45,67|81,82/45,77=45,34,28,7,77
91,97|13,89|14,20|20,1|61,18|58,61|14,91|14,36|32,31|14,94|43,82|64,16|31,64|97,13|14,32|23,39|94,58|1,43|5,23|36,5/14,89=14,91,97,13,89
20,12|44,77|9,20|47,32|76,44|25,81|11,76|88,9|78,47|60,91|7,60|32,5|88,25|88,11|88,7|56,38|91,29|12,36|81,56|88,78/88,29=88,7,60,91,29
47,57|76,16|76,96|76,47|1,69|35,7|96,35|87,26|26,36|48,67|21,87|7,18|6,14|91,1|57,6|67,40|76,21|76,48|40,38|16,91/76,18=76,96,35,7,18
23,55|59,75|97,23|38,43|50,69|55,66|75,13|87,38|17,50|36,9|41,3|45,36|17,89|43,10|17,87|53,45|17,53|17,97|89,59|69,41/17,10=17,87,38,43,10
74,71|74,46|83,79|71,36|13,98|88,18|36,87|1,88|98,2|42,65|31,42|46,13|79,30|65,8|74,1|9,83|87,85|74,9|18,93|74,31/74,85=74,71,36,87,85
55,85|86,2|45,88|53,73|73,10|28,4|77,44|55,86|37,54|88,37|30,28|99,30|17,53|44,23|55,45|55,17|2,19|19,38|55,99|85,77/55,10=55,17,53,73,10
42,2|13,14|73,87|45,98|45,39|98,60|39,73|45,56|60,49|45,4|87,89|49,50|4,10|16,30|2,0|10,13|53,42|45,53|30,12|56,16/45,0=45,53,42,2,0
20,60|16,82|45,78|75,86|16,64|16,23|60,62|91,15|72,91|64,54|39,28|88,68|16,77|28,45|68,93|54,75|23,72|77,88|82,20|16,39/16,15=16,23,72,91,15
69,64|98,22|84,32|65,58|14,68|3,52|52,72|42,65|29,45|32,98|84,3|72,37|58,49|84,82|22,8|84,69|82,88|64,29|84,42|88,14/84,37=84,3,52,72,37
86,23|31,47|50,16|95,68|91,31|62,95|60,62|8,33|60,8|60,86|2,91|23,6|61,50|33,82|3,61|60,3|82,52|68,18|60,2|6,55/60,47=60,2,91,31,47
81,15|27,34|90,12|52,53|38,40|15,31|25,52|25,92|51,96|32,95|25,32|96,55|25,51|92,39|55,0|25,81|53,27|95,90|31,50|39,38/25,12=25,32,95,90,12
96,65|87,96|86,19|28,11|48,22|73,28|11,68|87,85|91,43|87,56|89,35|87,14|85,86|19,27|53,89|14,53|56,25|87,73|25,48|65,91/87,27=87,85,86,19,27
17,16|54,38|41,75|16,69|96,76|50,94|50,96|50,41|81,14|37,97|18,54|97,7|43,17|7,52|94,18|93,70|50,37|50,43|75,81|76,93/50,52=50,37,97,7,52
39,22|5,72|7,73|52,94|94,25|93,50|52,8|22,53|67,51|52,39|52,7|73,93|14,96|18,31|8,5|72,64|51,14|25,18|53,78|52,67/52,31=52,94,25,18,31
38,2|57,44|87,28|89,1|56,84|57,87|57,16|57,41|57,38|44,56|65,98|19,32|84,70|41,65|28,5|1,17|2,19|5,81|16,89|98,79/57,17=57,16,89,1,17
96,0|35,59|40,83|40,96|94,17|83,75|75,49|71,35|54,94|33,71|28,67|73,61|53,73|0,28|49,56|40,23|48,54|40,48|23,53|40,33/40,67=40,96,0,28,67
67,4|66,48|66,64|17,11|66,13|13,17|61,67|5,96|32,61|60,76|86,60|56,93|87,86|11,36|96,69|48,5|66,32|66,87|93,7|64,56/66,4=66,32,61,67,4
71,84|88,1|59,99|49,87|87,62|13,78|73,53|99,39|49,77|66,59|49,13|77,25|79,71|49,66|49,95|95,79|36,14|25,36|78,73|62,88/49,84=49,95,79,71,84
66,95|30,49|96,51|6,55|99,61|49,1|66,96|66,6|71,58|55,99|58,67|37,30|66,74|51,44|44,78|74,34|77,92|95,71|66,37|34,77/66,67=66,95,71,58,67
72,8|68,3|98,12|95,49|48,68|12,85|9,63|24,95|85,89|18,78|63,24|9,6|99,56|9,48|9,99|3,34|78,52|56,72|6,18|9,98/9,34=9,48,68,3,34
18,69|72,75|69,67|63,72|63,85|85,23|63,76|48,38|38,50|76,48|59,45|63,94|53,3|63,18|67,10|94,53|3,92|23,21|75,59|21,52/63,45=63,72,75,59,45
42,33|78,89|33,18|47,62|32,42|86,74|15,86|14,24|47,14|89,17|74,63|62,78|19,70|70,80|47,19|47,32|55,50|80,52|24,55|47,15/47,63=47,15,86,74,63
52,1|13,97|13,41|56,93|6,14|3,68|68,60|79,22|4,63|13,52|13,98|98,6|14,24|1,4|13,23|41,3|93,49|22,25|23,79|97,56/13,49=13,97,56,93,49
58,53|42,40|67,58|53,86|86,6|49,95|99,31|26,22|67,14|14,38|67,99|67,44|67,49|77,9|31,41|95,77|41,33|18,26|44,18|38,42/67,22=67,44,18,26,22
66,37|66,57|66,47|37,70|18,11|58,18|78,33|87,23|66,0|66,74|56,9|57,58|74,48|9,50|16,76|47,87|48,78|23,99|0,56|70,16/66,11=66,57,58,18,11
54,71|81,7|87,54|70,49|87,11|86,99|99,69|40,68|87,40|11,0|87,22|87,81|16,66|72,36|7,72|15,8|71,15|68,70|22,86|0,16/87,49=87,40,68,70,49
75,48|18,73|29,19|36,15|99,92|82,87|81,90|87,70|73,99|19,75|20,81|44,69|15,44|70,1|18,29|18,82|18,53|53,20|18,36|92,83/18,48=18,29,19,75,48
12,16|46,93|5,72|72,64|96,75|89,9|6,89|31,42|31,62|62,99|31,38|31,56|16,58|56,5|93,19|42,12|9,52|38,46|31,6|99,96/31,58=31,42,12,16,58
37,95|27,82|41,14|57,42|14,57|46,92|46,79|83,80|46,63|92,83|46,41|63,15|46,60|80,71|95,25|98,74|60,37|79,56|15,98|56,27/46,82=46,79,56,27,82
52,80|45,60|83,14|62,77|71,39|62,52|57,83|40,68|67,63|80,45|59,67|62,57|77,59|14,21|32,23|68,71|62,40|23,43|99,32|62,99/62,60=62,52,80,45,60
30,85|47,46|86,26|14,13|4,59|95,24|0,2|2,99|5,0|24,10|58,6|13,47|95,5|10,58|95,14|26,4|60,30|95,86|79,60|95,79/95,6=95,24,10,58,6
62,87|45,90|83,81|46,60|17,43|60,68|81,7|62,63|68,72|62,89|93,45|63,93|92,5|73,17|62,73|89,83|62,46|87,96|43,54|96,92/62,90=62,63,93,45,90
96,80|34,92|99,67|76,95|34,60|80,2|31,38|95,5|34,68|92,76|60,8|51,31|58,94|2,56|68,28|8,99|34,96|34,51|28,58|38,41/34,5=34,92,76,95,5
82,88|49,35|13,41|5,96|72,79|88,38|13,5|13,36|45,72|13,78|79,33|96,67|41,82|67,26|84,49|92,63|13,45|36,84|78,92|63,58/13,38=13,41,82,88,38
96,60|73,96|60,46|73,98|32,17|34,42|88,39|92,32|42,47|73,91|91,92|46,29|74,8|94,24|73,74|47,50|73,34|8,88|98,94|24,43/73,17=73,91,92,32,17
74,16|66,36|10,79|11,75|66,74|76,51|79,57|66,32|51,39|64,11|31,56|73,31|16,23|30,64|66,45|66,30|32,73|36,10|23,70|45,76/66,75=66,30,64,11,75
68,36|48,80|87,91|99,85|77,84|91,66|48,59|59,65|48,90|48,68|65,43|43,23|4,77|8,4|36,99|48,8|80,86|86,78|90,87|78,19/48,19=48,80,86,78,19
32,33|62,44|21,30|66,14|22,95|19,83|4,45|46,81|83,66|46,10|46,86|15,32|46,22|10,57|57,62|86,15|46,19|81,21|30,28|95,4/46,45=46,22,95,4,45
16,19|98,93|27,24|16,79|16,53|16,90|93,39|49,69|24,0|79,38|70,77|19,98|96,70|69,61|38,51|90,96|61,18|16,49|51,76|53,27/16,77=16,90,96,70,77
32,55|77,62|50,10|41,72|74,1|72,83|37,46|84,57|57,38|8,99|46,27|27,31|55,41|32,77|32,37|87,84|32,8|99,50|62,74|32,87/32,38=32,87,84,57,38
71,0|39,8|40,87|51,49|44,39|72,58|8,85|76,51|79,16|44,71|16,11|58,63|85,33|44,5|5,76|11,57|0,40|22,72|44,79|44,22/44,63=44,22,72,58,63
55,74|42,56|59,64|72,46|97,55|41,15|64,54|42,97|53,72|74,21|42,41|4,59|45,63|88,57|42,53|42,4|15,88|98,45|56,98|46,95/42,63=42,56,98,45,63
73,37|98,87|98,14|14,79|37,77|79,44|98,9|87,76|22,93|44,94|98,6|28,22|5,27|6,5|9,73|93,96|24,71|27,31|98,28|76,24/98,94=98,14,79,44,94
57,8|53,25|33,84|93,10|25,78|33,52|33,63|33,57|52,24|88,54|58,35|1,64|89,56|33,58|54,18|24,89|8,1|63,53|35,93|84,88/33,18=33,84,88,54,18
10,7|47,24|10,39|96,25|10,89|7,41|0,29|73,50|25,47|62,75|75,58|41,73|13,69|56,13|10,96|10,1|84,0|39,62|1,56|89,84/10,50=10,7,41,73,50
40,79|17,85|92,84|63,36|92,17|70,74|64,98|92,90|98,12|46,64|8,9|84,26|81,70|85,40|92,54|90,81|26,8|54,71|92,46|71,63/92,74=92,90,81,70,74
79,59|17,62|48,80|68,20|91,68|76,79|49,47|80,41|48,2|92,33|48,8|41,49|8,10|48,76|10,17|59,78|77,92|94,91|48,94|2,77/48,47=48,80,41,49,47
82,74|54,37|84,73|98,83|6,93|69,6|60,82|69,86|5,32|86,89|48,60|97,5|89,12|93,98|69,54|69,48|69,71|71,97|37,84|12,39/69,73=69,54,37,84,73
6,63|55,10|63,92|6,54|12,27|30,98|10,26|54,95|40,30|87,31|43,84|93,96|26,57|6,93|92,87|6,40|96,43|6,55|95,12|98,50/6,31=6,63,92,87,31
31,48|87,31|83,12|5,75|35,11|92,55|86,5|83,73|73,35|18,47|12,10|32,92|53,32|83,79|83,53|83,33|11,41|33,86|79,87|10,18/83,55=83,53,32,92,55
64,70|70,17|44,38|10,13|38,45|98,35|10,98|33,64|80,44|10,47|13,86|47,94|88,60|35,12|10,80|12,30|94,58|86,88|58,57|10,33/10,17=10,33,64,70,17
46,78|78,84|54,86|25,0|56,53|87,22|25,77|40,64|86,44|76,51|22,34|25,54|51,40|4,56|36,46|25,36|77,87|25,76|0,4|44,62/25,53=25,0,4,56,53
70,51|80,16|52,12|94,8|94,82|12,3|40,62|10,40|64,46|69,70|51,27|16,42|18,10|94,52|8,80|82,36|3,54|94,69|94,18|36,64/94,42=94,8,80,16,42
74,60|75,26|37,78|74,9|74,37|60,75|31,66|7,79|74,88|66,50|78,19|88,35|26,49|25,31|9,53|35,7|6,42|19,89|74,25|53,6/74,42=74,9,53,6,42
35,58|32,25|14,39|13,14|70,50|48,52|82,2|90,42|13,82|52,66|1,0|39,64|64,47|13,48|0,70|25,35|66,28|13,32|2,90|13,1/13,58=13,32,25,35,58
33,18|25,23|23,3|3,7|98,33|43,34|5,54|47,38|17,63|25,68|82,43|7,10|94,5|38,17|77,94|25,77|18,6|25,98|68,82|25,47/25,6=25,98,33,18,6
11,94|41,64|38,60|49,99|71,11|60,45|51,44|22,31|97,38|71,70|94,13|44,75|71,41|71,97|64,22|84,49|75,16|70,84|71,51|13,32/71,16=71,51,44,75,16
51,66|28,76|11,63|51,87|45,13|63,28|85,59|13,75|51,86|42,52|87,48|90,50|50,95|51,45|79,42|51,11|75,26|66,79|86,90|48,85/51,95=51,86,90,50,95
89,82|25,13|13,27|1,30|21,79|20,49|7,9|89,80|68,97|79,68|90,20|98,40|89,19|89,98|80,90|82,25|26,1|89,21|40,7|19,26/89,9=89,98,40,7,9
96,67|55,56|33,17|79,55|43,57|30,23|73,41|23,32|32,13|26,43|41,77|33,26|57,2|33,79|17,31|31,96|33,73|33,30|77,92|56,68/33,92=33,73,41,77,92
45,23|34,12|71,65|23,82|70,91|74,66|12,2|2,51|63,46|71,4|71,7|71,34|58,70|71,58|46,26|7,45|4,63|32,74|91,95|65,32/71,82=71,7,45,23,82
40,13|82,23|17,71|79,36|82,3|82,17|3,20|84,59|13,94|53,26|82,40|20,53|94,60|87,4|22,90|82,84|59,79|71,87|23,57|57,22/82,26=82,3,20,53,26
74,70|29,2|35,30|74,26|15,58|73,39|2,71|33,25|56,47|26,86|51,35|39,16|74,29|86,15|16,57|74,73|25,56|74,33|71,64|70,51/74,57=74,73,39,16,57
69,57|27,18|61,0|39,93|14,33|23,92|61,39|61,15|92,80|61,16|93,69|80,6|74,14|15,65|83,85|61,23|16,91|65,27|0,74|91,83/61,18=61,15,65,27,18
14,43|31,14|4,48|30,51|41,95|51,1|44,83|30,41|30,4|70,76|95,61|59,97|30,70|48,44|94,53|61,50|43,90|76,94|30,31|1,59/30,90=30,31,14,43,90
34,71|71,50|34,63|34,9|34,56|45,77|80,90|26,52|66,61|53,78|52,58|78,23|58,29|56,48|48,45|81,80|34,26|50,66|9,53|63,81/34,90=34,63,81,80,90
91,16|32,90|43,40|55,93|83,87|91,32|80,6|18,55|16,26|90,63|91,58|63,47|8,83|26,43|91,18|25,80|87,54|93,65|91,8|58,25/91,65=91,18,55,93,65
2,67|94,60|9,79|56,9|50,56|20,42|94,50|94,55|21,58|41,23|94,65|60,71|45,90|90,21|71,2|42,93|94,45|55,20|13,41|65,13/94,67=94,60,71,2,67
81,48|49,0|31,75|49,31|49,5|51,58|78,88|49,30|88,64|30,50|5,81|64,67|50,44|35,40|17,51|0,17|48,23|44,94|49,78|75,35/49,94=49,30,50,44,94
3,45|15,93|73,83|25,6|74,15|42,41|36,42|56,49|51,73|51,1|1,25|39,56|6,29|83,3|49,12|93,97|51,74|51,13|13,36|51,39/51,12=51,39,56,49,12
5,22|61,47|80,48|5,8|70,52|83,35|39,80|10,59|5,32|22,7|32,69|90,83|7,76|89,39|69,70|59,61|76,91|5,89|5,10|8,90/5,35=5,8,90,83,35
89,98|20,62|78,89|20,9|48,1|86,7|26,37|20,24|55,80|20,55|60,86|45,96|20,59|23,45|24,60|62,48|80,26|59,78|1,87|9,23/20,37=20,55,80,26,37
29,94|23,44|96,11|66,29|11,23|44,20|91,87|36,69|96,15|15,33|13,36|24,13|96,91|94,82|96,66|87,70|70,42|33,41|96,24|41,53/96,82=96,66,29,94,82
37,91|1,6|95,1|38,25|96,60|37,94|97,65|37,34|37,38|25,96|86,31|31,81|94,78|34,97|91,86|65,7|37,88|78,67|67,55|88,95/37,6=37,88,95,1,6
47,34|40,21|92,33|40,19|18,89|40,30|27,47|21,27|40,65|13,79|96,92|19,96|40,13|79,60|60,93|20,83|63,20|65,18|30,63|89,53/40,83=40,30,63,20,83
16,98|54,30|80,7|3,54|4,47|4,91|4,80|91,87|87,10|30,15|20,22|47,16|7,20|98,25|4,19|10,60|66,51|48,66|19,48|4,3/4,60=4,91,87,10,60
82,47|85,41|50,99|9,53|51,18|52,51|41,92|82,89|82,35|47,97|43,50|82,65|89,85|37,0|82,9|97,37|5,24|53,5|65,52|35,43/82,0=82,47,97,37,0
49,84|0,18|22,49|26,20|93,26|86,60|22,35|22,86|47,43|60,47|22,0|22,12|18,31|12,77|95,78|84,55|55,58|35,93|77,95|31,45/22,20=22,35,93,26,20
51,37|38,34|47,45|38,47|30,40|41,89|40,29|38,99|6,2|38,72|94,6|37,11|39,85|34,51|38,94|45,41|99,39|72,30|85,46|2,61/38,61=38,94,6,2,61
82,62|59,23|36,43|62,37|23,84|82,20|65,0|9,56|37,65|79,45|75,9|82,59|82,75|56,15|73,36|45,76|82,4|4,79|84,68|20,73/82,43=82,20,73,36,43
36,54|21,97|96,90|65,12|49,66|62,17|54,13|1,65|66,21|29,88|88,43|29,92|29,28|46,36|29,49|92,96|29,46|43,62|28,1|90,39/29,39=29,92,96,90,39
61,64|55,75|58,82|61,53|75,96|64,92|80,97|47,58|61,47|49,80|92,76|82,37|53,62|62,41|61,11|61,49|11,55|41,77|76,85|97,13/61,96=61,11,55,75,96
87,12|39,16|2,23|76,39|73,81|91,76|34,87|3,89|19,54|89,10|12,82|46,3|23,19|46,34|46,73|20,14|81,20|46,91|10,93|46,2/46,16=46,91,76,39,16
41,20|23,41|23,75|91,37|23,92|23,32|3,17|17,9|23,36|30,66|45,83|36,42|32,91|21,65|37,27|92,51|20,30|75,3|42,45|51,21/23,9=23,75,3,17,9
99,76|18,99|3,46|3,57|75,78|47,18|3,96|46,39|3,47|29,26|96,58|20,81|56,88|58,29|88,60|81,84|57,56|3,41|41,20|39,75/3,78=3,46,39,75,78
98,21|21,99|50,88|91,8|52,91|71,48|39,52|69,79|65,50|88,28|8,96|39,19|44,56|39,63|39,44|56,71|94,69|19,94|63,98|39,65/39,79=39,19,94,69,79
39,89|4,66|1,56|66,24|39,95|95,61|93,10|61,87|39,96|96,1|11,82|18,11|39,84|10,40|84,4|87,58|56,83|89,18|0,93|39,0/39,82=39,89,18,11,82
34,29|69,54|86,45|34,51|29,77|51,56|2,67|48,79|61,78|56,48|60,62|8,31|78,60|77,69|34,61|3,2|45,8|67,57|34,86|34,3/34,31=34,86,45,8,31
90,71|73,26|80,29|90,37|51,63|37,55|90,5|71,80|91,30|89,45|90,89|14,32|32,48|20,14|55,91|29,58|5,65|45,73|90,20|65,51/90,63=90,5,65,51,63
88,76|9,44|91,64|74,79|9,99|9,85|9,78|44,91|79,14|85,18|99,3|9,50|54,7|78,52|18,88|28,55|50,74|64,26|3,54|52,28/9,76=9,85,18,88,76
81,87|66,34|32,93|66,36|66,12|96,15|8,96|28,8|12,95|87,92|6,52|22,84|34,81|64,22|48,32|66,28|93,43|66,48|95,6|36,64/66,92=66,34,81,87,92
14,41|54,50|41,11|45,85|99,45|93,7|85,98|43,93|43,21|7,13|43,99|91,97|13,31|3,14|76,88|43,54|50,91|21,76|88,92|43,3/43,97=43,54,50,91,97
33,41|38,44|36,2|46,3|46,27|27,84|44,30|3,33|37,36|84,14|41,1|60,48|71,60|46,95|46,47|47,37|48,28|95,38|46,71|14,12/46,12=46,27,84,14,12
42,14|49,81|63,1|68,74|74,53|81,5|45,31|49,21|49,63|1,42|7,45|49,7|12,2|43,12|21,43|5,24|49,68|31,9|24,20|53,11/49,2=49,21,43,12,2
66,46|64,99|13,63|9,14|95,98|14,84|99,16|66,32|32,9|66,13|60,83|63,57|66,64|66,69|69,60|57,85|98,24|16,2|83,30|46,95/66,24=66,46,95,98,24
55,79|74,60|1,65|74,22|0,95|74,1|4,92|65,4|74,49|74,71|71,45|45,35|49,14|60,40|35,18|14,55|41,72|72,68|40,0|22,41/74,68=74,22,41,72,68
80,83|17,21|21,15|60,52|17,11|81,34|27,61|7,84|61,80|39,60|17,38|71,7|17,27|13,35|11,39|84,49|38,81|15,13|17,71|34,58/17,49=17,71,7,84,49
96,16|91,9|91,96|91,59|72,33|91,72|76,31|33,86|59,3|16,85|9,46|99,21|3,55|82,95|85,89|86,13|21,76|46,82|91,99|55,42/91,95=91,9,46,82,95
55,79|0,3|2,70|4,67|93,5|18,74|18,55|14,2|5,24|24,34|31,56|83,31|13,14|76,68|18,93|18,0|3,4|18,13|79,76|74,83/18,70=18,13,14,2,70
61,65|58,86|6,70|6,24|65,67|26,61|24,58|6,42|52,68|38,2|86,62|36,0|70,49|11,16|6,26|6,11|42,17|49,38|17,36|16,52/6,2=6,70,49,38,2
24,64|16,75|86,44|83,24|35,72|86,91|5,83|72,32|91,35|51,57|31,51|86,5|86,89|28,16|89,11|44,31|86,28|21,30|11,21|75,40/86,32=86,91,35,72,32
39,71|81,70|84,17|65,84|0,85|70,56|78,1|17,0|21,39|65,80|71,90|16,83|50,73|83,78|65,16|80,81|65,21|65,50|73,24|24,66/65,66=65,50,73,24,66
21,96|16,44|25,40|52,8|88,52|86,10|8,92|72,21|13,45|43,86|43,89|6,25|43,69|43,88|69,6|10,13|43,16|7,5|89,72|44,7/43,40=43,69,6,25,40
80,85|27,18|61,0|39,93|83,57|23,74|61,39|61,15|74,14|61,16|93,80|14,6|91,83|15,65|69,33|61,23|16,92|65,27|0,91|92,69/61,18=61,15,65,27,18
49,40|1,95|55,4|51,85|79,55|45,79|40,1|14,45|14,49|22,51|99,22|33,93|14,29|14,99|93,26|29,39|30,46|14,33|26,12|39,30/14,12=14,33,93,26,12
89,58|66,18|22,82|29,88|56,66|18,51|89,97|15,61|27,29|61,75|89,24|78,49|64,78|42,27|24,64|89,56|58,74|74,22|89,42|97,15/89,49=89,24,64,78,49
22,11|24,89|64,24|14,62|75,68|47,4|59,2|47,75|62,54|47,41|79,7|66,79|68,59|47,66|89,82|4,31|41,14|31,22|7,51|47,64/47,54=47,41,14,62,54
28,29|75,30|78,61|28,69|51,13|12,60|52,18|69,75|2,88|55,93|60,2|97,76|28,12|18,55|28,52|29,73|73,78|76,51|30,26|28,97/28,88=28,12,60,2,88
13,19|13,35|94,25|0,17|65,44|11,58|13,48|13,3|40,61|9,94|13,50|19,9|50,65|3,55|44,8|35,40|58,41|55,0|48,11|61,68/13,8=13,50,65,44,8
4,74|6,64|85,90|73,4|59,81|97,8|8,13|75,49|1,73|85,86|81,14|86,6|85,1|85,17|7,75|64,48|47,97|17,7|90,59|85,47/85,74=85,1,73,4,74
21,69|53,61|85,60|21,33|76,53|90,74|69,94|94,90|63,88|60,9|21,6|6,63|91,31|31,14|21,91|88,93|14,57|21,76|61,40|33,85/21,57=21,91,31,14,57
87,75|64,52|87,41|21,94|94,96|97,1|87,31|7,27|68,78|83,59|75,6|1,68|31,7|87,97|27,19|59,37|87,93|6,64|93,21|41,83/87,96=87,93,21,94,96
61,13|82,34|87,32|34,26|87,82|24,22|13,44|28,1|95,30|44,72|87,28|87,61|31,90|87,62|93,31|26,36|32,24|62,93|1,95|22,4/87,4=87,32,24,22,4
88,31|72,20|83,96|92,0|92,86|0,55|61,83|86,61|74,89|1,37|37,88|18,72|44,29|79,5|92,74|92,1|20,62|92,18|55,44|89,79/92,31=92,1,37,88,31
58,5|54,87|63,54|17,68|17,46|67,86|28,76|75,70|68,31|24,92|5,75|51,11|21,28|31,51|17,67|1,63|46,21|17,58|17,1|86,24/17,11=17,68,31,51,11
13,61|10,96|53,13|66,45|99,91|18,90|66,34|66,99|38,20|66,41|91,7|41,38|26,53|66,26|7,88|84,18|20,56|45,77|77,10|34,84/66,90=66,34,84,18,90
40,96|9,30|19,58|6,71|96,98|59,19|20,33|82,25|30,20|59,40|65,93|93,50|25,6|58,75|59,72|72,65|59,82|75,29|59,9|98,32/59,29=59,19,58,75,29
64,88|64,83|49,65|88,42|43,26|83,43|87,50|29,10|42,19|2,29|76,27|64,49|65,76|10,21|64,2|19,16|26,52|64,85|85,68|68,87/64,50=64,85,68,87,50
67,8|15,38|70,3|59,15|68,86|20,78|20,18|34,50|38,21|86,34|18,17|3,47|20,7|78,55|20,59|7,70|17,22|22,57|20,68|55,67/20,21=20,59,15,38,21
91,56|88,48|20,35|70,91|33,20|45,11|55,99|68,64|64,45|42,24|24,50|42,30|56,13|42,68|42,88|50,81|81,97|48,55|30,33|42,70/42,13=42,70,91,56,13
42,24|0,97|1,33|74,2|16,81|2,79|70,64|1,89|57,91|99,70|33,16|97,52|79,96|1,11|81,47|1,42|89,0|11,99|24,57|1,74/1,96=1,74,2,79,96
73,18|25,71|66,80|25,60|83,98|82,84|58,76|56,66|25,73|57,79|25,89|71,58|25,83|11,67|60,41|98,57|89,56|76,87|41,11|18,82/25,87=25,71,58,76,87
90,43|13,31|51,53|70,13|69,7|70,69|68,78|70,5|78,9|31,51|9,54|10,90|2,15|25,2|70,68|87,61|70,23|5,25|23,10|7,87/70,15=70,5,25,2,15
46,29|89,46|70,30|17,38|61,19|61,40|40,80|30,87|61,78|96,18|38,50|31,70|18,42|80,32|61,31|19,17|78,89|61,96|32,81|42,68/61,68=61,96,18,42,68
15,72|68,83|75,31|65,94|31,84|44,49|75,8|49,65|73,27|72,90|75,44|8,68|75,71|27,87|90,74|76,19|84,76|71,73|83,18|75,15/75,18=75,8,68,83,18
8,86|13,66|32,1|13,41|76,42|41,99|59,75|66,9|99,72|9,60|75,76|45,93|93,51|60,47|13,8|13,59|11,45|72,74|86,32|13,11/13,51=13,11,45,93,51
67,80|60,58|12,20|12,42|24,53|49,67|81,60|12,9|9,81|13,68|20,55|76,98|12,49|1,56|55,1|98,24|63,13|12,76|42,63|80,92/12,58=12,9,81,60,58
18,11|11,87|92,95|92,63|32,84|92,88|71,32|24,10|92,99|53,61|63,71|95,53|58,74|97,0|88,18|99,69|92,24|69,97|10,58|61,85/92,85=92,95,53,61,85
35,84|29,3|75,41|48,35|29,82|51,78|29,48|27,21|84,92|78,46|80,27|29,91|41,73|91,51|3,80|45,83|82,75|83,11|29,45|11,17/29,17=29,45,83,11,17
40,26|50,91|50,76|50,93|6,21|99,89|15,72|87,86|96,40|91,48|48,99|10,22|76,96|93,52|50,25|50,6|72,44|25,15|52,10|21,87/50,22=50,93,52,10,22
6,83|59,29|8,38|37,67|63,13|36,22|38,71|63,7|0,8|15,17|63,0|63,85|85,70|7,6|13,32|63,15|70,36|32,59|17,37|83,92/63,22=63,85,70,36,22
27,45|16,97|49,64|61,88|43,29|64,51|73,4|97,8|85,14|29,38|85,58|85,73|4,27|35,43|51,41|85,49|14,55|85,35|58,16|55,61/85,8=85,58,16,97,8
95,37|83,53|61,4|53,34|37,69|89,77|89,47|89,28|89,60|74,7|28,43|50,80|77,83|4,58|39,0|47,61|0,74|89,39|43,50|60,95/89,58=89,47,61,4,58
71,50|81,74|29,95|40,29|8,25|1,65|5,8|6,22|50,98|31,81|22,33|74,2|1,6|1,91|91,40|98,34|65,5|1,71|33,82|1,31/1,34=1,71,50,98,34
20,26|66,12|20,84|31,75|33,54|12,61|60,85|26,63|59,37|52,1|75,59|84,19|63,60|67,33|61,64|20,31|20,66|20,67|19,52|54,43/20,64=20,66,12,61,64
42,39|67,72|30,48|32,92|64,13|30,32|65,46|30,71|89,85|71,65|13,40|30,5|30,57|57,63|46,22|63,67|48,64|69,89|92,42|5,69/30,22=30,71,65,46,22
65,0|34,70|66,94|95,44|0,86|58,64|71,36|94,46|70,71|34,43|34,49|34,91|64,48|44,2|91,65|49,66|36,84|34,8|43,58|8,95/34,86=34,91,65,0,86
67,78|58,63|10,58|10,75|77,33|75,48|69,70|10,49|49,73|40,72|83,18|85,51|10,77|48,83|51,69|23,38|10,85|73,23|63,67|33,40/10,38=10,49,73,23,38
57,95|13,83|72,59|72,81|72,84|61,12|68,62|72,45|98,57|67,52|72,60|84,71|59,33|83,39|60,98|45,13|81,38|71,61|38,68|33,67/72,95=72,60,98,57,95
24,26|64,66|7,42|44,63|33,92|66,10|77,64|19,48|7,24|7,52|52,44|36,58|63,32|7,77|70,33|58,55|26,19|7,79|42,70|79,36/7,32=7,52,44,63,32
15,72|68,83|75,31|65,19|31,49|44,73|75,8|73,65|84,90|72,27|75,44|8,68|75,71|90,74|27,94|76,87|49,76|71,84|83,18|75,15/75,18=75,8,68,83,18
29,73|58,93|54,1|46,14|58,90|11,87|58,11|58,86|58,13|13,29|27,68|93,46|87,54|77,27|90,8|37,48|14,62|73,31|8,37|86,77/58,48=58,90,8,37,48
76,42|99,88|4,80|99,31|99,47|99,39|88,29|99,17|69,7|29,38|80,2|38,77|45,69|42,50|94,19|47,61|39,4|17,76|61,94|31,45/99,19=99,47,61,94,19
77,75|77,56|97,67|77,19|77,6|52,9|56,62|46,37|19,86|45,23|37,58|77,18|75,32|6,46|86,45|62,97|32,51|9,84|18,52|51,11/77,58=77,6,46,37,58
24,59|42,49|88,20|4,82|90,18|10,42|24,71|20,60|72,68|59,56|52,57|56,52|83,72|24,90|71,83|60,47|18,4|8,10|24,88|24,8/24,68=24,71,83,72,68
46,92|69,62|46,13|46,81|28,10|19,69|81,45|27,91|39,27|20,19|46,20|68,80|60,7|7,28|46,60|11,8|92,1|45,68|13,39|1,11/46,91=46,13,39,27,91
14,37|44,30|67,0|30,13|69,17|13,91|46,68|14,80|14,44|68,58|61,69|37,76|76,18|80,67|34,61|14,46|14,34|0,38|58,5|18,86/14,91=14,44,30,13,91
27,40|49,5|70,98|70,49|98,16|51,27|91,22|70,91|22,63|1,76|57,85|5,33|70,20|16,1|20,51|63,46|70,57|33,4|28,10|85,28/70,46=70,91,22,63,46
27,5|87,69|34,80|29,74|58,90|63,43|90,39|74,86|27,18|18,19|80,61|76,34|27,29|19,63|69,13|39,16|5,87|86,50|27,76|27,58/27,16=27,58,90,39,16
84,27|74,52|74,17|59,5|83,95|11,4|17,53|82,40|74,84|19,6|48,99|74,19|62,59|52,62|53,83|23,56|6,23|27,82|99,11|74,48/74,40=74,84,27,82,40
63,26|72,69|3,23|23,32|89,7|80,60|63,25|63,72|25,3|82,37|7,80|26,56|69,97|88,76|63,21|76,2|21,88|97,51|63,89|56,82/63,51=63,72,69,97,51
42,29|15,6|73,25|36,93|74,15|3,45|83,3|56,49|51,73|51,1|1,36|39,56|93,97|25,42|49,12|6,41|51,74|51,13|13,83|51,39/51,12=51,39,56,49,12
10,33|4,62|69,56|77,12|32,44|58,26|69,70|76,51|62,10|69,77|12,58|16,32|69,4|70,16|52,79|86,50|56,52|79,29|50,76|69,86/69,51=69,86,50,76,51
87,88|91,44|87,4|81,76|32,62|87,31|71,28|37,47|4,50|47,32|88,25|73,43|87,37|50,53|53,7|87,81|76,71|25,91|31,73|43,70/87,70=87,31,73,43,70
15,87|57,95|26,28|17,57|87,70|95,94|42,50|70,99|17,42|94,67|28,14|3,71|60,84|69,18|17,69|17,54|18,3|54,26|50,60|17,15/17,99=17,15,87,70,99
73,0|49,80|80,10|4,20|26,53|11,13|70,27|53,78|49,3|3,73|49,11|0,21|27,4|49,31|49,70|86,30|13,99|10,86|99,17|31,26/49,21=49,3,73,0,21
8,87|86,18|94,27|50,11|90,50|8,90|59,34|18,59|11,55|88,9|71,62|87,92|8,94|1,71|8,86|8,46|6,28|27,6|46,1|92,88/8,34=8,86,18,59,34
21,53|70,21|84,87|84,70|76,75|41,30|42,76|77,41|84,8|39,16|84,64|16,88|53,73|8,56|96,35|59,39|56,96|64,77|87,42|84,59/84,73=84,70,21,53,73
37,13|85,20|6,81|18,88|99,91|75,71|20,2|6,27|65,37|6,66|6,99|76,12|91,76|27,75|72,5|71,17|66,65|5,18|6,72|81,85/6,12=6,99,91,76,12
0,93|59,58|15,11|64,50|43,41|99,37|24,99|36,43|7,15|93,64|73,7|36,73|36,0|36,59|41,53|58,75|53,78|36,24|75,22|37,1/36,1=36,24,99,37,1
57,63|43,48|66,4|24,97|92,47|48,76|12,2|92,12|65,24|92,74|47,54|22,98|54,22|4,57|92,66|18,11|92,16|74,65|16,43|2,18/92,76=92,16,43,48,76
25,92|78,1|13,93|84,82|71,13|92,41|25,70|34,44|70,84|95,3|99,34|91,71|25,91|41,47|47,37|3,78|82,63|25,99|44,72|25,95/25,37=25,92,41,47,37
16,62|90,48|59,69|11,98|59,58|34,50|58,37|72,86|25,68|7,49|49,34|68,45|59,38|59,72|69,25|38,74|59,7|86,16|74,90|37,11/59,45=59,69,25,68,45
31,45|36,9|26,73|35,55|99,31|81,74|89,17|59,89|32,36|51,99|17,26|30,88|59,81|74,30|55,13|9,67|59,32|22,35|59,22|59,51/59,73=59,89,17,26,73
19,27|40,56|29,92|10,57|10,4|87,98|12,29|44,85|10,40|57,11|11,3|3,2|79,90|58,44|10,12|10,79|56,87|90,19|4,58|92,86/10,2=10,57,11,3,2
75,35|22,53|34,51|4,46|51,38|80,39|73,68|22,84|53,32|26,34|22,67|84,89|89,15|39,75|22,26|22,80|67,40|15,71|40,73|32,4/22,68=22,67,40,73,68
36,37|16,88|88,51|16,80|87,90|16,19|32,93|16,64|81,29|51,87|80,61|16,22|37,50|61,82|82,13|23,32|19,36|29,86|64,23|22,81/16,13=16,80,61,82,13
44,3|82,26|96,80|72,50|49,14|99,78|92,82|50,2|3,40|53,9|53,49|53,35|14,74|9,92|78,96|40,13|53,99|35,72|74,75|53,44/53,2=53,35,72,50,2
54,82|76,5|60,49|20,42|42,16|36,99|79,45|36,59|36,73|73,13|82,69|48,53|59,54|36,20|5,65|99,76|49,48|16,71|36,60|13,79/36,53=36,60,49,48,53
51,6|83,78|51,30|84,1|9,28|51,85|28,62|51,33|8,68|5,31|51,84|4,5|30,9|6,4|78,76|68,50|1,60|60,75|33,8|85,83/51,31=51,6,4,5,31
83,70|63,69|98,27|6,83|27,28|2,91|69,82|38,21|70,24|38,6|38,26|21,98|26,63|36,50|38,80|91,10|80,66|19,2|66,36|38,19/38,24=38,6,83,70,24
67,92|40,8|7,13|79,78|99,76|13,97|82,66|10,37|45,55|55,40|78,74|87,28|97,99|92,10|7,79|7,67|74,18|7,87|28,82|7,45/7,76=7,13,97,99,76
10,34|49,70|61,89|70,81|76,49|64,14|14,73|78,64|10,78|12,61|30,52|52,3|34,29|10,12|72,82|3,97|10,76|89,20|10,30|29,72/10,73=10,78,64,14,73
17,74|89,36|63,27|14,84|63,45|35,50|13,34|84,46|63,19|27,47|63,89|63,67|67,14|45,72|36,4|47,13|0,35|4,69|19,0|72,17/63,34=63,27,47,13,34
89,40|20,1|21,97|82,72|74,82|0,26|1,10|73,18|40,71|47,20|13,73|74,69|69,89|74,0|74,65|45,33|74,47|72,21|65,13|26,45/74,33=74,0,26,45,33
2,80|68,2|19,33|23,14|33,23|68,19|55,34|7,56|80,42|86,9|68,60|72,7|48,83|16,41|83,86|41,55|42,84|60,72|68,16|68,48/68,9=68,48,83,86,9
31,72|47,1|74,21|74,61|61,45|13,24|74,98|44,37|74,26|74,13|1,73|45,9|26,47|71,55|9,99|98,71|55,81|21,44|24,31|37,59/74,99=74,61,45,9,99
96,50|9,61|9,39|50,76|42,31|85,81|61,56|91,93|39,96|62,52|73,20|52,54|20,7|31,91|9,62|77,73|56,85|9,77|54,94|9,42/9,7=9,77,73,20,7
57,91|1,98|60,58|12,28|67,80|46,89|11,46|85,33|85,81|98,67|84,69|88,57|69,78|81,11|85,12|33,88|85,39|39,84|28,60|85,1/85,78=85,39,84,69,78
63,87|87,9|52,78|1,23|71,1|71,52|72,76|78,32|71,48|30,35|91,30|71,17|67,11|48,63|23,67|35,77|17,57|71,91|32,44|57,72/71,11=71,1,23,67,11
96,69|37,29|37,15|29,20|69,54|58,82|75,34|0,96|82,49|89,3|20,13|81,75|3,62|49,28|37,0|13,93|15,81|37,55|37,58|55,89/37,28=37,58,82,49,28
95,5|33,14|27,67|27,64|27,96|96,33|5,58|27,16|90,54|14,87|64,94|83,6|16,90|94,86|67,83|54,38|27,95|58,93|6,69|86,29/27,87=27,96,33,14,87
61,96|96,38|78,70|21,1|56,73|64,76|1,32|30,48|30,61|3,78|97,21|30,56|30,64|76,6|72,98|48,3|73,72|6,22|38,15|30,97/30,70=30,48,3,78,70
58,88|15,58|40,47|2,62|50,69|50,15|50,40|3,14|29,44|50,29|88,11|47,3|0,27|53,19|91,2|50,91|44,0|69,53|62,9|19,99/50,14=50,40,47,3,14
74,16|41,39|74,46|10,65|44,64|74,95|21,25|16,41|98,69|46,98|74,21|82,57|14,47|69,54|65,82|39,12|74,10|25,44|70,14|95,70/74,12=74,16,41,39,12
10,75|80,27|72,67|63,84|99,43|67,76|42,15|76,19|99,42|27,47|99,73|64,35|99,72|15,63|99,24|43,45|24,10|75,71|45,64|73,80/99,47=99,73,80,27,47
9,17|90,60|14,93|58,10|91,69|14,9|93,58|62,74|42,71|14,42|10,46|17,62|71,33|14,49|14,50|50,90|49,4|33,79|60,73|4,91/14,69=14,49,4,91,69
90,95|84,38|95,86|32,3|74,10|32,90|38,74|49,69|53,92|32,53|57,1|69,13|67,20|3,52|32,84|52,57|92,67|86,44|13,76|32,49/32,1=32,3,52,57,1
0,39|76,21|47,69|76,64|76,37|2,36|76,75|84,67|75,45|98,84|37,82|21,96|64,98|36,52|82,0|80,27|76,25|96,80|45,47|25,2/76,52=76,25,2,36,52
67,15|36,34|13,91|66,78|79,36|91,81|67,83|83,13|15,66|82,0|90,51|78,2|67,89|96,20|89,79|67,82|0,96|58,90|33,58|67,33/67,2=67,15,66,78,2
11,3|15,86|50,34|77,87|98,77|50,59|50,17|17,15|56,74|50,61|59,98|30,56|3,53|93,28|28,38|50,30|74,22|86,2|34,11|61,93/50,53=50,34,11,3,53
97,81|81,38|97,15|61,50|5,19|6,55|68,61|97,22|22,17|19,85|97,68|38,52|50,13|17,86|52,20|25,5|97,25|55,84|86,83|15,6/97,84=97,15,6,55,84
14,48|86,27|71,13|67,30|99,55|72,40|97,80|99,97|64,89|40,66|99,86|43,91|27,2|13,14|99,43|99,71|2,53|55,72|80,64|91,67/99,48=99,71,13,14,48
95,81|68,22|95,96|54,92|57,4|66,31|96,42|81,76|17,67|76,66|4,17|95,68|45,54|42,18|11,59|18,91|95,45|22,11|95,57|92,7/95,31=95,81,76,66,31
81,19|54,52|66,96|96,21|11,1|37,66|86,75|81,34|81,86|87,15|81,40|14,11|81,37|34,63|40,87|63,54|75,98|19,14|15,56|98,36/81,21=81,37,66,96,21
43,58|32,37|48,24|6,81|64,71|62,4|62,65|88,6|58,13|62,88|62,43|92,56|81,18|37,48|62,32|65,64|71,86|36,92|4,36|13,9/62,18=62,88,6,81,18
40,5|98,38|20,78|39,98|29,43|44,41|80,70|41,39|24,29|14,80|44,24|93,14|25,10|44,93|43,64|10,59|5,20|59,97|44,25|44,40/44,64=44,24,29,43,64
52,62|98,86|52,90|52,46|52,61|47,65|75,93|46,92|92,99|99,3|14,98|34,35|96,0|61,14|90,41|41,34|93,96|62,36|36,47|52,75/52,3=52,46,92,99,3
27,80|27,77|47,67|30,29|72,90|77,72|81,45|29,84|27,93|93,53|80,54|54,47|73,11|89,81|90,42|38,89|2,30|27,38|53,73|27,2/27,42=27,77,72,90,42
72,71|72,60|48,33|17,30|33,7|72,26|76,75|40,68|60,48|77,55|55,76|88,17|72,10|92,40|26,88|70,74|71,92|72,77|10,70|74,11/72,30=72,26,88,17,30
74,76|66,36|10,51|11,75|66,74|73,31|51,70|66,32|31,39|64,11|23,57|16,23|76,79|30,64|66,45|66,30|32,16|36,10|79,56|45,73/66,75=66,30,64,11,75
81,7|99,34|53,94|56,54|38,81|43,20|14,53|93,62|38,68|4,97|68,4|38,49|97,10|38,99|34,96|62,56|7,43|49,14|38,93|96,13/38,13=38,99,34,96,13
74,60|1,46|79,2|22,26|60,58|33,82|2,37|58,63|33,74|53,28|82,79|33,61|32,44|26,1|86,32|33,86|61,53|33,22|44,85|28,45/33,63=33,74,60,58,63
31,23|37,31|35,76|37,41|90,91|37,55|1,35|91,83|23,86|34,1|99,97|55,66|66,22|97,26|37,99|41,90|86,65|26,81|22,72|37,34/37,72=37,55,66,22,72
37,91|1,6|95,1|38,97|65,81|37,94|78,67|37,34|37,38|97,65|86,96|96,7|94,25|34,78|91,86|67,60|37,88|25,31|31,55|88,95/37,6=37,88,95,1,6
97,79|95,39|69,91|47,6|53,43|81,20|86,64|39,77|77,38|81,53|43,69|81,97|81,95|55,86|6,30|67,55|61,89|79,61|20,47|81,67/81,64=81,67,55,86,64
13,19|63,32|10,0|39,37|31,39|35,47|16,53|47,28|31,16|37,23|0,95|31,35|28,50|31,42|19,74|42,10|74,6|53,63|23,97|31,13/31,32=31,16,53,63,32
6,86|66,97|58,43|61,66|43,6|3,38|32,30|1,92|50,1|92,17|86,52|58,50|30,94|38,76|58,10|58,61|58,28|97,78|28,32|10,3/58,94=58,28,32,30,94
25,78|78,15|73,43|7,10|15,11|12,93|16,58|75,59|59,64|9,92|92,7|9,47|10,8|9,12|47,75|94,35|93,73|9,25|9,94|35,16/9,8=9,92,7,10,8
67,6|24,74|79,89|40,0|66,12|23,14|79,69|46,75|89,72|81,25|82,49|69,57|79,67|57,24|0,82|12,23|79,40|79,66|6,46|72,81/79,74=79,69,57,24,74
91,45|71,11|24,43|23,21|45,6|61,29|23,14|14,91|23,1|23,32|23,84|76,99|1,9|21,71|99,18|32,76|84,85|11,31|85,24|9,61/23,18=23,32,76,99,18
92,74|32,65|32,48|69,98|67,83|32,55|98,95|94,66|25,58|74,38|58,94|32,25|48,67|65,69|1,97|40,92|97,14|55,1|32,40|83,18/32,66=32,25,58,94,66
93,37|92,59|30,62|59,0|93,31|31,39|64,81|93,34|38,22|29,92|22,75|81,67|93,29|84,64|91,76|39,30|95,91|34,38|93,84|37,95/93,0=93,29,92,59,0
51,82|8,2|82,8|39,84|53,52|81,53|23,6|51,81|51,46|2,1|80,23|25,26|91,39|26,12|6,88|51,80|52,65|12,16|46,91|51,25/51,1=51,82,8,2,1
27,6|57,7|90,52|57,85|52,2|93,0|35,99|23,63|57,69|14,35|57,15|69,90|67,83|83,23|15,14|74,27|57,67|92,93|7,92|85,74/57,2=57,69,90,52,2
61,78|29,43|91,53|91,88|91,32|91,63|74,37|32,69|64,39|63,83|83,29|69,64|58,87|85,61|53,85|89,58|88,74|87,10|37,7|91,89/91,43=91,63,83,29,43
87,56|87,44|47,59|83,4|26,43|2,86|45,2|59,60|66,81|4,32|98,66|87,90|87,83|44,45|56,47|32,48|72,26|87,39|39,98|90,72/87,86=87,44,45,2,86
55,51|43,23|14,46|38,87|1,81|87,55|14,67|23,89|0,50|67,35|14,5|5,43|14,38|47,49|14,1|33,80|81,33|46,12|12,0|35,47/14,50=14,46,12,0,50
29,95|67,34|65,84|58,70|88,41|41,62|29,44|7,68|29,67|29,88|44,28|70,7|29,58|28,56|62,10|95,63|56,90|63,65|34,12|12,77/29,68=29,58,70,7,68
86,20|53,93|60,11|87,4|11,13|89,60|93,24|20,45|53,43|76,49|4,80|90,76|53,28|81,31|29,90|24,81|53,89|53,29|28,87|43,86/53,49=53,29,90,76,49
5,22|80,52|76,47|5,8|61,48|83,35|39,76|10,7|5,32|22,69|32,59|90,83|69,70|89,39|59,61|7,80|70,91|5,89|5,10|8,90/5,35=5,8,90,83,35
20,15|13,54|6,21|29,41|18,46|73,18|29,76|91,80|41,91|29,20|29,73|81,93|15,48|29,6|76,81|48,44|21,13|80,94|46,61|93,75/29,54=29,6,21,13,54
59,46|97,95|95,79|38,5|5,88|28,38|28,24|23,36|24,80|28,20|28,59|20,97|73,23|88,22|66,52|45,73|28,45|80,66|46,68|68,0/28,36=28,45,73,23,36
48,52|71,89|81,64|85,11|85,6|54,32|85,54|37,81|11,71|1,84|6,67|84,91|31,1|89,8|85,31|32,66|66,45|67,48|85,37|64,49/85,49=85,37,81,64,49
18,34|92,74|23,92|18,37|2,99|91,23|52,80|42,95|60,58|18,91|18,2|18,63|99,30|37,53|80,48|63,52|53,60|95,76|30,1|34,42/18,76=18,34,42,95,76
79,30|71,46|30,6|22,37|22,99|48,34|34,90|22,79|22,48|45,32|6,92|99,62|0,73|22,71|32,13|62,0|90,97|46,94|37,45|94,49/22,73=22,99,62,0,73
43,27|16,97|43,39|56,57|57,71|42,61|82,93|61,73|27,17|47,88|13,16|43,42|93,78|43,40|43,56|39,82|40,13|71,22|17,47|73,87/43,87=43,42,61,73,87
18,86|65,32|32,63|5,7|63,33|94,39|15,62|7,10|39,0|94,65|82,5|86,45|94,35|62,50|94,12|0,27|94,82|12,18|35,15|27,54/94,45=94,12,18,86,45
55,91|96,85|83,16|85,62|18,55|83,18|16,61|91,63|28,21|83,4|98,74|83,96|74,57|4,28|21,95|62,75|37,80|83,98|57,86|61,37/83,80=83,16,61,37,80
62,68|97,38|37,9|83,64|46,80|67,20|80,91|20,37|44,54|64,33|67,78|51,46|87,83|38,62|67,51|67,97|67,87|54,25|78,44|9,49/67,68=67,97,38,62,68
47,3|22,54|2,8|70,24|32,77|96,91|22,96|22,70|29,47|22,29|91,21|8,27|80,32|54,80|87,2|22,87|3,76|24,67|67,92|21,71/22,71=22,96,91,21,71
87,14|91,86|76,4|69,91|4,85|55,41|85,55|80,47|76,77|6,87|76,69|47,12|76,40|40,73|86,48|76,57|77,80|73,22|22,13|57,6/76,14=76,57,6,87,14
69,91|48,79|47,24|3,25|46,1|14,33|0,69|3,14|89,46|84,32|3,30|33,48|17,81|3,89|30,17|32,47|3,84|1,49|25,0|81,75/3,75=3,30,17,81,75
35,77|61,67|68,21|61,65|65,68|73,37|63,73|15,89|51,17|89,20|36,15|61,36|17,5|61,51|5,43|4,35|21,72|67,4|29,63|61,29/61,72=61,65,68,21,72
46,49|34,45|4,9|72,64|34,72|34,58|37,4|21,69|66,21|29,98|67,61|28,25|34,46|47,99|49,67|34,29|64,28|58,37|98,47|45,66/34,99=34,29,98,47,99
16,34|83,70|64,10|17,51|16,35|10,84|58,83|16,19|12,47|19,58|16,37|48,6|35,64|37,31|67,12|34,48|47,63|31,17|6,45|16,67/16,70=16,19,58,83,70
41,11|88,68|88,49|22,29|46,22|68,64|97,44|44,95|95,70|88,97|64,27|38,41|43,77|88,75|11,94|88,38|75,46|27,83|69,43|49,69/88,77=88,49,69,43,77
20,95|53,6|15,86|76,61|58,15|20,73|73,87|65,28|71,53|20,24|95,23|20,58|87,83|23,65|24,81|20,71|86,70|83,5|81,76|6,37/20,37=20,71,53,6,37
74,36|76,34|34,70|13,76|13,86|96,16|12,62|13,12|30,74|13,41|13,7|21,3|37,98|16,32|62,37|41,30|7,96|86,21|70,87|3,52/13,87=13,76,34,70,87
44,95|88,68|88,49|11,83|46,11|68,41|97,64|64,27|27,29|88,97|41,22|38,44|43,77|88,75|95,94|88,38|75,46|22,70|69,43|49,69/88,77=88,49,69,43,77
19,17|47,31|5,99|76,33|16,9|43,52|17,93|61,19|52,66|99,28|7,61|7,15|7,76|67,16|15,43|7,53|53,67|33,47|85,5|7,85/7,9=7,53,67,16,9
80,15|81,19|83,81|73,77|9,66|15,30|16,59|22,61|80,65|80,83|61,85|30,73|19,26|80,22|91,16|65,91|85,86|66,33|33,70|80,9/80,70=80,9,66,33,70
7,65|15,94|7,66|7,99|76,17|7,48|38,4|93,79|99,59|84,46|65,15|0,38|59,84|7,30|83,93|94,49|30,83|17,63|48,76|66,0/7,49=7,65,15,94,49
74,58|31,71|6,34|94,80|60,97|25,60|65,74|11,6|32,22|22,67|70,11|67,1|13,45|25,65|25,32|25,70|80,31|97,13|25,94|58,75/25,45=25,60,97,13,45
44,91|82,66|14,56|29,1|82,74|76,68|91,94|82,44|89,63|82,62|81,14|1,21|82,29|66,7|13,76|62,81|21,53|7,89|94,32|74,13/82,63=82,66,7,89,63
79,35|5,37|33,76|69,23|78,74|53,66|66,98|76,51|23,53|51,29|50,79|18,14|69,18|8,78|57,50|74,65|69,33|69,8|69,57|14,5/69,29=69,33,76,51,29
82,8|56,3|56,12|70,9|3,16|34,35|16,98|8,23|98,54|37,2|35,22|56,60|12,70|9,76|56,34|2,13|56,93|60,37|93,82|22,20/56,13=56,60,37,2,13
3,46|60,80|6,78|60,5|5,29|2,92|80,12|60,21|29,18|36,95|95,68|78,3|12,73|68,35|64,2|60,36|60,6|21,64|73,76|18,81/60,81=60,5,29,18,81
13,41|55,58|55,94|87,63|68,72|72,14|55,46|41,20|6,80|98,33|55,87|34,10|94,13|58,68|63,95|95,28|33,6|46,34|55,98|10,62/55,62=55,46,34,10,62
65,41|7,87|74,42|48,86|85,66|87,80|80,38|86,34|45,8|97,99|99,62|41,74|70,81|48,7|48,85|62,94|34,70|48,97|66,45|48,65/48,81=48,86,34,70,81
2,84|91,2|20,83|99,52|69,75|63,91|21,57|83,43|21,80|98,30|21,99|80,20|49,87|87,69|52,47|47,97|21,49|74,98|21,63|57,74/21,43=21,80,20,83,43
60,61|80,83|40,85|37,93|12,87|15,40|71,60|44,12|23,90|85,41|93,82|37,97|10,71|37,33|90,58|82,80|37,10|37,15|33,23|97,44/37,58=37,33,23,90,58
27,18|25,70|46,74|92,29|94,45|79,7|46,27|74,92|46,42|46,94|29,2|12,8|18,96|8,47|46,97|45,79|70,54|42,12|96,40|97,25/46,47=46,42,12,8,47
21,30|83,51|86,44|31,21|35,72|86,91|5,31|72,32|91,35|75,40|16,75|86,5|86,89|28,83|89,11|44,16|86,28|24,57|11,24|51,64/86,32=86,91,35,72,32
49,6|67,73|28,17|8,55|52,54|45,1|17,82|73,9|67,28|82,33|67,0|67,8|76,90|54,60|55,76|67,79|79,52|0,49|9,45|6,74/67,60=67,79,52,54,60
84,69|56,43|70,76|5,48|95,98|69,79|2,97|43,70|48,42|98,85|1,75|95,84|95,65|95,56|79,24|55,72|85,55|97,1|95,2|65,5/95,72=95,98,85,55,72
46,98|23,40|8,24|51,31|25,46|72,66|25,72|66,8|25,9|60,62|65,51|9,94|58,73|25,39|98,60|25,65|39,70|31,1|94,58|70,23/25,62=25,46,98,60,62
33,61|8,4|47,79|35,29|8,15|44,92|55,33|15,18|8,55|8,90|61,93|8,47|25,65|77,20|79,25|20,88|90,77|18,35|74,44|4,74/8,29=8,15,18,35,29
3,14|14,70|70,58|91,50|61,69|56,45|49,36|36,81|39,84|81,28|49,94|49,39|86,18|49,56|2,61|94,2|49,3|45,86|84,91|28,92/49,69=49,94,2,61,69
75,29|44,41|41,22|30,91|51,89|72,46|75,90|91,67|94,62|75,51|89,94|57,44|75,85|90,71|85,3|29,30|75,57|71,79|3,72|79,27/75,67=75,29,30,91,67
81,49|2,36|49,32|81,89|96,68|33,62|62,67|67,40|45,27|81,7|36,96|37,50|7,45|27,54|81,33|81,2|89,37|32,97|50,9|97,58/81,9=81,89,37,50,9
87,20|5,10|60,7|40,84|40,88|40,5|35,92|10,60|42,83|15,16|79,74|84,51|40,87|16,52|52,24|88,42|83,36|51,35|40,15|20,79/40,92=40,84,51,35,92
69,10|32,86|40,41|35,64|69,32|69,87|95,75|87,46|86,15|55,7|7,35|75,40|46,34|69,55|15,12|39,91|34,30|10,39|69,95|91,76/69,30=69,87,46,34,30
54,29|29,89|34,96|50,65|19,56|0,34|54,93|93,7|65,37|37,6|54,50|24,0|54,98|99,45|86,40|98,91|7,19|91,86|54,24|89,99/54,6=54,50,65,37,6
71,22|31,42|65,64|42,93|4,41|44,17|64,71|50,96|69,72|50,87|46,24|87,98|50,20|96,15|20,31|15,44|98,69|24,4|50,65|50,46/50,72=50,87,98,69,72
56,79|49,50|50,92|95,30|10,58|73,31|2,87|88,94|95,88|95,12|14,2|5,22|30,49|95,89|58,5|24,56|89,14|94,73|12,24|95,10/95,22=95,10,58,5,22
8,92|16,44|25,40|10,21|88,10|86,72|21,45|52,8|7,5|43,86|43,89|6,25|43,69|43,88|69,6|72,7|43,16|13,96|89,52|44,13/43,40=43,69,6,25,40
98,20|89,63|63,31|30,89|49,45|92,98|8,59|48,38|59,76|45,8|65,93|93,24|19,0|38,19|24,5|49,84|49,65|84,92|49,48|49,30/49,0=49,48,38,19,0
86,78|23,64|3,43|37,14|78,37|99,3|69,49|52,33|31,23|31,35|31,99|49,42|31,86|31,52|33,5|5,98|64,39|35,69|39,11|43,76/31,76=31,99,3,43,76
72,45|80,66|6,14|57,7|16,17|66,99|98,91|16,57|45,85|16,69|69,56|56,67|11,26|16,11|82,72|16,82|17,80|26,6|67,58|7,98/16,91=16,57,7,98,91
4,83|61,0|83,15|35,29|11,9|0,98|33,61|9,74|98,52|24,4|92,35|63,92|33,11|74,69|33,22|33,24|70,38|45,70|22,45|33,63/33,38=33,22,45,70,38
80,65|80,57|57,89|79,29|65,24|51,86|12,38|25,32|92,79|9,92|58,12|70,51|62,70|24,46|28,58|46,44|80,28|80,62|80,9|89,25/80,32=80,57,89,25,32
30,74|24,33|97,51|73,23|92,90|97,56|56,39|97,50|45,57|29,30|57,10|10,31|51,53|53,92|39,73|50,24|97,45|97,64|33,71|64,29/97,71=97,50,24,33,71
45,69|67,19|45,58|45,67|45,17|77,5|24,74|86,66|45,63|69,88|88,97|63,76|19,77|59,2|2,38|97,73|66,32|58,86|17,59|76,24/45,74=45,63,76,24,74
97,10|1,24|29,38|58,78|52,1|63,72|91,87|52,42|38,63|52,29|52,58|24,97|87,33|7,57|44,7|57,69|78,35|52,44|35,93|42,91/52,69=52,44,7,57,69
60,62|18,74|35,50|10,97|20,81|73,10|71,35|83,16|71,63|50,60|71,18|32,4|71,78|78,73|63,49|81,83|49,32|42,52|71,20|74,42/71,52=71,18,74,42,52
97,37|37,45|72,59|81,90|92,99|78,36|97,81|99,73|90,80|87,78|43,92|59,6|80,19|97,43|29,88|67,87|97,67|45,29|97,72|6,17/97,73=97,43,92,99,73
26,80|72,22|22,46|80,29|59,6|57,70|98,57|11,98|72,11|56,55|77,71|68,77|72,5|72,68|29,62|5,49|71,92|49,56|72,26|46,59/72,70=72,11,98,57,70
8,44|8,50|8,71|57,94|17,39|8,22|50,17|60,29|39,12|66,16|4,57|22,96|78,90|8,40|13,66|40,4|71,60|29,32|96,78|44,13/8,94=8,40,4,57,94
58,48|31,38|31,77|54,67|77,91|70,37|48,72|4,6|22,47|24,70|6,28|68,24|91,22|31,68|31,4|82,58|31,82|38,54|67,19|28,61/31,61=31,4,6,28,61
81,21|98,31|94,88|71,98|2,45|28,94|31,93|96,14|22,2|61,22|61,1|1,28|61,71|43,81|32,63|21,68|61,43|45,49|61,32|63,96/61,68=61,43,81,21,68
79,23|79,49|38,98|79,12|79,64|49,13|27,24|28,45|29,61|12,28|64,38|79,27|13,74|24,29|74,63|98,50|45,32|23,9|9,35|35,96/79,63=79,49,13,74,63
71,88|96,32|96,57|32,18|56,2|96,20|76,52|57,59|12,99|75,74|96,76|19,84|59,71|74,19|18,12|20,92|96,75|52,56|92,72|72,68/96,2=96,76,52,56,2
68,79|60,1|37,94|83,93|93,68|30,31|65,60|64,69|46,35|31,64|75,11|7,57|26,7|46,30|46,37|94,75|46,45|46,83|35,26|45,65/46,79=46,83,93,68,79
93,29|4,41|35,76|63,69|33,63|82,68|87,4|87,8|76,9|29,70|41,96|96,57|1,37|37,82|8,35|87,93|45,33|87,45|87,1|70,71/87,69=87,45,33,63,69
20,37|97,21|20,25|2,11|19,77|25,54|37,80|20,2|63,14|80,97|54,19|96,98|28,96|8,5|20,67|67,8|11,63|5,64|98,52|20,28/20,52=20,28,96,98,52
41,27|63,67|83,53|72,42|11,68|46,50|54,90|67,70|63,72|27,11|57,54|63,41|63,76|34,83|76,57|1,30|63,7|70,46|7,34|42,1/63,53=63,7,34,83,53
1,24|47,79|69,49|3,25|46,48|14,32|33,1|3,14|89,46|84,0|3,30|32,47|17,81|3,89|30,17|0,69|3,84|48,91|25,33|81,75/3,75=3,30,17,81,75
88,95|91,18|14,6|33,46|6,90|42,53|19,91|42,58|28,33|78,17|75,88|53,14|95,47|42,28|42,75|42,12|46,49|25,78|12,19|58,25/42,90=42,53,14,6,90
34,52|16,99|91,23|26,88|57,85|91,83|73,61|59,26|99,73|23,6|6,75|75,42|91,34|90,57|39,90|91,16|52,58|58,80|91,39|83,59/91,61=91,16,99,73,61
95,16|97,95|57,88|32,99|88,33|70,84|32,57|63,97|17,89|84,7|33,4|71,73|91,71|32,68|68,70|32,63|94,17|32,91|99,94|73,60/32,4=32,57,88,33,4
96,23|14,70|20,65|98,59|89,74|54,87|65,89|15,98|51,15|20,51|20,31|70,17|20,14|87,96|74,19|44,25|25,93|31,44|20,54|17,42/20,19=20,65,89,74,19
9,44|89,51|60,66|89,84|73,63|91,38|0,90|63,85|89,22|22,97|38,9|90,77|97,60|84,0|89,73|85,74|99,21|51,45|89,91|45,99/89,44=89,91,38,9,44
48,65|78,0|2,46|0,83|53,18|48,40|95,73|48,87|48,50|50,53|20,10|31,20|18,59|46,70|73,44|40,78|65,2|48,57|57,95|87,31/48,44=48,57,95,73,44
83,37|44,32|22,48|44,45|31,3|9,22|2,49|30,61|36,30|44,95|93,31|45,9|44,43|37,77|43,2|95,93|61,23|32,83|44,36|49,80/44,77=44,32,83,37,77
58,62|80,58|70,76|52,70|1,79|52,37|37,3|42,53|52,81|52,1|81,83|10,46|52,40|76,31|40,80|31,57|79,42|14,49|3,10|83,14/52,62=52,40,80,58,62
64,53|37,44|44,79|7,25|13,14|13,4|15,33|13,64|13,93|13,81|53,50|97,15|81,7|66,39|25,1|93,37|4,24|50,96|14,97|24,66/13,79=13,93,37,44,79
18,34|60,1|23,60|18,37|2,53|91,23|99,30|42,95|80,58|18,91|18,2|18,63|53,92|37,52|30,74|63,99|52,80|95,76|92,48|34,42/18,76=18,34,42,95,76
28,19|19,82|11,62|56,26|48,6|58,55|97,77|86,95|77,11|1,97|1,58|1,75|55,12|95,56|6,22|22,29|1,86|1,48|75,28|12,32/1,82=1,75,28,19,82
45,79|25,75|90,72|61,45|93,11|42,53|29,90|72,31|61,70|79,25|49,34|92,49|11,46|2,41|40,93|61,29|53,2|70,92|61,40|61,42/61,41=61,42,53,2,41
36,29|16,88|88,81|16,80|37,93|16,19|87,50|16,64|23,32|81,37|80,61|16,22|29,90|61,82|82,13|51,87|19,36|32,86|64,51|22,23/16,13=16,80,61,82,13
73,25|69,3|65,76|55,39|73,13|13,52|25,92|47,36|85,1|73,65|52,27|32,24|27,41|73,69|3,32|76,47|73,55|92,85|39,68|68,84/73,36=73,65,76,47,36
15,88|42,56|59,46|55,74|97,15|41,72|46,57|42,97|53,55|88,54|42,41|4,59|45,63|64,21|42,53|42,4|72,64|98,45|56,98|74,95/42,63=42,56,98,45,63
89,13|39,27|52,2|76,50|58,22|30,65|2,39|5,1|32,79|79,77|65,23|80,30|5,80|5,76|3,19|5,58|1,32|5,52|50,3|22,89/5,19=5,76,50,3,19
81,10|47,9|36,77|10,13|75,42|83,26|13,64|81,3|81,56|56,98|3,65|81,75|94,90|65,8|8,14|98,47|81,36|64,11|77,94|42,83/81,90=81,36,77,94,90
8,57|26,88|69,93|8,69|42,2|92,45|91,26|75,4|44,48|88,17|55,75|2,92|8,42|8,91|57,44|93,10|51,55|10,76|48,95|8,51/8,76=8,69,93,10,76
56,23|23,82|26,28|15,62|2,51|38,53|93,15|13,56|16,87|47,2|16,47|16,97|97,93|61,38|53,60|28,33|87,26|16,13|16,61|51,31/16,60=16,61,38,53,60
56,7|82,39|65,56|45,35|91,69|65,74|78,82|8,42|69,44|67,86|65,53|53,8|35,32|74,78|7,67|42,55|65,40|84,91|40,45|65,84/65,32=65,40,45,35,32
74,35|29,5|12,89|29,30|82,88|55,59|43,12|29,55|81,86|5,43|59,21|21,6|34,2|29,74|35,34|33,81|49,82|29,33|30,49|86,41/29,2=29,74,35,34,2
74,58|5,73|56,52|28,66|73,43|41,82|33,4|99,5|29,41|66,11|14,26|58,29|36,14|74,99|74,50|74,1|4,56|1,28|50,36|74,33/74,82=74,58,29,41,82
50,75|50,30|74,92|50,44|32,29|71,45|28,0|44,97|70,89|97,28|75,80|85,71|50,32|29,70|73,69|50,74|92,24|24,37|80,73|30,85/50,0=50,44,97,28,0
46,55|68,96|68,74|66,28|81,5|68,59|74,1|36,83|59,30|97,15|83,97|55,18|68,32|32,3|96,46|3,81|68,36|26,19|30,26|1,66/68,5=68,32,3,81,5
82,88|17,84|4,82|17,9|9,7|68,18|17,30|14,63|49,20|84,83|80,56|30,1|17,80|7,49|1,47|47,42|56,14|83,68|17,4|88,86/17,63=17,80,56,14,63
80,24|87,4|1,72|4,64|80,75|9,15|76,35|81,27|24,87|35,9|27,48|31,71|88,90|90,1|80,88|62,31|75,62|80,81|48,57|80,76/80,71=80,75,62,31,71
50,65|19,73|83,58|67,40|18,70|70,83|89,42|62,50|81,19|65,29|89,81|54,41|89,18|89,54|41,72|89,62|42,32|72,9|32,67|73,87/89,40=89,42,32,67,40
69,78|58,33|10,58|10,75|77,48|75,63|40,18|10,49|49,73|83,70|67,72|85,51|10,77|63,67|51,40|23,38|10,85|73,23|33,69|48,83/10,38=10,49,73,23,38
91,48|92,30|48,54|92,22|92,35|40,39|8,40|83,62|49,15|90,4|1,91|99,83|44,60|60,66|92,1|15,90|22,8|30,44|92,49|35,99/92,66=92,30,44,60,66
80,99|3,9|15,86|80,57|86,77|6,87|80,3|9,56|56,82|31,4|57,78|74,81|26,31|80,50|4,91|42,74|99,15|78,6|80,26|50,42/80,87=80,57,78,6,87
34,69|96,66|72,56|19,64|92,52|8,72|8,34|56,5|69,62|5,43|52,45|8,94|94,92|8,96|8,33|40,1|66,40|62,79|64,38|33,19/8,45=8,94,92,52,45
16,37|48,12|2,75|82,41|12,81|30,52|89,16|82,30|82,48|66,90|81,78|14,89|41,21|21,45|92,85|52,92|75,66|82,2|82,14|45,77/82,37=82,14,89,16,37
85,89|68,3|98,18|78,52|48,68|18,72|9,63|24,78|72,49|56,95|63,24|9,6|99,12|9,48|9,99|3,34|95,8|12,85|6,56|9,98/9,34=9,48,68,3,34
73,51|60,20|28,17|55,90|27,8|8,16|94,93|24,80|22,65|65,60|90,77|80,27|58,28|40,55|24,40|24,94|71,58|24,22|24,71|93,73/24,17=24,71,58,28,17
12,38|29,72|35,94|65,11|43,35|17,65|72,43|38,82|29,41|41,17|61,14|29,96|29,18|18,12|29,69|68,88|59,68|86,61|69,59|96,86/29,11=29,41,17,65,11
86,74|52,92|93,16|98,77|2,39|72,98|92,28|16,58|93,2|93,71|39,67|4,72|24,57|67,12|74,95|93,4|58,24|95,26|93,86|71,52/93,77=93,4,72,98,77
80,93|91,38|38,79|80,58|3,63|58,77|93,33|62,92|92,10|59,49|10,70|80,62|79,47|69,55|7,60|49,7|80,59|80,91|33,3|77,69/80,70=80,62,92,10,70
20,22|4,7|78,32|48,18|20,4|64,37|22,28|20,24|19,96|20,94|7,75|24,78|28,19|94,72|60,62|32,80|37,60|20,64|75,55|72,48/20,96=20,22,28,19,96
94,19|17,13|16,94|82,45|99,17|21,81|78,21|64,28|99,16|24,82|99,78|99,24|19,40|33,6|28,33|45,97|81,79|69,60|99,64|13,69/99,40=99,16,94,19,40
93,11|93,28|28,76|91,73|11,3|82,29|93,91|97,50|76,48|48,69|21,15|96,41|3,97|73,96|15,37|93,12|70,90|12,21|93,82|29,70/93,41=93,91,73,96,41
26,8|21,13|16,86|15,95|28,27|95,17|60,28|27,23|62,21|26,60|97,85|94,16|13,59|26,97|85,61|61,32|8,15|86,34|26,94|26,62/26,23=26,60,28,27,23
86,92|61,97|68,90|97,59|92,80|86,98|90,78|86,61|86,68|1,56|88,64|78,55|98,1|80,63|25,40|59,28|56,45|64,25|86,88|63,71/86,40=86,88,64,25,40
10,76|80,27|72,45|63,35|99,43|45,75|42,67|75,71|99,42|27,47|99,73|64,19|99,72|67,63|99,24|43,15|24,10|76,84|15,64|73,80/99,47=99,73,80,27,47
67,50|23,44|15,46|15,39|15,4|15,11|11,32|39,74|37,95|50,82|15,55|46,67|89,85|4,23|32,37|52,89|44,20|55,52|74,42|42,5/15,20=15,4,23,44,20
35,31|43,15|77,76|92,70|63,12|93,72|24,13|70,93|92,43|96,69|72,1|75,35|14,39|13,96|92,2|2,75|92,77|92,24|15,63|76,14/92,12=92,43,15,63,12
1,67|80,31|9,1|3,30|3,68|3,42|53,38|92,88|42,80|95,19|78,21|3,79|70,53|19,78|88,4|68,9|79,70|31,98|30,92|3,95/3,67=3,68,9,1,67
68,8|77,82|82,74|44,56|74,17|98,42|28,47|8,28|68,98|68,77|47,85|68,45|64,71|58,12|67,44|5,84|45,67|68,64|71,5|42,58/68,85=68,8,28,47,85
20,88|93,51|40,3|3,42|31,70|35,78|5,93|14,31|48,11|70,43|5,14|88,33|5,65|90,35|33,0|51,48|5,20|65,40|50,90|5,50/5,42=5,65,40,3,42
10,12|83,24|18,43|3,19|95,42|12,9|65,35|96,83|0,18|19,65|30,95|10,30|9,7|10,6|43,97|7,77|6,96|10,3|42,48|10,0/10,97=10,0,18,43,97
40,46|3,25|0,89|65,32|74,75|97,20|65,0|89,99|75,69|18,94|46,71|65,55|25,18|99,26|32,64|59,40|55,74|65,3|65,59|64,97/65,20=65,32,64,97,20
97,62|81,99|30,22|29,35|13,81|82,69|82,13|1,30|21,65|74,61|51,1|62,29|69,76|82,12|82,51|99,20|76,74|12,49|49,21|82,97/82,35=82,97,62,29,35
44,98|8,92|36,39|21,30|92,0|37,56|43,37|25,3|36,53|53,21|0,2|36,23|31,44|30,12|39,43|36,18|23,31|36,8|18,66|66,25/36,56=36,39,43,37,56
48,66|16,20|80,7|3,16|4,47|4,91|4,80|91,87|87,10|20,15|98,51|47,48|7,98|66,22|4,19|10,60|30,25|54,30|19,54|4,3/4,60=4,91,87,10,60
26,81|13,18|81,22|24,83|52,34|26,44|76,21|50,12|12,24|25,52|22,37|26,50|98,25|37,43|79,13|32,79|44,57|26,98|57,76|26,32/26,18=26,32,79,13,18
11,26|11,27|50,70|11,47|73,3|35,8|27,60|11,42|47,19|3,93|11,61|88,12|42,35|61,73|26,88|8,7|60,50|49,38|19,49|12,55/11,70=11,27,60,50,70
91,62|73,17|36,55|85,84|84,93|83,42|51,73|51,1|51,34|17,83|99,2|51,31|1,91|31,99|93,94|62,59|55,16|34,36|51,85|2,40/51,94=51,85,84,93,94
27,34|27,9|9,22|51,32|42,68|27,25|14,42|39,6|27,82|41,75|34,51|63,19|27,63|82,14|6,84|21,66|22,21|32,10|19,41|25,39/27,84=27,25,39,6,84
60,72|69,43|26,4|38,60|45,77|69,64|69,25|25,48|29,39|52,29|64,52|54,26|92,38|94,54|69,94|71,8|43,45|48,71|69,92|77,86/69,72=69,92,38,60,72
54,91|37,88|35,37|20,9|38,74|57,96|9,44|57,20|30,38|33,54|57,39|57,30|57,35|21,32|92,21|44,87|74,19|96,92|88,94|39,33/57,91=57,39,33,54,91
64,12|26,17|98,51|26,71|51,88|43,57|8,64|57,47|47,75|17,8|26,59|71,36|21,98|59,13|13,40|26,21|40,93|36,69|69,31|26,43/26,93=26,59,13,40,93
38,84|80,15|81,9|69,52|15,41|26,74|84,69|25,49|29,3|41,42|9,63|63,48|81,92|92,25|74,29|81,38|49,32|81,80|81,26|48,2/81,52=81,38,84,69,52
79,5|65,80|78,83|13,50|80,13|2,96|5,35|91,21|35,24|1,47|96,78|2,79|48,91|2,65|57,11|83,38|16,48|2,1|47,57|2,16/2,50=2,65,80,13,50
16,10|61,74|92,77|16,84|38,48|35,25|65,55|77,56|16,65|16,96|74,22|4,2|95,33|25,4|48,42|16,35|55,95|96,61|10,92|84,38/16,56=16,10,92,77,56
96,12|46,20|55,91|27,57|68,27|96,7|41,46|36,0|96,83|26,55|85,26|18,68|96,18|21,99|7,36|96,85|83,41|12,21|99,58|0,19/96,91=96,85,26,55,91
20,24|28,33|13,48|92,12|13,47|72,84|47,18|71,96|13,51|18,20|84,71|12,77|87,63|51,87|40,28|63,9|26,92|13,26|13,72|48,40/13,77=13,26,92,12,77
25,87|87,17|35,30|96,16|19,7|27,25|32,19|67,11|69,38|72,32|17,45|27,26|16,23|75,67|30,69|4,75|27,35|27,72|27,4|26,96/27,7=27,72,32,19,7
13,36|26,69|51,68|69,13|98,59|26,98|36,28|15,42|30,86|46,30|39,21|78,46|21,55|53,51|38,39|26,78|89,53|26,89|59,15|26,38/26,55=26,38,39,21,55
10,59|92,78|48,80|68,33|79,68|76,10|49,47|80,41|48,2|17,62|48,8|41,49|8,91|48,76|91,92|59,20|77,17|94,79|48,94|2,77/48,47=48,80,41,49,47
43,76|28,41|94,58|33,81|81,95|28,33|25,42|28,54|58,43|16,1|41,75|28,94|54,73|95,7|32,3|62,16|1,48|73,25|75,32|28,62/28,3=28,41,75,32,3
49,68|33,75|84,8|98,58|27,95|12,50|95,32|52,42|42,9|41,27|0,69|65,2|68,12|84,33|84,49|75,65|8,52|84,98|84,41|58,0/84,32=84,41,27,95,32
56,38|62,20|38,17|28,95|64,28|27,82|99,62|99,58|50,45|2,64|43,27|17,30|20,41|45,39|99,7|58,50|99,2|99,56|7,43|41,5/99,5=99,62,20,41,5
89,45|23,75|79,40|13,63|24,38|45,65|89,13|75,64|65,86|84,24|40,17|89,51|89,79|86,36|17,49|1,98|63,1|88,23|89,88|51,84/89,64=89,88,23,75,64
39,82|77,73|28,34|39,78|39,63|78,67|89,43|39,6|36,26|74,36|70,28|6,74|43,22|67,77|72,85|34,93|46,72|39,70|82,46|63,89/39,26=39,6,74,36,26
51,90|57,36|41,17|66,61|85,88|78,85|90,20|63,48|13,41|36,78|98,13|52,14|57,98|57,66|20,32|57,51|57,63|73,44|61,73|48,52/57,17=57,98,13,41,17
95,91|54,88|96,71|12,24|54,68|90,38|70,96|88,1|54,95|68,70|1,69|91,33|77,74|54,18|69,41|18,60|74,90|54,77|33,16|60,12/54,24=54,18,60,12,24
24,83|70,61|83,34|74,81|97,58|20,39|70,30|47,97|29,98|39,14|98,12|30,24|70,93|43,77|70,20|93,47|77,74|14,85|70,43|61,29/70,58=70,93,47,97,58
13,79|54,82|60,49|20,42|42,5|36,99|16,69|36,59|36,73|73,76|79,71|48,53|59,13|36,20|82,65|99,54|49,48|5,45|36,60|76,16/36,53=36,60,49,48,53
42,93|39,42|80,50|90,95|15,90|22,40|57,31|46,21|15,14|37,80|14,39|15,46|15,26|15,58|95,22|31,51|61,23|26,57|58,37|21,61/15,51=15,26,57,31,51
46,73|72,65|12,17|90,83|6,25|88,64|12,20|65,5|52,82|2,22|25,14|12,2|82,87|83,46|12,90|12,51|17,52|51,6|20,72|22,88/12,87=12,17,52,82,87
50,80|84,51|47,69|47,7|47,50|65,42|96,77|72,73|51,74|41,72|36,96|73,71|3,37|6,84|47,6|7,36|47,41|69,3|80,65|37,23/47,74=47,6,84,51,74
47,5|79,26|67,95|2,65|5,72|21,1|59,88|20,57|33,67|55,59|26,63|72,17|63,2|79,20|79,47|35,33|79,55|88,12|79,35|57,21/79,12=79,55,59,88,12
63,71|99,12|72,99|63,23|71,98|63,72|79,95|86,10|61,91|12,92|56,97|36,26|45,76|23,61|63,36|91,60|98,45|97,86|63,56|26,79/63,95=63,36,26,79,95
8,73|12,65|11,31|46,29|26,47|55,88|13,94|73,40|53,22|23,93|65,48|53,8|31,46|53,23|88,13|53,55|53,11|40,4|93,26|22,12/53,4=53,8,73,40,4
4,64|75,23|77,82|75,81|38,4|32,96|46,51|75,46|76,83|81,58|58,76|75,77|51,86|41,90|23,32|82,41|86,91|96,84|87,38|75,87/75,84=75,23,32,96,84
87,45|21,51|84,87|13,89|65,76|51,82|89,11|6,41|64,15|65,6|65,4|53,13|76,84|65,53|82,80|58,64|60,30|4,58|65,21|41,60/65,15=65,4,58,64,15
79,83|36,62|95,15|36,82|15,28|36,89|93,17|17,29|62,79|82,98|57,96|36,88|36,94|92,74|98,92|83,0|94,95|88,64|89,93|64,57/36,28=36,94,95,15,28
21,81|55,3|71,35|55,10|64,60|39,8|3,16|16,77|35,40|70,75|55,99|67,56|60,21|77,80|99,86|86,39|75,67|10,71|55,70|55,64/55,8=55,99,86,39,8
19,78|42,59|87,48|85,32|61,94|40,91|19,97|14,44|19,42|19,40|59,61|88,5|48,27|19,14|97,85|91,24|78,87|32,58|24,36|44,88/19,94=19,42,59,61,94
85,20|32,85|67,48|38,1|39,25|38,39|25,31|20,27|38,67|1,43|31,23|48,22|73,14|38,73|22,17|15,58|36,6|43,36|38,32|14,15/38,17=38,67,48,22,17
9,90|41,69|41,3|3,16|41,20|20,39|16,55|87,51|77,24|51,49|41,93|30,75|39,30|25,77|41,87|89,9|69,89|55,14|93,25|49,84/41,75=41,20,39,30,75
99,16|5,6|62,71|15,80|7,62|69,99|23,18|80,13|41,3|69,15|56,1|69,7|71,44|69,5|13,39|2,12|1,2|16,41|69,56|6,23/69,18=69,5,6,23,18
69,73|94,29|85,36|69,24|91,20|69,97|24,77|62,81|97,82|69,91|25,56|77,42|20,54|36,79|54,75|73,85|82,94|81,25|69,62|42,37/69,75=69,91,20,54,75
25,80|3,14|25,81|11,76|53,60|75,20|89,75|80,89|78,87|98,78|87,0|50,3|93,50|25,31|25,98|81,7|31,49|49,53|7,11|25,93/25,20=25,80,89,75,20
71,67|37,42|77,96|71,30|35,16|16,31|84,36|67,28|20,53|28,97|30,35|71,84|26,20|71,37|65,12|42,65|71,41|36,77|41,26|97,63/71,96=71,84,36,77,96
90,45|11,59|91,33|99,44|9,10|63,11|37,99|9,89|56,73|9,90|12,37|35,56|69,24|10,42|59,88|89,35|9,12|9,63|42,69|45,91/9,88=9,63,11,59,88
56,16|95,9|72,4|3,95|4,6|56,72|6,2|62,0|56,62|45,8|70,45|41,55|56,22|0,41|22,3|56,63|16,70|63,88|64,7|88,64/56,55=56,62,0,41,55
81,87|66,34|32,22|66,36|66,12|93,15|64,93|28,64|12,8|87,92|96,84|6,43|34,81|95,6|48,32|66,28|22,52|66,48|8,96|36,95/66,92=66,34,81,87,92
32,39|36,50|7,34|67,55|77,67|59,72|16,7|33,62|72,32|94,77|62,10|10,57|9,16|70,36|99,70|59,94|59,33|59,99|59,9|39,68/59,68=59,72,32,39,68
26,91|99,95|16,21|7,83|91,43|7,23|20,22|7,66|7,14|14,1|29,37|66,26|42,38|7,42|23,34|73,20|34,16|38,99|83,73|1,29/7,22=7,83,73,20,22
5,24|5,59|39,40|24,15|77,48|98,39|96,98|69,46|5,96|6,25|5,54|15,21|46,6|54,35|59,77|48,36|35,51|21,33|5,69|51,14/5,36=5,59,77,48,36
73,27|98,87|98,14|14,79|27,71|79,44|98,9|87,22|5,37|44,94|98,6|28,5|76,24|6,76|9,73|37,96|93,31|24,77|98,28|22,93/98,94=98,14,79,44,94
79,23|79,49|24,29|79,12|79,64|49,13|27,28|38,98|35,50|12,38|64,24|79,27|13,74|28,35|74,63|29,96|98,32|23,9|9,45|45,61/79,63=79,49,13,74,63
52,38|29,71|93,59|93,16|79,4|23,79|92,35|89,92|80,66|57,52|93,81|66,25|59,80|71,39|93,29|39,55|81,89|16,57|4,87|93,23/93,25=93,59,80,66,25
57,70|78,54|62,36|50,2|54,62|2,10|8,51|51,88|8,50|10,14|39,60|44,57|91,6|71,76|8,78|8,91|70,96|88,71|8,44|6,39/8,76=8,51,88,71,76
81,1|14,53|7,42|60,29|22,60|84,22|26,5|20,10|74,51|48,14|48,81|48,69|10,59|72,20|53,7|1,26|18,74|48,84|48,72|69,18/48,59=48,72,20,10,59
4,51|59,22|8,38|76,65|34,95|34,72|34,78|3,8|34,20|75,32|33,44|65,33|45,59|72,4|78,3|34,76|51,43|20,75|32,83|95,45/34,38=34,78,3,8,38
74,16|66,36|76,79|11,75|66,74|73,23|79,56|66,32|23,57|64,11|31,70|10,31|16,51|30,64|66,45|66,30|32,10|36,76|51,39|45,73/66,75=66,30,64,11,75
99,9|19,27|90,99|24,58|30,19|97,41|11,91|53,30|58,11|23,66|17,23|97,17|21,44|97,37|97,53|97,24|41,56|37,90|66,52|56,21/97,27=97,53,30,19,27
84,41|94,49|50,70|83,58|28,84|49,50|39,40|99,83|97,39|55,43|94,71|25,28|94,97|94,36|70,54|94,25|63,55|36,99|40,96|71,63/94,41=94,25,28,84,41
44,65|52,71|26,76|10,14|14,44|10,95|37,11|64,4|7,88|10,26|71,7|4,72|17,37|10,52|65,8|10,81|76,19|19,33|81,64|95,17/10,72=10,81,64,4,72
27,29|96,78|92,27|55,44|44,96|3,99|32,23|55,42|99,93|23,13|55,32|89,56|42,92|55,18|18,89|78,21|58,3|55,58|13,87|56,12/55,21=55,44,96,78,21
17,51|17,33|33,53|17,44|40,3|53,64|72,47|64,71|17,24|67,90|17,14|65,34|14,41|41,67|24,30|30,65|51,72|47,45|3,39|44,40/17,71=17,33,53,64,71
56,19|56,90|55,79|56,55|56,88|19,61|92,74|47,4|74,47|69,80|98,71|61,98|93,96|25,93|80,51|56,92|88,25|91,75|90,69|79,91/56,71=56,19,61,98,71
38,17|96,34|60,41|67,77|62,53|68,88|68,60|64,78|70,18|34,70|53,39|41,38|68,64|12,46|88,57|57,67|68,96|68,62|78,12|39,9/68,9=68,62,53,39,9
42,32|43,40|43,47|40,36|43,30|96,22|29,12|36,11|95,16|22,94|11,15|18,29|47,18|16,75|51,95|1,96|43,51|32,68|43,1|30,42/43,12=43,47,18,29,12
67,89|56,95|68,64|79,22|67,56|44,1|67,21|65,25|67,44|89,10|21,55|45,94|58,79|10,66|59,58|55,65|95,68|1,45|67,59|66,31/67,64=67,56,95,68,64
31,35|31,81|24,26|81,44|35,10|16,4|64,55|4,23|96,21|10,24|38,19|44,59|77,38|62,16|31,64|59,40|55,96|31,36|31,62|36,77/31,23=31,62,16,4,23
5,84|55,76|72,3|64,51|76,50|86,55|64,5|89,71|3,89|51,29|60,80|80,21|64,86|29,45|64,72|59,18|64,63|45,4|63,60|84,59/64,18=64,5,84,59,18
87,13|25,20|20,0|45,76|83,6|83,25|6,93|93,92|38,87|76,69|0,23|99,59|59,84|67,45|83,67|83,38|83,88|88,99|92,11|13,7/83,69=83,67,45,76,69
36,31|55,22|99,87|44,77|29,43|9,44|22,6|88,99|29,28|75,54|32,36|29,80|17,75|80,17|43,32|28,9|29,88|29,55|6,48|87,33/29,33=29,88,99,87,33
10,30|92,69|5,49|63,92|43,72|2,16|64,18|94,66|62,94|85,98|30,64|5,10|16,82|5,87|72,85|87,2|5,43|49,62|5,54|54,63/5,98=5,43,72,85,98
92,93|52,39|43,11|88,52|93,57|37,18|76,81|88,64|9,86|18,9|70,83|11,40|88,37|64,43|81,70|88,92|56,0|88,76|39,56|57,72/88,86=88,37,18,9,86
32,39|10,55|67,57|7,34|77,7|59,72|62,67|33,70|72,32|94,77|70,36|36,50|9,62|16,10|99,16|59,94|59,33|59,99|59,9|39,68/59,68=59,72,32,39,68
20,81|13,54|6,21|29,41|18,93|73,18|29,76|15,48|41,15|29,20|29,73|91,80|81,46|29,6|76,91|46,44|21,13|48,75|93,94|80,61/29,54=29,6,21,13,54
57,86|96,21|96,78|91,54|44,83|23,44|43,2|78,19|61,59|19,43|20,23|46,36|36,12|59,57|98,91|96,61|12,41|21,98|96,20|96,46/96,2=96,78,19,43,2
30,78|12,77|75,85|37,75|46,82|4,41|26,12|82,4|20,22|32,37|20,32|20,46|22,30|68,88|7,68|88,5|20,26|77,13|78,33|20,7/20,33=20,22,30,78,33
22,98|52,10|6,75|13,8|6,92|6,4|99,46|75,28|92,21|28,22|8,1|6,13|21,39|10,20|39,67|6,52|46,84|20,37|4,99|1,9/6,37=6,52,10,20,37
25,49|25,59|22,39|6,90|28,22|18,86|74,40|86,50|61,74|88,97|49,6|85,18|25,2|27,28|59,61|97,56|25,27|90,83|25,85|2,88/25,56=25,2,88,97,56
48,45|9,32|3,66|58,74|18,29|73,84|89,48|68,69|0,35|29,80|59,89|80,0|61,3|18,59|18,61|69,9|84,58|66,44|18,73|18,68/18,44=18,61,3,66,44
68,99|80,40|48,79|32,92|11,65|82,9|59,83|32,56|33,96|32,59|17,98|81,48|56,82|83,80|32,68|9,57|32,17|98,33|92,81|99,11/32,40=32,59,83,80,40
82,73|73,18|56,78|50,68|82,23|0,27|75,35|18,0|85,75|9,54|68,19|82,56|52,85|41,29|82,52|46,21|78,9|21,41|82,46|23,50/82,19=82,23,50,68,19
23,5|1,61|95,85|81,57|81,22|59,98|61,24|38,37|58,38|2,59|19,23|81,64|57,95|22,2|81,19|5,68|85,72|81,94|64,58|94,1/81,37=81,64,58,38,37
41,39|88,9|28,90|13,93|13,28|9,16|16,0|13,78|13,55|90,1|1,45|55,41|39,74|77,59|30,44|13,88|59,96|78,30|93,77|44,98/13,98=13,78,30,44,98
48,99|28,33|33,89|48,44|83,14|85,69|48,90|48,6|44,79|90,28|8,64|25,66|99,25|88,92|66,7|79,85|48,8|64,83|92,34|6,88/48,14=48,8,64,83,14
0,88|18,9|8,85|43,41|52,1|7,71|4,24|43,8|9,36|41,99|85,17|43,4|75,68|99,7|43,57|88,52|43,0|57,18|24,75|17,34/43,36=43,57,18,9,36
50,23|15,58|15,50|15,67|94,59|89,61|75,95|67,57|82,98|58,69|15,16|36,29|34,96|57,75|23,94|16,84|15,36|69,34|29,82|84,89/15,96=15,58,69,34,96
83,48|12,27|32,99|84,65|51,87|14,83|68,21|32,72|99,84|21,31|65,69|72,51|87,11|27,6|32,12|77,68|32,77|75,14|32,75|6,22/32,48=32,75,14,83,48
44,58|45,5|68,31|9,82|99,45|63,16|37,19|26,9|63,90|0,1|63,29|79,99|16,0|63,44|90,26|1,98|58,37|63,79|21,68|29,21/63,5=63,79,99,45,5
82,13|55,67|93,71|48,46|71,9|97,88|46,55|40,52|14,97|9,94|94,5|13,65|78,60|93,82|93,48|93,14|93,40|52,78|65,6|88,30/93,67=93,48,46,55,67
71,16|95,69|29,79|53,75|4,7|6,71|75,92|79,53|29,6|29,8|29,21|91,19|21,22|29,91|8,76|19,4|76,95|16,38|22,37|37,36/29,38=29,6,71,16,38
62,23|47,87|47,65|29,11|65,95|63,45|70,77|47,51|47,68|57,81|40,73|34,57|51,62|95,63|23,94|47,29|87,16|11,70|68,34|16,40/47,77=47,29,11,70,77
14,32|31,30|84,9|31,58|38,20|51,14|12,84|97,12|61,46|45,38|29,7|52,45|31,29|47,64|30,51|58,61|31,52|46,35|31,97|7,47/31,32=31,30,51,14,32
70,92|4,2|77,40|50,51|70,18|70,82|70,76|52,10|70,77|26,52|29,72|74,50|76,94|75,96|42,4|40,29|18,42|92,74|94,75|82,26/70,51=70,92,74,50,51
96,78|43,63|8,88|69,85|31,89|16,97|2,43|85,5|86,31|29,69|97,86|16,29|16,82|16,2|16,8|65,90|88,96|63,92|90,30|82,65/16,89=16,97,86,31,89
77,43|38,50|7,87|77,27|87,46|94,49|77,57|43,6|72,38|58,89|77,52|52,44|77,72|57,7|6,58|44,88|50,95|49,12|88,70|27,94/77,12=77,27,94,49,12
22,61|56,32|0,10|16,25|32,20|22,71|71,74|27,90|20,63|90,33|22,69|58,78|22,56|74,58|22,16|60,0|25,11|11,28|61,60|69,27/22,63=22,56,32,20,63
62,20|79,38|20,35|70,19|19,8|8,95|69,90|25,87|98,52|37,69|59,25|79,59|38,62|79,46|79,37|46,91|91,98|79,70|90,14|87,88/79,35=79,38,62,20,35
3,10|75,82|0,98|64,96|53,83|82,12|96,77|0,3|0,75|83,94|39,64|10,26|73,68|0,69|12,23|0,39|26,40|98,53|68,52|69,73/0,94=0,98,53,83,94
51,86|95,91|52,29|95,38|32,87|86,25|59,52|95,75|35,82|75,19|30,41|95,62|95,14|14,88|88,30|91,59|82,0|38,35|19,32|62,51/95,29=95,91,59,52,29
40,91|80,51|40,86|21,8|51,90|19,61|40,74|40,59|78,98|91,1|86,21|34,19|59,80|40,96|24,52|8,39|74,24|52,57|1,78|96,34/40,98=40,91,1,78,98
93,16|18,62|49,86|16,82|86,32|43,30|63,39|52,19|19,5|39,18|82,37|13,50|13,93|13,52|74,49|50,69|13,74|5,17|69,43|13,63/13,30=13,50,69,43,30
27,18|27,33|40,42|68,40|96,8|21,45|27,86|45,84|8,2|27,21|59,24|60,19|27,44|86,20|18,68|33,59|20,60|24,39|84,29|44,96/27,29=27,21,45,84,29
22,98|14,68|59,52|54,65|68,50|54,3|65,41|54,59|3,14|54,39|91,85|52,47|39,1|54,23|41,57|85,75|23,91|47,9|57,36|1,22/54,36=54,65,41,57,36
13,26|65,74|37,40|4,55|73,85|37,77|0,78|85,43|3,73|37,3|74,23|29,65|10,0|17,10|26,7|55,86|77,13|37,29|37,17|40,4/37,43=37,3,73,85,43
79,78|65,80|48,83|13,50|80,13|2,96|78,35|57,38|35,11|1,47|96,48|2,79|5,57|2,65|91,21|83,24|16,5|2,1|47,91|2,16/2,50=2,65,80,13,50
16,30|71,64|84,18|51,88|88,56|67,16|46,0|84,51|84,94|84,17|4,40|59,71|18,86|94,59|86,4|17,67|43,46|90,43|84,90|56,13/84,0=84,90,43,46,0
80,25|53,77|46,17|93,64|37,79|58,37|59,87|62,53|77,60|22,46|58,93|82,40|9,21|28,22|25,82|79,9|58,80|64,59|58,62|58,28/58,17=58,28,22,46,17
73,6|77,16|7,12|31,65|65,71|61,77|6,89|5,31|29,55|86,73|53,29|61,86|61,5|26,63|61,36|16,7|63,14|14,69|36,53|61,26/61,12=61,77,16,7,12
79,41|79,91|4,2|2,9|79,58|81,87|72,25|87,31|54,72|41,75|58,50|25,48|91,4|53,81|30,15|79,53|34,89|50,30|75,34|79,54/79,31=79,53,81,87,31
12,47|17,89|25,20|17,86|73,3|17,26|48,99|86,25|47,23|17,12|55,36|14,48|3,60|17,0|36,16|26,73|89,55|0,14|23,8|20,46/17,46=17,86,25,20,46
9,15|3,35|91,59|52,34|24,10|8,52|59,66|66,62|21,24|94,8|94,58|58,28|28,83|94,91|10,19|15,3|83,7|94,9|94,21|34,60/94,35=94,9,15,3,35
14,37|44,30|68,0|30,13|69,5|13,91|46,61|14,80|14,44|61,18|67,69|37,76|76,58|80,68|34,67|14,46|14,34|0,17|18,86|58,38/14,91=14,44,30,13,91
58,13|78,48|14,76|10,78|31,10|28,12|59,75|17,65|27,59|12,92|91,58|64,27|14,31|43,17|76,91|86,28|14,33|14,64|33,43|14,86/14,65=14,33,43,17,65
83,82|43,77|87,13|83,34|13,48|55,29|67,28|83,46|83,87|83,67|28,59|42,65|46,55|48,97|82,43|34,42|77,25|59,78|65,85|29,35/83,78=83,67,28,59,78
48,99|88,33|33,69|48,44|83,14|85,7|48,90|48,6|44,28|90,88|8,64|25,92|99,25|79,66|92,34|28,85|48,8|64,83|66,89|6,79/48,14=48,8,64,83,14
52,72|63,15|40,49|22,77|49,52|22,21|21,88|22,94|78,86|87,0|88,63|90,35|37,54|94,82|82,37|86,87|22,40|77,90|35,59|22,78/22,54=22,94,82,37,54
23,32|97,20|40,68|48,59|97,12|97,40|32,30|68,14|20,48|93,46|97,43|97,93|86,72|14,34|53,0|46,86|43,23|59,36|27,53|12,27/97,36=97,20,48,59,36
22,68|66,93|21,66|76,57|39,22|39,50|57,25|80,6|60,14|93,63|31,81|39,73|44,60|68,80|50,76|73,31|39,21|39,44|14,79|81,53/39,25=39,50,76,57,25
62,42|78,18|59,52|92,62|92,28|55,97|2,33|13,59|27,99|92,75|28,78|42,55|68,13|75,15|18,20|33,25|64,2|15,27|92,64|92,68/92,20=92,28,78,18,20
76,7|0,73|86,40|0,90|63,9|46,69|18,63|40,19|32,10|79,28|5,89|0,79|0,39|90,5|73,86|89,24|28,32|7,46|39,18|0,76/0,19=0,73,86,40,19
81,53|58,19|71,41|96,3|5,73|19,35|66,27|58,71|91,9|58,88|35,8|73,66|8,11|80,33|3,80|58,5|58,96|41,91|88,81|53,76/58,11=58,19,35,8,11
82,36|26,1|41,67|88,41|0,26|34,17|34,55|27,24|34,25|90,9|34,46|36,14|80,27|34,76|76,80|17,70|25,82|46,0|70,90|55,88/34,67=34,55,88,41,67
59,46|80,66|66,52|38,97|97,68|28,38|28,24|23,36|24,5|28,20|28,59|20,80|73,23|68,79|95,0|45,73|28,45|5,95|46,88|88,22/28,36=28,45,73,23,36
26,40|7,44|6,4|56,24|57,35|82,57|22,26|82,6|82,37|35,19|44,39|82,99|76,75|99,7|82,91|37,22|19,73|75,45|4,56|91,76/82,39=82,99,7,44,39
12,2|74,42|52,15|5,30|60,16|51,65|37,73|94,12|16,5|94,52|15,51|94,60|7,74|89,19|32,7|94,80|94,32|2,37|75,89|80,75/94,30=94,60,16,5,30
82,62|33,82|40,67|9,40|94,98|9,18|9,90|9,76|67,51|19,44|9,93|53,94|54,15|18,53|90,29|51,13|37,19|29,54|93,37|76,33/9,98=9,18,53,94,98
17,99|95,60|84,25|67,46|69,88|69,85|98,17|78,62|69,5|69,95|45,78|91,84|58,61|46,75|88,45|5,98|25,43|60,58|69,91|85,67/69,61=69,95,60,58,61
49,54|55,68|87,85|41,59|54,64|20,39|23,67|55,49|15,2|59,15|55,87|37,80|68,78|55,41|64,14|55,96|85,20|78,23|96,37|80,24/55,39=55,87,85,20,39
16,17|8,42|1,2|97,21|49,48|97,29|24,90|17,24|97,79|97,16|87,1|48,72|97,76|79,70|89,8|70,11|11,68|76,49|21,89|29,87/97,72=97,76,49,48,72
43,14|2,9|67,16|67,99|97,49|49,59|67,36|62,74|61,2|36,43|67,56|25,54|67,25|54,62|26,81|16,97|14,53|99,39|39,26|56,61/67,9=67,56,61,2,9
34,96|24,34|49,97|49,74|11,14|13,84|94,53|74,81|61,13|14,25|49,80|49,61|81,8|97,24|49,11|17,94|8,48|80,17|84,29|25,20/49,53=49,80,17,94,53
45,23|34,70|71,65|23,82|63,91|46,95|70,2|2,26|12,74|71,4|71,7|71,34|58,63|71,58|74,66|7,45|4,12|32,46|91,51|65,32/71,82=71,7,45,23,82
70,73|71,14|68,37|40,6|73,38|83,71|69,99|94,23|18,94|51,69|65,68|46,51|37,90|23,15|40,83|14,47|40,18|40,46|40,65|6,70/40,15=40,18,94,23,15
49,78|22,13|39,50|64,18|32,57|2,94|20,32|13,49|64,2|64,22|64,20|89,39|76,40|18,89|40,24|94,46|26,76|64,26|46,8|57,23/64,78=64,22,13,49,78
59,49|45,23|12,38|19,12|11,41|11,83|34,19|16,36|28,95|73,28|22,33|23,21|36,59|41,45|95,31|11,34|33,51|11,16|11,73|83,22/11,49=11,16,36,59,49
84,65|70,29|84,12|12,4|84,92|88,96|50,91|4,99|91,94|99,57|80,35|31,70|35,98|84,64|65,88|84,80|92,31|98,41|96,48|64,50/84,48=84,65,88,96,48
39,74|39,5|43,28|57,97|39,4|74,86|97,35|96,75|39,57|31,73|5,90|90,31|92,85|75,13|32,66|28,32|4,96|39,43|86,92|35,2/39,2=39,57,97,35,2
75,1|35,71|29,83|75,19|75,55|55,72|85,39|72,35|49,90|75,98|98,49|80,99|75,80|90,38|1,85|39,22|19,29|83,5|99,48|48,15/75,15=75,80,99,48,15
33,44|8,4|47,77|35,29|8,15|25,92|55,33|15,18|8,55|8,90|44,88|8,47|20,93|74,61|77,20|61,65|90,74|18,35|79,25|4,79/8,29=8,15,18,35,29
22,67|52,10|6,75|13,8|6,92|6,4|21,1|75,99|92,28|99,22|8,46|6,13|28,39|10,20|39,9|6,52|1,98|20,37|4,21|46,84/6,37=6,52,10,20,37
98,72|73,0|14,49|66,70|49,10|45,91|72,87|97,14|90,79|90,97|70,73|90,19|19,98|91,6|48,80|90,45|80,94|79,48|90,66|6,59/90,94=90,79,48,80,94
73,68|34,21|72,98|34,25|54,41|70,94|98,87|88,92|87,19|96,6|92,4|13,73|21,88|41,70|34,22|22,13|25,96|6,93|34,54|34,72/34,68=34,22,13,73,68
85,56|38,14|80,24|24,96|38,85|28,83|29,87|97,80|38,20|56,0|87,28|0,3|33,21|38,29|21,81|20,33|14,26|8,69|26,8|38,97/38,96=38,97,80,24,96
7,32|64,54|7,64|7,14|7,75|18,9|3,1|32,2|66,38|16,55|75,63|63,99|14,16|7,3|2,18|55,87|33,83|1,66|54,33|99,74/7,87=7,14,16,55,87
42,44|65,76|24,83|7,61|65,95|46,50|99,38|61,79|65,46|79,41|65,11|11,81|86,96|76,99|50,86|95,26|26,24|65,7|38,90|81,42/65,44=65,11,81,42,44
76,41|10,67|41,51|67,70|70,35|99,87|76,10|74,94|17,61|22,33|59,57|96,63|51,96|57,74|76,17|33,99|61,93|93,88|76,59|76,22/76,63=76,41,51,96,63
81,87|50,95|20,47|9,68|37,96|54,22|8,20|39,43|5,8|14,50|81,24|43,93|81,37|81,5|24,14|81,9|46,32|87,39|68,54|96,46/81,32=81,37,96,46,32
62,10|58,78|58,11|25,51|44,50|50,25|4,36|11,43|78,49|43,4|58,72|99,81|18,20|49,62|79,99|58,44|72,79|58,68|20,5|68,18/58,81=58,72,79,99,81
63,26|72,69|3,80|80,2|89,56|82,60|63,25|63,72|25,3|76,32|56,82|26,88|69,97|7,23|63,21|23,37|21,7|97,51|63,89|88,76/63,51=63,72,69,97,51
89,11|89,26|26,64|11,83|58,43|89,91|89,34|64,37|84,22|57,61|83,87|91,57|25,58|75,84|87,6|37,29|61,19|89,21|21,75|34,25/89,43=89,34,25,58,43
66,0|82,96|30,5|58,16|28,44|25,88|99,77|25,58|88,65|16,11|25,35|25,82|25,75|75,99|11,4|44,62|35,28|65,66|77,15|96,30/25,0=25,88,65,66,0
81,59|34,16|35,18|84,94|76,92|83,69|84,42|57,79|84,76|94,34|88,8|11,49|84,88|8,57|84,11|18,4|49,83|16,67|42,35|92,81/84,4=84,42,35,18,4
17,63|24,14|83,39|83,18|11,95|14,6|83,11|39,24|95,17|26,8|8,25|83,26|65,16|25,89|52,65|83,51|18,71|93,5|51,52|71,93/83,89=83,26,8,25,89
58,33|93,58|57,61|5,70|2,39|33,65|79,7|90,13|70,49|11,79|39,40|61,87|11,98|11,19|7,90|87,20|11,93|19,2|98,5|11,57/11,20=11,57,61,87,20
19,32|64,44|19,24|19,72|19,90|50,91|53,87|72,17|24,36|17,43|96,65|90,96|65,81|30,53|32,30|73,64|19,73|44,51|36,50|43,79/19,79=19,72,17,43,79
6,36|61,21|55,86|26,79|79,87|39,6|39,61|89,58|21,55|10,28|39,89|34,52|77,68|87,32|39,48|48,66|39,26|58,77|66,34|36,10/39,86=39,61,21,55,86
10,76|31,60|13,33|30,27|13,10|34,32|77,49|33,96|13,74|13,56|54,30|17,34|13,37|49,99|96,31|74,54|8,6|37,77|56,17|76,8/13,32=13,56,17,34,32
90,5|65,85|8,43|69,63|31,89|16,97|2,65|63,92|86,31|29,69|97,86|16,29|16,82|16,2|16,8|88,96|43,90|85,30|96,78|82,88/16,89=16,97,86,31,89
58,80|20,7|20,48|20,63|28,61|61,69|45,71|22,43|63,45|96,77|97,26|48,31|80,96|20,58|20,47|7,28|94,22|47,94|71,49|31,97/20,26=20,48,31,97,26
89,19|10,93|16,69|16,6|16,89|69,13|11,73|48,30|6,39|7,34|30,28|8,48|16,8|16,56|56,68|42,72|39,42|19,11|13,7|68,10/16,28=16,8,48,30,28
65,59|4,8|30,21|10,4|10,90|21,63|10,30|90,33|99,38|97,53|63,64|38,83|53,56|69,75|10,15|10,97|56,6|33,65|15,99|8,69/10,75=10,4,8,69,75
53,86|66,92|66,5|26,53|31,22|46,75|98,97|66,59|92,46|75,88|55,26|78,31|97,80|17,39|77,78|8,17|66,55|59,8|66,77|5,98/66,88=66,92,46,75,88
10,7|0,24|10,39|96,84|10,89|7,41|75,69|73,50|84,0|25,13|13,29|41,73|47,58|56,47|10,96|10,1|62,75|39,25|1,56|89,62/10,50=10,7,41,73,50
69,74|38,43|15,93|10,75|61,85|29,69|15,51|75,61|43,70|55,44|6,83|51,38|15,10|44,4|4,95|93,53|15,55|74,59|53,6|15,29/15,85=15,10,75,61,85
80,64|31,92|80,7|17,72|48,65|27,10|65,27|52,61|80,74|80,48|72,46|80,17|46,75|16,29|38,31|64,39|74,38|39,52|7,16|29,88/80,92=80,74,38,31,92
60,24|73,88|86,31|73,45|73,83|73,11|11,68|68,2|2,4|73,60|45,90|90,57|88,27|34,99|57,18|14,34|83,14|27,86|9,56|24,9/73,18=73,45,90,57,18
38,76|59,37|14,99|32,17|59,91|76,57|99,0|45,7|91,38|59,75|11,32|59,11|67,93|17,12|37,14|7,62|59,79|79,45|5,67|75,5/59,57=59,91,38,76,57
46,66|81,36|26,65|57,87|79,57|36,46|75,85|22,54|34,53|28,79|66,23|42,63|85,42|81,75|54,34|99,20|81,28|81,99|20,26|81,22/81,23=81,36,46,66,23
93,12|73,84|62,67|60,61|84,11|11,47|87,46|67,90|55,60|61,68|37,87|68,2|55,37|55,98|98,93|55,73|55,0|12,34|46,65|0,62/55,90=55,0,62,67,90
44,0|15,44|40,47|58,19|50,69|50,15|50,40|3,14|29,2|50,29|0,27|47,3|88,9|53,62|91,58|50,91|2,88|69,53|19,99|62,11/50,14=50,40,47,3,14
89,41|77,12|39,46|21,19|53,77|45,4|89,91|96,1|19,96|88,20|91,15|15,0|12,76|98,39|89,45|89,21|4,88|41,98|0,31|89,53/89,76=89,53,77,12,76
3,38|24,77|17,67|8,9|30,17|67,70|29,74|28,32|30,8|30,73|32,40|38,2|73,3|30,28|77,29|70,55|40,16|9,22|22,1|30,24/30,16=30,28,32,40,16
72,14|72,17|78,4|17,75|4,65|72,11|27,78|28,7|3,54|76,30|24,26|14,76|75,15|30,91|72,27|15,18|72,3|54,28|11,24|26,42/72,65=72,27,78,4,65
75,77|55,22|99,87|6,48|29,43|17,6|22,44|88,99|29,28|36,31|9,75|29,80|32,36|80,32|43,9|28,17|29,88|29,55|44,54|87,33/29,33=29,88,99,87,33
56,92|0,14|61,99|52,19|99,24|92,33|14,85|65,11|33,66|66,53|56,0|85,60|86,61|69,84|19,57|11,69|56,65|56,27|27,52|56,86/56,24=56,86,61,99,24
73,90|24,33|97,51|30,74|10,31|97,56|56,39|97,50|45,29|53,73|29,92|92,23|51,57|57,10|39,30|50,24|97,45|97,64|33,71|64,53/97,71=97,50,24,33,71
50,7|50,88|7,93|1,65|2,48|19,42|50,15|26,19|24,26|29,64|88,1|15,53|4,2|53,29|94,4|65,60|93,73|50,94|50,24|73,39/50,48=50,94,4,2,48
69,44|67,58|52,36|32,28|73,93|59,10|10,70|44,72|47,4|85,69|73,85|55,50|73,59|70,64|73,55|11,67|93,11|73,32|28,47|50,52/73,64=73,59,10,70,64
91,16|32,83|87,54|55,93|25,43|91,32|80,40|18,55|16,26|83,63|91,58|63,6|8,25|26,87|91,18|90,80|43,47|93,65|91,8|58,90/91,65=91,18,55,93,65
8,90|76,75|10,63|27,65|10,31|46,71|49,26|74,55|55,91|19,36|64,8|31,12|75,19|10,64|10,76|65,46|12,49|90,94|63,74|10,27/10,71=10,27,65,46,71
28,21|27,64|72,15|12,46|36,5|70,85|67,72|7,43|84,25|25,6|89,67|53,70|46,36|64,28|84,69|84,89|84,27|6,7|69,53|84,12/84,21=84,27,64,28,21
32,36|98,83|43,22|32,43|32,27|97,21|56,3|83,60|36,97|60,39|81,14|32,98|34,56|21,13|32,25|25,81|29,20|22,29|14,35|27,34/32,20=32,43,22,29,20
69,62|47,21|57,47|76,69|76,79|62,35|23,11|76,57|6,24|24,12|21,40|72,66|66,10|35,98|76,80|49,70|80,6|79,72|76,23|11,49/76,10=76,79,72,66,10
46,68|45,23|52,46|81,48|90,96|51,52|62,38|68,69|23,26|8,0|51,39|26,22|48,99|51,90|39,8|51,43|0,37|96,62|43,81|51,45/51,38=51,90,96,62,38
61,6|7,34|0,12|7,60|60,88|12,97|7,98|35,61|16,66|56,46|7,25|46,18|98,0|83,43|6,55|25,38|88,16|7,35|34,56|38,83/7,66=7,60,88,16,66
46,9|52,10|6,75|13,99|6,92|6,4|21,39|75,28|92,8|28,46|99,22|6,13|8,1|10,20|1,98|6,52|39,84|20,37|4,21|22,67/6,37=6,52,10,20,37
8,18|80,91|39,80|64,67|10,8|52,39|96,64|87,7|96,87|67,20|96,51|40,6|37,27|51,10|27,9|20,95|96,52|9,75|7,40|96,37/96,95=96,64,67,20,95
54,75|32,39|99,41|3,57|71,99|89,1|41,38|82,34|32,35|37,72|72,0|32,82|87,3|35,5|34,89|39,37|83,87|32,71|32,83|5,54/32,75=32,35,5,54,75
89,59|4,8|38,32|63,95|87,80|80,89|87,82|87,38|71,68|8,76|73,6|95,0|32,29|82,4|87,15|59,2|29,72|68,73|87,71|15,63/87,76=87,82,4,8,76
91,36|50,94|19,69|16,37|58,59|35,40|63,72|52,16|35,63|40,14|4,58|59,26|35,55|55,52|81,19|35,4|35,57|72,91|57,81|14,50/35,94=35,40,14,50,94
94,26|95,54|81,0|97,58|93,63|95,83|95,99|99,97|0,30|83,42|25,93|95,81|77,32|30,45|58,4|42,94|95,59|59,25|39,77|54,39/95,45=95,81,0,30,45
63,29|14,22|96,86|38,19|78,48|48,96|22,35|78,38|78,59|0,93|26,23|59,0|93,6|94,63|78,7|7,94|86,67|78,45|19,26|45,14/78,35=78,45,14,22,35
12,71|71,81|12,66|31,16|12,2|2,98|12,94|94,56|43,40|99,43|21,31|4,38|81,57|98,4|56,51|16,74|51,91|57,63|66,99|12,21/12,91=12,94,56,51,91
32,14|14,7|97,93|9,38|62,29|32,80|12,81|44,53|38,97|7,12|53,65|50,47|80,55|29,50|58,44|46,96|32,9|32,58|32,62|55,46/32,47=32,62,29,50,47
96,42|73,96|42,47|73,98|32,17|34,94|46,43|92,32|94,24|73,91|91,92|47,29|74,8|60,88|73,74|24,39|73,34|8,46|98,60|88,50/73,17=73,91,92,32,17
20,41|69,84|45,96|62,85|84,70|70,76|12,34|45,62|41,99|79,88|6,74|36,79|74,0|96,36|2,20|45,69|45,59|59,6|45,2|85,12/45,0=45,59,6,74,0
55,6|7,51|31,24|55,13|34,62|36,34|55,39|13,45|1,38|45,31|17,81|60,1|2,60|19,96|39,36|6,16|81,7|16,19|55,2|55,17/55,38=55,2,60,1,38
13,83|17,21|21,81|80,58|17,11|61,60|27,15|7,84|15,13|39,80|17,38|71,7|17,27|34,52|11,39|84,49|38,61|81,34|17,71|60,35/17,49=17,71,7,84,49
75,2|14,86|87,15|86,12|2,94|63,77|87,78|87,31|72,39|77,56|90,76|55,14|31,44|44,90|15,75|37,63|87,55|45,72|78,45|87,37/87,76=87,31,44,90,76
55,45|67,73|28,49|8,17|52,54|76,33|49,6|73,9|67,28|6,90|67,0|67,8|82,1|54,60|17,82|67,79|79,52|0,55|9,76|45,74/67,60=67,79,52,54,60
15,19|33,55|89,99|86,18|99,76|86,33|86,8|18,15|62,87|14,35|86,26|26,89|55,62|88,69|8,60|49,14|86,49|35,61|60,88|19,44/86,69=86,8,60,88,69
46,86|95,12|17,46|50,95|71,99|82,17|24,47|20,31|51,68|20,82|31,50|20,71|54,3|42,6|11,51|99,42|47,54|98,11|20,98|20,24/20,6=20,71,99,42,6
85,27|13,7|65,46|85,87|85,86|7,77|69,88|85,35|87,62|88,52|85,69|58,67|86,84|9,4|35,13|27,9|4,83|62,65|52,17|84,58/85,67=85,86,84,58,67
98,49|98,69|19,92|48,52|49,33|31,48|81,85|83,71|69,19|98,44|4,81|98,4|33,55|55,41|6,83|74,31|92,8|44,6|98,74|85,82/98,71=98,44,6,83,71
25,49|25,59|22,50|18,74|6,22|28,86|90,39|86,83|61,90|88,97|49,18|85,28|25,2|27,6|59,61|97,56|25,27|74,40|25,85|2,88/25,56=25,2,88,97,56
87,13|21,58|76,96|2,97|96,59|59,1|69,50|95,2|58,87|6,76|6,81|6,95|70,55|6,21|50,31|81,69|4,98|97,40|98,70|6,4/6,31=6,81,69,50,31
63,28|14,55|48,23|23,9|62,87|31,38|53,48|91,53|91,92|28,12|38,15|12,24|78,62|92,78|97,31|55,50|91,74|74,14|91,97|91,63/91,24=91,63,28,12,24
43,50|95,74|61,4|74,34|50,7|89,77|89,47|89,28|89,60|37,80|28,83|53,69|77,95|4,58|39,0|47,61|0,37|89,39|83,53|60,43/89,58=89,47,61,4,58
64,54|33,13|51,70|66,25|77,93|93,40|28,58|28,22|13,87|87,0|28,51|58,9|70,78|28,33|28,14|9,66|78,11|54,38|22,64|14,77/28,11=28,51,70,78,11
63,92|60,14|34,16|16,6|52,2|20,51|2,28|10,48|60,91|76,57|92,38|14,52|6,27|57,10|60,76|74,20|91,74|31,63|60,34|60,31/60,27=60,34,16,6,27
12,19|76,75|10,63|27,65|10,31|46,71|55,91|8,49|49,36|90,94|64,12|31,74|75,90|10,64|10,76|65,46|74,55|19,26|63,8|10,27/10,71=10,27,65,46,71
87,76|36,68|67,46|40,97|54,15|19,18|40,89|5,95|40,67|97,87|46,36|16,84|83,63|40,54|89,45|15,16|40,83|76,2|45,19|63,5/40,18=40,89,45,19,18
38,69|23,41|69,84|98,1|38,46|84,78|38,77|77,9|1,45|7,55|58,7|43,40|65,58|9,43|78,64|38,23|46,98|38,65|16,61|41,16/38,40=38,77,9,43,40
94,64|32,55|54,52|97,26|19,68|54,50|52,94|17,19|38,35|54,17|50,38|54,32|55,27|35,14|27,87|68,93|37,1|26,37|54,97|64,59/54,93=54,17,19,68,93
0,95|59,39|65,45|42,33|88,25|13,40|42,82|55,8|25,50|8,76|39,13|81,65|95,20|73,81|42,59|77,88|82,55|42,77|33,0|42,73/42,20=42,33,0,95,20
33,82|66,42|27,90|55,33|42,34|14,92|27,38|22,24|81,67|92,74|16,55|27,83|67,72|27,66|90,80|27,16|80,22|34,62|83,81|38,14/27,72=27,83,81,67,72
5,90|90,13|5,66|46,53|43,4|66,75|75,58|34,88|13,63|94,47|89,59|53,25|5,34|58,40|63,32|88,43|59,94|14,46|5,89|5,14/5,4=5,34,88,43,4
27,81|63,66|95,85|61,47|2,86|53,62|54,61|75,95|91,54|81,89|89,53|3,63|76,75|27,76|27,91|66,94|27,3|27,29|29,2|86,1/27,85=27,76,75,95,85
61,74|20,17|21,95|93,69|61,24|82,5|12,21|34,30|74,12|91,3|24,32|81,57|5,93|61,91|3,2|2,10|61,82|32,81|61,34|30,20/61,69=61,82,5,93,69
74,91|19,39|87,33|58,22|57,65|25,87|57,25|46,94|13,19|57,12|65,13|57,89|91,35|22,43|89,77|77,46|12,74|36,58|33,79|57,36/57,94=57,89,77,46,94
26,59|49,11|42,0|98,82|10,28|10,60|51,98|76,42|60,67|10,26|18,76|10,18|67,49|13,66|75,2|10,13|28,51|24,3|59,24|66,75/10,11=10,60,67,49,11
46,12|43,65|62,14|43,31|61,86|43,62|71,56|0,69|17,96|5,0|8,13|43,61|31,85|65,46|39,5|14,8|85,71|43,39|86,17|12,63/43,13=43,62,14,8,13
66,23|7,77|45,10|34,28|54,72|23,19|6,54|45,66|10,40|19,82|40,97|45,34|81,16|28,7|67,90|72,96|90,81|45,6|45,67|97,12/45,77=45,34,28,7,77
64,15|51,64|25,68|88,75|75,69|65,9|29,33|68,13|79,63|65,61|61,25|65,88|9,51|65,45|63,73|45,56|69,6|22,79|56,29|65,22/65,73=65,22,79,63,73
19,90|77,73|8,99|90,89|68,26|98,77|23,49|47,81|98,68|36,8|98,36|82,19|26,23|98,1|99,18|81,16|1,47|20,96|98,82|73,20/98,89=98,82,19,90,89
89,45|23,75|79,65|13,40|1,49|45,63|89,13|75,64|63,17|84,1|65,86|89,51|89,79|17,98|86,36|24,38|40,24|88,23|89,88|51,84/89,64=89,88,23,75,64
10,28|97,7|98,5|93,40|92,86|1,10|27,93|75,97|40,56|75,27|28,83|75,92|84,95|58,84|86,9|9,4|75,58|75,1|7,98|95,44/75,4=75,92,86,9,4
40,14|40,7|23,83|86,22|55,68|57,43|14,57|40,39|36,47|53,64|43,63|40,86|72,53|83,61|7,72|61,44|40,23|22,55|39,36|47,70/40,44=40,23,83,61,44
61,53|20,90|10,30|18,52|3,11|73,70|30,46|53,72|22,64|90,61|77,73|17,10|20,17|70,60|20,95|20,77|11,6|95,3|20,18|52,22/20,6=20,95,3,11,6
58,54|32,93|35,4|58,3|58,8|39,32|3,40|54,83|83,52|58,68|8,24|81,21|68,27|58,39|40,35|93,66|52,9|24,81|27,99|99,71/58,4=58,3,40,35,4
3,36|45,28|30,31|3,35|36,40|28,79|41,58|35,56|40,70|70,94|58,90|90,38|18,45|3,82|56,30|68,74|3,18|3,41|82,68|74,13/3,31=3,35,56,30,31
30,11|51,88|0,94|87,51|57,37|13,65|13,57|65,87|94,34|63,69|69,39|13,98|75,0|98,22|37,35|22,30|35,46|13,75|13,63|39,80/13,88=13,65,87,51,88
64,57|41,80|77,81|58,30|64,19|81,66|64,88|83,47|57,58|47,14|64,49|5,28|73,5|80,18|28,46|88,83|30,12|19,77|49,41|64,73/64,14=64,88,83,47,14
91,96|40,91|19,89|62,5|53,2|51,85|19,58|5,60|16,74|86,40|19,21|59,16|95,53|25,51|89,95|19,86|58,62|19,66|66,59|21,25/19,2=19,89,95,53,2
80,8|25,0|56,89|80,27|80,55|71,49|95,37|49,54|52,51|96,92|80,60|61,95|55,61|27,56|0,52|80,25|60,71|18,96|89,19|8,18/80,19=80,27,56,89,19
73,48|9,29|28,30|29,77|66,52|92,41|59,17|47,39|34,22|77,95|22,19|52,92|28,9|28,36|39,26|28,73|30,47|48,59|36,34|28,66/28,17=28,73,48,59,17
14,93|14,10|26,87|46,9|9,31|15,30|87,51|86,62|30,44|85,45|14,86|10,46|55,91|66,26|14,4|93,15|62,85|4,42|14,66|42,55/14,51=14,66,26,87,51
3,81|81,28|28,50|70,92|61,69|56,14|49,36|36,45|39,84|45,86|49,94|49,39|91,18|49,56|2,61|94,2|49,3|14,91|84,70|86,58/49,69=49,94,2,61,69
18,30|27,31|63,59|38,18|9,39|38,63|30,9|77,0|31,23|38,57|81,27|38,81|59,8|57,77|35,92|15,65|0,43|38,35|8,78|92,15/38,43=38,57,77,0,43
26,23|56,72|15,99|23,17|74,96|85,53|93,74|72,5|85,92|67,46|48,26|89,67|36,93|85,36|91,15|53,89|92,91|85,7|7,56|85,48/85,17=85,48,26,23,17
76,41|10,33|41,51|33,93|93,87|74,94|76,10|99,88|17,67|22,61|59,57|96,63|51,96|57,99|76,17|61,74|67,70|70,35|76,59|76,22/76,63=76,41,51,96,63
33,90|62,49|74,3|62,71|62,11|45,88|49,64|37,45|17,40|58,50|20,33|89,60|71,37|64,17|62,58|50,89|62,8|8,20|3,34|11,74/62,60=62,58,50,89,60
50,47|26,38|79,44|26,79|26,40|30,71|47,31|71,0|31,22|17,21|84,81|44,84|7,34|38,23|2,94|40,30|26,50|34,2|23,17|26,7/26,22=26,50,47,31,22
99,41|41,56|25,23|19,73|99,0|56,58|77,4|82,33|51,82|99,19|99,51|4,61|33,54|58,65|99,72|78,46|73,78|23,49|72,77|0,25/99,65=99,41,56,58,65
15,11|12,56|28,97|56,72|15,12|77,29|15,1|15,75|11,94|75,77|30,58|29,90|1,71|15,28|71,55|54,59|97,30|94,54|72,47|55,84/15,59=15,11,94,54,59
80,98|70,91|80,66|80,60|34,74|58,99|47,44|0,47|69,25|91,14|60,34|98,15|80,70|14,31|66,0|15,69|80,90|74,13|99,37|90,58/80,13=80,60,34,74,13
84,92|66,40|80,67|76,52|23,34|70,68|3,65|92,44|79,90|34,6|76,79|76,80|76,37|44,9|76,84|90,70|67,66|65,81|37,23|52,3/76,68=76,79,90,70,68
41,39|41,43|59,84|2,83|43,21|21,66|39,49|41,71|83,91|91,56|24,80|71,63|49,79|66,57|41,38|79,22|38,96|96,24|63,59|41,2/41,57=41,43,21,66,57
40,31|79,14|54,96|40,79|19,50|40,2|99,3|2,21|96,73|71,54|94,86|14,74|22,94|77,22|21,19|40,71|3,12|31,99|74,44|40,77/40,86=40,77,22,94,86
39,70|40,37|61,15|84,73|29,82|45,29|41,84|96,79|94,13|40,61|17,45|15,43|43,4|40,94|40,17|40,41|13,39|79,32|37,96|73,12/40,32=40,37,96,79,32
14,32|31,30|47,64|31,58|46,35|51,14|7,47|97,7|61,38|12,46|29,45|52,12|31,29|84,20|30,51|58,61|31,52|38,9|31,97|45,84/31,32=31,30,51,14,32
20,64|95,78|88,63|63,46|88,13|88,10|88,23|13,90|39,71|10,40|71,18|78,20|59,75|46,50|88,95|85,32|40,85|50,80|23,39|90,59/88,64=88,95,78,20,64
45,69|73,82|7,49|31,97|90,23|97,67|24,59|67,76|12,46|51,78|10,92|40,90|23,24|40,7|92,73|40,10|40,31|40,51|78,12|49,45/40,82=40,10,92,73,82
66,84|37,66|37,3|5,54|37,31|28,26|45,97|78,47|97,65|31,55|37,45|54,89|65,29|3,5|84,78|73,2|2,7|37,73|7,44|55,28/37,44=37,73,2,7,44
70,85|71,47|25,69|28,98|28,9|28,50|22,25|42,39|29,76|98,7|28,17|85,82|28,70|48,42|50,27|82,14|17,48|7,71|27,29|9,22/28,14=28,70,85,82,14
81,33|25,77|83,32|34,67|74,34|38,74|53,99|38,0|38,81|79,19|33,92|19,60|92,36|99,25|38,53|32,50|38,83|0,79|67,61|50,55/38,60=38,0,79,19,60
35,46|34,47|71,11|86,71|35,57|54,86|78,72|35,87|57,7|55,23|87,34|6,55|47,21|7,81|35,54|46,15|35,16|15,78|16,6|81,33/35,33=35,57,7,81,33
41,47|10,66|68,41|7,65|32,10|77,46|6,3|47,77|59,93|3,80|68,86|68,32|76,6|66,61|51,64|93,51|68,59|12,7|86,12|68,76/68,61=68,32,10,66,61
48,47|97,42|23,66|7,49|10,7|88,27|54,79|48,97|27,36|47,85|0,30|12,65|13,88|49,21|85,0|48,13|48,10|48,23|66,54|42,12/48,21=48,10,7,49,21
10,48|79,95|54,38|79,68|22,77|60,61|38,40|35,8|79,7|79,10|40,78|68,76|7,22|79,54|0,33|95,19|48,0|19,60|77,26|76,35/79,26=79,7,22,77,26
2,46|60,80|6,64|60,5|5,29|68,76|80,12|60,21|29,18|36,78|78,73|64,2|12,3|73,92|95,68|60,36|60,6|21,95|3,35|18,81/60,81=60,5,29,18,81
5,45|25,59|14,50|25,14|45,27|59,62|24,12|27,86|47,82|25,69|39,58|38,37|25,5|50,99|99,66|58,42|62,38|69,39|25,24|12,47/25,86=25,5,45,27,86
10,30|64,18|5,49|62,64|43,72|63,94|92,66|16,82|2,16|85,98|30,92|5,10|94,69|5,87|72,85|87,63|5,43|49,2|5,54|54,62/5,98=5,43,72,85,98
10,33|64,14|10,90|30,62|10,0|37,91|12,66|84,37|49,95|0,23|95,12|23,22|90,30|59,84|62,4|33,26|10,49|22,24|26,64|10,59/10,91=10,59,84,37,91
25,62|67,45|73,12|61,8|24,0|5,67|26,65|11,92|12,25|73,11|92,26|7,71|71,61|62,4|73,7|73,9|9,5|82,39|0,82|73,24/73,8=73,7,71,61,8
90,86|82,24|89,82|89,26|76,11|71,52|11,50|5,39|84,69|19,8|24,71|89,90|26,33|1,49|33,19|86,1|89,16|69,5|16,76|89,84/89,49=89,90,86,1,49
47,18|99,24|21,36|24,11|59,2|21,58|58,47|21,60|48,50|15,78|13,48|18,37|21,13|74,59|21,40|40,54|36,99|54,15|60,74|50,49/21,78=21,40,54,15,78
61,53|23,71|87,8|38,25|61,23|19,38|37,63|48,27|21,36|27,35|71,37|25,5|61,65|61,19|35,46|61,48|53,4|8,11|65,87|4,21/61,11=61,65,87,8,11
21,84|81,96|88,82|1,72|1,30|1,23|99,60|0,62|1,99|1,0|62,40|40,80|84,41|94,38|60,94|30,73|73,81|72,17|23,21|17,88/1,96=1,30,73,81,96
65,27|65,11|44,61|65,8|11,72|14,23|30,52|52,69|40,14|65,75|72,47|71,19|47,96|8,40|75,29|37,89|65,44|29,71|61,37|27,30/65,19=65,75,29,71,19
96,1|44,15|13,32|32,47|50,45|47,0|45,29|16,44|88,7|74,21|31,16|1,20|29,90|74,31|7,56|74,54|21,88|74,50|54,96|74,13/74,0=74,13,32,47,0
86,48|91,60|72,19|5,84|50,23|5,80|90,98|5,21|70,33|23,31|5,91|19,67|80,50|92,77|5,92|21,72|84,18|77,70|18,86|60,90/5,31=5,80,50,23,31
24,5|85,54|70,56|54,12|16,48|33,16|0,95|85,70|37,0|85,93|85,3|51,55|80,37|56,79|12,51|93,62|85,80|62,24|79,76|3,33/85,76=85,70,56,79,76
62,56|53,54|53,39|53,26|20,33|39,41|54,20|24,88|13,46|41,91|26,24|61,16|53,5|33,99|53,61|16,13|5,62|56,58|91,57|88,87/53,99=53,54,20,33,99
44,97|25,53|57,94|94,93|63,31|93,0|50,99|44,71|24,5|44,18|46,50|83,25|18,22|44,57|71,63|97,83|92,46|44,92|22,24|31,1/44,5=44,18,22,24,5
94,64|94,84|48,69|65,74|98,65|94,10|84,34|64,33|63,98|22,41|41,25|39,70|91,22|94,91|34,48|10,39|79,19|70,93|33,79|94,63/94,74=94,63,98,65,74
61,74|81,10|2,57|93,69|61,24|82,5|12,2|34,3|74,12|91,32|24,30|20,17|5,93|61,91|32,21|21,95|61,82|30,20|61,34|3,81/61,69=61,82,5,93,69
80,31|80,79|72,52|99,49|42,45|69,60|43,72|55,54|31,43|80,51|50,57|80,99|57,19|79,6|6,55|78,50|32,69|51,32|80,78|49,42/80,52=80,31,43,72,52
27,38|86,22|13,21|87,88|9,7|52,1|87,83|87,9|87,52|91,13|87,73|51,27|49,92|1,86|73,49|92,16|7,19|19,54|88,91|83,51/87,38=87,83,51,27,38
63,31|8,98|98,5|30,8|49,45|89,63|92,24|48,38|24,20|45,92|65,93|93,59|19,0|38,19|59,76|49,84|49,65|84,89|49,48|49,30/49,0=49,48,38,19,0
73,18|88,9|44,73|14,37|37,56|44,53|71,42|79,25|53,99|81,39|18,79|99,96|12,14|44,12|42,88|96,40|52,61|44,81|44,71|39,52/44,56=44,12,14,37,56
79,5|92,52|33,90|19,97|2,25|88,79|62,19|62,33|62,88|52,9|91,38|97,91|5,27|11,2|62,11|90,47|62,92|25,15|9,60|47,84/62,84=62,33,90,47,84
63,85|7,55|57,67|83,72|56,7|57,30|30,63|57,19|85,34|94,79|72,68|88,56|49,94|2,75|57,51|57,88|51,74|74,2|19,83|67,49/57,34=57,30,63,85,34
32,65|63,20|62,36|70,96|39,6|86,63|65,94|32,15|32,70|0,54|15,39|47,7|97,79|6,8|32,47|96,0|7,62|94,97|20,49|32,86/32,49=32,86,63,20,49
91,32|87,7|12,65|54,87|92,91|21,94|72,47|72,34|63,11|7,14|10,9|34,10|72,17|17,92|94,89|72,54|9,57|47,21|11,12|72,63/72,14=72,54,87,7,14
64,60|52,79|22,72|81,45|1,84|64,43|84,66|72,81|43,34|44,92|66,95|92,5|34,52|64,61|64,1|67,86|93,67|60,44|64,22|61,93/64,95=64,1,84,66,95
6,99|20,82|22,88|9,22|65,12|41,16|63,0|20,65|92,87|13,30|20,13|16,63|84,34|12,6|34,25|20,41|25,28|30,92|20,84|82,9/20,0=20,41,16,63,0
79,81|92,20|20,10|10,33|2,42|99,12|92,97|57,52|44,86|92,79|92,2|86,57|50,76|81,50|68,62|5,99|42,68|97,5|92,44|33,1/92,52=92,44,86,57,52
54,92|54,58|92,80|89,33|97,29|58,97|52,13|54,78|54,66|13,53|66,89|53,34|80,1|33,2|78,42|42,72|1,67|54,52|29,77|72,9/54,34=54,52,13,53,34
13,94|96,83|53,74|48,58|35,13|96,57|79,16|9,79|60,84|84,73|96,20|46,48|20,46|94,71|3,60|57,56|96,35|83,9|56,53|96,3/96,74=96,57,56,53,74
5,84|3,80|72,29|64,51|80,4|86,3|64,5|45,71|29,45|51,55|60,89|89,50|64,86|55,76|64,72|59,18|64,63|76,21|63,60|84,59/64,18=64,5,84,59,18
64,22|74,41|74,96|74,37|22,32|26,18|24,8|4,69|5,97|74,1|37,26|66,24|96,64|53,35|35,4|18,13|1,66|41,43|43,5|74,53/74,13=74,37,26,18,13
32,14|14,55|46,81|9,38|62,29|32,80|97,65|7,12|38,46|55,97|12,93|50,47|80,44|29,50|58,7|53,96|32,9|32,58|32,62|44,53/32,47=32,62,29,50,47
84,46|87,85|15,32|19,84|10,73|85,9|10,12|12,19|94,1|14,35|10,91|77,87|23,14|69,94|91,15|73,69|10,74|74,23|10,77|32,59/10,46=10,12,19,84,46
29,68|13,42|30,29|58,99|79,53|13,30|56,81|42,5|48,79|13,58|19,27|5,19|13,38|45,0|94,45|68,74|13,48|99,56|53,54|38,94/13,54=13,48,79,53,54
0,96|0,64|66,59|80,33|96,35|35,93|63,27|52,43|93,76|27,62|58,66|97,3|36,63|0,97|3,80|45,52|43,55|64,58|0,45|0,36/0,55=0,45,52,43,55
35,66|94,86|60,94|60,6|74,21|96,10|60,74|30,37|86,5|5,26|60,30|16,56|37,16|60,96|10,35|61,39|89,82|6,89|21,61|82,87/60,87=60,6,89,82,87
52,9|81,54|29,13|99,51|63,56|51,83|52,59|83,33|9,79|52,91|92,11|52,99|94,92|59,94|79,81|52,64|56,15|13,86|64,63|91,29/52,11=52,59,94,92,11
90,80|86,55|98,86|80,44|73,93|79,77|44,88|91,90|91,98|76,79|27,20|85,73|29,30|91,76|77,87|91,1|1,85|55,71|30,27|91,29/91,88=91,90,80,44,88
48,90|34,28|34,56|3,1|56,3|1,23|34,48|81,72|64,73|72,16|16,50|34,49|28,64|34,81|87,54|73,65|49,87|54,75|18,31|90,18/34,23=34,56,3,1,23
97,91|92,52|33,90|19,2|79,5|88,97|62,19|62,33|62,88|52,25|9,38|2,9|91,15|11,79|62,11|90,47|62,92|5,60|25,27|47,84/62,84=62,33,90,47,84
71,95|68,71|0,35|67,87|95,53|68,80|80,91|68,92|53,31|91,0|59,98|68,2|21,43|87,49|98,55|55,76|48,21|2,48|92,67|68,59/68,35=68,80,91,0,35
1,87|28,1|87,75|8,41|28,37|92,56|86,92|28,46|30,70|37,86|28,82|73,65|75,18|82,24|65,23|24,30|57,8|29,73|46,57|28,29/28,18=28,1,87,75,18
72,69|11,59|72,2|96,49|36,32|23,82|40,11|44,19|85,0|19,93|74,23|72,46|49,20|72,85|93,86|46,96|0,36|69,40|72,44|2,74/72,20=72,46,96,49,20
45,92|44,21|54,47|54,45|48,69|54,42|99,18|54,66|83,44|91,37|92,68|68,80|47,83|37,51|32,11|11,99|54,32|38,48|42,38|66,91/54,80=54,45,92,68,80
19,13|37,19|40,67|9,40|94,98|9,18|9,90|9,76|67,54|51,62|9,93|53,94|82,15|18,53|90,33|54,44|29,51|33,82|93,29|76,37/9,98=9,18,53,94,98
19,84|48,8|64,92|88,2|90,97|71,88|35,48|92,96|90,29|74,9|9,33|90,43|43,7|90,35|90,71|8,41|7,19|2,50|29,74|97,64/90,84=90,43,7,19,84
60,88|81,96|84,41|1,72|1,30|1,23|99,17|0,62|1,99|1,0|62,94|94,82|88,38|40,80|17,40|30,73|73,81|72,21|23,60|21,84/1,96=1,30,73,81,96
98,81|17,70|17,46|81,94|75,2|73,0|6,98|61,64|47,40|0,47|28,68|11,61|17,6|78,8|2,44|46,75|70,11|17,73|17,28|68,78/17,94=17,6,98,81,94
54,74|4,75|61,30|28,54|42,77|9,28|49,90|66,48|42,34|90,16|48,70|42,9|42,49|40,23|42,61|34,11|16,55|30,40|11,4|77,66/42,75=42,34,11,4,75
52,60|80,52|4,32|21,67|68,31|44,53|5,17|19,4|34,27|21,50|67,19|27,3|50,80|3,74|21,5|31,44|43,86|21,34|17,43|21,68/21,32=21,67,19,4,32
69,12|69,31|29,74|27,17|69,83|54,77|52,27|63,82|69,54|33,73|64,33|77,63|83,0|12,52|39,35|31,5|0,39|69,34|5,29|34,64/69,82=69,54,77,63,82
85,45|22,4|45,66|54,48|13,18|12,60|94,26|22,54|1,51|22,12|22,74|41,87|26,37|22,56|4,85|74,1|51,50|60,13|56,94|48,41/22,87=22,54,48,41,87
60,23|58,54|60,59|59,2|60,37|33,61|23,58|61,92|28,9|8,88|60,8|3,94|60,33|9,36|54,35|88,34|37,28|34,83|2,3|92,73/60,36=60,37,28,9,36
82,3|23,87|23,82|14,24|23,61|45,14|99,78|5,9|72,11|78,26|98,47|3,5|86,36|23,89|6,98|87,99|11,86|23,72|61,6|89,45/23,24=23,89,45,14,24
81,53|18,50|81,5|11,75|89,0|50,44|21,89|35,39|55,7|62,61|7,11|72,21|39,4|53,18|81,72|81,35|81,55|5,37|37,62|4,95/81,44=81,53,18,50,44
5,90|90,59|5,66|46,63|43,4|66,13|13,94|34,88|59,53|58,40|89,75|63,32|5,34|94,25|53,47|88,43|75,58|14,46|5,89|5,14/5,4=5,34,88,43,4
99,26|50,95|47,51|48,66|57,12|19,76|54,99|54,93|26,50|83,57|54,15|66,47|8,40|54,48|81,73|93,83|73,19|15,8|40,4|54,81/54,51=54,48,66,47,51
49,7|94,28|20,69|17,60|43,12|23,54|20,17|60,23|20,49|20,68|41,76|51,86|12,71|57,6|7,57|20,51|68,43|69,64|64,41|86,94/20,54=20,17,60,23,54
9,8|53,22|79,50|77,66|53,31|50,80|53,79|52,39|16,9|80,44|55,75|31,26|39,55|53,40|26,77|41,38|40,41|38,46|22,16|53,52/53,66=53,31,26,77,66
20,83|68,17|80,46|42,84|14,79|20,74|74,81|71,45|43,86|17,89|60,29|81,0|83,68|20,60|46,43|0,4|84,71|20,80|29,14|20,42/20,79=20,60,29,14,79
63,31|38,19|90,23|82,46|23,4|38,54|38,90|45,73|38,26|31,82|60,64|73,27|4,80|5,55|26,5|55,89|54,83|19,45|38,63|83,60/38,27=38,19,45,73,27
81,44|61,69|5,79|89,1|30,28|21,89|1,10|25,81|28,76|30,61|14,16|31,74|30,14|69,5|16,31|30,21|44,58|82,63|30,25|76,82/30,58=30,25,81,44,58
1,87|28,1|87,75|65,56|28,37|30,23|86,30|28,46|8,70|37,86|28,82|24,92|75,18|82,57|92,41|57,8|73,65|29,24|46,73|28,29/28,18=28,1,87,75,18
56,99|88,51|34,33|73,34|71,73|16,8|93,39|51,56|8,67|39,38|33,78|38,42|71,1|1,16|80,45|71,93|10,66|66,80|71,88|71,10/71,99=71,88,51,56,99
34,3|78,11|55,79|55,76|61,57|55,44|95,78|55,61|59,34|76,95|55,59|87,4|94,13|33,90|79,87|57,33|44,94|3,65|4,12|13,69/55,69=55,44,94,13,69
96,33|34,10|34,44|10,85|28,5|34,86|69,43|34,77|56,8|85,53|5,40|34,56|8,88|86,96|77,47|47,69|88,98|53,54|33,12|44,28/34,98=34,56,8,88,98
82,50|42,91|82,95|82,5|4,51|82,31|95,96|17,89|91,8|77,76|61,32|76,43|96,61|5,42|50,66|88,77|82,88|31,17|66,4|89,45/82,8=82,5,42,91,8
8,87|86,18|94,50|1,11|90,1|8,90|59,34|18,59|11,28|71,55|88,9|87,92|8,94|27,88|8,86|8,46|6,62|50,6|46,27|92,71/8,34=8,86,18,59,34
50,57|15,58|15,50|15,67|75,95|82,59|94,98|67,29|89,61|58,69|15,16|36,23|34,96|29,94|57,75|16,84|15,36|69,34|23,89|84,82/15,96=15,58,69,34,96
75,17|49,18|34,7|49,75|53,81|18,54|11,70|81,90|35,45|49,34|54,35|64,24|7,52|52,22|17,11|83,53|12,64|49,41|49,83|41,12/49,70=49,75,17,11,70
78,46|7,1|54,57|2,18|55,78|55,30|76,48|45,54|31,17|63,29|46,31|18,76|55,7|55,2|1,41|55,45|30,63|41,36|57,90|29,15/55,17=55,78,46,31,17
8,44|8,50|8,71|57,94|17,29|8,22|50,17|96,39|29,32|78,12|4,57|22,13|66,16|8,40|60,78|40,4|71,96|39,90|13,66|44,60/8,94=8,40,4,57,94
8,74|82,40|82,66|22,93|29,22|82,34|77,37|40,4|73,65|82,63|50,99|63,73|74,68|66,50|34,8|65,84|99,16|69,29|4,77|82,69/82,84=82,63,73,65,84
14,28|5,60|79,53|28,37|6,82|59,63|2,5|82,40|67,65|96,6|77,14|59,96|59,51|59,16|59,77|47,79|16,47|65,42|51,67|63,2/59,60=59,63,2,5,60
33,65|25,32|53,25|34,33|82,40|62,20|81,78|73,94|62,5|67,53|78,15|39,12|62,9|5,70|62,82|40,39|70,73|9,81|62,67|20,34/62,94=62,5,70,73,94
44,21|45,5|9,82|68,98|99,45|63,16|1,31|58,68|63,90|0,37|63,29|79,99|16,0|63,44|90,58|37,19|21,1|63,79|26,9|29,26/63,5=63,79,99,45,5
81,72|22,7|25,29|75,81|90,76|99,90|98,75|44,9|92,25|29,46|22,98|22,44|26,41|9,40|40,31|22,99|7,26|41,0|22,92|76,70/22,72=22,98,75,81,72
24,84|48,14|94,26|29,58|27,83|43,38|47,53|9,97|18,94|43,47|84,48|97,17|57,27|38,57|43,49|26,28|49,9|43,24|53,29|43,18/43,28=43,18,94,26,28
10,28|28,56|96,73|87,40|2,98|80,96|79,48|4,97|40,4|98,79|56,85|51,32|80,31|22,11|80,10|80,87|80,2|73,22|31,51|32,5/80,85=80,10,28,56,85
11,99|52,31|11,24|11,63|23,52|75,43|43,0|41,70|66,3|63,75|11,40|11,95|40,89|17,66|95,23|70,35|24,41|99,17|89,69|69,10/11,0=11,63,75,43,0
74,4|80,91|34,84|33,10|38,15|48,3|25,48|64,33|84,56|56,29|64,25|64,34|64,41|64,24|41,72|10,80|24,66|66,74|3,79|72,38/64,4=64,24,66,74,4
68,87|53,52|70,98|77,86|98,68|67,79|35,53|59,48|86,72|72,67|73,22|96,83|83,63|22,59|42,96|77,73|77,35|77,70|52,32|77,42/77,63=77,42,96,83,63
61,35|55,68|61,82|56,16|35,56|40,28|84,6|61,59|59,12|61,78|73,71|68,30|71,10|78,73|62,55|61,62|82,95|16,32|95,40|12,84/61,6=61,59,12,84,6
88,47|51,46|98,28|58,92|62,31|62,98|87,60|27,49|4,51|62,58|28,81|49,93|62,59|92,88|60,64|59,4|55,87|81,32|62,55|31,27/62,32=62,98,28,81,32
97,69|8,16|81,19|12,3|47,22|12,11|35,8|16,13|22,32|12,35|69,43|12,34|85,47|72,17|2,72|19,29|11,81|3,97|34,2|12,85/12,17=12,34,2,72,17
56,92|40,29|57,56|65,75|32,63|40,82|75,47|41,95|76,32|40,90|47,79|40,76|51,91|63,20|88,41|91,67|40,65|90,57|82,88|29,51/40,20=40,76,32,63,20
83,82|43,65|87,55|83,34|55,29|42,77|67,28|83,46|83,87|83,67|28,59|13,48|46,42|29,25|82,43|34,13|65,35|59,78|48,85|77,97/83,78=83,67,28,59,78
31,19|77,31|10,11|47,81|15,4|76,79|35,27|77,10|77,35|77,39|21,45|17,14|11,15|18,42|45,47|19,17|27,76|39,18|42,49|77,21/77,79=77,35,27,76,79
87,92|40,0|18,93|90,59|92,9|61,67|74,61|40,74|75,99|34,33|40,18|99,4|40,37|37,20|93,34|40,75|20,90|67,63|0,87|4,58/40,9=40,0,87,92,9
33,66|88,23|33,5|67,69|33,67|22,11|37,60|43,40|26,88|95,54|73,95|93,26|66,73|46,77|40,59|5,43|69,22|33,37|33,93|60,46/33,23=33,93,26,88,23
99,72|50,54|99,82|82,92|65,75|34,78|42,37|1,66|99,42|37,1|54,65|38,49|99,56|69,12|56,32|32,69|51,38|92,34|99,50|72,51/99,75=99,50,54,65,75
53,25|14,28|6,12|78,66|64,14|79,72|78,64|67,48|78,6|69,67|28,31|78,30|78,5|12,79|30,53|5,69|25,76|93,68|13,93|66,13/78,76=78,30,53,25,76
93,35|22,18|49,86|18,94|34,6|65,34|80,56|56,40|52,19|93,66|93,80|66,84|93,20|20,17|93,63|35,65|63,22|40,50|17,49|84,52/93,19=93,66,84,52,19
55,40|74,10|26,23|92,14|27,82|69,74|55,27|23,25|55,75|66,63|62,64|75,26|86,62|55,69|46,92|82,66|14,34|10,11|55,46|40,86/55,63=55,27,82,66,63
58,36|65,96|86,58|93,84|93,48|51,19|48,65|91,90|93,11|13,45|96,75|11,86|15,51|56,32|84,15|93,13|93,49|90,10|49,91|45,56/93,10=93,49,91,90,10
19,17|3,84|27,81|27,47|17,10|55,41|87,72|27,98|81,19|42,64|47,87|31,3|64,57|41,48|72,49|27,31|27,92|92,42|84,11|98,55/27,11=27,31,3,84,11
64,58|73,27|89,3|69,5|9,41|80,57|5,9|22,10|80,17|86,73|12,86|80,12|37,31|17,35|80,64|57,72|80,69|35,89|58,37|72,22/80,27=80,12,86,73,27
55,66|61,37|61,45|61,70|96,32|61,88|42,0|59,55|70,33|0,62|68,24|88,15|5,96|15,30|61,59|45,42|33,68|37,5|66,8|30,17/61,62=61,45,42,0,62
7,24|28,19|28,5|28,7|28,18|5,48|24,74|16,60|59,89|28,35|47,16|35,59|48,91|74,2|18,47|89,12|91,0|19,66|66,88|88,20/28,0=28,5,48,91,0
97,35|80,97|80,43|93,10|28,53|47,33|9,93|96,28|67,27|10,8|80,47|80,38|38,67|33,87|43,96|27,63|35,41|87,25|41,2|80,9/80,63=80,38,67,27,63
62,13|53,54|53,39|53,26|20,33|39,16|54,20|41,91|88,58|16,56|26,41|61,24|53,5|33,99|53,61|24,88|5,62|13,87|56,57|91,46/53,99=53,54,20,33,99
68,18|26,7|68,12|90,74|33,82|7,19|12,33|19,38|74,24|18,90|57,65|48,57|54,39|68,41|65,16|84,54|68,48|68,26|41,84|82,60/68,16=68,48,57,65,16
16,39|94,37|60,94|60,6|74,86|96,10|60,74|30,21|37,35|35,26|60,30|61,66|21,61|60,96|10,16|5,56|89,82|6,89|86,5|82,87/60,87=60,6,89,82,87
3,36|45,70|30,31|3,35|36,68|70,38|41,40|35,56|68,74|74,94|40,28|28,13|18,45|3,82|56,30|58,90|3,18|3,41|82,58|90,79/3,31=3,35,56,30,31
52,54|9,23|32,90|72,15|82,56|61,82|13,74|32,13|15,80|32,72|80,92|78,61|90,39|39,59|32,78|23,52|50,63|59,24|32,9|74,50/32,54=32,9,23,52,54
90,57|90,17|99,47|11,3|90,82|17,11|90,99|1,79|82,5|96,20|47,84|84,72|40,70|86,1|5,40|63,96|50,86|90,50|3,76|57,63/90,72=90,99,47,84,72
6,42|6,51|12,50|42,4|35,16|79,78|78,49|51,92|6,20|92,35|6,12|50,17|20,34|9,82|97,45|6,79|4,97|34,9|49,18|17,90/6,90=6,12,50,17,90
42,96|32,33|74,85|12,97|34,42|4,12|18,99|71,4|71,25|88,70|70,63|71,52|97,45|85,32|71,74|21,18|99,37|71,21|25,88|52,34/71,96=71,52,34,42,96
17,0|81,71|84,83|65,84|78,90|71,85|70,1|83,78|21,17|65,80|0,56|16,39|50,73|39,70|65,16|80,81|65,21|65,50|73,24|24,66/65,66=65,50,73,24,66
54,19|0,83|83,92|64,49|23,5|29,23|7,58|18,7|5,97|92,9|19,55|97,63|49,60|58,75|29,64|29,18|29,54|55,1|60,34|29,0/29,34=29,64,49,60,34
25,97|17,79|20,72|53,25|20,4|4,17|91,33|93,63|73,31|59,6|97,94|20,53|72,41|71,52|41,73|63,91|20,71|79,18|52,59|20,93/20,94=20,53,25,97,94
98,43|81,42|97,20|99,88|97,99|43,26|20,34|19,66|83,49|97,19|88,64|34,86|97,83|86,0|64,48|49,81|97,36|66,29|36,98|29,25/97,42=97,83,49,81,42
53,16|51,44|83,5|69,70|51,29|29,53|13,33|6,78|96,59|51,42|44,6|16,9|51,83|40,17|78,1|5,96|37,40|42,37|33,69|51,13/51,1=51,44,6,78,1
3,52|40,84|36,61|88,58|80,40|31,76|93,59|67,12|36,80|36,26|52,82|59,25|25,71|26,3|58,67|36,93|84,56|61,31|36,88|76,66/36,12=36,88,58,67,12
61,88|22,55|67,72|12,59|86,11|36,13|13,90|12,24|55,86|40,20|12,38|12,78|24,28|12,22|82,67|78,36|28,40|29,61|59,82|38,29/12,90=12,78,36,13,90
22,60|66,80|21,66|76,57|39,22|39,50|57,25|93,79|31,81|80,6|68,14|39,73|44,31|60,93|50,76|73,68|39,21|39,44|81,53|14,63/39,25=39,50,76,57,25
11,29|33,78|29,92|77,55|97,64|57,28|97,41|65,32|20,36|64,98|98,20|97,65|69,57|97,24|97,46|55,94|32,33|46,11|24,77|41,69/97,78=97,65,32,33,78
53,84|69,4|1,53|19,66|72,90|75,65|58,79|31,72|75,99|75,40|99,87|75,58|79,69|62,28|40,1|75,31|90,73|65,19|66,54|87,62/75,4=75,58,79,69,4
57,31|60,54|55,26|45,33|18,79|40,28|36,14|83,51|55,39|26,41|39,57|79,36|51,10|10,24|55,45|33,60|31,17|55,18|55,83|41,40/55,14=55,18,79,36,14
6,68|5,18|6,64|18,52|63,39|6,44|99,37|6,29|6,40|64,5|31,57|39,10|40,63|71,99|58,55|29,58|55,88|68,71|44,31|57,43/6,52=6,64,5,18,52
26,46|72,22|22,77|46,59|71,55|57,70|98,57|11,98|72,11|29,92|80,56|68,80|72,5|72,68|59,62|5,49|56,6|49,29|72,26|77,71/72,70=72,11,98,57,70
67,87|97,72|72,60|32,67|69,14|43,24|14,18|32,97|60,93|11,69|32,43|54,58|32,11|84,71|32,57|24,84|87,54|78,80|57,78|80,45/32,18=32,11,69,14,18
44,70|5,8|62,97|97,36|25,62|88,93|25,23|25,67|25,63|8,59|93,83|25,88|23,49|49,44|36,42|72,6|83,30|63,5|67,72|6,28/25,59=25,63,5,8,59
98,52|66,10|70,82|73,40|73,58|65,22|58,35|51,39|63,12|33,1|40,70|73,51|73,15|68,33|39,65|10,63|73,66|82,3|35,98|15,68/73,52=73,58,35,98,52
99,91|91,29|61,99|27,75|21,86|13,64|16,71|61,18|20,21|85,20|71,59|59,79|18,76|29,11|61,16|61,13|76,27|61,85|64,7|7,65/61,79=61,16,71,59,79
53,77|43,53|72,66|59,89|76,91|10,15|43,52|52,74|43,59|84,22|77,72|65,8|74,65|43,76|33,37|37,0|43,71|71,33|89,10|91,84/43,15=43,59,89,10,15
79,84|83,63|26,28|22,99|16,33|5,66|83,32|28,19|63,26|99,7|32,52|7,64|83,20|52,16|13,79|83,5|98,14|66,98|83,22|20,13/83,84=83,20,13,79,84
64,27|1,72|39,50|39,94|84,12|39,84|12,64|95,52|39,47|9,92|47,82|94,9|50,95|39,1|72,25|52,75|82,65|65,60|25,57|92,51/39,51=39,94,9,92,51
36,38|74,97|36,11|16,79|83,68|68,10|11,83|47,95|97,29|57,59|36,57|99,56|38,47|36,46|36,48|46,45|48,74|95,66|45,16|59,99/36,79=36,46,45,16,79
6,80|54,12|6,34|28,21|80,2|17,20|86,54|21,68|6,42|57,17|72,45|45,33|12,8|76,43|61,28|6,61|6,86|2,76|34,57|42,72/6,20=6,34,57,17,20
52,54|9,23|32,90|72,39|80,63|15,80|13,74|32,13|39,50|32,72|50,56|78,15|90,61|61,82|32,78|23,52|59,92|82,24|32,9|74,59/32,54=32,9,23,52,54
67,41|76,8|8,92|49,96|49,90|96,1|40,3|66,67|48,40|28,69|36,79|49,66|1,36|49,48|41,82|69,37|37,86|90,76|3,29|49,28/49,92=49,90,76,8,92
97,80|7,27|31,97|7,79|24,85|72,31|7,40|16,36|7,25|7,72|41,38|17,96|35,16|27,54|25,35|63,41|96,14|54,24|40,17|79,63/7,38=7,79,63,41,38
93,75|77,81|88,97|56,87|93,56|52,66|7,35|93,7|63,58|35,19|93,47|93,88|64,90|75,94|87,63|19,28|94,52|97,64|47,5|5,77/93,81=93,47,5,77,81
81,21|28,45|96,14|71,28|2,31|63,96|45,88|94,49|22,2|61,22|61,1|1,63|61,71|43,81|32,98|21,68|61,43|31,93|61,32|98,94/61,68=61,43,81,21,68
16,13|53,54|53,39|53,26|20,33|39,41|54,20|62,91|56,57|41,88|26,62|61,24|53,5|33,99|53,61|24,56|5,16|13,46|88,87|91,58/53,99=53,54,20,33,99
70,83|19,65|72,87|67,40|18,41|41,72|89,42|62,70|81,19|83,29|89,81|54,50|89,18|89,54|50,73|89,62|42,32|73,58|32,67|65,9/89,40=89,42,32,67,40
90,40|90,21|26,30|97,10|98,9|86,98|38,20|58,0|90,58|88,16|90,38|57,44|16,22|0,97|21,87|87,57|20,26|40,88|7,86|90,7/90,30=90,38,20,26,30
29,95|67,34|62,84|58,70|88,28|28,56|29,44|7,68|29,67|29,88|44,63|70,7|29,58|63,12|56,77|95,41|12,10|41,62|34,65|65,90/29,68=29,58,70,7,68
79,10|92,20|20,5|5,99|2,42|50,62|92,97|57,52|44,86|92,79|92,2|86,57|68,12|10,68|33,76|81,50|42,33|97,81|92,44|99,1/92,52=92,44,86,57,52
33,44|60,41|48,30|46,3|46,27|27,84|41,1|3,33|38,48|84,14|44,28|37,36|71,37|46,95|46,47|47,38|36,2|95,60|46,71|14,12/46,12=46,27,84,14,12
42,43|3,54|50,34|64,50|98,3|25,23|87,28|64,16|23,79|94,66|28,94|51,96|99,98|64,65|96,24|64,87|16,51|64,99|34,42|65,25/64,79=64,65,25,23,79
60,47|49,64|98,28|58,4|62,31|62,98|87,51|92,88|27,49|62,58|28,81|88,46|62,59|4,60|51,93|59,27|55,87|81,32|62,55|31,92/62,32=62,98,28,81,32
90,89|87,22|87,50|82,44|5,11|50,9|87,84|87,15|15,3|89,53|52,93|18,70|84,30|30,1|9,52|44,18|87,82|3,5|22,90|1,78/87,11=87,15,3,5,11
95,83|33,14|27,67|27,64|27,96|96,33|83,54|27,16|90,6|14,87|64,5|94,86|16,90|5,58|67,94|6,93|27,95|54,29|86,69|58,38/27,87=27,96,33,14,87
64,84|6,34|45,64|70,30|15,4|0,31|97,12|60,6|15,0|15,45|31,70|84,78|61,97|12,9|15,56|21,82|4,60|15,61|82,43|56,21/15,78=15,45,64,84,78
21,9|19,27|23,21|24,90|30,19|97,41|99,52|53,30|90,99|58,11|17,58|97,17|66,91|97,37|97,53|97,24|41,56|37,23|11,44|56,66/97,27=97,53,30,19,27
86,78|23,52|23,54|60,86|98,4|23,94|45,95|90,27|4,8|49,90|52,87|87,83|23,80|23,74|74,49|80,98|94,37|37,45|54,60|83,79/23,79=23,52,87,83,79
74,60|23,65|60,75|0,50|8,25|67,0|22,74|2,64|76,61|27,92|45,76|45,23|65,27|45,67|90,26|45,8|25,2|45,22|50,59|61,90/45,26=45,76,61,90,26
36,84|84,0|88,72|92,42|26,12|13,93|3,76|47,92|76,26|57,3|57,91|91,47|57,36|93,55|57,88|55,41|72,56|56,80|0,48|57,13/57,42=57,91,47,92,42
88,22|38,32|80,87|71,88|60,24|73,67|0,15|32,73|19,80|2,90|24,2|60,71|22,1|15,36|60,19|60,0|90,20|60,38|87,85|36,53/60,1=60,71,88,22,1
72,14|72,17|78,4|17,75|4,65|72,11|27,78|28,91|3,24|54,30|76,15|14,54|75,26|30,42|72,27|26,7|72,3|24,28|11,76|15,18/72,65=72,27,78,4,65
74,27|30,76|63,62|39,36|52,53|30,74|56,52|62,67|93,95|90,33|33,40|30,56|30,86|86,63|47,46|95,39|76,90|30,93|53,60|27,47/30,36=30,93,95,39,36
24,40|83,75|86,44|11,24|35,72|86,91|5,11|72,32|91,35|21,64|31,21|86,5|86,89|28,83|89,16|44,31|86,28|51,57|16,51|75,30/86,32=86,91,35,72,32
1,73|51,96|96,83|43,47|51,35|47,79|10,26|35,25|51,38|25,0|38,43|51,60|0,82|93,10|76,77|80,1|94,80|60,93|83,76|51,94/51,73=51,94,80,1,73
43,40|21,49|21,43|21,53|21,42|68,70|67,52|41,3|42,2|21,17|17,41|2,95|40,67|53,19|98,5|19,68|95,74|3,13|5,71|49,98/21,70=21,53,19,68,70
1,2|23,1|79,16|79,93|36,14|58,36|31,6|16,23|96,87|62,54|14,64|6,24|24,89|79,58|93,62|87,65|71,96|79,71|79,31|54,75/79,2=79,16,23,1,2
19,37|20,42|48,76|37,63|96,99|69,58|63,1|58,71|94,51|19,69|83,22|51,48|71,2|67,10|19,96|1,11|22,67|99,20|19,83|19,94/19,11=19,37,63,1,11
72,39|13,87|39,13|87,56|5,57|72,23|21,12|25,66|12,63|72,67|41,25|63,81|23,5|66,34|72,41|55,38|57,15|74,55|72,21|67,74/72,15=72,23,5,57,15
74,75|3,25|0,40|65,32|89,18|97,20|65,0|40,46|18,69|99,71|75,26|65,55|25,99|46,94|32,64|59,74|55,89|65,3|65,59|64,97/65,20=65,32,64,97,20
37,99|88,47|78,76|12,11|47,77|37,21|5,88|89,78|61,12|46,26|37,51|51,8|21,61|8,65|37,46|26,73|99,89|65,35|73,80|37,5/37,11=37,21,61,12,11
64,95|39,65|63,81|47,17|59,35|95,59|43,14|23,83|43,23|14,45|43,26|43,91|26,86|86,39|83,69|91,63|45,47|81,8|43,64|69,57/43,17=43,14,45,47,17
0,92|74,60|1,45|74,22|4,79|74,1|35,95|45,35|74,49|74,71|71,40|40,55|49,14|60,65|55,18|14,0|41,72|72,68|65,4|22,41/74,68=74,22,41,72,68
33,73|82,33|61,42|30,52|73,87|18,72|42,18|10,30|24,83|65,55|24,61|43,70|98,10|76,43|97,65|0,97|24,98|24,82|24,0|83,76/24,70=24,83,76,43,70
66,24|24,51|31,45|50,82|31,34|31,88|85,80|11,50|31,66|63,52|51,56|80,17|82,33|74,83|31,11|88,93|52,99|45,63|93,74|34,85/31,99=31,45,63,52,99
38,2|57,44|87,65|89,1|28,19|57,87|57,16|57,41|57,38|44,28|56,98|84,79|19,32|41,56|65,5|1,17|2,84|5,70|16,89|98,81/57,17=57,16,89,1,17
2,74|71,38|25,79|30,1|88,24|12,61|66,17|88,16|11,51|69,66|79,73|88,80|88,30|38,12|16,25|1,11|89,2|24,89|88,71|80,69/88,17=88,80,69,66,17
76,88|54,50|88,92|14,13|99,14|93,7|13,31|43,93|43,21|7,85|43,99|91,97|85,11|3,76|45,41|43,54|50,91|21,45|41,98|43,3/43,97=43,54,50,91,97
64,27|28,85|37,48|87,55|40,53|78,80|85,83|37,62|1,40|48,78|17,87|37,17|37,0|55,50|21,1|0,64|37,21|27,44|80,16|62,28/37,53=37,21,1,40,53
75,53|85,26|55,93|19,90|26,1|55,19|76,39|55,23|55,81|90,80|54,75|93,85|81,15|80,25|55,95|23,97|95,54|97,42|15,76|42,8/55,8=55,23,97,42,8
51,63|79,45|41,40|9,32|9,57|57,20|20,82|6,12|9,23|56,6|23,51|45,8|9,41|40,69|82,78|63,21|69,61|62,56|32,79|9,62/9,78=9,57,20,82,78
4,1|2,15|2,4|58,22|86,97|55,58|81,71|62,86|14,63|38,88|15,81|22,95|2,55|56,38|97,93|1,14|2,62|71,52|88,51|2,56/2,51=2,56,38,88,51
38,12|41,28|4,17|8,42|43,99|17,9|28,19|0,5|35,97|42,6|56,41|31,26|9,78|99,0|8,43|8,4|8,38|8,56|12,35|6,31/8,97=8,38,12,35,97
97,42|61,5|93,13|5,22|2,76|2,93|53,59|31,81|2,10|22,79|2,61|42,24|59,64|10,27|76,97|13,31|27,89|2,53|89,30|64,55/2,79=2,61,5,22,79
44,70|82,71|96,28|99,84|99,61|99,67|99,82|71,81|28,44|61,69|81,58|99,96|74,88|67,83|83,18|3,38|69,3|84,65|18,59|65,74/99,70=99,96,28,44,70
34,71|71,48|34,63|34,9|34,56|78,29|80,90|26,52|45,61|50,58|52,66|58,77|66,23|56,53|53,78|81,80|34,26|48,45|9,50|63,81/34,90=34,63,81,80,90
15,30|25,15|42,60|42,48|60,82|48,25|82,43|66,54|49,16|42,66|54,18|72,13|94,20|42,94|3,12|16,72|43,7|20,3|42,49|18,6/42,13=42,49,16,72,13
10,28|28,56|96,40|87,98|2,73|80,96|79,97|4,11|98,4|73,79|56,85|51,22|80,31|32,5|80,10|80,87|80,2|40,32|31,51|22,48/80,85=80,10,28,56,85
78,44|79,70|67,48|67,10|67,65|20,27|65,23|95,81|2,74|48,79|81,2|67,66|27,83|10,20|66,54|23,78|30,39|54,30|67,95|70,26/67,39=67,66,54,30,39
83,8|4,97|4,83|4,61|62,54|84,49|96,84|8,64|4,68|61,5|97,62|36,32|64,3|49,88|99,59|4,96|59,46|54,30|68,99|5,36/4,88=4,96,84,49,88
13,34|71,55|41,74|82,86|70,1|16,54|74,16|98,30|41,25|15,56|86,70|54,40|34,84|41,71|41,46|46,22|25,13|55,98|22,15|41,82/41,56=41,46,22,15,56
5,90|90,46|5,66|75,94|43,4|66,13|13,63|34,88|46,53|58,32|89,59|94,25|5,34|63,47|53,40|88,43|59,58|14,75|5,89|5,14/5,4=5,34,88,43,4
62,82|14,29|47,8|89,47|24,70|14,24|74,23|35,49|14,59|59,88|8,4|82,12|51,74|14,89|23,38|70,67|29,62|14,51|88,35|67,44/14,38=14,51,74,23,38
76,20|7,49|49,89|76,3|3,15|47,30|62,78|37,58|76,87|12,69|64,37|87,62|15,47|76,92|92,7|4,12|76,60|60,4|78,5|20,64/76,5=76,87,62,78,5
26,23|91,72|67,5|23,17|74,46|85,53|56,74|72,96|85,92|15,99|48,26|89,15|36,56|85,36|93,67|53,89|92,93|85,7|7,91|85,48/85,17=85,48,26,23,17
22,9|58,22|45,50|58,19|52,16|57,39|9,57|48,89|58,27|27,82|50,40|21,52|61,48|58,72|72,45|19,61|16,36|75,44|82,75|58,21/58,44=58,27,82,75,44
71,48|32,62|0,92|40,53|57,71|27,80|45,37|45,7|45,57|62,40|45,32|23,72|37,23|25,27|48,30|45,0|7,25|77,81|72,47|92,77/45,47=45,37,23,72,47
1,92|0,28|37,16|26,68|92,37|76,20|1,6|16,77|6,58|1,56|41,59|12,9|28,70|1,0|49,12|58,76|70,57|1,41|56,49|59,26/1,68=1,41,59,26,68
24,68|35,89|84,77|0,32|86,35|27,4|46,24|0,86|99,84|0,94|0,27|93,38|94,99|11,37|37,60|68,30|32,11|0,46|4,93|89,63/0,63=0,86,35,89,63
14,13|54,50|13,98|7,85|99,7|93,76|85,92|43,93|43,21|76,41|43,99|91,97|41,11|3,14|45,88|43,54|50,91|21,45|88,31|43,3/43,97=43,54,50,91,97
42,53|82,88|80,98|53,18|42,80|18,51|1,76|51,58|89,9|57,8|88,10|7,74|10,27|97,26|98,1|26,7|9,57|42,89|42,82|42,97/42,76=42,80,98,1,76
74,19|28,77|15,6|94,51|68,54|15,65|39,74|21,28|22,66|66,72|50,39|15,96|6,21|96,73|73,68|15,22|72,29|51,34|15,50|65,94/15,19=15,50,39,74,19
15,25|19,61|24,11|21,93|63,37|92,97|9,58|19,15|8,9|19,62|80,21|61,63|19,24|11,92|19,80|37,78|93,30|22,57|25,22|62,8/19,30=19,80,21,93,30
43,9|22,43|96,0|90,14|50,11|1,50|11,41|88,16|24,10|41,70|85,22|42,58|0,88|1,32|1,85|1,24|10,42|32,65|65,90|1,96/1,58=1,24,10,42,58
37,99|7,88|21,30|78,23|87,0|36,74|0,17|78,73|74,28|99,21|73,36|93,51|78,37|51,92|88,96|23,93|78,87|17,56|96,15|78,7/78,28=78,73,36,74,28
27,80|27,77|81,11|54,47|72,90|77,72|73,67|47,84|27,93|93,53|80,89|89,81|29,45|30,73|90,42|38,30|2,54|27,38|53,29|27,2/27,42=27,77,72,90,42
19,90|77,73|26,20|90,89|68,47|98,77|23,96|8,81|98,68|36,26|98,36|82,19|47,23|98,1|20,16|81,49|1,8|99,18|98,82|73,99/98,89=98,82,19,90,89
21,17|89,92|47,62|21,47|17,58|34,94|53,98|62,34|99,16|16,89|46,44|5,46|58,36|21,9|36,19|21,99|98,55|9,5|76,53|21,76/21,94=21,47,62,34,94
74,64|21,97|21,86|40,56|58,40|21,42|97,61|64,0|61,35|12,68|93,12|35,96|21,47|27,32|86,15|47,93|42,74|15,27|21,58|56,23/21,68=21,47,93,12,68
17,73|88,6|73,48|92,19|71,74|88,77|18,91|39,20|88,96|74,92|96,81|77,59|88,71|6,17|53,65|20,18|88,39|59,28|28,0|81,53/88,48=88,6,17,73,48
17,70|64,95|45,85|14,29|7,30|95,20|64,40|87,9|72,45|85,26|40,87|84,66|30,14|20,84|64,72|64,7|64,35|9,19|44,17|35,44/64,29=64,7,30,14,29
95,65|7,88|93,3|86,40|65,80|5,70|83,64|83,86|80,35|44,25|88,91|83,95|70,93|83,76|83,5|58,59|40,58|67,44|64,67|76,7/83,35=83,95,65,80,35
58,28|80,82|5,80|58,16|50,66|91,69|58,9|9,64|69,86|76,50|86,29|78,18|75,94|28,76|58,91|16,75|94,51|58,2|2,5|64,78/58,18=58,9,64,78,18
99,54|61,57|32,41|94,95|19,99|14,23|62,30|54,65|45,59|13,62|13,7|95,45|41,22|13,94|30,61|24,14|7,24|40,32|13,19|13,40/13,22=13,40,32,41,22
71,0|57,14|66,31|29,96|7,10|96,94|7,66|7,60|7,99|7,21|99,6|31,68|68,12|24,57|10,29|21,70|70,71|38,48|6,38|60,24/7,12=7,66,31,68,12
88,84|20,88|3,46|3,57|75,78|47,20|3,96|46,39|3,47|81,60|96,18|58,29|56,99|18,81|99,76|29,26|57,56|3,41|41,58|39,75/3,78=3,46,39,75,78
85,59|66,33|10,0|85,11|15,92|38,9|92,17|85,55|33,54|85,18|55,83|18,3|70,45|11,5|5,38|17,60|59,66|83,70|85,15|3,10/85,54=85,59,66,33,54
98,8|8,40|26,27|27,22|98,74|40,54|98,78|1,72|98,39|2,51|39,26|75,96|51,38|20,75|78,2|74,20|81,1|54,56|72,71|98,81/98,38=98,78,2,51,38
46,92|11,8|46,13|46,81|28,62|7,11|81,19|27,91|39,27|20,7|46,20|68,10|60,45|45,28|46,60|69,80|92,1|19,68|13,39|1,69/46,91=46,13,39,27,91
55,15|88,30|22,48|5,46|68,26|37,71|47,22|48,16|75,39|88,47|88,85|30,55|15,53|88,75|39,68|88,41|46,74|41,5|85,37|71,90/88,53=88,30,55,15,53
88,61|97,78|97,72|0,68|72,40|78,54|97,71|54,32|63,8|36,89|71,63|21,29|40,21|97,2|61,37|89,0|97,36|2,88|32,74|8,77/97,77=97,71,63,8,77
92,89|50,9|89,33|88,67|74,94|4,42|27,11|1,2|76,59|4,76|57,74|11,88|78,57|4,27|59,50|68,53|42,92|4,78|4,68|53,1/4,67=4,27,11,88,67
91,85|48,78|38,23|70,81|23,48|57,43|27,77|43,37|81,18|47,27|38,70|78,8|37,41|18,6|85,73|38,24|24,47|38,57|73,98|38,91/38,77=38,24,47,27,77
18,48|67,32|61,79|10,2|77,27|35,13|56,53|92,35|48,1|67,10|33,39|53,37|67,56|32,92|79,77|67,34|2,33|67,61|37,50|34,18/67,50=67,56,53,37,50
55,5|0,79|2,70|24,68|93,3|18,74|18,55|14,2|3,4|4,67|76,34|83,76|13,14|31,56|18,93|18,0|79,24|18,13|5,31|74,83/18,70=18,13,14,2,70
91,49|47,56|3,65|5,45|49,21|19,81|57,36|45,57|47,60|97,19|47,5|85,77|47,85|56,91|50,98|47,34|60,97|77,3|98,95|34,50/47,65=47,85,77,3,65
27,25|45,79|46,74|92,70|94,18|96,54|46,27|74,92|46,42|46,94|70,7|12,8|25,29|8,47|46,97|18,96|79,2|42,12|29,40|97,45/46,47=46,42,12,8,47
57,2|60,14|34,16|16,6|52,92|10,38|92,48|20,51|60,91|76,74|2,28|14,52|6,27|74,20|60,76|63,10|91,63|31,57|60,34|60,31/60,27=60,34,16,6,27
73,8|20,70|79,6|8,71|31,79|73,42|26,49|73,51|71,24|73,77|70,55|51,62|49,12|62,59|59,63|24,30|42,31|77,20|12,64|73,26/73,55=73,77,20,70,55
30,80|36,86|86,19|57,20|5,91|25,37|80,59|20,99|19,49|5,36|99,13|81,27|98,30|75,25|5,98|27,41|91,75|41,24|5,57|5,81/5,37=5,91,75,25,37
17,11|98,31|14,66|16,81|16,50|16,71|85,74|71,69|60,77|50,61|81,28|16,98|76,29|28,60|55,76|61,14|69,85|31,17|29,15|16,55/16,15=16,55,76,29,15
90,59|84,74|56,46|46,6|81,67|69,84|71,48|71,90|31,42|42,12|48,35|12,64|51,69|29,56|35,81|95,34|71,29|59,95|71,51|71,31/71,74=71,51,69,84,74
4,56|21,18|22,13|56,79|37,61|77,94|76,90|13,76|22,77|22,4|61,65|94,78|18,66|22,31|79,48|66,67|22,21|78,46|31,37|90,70/22,65=22,31,37,61,65
67,41|67,90|40,69|43,87|4,1|22,74|87,96|35,82|88,44|82,97|41,43|69,77|90,40|97,91|67,35|67,25|44,22|67,88|25,4|1,57/67,77=67,90,40,69,77
92,84|75,39|56,41|54,72|87,92|34,2|22,80|88,57|39,54|41,74|13,87|37,75|37,25|37,13|69,88|37,22|37,86|25,69|86,56|80,34/37,74=37,86,56,41,74
68,92|62,14|97,59|96,25|96,23|32,20|23,28|7,35|92,36|84,68|65,7|28,86|91,75|14,97|86,19|96,91|25,65|75,32|96,84|96,62/96,36=96,84,68,92,36
26,44|44,84|84,7|74,5|42,76|89,87|19,94|7,59|86,89|33,72|26,86|87,6|26,42|26,74|26,19|73,18|5,33|76,73|40,71|94,40/26,71=26,19,94,40,71
33,41|55,58|55,94|87,13|68,95|95,28|55,46|41,14|6,20|98,63|55,87|34,10|94,33|58,68|13,72|72,80|63,6|46,34|55,98|10,62/55,62=55,46,34,10,62
64,88|64,83|49,29|88,42|65,26|83,65|87,50|43,19|42,10|2,43|76,52|64,49|29,76|19,16|64,2|10,27|26,21|64,85|85,68|68,87/64,50=64,85,68,87,50
66,49|64,62|70,64|40,65|71,20|75,66|97,88|30,75|98,46|20,63|30,70|30,98|65,97|49,27|30,40|63,24|46,92|30,71|62,61|92,18/30,61=30,70,64,62,61
56,6|4,8|30,33|10,4|10,90|33,63|10,30|90,99|21,38|97,53|63,83|38,59|53,65|69,75|10,15|10,97|65,64|99,56|15,21|8,69/10,75=10,4,8,69,75
86,28|24,67|56,38|32,1|84,72|20,40|82,86|46,89|63,75|72,24|20,46|28,73|20,84|40,56|58,65|20,82|1,58|20,32|89,63|38,19/20,65=20,32,1,58,65
87,25|3,27|5,7|9,77|34,13|27,65|50,9|53,86|86,37|53,87|53,3|24,50|99,32|25,99|65,19|37,5|53,34|13,20|20,11|53,24/53,77=53,24,50,9,77
57,87|67,96|93,82|87,48|76,1|13,76|46,12|90,68|16,35|56,57|48,19|32,67|96,17|68,16|56,32|56,46|56,13|12,93|56,90|1,20/56,17=56,32,67,96,17
66,94|57,34|15,62|39,58|17,35|78,17|52,1|34,15|60,78|43,52|24,39|20,13|86,20|86,60|1,98|86,57|86,11|13,66|86,43|11,24/86,35=86,60,78,17,35
53,26|90,33|18,83|89,23|21,94|83,70|17,8|8,11|40,17|89,40|14,87|96,21|97,43|26,14|89,53|43,90|4,96|89,97|23,18|89,4/89,94=89,4,96,21,94
29,22|61,23|23,8|99,25|61,99|69,62|45,51|51,24|74,69|28,10|62,33|61,42|61,29|68,89|25,19|22,68|19,83|42,45|8,28|61,74/61,10=61,23,8,28,10
21,1|82,51|97,0|91,48|39,3|1,73|67,26|75,82|0,75|97,15|87,39|22,87|15,56|97,21|56,67|97,18|73,10|97,22|11,91|18,11/97,10=97,21,1,73,10
66,97|54,72|1,96|15,83|61,79|98,15|97,99|79,1|49,34|54,38|29,70|67,66|27,29|72,27|54,61|50,98|54,50|54,67|38,49|34,59/54,70=54,72,27,29,70
93,96|55,45|64,30|26,47|6,44|78,6|44,93|30,41|70,3|72,64|78,27|84,35|78,26|90,70|35,55|47,29|27,90|78,84|29,32|78,72/78,3=78,27,90,70,3
79,48|67,32|61,92|10,2|33,1|35,39|56,53|18,35|48,13|67,10|77,27|53,37|67,56|32,18|92,33|67,34|2,77|67,61|37,50|34,79/67,50=67,56,53,37,50
86,96|7,9|86,59|59,23|19,34|80,67|34,79|9,61|62,22|22,38|64,7|23,27|67,32|86,64|86,48|96,62|48,19|27,90|32,93|86,80/86,38=86,96,62,22,38
49,30|97,69|0,52|88,96|39,14|18,97|59,28|91,39|18,93|93,63|18,26|89,29|63,0|12,89|11,91|96,49|26,12|18,88|69,59|18,11/18,52=18,93,63,0,52
61,13|66,53|51,0|44,55|78,72|60,61|20,33|72,91|78,66|78,88|78,60|48,44|11,65|91,11|88,48|13,89|33,51|53,39|78,20|39,57/78,89=78,60,61,13,89
29,6|7,3|7,99|6,26|17,88|73,23|7,45|76,79|3,29|83,70|99,35|38,13|7,38|13,73|45,17|70,14|88,54|7,43|43,83|35,76/7,23=7,38,13,73,23
73,56|25,71|57,67|25,60|83,18|66,84|58,76|98,57|25,73|11,80|25,89|71,58|25,83|82,79|60,41|18,11|89,98|76,87|41,82|56,66/25,87=25,71,58,76,87
10,34|61,3|29,72|3,81|76,61|64,14|14,73|78,64|10,78|12,29|30,52|52,89|34,49|10,12|70,20|89,82|10,76|72,97|10,30|49,70/10,73=10,78,64,14,73
64,36|95,71|25,64|39,46|21,8|8,27|22,45|14,25|70,22|59,1|14,21|55,70|1,39|88,95|14,55|27,96|14,88|36,60|14,59|71,42/14,42=14,88,95,71,42
75,38|38,8|96,79|6,93|16,6|17,28|79,60|71,96|28,29|76,30|29,37|17,75|8,89|17,27|62,76|61,16|17,71|27,62|37,91|17,61/17,93=17,61,16,6,93
89,11|89,26|26,83|11,57|58,43|89,91|89,34|83,84|87,29|64,37|57,61|91,64|25,58|75,87|61,6|84,19|37,22|89,21|21,75|34,25/89,43=89,34,25,58,43
32,36|98,81|43,22|32,43|32,27|97,60|14,13|81,21|36,97|21,35|34,56|32,98|83,14|60,39|32,25|25,34|29,20|22,29|56,3|27,83/32,20=32,43,22,29,20
76,69|12,3|99,6|28,40|69,63|74,16|24,28|96,76|51,61|98,92|98,34|3,51|34,99|92,74|98,75|98,12|6,88|75,24|98,96|16,29/98,61=98,12,3,51,61
49,59|55,68|87,85|41,37|59,64|20,39|15,2|55,49|23,14|37,23|55,87|54,80|68,78|55,41|64,24|55,96|85,20|78,15|96,54|80,67/55,39=55,87,85,20,39
54,91|38,74|35,38|20,37|9,44|57,96|37,21|57,20|30,9|33,54|57,39|57,30|57,35|88,19|92,88|21,87|44,94|96,92|74,32|39,33/57,91=57,39,33,54,91
69,72|48,15|9,85|41,11|71,8|48,22|48,84|11,51|77,28|79,25|22,77|28,60|72,18|48,69|84,41|15,9|85,17|8,79|48,71|18,44/48,51=48,84,41,11,51
8,6|72,40|31,48|0,78|47,62|0,35|82,47|50,44|73,50|25,20|0,28|0,96|35,71|20,8|78,73|71,72|28,82|0,25|48,79|96,31/0,6=0,25,20,8,6
32,65|63,20|97,79|70,7|39,0|86,63|65,96|32,15|32,70|6,8|15,39|47,94|62,54|0,36|32,47|7,6|94,97|96,62|20,49|32,86/32,49=32,86,63,20,49
16,67|74,52|77,49|52,96|62,7|40,26|27,77|76,27|96,85|85,9|26,32|74,2|3,62|7,33|79,65|74,76|74,79|65,16|74,3|2,40/74,67=74,79,65,16,67
56,34|60,11|99,50|34,45|57,99|38,91|38,56|46,90|80,60|90,9|38,48|45,96|11,10|9,84|38,46|2,95|38,80|95,44|48,57|91,2/38,96=38,56,34,45,96
60,23|23,51|63,75|12,69|74,59|40,62|5,74|50,73|5,50|59,12|5,68|5,40|20,96|46,38|62,46|68,78|79,60|73,20|78,63|5,79/5,38=5,40,62,46,38
64,62|2,11|14,85|1,81|49,2|94,5|54,34|1,67|52,13|1,52|70,9|13,14|1,94|5,16|9,64|99,54|1,70|81,99|16,36|67,49/1,36=1,94,5,16,36
56,21|21,96|50,8|98,88|52,98|71,99|39,52|69,79|65,50|8,48|88,28|39,19|44,91|39,63|39,44|91,71|94,69|19,94|63,56|39,65/39,79=39,19,94,69,79
30,96|61,1|67,95|7,81|30,61|30,67|36,53|30,93|48,40|26,73|93,26|73,8|4,29|86,72|29,36|95,48|96,7|30,4|1,86|81,57/30,40=30,67,95,48,40
56,66|80,67|45,99|57,7|16,17|67,85|98,91|16,57|66,14|16,69|69,26|26,6|11,72|16,11|82,56|16,82|17,80|72,45|6,58|7,98/16,91=16,57,7,98,91
22,5|78,47|47,44|22,43|72,78|7,65|43,31|22,69|80,63|64,7|22,72|69,64|82,21|50,71|0,73|21,50|32,0|22,82|5,32|31,80/22,44=22,72,78,47,44
18,21|39,18|77,9|35,56|13,10|10,35|13,42|71,12|97,69|13,60|56,73|12,55|13,39|60,77|13,71|42,27|27,97|21,62|9,44|55,38/13,38=13,71,12,55,38
70,9|9,13|86,95|3,72|52,29|73,25|12,89|23,0|72,23|70,73|38,33|70,3|95,60|33,52|31,86|2,64|70,38|13,12|25,2|70,31/70,0=70,3,72,23,0
98,7|36,25|7,89|14,68|63,36|25,97|63,69|97,50|57,52|72,79|37,14|81,98|63,51|69,72|63,57|22,61|63,81|52,22|51,37|79,99/63,50=63,36,25,97,50
85,56|10,51|75,6|0,19|29,10|45,59|37,99|86,98|11,49|45,29|45,85|59,91|45,17|38,11|45,86|51,80|98,0|91,37|56,75|17,38/45,49=45,17,38,11,49
55,17|3,95|43,55|36,99|2,59|36,84|99,57|39,43|12,24|95,80|84,3|98,2|36,19|57,12|26,52|71,98|36,71|19,4|4,26|36,39/36,80=36,84,3,95,80
74,27|30,76|90,33|39,36|63,62|30,74|56,63|33,46|93,95|52,47|47,67|30,56|30,86|86,90|53,40|95,39|76,52|30,93|62,60|27,53/30,36=30,93,95,39,36
77,51|37,50|98,60|5,28|50,45|82,98|77,59|58,91|77,37|41,67|51,83|45,4|15,75|77,15|75,58|43,5|59,43|60,68|77,82|83,41/77,91=77,15,75,58,91
61,74|20,95|81,57|93,69|61,24|82,5|30,81|34,3|74,30|91,12|24,32|21,10|5,93|61,91|12,2|2,17|61,82|32,21|61,34|3,20/61,69=61,82,5,93,69
12,69|24,89|57,3|69,19|22,55|63,72|57,53|72,24|53,12|57,77|57,63|95,22|77,14|57,36|36,95|3,73|59,37|14,59|15,60|73,15/57,55=57,36,95,22,55
98,58|18,59|39,1|1,82|90,98|88,80|39,18|39,44|44,79|58,48|99,30|82,88|79,73|96,99|39,90|73,47|59,51|51,85|30,12|39,96/39,85=39,18,59,51,85
77,29|89,20|81,77|88,58|68,91|75,81|0,21|21,18|63,68|18,80|55,63|40,11|3,88|75,40|75,0|29,5|75,87|87,3|11,89|75,55/75,58=75,87,3,88,58
28,63|36,87|99,6|96,44|94,92|84,35|86,85|96,10|15,36|41,94|10,84|87,22|96,15|96,41|96,86|35,78|88,99|44,88|92,11|85,28/96,22=96,15,36,87,22
36,62|42,94|43,8|7,34|9,64|28,43|6,92|8,81|42,91|44,63|42,28|94,33|33,44|3,9|42,87|91,27|27,7|42,36|87,3|62,6/42,64=42,87,3,9,64
88,76|9,44|52,54|74,28|9,99|9,85|9,78|44,52|28,55|85,18|99,91|9,50|64,26|78,3|18,88|79,7|50,74|54,14|91,64|3,79/9,76=9,85,18,88,76
78,82|51,9|55,83|93,63|44,55|77,94|26,51|10,36|36,42|69,77|93,75|93,72|72,69|63,44|62,59|75,26|42,21|59,78|93,62|93,10/93,21=93,10,36,42,21
77,38|48,9|40,80|18,56|79,67|24,76|79,24|3,19|79,69|69,17|11,81|54,33|79,77|67,95|56,54|17,48|79,18|76,40|95,11|38,3/79,9=79,69,17,48,9
5,2|52,42|99,14|53,36|5,61|42,94|61,52|5,58|25,95|36,46|48,38|76,53|2,56|14,13|32,48|5,11|58,99|56,25|11,32|5,76/5,94=5,61,52,42,94
34,29|90,85|80,41|7,28|27,59|58,62|62,91|58,8|23,5|91,27|79,92|58,80|8,12|41,23|12,79|58,7|28,68|85,34|58,90|68,26/58,26=58,7,28,68,26
27,18|27,33|24,19|59,24|68,40|21,45|27,86|45,84|40,2|27,21|96,60|8,39|27,44|86,20|18,59|33,96|20,8|60,42|84,29|44,68/27,29=27,21,45,84,29
70,63|63,99|77,34|29,80|61,12|33,61|87,35|99,73|70,42|36,69|70,33|42,8|60,87|70,36|73,78|8,29|70,60|69,77|12,59|35,24/70,59=70,33,61,12,59
1,69|71,70|4,29|27,8|9,71|5,16|51,21|48,41|29,45|8,4|27,81|21,36|73,9|27,51|27,5|63,48|27,73|81,63|36,34|16,1/27,70=27,73,9,71,70
43,2|21,49|21,43|21,53|21,42|68,70|5,52|40,67|42,41|21,17|17,40|41,3|2,5|53,19|98,95|19,68|3,71|67,74|95,13|49,98/21,70=21,53,19,68,70
95,41|71,39|69,98|20,69|66,94|80,67|48,16|20,95|81,80|16,59|20,81|67,47|20,84|94,19|42,56|26,48|84,66|98,71|41,42|20,26/20,19=20,84,66,94,19
12,59|15,60|57,3|59,89|22,55|63,73|57,53|73,15|53,12|57,77|57,63|95,22|77,72|57,36|36,95|3,14|69,19|72,69|24,37|14,24/57,55=57,36,95,22,55
24,84|29,83|94,26|27,14|97,58|43,38|47,57|53,48|18,94|43,47|84,29|48,17|9,97|38,9|43,49|26,28|49,53|43,24|57,27|43,18/43,28=43,18,94,26,28
6,83|73,96|44,37|44,29|40,45|17,86|87,89|96,87|67,27|29,67|35,6|44,35|37,58|27,64|44,73|83,74|86,24|58,40|44,1|1,17/44,64=44,29,67,27,64
86,33|23,78|3,43|49,42|33,49|99,3|69,37|52,64|31,23|31,35|31,99|37,11|31,86|31,52|64,5|5,14|78,39|35,69|39,98|43,76/31,76=31,99,3,43,76
66,5|37,66|37,3|55,28|37,31|78,89|45,97|65,47|97,54|31,84|37,45|28,29|54,26|3,55|5,65|73,2|2,7|37,73|7,44|84,78/37,44=37,73,2,7,44
9,67|1,44|68,98|39,68|29,93|54,95|93,46|29,39|75,37|95,56|46,1|98,40|77,57|29,9|89,54|96,26|29,77|57,96|67,75|29,89/29,26=29,77,57,96,26
77,3|96,9|41,88|95,47|9,94|90,29|15,50|35,66|3,90|66,44|94,76|88,95|55,99|99,15|44,45|50,2|55,77|55,35|55,96|55,41/55,45=55,35,66,44,45
67,78|10,18|7,13|79,55|99,76|13,97|74,8|82,37|45,92|92,10|55,40|87,28|97,99|78,82|7,79|7,67|40,66|7,87|28,74|7,45/7,76=7,13,97,99,76
63,4|30,17|12,99|18,91|93,39|86,32|18,30|34,75|65,6|75,86|18,64|17,62|62,83|18,34|91,63|15,12|6,93|64,15|18,65|4,7/18,32=18,34,75,86,32
56,31|1,52|2,62|83,59|92,42|41,11|92,98|98,83|63,56|92,38|57,8|38,2|92,14|14,63|42,60|62,33|59,73|11,1|92,41|60,57/92,8=92,42,60,57,8
2,26|81,27|67,48|67,10|67,65|20,70|65,79|95,23|78,44|48,81|23,78|67,66|70,74|10,20|66,54|79,2|30,39|54,30|67,95|27,83/67,39=67,66,54,30,39
12,27|92,53|32,16|1,18|85,69|88,78|32,92|36,59|32,1|16,88|32,12|32,28|78,33|27,22|18,36|28,85|58,66|53,58|22,81|69,90/32,33=32,16,88,78,33
14,77|79,39|79,12|79,81|79,25|4,27|12,33|22,30|54,4|2,1|73,86|64,41|25,54|79,73|29,22|86,2|39,29|81,76|76,64|33,14/79,27=79,25,54,4,27
28,64|55,84|54,58|9,88|82,98|56,48|31,93|26,70|38,87|93,82|48,9|64,54|25,31|25,26|25,28|25,55|84,38|63,27|70,63|25,56/25,98=25,31,93,82,98
11,61|71,1|38,12|30,25|88,24|2,73|66,17|88,16|79,51|69,66|12,74|88,80|88,30|1,2|16,38|25,79|89,11|24,89|88,71|80,69/88,17=88,80,69,66,17
79,59|6,41|79,95|88,13|66,27|54,6|92,39|79,19|95,25|80,92|22,35|13,69|79,94|38,80|19,88|25,66|79,38|59,54|8,22|94,8/79,35=79,94,8,22,35
22,5|78,47|47,44|22,43|72,78|80,71|43,31|22,69|0,65|32,80|22,72|69,32|82,64|7,63|50,73|64,7|21,50|22,82|5,21|31,0/22,44=22,72,78,47,44
31,32|74,66|82,53|10,75|56,80|53,28|69,30|82,9|82,83|60,31|54,39|28,54|82,69|9,74|64,87|30,10|87,56|83,60|66,58|82,64/82,58=82,9,74,66,58
59,25|3,52|36,61|88,58|80,3|31,84|93,40|67,12|36,80|36,26|25,66|40,76|76,82|26,59|58,67|36,93|52,56|61,31|36,88|84,71/36,12=36,88,58,67,12
77,33|41,36|63,67|4,77|78,41|11,4|36,99|63,91|63,78|57,9|67,86|63,11|79,47|32,31|9,74|54,79|63,54|91,57|86,32|47,12/63,99=63,78,41,36,99
60,21|55,68|74,62|55,51|55,88|5,11|11,24|68,60|43,5|55,48|55,43|86,26|51,98|62,71|48,74|37,46|21,3|88,85|85,86|98,37/55,3=55,68,60,21,3
91,96|8,17|1,44|73,65|16,18|21,31|91,37|91,84|84,21|37,95|65,20|17,16|20,59|91,8|68,74|31,46|96,60|91,73|60,68|95,1/91,74=91,96,60,68,74
33,6|95,30|33,44|44,2|29,95|53,5|85,42|93,85|41,68|6,53|5,57|33,70|21,41|33,21|33,73|81,38|70,93|68,11|2,81|73,29/33,11=33,21,41,68,11
98,64|81,42|97,20|99,34|97,99|64,25|20,66|19,88|83,49|97,19|34,86|66,29|97,83|29,26|86,48|49,81|97,36|88,43|36,98|43,0/97,42=97,83,49,81,42
5,91|95,9|34,16|0,85|49,22|1,49|34,80|34,53|85,84|34,55|91,61|6,95|16,5|55,0|53,4|34,88|88,1|46,90|80,6|4,46/34,90=34,53,4,46,90
74,58|28,14|66,26|36,56|14,11|41,82|33,4|99,28|29,41|56,52|73,43|58,29|5,73|74,99|74,50|74,1|4,66|1,36|50,5|74,33/74,82=74,58,29,41,82
89,41|77,12|0,1|21,4|53,77|45,15|89,91|88,31|4,88|39,20|91,19|19,96|12,76|98,0|89,45|89,21|15,39|41,98|96,46|89,53/89,76=89,53,77,12,76
20,27|33,88|8,24|19,77|5,89|5,30|5,60|30,11|48,49|27,8|31,19|5,46|60,31|68,6|89,48|5,20|11,68|49,28|88,69|46,33/5,24=5,20,27,8,24
7,37|62,67|72,58|67,10|99,72|68,86|7,83|17,19|37,99|83,17|86,40|94,85|85,38|38,3|82,62|7,30|30,68|19,2|7,82|7,94/7,10=7,82,62,67,10
76,6|65,51|76,13|20,83|32,65|2,81|76,20|82,87|83,2|44,26|85,98|51,71|76,32|13,82|98,61|26,67|76,85|61,49|87,84|6,44/76,67=76,6,44,26,67
23,86|23,11|64,40|53,32|60,76|15,43|23,6|76,80|86,60|11,67|67,57|2,9|57,42|23,15|40,27|6,2|23,70|70,64|9,51|43,53/23,42=23,11,67,57,42
1,50|39,55|28,81|52,62|55,49|28,1|81,39|50,26|3,96|80,95|2,0|70,2|12,80|26,19|62,3|28,72|58,12|28,58|28,52|72,70/28,95=28,58,12,80,95
50,74|79,72|13,75|83,87|98,83|33,15|92,48|98,50|72,8|42,79|89,20|98,42|20,44|74,13|87,92|98,33|98,61|15,4|4,6|61,89/98,6=98,33,15,4,6
35,42|54,98|66,54|35,52|5,76|61,67|35,74|35,66|52,0|78,10|35,61|20,79|98,62|10,23|67,20|42,78|0,46|74,5|76,77|46,84/35,62=35,66,54,98,62
85,27|7,12|80,32|67,47|33,7|47,45|37,85|37,34|50,33|37,72|37,50|99,95|51,78|17,99|72,51|27,80|71,67|37,71|78,41|34,17/37,41=37,72,51,78,41
12,15|51,19|52,75|5,30|60,16|89,42|74,73|94,12|16,5|94,52|75,89|94,60|7,51|37,65|32,7|94,80|94,32|15,74|2,37|80,2/94,30=94,60,16,5,30
70,90|76,16|70,30|14,38|12,57|98,89|70,76|70,58|58,87|38,6|89,74|92,99|30,98|70,20|20,69|87,12|90,14|10,54|16,10|69,92/70,99=70,20,69,92,99
2,34|14,11|54,62|1,81|99,14|94,5|64,85|1,67|52,13|1,52|70,49|13,54|1,94|5,16|49,2|9,64|1,70|81,9|16,36|67,99/1,36=1,94,5,16,36
31,15|36,43|77,33|81,62|56,65|15,24|97,83|46,79|77,30|43,80|77,46|77,31|33,97|62,89|30,36|24,94|83,90|79,56|77,81|89,17/77,90=77,33,97,83,90
22,35|59,31|67,32|67,19|92,91|94,34|67,69|33,90|76,92|6,57|19,59|77,33|67,76|91,28|57,94|32,77|69,1|67,6|31,95|1,22/67,90=67,32,77,33,90
37,16|67,79|39,10|43,37|9,47|67,89|14,95|94,39|5,51|67,34|53,14|2,77|89,43|67,5|51,2|95,49|73,9|79,73|67,53|34,94/67,10=67,34,94,39,10
72,67|56,66|6,85|57,7|16,17|66,14|98,91|16,57|67,58|16,69|69,26|26,45|11,80|16,11|82,72|16,82|17,56|80,6|45,99|7,98/16,91=16,57,7,98,91
17,16|24,65|83,39|83,18|11,71|65,5|83,11|39,24|71,17|26,8|8,25|83,26|14,6|25,89|95,14|83,51|18,52|93,63|51,95|52,93/83,89=83,26,8,25,89
46,97|9,45|97,37|59,1|39,9|37,41|46,94|46,20|46,4|66,82|2,66|45,68|94,60|20,59|60,48|48,64|46,39|4,2|1,47|41,56/46,82=46,4,2,66,82
35,44|16,35|81,36|2,33|65,21|2,22|70,13|2,81|1,89|62,83|52,1|3,70|36,27|22,52|2,65|44,38|21,62|2,16|27,25|33,3/2,38=2,16,35,44,38
15,24|44,35|96,18|8,89|18,10|42,16|96,4|96,42|45,94|12,39|96,44|28,79|39,81|4,12|10,28|16,8|96,68|36,15|68,36|35,45/96,81=96,4,12,39,81
42,49|42,44|6,59|32,43|42,76|42,32|44,6|70,62|42,33|82,10|49,89|59,73|43,78|62,69|33,0|8,31|89,8|76,70|78,45|0,82/42,45=42,32,43,78,45
71,1|41,74|73,65|66,9|41,73|41,71|61,64|55,24|16,61|74,21|21,25|41,45|45,16|23,66|41,23|85,43|65,85|25,11|9,81|1,55/41,24=41,71,1,55,24
59,42|13,94|38,2|98,16|25,24|20,31|20,68|68,39|20,64|20,69|64,13|23,98|39,38|17,26|20,25|69,23|24,17|31,66|94,46|66,59/20,42=20,31,66,59,42
12,15|62,58|56,18|3,47|73,91|36,81|56,7|56,24|80,74|7,37|10,41|18,12|15,67|56,73|24,64|91,3|81,80|56,36|64,10|37,62/56,47=56,73,91,3,47
28,36|46,28|6,9|79,42|42,61|89,84|88,47|46,18|36,38|46,89|61,32|38,60|46,79|84,7|15,88|46,4|9,96|7,95|18,15|4,6/46,47=46,18,15,88,47
4,90|10,92|33,72|33,83|22,49|92,57|85,10|16,98|45,2|83,29|96,84|72,4|49,16|33,85|33,22|33,15|2,80|15,45|29,96|90,81/33,57=33,85,10,92,57
62,91|91,70|99,25|24,29|61,12|70,51|60,69|74,60|22,61|39,27|12,56|85,74|25,21|29,39|24,99|27,58|24,22|24,62|24,85|21,75/24,56=24,22,61,12,56
0,59|83,46|59,74|74,97|31,83|85,84|77,62|85,0|44,8|84,53|63,44|85,13|85,5|9,77|46,89|85,31|53,66|13,9|5,63|66,7/85,8=85,5,63,44,8
40,92|29,80|85,9|9,8|30,77|85,37|91,90|80,60|18,86|37,1|85,49|90,18|77,54|88,87|8,88|1,40|85,91|49,29|85,30|54,50/85,92=85,37,1,40,92
34,56|96,69|72,66|19,5|92,52|8,72|8,34|66,40|56,64|40,38|52,45|8,94|94,92|8,96|8,33|62,43|69,62|64,79|5,1|33,19/8,45=8,94,92,52,45
87,37|36,34|13,59|34,97|40,36|45,57|40,94|40,87|94,78|40,13|78,53|59,47|54,79|37,45|53,98|40,54|97,50|79,12|47,61|12,20/40,50=40,36,34,97,50
4,99|2,59|86,60|14,26|30,85|95,24|0,47|47,46|5,0|24,10|58,6|26,2|95,5|10,58|95,14|60,30|13,4|95,86|79,13|95,79/95,6=95,24,10,58,6
29,34|4,84|63,79|66,37|45,2|73,29|46,21|81,86|37,92|54,73|46,63|46,95|46,45|70,61|79,4|21,66|2,81|46,54|90,70|95,90/46,84=46,63,79,4,84
85,17|46,58|75,37|48,36|17,31|89,54|75,70|75,49|75,89|75,46|36,79|26,29|49,11|12,19|11,26|21,91|58,21|37,85|54,12|70,48/75,19=75,89,54,12,19
16,56|94,86|60,94|60,6|74,10|96,37|60,74|30,21|86,61|61,39|60,30|35,26|21,35|60,96|37,16|5,66|89,82|6,89|10,5|82,87/60,87=60,6,89,82,87
57,6|10,34|10,55|28,84|55,8|77,87|84,40|5,15|42,63|16,77|10,43|8,88|10,11|11,16|43,5|88,65|63,57|34,28|15,27|10,42/10,6=10,42,63,57,6
41,70|63,67|83,53|72,42|11,90|1,68|54,30|67,57|63,72|70,11|27,54|63,41|63,76|34,83|76,27|46,50|63,7|57,1|7,34|42,46/63,53=63,7,34,83,53
52,62|45,96|8,28|60,7|58,70|70,34|34,37|19,39|30,85|9,55|8,58|62,47|8,60|39,53|8,45|7,30|8,80|96,9|28,52|80,19/8,85=8,60,7,30,85
2,45|99,84|96,14|43,12|96,89|80,43|7,81|17,80|96,27|89,99|64,36|45,64|84,23|96,17|96,2|14,97|97,7|18,49|32,18|27,32/96,81=96,14,97,7,81
29,71|2,65|29,36|29,55|29,46|46,16|63,94|86,22|16,74|36,2|27,69|74,76|28,86|71,28|65,10|64,48|48,27|29,64|55,34|34,63/29,69=29,64,48,27,69
94,51|45,76|35,49|89,5|2,95|51,40|29,27|76,34|40,44|5,29|82,45|2,10|2,82|92,57|95,80|2,89|49,79|80,92|2,94|10,35/2,27=2,89,5,29,27
17,71|93,94|87,51|58,6|75,65|69,38|98,14|51,39|87,69|78,11|87,93|87,17|94,75|39,78|83,37|6,98|87,58|38,22|22,72|71,83/87,11=87,51,39,78,11
20,41|70,24|20,90|35,83|63,85|4,47|80,63|20,4|77,7|90,70|47,17|20,79|86,14|7,35|24,0|79,80|20,77|53,86|41,53|17,23/20,85=20,79,80,63,85
45,60|45,76|98,78|46,8|45,93|71,95|78,26|18,19|89,46|93,38|96,36|60,89|45,71|69,18|76,98|45,6|95,96|38,29|6,69|29,83/45,8=45,60,89,46,8
36,91|46,33|36,75|92,47|33,7|8,52|74,92|36,46|0,89|22,50|62,98|52,0|76,22|70,62|75,76|7,51|36,16|16,70|91,74|36,8/36,89=36,8,52,0,89
83,4|18,74|35,50|32,62|20,73|49,32|71,35|10,16|71,63|50,83|71,18|60,97|71,78|78,49|63,81|73,10|81,60|42,52|71,20|74,42/71,52=71,18,74,42,52
12,7|62,95|88,94|89,51|9,88|84,62|34,22|51,67|17,5|58,54|7,84|12,68|12,34|12,89|22,17|67,69|12,58|54,39|39,21|68,9/12,95=12,7,84,62,95
51,35|7,65|66,99|16,41|33,4|72,32|16,51|16,9|40,73|16,71|35,56|9,62|32,31|16,7|56,26|65,66|41,72|62,40|89,33|71,89/16,73=16,9,62,40,73
2,89|59,29|25,10|29,51|98,30|23,26|26,49|23,14|10,34|90,2|23,25|58,85|14,59|49,12|34,99|23,48|12,11|85,98|23,58|48,90/23,11=23,26,49,12,11
13,21|78,82|0,92|57,8|94,57|8,24|0,13|66,86|20,79|70,41|55,20|92,55|21,83|0,94|82,66|0,78|83,64|0,70|41,91|91,17/0,79=0,92,55,20,79
18,77|67,32|61,92|10,79|35,27|33,1|56,53|2,33|77,39|67,10|48,13|53,37|67,56|32,2|92,35|67,34|79,48|67,61|37,50|34,18/67,50=67,56,53,37,50
43,88|43,69|30,62|0,78|15,24|65,12|58,15|43,29|69,27|13,91|62,42|31,30|87,13|1,58|88,87|84,0|43,1|27,65|29,84|43,31/43,78=43,29,84,0,78
75,46|1,45|91,23|12,42|73,68|28,70|79,9|38,73|42,75|28,12|28,1|28,94|70,91|45,69|30,79|94,38|28,49|69,8|49,30|23,71/28,71=28,70,91,23,71
33,69|47,44|19,97|97,20|47,66|47,19|11,77|87,74|82,80|26,33|20,27|47,26|47,82|80,96|69,37|66,87|96,90|74,48|44,11|77,21/47,90=47,82,80,96,90
55,85|86,77|45,88|53,73|73,10|37,4|30,28|55,86|19,23|88,19|2,37|99,2|17,53|28,38|55,45|55,17|77,44|44,54|55,99|85,30/55,10=55,17,53,73,10
45,87|20,62|78,45|20,9|23,1|86,96|26,37|20,24|55,80|20,55|48,86|89,98|20,59|60,89|24,48|62,23|80,26|59,78|1,7|9,60/20,37=20,55,80,26,37
51,79|49,89|11,31|61,11|60,0|61,54|58,21|31,49|54,18|61,65|61,75|75,38|38,51|65,19|61,96|96,66|66,41|18,60|19,58|41,82/61,89=61,11,31,49,89
77,89|92,16|11,73|70,80|59,11|73,3|90,67|70,59|29,27|71,36|67,72|36,29|70,60|60,77|70,71|80,90|70,92|89,9|16,17|17,45/70,3=70,59,11,73,3
88,22|38,80|2,36|71,88|60,24|73,20|0,15|80,73|19,2|32,90|24,32|60,71|22,1|15,87|60,19|60,0|90,85|60,38|36,53|87,67/60,1=60,71,88,22,1
86,68|5,1|1,18|16,66|24,74|18,26|5,0|47,67|5,46|12,70|5,16|33,47|5,4|4,12|70,28|74,37|46,33|66,86|26,89|0,24/5,37=5,0,24,74,37
62,98|60,0|33,74|98,33|94,56|76,53|70,47|42,75|42,60|42,62|75,70|52,83|83,15|47,43|0,94|18,76|14,52|42,18|42,14|53,17/42,43=42,75,70,47,43
57,95|71,61|72,59|72,81|72,84|83,62|67,52|72,45|98,57|68,39|72,60|84,38|59,33|61,12|60,98|45,71|81,13|38,83|13,67|33,68/72,95=72,60,98,57,95
82,64|13,7|64,67|30,40|70,62|7,65|27,81|51,21|70,82|70,13|67,91|98,33|21,98|65,68|81,16|70,51|59,30|70,0|62,27|0,59/70,91=70,82,64,67,91
12,77|24,84|28,10|54,16|31,13|28,88|56,48|35,54|28,20|88,14|47,56|3,64|10,47|28,46|14,12|28,31|13,24|20,35|46,3|64,9/28,84=28,31,13,24,84
57,7|11,2|5,38|21,85|69,24|69,21|69,12|66,96|85,5|36,76|2,19|96,86|69,57|27,36|7,87|86,30|87,22|12,11|24,27|69,66/69,76=69,24,27,36,76
95,76|53,15|5,62|92,68|95,5|64,6|9,83|76,66|30,56|62,9|55,67|95,92|95,36|68,30|45,8|15,64|66,55|95,53|36,45|8,39/95,6=95,53,15,64,6
71,50|81,29|74,82|5,74|8,2|1,65|22,8|6,40|50,98|31,81|40,33|29,95|1,6|1,91|91,5|98,34|65,22|1,71|33,25|1,31/1,34=1,71,50,98,34
30,87|89,30|80,46|70,32|61,19|61,40|40,17|46,81|61,78|96,18|32,29|31,80|18,42|17,38|61,31|19,70|78,89|61,96|38,50|42,68/61,68=61,96,18,42,68
96,28|82,76|82,15|51,46|92,53|17,96|0,17|59,39|22,51|15,22|43,73|3,92|73,80|8,59|82,43|82,49|49,8|76,3|82,0|80,7/82,7=82,43,73,80,7
30,60|67,6|41,14|55,38|5,45|29,16|82,0|55,56|14,82|55,5|55,41|56,75|10,7|75,51|38,67|55,29|51,92|45,30|6,93|16,10/55,92=55,56,75,51,92
62,52|60,98|83,56|52,83|33,17|76,94|70,47|42,75|42,60|42,62|75,70|0,53|53,15|47,43|98,33|18,76|14,0|42,18|42,14|94,74/42,43=42,75,70,47,43
93,5|63,27|72,34|68,65|19,95|95,70|5,18|90,63|98,96|70,75|98,90|98,59|96,89|65,67|59,68|89,72|98,10|27,49|98,19|10,93/98,34=98,96,89,72,34
75,4|6,50|93,5|4,65|73,29|93,18|5,3|93,54|18,33|86,73|3,16|54,2|93,61|61,75|2,6|16,24|19,11|33,19|93,86|29,27/93,11=93,18,33,19,11
12,73|73,41|41,69|72,44|66,40|12,47|34,72|12,9|94,66|69,96|12,98|98,94|87,11|47,34|46,65|11,70|36,46|65,95|12,36|9,87/12,95=12,36,46,65,95
94,4|52,75|30,32|98,25|32,72|96,7|84,93|84,94|33,46|84,83|75,20|84,96|83,58|84,76|4,33|48,65|58,48|7,98|93,52|76,30/84,65=84,83,58,48,65
97,75|91,51|22,50|46,66|28,58|91,27|27,87|91,55|87,28|91,26|67,85|13,44|26,97|55,67|91,22|50,13|85,7|51,81|81,46|75,64/91,58=91,27,87,28,58
12,1|69,59|39,50|39,97|24,69|39,12|39,20|97,41|59,14|20,96|3,8|49,23|56,3|41,72|96,18|1,49|39,24|50,56|18,85|72,36/39,14=39,24,69,59,14
85,59|66,33|38,9|85,11|15,3|10,45|3,70|85,55|33,54|85,18|55,92|18,83|17,60|11,5|5,10|70,0|59,66|92,17|85,15|83,38/85,54=85,59,66,33,54
37,31|33,98|65,2|31,82|54,44|65,27|71,68|65,22|65,95|27,37|95,20|62,75|20,19|68,4|19,49|98,54|65,33|75,58|2,62|22,71/65,49=65,95,20,19,49
54,73|33,99|75,5|93,56|93,94|94,86|39,53|86,33|56,76|48,75|5,36|93,39|18,87|53,14|87,43|93,49|93,48|49,18|76,54|14,20/93,36=93,48,75,5,36
5,20|88,63|20,0|63,92|39,5|39,58|48,93|6,95|85,71|95,48|71,89|39,6|0,31|60,77|39,70|39,60|58,85|77,32|32,50|70,88/39,93=39,6,95,48,93
53,48|22,8|28,38|76,67|10,76|54,7|7,99|19,60|18,53|9,25|95,54|9,22|45,19|25,10|9,45|98,18|60,16|9,95|9,98|8,28/9,48=9,98,18,53,48
77,76|66,13|40,61|67,65|15,44|69,87|67,23|67,66|16,73|67,50|76,89|65,20|20,40|13,15|87,25|67,4|95,16|4,69|50,95|23,77/67,44=67,66,13,15,44
34,71|71,48|34,63|34,9|34,56|45,23|80,90|26,50|78,29|53,66|50,58|66,61|58,77|56,52|52,45|81,80|34,26|48,78|9,53|63,81/34,90=34,63,81,80,90
75,87|86,1|68,32|64,28|19,68|75,91|87,60|39,96|91,19|60,64|46,50|75,0|75,7|23,86|7,23|75,46|45,39|0,45|70,53|50,70/75,28=75,87,60,64,28
4,17|15,53|27,4|81,78|69,20|27,69|71,19|20,87|27,84|87,62|96,5|84,66|27,74|66,15|39,76|17,81|32,96|27,71|74,32|19,39/27,53=27,84,66,15,53
28,50|44,9|8,97|87,33|31,51|37,6|28,71|28,85|63,8|73,93|75,44|28,37|51,65|28,46|85,22|22,73|71,75|46,31|6,87|50,63/28,9=28,71,75,44,9
60,5|41,32|51,69|79,75|36,28|86,71|73,41|48,51|48,30|30,73|48,78|48,86|17,67|90,96|71,60|78,53|69,36|48,90|96,17|53,79/48,75=48,78,53,79,75
40,19|62,2|63,9|40,28|60,83|40,62|75,97|90,86|20,68|80,75|28,80|9,4|4,91|40,63|15,90|2,36|83,20|40,60|19,15|36,14/40,14=40,62,2,36,14
40,92|32,83|92,19|65,90|32,15|19,30|1,57|57,36|90,68|32,40|91,82|82,44|32,45|45,91|32,37|83,65|43,47|15,1|47,11|37,43/32,11=32,37,43,47,11
68,6|75,68|51,64|88,25|25,29|65,9|69,13|64,15|79,63|65,61|61,51|65,88|9,75|65,45|63,73|45,56|29,33|22,79|56,69|65,22/65,73=65,22,79,63,73
1,40|67,61|71,94|85,67|19,49|41,91|29,84|84,15|43,85|19,93|19,29|28,1|19,28|94,39|19,43|49,71|91,31|40,70|15,36|93,41/19,70=19,28,1,40,70
4,53|59,75|15,69|65,18|18,7|90,6|3,71|71,90|21,59|75,62|7,43|61,15|43,28|65,21|65,61|65,4|65,3|91,74|69,23|53,91/65,62=65,21,59,75,62
18,46|54,60|26,85|18,45|45,26|74,82|46,65|96,69|20,36|36,28|85,94|95,12|18,74|18,20|86,5|65,95|18,54|60,96|28,48|82,86/18,48=18,20,36,28,48
85,25|85,26|75,22|10,6|85,69|69,63|26,23|23,11|65,92|25,47|6,65|97,4|85,10|17,30|63,97|85,36|47,17|11,86|22,68|36,75/85,30=85,25,47,17,30
88,22|38,15|80,73|71,88|60,24|87,85|0,2|15,87|19,80|32,36|24,32|60,71|22,1|2,90|60,19|60,0|36,67|60,38|73,53|90,20/60,1=60,71,88,22,1
43,84|80,91|13,85|5,57|5,86|65,28|84,26|86,23|91,49|57,59|23,13|5,98|98,43|5,80|49,58|31,22|5,65|83,39|28,31|59,83/5,26=5,98,43,84,26
65,0|34,70|58,44|95,64|0,86|71,36|66,94|44,46|70,66|34,43|34,49|34,91|36,2|64,84|91,65|49,58|94,48|34,8|43,71|8,95/34,86=34,91,65,0,86
93,46|73,61|62,67|60,87|61,68|68,2|84,12|67,90|55,60|87,11|37,84|11,65|55,37|55,98|98,93|55,73|55,0|46,47|12,34|0,62/55,90=55,0,62,67,90
99,72|50,54|99,82|82,51|65,75|69,66|42,92|34,12|99,42|92,34|54,65|1,49|99,56|38,78|56,32|32,38|37,1|51,69|99,50|72,37/99,75=99,50,54,65,75
21,1|39,48|97,0|82,26|67,3|1,73|91,51|87,39|0,87|97,15|11,67|22,11|15,56|97,21|56,91|97,18|73,10|97,22|75,82|18,75/97,10=97,21,1,73,10
41,27|63,67|83,53|72,70|46,30|54,50|1,68|67,57|63,72|27,46|42,1|63,41|63,76|34,83|76,42|11,90|63,7|57,54|7,34|70,11/63,53=63,7,34,83,53
87,75|33,24|9,12|68,26|87,58|37,85|25,76|10,33|87,65|58,25|87,98|76,72|98,51|87,68|93,66|65,10|26,37|51,9|75,93|66,81/87,72=87,58,25,76,72
30,96|61,29|67,95|7,73|30,61|30,67|81,53|30,93|48,40|1,86|93,1|86,57|4,26|36,8|26,81|95,48|96,7|30,4|29,36|73,72/30,40=30,67,95,48,40
86,23|31,47|6,18|61,50|91,31|62,61|60,62|8,95|60,8|60,86|2,91|23,82|33,6|95,68|3,33|60,3|68,52|50,55|60,2|82,16/60,47=60,2,91,31,47
44,13|12,48|3,78|9,4|4,38|22,71|9,3|69,54|14,27|13,63|38,69|9,12|58,7|63,84|9,44|9,56|56,41|78,22|48,58|41,14/9,84=9,44,13,63,84
33,83|20,77|78,75|42,17|58,18|17,20|42,33|42,99|75,86|83,1|1,38|77,28|42,49|42,90|49,50|90,58|50,89|99,78|89,3|18,55/42,3=42,49,50,89,3
50,83|99,42|96,30|78,40|50,13|13,29|91,99|83,64|63,32|10,93|58,15|64,10|29,96|50,54|50,78|54,91|50,58|26,76|15,26|40,63/50,32=50,78,40,63,32
17,35|49,0|31,75|49,31|49,5|64,58|78,81|49,30|81,48|30,50|5,17|48,40|50,44|51,23|88,64|0,88|35,67|44,94|49,78|75,51/49,94=49,30,50,44,94
78,93|53,59|17,37|12,68|5,86|12,63|12,8|12,81|8,85|68,22|85,88|22,62|37,5|81,90|88,40|59,29|12,17|62,15|90,78|63,53/12,86=12,17,37,5,86
87,37|81,59|95,70|90,52|59,21|0,43|94,16|70,81|52,5|95,54|95,87|61,90|95,61|69,19|95,34|43,53|37,69|34,0|54,94|16,47/95,5=95,61,90,52,5
16,23|66,90|1,66|10,14|7,81|38,7|9,21|77,98|23,1|85,42|15,93|72,96|93,77|16,9|16,5|16,15|5,38|96,10|16,72|21,85/16,42=16,9,21,85,42
6,63|55,10|63,92|6,54|98,27|96,43|10,12|54,30|40,96|87,31|26,50|93,95|12,84|6,93|92,87|6,40|95,26|6,55|30,98|43,57/6,31=6,63,92,87,31
63,17|65,40|29,31|32,63|23,71|73,29|65,85|65,88|24,32|30,47|65,24|85,60|40,23|65,97|97,18|18,30|88,73|71,4|60,3|3,42/65,42=65,85,60,3,42
41,6|10,66|68,41|77,64|32,10|3,46|93,51|6,3|59,47|51,65|68,86|68,32|76,93|66,61|7,80|47,7|68,59|12,77|86,12|68,76/68,61=68,32,10,66,61
67,70|14,63|88,50|6,88|98,14|50,82|2,40|0,22|33,6|15,67|72,17|33,15|70,83|22,44|63,90|33,2|61,0|40,72|33,61|33,98/33,17=33,2,40,72,17
6,14|91,28|86,91|10,58|28,0|68,86|68,42|34,26|68,34|26,25|55,6|36,5|42,10|14,38|58,69|25,90|68,3|5,30|3,36|68,55/68,30=68,3,36,5,30
5,96|35,26|64,67|40,43|26,57|89,52|14,66|40,80|40,5|40,90|96,64|43,35|40,89|41,45|52,14|10,9|9,12|90,41|80,10|45,7/40,7=40,90,41,45,7
70,85|42,69|25,76|28,98|28,9|28,50|48,25|71,47|29,39|98,7|28,17|85,82|28,70|27,71|50,22|82,14|17,27|7,42|22,29|9,48/28,14=28,70,85,82,14
32,33|4,12|69,56|77,52|58,29|79,44|69,70|76,51|12,32|69,77|52,79|16,58|69,4|70,16|62,10|86,50|56,62|10,26|50,76|69,86/69,51=69,86,50,76,51
54,6|58,93|34,11|53,5|80,34|6,15|82,78|44,53|87,82|15,65|50,87|11,99|86,14|86,50|5,79|14,58|93,16|86,44|86,54|86,80/86,16=86,14,58,93,16
40,18|87,98|12,9|42,46|57,87|84,40|12,75|16,67|47,42|27,16|76,20|12,76|12,47|9,84|20,14|46,79|67,89|14,29|75,57|12,27/12,18=12,9,84,40,18
9,8|48,42|92,39|91,24|49,33|41,59|63,41|49,83|49,3|49,91|83,45|33,63|49,92|24,9|30,31|39,32|45,30|3,6|32,26|6,48/49,59=49,33,63,41,59
72,39|39,49|98,81|97,0|81,30|0,83|72,36|11,45|89,51|33,50|51,85|72,98|85,96|72,97|30,7|83,90|50,60|72,89|36,33|49,11/72,90=72,97,0,83,90
81,22|14,1|26,42|74,5|53,74|84,53|60,51|20,10|7,29|48,14|48,81|48,69|10,59|72,20|1,26|22,60|18,7|48,84|48,72|69,18/48,59=48,72,20,10,59
26,55|55,9|23,50|46,18|2,29|42,47|71,60|79,25|93,75|50,76|0,26|8,78|78,71|79,0|25,23|18,93|79,2|79,46|29,42|79,8/79,9=79,0,26,55,9
40,19|62,2|63,15|40,28|60,83|40,62|20,91|4,68|75,97|9,20|28,9|15,90|90,86|40,63|80,4|2,36|83,75|40,60|19,80|36,14/40,14=40,62,2,36,14
20,65|1,63|25,8|80,58|65,15|82,12|35,57|35,5|35,82|58,9|57,80|5,59|81,72|35,11|12,1|8,96|11,20|98,25|35,98|59,81/35,63=35,82,12,1,63
87,14|85,47|76,4|69,85|4,73|55,12|73,55|80,86|76,77|6,87|76,69|86,48|76,40|40,91|47,13|76,57|77,80|91,22|22,41|57,6/76,14=76,57,6,87,14
66,70|66,72|8,98|70,21|55,76|63,95|66,31|60,3|67,78|2,8|87,9|72,2|31,67|78,12|83,55|21,60|66,83|66,87|9,63|76,80/66,12=66,31,67,78,12
28,95|76,61|10,53|82,98|84,52|27,17|95,20|88,28|52,62|88,0|88,80|45,10|54,27|88,76|0,84|61,82|20,49|80,54|87,45|88,87/88,98=88,76,61,82,98
24,59|39,37|6,11|24,34|37,56|51,36|56,74|18,84|0,13|83,6|24,83|24,0|34,18|2,65|63,2|24,39|59,63|13,51|84,88|11,9/24,74=24,39,37,56,74
54,19|0,5|5,97|64,49|23,7|29,23|83,55|18,83|7,58|97,9|19,92|58,1|49,60|55,63|29,64|29,18|29,54|92,75|60,34|29,0/29,34=29,64,49,60,34
44,1|82,66|21,68|29,13|82,74|94,32|1,76|82,44|89,63|82,62|81,21|13,14|82,29|66,7|91,94|62,81|14,56|7,89|76,53|74,91/82,63=82,66,7,89,63
83,63|44,83|80,45|26,35|61,26|61,91|61,12|45,20|12,80|34,67|27,65|49,27|62,44|61,62|77,54|56,73|91,49|67,77|61,34|35,56/61,65=61,91,49,27,65
75,36|42,32|50,63|12,3|68,51|55,14|26,93|12,26|12,46|36,42|12,75|76,55|6,11|93,6|3,50|88,68|49,76|46,88|12,49|63,15/12,32=12,75,36,42,32
9,30|41,58|7,24|54,10|70,98|10,29|98,25|24,13|70,7|25,9|13,90|63,41|70,76|0,52|52,38|70,68|76,63|38,23|68,54|70,0/70,23=70,0,52,38,23
59,89|61,5|93,97|5,22|2,76|2,93|53,13|64,30|2,10|22,79|2,61|89,55|13,31|10,27|76,59|97,64|27,42|2,53|42,24|31,81/2,79=2,61,5,22,79
31,52|3,25|36,61|88,58|80,3|40,76|93,59|67,12|36,80|36,26|52,71|59,84|84,56|26,31|58,67|36,93|25,66|61,40|36,88|76,82/36,12=36,88,58,67,12
72,91|60,20|18,62|20,84|90,44|62,68|32,94|48,54|84,90|60,27|60,93|94,2|85,72|93,64|60,85|64,48|60,26|27,18|91,35|26,32/60,35=60,85,72,91,35
47,51|9,77|76,64|31,85|40,82|58,63|77,97|44,31|42,26|85,58|44,47|97,59|26,99|44,5|5,40|44,83|82,38|83,42|44,9|51,76/44,38=44,5,40,82,38
81,44|61,89|31,74|76,82|30,28|21,76|82,63|25,81|28,69|30,61|14,16|5,10|30,14|89,31|16,5|30,21|44,58|1,79|30,25|69,1/30,58=30,25,81,44,58
59,62|46,89|18,79|63,29|37,56|64,46|79,63|62,77|88,41|41,37|77,2|18,71|29,34|18,64|18,59|71,84|89,17|52,82|84,52|18,88/18,17=18,64,46,89,17
61,11|73,84|62,67|60,87|84,12|12,65|93,46|67,90|55,60|87,68|37,93|68,34|55,37|55,98|98,61|55,73|55,0|11,47|46,2|0,62/55,90=55,0,62,67,90
51,59|7,70|89,7|33,51|6,81|19,13|13,45|64,33|95,64|5,6|95,82|35,5|96,14|71,96|43,71|45,52|82,89|95,43|95,19|95,35/95,59=95,64,33,51,59
76,92|46,20|79,35|46,21|24,76|47,59|19,24|49,80|20,81|9,16|46,9|46,18|11,10|46,19|94,49|81,11|59,68|16,79|21,47|18,94/46,10=46,20,81,11,10
46,81|33,46|13,22|78,50|66,13|6,41|6,14|21,54|6,21|52,64|86,34|41,66|54,86|53,3|2,52|49,33|6,49|6,78|14,2|50,53/6,3=6,78,50,53,3
2,32|59,23|2,24|79,68|19,87|23,40|76,8|32,74|2,79|2,62|2,53|33,76|62,33|11,35|68,19|41,97|53,59|74,41|35,94|24,11/2,87=2,79,68,19,87
74,52|30,76|27,62|39,36|63,33|30,74|56,63|62,40|93,95|90,53|53,60|30,56|30,86|86,27|47,67|95,39|76,90|30,93|33,46|52,47/30,36=30,93,95,39,36
54,6|58,93|53,5|87,11|80,53|6,82|15,99|44,87|34,15|82,78|50,34|5,79|86,14|86,50|11,65|14,58|93,16|86,44|86,54|86,80/86,16=86,14,58,93,16
63,77|20,76|63,57|46,14|68,21|59,12|50,92|83,20|21,27|12,7|45,83|88,46|57,50|27,41|92,96|77,59|63,55|63,45|55,88|63,68/63,96=63,57,50,92,96
29,82|15,74|81,76|74,81|49,46|76,43|15,88|26,99|11,2|15,11|88,29|82,90|2,26|57,30|5,3|15,5|3,57|46,19|15,48|48,49/15,99=15,11,2,26,99
70,89|5,1|1,12|16,66|24,74|12,86|5,0|26,68|5,46|33,47|5,16|18,26|5,4|4,33|47,28|74,37|46,18|66,70|86,67|0,24/5,37=5,0,24,74,37
3,34|3,51|67,38|87,57|46,87|38,26|25,22|22,56|51,67|21,91|31,25|3,46|0,21|3,0|57,9|34,99|99,69|91,70|3,31|69,82/3,9=3,46,87,57,9
51,77|51,59|24,17|75,43|94,92|5,1|1,41|73,4|51,88|12,94|59,19|77,24|18,78|51,12|17,82|51,73|92,79|88,5|4,18|19,75/51,43=51,59,19,75,43
15,87|57,50|26,3|17,57|87,70|50,94|42,18|70,99|17,42|94,14|3,71|28,84|60,67|69,95|17,69|17,54|95,28|54,26|18,60|17,15/17,99=17,15,87,70,99
17,71|93,38|87,51|58,94|83,14|69,6|98,72|51,39|87,69|78,11|87,93|87,17|38,83|39,78|75,65|94,98|87,58|6,22|22,37|71,75/87,11=87,51,39,78,11
88,55|15,97|13,15|64,21|88,14|48,94|88,98|14,26|88,67|94,49|99,89|52,71|67,52|3,63|26,3|98,48|89,64|88,99|71,76|55,13/88,49=88,98,48,94,49
79,76|51,79|70,12|28,82|42,64|70,81|81,0|4,44|12,35|35,74|0,28|70,33|70,89|64,97|33,4|44,50|70,51|76,48|89,42|74,3/70,48=70,51,79,76,48
95,56|44,99|95,43|99,63|56,68|67,98|45,67|11,61|61,15|10,39|78,4|39,34|15,26|95,44|82,10|43,45|63,38|95,11|68,78|95,82/95,26=95,11,61,15,26
48,17|8,32|73,40|80,42|94,80|29,48|64,15|73,29|40,33|73,2|33,64|73,49|13,78|81,8|90,94|73,90|49,13|17,71|2,81|78,56/73,32=73,2,81,8,32
40,35|18,79|20,82|99,20|63,34|26,80|80,70|79,55|65,4|4,19|48,18|40,39|41,12|40,99|82,50|40,48|40,63|34,41|35,26|39,65/40,70=40,35,26,80,70
51,50|68,17|50,29|13,28|70,52|67,73|34,99|30,70|28,34|67,13|67,51|33,47|73,33|31,68|47,76|29,92|52,54|62,31|67,30|67,62/67,76=67,73,33,47,76
80,15|91,16|83,91|19,86|9,66|15,30|85,77|22,81|80,65|80,83|81,73|30,19|16,26|80,22|61,85|65,61|73,59|66,33|33,70|80,9/80,70=80,9,66,33,70
35,15|19,17|78,43|7,68|17,49|27,7|19,32|43,35|73,26|49,22|22,5|44,58|58,3|19,71|32,93|19,59|19,78|59,44|93,73|71,27/19,3=19,59,44,58,3
19,7|91,90|20,47|73,55|82,27|9,75|61,56|27,61|0,68|66,73|84,46|46,70|75,84|9,82|68,19|9,36|9,0|36,66|9,20|47,91/9,55=9,36,66,73,55
37,66|84,63|34,74|63,19|84,34|56,41|0,53|84,77|74,56|84,37|53,71|70,72|77,13|19,12|84,0|66,51|71,97|13,70|12,22|51,40/84,97=84,0,53,71,97
32,10|35,28|50,35|32,38|45,24|38,21|32,92|32,60|95,8|24,65|8,78|56,26|10,95|97,81|60,50|21,97|54,37|37,56|32,54|92,45/32,78=32,10,95,8,78
88,31|89,83|79,62|92,0|92,86|0,72|61,79|86,61|74,55|1,37|37,88|18,89|20,96|44,5|92,74|92,1|83,29|92,18|72,20|55,44/92,31=92,1,37,88,31
1,2|23,1|79,16|79,93|6,54|58,6|31,96|16,23|36,14|62,24|54,65|96,87|87,89|79,58|93,62|14,75|71,36|79,71|79,31|24,64/79,2=79,16,23,1,2
3,93|6,9|3,24|25,92|19,50|8,72|24,6|93,59|86,19|85,89|3,60|72,48|59,25|3,97|60,8|97,85|9,38|3,7|7,86|89,39/3,39=3,97,85,89,39
33,6|5,42|33,44|44,29|53,5|2,81|95,57|93,95|41,68|6,2|81,30|33,70|21,41|33,21|33,73|85,38|70,93|68,11|29,85|73,53/33,11=33,21,41,68,11
31,23|37,31|91,76|37,41|97,26|37,55|90,91|26,65|23,35|34,90|99,1|55,66|66,22|1,86|37,99|41,97|35,81|86,83|22,72|37,34/37,72=37,55,66,22,72
0,46|10,85|47,94|48,47|46,30|39,45|60,39|95,37|94,29|48,99|99,60|65,10|29,96|48,65|48,84|37,24|98,0|48,98|85,36|84,95/48,96=48,47,94,29,96
7,11|55,85|10,71|0,67|75,92|67,21|0,55|21,18|0,7|18,2|4,1|65,22|11,83|71,75|0,4|0,10|85,65|1,48|48,20|83,29/0,2=0,67,21,18,2
30,8|32,31|92,24|91,6|49,33|41,59|63,41|49,83|49,3|49,91|83,45|33,63|49,92|6,30|48,26|24,9|45,48|3,39|9,42|39,32/49,59=49,33,63,41,59
61,64|60,96|96,67|19,7|30,83|36,19|64,31|95,32|1,75|32,43|75,25|77,1|83,60|30,4|43,17|30,94|30,95|30,77|94,36|4,61/30,25=30,77,1,75,25
43,27|47,78|43,39|56,17|17,93|42,61|82,71|61,73|27,13|16,97|57,47|43,42|71,22|43,40|43,56|39,82|40,57|93,88|13,16|73,87/43,87=43,42,61,73,87
80,44|21,49|49,81|32,92|78,62|21,80|3,1|61,3|62,89|81,97|71,22|97,96|21,71|40,25|99,78|22,32|21,99|68,61|44,40|21,68/21,96=21,49,81,97,96
75,1|83,71|85,39|75,19|75,55|55,29|72,90|29,83|49,35|75,98|98,49|80,99|75,80|35,22|1,72|90,5|19,85|39,38|99,48|48,15/75,15=75,80,99,48,15
46,34|37,54|55,8|48,67|58,92|46,82|46,61|62,3|12,62|95,63|61,55|46,37|54,58|46,12|8,2|34,95|3,7|63,29|82,48|67,25/46,2=46,61,55,8,2
10,33|64,66|10,90|30,22|10,0|37,91|12,24|84,37|49,26|0,95|26,12|95,62|90,30|59,84|22,14|33,23|10,49|62,4|23,64|10,59/10,91=10,59,84,37,91
33,98|96,16|81,73|73,99|38,72|43,65|81,12|81,97|81,96|81,53|97,77|72,34|52,45|53,33|12,38|89,5|16,43|77,52|99,89|98,59/81,59=81,53,33,98,59
90,80|86,73|98,86|80,44|27,71|85,55|44,88|91,90|91,98|76,85|77,93|30,27|29,79|91,76|55,87|91,1|1,30|73,20|79,77|91,29/91,88=91,90,80,44,88
80,25|26,80|76,62|67,46|69,70|29,26|33,90|42,61|33,29|71,67|70,42|33,69|78,85|41,31|33,71|90,60|46,32|33,76|62,78|60,41/33,32=33,71,67,46,32
31,81|20,13|13,33|78,30|91,60|75,52|58,23|81,54|23,91|73,85|31,70|98,75|92,73|31,24|24,92|31,77|31,58|77,20|70,98|54,78/31,52=31,70,98,75,52
69,6|62,21|57,62|76,69|76,79|6,49|23,11|76,57|47,24|24,98|21,12|72,66|66,10|49,70|76,80|35,40|80,47|79,72|76,23|11,35/76,10=76,79,72,66,10
18,59|69,1|16,69|1,8|91,66|18,19|71,78|13,84|59,13|65,34|95,64|18,65|19,22|37,91|84,89|22,71|18,16|66,44|34,95|18,37/18,64=18,65,34,95,64
87,27|3,13|99,32|9,77|34,25|13,65|50,9|53,86|86,37|53,87|53,3|24,50|5,11|27,5|65,7|37,99|53,34|25,20|20,19|53,24/53,77=53,24,50,9,77
37,68|33,62|65,2|68,4|54,82|65,27|98,31|65,22|65,95|27,37|95,20|71,75|20,19|31,58|19,49|62,54|65,33|75,44|2,71|22,98/65,49=65,95,20,19,49
8,95|29,73|43,6|60,96|14,52|74,54|8,37|83,14|32,29|8,69|96,74|78,30|37,83|30,59|44,47|8,43|8,60|6,44|95,78|69,32/8,54=8,60,96,74,54
73,99|99,45|65,97|3,57|1,61|97,94|44,69|73,65|6,10|82,44|61,17|73,1|73,82|69,13|17,30|94,23|7,6|73,42|45,3|42,7/73,10=73,42,7,6,10
7,65|15,94|7,66|7,99|0,84|7,48|93,46|17,4|99,59|38,79|65,15|83,93|59,38|7,30|76,17|94,49|30,76|84,63|48,0|66,83/7,49=7,65,15,94,49
78,56|96,91|72,10|75,60|75,52|48,36|56,24|75,0|35,87|45,96|60,45|75,35|0,78|83,65|52,95|75,39|87,72|95,48|39,85|85,83/75,65=75,39,85,83,65
63,84|35,57|52,47|95,1|70,66|73,35|28,70|92,69|69,67|71,95|26,71|84,92|49,52|63,26|63,64|24,28|63,38|63,24|64,73|38,49/63,47=63,38,49,52,47
19,99|96,32|96,57|32,59|56,2|96,20|76,52|57,92|71,84|75,74|96,76|72,88|92,19|74,72|59,71|20,18|96,75|52,56|18,12|12,68/96,2=96,76,52,56,2
93,39|11,20|90,16|14,11|1,90|32,43|37,53|57,18|20,47|79,32|14,97|14,24|14,15|97,93|15,79|14,57|47,28|18,37|24,1|39,56/14,28=14,11,20,47,28
74,70|29,2|35,64|74,26|15,30|73,39|2,56|33,51|71,58|26,25|86,35|39,16|74,29|25,15|16,57|74,73|51,71|74,33|56,47|70,86/74,57=74,73,39,16,57
46,48|78,59|78,23|24,11|58,10|78,26|26,49|40,29|75,4|78,40|18,69|59,76|78,46|48,18|85,53|49,75|6,24|29,85|23,6|76,58/78,53=78,40,29,85,53
52,48|8,1|28,86|56,53|38,2|20,8|83,70|53,38|20,81|96,58|91,42|20,5|58,23|20,56|15,28|1,83|5,15|20,91|42,52|81,96/20,48=20,91,42,52,48
55,51|32,4|42,32|12,37|33,14|98,29|14,40|17,21|30,74|19,98|19,17|21,46|46,76|19,55|19,72|19,2|72,33|2,42|29,12|51,30/19,4=19,2,42,32,4
2,75|98,78|75,42|47,83|1,2|76,63|16,59|38,73|41,76|98,1|58,39|74,43|43,38|98,47|39,4|78,58|83,16|9,41|98,74|98,9/98,59=98,47,83,16,59
69,54|90,50|94,90|29,25|28,98|70,72|62,69|8,29|54,46|16,3|3,68|70,62|98,78|70,49|63,28|70,63|49,94|70,44|44,16|72,8/70,78=70,63,28,98,78
31,19|77,31|10,18|17,49|42,4|76,79|35,27|77,10|77,35|77,39|21,11|15,81|18,42|45,47|11,17|19,15|27,76|39,45|47,14|77,21/77,79=77,35,27,76,79
94,64|94,84|79,93|65,74|98,65|94,10|84,39|64,34|63,98|22,70|70,19|33,41|91,22|94,91|39,79|10,33|48,69|41,25|34,48|94,63/94,74=94,63,98,65,74
64,97|37,44|44,79|53,66|13,14|13,4|25,96|13,64|13,93|13,81|97,15|7,25|81,53|50,33|66,1|93,37|4,24|15,39|14,7|24,50/13,79=13,93,37,44,79
91,97|13,89|14,20|20,1|64,16|31,64|14,91|14,36|32,5|14,94|23,39|61,82|5,61|97,13|14,32|43,18|94,31|1,23|58,43|36,58/14,89=14,91,97,13,89
15,64|21,97|21,86|40,35|58,40|21,42|97,74|64,96|74,56|12,68|93,12|56,23|21,47|27,0|86,61|47,93|42,15|61,27|21,58|35,32/21,68=21,47,93,12,68
15,23|2,15|54,29|65,83|83,13|70,42|66,79|3,36|70,88|50,54|99,66|23,61|42,65|70,2|70,9|36,92|70,99|9,50|79,90|88,3/70,90=70,99,66,79,90
67,97|31,94|76,9|48,74|46,87|6,79|18,67|68,37|79,68|61,76|18,61|70,19|9,2|18,6|97,46|21,3|18,31|3,48|18,21|94,70/18,37=18,6,79,68,37
60,62|19,71|42,14|15,63|85,60|15,85|9,61|26,5|89,24|15,19|15,26|15,1|24,40|1,93|71,42|5,9|79,73|93,79|63,89|62,47/15,73=15,1,93,79,73
82,98|56,3|56,12|16,8|3,35|34,70|35,22|98,20|22,23|37,2|70,9|56,60|12,16|8,76|56,34|2,13|56,93|60,37|93,82|9,54/56,13=56,60,37,2,13
67,54|78,21|49,15|13,68|99,42|7,74|61,7|61,51|94,98|61,82|98,23|24,44|82,94|61,67|54,24|51,99|42,47|61,13|74,49|68,78/61,23=61,82,94,98,23
30,35|75,20|30,75|53,9|35,15|12,0|30,33|33,82|62,41|15,24|49,34|30,49|24,96|91,12|34,62|30,80|26,10|80,91|20,26|82,53/30,96=30,35,15,24,96
9,4|55,27|56,65|27,97|2,5|47,39|0,56|33,78|55,76|55,9|97,26|77,2|55,77|78,34|55,50|5,92|4,47|76,33|26,42|50,0/55,39=55,9,4,47,39
14,15|32,14|67,48|38,1|39,25|38,39|25,36|15,6|38,67|1,85|36,27|48,22|73,43|38,73|22,17|31,58|20,23|85,20|38,32|43,31/38,17=38,67,48,22,17
81,97|81,85|56,27|27,18|84,25|58,96|81,35|97,56|81,48|3,28|85,32|48,93|88,86|8,3|47,8|32,58|86,91|35,88|93,84|81,47/81,91=81,35,88,86,91
5,73|78,34|59,93|32,80|80,59|73,31|84,20|24,64|64,76|41,3|77,37|34,85|77,40|77,24|77,32|20,41|40,5|37,78|76,16|77,84/77,85=77,37,78,34,85
76,64|75,23|77,82|75,81|58,76|32,96|46,38|75,46|86,90|81,51|51,86|75,77|38,41|4,91|23,32|82,4|41,83|96,84|87,58|75,87/75,84=75,23,32,96,84
63,77|27,14|63,57|46,7|68,59|88,12|50,92|83,27|59,20|12,41|45,83|21,46|57,50|20,76|92,96|77,88|63,55|63,45|55,21|63,68/63,96=63,57,50,92,96
49,97|35,25|22,84|10,16|29,66|91,58|16,91|72,62|7,0|62,11|25,72|84,85|85,98|35,49|35,10|35,6|0,56|35,22|97,29|6,7/35,11=35,25,72,62,11
88,69|79,98|33,25|23,68|13,55|25,65|92,80|92,84|80,21|92,44|21,90|90,81|69,23|84,59|92,96|96,56|59,13|92,88|44,33|56,79/92,81=92,80,21,90,81
17,51|27,35|35,55|10,29|47,3|17,27|13,47|7,94|74,10|17,39|51,74|39,7|17,95|75,40|94,92|55,86|40,87|95,13|17,75|87,41/17,29=17,51,74,10,29
8,50|42,81|57,42|67,8|50,90|80,70|18,75|9,60|27,57|18,67|18,9|18,13|62,11|60,62|75,59|70,35|13,80|59,52|18,27|52,29/18,90=18,67,8,50,90
3,30|75,8|30,38|97,86|89,97|18,4|8,5|91,18|19,81|23,76|81,3|19,75|5,9|86,70|19,89|42,91|19,42|19,33|76,44|33,23/19,70=19,89,97,86,70
83,37|44,32|61,23|44,45|31,80|2,61|93,49|30,22|36,30|44,95|9,31|45,2|44,43|37,77|43,93|95,9|22,3|32,83|44,36|49,48/44,77=44,32,83,37,77
10,4|47,56|9,79|98,1|4,9|86,46|0,84|84,95|8,15|46,8|56,35|82,0|34,17|34,86|34,10|1,88|17,98|62,47|34,82|34,62/34,35=34,62,47,56,35
6,67|63,66|32,23|25,74|36,32|52,25|65,31|63,5|96,52|66,64|67,82|63,18|39,87|63,96|18,6|23,78|87,83|64,65|63,36|5,39/63,78=63,36,32,23,78
7,27|74,87|7,44|44,8|7,11|8,56|82,73|11,36|73,2|2,20|7,82|27,39|18,79|90,26|32,92|26,18|56,40|36,74|7,90|39,32/7,79=7,90,26,18,79
98,76|23,16|76,3|36,93|17,75|54,57|71,29|85,45|29,98|75,70|71,56|49,23|47,36|71,21|56,47|71,15|21,49|71,85|45,54|15,17/71,57=71,85,45,54,57
79,45|40,6|41,51|9,32|9,57|57,20|20,82|69,8|9,23|56,69|23,79|6,21|9,41|51,63|82,78|45,12|63,61|62,56|32,40|9,62/9,78=9,57,20,82,78
48,99|28,92|92,7|48,44|83,14|66,89|48,90|48,6|44,25|90,28|8,64|88,33|99,88|79,85|33,69|25,66|48,8|64,83|85,34|6,79/48,14=48,8,64,83,14
99,64|16,63|60,9|13,60|21,3|13,82|13,21|94,46|82,93|93,11|26,92|11,43|81,80|13,94|80,69|69,49|9,26|46,16|13,81|3,99/13,43=13,82,93,11,43
7,47|28,19|28,5|28,7|28,18|5,48|47,89|16,2|59,74|28,35|66,16|35,59|48,91|89,12|18,66|74,20|91,0|19,24|24,88|88,60/28,0=28,5,48,91,0
77,71|60,72|27,64|56,77|10,81|43,26|65,10|35,50|72,56|59,73|53,65|64,59|60,43|46,39|60,37|50,54|60,53|37,35|60,27|26,46/60,71=60,72,56,77,71
56,44|77,38|54,84|45,54|61,10|56,32|75,76|32,61|56,9|9,75|44,45|50,46|91,62|68,91|56,68|46,77|62,92|56,50|10,4|76,6/56,92=56,68,91,62,92
6,67|79,35|6,71|2,29|49,20|80,13|87,36|6,51|78,79|29,87|6,2|6,47|71,78|67,80|81,62|13,83|51,81|20,92|62,9|47,49/6,9=6,51,81,62,9
42,88|13,87|13,41|39,24|2,20|13,49|88,6|60,28|20,76|13,63|63,39|34,60|76,25|49,42|87,52|13,2|24,83|44,74|41,34|52,44/13,6=13,49,42,88,6
29,14|73,63|61,29|80,12|16,61|57,27|73,42|73,16|42,68|40,72|63,80|73,44|9,60|44,62|73,99|68,40|62,57|60,83|99,9|12,78/73,27=73,44,62,57,27
35,12|35,42|19,9|13,37|0,84|42,13|35,2|35,77|9,78|56,60|35,94|37,27|92,52|65,92|77,99|94,19|99,56|64,0|2,65|12,64/35,60=35,77,99,56,60
80,47|69,99|26,71|40,92|26,83|26,40|99,16|72,78|71,76|54,69|45,34|73,56|76,62|92,80|7,45|56,72|83,7|26,54|62,18|26,73/26,18=26,71,76,62,18
56,92|62,40|77,74|58,33|37,39|37,36|92,82|37,20|39,62|89,1|74,88|33,46|82,24|28,89|37,28|20,77|36,58|40,41|1,84|37,56/37,41=37,39,62,40,41
69,3|41,70|37,5|58,51|78,30|3,97|69,58|51,49|96,81|69,31|31,2|80,37|97,41|5,76|30,67|49,65|2,96|57,78|69,57|69,80/69,70=69,3,97,41,70
62,25|73,54|71,0|28,49|36,88|93,99|0,7|30,98|15,68|71,62|68,36|54,53|49,93|71,73|71,28|7,31|31,13|53,29|25,30|71,15/71,99=71,28,49,93,99
57,6|10,34|10,55|16,88|55,8|15,65|88,40|28,84|42,63|5,15|10,43|8,77|10,11|11,5|43,28|77,27|63,57|34,16|84,87|10,42/10,6=10,42,63,57,6
27,5|19,63|87,86|29,74|58,90|80,50|90,39|74,69|27,18|18,34|86,43|76,87|27,29|34,80|63,13|39,16|5,19|69,61|27,76|27,58/27,16=27,58,90,39,16
28,60|3,77|87,0|21,58|10,22|49,90|77,65|49,28|78,87|65,39|15,61|49,10|22,84|49,78|84,72|90,66|49,3|0,51|66,21|60,15/49,72=49,10,22,84,72
72,26|99,27|49,36|79,75|36,50|96,41|54,49|97,55|81,92|92,93|41,35|96,61|61,81|27,79|96,97|96,99|96,54|55,72|21,14|35,21/96,75=96,99,27,79,75
46,66|81,36|34,65|42,53|20,42|36,46|75,85|22,79|57,63|28,20|66,23|26,87|85,26|81,75|79,57|99,54|81,28|81,99|54,34|81,22/81,23=81,36,46,66,23
58,94|77,99|80,32|99,87|80,93|32,13|11,8|13,78|94,25|93,57|42,46|57,11|82,77|80,40|80,82|40,42|80,58|46,9|25,69|78,31/80,8=80,93,57,11,8
12,55|4,90|70,22|89,21|97,73|35,89|65,59|97,35|73,28|16,65|42,25|28,4|25,91|21,48|97,42|91,33|97,19|22,12|97,70|19,16/97,48=97,35,89,21,48
8,43|94,81|86,62|78,2|63,74|62,37|68,91|63,86|63,20|21,94|13,78|63,68|63,39|84,56|91,8|39,25|25,84|37,15|74,21|20,13/63,15=63,86,62,37,15
14,22|54,46|54,9|60,56|22,26|90,0|72,70|23,97|56,81|46,13|31,23|54,90|13,44|54,60|44,82|81,77|54,30|30,14|0,72|9,31/54,82=54,46,13,44,82
59,30|26,69|15,86|69,59|98,46|26,98|30,42|51,68|36,28|13,36|39,21|78,13|21,55|53,15|38,39|26,78|89,53|26,89|46,51|26,38/26,55=26,38,39,21,55
56,44|10,6|76,84|46,76|45,54|56,32|75,77|32,45|56,9|9,75|44,46|50,61|91,62|68,91|56,68|61,10|62,92|56,50|54,38|77,4/56,92=56,68,91,62,92
78,23|97,72|93,44|50,60|30,78|72,66|23,12|14,5|97,69|66,83|5,50|63,37|97,30|46,70|97,63|37,93|70,96|69,46|83,27|97,14/97,60=97,14,5,50,60
23,81|77,47|72,76|25,65|25,13|81,85|47,56|25,3|21,88|57,31|76,17|78,57|25,78|85,68|31,20|3,72|65,84|13,77|84,21|25,23/25,17=25,3,72,76,17
2,56|22,66|74,10|52,2|80,12|52,22|12,92|57,40|52,78|97,43|52,96|52,4|56,57|10,76|96,71|78,80|66,97|71,16|4,74|16,62/52,76=52,4,74,10,76
91,81|98,64|52,0|21,70|17,5|32,68|80,97|26,32|81,73|7,91|47,65|26,80|68,98|70,54|97,52|26,7|61,21|26,61|26,47|65,17/26,0=26,80,97,52,0
75,87|68,1|39,53|64,28|19,39|75,91|87,60|70,32|91,19|60,64|46,23|75,0|75,7|45,68|7,45|75,46|50,70|0,50|86,96|23,86/75,28=75,87,60,64,28
56,43|62,20|43,27|17,82|64,17|45,30|99,62|99,58|38,28|2,64|50,45|27,95|20,41|28,39|99,7|58,38|99,2|99,56|7,50|41,5/99,5=99,62,20,41,5
18,26|12,80|96,15|85,70|12,10|95,86|23,96|12,85|12,4|49,28|26,97|80,23|86,69|12,41|70,74|74,66|11,49|10,18|41,95|4,11/12,15=12,80,23,96,15
61,12|70,22|9,25|22,64|43,26|43,9|68,61|74,8|43,88|59,37|14,70|0,68|98,74|15,85|25,15|26,59|43,0|43,14|37,31|88,98/43,12=43,0,68,61,12
28,39|18,96|78,54|26,89|42,48|48,72|5,32|13,24|50,42|28,86|86,68|68,18|49,26|33,78|28,13|24,5|39,49|28,50|54,58|28,33/28,89=28,39,49,26,89
2,24|43,45|58,63|24,70|59,97|8,69|42,44|90,58|17,59|42,32|70,54|42,17|42,2|44,9|63,95|97,37|42,90|45,15|32,43|9,8/42,54=42,2,24,70,54
30,52|30,73|30,65|51,28|46,88|28,67|88,13|65,68|73,25|52,51|43,9|42,43|47,66|68,47|30,90|76,80|25,76|90,42|30,95|95,46/30,66=30,65,68,47,66
30,98|27,44|44,74|54,27|3,18|37,54|51,56|28,13|13,9|11,30|37,68|37,2|2,80|37,49|98,33|56,71|49,51|68,28|37,11|80,3/37,71=37,49,51,56,71
78,47|11,85|56,17|15,93|37,20|59,92|56,59|70,60|93,70|38,91|56,9|9,22|48,61|56,48|92,37|22,38|56,15|17,11|61,78|85,81/56,60=56,15,93,70,60
75,90|42,17|27,20|17,46|42,73|76,24|42,40|35,66|29,26|90,34|18,35|46,27|73,54|89,18|40,75|42,89|31,76|54,29|24,38|42,31/42,34=42,40,75,90,34
25,62|64,99|38,8|62,35|43,92|18,85|99,38|40,12|40,68|40,24|49,14|68,25|12,9|40,52|14,63|40,64|52,83|83,43|9,18|24,49/40,92=40,52,83,43,92
78,26|44,93|37,48|37,59|30,77|19,75|72,34|48,99|80,19|37,78|21,40|37,44|26,72|99,21|59,42|93,23|23,39|42,30|37,29|29,80/37,34=37,78,26,72,34
59,80|46,20|49,92|46,21|47,59|94,79|19,47|76,35|20,81|9,16|46,9|46,18|11,10|46,19|24,76|81,11|79,68|16,49|21,94|18,24/46,10=46,20,81,11,10
37,67|36,81|38,45|17,7|5,18|7,0|45,71|90,95|67,97|5,79|5,14|18,38|14,37|13,62|5,25|95,42|81,13|5,36|79,17|25,90/5,42=5,25,90,95,42
88,7|29,20|13,32|32,47|50,96|47,0|96,1|16,29|45,44|74,21|31,16|7,90|1,15|74,31|44,56|74,54|21,45|74,50|54,88|74,13/74,0=74,13,32,47,0
6,49|43,28|36,78|74,19|43,83|42,9|13,3|43,36|35,62|28,16|43,6|49,74|16,14|72,81|78,72|9,44|3,35|83,42|14,18|43,13/43,18=43,28,16,14,18
59,86|14,7|74,8|7,74|14,25|53,16|9,51|86,88|27,46|25,9|10,59|8,48|14,27|99,53|46,61|61,79|14,57|14,10|57,99|51,78/14,78=14,25,9,51,78
36,99|64,44|44,36|16,78|64,42|64,59|6,11|55,6|91,67|59,94|64,91|94,79|64,3|67,16|3,63|56,37|42,55|63,56|79,86|99,22/64,78=64,91,67,16,78
38,22|31,0|44,21|67,31|21,36|98,55|12,23|44,24|36,29|44,75|55,78|0,13|75,60|29,87|48,98|22,65|24,38|44,48|44,67|60,12/44,78=44,48,98,55,78
11,91|19,27|90,11|24,56|30,19|97,41|99,44|53,30|56,99|58,21|17,58|97,17|66,52|97,37|97,53|97,24|41,23|37,90|21,9|23,66/97,27=97,53,30,19,27
9,79|96,83|53,74|94,73|35,9|96,57|84,58|60,84|13,48|48,16|96,20|46,94|20,46|79,71|3,13|57,56|96,35|83,60|56,53|96,3/96,74=96,57,56,53,74
24,20|67,84|12,56|84,53|65,90|92,67|90,33|61,65|69,92|9,24|54,70|69,17|69,61|69,8|8,14|69,48|17,9|26,54|14,12|48,26/69,53=69,92,67,84,53
57,74|89,9|74,2|88,67|1,33|4,42|27,11|50,94|76,92|4,76|59,1|11,88|78,59|4,27|92,89|68,53|42,57|4,78|4,68|53,50/4,67=4,27,11,88,67
0,63|0,77|49,19|0,24|62,29|92,62|0,74|74,58|77,10|33,64|58,30|0,78|30,16|79,48|10,49|24,79|78,43|48,85|63,92|43,33/0,19=0,77,10,49,19
32,75|22,52|72,84|14,54|42,48|22,77|22,4|84,32|30,1|52,50|99,11|1,20|77,30|3,42|22,72|4,99|50,14|22,3|48,78|11,18/22,54=22,52,50,14,54
49,0|11,96|52,75|88,90|90,42|88,86|91,80|88,37|96,62|75,49|60,93|19,44|88,52|22,60|86,3|37,11|88,22|3,91|42,19|93,32/88,32=88,22,60,93,32
47,56|53,99|60,73|1,11|24,53|73,47|33,16|11,46|92,75|99,19|60,1|60,96|60,65|46,51|96,33|16,21|65,92|56,4|60,24|75,94/60,4=60,73,47,56,4
69,90|40,70|91,28|68,44|28,55|91,92|97,49|49,40|92,69|16,3|62,9|35,68|45,16|91,35|44,36|91,97|90,8|55,62|3,84|91,45/91,70=91,97,49,40,70
29,84|82,19|27,26|29,21|75,66|37,82|39,92|29,49|29,65|49,18|21,3|29,46|18,97|81,27|65,37|46,95|97,41|84,81|95,39|3,75/29,19=29,65,37,82,19
3,94|17,55|96,39|96,3|25,17|96,81|98,37|42,54|54,58|96,57|12,78|81,12|96,62|62,42|94,68|68,64|78,22|57,25|37,48|39,98/96,64=96,3,94,68,64
68,58|3,68|57,55|52,19|57,20|18,35|43,73|14,10|57,3|6,43|10,18|77,6|57,14|58,54|20,90|55,52|57,77|1,53|90,1|19,97/57,73=57,77,6,43,73
11,26|11,27|50,70|11,47|73,8|88,12|27,60|11,42|47,35|8,38|11,61|19,49|42,88|61,73|26,19|12,7|60,50|3,55|35,3|49,93/11,70=11,27,60,50,70
37,88|7,0|96,92|78,23|87,99|36,74|99,21|78,73|74,28|88,96|73,36|93,17|78,37|17,15|0,51|23,93|78,87|21,56|51,30|78,7/78,28=78,73,36,74,28
51,64|53,73|78,60|57,4|57,78|57,70|73,1|12,98|95,53|60,63|4,12|63,46|81,66|66,51|57,95|93,59|83,93|70,83|57,81|98,50/57,59=57,70,83,93,59
98,39|98,52|98,80|15,17|98,72|5,81|43,44|53,90|52,15|80,53|17,62|83,11|98,43|90,46|39,92|20,5|34,76|92,83|44,34|72,20/98,81=98,72,20,5,81
39,41|38,34|47,45|38,47|51,37|85,11|37,89|38,99|6,2|38,72|94,6|41,29|30,40|34,39|38,94|45,85|99,30|72,51|40,46|2,61/38,61=38,94,6,2,61
33,86|9,33|90,73|70,98|23,58|23,95|36,24|95,84|58,85|24,70|84,90|81,14|23,9|14,13|47,0|86,3|23,36|23,68|68,81|85,47/23,0=23,58,85,47,0
14,93|14,10|26,87|15,9|9,45|42,30|87,51|86,62|30,31|55,91|14,86|10,15|85,44|66,26|14,4|93,42|62,55|4,46|14,66|46,85/14,51=14,66,26,87,51
25,58|1,63|59,81|80,8|58,72|82,12|35,57|35,5|35,82|8,15|57,80|5,20|65,9|35,11|12,1|81,96|11,25|98,59|35,98|20,65/35,63=35,82,12,1,63
32,65|63,20|6,54|70,39|94,62|86,63|65,96|32,15|32,70|0,79|15,94|47,7|97,8|62,36|32,47|39,0|7,6|96,97|20,49|32,86/32,49=32,86,63,20,49
5,33|39,92|5,25|54,85|67,56|33,41|5,67|34,65|92,93|27,28|23,68|41,23|56,34|5,75|93,83|5,39|4,54|25,96|96,27|75,4/5,65=5,67,56,34,65
16,4|24,75|67,18|68,50|8,77|19,8|18,62|77,24|10,91|19,34|19,10|37,58|19,67|22,16|39,22|58,76|19,39|62,45|34,37|91,68/19,45=19,67,18,62,45
51,18|76,97|86,13|17,84|45,54|88,51|86,16|63,83|86,22|84,59|66,73|86,38|30,63|86,45|16,30|22,88|13,17|54,66|38,76|97,79/86,59=86,13,17,84,59
54,99|47,95|47,61|29,54|68,31|45,75|39,35|80,1|63,68|99,92|95,39|47,29|47,45|44,25|9,44|47,63|31,24|35,26|61,9|75,80/47,24=47,63,68,31,24
83,42|5,8|62,72|72,6|25,62|88,97|25,23|25,67|25,63|8,59|97,36|25,88|23,49|49,83|6,30|93,44|36,70|63,5|67,93|44,28/25,59=25,63,5,8,59
57,67|23,32|33,17|79,23|43,56|30,31|73,41|31,96|96,68|26,43|41,77|33,26|56,13|33,79|17,55|55,57|33,73|33,30|77,92|32,2/33,92=33,73,41,77,92
58,92|3,46|58,3|99,1|77,73|92,99|6,40|58,0|76,26|74,55|35,76|75,83|55,77|58,66|5,6|58,74|0,35|66,5|1,86|46,75/58,40=58,66,5,6,40
1,51|22,4|51,18|54,48|45,50|12,60|85,13|22,54|94,26|22,12|22,74|41,87|13,37|22,56|4,1|74,94|26,66|60,45|56,85|48,41/22,87=22,54,48,41,87
7,71|55,85|10,1|0,67|65,29|67,21|0,55|21,18|0,7|18,2|4,11|48,92|71,75|1,65|0,4|0,10|85,48|11,83|83,20|75,22/0,2=0,67,21,18,2
91,43|48,73|38,23|70,85|23,48|57,81|27,77|81,37|85,18|47,27|38,70|73,6|37,98|18,41|43,78|38,24|24,47|38,57|78,8|38,91/38,77=38,24,47,27,77
24,59|69,96|14,69|21,37|24,76|24,61|25,27|59,2|30,95|89,7|96,36|2,21|67,53|95,32|53,25|24,67|61,89|24,14|7,71|76,30/24,32=24,76,30,95,32
96,75|45,69|56,38|63,70|62,16|62,25|62,2|75,10|69,56|70,79|2,63|62,90|25,96|97,33|33,32|62,45|17,78|16,97|60,17|90,60/62,32=62,16,97,33,32
72,91|60,20|84,62|20,32|48,68|62,2|18,94|90,44|32,48|60,27|60,93|94,54|85,72|93,64|60,85|64,90|60,26|27,84|91,35|26,18/60,35=60,85,72,91,35
30,16|89,69|40,75|87,61|50,73|87,89|87,64|71,93|87,31|10,86|31,36|87,71|64,22|61,30|69,10|16,81|26,94|36,40|22,50|93,26/87,94=87,71,93,26,94
86,67|90,7|89,50|47,35|47,37|6,17|31,65|0,27|67,5|47,86|55,89|66,39|5,26|47,0|47,90|39,80|27,31|37,55|35,66|7,6/47,80=47,35,66,39,80
14,24|85,26|82,8|43,0|0,69|94,33|87,51|15,32|91,15|37,43|17,97|58,87|58,37|58,94|58,82|98,91|58,98|33,14|51,17|8,85/58,26=58,82,8,85,26
29,80|73,30|90,78|85,97|65,41|49,34|97,5|29,87|41,49|78,70|11,82|87,85|29,13|31,11|29,44|29,65|44,73|80,90|13,31|30,68/29,68=29,44,73,30,68
69,12|45,39|17,36|17,34|48,31|17,16|36,57|97,48|34,0|17,86|86,44|98,18|87,64|31,24|17,97|16,98|18,14|0,45|44,69|57,87/17,12=17,86,44,69,12
17,85|57,63|86,9|33,39|86,58|25,33|86,17|88,27|11,90|41,53|58,81|85,88|9,11|43,25|81,41|86,49|86,43|49,47|47,57|90,60/86,60=86,9,11,90,60
98,33|68,74|71,17|71,79|84,9|71,52|40,51|52,84|80,40|61,91|29,61|51,35|71,80|79,29|71,68|17,6|96,87|6,98|9,63|74,96/71,87=71,68,74,96,87
75,8|66,20|75,4|65,50|75,62|75,38|75,19|3,84|26,17|50,88|4,2|47,23|53,3|19,26|38,53|17,35|2,66|23,72|8,65|62,47/75,35=75,19,26,17,35
62,87|45,90|83,68|46,17|96,92|17,43|68,5|62,63|43,72|62,89|93,45|63,93|81,54|73,96|62,73|89,83|62,46|87,60|92,7|60,81/62,90=62,63,93,45,90
1,60|61,22|71,50|85,52|67,2|50,11|2,70|67,16|74,61|11,33|67,71|16,62|62,66|66,24|94,96|67,64|70,94|64,74|67,1|60,85/67,96=67,2,70,94,96
30,67|49,61|9,99|9,93|99,30|91,49|4,5|67,76|9,91|61,87|93,18|18,66|8,27|66,81|14,44|9,8|9,53|53,4|27,14|5,25/9,44=9,8,27,14,44
96,2|35,96|72,36|39,57|14,98|80,8|83,51|8,83|2,50|30,86|27,35|27,30|16,39|99,16|75,14|27,12|12,75|27,99|86,72|27,80/27,57=27,99,16,39,57
84,9|51,20|9,83|21,65|33,8|84,46|84,33|11,51|81,14|14,62|84,96|45,52|2,44|8,2|75,21|83,45|96,11|46,75|98,81|84,98/84,44=84,33,8,2,44
40,54|0,81|40,2|78,18|2,29|49,25|8,51|24,97|33,78|18,30|12,76|81,49|54,24|87,26|40,87|26,12|40,0|40,33|97,68|29,8/40,51=40,2,29,8,51
72,0|79,3|61,2|38,62|84,9|84,79|9,92|21,32|84,89|84,15|65,47|35,38|84,46|92,72|89,21|47,6|32,51|46,65|15,35|3,61/84,0=84,9,92,72,0
80,93|91,33|33,69|80,58|7,60|58,77|93,49|62,92|92,10|59,38|10,70|80,62|69,55|79,63|3,47|38,3|80,59|80,91|49,7|77,79/80,70=80,62,92,10,70
53,11|35,99|83,45|84,83|96,46|44,52|96,60|11,35|92,33|33,44|96,24|24,86|96,53|28,15|60,43|86,28|43,55|55,41|96,92|46,84/96,45=96,46,84,83,45
10,71|55,95|95,50|55,23|70,22|15,58|50,89|1,62|32,40|23,15|59,30|5,75|89,51|71,59|55,32|22,5|55,10|40,1|55,70|58,41/55,41=55,23,15,58,41
49,18|0,77|22,49|26,20|93,26|86,60|22,35|22,86|55,78|60,55|22,0|22,12|77,95|12,84|47,45|18,31|31,58|35,93|84,47|95,43/22,20=22,35,93,26,20
31,79|55,67|5,32|36,21|55,97|55,31|2,27|4,2|51,13|79,5|97,48|55,56|27,92|47,98|21,0|23,47|67,36|55,4|56,23|48,51/55,0=55,67,36,21,0
93,17|27,92|27,23|97,88|63,2|92,63|27,12|9,97|12,0|0,10|10,1|73,16|27,9|33,93|84,73|23,33|88,46|2,98|27,84|16,14/27,98=27,92,63,2,98
15,84|68,83|75,31|27,87|31,49|44,72|75,8|72,27|73,65|84,76|75,44|8,68|75,71|65,74|76,19|90,94|49,90|71,73|83,18|75,15/75,18=75,8,68,83,18
77,63|30,77|95,36|9,30|61,95|96,90|83,92|2,60|9,7|36,44|9,2|97,14|64,47|60,64|92,96|63,21|7,97|14,16|9,61|9,83/9,47=9,2,60,64,47
81,12|4,38|20,94|29,69|20,85|20,28|94,91|84,7|20,84|93,29|14,93|91,33|21,4|7,62|20,14|85,81|33,86|62,16|28,21|12,66/20,16=20,84,7,62,16
18,63|78,88|0,18|50,28|80,78|77,2|38,96|77,50|77,64|89,38|28,54|77,11|54,36|22,92|2,89|88,58|11,68|68,22|77,80|64,0/77,96=77,2,89,38,96
23,18|91,5|19,47|45,42|47,45|11,55|94,13|34,11|49,56|37,79|3,94|23,19|56,37|18,38|23,30|30,3|23,49|23,34|55,41|38,91/23,5=23,18,38,91,5
38,22|87,2|44,39|76,26|22,76|24,27|8,44|8,38|52,55|34,66|21,81|8,25|8,87|25,94|94,21|8,24|98,41|27,52|2,34|39,98/8,55=8,24,27,52,55
36,5|60,67|51,69|79,75|17,32|86,96|71,60|48,51|48,30|30,71|48,78|48,86|41,28|90,73|96,36|78,53|69,17|48,90|73,41|53,79/48,75=48,78,53,79,75
90,61|48,83|28,85|6,95|43,38|85,6|73,43|73,28|60,41|29,25|73,90|25,33|56,29|73,56|73,60|61,97|97,50|38,48|41,92|92,34/73,50=73,90,61,97,50
11,54|14,70|73,50|3,71|2,6|66,0|0,13|13,60|98,11|67,14|6,98|2,31|71,87|50,84|80,73|74,3|31,67|2,74|2,66|2,80/2,54=2,6,98,11,54
15,83|26,60|26,94|54,15|12,7|40,47|26,93|26,67|67,33|60,82|33,12|26,54|83,85|43,40|94,43|92,45|93,46|82,92|37,80|46,37/26,80=26,93,46,37,80
