50,0|27,90|96,79|20,21|79,35|9,99|50,27|99,60|41,46|50,9|43,39|50,43|60,10|0,41|12,96|90,11|39,20|46,23|50,12|11,59/50,10=50,9,99,60,10
76,45|84,43|68,26|22,68|61,95|20,13|76,38|57,20|76,58|48,8|43,87|45,63|63,48|76,23|76,17|23,22|95,77|58,61|17,57|38,84/76,77=76,58,61,95,77
50,83|96,76|26,42|78,40|50,13|13,15|29,96|83,91|63,32|10,30|58,64|91,10|15,26|50,54|50,78|54,29|50,58|99,93|64,99|40,63/50,32=50,78,40,63,32
69,12|69,31|29,17|39,73|69,83|54,77|5,39|63,82|69,54|33,74|0,33|77,63|83,52|12,5|27,35|31,64|52,27|69,34|64,29|34,0/69,82=69,54,77,63,82
60,44|60,32|92,41|60,93|70,45|82,79|37,82|97,20|44,97|32,59|20,27|22,91|14,37|60,21|93,92|63,70|60,14|59,22|41,67|21,63/60,45=60,21,63,70,45
12,28|72,31|28,7|42,80|9,97|7,83|9,82|97,89|9,12|10,72|9,6|11,43|82,11|9,4|6,10|4,42|89,24|80,85|43,26|24,65/9,26=9,82,11,43,26
3,45|45,91|91,58|86,92|61,69|56,84|49,36|36,14|39,81|14,70|49,94|49,39|28,18|49,56|2,61|94,2|49,3|84,28|81,86|70,50/49,69=49,94,2,61,69
70,27|36,1|41,67|88,41|80,36|34,17|34,55|90,24|34,25|26,14|34,46|27,9|82,90|34,76|76,82|17,0|25,70|46,80|0,26|55,88/34,67=34,55,88,41,67
21,79|33,54|97,37|54,4|97,60|60,38|99,42|38,6|4,49|79,0|97,18|97,21|76,99|0,32|37,76|59,65|97,33|6,80|1,59|18,1/97,32=97,21,79,0,32
63,47|40,57|63,53|63,6|56,44|44,50|24,72|47,43|57,24|79,64|6,18|53,56|63,40|1,70|93,98|18,79|4,93|45,4|43,1|63,45/63,64=63,6,18,79,64
85,23|11,4|88,96|45,85|88,24|58,19|44,13|19,40|4,72|78,68|72,12|88,98|88,11|98,58|96,45|88,84|84,48|24,78|68,97|48,44/88,12=88,11,4,72,12
11,62|34,48|59,69|90,50|59,58|16,98|58,49|72,74|25,68|7,86|86,16|68,45|59,38|59,72|69,25|38,37|59,7|74,11|37,34|49,90/59,45=59,69,25,68,45
28,33|67,97|67,10|25,70|26,63|20,18|67,20|10,21|21,32|67,68|68,9|77,72|66,26|67,65|9,28|72,11|32,53|65,77|97,66|18,25/67,33=67,68,9,28,33
42,0|97,70|42,25|27,32|25,27|52,33|40,10|87,3|32,17|42,31|14,40|99,84|42,53|31,14|0,97|53,87|3,83|42,99|70,50|84,52/42,17=42,25,27,32,17
46,68|69,63|46,12|10,91|26,6|46,56|12,19|46,11|77,76|50,61|46,10|91,26|81,69|68,81|83,51|56,83|11,50|19,77|61,78|51,59/46,76=46,12,19,77,76
74,90|90,91|91,9|31,71|52,21|41,82|82,60|31,6|53,66|21,40|50,23|31,74|24,41|71,53|6,75|31,52|31,24|40,69|75,50|66,81/31,9=31,74,90,91,9
3,64|75,10|0,98|73,68|53,83|10,96|68,40|0,3|0,75|83,94|39,73|64,12|82,26|0,69|96,23|0,39|12,77|98,53|26,52|69,82/0,94=0,98,53,83,94
12,7|89,73|52,2|5,30|60,16|74,65|51,42|94,12|16,5|94,52|2,74|94,60|75,89|37,19|32,75|94,80|94,32|7,51|15,37|80,15/94,30=94,60,16,5,30
55,18|17,77|10,68|49,17|97,29|23,94|55,97|55,63|41,10|8,72|29,59|94,58|72,88|63,49|55,96|88,16|55,8|59,73|96,23|18,41/55,68=55,18,41,10,68
46,67|46,32|7,5|32,81|81,80|80,64|29,95|67,29|46,12|62,7|8,16|54,24|88,62|12,54|46,88|95,48|46,13|16,92|24,58|13,8/46,92=46,13,8,16,92
82,75|36,84|82,81|4,96|63,11|81,41|44,0|13,14|43,5|82,43|14,89|28,63|84,44|5,72|82,36|75,13|72,56|82,24|24,28|41,4/82,96=82,81,41,4,96
37,94|61,11|37,75|72,61|69,91|8,72|37,20|54,77|50,0|20,6|0,93|37,8|75,76|79,1|77,13|13,95|37,54|76,79|6,69|94,50/37,95=37,54,77,13,95
17,86|16,65|6,70|6,24|86,67|26,17|24,16|6,42|36,62|38,2|65,68|52,0|70,49|11,61|6,26|6,11|42,58|49,38|58,52|61,36/6,2=6,70,49,38,2
52,60|1,95|39,50|39,94|84,82|39,84|82,52|12,65|39,47|9,92|47,72|94,9|50,12|39,1|95,64|65,75|72,25|25,27|64,57|92,51/39,51=39,94,9,92,51
83,37|44,32|49,3|44,45|31,48|93,49|30,22|9,61|36,9|44,95|2,31|45,93|44,43|37,77|43,30|95,2|61,80|32,83|44,36|22,23/44,77=44,32,83,37,77
51,65|7,89|33,26|16,41|56,4|35,66|16,51|16,9|40,73|16,71|65,32|9,62|66,31|16,7|32,99|89,33|41,35|62,40|72,56|71,72/16,73=16,9,62,40,73
49,99|49,7|83,60|85,24|91,63|49,37|70,78|24,62|37,83|76,27|7,70|27,0|49,15|49,76|0,39|6,91|60,3|15,85|99,6|78,32/49,62=49,15,85,24,62
12,33|4,59|70,16|89,21|97,73|35,89|91,90|97,35|73,25|28,91|42,22|25,4|22,65|21,48|97,42|65,55|97,19|16,12|97,70|19,28/97,48=97,35,89,21,48
33,18|25,23|23,94|94,5|98,33|17,10|43,54|47,82|7,63|25,68|3,17|5,34|38,43|82,7|77,38|25,77|18,6|25,98|68,3|25,47/25,6=25,98,33,18,6
17,47|33,63|86,9|41,27|86,58|85,41|86,17|57,39|11,90|88,53|58,25|47,57|9,11|43,85|25,88|86,49|86,43|49,81|81,33|90,60/86,60=86,9,11,90,60
62,20|79,38|20,35|70,91|91,87|87,52|25,8|19,98|90,95|37,25|59,19|79,59|38,62|79,46|79,37|46,69|69,90|79,70|8,14|98,88/79,35=79,38,62,20,35
34,93|93,85|22,44|9,75|18,22|38,41|65,47|44,40|29,42|29,78|29,65|78,34|71,56|47,9|29,11|11,38|29,18|41,76|42,71|56,96/29,96=29,42,71,56,96
27,32|97,20|40,46|48,59|97,12|97,40|32,0|46,53|20,48|93,23|97,43|97,93|14,30|53,72|86,34|23,14|43,27|59,36|68,86|12,68/97,36=97,20,48,59,36
49,12|3,49|31,34|61,43|85,17|17,54|85,3|12,95|82,69|85,82|54,33|69,31|43,48|48,56|85,61|2,93|33,74|26,2|5,26|85,5/85,93=85,5,26,2,93
71,46|13,67|44,28|34,92|86,26|44,6|6,73|44,51|28,37|21,68|60,86|68,2|51,52|32,60|52,71|44,32|73,34|72,21|44,72|37,13/44,2=44,72,21,68,2
25,80|11,60|25,81|53,14|3,0|75,20|89,75|80,89|7,87|98,7|87,76|49,11|93,49|25,31|25,98|81,50|31,78|78,3|50,53|25,93/25,20=25,80,89,75,20
63,28|48,62|78,23|23,50|55,15|14,38|53,78|91,53|91,92|28,12|38,87|12,24|31,55|92,31|97,14|62,9|91,74|74,48|91,97|91,63/91,24=91,63,28,12,24
69,12|71,80|31,27|7,10|69,7|69,56|5,71|51,20|17,31|9,47|10,51|26,9|47,88|84,86|56,84|12,17|69,26|80,39|69,5|86,49/69,39=69,5,71,80,39
86,54|66,58|77,28|73,12|66,73|58,44|66,79|54,84|12,52|60,64|52,38|64,39|28,16|72,77|66,72|66,24|17,1|79,60|44,17|24,86/66,16=66,72,77,28,16
90,20|5,56|46,77|15,64|77,62|64,0|54,44|81,15|62,37|88,31|65,90|86,65|71,70|54,81|54,71|56,13|70,88|54,46|44,5|54,86/54,37=54,46,77,62,37
49,35|46,20|59,92|46,21|94,49|16,76|19,94|79,80|20,81|9,24|46,9|46,18|11,10|46,19|47,79|81,11|76,68|24,59|21,16|18,47/46,10=46,20,81,11,10
22,19|22,84|32,74|8,89|77,11|89,36|58,85|83,88|88,25|25,16|84,8|11,13|22,32|22,83|3,58|22,47|68,10|47,77|74,68|19,3/22,85=22,19,3,58,85
81,62|80,58|56,18|3,47|73,91|36,64|56,7|56,24|10,67|7,12|15,41|18,81|62,74|56,73|24,37|91,3|64,10|56,36|37,15|12,80/56,47=56,73,91,3,47
17,7|36,37|81,67|38,13|5,18|13,0|67,71|90,95|7,62|5,79|5,14|18,81|14,17|45,97|5,25|95,42|37,45|5,36|79,38|25,90/5,42=5,25,90,95,42
9,2|9,7|92,1|68,85|9,64|2,97|1,39|81,36|32,83|12,15|15,89|83,14|9,19|97,68|51,92|36,11|9,51|19,81|64,12|7,32/9,39=9,51,92,1,39
51,6|9,68|51,30|84,83|8,28|51,85|28,75|51,33|1,60|5,31|51,84|4,5|30,8|6,4|68,62|60,76|83,78|78,50|33,1|85,9/51,31=51,6,4,5,31
68,15|62,84|26,34|98,99|17,62|9,40|99,48|9,98|78,17|74,85|38,52|18,38|70,74|52,71|9,26|34,68|9,78|48,56|40,70|9,18/9,71=9,18,38,52,71
32,18|17,32|66,39|70,92|74,52|39,23|23,44|63,70|74,66|22,9|18,77|62,54|52,60|12,63|54,69|74,62|74,17|60,22|69,65|74,12/74,77=74,17,32,18,77
48,15|27,87|1,85|41,22|85,83|9,48|3,41|12,77|77,62|28,9|12,61|22,86|61,27|12,78|87,72|12,28|12,3|62,14|14,52|78,1/12,15=12,28,9,48,15
93,29|93,5|64,37|93,81|16,49|34,66|93,64|81,34|6,18|29,76|93,23|23,83|94,0|62,60|37,6|5,27|76,16|83,62|66,35|27,94/93,18=93,64,37,6,18
21,17|46,19|47,62|21,47|17,5|34,94|16,98|62,34|99,58|58,46|36,55|53,36|5,89|21,9|89,44|21,99|98,92|9,53|76,16|21,76/21,94=21,47,62,34,94
50,39|17,76|63,36|51,58|63,40|70,85|90,31|36,13|40,24|13,90|14,51|57,70|63,14|58,30|39,27|85,22|63,57|63,75|75,50|24,17/63,27=63,75,50,39,27
96,0|0,11|47,73|99,98|98,2|71,33|11,76|52,60|14,47|78,70|71,12|12,66|71,26|37,14|33,99|71,96|26,36|71,37|36,78|66,52/71,2=71,33,99,98,2
33,79|23,75|79,86|89,44|12,51|84,45|52,39|44,97|52,38|32,58|52,89|54,33|40,12|75,84|52,54|38,40|98,32|97,56|52,23|39,98/52,58=52,39,98,32,58
50,73|24,36|63,16|67,25|48,14|25,4|70,80|10,9|10,24|10,48|36,50|14,20|10,70|80,63|9,65|97,67|20,7|65,45|10,97|45,69/10,4=10,97,67,25,4
9,77|30,57|54,64|53,24|90,44|92,54|6,79|57,92|24,9|30,58|30,53|91,86|98,6|79,28|83,10|44,83|30,98|58,91|86,8|30,90/30,77=30,53,24,9,77
73,34|0,1|77,78|40,69|74,81|78,39|17,0|17,14|2,40|98,15|34,72|15,48|1,74|38,77|17,30|69,24|17,38|17,2|30,98|14,73/17,39=17,38,77,78,39
52,35|50,42|50,52|13,97|36,73|97,25|83,48|42,84|50,99|50,29|29,23|2,6|99,12|23,83|50,40|84,36|35,2|21,89|40,13|12,21/50,89=50,99,12,21,89
38,28|38,32|62,18|40,21|38,23|54,56|32,94|4,79|14,40|15,62|8,60|38,26|60,37|23,8|38,15|18,69|94,54|26,14|79,25|28,4/38,37=38,23,8,60,37
58,22|83,73|73,37|16,72|37,29|23,84|82,3|58,14|84,88|71,18|85,16|2,42|14,64|64,82|22,85|18,2|58,71|88,4|58,23|58,83/58,42=58,71,18,2,42
26,55|81,82|88,69|79,12|58,46|30,32|73,31|67,58|55,73|79,67|79,26|84,30|79,56|69,72|90,88|46,92|12,51|79,90|56,84|51,81/79,82=79,12,51,81,82
71,19|52,76|26,17|10,14|14,71|10,95|7,11|64,4|65,33|10,26|76,65|4,72|44,7|10,52|19,8|10,81|17,37|37,88|81,64|95,44/10,72=10,81,64,4,72
24,89|42,33|89,52|47,62|32,24|86,74|15,86|14,70|47,14|33,17|74,63|62,42|19,78|78,80|47,19|47,32|55,18|80,50|70,55|47,15/47,63=47,15,86,74,63
21,96|44,12|24,81|44,62|44,69|44,55|28,16|61,32|99,28|62,99|69,75|75,18|96,67|48,24|55,21|44,10|12,58|58,61|18,5|10,48/44,81=44,10,48,24,81
67,23|11,74|44,52|88,71|30,40|83,20|32,88|31,44|67,32|40,12|71,58|99,85|85,11|23,94|41,31|67,99|67,30|12,15|67,41|94,83/67,58=67,32,88,71,58
28,71|21,85|21,86|79,75|75,58|21,79|74,27|64,6|71,84|84,0|58,67|21,74|60,30|34,93|86,34|85,72|27,64|93,55|21,28|72,60/21,30=21,85,72,60,30
35,80|55,3|60,77|55,10|64,16|39,8|3,75|75,67|77,40|70,71|55,99|21,56|16,35|67,81|99,86|86,39|71,21|10,60|55,70|55,64/55,8=55,99,86,39,8
58,22|83,73|73,88|16,72|88,4|23,84|37,29|58,14|84,82|71,18|85,16|2,42|14,64|64,37|22,85|18,2|58,71|82,3|58,23|58,83/58,42=58,71,18,2,42
80,64|31,92|80,7|17,65|48,39|46,88|39,46|52,10|80,74|80,48|65,27|80,17|27,75|72,29|38,31|64,16|74,38|16,52|7,72|29,61/80,92=80,74,38,31,92
88,92|68,18|28,88|50,78|80,68|77,2|38,96|77,50|77,64|89,38|78,22|77,11|22,36|54,63|2,89|18,58|11,0|0,54|77,80|64,28/77,96=77,2,89,38,96
25,49|25,59|22,83|28,86|18,22|61,90|74,50|90,40|6,74|88,97|49,28|85,61|25,2|27,18|59,6|97,56|25,27|86,39|25,85|2,88/25,56=25,2,88,97,56
0,63|0,77|49,19|0,24|33,29|79,33|0,74|74,92|77,10|30,85|92,48|0,78|48,16|43,62|10,49|24,43|78,58|62,64|63,79|58,30/0,19=0,77,10,49,19
54,20|7,66|80,48|3,7|4,47|4,91|4,80|91,87|87,10|66,15|30,51|47,54|48,30|20,25|4,19|10,60|98,22|16,98|19,16|4,3/4,60=4,91,87,10,60
17,44|94,10|77,69|28,3|17,96|66,33|0,99|3,77|20,66|44,20|68,48|17,68|10,16|48,57|17,94|22,0|16,9|57,59|96,22|17,28/17,59=17,68,48,57,59
52,6|30,57|47,72|96,38|99,2|6,10|38,69|47,30|57,73|18,95|47,71|72,99|2,64|3,52|71,18|47,40|73,7|47,3|95,36|40,96/47,10=47,3,52,6,10
95,40|66,13|16,25|67,65|15,44|77,76|67,23|67,66|87,73|67,50|40,89|65,69|69,16|13,15|76,61|67,4|20,87|4,77|50,20|23,95/67,44=67,66,13,15,44
5,76|69,63|8,79|18,24|91,69|57,41|8,99|98,62|99,73|20,51|73,5|81,98|51,57|8,25|79,3|63,12|25,81|8,20|8,91|3,18/8,24=8,79,3,18,24
49,90|10,92|33,72|33,83|22,29|92,57|85,10|96,98|4,2|83,45|16,81|72,49|29,96|33,85|33,22|33,15|2,84|15,4|45,16|90,80/33,57=33,85,10,92,57
7,50|7,14|64,41|50,64|7,43|93,90|79,92|90,34|92,80|94,38|7,17|7,93|17,79|66,54|81,66|34,39|14,94|41,86|43,81|38,52/7,52=7,14,94,38,52
69,12|71,80|31,27|7,10|69,7|69,56|5,71|86,49|17,31|9,51|10,86|26,9|51,20|84,47|56,84|12,17|69,26|80,39|69,5|47,88/69,39=69,5,71,80,39
31,45|77,31|10,19|15,49|47,4|76,79|35,27|77,10|77,35|77,39|21,18|42,14|19,47|11,17|18,15|45,42|27,76|39,11|17,81|77,21/77,79=77,35,27,76,79
97,62|49,21|74,20|29,35|13,49|82,69|82,13|81,74|30,65|99,61|51,81|62,29|69,1|82,12|82,51|21,22|1,99|12,76|76,30|82,97/82,35=82,97,62,29,35
18,58|68,22|28,18|50,78|80,68|77,2|38,96|77,50|77,64|89,38|78,88|77,11|88,92|54,63|2,89|22,36|11,0|0,54|77,80|64,28/77,96=77,2,89,38,96
85,25|85,26|23,65|10,63|85,69|69,75|26,6|6,97|11,4|25,47|63,11|22,92|85,10|17,30|75,22|85,36|47,17|97,86|65,68|36,23/85,30=85,25,47,17,30
32,65|63,20|62,79|70,94|96,6|86,63|65,7|32,15|32,70|97,54|15,96|47,39|0,8|6,36|32,47|94,97|39,62|7,0|20,49|32,86/32,49=32,86,63,20,49
12,85|99,63|63,9|15,10|23,67|22,6|79,73|8,88|38,99|5,76|5,12|10,83|76,1|5,38|73,8|5,79|85,22|1,23|5,15|83,59/5,6=5,12,85,22,6
26,8|85,86|15,95|21,13|28,27|13,34|60,28|27,23|62,85|26,60|97,16|94,15|86,32|26,97|16,61|61,17|8,21|95,59|26,94|26,62/26,23=26,60,28,27,23
90,80|30,77|98,30|80,44|55,93|86,27|44,88|91,90|91,98|76,86|73,71|79,55|29,85|91,76|27,87|91,1|1,79|77,20|85,73|91,29/91,88=91,90,80,44,88
27,5|74,86|19,69|29,34|58,90|63,50|90,39|34,80|27,18|18,87|69,43|76,19|27,29|87,63|86,61|39,16|5,74|80,13|27,76|27,58/27,16=27,58,90,39,16
6,67|13,92|6,71|2,78|80,20|29,87|79,83|6,51|49,13|78,79|6,2|6,47|71,49|67,29|81,62|87,35|51,81|20,36|62,9|47,80/6,9=6,51,81,62,9
1,31|62,73|11,59|63,56|92,42|41,83|92,98|98,63|2,1|92,38|57,8|38,11|92,14|14,2|42,60|59,33|56,52|83,62|92,41|60,57/92,8=92,42,60,57,8
70,85|71,76|25,39|28,98|28,9|28,50|27,25|29,69|42,47|98,48|28,17|85,82|28,70|22,29|50,7|82,14|17,22|48,71|7,42|9,27/28,14=28,70,85,82,14
59,63|46,89|18,79|41,52|77,34|64,46|79,41|63,37|88,84|84,77|37,2|18,71|52,56|18,64|18,59|71,62|89,17|29,82|62,29|18,88/18,17=18,64,46,89,17
89,44|30,29|1,67|93,77|93,89|44,42|55,26|93,1|31,30|21,55|93,31|42,60|67,54|93,21|54,66|68,61|29,98|61,48|77,68|26,33/93,48=93,77,68,61,48
75,19|9,81|19,49|8,4|12,25|12,18|12,89|18,46|49,34|37,20|81,36|12,8|62,42|89,62|12,75|46,37|25,9|4,13|42,50|13,2/12,50=12,89,62,42,50
61,74|61,84|9,3|36,76|8,77|14,18|83,92|84,55|63,8|89,59|1,58|61,83|55,1|24,63|61,24|74,36|76,68|3,89|61,9|92,14/61,68=61,74,36,76,68
23,77|57,31|72,76|25,65|25,13|77,85|31,56|25,3|21,20|84,47|76,17|78,84|25,78|85,88|47,68|3,72|65,81|13,57|81,21|25,23/25,17=25,3,72,76,17
65,61|58,12|80,33|52,65|10,2|47,4|4,3|80,60|2,69|38,93|33,38|12,8|80,52|51,58|80,47|60,10|3,44|93,27|61,7|80,51/80,7=80,52,65,61,7
85,66|98,28|60,11|16,81|16,50|16,71|17,74|71,61|14,77|50,31|81,69|16,98|76,29|69,14|55,76|31,60|61,17|28,85|29,15|16,55/16,15=16,55,76,29,15
36,32|43,40|43,47|40,96|43,30|95,11|29,12|96,22|42,16|11,68|22,15|18,29|47,18|16,94|51,42|1,95|43,51|32,75|43,1|30,36/43,12=43,47,18,29,12
36,11|43,40|43,47|40,96|43,30|95,22|29,12|96,32|42,16|22,15|32,75|18,29|47,18|16,94|51,42|1,95|43,51|11,68|43,1|30,36/43,12=43,47,18,29,12
88,67|14,29|62,82|89,62|24,47|14,24|74,23|8,49|14,59|59,70|82,44|67,12|51,74|14,89|23,38|47,35|29,88|14,51|70,8|35,4/14,38=14,51,74,23,38
14,90|51,98|8,42|25,64|90,55|43,24|60,77|42,50|94,62|64,99|43,23|31,72|24,14|50,0|43,60|23,25|62,51|43,8|43,94|77,31/43,72=43,60,77,31,72
5,84|29,89|72,60|64,51|89,4|86,29|64,5|80,50|60,80|51,3|55,76|76,71|64,86|3,45|64,72|59,18|64,63|45,21|63,55|84,59/64,18=64,5,84,59,18
72,34|44,72|26,25|1,15|44,14|87,21|44,86|22,1|58,24|48,81|14,48|13,26|86,22|11,66|44,83|83,13|21,11|81,79|44,87|34,58/44,66=44,87,21,11,66
26,91|83,23|60,42|48,32|65,74|51,63|83,26|83,90|23,77|17,88|84,43|77,84|68,66|90,17|91,48|74,68|83,60|42,51|88,22|83,65/83,32=83,26,91,48,32
61,0|18,42|94,77|40,99|81,40|28,47|76,67|44,28|20,98|42,44|18,14|34,15|18,94|18,61|0,34|77,91|67,20|14,81|18,76|91,75/18,47=18,42,44,28,47
42,0|46,34|67,71|80,24|2,52|67,80|82,91|43,97|68,20|67,49|79,2|15,79|34,11|24,43|67,42|49,46|71,68|0,82|67,15|20,70/67,70=67,71,68,20,70
48,26|38,49|15,14|24,94|5,66|16,3|83,95|95,21|65,15|96,48|96,38|96,24|26,52|94,16|96,83|96,65|49,5|14,68|52,28|21,25/96,28=96,48,26,52,28
46,92|28,80|46,13|46,81|69,8|45,28|81,7|27,91|39,27|20,45|46,20|68,62|60,1|1,69|46,60|11,10|92,19|7,68|13,39|19,11/46,91=46,13,39,27,91
13,80|8,32|73,40|64,56|33,64|29,13|78,15|73,29|40,48|73,2|48,78|73,49|94,17|81,8|90,33|73,90|49,94|80,71|2,81|17,42/73,32=73,2,81,8,32
17,54|67,85|16,94|28,17|54,25|74,57|9,81|32,55|95,14|26,77|26,28|1,74|81,32|26,16|26,9|14,50|68,95|26,68|77,1|94,67/26,57=26,77,1,74,57
67,38|24,3|17,9|8,77|30,17|9,22|70,2|28,32|30,8|30,73|32,40|38,1|73,67|30,28|3,70|22,74|40,16|77,29|29,55|30,24/30,16=30,28,32,40,16
45,54|33,40|8,36|80,8|90,11|42,80|17,88|45,90|99,37|5,53|53,60|13,22|45,99|54,5|11,17|40,50|37,13|45,93|93,33|45,42/45,60=45,54,5,53,60
76,20|64,47|47,58|76,3|3,4|12,89|62,78|37,69|76,87|49,30|15,37|87,62|4,12|76,92|92,64|7,49|76,60|60,7|78,5|20,15/76,5=76,87,62,78,5
81,72|22,7|26,41|75,81|25,40|99,25|98,75|44,90|92,26|41,70|22,98|22,44|9,76|90,29|29,31|22,99|7,9|76,0|22,92|40,46/22,72=22,98,75,81,72
22,85|77,84|76,71|11,22|5,87|77,16|16,10|30,28|45,18|90,78|46,59|87,30|99,79|10,90|79,45|59,76|77,99|84,11|77,46|77,5/77,85=77,84,11,22,85
38,69|23,98|69,58|84,1|38,46|58,7|38,77|77,9|1,61|78,45|41,78|43,40|65,41|9,43|7,64|38,23|46,84|38,65|16,55|98,16/38,40=38,77,9,43,40
54,85|64,11|2,62|1,81|13,64|94,5|14,34|1,67|52,9|1,52|70,99|9,2|1,94|5,16|99,54|49,14|1,70|81,49|16,36|67,13/1,36=1,94,5,16,36
1,73|51,96|96,93|83,76|51,35|76,82|47,26|35,43|51,38|43,10|38,83|51,60|10,79|25,47|0,77|80,1|94,80|60,25|93,0|51,94/51,73=51,94,80,1,73
24,37|21,69|69,28|43,74|8,73|24,81|37,31|24,64|31,0|24,32|24,76|0,29|81,43|64,38|55,48|68,8|76,68|74,89|32,21|38,55/24,28=24,32,21,69,28
45,92|37,21|54,47|54,45|99,69|54,42|44,51|54,66|38,37|11,48|92,68|68,80|47,38|48,18|32,83|83,44|54,32|91,99|42,91|66,11/54,80=54,45,92,68,80
30,45|74,9|26,73|99,55|36,30|81,35|89,17|59,89|32,74|51,36|17,26|31,88|59,81|35,31|55,67|9,13|59,32|22,99|59,22|59,51/59,73=59,89,17,26,73
12,75|64,26|7,73|88,7|62,76|65,14|58,12|58,40|36,96|14,36|19,0|58,64|76,74|75,19|58,65|78,52|58,79|26,78|40,88|79,62/58,74=58,79,62,76,74
36,22|91,67|71,23|33,47|91,95|59,77|22,73|5,33|46,26|91,36|91,16|16,32|95,5|67,59|87,46|73,29|91,83|83,87|32,71|77,80/91,47=91,95,5,33,47
70,86|4,84|63,79|90,29|45,66|2,70|46,21|37,34|29,92|54,2|46,63|46,95|46,45|81,61|79,4|21,90|66,37|46,54|73,81|95,73/46,84=46,63,79,4,84
2,51|51,82|93,28|15,33|26,23|38,53|56,15|13,2|16,87|47,26|16,47|16,97|97,56|61,38|53,60|28,31|87,93|16,13|16,61|23,62/16,60=16,61,38,53,60
96,59|14,15|20,65|25,42|89,74|54,70|65,89|44,25|51,44|20,51|20,31|15,98|20,14|70,96|74,19|87,17|17,23|31,87|20,54|98,93/20,19=20,65,89,74,19
81,34|92,77|83,33|99,50|74,99|38,74|53,32|38,0|38,81|79,19|34,67|19,60|67,55|32,92|38,53|33,25|38,83|0,79|50,61|25,36/38,60=38,0,79,19,60
61,74|61,84|9,3|36,76|14,18|1,58|83,92|84,55|63,14|89,59|8,77|61,83|55,8|24,63|61,24|74,36|76,68|3,89|61,9|92,1/61,68=61,74,36,76,68
52,22|20,90|61,53|18,73|3,11|10,70|53,64|22,46|30,60|90,52|77,10|17,61|20,17|70,72|20,95|20,77|11,6|95,3|20,18|73,30/20,6=20,95,3,11,6
14,46|14,69|83,67|39,30|40,4|49,22|56,83|93,33|14,40|60,93|76,60|14,8|46,56|4,49|8,89|35,90|14,76|84,39|69,84|89,35/14,90=14,8,89,35,90
34,59|16,99|91,23|57,42|75,88|91,83|73,61|90,57|99,73|23,52|52,26|26,80|91,34|6,75|39,6|91,16|59,58|58,85|91,39|83,90/91,61=91,16,99,73,61
47,33|79,26|2,1|67,17|33,72|21,95|59,88|20,63|57,2|55,59|26,5|72,65|5,67|79,20|79,47|35,57|79,55|88,12|79,35|63,21/79,12=79,55,59,88,12
48,23|4,75|61,66|90,48|42,77|9,90|49,30|28,54|42,34|30,16|54,70|42,9|42,49|40,55|42,61|34,11|16,74|66,40|11,4|77,28/42,75=42,34,11,4,75
16,87|24,42|11,2|97,21|49,48|97,29|1,68|87,1|97,79|97,16|89,11|48,72|97,76|79,17|70,24|17,8|8,90|76,49|21,70|29,89/97,72=97,76,49,48,72
19,9|0,73|0,85|73,13|0,36|84,65|86,57|38,27|62,72|36,77|85,86|77,62|13,63|0,38|63,12|18,84|0,83|27,19|57,20|83,18/0,20=0,85,86,57,20
38,36|37,44|41,28|46,3|46,27|27,84|44,1|3,38|60,41|84,14|36,30|33,48|71,33|46,95|46,47|47,60|48,2|95,37|46,71|14,12/46,12=46,27,84,14,12
78,93|72,61|88,40|81,78|33,81|50,33|50,28|61,45|94,53|64,20|50,54|54,72|6,94|98,88|50,95|28,6|99,64|68,98|50,68|95,99/50,40=50,68,98,88,40
24,30|57,77|71,59|14,64|91,13|57,14|98,75|57,33|64,91|48,41|18,48|33,18|57,79|57,21|59,67|21,24|79,86|30,83|77,71|86,98/57,13=57,14,64,91,13
86,61|31,47|82,18|33,68|91,31|62,33|60,62|8,23|60,8|60,86|2,91|61,50|95,82|23,6|3,95|60,3|6,16|68,55|60,2|50,52/60,47=60,2,91,31,47
23,18|91,5|19,11|94,42|11,94|3,37|55,79|34,3|49,47|45,13|56,55|23,19|47,45|18,38|23,30|30,56|23,49|23,34|37,41|38,91/23,5=23,18,38,91,5
59,89|1,94|89,2|88,67|50,33|4,42|27,11|74,9|76,53|4,76|92,50|11,88|78,92|4,27|53,1|68,57|42,59|4,78|4,68|57,74/4,67=4,27,11,88,67
37,99|8,47|73,77|12,11|47,35|37,21|5,8|88,73|61,12|46,89|37,51|51,26|21,61|26,78|37,46|89,65|99,88|78,80|65,76|37,5/37,11=37,21,61,12,11
43,38|29,72|61,88|65,11|59,61|17,65|72,59|38,14|29,41|41,17|35,82|29,96|29,18|18,43|29,69|68,94|86,68|12,35|69,86|96,12/29,11=29,41,17,65,11
43,14|11,43|96,65|90,16|50,0|1,50|0,88|41,9|24,10|88,70|85,11|42,58|65,41|1,32|1,85|1,24|10,42|32,22|22,90|1,96/1,58=1,24,10,42,58
43,84|80,23|83,85|5,57|5,86|65,59|84,26|86,28|23,31|57,91|28,83|5,98|98,43|5,80|31,39|49,22|5,65|13,58|59,49|91,13/5,26=5,98,43,84,26
25,83|74,20|85,10|85,77|37,3|24,6|20,41|85,80|62,25|85,37|85,62|7,33|3,24|75,35|10,7|35,63|80,75|83,64|77,74|33,90/85,64=85,62,25,83,64
1,88|11,0|56,53|21,40|40,72|98,74|83,39|98,11|34,21|98,34|0,56|93,10|74,93|77,83|98,1|88,37|10,15|37,71|98,77|39,23/98,53=98,11,0,56,53
16,80|7,27|54,16|7,79|96,36|72,54|7,40|97,85|7,25|7,72|41,38|31,24|17,97|27,35|25,17|63,41|24,14|35,96|40,31|79,63/7,38=7,79,63,41,38
51,44|29,51|40,37|9,40|94,98|9,18|9,90|9,76|37,82|54,62|9,93|53,94|19,15|18,53|90,67|82,13|33,54|67,19|93,33|76,29/9,98=9,18,53,94,98
97,47|95,79|69,38|43,61|53,39|81,20|86,64|79,6|6,89|81,53|39,69|81,97|81,95|55,86|61,91|67,55|77,30|47,77|20,43|81,67/81,64=81,67,55,86,64
62,68|97,38|83,9|44,64|37,54|67,20|54,33|20,83|46,80|64,49|67,78|51,37|87,44|38,62|67,51|67,97|67,87|80,25|78,46|9,91/67,68=67,97,38,62,68
1,16|21,31|39,67|85,1|67,83|27,68|78,72|27,21|57,51|59,22|68,39|15,78|16,69|72,45|27,15|27,57|51,59|27,85|18,92|31,18/27,22=27,57,51,59,22
10,37|29,80|29,78|19,58|29,15|4,96|11,10|78,21|94,41|98,19|67,98|15,11|41,50|76,74|29,67|68,14|21,76|80,94|14,4|29,68/29,58=29,67,98,19,58
75,63|52,69|86,0|58,24|39,81|53,71|71,48|69,37|39,85|83,58|81,46|46,86|24,7|39,52|39,96|63,82|96,75|85,53|39,83|37,87/39,87=39,52,69,37,87
5,4|58,56|39,85|8,25|24,5|39,0|64,10|10,33|39,29|25,49|13,81|29,64|21,8|0,13|39,21|56,54|85,24|39,58|54,52|81,90/39,90=39,0,13,81,90
94,13|22,4|13,66|54,48|51,37|12,1|60,45|22,54|85,26|22,12|22,74|41,87|45,18|22,56|4,94|74,85|26,50|1,51|56,60|48,41/22,87=22,54,48,41,87
95,76|53,15|5,68|92,45|95,5|64,6|8,83|76,62|55,56|68,8|9,39|95,92|95,36|45,55|66,30|15,64|62,9|95,53|36,66|30,67/95,6=95,53,15,64,6
77,27|58,93|73,1|29,54|58,90|11,46|58,11|58,86|58,13|13,77|14,68|93,29|46,73|87,14|90,8|37,48|54,31|27,62|8,37|86,87/58,48=58,90,8,37,48
96,78|75,92|66,43|75,73|80,42|92,0|0,66|30,6|75,30|6,23|23,25|78,45|98,99|75,63|73,79|63,41|41,98|75,96|79,80|45,12/75,25=75,30,6,23,25
77,59|88,90|28,41|13,93|13,28|90,39|39,0|13,78|13,55|41,16|16,74|55,77|59,45|9,1|30,44|13,88|1,96|78,30|93,9|44,98/13,98=13,78,30,44,98
31,79|15,89|77,33|81,36|43,65|79,56|97,83|46,62|77,30|89,94|77,46|77,31|33,97|36,24|30,15|56,80|83,90|62,43|77,81|24,17/77,90=77,33,97,83,90
40,8|40,91|40,55|91,34|40,86|34,24|24,48|16,72|72,21|85,88|89,2|86,89|2,12|8,33|21,4|40,16|55,71|71,85|33,49|49,0/40,88=40,55,71,85,88
70,13|21,96|76,98|58,59|98,87|87,55|69,50|95,58|96,70|6,76|6,81|6,95|97,1|6,21|50,31|81,69|4,2|59,40|2,97|6,4/6,31=6,81,69,50,31
0,82|63,53|26,9|14,31|20,63|3,78|39,73|73,3|92,14|12,20|1,26|6,0|82,64|39,6|78,52|39,74|74,92|39,12|39,1|9,50/39,64=39,6,0,82,64
24,9|51,74|9,4|18,56|28,5|74,17|8,10|8,38|8,84|14,87|84,47|29,18|87,46|10,14|25,29|47,28|8,25|8,69|69,51|38,24/8,5=8,84,47,28,5
98,39|98,52|98,80|53,34|98,72|5,81|43,92|44,83|52,53|80,44|34,62|17,76|98,43|83,46|39,15|20,5|90,11|15,17|92,90|72,20/98,81=98,72,20,5,81
28,39|54,96|42,18|26,89|68,5|5,58|48,32|13,78|50,68|28,86|86,24|24,54|49,26|33,42|28,13|78,48|39,49|28,50|18,72|28,33/28,89=28,39,49,26,89
5,22|76,52|80,47|5,8|61,91|83,35|59,80|10,69|5,32|22,39|32,7|90,83|39,70|89,59|7,61|69,76|70,48|5,89|5,10|8,90/5,35=5,8,90,83,35
98,52|66,68|39,63|73,40|73,58|33,22|58,35|51,10|65,1|82,12|40,39|73,51|73,15|70,82|10,33|68,65|73,66|63,3|35,98|15,70/73,52=73,58,35,98,52
63,84|35,66|52,47|70,67|69,1|71,35|92,69|73,95|95,57|28,70|26,28|84,73|49,52|63,26|63,64|24,92|63,38|63,24|64,71|38,49/63,47=63,38,49,52,47
45,33|78,6|68,67|46,34|79,68|45,79|21,57|45,32|28,77|77,44|57,66|45,21|33,51|32,71|67,96|41,28|66,23|71,78|45,41|51,46/45,6=45,32,71,78,6
29,71|16,63|29,36|29,55|29,46|46,34|74,22|65,94|34,86|36,16|27,69|86,76|2,65|71,2|63,10|64,48|48,27|29,64|55,28|28,74/29,69=29,64,48,27,69
74,60|1,45|26,44|22,32|60,58|33,82|44,46|58,63|33,74|79,2|82,26|33,61|53,28|32,1|86,53|33,86|61,79|33,22|28,37|2,85/33,63=33,74,60,58,63
20,68|71,89|60,77|73,27|61,64|20,87|12,38|20,23|20,57|77,16|13,94|57,62|59,12|68,60|97,61|89,73|62,13|87,97|23,59|20,71/20,38=20,23,59,12,38
38,20|87,0|76,64|91,55|24,62|93,66|76,93|41,52|33,75|76,41|52,24|55,38|76,91|59,49|76,33|99,87|66,90|90,1|75,59|64,99/76,62=76,41,52,24,62
27,38|92,54|13,22|87,88|9,1|52,49|87,83|87,9|87,52|7,13|87,73|51,27|91,19|49,92|73,91|19,21|1,86|86,16|88,7|83,51/87,38=87,83,51,27,38
96,17|93,42|56,16|37,70|37,5|70,93|59,74|37,52|5,95|42,30|95,94|37,97|94,90|37,56|40,76|16,59|97,96|89,40|17,6|52,89/37,76=37,52,89,40,76
55,13|60,58|12,20|12,42|80,68|49,55|81,60|12,9|9,81|1,53|20,63|76,67|12,49|24,56|63,24|67,80|98,1|12,76|42,98|13,92/12,58=12,9,81,60,58
66,52|2,42|2,77|2,73|37,5|65,3|99,11|77,94|73,65|92,54|54,1|2,22|94,66|23,7|3,25|97,37|22,92|2,99|11,23|42,97/2,52=2,77,94,66,52
9,43|9,45|43,47|95,14|47,28|49,70|46,2|89,95|9,16|3,46|70,97|9,3|96,42|68,93|28,39|16,89|45,49|9,68|2,48|93,96/9,48=9,3,46,2,48
7,1|85,75|0,94|66,79|7,69|75,78|7,46|19,25|1,60|69,85|32,66|17,86|46,23|7,53|23,17|7,0|12,44|53,32|94,12|60,19/7,78=7,69,85,75,78
70,39|45,52|8,28|60,7|58,19|19,62|62,53|96,9|30,85|34,55|8,58|39,47|8,60|9,37|8,45|7,30|8,80|52,34|28,70|80,96/8,85=8,60,7,30,85
6,3|43,28|36,42|72,19|43,83|49,35|13,78|43,36|9,62|28,16|43,6|3,72|16,14|74,44|42,74|35,81|78,9|83,49|14,18|43,13/43,18=43,28,16,14,18
41,23|23,3|3,8|49,13|41,2|6,53|41,6|80,21|53,61|63,31|8,72|41,37|9,80|37,9|61,88|39,38|69,39|2,69|13,63|41,49/41,31=41,49,13,63,31
77,84|5,92|38,40|99,94|7,70|10,96|77,27|94,7|77,99|91,97|32,10|84,62|77,21|62,43|27,34|43,68|77,5|34,91|92,38|21,32/77,70=77,99,94,7,70
46,78|78,67|82,0|82,75|59,73|71,46|0,77|82,64|75,95|91,59|95,31|77,63|73,86|64,90|82,71|63,45|17,84|82,91|31,34|90,17/82,45=82,0,77,63,45
62,0|60,52|83,74|0,83|53,56|98,33|70,47|42,75|42,60|42,62|75,70|76,94|94,17|47,43|52,53|18,98|14,76|42,18|42,14|33,15/42,43=42,75,70,47,43
97,2|53,46|18,44|18,39|29,8|18,14|45,97|61,3|93,72|44,61|35,29|39,93|18,80|18,26|26,45|46,20|14,53|72,52|3,99|80,35/18,2=18,26,45,97,2
16,85|15,21|97,60|26,95|15,53|53,97|73,6|44,47|8,26|15,71|20,16|13,86|5,93|93,73|60,83|71,20|15,44|21,8|47,13|15,5/15,83=15,53,97,60,83
12,65|52,61|72,20|59,10|13,89|14,51|59,68|68,72|59,52|28,35|23,14|36,58|10,45|20,94|51,99|59,23|59,13|61,28|45,12|89,36/59,58=59,13,89,36,58
46,66|81,36|57,65|26,53|54,26|36,46|75,79|22,20|42,87|28,54|66,23|34,63|79,34|81,75|20,42|99,85|81,28|81,99|85,57|81,22/81,23=81,36,46,66,23
99,8|40,12|47,51|48,66|50,76|19,4|54,99|54,93|8,40|73,50|54,15|66,47|83,57|54,48|81,26|93,73|26,19|15,83|57,95|54,81/54,51=54,48,66,47,51
33,84|23,75|84,45|89,44|79,86|12,51|52,39|44,97|52,38|32,58|52,89|54,33|40,79|75,12|52,54|38,40|98,32|97,56|52,23|39,98/52,58=52,39,98,32,58
7,66|28,19|28,5|28,7|28,18|5,48|66,74|88,2|24,89|28,35|59,88|35,24|48,91|74,12|18,59|89,60|91,0|19,47|47,16|16,20/28,0=28,5,48,91,0
71,84|99,1|78,88|49,87|87,25|13,62|36,39|88,53|49,77|66,78|49,13|77,59|79,71|49,66|49,95|95,79|73,14|59,73|62,36|25,99/49,84=49,95,79,71,84
80,24|35,9|1,57|9,64|80,75|4,72|76,27|81,90|24,35|27,4|90,48|31,71|88,87|87,1|80,88|62,31|75,62|80,81|48,15|80,76/80,71=80,75,62,31,71
82,60|93,32|7,17|8,7|13,68|2,57|12,82|48,33|2,29|57,9|81,91|29,81|60,3|91,27|2,12|9,13|32,48|11,8|2,11|2,93/2,3=2,12,82,60,3
0,64|15,14|96,24|15,76|87,46|98,8|8,96|15,19|15,31|76,90|68,61|15,98|13,67|14,52|52,0|90,13|43,68|19,17|17,87|31,43/15,46=15,19,17,87,46
56,94|6,37|17,56|67,92|48,4|2,44|17,48|76,77|4,45|92,33|94,76|17,2|45,98|82,65|17,67|36,49|65,36|44,6|33,62|17,82/17,37=17,2,44,6,37
90,61|48,95|28,38|6,33|43,41|38,6|73,43|73,28|60,29|85,92|73,90|92,83|56,85|73,56|73,60|61,97|97,50|41,48|29,25|25,34/73,50=73,90,61,97,50
97,74|74,54|2,83|16,66|83,49|95,48|8,63|97,23|97,16|97,41|23,8|92,40|97,91|54,92|66,95|63,53|91,2|41,79|79,75|75,45/97,45=97,41,79,75,45
80,39|76,21|84,69|76,64|76,37|2,36|76,75|0,27|75,96|82,0|37,45|21,98|64,82|36,52|45,80|47,67|76,25|98,47|96,84|25,2/76,52=76,25,2,36,52
15,98|15,62|90,72|15,85|67,28|4,99|98,48|23,27|24,84|81,67|84,4|62,81|15,24|61,55|27,61|70,34|85,91|48,70|91,90|15,23/15,99=15,24,84,4,99
45,23|34,32|71,65|23,82|12,91|74,51|32,46|46,66|70,2|71,4|71,7|71,34|58,12|71,58|2,95|7,45|4,70|63,74|91,26|65,63/71,82=71,7,45,23,82
53,88|15,53|40,47|44,62|50,69|50,15|50,40|3,14|29,58|50,29|88,27|47,3|19,11|2,0|91,44|50,91|58,19|69,2|62,99|0,9/50,14=50,40,47,3,14
31,28|57,22|67,32|67,19|59,94|91,34|67,69|33,90|76,59|6,1|19,57|77,33|67,76|94,35|1,91|32,77|69,92|67,6|22,95|92,31/67,90=67,32,77,33,90
41,0|49,89|11,31|61,11|58,79|61,54|51,21|31,49|54,38|61,65|61,75|75,66|66,41|65,18|61,96|96,19|19,60|38,58|18,51|60,82/61,89=61,11,31,49,89
29,41|30,45|44,55|26,64|6,35|78,6|35,29|55,96|70,3|72,44|78,27|84,47|78,26|90,70|47,30|64,93|27,90|78,84|93,32|78,72/78,3=78,27,90,70,3
50,76|73,67|81,49|81,45|95,73|72,56|20,53|29,2|9,22|45,95|81,47|19,29|81,88|49,50|47,19|53,9|56,1|81,20|76,61|88,72/81,22=81,20,53,9,22
36,93|93,55|88,76|92,42|26,41|13,72|3,84|47,92|84,26|57,3|57,91|91,47|57,36|72,56|57,88|56,48|76,0|0,12|55,80|57,13/57,42=57,91,47,92,42
60,72|69,43|77,8|38,60|52,26|69,64|69,25|25,45|71,39|54,71|64,54|48,77|92,38|94,48|69,94|29,4|43,52|45,29|69,92|26,86/69,72=69,92,38,60,72
62,46|30,71|46,6|62,48|63,31|49,47|29,50|2,49|47,64|3,29|54,63|74,51|6,30|62,3|62,26|26,89|62,2|48,54|50,38|89,74/62,51=62,26,89,74,51
13,57|78,21|0,92|41,8|94,41|8,86|0,13|83,17|20,79|70,82|55,20|92,55|57,91|0,94|21,83|0,78|91,24|0,70|82,66|66,64/0,79=0,92,55,20,79
7,65|15,94|7,66|7,99|59,93|7,48|84,4|38,46|99,83|17,79|65,15|76,84|83,17|7,30|0,38|94,49|30,0|93,63|48,59|66,76/7,49=7,65,15,94,49
23,96|26,32|17,23|43,67|98,1|96,59|56,43|32,0|7,93|76,97|34,60|26,98|0,76|11,56|26,11|26,29|1,7|47,34|29,47|26,17/26,97=26,32,0,76,97
21,88|82,17|46,93|54,21|48,96|47,46|96,82|97,51|66,47|93,62|31,57|66,54|66,97|88,27|38,5|51,31|5,56|66,48|56,90|66,38/66,57=66,97,51,31,57
32,48|60,73|43,66|17,60|86,93|65,69|78,24|77,44|24,61|69,46|65,64|66,32|64,20|20,86|46,77|65,9|9,17|61,71|65,78|65,43/65,73=65,9,17,60,73
63,72|75,77|87,15|77,94|72,12|45,86|87,78|87,31|2,39|86,56|90,76|55,75|31,44|44,90|15,63|37,45|87,55|14,2|78,14|87,37/87,76=87,31,44,90,76
85,80|73,48|84,82|73,86|81,44|95,14|15,7|73,16|17,85|23,17|7,59|16,81|14,84|44,79|47,83|86,15|48,77|73,23|73,95|77,47/73,82=73,95,14,84,82
2,9|45,68|8,0|58,45|0,98|34,75|95,56|64,58|65,46|9,11|68,96|11,91|64,65|46,78|98,84|75,95|64,2|64,34|78,55|64,8/64,91=64,2,9,11,91
43,84|80,23|31,39|5,57|5,86|65,59|84,26|86,28|23,49|57,91|28,31|5,98|98,43|5,80|49,22|83,85|5,65|13,58|59,83|91,13/5,26=5,98,43,84,26
80,7|83,80|7,29|29,46|83,1|83,39|83,28|66,88|83,79|99,10|39,66|10,12|88,55|8,59|59,0|6,74|1,99|28,85|79,8|85,6/83,12=83,1,99,10,12
89,44|30,54|1,67|93,77|93,89|44,42|55,29|93,1|31,30|21,55|93,31|42,60|67,26|93,21|26,33|68,61|54,66|61,48|77,68|29,98/93,48=93,77,68,61,48
28,24|56,90|51,53|44,51|28,59|73,33|81,42|28,22|5,84|42,82|28,5|22,81|59,18|84,35|35,47|53,64|90,23|18,73|24,56|28,44/28,82=28,22,81,42,82
20,18|13,54|6,21|29,41|91,80|73,91|29,76|81,48|41,81|29,20|29,73|15,46|18,93|29,6|76,15|93,61|21,13|48,94|80,44|46,75/29,54=29,6,21,13,54
86,47|43,93|50,76|47,29|28,33|43,28|5,57|33,49|93,44|18,2|29,79|61,5|31,55|49,91|76,18|43,86|44,31|16,61|43,16|43,50/43,91=43,28,33,49,91
54,34|58,93|87,15|6,11|80,87|34,82|5,99|44,6|53,5|82,65|50,53|15,78|86,14|86,50|11,79|14,58|93,16|86,44|86,54|86,80/86,16=86,14,58,93,16
54,43|12,4|12,65|4,52|42,59|52,42|65,54|38,56|21,38|24,21|17,81|12,76|43,77|63,72|81,32|12,24|12,97|76,17|72,8|97,63/12,56=12,24,21,38,56
77,44|60,73|43,66|17,60|32,48|65,69|78,24|86,93|24,61|69,46|65,64|66,77|64,20|20,32|46,86|65,9|9,17|61,71|65,78|65,43/65,73=65,9,17,60,73
50,89|87,72|13,48|83,74|98,83|33,15|20,75|98,50|72,44|42,87|79,92|98,42|92,8|89,13|74,20|98,33|98,61|15,4|4,6|61,79/98,6=98,33,15,4,6
7,41|54,50|41,92|76,13|99,76|93,45|13,11|43,93|43,21|45,85|43,99|91,97|85,31|3,7|14,88|43,54|50,91|21,14|88,98|43,3/43,97=43,54,50,91,97
82,50|42,91|82,95|82,5|61,43|82,31|95,17|77,4|91,8|66,89|76,32|89,51|17,76|5,42|50,96|88,66|82,88|31,77|96,61|4,45/82,8=82,5,42,91,8
75,13|70,80|4,8|97,57|5,89|89,72|16,97|96,28|70,96|28,4|70,5|57,39|13,81|70,16|72,7|45,40|80,75|74,14|70,74|14,45/70,39=70,16,97,57,39
58,59|4,96|34,58|33,11|44,57|99,9|9,39|4,79|50,75|59,69|4,34|24,44|4,24|37,99|96,36|57,67|43,33|36,50|79,43|4,37/4,69=4,34,58,59,69
33,91|95,18|14,6|19,46|6,90|42,53|25,95|42,58|28,19|78,49|75,33|53,14|91,47|42,28|42,75|42,12|46,17|88,78|12,25|58,88/42,90=42,53,14,6,90
82,88|63,33|13,41|5,72|92,79|88,38|13,5|13,36|45,92|13,78|79,26|72,67|41,82|67,35|96,63|84,49|13,45|36,96|78,84|49,58/13,38=13,41,82,88,38
9,5|34,13|49,8|80,55|34,93|45,41|86,73|73,2|5,80|48,49|96,91|13,1|27,48|1,51|91,45|34,27|34,96|51,97|93,86|34,9/34,8=34,27,48,49,8
64,76|78,34|73,93|32,20|20,73|76,3|84,5|24,80|80,41|59,31|77,37|34,85|77,40|77,24|77,32|5,59|40,64|37,78|41,16|77,84/77,85=77,37,78,34,85
63,3|3,57|20,61|63,4|25,17|63,10|10,20|57,27|27,52|76,16|98,6|4,48|16,98|94,26|63,25|61,40|48,12|63,76|12,34|17,94/63,6=63,76,16,98,6
36,86|51,49|0,67|19,80|19,33|91,0|47,51|1,36|45,65|19,91|19,47|49,99|33,55|19,84|55,97|84,1|97,54|67,87|26,45|80,26/19,87=19,91,0,67,87
9,41|74,2|2,12|40,27|27,58|88,77|12,21|21,94|74,55|62,25|89,9|29,40|55,62|77,20|74,67|74,88|67,89|20,93|25,96|74,29/74,41=74,67,89,9,41
85,91|56,51|0,99|75,80|29,56|45,59|37,6|86,10|11,49|45,29|45,85|59,98|45,17|38,11|45,86|51,19|10,75|98,37|91,0|17,38/45,49=45,17,38,11,49
9,74|58,32|3,66|0,45|18,29|73,80|84,9|68,89|48,35|29,69|59,84|69,48|61,3|18,59|18,61|89,58|80,0|66,44|18,73|18,68/18,44=18,61,3,66,44
78,26|23,27|67,48|67,10|67,65|79,70|65,81|95,20|2,44|48,23|20,2|67,66|70,83|10,79|66,54|81,78|30,39|54,30|67,95|27,74/67,39=67,66,54,30,39
61,13|89,78|59,17|66,22|61,80|94,54|76,94|16,12|61,4|4,59|54,51|13,97|17,75|28,50|61,16|50,90|61,76|80,28|97,89|12,66/61,51=61,76,94,54,51
87,0|72,3|87,59|87,12|75,58|27,65|24,14|12,45|87,90|90,39|45,75|59,47|39,27|57,24|0,57|67,82|20,76|76,67|47,72|87,20/87,58=87,12,45,75,58
90,35|11,59|99,73|91,44|9,10|63,11|42,91|9,89|69,33|9,90|12,42|37,69|56,24|10,45|59,88|89,37|9,12|9,63|45,56|35,99/9,88=9,63,11,59,88
64,88|64,83|49,43|88,29|42,10|83,42|87,50|65,26|29,19|2,65|76,21|64,49|43,76|26,27|64,2|19,52|10,16|64,85|85,68|68,87/64,50=64,85,68,87,50
33,40|49,85|70,98|70,49|98,5|16,33|91,22|70,91|22,63|27,4|57,51|85,28|70,20|5,27|20,16|63,46|70,57|28,76|1,10|51,1/70,46=70,91,22,63,46
68,81|80,40|48,57|32,92|33,65|99,9|59,83|32,56|11,96|32,59|17,82|98,48|56,99|83,80|32,68|9,79|32,17|82,11|92,98|81,33/32,40=32,59,83,80,40
30,15|10,52|83,2|10,83|4,17|54,61|10,38|17,13|13,28|5,77|39,20|38,54|2,5|10,4|52,30|15,58|69,50|10,69|61,84|50,39/10,28=10,4,17,13,28
51,78|57,36|41,17|66,90|73,32|48,73|78,52|63,61|13,41|36,48|98,13|20,14|57,98|57,66|52,88|57,51|57,63|85,44|90,85|61,20/57,17=57,98,13,41,17
64,70|70,17|94,88|10,13|88,45|98,44|10,98|33,64|80,94|10,47|13,35|47,86|12,57|44,58|10,80|58,30|86,38|35,12|38,60|10,33/10,17=10,33,64,70,17
74,70|29,51|15,64|74,26|35,58|73,39|51,56|33,86|71,47|26,2|25,15|39,16|74,29|2,35|16,57|74,73|86,71|74,33|56,30|70,25/74,57=74,73,39,16,57
13,14|98,1|66,27|27,41|58,68|13,59|52,19|26,96|13,23|59,91|13,26|19,93|13,52|96,98|93,74|91,84|84,35|23,66|68,80|14,58/13,35=13,59,91,84,35
71,15|63,34|78,39|11,33|15,42|14,53|14,71|55,28|34,55|14,63|14,18|14,96|53,50|42,92|18,95|45,52|95,78|96,45|52,86|50,11/14,92=14,71,15,42,92
71,16|39,76|11,33|51,57|44,39|72,58|76,40|0,51|79,8|44,71|8,85|58,63|40,49|44,5|5,0|85,87|16,11|22,72|44,79|44,22/44,63=44,22,72,58,63
49,60|0,84|22,49|26,20|93,26|86,77|22,35|22,86|95,58|77,95|22,0|22,12|84,31|12,18|55,45|60,47|47,78|35,93|18,55|31,43/22,20=22,35,93,26,20
38,41|37,36|44,1|46,3|46,27|27,84|36,30|3,38|60,44|84,14|41,28|33,48|71,33|46,95|46,47|47,60|48,2|95,37|46,71|14,12/46,12=46,27,84,14,12
53,86|28,52|83,45|84,83|96,46|55,99|96,60|86,28|92,11|11,55|96,24|24,43|96,53|44,15|60,33|43,44|33,35|35,41|96,92|46,84/96,45=96,46,84,83,45
2,89|89,11|22,64|22,52|18,44|37,81|7,61|53,2|52,38|61,48|28,12|17,98|64,94|81,18|22,37|38,17|94,28|22,53|22,7|48,66/22,12=22,64,94,28,12
36,68|60,9|60,71|9,70|18,63|10,57|49,18|20,4|57,36|60,6|11,65|6,49|71,20|61,52|17,69|60,11|4,30|65,17|60,10|70,61/60,30=60,71,20,4,30
41,91|23,41|23,75|42,30|23,92|23,32|3,17|17,9|23,36|45,66|21,27|36,51|32,42|37,65|30,83|92,20|91,45|75,3|51,21|20,37/23,9=23,75,3,17,9
7,41|54,50|41,92|76,88|99,76|93,45|88,98|43,93|43,21|45,13|43,99|91,97|13,11|3,7|14,85|43,54|50,91|21,14|85,31|43,3/43,97=43,54,50,91,97
0,7|59,93|64,78|53,50|43,58|99,37|24,99|36,43|41,64|7,53|73,41|36,73|36,0|36,59|58,75|93,15|75,11|36,24|15,22|37,1/36,1=36,24,99,37,1
37,13|84,63|34,66|63,74|84,34|70,41|0,53|84,77|66,70|84,37|53,71|56,40|77,19|74,51|84,0|13,12|71,97|19,56|51,22|12,72/84,97=84,0,53,71,97
51,6|9,68|51,30|84,83|8,60|51,85|60,76|51,33|1,78|5,31|51,84|4,5|30,8|6,4|68,62|78,50|83,28|28,75|33,1|85,9/51,31=51,6,4,5,31
76,84|32,40|22,61|58,4|66,94|40,77|30,16|94,72|30,76|30,66|30,58|72,46|90,37|84,90|4,81|12,65|16,32|81,55|65,22|30,12/30,37=30,76,84,90,37
9,23|3,54|89,81|39,97|83,39|78,47|21,83|45,89|45,3|50,20|45,42|54,9|40,11|81,40|92,80|45,21|45,92|80,78|42,58|58,50/45,47=45,92,80,78,47
20,75|37,29|37,15|29,81|75,54|58,82|69,93|0,20|82,49|96,13|81,3|89,69|13,62|49,28|37,0|3,34|15,89|37,55|37,58|55,96/37,28=37,58,82,49,28
65,5|12,91|72,29|15,20|5,35|12,6|1,26|0,65|7,72|6,30|20,78|91,42|30,1|12,0|12,7|9,15|42,84|84,95|12,9|29,51/12,51=12,7,72,29,51
15,27|27,17|28,30|53,47|92,96|91,49|36,92|79,39|15,21|88,80|47,43|21,28|39,88|96,68|15,53|43,74|17,91|15,79|15,36|30,55/15,74=15,53,47,43,74
63,36|96,2|63,52|32,20|63,51|63,96|68,62|51,47|2,32|54,95|36,5|8,54|95,88|52,56|59,9|38,11|47,38|63,8|5,68|56,59/63,62=63,36,5,68,62
36,90|18,94|18,54|18,92|40,77|18,47|88,8|47,69|72,26|62,72|92,88|71,3|18,40|94,62|8,53|77,71|54,36|90,37|69,57|57,12/18,3=18,40,77,71,3
15,87|57,18|95,3|17,57|87,70|18,60|42,26|70,99|17,42|60,14|3,67|28,71|94,84|69,50|17,69|17,54|50,28|54,95|26,94|17,15/17,99=17,15,87,70,99
4,94|21,76|22,13|94,66|37,61|77,18|56,79|13,56|22,77|22,4|61,65|18,78|76,90|22,31|66,46|90,48|22,21|78,70|31,37|79,67/22,65=22,31,37,61,65
59,63|46,89|18,79|41,52|37,2|64,46|79,41|63,29|88,84|84,37|29,82|18,71|52,56|18,64|18,59|71,62|89,17|77,34|62,77|18,88/18,17=18,64,46,89,17
75,64|31,24|86,44|16,75|35,72|86,91|5,16|72,32|91,35|51,40|11,51|86,5|86,89|28,31|89,83|44,11|86,28|21,57|83,21|24,30/86,32=86,91,35,72,32
28,98|10,39|15,33|70,78|39,14|33,31|65,10|83,99|59,57|48,87|15,28|98,48|40,59|95,70|15,47|31,83|15,65|67,40|47,95|15,67/15,78=15,47,95,70,78
47,32|5,47|44,75|30,37|42,28|5,42|5,67|41,58|75,36|67,65|28,63|68,1|5,88|5,45|45,11|32,41|63,62|88,44|11,68|65,30/5,37=5,67,65,30,37
83,47|17,84|4,83|17,9|9,82|49,18|17,30|14,63|88,42|84,1|80,56|30,7|17,80|82,88|7,68|68,20|56,14|1,49|17,4|47,86/17,63=17,80,56,14,63
22,99|96,14|7,65|29,39|7,57|52,29|26,68|7,52|7,96|86,17|14,86|63,85|65,79|85,22|42,26|7,63|57,42|79,15|39,32|15,77/7,68=7,57,42,26,68
15,94|44,36|96,18|28,89|18,35|42,10|96,4|96,42|45,79|12,39|96,44|8,24|39,81|4,12|35,8|10,28|96,68|16,15|68,16|36,45/96,81=96,4,12,39,81
57,24|35,1|33,84|93,56|1,10|33,52|33,63|33,57|52,53|88,54|58,8|89,78|25,64|33,58|54,18|53,25|24,89|63,35|8,93|84,88/33,18=33,84,88,54,18
65,61|58,2|80,33|52,65|10,3|47,4|4,12|80,60|3,44|38,93|33,38|2,69|80,52|51,58|80,47|60,10|12,8|93,27|61,7|80,51/80,7=80,52,65,61,7
3,15|77,44|15,4|69,91|69,1|75,97|69,88|88,77|69,3|1,82|37,55|9,75|44,42|30,95|69,37|50,28|82,30|4,68|91,9|55,50/69,42=69,88,77,44,42
67,20|22,29|61,11|12,59|86,72|36,13|13,90|12,24|29,86|40,88|12,38|12,78|24,82|12,22|55,61|78,36|82,40|28,67|59,55|38,28/12,90=12,78,36,13,90
72,39|25,63|39,25|63,56|5,57|72,23|21,74|12,87|74,55|72,67|41,12|55,34|23,5|87,81|72,41|66,38|57,15|13,66|72,21|67,13/72,15=72,23,5,57,15
39,23|79,13|52,22|76,50|58,30|32,65|22,79|5,1|2,89|89,27|65,77|80,32|5,80|5,76|3,19|5,58|1,2|5,52|50,3|30,39/5,19=5,76,50,3,19
46,66|81,36|34,63|26,53|54,26|36,46|75,79|22,20|57,65|28,54|66,23|42,87|79,42|81,75|20,57|99,85|81,28|81,99|85,34|81,22/81,23=81,36,46,66,23
47,56|11,16|60,73|1,92|24,11|73,47|53,46|92,75|33,99|16,51|60,1|60,96|60,65|75,19|96,53|46,21|65,33|56,4|60,24|99,94/60,4=60,73,47,56,4
16,49|26,64|60,46|13,60|21,80|13,82|13,21|94,3|82,93|93,11|99,63|11,43|81,9|13,94|9,69|69,92|46,99|3,26|13,81|80,16/13,43=13,82,93,11,43
64,88|64,83|49,43|88,29|42,26|83,42|87,50|65,76|29,19|2,65|10,16|64,49|43,10|76,21|64,2|19,52|26,27|64,85|85,68|68,87/64,50=64,85,68,87,50
21,17|34,19|25,15|17,40|68,67|12,68|55,74|9,12|74,21|97,93|24,83|44,87|42,82|55,97|87,42|55,9|55,34|93,25|19,24|55,44/55,40=55,74,21,17,40
70,63|63,87|73,34|29,24|61,12|33,61|69,35|87,77|70,42|36,8|70,33|42,99|60,69|70,36|77,78|99,29|70,60|8,73|12,59|35,80/70,59=70,33,61,12,59
95,17|62,66|85,60|15,16|40,81|12,37|12,49|12,40|12,39|66,1|41,87|87,29|60,32|49,62|81,15|39,85|71,41|12,71|84,95|37,84/12,1=12,49,62,66,1
27,75|46,39|86,43|42,66|31,46|23,42|98,86|82,15|20,27|66,0|43,88|75,30|93,24|31,98|31,23|24,69|31,20|39,82|40,93|31,40/31,30=31,20,27,75,30
40,19|62,2|63,80|40,28|60,9|40,62|90,91|4,86|75,68|15,90|28,15|80,20|20,97|40,63|83,4|2,36|9,75|40,60|19,83|36,14/40,14=40,62,2,36,14
87,81|53,93|86,11|24,4|11,31|89,86|93,60|81,80|53,43|76,49|4,45|90,76|53,28|20,13|29,90|60,20|53,89|53,29|28,24|43,87/53,49=53,29,90,76,49
40,90|58,14|29,51|9,34|52,9|26,58|52,60|60,26|61,40|95,4|90,46|52,0|52,43|0,68|68,29|96,98|34,95|43,47|47,96|52,61/52,4=52,9,34,95,4
89,75|3,40|0,74|65,32|25,99|97,20|65,0|74,18|99,94|46,69|75,71|65,55|40,46|18,26|32,64|59,89|55,25|65,3|65,59|64,97/65,20=65,32,64,97,20
69,80|21,61|69,35|24,12|6,71|69,27|80,92|57,21|36,24|61,32|94,0|29,87|0,6|69,57|42,88|92,42|35,1|27,36|1,29|69,94/69,12=69,27,36,24,12
86,28|30,64|72,18|28,45|30,84|9,3|30,48|30,14|14,93|50,25|75,69|18,97|84,98|30,75|98,9|48,72|64,86|69,79|93,50|79,20/30,3=30,84,98,9,3
87,14|73,55|76,4|69,73|4,91|47,48|91,47|85,86|76,77|6,87|76,69|86,41|76,40|40,80|55,13|76,57|77,85|80,22|22,12|57,6/76,14=76,57,6,87,14
46,22|88,68|88,49|27,94|64,27|68,44|97,41|41,95|95,29|88,97|44,11|38,46|43,77|88,75|22,83|88,38|75,64|11,70|69,43|49,69/88,77=88,49,69,43,77
46,8|29,20|98,59|62,14|80,98|81,50|81,67|38,52|21,99|50,22|30,94|81,62|51,45|8,38|67,80|14,30|22,29|81,21|81,46|99,51/81,20=81,50,22,29,20
67,41|67,90|40,69|4,97|82,1|22,57|97,96|35,44|88,43|44,87|41,4|69,77|90,40|87,91|67,35|67,25|43,22|67,88|25,82|1,74/67,77=67,90,40,69,77
13,57|78,21|0,92|41,66|94,41|66,64|0,13|8,86|20,79|70,82|55,20|92,55|57,91|0,94|21,8|0,78|91,24|0,70|82,83|83,17/0,79=0,92,55,20,79
82,67|8,73|51,89|51,82|78,4|71,46|51,76|51,71|76,66|93,87|73,13|35,99|46,14|89,8|87,12|67,78|51,93|12,77|66,35|14,31/51,77=51,93,87,12,77
56,99|88,51|66,8|73,66|71,73|34,80|93,16|51,56|80,67|16,33|8,45|33,42|71,1|1,34|38,78|71,93|10,39|39,38|71,88|71,10/71,99=71,88,51,56,99
58,0|13,4|75,57|83,70|96,86|33,23|83,58|48,33|34,80|89,48|21,85|2,62|83,89|83,96|86,34|0,75|83,2|62,13|66,21|70,66/83,4=83,2,62,13,4
73,5|62,63|14,0|20,16|8,20|19,90|89,8|31,89|55,50|63,73|31,62|96,14|31,96|31,55|50,19|18,81|51,18|31,46|0,2|46,51/31,2=31,96,14,0,2
74,14|54,8|23,36|24,28|28,57|83,41|83,49|83,43|49,51|20,7|51,54|83,74|14,79|57,6|43,72|36,81|41,23|72,20|83,24|79,77/83,7=83,43,72,20,7
74,4|56,15|34,48|33,84|80,29|72,3|25,72|64,33|48,38|38,79|64,25|64,34|64,41|64,24|41,10|84,56|24,66|66,74|3,91|10,80/64,4=64,24,66,74,4
28,23|83,81|28,67|45,8|28,42|28,9|9,45|23,83|42,80|8,60|76,70|80,59|15,84|59,74|70,15|50,10|10,71|81,54|67,50|28,76/28,54=28,23,83,81,54
25,48|28,41|94,81|33,16|16,95|28,33|43,42|28,54|81,25|73,1|41,75|28,94|54,58|95,76|32,3|62,73|1,7|58,43|75,32|28,62/28,3=28,41,75,32,3
18,69|24,1|52,77|30,71|75,48|64,20|69,80|99,17|35,99|30,18|77,24|71,64|30,52|30,44|30,89|80,6|20,40|89,35|48,78|44,75/30,17=30,89,35,99,17
65,91|8,73|27,4|76,65|37,51|37,87|51,55|37,5|87,76|55,22|37,27|48,8|59,2|4,59|73,23|37,48|28,74|74,58|22,98|5,28/37,23=37,48,8,73,23
17,52|16,65|6,70|6,24|52,0|26,17|24,16|6,42|86,67|38,2|65,68|36,62|70,49|11,61|6,26|6,11|42,58|49,38|58,36|61,86/6,2=6,70,49,38,2
76,58|16,20|40,78|20,88|37,33|13,5|13,40|60,86|78,59|86,97|61,76|69,16|13,60|59,87|97,83|13,69|65,37|13,42|5,61|42,65/13,58=13,5,61,76,58
63,26|72,69|88,76|76,60|89,3|23,2|63,25|63,72|25,88|82,32|3,23|26,7|69,97|56,80|63,21|80,37|21,56|97,51|63,89|7,82/63,51=63,72,69,97,51
12,69|99,74|73,44|97,66|59,80|73,85|73,99|7,89|16,19|80,1|42,16|1,37|73,96|44,91|91,12|39,7|96,39|85,42|74,97|73,59/73,89=73,96,39,7,89
94,46|10,40|38,20|49,56|49,18|56,83|49,78|83,9|78,39|40,63|20,43|49,95|49,47|47,38|28,94|95,28|18,10|39,45|45,17|9,15/49,17=49,78,39,45,17
65,31|32,30|32,12|54,79|13,20|23,67|21,84|20,85|32,65|12,9|85,40|32,13|31,86|57,21|30,61|61,54|9,23|86,50|32,57|84,5/32,50=32,65,31,86,50
13,12|96,78|23,13|55,44|44,96|89,27|32,3|55,42|27,93|3,56|55,32|92,99|42,23|55,18|18,92|78,21|58,89|55,58|56,87|99,29/55,21=55,44,96,78,21
88,18|86,19|60,95|9,2|88,6|95,9|18,62|89,31|40,89|6,51|88,64|88,40|64,86|88,60|31,50|19,44|93,46|62,93|43,59|51,43/88,2=88,60,95,9,2
40,50|26,78|1,13|27,44|33,80|10,91|27,94|78,2|44,10|27,58|27,87|48,33|58,48|50,97|94,26|84,1|27,84|91,62|13,16|87,40/27,62=27,44,10,91,62
65,73|6,46|12,17|90,22|83,88|25,64|12,20|46,14|52,82|2,72|88,5|12,2|82,87|22,65|12,90|12,51|17,52|51,83|20,6|72,25/12,87=12,17,52,82,87
75,1|39,71|72,90|75,19|75,55|55,49|29,35|49,39|85,83|75,98|98,85|80,99|75,80|83,38|1,29|35,5|19,72|90,22|99,48|48,15/75,15=75,80,99,48,15
20,98|74,90|99,41|74,42|90,67|6,60|41,23|92,93|14,99|74,80|33,56|74,46|93,48|46,92|98,34|67,33|80,78|42,20|74,14|78,6/74,60=74,80,78,6,60
25,92|44,63|13,1|34,82|84,13|92,41|25,70|3,78|70,34|95,71|99,3|91,84|25,91|41,47|47,37|71,44|82,93|25,99|78,72|25,95/25,37=25,92,41,47,37
52,9|13,54|51,81|99,79|29,83|79,56|52,59|56,33|9,63|52,91|92,11|52,99|94,92|59,94|63,13|52,64|83,86|81,15|64,29|91,51/52,11=52,59,94,92,11
63,81|27,97|85,9|66,49|1,72|88,46|27,88|97,65|72,66|98,11|76,85|38,87|27,1|87,54|27,37|37,38|46,63|71,76|27,71|65,98/27,49=27,1,72,66,49
69,9|48,15|8,18|41,11|71,77|48,22|48,84|11,51|72,85|28,17|22,72|85,60|9,79|48,69|84,41|15,8|18,25|77,28|48,71|79,44/48,51=48,84,41,11,51
18,46|54,65|60,96|18,45|45,60|74,26|46,82|85,5|20,36|36,28|96,94|95,69|18,74|18,20|86,12|82,95|18,54|65,85|28,48|26,86/18,48=18,20,36,28,48
54,29|29,91|34,56|50,65|86,45|89,34|54,93|93,0|65,37|37,6|54,50|24,89|54,98|99,96|19,40|98,7|0,86|7,19|54,24|91,99/54,6=54,50,65,37,6
74,28|12,3|76,69|16,88|28,63|24,6|99,16|96,74|51,61|98,92|98,34|3,51|34,76|92,24|98,75|98,12|69,40|75,99|98,96|6,29/98,61=98,12,3,51,61
69,10|32,7|15,41|35,76|69,32|69,87|95,39|87,46|7,40|55,75|75,35|39,15|46,34|69,55|40,12|86,91|34,30|10,86|69,95|91,64/69,30=69,87,46,34,30
3,93|8,19|3,24|25,48|9,50|59,72|24,8|93,86|6,9|85,89|3,60|72,38|86,25|3,97|60,59|97,85|19,92|3,7|7,6|89,39/3,39=3,97,85,89,39
74,60|28,37|26,44|22,32|60,58|33,82|44,46|58,63|33,74|79,1|82,26|33,61|53,2|32,28|86,53|33,86|61,79|33,22|2,85|1,45/33,63=33,74,60,58,63
65,28|67,63|71,99|60,3|47,81|13,47|87,11|81,71|13,67|75,59|98,87|66,69|13,98|63,65|3,66|13,60|11,68|59,17|13,8|8,75/13,17=13,8,75,59,17
58,19|15,51|65,58|93,84|93,48|56,75|48,15|91,90|93,11|13,86|51,32|11,65|45,56|96,36|84,45|93,13|93,49|90,10|49,91|86,96/93,10=93,49,91,90,10
99,72|50,54|99,82|82,37|65,75|38,66|42,51|69,78|99,42|51,69|54,65|34,49|99,56|1,12|56,92|92,1|32,34|37,38|99,50|72,32/99,75=99,50,54,65,75
41,56|46,21|59,88|88,6|31,41|39,50|31,59|31,14|31,87|24,46|6,73|77,34|87,39|14,24|31,61|61,27|50,30|13,3|56,13|27,77/31,34=31,61,27,77,34
3,36|58,90|30,31|3,35|36,45|90,94|41,68|35,56|45,28|28,38|68,70|70,13|18,58|3,82|56,30|40,74|3,18|3,41|82,40|74,79/3,31=3,35,56,30,31
18,26|88,71|20,2|20,86|32,37|39,46|20,29|20,18|72,31|86,72|82,4|23,0|71,32|20,88|9,82|60,23|31,24|29,60|2,9|26,39/20,24=20,86,72,31,24
95,94|33,14|27,67|27,64|27,96|96,33|94,6|27,16|5,58|14,87|64,83|90,54|16,5|83,86|67,90|58,69|27,95|6,29|54,93|86,38/27,87=27,96,33,14,87
29,7|65,42|65,82|7,79|39,36|1,88|58,85|21,58|82,2|88,70|65,29|26,21|24,40|70,53|65,1|2,24|65,26|79,73|42,59|59,39/65,85=65,26,21,58,85
27,63|89,46|4,40|35,96|99,37|0,64|40,75|38,88|76,4|37,74|89,24|24,25|25,27|89,76|86,99|89,35|96,0|88,71|89,86|46,38/89,63=89,24,25,27,63
75,8|3,72|75,4|2,50|75,62|75,38|75,19|23,20|26,17|50,84|4,53|65,66|47,23|19,26|38,47|17,35|53,3|66,88|8,2|62,65/75,35=75,19,26,17,35
34,57|75,69|56,41|54,84|39,34|92,2|22,87|88,72|69,54|41,74|13,39|37,75|37,25|37,13|80,88|37,22|37,86|25,80|86,56|87,92/37,74=37,86,56,41,74
59,12|2,26|67,42|46,28|20,16|93,4|4,94|59,20|43,29|28,77|59,22|26,43|12,93|59,2|16,67|14,9|9,99|22,46|66,14|59,66/59,77=59,22,46,28,77
28,23|83,81|28,67|45,15|28,42|28,9|9,45|23,83|42,80|15,84|76,70|80,8|59,74|8,60|70,59|50,10|10,71|81,54|67,50|28,76/28,54=28,23,83,81,54
31,29|62,0|85,75|43,31|75,93|77,35|88,56|36,62|77,74|12,98|21,36|74,85|77,21|67,5|77,43|48,88|98,67|35,48|29,78|77,12/77,0=77,21,36,62,0
62,72|0,73|0,85|73,13|0,36|84,65|86,57|38,27|63,12|36,77|85,86|77,63|13,19|0,38|19,9|18,84|0,83|27,62|57,20|83,18/0,20=0,85,86,57,20
2,90|93,2|57,61|58,39|7,70|90,40|79,5|33,13|39,49|11,79|70,65|61,87|11,98|11,19|5,33|87,20|11,93|19,7|98,58|11,57/11,20=11,57,61,87,20
40,35|21,97|21,86|61,56|58,61|21,42|97,15|35,23|15,64|12,68|93,12|64,32|21,47|27,96|86,74|47,93|42,40|74,27|21,58|56,0/21,68=21,47,93,12,68
24,8|24,58|24,94|52,77|13,26|8,67|19,55|94,75|24,52|37,60|75,59|15,18|43,13|24,43|59,11|26,44|77,19|89,15|67,37|58,89/24,60=24,8,67,37,60
41,66|58,19|71,3|96,73|5,81|19,35|91,27|58,71|80,76|58,88|35,8|81,91|8,11|53,33|73,53|58,5|58,96|3,80|88,41|66,9/58,11=58,19,35,8,11
47,23|17,6|13,11|75,36|27,89|33,10|67,18|36,47|17,13|17,75|79,67|6,72|18,51|17,79|10,64|72,27|11,77|77,60|17,33|64,62/17,23=17,75,36,47,23
10,33|22,4|10,90|23,62|10,0|37,91|12,14|84,37|49,30|0,26|30,12|26,64|90,23|59,84|62,66|33,95|10,49|64,24|95,22|10,59/10,91=10,59,84,37,91
18,44|68,48|24,59|24,29|70,51|62,32|38,68|24,3|13,78|29,18|24,8|24,70|51,13|30,62|44,71|8,30|59,38|74,87|87,65|3,74/24,78=24,70,51,13,78
70,92|29,96|77,42|50,51|70,18|70,82|70,76|4,72|70,77|40,4|52,2|74,50|76,26|75,10|94,29|42,52|18,94|92,74|26,75|82,40/70,51=70,92,74,50,51
13,45|96,32|72,28|13,74|1,85|74,77|34,52|6,72|39,57|86,1|5,99|23,61|13,96|77,5|44,6|45,86|13,44|13,34|32,39|52,23/13,28=13,44,6,72,28
43,84|80,23|49,22|5,57|5,86|65,59|84,26|86,28|23,83|57,91|28,49|5,98|98,43|5,80|83,85|31,39|5,65|13,58|59,31|91,13/5,26=5,98,43,84,26
5,18|58,52|9,58|18,19|89,69|73,5|60,16|16,99|53,73|6,29|53,60|53,78|69,82|29,97|53,6|53,3|99,33|78,9|97,56|3,89/53,52=53,78,9,58,52
86,64|75,23|77,51|75,81|82,86|32,96|46,58|75,46|41,91|81,38|38,41|75,77|58,4|76,90|23,32|51,76|4,83|96,84|87,82|75,87/75,84=75,23,32,96,84
3,33|9,61|43,77|5,90|90,78|61,30|51,16|51,43|16,23|51,3|23,21|88,9|33,65|51,89|45,25|89,5|77,45|51,88|65,39|21,13/51,78=51,89,5,90,78
5,45|25,59|14,39|25,14|45,27|59,50|24,62|27,86|58,37|25,69|12,38|99,82|25,5|39,47|47,66|38,42|50,99|69,12|25,24|62,58/25,86=25,5,45,27,86
75,93|19,58|48,4|22,52|75,61|0,62|75,0|75,49|93,60|3,85|61,65|65,19|49,55|60,22|75,96|55,48|35,3|62,87|87,70|96,35/75,70=75,0,62,87,70
12,20|67,84|90,70|84,53|9,54|92,67|54,33|61,9|69,92|26,12|24,56|69,17|69,61|69,8|8,65|69,48|17,26|14,24|65,90|48,14/69,53=69,92,67,84,53
28,29|73,55|51,26|28,69|30,13|12,60|52,75|69,73|2,88|78,93|60,2|97,18|28,12|75,78|28,52|29,76|76,51|18,30|55,61|28,97/28,88=28,12,60,2,88
23,86|23,11|60,9|40,51|2,53|15,64|23,6|53,80|86,2|11,67|67,57|43,76|57,42|23,15|9,27|6,43|23,70|70,60|76,32|64,40/23,42=23,11,67,57,42
47,33|28,67|32,16|87,77|16,51|46,32|23,94|3,89|11,87|13,41|67,13|85,53|89,23|47,28|47,11|77,19|47,3|68,85|33,68|47,46/47,19=47,11,87,77,19
8,9|56,12|74,64|12,47|43,95|72,65|51,58|65,57|58,94|89,56|72,51|94,53|72,89|72,83|57,99|72,8|83,43|99,85|95,84|9,74/72,85=72,65,57,99,85
7,11|10,1|70,54|65,83|7,9|47,50|54,65|16,78|50,43|72,13|88,47|7,70|68,74|9,46|46,68|78,10|11,72|13,42|7,88|7,16/7,43=7,88,47,50,43
67,41|67,90|40,69|4,97|82,22|87,91|97,96|35,44|88,43|44,1|41,4|69,77|90,40|1,74|67,35|67,25|43,87|67,88|25,82|22,57/67,77=67,90,40,69,77
29,7|65,42|65,82|7,39|70,53|1,88|58,85|21,58|82,2|88,79|65,29|26,21|24,40|79,73|65,1|2,24|65,26|39,36|42,59|59,70/65,85=65,26,21,58,85
16,40|4,13|84,18|51,86|86,56|59,16|46,0|84,51|84,94|84,17|71,30|88,4|18,67|94,88|67,71|17,59|43,46|90,43|84,90|56,64/84,0=84,90,43,46,0
76,32|54,60|42,43|32,74|9,14|89,17|17,8|88,34|2,78|89,98|58,66|8,58|98,88|74,15|34,94|14,54|89,9|89,42|89,76|43,2/89,78=89,42,43,2,78
46,33|83,3|79,91|68,60|83,73|73,62|34,49|9,45|83,15|3,36|83,46|49,10|36,79|45,70|83,9|82,18|70,25|33,68|15,34|62,82/83,91=83,3,36,79,91
35,46|86,47|78,23|15,78|35,57|54,15|55,11|35,87|57,7|71,21|87,86|34,71|47,72|7,81|35,54|46,6|35,16|6,55|16,34|81,33/35,33=35,57,7,81,33
9,50|34,95|85,37|30,83|1,30|61,9|83,78|87,34|85,13|85,75|85,1|50,96|69,70|37,77|41,53|14,69|85,61|75,14|77,41|13,87/85,95=85,13,87,34,95
26,49|72,22|22,80|49,59|71,62|57,70|98,57|11,98|72,11|56,92|46,29|68,46|72,5|72,68|59,55|5,77|29,6|77,56|72,26|80,71/72,70=72,11,98,57,70
99,72|50,54|99,82|82,37|65,75|38,66|42,51|1,12|99,42|51,1|54,65|69,78|99,56|34,49|56,92|92,34|32,69|37,38|99,50|72,32/99,75=99,50,54,65,75
99,91|62,0|90,38|5,62|72,99|72,29|28,90|72,48|29,33|48,28|70,61|59,5|91,71|60,73|72,59|33,60|93,41|61,93|71,19|72,70/72,0=72,59,5,62,0
84,27|57,36|80,91|12,75|84,70|21,96|84,80|59,3|98,2|48,94|84,63|70,57|94,98|84,48|91,12|3,10|96,39|27,59|36,88|63,21/84,2=84,48,94,98,2
49,55|20,84|0,49|0,35|38,39|6,57|25,34|55,6|52,20|56,67|54,47|35,52|67,85|74,30|47,38|30,25|0,54|0,46|0,74|46,56/0,57=0,49,55,6,57
36,93|93,56|88,76|92,42|55,80|13,72|3,84|47,92|84,55|57,3|57,91|91,47|57,36|72,26|57,88|26,41|76,0|0,12|56,48|57,13/57,42=57,91,47,92,42
31,15|4,84|34,89|57,68|68,45|15,93|76,57|31,71|66,99|71,4|93,86|67,22|99,67|31,79|84,49|31,76|86,87|31,66|89,54|79,34/31,49=31,71,4,84,49
60,27|73,88|2,31|73,45|73,83|73,11|11,14|14,86|86,56|73,60|45,90|90,57|88,68|34,4|57,18|24,34|83,24|68,2|9,99|27,9/73,18=73,45,90,57,18
21,4|33,38|20,94|12,69|20,85|20,28|94,81|84,7|20,84|91,12|14,91|81,29|93,33|7,62|20,14|85,21|29,66|62,16|28,93|4,86/20,16=20,84,7,62,16
49,0|48,9|48,66|12,73|48,39|48,54|26,90|58,5|54,12|48,47|81,49|66,81|89,3|39,82|92,89|47,92|27,58|9,27|73,14|82,26/48,3=48,47,92,89,3
63,46|66,92|66,6|25,29|84,91|1,41|66,71|6,21|21,99|71,47|57,56|47,25|92,57|87,65|99,7|91,63|65,1|66,87|66,84|56,44/66,7=66,6,21,99,7
12,73|73,34|34,66|69,70|72,96|12,47|87,69|12,9|41,72|66,44|12,98|98,41|94,11|47,87|46,65|11,40|36,46|65,95|12,36|9,94/12,95=12,36,46,65,95
20,27|48,19|8,24|49,6|5,89|5,30|5,60|30,33|31,68|27,8|11,49|5,46|60,11|88,77|89,31|5,20|33,88|68,28|19,69|46,48/5,24=5,20,27,8,24
98,39|98,52|98,80|53,90|98,72|5,81|43,92|44,83|52,53|80,44|90,11|34,62|98,43|83,46|39,15|20,5|17,76|15,34|92,17|72,20/98,81=98,72,20,5,81
12,33|31,56|45,89|95,97|33,10|60,72|47,42|91,63|48,15|42,60|5,2|31,95|56,5|2,13|81,12|31,48|97,91|31,47|15,45|31,81/31,63=31,95,97,91,63
83,48|12,51|32,99|68,87|84,21|14,83|27,6|32,72|99,68|6,69|87,31|72,84|21,11|51,65|32,12|77,27|32,77|75,14|32,75|65,22/32,48=32,75,14,83,48
86,58|39,24|93,16|98,77|2,74|72,98|24,12|16,52|93,2|93,71|74,95|4,72|67,57|95,28|58,92|93,4|52,67|92,26|93,86|71,39/93,77=93,4,72,98,77
58,92|3,55|58,3|46,77|76,83|92,46|6,40|58,0|75,26|74,35|99,75|1,73|35,76|58,66|5,6|58,74|0,99|66,5|77,86|55,1/58,40=58,66,5,6,40
48,24|1,91|47,49|3,25|0,69|14,46|32,48|3,14|89,0|84,33|3,30|46,1|17,81|3,89|30,17|33,47|3,84|69,79|25,32|81,75/3,75=3,30,17,81,75
20,48|73,71|65,85|20,42|5,12|99,74|60,98|42,65|76,60|32,37|12,73|20,28|28,32|48,99|20,5|24,76|74,43|85,50|20,24|37,89/20,43=20,48,99,74,43
24,59|39,37|63,51|24,34|37,56|2,88|56,74|6,84|0,18|83,63|24,83|24,0|34,6|11,36|13,11|24,39|59,13|18,2|84,9|51,65/24,74=24,39,37,56,74
68,90|65,97|55,16|23,33|65,62|37,0|34,85|20,55|85,37|65,68|93,39|62,91|90,96|97,23|65,34|96,67|16,49|91,93|33,94|65,20/65,49=65,20,55,16,49
48,65|53,46|31,0|46,83|2,20|48,40|95,73|48,87|48,50|50,2|18,70|78,18|20,59|0,10|73,44|40,53|65,31|48,57|57,95|87,78/48,44=48,57,95,73,44
40,96|90,46|29,51|9,34|52,9|26,90|52,60|60,26|61,40|95,4|96,98|52,0|52,43|0,68|68,29|58,14|34,95|43,47|47,58|52,61/52,4=52,9,34,95,4
95,57|88,80|32,88|22,43|2,52|7,2|43,17|95,97|51,5|57,37|95,32|5,65|24,25|17,64|47,7|95,22|95,47|37,24|80,56|97,51/95,65=95,97,51,5,65
40,68|17,8|93,92|17,64|65,45|17,75|75,30|30,3|87,25|57,65|17,13|66,93|31,87|71,40|25,24|8,71|64,66|17,31|13,57|3,80/17,24=17,31,87,25,24
38,69|20,9|56,63|83,46|5,87|55,11|83,55|13,20|83,56|68,42|97,79|11,5|42,53|29,97|83,13|83,99|9,95|63,38|99,68|46,29/83,53=83,99,68,42,53
56,92|0,52|61,99|33,66|99,24|92,11|52,85|65,14|11,69|69,57|56,0|85,53|86,61|19,60|66,84|14,19|56,65|56,27|27,33|56,86/56,24=56,86,61,99,24
34,19|96,56|72,69|66,40|92,52|8,72|8,34|69,64|19,5|64,43|52,45|8,94|94,92|8,96|8,33|62,1|56,62|5,38|40,79|33,66/8,45=8,94,92,52,45
44,97|50,53|57,83|83,31|46,25|31,0|93,1|44,71|24,5|44,18|94,93|63,50|18,22|44,57|71,46|97,63|92,94|44,92|22,24|25,99/44,5=44,18,22,24,5
59,1|74,9|1,94|88,67|50,33|4,42|27,11|89,2|76,53|4,76|92,50|11,88|78,92|4,27|53,74|68,57|42,59|4,78|4,68|57,89/4,67=4,27,11,88,67
37,66|37,60|69,84|37,77|13,50|58,97|50,11|33,6|66,33|84,64|60,58|78,86|94,78|64,92|77,13|6,19|97,59|3,94|37,3|37,69/37,11=37,77,13,50,11
12,73|73,34|34,69|11,40|72,96|12,47|87,11|12,9|41,72|69,70|12,98|98,41|94,66|47,87|46,65|66,44|36,46|65,95|12,36|9,94/12,95=12,36,46,65,95
40,10|20,70|80,78|5,20|29,43|44,41|59,38|41,5|24,29|39,59|44,24|93,39|25,14|44,93|43,64|14,98|10,80|98,97|44,25|44,40/44,64=44,24,29,43,64
91,56|88,50|55,11|70,91|64,55|20,99|45,97|68,48|48,20|42,24|24,33|42,30|56,13|42,68|42,88|33,81|81,35|50,45|30,64|42,70/42,13=42,70,91,56,13
17,97|35,91|31,50|88,93|1,34|61,83|34,31|57,75|14,88|39,80|76,57|21,61|56,14|54,76|80,21|39,54|91,17|39,35|39,1|39,56/39,50=39,1,34,31,50
83,80|27,82|41,15|57,71|15,57|46,92|46,79|14,95|46,63|92,14|46,41|63,37|46,60|95,74|80,25|98,42|60,83|79,56|37,98|56,27/46,82=46,79,56,27,82
87,59|36,34|13,78|34,97|40,36|12,61|40,94|40,87|94,79|40,13|79,45|78,53|54,37|59,12|45,98|40,54|97,50|37,47|53,57|47,20/40,50=40,36,34,97,50
43,27|47,97|43,39|56,13|13,93|42,61|17,16|61,73|27,57|71,78|82,47|43,42|16,88|43,40|43,56|39,17|40,82|93,22|57,71|73,87/43,87=43,42,61,73,87
13,96|86,28|58,82|86,89|21,53|28,0|87,4|86,13|38,27|0,70|37,91|53,38|86,21|70,7|18,37|89,15|96,58|86,39|39,18|15,87/86,82=86,13,96,58,82
73,89|70,73|57,88|32,99|88,33|94,84|32,57|63,70|17,7|84,16|33,4|97,95|91,97|32,68|68,94|32,63|71,17|32,91|99,71|95,60/32,4=32,57,88,33,4
34,71|71,52|34,63|34,9|34,56|78,61|80,90|26,53|45,29|48,66|53,58|66,77|58,23|56,50|50,78|81,80|34,26|52,45|9,48|63,81/34,90=34,63,81,80,90
65,34|16,67|93,2|66,29|90,16|82,33|65,73|34,54|65,82|11,39|65,66|33,11|8,42|52,84|45,93|54,8|29,52|73,45|65,22|22,90/65,67=65,22,90,16,67
61,74|20,10|2,95|93,69|61,24|82,5|3,2|34,32|74,3|91,30|24,12|81,17|5,93|61,91|30,21|21,57|61,82|12,81|61,34|32,20/61,69=61,82,5,93,69
7,23|78,26|82,95|19,87|30,16|14,91|26,94|44,60|78,30|78,99|16,52|94,82|52,58|78,14|91,7|78,65|65,19|64,44|99,64|87,46/78,23=78,14,91,7,23
94,19|17,82|16,94|21,33|99,17|28,69|78,28|64,13|99,16|24,21|99,78|99,24|19,40|81,60|13,81|33,97|69,79|45,6|99,64|82,45/99,40=99,16,94,19,40
2,45|34,37|34,15|51,75|37,51|82,33|72,93|33,42|15,82|69,19|45,72|34,2|7,67|30,7|34,30|19,89|34,21|75,22|21,69|67,25/34,25=34,30,7,67,25
84,50|89,14|63,27|0,17|63,45|4,74|13,34|17,46|63,19|27,47|63,89|63,67|67,0|45,36|14,35|47,13|72,4|35,69|19,72|36,84/63,34=63,27,47,13,34
1,73|51,96|96,93|83,10|51,35|10,79|76,82|35,43|51,38|43,47|38,83|51,60|47,26|25,76|0,77|80,1|94,80|60,25|93,0|51,94/51,73=51,94,80,1,73
4,61|81,5|30,31|45,69|5,26|88,29|4,3|64,12|4,81|29,85|69,72|85,40|3,38|61,45|4,88|31,64|46,59|38,46|4,30|26,68/4,72=4,61,45,69,72
38,56|57,44|87,2|89,1|65,5|57,87|57,16|57,41|57,38|44,65|28,98|19,81|5,79|41,28|2,84|1,17|56,19|84,32|16,89|98,70/57,17=57,16,89,1,17
0,96|0,64|80,59|93,62|96,3|3,27|58,66|52,43|27,76|66,33|35,80|97,63|36,58|0,97|63,93|45,52|43,55|64,35|0,45|0,36/0,55=0,45,52,43,55
75,68|58,13|19,3|99,33|24,93|33,8|40,95|3,25|53,5|25,86|68,82|75,53|75,97|75,19|75,40|95,58|10,55|82,24|5,10|97,99/75,55=75,53,5,10,55
53,82|17,30|22,33|46,27|18,95|76,53|75,66|51,76|30,73|61,64|73,23|18,46|18,75|18,51|66,22|16,8|8,2|27,61|18,17|95,16/18,64=18,46,27,61,64
64,84|82,30|45,64|12,34|15,4|0,97|21,6|31,82|15,0|15,45|97,12|84,78|61,21|6,9|15,56|60,70|4,31|15,61|70,43|56,60/15,78=15,45,64,84,78
12,14|73,63|9,12|68,29|16,9|57,27|73,42|73,16|42,61|40,83|63,68|73,44|80,60|44,62|73,99|61,40|62,57|60,72|99,80|29,78/73,27=73,44,62,57,27
10,12|42,24|18,43|3,96|19,65|12,95|7,35|9,42|0,18|96,7|30,19|10,30|95,83|10,6|43,97|83,48|6,9|10,3|65,77|10,0/10,97=10,0,18,43,97
43,22|74,41|74,96|74,37|22,8|26,18|24,69|5,32|4,97|74,1|37,26|64,24|96,43|53,66|66,5|18,13|1,64|41,35|35,4|74,53/74,13=74,37,26,18,13
72,69|23,86|72,2|96,49|11,82|36,59|19,23|44,74|85,40|74,93|0,36|72,46|49,20|72,85|93,32|46,96|40,11|69,19|72,44|2,0/72,20=72,46,96,49,20
45,69|67,88|45,58|45,67|45,17|2,5|24,74|19,97|45,63|69,59|59,77|63,76|88,2|86,66|66,73|77,38|97,32|58,19|17,86|76,24/45,74=45,63,76,24,74
26,91|83,23|60,42|48,32|65,74|51,63|83,26|83,90|23,77|17,84|68,66|77,68|88,22|90,17|91,48|74,88|83,60|42,51|84,43|83,65/83,32=83,26,91,48,32
13,40|40,63|13,16|25,51|13,83|13,25|80,94|16,23|82,52|37,38|52,37|71,10|30,98|23,88|83,64|64,30|88,59|13,82|63,71|51,80/13,94=13,25,51,80,94
37,85|59,54|81,15|99,98|54,52|47,42|37,47|11,2|87,38|37,16|37,59|98,10|85,87|10,14|42,81|52,33|37,99|38,34|2,36|16,11/37,14=37,99,98,10,14
16,30|92,28|81,1|3,16|67,57|1,78|3,67|3,56|19,74|95,81|30,34|35,85|3,50|3,95|34,69|50,19|74,21|56,17|57,92|17,35/3,69=3,16,30,34,69
3,34|3,51|21,91|87,57|46,87|91,56|67,69|69,26|51,21|99,22|31,67|3,46|0,99|3,0|57,9|34,25|25,38|22,70|3,31|38,82/3,9=3,46,87,57,9
74,60|31,26|37,75|74,9|74,37|60,31|35,7|66,49|74,88|7,50|75,19|88,78|26,89|25,35|9,53|78,66|6,42|19,79|74,25|53,6/74,42=74,9,53,6,42
40,14|12,48|58,55|86,95|95,60|22,52|94,64|63,86|40,12|26,13|52,49|48,94|14,79|93,30|40,22|79,93|49,81|55,26|40,58|40,63/40,30=40,14,79,93,30
51,77|51,59|5,1|75,43|4,17|94,92|92,82|73,24|51,88|12,4|59,19|77,5|18,41|51,12|1,79|51,73|17,78|88,94|24,18|19,75/51,43=51,59,19,75,43
46,76|78,59|78,23|58,69|24,10|78,26|26,48|40,29|75,11|78,40|18,4|59,6|78,46|76,18|85,53|48,75|49,58|29,85|23,49|6,24/78,53=78,40,29,85,53
85,72|34,20|43,52|0,53|34,68|82,60|52,10|68,96|20,62|1,70|62,0|54,99|34,1|66,95|34,43|96,66|70,54|10,16|72,82|34,85/34,60=34,85,72,82,60
81,0|45,46|52,81|8,48|90,96|51,52|62,38|0,99|46,26|23,68|51,39|26,37|48,69|51,90|39,23|51,43|68,22|96,62|43,8|51,45/51,38=51,90,96,62,38
61,64|55,75|80,76|61,53|75,96|64,62|92,41|47,80|61,47|49,92|62,97|76,37|53,58|58,82|61,11|61,49|11,55|82,85|97,77|41,13/61,96=61,11,55,75,96
88,82|14,29|62,35|89,62|24,47|14,24|74,23|8,49|14,59|59,70|35,4|82,44|51,74|14,89|23,38|47,67|29,88|14,51|70,8|67,12/14,38=14,51,74,23,38
5,14|75,18|19,8|18,87|64,46|5,56|27,76|87,3|44,99|5,75|56,64|29,69|14,23|99,27|2,29|23,19|46,73|31,2|5,31|5,44/5,76=5,44,99,27,76
67,65|56,14|67,10|67,70|76,57|67,54|88,18|10,76|70,56|67,46|93,11|14,1|77,60|75,88|80,93|57,6|46,75|13,77|65,13|54,80/67,1=67,70,56,14,1
18,30|93,73|40,55|0,44|30,27|56,48|94,65|27,52|44,72|48,86|35,40|70,94|72,11|93,2|2,70|73,35|93,18|93,36|93,0|36,56/93,11=93,0,44,72,11
83,37|44,32|31,48|44,45|22,23|93,31|30,49|9,61|36,9|44,95|2,22|45,93|44,43|37,77|43,30|95,2|61,80|32,83|44,36|49,3/44,77=44,32,83,37,77
61,26|94,10|60,94|60,6|74,37|96,21|60,74|30,86|10,16|16,66|60,30|35,56|86,35|60,96|21,61|5,39|89,82|6,89|37,5|82,87/60,87=60,6,89,82,87
95,48|42,39|69,80|20,69|66,94|41,16|98,67|20,95|81,41|67,56|20,81|16,47|20,84|94,19|71,59|26,98|84,66|80,42|48,71|20,26/20,19=20,84,66,94,19
33,51|87,47|14,46|38,35|1,43|35,33|14,67|47,89|0,50|67,81|14,5|5,87|14,38|55,80|14,1|23,49|43,23|46,12|12,0|81,55/14,50=14,46,12,0,50
9,43|9,45|43,47|70,97|47,95|49,28|46,2|89,70|9,16|3,46|28,39|9,3|96,42|68,93|95,14|16,89|45,49|9,68|2,48|93,96/9,48=9,3,46,2,48
11,84|35,89|68,77|0,32|86,35|27,24|46,11|0,86|4,68|0,94|0,27|37,30|94,4|99,93|93,60|84,38|32,99|0,46|24,37|89,63/0,63=0,86,35,89,63
30,87|30,98|50,10|53,64|68,13|89,80|10,27|41,50|14,65|86,60|30,53|30,61|98,68|80,11|13,29|61,89|87,14|64,86|30,41|65,15/30,15=30,87,14,65,15
69,85|27,18|61,0|39,91|83,6|23,93|61,39|61,15|93,14|61,16|91,69|14,57|92,83|15,65|80,33|61,23|16,74|65,27|0,92|74,80/61,18=61,15,65,27,18
27,63|89,46|4,88|35,96|99,37|40,75|88,71|38,0|76,4|37,74|89,24|24,25|25,27|89,76|86,99|89,35|96,40|0,64|89,86|46,38/89,63=89,24,25,27,63
51,40|40,62|54,46|25,0|56,53|86,78|25,77|44,64|46,22|76,87|78,34|25,54|87,44|4,56|36,51|25,36|77,86|25,76|0,4|22,84/25,53=25,0,4,56,53
48,47|97,88|23,42|7,49|10,7|85,0|27,65|48,97|0,79|47,66|54,36|12,30|13,85|49,21|66,54|48,13|48,10|48,23|42,27|88,12/48,21=48,10,7,49,21
11,26|11,27|50,70|11,47|19,49|73,3|27,60|11,42|47,88|49,7|11,61|35,12|42,73|61,19|26,35|3,38|60,50|8,55|88,8|12,93/11,70=11,27,60,50,70
12,71|71,99|12,66|98,4|12,2|2,81|12,94|94,56|57,74|31,57|21,98|43,38|99,16|81,43|56,51|4,40|51,91|16,63|66,31|12,21/12,91=12,94,56,51,91
2,67|94,60|21,79|20,21|50,20|90,9|94,50|94,55|41,93|42,23|94,65|60,71|45,13|13,41|71,2|9,58|94,45|55,90|56,42|65,56/94,67=94,60,71,2,67
29,43|20,66|82,56|44,42|49,57|44,82|5,20|57,14|1,75|51,29|75,4|44,1|66,78|56,41|65,51|41,90|44,5|4,93|44,65|42,49/44,14=44,42,49,57,14
79,28|79,17|99,60|11,42|79,10|78,99|79,53|7,46|17,41|86,83|53,11|95,7|83,27|41,31|42,12|10,78|31,94|27,20|79,86|28,95/79,46=79,28,95,7,46
3,0|37,17|37,59|53,93|88,2|0,80|25,19|13,25|39,53|58,88|61,3|47,39|17,13|37,58|59,54|54,43|43,85|37,61|37,47|2,62/37,19=37,17,13,25,19
65,99|7,41|45,42|48,86|85,87|41,62|62,38|86,34|80,94|97,66|66,74|99,45|70,81|48,7|48,85|74,8|34,70|48,97|87,80|48,65/48,81=48,86,34,70,81
75,17|48,11|47,71|47,37|15,86|9,63|57,48|24,78|17,23|47,2|86,1|78,87|71,15|47,62|98,9|62,75|37,57|2,98|87,96|47,24/47,11=47,37,57,48,11
27,80|6,61|63,55|27,32|32,84|54,43|11,46|50,74|27,50|27,63|27,28|74,99|55,88|61,16|88,56|84,11|99,9|43,10|80,6|28,54/27,16=27,80,6,61,16
49,79|55,85|51,46|1,4|39,51|45,39|79,55|14,45|14,49|40,1|99,40|33,93|14,29|14,99|93,26|29,22|30,95|14,33|26,12|22,30/14,12=14,33,93,26,12
58,56|58,54|58,5|47,78|33,9|36,23|96,14|49,60|23,49|9,47|56,35|97,84|58,36|68,79|84,92|58,33|54,97|81,96|35,68|5,81/58,92=58,54,97,84,92
55,15|88,30|39,71|37,48|46,16|22,68|47,39|71,26|75,5|88,47|88,85|30,55|15,53|88,75|5,46|88,41|48,74|41,37|85,22|68,90/88,53=88,30,55,15,53
87,16|5,42|60,74|40,84|40,88|40,5|35,92|42,60|20,52|15,10|79,7|84,51|40,87|10,83|83,24|88,20|52,36|51,35|40,15|16,79/40,92=40,84,51,35,92
50,72|84,51|47,69|47,7|47,50|37,42|73,77|3,96|51,74|41,3|80,73|96,23|36,65|6,84|47,6|7,80|47,41|69,36|72,37|65,71/47,74=47,6,84,51,74
6,38|31,60|21,45|6,92|33,50|66,57|0,54|6,48|57,63|64,21|63,3|6,0|54,27|27,51|48,64|6,66|46,31|92,53|53,33|38,46/6,3=6,66,57,63,3
88,15|85,62|17,37|12,68|5,86|12,63|12,8|12,81|8,22|68,90|22,78|90,59|37,5|81,53|78,40|62,29|12,17|59,93|53,88|63,85/12,86=12,17,37,5,86
96,85|84,10|85,48|24,87|27,81|87,92|67,84|46,83|88,66|67,99|26,96|67,60|67,88|60,24|66,18|10,46|67,26|59,27|99,59|18,61/67,81=67,99,59,27,81
64,44|64,61|81,58|44,65|43,93|64,38|58,90|37,98|88,50|38,88|61,43|64,13|22,23|98,22|50,74|65,56|64,37|13,81|56,46|93,39/64,23=64,37,98,22,23
64,72|73,27|89,41|69,35|9,10|80,57|35,9|37,3|80,17|86,73|12,86|80,12|22,31|17,58|80,64|57,5|80,69|58,89|72,22|5,37/80,27=80,12,86,73,27
40,81|84,35|35,47|68,70|64,3|84,40|19,9|34,68|3,53|49,80|83,45|84,0|81,49|43,67|47,19|67,83|84,34|70,58|84,43|0,64/84,53=84,0,64,3,53
40,31|79,54|21,3|40,79|74,50|40,2|14,96|2,99|3,73|71,21|94,86|54,19|22,94|77,22|99,74|40,71|96,44|31,14|19,12|40,77/40,86=40,77,22,94,86
51,35|78,98|43,88|80,23|28,80|1,19|19,29|41,1|51,73|34,47|47,96|88,78|51,70|51,41|73,48|53,82|48,53|70,28|51,43|35,34/51,29=51,41,1,19,29
80,79|25,59|46,17|93,53|37,64|58,37|82,87|62,25|59,40|22,46|58,93|9,60|77,21|28,22|79,9|64,77|58,80|53,82|58,62|58,28/58,17=58,28,22,46,17
75,96|96,76|62,37|6,93|16,6|17,28|37,60|71,62|28,38|8,91|38,79|17,75|76,89|17,27|29,8|61,16|17,71|27,29|79,30|17,61/17,93=17,61,16,6,93
84,83|20,98|57,77|84,53|53,41|86,6|9,88|42,9|93,33|92,57|88,99|84,93|98,73|33,86|84,20|48,54|73,7|83,92|84,42|41,48/84,7=84,20,98,73,7
95,72|96,36|56,10|75,60|75,52|48,24|72,91|75,0|35,78|87,96|60,87|75,35|0,95|83,65|52,45|75,39|78,56|45,48|39,85|85,83/75,65=75,39,85,83,65
52,33|16,57|59,20|20,6|7,54|54,78|52,67|52,59|93,90|86,41|2,16|67,2|52,7|78,36|4,49|90,86|49,15|6,53|52,93|33,4/52,41=52,93,90,86,41
73,99|79,9|44,73|14,37|37,56|44,53|71,39|96,61|53,42|81,18|99,96|42,52|12,14|44,12|39,79|52,40|88,25|44,81|44,71|18,88/44,56=44,12,14,37,56
16,18|10,44|54,61|18,15|30,6|23,33|30,23|6,52|15,77|41,65|52,54|51,98|65,51|30,16|30,37|37,17|86,79|33,86|30,41|17,10/30,61=30,6,52,54,61
16,67|52,91|50,33|42,81|33,76|87,50|79,47|52,64|52,53|52,93|93,99|73,42|91,38|31,20|99,79|52,87|64,73|53,24|38,16|24,31/52,76=52,87,50,33,76
39,0|5,78|16,63|70,16|95,77|48,82|63,54|50,95|82,7|88,5|47,76|50,70|69,47|81,48|50,53|53,69|50,43|50,81|77,39|43,88/50,54=50,70,16,63,54
82,13|29,82|40,37|9,40|94,98|9,18|9,90|9,76|37,19|54,62|9,93|53,94|51,44|18,53|90,67|19,15|33,54|67,51|93,33|76,29/9,98=9,18,53,94,98
59,28|58,62|45,48|58,31|28,14|65,27|31,45|30,92|44,43|27,94|43,89|62,44|48,56|58,65|58,9|92,34|9,59|94,18|58,30|34,78/58,14=58,9,59,28,14
27,3|80,13|13,74|54,80|98,18|37,54|51,56|30,44|44,33|11,27|37,68|37,2|2,28|37,49|3,9|56,71|49,51|68,30|37,11|28,98/37,71=37,49,51,56,71
53,90|54,46|90,69|22,86|54,68|48,22|12,98|95,60|68,12|54,20|54,0|6,95|98,55|54,53|42,75|21,42|69,9|0,6|20,48|46,21/54,60=54,0,6,95,60
21,67|19,39|88,49|88,8|82,53|49,78|47,97|88,47|8,21|15,55|88,59|78,19|53,56|18,15|59,82|97,16|55,4|16,46|67,44|88,18/88,56=88,59,82,53,56
72,14|72,17|78,4|17,24|4,65|72,11|27,78|30,7|3,76|75,28|54,26|14,75|24,15|28,42|72,27|15,91|72,3|76,30|11,54|26,18/72,65=72,27,78,4,65
81,4|33,65|33,48|43,78|33,30|19,1|30,75|1,88|86,23|57,81|23,89|94,35|48,19|40,92|33,26|65,86|33,43|78,94|75,40|26,57/33,92=33,30,75,40,92
21,50|99,27|81,72|79,75|72,93|96,41|54,81|97,35|55,92|92,14|41,49|96,61|61,55|27,79|96,97|96,99|96,54|35,21|36,26|49,36/96,75=96,99,27,79,75
73,41|9,14|78,99|2,46|39,73|99,70|91,69|90,94|41,25|14,75|90,39|49,24|1,13|90,37|13,91|37,9|90,2|94,78|90,1|46,49/90,24=90,2,46,49,24
17,44|94,10|16,9|28,3|17,96|77,69|0,99|3,16|20,77|44,20|68,48|17,68|10,66|48,57|17,94|22,0|66,33|57,59|96,22|17,28/17,59=17,68,48,57,59
40,11|3,54|89,81|9,23|83,9|78,47|21,83|45,89|45,3|50,20|45,42|54,40|39,97|81,39|92,80|45,21|45,92|80,78|42,58|58,50/45,47=45,92,80,78,47
54,10|78,6|39,96|50,57|6,39|57,62|8,51|51,88|8,50|62,14|70,60|44,54|91,2|71,76|8,78|8,91|10,36|88,71|8,44|2,70/8,76=8,51,88,71,76
40,75|80,6|10,80|64,67|27,40|52,10|96,64|87,39|96,87|67,20|96,51|8,91|37,7|51,27|7,9|20,95|96,52|9,18|39,8|96,37/96,95=96,64,67,20,95
80,8|53,22|79,41|77,66|53,31|41,38|53,79|52,50|39,80|38,75|9,44|31,26|50,9|53,40|26,77|16,55|40,16|55,46|22,39|53,52/53,66=53,31,26,77,66
50,84|15,58|15,50|15,67|94,95|82,61|75,98|67,23|89,59|58,69|15,16|36,57|34,96|23,75|84,94|16,29|15,36|69,34|57,89|29,82/15,96=15,58,69,34,96
85,67|58,14|85,71|85,41|14,23|32,79|30,20|84,72|85,4|71,95|20,69|67,58|79,47|95,38|56,84|38,80|85,81|4,56|81,32|41,30/85,69=85,41,30,20,69
19,87|38,41|13,52|59,80|24,28|32,0|33,26|32,24|32,38|28,33|32,7|52,59|32,13|70,96|7,36|41,70|0,19|9,54|87,65|36,9/32,26=32,24,28,33,26
43,7|84,11|60,61|53,3|60,43|48,15|60,52|7,84|18,90|21,41|8,21|79,47|16,8|47,53|60,16|50,48|52,50|90,12|61,18|60,79/60,12=60,61,18,90,12
55,34|8,52|47,15|15,14|47,79|80,3|47,73|54,84|52,95|79,55|3,24|47,16|73,8|34,25|84,11|47,54|86,10|14,86|16,80|11,91/47,10=47,15,14,86,10
71,70|70,63|1,71|44,72|1,33|56,81|33,56|94,4|63,95|99,23|1,69|23,94|83,21|86,88|69,45|81,73|1,99|45,83|1,86|88,44/1,95=1,71,70,63,95
61,12|98,15|9,59|15,8|43,26|43,9|68,61|37,64|43,88|70,74|14,98|0,68|25,37|22,85|59,22|26,70|43,0|43,14|74,31|88,25/43,12=43,0,68,61,12
9,15|3,35|91,24|28,66|52,83|8,28|24,34|34,7|21,52|94,8|94,58|58,59|59,10|94,91|83,19|15,3|10,62|94,9|94,21|66,60/94,35=94,9,15,3,35
50,8|8,28|91,88|56,21|52,56|71,96|39,52|69,79|65,91|88,99|21,48|39,19|44,98|39,63|39,44|98,71|94,69|19,94|63,50|39,65/39,79=39,19,94,69,79
63,20|93,98|98,31|30,93|49,45|8,63|89,59|48,38|59,5|45,89|65,92|92,24|19,0|38,19|24,76|49,84|49,65|84,8|49,48|49,30/49,0=49,48,38,19,0
61,74|2,95|21,57|93,69|61,24|82,5|3,21|34,32|74,3|91,30|24,12|81,17|5,93|61,91|30,20|20,10|61,82|12,81|61,34|32,2/61,69=61,82,5,93,69
73,8|20,70|79,64|8,31|62,79|73,42|26,71|73,51|31,59|73,77|70,55|51,49|71,12|49,24|24,63|59,30|42,62|77,20|12,6|73,26/73,55=73,77,20,70,55
57,75|35,91|31,50|88,93|1,34|17,97|34,31|61,83|14,88|39,80|76,61|21,17|56,14|54,76|80,21|39,54|91,57|39,35|39,1|39,56/39,50=39,1,34,31,50
54,84|15,42|5,0|28,51|48,46|75,73|54,28|73,44|0,3|46,15|4,5|84,97|54,58|54,4|97,31|51,83|83,96|31,81|54,48|58,75/54,44=54,58,75,73,44
2,76|60,80|6,12|60,5|5,29|68,46|80,95|60,21|29,18|36,64|64,3|12,2|95,73|3,92|78,68|60,36|60,6|21,78|73,35|18,81/60,81=60,5,29,18,81
72,99|96,32|96,57|32,92|56,2|96,20|76,52|57,18|19,88|75,59|96,76|12,84|18,72|59,12|92,19|20,74|96,75|52,56|74,71|71,68/96,2=96,76,52,56,2
38,27|89,95|18,79|38,44|58,64|27,6|44,73|73,55|45,39|50,18|64,89|82,45|6,15|38,50|39,23|38,82|15,37|55,83|79,68|38,58/38,37=38,27,6,15,37
74,19|51,29|15,6|73,72|28,54|15,65|39,74|94,51|22,21|21,68|50,39|15,96|6,94|96,66|66,28|15,22|68,77|72,34|15,50|65,73/15,19=15,50,39,74,19
17,8|8,56|93,53|53,81|88,41|68,99|41,28|32,45|69,85|28,82|45,68|48,69|30,88|19,93|30,23|30,34|30,32|34,48|30,19|23,17/30,99=30,32,45,68,99
6,42|6,51|12,50|42,34|9,16|79,92|92,97|51,4|6,20|4,9|6,12|50,17|20,78|49,45|35,82|6,79|34,35|78,49|97,18|17,90/6,90=6,12,50,17,90
43,4|74,41|74,96|74,37|4,97|26,18|24,69|22,8|5,32|74,1|37,26|64,24|96,43|53,66|66,22|18,13|1,64|41,35|35,5|74,53/74,13=74,37,26,18,13
17,5|52,14|83,39|83,18|11,24|14,63|83,11|39,52|24,17|26,8|8,25|83,26|93,16|25,89|71,93|83,51|18,95|65,6|51,71|95,65/83,89=83,26,8,25,89
49,36|69,1|84,79|22,69|42,16|84,50|36,39|48,2|73,24|30,70|84,49|55,22|24,3|84,55|50,61|61,30|79,73|39,0|2,42|84,48/84,0=84,49,36,39,0
32,36|98,34|43,22|32,43|32,27|81,60|14,3|34,56|36,81|56,35|83,21|32,98|97,14|60,13|32,25|25,83|29,20|22,29|21,39|27,97/32,20=32,43,22,29,20
79,59|13,41|79,95|25,92|6,69|80,13|66,39|79,19|95,54|88,66|22,35|92,27|79,94|38,88|19,25|54,6|79,38|59,80|8,22|94,8/79,35=79,94,8,22,35
15,87|57,18|95,3|17,57|87,70|18,94|42,26|70,99|17,42|94,84|3,67|60,14|28,71|69,50|17,69|17,54|50,60|54,95|26,28|17,15/17,99=17,15,87,70,99
67,87|72,59|70,53|77,86|53,67|52,48|35,72|68,79|86,22|22,52|73,98|96,83|83,63|98,68|42,96|77,73|77,35|77,70|59,32|77,42/77,63=77,42,96,83,63
41,53|89,65|3,27|96,58|65,18|41,55|41,89|18,52|11,78|19,3|91,96|56,91|41,19|59,50|53,11|41,56|78,85|27,22|55,1|1,59/41,58=41,56,91,96,58
5,90|90,75|5,66|59,58|43,4|66,46|46,94|34,88|75,53|63,25|89,13|58,47|5,34|94,40|53,32|88,43|13,63|14,59|5,89|5,14/5,4=5,34,88,43,4
26,66|49,11|75,0|24,2|10,28|10,60|76,24|59,75|60,67|10,26|18,59|10,18|67,49|13,51|42,82|10,13|28,76|98,3|66,98|51,42/10,11=10,60,67,49,11
91,83|96,21|96,78|44,54|12,86|36,12|43,2|78,19|61,23|19,43|20,36|46,98|98,57|23,91|59,44|96,61|57,41|21,59|96,20|96,46/96,2=96,78,19,43,2
47,85|9,42|97,64|31,77|40,82|26,63|42,76|44,31|51,58|77,26|44,47|76,99|58,59|44,5|5,40|44,83|82,38|83,51|44,9|85,97/44,38=44,5,40,82,38
45,76|73,82|7,23|31,78|90,97|78,12|67,46|12,59|24,69|51,49|10,92|40,90|97,67|40,7|92,73|40,10|40,31|40,51|49,24|23,45/40,82=40,10,92,73,82
35,33|71,42|10,32|10,71|32,15|15,47|10,35|29,22|10,23|23,98|98,29|33,85|69,76|42,27|27,68|66,69|10,66|47,62|85,48|76,64/10,22=10,23,98,29,22
71,99|82,19|75,33|47,40|1,66|35,90|40,6|95,1|66,58|99,16|60,9|60,2|9,71|60,35|83,47|2,75|33,15|60,95|60,83|90,82/60,58=60,95,1,66,58
26,83|42,6|6,87|26,23|84,24|56,84|96,19|19,9|83,80|46,56|99,45|26,96|26,46|43,42|26,43|92,48|80,92|9,69|23,99|45,44/26,69=26,96,19,9,69
81,15|80,58|56,18|3,47|73,91|36,64|56,7|56,24|62,74|7,12|10,67|18,81|15,41|56,73|24,37|91,3|64,62|56,36|37,10|12,80/56,47=56,73,91,3,47
89,4|70,55|54,14|5,7|54,58|83,79|57,16|82,35|11,31|54,70|54,83|35,74|55,5|87,89|54,57|14,82|79,80|16,11|58,87|80,63/54,31=54,57,16,11,31
7,11|13,42|70,54|65,83|7,9|47,50|54,65|16,78|50,43|72,68|88,47|7,70|10,1|9,46|46,10|78,13|11,72|68,74|7,88|7,16/7,43=7,88,47,50,43
76,28|0,73|86,40|0,90|32,24|89,69|7,32|40,19|63,10|79,5|18,46|0,79|0,39|90,18|73,86|46,9|5,63|28,89|39,7|0,76/0,19=0,73,86,40,19
40,72|0,28|61,58|0,12|78,57|0,61|26,44|3,33|7,39|29,7|0,40|21,78|0,9|12,93|87,18|28,21|93,87|72,3|9,29|58,26/0,44=0,61,58,26,44
26,49|72,22|22,80|49,56|59,55|57,70|98,57|11,98|72,11|71,62|46,29|68,46|72,5|72,68|56,92|5,77|29,6|77,71|72,26|80,59/72,70=72,11,98,57,70
9,2|8,91|2,54|17,24|9,8|91,25|6,22|72,89|89,34|70,23|43,72|9,70|9,59|23,17|25,69|22,87|54,68|68,98|9,43|59,6/9,69=9,8,91,25,69
83,77|85,66|85,28|70,27|32,69|27,59|45,64|28,35|93,42|66,17|77,8|26,38|85,11|11,83|85,98|17,93|35,45|85,32|69,26|98,70/85,38=85,32,69,26,38
87,75|27,37|87,41|21,94|94,96|97,7|87,31|83,64|59,78|6,68|75,1|7,59|31,83|87,97|64,19|68,52|87,93|1,27|93,21|41,6/87,96=87,93,21,94,96
87,14|73,47|76,4|69,73|4,91|22,12|91,22|85,86|76,77|6,87|76,69|86,41|76,40|40,80|47,48|76,57|77,85|80,55|55,13|57,6/76,14=76,57,6,87,14
87,75|9,85|66,24|68,93|87,58|37,81|25,76|26,9|87,65|58,25|87,98|76,72|98,10|87,68|51,33|65,26|93,37|10,66|75,51|33,12/87,72=87,58,25,76,72
83,98|27,82|41,15|57,71|15,57|46,92|46,79|14,80|46,63|92,14|46,41|63,37|46,60|80,25|98,42|95,74|60,83|79,56|37,95|56,27/46,82=46,79,56,27,82
51,22|22,84|54,46|25,0|56,53|86,40|25,77|44,64|46,78|76,87|40,62|25,54|87,44|4,56|36,51|25,36|77,86|25,76|0,4|78,34/25,53=25,0,4,56,53
98,73|8,5|96,93|52,8|96,52|23,49|84,79|5,19|96,0|76,98|45,74|13,70|96,13|0,23|70,84|29,76|74,77|49,35|96,29|93,45/96,73=96,29,76,98,73
54,32|46,28|46,8|79,95|6,26|58,94|28,58|46,13|94,23|95,86|46,27|8,79|36,6|27,38|52,18|55,54|38,52|25,36|13,55|46,25/46,23=46,28,58,94,23
90,38|84,92|38,67|32,3|13,10|32,90|92,13|49,95|53,69|32,53|57,1|95,74|86,20|3,52|32,84|52,57|69,86|67,76|74,44|32,49/32,1=32,3,52,57,1
51,32|15,56|65,51|93,84|93,48|58,19|48,15|91,90|93,11|13,86|56,75|11,65|45,58|96,36|84,45|93,13|93,49|90,10|49,91|86,96/93,10=93,49,91,90,10
20,78|30,8|10,85|18,88|5,10|8,41|27,14|41,18|57,20|9,0|30,24|30,27|43,57|30,38|3,9|38,5|2,61|14,2|24,3|30,43/30,0=30,24,3,9,0
90,46|55,86|43,3|86,82|61,11|68,20|94,80|11,87|54,55|90,69|80,24|46,43|50,68|90,50|90,54|69,94|87,52|90,61|20,59|3,92/90,24=90,69,94,80,24
29,80|73,30|41,97|31,49|65,85|11,34|49,82|29,87|85,11|97,70|78,5|87,31|29,13|90,78|29,44|29,65|44,73|80,41|13,90|30,68/29,68=29,44,73,30,68
42,0|97,70|42,25|27,32|25,27|40,10|3,83|87,52|32,17|42,31|14,3|99,84|42,53|31,14|0,97|53,87|52,33|42,99|70,50|84,40/42,17=42,25,27,32,17
17,51|17,33|33,53|17,44|72,3|53,64|41,65|64,71|17,24|67,39|17,14|47,34|14,30|30,67|24,40|40,47|51,41|65,45|3,90|44,72/17,71=17,33,53,64,71
83,82|55,77|87,42|83,34|42,29|13,65|67,28|83,46|83,87|83,67|28,59|43,48|46,13|29,85|82,55|34,43|77,35|59,78|48,25|65,97/83,78=83,67,28,59,78
92,78|36,87|28,6|96,44|85,35|88,99|86,84|96,10|15,36|41,85|10,88|87,22|96,15|96,41|96,86|99,63|94,28|44,94|35,11|84,92/96,22=96,15,36,87,22
98,79|17,71|92,84|40,12|92,17|70,74|26,8|92,90|8,36|46,26|63,9|84,85|81,70|71,98|92,54|90,81|85,63|54,64|92,46|64,40/92,74=92,90,81,70,74
29,45|61,23|23,8|99,69|61,99|22,51|25,62|62,24|74,22|28,10|51,83|61,42|61,29|19,89|69,68|45,19|68,33|42,25|8,28|61,74/61,10=61,23,8,28,10
10,19|3,10|57,55|90,1|57,20|58,97|43,73|14,52|57,3|6,43|52,58|77,6|57,14|19,54|20,68|55,90|57,77|18,53|68,18|1,35/57,73=57,77,6,43,73
47,85|9,42|58,59|31,77|40,82|97,64|42,76|44,31|51,26|77,97|44,47|76,99|26,63|44,5|5,40|44,83|82,38|83,51|44,9|85,58/44,38=44,5,40,82,38
40,54|0,24|40,2|81,49|2,29|12,25|8,51|26,18|33,81|49,76|97,30|24,12|54,26|87,78|40,87|78,97|40,0|40,33|18,68|29,8/40,51=40,2,29,8,51
12,41|69,59|39,50|39,97|24,69|39,12|39,20|97,96|59,14|20,56|72,23|49,85|1,72|96,18|56,3|41,49|39,24|50,1|3,36|18,8/39,14=39,24,69,59,14
1,39|22,82|3,17|1,94|88,22|39,64|17,77|77,93|1,3|70,97|78,52|6,88|1,6|52,33|94,72|75,47|36,78|64,75|1,36|72,70/1,33=1,36,78,52,33
92,84|62,2|47,13|54,33|10,62|73,92|47,32|80,99|32,48|47,31|48,34|35,42|31,73|42,56|47,54|47,88|33,80|13,10|34,12|88,35/47,99=47,54,33,80,99
66,36|46,66|62,6|46,40|6,77|15,88|32,44|77,78|13,15|40,73|46,57|88,50|18,7|73,18|46,62|46,13|57,68|68,70|70,37|36,32/46,37=46,57,68,70,37
1,29|99,43|91,37|7,83|29,21|7,23|20,22|7,66|7,14|14,38|16,95|66,1|42,34|7,42|23,26|73,20|26,91|34,99|83,73|38,16/7,22=7,83,73,20,22
97,73|98,97|32,26|66,69|41,31|22,51|71,32|73,39|53,41|70,91|69,53|76,70|62,76|25,22|66,62|66,98|66,94|26,43|94,25|66,71/66,51=66,94,25,22,51
18,17|65,37|6,81|20,13|99,91|5,71|37,88|6,27|75,18|6,66|6,99|76,12|91,76|27,5|72,85|71,2|66,75|85,20|6,72|81,65/6,12=6,99,91,76,12
15,20|0,13|67,17|4,39|68,4|15,21|21,82|47,68|60,67|17,50|15,47|15,0|49,84|15,60|13,49|94,52|19,94|70,64|82,70|20,19/15,64=15,21,82,70,64
23,48|42,59|23,30|48,31|41,1|73,69|21,41|33,97|40,51|69,80|90,73|28,33|51,10|10,45|71,21|31,42|23,90|30,28|23,40|23,71/23,45=23,40,51,10,45
21,69|94,90|63,60|21,33|76,94|88,9|69,85|85,88|53,61|60,40|21,6|6,53|91,31|31,14|21,91|61,74|14,57|21,76|90,93|33,63/21,57=21,91,31,14,57
24,52|2,53|43,13|6,12|43,33|79,61|36,19|96,16|60,22|33,2|19,59|16,6|13,36|43,60|22,79|53,49|43,96|52,10|10,34|43,24/43,59=43,13,36,19,59
42,88|13,87|13,41|20,24|2,52|13,49|88,6|76,28|52,60|13,63|63,20|39,76|60,25|49,42|87,34|13,2|24,74|44,83|41,39|34,44/13,6=13,49,42,88,6
77,14|58,93|73,1|29,27|58,90|11,46|58,11|58,86|58,13|13,77|54,31|93,29|46,73|87,54|90,8|37,48|27,62|14,68|8,37|86,87/58,48=58,90,8,37,48
69,47|6,21|57,6|76,69|76,79|47,24|23,62|76,57|11,35|35,70|21,98|72,66|66,10|24,40|76,80|49,12|80,11|79,72|76,23|62,49/76,10=76,79,72,66,10
36,91|46,76|36,75|7,47|76,22|8,52|70,7|36,46|0,89|62,50|92,51|52,0|74,62|33,92|75,74|22,98|36,16|16,33|91,70|36,8/36,89=36,8,52,0,89
73,68|34,21|72,41|34,25|54,88|6,4|41,87|96,70|87,94|98,92|70,93|13,73|21,96|88,6|34,22|22,13|25,98|92,19|34,54|34,72/34,68=34,22,13,73,68
96,4|31,57|9,29|4,33|94,64|58,62|9,72|29,53|89,13|57,78|9,61|13,40|48,49|9,26|53,48|26,31|61,89|62,94|9,58|72,96/9,40=9,61,89,13,40
49,26|1,83|38,32|94,92|61,93|26,1|49,43|43,99|19,94|49,76|25,19|49,25|99,81|83,2|5,74|32,5|49,38|81,3|93,42|76,61/49,74=49,38,32,5,74
66,69|67,63|65,28|60,3|47,81|13,47|87,11|81,65|13,67|75,59|98,87|71,99|13,98|63,66|3,71|13,60|11,68|59,17|13,8|8,75/13,17=13,8,75,59,17
6,42|6,51|12,50|42,34|35,82|79,92|92,97|51,4|6,20|4,35|6,12|50,17|20,78|9,16|49,45|6,79|34,49|78,9|97,18|17,90/6,90=6,12,50,17,90
96,39|82,76|82,15|92,28|59,46|3,96|0,3|51,53|17,92|15,17|43,73|8,59|73,80|22,51|82,43|82,49|49,22|76,8|82,0|80,7/82,7=82,43,73,80,7
88,31|5,56|46,77|15,90|77,62|90,20|54,44|81,15|62,37|64,0|65,88|86,65|71,70|54,81|54,71|56,13|70,64|54,46|44,5|54,86/54,37=54,46,77,62,37
67,72|97,78|78,54|32,67|69,14|43,87|14,18|32,97|54,45|11,69|32,43|80,58|32,11|60,71|32,57|87,60|72,80|24,84|57,24|84,93/32,18=32,11,69,14,18
54,76|13,63|69,24|15,98|93,54|0,64|89,36|64,69|71,16|89,1|89,23|60,13|43,71|89,0|34,61|1,60|89,15|36,93|23,43|98,34/89,16=89,23,43,71,16
49,6|33,17|20,63|45,19|33,84|26,54|34,51|54,38|6,83|33,60|35,20|51,1|17,26|78,45|33,49|83,66|60,34|33,94|84,35|94,78/33,38=33,17,26,54,38
36,33|42,94|62,44|6,81|9,64|28,62|7,92|44,34|42,91|8,63|42,28|94,27|27,8|3,9|42,87|91,43|43,6|42,36|87,3|33,7/42,64=42,87,3,9,64
75,76|7,36|48,74|74,59|70,53|70,48|55,31|70,55|31,85|92,9|36,99|70,56|83,92|59,78|85,40|53,18|70,94|18,75|56,7|94,83/70,76=70,53,18,75,76
23,17|10,33|74,98|80,74|14,47|26,63|5,71|21,25|10,21|10,14|73,0|63,32|47,23|71,11|25,73|10,5|33,26|10,80|98,49|11,34/10,49=10,80,74,98,49
42,90|96,54|94,42|94,9|4,69|88,44|94,36|71,88|94,96|11,79|9,13|13,4|94,98|36,71|93,68|68,52|54,29|29,91|98,93|90,11/94,69=94,9,13,4,69
74,78|52,79|51,28|30,50|52,92|45,74|17,51|52,17|21,43|86,21|28,5|12,24|52,45|92,86|34,88|79,44|52,12|24,30|78,11|44,34/52,50=52,12,24,30,50
5,86|21,5|54,34|62,54|37,38|12,33|1,36|33,62|97,83|66,89|64,51|91,20|36,64|89,91|83,37|12,97|60,21|12,60|12,66|12,1/12,86=12,60,21,5,86
26,28|5,1|1,33|16,18|24,74|33,70|5,0|47,68|5,46|66,86|5,16|12,47|5,4|4,66|86,89|74,37|46,12|18,26|70,67|0,24/5,37=5,0,24,74,37
32,48|48,55|4,68|34,30|30,72|32,34|68,59|72,14|16,53|10,96|59,73|21,10|2,93|53,2|9,25|32,16|32,21|96,31|32,4|55,9/32,31=32,21,10,96,31
73,48|9,52|28,30|52,22|66,47|92,26|59,17|34,77|29,39|22,41|39,95|47,92|28,9|28,36|77,19|28,73|30,34|48,59|36,29|28,66/28,17=28,73,48,59,17
44,42|32,47|61,21|94,23|36,57|94,78|13,36|50,44|78,61|46,82|21,31|94,66|66,64|22,46|23,22|45,50|64,32|94,45|94,13|57,19/94,47=94,66,64,32,47
10,28|28,56|96,98|87,51|2,40|80,96|22,5|4,48|51,4|40,22|56,85|73,32|80,31|79,11|80,10|80,87|80,2|98,79|31,73|32,97/80,85=80,10,28,56,85
71,84|36,39|78,88|49,87|87,25|13,62|73,14|88,53|49,77|66,78|49,13|77,59|79,71|49,66|49,95|95,79|99,1|59,99|62,73|25,36/49,84=49,95,79,71,84
11,75|22,52|72,42|14,54|99,32|22,77|22,4|42,11|84,48|52,50|30,1|48,20|77,84|3,99|22,72|4,30|50,14|22,3|32,18|1,78/22,54=22,52,50,14,54
43,66|48,57|43,48|98,88|71,58|88,61|90,98|93,68|66,56|43,90|52,80|43,52|49,62|43,47|56,49|36,99|58,11|47,71|57,93|80,36/43,68=43,48,57,93,68
46,79|96,83|53,74|48,73|35,46|96,57|84,71|13,84|9,94|94,16|96,20|60,48|20,60|79,58|3,9|57,56|96,35|83,13|56,53|96,3/96,74=96,57,56,53,74
78,69|28,16|79,95|85,58|95,86|34,2|69,32|26,34|51,88|26,78|26,0|2,85|86,64|16,97|32,29|26,28|26,79|30,51|97,87|0,30/26,87=26,28,16,97,87
18,23|72,75|23,21|63,72|63,85|85,48|63,76|53,38|38,10|76,53|59,45|63,94|69,67|63,18|21,92|94,69|67,52|48,3|75,59|3,50/63,45=63,72,75,59,45
82,99|23,87|23,82|14,24|23,61|45,14|11,78|86,9|72,6|78,47|98,26|99,86|5,36|23,89|3,98|87,11|6,5|23,72|61,3|89,45/23,24=23,89,45,14,24
22,99|41,37|71,93|3,16|76,18|86,22|37,45|16,6|41,1|74,57|41,76|96,3|1,86|45,74|41,71|93,94|94,27|87,14|41,96|18,87/41,6=41,96,3,16,6
65,59|51,44|8,38|76,45|34,95|34,72|34,78|3,8|34,20|4,33|32,22|45,32|75,51|72,65|78,3|34,76|59,43|20,4|33,83|95,75/34,38=34,78,3,8,38
97,22|7,24|93,26|42,5|18,91|13,7|22,23|26,16|5,71|15,30|76,18|15,1|56,42|30,76|15,93|4,13|16,84|15,56|15,4|1,97/15,24=15,4,13,7,24
77,51|37,43|50,5|60,28|43,41|82,50|77,59|58,91|77,37|45,68|51,98|41,4|15,75|77,15|75,58|83,60|59,83|5,67|77,82|98,45/77,91=77,15,75,58,91
3,28|34,53|77,34|63,82|94,17|40,79|53,72|99,73|99,63|99,40|96,3|68,83|4,68|79,19|19,62|99,77|28,2|73,4|82,94|99,96/99,17=99,63,82,94,17
28,89|70,15|88,18|82,9|25,88|15,17|38,71|98,83|75,25|75,24|9,38|14,3|3,98|89,57|75,82|75,14|24,70|18,29|75,28|57,11/75,11=75,28,89,57,11
12,48|78,75|14,76|28,78|31,28|91,58|59,13|17,65|10,59|58,92|27,12|64,10|14,31|43,17|76,27|86,91|14,33|14,64|33,43|14,86/14,65=14,33,43,17,65
35,12|35,42|64,0|19,37|92,78|42,19|35,2|35,77|0,52|56,60|35,94|37,84|9,27|13,9|77,99|94,64|99,56|65,92|2,13|12,65/35,60=35,77,99,56,60
34,71|71,52|34,63|34,9|34,56|45,29|80,90|26,53|58,23|48,66|53,78|66,77|78,61|56,50|50,45|81,80|34,26|52,58|9,48|63,81/34,90=34,63,81,80,90
20,48|95,1|26,95|7,30|26,13|26,59|13,27|80,2|1,20|59,70|64,7|26,81|81,64|11,3|27,11|70,80|26,79|57,45|45,5|79,57/26,3=26,13,27,11,3
85,91|56,51|37,6|0,99|29,56|45,59|75,80|86,10|11,49|45,29|45,85|59,98|45,17|38,11|45,86|51,19|10,0|98,75|91,37|17,38/45,49=45,17,38,11,49
80,31|80,79|72,52|99,50|69,54|42,60|43,72|57,45|31,43|80,51|32,55|80,99|55,19|79,49|49,57|78,32|6,42|51,6|80,78|50,69/80,52=80,31,43,72,52
18,26|88,71|20,2|20,86|82,4|39,46|20,29|20,18|72,31|86,72|23,0|32,37|71,82|20,88|9,23|60,32|31,24|29,60|2,9|26,39/20,24=20,86,72,31,24
83,27|0,86|20,83|23,82|20,64|24,44|20,17|44,48|82,12|68,38|17,23|20,25|27,0|80,39|22,80|38,57|46,68|20,46|64,22|25,24/20,12=20,17,23,82,12
63,14|77,16|7,12|53,65|65,89|61,77|14,55|5,53|6,69|86,63|73,6|61,86|61,5|26,31|61,36|16,7|31,29|29,71|36,73|61,26/61,12=61,77,16,7,12
72,14|72,17|78,4|17,24|4,65|72,11|27,78|26,18|3,76|75,30|54,28|14,75|24,15|30,7|72,27|15,91|72,3|76,26|11,54|28,42/72,65=72,27,78,4,65
12,39|86,16|90,87|12,27|47,25|16,33|27,10|28,85|33,55|88,28|35,84|39,82|85,59|10,7|12,90|7,2|12,86|12,88|87,47|82,35/12,25=12,90,87,47,25
90,35|11,59|99,73|56,24|9,10|63,11|42,56|9,89|91,44|9,90|12,42|37,91|69,33|10,45|59,88|89,37|9,12|9,63|45,69|35,99/9,88=9,63,11,59,88
84,9|51,65|9,11|45,62|33,8|84,46|84,33|75,51|83,21|21,52|84,96|14,20|2,44|8,2|81,45|11,14|96,75|46,81|98,83|84,98/84,44=84,33,8,2,44
92,69|8,34|21,86|84,46|68,0|98,15|38,8|21,75|75,38|96,25|21,84|99,97|25,88|15,99|23,50|21,23|86,96|50,68|46,92|21,98/21,69=21,84,46,92,69
96,33|69,17|99,62|14,58|43,25|86,14|17,29|25,5|58,51|85,74|68,99|5,94|51,76|86,67|33,85|29,80|86,96|86,69|67,68|86,43/86,62=86,67,68,99,62
41,28|43,6|72,52|4,72|76,43|28,22|38,90|41,4|20,61|79,11|41,73|61,81|22,38|41,79|73,76|81,29|13,40|52,69|11,13|41,20/41,29=41,20,61,81,29
37,73|71,55|74,21|74,61|61,45|13,47|74,98|24,1|74,26|74,13|55,72|45,9|26,71|44,31|9,99|98,44|31,81|21,24|47,37|1,59/74,99=74,61,45,9,99
55,6|31,62|34,24|55,13|19,51|81,19|55,39|13,16|1,38|16,34|17,45|60,1|2,60|7,96|39,81|6,36|45,31|36,7|55,2|55,17/55,38=55,2,60,1,38
28,13|77,39|81,10|94,4|13,52|57,46|45,97|49,83|46,93|49,45|49,94|49,77|4,81|39,69|83,28|49,57|69,2|93,56|85,72|97,85/49,72=49,45,97,85,72
52,35|50,42|50,52|13,2|36,73|2,6|97,25|42,84|50,99|50,29|29,23|83,48|99,12|23,97|50,40|84,36|35,83|21,89|40,13|12,21/50,89=50,99,12,21,89
5,35|10,26|14,12|40,43|26,67|89,96|64,66|40,80|40,5|40,90|35,14|43,10|40,89|41,45|96,64|52,9|9,57|90,41|80,52|45,7/40,7=40,90,41,45,7
89,47|89,74|6,62|21,98|47,6|2,82|74,57|67,69|89,67|89,46|98,54|57,59|89,93|93,21|80,79|82,3|69,80|59,40|62,50|46,2/89,79=89,67,69,80,79
75,79|54,94|53,82|18,35|30,26|75,9|94,98|1,18|75,96|96,1|69,25|82,31|26,77|98,14|86,69|75,54|9,53|77,12|75,30|79,86/75,12=75,30,26,77,12
94,5|94,83|53,64|94,59|75,60|64,96|83,79|58,37|12,99|55,75|99,82|94,55|79,80|5,12|94,31|60,74|59,53|62,58|31,62|80,70/94,74=94,55,75,60,74
72,39|39,81|98,51|97,0|51,30|0,83|72,36|11,60|89,33|49,85|33,50|72,98|50,96|72,97|30,45|83,90|85,7|72,89|36,49|81,11/72,90=72,97,0,83,90
71,67|68,71|0,35|98,87|67,55|68,80|80,91|68,92|55,49|91,0|59,48|68,2|21,76|87,31|48,53|53,43|95,21|2,95|92,98|68,59/68,35=68,80,91,0,35
87,48|24,72|53,9|40,89|40,53|95,85|72,33|22,41|62,22|9,57|57,58|40,64|63,87|48,98|40,63|64,3|89,24|81,62|40,81|3,95/40,98=40,63,87,48,98
3,33|9,61|43,77|5,90|90,78|61,30|51,16|51,43|16,23|51,3|23,65|88,9|33,45|51,89|21,13|89,5|77,21|51,88|45,25|65,39/51,78=51,89,5,90,78
58,62|80,58|70,83|52,70|1,3|52,37|37,76|31,53|52,81|52,1|81,79|10,49|52,40|83,42|40,80|42,57|3,31|14,46|76,10|79,14/52,62=52,40,80,58,62
40,6|51,69|41,56|9,32|9,57|57,20|20,82|63,12|9,23|79,63|23,40|69,21|9,41|56,45|82,78|6,8|45,61|62,79|32,51|9,62/9,78=9,57,20,82,78
54,29|29,91|34,56|50,65|99,96|89,34|54,93|93,0|65,37|37,6|54,50|24,89|54,98|19,40|86,45|98,7|0,99|7,86|54,24|91,19/54,6=54,50,65,37,6
53,25|13,93|6,69|78,66|64,13|28,48|78,64|67,68|78,6|14,67|93,72|78,30|78,5|69,28|30,53|5,14|25,76|79,31|12,79|66,12/78,76=78,30,53,25,76
40,27|60,23|40,67|40,63|63,57|87,83|16,79|67,51|40,74|51,90|64,91|42,87|90,15|23,95|91,16|40,64|57,80|74,60|27,42|80,21/40,21=40,63,57,80,21
31,19|96,68|29,23|96,49|10,17|25,95|95,43|49,25|87,9|96,53|53,5|38,81|34,57|5,10|96,38|81,29|68,31|19,78|96,87|9,34/96,17=96,53,5,10,17
12,88|51,2|65,3|26,65|31,84|69,51|24,12|24,69|84,81|70,8|24,26|3,27|8,46|24,28|81,71|2,59|88,14|24,31|28,70|14,79/24,59=24,69,51,2,59
17,68|98,3|11,31|7,6|80,51|31,88|7,22|13,15|41,34|7,98|68,26|22,9|6,17|5,41|32,5|46,11|9,13|7,32|3,80|7,46/7,51=7,98,3,80,51
49,6|33,17|20,63|51,1|33,84|26,54|34,83|54,38|6,45|33,60|35,20|83,66|17,26|78,51|33,49|45,19|60,34|33,94|84,35|94,78/33,38=33,17,26,54,38
55,93|59,40|9,79|16,28|9,98|9,55|0,37|6,0|40,29|98,59|34,53|48,30|88,72|30,34|10,56|79,6|93,88|9,16|9,48|28,10/9,56=9,16,28,10,56
87,27|40,29|90,44|10,57|10,4|92,85|12,90|19,98|10,40|57,11|11,3|3,2|79,58|56,19|10,12|10,79|29,92|58,87|4,56|44,86/10,2=10,57,11,3,2
45,23|34,32|71,65|23,82|12,46|74,51|32,2|2,95|70,91|71,4|71,7|71,34|58,12|71,58|91,26|7,45|4,70|63,74|46,66|65,63/71,82=71,7,45,23,82
91,37|44,66|58,31|38,76|58,80|80,11|34,56|31,42|78,34|98,15|58,57|76,73|58,39|11,0|37,44|58,91|0,96|39,78|42,98|57,38/58,15=58,31,42,98,15
29,84|82,19|27,66|29,21|75,92|37,82|97,26|29,49|29,65|49,95|21,81|29,46|95,39|18,27|65,37|46,3|39,41|84,18|3,97|81,75/29,19=29,65,37,82,19
54,0|81,86|87,54|70,49|87,11|71,15|15,66|40,68|87,40|11,7|87,22|87,81|99,36|72,8|86,72|16,69|0,16|68,70|22,71|7,99/87,49=87,40,68,70,49
95,65|70,93|58,3|86,7|65,80|5,67|83,64|83,86|80,35|88,25|93,59|83,95|67,58|83,76|83,5|44,91|7,44|40,88|64,40|76,70/83,35=83,95,65,80,35
95,56|44,68|95,43|68,39|56,45|63,34|10,63|11,61|61,15|99,67|78,98|67,38|15,26|95,44|82,99|43,10|39,4|95,11|45,78|95,82/95,26=95,11,61,15,26
30,23|24,33|97,51|73,74|10,90|97,56|56,53|97,50|45,39|57,30|39,92|92,31|51,29|29,10|53,73|50,24|97,45|97,64|33,71|64,57/97,71=97,50,24,33,71
55,33|80,85|33,22|2,75|62,94|88,62|13,70|45,80|92,93|60,88|27,40|22,95|45,55|85,27|45,2|8,49|49,13|45,60|45,8|75,92/45,93=45,2,75,92,93
95,60|60,0|80,73|97,80|97,71|15,26|6,96|97,15|46,30|97,46|33,95|84,88|75,7|88,4|73,75|30,6|8,18|71,84|97,33|26,8/97,18=97,15,26,8,18
67,28|10,8|7,13|79,92|99,76|13,97|40,37|74,66|45,78|78,10|92,82|87,55|97,99|28,74|7,79|7,67|82,18|7,87|55,40|7,45/7,76=7,13,97,99,76
86,61|31,47|82,18|33,50|91,31|62,33|60,62|8,23|60,8|60,86|2,91|61,6|95,82|23,68|3,95|60,3|68,55|50,52|60,2|6,16/60,47=60,2,91,31,47
49,14|97,91|0,52|88,12|59,29|18,97|39,28|96,59|18,93|93,63|18,26|89,30|63,0|69,89|11,96|12,49|26,69|18,88|91,39|18,11/18,52=18,93,63,0,52
24,88|53,54|53,39|53,26|20,33|39,62|54,20|16,91|56,46|62,13|26,16|61,41|53,5|33,99|53,61|41,56|5,24|88,57|13,58|91,87/53,99=53,54,20,33,99
91,72|63,34|92,97|34,5|60,36|78,92|36,91|93,50|53,78|65,2|72,88|60,12|28,63|2,87|12,65|7,44|60,7|60,28|44,93|60,53/60,50=60,7,44,93,50
87,16|5,42|79,7|40,84|40,88|40,5|35,92|42,79|20,60|15,10|52,36|84,51|40,87|10,83|83,24|88,20|60,74|51,35|40,15|16,52/40,92=40,84,51,35,92
27,18|27,33|40,19|96,40|20,60|21,45|27,86|45,84|60,39|27,21|68,8|24,2|27,44|86,59|18,96|33,68|59,24|8,42|84,29|44,20/27,29=27,21,45,84,29
95,59|23,61|2,85|81,57|81,22|5,98|61,72|38,37|58,38|1,5|19,95|81,64|57,2|22,1|81,19|59,68|85,24|81,94|64,58|94,23/81,37=81,64,58,38,37
10,46|27,92|27,23|33,16|63,2|92,63|27,12|9,33|12,73|73,88|88,1|97,93|27,9|0,10|84,97|23,0|16,17|2,98|27,84|93,14/27,98=27,92,63,2,98
25,36|41,12|44,59|29,93|75,94|29,41|29,4|4,95|97,47|12,7|38,51|29,44|36,76|7,46|57,97|29,8|59,75|95,38|93,57|8,25/29,47=29,93,57,97,47
3,80|17,8|93,92|17,64|40,68|17,75|75,30|30,65|87,25|57,40|17,13|66,93|31,87|71,3|25,24|8,71|64,66|17,31|13,57|65,45/17,24=17,31,87,25,24
64,57|5,81|41,80|77,30|64,19|80,66|64,88|83,47|57,77|47,14|64,49|58,28|73,58|81,12|28,18|88,83|30,46|19,41|49,5|64,73/64,14=64,88,83,47,14
99,60|58,99|3,46|3,57|75,78|47,58|3,96|46,39|3,47|81,26|96,56|18,29|20,88|56,81|88,76|29,84|57,20|3,41|41,18|39,75/3,78=3,46,39,75,78
16,66|94,10|60,94|60,6|74,37|96,21|60,74|30,86|10,5|5,39|60,30|35,56|86,35|60,96|21,16|61,26|89,82|6,89|37,61|82,87/60,87=60,6,89,82,87
45,84|16,73|75,81|40,66|71,45|23,14|23,98|27,52|69,71|89,62|23,16|23,40|76,12|2,76|73,89|39,27|98,39|66,75|14,2|23,69/23,52=23,98,39,27,52
24,59|89,96|14,89|25,36|24,76|24,61|7,37|59,69|30,95|53,21|96,71|69,25|67,2|95,32|2,7|24,67|61,53|24,14|21,27|76,30/24,32=24,76,30,95,32
95,98|5,40|10,85|54,51|60,70|60,34|60,29|85,54|60,81|34,2|70,94|94,35|14,62|44,14|60,10|2,95|40,45|35,30|81,5|29,44/60,45=60,81,5,40,45
84,43|56,5|48,24|97,79|95,98|43,1|2,69|5,48|79,42|98,85|70,75|95,84|95,65|95,56|1,76|55,72|85,55|69,70|95,2|65,97/95,72=95,98,85,55,72
3,75|0,76|76,32|54,22|66,83|75,73|53,52|87,47|63,16|37,87|54,3|73,10|70,37|54,0|54,63|16,53|32,98|18,66|54,70|22,18/54,47=54,70,37,87,47
4,88|35,73|97,92|45,95|83,47|53,64|6,94|2,76|88,53|6,97|36,8|6,2|6,32|76,83|75,36|95,66|6,4|92,35|32,45|94,75/6,8=6,94,75,36,8
20,37|97,64|20,25|2,8|63,21|25,80|37,11|20,2|5,77|11,97|80,63|96,98|28,96|54,19|20,67|67,54|8,5|19,14|98,52|20,28/20,52=20,28,96,98,52
9,14|64,25|18,8|14,35|43,92|62,63|25,18|40,12|40,68|40,24|99,38|68,9|12,49|40,52|38,85|40,64|52,83|83,43|49,62|24,99/40,92=40,52,83,43,92
85,70|84,39|38,64|27,29|35,58|14,49|58,78|78,3|29,43|49,17|43,81|39,38|27,85|17,50|27,84|70,67|81,51|67,54|27,14|27,35/27,64=27,84,39,38,64
58,89|45,53|9,77|41,9|34,87|96,29|91,80|99,28|58,15|12,41|54,67|89,2|28,34|15,96|29,59|58,45|58,12|53,91|2,54|58,99/58,77=58,12,41,9,77
25,85|83,1|0,25|58,24|38,64|19,29|0,58|0,88|37,26|24,38|85,19|94,27|86,83|16,37|88,86|12,89|0,97|0,12|89,94|97,16/0,26=0,97,16,37,26
8,43|97,92|61,2|92,73|47,59|15,55|73,64|34,1|43,60|33,57|57,34|61,33|2,25|55,76|76,44|60,66|61,15|25,47|61,97|61,8/61,1=61,33,57,34,1
26,82|83,22|24,28|47,50|83,6|30,0|28,4|43,15|54,30|22,54|15,91|83,43|50,26|6,24|70,92|92,31|83,70|83,47|31,73|91,97/83,0=83,22,54,30,0
8,44|8,50|8,71|57,94|96,29|8,22|50,96|13,66|29,12|78,16|4,57|22,60|39,32|8,40|17,78|40,4|71,13|66,90|60,39|44,17/8,94=8,40,4,57,94
56,34|2,9|11,84|34,45|60,11|38,91|38,56|46,57|80,2|57,95|38,48|45,96|9,10|95,50|38,46|90,99|38,80|99,44|48,60|91,90/38,96=38,56,34,45,96
67,37|20,98|13,15|50,88|89,20|37,29|88,39|12,63|36,89|12,36|12,0|86,41|0,67|12,35|32,13|46,86|35,46|63,50|15,61|12,32/12,39=12,63,50,88,39
80,70|28,35|54,38|80,28|32,71|83,3|57,64|64,96|36,9|80,57|96,12|52,30|35,32|70,54|80,48|30,59|48,52|9,83|38,45|80,36/80,71=80,28,35,32,71
25,27|1,95|39,50|39,94|84,82|39,84|82,25|12,65|39,47|9,92|47,72|94,9|50,12|39,1|95,52|65,75|72,64|64,57|52,60|92,51/39,51=39,94,9,92,51
58,38|77,33|67,58|38,42|42,9|49,53|99,95|26,22|67,14|14,31|67,99|67,44|67,49|86,40|95,41|53,86|41,6|18,26|44,18|31,77/67,22=67,44,18,26,22
1,49|93,0|83,33|87,45|9,21|36,93|77,83|87,51|87,88|87,86|21,60|88,36|86,46|89,9|46,90|20,1|87,89|51,20|90,53|45,77/87,53=87,86,46,90,53
58,63|24,87|21,24|17,68|17,46|67,5|28,70|75,76|68,31|54,92|63,75|51,11|86,28|31,51|17,67|1,21|46,86|17,58|17,1|5,54/17,11=17,68,31,51,11
40,81|84,35|35,47|68,49|64,3|84,40|70,58|34,68|3,53|19,9|83,45|84,0|81,19|43,67|47,70|67,83|84,34|49,80|84,43|0,64/84,53=84,0,64,3,53
28,33|67,97|67,10|26,63|32,53|20,18|67,20|10,21|21,25|67,68|68,9|77,72|66,32|67,65|9,28|72,11|25,70|65,77|97,66|18,26/67,33=67,68,9,28,33
21,19|16,46|88,49|88,8|82,53|49,78|47,97|88,47|8,21|15,55|88,59|78,16|53,56|18,15|59,82|97,67|55,4|67,44|19,39|88,18/88,56=88,59,82,53,56
4,71|4,81|73,23|4,78|31,57|69,66|13,80|71,26|26,87|80,98|70,31|4,30|78,73|57,18|87,9|66,42|4,70|30,13|23,99|81,69/4,18=4,70,31,57,18
54,92|54,58|92,42|97,33|80,72|58,80|52,13|54,78|54,66|13,53|66,97|53,34|42,1|33,67|78,89|89,29|1,2|54,52|72,77|29,9/54,34=54,52,13,53,34
80,7|89,68|46,56|46,93|51,80|93,40|46,88|87,71|46,67|71,78|94,89|23,2|55,21|46,94|40,55|88,51|2,91|67,87|68,48|56,23/46,21=46,93,40,55,21
21,88|33,95|56,83|90,9|85,21|2,92|90,11|83,0|97,51|55,56|9,85|90,2|70,17|90,71|92,70|95,35|51,22|11,97|90,55|71,33/90,88=90,9,85,21,88
28,84|76,61|10,17|82,98|54,27|52,49|84,20|88,28|27,62|88,0|88,80|95,10|45,52|88,76|0,54|61,82|20,53|80,45|87,95|88,87/88,98=88,76,61,82,98
77,51|37,43|50,60|41,4|43,5|82,50|77,59|58,91|77,37|45,68|51,98|5,67|15,75|77,15|75,58|83,41|59,83|60,28|77,82|98,45/77,91=77,15,75,58,91
86,29|9,51|21,23|67,24|51,50|64,21|66,97|48,43|86,69|86,64|69,9|6,37|86,67|43,66|24,6|29,88|23,5|86,48|98,53|88,98/86,5=86,64,21,23,5
1,11|4,86|44,99|4,24|24,1|34,84|11,90|56,95|84,76|47,56|4,34|60,58|64,60|58,65|76,51|4,64|99,80|4,30|30,47|86,44/4,65=4,64,60,58,65
73,12|73,68|70,39|12,38|31,5|46,82|63,51|51,44|14,35|73,14|73,69|5,50|73,31|3,75|38,3|39,33|68,63|35,46|69,70|50,80/73,80=73,31,5,50,80
28,98|10,83|15,33|70,78|83,99|33,31|65,10|48,87|59,57|39,14|15,28|98,39|40,59|95,70|15,47|31,48|15,65|67,40|47,95|15,67/15,78=15,47,95,70,78
46,27|88,68|88,49|95,29|64,95|68,44|97,41|41,22|22,83|88,97|44,11|38,46|43,77|88,75|27,94|88,38|75,64|11,70|69,43|49,69/88,77=88,49,69,43,77
76,84|32,72|40,77|58,4|66,94|72,46|30,16|94,22|30,76|30,66|30,58|22,61|90,37|84,90|4,81|12,65|16,32|81,55|65,40|30,12/30,37=30,76,84,90,37
57,87|87,77|52,30|1,23|71,1|71,52|35,44|30,32|71,48|63,72|91,63|71,17|67,11|48,57|23,67|72,9|17,78|71,91|32,76|78,35/71,11=71,1,23,67,11
21,98|17,73|52,0|68,70|81,64|32,65|80,97|26,32|98,54|7,21|47,91|26,80|65,17|70,5|97,52|26,7|61,68|26,61|26,47|91,81/26,0=26,80,97,52,0
36,47|30,65|43,81|2,19|47,95|82,77|99,6|38,59|95,3|54,94|6,48|81,58|30,82|48,28|30,36|30,99|77,54|59,2|30,38|65,43/30,94=30,82,77,54,94
64,54|6,43|2,82|31,18|82,92|49,55|64,49|68,10|43,16|44,77|92,9|64,68|10,31|51,53|89,51|64,89|53,41|54,6|55,44|64,2/64,9=64,2,82,92,9
46,15|26,69|51,86|69,46|98,13|26,98|15,68|36,42|30,28|53,30|39,21|78,53|21,55|59,51|38,39|26,78|89,59|26,89|13,36|26,38/26,55=26,38,39,21,55
69,75|26,17|8,47|26,71|47,88|43,36|57,69|36,51|51,12|17,57|26,59|71,98|21,8|59,13|13,40|26,21|40,93|98,64|64,31|26,43/26,93=26,59,13,40,93
88,70|11,88|96,65|90,16|50,0|1,50|0,41|43,14|24,10|41,9|85,11|42,58|65,43|1,32|1,85|1,24|10,42|32,22|22,90|1,96/1,58=1,24,10,42,58
75,28|84,53|19,4|87,5|26,20|33,41|43,89|84,23|20,33|28,13|84,43|23,75|84,9|9,19|89,94|4,92|84,26|94,2|1,87|53,1/84,41=84,26,20,33,41
2,35|2,86|2,95|71,4|95,52|76,46|73,76|2,32|2,73|35,63|32,14|52,71|55,33|86,67|79,51|66,1|46,53|67,55|63,66|14,79/2,33=2,86,67,55,33
4,97|52,21|60,99|47,60|69,89|47,69|47,43|54,70|99,11|68,71|45,75|43,54|47,4|11,19|97,45|70,83|89,78|71,52|78,58|47,68/47,75=47,4,97,45,75
34,11|48,90|48,1|4,49|22,10|51,34|9,4|90,9|1,75|79,74|10,27|48,22|27,54|25,63|48,51|72,79|11,5|94,72|48,94|75,25/48,49=48,90,9,4,49
42,2|13,12|10,49|45,98|45,39|98,16|39,10|45,56|16,87|45,4|49,89|87,50|4,60|73,30|2,0|60,13|53,42|45,53|30,14|56,73/45,0=45,53,42,2,0
63,16|16,0|12,4|93,78|61,83|12,20|79,37|52,3|12,63|20,24|4,23|24,54|54,99|23,75|12,52|0,53|75,14|12,93|3,79|78,61/12,14=12,4,23,75,14
84,83|20,98|86,6|84,53|53,41|48,54|9,88|42,9|93,33|92,86|88,99|84,93|98,73|33,48|84,20|57,77|73,7|83,92|84,42|41,57/84,7=84,20,98,73,7
56,16|6,7|72,88|4,6|88,64|56,72|64,9|62,0|56,62|45,2|3,45|41,55|56,22|0,41|22,4|56,63|16,3|63,70|95,8|70,95/56,55=56,62,0,41,55
29,10|29,9|95,21|68,57|29,91|91,22|3,38|9,46|66,3|15,35|83,84|10,68|29,37|29,66|46,15|57,80|16,83|22,95|37,16|38,40/29,80=29,10,68,57,80
39,24|51,38|0,75|38,4|27,99|27,91|24,42|91,51|99,55|65,68|90,0|54,62|55,65|27,48|27,69|62,29|27,90|69,54|75,92|48,39/27,42=27,48,39,24,42
67,89|56,95|68,64|65,31|67,56|44,58|67,21|79,25|67,44|89,55|21,1|66,94|10,65|55,45|59,10|1,79|95,68|58,66|67,59|45,22/67,64=67,56,95,68,64
0,45|9,74|3,66|58,32|18,29|73,80|84,0|68,89|48,35|29,69|59,84|69,48|61,3|18,59|18,61|89,9|80,58|66,44|18,73|18,68/18,44=18,61,3,66,44
37,10|65,62|4,41|40,34|4,55|4,78|10,53|91,40|34,42|4,96|57,65|49,6|60,18|41,7|7,60|78,49|96,57|55,37|6,25|4,91/4,62=4,96,57,65,62
21,5|7,89|22,16|13,10|3,66|80,1|97,68|5,48|53,97|51,53|62,13|75,3|62,21|10,80|48,12|89,22|62,51|18,75|62,18|62,7/62,68=62,51,53,97,68
66,15|26,61|38,16|28,26|69,46|52,66|46,25|81,83|50,28|58,70|42,58|15,72|38,81|16,69|78,40|38,42|83,78|70,39|38,52|38,50/38,25=38,16,69,46,25
91,97|13,89|14,20|20,58|43,39|5,43|14,91|14,36|32,1|14,94|23,82|61,16|1,61|97,13|14,32|64,18|94,5|58,23|31,64|36,31/14,89=14,91,97,13,89
40,72|0,28|61,58|0,12|7,39|0,61|26,44|78,57|3,33|29,3|0,40|21,7|0,9|12,93|87,18|28,21|93,87|72,78|9,29|58,26/0,44=0,61,58,26,44
51,78|78,34|54,46|25,0|56,53|86,22|25,77|44,64|46,40|76,87|22,84|25,54|87,44|4,56|36,51|25,36|77,86|25,76|0,4|40,62/25,53=25,0,4,56,53
14,37|44,30|61,69|30,13|0,5|13,91|46,67|14,80|14,44|67,58|76,0|37,68|68,18|80,61|34,76|14,46|14,34|69,38|58,86|18,17/14,91=14,44,30,13,91
9,34|99,30|98,71|57,39|30,62|87,53|57,45|24,14|53,83|57,77|31,98|39,99|57,12|77,31|45,24|14,55|57,86|12,87|34,81|86,9/57,62=57,39,99,30,62
9,77|5,56|77,20|39,88|57,31|20,39|9,87|87,23|23,65|18,47|65,34|9,57|47,27|31,16|9,18|9,15|82,5|16,53|27,81|15,82/9,81=9,18,47,27,81
97,62|49,74|99,61|29,35|13,49|82,69|82,13|81,99|30,65|21,22|51,81|62,29|69,1|82,12|82,51|74,20|1,21|12,76|76,30|82,97/82,35=82,97,62,29,35
4,85|2,46|86,13|14,60|47,99|95,24|26,30|30,59|5,26|24,10|58,6|60,2|95,5|10,58|95,14|13,47|0,4|95,86|79,0|95,79/95,6=95,24,10,58,6
16,87|24,42|8,90|97,21|49,48|97,29|11,2|87,11|97,79|97,16|89,8|48,72|97,76|79,17|70,24|17,1|1,68|76,49|21,70|29,89/97,72=97,76,49,48,72
98,68|33,71|65,2|68,44|75,82|65,27|62,31|65,22|65,95|27,98|95,20|37,54|20,19|31,4|19,49|71,75|65,33|54,58|2,37|22,62/65,49=65,95,20,19,49
51,65|7,89|32,99|16,41|56,4|35,33|16,51|16,9|40,73|16,71|65,66|9,62|33,26|16,7|66,31|89,32|41,35|62,40|72,56|71,72/16,73=16,9,62,40,73
46,56|91,7|20,27|73,55|82,68|9,75|19,70|68,19|0,84|66,73|47,61|61,90|75,47|9,82|84,46|9,36|9,0|36,66|9,20|27,91/9,55=9,36,66,73,55
26,58|17,26|51,22|24,12|39,15|4,69|58,51|0,9|12,45|45,10|20,80|41,39|15,94|99,65|65,20|17,99|17,24|17,0|17,41|9,4/17,69=17,0,9,4,69
80,64|31,92|80,7|17,65|48,39|29,61|39,29|52,10|80,74|80,48|65,46|80,17|46,88|72,27|38,31|64,16|74,38|16,52|7,72|27,75/80,92=80,74,38,31,92
59,97|5,66|66,79|38,80|80,88|28,38|28,24|23,36|24,46|28,20|28,59|20,5|73,23|88,0|95,52|45,73|28,45|46,95|97,68|68,22/28,36=28,45,73,23,36
87,59|36,34|13,78|34,97|40,36|47,20|40,94|40,87|94,79|40,13|79,45|78,12|54,37|59,47|45,98|40,54|97,50|37,53|12,61|53,57/40,50=40,36,34,97,50
5,2|52,42|32,36|56,25|5,61|42,94|61,52|5,58|14,46|25,13|48,95|76,56|2,99|36,38|53,48|5,11|58,32|99,14|11,53|5,76/5,94=5,61,52,42,94
95,57|88,17|32,88|22,43|80,56|7,80|43,2|95,97|51,5|57,37|95,32|5,65|24,25|2,52|47,7|95,22|95,47|37,24|17,64|97,51/95,65=95,97,51,5,65
16,29|54,50|8,54|3,25|28,98|70,72|62,16|69,3|29,68|94,90|90,46|70,62|98,78|70,49|63,28|70,63|49,8|70,44|44,94|72,69/70,78=70,63,28,98,78
12,65|52,61|72,51|59,10|13,89|14,28|59,68|68,72|59,52|20,94|23,14|36,58|10,45|51,99|28,35|59,23|59,13|61,20|45,12|89,36/59,58=59,13,89,36,58
80,98|70,0|80,66|80,60|34,74|91,69|47,25|15,47|14,37|0,99|60,34|98,58|80,70|99,44|66,15|58,14|80,90|74,13|69,31|90,91/80,13=80,60,34,74,13
57,95|13,12|4,79|56,62|75,13|64,36|22,60|57,22|57,29|38,64|57,92|16,65|57,26|92,75|26,38|95,76|29,15|15,4|60,16|76,56/57,12=57,92,75,13,12
64,27|25,0|20,82|4,91|98,32|48,54|0,13|32,48|25,98|13,26|26,79|25,4|82,10|70,90|94,20|27,70|25,64|76,95|91,76|25,94/25,95=25,4,91,76,95
1,3|76,8|8,92|49,96|49,90|96,40|69,36|66,1|48,69|28,67|37,79|49,66|40,37|49,48|3,82|67,41|41,29|90,76|36,86|49,28/49,92=49,90,76,8,92
92,43|52,93|81,11|88,52|43,56|37,18|76,39|88,64|9,86|18,9|70,40|11,72|88,37|64,81|39,70|88,92|57,0|88,76|93,57|56,83/88,86=88,37,18,9,86
23,85|24,30|23,53|28,3|16,7|23,78|23,90|53,81|54,76|81,54|23,27|7,6|40,24|39,5|78,47|90,16|36,39|47,28|85,36|27,40/23,76=23,53,81,54,76
63,84|70,67|52,47|69,1|35,66|71,70|92,35|73,95|95,57|28,69|26,28|84,73|49,52|63,26|63,64|24,92|63,38|63,24|64,71|38,49/63,47=63,38,49,52,47
26,66|49,11|24,2|98,3|10,28|10,60|76,98|59,24|60,67|10,26|18,59|10,18|67,49|13,51|42,82|10,13|28,76|75,0|66,75|51,42/10,11=10,60,67,49,11
13,37|34,6|34,96|96,42|67,27|34,19|27,78|3,35|34,48|14,13|55,99|35,46|34,14|65,89|37,2|42,65|6,3|99,8|48,67|19,55/34,2=34,14,13,37,2
79,48|65,80|47,35|13,50|80,13|2,96|48,83|57,21|83,11|1,5|96,47|2,79|78,57|2,65|91,24|35,38|16,78|2,1|5,91|2,16/2,50=2,65,80,13,50
22,26|74,61|61,40|22,13|51,98|65,31|82,67|98,82|31,44|95,4|22,65|48,95|71,28|36,71|13,74|22,51|26,48|22,69|69,36|44,70/22,28=22,69,36,71,28
5,97|83,80|97,75|0,10|82,31|98,26|17,83|49,33|0,5|85,76|10,90|75,56|76,82|0,85|90,49|0,60|43,17|26,71|60,98|0,43/0,31=0,85,76,82,31
6,5|52,0|73,54|46,35|29,42|91,81|11,46|35,63|5,91|6,73|6,7|0,30|6,11|7,52|54,31|84,29|31,74|6,64|81,71|64,84/6,74=6,73,54,31,74
10,50|55,95|95,40|55,23|70,71|15,58|40,59|1,51|32,22|23,15|89,30|5,62|59,75|50,89|55,32|71,5|55,10|22,1|55,70|58,41/55,41=55,23,15,58,41
66,36|46,66|62,6|46,40|6,88|15,18|32,44|88,50|13,15|40,73|46,57|18,7|77,78|73,77|46,62|46,13|57,68|68,70|70,37|36,32/46,37=46,57,68,70,37
71,70|70,63|1,71|83,21|1,33|56,81|33,56|44,72|63,95|99,23|1,69|23,44|94,4|86,88|69,45|81,73|1,99|45,94|1,86|88,83/1,95=1,71,70,63,95
54,7|0,19|19,55|64,49|23,83|29,23|5,92|18,5|83,97|55,75|7,58|97,1|49,60|92,63|29,64|29,18|29,54|58,9|60,34|29,0/29,34=29,64,49,60,34
72,89|55,20|72,66|48,70|72,48|91,84|28,75|72,78|84,90|6,2|66,44|44,28|78,55|89,19|71,96|72,91|90,3|70,71|19,6|20,59/72,96=72,48,70,71,96
35,58|32,25|14,2|13,14|64,50|48,39|82,0|90,28|13,82|39,66|1,52|2,70|70,47|13,48|52,64|25,35|66,42|13,32|0,90|13,1/13,58=13,32,25,35,58
99,55|73,91|17,2|85,84|84,93|83,59|51,73|51,1|51,34|91,83|36,62|51,31|1,99|31,36|93,94|55,40|2,42|34,17|51,85|62,16/51,94=51,85,84,93,94
24,70|31,38|31,77|91,67|77,58|48,47|70,72|4,6|22,19|54,48|6,28|68,54|58,22|31,68|31,4|82,24|31,82|38,91|67,37|28,61/31,61=31,4,6,28,61
32,5|81,77|36,7|77,20|37,97|82,21|22,82|89,15|37,81|58,89|20,47|13,32|37,23|37,64|64,17|17,36|97,58|37,22|21,84|23,13/37,7=37,64,17,36,7
92,69|25,88|21,86|84,46|8,34|98,15|38,25|21,75|75,38|96,68|21,84|99,97|68,0|15,99|23,50|21,23|86,96|50,8|46,92|21,98/21,69=21,84,46,92,69
76,56|32,77|9,76|20,44|81,32|25,47|11,81|88,9|78,20|60,91|7,60|44,38|88,25|88,11|88,7|12,5|91,29|56,36|47,12|88,78/88,29=88,7,60,91,29
64,20|72,61|88,40|81,64|33,81|50,33|50,28|61,45|78,93|94,53|50,54|54,72|6,78|98,88|50,95|28,6|99,94|68,98|50,68|95,99/50,40=50,68,98,88,40
25,64|6,46|12,17|90,22|83,65|88,5|12,20|46,14|52,82|2,72|65,73|12,2|82,87|22,25|12,90|12,51|17,52|51,83|20,6|72,88/12,87=12,17,52,82,87
55,72|71,1|74,21|74,61|61,45|13,47|74,98|24,37|74,26|74,13|1,59|45,9|26,71|44,31|9,99|98,44|31,81|21,24|47,55|37,73/74,99=74,61,45,9,99
94,43|96,54|50,98|64,50|28,96|25,23|87,51|64,16|23,79|42,24|51,42|34,3|99,28|64,65|3,66|64,87|16,34|64,99|98,94|65,25/64,79=64,65,25,23,79
77,75|77,56|97,84|77,19|77,6|32,51|56,86|46,37|19,52|9,11|37,58|77,18|75,62|6,46|52,9|86,97|62,45|51,23|18,32|45,67/77,58=77,6,46,37,58
53,48|22,19|60,99|28,67|54,28|8,76|76,38|10,7|18,53|9,25|95,8|9,22|45,10|25,54|9,45|98,18|7,16|9,95|9,98|19,60/9,48=9,98,18,53,48
84,9|14,20|9,11|45,62|33,8|84,46|84,33|75,14|83,51|51,65|84,96|21,52|2,44|8,2|81,45|11,21|96,75|46,81|98,83|84,98/84,44=84,33,8,2,44
58,87|73,17|44,37|44,29|86,45|6,83|40,24|17,40|67,27|29,67|35,58|44,35|37,96|27,64|44,73|87,74|83,89|96,86|44,1|1,6/44,64=44,29,67,27,64
78,49|68,3|98,24|85,8|48,68|24,72|9,63|56,85|72,89|12,95|63,56|9,6|99,18|9,48|9,99|3,34|95,52|18,78|6,12|9,98/9,34=9,48,68,3,34
32,67|31,57|33,17|79,31|23,96|30,55|73,41|55,56|56,2|26,23|41,77|33,26|96,13|33,79|17,43|43,32|33,73|33,30|77,92|57,68/33,92=33,73,41,77,92
72,28|30,67|91,37|91,73|87,52|86,87|67,79|53,25|91,86|91,23|42,22|73,53|60,42|23,30|37,60|1,72|25,75|91,1|52,62|28,19/91,22=91,37,60,42,22
23,77|57,47|72,76|25,65|25,13|77,31|47,68|25,3|21,20|84,85|76,17|78,84|25,78|31,56|85,88|3,72|65,81|13,57|81,21|25,23/25,17=25,3,72,76,17
30,85|38,34|47,51|38,47|39,41|40,89|41,11|38,99|6,2|38,72|94,6|85,29|45,37|34,30|38,94|51,40|99,45|72,39|37,46|2,61/38,61=38,94,6,2,61
80,93|91,49|49,79|80,58|3,60|58,38|93,77|62,92|92,10|59,33|10,70|80,62|79,55|7,47|69,63|33,69|80,59|80,91|77,3|38,7/80,70=80,62,92,10,70
59,64|51,79|80,26|59,96|77,67|96,20|97,99|66,8|88,52|59,77|64,80|8,51|49,42|26,3|20,49|67,48|59,97|59,66|99,88|48,1/59,1=59,77,67,48,1
28,18|94,74|28,95|95,56|28,94|28,98|18,81|81,49|50,17|53,11|17,41|30,34|49,60|11,24|56,86|28,50|74,30|98,53|86,3|41,68/28,68=28,50,17,41,68
74,87|34,74|24,63|50,70|1,21|39,1|87,58|39,43|9,33|19,24|21,94|6,36|70,9|39,34|39,50|39,6|51,46|43,19|94,41|36,51/39,33=39,50,70,9,33
1,56|4,86|44,99|4,24|24,1|34,84|56,95|76,51|84,11|47,76|4,34|60,58|64,60|58,65|11,90|4,64|99,80|4,30|30,47|86,44/4,65=4,64,60,58,65
85,32|44,60|65,44|42,24|65,89|96,99|89,31|63,25|38,57|64,27|65,82|99,13|65,63|65,64|41,52|82,96|31,85|27,38|25,42|60,41/65,57=65,64,27,38,57
2,45|34,37|34,15|51,75|37,51|82,19|33,42|19,89|15,82|69,72|45,33|34,2|7,67|30,7|34,30|72,93|34,21|75,22|21,69|67,25/34,25=34,30,7,67,25
55,93|59,88|9,79|16,28|9,98|9,55|0,37|6,0|88,72|98,59|40,29|48,30|34,53|30,40|10,56|79,6|93,34|9,16|9,48|28,10/9,56=9,16,28,10,56
59,34|14,54|74,32|54,29|99,72|14,59|24,21|51,58|56,99|30,51|5,20|72,86|14,2|2,30|20,74|14,5|14,56|29,83|34,24|83,26/14,26=14,54,29,83,26
49,8|33,35|96,36|57,68|56,33|92,20|56,21|56,49|88,96|77,70|58,13|56,54|13,51|8,57|95,75|54,88|75,92|21,58|35,77|56,95/56,20=56,95,75,92,20
17,73|88,6|73,48|18,0|71,59|88,77|92,65|39,81|88,96|59,18|96,74|77,20|88,71|6,17|53,91|81,92|88,39|20,28|28,19|74,53/88,48=88,6,17,73,48
98,73|8,49|96,93|52,8|96,52|23,84|5,19|49,35|96,0|76,98|45,74|13,70|96,13|0,23|70,5|29,76|74,77|84,79|96,29|93,45/96,73=96,29,76,98,73
38,56|57,44|87,2|89,1|65,84|57,87|57,16|57,41|57,38|44,65|28,5|19,81|84,32|41,28|2,98|1,17|56,19|98,70|16,89|5,79/57,17=57,16,89,1,17
7,1|55,71|10,11|0,67|48,29|67,21|0,55|21,18|0,7|18,2|4,85|83,22|1,65|11,48|0,4|0,10|71,83|85,75|75,20|65,92/0,2=0,67,21,18,2
55,64|3,84|27,81|27,47|64,10|42,72|19,17|27,98|81,55|87,41|47,19|31,3|41,49|72,48|17,57|27,31|27,92|92,87|84,11|98,42/27,11=27,31,3,84,11
54,92|54,58|92,42|97,29|80,72|58,80|52,13|54,78|54,66|13,53|66,97|53,34|42,33|29,9|78,89|89,1|33,67|54,52|72,77|1,2/54,34=54,52,13,53,34
89,11|89,26|26,57|11,75|58,43|89,91|89,34|57,87|37,6|83,61|75,84|91,83|25,58|64,37|84,29|87,19|61,22|89,21|21,64|34,25/89,43=89,34,25,58,43
0,48|47,56|75,89|64,77|64,39|64,49|77,13|64,38|56,58|38,93|13,0|49,75|64,53|53,8|99,45|8,99|89,81|26,36|39,47|93,26/64,58=64,39,47,56,58
68,18|26,33|68,12|84,74|90,82|33,54|12,90|54,24|74,60|18,84|57,65|48,57|19,39|68,41|65,16|7,19|68,48|68,26|41,7|82,38/68,16=68,48,57,65,16
35,58|32,25|14,2|13,14|64,50|48,39|82,0|70,47|13,82|39,90|1,52|2,66|66,42|13,48|52,64|25,35|90,28|13,32|0,70|13,1/13,58=13,32,25,35,58
2,58|89,0|4,41|0,7|39,65|58,4|95,29|2,25|65,9|81,39|2,92|20,76|25,95|2,81|41,94|92,31|29,53|2,24|31,20|24,89/2,76=2,92,31,20,76
39,89|89,52|55,9|78,14|10,33|98,71|65,57|33,65|78,10|78,18|14,98|3,44|71,62|11,20|4,23|18,39|20,3|78,11|78,55|9,4/78,44=78,11,20,3,44
19,80|6,45|58,51|19,5|63,82|51,98|80,84|19,71|48,85|30,58|1,48|71,6|19,30|64,93|5,1|45,88|19,63|33,32|84,64|82,33/19,85=19,5,1,48,85
9,90|41,29|7,25|63,13|70,98|13,58|98,54|25,10|70,7|54,9|10,30|24,41|70,76|0,52|52,38|70,68|76,24|38,23|68,63|70,0/70,23=70,0,52,38,23
81,57|15,74|3,46|74,3|29,82|46,43|15,88|26,99|11,2|15,11|88,81|57,90|2,26|76,19|5,49|15,5|49,76|82,30|15,48|48,29/15,99=15,11,2,26,99
31,48|55,67|51,98|36,21|55,97|55,31|79,27|4,79|47,32|48,51|97,23|55,56|27,13|5,92|21,0|2,5|67,36|55,4|56,2|23,47/55,0=55,67,36,21,0
98,68|33,71|65,2|68,44|31,4|65,27|62,54|65,22|65,95|27,98|95,20|37,75|20,19|54,58|19,49|71,31|65,33|75,82|2,37|22,62/65,49=65,95,20,19,49
9,86|97,1|8,48|30,77|42,8|70,63|48,64|86,97|76,90|76,82|84,18|63,7|82,91|76,30|76,42|36,60|91,36|77,84|76,9|90,70/76,7=76,90,70,63,7
14,37|44,30|61,0|30,13|58,86|13,91|46,67|14,80|14,44|67,69|76,58|37,68|68,18|80,61|34,76|14,46|14,34|0,5|69,38|18,17/14,91=14,44,30,13,91
84,27|74,52|74,17|59,95|23,4|83,56|17,99|82,40|74,84|19,62|48,6|74,19|53,59|52,53|99,23|11,5|62,11|27,82|6,83|74,48/74,40=74,84,27,82,40
84,52|32,89|81,64|85,11|85,6|54,67|85,54|37,81|11,32|71,48|6,1|48,45|31,71|89,91|85,31|67,66|66,8|1,84|85,37|64,49/85,49=85,37,81,64,49
38,16|87,38|18,40|24,42|70,34|79,70|40,4|87,47|92,79|87,92|10,30|16,10|47,15|87,67|19,24|42,77|67,18|43,60|15,43|87,19/87,77=87,19,24,42,77
3,44|68,54|83,37|14,30|25,68|25,58|84,3|37,69|63,0|25,71|27,51|30,20|58,83|0,13|71,14|31,63|26,84|25,26|54,27|25,31/25,51=25,68,54,27,51
0,7|59,93|53,50|75,11|43,58|99,37|24,99|36,43|41,53|7,75|73,41|36,73|36,0|36,59|58,64|93,15|64,78|36,24|15,22|37,1/36,1=36,24,99,37,1
51,28|68,54|28,52|13,31|50,34|67,73|29,17|30,50|31,29|67,13|67,51|33,47|73,33|70,68|47,76|52,99|34,92|62,70|67,30|67,62/67,76=67,73,33,47,76
47,75|52,22|59,1|54,65|22,50|54,3|65,41|54,59|3,52|54,39|14,68|1,85|39,91|54,23|41,57|68,98|23,14|85,9|57,36|91,47/54,36=54,65,41,57,36
89,19|39,16|2,81|76,39|73,87|91,76|34,89|3,23|12,14|23,20|19,82|46,3|81,12|46,34|46,73|10,54|87,10|46,91|20,93|46,2/46,16=46,91,76,39,16
17,40|81,96|88,41|1,72|1,30|1,23|99,21|0,60|1,99|1,0|60,84|84,38|40,82|94,80|21,94|30,73|73,81|72,62|23,17|62,88/1,96=1,30,73,81,96
59,34|14,54|51,58|54,29|99,74|14,59|24,21|72,86|56,99|30,72|5,20|74,32|14,2|2,30|20,51|14,5|14,56|29,83|34,24|83,26/14,26=14,54,29,83,26
60,27|73,88|34,4|73,45|73,83|73,11|11,14|14,2|2,31|73,60|45,90|90,57|88,68|86,56|57,18|24,86|83,24|68,34|9,99|27,9/73,18=73,45,90,57,18
20,64|95,78|88,63|63,40|88,13|88,10|88,23|13,46|90,50|10,39|50,18|78,20|71,80|40,85|88,95|59,32|39,59|85,75|23,90|46,71/88,64=88,95,78,20,64
90,46|55,86|43,87|86,82|61,11|68,3|94,80|11,20|54,55|90,69|80,24|46,43|50,68|90,50|90,54|69,94|20,59|90,61|3,92|87,52/90,24=90,69,94,80,24
15,18|20,87|79,53|87,30|7,97|84,69|14,79|20,95|20,7|20,84|86,93|69,86|30,15|6,58|20,66|85,32|66,14|97,85|58,72|95,6/20,93=20,84,69,86,93
79,46|1,30|91,23|12,45|73,8|28,70|75,9|42,73|45,79|28,12|28,1|28,94|70,91|30,69|38,75|94,42|28,49|69,68|49,38|23,71/28,71=28,70,91,23,71
51,5|85,54|70,56|54,37|0,48|12,0|24,55|85,70|62,24|85,93|85,3|16,95|80,62|56,79|37,16|93,33|85,80|33,51|79,76|3,12/85,76=85,70,56,79,76
94,35|51,92|80,76|89,5|2,95|35,49|29,27|92,44|49,34|5,29|82,51|2,10|2,82|40,57|95,45|2,89|76,79|45,40|2,94|10,80/2,27=2,89,5,29,27
7,66|28,19|28,5|28,7|28,18|5,48|66,88|16,20|24,89|28,35|59,16|35,24|48,91|88,2|18,59|89,60|91,0|19,47|47,74|74,12/28,0=28,5,48,91,0
12,14|73,63|9,12|68,60|16,9|57,27|73,42|73,16|42,61|29,78|63,68|73,44|80,40|44,62|73,99|61,29|62,57|40,83|99,80|60,72/73,27=73,44,62,57,27
63,93|60,67|46,28|86,76|39,79|34,86|46,5|1,39|28,1|46,60|58,41|72,31|5,58|46,80|41,47|67,63|61,34|46,61|31,43|80,72/46,76=46,61,34,86,76
2,51|90,29|25,59|29,99|34,30|23,26|26,49|23,14|59,98|85,2|23,25|58,10|14,90|49,12|98,89|23,48|12,11|10,34|23,58|48,85/23,11=23,26,49,12,11
47,52|76,29|47,87|41,9|32,1|47,77|47,10|71,2|1,3|10,41|50,32|77,71|53,81|81,45|52,15|9,91|47,50|2,74|15,76|87,53/47,74=47,77,71,2,74
74,7|53,28|46,53|7,37|21,91|74,61|61,26|74,0|11,81|74,21|37,11|54,85|80,66|26,52|74,6|0,46|86,80|52,64|91,54|6,86/74,81=74,7,37,11,81
53,17|83,11|26,8|89,23|21,94|8,87|43,90|90,70|40,43|89,40|14,33|96,21|97,18|17,14|89,53|18,83|4,96|89,97|23,26|89,4/89,94=89,4,96,21,94
30,37|30,77|15,28|30,69|69,76|30,93|59,71|55,15|93,34|39,89|60,59|37,60|30,55|34,20|97,42|20,73|28,32|77,45|76,97|45,39/30,73=30,93,34,20,73
88,5|6,46|12,17|90,22|83,25|65,73|12,20|46,14|52,82|2,72|25,64|12,2|82,87|22,88|12,90|12,51|17,52|51,83|20,6|72,65/12,87=12,17,52,82,87
65,40|84,29|59,12|91,87|91,22|91,54|75,8|91,16|66,83|87,62|16,75|12,58|80,65|8,21|54,80|91,67|22,59|29,24|62,66|67,84/91,24=91,67,84,29,24
3,41|37,18|18,3|37,62|73,28|37,65|37,83|41,52|0,10|98,35|62,91|26,45|37,73|28,26|83,55|91,0|55,75|65,39|39,98|75,60/37,60=37,83,55,75,60
40,89|50,91|50,76|50,93|6,15|72,86|48,99|87,26|21,40|91,96|96,72|10,22|76,21|93,52|50,25|50,6|99,44|25,48|52,10|15,87/50,22=50,93,52,10,22
79,48|65,80|47,83|13,50|80,13|2,96|48,57|35,38|57,21|1,5|96,47|2,79|78,35|2,65|91,24|83,11|16,78|2,1|5,91|2,16/2,50=2,65,80,13,50
92,62|66,14|27,90|80,92|14,34|55,33|27,38|22,82|81,67|33,74|16,80|27,83|67,72|27,66|90,42|27,16|42,22|34,24|83,81|38,55/27,72=27,83,81,67,72
46,31|31,34|82,0|82,75|59,78|71,46|0,77|82,64|75,95|91,59|95,73|77,63|78,67|64,90|82,71|63,45|17,84|82,91|73,86|90,17/82,45=82,0,77,63,45
6,35|90,42|78,55|52,54|1,95|78,45|45,16|91,11|78,52|78,10|87,90|10,87|16,83|78,46|46,24|55,1|83,40|24,91|54,6|95,43/78,11=78,46,24,91,11
83,74|74,51|30,69|9,16|89,27|30,73|37,49|77,8|30,2|30,68|2,9|49,98|88,23|16,17|68,14|23,77|14,89|30,88|69,37|73,83/30,51=30,73,83,74,51
20,41|53,86|20,90|17,0|63,85|4,7|80,63|20,4|77,70|90,53|7,24|20,79|35,14|70,17|86,83|79,80|20,77|47,35|41,47|24,23/20,85=20,79,80,63,85
0,95|59,88|8,40|42,33|81,25|65,50|42,82|39,13|25,76|13,45|88,65|55,8|95,20|73,55|42,59|77,81|82,39|42,77|33,0|42,73/42,20=42,33,0,95,20
2,16|67,79|39,10|73,2|37,77|67,89|43,9|94,39|5,14|67,34|53,43|95,47|89,73|67,5|14,95|9,49|51,37|79,51|67,53|34,94/67,10=67,34,94,39,10
7,56|97,38|89,14|76,90|26,99|10,9|64,10|76,17|67,37|62,63|38,89|56,33|63,67|76,98|98,64|17,18|18,26|90,7|76,97|76,62/76,99=76,17,18,26,99
90,61|25,34|28,38|6,33|43,41|38,6|73,43|73,28|60,29|85,48|73,90|48,95|56,85|73,56|73,60|61,97|97,50|41,25|29,92|92,83/73,50=73,90,61,97,50
10,77|30,6|13,33|8,60|13,10|34,32|96,49|33,54|13,74|13,56|76,8|17,34|13,37|49,27|54,30|74,76|31,99|37,96|56,17|77,31/13,32=13,56,17,34,32
81,53|14,18|60,42|7,5|1,7|84,1|74,29|20,10|26,51|48,14|48,81|48,69|10,59|72,20|18,60|53,74|22,26|48,84|48,72|69,22/48,59=48,72,20,10,59
46,53|38,62|92,46|3,41|53,33|31,43|6,12|54,6|62,29|54,21|21,59|82,75|12,82|54,94|41,71|77,38|59,31|94,3|54,92|54,77/54,71=54,94,3,41,71
17,36|75,93|36,3|76,16|47,23|54,57|71,29|85,45|29,17|23,70|71,56|98,75|49,76|71,21|56,49|71,15|21,98|71,85|45,54|15,47/71,57=71,85,45,54,57
24,55|85,54|70,56|54,37|0,48|12,0|16,95|85,70|62,16|85,93|85,3|51,5|80,62|56,79|37,51|93,33|85,80|33,24|79,76|3,12/85,76=85,70,56,79,76
80,39|76,21|47,67|76,64|76,37|2,36|76,75|84,69|75,96|82,84|37,45|21,98|64,82|36,52|45,80|0,27|76,25|98,0|96,47|25,2/76,52=76,25,2,36,52
15,73|68,83|75,31|65,87|31,72|44,84|75,8|84,65|49,76|73,90|75,44|8,68|75,71|76,94|90,19|27,74|72,27|71,49|83,18|75,15/75,18=75,8,68,83,18
84,27|57,36|80,91|3,10|84,70|21,12|84,80|59,96|98,2|48,94|84,63|70,57|94,98|84,48|91,3|96,39|12,75|27,59|36,88|63,21/84,2=84,48,94,98,2
23,85|7,6|23,53|28,3|16,39|23,78|23,90|53,81|54,76|81,54|23,27|39,5|40,7|24,30|78,47|90,16|36,24|47,28|85,36|27,40/23,76=23,53,81,54,76
2,32|80,64|96,14|43,49|96,89|45,43|7,81|17,45|96,27|89,80|84,36|32,84|64,23|96,17|96,2|14,97|97,7|18,12|99,18|27,99/96,81=96,14,97,7,81
18,86|65,15|15,7|0,27|7,33|94,39|5,63|27,50|39,32|94,65|82,0|86,45|94,35|63,10|94,12|32,62|94,82|12,18|35,5|62,54/94,45=94,12,18,86,45
53,88|15,53|40,47|44,0|50,69|50,15|50,40|3,14|29,58|50,29|88,27|47,3|62,99|2,19|91,44|50,91|58,62|69,2|0,9|19,11/50,14=50,40,47,3,14
10,34|52,89|49,3|89,97|76,52|64,14|14,73|78,64|10,78|12,49|30,29|29,72|34,61|10,12|70,82|72,81|10,76|3,20|10,30|61,70/10,73=10,78,64,14,73
39,25|75,62|17,39|9,23|72,9|25,76|62,99|23,98|93,73|68,66|66,44|98,13|72,49|72,34|34,75|49,93|90,68|72,17|72,90|73,64/72,64=72,49,93,73,64
76,45|84,43|48,8|22,48|61,95|68,26|76,38|57,68|76,58|20,13|43,87|45,63|63,20|76,23|76,17|23,22|95,77|58,61|17,57|38,84/76,77=76,58,61,95,77
85,93|67,32|83,56|82,45|52,83|25,82|90,84|84,75|75,15|52,67|56,47|52,5|5,25|7,12|52,7|47,3|52,90|32,10|12,85|10,71/52,71=52,67,32,10,71
10,98|47,56|1,79|0,9|98,1|86,4|46,84|84,88|8,95|4,8|56,35|82,46|34,17|34,86|34,10|9,15|17,0|62,47|34,82|34,62/34,35=34,62,47,56,35
26,73|7,44|6,35|56,45|57,22|82,57|76,26|82,6|82,37|22,75|44,39|82,99|4,19|99,7|82,91|37,76|75,40|19,24|35,56|91,4/82,39=82,99,7,44,39
27,63|57,7|90,52|57,85|52,2|35,6|93,99|23,0|57,69|92,93|57,15|69,90|67,74|74,23|15,92|14,27|57,67|83,35|7,83|85,14/57,2=57,69,90,52,2
80,31|80,79|72,52|99,50|55,19|69,54|43,72|57,45|31,43|80,51|32,42|80,99|42,60|79,49|49,57|78,32|6,69|51,6|80,78|50,55/80,52=80,31,43,72,52
47,90|88,19|52,9|47,98|72,96|51,41|22,51|7,26|47,72|75,58|41,14|26,15|42,5|67,88|47,22|96,42|98,67|58,52|90,7|47,75/47,9=47,75,58,52,9
93,29|93,5|64,37|93,81|66,35|34,94|93,64|81,34|6,18|29,76|93,23|23,83|16,49|62,60|37,6|5,27|76,66|83,62|94,0|27,16/93,18=93,64,37,6,18
79,5|92,20|20,42|42,50|2,81|68,76|92,97|57,52|44,86|92,79|92,2|86,57|33,12|5,33|99,62|10,68|81,99|97,10|92,44|50,1/92,52=92,44,86,57,52
97,85|7,27|54,97|7,79|96,36|72,54|7,40|24,14|7,25|7,72|41,38|31,16|17,24|27,35|25,17|63,41|16,80|35,96|40,31|79,63/7,38=7,79,63,41,38
13,96|20,88|91,13|66,45|99,77|18,90|66,34|66,99|53,7|66,41|77,10|41,53|26,91|66,26|10,56|84,18|7,61|45,38|38,20|34,84/66,90=66,34,84,18,90
29,64|29,32|33,45|29,84|52,1|5,99|68,52|47,36|99,39|83,23|13,47|42,12|23,22|32,13|29,33|45,42|29,5|84,83|64,68|39,88/29,12=29,33,45,42,12
8,43|97,92|61,2|92,73|60,66|15,55|73,64|34,1|43,76|33,57|57,34|61,33|2,25|55,47|47,59|76,44|61,15|25,60|61,97|61,8/61,1=61,33,57,34,1
74,60|42,96|80,66|61,1|74,79|74,42|35,68|38,6|1,57|14,61|74,38|96,80|75,40|73,75|79,35|31,52|60,73|68,17|6,31|74,14/74,52=74,38,6,31,52
22,83|72,98|41,91|98,37|17,95|6,20|91,7|37,33|73,79|80,17|72,68|83,6|72,22|72,90|72,48|48,80|4,73|90,41|33,35|68,4/72,95=72,48,80,17,95
47,52|9,91|47,87|41,1|32,76|47,77|47,10|71,2|76,29|10,41|50,32|77,71|53,81|81,45|52,15|1,3|47,50|2,74|15,9|87,53/47,74=47,77,71,2,74
17,30|45,91|14,41|50,57|7,70|6,7|77,4|57,66|16,28|48,50|29,45|29,16|29,6|28,17|41,77|70,15|29,48|29,14|32,43|91,32/29,4=29,14,41,77,4
29,95|67,28|12,90|58,70|88,63|63,62|29,44|7,68|29,67|29,88|44,41|70,7|29,58|41,65|62,77|95,34|65,10|34,12|28,56|56,84/29,68=29,58,70,7,68
31,48|55,67|47,32|36,21|55,97|55,31|79,51|4,79|27,13|48,47|97,23|55,56|51,98|5,92|21,0|2,5|67,36|55,4|56,2|23,27/55,0=55,67,36,21,0
46,57|82,24|85,46|96,97|0,41|97,19|37,61|96,49|96,47|47,43|43,82|96,83|41,14|61,20|96,54|54,0|23,80|19,23|49,85|83,37/96,14=96,54,0,41,14
7,83|18,42|91,55|39,31|41,93|32,39|27,96|77,99|93,79|7,80|57,77|80,57|7,18|3,32|42,27|50,91|89,50|7,3|83,41|7,89/7,31=7,3,32,39,31
66,63|1,34|43,85|89,69|43,94|67,1|43,78|82,38|94,18|22,7|43,24|43,86|87,89|24,22|7,13|18,66|86,11|85,87|78,67|11,82/43,34=43,78,67,1,34
4,61|29,0|45,29|4,45|0,16|46,18|4,58|14,96|96,71|90,84|58,52|4,94|61,14|52,73|73,83|40,68|84,32|68,46|4,40|94,90/4,83=4,58,52,73,83
26,72|54,84|88,26|74,70|12,32|97,1|46,8|97,88|97,12|50,17|72,65|7,57|70,98|97,7|1,74|17,30|18,50|32,54|57,46|97,18/97,84=97,12,32,54,84
99,13|22,67|66,93|73,59|99,74|99,57|18,68|74,49|17,18|59,14|85,66|53,22|99,56|56,73|49,62|57,85|13,53|99,17|68,60|62,70/99,93=99,57,85,66,93
27,34|27,9|9,51|19,41|32,68|27,25|22,32|39,6|27,82|21,75|34,19|63,14|27,63|82,22|6,84|42,10|51,42|41,66|14,21|25,39/27,84=27,25,39,6,84
85,27|88,65|52,83|85,87|85,86|65,77|69,62|85,35|87,9|62,4|85,69|58,67|86,84|13,7|35,88|27,13|7,46|9,52|4,17|84,58/85,67=85,86,84,58,67
20,65|63,52|38,70|68,62|26,78|30,20|95,36|81,60|57,63|95,81|78,34|62,28|95,68|95,57|65,1|52,44|28,79|36,26|95,30|60,38/95,44=95,57,63,52,44
24,55|42,89|55,18|47,62|32,24|86,74|15,86|14,70|47,14|89,52|74,63|62,42|19,78|78,80|47,19|47,32|33,17|80,50|70,33|47,15/47,63=47,15,86,74,63
29,37|32,83|32,53|83,61|49,11|99,65|21,64|61,78|65,29|53,70|11,28|70,34|32,41|32,99|57,81|34,97|41,49|32,21|78,77|64,57/32,28=32,41,49,11,28
30,10|38,11|98,22|49,50|86,38|25,32|46,59|22,49|23,72|30,23|68,25|0,68|72,31|59,18|30,98|30,0|31,27|10,46|39,86|30,39/30,50=30,98,22,49,50
73,4|29,65|93,5|4,24|3,16|93,18|5,2|93,54|18,33|86,3|2,6|54,75|93,61|61,73|75,29|6,27|19,11|33,19|93,86|16,50/93,11=93,18,33,19,11
98,32|58,37|29,98|38,21|32,89|56,5|5,26|37,20|58,56|34,61|21,60|58,29|26,16|64,17|18,38|6,39|58,18|58,34|61,6|20,64/58,17=58,37,20,64,17
88,32|49,40|40,7|95,59|70,78|52,11|16,88|16,90|44,82|32,44|11,20|16,95|16,36|36,52|66,60|78,74|59,66|90,70|16,12|12,49/16,60=16,95,59,66,60
34,23|47,87|47,65|29,11|65,62|63,73|70,77|47,51|47,68|40,81|57,94|16,40|51,34|62,63|23,45|47,29|87,95|11,70|68,16|95,57/47,77=47,29,11,70,77
26,83|42,45|45,44|26,23|84,24|56,84|96,19|19,9|83,80|46,56|99,92|26,96|26,46|43,42|26,43|6,87|80,6|9,69|23,99|92,48/26,69=26,96,19,9,69
54,46|71,7|81,71|73,89|4,29|32,26|29,45|61,81|4,41|4,76|76,52|20,66|41,70|52,54|45,32|70,73|66,31|4,61|4,20|31,56/4,7=4,61,81,71,7
21,18|44,12|24,81|44,62|44,69|44,55|28,16|96,67|99,28|62,99|69,75|75,61|18,5|48,24|55,21|44,10|12,58|58,96|61,32|10,48/44,81=44,10,48,24,81
85,30|65,91|37,41|9,94|28,47|94,85|41,59|9,65|88,28|9,74|3,32|74,13|13,3|91,36|59,20|36,16|9,37|30,75|47,79|9,88/9,20=9,37,41,59,20
68,46|33,42|48,32|9,2|14,21|8,33|32,25|21,81|68,9|86,44|88,8|74,48|2,11|80,86|68,88|68,74|68,65|11,75|46,14|65,80/68,42=68,88,8,33,42
78,63|63,69|12,96|23,75|74,60|40,62|5,74|50,59|5,50|60,23|5,68|5,40|20,51|46,38|62,46|68,73|79,78|59,20|73,12|5,79/5,38=5,40,62,46,38
89,52|82,25|25,47|75,66|42,30|82,5|10,20|47,10|26,68|5,14|50,49|14,42|82,98|98,1|51,75|97,51|1,26|82,89|82,97|52,50/82,68=82,98,1,26,68
38,76|59,37|32,99|5,67|59,91|76,57|99,93|14,17|91,38|59,75|11,5|59,11|7,12|67,62|37,32|17,0|59,79|79,14|45,7|75,45/59,57=59,91,38,76,57
93,41|25,3|73,36|83,6|74,25|42,45|15,42|56,49|51,73|51,1|1,83|39,56|6,97|36,93|49,12|3,29|51,74|51,13|13,15|51,39/51,12=51,39,56,49,12
89,76|15,46|77,2|49,15|2,69|72,45|64,72|75,0|77,93|77,64|27,49|43,89|39,11|93,39|69,75|77,43|11,9|45,84|77,27|76,80/77,84=77,64,72,45,84
99,41|41,56|82,78|19,77|99,0|56,58|25,23|73,33|51,73|99,19|99,51|23,46|33,61|58,65|99,72|4,49|77,4|78,54|72,25|0,82/99,65=99,41,56,58,65
92,26|88,81|92,88|10,86|92,25|38,14|16,36|13,29|54,16|26,27|86,13|21,98|92,10|92,54|27,51|25,38|51,97|14,59|36,12|81,21/92,29=92,10,86,13,29
21,84|81,77|36,7|77,32|37,97|82,20|22,82|89,15|37,81|58,89|32,5|13,21|37,23|37,64|64,17|17,36|97,58|37,22|20,47|23,13/37,7=37,64,17,36,7
92,26|88,81|92,88|10,86|92,25|38,51|16,14|13,29|54,16|26,27|86,13|21,98|92,10|92,54|27,36|25,38|36,12|51,97|14,59|81,21/92,29=92,10,86,13,29
12,16|5,96|89,9|9,19|72,75|99,93|6,99|31,42|31,62|62,46|31,38|31,56|16,58|56,89|96,64|42,12|93,52|38,5|31,6|46,72/31,58=31,42,12,16,58
34,33|74,6|84,80|17,76|80,65|76,34|90,57|3,46|57,47|3,17|3,10|46,84|10,63|73,45|3,90|0,67|47,58|63,0|45,74|3,73/3,67=3,10,63,0,67
33,60|92,77|77,33|24,53|2,97|92,9|37,2|60,64|92,20|9,24|20,26|92,1|92,37|7,78|1,70|97,65|26,7|41,90|53,93|70,41/92,90=92,1,70,41,90
17,53|53,81|93,28|28,82|88,41|68,99|41,8|32,45|69,85|8,56|45,68|48,69|30,88|19,93|30,23|30,34|30,32|34,48|30,19|23,17/30,99=30,32,45,68,99
27,98|80,3|3,9|54,80|13,74|37,54|51,56|30,44|44,33|11,27|37,68|37,2|2,28|37,49|98,18|56,71|49,51|68,30|37,11|28,13/37,71=37,49,51,56,71
41,48|29,66|59,68|64,27|27,59|60,98|64,91|84,17|49,4|68,34|64,60|22,49|66,84|48,43|98,19|64,29|64,22|19,3|4,80|91,41/64,3=64,60,98,19,3
1,43|81,58|1,8|43,78|78,9|1,49|34,33|66,28|1,66|1,64|60,14|49,3|28,34|9,98|94,81|31,37|8,60|14,11|64,94|3,31/1,58=1,64,94,81,58
10,25|26,14|86,26|91,28|14,0|68,86|68,42|34,6|68,34|6,58|55,10|36,5|42,91|25,69|28,38|58,90|68,3|5,30|3,36|68,55/68,30=68,3,36,5,30
58,38|26,62|9,13|9,16|13,86|32,45|9,66|48,3|66,70|80,37|16,58|69,30|99,29|86,48|38,79|9,32|9,69|30,26|70,99|45,80/9,62=9,69,30,26,62
16,23|7,98|96,7|77,14|66,81|93,66|9,21|10,90|23,96|85,42|15,1|72,38|1,10|16,9|16,5|16,15|5,93|38,77|16,72|21,85/16,42=16,9,21,85,42
98,29|33,78|29,28|69,57|97,64|55,36|97,41|65,32|20,92|64,77|77,20|97,65|11,55|97,24|97,46|57,94|32,33|46,98|24,69|41,11/97,78=97,65,32,33,78
31,0|36,29|44,21|67,36|21,60|98,55|12,13|44,24|60,22|44,75|55,78|29,65|75,38|22,23|48,98|0,87|24,31|44,48|44,67|38,12/44,78=44,48,98,55,78
81,53|14,18|74,29|7,5|1,7|84,1|26,51|20,10|60,42|48,14|48,81|48,69|10,59|72,20|18,74|53,26|22,60|48,84|48,72|69,22/48,59=48,72,20,10,59
86,16|50,65|50,41|28,17|63,38|18,66|38,71|50,89|65,86|41,77|50,69|12,28|69,12|66,35|44,63|50,44|77,51|89,18|16,20|51,72/50,17=50,69,12,28,17
25,17|61,90|89,38|52,58|10,89|90,52|58,60|20,10|92,49|93,39|83,93|39,31|61,83|61,55|6,25|55,92|76,6|61,76|61,20|49,87/61,87=61,55,92,49,87
3,85|25,98|91,1|71,57|61,20|85,79|57,81|71,92|98,55|22,36|81,91|94,3|71,94|64,61|55,74|92,22|20,2|36,31|71,64|71,25/71,1=71,57,81,91,1
58,31|22,87|98,53|8,22|15,84|46,15|46,8|49,47|46,83|87,5|83,40|40,68|41,70|84,26|31,49|26,3|68,96|70,98|46,58|46,41/46,5=46,8,22,87,5
7,27|32,20|7,44|44,39|7,11|39,74|82,8|11,73|8,56|56,87|7,82|27,36|18,79|90,26|2,92|26,18|74,40|73,32|7,90|36,2/7,79=7,90,26,18,79
25,49|25,59|90,40|28,22|18,90|61,86|74,50|86,39|6,74|88,97|49,28|85,61|25,2|27,18|59,6|97,56|25,27|22,83|25,85|2,88/25,56=25,2,88,97,56
12,60|31,56|33,10|95,97|60,72|45,89|47,42|91,63|48,15|42,45|5,2|31,95|56,5|2,13|81,12|31,48|97,91|31,47|15,33|31,81/31,63=31,95,97,91,63
5,33|39,4|5,25|23,83|67,56|33,96|5,67|34,65|4,27|54,28|93,68|96,93|56,34|5,75|27,85|5,39|41,23|25,92|92,54|75,41/5,65=5,67,56,34,65
89,72|87,99|15,71|12,96|69,54|93,87|97,80|89,28|48,12|80,51|82,69|89,78|28,82|89,5|30,48|71,84|89,30|78,97|5,93|72,15/89,54=89,28,82,69,54
17,29|17,57|29,77|89,6|17,71|93,13|17,68|13,91|68,93|77,81|31,42|66,89|57,40|81,87|55,4|83,15|71,66|40,31|17,83|15,55/17,4=17,83,15,55,4
21,1|39,51|97,0|67,48|91,26|1,73|82,3|11,39|0,11|97,15|56,91|22,56|15,75|97,21|75,82|97,18|73,10|97,22|87,67|18,87/97,10=97,21,1,73,10
92,0|56,30|30,63|38,35|81,57|49,81|3,92|56,8|17,3|63,84|57,74|56,85|85,39|77,31|47,77|84,53|56,17|56,49|8,47|39,38/56,0=56,17,3,92,0
58,17|46,11|75,37|85,21|17,29|89,54|75,70|75,49|75,89|75,46|21,31|36,91|49,48|12,19|48,36|26,79|11,26|37,58|54,12|70,85/75,19=75,89,54,12,19
16,67|74,52|77,32|52,40|27,85|62,26|96,77|76,96|40,7|7,9|26,49|74,2|3,27|85,33|79,65|74,76|74,79|65,16|74,3|2,62/74,67=74,79,65,16,67
43,9|66,40|11,74|11,95|11,17|74,35|17,50|22,67|88,22|11,52|11,66|95,31|50,43|80,73|52,88|35,28|40,80|81,56|28,84|31,81/11,73=11,66,40,80,73
89,72|71,84|15,12|87,99|69,54|93,71|97,80|89,28|48,87|80,51|82,69|89,78|28,82|89,5|30,48|12,96|89,30|78,97|5,93|72,15/89,54=89,28,82,69,54
57,87|87,77|52,30|1,23|71,1|71,52|72,9|30,35|71,48|63,32|91,63|71,17|67,11|48,57|23,67|32,76|17,78|71,91|35,44|78,72/71,11=71,1,23,67,11
69,22|82,8|5,47|71,94|38,1|47,64|75,76|4,39|49,38|94,69|12,75|71,33|22,16|33,12|39,82|71,4|43,49|71,43|80,5|71,80/71,1=71,43,49,38,1
60,72|68,19|71,8|34,74|66,59|81,24|78,81|60,35|60,90|47,76|60,68|23,47|74,40|60,7|90,23|7,78|35,87|87,71|72,34|19,66/60,24=60,7,78,81,24
86,7|90,55|5,50|47,35|47,37|6,65|31,17|0,67|7,89|47,86|27,5|66,39|89,26|47,0|47,90|39,80|67,31|37,27|35,66|55,6/47,80=47,35,66,39,80
2,35|67,32|61,18|10,92|33,27|48,39|56,53|79,48|35,1|67,10|77,13|53,37|67,56|32,79|18,33|67,34|92,77|67,61|37,50|34,2/67,50=67,56,53,37,50
1,36|95,71|25,1|27,45|21,64|64,39|22,46|14,25|8,22|59,70|14,21|55,8|70,27|88,95|14,55|39,60|14,88|36,96|14,59|71,42/14,42=14,88,95,71,42
19,37|71,76|67,42|37,63|96,51|69,99|63,1|99,48|94,22|19,69|83,58|22,67|48,2|20,10|19,96|1,11|58,20|51,71|19,83|19,94/19,11=19,37,63,1,11
0,67|12,35|27,88|41,21|83,45|0,83|78,64|46,74|35,41|0,12|97,78|0,58|4,51|81,46|67,81|45,4|58,97|76,80|0,76|80,27/0,74=0,67,81,46,74
47,2|12,66|9,63|24,39|66,9|51,6|24,16|22,70|24,12|24,57|24,22|39,47|57,88|23,51|70,43|43,37|16,23|46,19|2,74|88,46/24,37=24,22,70,43,37
75,28|84,53|19,94|4,92|26,20|33,41|43,89|84,23|20,33|28,13|84,43|23,75|84,9|9,19|89,87|94,2|84,26|87,5|1,4|53,1/84,41=84,26,20,33,41
82,99|23,87|23,82|14,24|23,61|45,14|11,86|98,26|72,6|86,9|78,47|99,98|5,36|23,89|3,78|87,11|6,5|23,72|61,3|89,45/23,24=23,89,45,14,24
7,95|97,84|40,83|10,98|92,86|1,7|27,10|75,97|98,56|75,27|95,5|75,92|93,28|58,93|86,9|9,4|75,58|75,1|84,40|28,44/75,4=75,92,86,9,4
97,18|7,24|93,26|42,22|5,71|13,7|18,91|26,16|22,23|15,30|76,5|15,1|56,42|30,76|15,93|4,13|16,84|15,56|15,4|1,97/15,24=15,4,13,7,24
28,42|46,28|84,61|79,6|6,9|89,36|88,47|46,18|42,38|46,89|9,32|38,95|46,79|36,7|15,88|46,4|61,60|7,96|18,15|4,84/46,47=46,18,15,88,47
87,75|64,19|87,41|21,94|94,96|97,7|87,31|83,59|27,37|6,68|75,1|7,27|31,83|87,97|59,78|68,52|87,93|1,64|93,21|41,6/87,96=87,93,21,94,96
9,52|87,22|87,50|82,30|5,11|50,44|87,84|87,15|15,3|52,70|18,53|89,78|84,90|90,1|44,18|30,89|87,82|3,5|22,9|1,93/87,11=87,15,3,5,11
7,42|31,85|14,87|32,21|87,31|97,16|48,47|97,72|42,69|47,9|72,8|13,91|22,37|97,32|16,48|97,14|62,7|97,62|21,13|8,22/97,37=97,72,8,22,37
27,63|57,7|90,52|57,85|52,2|93,99|23,0|35,6|57,69|92,23|57,15|69,90|67,74|74,35|15,92|14,27|57,67|83,93|7,83|85,14/57,2=57,69,90,52,2
62,69|12,84|49,71|5,16|72,22|12,77|53,43|12,82|71,92|92,51|26,72|77,62|16,94|76,53|12,49|69,50|84,5|43,70|82,26|12,76/12,22=12,82,26,72,22
77,75|77,56|9,11|77,19|77,6|32,97|56,86|46,37|19,52|51,23|37,58|77,18|75,62|6,46|52,51|86,9|62,45|97,84|18,32|45,67/77,58=77,6,46,37,58
7,60|9,58|84,81|13,66|77,82|11,17|60,13|17,3|7,9|55,1|58,90|23,77|90,95|1,84|7,55|25,23|7,11|7,25|66,35|3,46/7,82=7,25,23,77,82
30,66|67,1|65,67|12,34|1,93|65,35|65,31|88,90|45,39|65,53|39,52|35,88|53,21|22,12|31,45|93,81|34,28|90,74|65,22|21,30/65,66=65,53,21,30,66
4,61|18,66|9,99|9,93|99,4|91,18|49,5|61,25|9,91|66,76|93,30|30,67|8,27|67,87|14,44|9,8|9,53|53,49|27,14|5,81/9,44=9,8,27,14,44
93,75|77,81|88,94|56,35|93,56|19,66|7,97|93,7|63,90|97,52|93,47|93,88|64,58|75,87|35,63|52,28|87,19|94,64|47,5|5,77/93,81=93,47,5,77,81
76,44|56,36|9,76|20,32|81,56|25,47|11,81|88,9|78,20|60,91|7,60|32,77|88,25|88,11|88,7|12,5|91,29|44,38|47,12|88,78/88,29=88,7,60,91,29
6,79|61,21|55,86|26,58|58,34|39,6|39,61|89,66|21,55|87,52|39,89|77,28|10,68|34,32|39,48|48,36|39,26|66,10|36,77|79,87/39,86=39,61,21,55,86
5,84|29,89|72,60|64,51|89,4|86,29|64,5|76,71|60,76|51,3|55,45|45,21|64,86|3,80|64,72|59,18|64,63|80,50|63,55|84,59/64,18=64,5,84,59,18
42,53|82,18|80,98|53,9|42,80|9,7|1,76|7,8|89,26|57,58|18,10|51,27|10,74|97,88|98,1|88,51|26,57|42,89|42,82|42,97/42,76=42,80,98,1,76
64,59|78,34|73,93|32,20|20,73|59,31|84,5|24,80|80,76|41,16|77,37|34,85|77,40|77,24|77,32|5,41|40,64|37,78|76,3|77,84/77,85=77,37,78,34,85
83,76|34,39|98,52|86,24|61,14|3,34|81,3|95,54|86,67|86,81|14,83|67,18|18,98|82,57|86,61|23,42|17,82|86,23|24,17|42,95/86,57=86,24,17,82,57
2,35|2,86|2,95|46,53|95,52|76,66|73,76|2,32|2,73|35,63|32,14|52,46|55,33|86,67|79,51|71,4|66,1|67,55|63,71|14,79/2,33=2,86,67,55,33
65,68|5,47|57,83|45,34|30,6|66,67|12,84|41,88|34,5|88,99|91,87|84,57|65,79|68,91|6,66|65,45|79,41|65,12|87,78|65,30/65,83=65,12,84,57,83
64,31|97,66|79,82|5,89|82,47|64,50|35,43|31,86|50,97|64,79|86,35|3,95|85,24|66,88|64,46|47,40|46,23|89,3|64,5|23,85/64,24=64,46,23,85,24
12,31|33,36|51,30|98,12|73,41|54,98|47,20|84,82|84,54|84,51|23,97|36,80|84,73|84,11|11,92|92,90|30,47|90,68|41,23|82,33/84,80=84,82,33,36,80
48,22|15,81|31,58|48,6|47,44|87,14|58,53|25,17|34,73|6,25|12,83|66,31|48,66|22,87|44,12|17,9|48,34|73,15|14,7|48,47/48,83=48,47,44,12,83
50,89|87,92|13,48|83,74|98,83|33,15|72,44|98,50|92,8|42,87|79,20|98,42|20,75|89,13|74,72|98,33|98,61|15,4|4,6|61,79/98,6=98,33,15,4,6
47,7|12,44|3,92|64,81|11,74|68,90|68,47|92,70|44,11|23,85|68,53|90,3|68,12|85,58|53,23|80,62|22,37|37,80|7,64|68,22/68,74=68,12,44,11,74
90,87|54,79|87,7|17,56|21,54|80,76|81,12|56,94|96,90|78,40|96,17|96,21|89,81|76,78|79,31|7,22|96,80|96,37|37,89|94,60/96,12=96,37,89,81,12
18,59|30,8|63,92|38,18|31,78|38,63|59,31|77,0|8,23|38,57|81,30|38,81|92,15|57,77|35,27|9,65|0,43|38,35|15,39|27,9/38,43=38,57,77,0,43
43,27|47,97|43,39|56,13|13,71|42,61|17,93|61,73|27,57|16,88|82,47|43,42|93,22|43,40|43,56|39,17|40,82|71,78|57,16|73,87/43,87=43,42,61,73,87
51,77|51,59|5,92|75,43|4,17|94,18|18,41|73,24|51,88|12,4|59,19|77,5|1,79|51,12|92,82|51,73|17,78|88,94|24,1|19,75/51,43=51,59,19,75,43
87,13|3,25|99,19|9,77|34,37|25,65|50,9|53,86|86,27|53,87|53,3|24,50|20,7|13,20|65,11|27,99|53,34|37,5|5,32|53,24/53,77=53,24,50,9,77
12,16|5,9|89,93|93,52|72,75|99,96|6,99|31,42|31,62|62,46|31,38|31,56|16,58|56,89|9,19|42,12|96,64|38,5|31,6|46,72/31,58=31,42,12,16,58
28,29|73,78|55,61|28,69|30,13|12,60|52,75|69,73|2,88|51,26|60,2|97,18|28,12|75,51|28,52|29,76|76,55|18,30|78,93|28,97/28,88=28,12,60,2,88
97,81|81,17|97,15|5,50|38,52|6,55|68,5|97,22|22,61|52,85|97,68|17,19|50,83|61,86|19,13|25,38|97,25|55,84|86,20|15,6/97,84=97,15,6,55,84
99,64|64,27|61,99|29,86|21,75|13,76|16,71|61,18|91,21|85,91|71,59|59,79|18,20|27,65|61,16|61,13|20,29|61,85|76,7|7,11/61,79=61,16,71,59,79
40,52|29,19|86,29|35,81|11,82|65,31|87,72|31,22|82,20|86,95|59,30|1,35|19,40|20,50|86,87|72,59|86,91|95,1|86,11|91,65/86,30=86,87,72,59,30
30,10|31,27|98,22|49,50|86,31|25,32|46,38|22,49|23,72|30,23|68,25|0,68|72,59|38,11|30,98|30,0|59,18|10,46|39,86|30,39/30,50=30,98,22,49,50
4,97|78,58|60,99|47,60|69,89|47,69|47,43|54,52|99,11|68,71|45,75|43,54|47,4|11,19|97,45|52,21|89,70|71,78|70,83|47,68/47,75=47,4,97,45,75
38,76|59,37|32,67|5,7|59,91|76,57|67,62|14,17|91,38|59,75|11,5|59,11|99,93|7,12|37,32|17,0|59,79|79,14|45,99|75,45/59,57=59,91,38,76,57
95,74|54,88|90,71|12,24|54,68|33,41|91,90|88,70|54,95|68,91|70,96|74,69|77,1|54,18|96,38|18,60|1,33|54,77|69,16|60,12/54,24=54,18,60,12,24
6,79|61,21|55,86|26,58|58,34|39,6|39,61|89,66|21,55|77,28|39,89|10,68|87,52|34,32|39,48|48,36|39,26|66,87|36,10|79,77/39,86=39,61,21,55,86
8,73|93,13|11,88|65,29|46,48|55,12|26,94|73,40|53,22|23,31|13,47|53,8|88,65|53,23|12,26|53,55|53,11|40,4|31,46|22,93/53,4=53,8,73,40,4
12,18|92,27|32,16|1,85|53,69|88,78|32,92|36,81|32,1|16,88|32,12|32,28|78,33|18,58|85,36|28,53|22,66|27,22|58,90|69,59/32,33=32,16,88,78,33
10,7|13,58|10,39|96,56|10,89|7,41|0,69|73,50|56,13|84,47|47,29|41,73|75,24|62,75|10,96|10,1|25,0|39,84|1,62|89,25/10,50=10,7,41,73,50
87,41|28,25|41,36|87,1|1,89|87,77|89,71|44,30|87,44|77,54|30,68|71,55|54,27|27,84|68,57|25,29|13,28|62,60|36,62|87,13/87,29=87,13,28,25,29
16,54|71,13|41,74|82,55|70,84|86,98|74,86|34,40|41,25|15,56|55,70|98,1|54,30|41,71|41,46|46,22|25,16|13,34|22,15|41,82/41,56=41,46,22,15,56
69,12|87,39|17,36|17,34|57,45|17,16|36,98|97,57|34,48|17,86|86,44|0,31|18,24|45,64|17,97|16,0|31,14|48,87|44,69|98,18/17,12=17,86,44,69,12
23,49|87,47|14,46|38,35|1,43|35,23|14,67|47,89|0,50|67,81|14,5|5,87|14,38|33,51|14,1|55,80|43,55|46,12|12,0|81,33/14,50=14,46,12,0,50
16,34|34,48|16,14|46,57|93,11|19,10|81,97|16,7|14,70|16,15|57,36|70,19|7,46|48,93|90,27|15,0|27,99|16,45|45,90|0,81/16,97=16,15,0,81,97
56,16|64,9|72,88|4,64|88,45|56,72|45,2|62,0|56,62|6,7|3,6|41,55|56,22|0,41|22,4|56,63|16,3|63,70|95,8|70,95/56,55=56,62,0,41,55
61,70|58,13|61,94|61,25|63,96|61,63|45,99|92,34|61,45|26,58|94,17|11,65|47,80|70,92|56,19|25,26|96,11|99,56|17,47|34,29/61,65=61,63,96,11,65
58,92|3,55|58,3|46,1|77,86|92,46|6,40|58,0|75,26|74,35|99,75|76,83|35,77|58,66|5,6|58,74|0,99|66,5|1,73|55,76/58,40=58,66,5,6,40
39,44|47,95|47,61|29,39|68,31|45,9|75,80|99,1|63,68|44,26|95,75|47,29|47,45|35,25|54,35|47,63|31,24|80,92|61,54|9,99/47,24=47,63,68,31,24
98,81|17,70|17,46|81,94|68,61|73,75|6,98|47,8|78,40|75,78|28,11|0,47|17,6|2,64|61,44|46,68|70,0|17,73|17,28|11,2/17,94=17,6,98,81,94
10,56|13,96|91,10|66,45|99,77|18,90|66,34|66,99|53,7|66,41|77,20|41,53|26,91|66,26|20,88|84,18|7,61|45,38|38,13|34,84/66,90=66,34,84,18,90
70,9|9,33|25,12|3,72|95,89|73,13|2,29|23,0|72,23|70,73|38,86|70,3|12,60|86,95|31,25|52,64|70,38|33,2|13,52|70,31/70,0=70,3,72,23,0
96,42|77,82|82,16|29,2|16,85|0,20|48,0|77,96|77,48|34,71|85,92|86,29|42,89|20,39|77,60|77,86|2,45|71,23|89,81|60,34/77,45=77,86,29,2,45
39,51|22,53|7,5|52,94|94,25|72,78|52,8|51,93|67,73|52,39|52,7|5,72|14,64|18,31|8,22|53,50|73,14|25,18|93,96|52,67/52,31=52,94,25,18,31
58,63|28,70|21,28|17,68|17,46|67,5|75,76|24,87|68,31|54,92|63,24|51,11|86,75|31,51|17,67|1,21|46,86|17,58|17,1|5,54/17,11=17,68,31,51,11
12,73|73,34|34,11|66,44|72,96|12,47|87,66|12,9|41,72|11,40|12,98|98,41|94,69|47,87|46,65|69,70|36,46|65,95|12,36|9,94/12,95=12,36,46,65,95
64,27|25,0|20,26|4,91|98,32|82,10|0,13|32,82|25,98|13,48|48,54|25,4|26,79|70,90|94,20|27,70|25,64|76,95|91,76|25,94/25,95=25,4,91,76,95
55,54|67,80|21,56|88,55|71,67|63,53|54,18|82,70|80,92|21,15|53,17|21,82|21,88|48,25|10,47|21,71|56,63|15,10|47,73|70,48/21,73=21,15,10,47,73
0,83|53,74|83,46|46,97|31,53|85,84|77,7|85,0|44,8|84,9|63,44|85,13|85,5|59,77|74,62|85,31|9,66|13,59|5,63|66,89/85,8=85,5,63,44,8
92,43|52,93|81,57|88,52|43,11|37,18|76,39|88,64|9,86|18,9|70,40|57,0|88,37|64,81|39,70|88,92|56,83|88,76|93,56|11,72/88,86=88,37,18,9,86
92,80|38,86|38,37|48,83|38,12|49,25|38,20|27,10|93,5|10,92|38,27|66,48|86,66|84,93|20,16|12,84|16,49|90,1|1,45|37,90/38,80=38,27,10,92,80
20,43|10,94|38,40|49,56|49,18|56,83|49,78|83,9|78,39|94,46|40,63|49,95|49,47|47,38|28,20|95,28|18,10|39,45|45,17|9,15/49,17=49,78,39,45,17
30,25|6,18|12,68|6,16|52,72|95,45|81,99|18,30|6,81|25,29|99,50|49,12|6,76|72,85|16,49|45,3|76,52|6,92|50,63|92,95/6,63=6,81,99,50,63
25,85|19,29|0,25|58,24|38,64|94,27|0,58|0,88|37,26|24,38|85,94|83,1|86,19|16,37|88,86|12,89|0,97|0,12|89,83|97,16/0,26=0,97,16,37,26
90,40|90,21|26,30|98,10|97,9|87,97|38,20|58,88|90,58|86,16|90,38|57,22|16,44|88,98|21,0|0,57|20,26|40,86|7,87|90,7/90,30=90,38,20,26,30
46,64|34,45|21,25|72,37|34,72|34,58|66,21|28,69|49,28|29,98|4,61|67,9|34,46|47,99|64,4|34,29|37,67|58,66|98,47|45,49/34,99=34,29,98,47,99
77,20|80,77|67,45|26,44|61,26|61,91|61,12|45,73|12,67|34,35|27,65|49,27|62,80|61,62|56,63|83,54|91,49|35,56|61,34|44,83/61,65=61,91,49,27,65
33,47|36,5|15,3|96,70|15,92|47,44|7,48|55,35|70,76|15,59|15,89|93,96|15,93|24,7|89,17|59,33|92,97|97,55|17,36|3,24/15,48=15,3,24,7,48
81,34|25,36|83,33|99,50|74,99|38,74|53,32|38,0|38,81|79,19|34,92|19,60|92,77|32,25|38,53|33,67|38,83|0,79|50,61|67,55/38,60=38,0,79,19,60
3,14|3,31|3,27|81,77|77,90|51,22|35,1|22,89|65,54|8,40|41,99|61,30|3,41|31,81|3,8|67,61|40,35|27,51|99,65|14,67/3,1=3,8,40,35,1
76,52|30,24|61,86|31,45|86,69|69,8|61,13|9,93|33,35|93,33|61,23|85,30|55,85|52,66|13,90|8,17|90,31|23,76|61,55|61,9/61,17=61,86,69,8,17
53,45|1,58|81,61|43,84|58,53|96,49|29,27|15,34|96,21|96,1|21,75|75,15|96,66|96,43|66,70|70,12|84,29|12,69|61,50|49,81/96,27=96,43,84,29,27
47,33|28,67|32,23|87,77|23,94|46,32|13,41|3,89|11,87|16,51|67,16|85,53|89,13|47,28|47,11|77,19|47,3|68,85|33,68|47,46/47,19=47,11,87,77,19
21,16|67,44|88,49|88,8|82,53|49,78|47,97|88,47|8,21|15,55|88,59|78,67|53,56|18,15|59,82|97,19|55,4|19,39|16,46|88,18/88,56=88,59,82,53,56
87,13|3,25|99,19|9,77|34,37|25,5|50,9|53,86|86,27|53,87|53,3|24,50|65,11|13,65|5,32|27,99|53,34|37,20|20,7|53,24/53,77=53,24,50,9,77
80,85|41,49|14,80|14,77|4,28|71,97|49,31|35,89|14,0|28,75|43,35|14,60|14,4|81,70|77,43|51,81|85,71|0,51|60,41|75,72/14,31=14,60,41,49,31
96,21|91,9|91,96|91,59|72,16|91,72|86,31|16,76|59,33|21,55|9,46|99,3|33,85|82,95|55,89|76,42|3,86|46,82|91,99|85,13/91,95=91,9,46,82,95
24,12|6,33|81,20|6,40|47,93|88,71|20,47|22,1|28,96|71,15|6,73|6,41|96,18|73,28|6,81|12,59|7,22|33,7|40,88|41,24/6,59=6,41,24,12,59
9,77|5,56|77,20|16,53|57,31|20,16|9,87|87,23|23,39|18,47|39,88|9,57|47,27|31,65|9,18|9,15|82,5|65,34|27,81|15,82/9,81=9,18,47,27,81
56,19|81,94|6,67|90,20|41,36|24,86|67,29|56,97|56,34|38,41|10,24|97,18|18,81|56,33|34,6|58,90|33,38|2,10|56,2|19,58/56,20=56,19,58,90,20
89,45|21,84|13,89|41,87|65,76|84,82|87,80|6,51|64,15|65,6|65,4|53,41|76,13|65,53|82,30|58,64|60,11|4,58|65,21|51,60/65,15=65,4,58,64,15
75,48|18,73|29,19|36,99|87,70|82,20|92,90|20,44|73,87|19,75|15,92|81,83|99,81|44,1|18,29|18,82|18,53|53,15|18,36|70,69/18,48=18,29,19,75,48
67,9|62,75|62,48|46,61|62,49|18,19|62,43|58,8|9,3|7,65|19,14|62,46|28,98|65,47|8,88|43,58|48,67|75,18|49,7|61,28/62,3=62,48,67,9,3
1,34|71,70|16,48|27,8|9,71|5,21|51,63|36,45|48,69|8,16|27,81|63,29|73,9|27,51|27,5|4,36|27,73|81,4|29,41|21,1/27,70=27,73,9,71,70
92,2|75,69|56,41|54,84|39,92|88,72|22,87|34,57|69,54|41,74|13,39|37,75|37,25|37,13|80,34|37,22|37,86|25,80|86,56|87,88/37,74=37,86,56,41,74
11,3|93,74|50,34|86,87|56,86|50,59|50,17|17,93|15,28|50,61|59,56|30,15|3,53|98,77|77,2|50,30|28,22|74,38|34,11|61,98/50,53=50,34,11,3,53
3,36|58,74|30,31|3,35|36,45|74,79|41,68|35,56|45,90|90,94|68,70|70,13|18,58|3,82|56,30|40,28|3,18|3,41|82,40|28,38/3,31=3,35,56,30,31
63,79|64,44|44,63|16,78|64,42|64,59|6,86|36,6|91,67|59,55|64,91|55,99|64,3|67,16|3,94|56,22|42,36|94,56|99,11|79,37/64,78=64,91,67,16,78
59,49|19,95|33,38|28,33|11,41|11,83|34,28|16,36|22,12|73,22|45,23|95,21|36,59|41,19|12,51|11,34|23,31|11,16|11,73|83,45/11,49=11,16,36,59,49
5,77|20,0|77,63|0,92|39,5|39,58|48,93|6,95|88,71|95,48|71,50|39,6|63,89|60,85|39,70|39,60|58,88|85,32|32,31|70,20/39,93=39,6,95,48,93
93,74|74,50|63,83|16,60|26,95|95,53|35,92|63,26|83,55|7,66|50,44|10,87|53,88|63,7|51,24|87,51|55,35|66,16|63,93|63,10/63,44=63,93,74,50,44
92,28|91,92|83,85|24,30|67,39|40,21|83,18|63,70|18,45|28,87|83,11|11,36|83,91|45,67|36,14|21,24|81,63|85,81|14,61|83,40/83,87=83,91,92,28,87
16,33|4,71|83,57|8,24|33,32|83,8|57,58|93,11|85,4|83,85|71,15|5,0|63,22|58,66|66,35|87,16|83,87|24,93|0,63|83,5/83,22=83,5,0,63,22
64,87|63,66|32,23|65,74|36,32|6,65|25,82|63,5|96,6|66,39|87,31|63,18|52,67|63,96|18,64|23,78|67,83|39,25|63,36|5,52/63,78=63,36,32,23,78
63,28|60,25|11,53|53,40|22,2|74,60|73,59|52,98|11,10|24,50|10,74|2,73|11,22|50,5|11,63|89,14|28,52|11,92|92,24|40,89/11,98=11,63,28,52,98
97,81|81,17|97,15|5,50|38,19|6,55|68,5|97,22|22,61|19,13|97,68|17,86|50,83|61,52|86,20|25,38|97,25|55,84|52,85|15,6/97,84=97,15,6,55,84
81,87|66,34|95,22|66,36|66,12|96,52|32,96|28,32|12,64|87,92|6,15|93,84|34,81|8,93|48,95|66,28|22,43|66,48|64,6|36,8/66,92=66,34,81,87,92
5,4|58,56|39,85|8,54|24,5|39,0|64,25|25,49|39,29|54,52|13,81|29,64|21,8|0,13|39,21|56,10|85,24|39,58|10,33|81,90/39,90=39,0,13,81,90
27,82|27,19|48,56|27,49|16,48|81,92|19,15|70,4|25,81|65,3|30,73|15,65|49,25|27,16|82,0|68,70|56,24|0,30|27,26|26,68/27,73=27,82,0,30,73
1,37|11,20|32,56|14,11|18,32|90,43|39,53|57,79|20,47|93,90|14,97|14,24|14,15|97,1|15,93|14,57|47,28|79,39|24,18|37,16/14,28=14,11,20,47,28
4,51|5,42|90,17|62,89|70,96|22,82|5,58|42,62|52,70|84,54|51,22|18,90|5,4|89,34|5,52|96,69|85,84|5,61|58,18|61,85/5,54=5,61,85,84,54
33,56|89,16|39,54|47,63|16,23|58,43|56,13|47,3|47,58|43,30|97,33|35,94|54,19|30,40|3,39|25,89|47,25|47,97|76,35|63,76/47,94=47,63,76,35,94
17,46|54,57|34,30|57,17|9,74|61,43|54,50|50,77|88,86|43,44|77,26|74,88|64,34|53,61|54,45|54,53|54,9|45,64|46,48|26,87/54,48=54,57,17,46,48
2,50|16,33|67,60|13,2|60,88|16,90|63,89|8,97|89,52|57,12|16,67|88,29|97,82|16,65|45,57|16,31|31,8|33,13|65,63|90,45/16,29=16,67,60,88,29
73,77|90,16|28,17|27,8|93,60|60,51|94,65|24,80|22,55|55,90|8,20|80,93|58,28|40,27|24,40|24,94|71,58|24,22|24,71|65,73/24,17=24,71,58,28,17
18,59|30,8|63,92|38,18|15,39|38,63|59,15|77,0|8,23|38,57|81,30|38,81|92,9|57,77|35,27|31,78|0,43|38,35|9,65|27,31/38,43=38,57,77,0,43
37,47|64,21|6,98|50,27|83,65|45,83|72,50|27,63|26,60|45,26|65,6|45,72|76,17|94,13|45,37|45,24|60,76|13,93|24,94|47,64/45,98=45,83,65,6,98
17,67|32,55|16,94|28,17|67,85|74,57|9,81|54,25|95,14|26,77|26,28|1,74|81,54|26,16|26,9|14,50|68,95|26,68|77,1|94,32/26,57=26,77,1,74,57
98,94|30,44|72,51|72,43|90,3|44,39|79,81|88,90|6,53|69,84|27,79|72,69|72,50|72,48|51,30|43,27|50,12|12,6|84,98|48,88/72,53=72,50,12,6,53
66,54|7,77|45,10|34,28|90,97|54,81|6,90|45,66|10,23|81,12|23,72|45,34|19,16|28,7|67,40|97,96|40,19|45,6|45,67|72,82/45,77=45,34,28,7,77
86,50|30,64|72,28|50,25|30,84|9,3|30,48|30,14|14,93|18,97|75,69|28,45|84,98|30,75|98,9|48,72|64,86|69,79|93,18|79,20/30,3=30,84,98,9,3
10,63|64,66|5,49|2,64|43,72|62,16|92,18|94,82|30,94|85,98|63,92|5,10|16,69|5,87|72,85|87,62|5,43|49,30|5,54|54,2/5,98=5,43,72,85,98
85,59|66,33|17,0|85,11|15,83|38,45|83,10|85,55|33,54|85,18|55,5|18,92|70,60|11,3|3,38|10,9|59,66|5,70|85,15|92,17/85,54=85,59,66,33,54
71,16|4,92|29,79|76,95|75,36|6,71|95,7|79,76|29,6|29,8|29,21|91,22|21,53|29,91|8,19|22,75|19,4|16,38|53,37|37,69/29,38=29,6,71,16,38
31,5|46,91|30,44|23,40|44,18|78,26|52,60|78,31|78,22|78,30|89,0|78,69|5,52|22,23|24,89|91,17|40,72|26,24|18,8|69,46/78,72=78,22,23,40,72
46,92|68,62|46,13|46,81|28,80|45,68|81,7|27,91|39,27|20,45|46,20|69,8|60,1|1,28|46,60|11,10|92,19|7,69|13,39|19,11/46,91=46,13,39,27,91
67,0|24,74|79,89|40,72|66,6|82,75|79,69|46,14|89,12|81,49|23,25|69,57|79,67|57,24|72,23|6,82|79,40|79,66|0,46|12,81/79,74=79,69,57,24,74
81,54|33,46|74,9|66,24|79,4|24,50|79,86|79,93|92,98|46,23|50,53|79,66|86,81|54,85|4,33|93,78|65,74|9,76|78,92|79,65/79,23=79,4,33,46,23
83,95|27,82|41,15|57,71|15,57|46,92|46,79|14,98|46,63|92,14|46,41|63,37|46,60|98,42|95,74|80,25|60,83|79,56|37,80|56,27/46,82=46,79,56,27,82
69,47|82,8|5,75|71,94|38,1|75,76|22,16|4,39|49,38|94,69|12,22|71,33|47,64|33,12|39,82|71,4|43,49|71,43|80,5|71,80/71,1=71,43,49,38,1
68,90|65,97|55,16|23,96|65,62|37,0|34,85|20,55|85,37|65,68|33,94|62,91|90,93|97,23|65,34|93,39|16,49|91,33|96,67|65,20/65,49=65,20,55,16,49
26,21|26,15|10,40|45,66|15,45|86,43|3,65|21,93|65,73|93,55|26,3|26,86|66,77|26,78|43,94|40,61|78,10|73,28|55,87|94,19/26,28=26,3,65,73,28
16,34|34,48|16,14|46,19|57,36|93,11|81,97|16,7|14,70|16,15|19,10|70,93|7,46|48,57|90,27|15,0|27,99|16,45|45,90|0,81/16,97=16,15,0,81,97
78,20|20,51|12,96|63,69|74,60|40,62|5,74|50,59|5,50|60,63|5,68|5,40|23,75|46,38|62,46|68,73|79,78|59,23|73,12|5,79/5,38=5,40,62,46,38
81,22|97,19|47,69|12,3|8,16|12,11|35,97|19,13|16,29|12,35|22,43|12,34|85,8|72,17|2,72|69,32|11,47|3,81|34,2|12,85/12,17=12,34,2,72,17
67,60|17,98|0,37|25,39|59,17|78,25|48,78|44,19|12,87|19,5|87,55|30,53|30,22|60,0|53,12|30,96|96,59|30,67|22,44|30,48/30,5=30,22,44,19,5
68,14|70,37|51,69|40,6|14,90|83,70|73,99|94,23|18,94|71,73|65,51|46,71|69,38|23,15|40,83|37,47|40,18|40,46|40,65|6,68/40,15=40,18,94,23,15
29,43|20,4|82,56|44,42|49,57|44,82|5,20|57,14|1,75|51,29|75,41|44,1|4,93|56,66|65,51|66,78|44,5|41,90|44,65|42,49/44,14=44,42,49,57,14
80,31|6,71|67,75|94,22|60,97|25,60|65,80|74,67|32,11|11,58|70,74|58,1|13,45|25,65|25,32|25,70|22,6|97,13|25,94|31,34/25,45=25,60,97,13,45
15,7|84,35|47,49|19,84|19,23|2,3|49,27|19,70|27,97|80,15|70,2|14,37|35,99|19,56|50,14|56,50|99,67|23,80|19,47|3,76/19,37=19,56,50,14,37
13,60|66,13|84,72|80,98|91,52|66,91|98,10|69,80|7,50|90,21|99,81|60,7|59,29|66,69|66,99|41,26|52,59|81,84|26,90|66,41/66,72=66,99,81,84,72
5,86|21,5|91,20|62,91|54,34|12,33|1,36|33,62|97,83|66,89|64,51|37,38|36,64|89,37|83,54|12,97|60,21|12,60|12,66|12,1/12,86=12,60,21,5,86
57,46|95,73|99,71|34,5|62,42|71,34|6,91|7,99|7,63|72,62|26,6|91,67|73,61|63,95|86,57|7,79|7,26|7,72|42,87|79,86/7,87=7,72,62,42,87
98,49|98,69|31,92|55,52|49,19|81,55|33,85|83,71|69,31|98,44|4,33|98,4|19,48|48,41|6,83|74,81|92,82|44,6|98,74|85,8/98,71=98,44,6,83,71
81,39|38,0|90,12|52,96|31,34|39,27|25,52|25,92|51,15|32,95|25,32|15,55|25,51|92,53|55,50|25,81|96,38|95,90|27,40|53,31/25,12=25,32,95,90,12
42,0|46,2|67,71|80,24|43,97|67,80|82,91|34,11|68,20|67,49|79,43|15,79|2,52|24,34|67,42|49,46|71,68|0,82|67,15|20,70/67,70=67,71,68,20,70
91,98|98,81|5,22|22,83|21,5|21,38|50,11|66,90|81,73|43,52|64,35|21,50|25,43|11,66|83,86|21,91|74,87|21,64|35,74|38,25/21,73=21,91,98,81,73
49,90|10,92|33,72|33,83|22,29|92,57|85,10|2,84|4,16|83,45|96,98|72,49|29,2|33,85|33,22|33,15|16,81|15,4|45,96|90,80/33,57=33,85,10,92,57
86,14|40,19|57,77|46,10|57,91|65,68|57,26|2,46|91,38|57,42|50,84|25,86|38,50|57,13|42,2|56,40|13,25|77,89|26,56|89,65/57,84=57,91,38,50,84
77,51|84,85|5,9|91,4|29,91|7,12|50,29|61,22|5,20|87,44|5,7|20,84|83,2|12,87|22,83|85,55|51,88|9,77|5,61|5,50/5,88=5,9,77,51,88
42,96|99,45|74,18|85,70|34,42|4,85|88,97|71,4|71,25|12,32|32,63|71,52|70,33|18,99|71,74|21,88|97,37|71,21|25,12|52,34/71,96=71,52,34,42,96
81,19|11,36|66,96|96,21|98,1|37,66|86,87|81,34|81,86|14,54|81,40|63,98|81,37|34,75|40,14|75,11|87,15|19,63|54,56|15,52/81,21=81,37,66,96,21
43,1|55,98|1,16|21,59|67,54|68,67|21,7|21,13|6,26|59,68|21,38|13,18|7,43|91,55|76,93|21,91|98,96|38,39|39,76|18,6/21,93=21,38,39,76,93
98,97|54,72|1,99|34,83|61,49|79,34|97,96|49,1|66,15|54,38|29,70|67,98|27,29|72,27|54,61|50,79|54,50|54,67|38,66|15,59/54,70=54,72,27,29,70
94,14|32,7|42,32|92,58|74,85|52,96|88,35|0,5|2,42|7,16|2,92|35,74|30,52|2,30|87,90|58,87|2,88|5,94|2,0|96,51/2,90=2,92,58,87,90
93,35|56,18|49,94|18,86|40,6|22,40|80,17|17,34|52,19|93,66|93,80|66,84|93,20|20,65|93,63|35,22|63,56|34,50|65,49|84,52/93,19=93,66,84,52,19
63,77|20,7|63,57|12,14|68,88|83,46|50,92|21,20|88,27|46,41|45,21|59,12|57,50|27,76|92,96|77,83|63,55|63,45|55,59|63,68/63,96=63,57,50,92,96
32,21|52,32|61,7|45,75|86,81|21,86|99,20|13,28|20,45|31,13|28,90|52,94|52,22|10,39|52,99|73,61|52,31|94,10|22,73|39,36/52,36=52,94,10,39,36
4,21|57,74|52,77|15,46|7,32|1,79|77,1|83,84|32,83|80,60|4,22|4,7|4,99|46,26|4,52|30,57|17,80|21,15|99,17|22,30/4,84=4,7,32,83,84
7,60|9,58|90,95|13,66|77,82|11,17|60,13|17,84|7,9|55,1|58,3|23,77|3,46|1,90|7,55|25,23|7,11|7,25|66,35|84,81/7,82=7,25,23,77,82
54,34|73,25|33,54|4,90|90,80|7,2|25,63|80,51|7,4|2,52|30,13|7,38|23,30|91,33|7,91|9,73|38,23|69,55|7,9|52,69/7,13=7,38,23,30,13
30,41|59,89|30,42|37,19|58,37|41,44|34,9|89,11|75,99|19,32|44,20|30,58|20,82|54,59|42,34|30,14|30,54|9,12|14,70|70,75/30,99=30,14,70,75,99
76,28|0,73|86,40|0,90|63,10|32,24|7,63|40,19|89,69|79,5|18,46|0,79|0,39|90,18|73,86|46,9|5,89|28,32|39,7|0,76/0,19=0,73,86,40,19
90,78|88,85|8,69|65,96|31,89|16,97|2,88|96,30|86,31|29,65|97,86|16,29|16,82|16,2|16,8|43,63|69,90|85,92|63,5|82,43/16,89=16,97,86,31,89
12,75|64,26|19,0|88,19|62,76|65,14|58,12|58,40|36,96|14,36|78,52|58,64|76,74|75,78|58,65|7,73|58,79|26,7|40,88|79,62/58,74=58,79,62,76,74
67,22|25,88|95,16|89,23|95,26|12,75|95,36|26,67|79,14|0,2|95,0|70,79|88,11|14,77|95,70|16,56|36,25|56,12|22,41|2,89/95,23=95,0,2,89,23
35,11|0,8|61,1|78,86|14,61|38,97|47,62|30,47|78,30|78,14|62,27|1,44|78,31|43,38|31,0|11,98|8,57|78,43|97,58|86,35/78,27=78,30,47,62,27
42,48|4,50|4,35|93,18|88,11|15,61|61,58|83,29|29,62|35,95|3,64|11,27|95,93|50,88|4,79|48,3|4,42|79,15|4,83|62,22/4,58=4,79,15,61,58
98,1|54,72|34,83|97,96|61,49|79,97|1,99|49,34|66,15|54,38|29,70|67,98|27,29|72,27|54,61|50,79|54,50|54,67|38,66|15,59/54,70=54,72,27,29,70
77,82|11,65|87,71|81,93|14,11|45,81|93,0|8,20|77,50|77,95|33,8|66,87|82,66|50,33|77,14|95,28|77,45|65,90|28,35|35,94/77,0=77,45,81,93,0
63,26|72,69|88,23|23,2|89,3|82,32|63,25|63,72|25,88|76,60|3,82|26,7|69,97|56,80|63,21|80,37|21,56|97,51|63,89|7,76/63,51=63,72,69,97,51
8,86|5,79|97,30|59,35|34,8|64,90|79,62|28,97|77,55|90,16|62,77|5,57|5,43|5,34|57,64|35,99|43,59|86,14|0,28|5,0/5,16=5,57,64,90,16
58,43|55,47|73,55|97,65|58,79|58,73|35,0|47,21|43,24|58,51|24,97|8,92|58,84|51,81|10,8|81,82|0,1|84,35|82,16|79,10/58,65=58,43,24,97,65
21,72|41,55|51,82|41,63|4,51|19,42|41,64|41,4|6,83|24,98|64,19|42,36|83,24|34,21|99,9|55,99|82,8|63,34|9,79|41,6/41,79=41,55,99,9,79
40,70|58,51|10,58|10,75|77,63|75,33|83,78|10,49|49,73|69,72|67,18|85,48|10,77|33,67|48,83|23,38|10,85|73,23|51,40|63,69/10,38=10,49,73,23,38
46,96|82,61|82,52|87,77|29,24|44,79|47,87|77,74|34,38|82,80|24,72|82,46|82,47|50,7|52,29|15,44|96,34|7,12|80,50|61,15/82,38=82,46,96,34,38
24,8|22,54|80,67|70,2|3,27|96,91|22,96|22,70|29,24|22,29|91,21|67,77|47,3|54,47|87,80|22,87|8,76|2,32|32,92|21,71/22,71=22,96,91,21,71
8,57|2,88|69,93|8,69|42,55|75,95|91,2|48,45|26,92|88,4|44,48|55,75|8,42|8,91|57,26|93,10|51,44|10,76|92,17|8,51/8,76=8,69,93,10,76
18,77|58,15|86,54|85,3|58,86|20,13|67,20|3,63|53,67|58,53|54,10|77,83|10,97|61,24|63,33|15,61|24,71|58,18|83,38|58,85/58,38=58,18,77,83,38
68,79|19,17|62,24|96,80|74,48|48,30|94,68|71,74|24,63|65,19|36,94|3,36|17,87|80,44|3,71|3,96|3,52|3,65|44,88|52,62/3,63=3,52,62,24,63
55,40|86,62|74,23|26,14|27,82|69,86|55,27|23,34|55,75|66,63|10,25|75,74|92,10|55,69|46,26|82,66|14,64|62,11|55,46|40,92/55,63=55,27,82,66,63
41,12|10,66|68,41|3,65|32,10|51,46|47,7|12,51|59,6|7,64|68,86|68,32|76,47|66,61|77,80|6,77|68,59|93,3|86,93|68,76/68,61=68,32,10,66,61
76,75|63,34|59,39|52,93|51,81|59,63|39,97|58,52|88,76|37,24|59,26|97,19|34,51|19,8|73,37|69,73|84,58|59,84|26,88|59,69/59,8=59,39,97,19,8
4,28|9,75|17,81|67,9|15,7|75,91|67,22|67,31|91,61|69,17|37,29|90,66|49,6|67,15|67,90|31,69|35,4|22,35|7,37|66,49/67,61=67,9,75,91,61
35,56|84,87|38,35|90,23|14,66|23,6|79,98|21,79|98,32|70,73|73,30|84,9|87,58|58,14|6,5|56,44|84,90|84,21|84,38|9,70/84,5=84,90,23,6,5
95,32|17,2|40,80|65,94|76,91|70,40|70,65|19,74|47,81|80,76|70,95|92,51|32,17|70,92|36,24|51,72|94,36|72,50|70,47|81,19/70,74=70,47,81,19,74
55,96|42,95|94,49|20,54|74,20|91,32|57,68|75,90|74,94|32,57|54,77|74,91|74,42|74,17|86,97|77,56|49,86|95,75|83,55|17,83/74,68=74,91,32,57,68
31,33|66,21|94,41|3,32|14,35|54,31|28,82|33,22|28,94|28,79|82,55|21,3|28,66|56,96|28,54|55,56|41,14|79,90|90,42|42,9/28,32=28,66,21,3,32
18,77|58,15|86,54|85,3|58,86|24,71|67,24|3,63|53,67|58,53|54,20|77,83|20,13|61,10|63,33|15,61|10,97|58,18|83,38|58,85/58,38=58,18,77,83,38
54,61|15,46|20,99|42,70|92,86|6,42|61,98|46,88|91,73|91,51|93,20|5,92|51,5|91,93|91,15|91,22|88,21|99,81|22,6|73,54/91,21=91,15,46,88,21
0,93|53,8|78,62|15,4|87,57|54,61|17,22|53,0|61,43|57,83|81,41|62,74|4,17|53,87|83,98|21,78|93,81|53,21|8,54|53,15/53,74=53,21,78,62,74
21,29|4,86|20,94|12,69|20,85|20,28|94,81|84,7|20,84|91,12|14,91|81,33|93,4|7,62|20,14|85,21|33,38|62,16|28,93|29,66/20,16=20,84,7,62,16
58,5|48,9|48,66|12,49|48,39|48,54|26,90|73,14|54,12|48,47|81,58|66,81|89,3|39,82|92,89|47,92|27,73|9,27|49,0|82,26/48,3=48,47,92,89,3
55,96|42,95|94,49|20,54|74,20|91,32|57,68|86,97|74,94|32,57|54,75|74,91|74,42|74,17|77,56|75,90|49,77|95,86|83,55|17,83/74,68=74,91,32,57,68
60,35|71,65|81,17|2,31|69,14|45,71|60,2|19,58|37,12|58,81|93,69|60,28|60,19|60,45|28,37|65,20|12,49|35,93|79,43|31,79/60,17=60,19,58,81,17
43,32|66,54|35,53|18,72|89,13|77,85|57,82|34,66|18,33|44,29|72,34|32,47|18,43|29,35|22,89|18,44|33,22|82,77|47,37|18,57/18,53=18,44,29,35,53
44,13|82,66|21,56|29,91|82,74|76,32|13,94|82,44|89,63|82,62|1,21|91,14|82,29|66,7|81,76|62,1|14,68|7,89|94,53|74,81/82,63=82,66,7,89,63
51,17|17,75|64,50|24,94|26,39|70,56|25,67|50,23|80,24|80,51|94,73|80,0|75,63|80,85|0,64|67,8|56,26|80,70|85,25|73,48/80,8=80,85,25,67,8
5,66|29,8|52,60|94,29|66,41|54,12|99,5|32,44|99,94|8,27|92,32|99,54|11,52|57,33|12,57|41,80|99,63|99,31|31,11|63,92/99,44=99,63,92,32,44
4,86|2,15|2,4|81,97|58,14|55,81|1,71|62,58|22,93|38,88|15,1|97,52|2,55|56,38|14,95|86,22|2,62|71,63|88,51|2,56/2,51=2,56,38,88,51
72,57|0,56|24,98|89,91|72,34|15,99|46,32|29,33|57,84|92,10|72,29|72,61|33,24|99,46|61,25|84,0|97,92|25,89|72,15|34,97/72,56=72,57,84,0,56
50,39|17,76|63,36|51,85|63,40|70,90|58,30|36,13|40,24|13,58|14,51|57,70|63,14|85,22|39,27|90,31|63,57|63,75|75,50|24,17/63,27=63,75,50,39,27
64,7|29,43|91,53|91,88|91,32|91,63|85,87|32,58|37,39|63,83|83,29|58,37|74,61|69,64|53,69|89,74|88,85|61,10|87,78|91,89/91,43=91,63,83,29,43
89,60|26,32|16,55|96,80|95,14|44,96|13,17|1,13|16,12|21,36|52,44|55,93|30,26|36,95|16,52|16,1|17,57|93,89|12,30|16,21/16,14=16,21,36,95,14
65,54|2,65|83,92|50,23|23,29|70,42|66,79|15,36|70,88|3,83|99,66|54,13|42,50|70,2|70,9|36,61|70,99|9,3|79,90|88,15/70,90=70,99,66,79,90
1,41|66,92|66,6|63,46|84,91|25,29|66,71|6,21|21,99|71,47|57,56|47,63|92,57|87,65|99,7|91,1|65,25|66,87|66,84|56,44/66,7=66,6,21,99,7
52,6|30,57|47,72|96,38|99,95|6,10|38,69|47,30|57,2|18,73|47,71|72,99|95,36|3,52|71,18|47,40|2,64|47,3|73,7|40,96/47,10=47,3,52,6,10
34,49|86,48|88,6|59,33|86,82|21,64|9,88|86,67|47,21|11,59|53,3|64,15|82,11|86,47|48,34|1,71|67,9|49,60|86,1|71,53/86,33=86,82,11,59,33
15,3|15,51|15,23|91,24|71,28|67,1|83,85|51,64|28,10|23,71|94,81|86,72|15,58|58,91|3,16|85,67|64,94|24,50|15,83|16,86/15,10=15,23,71,28,10
5,39|94,10|60,94|60,6|74,37|96,21|60,74|30,86|10,61|61,26|60,30|35,56|86,35|60,96|21,5|16,66|89,82|6,89|37,16|82,87/60,87=60,6,89,82,87
50,39|17,76|63,36|51,90|63,40|70,58|85,22|36,13|40,24|13,85|14,51|57,70|63,14|90,31|39,27|58,30|63,57|63,75|75,50|24,17/63,27=63,75,50,39,27
54,63|4,89|15,68|85,62|68,38|12,80|42,48|42,61|42,67|89,6|63,35|38,88|42,15|48,85|62,41|42,92|92,4|61,30|67,54|30,12/42,35=42,67,54,63,35
7,86|28,2|19,11|22,76|34,0|21,77|34,33|34,28|62,38|88,78|32,7|33,22|75,84|78,21|76,23|2,62|34,19|11,75|0,32|34,88/34,38=34,28,2,62,38
22,98|80,49|89,0|98,52|89,80|94,85|52,46|26,38|61,76|0,50|89,94|89,28|50,26|85,63|33,61|28,33|29,48|49,29|63,13|89,22/89,13=89,94,85,63,13
85,67|32,95|6,25|15,72|3,47|96,59|67,27|47,89|3,63|27,88|76,6|3,17|3,81|81,96|92,15|63,76|59,43|89,32|17,92|3,85/3,95=3,47,89,32,95
33,20|78,18|58,77|42,17|83,1|17,78|42,33|42,99|77,55|20,75|75,38|18,28|42,49|42,90|49,50|90,83|50,89|99,58|89,3|1,86/42,3=42,49,50,89,3
76,41|10,61|41,51|61,70|70,87|74,88|76,10|99,94|17,57|22,67|59,33|96,63|51,96|33,99|76,17|67,74|57,93|93,35|76,59|76,22/76,63=76,41,51,96,63
10,98|47,56|84,88|0,1|98,84|86,4|46,9|9,15|8,95|4,8|56,35|82,46|34,17|34,86|34,10|1,79|17,0|62,47|34,82|34,62/34,35=34,62,47,56,35
1,67|92,53|9,1|3,30|3,68|3,42|88,21|70,78|42,92|95,80|31,38|3,79|19,88|80,31|78,4|68,9|79,19|53,98|30,70|3,95/3,67=3,68,9,1,67
66,43|81,42|97,20|99,98|97,99|43,25|20,88|19,34|83,49|97,19|98,86|88,29|97,83|29,48|86,26|49,81|97,36|34,64|36,66|64,0/97,42=97,83,49,81,42
56,40|48,22|89,29|29,62|4,9|51,3|96,48|9,47|56,80|10,83|28,96|80,89|56,4|56,65|56,28|47,17|65,10|40,51|3,2|83,0/56,0=56,65,10,83,0
29,10|29,9|38,40|68,57|29,91|91,22|3,83|9,46|66,3|15,35|95,21|10,68|29,37|29,66|46,15|57,80|16,95|22,38|37,16|83,84/29,80=29,10,68,57,80
95,65|70,44|58,3|86,7|65,80|5,67|83,64|83,86|80,35|93,59|44,91|83,95|67,58|83,76|83,5|88,25|7,88|40,93|64,40|76,70/83,35=83,95,65,80,35
18,16|81,70|41,76|16,14|96,17|50,94|50,96|50,41|93,38|37,97|75,81|97,7|43,18|7,52|94,75|54,69|50,37|50,43|76,93|17,54/50,52=50,37,97,7,52
15,59|36,14|13,81|39,60|65,72|57,98|58,56|60,13|8,65|19,8|58,0|58,39|58,36|56,37|78,24|58,19|14,78|37,57|0,41|41,15/58,59=58,0,41,15,59
5,47|10,5|83,12|31,75|87,18|92,55|35,31|83,73|73,87|11,48|12,86|32,92|53,32|83,79|83,53|83,33|18,41|33,35|79,10|86,11/83,55=83,53,32,92,55
73,99|99,61|65,45|17,23|1,44|45,69|97,3|73,65|6,10|82,97|44,94|73,1|73,82|3,13|94,30|69,57|7,6|73,42|61,17|42,7/73,10=73,42,7,6,10
11,33|33,44|44,39|1,29|57,41|51,73|51,84|45,92|79,1|84,79|51,36|73,52|75,37|52,10|37,57|10,12|36,45|51,75|51,11|92,16/51,29=51,84,79,1,29
11,5|67,71|47,67|5,41|52,64|41,42|43,89|40,32|40,93|93,52|38,47|54,14|40,11|66,95|64,21|40,54|32,13|13,43|40,38|14,66/40,95=40,54,14,66,95
26,77|77,53|29,28|49,11|64,86|88,90|11,70|86,34|70,37|98,58|58,91|24,81|53,88|26,24|34,20|26,64|26,98|81,29|91,46|26,49/26,28=26,24,81,29,28
19,32|30,50|19,24|19,72|19,90|65,87|44,91|72,17|24,96|17,43|64,53|90,64|53,81|36,44|32,36|73,30|19,73|50,51|96,65|43,79/19,79=19,72,17,43,79
63,5|38,19|90,83|55,64|83,4|38,54|38,90|45,73|38,26|5,55|82,89|73,27|4,46|23,60|26,23|60,80|54,31|19,45|38,63|31,82/38,27=38,19,45,73,27
81,72|22,7|26,40|75,81|25,29|99,25|98,75|44,90|92,26|40,46|22,98|22,44|9,76|90,41|41,70|22,99|7,9|76,0|22,92|29,31/22,72=22,98,75,81,72
63,72|55,58|55,94|87,33|13,95|95,20|55,46|72,28|6,14|98,68|55,87|34,10|94,63|58,13|33,41|41,80|68,6|46,34|55,98|10,62/55,62=55,46,34,10,62
80,24|35,4|9,64|4,72|80,75|1,57|76,27|81,90|24,35|27,1|90,48|31,71|88,87|87,9|80,88|62,31|75,62|80,81|48,15|80,76/80,71=80,75,62,31,71
55,96|51,71|19,23|39,30|78,51|58,19|55,31|31,58|63,39|68,63|55,72|40,85|97,17|85,52|27,97|55,68|72,78|7,27|55,7|96,40/55,30=55,68,63,39,30
96,28|87,96|86,19|25,89|48,43|73,25|89,68|87,85|91,22|87,56|11,35|87,14|85,86|19,27|65,11|14,65|56,53|87,73|53,48|28,91/87,27=87,85,86,19,27
33,6|6,61|4,40|92,98|39,66|22,57|18,39|1,18|22,49|40,8|44,81|61,97|62,44|49,62|98,70|57,92|22,4|22,1|8,0|22,33/22,66=22,1,18,39,66
8,50|42,11|80,42|67,8|50,90|59,70|18,75|9,57|27,80|18,67|18,9|18,13|52,35|57,52|75,60|70,81|13,59|60,62|18,27|62,29/18,90=18,67,8,50,90
58,60|61,90|25,17|52,89|10,25|90,52|89,38|20,10|92,49|93,39|83,93|39,31|61,83|61,55|6,58|55,92|76,6|61,76|61,20|49,87/61,87=61,55,92,49,87
72,7|36,25|7,68|14,89|63,36|25,97|63,69|97,50|57,98|37,22|52,14|81,72|63,51|69,37|63,57|79,61|63,81|98,79|51,52|22,99/63,50=63,36,25,97,50
3,42|73,57|27,50|3,73|57,43|3,18|40,12|30,11|47,95|18,21|21,30|44,47|79,7|42,44|3,40|43,13|24,79|12,27|28,24|3,28/3,11=3,18,21,30,11
55,16|69,90|20,52|42,55|6,37|69,2|76,42|90,53|9,17|54,0|69,54|2,20|69,76|7,8|53,84|0,7|37,9|52,28|84,56|69,6/69,17=69,6,37,9,17
10,32|74,66|82,53|31,80|54,75|53,60|69,28|82,9|82,83|87,10|56,39|60,56|82,69|9,74|64,30|28,31|30,54|83,87|66,58|82,64/82,58=82,9,74,66,58
9,2|8,91|2,54|22,87|9,8|91,25|6,68|72,89|89,34|70,23|43,72|9,70|9,59|23,22|25,69|68,98|54,17|17,24|9,43|59,6/9,69=9,8,91,25,69
24,16|97,36|61,89|40,6|61,95|6,55|30,88|95,24|61,40|61,58|16,63|36,71|49,99|88,60|61,56|89,97|55,52|56,49|58,30|99,96/61,96=61,56,49,99,96
74,85|32,94|42,32|92,58|7,16|52,96|88,35|0,5|2,42|94,14|2,92|35,7|30,52|2,30|87,90|58,87|2,88|5,74|2,0|96,51/2,90=2,92,58,87,90
89,52|82,25|25,47|75,66|10,20|82,5|50,49|47,50|26,68|5,14|42,30|14,10|82,98|98,1|51,75|97,51|1,26|82,89|82,97|52,42/82,68=82,98,1,26,68
29,19|3,65|30,77|16,76|76,31|62,0|16,67|51,90|44,29|8,15|16,62|16,30|31,49|19,14|15,10|0,51|67,8|16,44|49,83|77,3/16,90=16,62,0,51,90
2,32|80,64|96,14|84,36|96,89|45,84|7,81|17,45|96,27|89,80|18,12|32,18|64,23|96,17|96,2|14,97|97,7|43,49|99,43|27,99/96,81=96,14,97,7,81
71,39|95,97|5,22|5,76|76,78|5,15|92,10|5,79|75,95|15,75|74,98|29,32|79,29|78,74|32,50|39,0|10,20|5,71|0,38|22,92/5,50=5,79,29,32,50
64,57|5,80|41,30|77,81|64,19|30,46|64,88|83,47|57,77|47,14|64,49|58,28|73,58|80,66|28,18|88,83|81,12|19,41|49,5|64,73/64,14=64,88,83,47,14
62,16|88,85|6,60|88,71|15,55|88,95|28,90|95,83|55,51|88,82|41,84|88,15|71,4|83,28|4,6|84,48|69,62|82,41|51,53|85,69/88,48=88,82,41,84,48
81,57|15,74|3,82|74,3|29,76|82,30|15,88|26,99|11,2|15,11|88,81|57,90|2,26|46,43|5,49|15,5|49,46|76,19|15,48|48,29/15,99=15,11,2,26,99
98,93|14,15|20,65|96,59|89,74|54,70|65,89|44,96|51,44|20,51|20,31|15,25|20,14|70,98|74,19|87,17|17,23|31,87|20,54|25,42/20,19=20,65,89,74,19
48,99|25,85|85,89|48,44|83,14|33,7|48,90|48,6|44,88|90,25|8,64|79,92|99,79|28,66|92,69|88,33|48,8|64,83|66,34|6,28/48,14=48,8,64,83,14
44,97|93,1|57,83|83,31|46,50|31,0|25,99|44,71|24,5|44,18|94,25|63,93|18,22|44,57|71,46|97,63|92,94|44,92|22,24|50,53/44,5=44,18,22,24,5
33,83|26,60|26,94|54,33|40,7|12,47|26,93|26,67|67,82|60,43|82,40|26,54|83,45|15,12|94,15|92,85|93,46|43,92|37,80|46,37/26,80=26,93,46,37,80
97,5|7,24|93,26|42,18|22,23|13,7|5,71|26,16|18,91|15,30|76,22|15,1|56,42|30,76|15,93|4,13|16,84|15,56|15,4|1,97/15,24=15,4,13,7,24
10,13|60,80|78,45|21,6|84,31|45,90|76,43|77,53|6,76|17,78|42,14|53,42|13,60|31,89|10,2|10,17|2,84|10,77|10,21|80,18/10,14=10,77,53,42,14
88,61|17,38|88,92|92,93|36,39|88,23|23,20|72,36|66,3|88,59|88,72|39,60|20,17|61,96|3,91|93,53|59,66|51,5|53,70|96,51/88,91=88,59,66,3,91
26,64|69,92|60,46|13,60|21,80|13,82|13,21|94,3|82,93|93,11|99,63|11,43|81,9|13,94|9,16|16,49|46,99|3,69|13,81|80,26/13,43=13,82,93,11,43
4,15|59,75|71,69|65,18|18,53|43,74|3,7|7,43|21,59|75,62|53,91|61,71|91,6|65,21|65,61|65,4|65,3|90,23|69,28|15,90/65,62=65,21,59,75,62
30,17|85,14|64,93|85,38|93,77|52,48|85,74|57,11|85,53|40,75|74,40|14,64|38,30|17,34|75,37|85,26|11,8|53,52|48,7|26,57/85,34=85,38,30,17,34
10,28|28,56|96,98|87,51|2,40|80,96|4,48|79,11|51,79|40,4|56,85|73,32|80,31|22,5|80,10|80,87|80,2|98,22|31,73|32,97/80,85=80,10,28,56,85
25,87|34,6|16,90|90,17|64,35|87,10|41,85|25,75|5,41|72,62|75,5|35,73|10,34|78,64|25,33|33,16|25,72|65,84|62,65|25,78/25,85=25,75,5,41,85
53,91|43,53|37,66|59,89|76,33|10,15|43,52|52,77|43,59|65,22|91,37|84,0|77,84|43,76|74,72|72,8|43,71|71,74|89,10|33,65/43,15=43,59,89,10,15
62,25|25,70|99,74|24,29|61,12|70,69|27,75|39,27|22,61|91,21|12,56|85,39|74,60|29,91|24,99|21,51|24,22|24,62|24,85|60,58/24,56=24,22,61,12,56
59,17|59,78|70,61|10,47|17,3|31,30|3,57|59,88|61,41|47,0|59,99|88,66|57,11|93,13|59,10|99,70|0,21|66,31|60,93|78,60/59,30=59,88,66,31,30
4,61|81,5|30,31|45,69|5,64|88,29|4,3|85,40|4,81|29,26|69,72|26,68|3,38|61,45|4,88|31,85|46,59|38,46|4,30|64,12/4,72=4,61,45,69,72
65,92|64,62|70,64|40,20|71,46|75,65|63,27|30,75|98,66|46,49|30,70|30,98|20,63|92,88|30,40|49,24|66,97|30,71|62,61|97,18/30,61=30,70,64,62,61
93,39|86,62|16,18|39,82|18,32|43,30|63,19|52,49|49,5|19,86|82,17|13,50|13,93|13,52|74,16|50,69|13,74|5,37|69,43|13,63/13,30=13,50,69,43,30
92,47|78,54|69,85|92,5|63,64|92,11|11,13|5,61|38,4|85,38|54,57|92,78|65,63|58,84|61,58|13,18|57,37|92,69|18,28|47,65/92,28=92,11,13,18,28
9,4|55,27|26,65|27,33|97,5|47,39|2,26|0,78|55,76|55,9|33,56|77,97|55,77|78,92|55,50|5,34|4,47|76,0|56,42|50,2/55,39=55,9,4,47,39
73,16|29,65|93,5|16,50|3,6|93,18|5,2|93,54|18,33|86,3|2,4|54,75|93,61|61,73|75,29|4,24|19,11|33,19|93,86|6,27/93,11=93,18,33,19,11
11,69|18,28|32,18|11,90|92,10|69,99|29,93|10,43|77,12|31,32|61,92|3,60|12,70|11,61|11,31|11,77|99,3|70,84|90,29|93,73/11,43=11,61,92,10,43
49,16|5,86|41,38|9,6|63,35|38,63|68,74|10,29|20,9|78,20|5,41|54,68|86,10|5,24|5,78|16,65|28,54|29,37|5,28|24,49/5,35=5,41,38,63,35
49,26|1,93|38,32|94,92|61,81|26,1|49,43|43,99|19,94|49,76|25,19|49,25|99,83|93,42|5,74|32,5|49,38|83,2|81,3|76,61/49,74=49,38,32,5,74
50,52|47,72|67,36|32,11|73,93|59,10|10,70|52,58|44,4|85,50|73,85|55,28|73,59|70,64|73,55|69,47|93,69|73,32|11,44|28,67/73,64=73,59,10,70,64
9,32|79,30|39,81|2,39|93,31|38,74|79,38|68,78|7,45|79,5|58,97|86,7|97,63|79,9|30,2|5,58|32,93|79,86|74,68|45,34/79,63=79,5,58,97,63
3,24|40,77|33,49|77,33|27,13|49,22|42,83|21,69|40,59|51,21|24,30|30,53|59,51|83,15|40,3|87,42|40,87|96,84|13,96|40,27/40,69=40,59,51,21,69
71,24|28,96|13,48|92,12|13,47|72,40|47,84|20,9|13,51|84,71|40,20|12,77|18,63|51,18|87,28|63,33|26,92|13,26|13,72|48,87/13,77=13,26,92,12,77
21,92|16,10|25,40|72,13|88,72|86,52|13,5|44,21|8,45|43,86|43,89|6,25|43,69|43,88|69,6|52,8|43,16|7,96|89,44|10,7/43,40=43,69,6,25,40
17,73|88,6|73,48|92,65|71,59|88,77|28,19|39,81|88,96|59,92|96,74|77,20|88,71|6,17|53,91|81,28|88,39|20,18|18,0|74,53/88,48=88,6,17,73,48
87,43|13,10|9,53|70,13|69,31|70,69|68,7|70,5|7,90|10,9|90,61|78,87|2,15|25,2|70,68|51,54|70,23|5,25|23,78|31,51/70,15=70,5,25,2,15
54,75|32,39|34,89|41,1|71,34|3,0|89,57|82,37|32,35|87,72|72,38|32,82|99,41|35,5|37,3|39,87|83,99|32,71|32,83|5,54/32,75=32,35,5,54,75
19,32|30,50|19,24|19,72|19,90|53,81|65,87|72,17|24,96|17,43|64,44|90,64|44,91|36,65|32,36|73,30|19,73|50,51|96,53|43,79/19,79=19,72,17,43,79
89,82|90,68|68,49|13,30|21,25|1,27|7,9|89,80|20,97|25,20|26,1|98,40|89,19|89,98|80,26|82,90|79,13|89,21|40,7|19,79/89,9=89,98,40,7,9
3,29|25,6|73,36|83,93|74,25|42,45|15,42|56,49|51,73|51,1|1,83|39,56|93,41|36,3|49,12|6,97|51,74|51,13|13,15|51,39/51,12=51,39,56,49,12
6,3|43,28|36,42|9,62|43,83|49,72|13,78|43,36|35,81|28,16|43,6|3,9|16,14|74,44|42,74|72,19|78,35|83,49|14,18|43,13/43,18=43,28,16,14,18
58,13|73,33|2,85|85,58|78,74|38,52|55,27|9,30|72,32|52,72|74,9|27,10|64,78|64,38|64,2|64,18|18,55|64,73|81,16|33,81/64,30=64,78,74,9,30
2,39|0,17|61,77|1,96|3,93|41,71|36,41|28,6|6,94|0,66|0,13|0,1|13,12|66,72|96,3|72,2|12,61|0,45|17,28|45,36/0,39=0,66,72,2,39
63,3|3,57|20,94|63,4|25,17|63,10|10,20|57,61|61,40|76,16|98,6|4,48|16,98|27,52|63,25|94,26|48,12|63,76|12,34|17,27/63,6=63,76,16,98,6
27,82|27,19|48,81|27,49|16,48|65,3|19,15|70,4|25,65|56,24|30,73|15,56|49,25|27,16|82,0|68,70|81,92|0,30|27,26|26,68/27,73=27,82,0,30,73
34,59|90,41|80,91|7,28|79,5|58,62|62,12|58,8|27,92|12,79|23,29|58,80|8,85|91,27|85,23|58,7|28,68|41,34|58,90|68,26/58,26=58,7,28,68,26
38,30|17,20|66,75|92,5|93,68|17,77|77,28|68,80|80,22|17,85|48,66|5,11|85,48|17,93|17,92|11,67|20,36|28,62|36,38|62,90/17,22=17,93,68,80,22
94,43|39,29|89,39|22,9|29,27|89,26|89,55|93,77|27,37|55,79|79,94|89,93|67,51|86,12|89,96|9,34|25,67|26,25|77,86|96,22/89,34=89,96,22,9,34
40,23|22,46|66,78|1,40|27,24|30,8|78,61|24,37|66,30|8,22|95,56|61,95|66,1|93,97|97,60|60,84|37,49|66,93|23,69|66,27/66,84=66,93,97,60,84
63,85|2,68|57,67|49,72|83,2|57,30|30,63|57,19|85,34|7,75|72,79|88,83|74,7|94,55|57,51|57,88|51,56|56,94|19,49|67,74/57,34=57,30,63,85,34
86,99|36,20|20,80|57,27|5,91|25,37|99,59|27,41|80,13|5,36|41,49|81,30|98,86|75,25|5,98|30,19|91,75|19,24|5,57|5,81/5,37=5,91,75,25,37
80,51|73,25|33,80|4,90|90,69|7,2|25,63|69,55|7,4|2,52|30,13|7,38|23,30|91,33|7,91|9,73|38,23|54,34|7,9|52,54/7,13=7,38,23,30,13
46,73|73,86|82,0|82,75|59,31|71,46|0,77|82,64|75,95|91,59|95,78|77,63|31,34|64,90|82,71|63,45|17,84|82,91|78,67|90,17/82,45=82,0,77,63,45
33,74|66,14|27,90|80,33|14,34|55,22|27,38|92,62|81,67|22,82|16,80|27,83|67,72|27,66|90,42|27,16|42,92|34,24|83,81|38,55/27,72=27,83,81,67,72
52,80|45,60|32,71|62,77|14,39|62,52|57,32|40,59|23,21|80,45|83,23|62,57|77,83|71,63|68,67|59,14|62,40|67,43|99,68|62,99/62,60=62,52,80,45,60
38,4|79,1|25,71|29,25|61,37|79,80|79,34|34,29|76,38|22,84|37,12|93,9|84,88|73,76|79,70|79,73|1,61|80,55|70,22|55,93/79,4=79,73,76,38,4
88,72|75,69|56,41|54,84|39,88|34,57|22,87|92,2|69,54|41,74|13,39|37,75|37,25|37,13|80,92|37,22|37,86|25,80|86,56|87,34/37,74=37,86,56,41,74
79,86|79,44|16,23|75,21|73,63|44,50|21,70|82,59|50,94|59,25|94,60|86,73|70,15|79,75|79,12|63,51|12,93|0,82|79,0|93,16/79,23=79,12,93,16,23
17,90|62,49|20,45|62,71|62,11|33,40|49,74|64,33|3,88|58,50|37,17|89,60|71,64|74,3|62,58|50,89|62,8|8,37|45,34|11,20/62,60=62,58,50,89,60
58,87|73,17|44,37|44,29|83,89|6,40|86,45|17,86|67,27|29,67|35,58|44,35|37,96|27,64|44,73|87,74|40,24|96,83|44,1|1,6/44,64=44,29,67,27,64
87,88|32,44|87,4|81,25|71,7|87,31|53,28|37,76|4,47|76,71|88,50|73,43|87,37|47,91|91,62|87,81|25,53|50,32|31,73|43,70/87,70=87,31,73,43,70
46,97|60,48|97,9|37,1|39,60|9,45|46,94|46,20|46,4|66,82|2,66|48,56|94,59|20,37|59,41|41,47|46,39|4,2|1,68|45,64/46,82=46,4,2,66,82
64,72|73,27|89,41|69,35|22,31|80,57|35,22|9,10|80,17|86,73|12,86|80,12|37,3|17,58|80,64|57,5|80,69|58,89|72,37|5,9/80,27=80,12,86,73,27
68,81|80,40|33,65|32,92|9,79|99,48|59,83|32,56|11,96|32,59|17,82|98,33|56,99|83,80|32,68|48,57|32,17|82,11|92,98|81,9/32,40=32,59,83,80,40
90,38|84,92|38,86|32,3|67,76|32,90|92,67|49,95|53,69|32,53|57,1|95,74|13,10|3,52|32,84|52,57|69,13|86,20|74,44|32,49/32,1=32,3,52,57,1
6,62|70,28|81,83|91,81|28,11|62,16|91,6|91,93|20,34|91,70|31,8|16,74|32,31|79,20|11,17|91,32|93,79|83,13|8,0|13,38/91,17=91,70,28,11,17
40,72|0,28|61,58|0,12|3,33|0,61|26,44|7,39|78,57|29,78|0,40|21,3|0,9|12,93|87,18|28,21|93,87|72,7|9,29|58,26/0,44=0,61,58,26,44
74,19|68,77|15,6|73,72|51,29|15,65|39,74|94,68|22,21|21,28|50,39|15,96|6,94|96,66|66,51|15,22|28,54|72,34|15,50|65,73/15,19=15,50,39,74,19
3,94|54,48|96,39|96,3|12,54|96,81|25,78|98,17|17,58|96,57|42,37|81,42|96,62|62,98|94,68|68,64|37,22|57,12|78,55|39,25/96,64=96,3,94,68,64
2,89|89,11|22,64|22,52|48,66|37,81|7,61|53,2|52,38|61,17|28,12|18,44|64,94|81,48|22,37|38,18|94,28|22,53|22,7|17,98/22,12=22,64,94,28,12
18,17|65,71|6,81|37,88|99,91|5,20|71,2|6,27|75,18|6,66|6,99|76,12|91,76|27,5|72,85|20,13|66,75|85,37|6,72|81,65/6,12=6,99,91,76,12
82,30|57,99|86,94|57,84|57,64|54,25|84,22|33,88|79,31|99,93|16,5|93,33|22,86|25,63|31,21|5,82|57,16|57,79|21,85|64,54/57,88=57,99,93,33,88
35,73|84,87|38,35|90,23|14,66|23,6|79,56|21,79|56,44|70,98|98,32|84,9|87,58|58,14|6,5|73,30|84,90|84,21|84,38|9,70/84,5=84,90,23,6,5
34,8|15,38|86,67|59,15|68,17|20,78|20,18|22,47|38,21|17,22|18,55|67,50|20,7|78,70|20,59|7,86|55,3|3,57|20,68|70,34/20,21=20,59,15,38,21
57,6|10,34|10,55|8,77|55,5|88,87|77,65|16,84|42,63|28,88|10,43|5,15|10,11|11,28|43,16|15,40|63,57|34,8|84,27|10,42/10,6=10,42,63,57,6
38,16|87,38|18,40|24,42|10,30|79,10|40,4|87,47|92,79|87,92|43,60|16,43|47,15|87,67|19,24|42,77|67,18|70,34|15,70|87,19/87,77=87,19,24,42,77
63,76|12,78|43,13|70,34|63,28|72,21|38,5|56,35|5,3|3,92|76,12|63,38|77,37|28,88|21,56|88,43|78,20|63,77|37,70|63,72/63,35=63,72,21,56,35
52,36|74,5|82,50|33,31|74,33|50,83|58,28|74,77|34,58|83,35|31,53|0,52|77,45|17,0|55,7|74,17|5,34|45,55|53,27|74,82/74,27=74,33,31,53,27
53,82|63,60|9,56|51,77|60,53|85,43|33,81|32,83|51,63|65,9|43,46|51,32|35,61|51,50|56,69|50,85|83,35|77,33|81,10|51,65/51,82=51,63,60,53,82
1,25|90,20|92,90|92,28|99,56|18,99|97,1|50,8|32,5|92,72|8,87|60,32|92,60|20,55|5,24|72,50|92,97|25,53|55,4|28,18/92,53=92,97,1,25,53
69,3|41,70|51,49|58,78|2,30|3,97|69,58|78,96|5,65|69,31|31,37|80,51|97,41|49,81|30,76|96,67|37,5|57,2|69,57|69,80/69,70=69,3,97,41,70
67,15|90,20|79,91|66,78|58,90|91,51|67,83|83,79|15,66|82,13|96,34|78,2|67,89|36,81|89,58|67,82|13,36|0,96|33,0|67,33/67,2=67,15,66,78,2
18,34|30,58|99,30|18,37|2,52|91,99|53,80|42,95|92,1|18,91|18,2|18,63|52,60|37,23|80,74|63,53|23,92|95,76|60,48|34,42/18,76=18,34,42,95,76
5,30|40,5|19,6|30,80|13,0|35,31|84,99|99,19|93,87|84,57|6,90|57,35|84,93|84,40|52,13|84,52|53,51|31,36|0,81|87,53/84,81=84,52,13,0,81
72,86|50,91|50,76|50,93|6,15|99,44|48,40|87,26|21,72|91,96|96,99|10,22|76,21|93,52|50,25|50,6|40,89|25,48|52,10|15,87/50,22=50,93,52,10,22
4,88|53,64|97,92|45,95|35,73|83,47|6,94|2,76|88,83|6,97|36,8|6,2|6,32|76,35|75,36|95,66|6,4|92,53|32,45|94,75/6,8=6,94,75,36,8
54,21|97,78|97,72|32,68|72,89|78,40|97,71|40,0|63,8|36,88|71,63|61,74|89,61|97,2|21,37|88,32|97,36|2,54|0,29|8,77/97,77=97,71,63,8,77
42,85|83,69|68,82|15,27|27,83|36,95|47,42|66,59|44,37|68,36|95,44|41,58|82,41|68,66|85,43|98,65|68,15|68,47|59,98|58,97/68,37=68,36,95,44,37
6,62|70,28|81,83|91,81|28,11|62,8|91,6|91,93|20,34|91,70|31,13|8,0|32,31|79,20|11,17|91,32|93,79|83,16|13,38|16,74/91,17=91,70,28,11,17
29,18|30,83|78,6|98,49|69,50|5,69|29,5|58,4|27,44|83,58|65,98|29,81|29,11|11,0|90,78|0,27|81,65|29,30|50,46|18,90/29,4=29,30,83,58,4
20,26|66,12|20,84|31,19|75,59|12,61|52,43|26,33|60,37|54,1|19,60|84,63|33,52|67,75|61,64|20,31|20,66|20,67|63,54|59,85/20,64=20,66,12,61,64
15,11|12,71|28,56|71,55|15,12|97,72|15,1|15,75|11,94|75,97|29,47|72,90|1,77|15,28|77,30|54,59|56,29|94,54|55,58|30,84/15,59=15,11,94,54,59
72,69|23,86|72,2|96,49|36,59|93,32|19,23|44,74|85,40|74,11|0,93|72,46|49,20|72,85|11,82|46,96|40,36|69,19|72,44|2,0/72,20=72,46,96,49,20
66,54|35,24|52,5|15,6|0,15|99,63|81,35|81,0|81,77|77,51|12,76|63,17|24,66|6,72|81,83|5,2|81,42|42,52|51,12|83,99/81,54=81,35,24,66,54
71,46|34,92|44,28|86,26|13,67|44,6|6,73|44,51|28,37|21,68|60,13|68,2|51,52|32,60|52,71|44,32|73,86|72,21|44,72|37,34/44,2=44,72,21,68,2
21,68|30,39|46,64|58,40|84,60|73,56|43,75|75,14|14,13|13,4|43,21|79,73|43,77|43,58|40,84|39,46|43,30|7,59|77,79|68,7/43,56=43,77,79,73,56
66,52|2,42|2,77|2,73|3,25|65,54|99,11|77,94|73,65|92,37|37,5|2,22|94,66|23,7|54,1|97,3|22,92|2,99|11,23|42,97/2,52=2,77,94,66,52
66,97|37,66|37,3|84,65|37,31|78,26|45,55|54,29|55,28|31,5|37,45|65,89|28,47|3,84|97,54|73,2|2,7|37,73|7,44|5,78/37,44=37,73,2,7,44
20,41|53,17|20,90|35,14|63,85|4,7|80,63|20,4|77,70|90,53|7,24|20,79|86,83|70,35|17,0|79,80|20,77|47,86|41,47|24,23/20,85=20,79,80,63,85
46,48|96,83|53,74|84,71|35,46|96,57|79,58|13,79|9,94|94,16|96,20|60,84|20,60|48,73|3,9|57,56|96,35|83,13|56,53|96,3/96,74=96,57,56,53,74
5,73|52,48|83,10|16,51|86,44|7,93|48,15|51,12|36,7|44,83|5,16|15,49|70,80|5,52|5,86|80,33|38,36|73,70|12,0|5,38/5,0=5,16,51,12,0
74,24|34,74|51,46|50,70|1,21|39,1|24,63|39,43|9,33|19,51|21,94|6,36|70,9|39,34|39,50|39,6|87,58|43,19|94,41|36,87/39,33=39,50,70,9,33
83,74|0,37|61,4|37,7|74,69|89,77|89,47|89,28|89,60|50,34|28,95|53,80|77,0|4,58|39,43|47,61|43,50|89,39|95,53|60,83/89,58=89,47,61,4,58
77,83|55,9|51,82|93,63|69,51|78,94|59,55|10,36|36,42|26,78|93,75|93,72|72,26|63,69|62,44|75,59|42,21|44,77|93,62|93,10/93,21=93,10,36,42,21
46,96|82,61|82,52|87,24|29,44|77,74|47,87|24,72|34,38|82,80|44,79|82,46|82,47|50,7|52,29|15,77|96,34|7,12|80,50|61,15/82,38=82,46,96,34,38
11,99|69,31|11,24|11,63|17,69|75,43|43,0|23,66|52,10|63,75|11,40|11,95|40,41|89,52|95,17|66,35|24,23|99,89|41,70|70,3/11,0=11,63,75,43,0
61,13|66,33|11,0|39,55|78,72|60,61|20,48|72,53|78,66|78,88|78,60|91,39|51,57|53,51|88,91|13,89|48,11|33,44|78,20|44,65/78,89=78,60,61,13,89
91,21|96,56|31,88|56,63|80,94|63,31|76,89|96,84|26,59|84,76|5,20|3,37|96,5|24,3|21,26|20,80|96,91|89,11|37,18|96,24/96,11=96,84,76,89,11
75,29|89,79|79,46|30,91|51,71|94,22|75,90|91,67|72,62|75,51|71,72|57,89|75,85|90,3|85,44|29,30|75,57|3,41|44,94|41,27/75,67=75,29,30,91,67
72,34|44,72|26,25|81,79|44,14|87,21|44,86|22,81|1,15|48,58|14,48|13,26|86,22|11,66|44,83|83,13|21,11|58,24|44,87|34,1/44,66=44,87,21,11,66
75,36|63,6|19,26|55,89|65,66|75,87|75,28|75,19|50,42|97,45|45,74|75,56|87,47|28,97|26,65|56,50|47,55|36,31|42,12|31,63/75,6=75,36,31,63,6
33,57|89,40|57,99|33,2|33,89|2,95|93,10|95,77|83,93|33,12|39,92|43,39|63,71|40,63|12,43|99,73|33,83|10,20|73,42|77,47/33,42=33,57,99,73,42
96,18|84,10|18,61|24,87|27,81|87,92|67,84|85,48|88,66|67,99|26,96|67,60|67,88|60,24|66,46|10,85|67,26|59,27|99,59|46,83/67,81=67,99,59,27,81
85,82|14,19|41,99|28,49|39,24|85,2|44,15|85,90|15,91|99,52|88,22|49,39|85,44|91,83|82,29|29,14|85,28|90,93|93,88|2,41/85,24=85,28,49,39,24
25,29|66,92|66,6|1,41|84,91|63,46|66,71|6,21|21,99|71,47|57,56|47,1|92,57|87,65|99,7|91,25|65,63|66,87|66,84|56,44/66,7=66,6,21,99,7
98,52|66,68|39,65|73,40|73,58|33,22|58,35|51,10|82,12|63,3|40,39|73,51|73,15|70,63|10,33|68,82|73,66|65,1|35,98|15,70/73,52=73,58,35,98,52
10,98|47,56|9,15|0,84|98,9|86,4|46,1|1,79|8,95|4,8|56,35|82,46|34,17|34,86|34,10|84,88|17,0|62,47|34,82|34,62/34,35=34,62,47,56,35
55,29|32,4|42,32|14,76|21,46|98,33|46,37|17,51|30,40|19,98|19,17|51,12|12,74|19,55|19,72|19,2|72,21|2,42|33,14|29,30/19,4=19,2,42,32,4
70,86|59,47|72,27|96,4|4,70|73,92|73,59|61,65|64,45|5,6|27,2|73,96|73,78|47,5|89,72|19,64|78,19|92,91|73,89|91,61/73,6=73,59,47,5,6
90,54|69,4|72,90|1,53|87,66|75,65|58,79|31,87|75,99|75,40|99,19|75,58|79,69|62,84|40,72|75,31|66,28|65,1|53,73|19,62/75,4=75,58,79,69,4
36,33|42,94|62,8|6,81|9,64|28,62|44,34|8,63|42,91|7,92|42,28|94,27|27,7|3,9|42,87|91,43|43,6|42,36|87,3|33,44/42,64=42,87,3,9,64
14,37|44,30|61,58|30,13|69,38|13,91|46,67|14,80|14,44|67,0|76,69|37,68|68,18|80,61|34,76|14,46|14,34|58,86|0,5|18,17/14,91=14,44,30,13,91
69,41|23,55|97,69|38,43|50,45|41,13|55,3|87,38|17,50|36,66|75,9|59,36|17,89|43,10|17,87|53,59|17,53|17,97|89,23|45,75/17,10=17,87,38,43,10
51,37|16,88|88,23|16,80|29,93|16,19|87,86|16,64|36,32|23,29|80,61|16,22|37,90|61,82|82,13|81,87|19,51|32,50|64,81|22,36/16,13=16,80,61,82,13
71,24|19,89|62,40|15,63|85,71|15,85|9,47|26,60|5,42|15,19|15,26|15,1|42,61|1,93|89,62|60,9|79,73|93,79|63,5|24,14/15,73=15,1,93,79,73
66,0|82,28|11,62|58,99|16,44|25,88|96,77|25,58|88,65|99,30|25,35|25,82|25,75|75,96|30,15|44,5|35,16|65,66|77,4|28,11/25,0=25,88,65,66,0
35,68|19,17|78,93|7,15|17,43|49,7|19,32|93,35|22,26|43,73|73,5|44,58|58,3|19,71|32,27|19,59|19,78|59,44|27,22|71,49/19,3=19,59,44,58,3
52,53|20,90|61,70|18,73|3,11|10,22|70,72|53,64|30,60|90,52|77,10|17,61|20,17|22,46|20,95|20,77|11,6|95,3|20,18|73,30/20,6=20,95,3,11,6
71,99|67,63|66,69|60,3|47,81|13,47|87,11|81,66|13,67|75,59|98,87|65,28|13,98|63,71|3,65|13,60|11,68|59,17|13,8|8,75/13,17=13,8,75,59,17
81,10|83,14|36,77|10,98|75,65|8,9|98,64|81,3|81,56|56,42|3,13|81,75|94,90|13,47|47,11|42,83|81,36|64,26|77,94|65,8/81,90=81,36,77,94,90
27,38|13,22|86,16|87,88|9,1|52,49|87,83|87,9|87,52|7,86|87,73|51,27|91,19|49,13|73,91|19,21|1,92|92,54|88,7|83,51/87,38=87,83,51,27,38
49,72|90,44|75,68|94,75|94,10|44,60|94,93|31,76|68,46|89,31|76,7|93,65|94,22|79,95|65,79|71,49|22,71|94,89|10,90|46,86/94,95=94,93,65,79,95
81,68|45,46|52,81|8,48|90,96|51,52|62,38|68,22|46,0|23,26|51,39|0,99|48,69|51,90|39,23|51,43|26,37|96,62|43,8|51,45/51,38=51,90,96,62,38
48,72|34,28|34,56|3,1|56,3|1,23|34,48|81,64|87,16|64,54|54,50|34,49|28,87|34,81|90,18|16,75|49,90|18,65|73,31|72,73/34,23=34,56,3,1,23
80,7|83,80|7,6|6,74|83,1|83,39|83,28|66,29|83,79|99,10|39,66|10,12|29,46|8,59|59,0|88,55|1,99|28,85|79,8|85,88/83,12=83,1,99,10,12
47,90|42,5|52,9|47,98|72,96|51,41|22,51|7,88|47,72|75,58|41,14|88,19|26,15|67,42|47,22|96,26|98,67|58,52|90,7|47,75/47,9=47,75,58,52,9
21,78|48,52|35,34|13,3|70,45|52,91|82,13|86,96|11,58|58,35|48,11|89,24|45,21|2,82|48,86|74,54|48,2|91,89|96,74|48,70/48,24=48,52,91,89,24
41,28|38,90|72,43|4,72|76,38|28,22|52,69|41,4|20,61|79,11|41,73|61,81|22,52|41,79|73,76|81,29|13,40|43,6|11,13|41,20/41,29=41,20,61,81,29
10,14|24,32|76,39|15,3|0,76|51,8|24,13|41,10|24,0|24,63|9,4|39,87|63,15|24,75|8,55|32,51|75,54|3,78|54,9|13,41/24,87=24,0,76,39,87
49,78|55,68|87,85|41,54|78,23|20,39|15,24|55,49|64,67|54,64|55,87|59,80|68,37|55,41|23,2|55,96|85,20|37,15|96,59|80,14/55,39=55,87,85,20,39
14,48|86,72|71,13|2,30|99,55|91,64|97,27|99,97|40,89|64,53|99,86|43,80|72,67|13,14|99,43|99,71|67,66|55,91|27,40|80,2/99,48=99,71,13,14,48
26,51|2,43|28,37|28,48|1,63|77,60|5,1|51,46|28,98|9,2|28,26|63,87|98,50|50,77|55,20|37,9|69,55|28,5|48,69|46,18/28,87=28,5,1,63,87
54,34|58,93|87,5|6,11|80,87|34,15|82,65|44,6|53,82|15,78|50,53|5,99|86,14|86,50|11,79|14,58|93,16|86,44|86,54|86,80/86,16=86,14,58,93,16
9,77|85,48|7,56|29,85|48,64|57,19|56,70|53,15|26,57|53,73|15,81|75,67|73,9|70,97|19,68|53,29|77,34|53,7|53,26|81,75/53,97=53,7,56,70,97
29,45|61,23|23,8|99,69|61,99|22,19|25,51|51,83|74,22|28,10|19,89|61,42|61,29|62,24|69,68|45,62|68,33|42,25|8,28|61,74/61,10=61,23,8,28,10
95,60|70,95|57,88|32,99|88,33|94,84|32,57|63,70|73,89|84,16|33,4|97,17|91,97|32,68|68,94|32,63|71,73|32,91|99,71|17,7/32,4=32,57,88,33,4
87,92|40,0|18,61|34,63|92,9|20,4|74,20|40,74|75,93|90,33|40,18|93,67|40,37|37,99|61,90|40,75|99,34|4,59|0,87|67,58/40,9=40,0,87,92,9
38,16|87,38|18,40|24,42|43,60|79,43|40,4|87,47|92,79|87,92|70,34|16,70|47,15|87,67|19,24|42,77|67,18|10,30|15,10|87,19/87,77=87,19,24,42,77
54,62|78,6|10,36|50,57|6,10|57,39|8,51|51,88|8,50|39,96|70,60|44,54|91,2|71,76|8,78|8,91|62,14|88,71|8,44|2,70/8,76=8,51,88,71,76
28,96|20,9|13,48|92,12|13,47|72,40|47,84|71,24|13,51|84,28|40,71|12,77|18,63|51,18|87,20|63,33|26,92|13,26|13,72|48,87/13,77=13,26,92,12,77
8,20|73,77|28,17|27,90|93,60|60,51|94,65|24,80|22,55|55,73|90,16|80,93|58,28|40,27|24,40|24,94|71,58|24,22|24,71|65,8/24,17=24,71,58,28,17
75,15|67,32|83,56|85,93|52,83|25,85|90,84|84,82|82,45|52,67|56,47|52,5|5,25|7,12|52,7|47,3|52,90|32,10|12,75|10,71/52,71=52,67,32,10,71
61,33|61,3|45,21|7,45|22,7|61,0|16,32|27,15|88,35|35,69|61,27|89,36|0,38|38,16|33,89|61,22|13,80|15,13|3,88|36,44/61,44=61,33,89,36,44
13,89|61,5|93,27|5,22|2,76|2,93|53,97|64,81|2,10|22,79|2,61|89,24|97,42|10,59|76,13|27,64|59,31|2,53|31,55|42,30/2,79=2,61,5,22,79
13,10|63,32|37,0|39,47|31,39|35,19|16,53|19,74|31,16|47,23|0,6|31,35|74,50|31,42|10,28|42,37|28,97|53,63|23,95|31,13/31,32=31,16,53,63,32
9,31|41,36|63,67|79,9|78,41|11,79|36,99|63,91|63,78|4,77|67,57|63,11|86,47|32,12|77,74|54,86|63,54|91,4|57,32|47,33/63,99=63,78,41,36,99
0,78|5,57|87,90|11,14|27,10|27,72|27,52|58,94|27,4|34,83|52,44|78,75|72,31|31,87|4,18|27,58|18,34|94,11|10,0|44,5/27,57=27,52,44,5,57
26,67|72,6|66,85|57,7|16,17|6,99|98,91|16,57|67,14|16,69|69,80|80,45|11,56|16,11|82,26|16,82|17,72|56,66|45,58|7,98/16,91=16,57,7,98,91
4,51|57,9|7,45|62,13|73,84|53,7|53,41|53,4|17,36|53,62|13,67|45,17|86,15|9,91|53,76|67,90|41,57|76,86|51,73|15,25/53,90=53,62,13,67,90
59,14|59,23|24,2|20,40|59,61|51,94|99,24|61,20|59,42|40,66|94,38|42,99|85,83|23,69|59,71|18,85|0,55|71,18|14,51|69,0/59,83=59,71,18,85,83
40,88|22,29|67,20|12,59|86,72|36,13|13,90|12,24|29,86|61,11|12,38|12,78|24,82|12,22|55,67|78,36|82,61|28,40|59,55|38,28/12,90=12,78,36,13,90
57,85|7,86|2,38|21,96|69,24|69,21|69,12|66,11|96,2|36,76|86,22|11,87|69,57|27,36|85,5|87,30|5,19|12,7|24,27|69,66/69,76=69,24,27,36,76
78,5|64,2|99,12|99,28|95,37|24,78|12,11|20,14|99,82|99,49|49,36|57,20|36,60|82,57|74,4|60,18|11,95|28,24|99,74|4,64/99,37=99,12,11,95,37
81,10|80,58|56,18|3,47|73,91|36,64|56,7|56,24|15,41|7,12|62,74|18,81|10,67|56,73|24,37|91,3|64,15|56,36|37,62|12,80/56,47=56,73,91,3,47
47,7|12,44|3,92|85,58|11,74|68,90|68,47|92,70|44,11|23,80|68,53|90,3|68,12|80,62|53,23|64,81|22,37|37,64|7,85|68,22/68,74=68,12,44,11,74
51,28|29,17|28,68|13,31|50,34|67,73|52,99|30,50|31,52|67,13|67,51|33,47|73,33|70,29|47,76|68,54|34,92|62,70|67,30|67,62/67,76=67,73,33,47,76
97,37|37,90|72,45|81,87|92,99|6,36|97,81|99,73|87,80|59,6|43,92|45,78|80,88|97,43|29,17|67,59|97,67|90,29|97,72|78,19/97,73=97,43,92,99,73
1,59|71,37|74,21|74,61|61,45|13,47|74,98|24,55|74,26|74,13|37,73|45,9|26,71|44,31|9,99|98,44|31,81|21,24|47,1|55,72/74,99=74,61,45,9,99
12,85|99,83|83,59|15,10|23,67|22,6|79,73|63,9|38,99|5,76|5,12|10,8|76,1|5,38|73,63|5,79|85,22|1,23|5,15|8,88/5,6=5,12,85,22,6
87,22|91,43|58,19|13,33|57,65|25,58|57,25|46,94|74,91|57,12|65,74|57,89|22,35|33,39|89,77|77,46|12,87|36,13|19,79|57,36/57,94=57,89,77,46,94
88,76|58,88|3,46|3,57|75,78|47,58|3,96|46,39|3,47|81,26|96,56|18,99|20,29|56,81|29,84|99,60|57,20|3,41|41,18|39,75/3,78=3,46,39,75,78
74,21|96,28|83,16|28,62|18,74|83,18|16,61|21,86|55,57|83,4|98,85|83,96|85,91|4,55|57,63|62,95|37,80|83,98|91,75|61,37/83,80=83,16,61,37,80
35,30|19,12|31,54|55,19|99,50|35,27|35,43|80,95|27,83|83,52|54,67|35,31|28,14|43,99|30,55|50,98|95,28|35,80|67,81|52,18/35,14=35,80,95,28,14
35,95|87,45|87,84|57,19|87,97|54,52|84,54|22,57|52,20|83,2|2,61|61,50|1,94|97,22|45,35|95,51|87,1|25,79|94,25|87,83/87,50=87,83,2,61,50
10,12|65,77|18,43|3,96|19,83|12,95|7,35|9,65|0,18|96,7|30,19|10,30|95,42|10,6|43,97|42,24|6,9|10,3|83,48|10,0/10,97=10,0,18,43,97
15,16|62,66|85,95|60,32|40,81|12,37|12,49|12,40|12,39|66,1|41,87|87,29|95,17|49,62|81,60|39,85|71,41|12,71|84,15|37,84/12,1=12,49,62,66,1
40,89|73,88|52,19|58,84|88,25|58,81|87,72|84,54|72,95|58,87|81,73|62,40|64,67|28,64|95,66|96,62|67,74|58,28|58,96|54,52/58,89=58,96,62,40,89
6,42|5,8|62,93|93,83|25,62|88,72|25,23|25,67|25,63|8,59|72,44|25,88|23,97|97,6|83,70|49,36|44,30|63,5|67,49|36,28/25,59=25,63,5,8,59
86,59|67,63|68,21|8,74|18,12|4,83|21,53|15,23|74,94|15,86|15,66|66,68|63,55|15,67|59,4|12,84|55,78|15,47|47,18|23,8/15,53=15,66,68,21,53
68,8|77,67|67,44|58,17|44,12|98,71|28,47|8,28|68,98|68,77|47,85|68,45|64,82|74,84|42,58|5,56|45,42|68,64|82,5|71,74/68,85=68,8,28,47,85
44,5|39,10|37,26|64,37|13,91|13,64|87,76|26,58|76,44|81,2|94,11|13,55|95,74|13,87|10,80|91,89|89,94|55,39|2,95|13,81/13,74=13,81,2,95,74
74,54|48,52|35,34|21,78|70,45|52,91|82,21|86,96|11,58|58,35|48,11|89,24|45,74|2,82|48,86|13,3|48,2|91,89|96,13|48,70/48,24=48,52,91,89,24
91,97|13,89|14,20|20,58|64,18|5,64|14,91|14,36|32,1|14,94|43,39|61,16|1,61|97,13|14,32|23,82|94,5|58,43|31,23|36,31/14,89=14,91,97,13,89
36,57|18,94|18,54|18,92|40,77|18,47|88,8|47,69|90,37|62,90|92,88|71,3|18,40|94,62|8,53|77,71|54,36|57,12|69,72|72,26/18,3=18,40,77,71,3
10,7|75,24|10,39|96,56|10,89|7,41|13,58|73,50|56,75|84,47|47,29|41,73|0,69|62,0|10,96|10,1|25,13|39,84|1,62|89,25/10,50=10,7,41,73,50
58,28|94,82|69,94|58,16|86,66|91,75|58,9|9,64|75,50|5,86|50,51|78,18|76,80|28,5|58,91|16,76|80,29|58,2|2,69|64,78/58,18=58,9,64,78,18
13,60|66,13|84,72|80,7|91,52|66,91|7,50|69,80|59,29|90,21|99,81|60,59|98,10|66,69|66,99|41,26|52,98|81,84|26,90|66,41/66,72=66,99,81,84,72
17,46|89,14|63,27|0,35|63,45|4,74|13,34|35,69|63,19|27,47|63,89|63,67|67,0|45,36|14,84|47,13|72,4|84,50|19,72|36,17/63,34=63,27,47,13,34
78,46|7,63|1,29|2,54|55,78|55,30|41,48|45,1|31,17|18,76|46,31|54,41|55,7|55,2|63,57|55,45|30,18|57,15|29,90|76,36/55,17=55,78,46,31,17
65,27|65,11|44,30|65,8|11,40|37,96|72,14|14,69|61,37|65,75|40,52|71,19|52,23|8,61|75,29|47,89|65,44|29,71|30,47|27,72/65,19=65,75,29,71,19
2,67|94,60|41,93|20,41|50,20|90,21|94,50|94,55|9,58|42,23|94,65|60,71|45,13|13,9|71,2|21,79|94,45|55,90|56,42|65,56/94,67=94,60,71,2,67
95,76|53,15|5,68|92,45|95,5|64,6|30,67|76,62|55,56|68,30|8,83|95,92|95,36|45,55|66,9|15,64|62,8|95,53|36,66|9,39/95,6=95,53,15,64,6
72,14|72,17|78,4|17,24|4,65|72,11|27,78|28,42|3,76|75,26|54,30|14,75|24,15|26,18|72,27|15,91|72,3|76,28|11,54|30,7/72,65=72,27,78,4,65
16,10|25,74|92,77|16,84|61,4|35,55|65,38|77,56|16,65|16,96|74,33|48,2|95,22|55,48|4,42|16,35|38,95|96,25|10,92|84,61/16,56=16,10,92,77,56
31,33|66,21|94,41|3,32|56,96|54,31|28,82|33,22|28,94|28,79|82,55|21,3|28,66|42,9|28,54|55,42|41,56|79,90|90,14|14,35/28,32=28,66,21,3,32
86,59|67,63|68,21|8,4|18,12|55,78|21,53|15,23|4,83|15,86|15,66|66,68|63,74|15,67|59,55|12,84|74,94|15,47|47,18|23,8/15,53=15,66,68,21,53
22,98|8,73|27,4|76,22|37,51|37,87|51,55|37,5|87,76|55,74|37,27|48,8|59,2|4,59|73,23|37,48|28,65|65,91|74,58|5,28/37,23=37,48,8,73,23
32,8|30,42|92,6|91,45|49,33|41,59|63,41|49,83|49,3|49,91|83,39|33,63|49,92|45,32|9,26|6,48|39,9|3,24|48,31|24,30/49,59=49,33,63,41,59
5,37|61,67|68,21|61,65|65,68|89,77|17,89|4,73|51,15|73,20|36,4|61,36|15,35|61,51|35,43|63,5|21,72|67,63|29,17|61,29/61,72=61,65,68,21,72
44,26|45,5|37,98|68,82|99,45|63,16|1,19|0,68|63,90|21,9|63,29|79,99|16,21|63,44|90,0|9,31|26,1|63,79|58,37|29,58/63,5=63,79,99,45,5
85,59|66,33|10,9|85,11|15,83|17,0|83,38|85,55|33,54|85,18|55,5|18,92|70,60|11,3|3,17|38,45|59,66|5,70|85,15|92,10/85,54=85,59,66,33,54
11,69|53,85|6,57|81,94|1,81|69,95|95,25|8,6|11,97|47,93|9,70|11,35|33,8|31,9|25,4|93,53|11,47|35,31|11,33|97,1/11,94=11,97,1,81,94
56,78|69,86|65,56|45,35|8,67|65,74|91,69|7,82|67,44|42,39|65,53|53,7|35,32|74,91|78,42|82,55|65,40|84,8|40,45|65,84/65,32=65,40,45,35,32
6,12|12,35|50,22|82,72|83,60|67,17|9,83|35,82|69,9|93,47|6,69|76,67|88,68|6,76|15,53|53,93|17,81|6,15|22,88|6,50/6,68=6,50,22,88,68
81,97|81,85|32,58|58,28|84,96|3,18|81,35|97,32|81,48|27,25|85,8|48,56|88,86|93,27|47,93|8,3|86,91|35,88|56,84|81,47/81,91=81,35,88,86,91
13,80|80,22|28,26|67,28|67,89|89,40|68,99|26,77|40,42|90,82|67,13|77,86|5,88|88,68|79,95|22,50|67,5|95,90|67,79|42,9/67,50=67,13,80,22,50
21,72|41,55|51,42|41,63|4,51|19,24|41,64|41,4|6,83|82,8|64,19|24,98|83,82|34,21|99,9|55,99|42,36|63,34|9,79|41,6/41,79=41,55,99,9,79
12,20|67,84|54,33|84,53|9,24|92,67|24,56|61,9|69,92|26,12|90,70|69,17|69,61|69,8|8,65|69,48|17,26|14,90|65,54|48,14/69,53=69,92,67,84,53
82,99|23,87|23,82|14,24|23,61|45,14|11,98|78,47|72,6|98,26|86,9|99,78|5,36|23,89|3,86|87,11|6,5|23,72|61,3|89,45/23,24=23,89,45,14,24
91,72|63,2|34,5|2,87|60,36|78,34|36,91|93,50|53,78|65,92|72,88|60,12|28,63|92,97|12,65|7,44|60,7|60,28|44,93|60,53/60,50=60,7,44,93,50
24,59|45,78|83,81|60,74|7,58|76,75|24,45|19,60|81,76|64,14|58,64|24,83|78,33|24,19|27,43|74,73|43,98|33,84|24,7|59,27/24,84=24,45,78,33,84
58,54|27,93|35,4|58,3|58,8|39,27|3,40|54,24|24,81|58,68|8,32|99,66|68,83|58,39|40,35|93,9|81,71|32,99|83,52|52,21/58,4=58,3,40,35,4
23,77|57,85|72,76|25,65|25,13|77,47|85,88|25,3|21,20|84,31|76,17|78,84|25,78|47,68|31,56|3,72|65,81|13,57|81,21|25,23/25,17=25,3,72,76,17
48,74|39,57|57,91|90,70|40,48|16,80|8,59|54,90|62,39|54,40|28,83|41,23|77,28|74,56|85,77|54,62|80,41|70,8|54,16|54,85/54,23=54,16,80,41,23
5,66|29,57|8,27|94,29|66,41|54,12|99,5|32,44|99,94|57,33|92,32|99,54|11,8|52,60|12,52|41,80|99,63|99,31|31,11|63,92/99,44=99,63,92,32,44
39,82|40,37|61,45|15,73|43,12|13,43|41,15|96,79|94,84|40,61|17,13|45,29|29,4|40,94|40,17|40,41|84,39|79,32|37,96|73,70/40,32=40,37,96,79,32
10,60|55,58|16,55|63,47|31,16|42,19|69,89|31,35|60,1|47,18|31,63|58,52|89,48|48,36|83,10|19,0|18,84|31,83|31,69|35,42/31,1=31,83,10,60,1
26,77|77,53|29,28|49,11|64,86|88,90|11,91|86,70|91,46|98,58|58,34|24,81|53,88|26,24|70,37|26,64|26,98|81,29|34,20|26,49/26,28=26,24,81,29,28
79,84|22,90|94,99|85,39|33,67|94,85|67,53|78,38|41,19|26,49|10,16|94,26|49,78|69,22|16,79|53,71|94,10|94,33|39,41|99,69/94,84=94,10,16,79,84
33,66|88,23|33,5|67,60|33,67|46,11|37,73|69,40|26,88|95,77|43,95|93,26|66,43|22,59|40,54|5,69|60,46|33,37|33,93|73,22/33,23=33,93,26,88,23
81,53|14,18|26,51|7,5|1,7|84,1|60,42|20,10|74,29|48,14|48,81|48,69|10,59|72,20|18,26|53,60|22,74|48,84|48,72|69,22/48,59=48,72,20,10,59
51,81|63,34|59,39|76,75|52,93|59,63|39,97|58,76|88,51|37,24|59,26|97,19|34,52|19,8|73,37|69,73|84,58|59,84|26,88|59,69/59,8=59,39,97,19,8
80,31|80,79|72,52|99,50|42,60|55,19|43,72|57,45|31,43|80,51|32,69|80,99|69,54|79,49|49,57|78,32|6,55|51,6|80,78|50,42/80,52=80,31,43,72,52
74,90|30,76|52,47|39,36|27,33|30,74|56,27|47,40|93,95|63,53|53,67|30,56|30,86|86,52|62,46|95,39|76,63|30,93|33,60|90,62/30,36=30,93,95,39,36
87,22|78,15|17,26|81,34|41,16|81,10|81,88|18,13|10,18|22,37|61,17|81,77|77,87|80,54|13,23|34,61|54,78|88,41|16,85|81,80/81,85=81,88,41,16,85
90,57|90,17|99,47|5,96|90,82|17,5|90,99|1,70|82,63|3,20|47,84|84,72|40,79|11,1|63,40|86,3|50,11|90,50|96,76|57,86/90,72=90,99,47,84,72
98,31|5,53|24,26|12,83|66,15|14,5|42,98|42,28|28,66|42,80|42,14|22,12|53,81|15,40|78,70|80,22|84,45|26,78|42,24|31,84/42,81=42,14,5,53,81
24,76|16,75|67,18|58,50|8,91|19,8|18,62|91,16|10,22|19,34|19,10|77,68|19,67|37,24|39,37|68,4|19,39|62,45|34,77|22,58/19,45=19,67,18,62,45
56,38|5,35|94,59|11,18|35,51|2,83|57,20|86,88|4,5|88,74|59,11|56,2|56,94|38,85|56,4|85,29|83,57|74,73|56,86|29,76/56,73=56,86,88,74,73
10,71|93,7|44,29|58,93|36,97|34,87|58,99|37,20|67,10|97,28|58,67|7,27|99,36|22,89|58,37|20,22|58,44|27,5|29,34|71,43/58,5=58,93,7,27,5
20,37|5,77|20,25|2,8|63,21|25,80|37,11|20,2|19,14|11,5|80,63|96,98|28,96|54,97|20,67|67,54|8,19|97,64|98,52|20,28/20,52=20,28,96,98,52
30,63|11,21|99,64|73,30|66,71|21,96|71,59|64,33|72,54|54,41|72,11|70,91|72,73|63,40|72,99|96,87|59,35|41,70|33,42|72,66/72,91=72,54,41,70,91
77,88|96,3|41,15|50,29|3,95|94,47|9,90|35,66|88,94|66,44|95,76|15,50|55,99|99,9|44,45|90,2|55,77|55,35|55,96|55,41/55,45=55,35,66,44,45
98,32|85,34|5,73|4,20|5,79|0,68|34,2|73,56|20,98|21,38|56,76|19,3|6,50|5,21|5,4|5,0|79,85|38,19|68,6|76,59/5,50=5,0,68,6,50
49,8|33,35|96,36|13,51|56,33|92,20|56,21|56,49|88,96|57,68|58,77|56,54|77,70|8,13|95,75|54,88|75,92|21,58|35,57|56,95/56,20=56,95,75,92,20
37,47|27,63|6,98|50,76|83,65|45,83|72,50|76,17|26,60|45,26|65,6|45,72|64,21|94,13|45,37|45,24|60,64|13,93|24,94|47,27/45,98=45,83,65,6,98
71,91|99,41|51,6|21,10|19,75|70,94|92,74|71,70|7,80|41,88|71,7|91,99|31,3|75,92|30,57|80,51|10,31|94,30|71,21|71,19/71,57=71,70,94,30,57
37,0|7,99|21,92|78,23|87,93|36,74|93,51|78,73|74,28|0,21|73,36|88,96|78,37|96,56|99,17|23,88|78,87|51,15|17,30|78,7/78,28=78,73,36,74,28
21,31|32,47|61,57|94,23|36,44|94,78|13,36|50,21|78,61|46,82|57,19|94,66|66,64|22,46|23,22|45,50|64,32|94,45|94,13|44,42/94,47=94,66,64,32,47
32,52|51,12|51,36|12,16|34,15|11,69|63,46|93,65|65,32|46,0|16,28|28,58|36,3|51,93|51,34|51,63|0,84|35,90|3,11|15,35/51,69=51,36,3,11,69
82,47|43,50|51,99|9,52|5,92|85,5|50,18|82,89|82,35|47,97|53,51|82,65|89,43|37,0|82,9|97,37|41,24|52,41|65,85|35,53/82,0=82,47,97,37,0
99,91|62,0|71,19|5,62|72,99|72,29|28,71|72,48|29,33|48,28|70,61|59,5|91,93|60,73|72,59|33,60|90,38|61,90|93,41|72,70/72,0=72,59,5,62,0
67,15|91,51|79,96|66,78|58,91|96,34|67,83|83,79|15,66|82,13|90,20|78,2|67,89|36,81|89,58|67,82|13,36|0,90|33,0|67,33/67,2=67,15,66,78,2
8,6|47,40|71,50|0,78|48,44|0,35|31,48|72,62|82,72|25,20|0,28|0,96|35,73|20,8|78,82|73,47|28,31|0,25|50,79|96,71/0,6=0,25,20,8,6
41,30|8,20|28,90|94,26|9,69|69,8|10,59|41,28|59,71|90,57|38,10|30,94|57,62|41,0|66,63|41,9|26,2|63,33|41,38|0,66/41,33=41,0,66,63,33
59,42|39,94|98,26|38,46|25,23|20,31|20,68|68,24|20,64|20,69|64,39|13,38|24,98|17,2|20,25|69,13|23,17|31,66|94,16|66,59/20,42=20,31,66,59,42
38,47|40,81|91,96|73,29|64,15|24,36|43,13|57,24|29,91|64,46|47,30|64,38|13,35|46,57|15,40|81,55|3,43|64,3|30,21|64,73/64,55=64,15,40,81,55
88,59|13,65|69,23|79,68|25,55|23,98|92,80|92,84|80,21|92,44|21,90|90,81|59,79|84,56|92,96|96,33|56,25|92,88|44,69|33,13/92,81=92,80,21,90,81
40,64|93,85|93,1|52,61|1,13|8,86|33,37|80,33|14,52|13,95|2,8|99,80|85,2|36,40|93,14|95,10|61,24|93,82|82,36|93,99/93,37=93,99,80,33,37
76,12|80,31|9,45|20,28|79,80|60,40|36,78|31,18|18,71|45,60|32,20|79,23|49,32|79,9|27,4|23,53|53,27|12,36|79,76|79,49/79,71=79,80,31,18,71
87,80|21,84|13,87|41,82|65,76|84,89|82,30|6,51|64,15|65,6|65,4|53,41|76,13|65,53|89,45|58,64|60,11|4,58|65,21|51,60/65,15=65,4,58,64,15
28,12|19,11|12,95|8,73|29,28|65,19|48,80|40,79|29,8|73,56|21,90|29,65|29,48|56,7|11,54|42,40|95,59|41,42|80,21|29,41/29,79=29,41,42,40,79
17,7|70,17|57,88|32,99|88,33|94,84|32,57|63,70|95,60|84,16|33,4|97,73|91,97|32,68|68,94|32,63|71,95|32,91|99,71|73,89/32,4=32,57,88,33,4
63,32|10,33|74,98|80,74|14,47|26,73|5,71|21,25|10,21|10,14|23,17|73,0|47,63|71,11|25,23|10,5|33,26|10,80|98,49|11,34/10,49=10,80,74,98,49
27,52|70,58|47,81|97,39|42,92|39,42|88,5|88,97|73,9|5,70|20,47|87,35|88,27|88,20|88,46|58,31|46,73|9,33|81,29|52,87/88,33=88,46,73,9,33
39,82|40,37|61,45|15,29|73,70|13,73|41,15|96,79|94,84|40,61|17,13|45,43|43,12|40,94|40,17|40,41|84,39|79,32|37,96|29,4/40,32=40,37,96,79,32
79,46|71,45|46,94|22,37|22,99|48,30|30,90|22,79|22,48|34,32|94,92|99,62|0,73|22,71|32,49|62,0|90,13|45,6|37,34|6,97/22,73=22,99,62,0,73
50,47|26,38|79,34|26,79|26,40|44,17|47,31|17,81|31,22|84,21|2,0|34,2|7,23|38,30|71,94|40,44|26,50|23,71|30,84|26,7/26,22=26,50,47,31,22
26,8|85,86|15,13|21,61|28,27|61,17|60,28|27,23|62,85|26,60|97,16|94,15|86,32|26,97|16,95|95,59|8,21|13,34|26,94|26,62/26,23=26,60,28,27,23
74,16|41,39|74,46|10,25|69,57|74,95|21,70|16,41|65,44|46,65|74,21|14,64|82,47|44,54|25,14|39,12|74,10|70,69|98,82|95,98/74,12=74,16,41,39,12
49,68|44,36|33,14|91,69|25,44|9,56|69,31|68,18|33,19|14,49|33,66|36,30|33,48|48,79|32,10|66,97|97,32|79,9|33,25|19,91/33,31=33,19,91,69,31
87,41|28,25|41,36|87,1|1,89|87,77|89,27|44,30|87,44|77,54|30,68|27,84|54,62|62,60|68,57|25,29|13,28|71,55|36,71|87,13/87,29=87,13,28,25,29
99,56|98,48|6,3|86,82|94,6|3,35|94,98|94,22|94,99|56,86|1,61|66,24|35,85|22,1|24,2|7,66|87,73|61,96|94,7|48,87/94,82=94,99,56,86,82
57,61|1,17|74,54|63,67|51,1|91,57|20,3|60,74|14,63|3,84|27,60|39,91|51,39|51,88|59,20|51,27|51,59|88,14|2,46|17,2/51,67=51,88,14,63,67
91,5|75,3|5,4|97,86|89,97|76,38|3,18|23,76|19,81|8,30|81,91|19,75|18,9|86,70|19,89|42,23|19,42|19,33|30,44|33,8/19,70=19,89,97,86,70
37,35|24,61|10,29|61,44|85,58|40,10|69,19|40,85|55,24|97,50|58,84|41,37|79,16|16,69|40,92|84,38|29,97|92,41|40,55|40,79/40,35=40,92,41,37,35
64,98|64,82|7,70|17,53|32,28|70,83|27,32|40,17|64,27|31,22|64,40|22,51|53,44|83,21|64,7|98,31|82,59|59,4|4,12|28,94/64,51=64,98,31,22,51
0,98|61,9|98,29|74,15|11,92|9,35|33,61|92,83|35,52|24,0|4,74|63,4|33,11|83,69|33,22|33,24|70,38|45,70|22,45|33,63/33,38=33,22,45,70,38
51,43|29,45|54,40|38,86|32,74|99,54|1,51|38,29|38,57|69,21|98,46|82,47|27,64|45,69|86,1|57,99|46,32|64,82|38,27|38,98/38,47=38,27,64,82,47
81,90|9,81|86,73|14,98|23,58|23,95|36,33|95,24|58,85|33,14|24,86|84,70|23,9|70,3|47,0|90,13|23,36|23,68|68,84|85,47/23,0=23,58,85,47,0
67,72|97,78|78,60|32,67|69,14|43,87|14,18|32,97|60,71|11,69|32,43|80,58|32,11|84,93|32,57|87,84|72,80|24,54|57,24|54,45/32,18=32,11,69,14,18
57,25|44,5|15,31|76,40|5,10|44,47|44,57|91,20|84,15|79,76|25,7|80,51|47,79|83,80|44,65|65,84|10,91|7,24|42,83|44,42/44,20=44,5,10,91,20
18,30|82,18|42,60|42,48|60,54|48,82|54,43|66,20|49,16|42,66|20,15|72,13|94,25|42,94|3,7|16,72|43,12|25,3|42,49|15,6/42,13=42,49,16,72,13
63,5|38,19|90,83|4,46|83,82|38,54|38,90|45,73|38,26|5,4|55,64|73,27|82,89|23,60|26,23|60,80|54,31|19,45|38,63|31,55/38,27=38,19,45,73,27
71,50|5,29|33,2|22,33|8,82|1,65|40,8|6,81|50,98|31,5|81,74|29,25|1,6|1,91|91,22|98,34|65,40|1,71|74,95|1,31/1,34=1,71,50,98,34
12,54|58,78|32,21|68,23|23,1|49,68|31,58|49,72|85,32|3,79|79,75|21,73|72,12|1,35|49,3|54,88|49,31|75,25|49,85|78,2/49,2=49,31,58,78,2
66,43|93,35|58,79|49,66|80,93|67,78|98,58|28,14|15,98|68,28|80,62|35,10|62,68|80,15|80,67|80,49|10,53|78,64|64,24|43,52/80,53=80,93,35,10,53
1,88|11,0|56,53|21,10|10,15|98,74|83,39|98,11|34,21|98,34|0,56|93,37|74,93|77,83|98,1|88,40|37,71|40,72|98,77|39,23/98,53=98,11,0,56,53
73,25|69,52|65,76|55,92|73,13|13,39|25,3|47,36|27,84|73,65|39,85|68,24|85,41|73,69|52,68|76,47|73,55|3,27|92,32|32,1/73,36=73,65,76,47,36
36,17|92,77|11,73|70,80|59,11|73,3|16,89|70,59|67,9|71,90|89,72|90,67|70,60|60,36|70,71|80,16|70,92|17,27|77,29|29,45/70,3=70,59,11,73,3
4,61|18,5|9,99|9,93|99,4|91,18|49,67|61,25|9,91|5,81|93,30|30,66|8,27|66,76|14,44|9,8|9,53|53,49|27,14|67,87/9,44=9,8,27,14,44
69,90|40,79|93,92|16,13|22,40|47,33|23,82|90,80|23,47|13,77|23,59|33,91|23,22|79,2|91,96|74,93|59,74|4,16|82,69|23,4/23,96=23,47,33,91,96
99,88|18,59|39,1|1,79|90,99|73,12|39,18|39,44|44,98|88,48|82,58|79,73|98,30|96,82|39,90|30,47|59,51|51,85|58,80|39,96/39,85=39,18,59,51,85
26,96|47,79|21,10|79,28|91,49|69,89|99,21|13,47|43,4|4,60|25,24|26,90|49,25|26,91|17,69|90,17|26,43|26,13|96,99|60,44/26,24=26,91,49,25,24
27,52|70,81|47,42|97,39|58,31|39,58|88,5|88,97|73,9|5,70|20,47|87,35|88,27|88,20|88,46|81,29|46,73|9,33|42,92|52,87/88,33=88,46,73,9,33
38,28|27,92|59,41|71,38|4,6|8,42|2,87|56,4|87,8|7,71|41,11|28,98|7,2|7,59|6,77|35,27|7,56|7,0|11,50|0,35/7,92=7,0,35,27,92
17,28|44,83|3,47|87,57|50,74|29,17|3,29|47,7|45,64|83,35|28,67|7,11|3,18|90,50|3,33|18,90|3,45|33,44|64,87|11,55/3,74=3,18,90,50,74
3,48|58,98|48,2|49,3|52,43|98,23|68,5|76,62|49,52|62,47|23,55|90,29|49,58|49,68|2,69|43,27|47,73|27,84|49,76|5,90/49,69=49,3,48,2,69
37,52|76,34|34,70|13,76|13,86|30,3|12,96|13,12|21,37|13,41|13,7|62,16|74,98|3,32|96,74|41,21|7,30|86,62|70,87|16,36/13,87=13,76,34,70,87
52,33|16,57|59,20|20,49|7,54|54,6|52,67|52,59|93,90|86,41|2,16|67,2|52,7|6,53|4,78|90,86|78,36|49,15|52,93|33,4/52,41=52,93,90,86,41
74,58|36,73|66,52|5,56|73,11|41,82|33,28|99,36|29,41|56,26|14,43|58,29|4,14|74,99|74,50|74,1|28,66|1,5|50,4|74,33/74,82=74,58,29,41,82
48,49|46,12|41,40|61,85|95,45|34,51|48,61|74,50|73,34|37,8|75,74|83,41|49,73|50,82|48,37|8,95|48,75|48,83|85,46|40,72/48,51=48,49,73,34,51
74,16|41,39|74,46|10,25|44,54|74,95|21,70|16,41|65,82|46,65|74,21|14,64|69,57|82,47|25,14|39,12|74,10|70,44|98,69|95,98/74,12=74,16,41,39,12
20,48|85,50|65,37|20,42|5,12|99,74|60,98|42,65|76,60|32,73|12,85|20,28|28,32|48,99|20,5|24,76|74,43|37,89|20,24|73,71/20,43=20,48,99,74,43
41,30|57,62|28,90|94,26|9,69|69,57|10,8|41,28|8,20|90,59|38,10|30,94|59,71|41,0|66,63|41,9|26,2|63,33|41,38|0,66/41,33=41,0,66,63,33
56,19|24,86|6,67|90,20|81,94|41,36|67,29|56,97|56,34|38,81|10,41|97,18|18,24|56,33|34,6|58,90|33,38|2,10|56,2|19,58/56,20=56,19,58,90,20
13,62|17,23|17,94|27,72|6,18|17,91|91,13|61,6|36,47|72,92|52,22|17,52|75,45|17,95|58,36|62,73|22,75|95,27|94,58|23,61/17,47=17,94,58,36,47
12,31|11,76|14,71|10,14|21,61|15,88|77,10|61,72|31,41|44,37|15,77|88,44|33,11|56,33|15,21|37,60|41,89|15,12|15,56|72,22/15,76=15,56,33,11,76
75,48|18,73|29,19|36,99|87,81|82,20|70,69|20,44|73,87|19,75|15,70|92,90|99,92|44,1|18,29|18,82|18,53|53,15|18,36|81,83/18,48=18,29,19,75,48
28,58|51,12|51,36|12,16|34,15|11,69|63,46|93,65|65,28|46,0|16,35|35,90|36,3|51,93|51,34|51,63|0,84|32,52|3,11|15,32/51,69=51,36,3,11,69
38,12|6,28|4,99|8,42|43,41|99,0|28,78|31,19|35,97|42,17|56,6|9,5|0,26|41,31|8,43|8,4|8,38|8,56|12,35|17,9/8,97=8,38,12,35,97
93,44|55,27|27,10|63,85|47,58|87,8|23,43|84,55|23,84|67,93|32,87|23,51|70,63|23,89|89,14|23,31|51,70|43,32|31,67|14,47/23,10=23,84,55,27,10
2,32|11,76|2,24|79,68|19,87|76,40|35,97|32,59|2,79|2,62|2,53|74,35|62,74|33,41|68,19|23,8|53,11|59,23|41,94|24,33/2,87=2,79,68,19,87
86,48|32,38|53,86|62,70|32,54|79,57|35,2|75,79|64,9|32,18|70,41|54,75|13,16|2,64|38,90|18,62|90,13|32,35|32,61|61,53/32,57=32,54,75,79,57
6,5|52,35|73,54|46,29|0,30|91,81|11,46|29,42|5,91|6,73|6,7|35,63|6,11|7,52|54,31|84,0|31,74|6,64|81,71|64,84/6,74=6,73,54,31,74
29,77|0,72|72,69|54,1|82,78|45,0|8,82|98,8|43,54|43,3|3,17|43,45|43,61|17,48|48,52|1,29|20,76|23,20|43,98|61,23/43,78=43,98,8,82,78
59,34|14,54|72,86|54,29|99,51|14,59|24,21|74,32|56,99|30,74|5,20|51,58|14,2|2,30|20,72|14,5|14,56|29,83|34,24|83,26/14,26=14,54,29,83,26
46,19|21,43|51,29|85,6|1,28|29,11|43,17|13,51|80,21|46,80|44,61|47,63|46,47|19,85|46,13|46,1|63,44|40,81|6,52|28,40/46,81=46,1,28,40,81
37,35|24,97|10,29|97,50|85,58|40,10|69,19|40,85|55,24|84,38|58,61|41,37|79,16|16,69|40,92|61,44|29,84|92,41|40,55|40,79/40,35=40,92,41,37,35
82,61|66,63|21,66|88,57|87,42|97,94|97,73|73,31|11,82|97,25|94,50|57,43|63,74|25,11|31,67|97,93|97,21|67,28|93,88|50,87/97,74=97,21,66,63,74
69,33|25,69|56,68|88,51|51,64|65,9|29,13|68,15|79,63|65,61|61,56|65,88|9,25|65,45|63,73|45,75|64,6|22,79|75,29|65,22/65,73=65,22,79,63,73
34,57|25,23|53,25|79,17|79,76|75,1|64,5|5,2|17,64|10,46|37,34|1,73|79,42|46,8|79,53|73,94|23,3|76,10|79,75|42,37/79,94=79,75,1,73,94
96,4|18,53|4,57|96,94|94,59|96,61|45,40|21,77|51,2|2,84|96,23|57,45|61,1|96,78|1,55|55,31|59,18|78,51|23,21|77,7/96,31=96,61,1,55,31
91,81|85,78|38,23|70,43|23,85|57,48|27,77|48,18|43,37|47,27|38,70|78,41|18,98|37,6|81,73|38,24|24,47|38,57|73,8|38,91/38,77=38,24,47,27,77
85,70|84,39|38,64|27,29|35,58|14,49|58,81|81,51|29,43|49,78|43,17|39,38|27,85|78,3|27,84|70,67|17,50|67,54|27,14|27,35/27,64=27,84,39,38,64
81,87|66,34|95,6|66,36|66,12|22,43|32,22|28,32|12,64|87,92|96,52|93,84|34,81|8,93|48,95|66,28|6,15|66,48|64,96|36,8/66,92=66,34,81,87,92
31,20|52,91|50,33|16,67|33,76|87,50|79,47|52,64|52,53|52,93|93,99|73,16|91,38|42,81|99,79|52,87|64,73|53,24|38,31|24,42/52,76=52,87,50,33,76
37,91|1,6|95,1|38,78|31,60|37,94|25,67|37,34|37,38|78,31|97,65|65,55|94,86|34,25|91,97|67,7|37,88|86,96|96,81|88,95/37,6=37,88,95,1,6
40,11|51,49|60,51|38,68|78,16|72,92|28,53|40,66|16,12|46,60|40,46|11,50|66,28|40,96|96,72|92,54|50,38|53,9|7,78|40,7/40,12=40,7,78,16,12
46,97|60,1|97,9|37,45|39,60|9,48|46,94|46,20|46,4|66,82|2,66|1,68|94,59|20,37|59,41|41,47|46,39|4,2|45,64|48,56/46,82=46,4,2,66,82
2,39|0,17|6,94|1,96|3,93|61,77|36,61|28,41|41,71|0,66|0,13|0,1|13,12|66,72|96,3|72,2|12,6|0,45|17,28|45,36/0,39=0,66,72,2,39
47,58|74,6|84,34|17,76|34,33|76,47|90,57|3,46|57,80|3,17|3,10|46,84|10,63|73,45|3,90|0,67|80,65|63,0|45,74|3,73/3,67=3,10,63,0,67
46,31|29,99|69,45|45,22|31,7|69,46|75,97|6,76|22,6|7,92|26,94|69,27|69,75|44,39|69,83|97,44|43,29|48,26|27,48|83,43/69,94=69,27,48,26,94
79,28|49,18|51,88|72,68|59,4|70,7|28,45|19,79|59,17|59,19|88,70|59,1|71,83|59,51|4,54|68,37|1,72|54,71|18,34|17,49/59,34=59,17,49,18,34
56,72|54,46|54,9|60,0|72,26|90,31|23,77|81,97|0,22|46,13|14,81|54,90|13,44|54,60|44,82|22,70|54,30|30,56|31,23|9,14/54,82=54,46,13,44,82
64,70|70,17|94,38|10,13|38,60|98,44|10,98|33,64|80,94|10,47|13,35|47,86|88,45|44,58|10,80|58,30|86,12|35,88|12,57|10,33/10,17=10,33,64,70,17
30,96|61,26|67,95|1,86|30,61|30,67|73,57|30,93|48,40|29,81|93,29|81,8|4,7|36,72|7,73|95,48|96,1|30,4|26,36|86,53/30,40=30,67,95,48,40
64,57|5,30|41,81|77,80|64,19|81,12|64,88|83,47|57,77|47,14|64,49|58,28|73,58|30,46|28,18|88,83|80,66|19,41|49,5|64,73/64,14=64,88,83,47,14
86,29|9,66|21,23|67,24|66,97|64,21|98,53|48,43|86,69|86,64|69,9|6,37|86,67|43,98|24,6|29,88|23,5|86,48|51,50|88,51/86,5=86,64,21,23,5
14,43|87,99|75,5|93,56|93,94|94,53|39,18|53,87|56,86|48,75|5,36|93,39|76,33|18,54|33,73|93,49|93,48|49,76|86,14|54,20/93,36=93,48,75,5,36
34,19|96,56|72,69|66,62|92,52|8,72|8,34|69,64|19,40|64,43|52,45|8,94|94,92|8,96|8,33|5,38|56,5|40,79|62,1|33,66/8,45=8,94,92,52,45
88,35|14,29|62,67|89,62|24,47|14,24|74,23|8,49|14,59|59,70|67,12|35,4|51,74|14,89|23,38|47,82|29,88|14,51|70,8|82,44/14,38=14,51,74,23,38
58,3|95,92|30,12|25,32|92,26|73,95|12,43|47,10|99,37|43,48|79,30|3,40|79,58|32,98|79,25|40,11|37,47|79,99|98,71|79,73/79,48=79,30,12,43,48
86,92|61,1|68,80|1,78|92,97|86,98|80,59|86,61|86,68|90,63|88,64|59,55|98,90|97,56|25,40|78,45|63,28|64,25|86,88|56,71/86,40=86,88,64,25,40
40,14|40,7|23,83|86,57|53,70|72,47|14,72|40,39|22,43|55,64|47,63|40,86|36,55|83,61|7,36|61,44|40,23|57,53|39,22|43,68/40,44=40,23,83,61,44
99,73|21,71|48,50|18,57|50,21|48,26|71,14|56,80|96,88|57,35|48,41|48,18|41,4|4,96|13,60|73,95|26,99|60,56|48,13|35,64/48,95=48,26,99,73,95
16,37|48,75|2,52|82,41|75,92|30,21|89,16|82,30|82,48|45,90|92,78|14,89|41,12|12,66|81,77|21,81|52,45|82,2|82,14|66,85/82,37=82,14,89,16,37
5,47|10,5|83,12|11,48|87,31|92,55|35,11|83,73|73,87|18,41|12,86|32,92|53,32|83,79|83,53|83,33|31,75|33,35|79,10|86,18/83,55=83,53,32,92,55
6,65|5,60|82,53|65,37|67,28|59,63|2,5|28,42|47,79|96,67|77,6|59,96|59,51|59,16|59,77|14,82|16,14|79,40|51,47|63,2/59,60=59,63,2,5,60
41,12|10,66|68,41|51,46|32,10|7,64|47,3|12,7|59,6|3,65|68,86|68,32|76,47|66,61|77,80|6,77|68,59|93,51|86,93|68,76/68,61=68,32,10,66,61
76,12|80,31|9,45|36,78|79,80|60,40|27,4|31,18|18,71|45,60|32,36|79,23|49,32|79,9|20,28|23,53|53,20|12,27|79,76|79,49/79,71=79,80,31,18,71
65,6|4,8|30,99|10,4|10,90|99,38|10,30|90,21|53,63|97,33|38,64|63,59|33,56|69,75|10,15|10,97|56,83|21,65|15,53|8,69/10,75=10,4,8,69,75
45,90|72,34|93,49|61,45|92,25|42,53|29,93|49,31|61,70|90,72|11,75|79,11|25,46|2,41|40,92|61,29|53,2|70,79|61,40|61,42/61,41=61,42,53,2,41
16,67|74,52|26,49|52,40|27,77|62,85|96,26|76,96|40,7|7,9|85,33|74,2|3,27|77,32|79,65|74,76|74,79|65,16|74,3|2,62/74,67=74,79,65,16,67
56,45|66,50|18,90|51,85|75,1|87,66|3,51|16,65|97,89|73,18|32,3|82,73|32,81|85,68|32,56|32,82|65,97|32,16|45,75|81,87/32,50=32,81,87,66,50
51,66|85,26|11,48|51,87|45,63|48,85|75,52|63,28|51,86|42,76|87,79|90,50|50,95|51,45|13,42|51,11|28,59|66,13|86,90|79,75/51,95=51,86,90,50,95
60,44|60,32|92,22|60,93|70,45|41,67|37,41|97,20|44,97|32,59|20,27|82,79|14,37|60,21|93,92|63,70|60,14|59,82|22,91|21,63/60,45=60,21,63,70,45
7,4|14,43|43,26|73,8|72,1|90,73|1,10|88,72|88,14|10,79|88,98|12,7|8,67|26,37|4,48|88,12|9,20|88,90|98,9|20,58/88,58=88,98,9,20,58
98,29|33,78|29,28|69,20|97,64|57,94|97,41|65,32|55,36|64,77|77,55|97,65|11,57|97,24|97,46|20,92|32,33|46,98|24,69|41,11/97,78=97,65,32,33,78
19,76|98,72|31,84|38,49|78,68|13,38|79,98|64,69|49,82|96,19|96,13|32,17|96,55|96,32|55,79|30,78|17,64|76,31|96,30|68,20/96,72=96,55,79,98,72
30,52|30,73|30,65|42,76|51,43|76,13|43,67|65,68|73,46|52,42|88,9|25,88|47,66|68,47|30,90|28,80|46,28|90,25|30,95|95,51/30,66=30,65,68,47,66
21,79|33,54|97,37|54,4|97,60|60,38|59,65|38,99|4,49|79,0|97,18|97,21|76,59|0,32|37,76|6,80|97,33|99,42|1,6|18,1/97,32=97,21,79,0,32
0,67|12,35|41,21|4,51|83,45|0,83|78,64|46,74|35,4|0,12|97,78|0,58|27,88|81,46|67,81|45,27|58,97|76,80|0,76|80,41/0,74=0,67,81,46,74
15,94|44,36|96,18|45,79|18,35|42,10|96,4|96,42|8,24|12,39|96,44|28,89|39,81|4,12|35,28|10,45|96,68|16,15|68,16|36,8/96,81=96,4,12,39,81
73,74|0,1|77,78|40,34|69,24|78,39|17,0|17,14|2,40|98,15|74,81|15,48|1,69|38,77|17,30|34,72|17,38|17,2|30,98|14,73/17,39=17,38,77,78,39
93,13|45,95|93,89|99,9|58,17|60,81|9,7|93,47|17,22|43,42|47,99|85,43|95,80|52,60|13,58|42,26|93,85|89,45|93,52|81,91/93,26=93,85,43,42,26
3,97|6,38|58,43|61,6|43,3|1,92|32,30|66,86|50,66|86,17|97,76|58,50|30,94|92,52|58,10|58,61|58,28|38,78|28,32|10,1/58,94=58,28,32,30,94
21,72|41,55|51,24|41,63|4,51|19,82|41,64|41,4|6,83|42,36|64,19|82,8|83,42|34,21|99,9|55,99|24,98|63,34|9,79|41,6/41,79=41,55,99,9,79
75,13|70,80|45,40|97,57|5,89|89,4|16,97|96,28|70,96|28,45|70,5|57,39|13,81|70,16|4,8|72,7|80,75|74,14|70,74|14,72/70,39=70,16,97,57,39
47,68|5,1|1,33|16,18|24,74|33,70|5,0|86,89|5,46|66,26|5,16|12,86|5,4|4,66|26,28|74,37|46,12|18,47|70,67|0,24/5,37=5,0,24,74,37
96,42|77,82|82,16|29,2|16,20|0,89|48,0|77,96|77,48|34,71|20,39|86,29|42,85|89,81|77,60|77,86|2,45|71,23|85,92|60,34/77,45=77,86,29,2,45
27,74|23,70|67,48|67,10|67,65|79,78|65,81|95,20|2,44|48,23|20,2|67,66|78,26|10,79|66,54|81,27|30,39|54,30|67,95|70,83/67,39=67,66,54,30,39
58,56|58,54|58,5|47,78|33,9|36,23|68,79|96,14|23,96|9,47|56,35|97,84|58,36|49,60|84,92|58,33|54,97|81,68|35,49|5,81/58,92=58,54,97,84,92
0,2|23,74|2,75|25,27|8,65|67,25|22,0|60,92|76,61|50,64|45,76|45,23|74,50|45,67|90,26|45,8|65,60|45,22|27,59|61,90/45,26=45,76,61,90,26
10,48|85,94|79,54|94,35|30,97|95,23|85,28|85,30|18,0|97,18|40,95|67,72|54,47|28,44|8,40|35,10|85,62|85,8|62,79|44,67/85,0=85,30,97,18,0
84,88|9,55|84,58|61,54|34,52|26,78|33,56|71,19|58,13|89,29|13,9|20,33|84,71|84,34|75,26|19,61|52,89|56,12|84,20|88,75/84,78=84,88,75,26,78
54,91|9,21|35,9|20,92|37,88|57,96|92,74|57,20|30,37|33,54|57,39|57,30|57,35|44,19|38,44|74,87|88,32|96,38|21,94|39,33/57,91=57,39,33,54,91
30,78|68,77|88,13|12,88|46,37|75,5|26,68|37,75|20,22|32,12|20,32|20,46|22,30|82,4|7,82|4,85|20,26|77,41|78,33|20,7/20,33=20,22,30,78,33
17,51|27,40|40,87|10,29|55,41|17,27|35,55|13,94|74,10|17,39|51,74|39,13|17,95|75,7|94,86|87,3|7,47|95,35|17,75|47,92/17,29=17,51,74,10,29
62,73|56,52|11,59|63,1|92,42|41,83|92,98|98,63|2,62|92,38|57,8|38,11|92,14|14,2|42,60|59,33|1,31|83,56|92,41|60,57/92,8=92,42,60,57,8
38,94|87,39|44,22|21,41|94,21|24,27|8,44|8,38|52,55|76,66|98,81|8,25|8,87|25,2|2,98|8,24|34,26|27,52|39,76|22,34/8,55=8,24,27,52,55
42,2|49,89|10,30|45,98|45,39|98,16|39,10|45,56|16,87|45,4|30,14|87,50|4,60|73,13|2,0|60,49|53,42|45,53|13,12|56,73/45,0=45,53,42,2,0
55,33|80,85|33,27|2,75|62,94|88,62|22,95|45,80|92,93|60,88|13,70|27,40|45,55|85,13|45,2|8,49|49,22|45,60|45,8|75,92/45,93=45,2,75,92,93
24,59|60,82|88,56|4,57|90,20|18,60|24,71|56,52|72,68|59,10|42,47|10,42|83,72|24,90|71,83|52,49|20,4|8,18|24,88|24,8/24,68=24,71,83,72,68
76,97|86,91|99,29|86,33|97,90|86,80|16,58|91,76|26,82|86,26|82,99|33,92|44,75|30,19|92,30|75,5|86,28|58,10|80,16|28,44/86,29=86,26,82,99,29
63,43|93,10|51,74|38,93|51,99|51,6|99,63|37,11|7,85|55,38|92,56|56,7|12,80|43,29|84,37|74,12|80,91|51,92|51,55|6,84/51,29=51,99,63,43,29
75,14|42,36|91,82|39,42|7,8|82,67|39,56|15,45|56,61|39,88|45,47|67,19|39,91|36,49|61,75|39,46|8,72|46,15|88,7|49,12/39,72=39,88,7,8,72
26,73|7,44|6,35|75,40|57,22|82,57|76,26|82,6|82,37|22,19|44,39|82,99|4,56|99,7|82,91|37,76|19,24|56,45|35,75|91,4/82,39=82,99,7,44,39
94,35|51,49|80,92|89,5|2,95|35,76|29,27|49,34|76,79|5,29|82,51|2,10|2,82|40,57|95,45|2,89|92,44|45,40|2,94|10,80/2,27=2,89,5,29,27
66,28|93,35|58,79|49,66|80,93|67,78|98,58|64,24|15,98|68,64|80,62|35,10|62,68|80,15|80,67|80,49|10,53|78,43|43,52|28,14/80,53=80,93,35,10,53
46,87|80,46|17,30|89,32|61,19|61,40|40,70|30,29|61,78|96,18|32,50|31,17|18,42|70,38|61,31|19,89|78,80|61,96|38,81|42,68/61,68=61,96,18,42,68
56,61|92,1|26,22|81,62|24,5|22,88|56,26|84,81|88,89|12,24|57,15|15,19|56,12|56,28|61,54|82,57|5,36|28,84|56,82|54,92/56,36=56,12,24,5,36
4,30|62,23|97,11|23,61|61,39|95,46|49,35|82,63|97,95|97,15|15,78|11,28|28,53|35,1|1,25|53,5|46,82|78,4|97,49|97,62/97,25=97,49,35,1,25
5,73|52,48|7,93|16,51|86,44|15,49|48,83|51,12|36,15|44,7|5,16|83,10|70,80|5,52|5,86|80,33|38,36|73,70|12,0|5,38/5,0=5,16,51,12,0
82,73|17,14|17,36|89,28|19,76|36,24|25,87|77,74|74,51|17,35|73,18|35,54|52,96|87,19|54,52|17,25|17,13|14,77|24,89|13,82/17,28=17,36,24,89,28
53,38|94,56|24,11|52,54|94,80|9,5|80,52|4,93|75,9|93,62|62,41|94,71|15,70|94,4|54,99|94,53|38,24|56,75|70,34|71,15/94,11=94,53,38,24,11
1,60|50,87|81,93|54,92|80,71|27,24|84,27|71,44|45,81|80,4|80,68|80,84|36,54|24,96|44,1|87,66|80,94|68,50|4,36|94,45/80,93=80,94,45,81,93
2,97|74,2|20,83|99,91|69,30|63,74|21,57|83,43|21,80|47,75|21,99|80,20|49,52|52,69|91,98|98,84|21,49|87,47|21,63|57,87/21,43=21,80,20,83,43
95,99|12,21|95,31|58,20|31,72|95,27|21,71|27,51|42,50|6,5|87,58|50,98|98,59|51,6|17,57|20,53|72,17|99,12|95,87|95,42/95,71=95,99,12,21,71
60,23|2,54|60,59|59,61|60,37|33,88|23,2|88,34|28,9|8,58|60,8|92,83|60,33|9,36|54,73|58,3|37,28|3,35|61,92|34,94/60,36=60,37,28,9,36
44,70|82,65|96,28|99,84|99,61|99,67|99,82|65,81|28,44|61,71|81,88|99,96|3,59|67,69|69,74|18,58|71,18|84,83|74,38|83,3/99,70=99,96,28,44,70
79,41|79,91|50,2|2,89|79,58|81,87|4,30|87,31|54,4|41,72|58,75|30,9|91,50|53,81|34,48|79,53|25,15|75,34|72,25|79,54/79,31=79,53,81,87,31
56,94|94,63|76,92|76,56|34,33|1,55|63,5|74,59|76,34|76,1|85,95|45,14|27,4|8,50|55,27|50,12|76,85|95,45|92,8|33,74/76,4=76,1,55,27,4
57,81|32,83|32,53|83,61|49,11|99,65|21,64|61,29|65,57|53,70|11,28|70,34|32,41|32,99|78,77|34,97|41,49|32,21|29,37|64,78/32,28=32,41,49,11,28
92,43|43,41|68,51|46,16|62,72|4,20|49,27|40,66|20,62|51,50|46,64|46,40|21,68|6,56|46,4|56,57|16,92|64,6|46,21|66,49/46,57=46,64,6,56,57
10,38|79,95|54,19|79,68|22,77|0,8|19,40|35,61|79,7|79,10|40,33|68,48|7,22|79,54|60,78|95,76|38,60|76,0|77,26|48,35/79,26=79,7,22,77,26
80,65|80,57|57,89|51,29|65,70|79,86|12,44|25,32|24,51|9,24|92,12|58,79|62,58|70,46|28,92|46,38|80,28|80,62|80,9|89,25/80,32=80,57,89,25,32
48,47|97,88|23,42|7,49|10,7|85,54|27,65|48,97|54,36|47,66|12,30|0,79|13,85|49,21|66,12|48,13|48,10|48,23|42,27|88,0/48,21=48,10,7,49,21
37,52|53,36|36,38|9,92|12,37|23,1|94,97|92,13|12,73|27,31|52,67|12,23|1,94|12,81|67,17|12,71|71,53|81,72|73,9|72,27/12,13=12,73,9,92,13
37,6|65,62|4,41|40,10|4,55|4,78|6,25|91,40|10,53|4,96|57,65|49,34|60,18|41,7|7,60|78,49|96,57|55,37|34,42|4,91/4,62=4,96,57,65,62
68,43|57,82|61,0|23,48|71,53|92,62|53,25|23,83|82,4|23,89|83,57|54,68|91,54|17,61|89,17|62,93|48,92|23,91|66,71|23,66/23,0=23,89,17,61,0
47,56|11,75|60,73|1,92|24,11|73,47|53,16|92,46|33,99|75,19|60,1|60,96|60,65|46,21|96,53|16,51|65,33|56,4|60,24|99,94/60,4=60,73,47,56,4
55,62|40,70|91,28|69,3|28,16|91,92|97,49|49,40|92,55|68,90|44,9|35,69|45,68|91,35|3,8|91,97|62,36|16,44|90,84|91,45/91,70=91,97,49,40,70
28,45|9,78|5,46|97,70|15,88|56,5|91,95|46,15|54,2|95,63|56,97|56,9|70,64|64,59|78,54|45,86|56,32|37,91|56,37|32,28/56,86=56,32,28,45,86
35,12|35,42|64,92|19,0|37,84|42,19|35,2|35,77|92,78|56,60|35,94|0,52|9,27|13,9|77,99|94,64|99,56|65,37|2,13|12,65/35,60=35,77,99,56,60
3,48|58,98|48,2|49,3|52,43|98,27|68,5|76,62|49,52|62,23|27,84|90,29|49,58|49,68|2,69|43,47|23,55|47,73|49,76|5,90/49,69=49,3,48,2,69
36,67|92,77|11,73|70,80|59,11|73,3|16,89|70,59|29,45|71,90|89,72|90,29|70,60|60,36|70,71|80,16|70,92|67,9|77,17|17,27/70,3=70,59,11,73,3
30,37|30,77|15,59|30,69|69,76|30,93|97,42|55,15|93,34|39,89|60,97|37,60|30,55|34,20|28,32|20,73|59,71|77,45|76,28|45,39/30,73=30,93,34,20,73
72,0|79,65|38,6|47,2|84,9|84,79|9,92|35,32|84,89|84,15|21,61|3,47|84,46|92,72|89,35|61,51|32,62|46,21|15,3|65,38/84,0=84,9,92,72,0
91,66|46,15|54,46|49,50|82,55|90,31|19,7|15,9|54,91|66,49|9,81|29,22|69,1|1,29|55,19|31,34|54,82|54,90|34,20|54,69/54,20=54,90,31,34,20
50,71|71,96|91,88|56,8|52,56|21,48|39,52|69,79|65,91|88,99|8,28|39,19|44,98|39,63|39,44|98,21|94,69|19,94|63,50|39,65/39,79=39,19,94,69,79
44,26|45,5|1,19|68,82|99,45|63,16|9,31|0,68|63,90|21,37|63,29|79,99|16,21|63,44|90,0|37,98|26,9|63,79|58,1|29,58/63,5=63,79,99,45,5
49,68|5,86|41,38|16,65|63,35|38,63|9,6|10,29|20,16|78,20|5,41|54,9|86,10|5,24|5,78|68,74|28,54|29,37|5,28|24,49/5,35=5,41,38,63,35
84,14|39,69|70,67|66,70|14,39|10,77|10,47|77,76|46,23|74,59|92,21|10,28|67,44|10,84|47,92|28,5|10,66|5,74|21,1|76,46/10,59=10,28,5,74,59
63,77|20,7|63,57|27,76|68,88|83,12|50,92|21,20|88,46|12,14|45,21|59,27|57,50|46,41|92,96|77,83|63,55|63,45|55,59|63,68/63,96=63,57,50,92,96
3,93|8,9|3,24|25,48|72,38|59,19|24,8|93,86|6,72|85,89|3,60|19,92|86,25|3,97|60,59|97,85|9,50|3,7|7,6|89,39/3,39=3,97,85,89,39
84,27|74,52|74,17|11,5|23,4|59,95|17,99|82,40|74,84|19,62|48,6|74,19|53,11|52,53|99,23|83,56|62,83|27,82|6,59|74,48/74,40=74,84,27,82,40
83,5|10,22|0,30|12,63|12,35|3,18|22,73|12,85|53,10|12,53|95,57|63,80|30,41|38,83|12,49|85,38|80,3|51,95|35,0|49,51/12,41=12,35,0,30,41
39,51|22,72|7,5|52,94|94,25|14,64|52,8|51,93|67,73|52,39|52,7|5,14|53,50|18,31|8,22|72,78|73,53|25,18|93,96|52,67/52,31=52,94,25,18,31
68,46|33,42|48,21|9,2|14,11|8,33|21,81|11,75|68,9|86,44|88,8|74,48|2,32|80,86|68,88|68,74|68,65|32,25|46,14|65,80/68,42=68,88,8,33,42
63,38|53,90|55,99|25,77|32,24|60,53|38,7|33,80|58,25|77,28|7,35|23,42|42,98|23,63|23,32|24,55|90,1|23,60|23,58|98,33/23,80=23,42,98,33,80
64,52|87,4|64,32|88,98|64,87|32,69|28,24|64,67|45,88|64,45|44,7|47,44|18,40|76,63|98,83|4,28|63,35|67,47|52,76|69,18/64,40=64,32,69,18,40
10,14|24,32|76,39|15,9|0,76|51,3|24,13|41,10|24,0|24,63|8,55|39,87|63,15|24,75|3,78|32,51|75,54|9,4|54,8|13,41/24,87=24,0,76,39,87
10,28|28,56|96,98|87,51|2,40|80,96|79,11|22,5|51,22|40,79|56,85|73,32|80,31|4,48|80,10|80,87|80,2|98,4|31,73|32,97/80,85=80,10,28,56,85
39,0|18,23|36,51|36,60|60,48|36,22|19,93|51,39|48,47|23,58|74,85|47,66|93,80|16,74|0,87|80,42|52,16|36,19|36,52|22,18/36,42=36,19,93,80,42
42,53|82,18|80,98|53,9|42,80|9,10|1,76|10,74|89,26|57,58|18,51|7,8|51,27|97,88|98,1|88,7|26,57|42,89|42,82|42,97/42,76=42,80,98,1,76
51,82|8,2|82,8|6,84|91,12|81,91|53,52|51,81|51,46|2,1|80,53|25,23|26,6|23,39|52,16|51,80|12,65|39,88|46,26|51,25/51,1=51,82,8,2,1
11,20|47,44|19,87|87,74|47,66|47,19|97,69|33,77|82,80|26,11|74,21|47,26|47,82|80,96|20,37|66,33|96,90|77,48|44,97|69,27/47,90=47,82,80,96,90
12,93|17,28|16,79|55,63|94,52|93,8|53,17|8,46|27,51|55,56|51,86|55,12|40,94|49,27|56,16|55,24|63,40|79,14|24,53|55,49/55,52=55,63,40,94,52
12,75|64,26|78,52|88,78|62,76|65,14|58,12|58,40|36,96|14,36|7,73|58,64|76,74|75,7|58,65|19,0|58,79|26,19|40,88|79,62/58,74=58,79,62,76,74
10,67|35,69|95,30|43,6|6,17|85,75|94,85|35,33|67,27|47,94|35,51|69,64|97,59|51,10|30,92|64,97|35,43|33,95|35,47|17,19/35,92=35,33,95,30,92
39,98|27,30|90,53|1,27|46,26|94,75|74,54|43,1|43,74|30,61|52,13|91,99|4,91|43,68|54,94|43,90|53,46|43,52|68,4|13,39/43,75=43,74,54,94,75
82,93|45,10|41,16|55,38|5,14|29,67|6,0|55,56|16,6|55,5|55,41|56,75|30,7|75,51|38,45|55,29|51,92|14,82|10,60|67,30/55,92=55,56,75,51,92
8,87|86,18|94,92|27,71|90,27|8,90|59,34|18,59|71,9|88,28|11,62|87,1|8,94|50,11|8,86|8,46|6,55|92,6|46,50|1,88/8,34=8,86,18,59,34
13,40|40,63|13,16|25,51|13,83|13,25|80,94|16,23|82,52|37,38|52,37|88,59|71,10|23,30|83,64|64,71|30,98|13,82|63,88|51,80/13,94=13,25,51,80,94
73,41|25,71|66,67|25,60|83,56|11,79|58,76|18,66|25,73|82,80|25,89|71,58|25,83|57,84|60,98|56,82|89,18|76,87|98,57|41,11/25,87=25,71,58,76,87
69,75|82,8|5,22|71,94|38,1|22,16|47,64|4,39|49,38|94,69|12,47|71,33|75,76|33,12|39,82|71,4|43,49|71,43|80,5|71,80/71,1=71,43,49,38,1
64,16|32,11|11,49|64,2|2,28|65,77|53,32|64,37|69,61|48,42|41,65|17,39|64,53|85,48|37,41|61,18|42,67|16,69|28,17|64,85/64,49=64,53,32,11,49
86,60|28,47|5,90|75,50|95,89|74,75|95,28|95,70|39,86|71,97|44,46|95,6|6,5|90,27|97,45|47,44|95,39|89,74|70,71|60,84/95,50=95,89,74,75,50
63,59|4,8|30,99|10,4|10,90|99,65|10,30|90,21|53,38|97,33|65,6|38,64|33,56|69,75|10,15|10,97|56,83|21,63|15,53|8,69/10,75=10,4,8,69,75
1,37|11,20|39,53|14,11|18,39|32,56|90,43|57,79|20,47|93,32|14,97|14,24|14,15|97,1|15,93|14,57|47,28|79,90|24,18|37,16/14,28=14,11,20,47,28
8,73|93,46|11,88|13,47|65,29|55,12|26,94|73,40|53,22|23,31|46,48|53,8|88,13|53,23|12,26|53,55|53,11|40,4|31,65|22,93/53,4=53,8,73,40,4
12,31|11,76|72,22|10,72|21,61|15,88|77,10|61,41|31,14|44,37|15,77|88,44|33,11|56,33|15,21|37,60|14,71|15,12|15,56|41,89/15,76=15,56,33,11,76
39,82|72,73|46,43|39,78|39,63|78,28|67,34|39,6|36,26|74,36|70,46|6,74|34,22|28,72|77,93|43,85|89,77|39,70|82,89|63,67/39,26=39,6,74,36,26
78,14|29,78|77,61|29,31|15,33|51,54|37,88|94,51|33,1|40,37|44,7|90,94|29,90|1,38|75,40|31,77|29,15|61,32|29,75|14,44/29,54=29,90,94,51,54
87,16|5,42|52,36|40,84|40,88|40,5|35,92|42,52|20,79|15,10|60,74|84,51|40,87|10,83|83,24|88,20|79,7|51,35|40,15|16,60/40,92=40,84,51,35,92
51,59|45,14|5,45|33,51|96,81|19,71|71,7|64,33|95,64|13,96|95,82|35,13|6,70|89,6|43,89|7,52|82,5|95,43|95,19|95,35/95,59=95,64,33,51,59
46,34|66,46|52,22|78,50|2,52|6,41|6,14|21,33|6,21|13,81|86,64|41,2|33,86|53,3|54,13|49,66|6,49|6,78|14,54|50,53/6,3=6,78,50,53,3
85,67|99,32|47,12|17,7|27,99|7,45|37,85|37,34|50,27|37,72|37,50|80,95|51,78|33,80|72,51|67,47|71,17|37,71|78,41|34,33/37,41=37,72,51,78,41
87,71|32,51|19,67|28,86|67,34|99,32|25,99|86,52|25,19|52,97|34,57|51,17|1,87|25,48|25,72|92,76|90,92|48,90|25,28|72,1/25,71=25,72,1,87,71
24,76|93,98|98,31|30,93|49,45|8,24|89,63|48,38|63,20|45,89|65,92|92,59|19,0|38,19|59,5|49,84|49,65|84,8|49,48|49,30/49,0=49,48,38,19,0
64,70|70,17|94,12|10,13|12,57|98,44|10,98|33,64|80,94|10,47|13,35|47,86|38,60|44,58|10,80|58,30|86,88|35,38|88,45|10,33/10,17=10,33,64,70,17
96,28|87,96|86,19|25,89|91,22|73,25|89,68|87,85|11,35|87,56|48,43|87,14|85,86|19,27|65,48|14,65|56,53|87,73|53,91|28,11/87,27=87,85,86,19,27
68,35|62,17|13,24|47,12|97,33|47,6|40,54|81,30|43,13|89,15|33,55|6,43|47,89|47,36|47,81|15,40|12,44|44,62|30,68|36,97/47,55=47,36,97,33,55
40,91|34,52|40,86|24,51|52,61|8,90|40,74|40,59|78,98|91,1|86,24|21,8|59,34|40,96|80,19|51,39|74,80|19,57|1,78|96,21/40,98=40,91,1,78,98
97,22|66,92|66,5|78,97|53,39|46,75|26,31|66,59|92,46|75,88|55,78|8,53|31,86|17,80|77,8|98,17|66,55|59,98|66,77|5,26/66,88=66,92,46,75,88
69,90|39,69|23,57|25,91|39,59|18,56|39,54|90,25|52,36|77,95|20,11|54,75|39,23|57,77|59,81|75,20|39,17|17,18|81,52|56,37/39,36=39,59,81,52,36
26,81|13,18|81,25|52,83|24,34|26,44|76,43|50,22|22,52|57,24|25,37|26,50|98,57|37,21|79,13|32,79|44,12|26,98|12,76|26,32/26,18=26,32,79,13,18
90,35|11,59|99,73|69,33|9,10|63,11|42,69|9,89|56,24|9,90|12,42|37,56|91,44|10,45|59,88|89,37|9,12|9,63|45,91|35,99/9,88=9,63,11,59,88
77,43|7,87|44,58|77,27|58,46|94,49|77,57|43,38|72,7|88,95|77,52|52,6|77,72|57,44|38,88|6,50|87,89|49,12|50,70|27,94/77,12=77,27,94,49,12
61,13|50,90|59,89|66,22|61,80|94,54|76,94|16,12|61,4|4,59|54,51|13,97|89,78|28,17|61,16|17,75|61,76|80,28|97,50|12,66/61,51=61,76,94,54,51
38,4|79,1|84,88|29,84|61,37|79,80|79,34|34,29|76,38|22,93|37,12|25,71|93,9|73,76|79,70|79,73|1,61|80,55|70,22|55,25/79,4=79,73,76,38,4
49,9|44,68|33,14|91,69|25,44|36,30|69,31|9,56|33,19|14,49|33,66|68,18|33,48|48,79|32,10|66,97|97,32|79,36|33,25|19,91/33,31=33,19,91,69,31
81,67|92,16|35,18|84,94|76,49|57,69|84,42|83,59|84,76|94,92|88,34|11,8|84,88|34,83|84,11|18,4|8,57|16,79|42,35|49,81/84,4=84,42,35,18,4
21,41|3,42|22,3|32,79|10,88|43,2|32,10|88,43|90,34|56,40|41,71|79,56|32,12|78,22|32,4|4,21|32,78|12,0|40,61|0,90/32,34=32,12,0,90,34
97,31|30,63|31,2|2,15|33,56|30,47|30,97|30,9|72,93|10,67|47,33|9,10|66,68|63,66|68,94|30,72|96,59|93,96|67,8|56,62/30,94=30,63,66,68,94
60,21|55,68|5,37|55,51|55,88|98,86|86,46|68,60|43,98|55,48|55,43|11,26|51,85|37,71|48,5|62,24|21,3|88,74|74,11|85,62/55,3=55,68,60,21,3
14,46|14,69|83,67|93,33|40,4|39,30|56,83|49,22|14,40|60,49|76,60|14,8|46,56|4,39|8,89|35,90|14,76|84,93|69,84|89,35/14,90=14,8,89,35,90
80,99|3,42|31,4|80,57|4,81|6,87|80,3|42,56|56,77|9,74|57,78|86,91|26,9|80,50|74,82|15,86|99,31|78,6|80,26|50,15/80,87=80,57,78,6,87
91,53|62,98|21,48|83,33|91,96|96,16|48,69|53,29|16,32|98,79|17,35|23,62|91,23|35,46|46,22|32,87|29,83|91,17|91,21|69,15/91,33=91,53,29,83,33
78,2|33,31|99,55|33,95|51,97|35,14|95,25|17,88|25,99|33,60|33,51|39,78|31,39|28,77|73,35|87,73|60,0|33,87|97,28|0,17/33,2=33,31,39,78,2
3,0|37,18|18,3|37,62|73,28|37,65|37,83|0,10|26,45|98,35|62,91|41,52|37,73|28,41|83,55|91,26|55,75|65,39|39,98|75,60/37,60=37,83,55,75,60
96,46|84,10|46,83|24,87|27,81|87,92|67,84|18,61|88,66|67,99|26,96|67,60|67,88|60,24|66,85|10,18|67,26|59,27|99,59|85,48/67,81=67,99,59,27,81
43,7|84,11|60,61|21,41|60,43|53,3|60,52|7,84|18,90|48,15|8,48|79,47|16,8|47,21|60,16|50,53|52,50|90,12|61,18|60,79/60,12=60,61,18,90,12
39,82|77,93|46,43|39,78|39,63|78,28|67,72|39,6|36,26|74,36|70,46|6,74|72,73|28,77|34,22|43,85|89,34|39,70|82,89|63,67/39,26=39,6,74,36,26
20,80|3,29|20,94|90,99|38,63|20,32|94,54|54,47|61,14|80,3|29,88|63,95|85,24|47,17|14,58|99,85|20,22|32,61|20,90|22,38/20,88=20,80,3,29,88
14,6|72,59|91,73|66,98|73,10|45,70|6,87|97,91|90,79|90,97|98,72|90,19|19,14|70,49|48,80|90,45|80,94|79,48|90,66|49,0/90,94=90,79,48,80,94
48,47|97,88|23,42|7,49|10,7|85,12|27,65|48,97|12,30|47,66|0,79|54,36|13,85|49,21|66,0|48,13|48,10|48,23|42,27|88,54/48,21=48,10,7,49,21
2,72|68,2|19,80|7,14|80,7|68,19|23,56|42,34|72,55|86,9|68,60|41,42|48,83|16,33|83,86|33,23|55,84|60,41|68,16|68,48/68,9=68,48,83,86,9
97,26|98,97|32,70|66,69|41,31|22,51|71,32|26,43|53,41|73,39|69,53|76,73|62,76|25,22|66,62|66,98|66,94|70,91|94,25|66,71/66,51=66,94,25,22,51
0,63|0,77|49,19|0,24|33,29|79,33|0,74|74,92|77,10|48,16|92,62|0,78|62,64|43,30|10,49|24,43|78,58|30,85|63,79|58,48/0,19=0,77,10,49,19
31,5|46,52|30,44|23,40|44,91|78,26|18,8|78,31|78,22|78,30|89,0|78,69|5,18|22,23|24,89|52,60|40,72|26,24|91,17|69,46/78,72=78,22,23,40,72
13,75|17,23|17,94|27,62|6,18|17,91|91,13|61,6|36,47|62,73|52,22|17,52|72,92|17,95|58,36|75,45|22,72|95,27|94,58|23,61/17,47=17,94,58,36,47
71,65|52,76|26,17|10,14|14,71|10,95|7,11|64,4|37,88|10,26|76,37|4,72|44,7|10,52|65,33|10,81|17,19|19,8|81,64|95,44/10,72=10,81,64,4,72
58,45|20,7|20,48|20,63|94,61|61,49|28,96|22,69|63,28|71,77|97,26|48,31|45,71|20,58|20,47|7,94|80,22|47,80|96,43|31,97/20,26=20,48,31,97,26
35,74|70,55|54,14|89,4|54,58|83,79|57,16|82,5|11,31|54,70|54,83|5,7|55,89|87,35|54,57|14,82|79,80|16,11|58,87|80,63/54,31=54,57,16,11,31
43,98|55,6|98,96|21,59|67,54|68,67|21,7|21,13|1,16|59,68|21,38|13,18|7,43|91,55|76,93|21,91|6,26|38,39|39,76|18,1/21,93=21,38,39,76,93
58,59|4,96|34,58|33,11|44,9|99,50|50,75|4,79|57,67|59,69|4,34|24,44|4,24|37,99|96,36|9,39|43,33|36,57|79,43|4,37/4,69=4,34,58,59,69
90,57|90,17|99,47|5,96|90,82|17,5|90,99|40,79|82,63|1,70|47,84|84,72|3,20|11,40|63,3|86,1|50,11|90,50|96,76|57,86/90,72=90,99,47,84,72
4,18|74,60|1,40|74,22|55,95|74,1|35,92|40,35|74,49|74,71|71,14|14,0|49,65|60,45|0,79|65,4|41,72|72,68|45,55|22,41/74,68=74,22,41,72,68
46,8|25,23|53,25|79,17|79,76|75,1|64,34|34,57|17,64|10,5|37,46|1,73|79,42|5,2|79,53|73,94|23,3|76,10|79,75|42,37/79,94=79,75,1,73,94
20,49|80,25|12,32|65,50|67,83|44,67|32,80|49,56|83,73|17,65|85,18|44,17|50,19|44,33|47,63|33,20|73,94|44,12|63,85|44,47/44,19=44,17,65,50,19
25,35|71,5|46,25|68,4|68,71|68,3|68,82|79,46|4,58|39,37|65,66|5,97|66,86|96,98|82,39|97,26|58,96|37,17|68,79|3,65/68,35=68,79,46,25,35
43,61|29,72|35,82|65,11|59,35|17,65|72,59|61,88|29,41|41,17|38,14|29,96|29,18|18,43|29,69|68,94|86,68|12,38|69,86|96,12/29,11=29,41,17,65,11
2,45|34,37|34,15|51,75|37,51|82,72|19,89|72,93|15,82|69,33|45,19|34,2|7,67|30,7|34,30|33,42|34,21|75,22|21,69|67,25/34,25=34,30,7,67,25
65,97|64,62|70,64|40,20|71,46|75,65|92,88|30,75|98,66|46,49|30,70|30,98|20,92|97,18|30,40|49,24|66,63|30,71|62,61|63,27/30,61=30,70,64,62,61
45,5|95,1|26,95|20,48|26,13|26,59|13,27|80,2|1,45|59,70|64,20|26,81|81,64|11,3|27,11|70,80|26,79|57,7|7,30|79,57/26,3=26,13,27,11,3
35,20|40,8|88,2|2,62|76,35|80,47|97,76|34,40|96,73|47,21|97,63|97,93|62,84|97,58|73,90|93,34|58,96|97,88|20,79|63,80/97,21=97,63,80,47,21
24,30|31,21|86,44|16,24|35,72|86,91|5,16|72,32|91,35|51,40|11,51|86,5|86,89|28,31|89,83|44,11|86,28|75,64|83,75|21,57/86,32=86,91,35,72,32
85,9|27,97|98,11|66,49|1,72|88,46|27,88|97,65|72,66|63,81|76,98|38,87|27,1|87,54|27,37|37,38|46,85|71,76|27,71|65,63/27,49=27,1,72,66,49
28,39|5,58|42,18|26,89|68,48|48,32|54,96|13,78|50,68|28,86|86,24|24,5|49,26|33,42|28,13|78,54|39,49|28,50|18,72|28,33/28,89=28,39,49,26,89
1,92|0,58|28,76|26,68|92,28|16,9|1,6|76,77|6,49|1,56|41,59|70,20|58,12|1,0|37,70|49,16|12,57|1,41|56,37|59,26/1,68=1,41,59,26,68
53,25|13,79|6,69|78,66|64,13|28,48|78,64|93,72|78,6|14,93|79,31|78,30|78,5|69,28|30,53|5,14|25,76|67,68|12,67|66,12/78,76=78,30,53,25,76
54,20|7,98|80,48|3,7|4,47|4,91|4,80|91,87|87,10|98,22|66,15|47,54|48,66|20,25|4,19|10,60|30,51|16,30|19,16|4,3/4,60=4,91,87,10,60
56,38|5,29|94,59|11,18|29,76|2,83|35,51|86,88|4,5|88,74|59,11|56,2|56,94|38,85|56,4|85,57|83,35|74,73|56,86|57,20/56,73=56,86,88,74,73
45,8|23,52|23,54|98,45|49,90|23,94|4,95|86,27|90,78|37,86|52,87|87,83|23,80|23,74|74,37|80,49|94,60|60,4|54,98|83,79/23,79=23,52,87,83,79
52,9|81,15|51,56|99,79|29,83|79,13|52,59|13,54|9,63|52,91|92,11|52,99|94,92|59,94|63,81|52,64|83,86|56,33|64,29|91,51/52,11=52,59,94,92,11
67,84|72,56|35,66|25,13|66,57|13,64|54,51|67,97|67,35|67,54|98,37|84,72|57,18|56,58|2,98|67,2|37,42|97,25|51,92|92,81/67,58=67,84,72,56,58
63,78|63,8|64,22|97,31|16,49|73,50|8,16|0,98|11,66|85,39|21,56|22,11|78,0|63,64|49,30|63,85|39,21|31,73|98,43|63,97/63,66=63,64,22,11,66
96,78|75,92|80,42|75,73|45,12|92,0|0,80|30,6|75,30|6,23|23,25|78,66|98,99|75,63|73,79|63,41|41,98|75,96|79,45|66,43/75,25=75,30,6,23,25
91,65|87,7|9,89|54,87|21,91|10,94|72,47|72,34|63,92|7,14|11,12|34,11|72,17|17,21|94,32|72,54|12,57|47,10|92,9|72,63/72,14=72,54,87,7,14
55,40|86,10|74,62|26,14|27,82|69,86|55,27|62,11|55,75|66,63|23,34|75,74|92,23|55,69|46,26|82,66|14,64|10,25|55,46|40,92/55,63=55,27,82,66,63
24,8|22,54|80,32|70,2|67,77|96,91|22,96|22,70|29,24|22,29|91,21|32,92|47,67|54,47|87,80|22,87|8,76|2,3|3,27|21,71/22,71=22,96,91,21,71
96,42|93,59|56,16|37,70|37,5|70,93|17,6|37,52|5,95|59,74|95,94|37,97|94,90|37,56|40,76|16,17|97,96|89,40|42,30|52,89/37,76=37,52,89,40,76
33,98|96,77|81,73|73,38|16,52|89,65|81,12|81,97|81,96|81,53|97,99|52,34|43,5|53,33|12,16|72,45|77,89|99,43|38,72|98,59/81,59=81,53,33,98,59
6,97|25,93|73,36|83,3|74,25|42,45|15,42|56,49|51,73|51,1|1,83|39,56|3,29|36,6|49,12|93,41|51,74|51,13|13,15|51,39/51,12=51,39,56,49,12
80,24|35,1|4,72|1,57|80,75|9,64|76,27|81,90|24,35|27,9|90,48|31,71|88,87|87,4|80,88|62,31|75,62|80,81|48,15|80,76/80,71=80,75,62,31,71
2,82|59,31|78,55|0,89|97,81|85,0|89,97|25,78|21,6|42,60|85,95|6,2|85,52|95,25|31,57|85,21|86,59|12,42|52,12|85,86/85,82=85,21,6,2,82
99,55|73,91|17,83|85,84|84,93|62,16|51,73|51,1|51,34|91,62|36,2|51,31|1,99|31,36|93,94|55,40|83,59|34,17|51,85|2,42/51,94=51,85,84,93,94
16,13|96,35|22,25|96,22|58,67|65,17|67,94|35,16|17,39|91,20|20,59|96,65|96,91|60,10|13,71|39,26|96,58|25,60|59,66|94,98/96,10=96,22,25,60,10
46,97|60,45|97,9|37,48|39,60|9,1|46,94|46,20|46,4|66,82|2,66|45,64|94,59|20,37|59,41|41,47|46,39|4,2|48,56|1,68/46,82=46,4,2,66,82
43,37|32,64|48,56|6,81|36,13|62,4|62,65|88,6|37,71|62,88|62,43|92,24|81,18|64,48|62,32|65,36|13,86|58,92|4,58|71,9/62,18=62,88,6,81,18
71,4|23,82|17,73|56,32|60,96|66,42|51,53|51,3|38,17|68,60|10,71|96,89|39,56|51,23|51,10|53,38|82,66|51,68|4,46|3,39/51,32=51,3,39,56,32
86,17|96,14|7,65|29,39|7,57|52,29|26,68|7,52|7,96|15,77|14,15|63,85|65,79|85,86|42,26|7,63|57,42|79,22|39,32|22,99/7,68=7,57,42,26,68
5,3|34,1|33,48|15,78|60,16|65,28|33,34|33,60|3,65|16,44|92,52|55,45|33,92|1,17|22,15|44,75|33,5|52,55|17,67|48,22/33,45=33,92,52,55,45
11,74|47,44|19,87|87,69|47,66|47,19|97,20|33,77|82,80|26,11|69,27|47,26|47,82|80,96|74,21|66,33|96,90|77,48|44,97|20,37/47,90=47,82,80,96,90
14,93|14,10|26,87|42,30|30,45|62,9|87,51|86,46|9,44|55,31|14,86|10,42|85,91|66,26|14,4|93,62|46,55|4,15|14,66|15,85/14,51=14,66,26,87,51
63,71|98,91|72,98|63,23|71,61|63,72|79,95|45,10|97,86|91,92|56,99|36,26|12,60|23,97|63,36|86,76|61,12|99,45|63,56|26,79/63,95=63,36,26,79,95
6,80|72,12|6,34|54,45|80,28|17,20|86,72|45,8|6,42|57,17|2,76|76,68|12,43|21,33|61,54|6,61|6,86|28,21|34,57|42,2/6,20=6,34,57,17,20
67,46|73,82|7,23|31,78|90,97|78,45|12,59|45,76|24,69|51,49|10,92|40,90|97,12|40,7|92,73|40,10|40,31|40,51|49,24|23,67/40,82=40,10,92,73,82
83,70|5,8|62,93|93,36|25,62|88,72|25,23|25,67|25,63|8,59|72,44|25,88|23,97|97,83|36,28|49,6|44,30|63,5|67,49|6,42/25,59=25,63,5,8,59
21,5|7,89|80,1|13,10|22,16|3,66|97,68|5,48|53,97|51,53|62,13|75,22|62,21|10,3|48,12|89,80|62,51|18,75|62,18|62,7/62,68=62,51,53,97,68
86,66|50,65|50,41|28,17|63,38|18,51|38,71|50,89|65,86|41,77|50,69|12,28|69,12|51,72|44,63|50,44|77,16|89,18|66,35|16,20/50,17=50,69,12,28,17
36,13|99,69|1,31|69,26|76,77|26,61|3,78|28,19|77,3|76,1|78,96|27,70|31,36|19,90|76,27|76,25|70,22|76,99|25,28|22,6/76,61=76,99,69,26,61
74,70|29,51|35,58|74,26|71,47|73,39|51,56|33,86|15,64|26,2|25,35|39,16|74,29|2,71|16,57|74,73|86,15|74,33|56,30|70,25/74,57=74,73,39,16,57
42,34|4,56|25,54|23,82|54,15|56,86|25,46|85,27|27,23|22,73|45,42|73,96|74,65|25,4|25,40|25,85|86,9|15,74|40,45|46,22/25,9=25,4,56,86,9
8,77|5,79|97,30|59,86|34,8|64,90|79,62|28,97|35,99|90,16|62,35|5,57|5,43|5,34|57,64|86,14|43,59|77,55|0,28|5,0/5,16=5,57,64,90,16
26,82|83,22|24,31|47,50|83,6|30,0|31,73|43,15|54,30|22,54|15,28|83,43|50,26|6,24|70,92|92,91|83,70|83,47|91,97|28,4/83,0=83,22,54,30,0
27,92|18,29|46,74|45,96|94,25|70,2|46,27|74,45|46,42|46,94|96,7|12,8|92,79|8,47|46,97|25,70|29,54|42,12|79,40|97,18/46,47=46,42,12,8,47
73,14|48,9|48,66|12,58|48,39|48,54|26,90|49,0|54,12|48,47|81,73|66,81|89,3|39,82|92,89|47,92|27,49|9,27|58,5|82,26/48,3=48,47,92,89,3
16,17|27,92|27,23|33,93|63,2|92,63|27,12|9,33|12,73|73,88|88,1|97,10|27,9|0,16|84,97|23,0|93,14|2,98|27,84|10,46/27,98=27,92,63,2,98
3,57|24,17|24,3|90,9|85,83|60,41|17,85|32,90|83,4|89,82|75,15|24,89|57,68|5,27|24,75|15,5|82,60|24,32|68,58|9,46/24,46=24,32,90,9,46
68,4|48,80|65,77|91,85|43,84|77,23|48,59|59,36|48,90|48,68|36,99|99,66|87,43|8,87|4,91|48,8|80,86|86,78|90,65|78,19/48,19=48,80,86,78,19
12,85|99,8|8,88|15,10|23,67|22,6|79,73|83,59|38,99|5,76|5,12|10,63|76,1|5,38|73,83|5,79|85,22|1,23|5,15|63,9/5,6=5,12,85,22,6
5,56|13,42|30,5|58,94|79,53|13,30|19,0|42,99|48,79|13,58|45,27|99,45|13,38|68,81|29,68|56,74|13,48|94,19|53,54|38,29/13,54=13,48,79,53,54
13,37|34,6|34,96|96,42|67,65|34,19|65,89|3,35|34,48|14,13|55,27|35,46|34,14|99,8|37,2|42,99|6,3|27,78|48,67|19,55/34,2=34,14,13,37,2
57,0|93,78|27,15|62,65|0,6|35,62|76,35|8,83|6,4|76,57|88,80|81,28|15,8|65,71|76,27|80,52|52,13|28,93|76,88|76,81/76,13=76,88,80,52,13
3,42|73,57|47,95|3,73|57,43|3,18|40,12|30,11|79,7|18,21|21,30|44,79|27,50|42,44|3,40|43,13|24,27|12,47|28,24|3,28/3,11=3,18,21,30,11
65,54|2,65|23,29|50,36|36,61|70,42|66,79|15,83|70,88|3,23|99,66|54,13|42,50|70,2|70,9|83,92|70,99|9,3|79,90|88,15/70,90=70,99,66,79,90
40,54|0,24|40,2|81,12|2,29|97,30|8,51|26,18|33,81|12,25|49,76|24,97|54,26|87,78|40,87|78,49|40,0|40,33|18,68|29,8/40,51=40,2,29,8,51
11,32|94,58|63,8|62,54|31,29|47,62|94,69|73,21|72,93|93,31|94,72|3,11|94,88|69,24|58,3|24,63|94,47|54,61|21,20|88,73/94,29=94,72,93,31,29
19,13|11,10|21,35|55,61|31,15|45,21|61,71|35,90|18,19|55,18|15,34|25,31|27,26|9,11|13,23|71,27|55,25|28,9|55,28|55,45/55,10=55,28,9,11,10
76,28|14,82|36,77|62,61|22,62|34,14|36,63|89,15|91,66|63,10|15,26|41,34|36,31|10,76|77,89|36,22|36,41|45,91|61,8|31,45/36,66=36,31,45,91,66
52,57|41,56|87,77|52,96|51,64|77,47|31,41|17,69|54,88|88,10|52,31|52,17|69,1|1,91|29,51|57,87|64,80|96,54|56,32|52,29/52,10=52,96,54,88,10
62,13|78,18|27,97|92,62|92,28|33,52|42,59|15,27|55,99|92,75|28,78|13,33|68,15|75,2|18,20|59,25|64,42|2,55|92,64|92,68/92,20=92,28,78,18,20
44,43|53,74|15,93|10,75|61,85|29,44|15,51|75,61|74,95|55,38|4,83|51,53|15,10|38,6|6,70|93,69|15,55|43,59|69,4|15,29/15,85=15,10,75,61,85
89,19|70,35|67,3|70,7|59,49|70,89|34,15|7,78|93,32|54,71|35,1|19,62|70,93|1,59|32,54|15,23|70,34|62,80|23,29|78,67/70,29=70,34,15,23,29
78,75|95,60|67,17|98,25|69,88|69,85|45,78|46,62|69,5|69,95|84,46|91,67|58,61|25,99|88,84|5,45|17,43|60,58|69,91|85,98/69,61=69,95,60,58,61
56,75|15,58|65,56|93,84|93,48|51,32|48,15|91,90|93,11|13,86|58,19|11,65|45,51|96,36|84,45|93,13|93,49|90,10|49,91|86,96/93,10=93,49,91,90,10
35,33|71,42|10,32|10,71|32,15|15,76|10,35|29,22|10,23|23,98|98,29|33,47|69,85|42,27|27,68|66,69|10,66|76,64|47,62|85,48/10,22=10,23,98,29,22
78,87|22,91|94,42|75,73|22,34|42,33|45,83|22,78|74,99|34,60|83,75|87,16|98,94|22,45|9,30|91,74|60,9|16,46|22,98|99,27/22,73=22,45,83,75,73
97,30|73,54|78,81|31,97|54,1|73,74|73,55|81,89|50,12|55,50|73,63|74,29|4,75|12,59|1,4|73,15|15,31|49,83|29,49|63,78/73,89=73,63,78,81,89
11,86|12,80|96,15|85,18|12,10|70,26|23,96|12,85|12,4|74,97|86,28|80,23|26,69|12,41|18,49|49,66|95,74|10,11|41,70|4,95/12,15=12,80,23,96,15
55,6|34,24|19,51|55,13|31,62|81,31|55,39|13,16|1,38|16,19|17,45|60,1|2,60|7,96|39,81|6,36|45,34|36,7|55,2|55,17/55,38=55,2,60,1,38
29,45|16,97|49,4|51,38|64,27|4,61|73,55|97,8|85,14|27,88|85,58|85,73|55,29|35,64|61,41|85,49|14,43|85,35|58,16|43,51/85,8=85,58,16,97,8
38,0|57,94|66,31|6,96|7,10|96,14|7,66|7,60|7,99|7,21|99,24|31,68|68,12|70,57|10,6|21,29|29,38|71,48|24,71|60,70/7,12=7,66,31,68,12
1,67|21,31|39,18|85,1|18,92|27,68|78,72|27,21|57,51|59,22|68,39|15,78|67,83|72,45|27,15|27,57|51,59|27,85|16,69|31,16/27,22=27,57,51,59,22
91,56|88,50|55,11|70,91|64,55|45,97|81,35|68,48|48,45|42,24|24,33|42,30|56,13|42,68|42,88|33,20|20,99|50,81|30,64|42,70/42,13=42,70,91,56,13
3,15|77,44|15,50|69,91|69,1|75,97|69,88|88,77|69,3|1,82|37,55|9,75|44,42|4,68|69,37|30,95|82,4|50,28|91,9|55,30/69,42=69,88,77,44,42
14,93|14,10|26,87|42,9|9,44|62,85|87,51|86,46|85,91|55,31|14,86|10,42|30,45|66,26|14,4|93,62|46,55|4,15|14,66|15,30/14,51=14,66,26,87,51
6,67|13,92|6,71|2,78|80,79|29,20|87,35|6,51|49,13|78,87|6,2|6,47|71,49|67,29|81,62|20,36|51,81|79,83|62,9|47,80/6,9=6,51,81,62,9
69,65|64,58|84,32|88,14|29,68|3,52|52,72|42,88|22,49|32,64|84,3|72,37|14,45|84,82|58,8|84,69|82,98|65,22|84,42|98,29/84,37=84,3,52,72,37
72,69|23,86|72,2|96,49|93,32|11,82|19,23|44,74|85,40|74,36|0,11|72,46|49,20|72,85|36,59|46,96|40,93|69,19|72,44|2,0/72,20=72,46,96,49,20
63,93|1,91|29,24|58,38|52,1|97,72|78,87|52,42|24,97|52,29|52,58|91,63|87,10|7,57|44,7|57,69|38,35|52,44|35,33|42,78/52,69=52,44,7,57,69
88,23|72,60|50,72|88,21|35,85|12,62|69,92|51,69|21,51|88,12|4,83|88,66|62,74|88,89|6,4|23,53|66,50|53,35|74,58|89,6/88,92=88,21,51,69,92
68,15|74,85|26,34|98,99|17,74|9,40|99,62|9,98|78,17|48,56|38,52|18,38|70,48|52,71|9,26|34,68|9,78|62,84|40,70|9,18/9,71=9,18,38,52,71
27,75|46,39|86,66|42,24|31,46|23,42|98,86|82,15|20,27|24,69|66,0|75,30|93,43|31,98|31,23|43,88|31,20|39,82|40,93|31,40/31,30=31,20,27,75,30
20,51|93,31|40,3|3,42|90,48|35,43|5,93|14,90|70,11|48,0|5,14|51,33|5,65|88,35|33,78|31,70|5,20|65,40|50,88|5,50/5,42=5,65,40,3,42
19,84|64,9|74,2|48,92|90,97|71,48|35,64|2,41|90,29|88,8|8,33|90,43|43,7|90,35|90,71|9,96|7,19|92,50|29,88|97,74/90,84=90,43,7,19,84
89,11|89,26|26,57|11,75|58,43|89,91|89,34|57,87|61,22|83,84|75,37|91,83|25,58|64,61|37,6|87,19|84,29|89,21|21,64|34,25/89,43=89,34,25,58,43
84,3|65,40|80,92|76,52|67,44|70,68|23,66|3,34|79,90|44,6|76,79|76,80|76,37|34,81|76,84|90,70|92,65|66,9|37,67|52,23/76,68=76,79,90,70,68
46,51|65,93|57,46|92,60|54,65|71,95|92,7|68,86|8,57|15,20|99,68|60,91|91,15|95,85|93,18|7,99|92,8|92,54|92,42|42,71/92,51=92,8,57,46,51
78,91|53,99|34,0|49,52|10,49|91,64|52,34|10,84|36,75|7,45|10,17|10,36|57,62|85,7|75,57|76,53|84,76|17,85|10,78|64,27/10,45=10,17,85,7,45
21,41|40,61|22,40|32,79|10,88|3,42|32,10|88,3|90,34|56,43|41,71|79,56|32,12|78,22|32,4|4,21|32,78|12,0|43,2|0,90/32,34=32,12,0,90,34
5,59|50,83|81,50|30,31|81,10|4,26|54,5|26,52|59,39|81,54|80,30|10,15|81,17|81,80|17,4|83,68|27,22|31,38|68,45|15,27/81,45=81,50,83,68,45
65,99|7,41|45,42|48,86|85,87|41,74|74,8|86,34|62,38|97,66|66,80|99,45|70,81|48,7|48,85|80,94|34,70|48,97|87,62|48,65/48,81=48,86,34,70,81
87,8|55,27|27,10|93,44|47,58|63,85|23,43|84,55|23,84|67,87|32,63|23,51|70,93|23,89|89,14|23,31|51,70|43,32|31,67|14,47/23,10=23,84,55,27,10
92,60|6,10|1,67|87,39|29,83|10,87|1,91|97,7|41,94|1,92|72,36|94,24|60,72|1,6|80,29|7,16|1,97|16,48|91,41|67,80/1,36=1,92,60,72,36
54,53|53,32|99,39|58,60|47,96|89,48|48,99|74,37|58,70|58,74|22,94|37,22|58,89|60,92|95,20|96,95|92,90|90,77|70,54|58,47/58,39=58,89,48,99,39
26,23|89,72|74,5|23,17|67,99|85,53|91,67|72,46|85,92|15,96|48,26|93,15|36,91|85,36|56,74|53,93|92,56|85,7|7,89|85,48/85,17=85,48,26,23,17
70,77|96,41|60,57|12,17|62,53|68,88|68,60|64,34|67,18|41,67|53,39|57,70|68,64|38,46|88,78|78,12|68,96|68,62|34,38|39,9/68,9=68,62,53,39,9
74,90|90,91|91,9|31,71|52,21|41,50|50,23|31,6|53,66|21,82|40,69|31,74|24,41|71,53|6,75|31,52|31,24|82,60|75,40|66,81/31,9=31,74,90,91,9
1,37|98,9|34,7|62,34|1,23|1,78|71,62|1,71|14,65|1,16|19,85|48,51|80,14|23,63|78,48|37,61|61,19|16,80|51,89|63,98/1,89=1,78,48,51,89
77,91|64,21|64,63|24,65|64,69|55,38|21,47|99,24|94,26|91,16|74,89|89,53|15,77|69,99|64,15|80,94|47,55|26,61|64,80|63,74/64,16=64,15,77,91,16
73,8|20,70|24,63|8,31|62,24|73,42|26,71|73,51|31,59|73,77|70,55|51,49|71,79|49,12|12,6|59,30|42,62|77,20|79,64|73,26/73,55=73,77,20,70,55
75,14|94,2|53,10|95,93|95,53|13,90|95,59|91,94|69,35|90,11|11,51|59,33|2,22|33,69|93,75|14,8|49,30|10,49|95,91|95,13/95,22=95,91,94,2,22
50,7|50,88|7,26|93,19|2,48|65,64|50,15|53,65|24,53|29,42|88,93|15,1|4,2|1,29|94,4|19,39|26,73|50,94|50,24|73,60/50,48=50,94,4,2,48
67,3|31,97|94,46|70,2|9,87|6,79|18,67|68,37|79,68|61,94|18,61|48,19|46,74|18,6|3,9|21,76|18,31|76,70|18,21|97,48/18,37=18,6,79,68,37
86,59|1,72|73,30|6,94|86,12|64,53|89,64|86,6|66,89|0,75|59,93|94,1|12,55|14,0|93,73|55,58|58,68|86,14|86,66|75,11/86,53=86,66,89,64,53
75,90|42,17|24,26|17,54|42,73|46,29|42,40|27,66|35,20|90,34|76,27|54,24|73,18|89,76|40,75|42,89|31,46|18,35|29,38|42,31/42,34=42,40,75,90,34
60,67|60,46|60,13|30,64|39,50|41,14|37,0|86,97|65,26|13,40|46,54|26,35|67,65|54,86|60,39|60,23|23,98|98,30|40,41|50,37/60,64=60,23,98,30,64
30,66|67,1|65,67|12,90|1,93|65,35|65,31|88,39|45,34|65,53|34,28|35,88|53,21|22,12|31,45|93,81|90,74|39,52|65,22|21,30/65,66=65,53,21,30,66
58,38|98,78|38,42|47,83|1,58|75,73|16,59|39,63|2,75|98,1|43,76|74,41|41,39|98,47|76,4|78,43|83,16|9,2|98,74|98,9/98,59=98,47,83,16,59
91,13|13,2|69,67|35,52|99,87|56,68|68,10|56,35|10,45|56,69|56,62|67,19|62,99|2,17|45,51|3,73|19,31|56,91|87,12|52,3/56,73=56,35,52,3,73
22,39|22,54|22,13|27,89|8,96|78,4|91,30|22,38|65,61|13,65|39,35|54,46|83,80|89,73|38,27|61,41|35,78|46,83|22,8|96,91/22,41=22,13,65,61,41
72,74|42,56|15,88|59,64|97,72|41,55|88,95|42,97|53,59|74,54|42,41|4,15|45,63|46,21|42,53|42,4|55,46|98,45|56,98|64,57/42,63=42,56,98,45,63
99,41|41,56|82,78|19,77|99,0|56,58|25,4|73,23|51,73|99,19|99,51|4,49|23,46|58,65|99,72|33,61|77,33|78,54|72,25|0,82/99,65=99,41,56,58,65
25,35|35,16|15,58|7,10|16,43|12,78|73,64|93,59|59,11|9,92|92,7|9,47|10,8|9,12|47,93|94,75|78,15|9,25|9,94|75,73/9,8=9,92,7,10,8
73,64|78,91|64,87|11,52|63,88|88,27|77,36|66,63|10,11|70,40|36,17|91,73|78,10|78,44|60,70|78,66|44,77|40,13|52,65|78,60/78,17=78,44,77,36,17
10,57|52,12|52,78|11,2|61,10|73,11|1,92|12,65|78,73|54,1|28,37|92,48|52,54|56,93|55,19|52,56|81,61|93,28|52,81|65,55/52,48=52,54,1,92,48
84,65|70,41|84,12|12,31|84,92|88,96|4,98|31,91|98,57|91,29|80,50|35,70|50,99|84,64|65,88|84,80|92,35|99,94|96,48|64,4/84,48=84,65,88,96,48
4,94|21,76|22,13|94,66|37,61|77,18|56,78|13,56|22,77|22,4|61,65|18,90|76,79|22,31|66,46|79,67|22,21|90,48|31,37|78,70/22,65=22,31,37,61,65
90,77|27,41|87,67|90,27|75,13|18,45|98,55|55,89|90,70|96,98|45,82|64,87|0,59|17,64|90,96|90,17|77,0|70,18|59,93|41,75/90,82=90,70,18,45,82
49,55|38,39|0,49|0,35|25,34|6,57|20,84|55,6|52,38|56,67|54,47|35,52|67,85|74,30|47,25|30,20|0,54|0,46|0,74|46,56/0,57=0,49,55,6,57
48,69|71,70|16,36|27,8|9,71|5,21|51,63|1,34|36,45|8,16|27,81|63,29|73,9|27,51|27,5|4,1|27,73|81,4|29,41|21,48/27,70=27,73,9,71,70
32,65|63,20|62,79|70,94|96,97|86,63|65,7|32,15|32,70|0,8|15,96|47,39|6,36|97,54|32,47|94,0|39,62|7,6|20,49|32,86/32,49=32,86,63,20,49
40,89|73,88|67,74|58,84|88,25|58,81|87,72|84,54|72,52|58,87|81,73|62,40|64,95|28,64|52,19|96,62|95,66|58,28|58,96|54,67/58,89=58,96,62,40,89
27,30|17,79|52,73|28,13|83,54|30,80|79,27|17,43|17,52|69,58|17,8|97,57|73,28|8,59|54,65|43,69|17,15|58,44|15,83|59,97/17,65=17,15,83,54,65
16,63|16,6|80,49|2,87|16,36|16,54|6,89|52,38|17,80|88,70|38,15|36,17|16,43|87,57|11,58|54,2|58,9|43,52|63,11|89,88/16,49=16,36,17,80,49
45,55|10,17|17,89|61,43|76,23|93,76|58,3|89,14|10,36|10,58|79,74|10,93|10,61|21,0|23,72|36,38|3,21|43,45|14,12|38,79/10,55=10,61,43,45,55
5,97|75,56|97,49|0,10|82,31|98,26|17,75|83,80|0,5|85,76|10,90|49,33|76,82|0,85|90,83|0,60|43,17|26,71|60,98|0,43/0,31=0,85,76,82,31
12,35|21,73|53,60|35,53|99,96|7,99|66,16|71,44|60,6|12,31|16,37|58,7|12,69|44,24|31,71|20,27|12,20|69,66|27,21|12,58/12,37=12,69,66,16,37
0,97|85,21|55,27|22,74|97,85|66,80|80,26|83,55|4,94|66,0|16,40|69,16|27,90|91,35|40,49|66,83|66,91|35,4|66,69|26,22/66,90=66,83,55,27,90
49,36|44,9|33,14|91,69|25,44|68,18|69,31|36,30|33,19|14,49|33,66|9,56|33,48|48,79|32,10|66,97|97,32|79,68|33,25|19,91/33,31=33,19,91,69,31
39,74|39,5|43,86|57,97|39,4|74,96|97,35|90,31|39,57|92,73|5,28|28,92|32,13|31,85|75,66|86,75|4,90|39,43|96,32|35,2/39,2=39,57,97,35,2
10,63|92,18|5,49|2,92|43,72|62,64|16,69|94,82|30,94|85,98|63,16|5,10|64,66|5,87|72,85|87,62|5,43|49,30|5,54|54,2/5,98=5,43,72,85,98
80,78|21,49|49,81|62,25|61,40|21,80|3,92|22,3|40,1|81,97|71,44|97,96|21,71|32,89|99,61|44,62|21,99|68,22|78,32|21,68/21,96=21,49,81,97,96
28,50|44,9|87,65|51,93|63,8|37,22|28,71|28,85|6,87|73,97|75,44|28,37|8,33|28,46|85,31|31,73|71,75|46,63|22,51|50,6/28,9=28,71,75,44,9
60,72|68,19|74,40|34,66|71,8|81,24|78,81|60,35|60,90|47,76|60,68|23,47|66,59|60,7|90,23|7,78|35,87|87,74|72,34|19,71/60,24=60,7,78,81,24
91,16|32,26|87,6|55,93|90,80|91,32|43,54|18,55|16,25|26,63|91,58|63,40|8,90|25,87|91,18|83,43|80,47|93,65|91,8|58,83/91,65=91,18,55,93,65
97,98|88,34|84,12|26,48|7,37|75,60|85,41|76,43|43,75|18,47|76,26|12,88|98,7|76,85|76,84|41,18|48,68|68,30|76,97|60,45/76,37=76,97,98,7,37
99,20|68,66|96,38|42,25|80,85|45,21|6,24|25,45|56,6|96,94|15,53|94,83|83,15|96,56|85,95|20,68|38,80|96,99|24,31|96,42/96,66=96,99,20,68,66
76,58|16,59|40,78|59,87|37,33|13,5|13,40|60,86|78,97|86,20|61,76|69,16|13,60|97,83|20,88|13,69|65,37|13,42|5,61|42,65/13,58=13,5,61,76,58
82,24|61,20|85,82|96,97|0,41|97,19|37,46|96,49|96,47|47,43|43,61|96,83|41,14|46,57|96,54|54,0|23,80|19,23|49,85|83,37/96,14=96,54,0,41,14
70,13|13,25|2,95|70,2|59,77|83,71|74,46|70,53|4,74|47,59|95,23|23,63|25,14|14,98|61,81|71,61|70,24|53,4|70,83|24,47/70,77=70,24,47,59,77
97,62|49,99|21,22|29,35|13,49|82,69|82,13|81,21|30,65|74,20|51,81|62,29|69,1|82,12|82,51|99,61|1,74|12,76|76,30|82,97/82,35=82,97,62,29,35
30,44|28,98|41,7|41,22|48,28|66,12|43,90|7,48|13,99|3,42|41,30|41,66|80,45|22,17|41,80|45,96|44,3|17,43|96,57|12,13/41,42=41,30,44,3,42
36,28|5,8|62,93|93,6|25,62|88,72|25,23|25,67|25,63|8,59|72,44|25,88|23,97|97,36|6,42|49,83|44,30|63,5|67,49|83,70/25,59=25,63,5,8,59
98,49|98,69|31,55|85,8|49,19|81,85|33,92|83,71|69,31|98,44|4,33|98,4|19,48|48,41|6,83|74,81|55,52|44,6|98,74|92,82/98,71=98,44,6,83,71
66,46|64,63|13,9|60,83|95,98|83,84|63,16|66,32|32,60|66,13|99,14|9,57|66,64|66,69|69,99|57,2|98,24|16,30|14,85|46,95/66,24=66,46,95,98,24
44,12|22,25|94,9|34,88|88,15|17,44|0,96|96,1|29,18|5,17|9,22|29,0|1,86|79,11|54,19|29,94|18,34|29,54|29,5|19,79/29,11=29,54,19,79,11
67,75|80,27|72,15|76,71|99,43|15,63|42,45|63,19|99,42|27,47|99,73|64,84|99,72|45,76|99,24|43,10|24,67|75,35|10,64|73,80/99,47=99,73,80,27,47
3,76|84,35|47,49|19,84|19,23|2,99|49,27|19,70|27,97|80,3|70,2|14,37|35,15|19,56|50,14|56,50|15,7|23,80|19,47|99,67/19,37=19,56,50,14,37
89,63|38,73|72,28|32,1|84,86|20,40|82,89|46,56|24,75|86,38|20,46|63,67|20,84|40,72|58,65|20,82|1,58|20,32|56,24|28,19/20,65=20,32,1,58,65
80,34|80,62|97,19|51,3|80,44|34,55|6,66|62,9|24,65|94,24|64,76|44,64|9,97|80,32|65,25|80,94|3,53|32,51|55,6|76,58/80,53=80,32,51,3,53
1,65|54,97|96,90|62,12|49,43|21,13|65,17|66,62|43,54|29,88|88,36|29,92|29,28|46,1|29,49|92,96|29,46|36,21|28,66|90,39/29,39=29,92,96,90,39
24,98|57,77|71,59|14,64|91,13|57,14|48,41|57,33|64,91|30,83|18,30|33,18|57,79|57,21|59,67|21,24|79,86|98,75|77,71|86,48/57,13=57,14,64,91,13
36,26|99,36|40,35|35,67|82,1|95,81|99,37|26,60|60,58|14,95|17,33|73,14|99,83|83,63|99,6|37,40|63,82|41,17|99,73|6,41/99,58=99,36,26,60,58
89,72|13,39|30,48|32,63|69,42|30,32|65,46|30,71|67,85|71,65|42,40|30,5|30,57|57,64|46,22|64,13|48,69|92,67|63,89|5,92/30,22=30,71,65,46,22
21,93|82,17|46,56|54,21|48,96|47,46|96,82|97,51|66,47|56,90|31,57|66,54|66,97|93,62|38,5|51,31|5,88|66,48|88,27|66,38/66,57=66,97,51,31,57
4,71|4,81|73,23|4,78|31,57|69,80|13,87|71,26|26,66|87,9|70,31|4,30|78,73|57,18|66,42|80,98|4,70|30,13|23,99|81,69/4,18=4,70,31,57,18
33,12|26,60|26,94|54,33|40,7|92,85|26,93|26,67|67,82|60,43|82,40|26,54|12,47|15,92|94,15|83,45|93,46|43,83|37,80|46,37/26,80=26,93,46,37,80
24,87|51,9|87,46|18,56|28,5|9,4|8,10|8,38|8,84|14,74|84,47|29,18|74,17|10,14|25,29|47,28|8,25|8,69|69,51|38,24/8,5=8,84,47,28,5
69,90|39,69|23,57|20,11|39,59|18,25|39,54|90,20|52,36|77,95|56,37|54,75|39,23|57,77|59,81|75,56|39,17|17,18|81,52|25,91/39,36=39,59,81,52,36
42,16|99,81|1,33|74,2|0,70|2,79|97,91|1,89|57,47|24,97|33,0|81,64|79,96|1,11|70,52|1,42|89,99|11,24|16,57|1,74/1,96=1,74,2,79,96
18,30|71,81|8,49|9,65|71,17|63,89|50,3|17,41|95,34|41,18|34,40|61,2|71,91|3,63|81,92|71,50|71,8|92,9|49,61|91,95/71,89=71,50,3,63,89
49,60|49,25|92,89|70,48|14,68|8,72|89,88|75,32|49,50|49,8|55,70|72,43|88,80|43,0|49,92|25,55|60,75|32,35|12,14|50,12/49,48=49,25,55,70,48
41,91|75,23|77,51|75,81|82,41|32,96|46,58|75,46|76,90|81,38|38,76|75,77|58,4|86,64|23,32|51,86|4,83|96,84|87,82|75,87/75,84=75,23,32,96,84
68,90|65,97|55,16|23,93|65,62|37,0|34,85|20,55|85,37|65,68|96,67|62,91|90,33|97,23|65,34|33,94|16,49|91,96|93,39|65,20/65,49=65,20,55,16,49
7,11|68,74|70,54|65,83|7,9|47,50|54,65|16,78|50,43|72,10|88,47|7,70|13,42|9,46|46,13|78,68|11,72|10,1|7,88|7,16/7,43=7,88,47,50,43
9,15|3,35|91,24|28,83|52,34|8,28|24,66|66,60|21,52|94,8|94,58|58,59|59,10|94,91|34,7|15,3|10,62|94,9|94,21|83,19/94,35=94,9,15,3,35
68,81|69,70|56,19|46,4|40,21|19,72|72,37|65,33|70,17|60,13|13,68|55,16|55,56|21,46|55,60|33,10|16,65|55,26|55,40|26,69/55,37=55,56,19,72,37
30,25|67,9|29,13|33,18|34,96|33,34|33,70|31,29|96,90|33,77|70,72|13,58|18,67|77,30|33,31|95,83|9,65|25,19|90,41|72,95/33,58=33,31,29,13,58
90,78|88,96|8,69|65,63|31,89|16,97|2,88|63,5|86,31|29,65|97,86|16,29|16,82|16,2|16,8|43,85|69,90|96,30|85,92|82,43/16,89=16,97,86,31,89
54,92|15,46|20,61|42,70|99,81|6,42|92,86|46,88|91,73|91,51|93,20|5,99|51,5|91,93|91,15|91,22|88,21|61,98|22,6|73,54/91,21=91,15,46,88,21
76,82|42,16|60,49|20,13|13,79|36,99|5,69|36,59|36,73|73,54|82,71|48,53|59,76|36,20|16,45|99,42|49,48|79,65|36,60|54,5/36,53=36,60,49,48,53
20,51|58,78|58,11|4,10|44,43|43,4|62,36|11,18|78,50|18,62|58,72|99,81|49,25|50,20|79,99|58,44|72,79|58,68|25,5|68,49/58,81=58,72,79,99,81
48,24|74,50|21,36|50,2|59,37|21,58|58,48|21,60|99,18|15,78|13,99|24,49|21,13|47,59|21,40|40,54|36,74|54,15|60,47|18,11/21,78=21,40,54,15,78
36,70|69,85|45,96|62,20|85,79|79,34|12,99|45,62|70,88|41,76|6,74|84,41|74,0|96,84|2,36|45,69|45,59|59,6|45,2|20,12/45,0=45,59,6,74,0
33,20|78,18|58,75|42,17|83,77|17,78|42,33|42,99|75,38|20,1|1,86|18,28|42,49|42,90|49,50|90,83|50,89|99,58|89,3|77,55/42,3=42,49,50,89,3
35,46|86,55|47,72|15,47|35,57|54,15|78,23|35,87|57,7|71,21|87,86|34,71|55,11|7,81|35,54|46,6|35,16|6,78|16,34|81,33/35,33=35,57,7,81,33
72,99|96,32|96,57|32,92|56,2|96,20|76,52|57,18|71,68|75,59|96,76|19,88|18,72|59,19|92,71|20,74|96,75|52,56|74,12|12,84/96,2=96,76,52,56,2
84,9|21,52|9,11|45,62|33,8|84,46|84,33|75,21|83,14|14,20|84,96|51,65|2,44|8,2|81,45|11,51|96,75|46,81|98,83|84,98/84,44=84,33,8,2,44
42,51|13,78|59,7|34,81|77,82|78,10|6,62|54,83|94,42|73,94|62,54|81,50|77,6|29,43|10,53|77,29|82,34|77,13|43,59|77,73/77,53=77,13,78,10,53
87,4|53,93|86,11|24,20|11,31|89,86|93,60|4,45|53,43|76,49|20,13|90,76|53,28|81,80|29,90|60,81|53,89|53,29|28,24|43,87/53,49=53,29,90,76,49
61,89|69,87|98,94|0,69|61,27|27,0|6,20|89,21|79,2|20,99|99,36|66,37|21,66|85,64|94,79|29,82|61,6|61,98|61,85|64,29/61,2=61,98,94,79,2
17,45|36,37|81,7|38,13|5,18|13,0|7,62|90,95|45,97|5,79|5,14|18,81|14,17|67,71|5,25|95,42|37,67|5,36|79,38|25,90/5,42=5,25,90,95,42
63,6|14,22|19,93|38,0|78,48|48,19|22,35|78,38|78,59|94,86|26,67|59,94|86,29|96,63|78,7|7,96|93,23|78,45|0,26|45,14/78,35=78,45,14,22,35
70,13|13,25|2,95|70,2|59,77|83,71|23,63|70,53|4,23|47,59|95,61|61,81|25,14|14,98|74,46|71,74|70,24|53,4|70,83|24,47/70,77=70,24,47,59,77
64,41|78,34|73,93|32,20|20,73|41,16|84,5|24,80|80,59|76,3|77,37|34,85|77,40|77,24|77,32|5,76|40,64|37,78|59,31|77,84/77,85=77,37,78,34,85
41,95|69,43|4,62|40,6|0,96|99,20|39,73|43,12|69,39|93,41|73,4|89,93|69,58|71,99|96,29|58,0|12,40|69,89|20,85|69,71/69,62=69,39,73,4,62
9,77|30,57|79,28|53,24|90,44|92,79|6,86|57,92|24,9|30,58|30,53|91,54|98,6|86,8|83,10|44,83|30,98|58,91|54,64|30,90/30,77=30,53,24,9,77
16,41|54,13|95,44|95,49|79,17|81,79|11,65|44,83|57,56|1,0|95,16|95,54|50,32|95,90|83,57|49,87|90,81|13,50|41,11|87,1/95,56=95,44,83,57,56
54,70|4,75|61,66|90,54|42,77|9,90|49,30|28,16|42,34|30,48|16,74|42,9|42,49|40,55|42,61|34,11|48,23|66,40|11,4|77,28/42,75=42,34,11,4,75
79,76|51,79|70,12|44,82|0,64|70,81|81,35|42,28|12,4|4,74|35,44|70,33|70,89|64,3|33,42|28,50|70,51|76,48|89,0|74,97/70,48=70,51,79,76,48
79,76|51,79|70,12|44,82|0,28|70,81|81,35|42,74|12,4|4,64|35,44|70,33|70,89|28,50|33,42|74,97|70,51|76,48|89,0|64,3/70,48=70,51,79,76,48
88,76|9,44|74,54|3,79|9,99|9,85|9,78|44,74|79,55|85,18|99,52|9,50|64,7|78,91|18,88|28,14|50,3|54,26|52,64|91,28/9,76=9,85,18,88,76
44,41|24,42|65,31|42,22|4,93|71,17|31,44|50,96|69,72|50,87|46,15|87,98|50,20|96,64|20,24|64,71|98,69|15,4|50,65|50,46/50,72=50,87,98,69,72
0,67|12,35|4,51|27,88|83,45|0,83|78,64|46,74|35,27|0,12|97,78|0,58|41,21|81,46|67,81|45,41|58,97|76,80|0,76|80,4/0,74=0,67,81,46,74
20,83|81,71|80,68|42,46|14,79|20,74|74,84|17,45|0,86|71,4|60,29|84,43|83,81|20,60|68,0|43,89|46,17|20,80|29,14|20,42/20,79=20,60,29,14,79
16,70|71,13|41,74|82,55|34,40|86,98|74,86|54,30|41,25|15,56|55,34|98,1|70,84|41,71|41,46|46,22|25,16|13,54|22,15|41,82/41,56=41,46,22,15,56
48,52|0,29|29,77|54,1|82,78|45,0|8,82|98,8|43,54|43,3|3,17|43,45|43,61|17,72|72,69|1,48|20,76|23,20|43,98|61,23/43,78=43,98,8,82,78
90,61|13,10|9,53|70,13|69,31|70,69|68,7|70,5|7,51|10,9|51,54|78,90|2,15|25,2|70,68|87,43|70,23|5,25|23,78|31,87/70,15=70,5,25,2,15
36,60|81,68|32,33|81,34|30,94|89,72|91,11|81,30|60,71|23,73|11,49|94,64|34,91|75,35|72,23|64,67|35,32|68,36|81,75|81,89/81,67=81,30,94,64,67
18,51|88,1|90,11|68,14|12,0|24,75|94,24|12,58|73,88|75,23|58,68|12,13|21,33|12,21|13,7|33,90|12,94|14,89|7,18|0,73/12,1=12,0,73,88,1
13,42|61,5|93,27|5,22|2,76|2,93|53,97|64,81|2,10|22,79|2,61|42,30|97,31|10,59|76,13|27,64|59,89|2,53|89,24|31,55/2,79=2,61,5,22,79
1,27|95,71|25,1|39,60|21,64|64,36|22,46|14,25|8,22|59,70|14,21|55,8|70,39|88,95|14,55|36,96|14,88|27,45|14,59|71,42/14,42=14,88,95,71,42
10,38|79,95|54,19|79,68|22,77|35,61|19,40|60,78|79,7|79,10|40,33|68,48|7,22|79,54|0,8|95,76|38,0|76,35|77,26|48,60/79,26=79,7,22,77,26
9,44|89,51|99,66|89,84|73,97|91,38|45,60|97,90|89,22|22,0|38,9|60,21|0,99|84,45|89,73|90,74|85,77|51,63|89,91|63,85/89,44=89,91,38,9,44
17,46|54,57|34,30|57,17|9,74|61,88|54,50|50,77|26,87|88,86|77,43|74,26|64,34|53,61|54,45|54,53|54,9|45,64|46,48|43,44/54,48=54,57,17,46,48
26,90|10,11|54,63|29,14|11,93|87,35|70,84|46,82|76,87|90,66|81,94|46,29|84,81|65,10|46,76|82,26|14,54|46,70|35,5|46,65/46,94=46,70,84,81,94
16,44|83,45|55,14|61,54|44,1|54,31|68,61|49,16|60,97|55,68|14,60|55,80|90,83|80,88|97,32|69,62|55,17|88,69|55,49|17,90/55,62=55,80,88,69,62
75,80|4,52|51,36|15,71|22,98|98,1|4,15|25,5|4,75|5,51|80,29|4,25|67,38|52,41|92,83|29,54|4,22|1,99|41,92|71,67/4,38=4,15,71,67,38
89,44|43,37|66,56|73,20|55,67|54,55|54,41|80,89|41,80|76,43|40,72|58,49|54,28|56,40|28,76|54,73|20,16|16,39|54,66|67,58/54,37=54,28,76,43,37
85,25|85,26|23,11|10,63|85,69|69,75|26,6|6,97|22,92|25,47|63,22|65,68|85,10|17,30|75,65|85,36|47,17|97,86|11,4|36,23/85,30=85,25,47,17,30
70,9|45,52|8,28|60,7|58,19|19,39|39,47|96,62|30,85|34,55|8,58|9,37|8,60|62,53|8,45|7,30|8,80|52,34|28,70|80,96/8,85=8,60,7,30,85
21,1|82,3|97,0|67,48|39,51|1,73|91,26|11,82|0,11|97,15|56,39|22,56|15,75|97,21|75,91|97,18|73,10|97,22|87,67|18,87/97,10=97,21,1,73,10
20,22|4,29|98,9|39,6|29,32|9,4|98,23|6,67|98,80|23,39|89,68|83,92|80,24|24,83|68,20|64,65|98,64|98,89|5,25|65,5/98,92=98,80,24,83,92
20,21|72,1|40,97|82,13|74,82|0,26|1,18|73,10|21,71|47,72|89,73|74,69|69,20|74,0|74,65|45,33|74,47|13,40|65,89|26,45/74,33=74,0,26,45,33
21,33|29,66|20,94|12,69|20,85|20,28|94,81|84,7|20,84|91,12|14,91|81,4|93,29|7,62|20,14|85,21|4,86|62,16|28,93|33,38/20,16=20,84,7,62,16
72,39|43,15|77,13|92,70|63,12|76,14|24,75|70,76|92,43|96,1|14,31|93,72|35,69|75,96|92,2|2,93|92,77|92,24|15,63|13,35/92,12=92,43,15,63,12
23,18|56,23|67,43|56,1|2,67|56,41|86,33|94,71|41,94|56,78|1,91|56,32|91,34|78,96|71,57|32,2|18,17|34,49|17,45|96,86/56,43=56,32,2,67,43
83,70|17,0|84,39|65,84|78,85|0,1|71,56|39,78|21,83|65,80|70,90|16,81|50,73|81,71|65,16|80,17|65,21|65,50|73,24|24,66/65,66=65,50,73,24,66
10,62|18,74|35,49|60,4|20,50|81,60|71,35|32,16|71,63|49,10|71,18|83,97|71,78|78,81|63,73|50,32|73,83|42,52|71,20|74,42/71,52=71,18,74,42,52
63,38|53,90|77,28|25,7|32,24|60,53|38,55|33,80|58,25|7,35|55,99|23,42|42,98|23,63|23,32|24,77|90,1|23,60|23,58|98,33/23,80=23,42,98,33,80
59,28|58,62|45,34|58,31|28,14|65,27|31,45|30,92|44,43|27,48|43,89|62,44|34,78|58,65|58,9|92,94|9,59|48,56|58,30|94,18/58,14=58,9,59,28,14
37,0|7,99|51,15|78,23|87,93|36,74|93,96|78,73|74,28|0,51|73,36|88,21|78,37|21,92|99,17|23,88|78,87|96,56|17,30|78,7/78,28=78,73,36,74,28
66,85|85,82|31,45|24,80|31,34|31,88|93,74|11,24|31,66|63,52|82,17|74,56|80,33|51,83|31,11|88,50|52,99|45,63|50,51|34,93/31,99=31,45,63,52,99
9,2|8,91|2,54|68,98|9,8|91,25|6,17|72,89|89,34|70,23|43,72|9,70|9,59|23,68|25,69|17,24|54,22|22,87|9,43|59,6/9,69=9,8,91,25,69
12,35|99,96|53,60|35,53|44,24|7,44|66,16|71,21|60,6|12,31|16,37|58,7|12,69|21,73|31,71|20,27|12,20|69,66|27,99|12,58/12,37=12,69,66,16,37
13,64|8,32|73,40|17,42|33,17|29,13|78,15|73,29|40,48|73,2|48,78|73,49|94,80|81,8|90,33|73,90|49,94|64,56|2,81|80,71/73,32=73,2,81,8,32
30,29|80,30|17,38|89,32|61,19|61,40|40,70|38,81|61,78|96,18|32,50|31,17|18,42|70,46|61,31|19,89|78,80|61,96|46,87|42,68/61,68=61,96,18,42,68
43,37|32,64|71,9|6,81|36,13|62,4|62,65|88,6|37,92|62,88|62,43|48,56|81,18|64,71|62,32|65,36|13,86|58,48|4,58|92,24/62,18=62,88,6,81,18
47,33|28,67|32,13|87,77|13,41|46,32|16,51|3,89|11,87|23,94|67,23|85,53|89,16|47,28|47,11|77,19|47,3|68,85|33,68|47,46/47,19=47,11,87,77,19
41,42|63,67|83,53|72,57|54,68|1,50|11,30|67,27|63,72|42,54|70,11|63,41|63,76|34,83|76,70|46,90|63,7|27,1|7,34|57,46/63,53=63,7,34,83,53
41,56|50,30|59,88|88,6|31,41|39,13|31,59|31,14|31,87|24,50|6,73|77,34|87,39|14,24|31,61|61,27|13,3|46,21|56,46|27,77/31,34=31,61,27,77,34
73,40|78,91|40,13|11,64|63,88|88,27|77,36|66,63|10,11|70,52|36,17|91,73|78,10|78,44|60,70|78,66|44,77|52,65|64,87|78,60/78,17=78,44,77,36,17
10,58|3,10|57,55|90,19|57,20|1,35|43,73|14,52|57,3|6,43|52,1|77,6|57,14|58,97|20,68|55,90|57,77|18,53|68,18|19,54/57,73=57,77,6,43,73
39,98|52,10|6,75|13,21|6,92|6,4|28,1|75,8|92,99|8,39|21,46|6,13|99,22|10,20|22,9|6,52|1,84|20,37|4,28|46,67/6,37=6,52,10,20,37
28,42|46,28|84,9|79,6|6,7|89,36|88,47|46,18|42,38|46,89|7,96|38,95|46,79|36,61|15,88|46,4|9,32|61,60|18,15|4,84/46,47=46,18,15,88,47
71,99|40,6|75,82|47,33|1,66|35,90|33,15|95,1|66,58|99,16|60,9|60,2|9,71|60,35|83,47|2,75|82,19|60,95|60,83|90,40/60,58=60,95,1,66,58
80,64|31,92|80,7|17,65|48,39|27,75|39,27|52,10|80,74|80,48|65,29|80,17|29,61|72,46|38,31|64,16|74,38|16,52|7,72|46,88/80,92=80,74,38,31,92
36,70|69,85|45,96|62,20|85,12|12,99|41,76|45,62|70,88|79,34|6,74|84,79|74,0|96,84|2,36|45,69|45,59|59,6|45,2|20,41/45,0=45,59,6,74,0
7,86|21,7|88,50|30,83|18,88|97,62|62,71|16,75|21,30|43,97|83,16|86,46|25,5|46,67|96,25|5,37|21,43|21,96|50,12|21,18/21,67=21,7,86,46,67
64,52|87,4|64,32|88,44|64,87|32,69|28,24|64,67|45,88|64,45|63,35|47,63|18,40|76,98|44,7|4,28|98,83|67,47|52,76|69,18/64,40=64,32,69,18,40
83,76|7,3|7,99|76,14|29,88|73,23|7,45|70,54|3,83|35,6|99,17|38,13|7,38|13,73|45,29|6,79|88,26|7,43|43,35|17,70/7,23=7,38,13,73,23
7,16|32,74|42,32|92,58|94,14|52,96|88,35|0,5|2,42|74,85|2,92|35,94|30,52|2,30|87,90|58,87|2,88|5,7|2,0|96,51/2,90=2,92,58,87,90
4,75|73,54|78,81|31,4|54,1|73,74|73,55|81,89|50,97|55,50|73,63|74,29|12,59|97,30|1,12|73,15|15,31|49,83|29,49|63,78/73,89=73,63,78,81,89
9,52|16,60|77,79|91,18|15,36|77,9|77,95|56,83|18,48|66,11|95,19|77,29|60,37|79,16|90,8|52,66|29,91|19,15|83,90|77,56/77,8=77,56,83,90,8
4,19|15,53|27,4|81,5|69,32|27,69|71,20|32,87|27,84|87,76|39,78|84,66|27,74|66,15|96,62|19,81|17,39|27,71|74,17|20,96/27,53=27,84,66,15,53
15,76|16,2|67,87|40,97|54,63|19,18|40,89|5,84|40,67|97,15|87,16|36,95|83,46|40,54|89,45|63,36|40,83|76,68|45,19|46,5/40,18=40,89,45,19,18
16,90|29,68|8,29|3,25|28,98|70,72|62,16|69,3|90,46|94,54|54,50|70,62|98,78|70,49|63,28|70,63|49,8|70,44|44,94|72,69/70,78=70,63,28,98,78
81,34|67,55|83,33|99,50|74,99|38,74|53,32|38,0|38,81|79,19|34,25|19,60|25,36|32,67|38,53|33,92|38,83|0,79|50,61|92,77/38,60=38,0,79,19,60
72,89|55,6|72,66|48,70|72,48|91,84|20,59|72,78|84,90|28,75|66,44|44,20|78,55|89,19|71,96|72,91|90,3|70,71|19,28|6,2/72,96=72,48,70,71,96
15,9|75,33|12,92|40,20|12,61|22,75|99,77|33,60|39,18|12,99|12,22|77,79|9,39|61,16|20,21|12,15|79,78|92,40|16,36|36,47/12,78=12,99,77,79,78
71,1|41,74|73,16|65,61|41,73|41,71|9,43|55,24|21,9|74,66|66,85|41,45|45,21|23,65|41,23|25,64|16,25|85,11|61,81|1,55/41,24=41,71,1,55,24
7,86|21,7|88,5|30,83|18,88|97,62|62,71|50,12|21,30|43,97|83,50|86,46|25,16|46,67|96,25|16,75|21,43|21,96|5,37|21,18/21,67=21,7,86,46,67
66,46|64,63|13,9|60,14|95,98|14,85|63,83|66,32|32,60|66,13|99,16|9,57|66,64|66,69|69,99|57,2|98,24|83,84|16,30|46,95/66,24=66,46,95,98,24
74,55|76,12|10,63|27,65|10,31|46,71|19,94|75,49|49,91|90,36|64,74|31,8|12,90|10,64|10,76|65,46|8,19|55,26|63,75|10,27/10,71=10,27,65,46,71
74,57|19,99|41,19|80,58|18,69|51,13|13,14|5,0|14,75|31,41|74,31|74,80|9,82|74,52|74,51|52,42|42,5|57,18|69,89|58,9/74,75=74,51,13,14,75
44,70|82,65|96,28|99,84|99,61|99,67|99,82|65,18|28,44|61,71|18,58|99,96|3,59|67,69|69,81|74,38|71,74|84,83|81,88|83,3/99,70=99,96,28,44,70
35,51|22,43|76,16|16,94|94,35|76,62|76,17|62,27|76,70|70,80|36,75|76,22|80,45|45,74|27,86|75,44|43,54|54,6|86,15|17,36/76,15=76,62,27,86,15
61,13|17,75|59,50|66,22|61,80|94,54|76,94|16,12|61,4|4,59|54,51|13,97|50,90|28,89|61,16|89,78|61,76|80,28|97,17|12,66/61,51=61,76,94,54,51
5,69|58,52|9,58|69,82|89,97|73,5|60,16|16,99|53,73|6,29|53,60|53,78|97,56|29,18|53,6|53,3|99,33|78,9|18,19|3,89/53,52=53,78,9,58,52
97,33|80,97|80,43|96,28|87,53|47,93|9,96|35,87|67,27|28,25|80,47|80,38|38,67|93,41|43,35|27,63|33,10|41,8|10,2|80,9/80,63=80,38,67,27,63
95,85|23,59|2,61|81,57|81,22|5,98|59,68|38,37|58,38|1,5|19,95|81,64|57,2|22,1|81,19|85,24|61,72|81,94|64,58|94,23/81,37=81,64,58,38,37
17,28|60,32|51,73|79,75|41,5|86,69|96,60|48,51|48,30|30,96|48,78|48,86|36,67|90,71|69,17|78,53|73,41|48,90|71,36|53,79/48,75=48,78,53,79,75
28,50|44,9|73,97|51,93|63,87|37,22|28,71|28,85|6,73|8,33|75,44|28,37|87,65|28,46|85,31|31,8|71,75|46,63|22,51|50,6/28,9=28,71,75,44,9
12,33|91,90|70,16|89,21|97,73|35,89|65,55|97,35|73,25|28,65|42,22|25,91|22,4|21,48|97,42|4,59|97,19|16,12|97,70|19,28/97,48=97,35,89,21,48
53,82|63,60|9,35|51,77|60,53|85,56|33,81|32,83|51,63|65,9|56,69|51,32|43,46|51,50|35,61|50,85|83,43|77,33|81,10|51,65/51,82=51,63,60,53,82
32,39|10,50|36,57|7,55|62,7|59,72|70,36|33,16|72,32|94,62|16,67|67,34|9,70|77,10|99,77|59,94|59,33|59,99|59,9|39,68/59,68=59,72,32,39,68
95,56|44,68|95,43|68,78|56,45|63,34|10,63|11,61|61,15|99,39|67,38|39,4|15,26|95,44|82,99|43,10|78,98|95,11|45,67|95,82/95,26=95,11,61,15,26
85,67|58,38|85,71|85,41|38,80|32,14|30,20|84,72|85,4|71,95|20,69|67,58|14,23|95,79|56,84|79,47|85,81|4,56|81,32|41,30/85,69=85,41,30,20,69
43,41|90,46|58,44|35,29|23,98|29,90|58,35|88,37|18,88|58,76|44,28|58,18|28,99|41,47|37,11|98,17|76,43|99,48|17,83|58,23/58,46=58,35,29,90,46
3,34|3,51|21,69|87,57|46,87|69,26|67,38|38,82|51,21|99,22|31,67|3,46|0,99|3,0|57,9|34,25|25,91|22,70|3,31|91,56/3,9=3,46,87,57,9
67,99|24,21|42,15|13,74|68,49|7,54|61,7|61,51|94,98|61,82|98,23|78,47|82,94|61,67|99,78|51,68|49,44|61,13|54,42|74,24/61,23=61,82,94,98,23
81,19|98,1|66,96|96,21|15,52|37,66|86,87|81,34|81,86|14,54|81,40|63,15|81,37|34,75|40,14|75,98|87,11|19,63|54,56|11,36/81,21=81,37,66,96,21
15,73|68,83|75,31|76,94|31,72|44,84|75,8|84,76|49,27|73,90|75,44|8,68|75,71|27,74|90,19|65,87|72,65|71,49|83,18|75,15/75,18=75,8,68,83,18
86,64|23,33|3,43|37,42|64,37|99,3|78,49|52,69|31,23|31,35|31,99|49,98|31,86|31,52|69,39|39,14|33,5|35,78|5,11|43,76/31,76=31,99,3,43,76
41,10|60,24|55,26|45,57|18,79|40,17|36,14|83,33|55,39|26,51|39,41|79,36|33,31|31,54|55,45|57,60|10,28|55,18|55,83|51,40/55,14=55,18,79,36,14
0,14|83,59|20,30|7,0|61,81|61,7|59,80|22,71|14,72|73,83|61,48|90,16|23,66|16,20|61,73|61,90|81,22|71,76|48,29|29,23/61,72=61,7,0,14,72
16,10|25,95|92,77|16,84|61,4|35,55|65,38|77,56|16,65|16,96|95,22|74,33|48,2|55,74|4,42|16,35|38,48|96,25|10,92|84,61/16,56=16,10,92,77,56
40,63|51,69|41,56|9,32|9,57|57,20|20,82|45,61|9,23|79,45|23,40|69,21|9,41|56,6|82,78|63,12|6,8|62,79|32,51|9,62/9,78=9,57,20,82,78
19,87|38,41|13,52|9,54|24,28|32,0|33,26|32,24|32,38|28,33|32,7|52,9|32,13|59,80|7,36|41,59|0,19|70,96|87,65|36,70/32,26=32,24,28,33,26
9,26|30,42|92,6|91,45|49,33|41,59|63,41|49,83|49,3|49,91|83,39|33,63|49,92|45,9|48,31|6,32|39,48|3,24|32,8|24,30/49,59=49,33,63,41,59
20,64|95,78|88,63|63,40|88,13|88,10|88,23|13,46|90,85|10,39|85,75|78,20|50,18|40,71|88,95|59,32|39,59|71,80|23,90|46,50/88,64=88,95,78,20,64
60,82|74,13|15,36|60,10|60,25|10,33|36,50|33,85|64,21|70,11|60,70|53,56|21,84|11,74|85,32|94,72|56,94|25,64|60,53|82,15/60,32=60,10,33,85,32
74,70|29,51|71,47|74,26|15,64|73,39|51,56|33,86|35,58|26,2|25,71|39,16|74,29|2,15|16,57|74,73|86,35|74,33|56,30|70,25/74,57=74,73,39,16,57
16,95|85,54|70,56|54,37|0,48|12,0|51,5|85,70|62,51|85,93|85,3|24,55|80,62|56,79|37,24|93,33|85,80|33,16|79,76|3,12/85,76=85,70,56,79,76
3,7|82,3|42,60|42,48|60,54|48,82|54,18|66,20|49,16|42,66|20,15|72,13|94,25|42,94|43,12|16,72|18,30|25,43|42,49|15,6/42,13=42,49,16,72,13
0,82|78,52|26,63|14,31|20,78|3,9|39,73|73,3|92,14|12,20|1,26|6,0|82,64|39,6|9,50|39,74|74,92|39,12|39,1|63,53/39,64=39,6,0,82,64
44,97|25,99|57,83|83,31|46,93|31,0|50,53|44,71|24,5|44,18|94,50|63,25|18,22|44,57|71,46|97,63|92,94|44,92|22,24|93,1/44,5=44,18,22,24,5
31,97|37,31|86,81|37,41|1,91|37,55|23,86|91,65|97,26|34,23|99,90|55,66|66,22|90,35|37,99|41,1|26,76|35,83|22,72|37,34/37,72=37,55,66,22,72
80,98|70,0|80,66|80,60|34,74|91,47|99,44|15,99|14,37|0,69|60,34|98,58|80,70|69,31|66,15|58,14|80,90|74,13|47,25|90,91/80,13=80,60,34,74,13
13,10|63,32|37,28|39,47|31,39|35,19|16,53|19,0|31,16|47,23|28,97|31,35|0,6|31,42|10,74|42,37|74,50|53,63|23,95|31,13/31,32=31,16,53,63,32
53,89|58,67|53,58|53,9|9,92|56,25|78,60|92,56|33,19|53,95|84,37|19,75|60,17|67,4|50,45|95,33|4,7|45,84|53,50|89,78/53,25=53,9,92,56,25
85,82|88,22|41,14|28,49|39,24|85,2|44,15|85,90|15,91|14,19|99,52|49,39|85,44|91,83|82,29|29,88|85,28|90,93|93,99|2,41/85,24=85,28,49,39,24
99,44|50,91|50,76|50,93|6,15|40,89|48,72|87,26|21,99|91,96|96,40|10,22|76,21|93,52|50,25|50,6|72,86|25,48|52,10|15,87/50,22=50,93,52,10,22
9,77|30,57|86,8|53,24|90,44|92,86|6,54|57,92|24,9|30,58|30,53|91,79|98,6|54,64|83,10|44,83|30,98|58,91|79,28|30,90/30,77=30,53,24,9,77
38,64|32,26|54,52|97,94|19,68|54,50|52,38|17,19|55,27|54,17|50,55|54,32|26,37|27,1|37,14|68,93|35,59|94,35|54,97|64,87/54,93=54,17,19,68,93
48,41|27,43|67,8|67,40|67,82|40,71|75,25|23,81|82,61|69,27|61,75|67,49|56,69|71,14|8,28|14,1|28,48|81,36|67,56|49,23/67,43=67,56,69,27,43
73,99|9,14|78,91|2,46|39,73|91,69|41,25|90,94|99,70|14,75|90,39|49,24|1,13|90,37|13,41|37,9|90,2|94,78|90,1|46,49/90,24=90,2,46,49,24
64,98|64,82|7,70|17,4|32,53|70,83|27,32|40,17|64,27|31,22|64,40|22,51|4,12|83,21|64,7|98,31|82,59|59,28|28,94|53,44/64,51=64,98,31,22,51
51,41|29,3|80,84|48,51|29,82|75,27|29,48|78,73|41,92|27,46|35,78|29,91|84,21|91,75|3,35|45,83|82,80|83,11|29,45|11,17/29,17=29,45,83,11,17
83,76|7,3|7,99|76,14|29,6|73,23|7,45|88,26|3,83|35,70|99,17|38,13|7,38|13,73|45,29|70,54|6,79|7,43|43,35|17,88/7,23=7,38,13,73,23
18,80|73,64|51,39|18,65|5,58|48,40|50,78|18,51|65,1|80,95|18,92|18,35|39,24|1,48|34,73|35,22|95,50|92,34|24,41|22,5/18,41=18,51,39,24,41
87,56|87,44|4,32|83,72|26,48|2,86|45,2|32,60|66,43|72,59|47,66|87,90|87,83|44,45|56,4|59,81|98,26|87,39|39,47|90,98/87,86=87,44,45,2,86
2,48|67,32|61,18|10,92|35,1|33,27|56,53|79,33|48,39|67,10|77,13|53,37|67,56|32,79|18,35|67,34|92,77|67,61|37,50|34,2/67,50=67,56,53,37,50
53,88|15,53|40,47|44,19|50,69|50,15|50,40|3,14|29,58|50,29|88,27|47,3|0,9|2,62|91,44|50,91|58,0|69,2|19,11|62,99/50,14=50,40,47,3,14
71,16|39,76|85,87|11,33|44,39|72,58|76,40|0,11|79,8|44,71|8,51|58,63|40,49|44,5|5,0|51,57|16,85|22,72|44,79|44,22/44,63=44,22,72,58,63
22,26|74,82|82,67|22,13|51,98|65,31|44,70|98,44|31,61|95,4|22,65|48,95|71,28|36,71|13,74|22,51|26,48|22,69|69,36|61,40/22,28=22,69,36,71,28
8,91|40,75|10,40|64,67|27,8|52,10|96,64|87,39|96,87|67,20|96,51|80,6|37,7|51,27|7,9|20,95|96,52|9,18|39,80|96,37/96,95=96,64,67,20,95
14,48|86,72|71,13|64,53|99,55|91,40|97,27|99,97|2,30|40,89|99,86|43,80|72,67|13,14|99,43|99,71|67,66|55,91|27,2|80,64/99,48=99,71,13,14,48
69,9|48,15|8,79|41,11|71,77|48,22|48,84|11,51|72,85|18,25|22,72|85,60|9,28|48,69|84,41|15,8|79,44|77,18|48,71|28,17/48,51=48,84,41,11,51
57,41|69,63|8,79|18,24|91,69|98,62|8,99|5,76|99,73|20,51|73,57|81,5|51,98|8,25|79,3|63,12|25,81|8,20|8,91|3,18/8,24=8,79,3,18,24
60,43|32,19|19,67|64,17|30,83|61,64|43,31|95,36|1,75|36,96|75,25|77,1|83,32|30,4|96,7|30,94|30,95|30,77|94,61|4,60/30,25=30,77,1,75,25
28,89|70,38|88,15|82,9|25,88|38,71|18,29|98,83|75,25|75,24|9,18|14,3|3,98|89,57|75,82|75,14|24,70|15,17|75,28|57,11/75,11=75,28,89,57,11
78,14|29,78|77,37|29,31|15,33|51,54|1,38|94,51|33,61|40,1|44,7|90,94|29,90|61,32|75,40|31,77|29,15|37,88|29,75|14,44/29,54=29,90,94,51,54
53,38|94,56|24,11|52,62|94,80|54,99|80,52|4,93|75,54|93,9|9,5|94,71|15,70|94,4|62,41|94,53|38,24|56,75|70,34|71,15/94,11=94,53,38,24,11
45,69|24,36|63,16|67,25|48,14|25,4|70,80|10,9|10,24|10,48|36,45|14,50|10,70|80,63|9,65|97,67|50,73|65,20|10,97|20,7/10,4=10,97,67,25,4
98,64|66,63|78,12|57,4|57,78|57,70|63,50|53,51|95,66|12,73|4,53|73,46|81,60|60,98|57,95|93,59|83,93|70,83|57,81|51,1/57,59=57,70,83,93,59
0,83|53,66|83,74|74,62|31,53|85,84|77,7|85,0|44,8|84,9|63,44|85,13|85,5|59,77|66,89|85,31|9,46|13,59|5,63|46,97/85,8=85,5,63,44,8
47,26|49,62|47,9|33,13|64,27|86,84|9,64|84,97|55,19|47,69|91,67|47,44|67,90|47,33|13,49|73,55|27,80|26,73|69,91|44,86/47,19=47,26,73,55,19
21,68|30,39|46,64|58,40|13,4|73,56|43,75|75,14|14,7|7,59|43,21|79,73|43,77|43,58|40,13|39,46|43,30|84,60|77,79|68,84/43,56=43,77,79,73,56
42,90|96,54|94,42|94,9|4,69|11,79|94,36|71,11|94,96|29,91|9,13|13,4|94,98|36,71|93,68|68,52|54,88|88,44|98,93|90,29/94,69=94,9,13,4,69
37,99|8,65|47,35|12,11|65,76|37,21|5,8|88,47|61,12|46,89|37,51|51,26|21,61|26,78|37,46|89,73|99,88|78,80|73,77|37,5/37,11=37,21,61,12,11
62,0|60,52|94,17|0,94|53,56|98,83|70,47|42,75|42,60|42,62|75,70|76,33|33,15|47,43|52,53|18,98|14,76|42,18|42,14|83,74/42,43=42,75,70,47,43
4,42|99,88|29,69|99,31|99,47|99,39|88,45|99,17|80,7|45,38|69,2|38,50|76,80|42,77|94,19|47,61|39,29|17,4|61,94|31,76/99,19=99,47,61,94,19
4,0|64,74|25,96|26,64|13,8|0,65|28,4|46,45|26,86|53,48|26,25|96,19|26,13|19,42|26,28|48,7|8,11|11,6|86,53|74,46/26,42=26,25,96,19,42
69,73|42,29|77,25|69,24|91,20|69,97|24,81|62,82|97,85|69,91|94,37|81,36|20,54|25,79|54,75|73,77|85,42|82,94|69,62|36,56/69,75=69,91,20,54,75
52,70|20,90|61,22|18,73|3,11|10,53|22,46|70,72|30,60|90,52|77,10|17,61|20,17|53,64|20,95|20,77|11,6|95,3|20,18|73,30/20,6=20,95,3,11,6
5,39|54,37|84,73|12,83|6,60|69,6|89,5|69,86|82,32|86,97|48,89|93,82|97,98|60,12|69,54|69,48|69,71|71,93|37,84|98,74/69,73=69,54,37,84,73
78,9|73,8|36,27|38,97|96,75|9,17|53,78|79,2|32,35|17,45|97,32|27,47|53,36|81,16|53,96|2,73|53,79|53,38|75,81|47,94/53,8=53,79,2,73,8
52,80|45,60|32,14|62,77|67,43|62,52|57,32|40,59|23,21|80,45|83,23|62,57|77,83|14,39|68,71|59,67|62,40|71,63|99,68|62,99/62,60=62,52,80,45,60
45,7|23,5|5,66|45,98|61,59|25,29|59,69|44,25|22,86|7,61|32,90|86,68|84,22|74,32|45,84|45,23|66,28|45,58|98,74|58,44/45,28=45,23,5,66,28
71,16|37,69|29,79|76,4|75,36|6,71|4,92|79,76|29,6|29,8|29,21|91,22|21,53|29,91|8,19|22,75|19,37|16,38|53,95|95,7/29,38=29,6,71,16,38
86,52|66,58|77,28|73,12|66,73|58,44|66,79|52,38|12,17|60,64|17,1|64,39|28,16|72,77|66,72|66,24|54,84|79,60|44,54|24,86/66,16=66,72,77,28,16
20,80|3,29|20,94|90,99|38,63|20,32|94,54|54,85|61,47|80,3|29,88|63,95|14,58|85,24|47,17|99,14|20,22|32,61|20,90|22,38/20,88=20,80,3,29,88
1,21|65,17|96,90|62,12|49,43|54,97|21,13|66,62|43,65|29,88|88,36|29,92|29,28|46,1|29,49|92,96|29,46|36,54|28,66|90,39/29,39=29,92,96,90,39
2,80|22,71|74,10|52,2|66,16|52,22|16,92|57,43|52,78|97,40|52,96|52,4|80,57|10,76|96,56|78,66|71,97|56,12|4,74|12,62/52,76=52,4,74,10,76
15,98|15,62|61,55|15,85|90,72|4,99|98,48|23,27|24,84|81,90|84,4|62,81|15,24|67,28|27,67|70,34|85,91|48,70|91,61|15,23/15,99=15,24,84,4,99
67,15|50,88|27,32|37,83|63,86|15,69|37,50|32,73|37,27|37,87|43,1|80,26|69,92|87,94|83,43|73,3|37,67|1,68|88,63|94,80/37,86=37,50,88,63,86
3,48|58,98|48,2|49,3|52,43|98,47|68,5|76,62|49,52|62,27|47,73|90,29|49,58|49,68|2,69|43,23|27,84|23,55|49,76|5,90/49,69=49,3,48,2,69
30,35|75,82|30,75|12,41|35,15|53,0|30,33|33,34|26,9|15,24|49,91|30,49|24,96|20,53|91,26|30,80|62,10|80,20|82,62|34,12/30,96=30,35,15,24,96
55,16|69,90|20,84|42,55|6,37|69,2|76,42|90,53|9,17|54,0|69,54|2,20|69,76|52,28|53,7|0,52|37,9|84,56|7,8|69,6/69,17=69,6,37,9,17
30,49|36,54|19,84|40,11|17,81|99,25|85,12|94,19|55,17|40,61|40,85|40,30|11,55|12,59|20,36|59,2|40,45|61,94|49,99|45,20/40,2=40,85,12,59,2
42,48|4,50|4,35|3,64|88,11|15,61|61,58|83,29|29,93|35,95|62,22|11,27|95,3|50,88|4,79|48,62|4,42|79,15|4,83|93,18/4,58=4,79,15,61,58
22,75|22,14|36,17|22,15|76,23|60,33|22,9|9,0|30,37|24,97|7,28|28,24|15,48|14,60|75,30|0,36|48,76|22,7|37,84|33,62/22,84=22,75,30,37,84
61,74|21,57|20,10|93,69|61,24|82,5|3,20|34,32|74,3|91,30|24,12|81,17|5,93|61,91|30,2|2,95|61,82|12,81|61,34|32,21/61,69=61,82,5,93,69
34,83|17,21|21,61|13,52|17,11|15,80|27,39|7,84|39,34|81,13|17,38|71,7|17,27|60,58|11,81|84,49|38,15|61,60|17,71|80,35/17,49=17,71,7,84,49
79,84|22,90|94,99|85,39|33,67|94,85|67,41|53,71|78,38|26,49|10,16|94,26|49,53|69,22|16,79|41,19|94,10|94,33|39,78|99,69/94,84=94,10,16,79,84
15,73|16,42|24,77|77,84|64,43|43,3|42,96|54,16|91,53|67,18|53,48|45,15|73,72|91,45|91,64|84,92|48,67|91,24|91,54|3,49/91,96=91,54,16,42,96
86,0|43,65|62,14|43,31|61,5|43,62|71,96|12,69|17,56|85,12|8,13|43,61|31,46|65,86|39,85|14,8|46,71|43,39|5,17|0,63/43,13=43,62,14,8,13
5,37|61,67|68,21|61,65|65,68|73,20|17,73|4,35|51,15|35,43|36,4|61,36|15,89|61,51|89,77|63,5|21,72|67,63|29,17|61,29/61,72=61,65,68,21,72
90,71|32,26|14,91|90,37|51,63|37,45|90,5|71,14|29,48|89,80|90,89|55,73|73,30|20,55|45,29|91,58|5,65|80,32|90,20|65,51/90,63=90,5,65,51,63
43,6|55,1|6,26|21,59|67,54|68,67|21,7|21,13|98,96|59,68|21,38|13,18|7,43|91,55|76,93|21,91|1,16|38,39|39,76|18,98/21,93=21,38,39,76,93
16,36|50,94|59,69|91,26|52,19|35,40|63,58|81,91|35,63|40,14|4,52|19,37|35,55|55,81|72,59|35,4|35,57|58,16|57,72|14,50/35,94=35,40,14,50,94
95,81|68,54|95,96|4,18|57,42|66,31|96,22|81,76|17,7|76,66|42,17|95,68|45,4|22,92|11,91|92,59|95,45|54,11|95,57|18,67/95,31=95,81,76,66,31
30,54|71,55|43,57|71,36|67,30|71,94|28,87|84,88|60,80|55,84|87,0|88,73|57,47|71,28|71,72|72,43|36,60|80,34|94,67|0,64/71,34=71,36,60,80,34
63,78|63,8|64,22|97,31|16,98|73,50|8,16|0,21|11,66|85,39|49,30|22,11|78,0|63,64|98,43|63,85|39,49|31,73|21,56|63,97/63,66=63,64,22,11,66
87,13|3,25|99,19|9,77|34,37|25,20|50,9|53,86|86,27|53,87|53,3|24,50|5,32|13,5|20,7|27,99|53,34|37,65|65,11|53,24/53,77=53,24,50,9,77
73,6|73,97|18,71|48,66|60,38|28,76|89,48|86,37|37,5|73,89|97,33|19,60|73,19|73,18|71,49|66,74|6,86|38,31|49,88|33,28/73,74=73,89,48,66,74
4,15|59,75|71,43|65,18|18,53|91,6|3,7|7,91|21,59|75,62|53,69|61,71|69,28|65,21|65,61|65,4|65,3|90,23|43,74|15,90/65,62=65,21,59,75,62
23,10|50,67|88,83|79,54|23,38|10,25|52,15|23,87|3,88|23,64|67,70|38,3|27,73|23,50|25,52|73,81|54,39|70,76|64,79|87,27/23,81=23,87,27,73,81
84,88|89,29|84,58|9,55|34,52|26,78|33,56|71,19|58,13|61,54|13,89|20,33|84,71|84,34|75,26|19,9|52,61|56,12|84,20|88,75/84,78=84,88,75,26,78
69,12|69,31|39,73|27,35|69,83|54,77|5,27|63,82|69,54|33,74|0,33|77,63|83,52|12,5|29,17|31,64|52,29|69,34|64,39|34,0/69,82=69,54,77,63,82
75,11|19,83|75,15|69,96|64,28|33,43|75,19|16,88|75,12|15,1|1,69|54,16|12,5|41,45|11,41|70,54|83,64|5,33|75,70|45,27/75,28=75,19,83,64,28
68,92|62,28|32,59|96,25|96,23|97,19|23,75|86,35|92,36|84,68|14,86|75,7|91,65|28,32|7,20|96,91|25,14|65,97|96,84|96,62/96,36=96,84,68,92,36
7,82|13,59|29,50|51,89|89,0|41,66|22,41|66,32|5,35|0,63|12,8|59,29|17,44|7,17|8,81|7,13|44,5|7,51|7,22|82,12/7,63=7,51,89,0,63
55,93|59,34|9,79|16,28|9,98|9,55|0,37|6,0|34,53|98,59|88,72|48,30|40,29|30,88|10,56|79,6|93,40|9,16|9,48|28,10/9,56=9,16,28,10,56
7,56|97,38|10,9|76,90|26,99|67,37|64,67|76,17|89,14|62,63|38,10|56,33|63,89|76,98|98,64|17,18|18,26|90,7|76,97|76,62/76,99=76,17,18,26,99
1,37|19,85|34,7|62,34|1,23|1,78|71,62|1,71|98,9|1,16|14,65|48,51|80,98|23,63|78,48|37,61|61,14|16,80|51,89|63,19/1,89=1,78,48,51,89
9,52|16,15|77,79|91,60|18,48|77,9|77,95|56,83|60,37|66,11|95,19|77,29|15,36|79,16|90,8|52,66|29,91|19,18|83,90|77,56/77,8=77,56,83,90,8
30,96|61,26|67,95|1,36|30,61|30,67|86,53|30,93|48,40|29,81|93,29|81,8|4,7|73,57|7,86|95,48|96,1|30,4|26,73|36,72/30,40=30,67,95,48,40
99,64|64,29|61,99|7,11|21,75|13,76|16,71|61,18|91,21|85,91|71,59|59,79|18,20|29,86|61,16|61,13|20,7|61,85|76,27|27,65/61,79=61,16,71,59,79
15,11|19,61|24,8|21,93|25,22|92,57|9,97|19,15|63,9|19,62|80,21|61,25|19,24|8,92|19,80|22,78|93,30|37,58|11,37|62,63/19,30=19,80,21,93,30
78,26|44,99|37,48|37,59|23,75|21,77|72,34|48,42|93,21|37,78|19,40|37,44|26,72|42,19|59,80|99,30|30,39|80,23|37,29|29,93/37,34=37,78,26,72,34
87,68|73,93|62,67|60,84|93,11|11,2|61,46|67,90|55,60|84,12|37,61|12,47|55,37|55,98|98,87|55,73|55,0|68,65|46,34|0,62/55,90=55,0,62,67,90
45,7|23,5|5,66|45,98|61,25|32,90|25,29|44,32|22,86|7,61|59,69|86,68|84,22|74,59|45,84|45,23|66,28|45,58|98,74|58,44/45,28=45,23,5,66,28
54,1|89,59|10,2|75,89|62,0|0,42|96,37|1,79|20,10|77,54|42,41|31,23|31,3|31,62|3,39|90,75|39,96|23,20|31,77|31,90/31,37=31,3,39,96,37
27,75|46,39|86,24|42,43|31,46|23,42|98,86|82,15|20,27|43,88|24,69|75,30|93,66|31,98|31,23|66,0|31,20|39,82|40,93|31,40/31,30=31,20,27,75,30
43,32|36,62|31,7|36,53|36,74|11,61|22,43|53,25|36,21|18,9|9,87|61,1|74,22|21,31|25,82|82,20|7,92|62,11|99,18|36,99/36,92=36,21,31,7,92
30,52|30,73|30,65|42,88|51,43|88,9|43,67|65,68|73,46|52,42|28,80|25,28|47,66|68,47|30,90|76,13|46,76|90,25|30,95|95,51/30,66=30,65,68,47,66
89,39|11,34|16,69|16,6|16,89|69,68|7,72|48,30|6,13|10,73|30,28|8,48|16,8|16,56|56,19|42,93|13,42|39,7|68,10|19,11/16,28=16,8,48,30,28
86,92|61,1|68,80|1,78|92,97|86,98|80,63|86,61|86,68|90,56|88,64|63,28|98,90|97,59|25,40|78,45|56,71|64,25|86,88|59,55/86,40=86,88,64,25,40
28,97|19,89|24,28|69,5|97,26|86,90|24,76|14,40|5,86|99,73|76,14|40,62|1,19|68,99|89,35|24,69|24,1|24,68|73,49|26,92/24,90=24,69,5,86,90
95,75|75,7|80,73|97,80|97,71|15,26|6,96|97,15|46,30|97,46|33,95|84,60|88,4|60,0|73,88|30,6|8,18|71,84|97,33|26,8/97,18=97,15,26,8,18
99,62|5,71|16,73|63,83|26,16|14,34|83,5|62,12|14,63|14,70|70,23|23,45|66,57|14,99|57,81|12,98|14,78|34,66|78,26|45,50/14,98=14,99,62,12,98
54,10|76,24|36,45|53,37|34,21|34,36|34,54|63,35|5,92|45,5|52,99|67,53|85,76|34,73|10,63|34,91|48,52|91,85|73,48|21,67/34,92=34,36,45,5,92
67,0|24,74|79,89|40,72|66,6|81,49|79,69|46,14|89,12|23,25|82,75|69,57|79,67|57,24|72,82|6,81|79,40|79,66|0,46|12,23/79,74=79,69,57,24,74
62,68|97,38|83,54|44,64|37,80|67,20|80,25|20,83|46,9|64,49|67,78|51,37|87,44|38,62|67,51|67,97|67,87|9,91|78,46|54,33/67,68=67,97,38,62,68
76,6|83,51|76,13|20,82|32,83|87,49|76,20|98,61|82,87|44,26|85,65|51,84|76,32|13,98|65,2|26,67|76,85|2,71|61,81|6,44/76,67=76,6,44,26,67
1,87|28,1|87,75|8,56|28,37|65,70|73,65|28,46|92,23|37,73|28,82|57,30|75,18|82,86|30,41|86,92|24,8|29,57|46,24|28,29/28,18=28,1,87,75,18
69,73|36,56|77,25|69,24|91,20|69,97|24,81|62,82|97,85|69,91|42,29|81,94|20,54|25,79|54,75|73,77|85,36|82,42|69,62|94,37/69,75=69,91,20,54,75
83,74|0,50|61,4|50,34|74,69|89,77|89,47|89,28|89,60|53,80|28,95|37,7|77,0|4,58|39,43|47,61|43,53|89,39|95,37|60,83/89,58=89,47,61,4,58
97,37|37,90|72,45|81,87|92,99|80,88|97,81|99,73|87,78|59,80|43,92|45,6|78,19|97,43|29,17|67,59|97,67|90,29|97,72|6,36/97,73=97,43,92,99,73
47,96|65,38|86,11|45,86|96,59|38,16|37,63|89,91|66,45|57,75|94,28|91,82|22,65|75,89|50,47|28,37|57,50|57,66|57,22|57,94/57,63=57,94,28,37,63
75,86|52,69|71,48|58,24|39,81|53,63|63,82|69,37|39,85|83,58|81,46|46,71|24,7|39,52|39,96|86,0|96,75|85,53|39,83|37,87/39,87=39,52,69,37,87
86,64|23,33|3,43|5,11|64,5|99,3|78,49|52,69|31,23|31,35|31,99|49,98|31,86|31,52|69,37|37,42|33,39|35,78|39,14|43,76/31,76=31,99,3,43,76
82,62|59,79|36,43|62,9|79,65|82,20|84,0|23,56|9,84|37,45|75,23|82,59|82,75|56,76|73,36|45,15|82,4|4,37|65,68|20,73/82,43=82,20,73,36,43
87,71|32,52|19,67|28,86|67,51|99,32|25,99|86,34|25,19|34,57|51,17|52,97|1,87|25,48|25,72|92,76|90,92|48,90|25,28|72,1/25,71=25,72,1,87,71
50,0|27,90|96,11|20,21|11,59|9,99|50,27|99,60|41,79|50,9|43,39|50,43|60,10|0,41|12,96|90,46|39,20|79,35|50,12|46,23/50,10=50,9,99,60,10
28,48|55,70|9,87|38,58|82,98|56,84|31,93|26,64|54,27|93,82|84,38|48,9|25,31|25,26|25,28|25,55|70,54|63,88|64,63|25,56/25,98=25,31,93,82,98
29,18|30,83|78,6|50,46|69,27|5,69|29,5|58,4|98,49|83,58|65,50|29,81|29,11|11,0|90,78|0,98|81,65|29,30|27,44|18,90/29,4=29,30,83,58,4
59,28|58,62|45,94|58,31|28,14|65,27|31,45|30,92|44,43|27,34|43,89|62,44|94,18|58,65|58,9|92,48|9,59|34,78|58,30|48,56/58,14=58,9,59,28,14
74,71|74,46|42,98|71,36|88,18|83,65|36,87|1,83|18,8|13,79|31,13|46,88|98,30|79,2|74,1|9,42|87,85|74,9|65,93|74,31/74,85=74,71,36,87,85
27,80|27,77|73,45|53,81|72,90|77,72|29,67|81,84|27,93|93,89|80,30|30,73|47,11|54,29|90,42|38,54|2,53|27,38|89,47|27,2/27,42=27,77,72,90,42
99,13|22,67|66,93|73,62|99,74|99,57|18,59|74,49|17,18|62,70|85,66|53,22|99,56|56,73|49,68|57,85|13,53|99,17|59,14|68,60/99,93=99,57,85,66,93
83,2|70,95|73,70|77,81|98,41|98,83|33,16|98,75|2,82|81,63|30,77|98,30|36,33|82,18|53,22|98,36|22,46|41,53|75,73|16,13/98,95=98,75,73,70,95
1,67|92,53|9,1|3,30|3,68|3,42|78,4|70,31|42,92|95,80|88,21|3,79|19,78|80,88|31,38|68,9|79,19|53,98|30,70|3,95/3,67=3,68,9,1,67
56,39|74,66|82,53|10,32|54,75|53,60|69,28|82,9|82,83|87,56|31,80|60,31|82,69|9,74|64,30|28,10|30,54|83,87|66,58|82,64/82,58=82,9,74,66,58
55,85|86,30|45,77|53,73|73,10|28,23|2,44|55,86|19,54|77,19|88,28|99,88|17,53|44,4|55,45|55,17|30,37|37,38|55,99|85,2/55,10=55,17,53,73,10
99,13|22,67|66,93|73,68|99,74|99,57|18,62|74,49|17,18|68,60|85,66|53,22|99,56|56,73|49,59|57,85|13,53|99,17|62,70|59,14/99,93=99,57,85,66,93
17,80|66,92|66,5|78,17|97,22|46,75|26,31|66,59|92,46|75,88|55,78|8,97|31,86|53,39|77,8|98,53|66,55|59,98|66,77|5,26/66,88=66,92,46,75,88
93,74|74,50|63,83|53,88|26,95|95,51|35,92|63,26|83,55|7,66|50,44|10,87|51,24|63,7|16,60|87,16|55,35|66,53|63,93|63,10/63,44=63,93,74,50,44
87,13|49,50|88,52|11,20|57,62|38,97|11,73|11,2|94,29|29,28|13,75|2,57|11,58|20,83|50,88|62,80|58,87|11,49|83,38|73,94/11,52=11,49,50,88,52
56,94|94,74|76,92|76,56|34,33|1,55|74,59|50,12|76,34|76,1|85,95|45,14|27,4|8,63|55,27|63,5|76,85|95,45|92,8|33,50/76,4=76,1,55,27,4
86,99|36,20|20,41|57,27|5,91|25,37|99,59|27,19|41,49|5,36|19,24|81,30|98,86|75,25|5,98|30,80|91,75|80,13|5,57|5,81/5,37=5,91,75,25,37
43,9|66,40|11,74|11,95|11,17|74,35|17,50|81,56|88,81|11,52|11,66|95,31|50,43|80,73|52,88|35,22|40,80|28,84|22,67|31,28/11,73=11,66,40,80,73
89,58|15,22|29,51|18,82|56,15|22,75|89,97|27,61|74,18|61,88|89,24|78,49|64,78|42,74|24,64|89,56|58,66|66,29|89,42|97,27/89,49=89,24,64,78,49
31,33|66,21|94,41|3,32|42,9|54,31|28,82|33,22|28,94|28,79|82,55|21,3|28,66|14,35|28,54|55,14|41,42|79,90|90,56|56,96/28,32=28,66,21,3,32
21,68|30,39|46,64|58,40|7,59|73,56|43,75|75,14|14,84|84,60|43,21|79,73|43,77|43,58|40,7|39,46|43,30|13,4|77,79|68,13/43,56=43,77,79,73,56
56,89|62,40|92,1|77,82|37,39|37,36|89,33|37,20|39,62|58,74|1,46|82,88|33,24|28,58|37,28|20,92|36,77|40,41|74,84|37,56/37,41=37,39,62,40,41
84,27|57,36|80,91|96,39|84,70|21,3|84,80|59,12|98,2|48,94|84,63|70,57|94,98|84,48|91,96|12,75|3,10|27,59|36,88|63,21/84,2=84,48,94,98,2
93,4|27,35|37,87|26,34|37,54|28,70|23,66|37,40|25,17|37,89|66,7|87,23|54,93|89,19|19,28|22,26|35,25|37,27|4,80|40,22/37,70=37,89,19,28,70
64,6|38,31|6,42|60,90|64,63|72,83|63,60|36,89|95,72|90,18|43,0|89,48|64,15|31,70|48,34|42,43|64,95|83,69|15,38|64,36/64,18=64,63,60,90,18
60,61|71,50|81,70|9,64|19,43|62,98|98,97|90,12|97,23|79,71|50,47|43,60|47,35|79,19|79,62|12,16|16,89|79,9|79,90|64,81/79,61=79,19,43,60,61
28,21|27,64|72,43|12,6|70,5|36,85|46,72|7,15|84,25|25,53|89,46|67,36|6,70|64,28|84,69|84,89|84,27|53,7|69,67|84,12/84,21=84,27,64,28,21
49,79|30,95|51,46|55,85|39,51|45,39|79,30|14,45|14,49|40,55|99,40|33,93|14,29|14,99|93,26|29,22|1,4|14,33|26,12|22,1/14,12=14,33,93,26,12
21,57|31,75|86,44|16,21|35,72|86,91|5,16|72,32|91,35|51,40|11,51|86,5|86,89|28,31|89,83|44,11|86,28|24,30|83,24|75,64/86,32=86,91,35,72,32
16,96|62,16|19,89|59,91|53,2|5,85|19,58|91,74|51,60|86,62|19,21|25,51|95,53|40,5|89,95|19,86|58,59|19,66|66,25|21,40/19,2=19,89,95,53,2
97,2|53,46|18,44|18,39|72,52|18,14|45,97|61,29|93,3|44,61|35,72|39,93|18,80|18,26|26,45|46,20|14,53|3,99|29,8|80,35/18,2=18,26,45,97,2
61,73|73,72|78,70|76,1|56,21|64,96|1,15|30,48|30,61|3,78|97,76|30,56|30,64|96,38|6,32|48,3|21,6|38,98|72,22|30,97/30,70=30,48,3,78,70
28,57|50,49|71,91|57,58|2,80|87,1|16,75|25,20|20,87|58,81|23,29|62,71|80,16|99,98|50,25|50,2|50,23|50,28|49,62|29,99/50,75=50,2,80,16,75
20,41|74,90|99,93|74,42|90,67|6,60|93,48|92,98|14,99|74,80|33,56|74,46|98,34|46,92|41,23|67,33|80,78|42,20|74,14|78,6/74,60=74,80,78,6,60
47,38|65,91|86,11|45,86|38,16|91,82|37,63|89,96|66,45|57,75|94,28|96,59|22,65|75,89|50,47|28,37|57,50|57,66|57,22|57,94/57,63=57,94,28,37,63
94,35|51,76|80,49|89,5|2,95|35,92|29,27|76,79|92,44|5,29|82,51|2,10|2,82|40,57|95,45|2,89|49,34|45,40|2,94|10,80/2,27=2,89,5,29,27
0,58|34,49|16,15|92,56|26,9|58,81|77,96|0,34|54,3|88,92|56,65|15,54|27,98|81,50|0,88|50,86|98,26|49,77|0,27|0,16/0,3=0,16,15,54,3
96,31|34,92|2,94|76,95|34,60|31,58|28,99|95,5|34,68|92,76|60,80|51,28|38,67|58,56|68,8|80,2|34,96|34,51|8,38|99,41/34,5=34,92,76,95,5
30,2|8,31|36,39|66,0|31,25|37,56|43,37|44,3|36,53|53,66|25,98|36,23|21,30|0,12|39,43|36,18|23,21|36,8|18,92|92,44/36,56=36,39,43,37,56
64,16|32,11|11,49|64,2|2,28|65,77|53,32|64,37|69,42|48,17|41,65|61,18|64,53|85,48|37,41|42,67|17,39|16,69|28,61|64,85/64,49=64,53,32,11,49
33,7|92,77|77,33|24,53|2,60|92,9|37,2|7,78|92,20|9,24|20,26|92,1|92,37|97,65|1,70|60,64|26,97|41,90|53,93|70,41/92,90=92,1,70,41,90
84,74|5,42|66,84|35,31|24,47|9,72|67,66|5,85|42,90|28,10|90,43|5,28|38,16|31,24|0,9|5,67|43,14|5,35|85,0|10,38/5,16=5,28,10,38,16
4,28|9,75|49,6|67,9|15,7|75,91|67,22|67,31|91,61|69,49|17,81|90,66|37,29|67,15|67,90|31,69|35,4|22,35|7,17|66,37/67,61=67,9,75,91,61
5,69|51,44|83,33|16,70|51,29|29,5|13,37|6,78|40,59|51,42|44,6|69,17|51,83|96,9|78,1|33,40|53,96|42,53|37,16|51,13/51,1=51,44,6,78,1
90,80|30,27|98,30|80,44|55,93|86,73|44,88|91,90|91,98|76,86|77,20|79,55|29,85|91,76|73,71|91,1|1,79|27,87|85,77|91,29/91,88=91,90,80,44,88
72,64|42,56|15,74|59,88|97,72|41,55|74,54|42,97|53,59|64,57|42,41|4,15|45,63|46,21|42,53|42,4|55,46|98,45|56,98|88,95/42,63=42,56,98,45,63
86,44|28,47|5,90|75,50|95,89|74,75|95,28|95,70|39,86|71,60|97,45|95,6|6,5|90,27|60,84|47,97|95,39|89,74|70,71|44,46/95,50=95,89,74,75,50
47,87|76,16|76,96|76,47|26,69|35,7|96,35|67,1|1,14|48,91|21,67|7,18|40,36|57,26|87,40|91,6|76,21|76,48|6,38|16,57/76,18=76,96,35,7,18
13,52|17,21|21,61|60,58|17,11|15,80|27,39|7,84|39,13|81,60|17,38|71,7|17,27|34,83|11,81|84,49|38,15|61,34|17,71|80,35/17,49=17,71,7,84,49
31,22|72,92|51,18|8,16|24,87|55,26|31,66|31,55|18,80|26,39|22,51|6,8|31,72|66,6|92,32|31,24|75,99|87,75|39,74|32,82/31,80=31,22,51,18,80
42,88|13,87|13,41|20,76|2,52|13,49|88,6|44,83|52,60|13,63|63,20|39,44|60,25|49,42|87,34|13,2|76,28|24,74|41,39|34,24/13,6=13,49,42,88,6
96,0|49,59|40,83|40,96|35,56|83,53|53,73|54,49|75,35|33,54|28,67|94,61|71,94|0,28|73,17|40,23|48,75|40,48|23,71|40,33/40,67=40,96,0,28,67
20,13|1,78|86,20|86,93|73,84|13,1|94,71|32,50|54,18|61,77|84,54|86,22|93,61|77,46|92,32|71,36|10,92|22,94|86,73|86,10/86,18=86,73,84,54,18
25,92|78,72|44,63|34,82|84,44|92,41|25,70|3,13|70,34|95,71|99,3|91,84|25,91|41,47|47,37|71,78|82,93|25,99|13,1|25,95/25,37=25,92,41,47,37
8,95|30,52|43,83|60,96|29,59|74,54|8,37|32,29|78,30|8,69|96,74|6,14|37,32|14,47|44,73|8,43|8,60|83,44|95,6|69,78/8,54=8,60,96,74,54
58,77|42,46|80,32|46,87|80,93|32,94|11,8|94,78|77,25|93,57|13,99|57,11|82,42|80,40|80,82|40,13|80,58|99,69|25,31|78,9/80,8=80,93,57,11,8
80,39|76,21|0,27|76,64|76,37|2,36|76,75|47,67|75,96|82,47|37,45|21,98|64,82|36,52|45,80|84,69|76,25|98,84|96,0|25,2/76,52=76,25,2,36,52
19,80|42,49|52,3|88,90|90,75|88,86|96,0|88,37|49,62|3,19|60,93|91,44|88,52|22,60|86,11|37,42|88,22|11,96|75,91|93,32/88,32=88,22,60,93,32
26,73|7,44|6,35|19,24|57,22|82,57|76,26|82,6|82,37|22,56|44,39|82,99|4,75|99,7|82,91|37,76|56,45|75,40|35,19|91,4/82,39=82,99,7,44,39
23,89|33,65|33,48|43,78|33,30|19,1|30,75|1,88|86,94|57,23|94,35|81,4|48,19|40,92|33,26|65,86|33,43|78,81|75,40|26,57/33,92=33,30,75,40,92
97,37|37,90|72,45|81,87|92,99|78,19|97,81|99,73|87,6|59,78|43,92|45,80|6,36|97,43|29,17|67,59|97,67|90,29|97,72|80,88/97,73=97,43,92,99,73
59,46|82,76|82,15|92,28|51,53|3,59|0,3|96,39|17,92|15,17|43,73|8,51|73,80|22,96|82,43|82,49|49,22|76,8|82,0|80,7/82,7=82,43,73,80,7
67,25|36,67|52,94|25,87|70,33|36,7|36,52|33,10|7,46|84,57|46,84|95,22|94,3|22,86|0,95|3,40|36,18|18,70|87,49|36,0/36,10=36,18,70,33,10
43,99|42,82|55,76|86,55|42,86|82,53|7,12|33,62|42,51|53,66|66,64|42,35|12,22|62,70|99,96|70,31|51,7|76,87|42,33|35,43/42,96=42,35,43,99,96
57,76|67,96|1,35|76,93|12,48|13,12|46,68|90,87|16,19|56,57|93,20|32,67|96,17|87,16|56,32|56,46|56,13|68,1|56,90|48,82/56,17=56,32,67,96,17
9,86|84,18|8,48|30,77|42,8|70,63|48,64|86,84|76,90|76,82|36,60|63,7|82,91|76,30|76,42|97,1|91,97|77,36|76,9|90,70/76,7=76,90,70,63,7
71,67|37,35|77,96|71,30|28,20|20,31|84,36|67,26|16,63|26,65|30,28|71,84|42,16|71,37|97,12|35,97|71,41|36,77|41,42|65,53/71,96=71,84,36,77,96
49,78|22,13|57,50|64,18|94,39|2,89|20,94|13,49|64,2|64,22|64,20|76,57|32,46|18,76|46,23|89,40|26,32|64,26|40,8|39,24/64,78=64,22,13,49,78
18,88|46,10|74,82|46,52|59,74|70,32|7,98|89,57|10,9|82,77|46,6|52,22|46,59|88,31|54,18|30,70|9,89|6,30|22,7|46,54/46,57=46,10,9,89,57
89,58|15,29|61,88|18,82|56,15|29,51|89,97|27,22|74,18|22,75|89,24|78,49|64,78|42,74|24,64|89,56|58,66|66,61|89,42|97,27/89,49=89,24,64,78,49
57,95|33,83|72,59|72,81|72,84|61,62|67,39|72,45|98,57|68,52|72,60|84,13|59,38|83,12|60,98|45,33|81,71|13,61|71,67|38,68/72,95=72,60,98,57,95
81,90|9,81|70,3|86,73|23,58|23,95|36,33|95,24|58,85|33,86|24,70|84,14|23,9|14,98|47,0|90,13|23,36|23,68|68,84|85,47/23,0=23,58,85,47,0
54,62|2,9|67,16|67,99|39,14|14,81|67,36|49,53|61,2|36,54|67,56|25,97|67,25|97,49|26,74|16,39|62,59|99,43|43,26|56,61/67,9=67,56,61,2,9
53,31|53,10|98,14|78,56|3,39|97,17|22,6|63,69|10,85|14,22|53,63|53,98|85,95|53,97|76,23|17,3|31,78|95,32|69,76|56,37/53,32=53,10,85,95,32
29,94|87,41|96,11|66,29|11,87|41,20|91,33|70,69|96,15|15,13|23,70|24,23|96,91|94,82|96,66|33,44|44,53|13,36|96,24|36,42/96,82=96,66,29,94,82
98,62|69,63|8,79|18,24|91,69|5,76|8,99|57,41|99,73|20,51|73,98|81,57|51,5|8,25|79,3|63,12|25,81|8,20|8,91|3,18/8,24=8,79,3,18,24
38,55|49,73|68,51|54,67|91,25|73,66|69,61|97,91|69,53|69,56|69,38|61,97|15,78|51,70|92,15|69,77|55,54|53,68|77,49|56,92/69,66=69,77,49,73,66
87,94|0,69|95,70|90,52|69,21|37,16|81,59|70,0|52,5|95,54|95,87|61,90|95,61|43,47|95,34|16,53|94,43|34,37|54,81|59,19/95,5=95,61,90,52,5
63,77|20,7|63,57|46,41|68,88|83,27|50,92|21,20|88,12|27,76|45,21|59,46|57,50|12,14|92,96|77,83|63,55|63,45|55,59|63,68/63,96=63,57,50,92,96
4,48|64,74|25,96|26,64|13,8|48,7|28,4|46,45|26,86|53,11|26,25|96,19|26,13|19,42|26,28|11,6|8,0|0,65|86,53|74,46/26,42=26,25,96,19,42
86,7|90,55|5,50|47,35|47,37|31,17|89,26|0,67|7,6|47,86|27,5|66,39|6,65|47,0|47,90|39,80|67,89|37,27|35,66|55,31/47,80=47,35,66,39,80
98,31|5,53|24,26|84,45|66,12|14,5|42,98|42,28|28,66|42,80|42,14|22,84|53,81|12,83|78,70|80,22|15,40|26,78|42,24|31,15/42,81=42,14,5,53,81
88,59|25,55|69,13|79,68|23,98|13,65|92,80|92,84|80,21|92,44|21,90|90,81|59,79|84,56|92,96|96,33|56,23|92,88|44,69|33,25/92,81=92,80,21,90,81
67,25|36,67|52,94|25,87|70,33|36,7|36,52|33,10|7,46|3,40|46,3|95,84|94,22|84,57|0,95|22,86|36,18|18,70|87,49|36,0/36,10=36,18,70,33,10
56,26|72,4|42,41|41,48|9,79|19,56|69,72|9,74|77,40|74,29|29,77|63,82|82,18|9,69|18,22|53,42|9,53|9,63|4,30|79,19/9,48=9,53,42,41,48
31,81|54,78|78,60|91,30|73,33|75,52|58,20|81,92|20,73|13,85|31,70|98,75|23,13|31,24|24,23|31,77|31,58|77,54|70,98|92,91/31,52=31,70,98,75,52
43,16|41,37|2,69|69,62|33,1|1,7|37,97|50,96|16,51|32,49|41,75|62,35|51,48|49,20|97,50|75,32|41,43|52,33|41,2|41,52/41,35=41,2,69,62,35
24,52|2,6|43,13|79,61|43,33|53,49|36,19|96,16|60,22|33,2|19,59|16,79|13,36|43,60|22,53|6,12|43,96|52,10|10,34|43,24/43,59=43,13,36,19,59
46,36|26,69|15,68|69,46|98,13|26,98|36,42|51,86|30,28|53,30|39,21|78,53|21,55|59,15|38,39|26,78|89,59|26,89|13,51|26,38/26,55=26,38,39,21,55
55,54|82,31|43,83|71,82|89,1|89,95|89,71|69,23|89,57|78,41|1,37|95,78|41,3|31,73|54,46|37,69|57,43|91,55|83,93|89,91/89,46=89,91,55,54,46
74,19|76,12|10,63|27,65|10,31|46,71|90,36|75,49|49,91|55,26|64,74|31,8|12,55|10,64|10,76|65,46|8,90|19,94|63,75|10,27/10,71=10,27,65,46,71
69,92|16,49|60,46|13,60|21,80|13,82|13,21|94,3|82,93|93,11|99,63|11,43|81,9|13,94|9,26|26,64|46,99|3,16|13,81|80,69/13,43=13,82,93,11,43
61,99|99,24|19,10|47,5|18,19|18,7|17,61|64,83|18,50|30,21|18,86|37,47|73,43|7,37|21,40|50,93|18,17|93,64|10,73|86,30/18,40=18,86,30,21,40
78,87|22,91|94,99|75,73|22,34|99,27|45,83|22,78|74,9|34,60|83,75|87,16|98,94|22,45|42,33|91,74|60,42|16,46|22,98|9,30/22,73=22,45,83,75,73
5,24|5,59|39,25|24,46|77,48|15,39|96,15|69,35|5,96|51,33|5,54|46,6|35,51|54,98|59,77|48,36|98,21|6,14|5,69|21,40/5,36=5,59,77,48,36
26,21|26,15|10,40|45,55|15,45|86,43|3,65|21,93|65,73|93,94|26,3|26,86|55,87|26,78|43,66|40,61|78,10|73,28|94,19|66,77/26,28=26,3,65,73,28
42,83|58,97|68,82|15,27|27,58|36,95|47,42|66,59|44,37|68,36|95,44|41,85|82,41|68,66|83,69|98,65|68,15|68,47|59,98|85,43/68,37=68,36,95,44,37
4,51|57,17|7,45|62,13|9,91|53,7|53,41|53,4|73,84|53,62|13,67|45,73|86,15|17,36|53,76|67,90|41,57|76,86|51,9|15,25/53,90=53,62,13,67,90
26,67|72,66|45,58|57,7|16,17|66,85|98,91|16,57|67,14|16,69|69,80|80,6|11,56|16,11|82,26|16,82|17,72|56,45|6,99|7,98/16,91=16,57,7,98,91
9,32|79,30|93,31|2,93|68,78|38,74|79,38|39,81|7,45|79,5|58,97|86,7|97,63|79,9|30,2|5,58|32,68|79,86|74,39|45,34/79,63=79,5,58,97,63
91,56|88,50|55,11|70,91|64,55|81,35|20,99|68,48|48,81|42,24|24,33|42,30|56,13|42,68|42,88|33,45|45,97|50,20|30,64|42,70/42,13=42,70,91,56,13
29,58|81,23|74,21|10,74|73,3|12,98|21,91|98,28|11,73|58,35|82,29|50,99|11,10|23,50|3,25|11,81|28,92|25,5|11,12|11,82/11,91=11,10,74,21,91
14,15|24,60|57,3|15,37|22,55|63,12|57,53|12,24|53,14|57,77|57,63|95,22|77,73|57,36|36,95|3,72|59,19|73,59|69,89|72,69/57,55=57,36,95,22,55
16,83|54,31|55,14|61,44|83,45|44,1|68,61|49,16|60,97|55,68|14,60|55,80|90,54|80,88|97,32|69,62|55,17|88,69|55,49|17,90/55,62=55,80,88,69,62
71,1|41,74|73,16|65,9|41,73|41,71|85,11|55,24|21,85|74,66|66,61|41,45|45,21|23,65|41,23|25,64|16,25|61,81|9,43|1,55/41,24=41,71,1,55,24
36,26|99,27|81,72|79,75|72,93|96,41|54,81|97,35|55,21|21,50|41,49|96,61|61,55|27,79|96,97|96,99|96,54|35,36|92,14|49,92/96,75=96,99,27,79,75
7,16|85,9|23,37|7,8|52,49|35,63|28,74|95,43|7,93|63,59|93,69|8,35|66,28|7,23|81,52|16,81|69,85|7,64|64,66|37,95/7,43=7,23,37,95,43
16,34|83,70|31,47|10,45|16,35|47,51|58,83|16,19|64,17|19,58|16,37|12,6|35,31|37,48|67,64|34,12|17,84|48,10|6,63|16,67/16,70=16,19,58,83,70
75,36|63,6|19,26|55,89|45,74|75,87|75,28|75,19|50,65|97,42|42,12|75,56|87,47|28,97|26,45|56,50|47,55|36,31|65,66|31,63/75,6=75,36,31,63,6
32,10|24,81|21,24|32,38|37,97|38,45|32,92|32,60|95,8|97,26|8,78|56,28|10,95|35,65|60,21|45,35|54,50|50,56|32,54|92,37/32,78=32,10,95,8,78
78,73|16,17|24,89|89,7|44,41|17,19|73,77|44,78|0,30|44,16|90,27|39,0|44,3|66,15|19,22|44,90|27,66|3,39|77,34|41,24/44,34=44,78,73,77,34
57,85|42,7|79,9|79,37|79,67|45,61|61,41|78,57|79,0|24,49|9,78|79,96|51,50|50,38|7,62|37,45|49,34|67,51|96,42|0,24/79,38=79,67,51,50,38
26,95|15,21|97,60|73,6|15,53|53,97|16,85|44,47|8,73|15,71|20,26|13,86|5,93|93,16|60,83|71,20|15,44|21,8|47,13|15,5/15,83=15,53,97,60,83
1,40|67,36|41,15|84,67|19,49|85,94|29,71|71,91|43,84|19,93|19,29|28,1|19,28|15,31|19,43|49,41|94,61|40,70|91,39|93,85/19,70=19,28,1,40,70
76,58|16,97|40,78|97,83|37,33|13,5|13,40|60,86|78,20|86,59|61,76|69,16|13,60|20,88|59,87|13,69|65,37|13,42|5,61|42,65/13,58=13,5,61,76,58
21,68|18,20|81,21|88,58|89,80|75,81|0,63|63,29|11,89|29,91|55,11|40,77|3,88|75,40|75,0|68,5|75,87|87,3|77,18|75,55/75,58=75,87,3,88,58
28,84|76,61|52,49|82,98|54,10|27,62|84,20|88,28|10,17|88,0|88,80|95,52|45,27|88,76|0,54|61,82|20,53|80,45|87,95|88,87/88,98=88,76,61,82,98
55,3|0,5|2,70|4,68|93,83|18,74|18,55|14,2|83,24|24,67|76,56|79,76|13,14|31,34|18,93|18,0|5,4|18,13|3,31|74,79/18,70=18,13,14,2,70
89,81|47,56|75,26|64,77|64,39|64,49|77,13|64,38|56,58|38,93|13,89|49,75|64,53|53,8|99,45|8,99|26,36|0,48|39,47|93,0/64,58=64,39,47,56,58
57,30|15,42|61,57|42,70|70,86|6,13|13,3|51,66|49,53|59,61|6,15|14,16|80,14|3,51|6,43|6,59|43,80|6,10|91,49|10,91/6,30=6,59,61,57,30
20,95|53,6|87,83|76,70|58,87|20,73|73,81|86,5|71,53|20,24|95,15|20,58|81,65|15,86|24,23|20,71|83,28|65,61|23,76|6,37/20,37=20,71,53,6,37
37,66|37,60|69,84|37,77|13,50|58,6|50,11|33,78|66,33|84,64|60,58|97,59|94,97|64,92|77,13|78,86|6,19|3,94|37,3|37,69/37,11=37,77,13,50,11
29,80|35,64|81,33|28,2|56,3|33,88|6,81|1,75|6,47|64,28|6,29|78,21|6,35|3,52|68,49|80,68|47,56|88,61|21,1|6,78/6,61=6,81,33,88,61
15,67|88,66|28,54|67,60|95,46|35,1|40,95|15,26|66,32|54,14|15,40|15,4|15,88|77,6|32,87|6,2|26,77|4,28|60,35|46,69/15,87=15,88,66,32,87
44,88|19,17|62,24|96,80|74,68|68,79|94,44|71,74|24,63|65,19|36,94|3,36|17,87|80,48|3,71|3,96|3,52|3,65|48,30|52,62/3,63=3,52,62,24,63
64,7|37,44|44,79|24,50|13,14|13,4|25,33|13,64|13,93|13,81|7,66|53,25|81,24|15,1|50,39|93,37|4,97|66,96|14,53|97,15/13,79=13,93,37,44,79
32,48|48,55|4,68|34,30|30,59|32,34|68,9|59,73|16,53|10,96|9,25|21,10|2,93|53,2|72,14|32,16|32,21|96,31|32,4|55,72/32,31=32,21,10,96,31
59,49|19,12|33,38|28,33|11,41|11,83|34,28|16,36|22,23|73,22|45,95|12,51|36,59|41,19|23,31|11,34|95,21|11,16|11,73|83,45/11,49=11,16,36,59,49
23,78|92,82|92,19|92,88|92,60|13,86|33,16|78,37|92,98|97,69|2,7|60,2|69,14|7,91|82,23|61,33|80,13|19,61|88,80|98,97/92,91=92,60,2,7,91
66,8|31,78|95,40|59,81|7,19|39,16|15,4|83,15|14,69|40,24|81,31|83,95|83,59|49,39|71,49|4,66|24,85|83,7|19,14|83,71/83,69=83,7,19,14,69
87,0|90,1|76,64|91,55|24,62|93,66|76,93|41,52|33,75|76,41|52,24|55,87|76,91|59,49|76,33|99,90|66,38|38,20|75,59|64,99/76,62=76,41,52,24,62
6,67|13,92|6,71|2,78|80,87|29,79|20,36|6,51|49,13|78,20|6,2|6,47|71,49|67,29|81,62|79,83|51,81|87,35|62,9|47,80/6,9=6,51,81,62,9
53,86|44,15|83,45|84,83|96,46|28,52|96,60|86,44|92,11|11,28|96,24|24,43|96,53|55,99|60,33|43,55|33,35|35,41|96,92|46,84/96,45=96,46,84,83,45
94,19|17,82|16,94|21,81|99,17|28,69|78,28|64,13|99,16|24,21|99,78|99,24|19,40|45,6|13,45|81,60|69,79|33,97|99,64|82,33/99,40=99,16,94,19,40
91,13|13,2|69,67|35,52|99,19|56,68|68,10|56,35|10,87|56,69|56,62|67,45|62,99|2,17|87,12|3,73|45,51|56,91|19,31|52,3/56,73=56,35,52,3,73
26,80|42,14|89,42|49,19|98,17|16,78|81,24|80,3|40,9|98,49|74,77|98,83|83,89|19,74|98,44|45,81|17,45|78,40|98,16|44,26/98,9=98,16,78,40,9
41,30|59,71|28,90|94,26|9,69|69,59|10,57|41,28|57,62|90,8|38,10|30,94|8,20|41,0|66,63|41,9|26,2|63,33|41,38|0,66/41,33=41,0,66,63,33
21,53|70,21|84,87|84,70|16,35|76,30|39,16|56,76|84,8|77,96|84,64|96,88|53,73|8,42|41,75|59,77|42,41|64,56|87,39|84,59/84,73=84,70,21,53,73
28,5|34,10|34,44|10,96|47,53|34,86|33,43|34,77|56,8|96,69|53,40|34,56|8,88|86,28|77,85|85,33|88,98|69,12|5,54|44,47/34,98=34,56,8,88,98
23,18|91,5|19,11|55,79|11,55|3,37|45,13|34,3|49,47|94,42|56,45|23,19|47,94|18,38|23,30|30,56|23,49|23,34|37,41|38,91/23,5=23,18,38,91,5
87,20|53,93|86,11|24,81|11,31|89,86|93,60|20,13|53,43|76,49|81,80|90,76|53,28|4,45|29,90|60,4|53,89|53,29|28,24|43,87/53,49=53,29,90,76,49
55,18|17,77|10,68|49,17|97,29|23,88|55,97|55,63|41,10|8,72|29,94|88,16|72,59|63,49|55,96|59,73|55,8|94,58|96,23|18,41/55,68=55,18,41,10,68
46,51|65,15|57,46|92,60|54,65|71,93|92,7|68,86|8,57|95,85|99,68|60,91|91,95|93,18|15,20|7,99|92,8|92,54|92,42|42,71/92,51=92,8,57,46,51
99,73|18,59|39,1|1,79|90,99|58,80|39,18|39,44|44,98|73,12|82,88|79,58|98,30|96,82|39,90|30,47|59,51|51,85|88,48|39,96/39,85=39,18,59,51,85
17,51|17,33|33,53|17,44|72,65|53,64|41,67|64,71|17,24|3,90|17,14|47,34|14,30|30,3|24,40|40,47|51,41|67,39|65,45|44,72/17,71=17,33,53,64,71
83,2|70,95|73,70|77,82|98,41|98,83|33,81|98,75|2,16|82,18|30,77|98,30|36,33|16,13|53,22|98,36|22,46|41,53|75,73|81,63/98,95=98,75,73,70,95
2,15|15,33|93,28|23,62|26,51|38,53|56,23|13,2|16,87|47,26|16,47|16,97|97,56|61,38|53,60|28,31|87,93|16,13|16,61|51,82/16,60=16,61,38,53,60
95,96|56,10|72,91|75,60|75,52|48,24|96,36|75,0|35,78|87,56|60,87|75,35|0,95|83,65|52,45|75,39|78,72|45,48|39,85|85,83/75,65=75,39,85,83,65
87,10|41,97|79,38|76,28|21,76|45,24|27,48|36,74|36,55|4,1|3,21|55,41|36,3|36,45|75,27|24,4|74,75|10,79|36,87|97,40/36,48=36,74,75,27,48
14,51|50,0|8,42|25,64|51,98|43,24|60,77|42,90|94,62|64,99|43,23|31,72|24,14|90,55|43,60|23,25|62,50|43,8|43,94|77,31/43,72=43,60,77,31,72
84,41|94,49|99,70|40,43|28,84|49,99|63,55|39,40|97,63|83,54|94,71|25,28|94,97|94,36|70,96|94,25|50,83|36,39|55,58|71,50/94,41=94,25,28,84,41
93,25|27,35|37,87|4,80|37,54|28,70|23,66|37,40|26,34|37,89|66,7|87,23|54,93|89,19|19,28|22,4|35,26|37,27|25,17|40,22/37,70=37,89,19,28,70
61,64|55,75|80,76|61,53|75,96|64,62|92,82|47,80|61,47|49,92|62,41|76,37|53,58|58,97|61,11|61,49|11,55|97,77|41,13|82,85/61,96=61,11,55,75,96
96,24|15,14|68,61|15,76|87,46|98,8|8,68|15,19|15,31|76,90|0,64|15,98|13,67|14,52|52,96|90,13|43,0|19,17|17,87|31,43/15,46=15,19,17,87,46
29,74|70,61|74,34|83,12|97,58|20,24|70,30|47,97|77,14|24,98|14,81|30,29|70,93|43,39|70,20|93,47|39,83|98,85|70,43|61,77/70,58=70,93,47,97,58
8,50|42,11|80,42|67,8|50,90|59,52|18,75|9,57|27,80|18,67|18,9|18,13|62,29|57,62|75,60|52,35|13,59|60,70|18,27|70,81/18,90=18,67,8,50,90
7,82|13,59|29,50|51,89|89,0|41,5|22,41|5,35|8,81|0,63|12,66|59,29|17,44|7,17|66,32|7,13|44,8|7,51|7,22|82,12/7,63=7,51,89,0,63
28,83|22,12|32,68|90,22|24,52|52,82|50,28|3,24|16,67|83,80|91,71|16,50|16,3|56,27|12,78|16,91|71,56|67,13|13,32|16,90/16,82=16,3,24,52,82
60,80|1,11|67,58|12,88|46,91|57,89|28,57|85,33|85,81|11,46|84,69|98,60|69,78|81,28|85,12|33,98|85,39|39,84|88,67|85,1/85,78=85,39,84,69,78
20,37|19,14|20,25|2,8|63,21|25,80|37,11|20,2|97,64|11,19|80,63|96,98|28,96|54,5|20,67|67,54|8,97|5,77|98,52|20,28/20,52=20,28,96,98,52
35,92|74,60|1,40|74,22|55,95|74,1|0,79|40,0|74,49|74,71|71,14|14,4|49,65|60,45|4,18|65,35|41,72|72,68|45,55|22,41/74,68=74,22,41,72,68
65,6|52,14|83,39|83,18|11,24|14,63|83,11|39,52|24,65|26,8|8,25|83,26|17,5|25,89|71,17|83,51|18,95|93,16|51,71|95,93/83,89=83,26,8,25,89
61,69|28,5|1,21|21,15|8,92|33,45|43,73|28,61|69,43|10,72|28,77|64,46|46,93|28,65|65,1|11,8|77,64|5,11|72,33|28,10/28,93=28,77,64,46,93
80,8|25,61|56,89|80,27|80,55|0,95|96,54|95,51|52,92|49,37|80,60|18,96|55,18|27,56|61,52|80,25|60,0|71,49|89,19|8,71/80,19=80,27,56,89,19
77,20|80,77|67,83|26,44|61,26|61,91|61,12|83,54|12,67|34,35|27,65|49,27|62,80|61,62|45,73|56,63|91,49|35,45|61,34|44,56/61,65=61,91,49,27,65
67,15|96,34|79,90|66,78|58,96|90,20|67,83|83,79|15,66|82,13|91,51|78,2|67,89|36,81|89,58|67,82|13,36|0,91|33,0|67,33/67,2=67,15,66,78,2
95,4|33,11|55,79|55,76|61,34|55,44|87,33|55,61|59,95|76,87|55,59|57,78|94,13|3,12|79,57|34,3|44,94|4,65|78,90|13,69/55,69=55,44,94,13,69
16,37|48,75|2,52|82,41|75,66|30,21|89,16|82,30|82,48|92,78|66,85|14,89|41,12|12,45|81,77|21,81|52,92|82,2|82,14|45,90/82,37=82,14,89,16,37
2,55|33,78|38,73|85,79|26,57|85,71|71,26|79,30|72,60|57,98|55,38|85,25|78,59|85,2|47,13|25,35|59,34|85,33|35,72|30,47/85,34=85,33,78,59,34
16,48|86,17|95,13|7,28|16,73|40,23|85,2|16,35|10,7|13,93|35,10|50,86|73,95|2,27|60,50|44,63|16,60|23,44|16,40|48,85/16,93=16,73,95,13,93
2,89|89,11|22,64|22,52|17,98|37,81|7,61|53,2|52,38|61,18|28,12|48,66|64,94|81,17|22,37|38,48|94,28|22,53|22,7|18,44/22,12=22,64,94,28,12
8,14|35,8|2,36|39,57|83,98|80,86|72,50|86,72|14,51|30,75|27,35|27,30|16,39|99,16|96,83|27,12|12,96|27,99|75,2|27,80/27,57=27,99,16,39,57
37,52|53,27|27,31|9,92|12,37|23,1|36,38|92,13|12,73|94,97|52,67|12,23|1,36|12,81|67,17|12,71|71,53|81,72|73,9|72,94/12,13=12,73,9,92,13
36,46|60,15|49,68|44,11|97,22|72,44|13,12|60,97|48,88|60,58|21,48|60,49|88,14|15,72|60,21|58,36|22,18|68,13|18,24|46,34/60,14=60,21,48,88,14
68,97|11,4|88,96|45,68|88,24|58,85|44,13|85,23|4,72|78,19|72,12|88,98|88,11|98,58|96,45|88,84|84,48|24,78|19,40|48,44/88,12=88,11,4,72,12
76,20|64,47|47,58|76,3|3,4|49,30|62,78|12,89|76,87|37,69|15,12|87,62|4,49|76,92|92,64|7,37|76,60|60,7|78,5|20,15/76,5=76,87,62,78,5
96,4|45,40|4,57|96,94|94,59|96,61|2,84|21,77|51,18|18,53|96,23|57,2|61,1|96,78|1,55|55,31|59,45|78,51|23,21|77,7/96,31=96,61,1,55,31
42,88|13,87|13,41|20,44|2,52|13,49|88,6|24,74|52,60|13,63|63,20|39,24|60,25|49,42|87,34|13,2|44,83|76,28|41,39|34,76/13,6=13,49,42,88,6
88,0|21,68|54,31|36,26|25,35|46,80|43,97|97,88|40,46|25,72|35,75|92,40|75,54|25,92|72,19|25,36|29,50|19,29|26,21|25,43/25,50=25,72,19,29,50
39,51|22,14|7,5|52,94|94,25|53,50|52,8|51,93|67,73|52,39|52,7|5,53|72,78|18,31|8,22|14,64|73,72|25,18|93,96|52,67/52,31=52,94,25,18,31
78,56|8,81|86,62|84,2|63,74|62,37|68,25|63,86|63,20|13,8|91,84|63,68|63,39|94,43|25,78|39,21|21,94|37,15|74,13|20,91/63,15=63,86,62,37,15
39,79|60,67|46,28|86,76|41,47|34,86|46,5|1,41|28,1|46,60|58,63|72,31|5,58|46,80|63,93|67,39|61,34|46,61|31,43|80,72/46,76=46,61,34,86,76
11,93|35,89|84,38|0,32|86,35|27,24|46,11|0,86|4,84|0,94|0,27|37,30|94,4|99,68|68,77|93,60|32,99|0,46|24,37|89,63/0,63=0,86,35,89,63
76,79|42,82|60,49|20,13|13,16|36,99|5,69|36,59|36,73|73,54|79,65|48,53|59,76|36,20|82,71|99,42|49,48|16,45|36,60|54,5/36,53=36,60,49,48,53
32,89|23,44|15,46|15,39|15,4|15,11|11,52|39,67|42,82|89,95|15,55|46,32|50,85|4,23|52,42|74,50|44,20|55,74|67,37|37,5/15,20=15,4,23,44,20
31,22|72,92|51,18|75,99|24,87|55,26|31,66|31,55|18,80|26,8|22,51|6,75|31,72|66,6|92,32|31,24|39,74|87,39|8,16|32,82/31,80=31,22,51,18,80
24,14|7,27|54,24|7,79|96,36|72,54|7,40|16,80|7,25|7,72|41,38|31,97|17,16|27,35|25,17|63,41|97,85|35,96|40,31|79,63/7,38=7,79,63,41,38
42,24|44,60|65,44|99,13|65,89|96,85|89,31|63,25|38,57|64,27|65,82|85,32|65,63|65,64|41,52|82,96|31,42|27,38|25,99|60,41/65,57=65,64,27,38,57
6,63|55,96|63,92|6,54|26,84|95,98|96,43|54,10|40,95|87,31|12,50|93,30|43,27|6,93|92,87|6,40|30,12|6,55|10,26|98,57/6,31=6,63,92,87,31
67,28|74,66|7,13|79,92|99,76|13,97|10,8|40,37|45,78|78,74|92,82|87,55|97,99|28,40|7,79|7,67|82,18|7,87|55,10|7,45/7,76=7,13,97,99,76
73,41|25,71|11,79|25,60|83,56|57,84|58,76|18,11|25,73|82,80|25,89|71,58|25,83|66,67|60,98|56,82|89,18|76,87|98,66|41,57/25,87=25,71,58,76,87
40,92|77,88|85,9|9,90|30,8|85,37|91,29|88,86|54,60|37,1|85,49|29,54|8,18|80,87|90,80|1,40|85,91|49,77|85,30|18,50/85,92=85,37,1,40,92
90,34|24,10|52,89|34,47|3,12|0,83|10,19|19,22|70,0|12,48|3,70|89,58|83,84|58,55|57,90|3,52|94,37|48,94|3,57|3,24/3,37=3,12,48,94,37
5,45|25,59|14,39|25,14|45,27|59,50|24,62|27,86|99,82|25,69|12,38|47,66|25,5|39,58|58,37|38,42|50,47|69,12|25,24|62,99/25,86=25,5,45,27,86
5,22|76,52|70,48|5,8|80,47|83,35|59,70|10,69|5,32|22,39|32,7|90,83|39,61|89,59|7,80|69,76|61,91|5,89|5,10|8,90/5,35=5,8,90,83,35
20,1|72,73|40,97|82,13|74,82|0,26|73,10|21,71|1,18|47,72|89,21|74,69|69,20|74,0|74,65|45,33|74,47|13,40|65,89|26,45/74,33=74,0,26,45,33
43,88|43,69|27,13|0,78|65,91|15,12|30,65|43,29|69,87|62,24|13,42|31,27|58,62|1,30|88,58|84,0|43,1|87,15|29,84|43,31/43,78=43,29,84,0,78
17,95|19,68|16,49|39,19|69,16|39,69|31,79|95,72|49,30|25,50|54,5|5,25|98,31|42,17|58,98|81,40|68,81|39,54|39,42|39,58/39,30=39,69,16,49,30
43,88|43,69|27,65|0,78|15,12|13,42|30,15|43,29|69,87|62,24|65,91|31,27|58,62|1,30|88,58|84,0|43,1|87,13|29,84|43,31/43,78=43,29,84,0,78
58,89|45,53|9,77|41,9|34,87|96,54|29,59|99,28|58,15|12,41|91,80|89,2|28,34|15,96|54,67|58,45|58,12|53,29|2,91|58,99/58,77=58,12,41,9,77
22,93|21,22|42,40|90,37|15,90|61,50|57,31|46,95|15,14|39,42|14,21|15,46|15,26|15,58|37,61|31,51|80,23|26,57|58,39|95,80/15,51=15,26,57,31,51
43,27|47,97|43,39|56,13|13,16|42,61|17,71|61,73|27,57|93,22|82,47|43,42|71,78|43,40|43,56|39,17|40,82|16,88|57,93|73,87/43,87=43,42,61,73,87
77,43|7,58|44,88|77,27|88,95|94,49|77,57|43,38|72,7|87,89|77,52|52,6|77,72|57,44|38,87|6,50|58,46|49,12|50,70|27,94/77,12=77,27,94,49,12
15,11|19,61|24,8|21,93|25,37|22,78|9,97|19,15|63,9|19,62|80,21|61,25|19,24|8,22|19,80|37,58|93,30|92,57|11,92|62,63/19,30=19,80,21,93,30
41,42|63,67|83,53|72,57|11,30|54,68|1,50|67,27|63,72|42,11|70,1|63,41|63,76|34,83|76,70|46,90|63,7|27,54|7,34|57,46/63,53=63,7,34,83,53
23,96|26,32|17,23|7,93|98,1|96,59|56,7|32,0|34,60|76,97|43,67|26,98|0,76|11,56|26,11|26,29|1,34|47,43|29,47|26,17/26,97=26,32,0,76,97
89,51|31,7|64,31|14,62|75,24|47,4|22,2|47,75|62,54|47,41|68,59|66,68|24,22|47,66|7,82|4,79|41,14|79,89|59,11|47,64/47,54=47,41,14,62,54
10,58|26,14|86,26|91,25|14,0|68,86|68,42|34,6|68,34|6,28|55,10|36,5|42,91|58,90|25,69|28,38|68,3|5,30|3,36|68,55/68,30=68,3,36,5,30
79,84|22,90|94,99|85,39|33,67|94,85|67,78|41,19|53,71|26,49|10,16|94,26|49,41|69,22|16,79|78,38|94,10|94,33|39,53|99,69/94,84=94,10,16,79,84
58,32|0,45|3,66|9,74|18,29|73,80|84,58|68,89|48,35|29,69|59,84|69,48|61,3|18,59|18,61|89,0|80,9|66,44|18,73|18,68/18,44=18,61,3,66,44
23,48|42,59|23,30|48,31|33,97|73,41|21,33|69,80|40,51|41,1|90,73|28,69|51,10|10,45|71,21|31,42|23,90|30,28|23,40|23,71/23,45=23,40,51,10,45
18,93|16,14|41,76|93,38|96,17|50,94|50,96|50,41|81,70|37,97|75,16|97,7|43,18|7,52|94,75|54,69|50,37|50,43|76,81|17,54/50,52=50,37,97,7,52
49,78|55,68|87,85|41,54|78,80|20,39|15,24|55,49|23,2|54,23|55,87|59,64|68,37|55,41|80,14|55,96|85,20|37,15|96,59|64,67/55,39=55,87,85,20,39
24,64|36,33|7,42|44,63|58,48|33,10|77,36|66,92|7,24|7,52|52,44|70,19|63,32|7,77|26,58|19,55|64,66|7,79|42,26|79,70/7,32=7,52,44,63,32
74,21|52,79|51,28|30,50|52,92|45,74|17,51|52,17|34,88|86,34|28,5|12,24|52,45|92,86|78,11|79,44|52,12|24,30|21,43|44,78/52,50=52,12,24,30,50
18,69|24,1|52,77|30,71|75,80|64,48|69,20|99,17|35,99|30,18|77,24|71,64|30,52|30,44|30,89|20,40|48,78|89,35|80,6|44,75/30,17=30,89,35,99,17
13,14|93,74|66,27|27,41|58,98|13,59|52,19|26,96|13,23|59,91|13,26|19,68|13,52|96,93|68,80|91,84|84,35|23,66|98,1|14,58/13,35=13,59,91,84,35
52,62|34,0|52,90|52,46|52,61|47,86|75,41|46,92|92,99|99,3|36,34|98,35|96,65|61,36|90,14|14,98|41,96|62,93|93,47|52,75/52,3=52,46,92,99,3
24,8|22,54|80,3|70,2|32,92|96,91|22,96|22,70|29,24|22,29|91,21|3,27|47,32|54,47|87,80|22,87|8,76|2,67|67,77|21,71/22,71=22,96,91,21,71
83,27|44,48|20,83|23,82|20,64|24,80|20,17|80,39|82,12|68,38|17,23|20,25|27,44|0,86|22,0|38,57|46,68|20,46|64,22|25,24/20,12=20,17,23,82,12
7,95|97,84|28,44|10,40|92,86|1,7|27,10|75,97|40,83|75,27|95,5|75,92|93,98|58,93|86,9|9,4|75,58|75,1|84,28|98,56/75,4=75,92,86,9,4
26,42|81,24|89,81|49,19|98,17|16,78|80,3|42,14|40,9|98,49|74,77|98,83|83,89|19,74|98,44|45,80|17,45|78,40|98,16|44,26/98,9=98,16,78,40,9
67,23|11,74|83,20|88,71|30,40|12,15|32,88|31,83|67,32|40,44|71,58|99,85|85,11|23,94|41,31|67,99|67,30|44,52|67,41|94,12/67,58=67,32,88,71,58
78,46|7,63|1,76|2,54|55,78|55,30|41,48|45,1|31,17|18,57|46,31|54,41|55,7|55,2|63,29|55,45|30,18|29,90|76,36|57,15/55,17=55,78,46,31,17
25,97|52,91|20,72|53,25|20,4|4,52|73,6|93,41|59,31|79,33|97,94|20,53|72,17|71,63|17,59|41,73|20,71|91,18|63,79|20,93/20,94=20,53,25,97,94
77,76|48,9|54,19|18,95|79,67|24,56|79,24|40,33|79,69|69,17|11,80|3,81|79,77|67,38|95,3|17,48|79,18|56,54|38,11|76,40/79,9=79,69,17,48,9
27,5|74,80|19,69|29,34|58,90|86,61|90,39|34,63|27,18|18,87|69,43|76,19|27,29|87,86|80,13|39,16|5,74|63,50|27,76|27,58/27,16=27,58,90,39,16
80,67|6,71|58,1|94,22|60,97|25,60|65,80|74,58|32,11|11,31|70,74|31,34|13,45|25,65|25,32|25,70|22,6|97,13|25,94|67,75/25,45=25,60,97,13,45
20,51|93,31|40,3|3,42|90,70|35,43|5,93|14,90|33,78|70,11|5,14|51,48|5,65|88,35|48,0|31,33|5,20|65,40|50,88|5,50/5,42=5,65,40,3,42
60,82|36,50|15,94|60,10|60,25|10,33|94,72|33,85|64,21|70,11|60,70|53,56|21,84|11,36|85,32|74,13|56,74|25,64|60,53|82,15/60,32=60,10,33,85,32
7,32|64,63|7,64|7,14|7,75|66,74|3,54|32,1|99,38|16,55|75,2|2,33|14,16|7,3|1,66|55,87|18,83|54,99|63,18|33,9/7,87=7,14,16,55,87
80,8|53,22|79,41|77,66|53,31|41,55|53,79|52,50|39,80|55,46|38,75|31,26|50,38|53,40|26,77|16,9|40,16|9,44|22,39|53,52/53,66=53,31,26,77,66
20,41|53,35|20,90|86,83|63,85|4,7|80,63|20,4|77,70|90,53|7,24|20,79|17,0|70,86|35,14|79,80|20,77|47,17|41,47|24,23/20,85=20,79,80,63,85
99,17|61,86|38,59|99,46|34,51|99,48|46,33|25,0|17,96|0,42|33,61|59,26|99,34|80,37|96,21|99,28|48,25|21,82|28,38|51,80/99,42=99,48,25,0,42
39,35|47,95|47,61|29,39|68,31|45,9|75,44|99,1|63,68|35,25|95,75|47,29|47,45|80,92|54,80|47,63|31,24|44,26|61,54|9,99/47,24=47,63,68,31,24
54,39|78,6|62,14|50,57|6,62|57,10|8,51|51,88|8,50|10,36|70,60|44,54|91,2|71,76|8,78|8,91|39,96|88,71|8,44|2,70/8,76=8,51,88,71,76
81,44|61,76|31,10|16,1|30,28|21,16|1,63|25,81|28,89|30,61|14,69|5,74|30,14|76,31|69,5|30,21|44,58|82,79|30,25|89,82/30,58=30,25,81,44,58
74,71|74,46|42,98|71,36|88,65|83,79|36,87|1,83|65,93|13,18|31,13|46,88|98,30|18,8|74,1|9,42|87,85|74,9|79,2|74,31/74,85=74,71,36,87,85
82,64|13,27|64,67|81,33|70,62|27,30|59,98|51,7|70,82|70,13|67,91|65,40|7,65|30,68|98,16|70,51|21,81|70,0|62,59|0,21/70,91=70,82,64,67,91
80,8|25,61|56,89|80,27|80,55|0,95|52,92|95,51|49,37|96,54|80,60|18,52|55,18|27,56|61,49|80,25|60,0|71,96|89,19|8,71/80,19=80,27,56,89,19
62,20|79,38|20,35|70,91|91,98|98,88|25,8|19,90|87,52|37,25|59,19|79,59|38,62|79,46|79,37|46,69|69,87|79,70|8,14|90,95/79,35=79,38,62,20,35
87,29|49,50|88,52|11,20|57,13|38,97|11,73|11,2|94,62|62,80|29,28|2,57|11,58|20,83|50,88|13,75|58,87|11,49|83,38|73,94/11,52=11,49,50,88,52
2,23|23,62|93,28|51,82|26,15|38,53|56,51|13,2|16,87|47,26|16,47|16,97|97,56|61,38|53,60|28,31|87,93|16,13|16,61|15,33/16,60=16,61,38,53,60
39,74|39,5|43,86|57,97|39,4|74,96|97,35|90,32|39,57|92,73|5,28|28,92|75,66|32,13|31,85|86,31|4,90|39,43|96,75|35,2/39,2=39,57,97,35,2
13,14|68,80|66,27|27,41|58,93|13,59|52,19|26,96|13,23|59,91|13,26|19,98|13,52|96,68|98,1|91,84|84,35|23,66|93,74|14,58/13,35=13,59,91,84,35
65,30|58,42|42,59|58,57|59,54|56,93|54,86|30,90|62,79|57,65|58,18|33,85|79,16|16,34|37,33|58,62|18,56|85,55|93,8|58,37/58,34=58,62,79,16,34
1,18|58,38|36,1|36,32|51,31|36,58|59,7|38,13|18,26|32,40|13,68|7,62|62,29|53,51|26,22|40,16|36,59|17,53|36,17|16,67/36,67=36,32,40,16,67
54,50|2,0|54,40|14,68|50,84|59,58|19,61|61,80|9,59|0,14|54,57|54,19|10,42|84,96|54,2|40,10|80,93|96,92|42,22|57,9/54,58=54,57,9,59,58
28,59|74,38|19,70|70,65|50,10|10,78|74,97|74,84|83,28|63,82|84,55|99,81|26,83|38,19|74,26|81,63|74,99|60,30|97,50|55,60/74,65=74,38,19,70,65
61,42|48,58|79,41|41,74|74,19|35,31|66,93|61,73|61,35|61,44|34,37|36,82|44,67|67,34|77,36|57,48|73,57|31,66|42,77|61,79/61,82=61,42,77,36,82
45,7|1,56|13,32|32,47|50,88|47,0|88,44|96,1|16,29|74,21|31,96|7,20|44,90|74,31|29,15|74,54|21,16|74,50|54,45|74,13/74,0=74,13,32,47,0
77,76|48,9|40,33|18,95|79,67|24,56|79,24|11,80|79,69|69,17|54,19|3,81|79,77|67,38|95,3|17,48|79,18|56,40|38,54|76,11/79,9=79,69,17,48,9
0,14|83,23|59,80|7,0|61,81|61,7|23,66|22,71|14,72|73,83|61,48|90,16|20,30|16,59|61,73|61,90|81,22|71,76|48,29|29,20/61,72=61,7,0,14,72
80,34|56,99|26,71|40,69|26,83|26,40|99,47|45,78|71,76|54,56|72,16|73,7|76,62|69,80|92,72|7,45|83,92|26,54|62,18|26,73/26,18=26,71,76,62,18
98,49|98,69|31,85|92,82|49,19|81,92|33,55|83,71|69,31|98,44|4,33|98,4|19,48|48,41|6,83|74,81|85,8|44,6|98,74|55,52/98,71=98,44,6,83,71
30,54|71,55|43,88|71,36|67,30|71,94|28,87|84,0|60,80|55,84|87,57|0,64|88,73|71,28|71,72|72,43|36,60|80,34|94,67|57,47/71,34=71,36,60,80,34
0,94|92,81|11,35|34,50|27,54|13,76|45,34|0,55|0,45|72,53|0,12|55,72|64,92|94,64|50,32|0,27|12,59|53,79|54,13|59,11/0,79=0,55,72,53,79
99,91|19,27|56,99|24,23|30,19|97,41|11,9|53,30|23,11|90,21|17,90|97,17|66,44|97,37|97,53|97,24|41,58|37,56|21,52|58,66/97,27=97,53,30,19,27
18,46|54,65|60,86|18,45|45,60|74,26|46,82|96,94|20,36|36,28|86,12|95,69|18,74|18,20|85,5|82,95|18,54|65,96|28,48|26,85/18,48=18,20,36,28,48
87,68|46,76|48,5|87,48|13,33|5,40|40,30|83,69|47,63|87,83|87,2|81,28|86,13|96,49|69,47|68,44|76,81|2,86|87,46|44,96/87,33=87,2,86,13,33
66,64|93,35|58,79|49,66|80,93|67,78|98,58|43,52|15,98|68,43|80,62|35,10|62,68|80,15|80,67|80,49|10,53|78,28|28,14|64,24/80,53=80,93,35,10,53
76,6|83,61|76,13|20,82|32,83|51,84|76,20|98,87|82,51|44,26|85,65|61,81|76,32|13,98|65,2|26,67|76,85|2,71|87,49|6,44/76,67=76,6,44,26,67
28,19|19,82|56,29|11,26|48,95|58,6|97,55|86,77|55,56|1,97|1,58|1,75|6,12|77,11|95,22|22,32|1,86|1,48|75,28|12,62/1,82=1,75,28,19,82
27,37|39,29|89,39|22,9|29,86|89,26|89,55|93,77|86,12|55,79|79,27|89,93|67,51|94,43|89,96|9,34|25,67|26,25|77,94|96,22/89,34=89,96,22,9,34
22,45|58,22|52,48|58,19|61,57|16,89|45,16|50,39|58,27|27,82|48,40|21,61|9,50|58,72|72,52|19,9|57,36|75,44|82,75|58,21/58,44=58,27,82,75,44
36,40|89,22|50,75|87,61|10,81|87,89|87,64|71,93|87,31|16,86|31,69|87,71|64,30|61,36|22,16|40,73|26,94|69,50|30,10|93,26/87,94=87,71,93,26,94
82,67|8,14|51,89|51,82|78,4|71,46|51,76|51,71|76,66|93,87|14,31|73,13|46,35|89,8|87,12|67,78|51,93|12,77|66,73|35,99/51,77=51,93,87,12,77
96,1|43,15|77,13|92,70|63,12|76,72|24,75|70,76|92,43|14,31|72,39|93,96|35,69|75,14|92,2|2,93|92,77|92,24|15,63|13,35/92,12=92,43,15,63,12
20,95|53,6|87,76|86,5|58,87|20,73|73,81|83,28|71,53|20,24|95,15|20,58|81,65|15,83|24,23|20,71|76,70|65,61|23,86|6,37/20,37=20,71,53,6,37
28,24|56,35|51,53|44,51|28,59|90,23|81,42|28,22|5,84|42,82|28,5|22,81|59,18|84,73|73,33|53,64|35,47|18,90|24,56|28,44/28,82=28,22,81,42,82
88,55|64,97|26,64|3,76|88,14|48,94|88,98|14,89|88,67|94,49|99,52|13,15|67,13|71,63|89,71|98,48|52,3|88,99|15,21|55,26/88,49=88,98,48,94,49
55,85|86,30|45,77|53,73|73,10|19,54|2,28|55,86|44,4|77,44|88,19|99,88|17,53|28,23|55,45|55,17|30,37|37,38|55,99|85,2/55,10=55,17,53,73,10
20,38|63,52|78,34|68,62|26,65|30,20|95,36|81,60|57,63|95,81|65,1|62,28|95,68|95,57|38,70|52,44|28,79|36,26|95,30|60,78/95,44=95,57,63,52,44
71,61|83,5|58,39|80,41|42,49|16,71|85,86|0,10|85,42|86,83|41,58|49,47|5,20|61,70|85,80|10,98|85,32|32,0|47,4|85,16/85,39=85,80,41,58,39
30,45|61,23|32,41|94,24|19,30|14,57|62,95|45,65|54,59|13,62|13,7|24,54|41,22|13,94|95,61|99,14|7,99|40,32|13,19|13,40/13,22=13,40,32,41,22
51,14|38,94|38,51|18,0|94,70|17,67|38,31|70,59|38,91|14,41|33,71|41,25|0,44|59,92|88,17|31,18|71,3|91,88|58,33|38,58/38,3=38,58,33,71,3
75,79|54,94|53,82|98,14|30,26|75,9|94,69|1,98|75,96|96,1|18,35|82,31|26,77|69,25|86,18|75,54|9,53|77,12|75,30|79,86/75,12=75,30,26,77,12
86,12|75,6|88,69|45,27|66,44|15,86|75,28|75,29|21,65|98,66|12,51|71,88|29,62|75,15|75,91|28,98|6,71|91,58|58,21|62,45/75,69=75,6,71,88,69
3,19|34,28|77,34|63,82|94,17|40,79|28,2|99,73|99,63|99,40|96,3|68,83|4,68|79,53|53,72|99,77|19,62|73,4|82,94|99,96/99,17=99,63,82,94,17
9,41|74,2|2,12|40,25|25,96|88,77|12,27|27,58|74,55|62,21|89,9|29,40|55,62|77,20|74,67|74,88|67,89|20,93|21,94|74,29/74,41=74,67,89,9,41
73,8|20,70|12,6|8,31|62,12|73,42|26,71|73,51|31,59|73,77|70,55|51,49|71,24|49,79|79,64|59,30|42,62|77,20|24,63|73,26/73,55=73,77,20,70,55
64,6|25,64|56,68|88,51|51,29|65,9|69,33|68,15|79,63|65,61|61,56|65,88|9,25|65,45|63,73|45,75|29,13|22,79|75,69|65,22/65,73=65,22,79,63,73
23,96|26,32|17,23|34,60|98,1|96,59|56,34|32,0|43,67|76,97|7,93|26,98|0,76|11,56|26,11|26,29|1,43|47,7|29,47|26,17/26,97=26,32,0,76,97
35,7|30,63|7,55|39,17|71,11|30,33|30,62|28,54|62,94|33,35|11,40|17,87|0,58|82,71|30,0|30,82|58,28|94,25|63,39|25,26/30,26=30,62,94,25,26
60,4|18,74|35,49|32,16|20,50|81,32|71,35|10,62|71,63|49,60|71,18|83,97|71,78|78,81|63,73|50,10|73,83|42,52|71,20|74,42/71,52=71,18,74,42,52
93,14|27,92|27,23|33,10|63,2|92,63|27,12|9,33|12,73|73,88|88,1|97,16|27,9|0,93|84,97|23,0|10,46|2,98|27,84|16,17/27,98=27,92,63,2,98
22,61|56,32|58,10|16,74|32,20|22,71|71,27|60,11|20,63|11,33|22,69|0,28|22,56|27,0|22,16|25,58|74,90|90,78|61,25|69,60/22,63=22,56,32,20,63
30,45|74,55|26,73|99,31|36,30|81,35|89,17|59,89|32,74|51,36|17,26|9,13|59,81|35,9|31,88|55,67|59,32|22,99|59,22|59,51/59,73=59,89,17,26,73
13,96|86,28|58,82|86,89|21,53|28,0|37,91|86,13|87,4|0,70|38,27|53,87|86,21|70,7|18,38|89,15|96,58|86,39|39,18|15,37/86,82=86,13,96,58,82
24,59|89,25|14,89|7,37|24,76|24,61|96,71|59,69|30,95|53,21|25,36|69,7|67,2|95,32|2,96|24,67|61,53|24,14|21,27|76,30/24,32=24,76,30,95,32
72,91|60,20|64,94|20,18|48,44|94,68|84,62|90,2|18,48|60,27|60,93|62,54|85,72|93,32|60,85|32,90|60,26|27,64|91,35|26,84/60,35=60,85,72,91,35
26,24|3,95|98,26|36,99|12,59|36,84|99,43|39,98|2,17|95,80|84,3|4,12|36,19|43,2|55,52|71,4|36,71|19,57|57,55|36,39/36,80=36,84,3,95,80
21,17|46,19|47,62|21,47|17,5|34,94|16,89|62,34|99,58|58,46|98,92|53,98|5,36|21,9|36,55|21,99|89,44|9,53|76,16|21,76/21,94=21,47,62,34,94
66,29|81,42|97,20|99,98|97,99|29,48|20,88|19,34|83,49|97,19|98,43|88,86|97,83|86,26|43,25|49,81|97,36|34,64|36,66|64,0/97,42=97,83,49,81,42
41,28|52,69|72,38|4,72|76,52|28,22|43,6|41,4|20,61|79,11|41,73|61,81|22,43|41,79|73,76|81,29|13,40|38,90|11,13|41,20/41,29=41,20,61,81,29
99,8|19,4|47,51|48,66|50,76|57,95|54,99|54,93|8,19|73,50|54,15|66,47|83,40|54,48|81,26|93,73|26,57|15,83|40,12|54,81/54,51=54,48,66,47,51
72,52|30,67|91,37|91,73|87,25|86,87|67,79|53,28|91,86|91,23|42,22|73,53|60,42|23,30|37,60|1,72|28,19|91,1|25,75|52,62/91,22=91,37,60,42,22
3,59|14,44|26,84|44,99|59,8|43,85|6,90|97,63|26,2|2,14|69,46|0,69|84,3|63,64|26,6|26,97|46,28|26,0|90,43|64,98/26,28=26,0,69,46,28
83,74|0,53|61,4|53,80|74,69|89,77|89,47|89,28|89,60|37,7|28,95|50,34|77,0|4,58|39,43|47,61|43,37|89,39|95,50|60,83/89,58=89,47,61,4,58
17,74|98,28|60,11|16,81|16,50|16,71|14,77|71,61|85,66|50,31|81,69|16,98|76,29|69,85|55,76|31,60|61,14|28,17|29,15|16,55/16,15=16,55,76,29,15
78,69|28,16|79,95|86,64|95,51|34,2|69,32|26,34|85,58|26,78|26,0|2,86|51,88|16,97|32,29|26,28|26,79|30,85|97,87|0,30/26,87=26,28,16,97,87
29,34|11,83|70,16|29,20|62,22|95,11|13,96|93,95|34,54|96,15|72,73|29,70|29,93|16,6|20,72|73,78|6,30|29,13|54,62|15,8/29,78=29,20,72,73,78
34,75|4,85|85,30|99,61|34,28|34,96|61,60|25,79|86,99|98,21|30,3|75,19|65,13|21,97|96,98|28,57|34,4|57,65|34,86|19,25/34,3=34,4,85,30,3
12,69|99,74|73,44|1,37|59,80|73,85|73,99|7,89|97,66|80,16|42,97|16,19|73,96|44,91|91,12|39,7|96,39|85,42|74,1|73,59/73,89=73,96,39,7,89
92,60|6,10|1,67|87,39|16,48|10,87|1,91|97,7|41,29|1,92|72,36|29,83|60,72|1,6|80,16|7,94|1,97|94,24|91,41|67,80/1,36=1,92,60,72,36
39,82|34,22|46,43|39,78|39,63|78,28|67,77|39,6|36,26|74,36|70,46|6,74|77,93|28,34|72,73|43,85|89,72|39,70|82,89|63,67/39,26=39,6,74,36,26
65,68|88,99|57,83|45,34|30,6|66,67|12,84|41,87|34,88|87,78|91,5|84,57|65,79|68,91|6,66|65,45|79,41|65,12|5,47|65,30/65,83=65,12,84,57,83
83,82|55,29|87,42|83,34|42,48|13,65|67,28|83,46|83,87|83,67|28,59|43,77|46,13|48,25|82,55|34,43|29,85|59,78|77,35|65,97/83,78=83,67,28,59,78
4,15|59,75|71,91|65,18|18,53|69,28|3,7|7,69|21,59|75,62|53,43|61,71|43,74|65,21|65,61|65,4|65,3|90,23|91,6|15,90/65,62=65,21,59,75,62
11,5|67,71|47,67|5,43|52,41|43,89|64,21|40,32|40,93|93,52|38,47|54,14|40,11|66,95|41,42|40,54|32,13|13,64|40,38|14,66/40,95=40,54,14,66,95
93,39|86,62|16,5|39,18|5,37|43,30|63,19|52,49|49,82|19,86|18,32|13,50|13,93|13,52|74,16|50,69|13,74|82,17|69,43|13,63/13,30=13,50,69,43,30
98,8|8,26|20,75|75,56|98,74|26,27|98,78|40,72|98,39|2,51|39,20|54,71|51,38|1,54|78,2|74,1|81,40|27,96|72,22|98,81/98,38=98,78,2,51,38
59,12|2,26|4,94|46,28|20,16|93,43|43,29|59,20|67,42|28,77|59,22|26,67|12,93|59,2|16,4|14,9|9,99|22,46|66,14|59,66/59,77=59,22,46,28,77
80,78|21,49|49,81|62,25|61,3|21,80|32,89|22,32|3,92|81,97|71,44|97,96|21,71|40,1|99,61|44,62|21,99|68,22|78,40|21,68/21,96=21,49,81,97,96
37,35|24,84|10,29|84,38|85,58|40,10|69,19|40,85|55,24|61,44|58,97|41,37|79,16|16,69|40,92|97,50|29,61|92,41|40,55|40,79/40,35=40,92,41,37,35
31,92|48,22|61,93|22,56|6,95|15,90|91,41|48,66|48,61|42,6|52,21|56,52|79,46|92,53|7,42|48,7|66,31|41,79|48,91|93,15/48,95=48,7,42,6,95
59,85|96,10|59,96|83,33|53,18|59,78|78,71|26,42|71,91|91,61|46,39|59,23|23,46|10,83|59,9|9,26|68,53|39,57|85,68|42,54/59,57=59,23,46,39,57
92,82|67,39|73,12|61,8|24,5|25,67|26,4|11,0|12,92|73,11|0,26|7,71|71,61|82,65|73,7|73,9|9,25|62,45|5,62|73,24/73,8=73,7,71,61,8
63,2|75,77|87,15|77,94|2,39|45,72|87,78|87,31|86,56|72,12|90,76|55,75|31,44|44,90|15,63|37,45|87,55|14,86|78,14|87,37/87,76=87,31,44,90,76
96,18|76,80|18,52|73,49|73,96|52,13|0,20|73,37|37,9|69,82|73,97|73,35|49,38|9,0|80,22|35,76|38,69|97,71|71,92|92,34/73,34=73,97,71,92,34
56,34|2,95|9,10|34,45|60,9|38,91|38,56|46,57|80,2|57,11|38,48|45,96|95,50|11,84|38,46|90,99|38,80|99,44|48,60|91,90/38,96=38,56,34,45,96
5,77|20,63|77,71|63,89|39,5|39,58|48,93|6,95|88,0|95,48|0,92|39,6|71,50|60,85|39,70|39,60|58,88|85,32|32,31|70,20/39,93=39,6,95,48,93
27,80|27,77|47,11|53,73|72,90|77,72|29,67|73,45|27,93|93,89|80,30|30,47|81,84|54,29|90,42|38,54|2,53|27,38|89,81|27,2/27,42=27,77,72,90,42
30,45|6,18|25,29|6,16|52,72|95,12|81,99|18,30|6,81|45,3|99,50|49,25|6,76|72,85|16,49|12,68|76,52|6,92|50,63|92,95/6,63=6,81,99,50,63
84,96|14,84|49,97|49,74|11,13|81,34|94,53|74,24|61,81|13,8|49,80|49,61|24,25|97,14|49,11|17,94|25,48|80,17|34,20|8,29/49,53=49,80,17,94,53
32,39|10,50|67,34|36,57|62,36|59,72|70,67|33,16|72,32|94,62|16,7|7,55|9,70|77,10|99,77|59,94|59,33|59,99|59,9|39,68/59,68=59,72,32,39,68
52,35|50,42|50,52|13,83|36,73|83,48|2,6|42,84|50,99|50,29|29,23|97,25|99,12|23,2|50,40|84,36|35,97|21,89|40,13|12,21/50,89=50,99,12,21,89
2,32|11,76|2,24|79,68|19,87|76,40|41,94|32,59|2,79|2,62|2,53|74,41|62,74|33,23|68,19|35,97|53,11|59,35|23,8|24,33/2,87=2,79,68,19,87
36,91|46,76|36,75|22,98|76,92|8,52|70,22|36,46|0,89|62,50|7,47|52,0|74,62|33,7|75,74|92,51|36,16|16,33|91,70|36,8/36,89=36,8,52,0,89
54,91|9,21|35,9|20,92|37,44|57,96|92,88|57,20|30,37|33,54|57,39|57,30|57,35|74,87|38,74|88,32|44,19|96,38|21,94|39,33/57,91=57,39,33,54,91
88,22|38,2|32,87|71,88|60,24|90,67|0,80|2,90|19,32|15,73|24,15|60,71|22,1|80,36|60,19|60,0|73,85|60,38|87,53|36,20/60,1=60,71,88,22,1
58,48|26,62|9,13|9,16|13,86|32,45|9,66|99,29|66,70|80,37|16,58|69,30|38,79|86,99|48,3|9,32|9,69|30,26|70,38|45,80/9,62=9,69,30,26,62
85,87|38,14|80,24|24,96|38,85|28,3|29,26|97,80|38,20|87,8|26,28|8,83|56,21|38,29|21,69|20,56|14,33|0,81|33,0|38,97/38,96=38,97,80,24,96
95,81|68,54|95,96|4,92|57,42|66,31|96,22|81,76|17,7|76,66|42,17|95,68|45,4|22,11|18,67|11,91|95,45|54,18|95,57|92,59/95,31=95,81,76,66,31
16,71|4,93|83,57|8,24|71,15|83,8|57,58|33,32|85,4|83,85|93,11|5,0|63,22|58,66|66,35|87,16|83,87|24,33|0,63|83,5/83,22=83,5,0,63,22
14,7|39,22|70,25|90,47|52,91|25,52|83,93|39,70|47,63|39,41|99,5|93,14|39,83|18,99|39,75|37,48|41,18|75,90|33,37|22,33/39,91=39,70,25,52,91
30,12|6,18|45,3|6,16|52,72|95,25|81,99|18,30|6,81|12,68|99,50|49,45|6,76|72,85|16,49|25,29|76,52|6,92|50,63|92,95/6,63=6,81,99,50,63
60,72|69,43|77,8|38,60|52,29|69,64|69,25|25,45|26,86|54,26|64,54|48,77|92,38|94,48|69,94|71,39|43,52|45,71|69,92|29,4/69,72=69,92,38,60,72
74,53|77,76|23,55|72,29|4,30|29,97|18,23|55,60|53,72|30,3|2,70|74,14|24,96|70,66|74,18|66,33|14,4|74,24|96,77|74,2/74,60=74,18,23,55,60
67,72|97,78|78,84|32,67|69,14|43,87|14,18|32,97|84,93|11,69|32,43|80,58|32,11|54,45|32,57|87,54|72,80|24,60|57,24|60,71/32,18=32,11,69,14,18
2,90|93,2|57,61|58,33|7,39|90,40|79,5|70,65|33,13|11,79|39,49|61,87|11,98|11,19|5,70|87,20|11,93|19,7|98,58|11,57/11,20=11,57,61,87,20
50,83|26,42|10,30|78,40|50,13|13,15|29,26|83,91|63,32|96,76|58,64|91,96|15,10|50,54|50,78|54,29|50,58|99,93|64,99|40,63/50,32=50,78,40,63,32
50,75|50,30|74,29|50,44|32,85|24,45|28,0|44,97|71,37|97,28|75,92|80,24|50,32|85,71|70,69|50,74|29,73|73,89|92,70|30,80/50,0=50,44,97,28,0
84,83|20,98|48,54|84,53|53,41|57,77|9,88|42,9|93,33|92,48|88,99|84,93|98,73|33,57|84,20|86,6|73,7|83,92|84,42|41,86/84,7=84,20,98,73,7
95,23|85,94|79,10|94,35|30,97|54,47|85,28|85,30|18,0|97,18|40,54|67,72|10,48|28,44|8,40|35,95|85,62|85,8|62,79|44,67/85,0=85,30,97,18,0
19,27|11,10|21,35|55,61|31,13|45,21|61,71|35,90|18,19|55,18|13,23|25,31|15,34|9,11|27,26|71,15|55,25|28,9|55,28|55,45/55,10=55,28,9,11,10
30,58|24,87|30,68|50,35|97,77|35,26|85,97|68,32|70,71|71,14|74,65|30,25|25,85|42,50|58,11|14,41|30,42|11,74|32,24|30,70/30,41=30,70,71,14,41
46,11|62,98|68,10|19,61|15,68|15,24|15,81|22,83|93,16|24,86|86,46|15,7|81,19|16,4|15,22|83,41|41,55|61,51|10,62|7,93/15,51=15,81,19,61,51
42,44|65,76|79,83|7,99|65,95|46,61|26,24|99,86|65,46|86,90|65,11|11,81|38,96|76,26|61,38|95,50|50,79|65,7|24,41|81,42/65,44=65,11,81,42,44
89,82|90,20|20,97|13,30|21,25|68,49|7,9|89,80|1,27|25,1|26,68|98,40|89,19|89,98|80,26|82,90|79,13|89,21|40,7|19,79/89,9=89,98,40,7,9
91,50|47,99|62,12|50,71|66,30|30,62|51,52|51,91|51,85|82,93|16,31|94,82|69,16|99,5|55,69|51,66|51,55|71,81|85,94|52,47/51,93=51,85,94,82,93
95,98|5,40|10,85|14,62|60,70|60,34|60,29|85,14|60,81|34,2|70,94|94,54|35,30|44,35|60,10|2,95|40,45|54,51|81,5|29,44/60,45=60,81,5,40,45
98,52|83,76|34,39|86,24|61,14|3,83|81,3|95,54|86,67|86,81|14,98|67,18|18,34|82,57|86,61|23,42|17,82|86,23|24,17|42,95/86,57=86,24,17,82,57
59,88|69,63|18,93|33,45|21,71|15,83|5,69|71,25|45,60|21,5|21,59|63,80|47,36|21,33|60,41|21,35|25,18|35,46|46,15|88,47/21,93=21,71,25,18,93
94,80|51,88|37,30|87,51|57,22|13,65|13,57|65,87|30,34|63,0|0,35|13,98|75,37|98,69|22,39|69,94|39,46|13,75|13,63|35,11/13,88=13,65,87,51,88
27,52|70,42|47,58|97,39|81,29|39,81|88,5|88,97|73,9|5,70|20,47|87,35|88,27|88,20|88,46|42,92|46,73|9,33|58,31|52,87/88,33=88,46,73,9,33
87,35|99,43|48,50|83,34|83,65|4,26|83,30|35,36|50,3|43,29|65,87|83,71|34,99|30,92|89,48|83,89|92,75|71,1|1,4|75,68/83,68=83,30,92,75,68
55,64|3,84|27,81|27,47|64,10|42,17|19,41|27,98|81,55|87,72|47,19|31,3|72,48|17,57|41,49|27,31|27,92|92,87|84,11|98,42/27,11=27,31,3,84,11
12,1|58,78|32,54|68,23|23,21|49,68|31,58|49,72|85,32|3,79|79,75|54,88|72,12|21,73|49,3|1,35|49,31|75,25|49,85|78,2/49,2=49,31,58,78,2
69,36|23,41|97,69|38,43|50,45|36,66|41,13|87,38|17,50|55,3|75,9|59,55|17,89|43,10|17,87|53,59|17,53|17,97|89,23|45,75/17,10=17,87,38,43,10
46,71|30,39|54,82|3,29|39,37|78,69|29,73|38,1|30,11|64,95|71,54|1,84|37,78|95,50|73,48|30,38|30,46|84,15|11,64|30,3/30,82=30,46,71,54,82
80,26|72,71|88,82|88,75|71,6|6,25|33,86|89,30|82,33|88,66|12,80|75,15|88,12|66,89|15,5|86,20|26,94|30,41|88,72|5,11/88,20=88,82,33,86,20
27,34|27,9|9,51|19,42|41,66|27,25|22,41|39,6|27,82|21,75|34,19|63,14|27,63|82,22|6,84|32,68|51,32|42,10|14,21|25,39/27,84=27,25,39,6,84
38,30|17,20|62,90|92,5|93,68|17,77|77,28|68,80|80,22|17,85|48,62|5,66|85,48|17,93|17,92|66,75|20,36|28,11|36,38|11,67/17,22=17,93,68,80,22
61,65|59,47|72,70|96,4|4,61|73,92|73,59|27,2|64,45|5,6|70,86|73,96|73,78|47,5|89,72|19,64|78,19|92,91|73,89|91,27/73,6=73,59,47,5,6
6,70|70,73|4,17|56,80|21,87|64,6|32,38|21,32|62,36|43,92|36,43|2,86|38,2|21,62|71,56|46,78|21,4|21,64|87,71|17,46/21,78=21,4,17,46,78
51,64|60,46|98,28|58,87|62,31|62,98|27,49|4,88|92,60|62,58|28,81|88,93|62,59|87,51|49,47|59,92|55,27|81,32|62,55|31,4/62,32=62,98,28,81,32
64,70|19,56|70,24|47,34|47,92|17,5|57,9|58,63|85,91|92,86|47,72|86,85|72,39|39,17|47,68|47,19|76,57|34,64|68,76|56,58/47,91=47,92,86,85,91
75,91|37,58|58,10|76,90|10,3|52,33|64,75|64,37|24,29|90,97|97,89|41,46|47,78|63,47|64,7|33,24|64,76|7,63|91,41|64,52/64,46=64,75,91,41,46
48,23|48,57|34,45|51,46|93,74|90,3|48,93|23,8|45,21|50,47|48,73|57,49|26,94|74,26|82,51|73,82|48,35|35,34|49,90|8,50/48,94=48,93,74,26,94
82,47|43,51|5,92|9,52|50,18|85,50|51,99|82,89|82,35|47,97|53,5|82,65|89,43|37,0|82,9|97,37|41,24|52,41|65,85|35,53/82,0=82,47,97,37,0
27,63|89,46|4,0|35,96|99,37|88,71|0,64|38,40|76,4|37,74|89,24|24,25|25,27|89,76|86,99|89,35|96,88|40,75|89,86|46,38/89,63=89,24,25,27,63
38,27|39,23|18,79|38,44|58,64|27,6|44,73|73,89|45,55|50,18|64,39|82,45|6,15|38,50|55,83|38,82|15,37|89,95|79,68|38,58/38,37=38,27,6,15,37
22,83|72,98|41,33|98,37|17,95|6,20|33,35|37,73|91,7|80,17|72,68|83,6|72,22|72,90|72,48|48,80|4,91|90,41|73,79|68,4/72,95=72,48,80,17,95
85,26|49,11|9,7|45,90|11,85|90,43|42,95|43,21|7,37|64,58|65,60|14,42|32,14|9,49|9,93|9,32|93,64|58,25|9,45|37,65/9,26=9,49,11,85,26
19,72|41,83|73,9|67,40|18,50|50,73|89,42|62,19|81,41|72,29|89,81|54,70|89,18|89,54|70,65|89,62|42,32|65,58|32,67|83,87/89,40=89,42,32,67,40
49,48|93,56|36,73|50,78|50,49|39,79|50,10|19,46|64,93|10,19|81,40|46,34|48,39|2,36|78,64|73,44|50,2|40,1|47,81|50,47/50,44=50,2,36,73,44
78,77|32,83|32,53|83,61|49,11|99,65|21,64|61,57|65,78|53,70|11,28|70,34|32,41|32,99|29,37|34,97|41,49|32,21|57,81|64,29/32,28=32,41,49,11,28
4,74|7,81|85,90|73,4|6,75|59,8|8,14|64,13|1,73|85,86|75,48|86,7|85,1|85,17|97,64|81,49|47,59|17,97|90,6|85,47/85,74=85,1,73,4,74
89,19|70,35|62,80|70,7|59,49|70,89|34,15|7,78|93,32|67,3|35,1|19,54|70,93|1,59|32,67|15,23|70,34|54,71|23,29|78,62/70,29=70,34,15,23,29
98,26|58,37|29,98|38,21|26,16|56,5|5,6|37,20|58,56|34,61|21,60|58,29|6,39|64,17|18,38|32,89|58,18|58,34|61,32|20,64/58,17=58,37,20,64,17
17,67|36,37|81,45|38,13|5,18|13,0|45,97|90,95|67,71|5,79|5,14|18,81|14,17|7,62|5,25|95,42|37,7|5,36|79,38|25,90/5,42=5,25,90,95,42
76,16|42,79|60,49|20,13|13,82|36,99|5,69|36,59|36,73|73,54|16,45|48,53|59,76|36,20|79,65|99,42|49,48|82,71|36,60|54,5/36,53=36,60,49,48,53
20,68|71,89|60,61|73,27|13,94|20,87|12,38|20,23|20,57|61,64|77,16|57,62|59,12|68,60|97,13|89,73|62,77|87,97|23,59|20,71/20,38=20,23,59,12,38
17,36|16,65|6,70|6,24|36,62|26,17|24,16|6,42|52,0|38,2|65,68|86,67|70,49|11,61|6,26|6,11|42,58|49,38|58,86|61,52/6,2=6,70,49,38,2
81,36|27,43|67,8|67,40|67,82|40,71|75,25|23,14|82,61|69,27|61,75|67,49|56,69|71,48|8,28|48,41|28,81|14,1|67,56|49,23/67,43=67,56,69,27,43
17,62|30,6|93,7|18,91|4,39|86,32|18,30|34,75|65,15|75,86|18,64|6,12|12,83|18,34|91,17|63,93|15,4|64,63|18,65|62,99/18,32=18,34,75,86,32
89,99|3,40|0,74|65,32|25,46|97,20|65,0|74,18|46,69|75,71|99,94|65,55|40,75|18,26|32,64|59,89|55,25|65,3|65,59|64,97/65,20=65,32,64,97,20
87,99|88,29|77,88|76,30|8,87|77,10|45,8|23,90|60,33|36,76|74,61|92,16|16,23|71,74|77,45|29,60|77,36|10,71|77,92|30,19/77,19=77,36,76,30,19
43,15|32,43|67,48|38,1|39,85|38,39|85,20|15,27|38,67|1,14|20,58|48,22|73,25|38,73|22,17|36,23|31,6|14,31|38,32|25,36/38,17=38,67,48,22,17
40,57|82,23|17,13|94,36|82,3|82,17|3,20|84,71|57,79|53,26|82,40|20,53|79,90|22,4|87,60|82,84|71,94|13,22|23,59|59,87/82,26=82,3,20,53,26
24,59|45,78|83,81|60,76|7,58|64,14|24,45|19,60|81,64|74,73|58,74|24,83|78,33|24,19|27,43|76,75|43,98|33,84|24,7|59,27/24,84=24,45,78,33,84
78,73|16,17|24,66|66,15|44,41|17,89|73,77|44,78|0,30|44,16|90,27|39,0|44,3|19,22|89,7|44,90|27,19|3,39|77,34|41,24/44,34=44,78,73,77,34
49,43|12,28|20,69|17,60|64,57|23,54|20,17|60,23|20,49|20,68|94,71|51,7|57,76|41,6|43,41|20,51|68,64|69,86|86,94|7,12/20,54=20,17,60,23,54
36,13|60,15|49,68|44,11|97,22|72,44|18,24|60,97|48,88|60,58|21,48|60,49|88,14|15,72|60,21|58,36|22,46|68,18|46,34|13,12/60,14=60,21,48,88,14
22,19|22,84|32,74|8,11|77,25|11,13|58,85|83,88|88,89|89,36|84,8|25,16|22,32|22,83|3,58|22,47|68,10|47,77|74,68|19,3/22,85=22,19,3,58,85
74,57|19,99|41,19|80,58|18,5|51,13|13,14|9,82|14,75|31,41|74,31|74,80|69,89|74,52|74,51|52,42|42,9|57,18|5,0|58,69/74,75=74,51,13,14,75
46,51|26,69|36,42|69,46|98,13|26,98|51,86|15,68|30,28|53,30|39,21|78,53|21,55|59,36|38,39|26,78|89,59|26,89|13,15|26,38/26,55=26,38,39,21,55
54,34|58,93|87,82|6,11|80,87|34,5|15,78|44,6|53,15|5,99|50,53|82,65|86,14|86,50|11,79|14,58|93,16|86,44|86,54|86,80/86,16=86,14,58,93,16
48,24|69,79|1,91|3,25|0,47|14,46|32,48|3,14|89,0|84,33|3,30|46,69|17,81|3,89|30,17|33,1|3,84|47,49|25,32|81,75/3,75=3,30,17,81,75
55,44|40,70|91,28|69,62|28,16|91,92|97,49|49,40|92,55|68,90|3,8|35,69|45,68|91,35|62,36|91,97|44,9|16,3|90,84|91,45/91,70=91,97,49,40,70
72,0|79,65|32,62|47,2|84,9|84,79|9,92|35,61|84,89|84,15|21,38|3,47|84,46|92,72|89,35|38,6|61,51|46,21|15,3|65,32/84,0=84,9,92,72,0
40,57|82,23|17,13|22,4|82,3|82,17|3,20|84,71|57,79|53,26|82,40|20,53|79,90|87,60|94,36|82,84|71,22|13,87|23,59|59,94/82,26=82,3,20,53,26
93,3|79,30|29,79|35,29|26,54|80,5|35,74|74,42|6,19|35,4|35,80|35,93|5,47|30,83|42,6|4,2|2,10|10,49|3,26|47,32/35,49=35,4,2,10,49
59,97|5,88|88,0|38,80|80,68|28,38|28,24|23,36|24,46|28,20|28,59|20,5|73,23|68,22|95,52|45,73|28,45|46,95|97,66|66,79/28,36=28,45,73,23,36
8,44|8,50|8,71|57,94|96,39|8,22|50,96|13,29|39,32|78,16|4,57|22,60|66,90|8,40|17,78|40,4|71,13|29,12|60,66|44,17/8,94=8,40,4,57,94
13,19|13,35|58,25|94,41|65,44|55,61|13,48|13,3|11,0|40,58|13,50|19,40|50,65|3,9|44,8|35,11|61,17|9,94|48,55|0,68/13,8=13,50,65,44,8
76,45|84,43|20,13|22,20|61,95|48,8|76,38|57,48|76,58|68,26|43,87|45,63|63,68|76,23|76,17|23,22|95,77|58,61|17,57|38,84/76,77=76,58,61,95,77
71,24|9,61|11,43|23,21|24,31|45,29|23,14|14,71|23,1|23,32|23,84|76,99|1,85|21,9|99,18|32,76|84,91|61,6|91,11|85,45/23,18=23,32,76,99,18
87,56|87,44|4,59|83,72|32,60|2,86|45,2|59,81|66,43|72,26|47,66|87,90|87,83|44,45|56,4|26,48|98,32|87,39|39,47|90,98/87,86=87,44,45,2,86
11,84|41,38|94,49|60,99|71,11|49,31|51,44|13,45|97,94|71,70|84,22|44,75|71,41|71,97|38,13|64,60|75,16|70,64|71,51|22,32/71,16=71,51,44,75,16
35,54|44,59|34,76|75,42|37,73|73,9|16,56|61,68|47,10|16,61|56,24|68,35|9,17|24,47|16,37|42,44|16,38|38,94|16,75|94,34/16,76=16,38,94,34,76
30,54|71,55|43,0|71,36|67,30|71,94|28,87|84,57|60,80|55,84|87,88|57,47|0,64|71,28|71,72|72,43|36,60|80,34|94,67|88,73/71,34=71,36,60,80,34
9,43|9,45|43,47|28,39|47,70|49,95|46,2|89,28|9,16|3,46|95,14|9,3|96,42|68,93|70,97|16,89|45,49|9,68|2,48|93,96/9,48=9,3,46,2,48
43,24|55,27|29,34|98,10|27,86|85,58|79,5|14,57|5,98|55,79|95,36|86,43|55,14|57,29|55,81|58,4|55,85|22,95|81,22|4,37/55,24=55,27,86,43,24
14,82|31,63|45,12|61,31|45,33|89,36|19,96|33,91|92,61|20,14|80,83|82,57|45,92|45,19|45,20|96,27|8,80|12,8|27,10|91,89/45,10=45,19,96,27,10
43,1|3,43|3,25|98,79|6,60|31,26|25,80|27,94|94,36|1,31|3,65|60,34|3,69|30,39|34,68|65,27|86,98|69,86|3,6|80,30/3,79=3,69,86,98,79
45,74|22,43|76,16|16,94|94,45|76,62|76,17|62,27|76,70|70,80|36,35|76,22|80,75|75,44|27,86|35,51|43,54|54,6|86,15|17,36/76,15=76,62,27,86,15
1,92|0,58|28,70|26,68|92,28|16,9|1,6|70,20|6,49|1,56|41,59|12,57|58,76|1,0|37,12|49,16|76,77|1,41|56,37|59,26/1,68=1,41,59,26,68
48,22|14,7|31,15|48,6|47,44|87,58|15,81|25,17|34,73|6,25|12,83|66,31|48,66|22,87|44,12|17,9|48,34|73,14|58,53|48,47/48,83=48,47,44,12,83
28,74|0,31|14,86|81,56|54,23|49,54|91,20|32,49|74,5|47,97|39,60|99,91|20,73|0,47|56,39|97,14|0,32|0,99|0,81|31,28/0,23=0,32,49,54,23
99,5|39,22|70,25|90,14|52,91|25,52|83,93|39,70|14,7|39,41|47,63|93,99|39,83|18,47|39,75|37,48|41,18|75,90|33,37|22,33/39,91=39,70,25,52,91
31,29|36,12|44,21|67,36|21,60|98,55|0,87|44,24|60,22|44,75|55,78|12,13|75,38|22,23|48,98|29,65|24,31|44,48|44,67|38,0/44,78=44,48,98,55,78
26,83|42,92|92,48|26,23|84,24|56,84|96,19|19,9|83,80|46,56|99,6|26,96|26,46|43,42|26,43|45,44|80,45|9,69|23,99|6,87/26,69=26,96,19,9,69
91,16|32,26|87,6|55,93|90,43|91,32|63,40|18,55|16,25|26,80|91,58|80,47|8,90|25,87|91,18|83,63|43,54|93,65|91,8|58,83/91,65=91,18,55,93,65
41,5|17,28|51,73|79,75|60,32|86,69|96,17|48,51|48,30|30,96|48,78|48,86|36,67|90,71|69,41|78,53|73,60|48,90|71,36|53,79/48,75=48,78,53,79,75
54,9|24,84|28,10|12,16|31,13|28,88|56,77|14,12|28,20|88,47|3,56|35,64|10,3|28,46|47,54|28,31|13,24|20,14|46,35|64,48/28,84=28,31,13,24,84
78,73|33,81|84,40|9,80|63,33|78,35|11,62|35,84|62,0|0,49|73,31|90,30|92,9|40,36|7,92|78,7|31,90|78,26|26,63|78,11/78,80=78,7,92,9,80
81,26|45,46|52,81|8,48|90,96|51,52|62,38|26,37|46,68|23,0|51,39|68,22|48,69|51,90|39,23|51,43|0,99|96,62|43,8|51,45/51,38=51,90,96,62,38
8,21|84,29|59,12|91,87|91,22|91,54|75,66|91,16|65,40|87,62|16,75|12,58|80,8|66,83|54,80|91,67|22,59|29,24|62,65|67,84/91,24=91,67,84,29,24
31,97|37,31|91,65|37,41|1,26|37,55|23,91|26,76|97,86|34,23|99,90|55,66|66,22|90,35|37,99|41,1|86,81|35,83|22,72|37,34/37,72=37,55,66,22,72
71,15|63,34|52,86|11,33|15,42|14,53|14,71|78,39|34,78|14,63|14,18|14,96|53,50|42,92|18,95|45,55|95,52|96,45|55,28|50,11/14,92=14,71,15,42,92
85,67|58,79|85,71|85,41|79,47|32,38|30,20|84,72|85,4|71,95|20,69|67,58|38,80|95,14|56,84|14,23|85,81|4,56|81,32|41,30/85,69=85,41,30,20,69
36,30|91,44|32,85|57,51|65,94|28,15|70,28|89,45|51,32|94,59|65,13|65,56|65,57|13,87|65,46|62,91|46,70|59,89|56,62|87,36/65,85=65,57,51,32,85
65,7|60,64|43,14|90,43|46,60|10,77|90,50|89,18|50,51|94,55|90,20|23,48|14,94|83,65|90,89|86,46|20,83|90,86|18,10|51,23/90,7=90,20,83,65,7
61,69|28,5|1,33|33,45|21,15|8,92|43,73|28,61|69,43|10,72|28,77|64,46|46,93|28,65|65,1|11,21|77,64|5,11|72,8|28,10/28,93=28,77,64,46,93
89,47|89,74|6,59|21,62|47,6|2,82|74,57|67,69|89,67|89,46|62,50|57,98|89,93|93,21|80,79|82,3|69,80|98,54|59,40|46,2/89,79=89,67,69,80,79
51,82|8,2|82,8|52,16|91,12|81,91|53,39|51,81|51,46|2,1|80,53|25,23|26,52|23,6|39,88|51,80|12,65|6,84|46,26|51,25/51,1=51,82,8,2,1
14,32|31,30|84,64|31,58|38,35|51,14|61,84|97,61|45,47|7,38|29,12|52,7|31,29|46,9|30,51|58,45|31,52|47,20|31,97|12,46/31,32=31,30,51,14,32
0,95|59,88|13,45|42,33|81,8|65,50|42,82|39,25|8,40|25,76|88,65|55,13|95,20|73,55|42,59|77,81|82,39|42,77|33,0|42,73/42,20=42,33,0,95,20
22,39|22,54|22,13|27,91|8,96|78,4|83,80|22,38|65,61|13,65|39,35|54,46|89,73|91,30|38,27|61,41|35,78|46,89|22,8|96,83/22,41=22,13,65,61,41
54,84|0,3|5,83|28,51|48,46|75,73|54,28|73,44|83,96|46,0|4,5|84,97|54,58|54,4|97,31|51,15|15,42|31,81|54,48|58,75/54,44=54,58,75,73,44
16,23|66,81|96,66|7,98|77,14|93,77|9,21|10,90|23,96|85,42|15,1|72,38|1,10|16,9|16,5|16,15|5,93|38,7|16,72|21,85/16,42=16,9,21,85,42
5,77|20,71|77,0|71,50|39,5|39,58|48,93|6,95|88,63|95,48|63,89|39,6|0,92|60,85|39,70|39,60|58,88|85,32|32,31|70,20/39,93=39,6,95,48,93
12,33|65,55|70,16|89,21|97,73|35,89|4,59|97,35|73,25|28,4|42,22|25,65|22,91|21,48|97,42|91,90|97,19|16,12|97,70|19,28/97,48=97,35,89,21,48
24,58|46,30|7,83|83,92|63,65|46,63|85,31|19,28|91,70|70,90|28,85|36,50|65,24|46,7|44,36|46,44|50,95|92,40|46,19|30,91/46,58=46,63,65,24,58
61,89|29,82|98,94|0,29|61,27|27,0|6,20|89,21|79,2|20,69|69,87|66,37|21,66|85,64|94,79|99,36|61,6|61,98|61,85|64,99/61,2=61,98,94,79,2
8,98|88,81|85,72|45,53|72,58|58,34|99,64|8,38|81,83|8,47|47,48|8,79|73,65|38,45|53,31|79,88|65,14|8,85|48,99|98,73/8,31=8,38,45,53,31
59,14|59,23|0,55|20,40|59,61|51,24|99,0|61,20|59,42|40,66|24,2|42,99|85,83|23,69|59,71|18,85|94,38|71,18|14,51|69,94/59,83=59,71,18,85,83
81,53|18,50|81,5|62,75|4,0|50,44|7,4|35,37|55,39|89,95|39,62|72,7|37,11|53,18|81,72|81,35|81,55|5,21|21,89|11,61/81,44=81,53,18,50,44
53,52|65,84|93,65|24,96|84,48|41,97|50,9|91,53|45,17|50,93|74,66|0,12|50,24|96,45|9,91|12,74|50,39|50,0|83,41|39,83/50,48=50,93,65,84,48
6,0|45,82|41,16|55,38|5,14|29,67|10,60|55,56|16,10|55,5|55,41|56,75|30,7|75,51|38,45|55,29|51,92|14,6|82,93|67,30/55,92=55,56,75,51,92
54,50|2,0|54,40|14,68|50,84|59,58|19,61|61,42|9,59|0,14|54,57|54,19|10,96|84,80|54,2|40,10|42,22|80,93|96,92|57,9/54,58=54,57,9,59,58
74,28|12,3|76,16|6,29|28,63|24,69|99,6|96,74|51,61|98,92|98,34|3,51|34,76|92,24|98,75|98,12|16,88|75,99|98,96|69,40/98,61=98,12,3,51,61
49,48|3,49|31,34|61,43|85,17|17,54|85,3|48,56|82,69|85,82|54,12|69,31|43,33|33,74|85,61|2,93|12,95|26,2|5,26|85,5/85,93=85,5,26,2,93
39,71|71,62|55,9|78,14|10,33|98,65|89,52|33,89|78,10|78,18|14,98|3,44|65,57|11,20|4,23|18,39|20,3|78,11|78,55|9,4/78,44=78,11,20,3,44
82,9|55,67|93,71|48,46|71,52|13,94|46,55|40,97|14,13|52,65|65,60|9,78|88,5|93,82|93,48|93,14|93,40|97,88|78,6|94,30/93,67=93,48,46,55,67
30,35|75,82|30,75|12,41|35,15|62,10|30,33|33,34|53,0|15,24|49,91|30,49|24,96|20,62|91,53|30,80|26,9|80,20|82,26|34,12/30,96=30,35,15,24,96
67,60|87,55|0,37|17,98|59,87|78,17|48,78|44,19|12,25|19,5|25,39|30,53|30,22|60,0|53,12|30,96|96,59|30,67|22,44|30,48/30,5=30,22,44,19,5
63,98|79,11|49,72|72,33|49,79|23,21|98,30|49,55|11,37|37,38|21,87|57,83|33,57|55,53|49,63|53,96|87,39|96,40|49,23|30,65/49,38=49,79,11,37,38
48,99|25,33|33,7|48,44|83,14|66,34|48,90|48,6|44,88|90,25|8,64|79,92|99,79|28,85|92,69|88,66|48,8|64,83|85,89|6,28/48,14=48,8,64,83,14
46,86|90,44|75,68|94,75|94,10|44,60|94,93|31,49|68,76|89,31|49,72|93,65|94,22|79,95|65,79|71,46|22,71|94,89|10,90|76,7/94,95=94,93,65,79,95
28,76|49,85|70,98|70,49|98,5|16,28|91,22|70,91|22,63|33,40|57,51|85,27|70,20|5,33|20,16|63,46|70,57|27,4|1,10|51,1/70,46=70,91,22,63,46
10,14|24,32|76,39|15,8|0,76|51,9|24,13|41,10|24,0|24,63|3,78|39,87|63,15|24,75|9,4|32,51|75,54|8,55|54,3|13,41/24,87=24,0,76,39,87
41,37|46,22|10,41|14,58|94,35|39,12|70,19|24,94|10,75|75,46|22,71|72,60|19,72|10,24|10,70|10,39|8,4|35,7|12,8|37,14/10,58=10,41,37,14,58
10,33|64,24|10,90|23,62|10,0|37,91|22,4|84,37|49,30|0,26|30,22|26,12|90,23|59,84|62,66|33,95|10,49|12,14|95,64|10,59/10,91=10,59,84,37,91
18,51|88,1|14,89|68,75|12,0|24,90|94,24|12,58|73,88|90,11|58,68|12,13|21,33|12,21|13,7|33,14|12,94|75,23|7,18|0,73/12,1=12,0,73,88,1
26,70|54,84|88,26|74,17|12,32|97,1|46,8|97,88|97,12|50,72|70,98|7,57|17,30|97,7|1,74|72,65|18,50|32,54|57,46|97,18/97,84=97,12,32,54,84
99,41|41,56|82,78|19,77|99,0|56,58|25,33|73,4|51,73|99,19|99,51|33,61|4,49|58,65|99,72|23,46|77,23|78,54|72,25|0,82/99,65=99,41,56,58,65
40,65|9,25|19,58|93,32|65,20|59,19|98,33|82,96|25,98|59,40|30,6|6,50|96,93|58,75|59,72|72,30|59,82|75,29|59,9|20,71/59,29=59,19,58,75,29
7,41|54,50|41,92|76,85|99,76|93,45|85,31|43,93|43,21|45,88|43,99|91,97|88,98|3,7|14,13|43,54|50,91|21,14|13,11|43,3/43,97=43,54,50,91,97
98,83|36,62|95,15|36,82|15,28|36,89|79,92|92,29|62,98|82,64|57,0|36,88|36,94|17,74|64,17|83,96|94,95|88,93|89,79|93,57/36,28=36,94,95,15,28
50,30|0,35|53,95|95,22|8,53|40,54|39,72|72,3|9,33|54,50|71,85|79,9|30,45|35,71|40,77|77,79|40,39|40,8|40,0|3,43/40,22=40,8,53,95,22
5,84|29,89|72,60|64,51|89,4|86,29|64,5|45,21|60,45|51,3|55,80|80,50|64,86|3,76|64,72|59,18|64,63|76,71|63,55|84,59/64,18=64,5,84,59,18
75,68|58,13|19,3|99,24|25,86|24,93|40,95|3,33|53,5|33,8|68,82|75,53|75,97|75,19|75,40|95,58|10,55|82,25|5,10|97,99/75,55=75,53,5,10,55
91,21|96,56|80,94|56,63|37,18|63,80|76,89|96,84|26,59|84,76|5,20|3,31|96,5|24,3|21,26|20,37|96,91|89,11|31,88|96,24/96,11=96,84,76,89,11
32,36|98,34|43,22|32,43|32,27|81,56|14,3|34,21|36,81|21,39|83,60|32,98|97,14|56,35|32,25|25,83|29,20|22,29|60,13|27,97/32,20=32,43,22,29,20
98,57|36,62|95,15|36,82|15,28|36,89|79,92|92,29|62,98|82,64|17,74|36,88|36,94|83,96|64,83|57,0|94,95|88,93|89,79|93,17/36,28=36,94,95,15,28
47,34|34,13|47,37|46,2|30,98|45,36|86,23|75,88|19,45|37,33|33,30|47,75|36,93|13,67|47,86|47,19|67,58|73,95|88,46|23,73/47,58=47,34,13,67,58
6,79|61,21|55,86|26,58|58,34|39,6|39,61|89,66|21,55|10,68|39,89|87,52|77,28|34,32|39,48|48,36|39,26|66,77|36,87|79,10/39,86=39,61,21,55,86
36,10|89,22|50,75|87,61|16,86|87,89|87,64|71,93|87,31|40,73|31,69|87,71|64,30|61,36|22,40|10,81|26,94|69,50|30,16|93,26/87,94=87,71,93,26,94
46,68|51,59|46,12|10,91|26,6|46,56|12,19|46,11|77,76|50,69|46,10|91,26|81,51|68,81|83,61|56,83|11,50|19,77|69,63|61,78/46,76=46,12,19,77,76
9,58|17,10|14,93|71,33|91,69|14,9|93,71|60,46|42,90|14,42|33,74|58,60|90,62|14,49|14,50|50,17|49,4|62,79|10,73|4,91/14,69=14,49,4,91,69
80,85|41,49|14,80|14,77|4,28|71,97|49,31|75,72|14,0|28,81|43,75|14,60|14,4|35,89|77,43|51,35|85,71|0,51|60,41|81,70/14,31=14,60,41,49,31
66,54|35,24|52,6|15,63|0,15|99,5|81,35|81,0|81,77|77,51|12,76|5,2|24,66|63,17|81,83|6,72|81,42|42,52|51,12|83,99/81,54=81,35,24,66,54
67,3|31,97|94,9|70,2|48,19|6,79|18,67|68,37|79,68|61,94|18,61|46,74|9,87|18,6|3,48|21,76|18,31|76,70|18,21|97,46/18,37=18,6,79,68,37
4,69|99,88|29,38|99,31|99,47|99,39|88,45|99,17|80,7|45,42|38,50|42,77|76,80|69,2|94,19|47,61|39,29|17,4|61,94|31,76/99,19=99,47,61,94,19
3,50|18,31|37,18|87,44|31,47|37,81|14,3|37,87|57,56|37,16|35,66|81,67|47,29|67,57|36,14|44,93|37,36|93,96|16,68|68,35/37,56=37,81,67,57,56
57,25|44,5|15,31|80,51|5,10|44,47|44,57|91,20|84,15|79,80|25,76|7,24|47,79|83,7|44,65|65,84|10,91|76,40|42,83|44,42/44,20=44,5,10,91,20
3,70|26,34|89,32|33,31|44,33|77,3|34,44|60,88|69,15|15,7|7,71|82,77|36,48|48,47|47,13|32,60|26,82|26,36|26,89|26,69/26,70=26,82,77,3,70
20,22|4,72|37,60|48,55|20,4|64,7|22,28|20,24|19,96|20,94|72,75|24,37|28,19|94,78|32,18|60,80|7,32|20,64|75,62|78,48/20,96=20,22,28,19,96
57,85|7,5|2,38|21,96|69,24|69,21|69,12|66,11|96,2|36,76|5,19|11,86|69,57|27,36|85,87|86,22|87,30|12,7|24,27|69,66/69,76=69,24,27,36,76
74,38|4,77|74,50|74,27|40,75|76,84|70,47|39,1|27,40|85,62|74,70|74,4|50,39|38,33|77,76|47,67|33,85|1,22|75,7|67,46/74,7=74,27,40,75,7
91,98|98,81|5,22|22,66|21,5|21,38|50,11|43,52|81,73|83,86|64,35|21,50|25,83|11,43|66,90|21,91|74,87|21,64|35,74|38,25/21,73=21,91,98,81,73
18,30|93,73|94,65|0,44|30,27|56,40|48,86|27,52|44,72|40,55|35,94|70,48|72,11|93,2|2,70|73,35|93,18|93,36|93,0|36,56/93,11=93,0,44,72,11
78,40|85,88|17,37|12,68|5,86|12,63|12,8|12,81|8,22|68,90|22,62|90,59|37,5|81,53|62,29|88,15|12,17|59,93|53,78|63,85/12,86=12,17,37,5,86
58,3|95,92|30,12|25,32|92,26|73,95|12,43|40,11|99,37|43,48|79,30|3,98|79,58|32,47|79,25|98,71|37,40|79,99|47,10|79,73/79,48=79,30,12,43,48
80,98|70,0|80,66|80,60|34,74|91,99|69,31|15,69|14,37|0,47|60,34|98,58|80,70|47,25|66,15|58,14|80,90|74,13|99,44|90,91/80,13=80,60,34,74,13
24,67|31,38|31,77|91,48|77,58|70,72|67,37|4,6|22,19|54,70|6,28|68,54|58,22|31,68|31,4|82,24|31,82|38,91|48,47|28,61/31,61=31,4,6,28,61
54,72|12,4|12,65|4,52|43,77|52,43|65,54|38,56|21,38|24,21|17,81|12,76|72,8|63,42|81,32|12,24|12,97|76,17|42,59|97,63/12,56=12,24,21,38,56
5,6|40,5|19,31|6,90|13,0|35,30|84,99|99,19|93,87|84,57|31,36|57,35|84,93|84,40|52,13|84,52|53,51|30,80|0,81|87,53/84,81=84,52,13,0,81
50,47|26,38|79,34|26,79|26,40|44,2|47,31|2,0|31,22|84,21|71,94|34,71|7,23|38,30|17,81|40,44|26,50|23,17|30,84|26,7/26,22=26,50,47,31,22
93,59|25,87|87,92|45,76|83,6|83,25|6,99|99,0|38,93|76,69|92,84|20,13|13,23|67,45|83,67|83,38|83,88|88,20|0,11|59,7/83,69=83,67,45,76,69
17,56|72,39|92,48|1,74|56,78|51,89|77,3|52,29|1,17|39,90|1,79|78,49|1,51|74,72|48,57|67,77|7,67|89,52|1,7|79,92/1,49=1,17,56,78,49
75,13|70,80|72,7|97,57|5,89|89,45|16,97|96,28|70,96|28,72|70,5|57,39|13,81|70,16|45,40|4,8|80,75|74,14|70,74|14,4/70,39=70,16,97,57,39
7,82|80,1|56,26|63,91|64,36|24,11|20,13|24,64|36,7|10,40|24,19|79,93|24,56|26,80|81,79|24,10|19,81|13,47|40,63|11,20/24,93=24,19,81,79,93
10,13|60,45|78,76|21,6|84,31|76,43|80,18|77,53|6,80|17,78|42,14|53,42|13,60|31,89|10,2|10,17|2,84|10,77|10,21|45,90/10,14=10,77,53,42,14
67,65|56,14|67,10|67,70|76,93|67,54|57,6|10,76|70,56|67,46|88,18|14,1|77,60|75,57|80,88|93,11|46,75|13,77|65,13|54,80/67,1=67,70,56,14,1
51,66|28,59|11,48|51,87|45,63|48,28|75,52|63,42|51,86|85,26|87,79|90,50|50,95|51,45|13,85|51,11|42,76|66,13|86,90|79,75/51,95=51,86,90,50,95
6,68|5,18|6,64|18,52|31,55|6,44|39,37|6,29|6,40|64,5|71,99|55,43|40,31|58,39|63,57|29,63|57,88|68,58|44,71|99,10/6,52=6,64,5,18,52
5,90|90,75|5,66|59,53|43,4|66,46|46,94|34,88|75,63|58,47|89,13|53,32|5,34|94,40|63,25|88,43|13,58|14,59|5,89|5,14/5,4=5,34,88,43,4
64,54|6,44|2,82|43,16|82,92|49,55|64,49|68,10|44,77|31,18|92,9|64,68|10,43|51,53|89,51|64,89|53,41|54,6|55,31|64,2/64,9=64,2,82,92,9
11,9|19,27|56,11|24,23|30,19|97,41|66,44|53,30|23,66|90,21|17,90|97,17|99,91|97,37|97,53|97,24|41,58|37,56|21,52|58,99/97,27=97,53,30,19,27
37,83|97,72|93,96|50,60|30,37|72,78|83,44|14,5|97,69|78,70|5,50|63,46|97,30|66,23|97,63|46,93|23,27|69,66|70,12|97,14/97,60=97,14,5,50,60
24,74|51,87|74,17|18,56|28,5|87,46|8,10|8,38|8,84|14,9|84,47|29,18|9,4|10,14|25,29|47,28|8,25|8,69|69,51|38,24/8,5=8,84,47,28,5
72,39|39,81|98,51|97,0|51,30|0,83|72,36|50,96|89,33|49,11|33,85|72,98|85,7|72,97|30,45|83,90|11,60|72,89|36,49|81,50/72,90=72,97,0,83,90
54,32|97,78|97,72|61,74|72,89|78,40|97,71|40,0|63,8|36,88|71,63|21,37|89,21|97,2|32,68|88,61|97,36|2,54|0,29|8,77/97,77=97,71,63,8,77
35,58|32,25|14,2|13,14|64,50|48,39|82,0|66,42|13,82|39,70|1,52|2,90|90,28|13,48|52,64|25,35|70,47|13,32|0,66|13,1/13,58=13,32,25,35,58
1,87|28,1|87,75|92,23|28,37|8,56|73,8|28,46|65,70|37,73|28,82|57,30|75,18|82,86|30,41|86,65|24,92|29,57|46,24|28,29/28,18=28,1,87,75,18
62,29|85,78|17,37|12,68|5,86|12,63|12,8|12,81|8,22|68,90|22,88|90,59|37,5|81,53|88,15|78,40|12,17|59,93|53,62|63,85/12,86=12,17,37,5,86
92,0|56,30|30,63|77,31|81,38|49,81|3,92|56,8|17,3|63,84|38,35|56,85|85,39|57,74|47,57|84,53|56,17|56,49|8,47|39,77/56,0=56,17,3,92,0
35,90|51,12|51,36|12,16|34,15|11,69|63,46|93,65|65,35|46,0|16,32|32,52|36,3|51,93|51,34|51,63|0,84|28,58|3,11|15,28/51,69=51,36,3,11,69
85,50|7,21|21,74|80,85|97,47|98,71|29,89|35,7|27,32|92,56|89,3|29,40|29,98|36,97|29,62|71,92|29,35|62,36|3,27|40,80/29,56=29,98,71,92,56
82,73|73,85|56,21|50,68|82,23|9,35|75,29|85,9|78,75|41,27|68,19|82,56|52,78|0,54|82,52|46,18|21,41|18,0|82,46|23,50/82,19=82,23,50,68,19
79,84|83,63|99,7|22,52|28,14|5,26|83,32|7,33|63,99|52,16|32,66|16,19|83,20|66,28|13,79|83,5|98,64|26,98|83,22|20,13/83,84=83,20,13,79,84
25,24|5,61|3,81|77,54|5,94|61,85|45,64|81,45|70,9|24,93|94,25|85,49|68,70|56,77|49,87|5,0|5,56|0,68|54,89|5,3/5,87=5,61,85,49,87
40,58|96,98|29,51|9,34|52,9|26,96|52,60|60,26|61,40|95,4|58,14|52,0|52,43|0,68|68,29|90,46|34,95|43,47|47,90|52,61/52,4=52,9,34,95,4
94,64|94,84|41,19|65,74|98,65|94,10|84,33|64,22|63,98|39,48|48,93|34,70|91,39|94,91|33,41|10,34|79,69|70,25|22,79|94,63/94,74=94,63,98,65,74
50,84|15,58|15,50|15,67|94,95|89,59|82,61|67,23|75,98|58,69|15,16|36,57|34,96|23,82|84,94|16,29|15,36|69,34|57,75|29,89/15,96=15,58,69,34,96
5,45|25,59|14,39|25,14|45,27|59,50|24,62|27,86|47,66|25,69|12,38|58,37|25,5|39,99|99,82|38,42|50,58|69,12|25,24|62,47/25,86=25,5,45,27,86
22,98|80,49|89,0|98,29|89,80|94,85|29,48|52,46|61,76|0,50|89,94|89,28|50,52|85,63|33,61|28,33|26,38|49,26|63,13|89,22/89,13=89,94,85,63,13
18,30|93,73|48,86|0,44|30,27|56,94|40,55|27,52|44,72|94,65|35,48|70,40|72,11|93,2|2,70|73,35|93,18|93,36|93,0|36,56/93,11=93,0,44,72,11
47,87|76,16|76,96|76,47|6,38|35,7|96,35|67,26|26,69|48,91|21,67|7,18|40,36|57,6|87,40|91,1|76,21|76,48|1,14|16,57/76,18=76,96,35,7,18
99,32|51,25|41,35|35,99|66,23|23,1|49,79|50,66|13,51|10,26|10,49|11,14|19,72|72,11|10,41|26,13|10,19|56,80|79,56|10,50/10,32=10,41,35,99,32
10,78|74,38|19,70|70,65|50,63|63,82|74,97|74,84|83,10|28,59|84,55|99,81|26,83|38,19|74,26|81,28|74,99|60,30|97,50|55,60/74,65=74,38,19,70,65
30,58|74,65|30,68|50,24|97,77|24,87|85,97|68,32|70,71|71,14|35,26|30,25|25,85|42,50|58,11|14,41|30,42|11,35|32,74|30,70/30,41=30,70,71,14,41
88,18|86,43|60,95|9,2|88,6|95,9|18,62|89,31|40,89|6,51|88,64|88,40|64,86|88,60|31,50|43,59|19,44|62,19|93,46|51,93/88,2=88,60,95,9,2
3,24|40,77|33,96|77,33|27,13|96,84|42,49|21,69|40,59|51,21|24,30|30,53|59,51|49,22|40,3|87,42|40,87|83,15|13,83|40,27/40,69=40,59,51,21,69
91,37|0,96|58,31|38,44|58,80|80,11|34,56|31,42|78,34|98,15|58,57|44,66|58,39|11,76|37,0|58,91|76,73|39,78|42,98|57,38/58,15=58,31,42,98,15
63,56|64,44|44,63|16,78|64,42|64,59|6,86|36,6|91,67|59,55|64,91|55,79|64,3|67,16|3,94|99,11|42,36|94,99|79,37|56,22/64,78=64,91,67,16,78
68,46|60,80|6,12|60,5|5,29|73,35|80,95|60,21|29,18|36,64|64,3|12,68|95,2|3,92|78,73|60,36|60,6|21,78|2,76|18,81/60,81=60,5,29,18,81
51,59|96,81|5,96|33,51|7,52|19,71|71,45|64,33|95,64|13,7|95,82|35,13|6,70|89,6|43,89|45,14|82,5|95,43|95,19|95,35/95,59=95,64,33,51,59
59,95|62,55|61,79|17,97|57,98|28,57|33,61|97,34|62,28|62,17|62,91|55,65|79,51|62,33|27,19|34,92|95,80|98,83|91,59|65,27/62,92=62,17,97,34,92
50,84|15,58|15,50|15,67|94,95|75,98|89,59|67,23|82,61|58,69|15,16|36,57|34,96|23,89|84,94|16,29|15,36|69,34|57,82|29,75/15,96=15,58,69,34,96
24,48|31,38|31,77|91,70|77,58|67,37|48,47|4,6|22,19|54,67|6,28|68,54|58,22|31,68|31,4|82,24|31,82|38,91|70,72|28,61/31,61=31,4,6,28,61
62,20|79,38|20,35|70,91|91,90|90,95|25,8|19,87|98,88|37,25|59,19|79,59|38,62|79,46|79,37|46,69|69,98|79,70|8,14|87,52/79,35=79,38,62,20,35
38,88|34,62|38,78|47,13|13,55|16,80|38,26|26,35|17,64|68,74|77,68|35,16|53,17|78,47|88,34|38,77|38,12|12,53|74,32|62,82/38,80=38,26,35,16,80
45,47|42,36|91,82|39,42|7,8|82,67|39,56|15,49|56,61|39,88|49,12|67,19|39,91|36,75|61,45|39,46|8,72|46,15|88,7|75,14/39,72=39,88,7,8,72
29,58|81,23|74,21|10,74|73,3|12,98|21,91|98,25|11,73|58,35|82,29|28,92|11,10|23,28|3,50|11,81|25,5|50,99|11,12|11,82/11,91=11,10,74,21,91
17,51|27,40|40,94|10,29|87,3|17,27|35,87|13,55|74,10|17,39|51,74|39,13|17,95|75,7|55,41|94,86|7,47|95,35|17,75|47,92/17,29=17,51,74,10,29
65,84|12,91|72,29|15,5|84,95|12,6|1,26|0,65|7,72|6,30|5,35|91,42|30,1|12,0|12,7|9,15|42,20|20,78|12,9|29,51/12,51=12,7,72,29,51
82,30|57,99|21,85|57,84|57,64|54,86|84,22|33,88|79,31|99,93|16,5|93,33|22,21|86,94|31,25|5,82|57,16|57,79|25,63|64,54/57,88=57,99,93,33,88
42,44|65,76|79,83|7,99|65,95|46,61|26,86|99,38|65,46|38,96|65,11|11,81|24,41|76,26|61,24|95,50|50,79|65,7|86,90|81,42/65,44=65,11,81,42,44
8,75|13,66|32,74|13,41|60,42|41,86|59,9|66,99|86,72|99,76|9,60|45,93|93,51|76,1|13,8|13,59|11,45|72,47|75,32|13,11/13,51=13,11,45,93,51
70,90|76,14|70,30|98,12|38,57|87,10|70,76|70,58|58,16|12,74|10,6|92,99|30,87|70,20|20,69|16,38|90,98|89,54|14,89|69,92/70,99=70,20,69,92,99
3,38|6,92|58,43|61,6|43,3|1,97|32,30|66,86|50,66|86,17|38,78|58,50|30,94|97,76|58,10|58,61|58,28|92,52|28,32|10,1/58,94=58,28,32,30,94
10,40|80,16|52,36|94,8|94,82|36,3|64,54|12,64|51,62|69,10|40,46|16,42|18,12|94,52|8,80|82,70|3,27|94,69|94,18|70,51/94,42=94,8,80,16,42
2,24|36,3|94,36|94,67|76,34|90,7|92,86|67,57|23,21|94,90|94,56|3,76|94,2|7,38|24,45|45,64|38,52|57,92|21,68|56,23/94,86=94,67,57,92,86
8,75|13,66|32,74|13,41|76,1|41,86|59,9|66,99|86,60|99,72|9,76|45,93|93,51|72,47|13,8|13,59|11,45|60,42|75,32|13,11/13,51=13,11,45,93,51
54,99|15,46|20,92|42,70|61,98|6,42|99,81|46,88|91,73|91,51|93,20|5,61|51,5|91,93|91,15|91,22|88,21|92,86|22,6|73,54/91,21=91,15,46,88,21
64,35|87,58|4,66|82,99|66,88|99,45|32,94|82,49|82,24|82,50|49,56|12,87|82,64|24,4|61,11|35,32|50,12|16,15|56,61|45,16/82,11=82,49,56,61,11
4,51|57,73|7,45|62,13|17,36|53,7|53,41|53,4|9,91|53,62|13,67|45,9|86,15|73,84|53,76|67,90|41,57|76,86|51,17|15,25/53,90=53,62,13,67,90
96,3|3,62|62,4|5,53|53,88|72,59|78,28|96,60|75,78|96,80|96,7|40,19|80,72|59,55|7,47|4,71|96,75|47,40|28,44|60,5/96,44=96,75,78,28,44
7,60|9,58|3,46|13,66|77,82|11,17|60,13|17,90|7,9|55,1|58,84|23,77|84,81|1,3|7,55|25,23|7,11|7,25|66,35|90,95/7,82=7,25,23,77,82
76,53|54,75|55,93|19,15|75,39|55,19|80,1|55,23|55,81|15,26|90,76|93,54|81,85|26,25|55,95|23,97|95,90|97,42|85,80|42,8/55,8=55,23,97,42,8
26,44|44,76|76,87|74,84|42,89|5,7|19,94|87,59|86,5|73,6|26,86|7,72|26,42|26,74|26,19|33,18|84,73|89,33|40,71|94,40/26,71=26,19,94,40,71
99,90|92,30|90,62|92,22|92,35|48,39|15,48|40,54|49,91|83,4|1,99|8,40|44,60|60,66|92,1|91,83|22,15|30,44|92,49|35,8/92,66=92,30,44,60,66
54,32|46,28|46,8|79,52|95,86|58,94|28,58|46,13|94,23|52,18|46,27|8,79|36,95|27,38|6,26|55,54|38,6|25,36|13,55|46,25/46,23=46,28,58,94,23
29,84|58,29|3,46|3,57|75,78|47,58|3,96|46,39|3,47|81,26|96,56|18,88|20,99|56,81|99,60|88,76|57,20|3,41|41,18|39,75/3,78=3,46,39,75,78
9,2|9,7|92,1|36,11|9,64|2,97|1,39|81,83|32,68|12,15|15,89|68,85|9,19|97,36|51,92|83,14|9,51|19,81|64,12|7,32/9,39=9,51,92,1,39
67,58|1,11|46,91|12,88|60,80|57,89|28,57|85,33|85,81|11,60|84,69|98,67|69,78|81,28|85,12|33,98|85,39|39,84|88,46|85,1/85,78=85,39,84,69,78
19,86|39,6|17,4|5,8|17,5|59,39|10,58|8,68|4,84|17,42|17,10|58,18|84,74|17,0|42,46|68,24|74,79|46,19|0,59|18,29/17,29=17,10,58,18,29
17,31|98,3|11,41|7,6|80,51|41,34|7,22|13,15|68,26|7,98|31,88|22,9|6,17|5,68|32,5|46,11|9,13|7,32|3,80|7,46/7,51=7,98,3,80,51
5,22|76,52|61,91|5,8|70,48|83,35|59,61|10,69|5,32|22,39|32,7|90,83|39,80|89,59|7,70|69,76|80,47|5,89|5,10|8,90/5,35=5,8,90,83,35
76,41|10,61|41,51|61,99|99,94|70,87|76,10|74,88|17,57|22,67|59,33|96,63|51,96|33,74|76,17|67,70|57,93|93,35|76,59|76,22/76,63=76,41,51,96,63
75,93|3,85|48,4|19,58|75,61|0,62|75,0|75,49|93,60|22,52|61,65|65,3|49,55|60,19|75,96|55,48|35,22|62,87|87,70|96,35/75,70=75,0,62,87,70
51,46|22,53|89,75|15,35|75,38|80,32|73,68|22,84|53,34|26,89|22,67|84,39|39,4|32,51|22,26|22,80|67,40|4,71|40,73|34,15/22,68=22,67,40,73,68
72,91|60,20|64,48|20,18|62,54|48,44|84,94|90,2|18,62|60,27|60,93|94,68|85,72|93,32|60,85|32,90|60,26|27,64|91,35|26,84/60,35=60,85,72,91,35
6,68|5,18|6,64|18,52|31,99|6,44|55,43|6,29|6,40|64,5|71,39|99,10|40,31|58,55|63,57|29,63|57,88|68,58|44,71|39,37/6,52=6,64,5,18,52
4,10|58,78|58,11|62,36|44,43|43,62|20,51|11,18|78,50|18,20|58,72|99,81|49,25|50,4|79,99|58,44|72,79|58,68|25,5|68,49/58,81=58,72,79,99,81
27,10|73,33|2,85|85,27|78,74|38,52|55,81|9,30|72,32|52,72|74,9|81,16|64,78|64,38|64,2|64,18|18,55|64,73|58,13|33,58/64,30=64,78,74,9,30
2,72|68,2|19,80|42,34|80,42|68,19|7,14|23,56|72,55|86,9|68,60|41,23|48,83|16,33|83,86|33,7|55,84|60,41|68,16|68,48/68,9=68,48,83,86,9
66,70|66,72|76,3|70,55|9,8|63,80|66,31|60,98|67,78|21,76|87,2|72,21|31,67|78,12|83,9|55,60|66,83|66,87|2,63|8,95/66,12=66,31,67,78,12
40,27|60,23|40,67|40,63|63,57|16,79|90,15|67,51|40,74|51,87|64,91|42,16|87,83|23,95|91,90|40,64|57,80|74,60|27,42|80,21/40,21=40,63,57,80,21
98,34|54,72|97,96|1,99|61,49|79,1|34,83|49,97|66,15|54,38|29,70|67,98|27,29|72,27|54,61|50,79|54,50|54,67|38,66|15,59/54,70=54,72,27,29,70
14,43|31,14|4,95|30,51|41,76|51,48|94,83|30,41|30,4|70,1|76,44|61,97|30,70|95,94|59,50|44,53|43,90|1,59|30,31|48,61/30,90=30,31,14,43,90
87,94|0,43|95,70|90,52|43,47|37,16|81,69|70,0|52,5|95,54|95,87|61,90|95,61|59,19|95,34|16,53|94,59|34,37|54,81|69,21/95,5=95,61,90,52,5
44,23|21,68|69,50|1,17|15,38|70,1|50,92|90,86|86,87|17,93|12,69|14,9|90,12|90,21|90,70|90,44|0,83|87,15|23,14|68,0/90,93=90,70,1,17,93
50,47|67,36|52,58|32,11|73,93|59,10|10,70|47,72|44,4|85,50|73,85|55,28|73,59|70,64|73,55|69,67|93,69|73,32|11,44|28,52/73,64=73,59,10,70,64
46,82|38,53|92,46|3,41|82,75|31,43|6,12|54,6|53,33|54,21|21,59|62,29|12,62|54,94|41,71|77,38|59,31|94,3|54,92|54,77/54,71=54,94,3,41,71
89,62|33,14|55,19|86,18|19,87|86,33|86,8|18,89|35,76|15,99|86,26|26,55|14,35|88,69|8,60|49,15|86,49|99,61|60,88|62,44/86,69=86,8,60,88,69
17,30|45,91|14,41|50,70|7,32|6,7|77,4|70,15|16,28|48,50|29,45|29,16|29,6|28,17|41,77|32,43|29,48|29,14|57,66|91,57/29,4=29,14,41,77,4
3,75|0,76|76,32|54,22|73,10|75,53|66,83|87,47|63,16|37,87|54,3|53,52|70,37|54,0|54,63|16,66|32,98|18,73|54,70|22,18/54,47=54,70,37,87,47
97,72|1,91|29,24|58,38|52,1|35,33|78,87|52,42|24,35|52,29|52,58|91,97|87,10|7,57|44,7|57,69|38,63|52,44|63,93|42,78/52,69=52,44,7,57,69
32,10|24,81|21,24|32,38|37,35|38,45|32,92|32,60|95,8|35,65|8,78|97,26|10,95|56,28|60,21|45,56|54,50|50,97|32,54|92,37/32,78=32,10,95,8,78
46,96|82,61|82,52|87,44|29,77|24,72|47,87|44,79|34,38|82,80|77,74|82,46|82,47|50,7|52,29|15,24|96,34|7,12|80,50|61,15/82,38=82,46,96,34,38
17,56|72,48|92,52|1,74|56,78|51,89|77,3|39,90|1,17|48,57|1,79|78,49|1,51|74,72|52,29|67,77|7,67|89,39|1,7|79,92/1,49=1,17,56,78,49
40,76|31,25|36,61|88,58|80,31|59,52|93,3|67,12|36,80|36,26|76,71|3,84|84,82|26,40|58,67|36,93|25,56|61,59|36,88|52,66/36,12=36,88,58,67,12
94,53|72,61|88,40|81,94|33,81|50,33|50,28|61,45|64,20|78,93|50,54|54,72|6,64|98,88|50,95|28,6|99,78|68,98|50,68|95,99/50,40=50,68,98,88,40
71,4|23,82|96,89|56,32|60,66|17,73|51,53|51,3|38,96|68,60|10,71|66,42|39,56|51,23|51,10|53,38|82,17|51,68|4,46|3,39/51,32=51,3,39,56,32
20,68|71,89|60,13|73,27|77,16|20,87|12,38|20,23|20,57|13,94|61,64|57,62|59,12|68,60|97,77|89,73|62,61|87,97|23,59|20,71/20,38=20,23,59,12,38
21,41|43,2|22,43|32,79|10,88|40,61|32,10|88,40|90,34|56,3|41,71|79,56|32,12|78,22|32,4|4,21|32,78|12,0|3,42|0,90/32,34=32,12,0,90,34
9,98|80,52|9,48|98,61|9,50|86,70|9,4|50,80|61,77|36,3|9,64|48,86|1,79|3,49|77,95|52,28|64,76|70,72|76,1|4,36/9,95=9,98,61,77,95
80,76|95,49|95,40|49,39|13,5|40,80|73,54|51,19|95,73|95,14|78,15|30,12|15,62|39,30|14,51|54,13|95,78|76,47|19,1|62,44/95,47=95,40,80,76,47
50,67|52,58|47,72|32,11|73,93|59,10|10,70|67,36|44,4|85,50|73,85|55,28|73,59|70,64|73,55|69,52|93,69|73,32|11,44|28,47/73,64=73,59,10,70,64
38,27|32,26|54,52|97,94|19,68|54,50|52,38|17,19|55,37|54,17|50,55|54,32|26,64|37,14|64,87|68,93|35,59|94,35|54,97|27,1/54,93=54,17,19,68,93
43,36|45,25|30,76|32,48|13,15|51,49|15,24|9,18|74,0|36,32|74,29|74,51|18,73|76,90|73,35|0,13|49,45|29,30|74,43|74,9/74,48=74,43,36,32,48
69,12|69,31|27,35|29,17|69,83|54,77|5,29|63,82|69,54|33,74|0,33|77,63|83,52|12,5|39,73|31,64|52,39|69,34|64,27|34,0/69,82=69,54,77,63,82
50,7|50,88|7,26|93,65|2,48|29,42|50,15|53,29|24,53|19,39|88,93|15,1|4,2|1,19|94,4|65,64|26,73|50,94|50,24|73,60/50,48=50,94,4,2,48
56,40|47,17|89,48|48,22|4,9|51,3|96,47|9,29|56,80|10,83|28,96|80,89|56,4|56,65|56,28|29,62|65,10|40,51|3,2|83,0/56,0=56,65,10,83,0
90,35|84,74|59,81|81,64|46,67|69,84|71,48|71,90|31,56|56,95|48,42|95,6|51,69|29,59|42,46|12,34|71,29|35,12|71,51|71,31/71,74=71,51,69,84,74
18,26|88,71|20,2|20,86|23,0|39,46|20,29|20,18|72,31|86,72|32,37|82,4|71,23|20,88|9,32|60,82|31,24|29,60|2,9|26,39/20,24=20,86,72,31,24
1,40|15,31|41,94|84,15|19,49|85,67|29,71|71,91|43,84|19,93|19,29|28,1|19,28|94,61|19,43|49,41|67,36|40,70|91,39|93,85/19,70=19,28,1,40,70
26,58|17,26|20,80|24,12|39,15|4,69|58,20|0,9|12,51|51,22|45,10|41,39|15,94|99,65|65,45|17,99|17,24|17,0|17,41|9,4/17,69=17,0,9,4,69
89,19|70,35|54,71|70,7|59,49|70,89|34,15|7,78|93,32|62,80|35,1|19,67|70,93|1,59|32,62|15,23|70,34|67,3|23,29|78,54/70,29=70,34,15,23,29
88,56|78,21|3,26|97,38|38,84|76,1|91,76|79,4|21,59|26,79|88,11|74,43|59,94|64,74|56,91|11,97|43,45|88,3|88,78|88,64/88,1=88,56,91,76,1
77,51|84,85|5,9|83,2|29,83|7,12|50,29|61,22|5,20|91,4|5,7|20,84|87,44|12,91|22,87|85,55|51,88|9,77|5,61|5,50/5,88=5,9,77,51,88
77,40|55,3|60,67|55,10|64,16|39,8|3,75|75,35|67,81|70,71|55,99|21,56|16,77|35,80|99,86|86,39|71,21|10,60|55,70|55,64/55,8=55,99,86,39,8
64,31|97,35|79,82|5,89|82,66|64,50|47,40|31,86|50,97|64,79|86,47|3,95|85,24|35,43|64,46|66,88|46,23|89,3|64,5|23,85/64,24=64,46,23,85,24
44,4|53,43|15,93|10,75|61,85|29,44|15,51|75,61|43,59|55,38|74,95|51,53|15,10|38,6|6,70|93,69|15,55|4,83|69,74|15,29/15,85=15,10,75,61,85
11,84|41,38|94,60|22,32|71,11|60,99|51,44|13,45|97,94|71,70|84,49|44,75|71,41|71,97|38,13|64,22|75,16|70,64|71,51|49,31/71,16=71,51,44,75,16
69,47|6,24|57,6|76,69|76,79|47,35|23,62|76,57|11,21|21,98|24,40|72,66|66,10|35,70|76,80|49,12|80,11|79,72|76,23|62,49/76,10=76,79,72,66,10
37,13|84,63|34,66|63,74|84,34|51,22|0,53|84,77|66,51|84,37|53,71|70,41|77,19|74,56|84,0|13,12|71,97|19,70|56,40|12,72/84,97=84,0,53,71,97
99,72|50,54|99,82|82,37|65,75|38,66|42,51|34,49|99,42|51,34|54,65|1,12|99,56|69,78|56,92|92,69|32,1|37,38|99,50|72,32/99,75=99,50,54,65,75
90,57|90,17|99,47|5,96|90,82|17,5|90,99|3,20|82,63|40,79|47,84|84,72|1,70|11,3|63,1|86,40|50,11|90,50|96,76|57,86/90,72=90,99,47,84,72
36,18|60,15|49,68|44,11|97,22|72,44|46,34|60,97|48,88|60,58|21,48|60,49|88,14|15,72|60,21|58,36|22,13|68,46|13,12|18,24/60,14=60,21,48,88,14
12,73|17,89|25,20|17,86|14,48|17,26|23,99|86,25|73,36|17,12|47,3|55,23|48,8|17,0|3,16|26,14|89,47|0,55|36,60|20,46/17,46=17,86,25,20,46
33,46|95,18|14,6|19,78|6,90|42,53|25,95|42,58|28,19|91,47|75,33|53,14|46,17|42,28|42,75|42,12|78,49|88,91|12,25|58,88/42,90=42,53,14,6,90
60,67|60,46|60,13|30,64|39,50|41,14|86,97|26,35|65,37|13,40|46,54|37,0|67,65|54,26|60,39|60,23|23,98|98,30|40,41|50,86/60,64=60,23,98,30,64
81,21|63,45|31,49|71,63|28,96|98,31|45,93|94,14|22,28|61,22|61,1|1,98|61,71|43,81|32,2|21,68|61,43|96,88|61,32|2,94/61,68=61,43,81,21,68
58,39|98,78|39,63|47,83|1,58|38,42|16,59|75,73|2,38|98,1|43,76|74,41|41,75|98,47|76,4|78,43|83,16|9,2|98,74|98,9/98,59=98,47,83,16,59
22,5|78,47|47,44|22,43|72,78|0,71|43,64|22,69|7,73|21,0|22,72|69,21|82,32|50,63|80,65|32,50|31,80|22,82|5,31|64,7/22,44=22,72,78,47,44
56,12|7,34|38,83|7,60|60,88|83,18|7,98|35,56|16,66|0,6|7,25|6,97|98,38|46,43|12,55|25,61|88,16|7,35|34,0|61,46/7,66=7,60,88,16,66
88,45|16,82|60,78|75,93|16,64|16,23|45,86|91,15|72,91|64,28|39,20|54,68|16,77|20,60|68,62|28,75|23,72|77,54|82,88|16,39/16,15=16,23,72,91,15
12,35|44,24|53,60|35,53|21,73|7,21|66,16|71,99|60,6|12,31|16,37|58,7|12,69|99,96|31,71|20,27|12,20|69,66|27,44|12,58/12,37=12,69,66,16,37
33,98|96,77|81,73|73,38|16,43|89,65|81,12|81,97|81,96|81,53|97,99|43,5|72,45|53,33|12,16|52,34|77,89|99,72|38,52|98,59/81,59=81,53,33,98,59
13,81|66,13|46,34|78,50|2,46|6,41|6,14|21,33|6,21|52,22|86,64|41,2|33,86|53,3|54,52|49,66|6,49|6,78|14,54|50,53/6,3=6,78,50,53,3
51,83|88,66|86,13|17,84|45,30|54,51|86,16|63,18|86,22|84,59|97,73|86,38|76,63|86,45|16,76|22,54|13,17|30,97|38,88|66,79/86,59=86,13,17,84,59
78,55|58,67|13,58|4,5|13,4|70,6|5,39|83,90|48,77|63,25|13,51|13,57|57,83|39,27|51,63|67,70|90,42|55,48|25,16|13,78/13,16=13,51,63,25,16
16,10|25,48|92,77|16,84|61,4|35,55|65,38|77,56|16,65|16,96|48,2|95,22|74,33|55,95|4,42|16,35|38,74|96,25|10,92|84,61/16,56=16,10,92,77,56
67,59|97,79|68,0|26,66|39,82|67,1|1,74|79,30|67,58|82,45|30,87|67,97|58,26|67,39|45,80|59,68|60,88|74,60|66,23|0,25/67,80=67,39,82,45,80
11,26|11,27|50,70|11,47|19,12|73,49|27,60|11,42|47,88|12,93|11,61|35,3|42,73|61,19|26,35|49,7|60,50|8,55|88,8|3,38/11,70=11,27,60,50,70
57,76|67,96|48,82|76,93|12,16|13,12|46,68|90,87|1,35|56,57|93,20|32,67|96,17|87,1|56,32|56,46|56,13|68,48|56,90|16,19/56,17=56,32,67,96,17
68,98|52,47|59,1|54,65|47,75|54,3|65,41|54,59|3,52|54,39|14,22|1,85|39,91|54,23|41,57|22,50|23,14|85,9|57,36|91,68/54,36=54,65,41,57,36
56,12|7,34|38,46|7,60|60,88|46,43|7,98|35,56|16,66|0,83|7,25|83,18|98,38|6,97|12,55|25,61|88,16|7,35|34,0|61,6/7,66=7,60,88,16,66
3,34|86,51|90,50|3,48|13,76|71,7|48,8|79,69|7,31|61,53|51,13|25,71|3,25|49,61|3,90|8,79|3,86|34,49|10,84|50,10/3,84=3,90,50,10,84
49,43|57,76|20,69|17,60|64,94|23,54|20,17|60,23|20,49|20,68|12,28|51,7|94,71|41,6|43,41|20,51|68,64|69,86|86,12|7,57/20,54=20,17,60,23,54
50,83|10,30|96,76|78,40|50,13|13,15|29,10|83,91|63,32|26,42|58,64|91,26|15,96|50,54|50,78|54,29|50,58|99,93|64,99|40,63/50,32=50,78,40,63,32
85,3|65,91|37,41|9,94|28,30|94,85|41,59|9,65|88,28|9,74|47,79|74,13|13,47|91,36|59,20|36,16|9,37|3,32|30,75|9,88/9,20=9,37,41,59,20
45,60|45,76|69,96|46,8|45,93|71,38|96,19|29,26|89,46|93,98|78,36|60,89|45,71|95,29|76,69|45,6|38,78|98,18|6,95|18,83/45,8=45,60,89,46,8
20,85|49,56|12,32|65,50|67,83|44,67|32,49|85,18|83,73|17,65|80,25|44,17|50,19|44,33|47,63|33,20|73,94|44,12|63,80|44,47/44,19=44,17,65,50,19
56,78|42,39|65,56|45,35|8,67|65,74|91,42|7,69|67,44|82,55|65,53|53,7|35,32|74,91|78,82|69,86|65,40|84,8|40,45|65,84/65,32=65,40,45,35,32
7,28|23,63|36,23|55,7|47,57|53,89|53,85|21,1|51,88|53,73|26,41|88,18|53,62|73,36|89,2|62,55|2,47|53,21|1,26|85,51/53,18=53,85,51,88,18
75,87|39,32|70,1|64,28|50,70|75,91|87,60|68,96|91,50|60,64|46,45|75,0|75,7|19,39|7,19|75,46|23,68|0,23|86,53|45,86/75,28=75,87,60,64,28
75,71|42,66|98,19|50,85|13,79|58,60|1,98|94,95|95,50|58,75|58,94|58,13|33,42|18,44|81,28|79,18|71,81|7,1|60,33|58,7/58,44=58,13,79,18,44
70,85|71,76|29,69|28,98|28,9|28,50|27,29|42,47|25,39|98,48|28,17|85,82|28,70|22,42|50,7|82,14|17,22|48,71|7,25|9,27/28,14=28,70,85,82,14
97,1|21,96|76,98|58,59|98,70|70,13|69,50|95,58|96,97|6,76|6,81|6,95|87,55|6,21|50,31|81,69|4,2|59,40|2,87|6,4/6,31=6,81,69,50,31
55,1|60,58|12,20|12,42|13,92|49,55|81,60|12,9|9,81|80,68|20,63|76,67|12,49|24,56|63,24|67,13|98,80|12,76|42,98|1,53/12,58=12,9,81,60,58
86,59|58,68|73,30|6,94|86,12|64,53|89,64|86,6|66,89|0,1|59,93|94,58|12,55|14,0|93,73|55,75|75,11|86,14|86,66|1,72/86,53=86,66,89,64,53
9,4|55,27|5,34|27,33|97,78|47,39|2,5|0,26|55,76|55,9|33,56|77,97|55,77|26,65|55,50|78,92|4,47|76,0|56,42|50,2/55,39=55,9,4,47,39
8,75|13,66|32,74|13,41|72,47|41,86|59,9|66,99|86,76|99,60|9,72|45,93|93,51|60,42|13,8|13,59|11,45|76,1|75,32|13,11/13,51=13,11,45,93,51
11,91|72,0|96,43|87,77|77,96|9,64|14,62|64,61|41,24|60,10|0,60|3,83|41,87|24,3|41,67|41,11|91,14|41,72|67,9|83,28/41,61=41,67,9,64,61
61,53|23,4|87,8|71,21|61,23|19,71|35,63|48,38|25,46|38,37|4,35|21,5|61,65|61,19|37,36|61,48|53,27|8,11|65,87|27,25/61,11=61,65,87,8,11
49,99|49,7|83,78|85,24|60,3|49,37|70,91|24,62|37,83|76,27|7,70|27,0|49,15|49,76|0,39|6,60|78,32|15,85|99,6|91,63/49,62=49,15,85,24,62
74,79|19,86|17,4|5,8|17,5|59,19|10,58|8,68|4,84|17,42|17,10|58,18|84,39|17,0|42,46|68,24|39,6|46,74|0,59|18,29/17,29=17,10,58,18,29
3,42|73,57|79,7|3,73|57,43|3,18|40,12|30,11|27,50|18,21|21,30|44,27|47,95|42,44|3,40|43,13|24,47|12,79|28,24|3,28/3,11=3,18,21,30,11
89,10|39,16|2,81|76,39|73,87|91,76|34,89|3,23|12,14|23,19|10,54|46,3|81,12|46,34|46,73|20,93|87,20|46,91|19,82|46,2/46,16=46,91,76,39,16
55,52|3,95|98,55|36,99|26,24|36,84|99,43|39,98|2,17|95,80|84,3|4,26|36,19|43,2|12,59|71,4|36,71|19,57|57,12|36,39/36,80=36,84,3,95,80
10,30|41,29|7,25|63,9|70,98|9,90|98,54|25,13|70,7|54,10|13,58|24,41|70,76|0,52|52,38|70,68|76,24|38,23|68,63|70,0/70,23=70,0,52,38,23
1,70|50,26|28,81|52,39|26,0|28,1|81,50|70,2|3,19|80,95|55,96|62,55|12,80|2,49|39,3|28,72|58,12|28,58|28,52|72,62/28,95=28,58,12,80,95
25,80|87,76|25,81|53,14|11,60|75,20|89,75|80,89|7,3|98,7|3,0|49,87|93,49|25,31|25,98|81,50|31,78|78,11|50,53|25,93/25,20=25,80,89,75,20
76,68|46,20|49,35|46,21|94,76|16,59|19,94|79,80|20,81|9,24|46,9|46,18|11,10|46,19|47,79|81,11|59,92|24,49|21,16|18,47/46,10=46,20,81,11,10
29,70|29,45|52,55|67,79|55,51|78,80|31,26|29,46|29,78|79,53|26,58|70,31|51,49|46,16|93,96|80,5|45,67|29,52|16,93|5,84/29,53=29,45,67,79,53
58,62|80,58|70,83|52,70|1,3|52,37|37,76|31,53|52,81|52,1|81,79|42,57|52,40|83,14|40,80|14,46|3,31|10,49|76,42|79,10/52,62=52,40,80,58,62
7,1|55,71|10,11|0,67|48,29|67,21|0,55|21,18|0,7|18,2|4,85|75,20|1,83|11,48|0,4|0,10|71,75|85,65|65,92|83,22/0,2=0,67,21,18,2
45,23|34,32|71,65|23,82|12,2|74,51|32,91|91,26|70,46|71,4|71,7|71,34|58,12|71,58|46,66|7,45|4,70|63,74|2,95|65,63/71,82=71,7,45,23,82
38,56|57,44|87,2|89,1|65,98|57,87|57,16|57,41|57,38|44,65|28,84|19,81|98,70|41,28|2,5|1,17|56,19|5,79|16,89|84,32/57,17=57,16,89,1,17
51,46|22,53|89,15|4,71|15,35|80,32|73,68|22,84|53,34|26,89|22,67|84,39|39,75|32,51|22,26|22,80|67,40|75,38|40,73|34,4/22,68=22,67,40,73,68
58,24|42,86|69,63|9,58|72,45|32,42|9,87|38,49|5,54|61,39|97,40|24,61|54,97|37,38|9,5|9,37|45,69|9,72|49,1|87,32/9,86=9,87,32,42,86
61,99|99,24|19,10|73,43|18,19|18,7|17,61|47,5|18,50|30,21|18,86|37,73|64,83|7,37|21,40|50,93|18,17|93,47|10,64|86,30/18,40=18,86,30,21,40
92,88|20,82|25,99|34,25|65,9|41,16|63,0|20,65|22,87|13,12|20,13|16,63|84,30|9,92|30,6|20,41|6,28|12,22|20,84|82,34/20,0=20,41,16,63,0
49,26|1,81|38,32|94,92|61,83|26,1|49,43|43,99|19,94|49,76|25,19|49,25|99,93|81,3|5,74|32,5|49,38|93,42|83,2|76,61/49,74=49,38,32,5,74
90,78|88,63|8,69|65,85|31,89|16,97|2,88|85,92|86,31|29,65|97,86|16,29|16,82|16,2|16,8|43,96|69,90|63,5|96,30|82,43/16,89=16,97,86,31,89
5,87|20,9|56,63|83,46|97,79|55,11|83,55|13,20|83,56|68,42|38,69|11,97|42,53|29,38|83,13|83,99|9,95|63,5|99,68|46,29/83,53=83,99,68,42,53
85,88|2,58|74,47|32,93|93,90|2,85|58,8|2,78|88,6|99,43|96,28|43,5|2,30|78,32|8,96|16,99|2,16|30,74|47,4|6,17/2,17=2,85,88,6,17
85,19|64,95|20,9|14,29|7,30|95,87|64,40|44,84|72,20|9,26|40,44|17,66|30,14|87,17|64,72|64,7|64,35|84,70|45,85|35,45/64,29=64,7,30,14,29
11,86|12,80|96,15|85,18|12,10|70,49|23,96|12,85|12,4|26,69|86,28|80,23|49,66|12,41|18,74|74,97|95,26|10,11|41,70|4,95/12,15=12,80,23,96,15
28,66|3,87|60,21|0,39|10,22|49,90|87,15|49,28|78,60|15,58|65,61|49,10|22,84|49,78|84,72|90,77|49,3|21,51|77,0|66,65/49,72=49,10,22,84,72
91,50|47,99|16,31|50,62|66,30|30,16|51,52|51,91|51,85|82,93|71,81|94,82|69,71|99,5|55,69|51,66|51,55|62,12|85,94|52,47/51,93=51,85,94,82,93
75,87|70,1|86,53|64,28|50,86|75,91|87,60|68,96|91,50|60,64|46,45|75,0|75,7|19,70|7,19|75,46|23,68|0,23|39,32|45,39/75,28=75,87,60,64,28
75,84|28,2|19,11|22,7|34,0|21,77|34,33|34,28|62,38|88,78|32,75|33,22|76,23|78,21|7,86|2,62|34,19|11,76|0,32|34,88/34,38=34,28,2,62,38
42,53|82,18|80,98|53,9|42,80|9,51|1,76|51,27|89,26|57,58|18,7|10,74|7,8|97,88|98,1|88,10|26,57|42,89|42,82|42,97/42,76=42,80,98,1,76
17,80|20,48|17,14|95,37|17,19|14,84|17,20|68,65|71,36|65,71|80,64|48,95|50,54|73,9|54,97|19,50|17,68|28,15|84,28|64,73/17,97=17,19,50,54,97
50,75|91,51|22,67|13,64|28,58|91,27|27,87|91,55|87,28|91,26|81,46|85,66|26,50|55,81|91,22|67,85|46,44|51,97|97,13|75,7/91,58=91,27,87,28,58
0,22|88,63|67,70|6,67|98,88|70,44|2,40|14,50|33,6|15,0|72,17|33,15|22,82|50,90|63,83|33,2|61,14|40,72|33,61|33,98/33,17=33,2,40,72,17
62,68|97,38|83,80|44,64|37,9|67,20|9,91|20,83|46,54|64,49|67,78|51,37|87,44|38,62|67,51|67,97|67,87|54,33|78,46|80,25/67,68=67,97,38,62,68
64,6|38,48|6,42|60,90|64,63|72,83|63,60|36,89|95,72|90,18|31,70|89,43|64,15|48,34|43,0|42,31|64,95|83,69|15,38|64,36/64,18=64,63,60,90,18
12,39|86,16|90,87|12,27|47,25|16,85|27,10|28,35|85,59|88,28|33,55|39,82|35,84|10,7|12,90|7,2|12,86|12,88|87,47|82,33/12,25=12,90,87,47,25
26,55|81,82|88,69|79,12|58,30|73,31|46,92|67,58|55,46|79,67|79,26|84,73|79,56|69,72|90,88|30,32|12,51|79,90|56,84|51,81/79,82=79,12,51,81,82
43,9|66,40|11,74|11,95|11,17|74,35|17,50|28,84|88,28|11,52|11,66|95,31|50,43|80,73|52,88|35,81|40,80|22,67|81,56|31,22/11,73=11,66,40,80,73
0,24|18,9|8,88|43,41|17,68|52,71|4,99|43,8|9,36|41,85|88,75|43,4|7,1|85,52|43,57|24,17|43,0|57,18|99,7|75,34/43,36=43,57,18,9,36
34,40|71,81|8,49|18,30|71,17|63,89|50,3|17,41|95,9|41,34|9,65|61,2|71,91|3,63|81,92|71,50|71,8|92,18|49,61|91,95/71,89=71,50,3,63,89
79,86|79,44|16,23|75,21|73,63|44,50|21,59|82,94|50,70|94,60|70,15|86,73|59,25|79,75|79,12|63,51|12,93|0,82|79,0|93,16/79,23=79,12,93,16,23
67,4|66,48|66,64|56,11|66,13|13,56|61,67|86,96|32,61|93,36|17,93|5,60|87,17|11,76|96,7|48,86|66,32|66,87|60,69|64,5/66,4=66,32,61,67,4
7,83|18,42|27,96|39,31|41,91|32,39|93,79|77,99|91,55|7,80|57,77|80,57|7,18|3,32|42,93|50,27|89,50|7,3|83,41|7,89/7,31=7,3,32,39,31
28,39|48,32|42,18|26,89|68,54|54,96|5,58|13,78|50,68|28,86|86,24|24,48|49,26|33,42|28,13|78,5|39,49|28,50|18,72|28,33/28,89=28,39,49,26,89
26,91|83,23|60,42|48,32|65,74|51,63|83,26|83,90|23,77|17,68|88,22|77,88|84,43|90,17|91,48|74,84|83,60|42,51|68,66|83,65/83,32=83,26,91,48,32
72,71|72,60|92,40|17,30|40,75|72,26|74,7|76,68|60,92|77,48|48,74|88,17|72,10|70,76|26,88|55,33|71,70|72,77|10,55|33,11/72,30=72,26,88,17,30
17,84|81,96|88,41|1,72|1,30|1,23|99,21|0,60|1,99|1,0|60,94|94,80|84,38|40,82|21,40|30,73|73,81|72,62|23,17|62,88/1,96=1,30,73,81,96
87,48|57,44|33,87|44,67|67,89|60,34|15,99|14,33|79,90|71,15|48,96|14,57|65,13|14,65|72,71|92,45|14,79|13,60|90,92|14,72/14,45=14,79,90,92,45
45,93|62,6|95,63|49,7|32,95|6,98|77,88|36,80|51,82|82,45|64,70|32,49|25,79|88,64|96,62|32,77|63,25|32,51|32,96|7,36/32,79=32,95,63,25,79
92,82|82,45|61,86|45,77|88,4|12,78|61,70|26,72|54,91|78,81|13,25|61,87|86,12|70,46|61,13|7,26|87,7|46,88|61,92|25,54/61,72=61,87,7,26,72
0,22|17,15|27,21|30,27|71,57|74,94|74,85|57,20|16,12|19,54|12,0|97,71|33,92|94,30|74,97|34,33|85,34|74,16|74,19|54,17/74,21=74,94,30,27,21
40,65|32,83|65,90|91,57|32,15|90,36|92,82|82,30|57,68|32,40|1,19|19,44|32,45|45,1|32,37|83,91|43,47|15,92|47,11|37,43/32,11=32,37,43,47,11
83,37|44,32|22,23|44,45|49,3|93,22|30,31|9,61|36,9|44,95|2,49|45,93|44,43|37,77|43,30|95,2|61,80|32,83|44,36|31,48/44,77=44,32,83,37,77
72,25|30,67|91,37|91,73|87,28|86,87|67,79|53,52|91,86|91,23|42,22|73,53|60,42|23,30|37,60|1,72|52,62|91,1|28,19|25,75/91,22=91,37,60,42,22
45,91|82,66|45,67|45,49|52,46|91,98|49,19|79,63|45,61|67,44|10,79|45,22|61,82|22,10|39,80|66,34|98,26|26,32|44,39|19,52/45,34=45,61,82,66,34
4,19|15,53|27,4|96,62|69,32|27,69|71,20|32,87|27,84|87,76|81,5|84,66|27,74|66,15|39,78|19,96|17,81|27,71|74,17|20,39/27,53=27,84,66,15,53
74,51|68,33|84,93|46,82|25,40|74,9|66,64|40,50|74,75|37,66|93,7|9,84|99,68|75,27|74,39|26,25|27,46|51,37|39,99|74,26/74,7=74,9,84,93,7
35,30|52,18|31,54|55,52|99,50|35,27|35,43|80,95|27,83|83,67|54,19|35,31|28,14|43,99|30,55|50,98|95,28|35,80|19,12|67,81/35,14=35,80,95,28,14
37,52|76,34|34,70|13,76|13,86|30,74|12,96|13,12|21,37|13,41|13,7|62,3|16,36|74,98|96,16|41,21|7,30|86,62|70,87|3,32/13,87=13,76,34,70,87
64,84|70,43|45,64|82,30|15,4|0,97|21,6|31,70|15,0|15,45|97,82|84,78|61,21|6,9|15,56|60,12|4,31|15,61|12,34|56,60/15,78=15,45,64,84,78
67,75|80,27|72,15|64,84|99,43|15,76|42,45|76,71|99,42|27,47|99,73|63,19|99,72|45,64|99,24|43,10|24,67|75,35|10,63|73,80/99,47=99,73,80,27,47
37,93|97,72|70,12|50,60|30,37|72,78|93,96|14,5|97,69|78,83|5,50|63,46|97,30|66,23|97,63|46,70|23,27|69,66|83,44|97,14/97,60=97,14,5,50,60
23,86|23,11|60,76|9,27|2,53|15,64|23,6|53,80|86,2|11,67|67,57|43,40|57,42|23,15|76,32|6,43|23,70|70,60|40,51|64,9/23,42=23,11,67,57,42
64,83|39,35|95,59|47,17|69,8|83,69|43,14|23,86|43,23|14,45|43,26|43,91|26,63|63,39|86,81|91,95|45,47|59,57|43,64|81,65/43,17=43,14,45,47,17
57,30|15,42|61,57|42,49|49,53|6,13|13,3|51,66|14,16|59,61|6,15|70,86|80,70|3,51|6,43|6,59|43,80|6,10|91,14|10,91/6,30=6,59,61,57,30
4,97|70,83|60,99|47,60|69,89|47,69|47,43|54,78|99,11|68,71|45,75|43,54|47,4|11,19|97,45|78,58|89,52|71,70|52,21|47,68/47,75=47,4,97,45,75
81,21|63,96|45,93|71,63|28,31|98,45|96,88|94,14|22,28|61,22|61,1|1,98|61,71|43,81|32,2|21,68|61,43|31,49|61,32|2,94/61,68=61,43,81,21,68
46,93|94,72|45,50|90,55|55,54|54,15|50,13|90,42|90,70|12,41|15,24|93,8|88,12|70,88|90,94|72,53|53,89|8,26|42,45|90,46/90,89=90,94,72,53,89
76,93|98,87|98,14|14,79|93,71|79,44|98,9|87,5|73,24|44,94|98,6|28,73|22,37|6,22|9,76|24,96|27,77|37,31|98,28|5,27/98,94=98,14,79,44,94
56,44|33,42|30,2|53,47|98,33|30,76|30,11|30,56|11,43|84,4|88,51|43,88|76,98|58,53|44,93|4,19|30,39|2,84|93,71|39,58/30,42=30,76,98,33,42
54,42|1,79|10,2|75,1|62,0|0,89|96,37|42,41|20,10|77,54|89,59|31,23|31,3|31,62|3,39|90,75|39,96|23,20|31,77|31,90/31,37=31,3,39,96,37
68,8|77,67|67,58|5,56|58,17|98,71|28,47|8,28|68,98|68,77|47,85|68,45|64,82|74,84|42,5|44,12|45,42|68,64|82,44|71,74/68,85=68,8,28,47,85
76,41|10,61|41,51|61,74|74,88|99,94|76,10|70,87|17,57|22,67|59,33|96,63|51,96|33,70|76,17|67,99|57,93|93,35|76,59|76,22/76,63=76,41,51,96,63
73,44|39,47|15,5|15,99|82,25|15,34|34,26|99,39|26,31|15,42|6,58|36,1|15,36|1,82|44,96|5,73|31,78|47,85|20,6|42,20/15,25=15,36,1,82,25
61,73|73,38|78,70|76,72|56,21|64,96|72,22|30,48|30,61|3,78|97,76|30,56|30,64|96,1|6,32|48,3|21,6|1,15|38,98|30,97/30,70=30,48,3,78,70
96,8|73,96|8,88|73,98|32,17|34,60|24,29|92,32|60,47|73,91|91,92|88,43|74,94|42,46|73,74|47,39|73,34|94,24|98,42|46,50/73,17=73,91,92,32,17
33,16|89,54|39,56|47,63|54,19|58,43|16,23|47,3|47,58|43,30|97,33|35,94|56,13|30,40|3,39|25,89|47,25|47,97|76,35|63,76/47,94=47,63,76,35,94
45,54|33,8|13,22|80,13|90,11|42,80|17,88|45,90|99,37|5,53|53,60|40,50|45,99|54,5|11,17|8,36|37,40|45,93|93,33|45,42/45,60=45,54,5,53,60
77,20|80,77|67,56|26,44|61,26|61,91|61,12|56,63|12,67|34,35|27,65|49,27|62,80|61,62|83,54|45,73|91,49|35,83|61,34|44,45/61,65=61,91,49,27,65
48,42|0,45|94,43|17,99|2,44|24,10|94,65|40,17|94,24|94,14|44,0|95,68|10,48|14,95|65,40|94,2|43,97|68,41|97,30|30,19/94,99=94,65,40,17,99
61,35|56,71|61,82|73,16|35,73|68,10|84,6|61,59|59,12|61,78|95,40|71,32|40,30|78,95|62,56|61,62|82,55|16,28|55,68|12,84/61,6=61,59,12,84,6
70,83|23,78|67,48|67,10|67,65|79,27|65,81|95,20|2,44|48,23|20,2|67,66|27,74|10,79|66,54|81,70|30,39|54,30|67,95|78,26/67,39=67,66,54,30,39
33,18|25,23|23,94|94,7|98,33|5,34|43,54|47,82|17,10|25,68|3,5|7,63|38,43|82,17|77,38|25,77|18,6|25,98|68,3|25,47/25,6=25,98,33,18,6
25,35|71,5|46,25|68,4|68,71|68,3|68,82|79,46|4,58|39,97|65,66|5,96|66,86|37,17|82,39|96,98|58,37|97,26|68,79|3,65/68,35=68,79,46,25,35
71,17|24,42|65,31|42,22|44,41|4,93|31,71|50,96|69,72|50,87|46,15|87,98|50,20|96,64|20,24|64,4|98,69|15,44|50,65|50,46/50,72=50,87,98,69,72
38,44|37,41|36,30|46,3|46,27|27,84|41,28|3,38|60,36|84,14|44,1|33,48|71,33|46,95|46,47|47,60|48,2|95,37|46,71|14,12/46,12=46,27,84,14,12
79,76|51,79|70,12|44,82|0,74|70,81|81,35|42,64|12,4|4,28|35,44|70,33|70,89|74,97|33,42|64,3|70,51|76,48|89,0|28,50/70,48=70,51,79,76,48
87,56|87,44|4,26|83,72|59,81|2,86|45,2|26,48|66,43|72,32|47,66|87,90|87,83|44,45|56,4|32,60|98,59|87,39|39,47|90,98/87,86=87,44,45,2,86
66,95|51,99|96,34|6,30|44,61|99,78|66,96|66,6|71,58|30,44|58,67|37,51|66,74|34,77|77,1|74,55|49,92|95,71|66,37|55,49/66,67=66,95,71,58,67
8,50|42,11|80,42|67,8|50,90|59,62|18,75|9,57|27,80|18,67|18,9|18,13|70,81|57,70|75,60|62,29|13,59|60,52|18,27|52,35/18,90=18,67,8,50,90
31,28|57,94|67,32|67,19|59,91|22,95|67,69|33,90|76,59|6,1|19,57|77,33|67,76|91,34|1,22|32,77|69,92|67,6|94,35|92,31/67,90=67,32,77,33,90
62,46|30,71|46,6|62,48|47,64|49,50|29,63|2,49|50,38|3,29|54,47|74,51|6,30|62,3|62,26|26,89|62,2|48,54|63,31|89,74/62,51=62,26,89,74,51
59,44|8,91|24,2|5,32|30,87|72,81|2,59|4,95|5,88|81,30|94,46|5,24|95,40|32,4|5,72|5,8|46,19|91,21|21,85|88,94/5,40=5,32,4,95,40
59,42|39,98|38,46|94,16|25,23|20,31|20,68|68,24|20,64|20,69|64,39|13,94|24,38|17,2|20,25|69,13|23,17|31,66|98,26|66,59/20,42=20,31,66,59,42
35,32|97,35|73,72|11,97|11,38|80,17|54,26|91,62|17,25|11,21|11,29|26,77|32,40|38,91|62,86|11,73|72,27|29,54|27,23|21,80/11,86=11,38,91,62,86
41,42|63,67|83,53|72,57|1,50|11,30|54,68|67,27|63,72|42,1|70,54|63,41|63,76|34,83|76,70|46,90|63,7|27,11|7,34|57,46/63,53=63,7,34,83,53
64,43|85,75|47,53|60,26|75,16|52,80|53,30|80,55|11,60|52,47|83,6|18,64|70,11|52,18|55,83|12,85|52,70|30,73|52,12|43,22/52,6=52,80,55,83,6
90,33|91,18|60,86|5,84|50,23|5,80|70,98|5,21|19,48|23,31|5,91|86,67|80,50|92,72|5,92|21,60|84,77|72,19|77,90|18,70/5,31=5,80,50,23,31
40,6|69,43|4,62|96,29|0,41|99,20|39,73|43,12|69,39|93,40|73,4|89,93|69,58|71,99|41,95|58,0|12,96|69,89|20,85|69,71/69,62=69,39,73,4,62
12,73|17,89|25,20|17,86|14,3|17,26|23,99|86,25|73,48|17,12|47,36|55,23|3,16|17,0|36,60|26,14|89,47|0,55|48,8|20,46/17,46=17,86,25,20,46
82,73|17,14|17,36|89,28|74,51|36,24|25,87|77,52|52,96|17,35|73,18|35,54|19,76|87,74|54,19|17,25|17,13|14,77|24,89|13,82/17,28=17,36,24,89,28
83,48|12,51|32,99|68,21|84,6|14,83|27,87|32,72|99,68|87,31|21,11|72,84|6,69|51,65|32,12|77,27|32,77|75,14|32,75|65,22/32,48=32,75,14,83,48
50,21|21,48|91,88|56,71|52,56|8,28|39,52|69,79|65,91|88,99|71,96|39,19|44,98|39,63|39,44|98,8|94,69|19,94|63,50|39,65/39,79=39,19,94,69,79
58,5|27,18|81,7|12,26|70,20|47,39|12,81|54,97|12,45|7,47|45,71|71,70|21,27|31,58|26,54|12,32|12,21|32,31|97,49|18,34/12,34=12,21,27,18,34
19,48|91,18|60,90|5,84|50,23|5,80|70,98|5,21|86,67|23,31|5,91|90,33|80,50|92,72|5,92|21,60|84,77|72,86|77,19|18,70/5,31=5,80,50,23,31
31,15|48,22|61,93|22,56|6,95|52,21|91,41|48,66|48,61|42,6|92,53|56,92|79,46|15,90|7,42|48,7|66,31|41,79|48,91|93,52/48,95=48,7,42,6,95
38,88|34,62|38,78|47,74|74,32|16,80|38,26|26,35|13,55|68,17|77,68|35,16|53,13|78,47|88,34|38,77|38,12|12,53|17,64|62,82/38,80=38,26,35,16,80
68,92|62,28|97,19|96,25|96,23|86,35|23,75|32,59|92,36|84,68|14,32|75,7|91,65|28,97|7,20|96,91|25,14|65,86|96,84|96,62/96,36=96,84,68,92,36
63,16|16,54|12,4|93,78|0,53|12,20|79,37|52,3|12,63|20,24|4,23|24,61|61,83|23,75|12,52|54,99|75,14|12,93|3,79|78,0/12,14=12,4,23,75,14
91,81|85,78|38,23|70,43|23,85|57,48|27,77|48,73|43,18|47,27|38,70|78,41|73,8|18,98|81,37|38,24|24,47|38,57|37,6|38,91/38,77=38,24,47,27,77
49,36|24,3|84,79|22,24|42,16|84,50|36,39|48,2|73,30|69,1|84,49|55,22|30,70|84,55|50,61|61,69|79,73|39,0|2,42|84,48/84,0=84,49,36,39,0
80,99|3,42|31,56|80,57|56,77|6,87|80,3|42,86|86,91|9,74|57,78|4,81|26,9|80,50|74,82|15,4|99,31|78,6|80,26|50,15/80,87=80,57,78,6,87
71,30|16,40|84,18|51,86|86,56|59,71|46,0|84,51|84,94|84,17|4,13|88,16|18,67|94,88|67,4|17,59|43,46|90,43|84,90|56,64/84,0=84,90,43,46,0
93,11|93,28|28,29|91,73|11,21|82,3|93,91|15,90|29,48|48,50|76,70|96,41|21,15|73,96|70,69|93,12|97,37|12,76|93,82|3,97/93,41=93,91,73,96,41
76,24|98,87|98,14|14,79|24,96|79,44|98,9|87,5|73,27|44,94|98,6|28,73|22,37|6,22|9,76|27,77|93,71|37,31|98,28|5,93/98,94=98,14,79,44,94
34,75|4,85|85,30|99,25|34,28|34,96|25,79|65,13|86,99|98,21|30,3|75,19|61,60|21,97|96,98|28,57|34,4|57,61|34,86|19,65/34,3=34,4,85,30,3
90,87|54,79|87,94|17,56|21,54|80,76|81,12|56,78|96,90|7,22|96,17|96,21|89,81|76,7|79,31|94,60|96,80|96,37|37,89|78,40/96,12=96,37,89,81,12
30,78|68,4|88,13|12,88|46,37|77,41|26,68|37,77|20,22|32,12|20,32|20,46|22,30|82,75|7,82|75,5|20,26|4,85|78,33|20,7/20,33=20,22,30,78,33
16,32|57,11|32,18|29,9|71,72|29,34|97,71|53,20|90,58|29,23|18,52|72,41|31,53|23,90|58,3|44,57|29,16|34,44|29,97|9,31/29,41=29,97,71,72,41
87,46|73,93|62,67|60,84|93,11|11,2|61,12|67,90|55,60|84,68|37,61|68,65|55,37|55,98|98,87|55,73|55,0|46,34|12,47|0,62/55,90=55,0,62,67,90
1,84|52,10|6,75|13,21|6,92|6,4|28,22|75,8|92,99|8,1|21,46|6,13|99,39|10,20|39,98|6,52|22,9|20,37|4,28|46,67/6,37=6,52,10,20,37
78,69|28,16|79,95|51,88|95,85|34,2|69,32|26,34|86,64|26,78|26,0|2,51|85,58|16,97|32,29|26,28|26,79|30,86|97,87|0,30/26,87=26,28,16,97,87
48,31|30,42|92,6|91,45|49,33|41,59|63,41|49,83|49,3|49,91|83,39|33,63|49,92|45,48|32,8|6,9|39,32|3,24|9,26|24,30/49,59=49,33,63,41,59
7,42|47,9|14,87|32,21|87,47|97,16|48,13|97,72|42,69|13,91|72,8|31,85|22,37|97,32|16,48|97,14|62,7|97,62|21,31|8,22/97,37=97,72,8,22,37
80,34|80,62|97,19|51,3|80,44|34,55|76,58|62,9|24,6|94,24|64,65|44,64|9,97|80,32|6,66|80,94|3,53|32,51|55,76|65,25/80,53=80,32,51,3,53
62,98|41,55|68,10|19,61|15,68|15,24|15,81|22,83|93,16|24,86|86,62|15,7|81,19|16,4|15,22|83,46|46,11|61,51|10,41|7,93/15,51=15,81,19,61,51
0,24|18,9|8,88|43,41|75,34|52,71|4,99|43,8|9,36|41,85|88,7|43,4|17,68|85,52|43,57|24,75|43,0|57,18|99,17|7,1/43,36=43,57,18,9,36
74,58|36,66|56,26|5,73|66,52|41,82|33,28|99,36|29,41|73,11|14,43|58,29|4,14|74,99|74,50|74,1|28,56|1,5|50,4|74,33/74,82=74,58,29,41,82
44,81|81,87|52,55|30,22|37,1|71,35|20,17|71,96|87,46|55,33|1,51|71,44|96,37|71,52|14,30|50,14|33,47|17,62|35,20|71,50/71,46=71,44,81,87,46
81,53|18,50|81,5|62,75|11,61|50,44|7,11|35,37|55,39|4,0|39,62|72,7|37,89|53,18|81,72|81,35|81,55|5,21|21,4|89,95/81,44=81,53,18,50,44
71,11|9,24|61,6|23,21|11,43|45,29|23,14|14,71|23,1|23,32|23,84|76,99|1,85|21,9|99,18|32,76|84,91|24,31|91,61|85,45/23,18=23,32,76,99,18
66,52|2,42|2,77|2,73|54,1|65,37|99,11|77,94|73,65|92,3|3,25|2,22|94,66|23,7|37,5|97,54|22,92|2,99|11,23|42,97/2,52=2,77,94,66,52
30,15|10,52|83,2|10,83|4,17|54,5|10,38|17,13|13,28|39,20|61,84|38,54|2,39|10,4|52,30|15,58|69,50|10,69|5,77|50,61/10,28=10,4,17,13,28
0,99|76,75|99,77|21,79|39,76|64,28|64,42|85,23|64,74|74,73|73,85|75,40|79,41|41,92|42,0|64,39|44,58|64,21|66,44|28,66/64,23=64,74,73,85,23
40,27|60,23|40,67|40,63|63,57|90,15|87,83|67,51|40,74|51,16|64,91|42,90|16,79|23,95|91,87|40,64|57,80|74,60|27,42|80,21/40,21=40,63,57,80,21
77,71|60,72|27,26|56,77|59,54|43,65|35,59|64,50|72,56|10,39|53,35|26,10|60,43|46,73|60,37|50,81|60,53|37,64|60,27|65,46/60,71=60,72,56,77,71
61,42|34,37|79,41|41,74|74,19|35,31|48,58|61,73|61,35|61,44|66,93|36,82|44,67|67,66|77,36|57,34|73,57|31,48|42,77|61,79/61,82=61,42,77,36,82
47,26|27,80|47,9|33,13|64,84|86,49|9,64|49,62|55,19|47,69|91,67|47,44|67,90|47,33|13,27|73,55|84,97|26,73|69,91|44,86/47,19=47,26,73,55,19
7,27|2,92|7,44|44,39|7,11|39,74|82,8|11,73|8,32|32,20|7,82|27,36|18,79|90,26|56,87|26,18|74,40|73,2|7,90|36,56/7,79=7,90,26,18,79
79,74|71,25|1,2|30,89|88,24|11,73|66,17|88,16|12,51|69,66|2,61|88,80|88,30|25,11|16,1|89,12|38,79|24,38|88,71|80,69/88,17=88,80,69,66,17
28,66|3,87|60,15|0,39|10,22|49,90|87,65|49,28|78,60|65,61|21,51|49,10|22,84|49,78|84,72|90,77|49,3|15,58|77,0|66,21/49,72=49,10,22,84,72
26,55|55,9|78,42|46,23|2,18|50,47|93,60|79,25|71,76|42,75|0,26|8,29|29,93|79,0|25,78|23,71|79,2|79,46|18,50|79,8/79,9=79,0,26,55,9
13,31|61,5|93,27|5,22|2,76|2,93|53,97|64,81|2,10|22,79|2,61|31,55|97,89|10,59|76,13|27,64|59,42|2,53|42,30|89,24/2,79=2,61,5,22,79
62,54|73,68|71,0|28,49|31,29|93,99|0,25|36,98|15,7|71,62|7,31|68,30|49,93|71,73|71,28|25,53|53,13|30,88|54,36|71,15/71,99=71,28,49,93,99
82,4|57,53|61,0|23,48|71,68|92,62|68,43|23,83|53,25|23,89|83,57|54,82|91,54|17,61|89,17|62,93|48,92|23,91|66,71|23,66/23,0=23,89,17,61,0
36,68|60,9|60,71|9,70|17,69|10,57|49,17|20,4|57,36|60,6|11,65|6,49|71,20|18,63|61,52|60,11|4,30|65,61|60,10|70,18/60,30=60,71,20,4,30
88,75|16,82|45,86|60,78|16,64|16,23|75,93|91,15|72,91|64,28|39,20|54,68|16,77|20,45|68,62|28,60|23,72|77,54|82,88|16,39/16,15=16,23,72,91,15
20,73|72,21|40,97|82,13|74,82|0,26|21,71|1,18|73,10|47,72|89,1|74,69|69,20|74,0|74,65|45,33|74,47|13,40|65,89|26,45/74,33=74,0,26,45,33
71,19|87,86|86,7|71,37|71,84|45,12|66,47|11,32|46,45|15,59|39,50|37,23|52,79|71,15|19,87|47,39|71,66|84,46|59,52|23,11/71,32=71,37,23,11,32
44,23|21,68|69,14|1,17|50,92|70,1|14,9|90,86|86,87|17,93|12,69|15,38|90,12|90,21|90,70|90,44|0,83|87,50|23,15|68,0/90,93=90,70,1,17,93
4,38|99,88|29,42|99,31|99,47|99,39|88,45|99,17|80,7|45,69|42,77|69,2|76,80|38,50|94,19|47,61|39,29|17,4|61,94|31,76/99,19=99,47,61,94,19
26,96|98,7|42,18|18,94|95,12|95,79|80,53|95,22|94,59|53,1|95,42|10,98|79,20|20,71|12,80|95,64|64,10|43,26|22,43|71,11/95,96=95,22,43,26,96
65,12|70,25|14,43|16,48|38,40|16,65|45,79|49,3|32,14|12,70|79,58|48,45|40,49|16,38|53,91|97,59|13,32|16,13|59,53|16,97/16,25=16,65,12,70,25
29,71|16,74|29,36|29,55|29,46|46,34|65,94|63,10|34,86|36,16|27,69|86,76|2,63|71,2|74,22|64,48|48,27|29,64|55,28|28,65/29,69=29,64,48,27,69
67,89|56,95|68,64|65,31|67,56|44,58|67,21|66,94|67,44|89,55|21,1|45,22|10,65|55,79|59,10|1,66|95,68|58,45|67,59|79,25/67,64=67,56,95,68,64
91,13|13,2|69,67|35,52|99,45|56,68|68,10|56,35|10,19|56,69|56,62|67,87|62,99|2,17|19,31|3,73|87,12|56,91|45,51|52,3/56,73=56,35,52,3,73
36,26|99,36|40,95|95,81|82,1|17,33|99,37|26,60|60,58|14,17|35,67|73,14|99,83|83,63|99,6|37,40|63,82|41,35|99,73|6,41/99,58=99,36,26,60,58
44,81|81,87|52,55|1,51|37,33|71,35|20,17|71,96|87,46|55,30|33,47|71,44|96,37|71,52|14,1|50,14|30,22|17,62|35,20|71,50/71,46=71,44,81,87,46
71,46|86,26|44,28|13,67|34,92|44,6|6,73|44,51|28,37|21,68|60,34|68,2|51,52|32,60|52,71|44,32|73,13|72,21|44,72|37,86/44,2=44,72,21,68,2
67,12|25,88|95,16|89,23|95,26|14,77|95,36|26,67|79,22|0,2|95,0|70,79|88,11|22,41|95,70|16,56|36,25|56,14|12,75|2,89/95,23=95,0,2,89,23
81,61|4,84|63,79|90,29|45,66|2,81|46,21|70,86|29,92|54,2|46,63|46,95|46,45|37,34|79,4|21,90|66,70|46,54|73,37|95,73/46,84=46,63,79,4,84
33,6|6,98|4,40|92,44|39,66|22,57|18,39|1,18|22,49|40,8|61,97|98,70|62,61|49,62|44,81|57,92|22,4|22,1|8,0|22,33/22,66=22,1,18,39,66
10,63|16,69|5,49|2,16|43,72|62,92|64,66|94,82|30,94|85,98|63,64|5,10|92,18|5,87|72,85|87,62|5,43|49,30|5,54|54,2/5,98=5,43,72,85,98
73,99|79,9|44,73|14,37|37,56|44,53|71,39|52,40|53,42|81,18|99,52|42,88|12,14|44,12|39,79|88,25|96,61|44,81|44,71|18,96/44,56=44,12,14,37,56
47,9|12,66|51,6|24,39|66,51|2,74|24,16|22,70|24,12|24,57|24,22|39,47|57,88|23,2|70,43|43,37|16,23|46,19|9,63|88,46/24,37=24,22,70,43,37
97,65|13,28|6,32|93,6|18,98|26,7|85,1|96,18|98,14|97,84|84,85|65,93|2,25|38,13|97,96|97,31|97,26|31,38|1,61|7,2/97,32=97,65,93,6,32
46,19|21,43|51,6|85,44|1,28|6,52|43,17|13,51|80,21|46,80|29,11|47,63|46,47|19,85|46,13|46,1|63,29|40,81|44,61|28,40/46,81=46,1,28,40,81
26,44|44,76|76,73|74,84|42,89|5,7|19,94|73,6|86,5|33,18|26,86|7,72|26,42|26,74|26,19|87,59|84,33|89,87|40,71|94,40/26,71=26,19,94,40,71
16,13|96,35|22,25|96,22|58,67|65,17|67,39|35,16|17,59|91,20|20,94|96,65|96,91|60,10|13,71|59,66|96,58|25,60|94,98|39,26/96,10=96,22,25,60,10
44,26|45,5|9,31|68,82|99,45|63,16|37,98|0,68|63,90|21,1|63,29|79,99|16,21|63,44|90,0|1,19|26,37|63,79|58,9|29,58/63,5=63,79,99,45,5
63,5|38,19|90,83|82,89|83,55|38,54|38,90|45,73|38,26|5,82|4,46|73,27|55,64|23,60|26,23|60,80|54,31|19,45|38,63|31,4/38,27=38,19,45,73,27
48,24|74,59|21,36|59,37|18,11|21,58|58,48|21,60|99,50|15,78|13,99|24,49|21,13|47,18|21,40|40,54|36,74|54,15|60,47|50,2/21,78=21,40,54,15,78
75,1|90,22|72,83|75,19|75,55|55,49|29,35|49,90|85,39|75,98|98,85|80,99|75,80|39,71|1,29|35,5|19,72|83,38|99,48|48,15/75,15=75,80,99,48,15
46,34|37,95|55,8|62,3|58,25|46,82|46,61|54,63|12,54|48,67|61,55|46,37|95,58|46,12|8,2|34,48|63,92|67,7|82,62|3,29/46,2=46,61,55,8,2
89,39|42,93|16,69|16,6|16,89|69,68|7,72|48,30|6,13|11,34|30,28|8,48|16,8|16,56|56,19|10,73|13,10|39,7|68,11|19,42/16,28=16,8,48,30,28
55,11|8,34|47,15|15,14|47,79|80,3|47,73|54,84|34,25|79,55|3,24|47,16|73,8|11,91|84,52|47,54|86,10|14,86|16,80|52,95/47,10=47,15,14,86,10
88,31|55,79|44,96|92,0|92,86|0,89|72,44|86,72|74,61|1,37|37,88|18,55|83,62|20,5|92,74|92,1|79,29|92,18|89,83|61,20/92,31=92,1,37,88,31
3,44|14,64|26,84|64,98|44,99|43,85|6,90|97,63|26,2|2,14|69,46|0,69|84,3|63,59|26,6|26,97|46,28|26,0|90,43|59,8/26,28=26,0,69,46,28
30,45|74,31|26,73|99,9|36,30|81,35|89,17|59,89|32,74|51,36|17,26|55,67|59,81|35,55|9,13|31,88|59,32|22,99|59,22|59,51/59,73=59,89,17,26,73
74,90|30,76|52,33|39,36|27,62|30,74|56,27|33,60|93,95|63,53|53,67|30,56|30,86|86,52|47,40|95,39|76,63|30,93|62,46|90,47/30,36=30,93,95,39,36
9,58|17,33|14,93|71,60|91,69|14,9|93,71|10,73|42,90|14,42|60,46|58,10|90,62|14,49|14,50|50,17|49,4|62,79|33,74|4,91/14,69=14,49,4,91,69
46,3|51,86|47,46|17,51|71,99|82,47|24,11|20,31|54,12|20,82|31,17|20,71|95,68|42,6|50,54|99,42|11,95|98,50|20,98|20,24/20,6=20,71,99,42,6
2,51|90,98|25,59|98,89|29,99|23,26|26,49|23,14|59,34|85,2|23,25|58,10|14,90|49,12|34,30|23,48|12,11|10,29|23,58|48,85/23,11=23,26,49,12,11
96,57|58,15|96,60|9,77|12,5|96,12|30,28|28,47|98,9|63,6|96,95|44,98|96,44|57,63|81,58|6,59|5,11|60,30|95,81|11,90/96,15=96,95,81,58,15
54,92|54,58|92,42|97,1|80,72|58,80|52,13|54,78|54,66|13,53|66,97|53,34|42,29|1,2|78,89|89,33|29,9|54,52|72,77|33,67/54,34=54,52,13,53,34
83,55|68,96|68,74|66,18|81,5|68,59|74,30|36,1|59,46|26,15|1,26|55,28|68,32|32,3|96,83|3,81|68,36|97,19|46,97|30,66/68,5=68,32,3,81,5
88,51|49,0|31,81|49,31|49,5|48,58|78,17|49,30|17,35|30,50|5,88|35,23|50,44|64,40|75,48|0,75|51,67|44,94|49,78|81,64/49,94=49,30,50,44,94
20,50|29,19|86,29|35,81|11,82|65,40|87,72|40,52|82,31|86,95|59,30|1,35|19,20|31,22|86,87|72,59|86,91|95,1|86,11|91,65/86,30=86,87,72,59,30
27,83|74,65|39,36|18,74|18,19|18,47|35,72|18,27|4,78|36,40|83,35|19,93|94,4|40,87|90,73|65,96|93,90|96,43|18,39|47,94/18,87=18,39,36,40,87
15,34|1,58|81,53|43,84|58,15|96,49|29,27|61,50|96,21|96,1|21,75|75,61|96,66|96,43|66,70|70,12|84,29|12,69|53,45|49,81/96,27=96,43,84,29,27
51,35|47,96|43,88|80,23|28,80|1,19|19,29|41,1|51,73|34,53|53,82|88,47|51,70|51,41|73,48|78,98|48,78|70,28|51,43|35,34/51,29=51,41,1,19,29
4,88|83,47|97,92|45,95|53,64|35,73|6,94|2,76|88,35|6,97|36,8|6,2|6,32|76,53|75,36|95,66|6,4|92,83|32,45|94,75/6,8=6,94,75,36,8
26,23|89,74|67,99|23,17|72,46|85,53|91,72|74,5|85,92|15,96|48,26|93,15|36,91|85,36|56,67|53,93|92,56|85,7|7,89|85,48/85,17=85,48,26,23,17
88,51|49,0|31,81|49,31|49,5|64,40|78,17|49,30|17,48|30,50|5,88|48,58|50,44|35,23|75,64|0,75|51,67|44,94|49,78|81,35/49,94=49,30,50,44,94
5,97|58,52|9,58|97,56|89,18|73,5|60,16|16,99|53,73|6,29|53,60|53,78|18,19|29,69|53,6|53,3|99,33|78,9|69,82|3,89/53,52=53,78,9,58,52
24,8|24,58|24,94|52,77|13,59|8,67|26,44|94,75|24,52|37,60|75,19|15,18|43,13|24,43|19,55|59,11|77,26|89,15|67,37|58,89/24,60=24,8,67,37,60
3,93|8,72|3,24|25,48|19,92|59,9|24,8|93,86|6,19|85,89|3,60|9,50|86,25|3,97|60,59|97,85|72,38|3,7|7,6|89,39/3,39=3,97,85,89,39
83,2|70,95|73,70|77,16|98,41|98,83|33,82|98,75|2,81|16,13|30,77|98,30|36,33|81,63|53,22|98,36|22,46|41,53|75,73|82,18/98,95=98,75,73,70,95
14,69|24,60|57,3|69,89|22,55|63,12|57,53|12,24|53,14|57,77|57,63|95,22|77,73|57,36|36,95|3,72|15,37|73,15|59,19|72,59/57,55=57,36,95,22,55
74,91|96,28|83,16|28,21|18,74|83,18|16,61|91,75|55,57|83,4|98,85|83,96|85,62|4,55|57,63|21,86|37,80|83,98|62,95|61,37/83,80=83,16,61,37,80
28,21|27,64|36,85|12,6|70,5|7,15|46,36|72,43|84,25|25,53|89,46|67,7|6,70|64,28|84,69|84,89|84,27|53,72|69,67|84,12/84,21=84,27,64,28,21
73,47|39,31|15,5|15,99|82,25|15,34|34,26|99,39|26,44|15,42|6,58|36,1|15,36|1,82|47,85|5,73|44,96|31,78|20,6|42,20/15,25=15,36,1,82,25
6,12|12,35|50,22|17,81|83,60|67,93|9,83|35,17|69,9|82,72|6,69|76,67|88,68|6,76|15,53|53,82|93,47|6,15|22,88|6,50/6,68=6,50,22,88,68
29,84|82,19|39,41|29,21|75,92|37,82|27,66|29,49|29,65|49,95|21,81|29,46|95,97|18,39|65,37|46,3|97,26|84,18|3,27|81,75/29,19=29,65,37,82,19
48,15|27,22|1,87|41,85|87,72|9,48|3,41|12,77|77,62|28,9|12,61|85,83|61,27|12,78|22,86|12,28|12,3|62,14|14,52|78,1/12,15=12,28,9,48,15
93,35|4,29|37,96|63,69|33,63|70,57|87,4|87,8|96,9|35,82|29,76|76,68|1,41|41,70|8,37|87,93|45,33|87,45|87,1|82,71/87,69=87,45,33,63,69
60,35|71,79|81,17|2,31|69,14|45,71|60,2|19,58|37,65|58,81|93,69|60,28|60,19|60,45|28,37|79,43|65,20|35,93|12,49|31,12/60,17=60,19,58,81,17
20,18|13,54|6,21|29,41|91,48|73,91|29,76|81,93|41,81|29,20|29,73|15,46|18,80|29,6|76,15|80,44|21,13|93,61|48,94|46,75/29,54=29,6,21,13,54
77,4|95,54|81,0|39,93|58,63|95,83|95,99|99,39|0,30|83,97|42,58|95,81|94,32|30,45|93,26|97,77|95,59|59,42|25,94|54,25/95,45=95,81,0,30,45
59,40|16,83|81,76|58,67|76,84|58,48|94,22|42,94|48,81|37,52|58,42|22,23|67,73|21,89|73,16|58,37|58,21|52,31|89,59|31,71/58,83=58,67,73,16,83
20,26|66,12|20,84|31,19|75,60|12,61|59,85|26,33|52,43|54,1|19,52|84,63|33,59|67,75|61,64|20,31|20,66|20,67|63,54|60,37/20,64=20,66,12,61,64
46,93|94,72|45,15|90,55|55,54|54,12|15,24|90,42|90,70|50,13|12,41|93,8|88,50|70,88|90,94|72,53|53,89|8,26|42,45|90,46/90,89=90,94,72,53,89
98,86|0,55|9,61|0,49|56,70|70,73|49,92|0,18|11,24|5,11|55,9|73,17|92,98|23,22|22,90|18,5|93,23|0,56|0,93|61,7/0,17=0,56,70,73,17
3,57|24,17|24,3|90,9|85,60|68,58|17,85|32,90|60,41|89,82|75,15|24,89|57,83|5,27|24,75|15,5|82,68|24,32|83,4|9,46/24,46=24,32,90,9,46
41,31|60,24|55,26|45,57|18,79|10,28|36,14|83,33|55,39|26,51|39,41|79,36|33,40|40,17|55,45|57,60|31,54|55,18|55,83|51,10/55,14=55,18,79,36,14
94,85|26,22|68,24|57,68|98,41|67,95|57,26|57,10|85,75|24,23|57,94|41,47|21,43|57,67|10,98|84,49|23,78|95,21|75,9|22,84/57,43=57,67,95,21,43
31,95|96,68|29,23|96,49|10,17|25,34|34,57|49,25|87,9|96,53|53,5|38,81|19,78|5,10|96,38|81,29|68,31|95,43|96,87|9,19/96,17=96,53,5,10,17
30,49|99,25|36,54|40,11|17,81|19,84|85,12|94,36|55,17|40,61|40,85|40,30|11,55|12,59|20,99|59,2|40,45|61,94|49,19|45,20/40,2=40,85,12,59,2
29,10|29,9|83,84|68,57|29,91|91,22|3,95|9,46|66,3|15,35|38,40|10,68|29,37|29,66|46,15|57,80|16,38|22,83|37,16|95,21/29,80=29,10,68,57,80
58,77|42,99|80,32|99,69|80,93|32,94|11,8|94,78|77,46|93,57|13,25|57,11|82,42|80,40|80,82|40,13|80,58|25,31|46,87|78,9/80,8=80,93,57,11,8
47,32|5,47|44,41|30,37|42,28|5,42|5,67|63,62|41,58|67,65|28,75|68,1|5,88|5,45|45,11|32,63|75,36|88,44|11,68|65,30/5,37=5,67,65,30,37
13,93|33,77|51,70|87,25|9,54|54,40|28,58|28,22|77,66|66,38|28,51|58,64|70,78|28,33|28,14|64,87|78,11|93,0|22,13|14,9/28,11=28,51,70,78,11
43,42|28,41|94,81|33,16|16,95|28,33|1,7|28,54|81,43|73,25|41,75|28,94|54,58|95,76|32,3|62,73|25,48|58,1|75,32|28,62/28,3=28,41,75,32,3
89,99|96,89|22,30|83,58|74,80|55,70|58,38|65,22|71,59|80,73|74,83|74,55|30,23|74,65|44,43|73,44|74,86|38,19|86,96|70,71/74,99=74,86,96,89,99
31,86|65,68|90,26|88,94|85,81|20,46|2,31|24,45|26,44|25,90|2,20|2,7|7,16|94,85|2,25|2,88|16,24|36,76|86,36|46,65/2,45=2,7,16,24,45
88,76|9,44|74,54|3,28|9,99|9,85|9,78|44,74|28,14|85,18|99,52|9,50|79,55|78,91|18,88|64,7|50,3|54,26|52,79|91,64/9,76=9,85,18,88,76
78,80|64,55|37,48|28,27|40,53|87,85|55,44|37,62|1,40|48,87|17,28|37,17|37,0|27,50|21,1|0,78|37,21|80,83|85,16|62,64/37,53=37,21,1,40,53
15,67|95,92|15,41|35,38|72,53|49,72|67,84|38,4|77,20|10,77|15,95|15,80|4,99|21,43|92,21|15,35|80,10|84,79|79,30|41,49/15,99=15,35,38,4,99
81,97|81,85|32,3|3,18|58,28|84,96|81,35|97,32|81,48|27,25|85,8|48,56|88,86|93,27|47,93|8,84|86,91|35,88|56,58|81,47/81,91=81,35,88,86,91
82,73|73,85|56,21|50,68|82,23|9,35|41,27|85,9|78,41|0,54|68,19|82,56|52,78|75,29|82,52|46,18|21,0|18,75|82,46|23,50/82,19=82,23,50,68,19
56,94|6,37|17,56|67,92|48,4|2,44|17,48|76,77|4,36|92,45|94,76|17,2|36,49|82,65|17,67|33,62|65,33|44,6|45,98|17,82/17,37=17,2,44,6,37
33,6|6,44|4,40|92,61|39,66|22,57|18,39|1,18|22,49|40,8|98,70|44,81|62,98|49,62|61,97|57,92|22,4|22,1|8,0|22,33/22,66=22,1,18,39,66
67,86|37,29|13,15|50,88|89,37|86,41|88,39|12,63|36,89|12,36|12,0|20,98|0,67|12,35|32,13|46,20|35,46|63,50|15,61|12,32/12,39=12,63,50,88,39
65,93|58,42|42,59|58,57|59,30|56,54|30,90|93,8|62,79|57,65|58,18|33,85|79,16|16,34|37,33|58,62|18,56|85,55|54,86|58,37/58,34=58,62,79,16,34
4,21|80,60|52,77|15,46|7,32|57,74|77,57|83,84|32,83|1,79|4,22|4,7|4,99|46,26|4,52|30,80|17,1|21,15|99,17|22,30/4,84=4,7,32,83,84
7,4|66,72|65,14|67,38|68,60|4,44|66,5|60,41|10,28|66,82|5,68|72,65|66,7|14,52|82,67|66,19|44,13|36,10|19,36|38,1/66,41=66,5,68,60,41
2,82|59,97|31,57|0,89|78,55|85,0|89,78|25,31|21,6|42,60|85,95|6,2|85,52|95,25|97,81|85,21|86,59|12,42|52,12|85,86/85,82=85,21,6,2,82
18,23|72,75|23,67|63,72|63,85|85,48|63,76|53,21|21,92|76,53|59,45|63,94|69,38|63,18|67,52|94,69|38,10|48,3|75,59|3,50/63,45=63,72,75,59,45
41,97|65,84|93,65|24,96|84,48|45,17|50,9|91,41|53,52|50,93|74,66|0,12|50,24|96,53|9,91|12,74|50,39|50,0|83,45|39,83/50,48=50,93,65,84,48
9,44|89,51|99,66|89,84|73,97|91,38|45,85|97,60|89,22|22,0|38,9|85,77|0,99|84,45|89,73|60,21|90,74|51,63|89,91|63,90/89,44=89,91,38,9,44
32,73|4,8|38,68|89,29|87,80|80,32|87,82|87,38|71,63|8,76|59,0|29,6|68,95|82,4|87,15|73,2|95,72|63,59|87,71|15,89/87,76=87,82,4,8,76
49,14|97,91|0,52|88,12|39,28|18,97|89,30|96,39|18,93|93,63|18,26|59,29|63,0|69,59|11,96|12,49|26,69|18,88|91,89|18,11/18,52=18,93,63,0,52
28,84|76,61|27,62|82,98|54,52|10,17|84,20|88,28|52,49|88,0|88,80|95,27|45,10|88,76|0,54|61,82|20,53|80,45|87,95|88,87/88,98=88,76,61,82,98
2,82|59,78|97,81|0,89|31,57|85,0|89,31|25,97|21,6|42,60|85,95|6,2|85,52|95,25|78,55|85,21|86,59|12,42|52,12|85,86/85,82=85,21,6,2,82
65,20|12,91|72,29|15,84|20,78|12,6|1,26|0,65|7,72|6,30|84,95|91,42|30,1|12,0|12,7|9,15|42,5|5,35|12,9|29,51/12,51=12,7,72,29,51
46,67|46,32|24,58|32,81|81,80|80,64|29,7|67,29|46,12|62,24|8,16|54,95|88,62|12,54|46,88|7,5|46,13|16,92|95,48|13,8/46,92=46,13,8,16,92
27,58|17,79|52,73|30,80|83,54|58,44|79,27|17,43|17,52|69,28|17,8|97,57|73,30|8,59|54,65|43,69|17,15|28,13|15,83|59,97/17,65=17,15,83,54,65
80,1|13,47|56,26|63,91|64,36|24,11|20,7|24,64|36,80|10,40|24,19|79,93|24,56|26,13|81,79|24,10|19,81|7,82|40,63|11,20/24,93=24,19,81,79,93
63,85|94,55|57,67|49,2|83,94|57,30|30,63|57,19|85,34|7,75|2,68|88,83|74,7|72,79|57,51|57,88|51,56|56,72|19,49|67,74/57,34=57,30,63,85,34
2,91|89,80|46,56|46,93|51,2|93,40|46,88|87,71|46,67|71,78|94,89|23,68|55,21|46,94|40,55|88,51|68,48|67,87|80,7|56,23/46,21=46,93,40,55,21
27,80|6,61|63,55|27,32|32,84|54,11|88,56|50,74|27,50|27,63|27,28|74,99|55,43|61,16|43,10|84,88|99,9|11,46|80,6|28,54/27,16=27,80,6,61,16
17,73|88,6|73,48|28,19|71,59|88,77|18,0|39,81|88,96|59,28|96,74|77,20|88,71|6,17|53,91|81,18|88,39|20,92|92,65|74,53/88,48=88,6,17,73,48
63,26|72,69|88,82|82,32|89,3|76,60|63,25|63,72|25,88|23,2|3,76|26,7|69,97|56,80|63,21|80,37|21,56|97,51|63,89|7,23/63,51=63,72,69,97,51
63,11|46,18|11,76|46,58|71,63|30,12|47,77|18,65|66,30|46,22|65,74|74,39|46,71|91,47|81,14|14,60|77,9|46,91|58,81|22,66/46,60=46,58,81,14,60
57,87|87,77|52,30|1,23|71,1|71,52|32,76|30,72|71,48|63,35|91,63|71,17|67,11|48,57|23,67|35,44|17,78|71,91|72,9|78,32/71,11=71,1,23,67,11
80,31|62,80|76,60|67,46|69,26|29,62|33,90|78,61|33,29|71,67|26,78|33,69|42,85|41,25|33,71|90,70|46,32|33,76|60,42|70,41/33,32=33,71,67,46,32
55,54|82,41|43,31|71,82|89,1|89,95|89,71|69,23|89,57|78,83|1,37|95,78|83,93|41,3|54,46|37,69|57,43|91,55|31,73|89,91/89,46=89,91,55,54,46
36,47|30,65|43,2|95,3|47,81|82,77|99,6|38,59|81,58|54,94|6,48|2,19|30,82|48,28|30,36|30,99|77,54|59,95|30,38|65,43/30,94=30,82,77,54,94
80,93|91,49|49,69|80,58|3,60|58,38|93,77|62,92|92,10|59,33|10,70|80,62|69,63|79,55|7,47|33,7|80,59|80,91|77,3|38,79/80,70=80,62,92,10,70
78,14|29,78|77,1|29,31|15,33|51,54|61,32|94,51|33,37|40,61|44,7|90,94|29,90|37,88|75,40|31,77|29,15|1,38|29,75|14,44/29,54=29,90,94,51,54
19,90|99,69|1,31|69,26|76,77|26,61|3,36|28,78|77,3|76,1|36,13|27,70|31,19|78,96|76,27|76,25|70,22|76,99|25,28|22,6/76,61=76,99,69,26,61
24,59|45,78|83,81|60,64|7,58|74,73|24,45|19,60|81,74|76,75|58,76|24,83|78,33|24,19|27,43|64,14|43,98|33,84|24,7|59,27/24,84=24,45,78,33,84
90,57|29,1|50,56|69,68|56,38|53,72|0,50|0,29|28,90|47,28|0,69|74,32|68,20|0,96|79,74|1,53|0,47|20,61|96,79|38,65/0,32=0,96,79,74,32
71,24|19,89|9,47|15,63|85,71|15,85|42,61|26,60|5,62|15,19|15,26|15,1|62,40|1,93|89,9|60,42|79,73|93,79|63,5|24,14/15,73=15,1,93,79,73
18,80|73,64|51,39|18,65|48,40|50,78|5,58|18,51|65,1|80,95|18,92|18,35|39,24|1,50|34,73|35,22|95,5|92,34|24,41|22,48/18,41=18,51,39,24,41
40,52|31,76|36,61|88,58|80,31|59,25|93,3|67,12|36,80|36,26|52,66|3,84|84,82|26,40|58,67|36,93|76,71|61,59|36,88|25,56/36,12=36,88,58,67,12
52,79|13,97|13,41|56,93|1,22|6,4|4,60|3,14|68,25|13,52|13,98|98,1|22,24|79,68|13,23|41,6|93,49|14,63|23,3|97,56/13,49=13,97,56,93,49
74,2|74,60|2,9|30,68|41,30|68,49|65,69|69,40|60,7|25,1|74,50|74,41|51,28|74,65|9,51|7,56|42,25|56,95|40,44|50,42/74,49=74,41,30,68,49
71,19|87,86|86,7|71,37|71,84|52,79|66,47|11,32|46,52|15,59|45,12|37,23|39,50|71,15|19,87|47,45|71,66|84,46|59,39|23,11/71,32=71,37,23,11,32
94,55|58,87|33,5|54,97|35,41|31,83|34,54|92,33|95,26|65,44|34,6|83,65|4,58|34,95|6,92|87,49|97,94|34,4|26,35|34,31/34,41=34,95,26,35,41
80,1|54,76|55,93|19,15|76,53|55,19|75,39|55,23|55,81|15,26|90,80|93,54|81,85|26,25|55,95|23,97|95,90|97,42|85,75|42,8/55,8=55,23,97,42,8
35,11|36,87|28,6|96,44|85,99|88,92|86,84|96,10|15,36|41,85|10,88|87,22|96,15|96,41|96,86|92,78|94,28|44,94|99,63|84,35/96,22=96,15,36,87,22
64,42|99,88|32,92|87,95|94,99|95,91|61,94|42,11|61,64|61,38|38,39|61,87|11,70|39,50|61,43|88,10|91,48|43,32|92,13|50,7/61,13=61,43,32,92,13
80,76|95,49|95,40|49,39|19,1|40,80|73,54|51,30|95,73|95,14|78,15|13,5|15,62|39,13|14,51|54,19|95,78|76,47|30,12|62,44/95,47=95,40,80,76,47
38,64|99,39|13,59|21,27|53,51|74,68|5,8|59,86|92,29|39,21|51,74|13,99|8,38|13,5|86,92|13,7|24,75|13,53|84,24|7,84/13,29=13,59,86,92,29
41,91|23,41|23,75|42,21|23,92|23,32|3,17|17,9|23,36|45,66|37,65|36,51|32,42|30,83|21,27|92,20|91,45|75,3|51,37|20,30/23,9=23,75,3,17,9
27,71|28,88|88,96|27,28|27,99|44,39|20,78|99,67|10,25|31,10|71,20|78,47|96,3|25,8|74,32|27,31|5,74|32,15|67,44|27,5/27,15=27,5,74,32,15
0,58|34,49|16,15|92,26|50,86|58,81|77,96|0,34|54,3|88,92|26,9|15,54|27,98|81,56|0,88|56,65|98,50|49,77|0,27|0,16/0,3=0,16,15,54,3
12,3|51,4|20,84|8,15|65,8|10,49|31,82|22,65|31,22|82,20|30,34|38,70|52,46|4,12|70,52|31,30|31,51|31,38|84,60|34,10/31,49=31,30,34,10,49
68,18|26,33|68,12|84,74|90,19|33,82|12,90|82,38|74,60|18,84|57,65|48,57|54,24|68,41|65,16|7,54|68,48|68,26|41,7|19,39/68,16=68,48,57,65,16
51,32|16,88|88,23|16,80|29,93|16,19|37,90|16,64|36,87|23,29|80,61|16,22|32,50|61,82|82,13|81,37|19,51|87,86|64,81|22,36/16,13=16,80,61,82,13
1,37|11,20|90,43|14,11|18,90|39,53|32,56|57,79|20,47|93,39|14,97|14,24|14,15|97,1|15,93|14,57|47,28|79,32|24,18|37,16/14,28=14,11,20,47,28
4,61|18,67|9,99|9,93|99,4|91,18|49,66|61,25|9,91|67,87|93,30|30,5|8,27|5,81|14,44|9,8|9,53|53,49|27,14|66,76/9,44=9,8,27,14,44
75,86|48,11|47,71|47,37|15,9|17,23|57,48|24,78|86,1|47,2|9,63|78,87|71,15|47,62|98,17|62,75|37,57|2,98|87,96|47,24/47,11=47,37,57,48,11
95,98|5,40|10,85|35,30|60,70|60,34|60,29|85,35|60,81|34,2|70,94|94,14|54,51|44,54|60,10|2,95|40,45|14,62|81,5|29,44/60,45=60,81,5,40,45
73,0|49,80|80,13|53,30|27,86|11,26|70,10|86,78|49,3|3,73|49,11|0,21|10,53|49,31|49,70|99,20|26,4|13,99|4,17|31,27/49,21=49,3,73,0,21
63,77|46,18|77,9|46,58|71,63|30,12|47,74|18,65|66,30|46,22|65,11|11,76|46,71|91,47|81,14|14,60|74,39|46,91|58,81|22,66/46,60=46,58,81,14,60
10,3|80,16|52,36|94,8|94,82|36,51|64,54|12,64|40,46|69,10|3,27|16,42|18,12|94,52|8,80|82,70|51,62|94,69|94,18|70,40/94,42=94,8,80,16,42
86,12|39,29|89,39|22,9|29,94|89,26|89,55|93,77|94,43|55,79|79,86|89,93|67,51|27,37|89,96|9,34|25,67|26,25|77,27|96,22/89,34=89,96,22,9,34
64,84|12,34|45,64|70,43|15,4|0,97|21,6|31,12|15,0|15,45|97,70|84,78|61,21|6,9|15,56|60,82|4,31|15,61|82,30|56,60/15,78=15,45,64,84,78
99,62|57,81|5,71|63,83|26,5|14,34|83,57|62,12|14,63|14,70|70,23|23,45|66,16|14,99|16,73|12,98|14,78|34,66|78,26|45,50/14,98=14,99,62,12,98
13,19|13,35|58,25|61,17|65,44|55,0|13,48|13,3|11,94|40,58|13,50|19,40|50,65|3,9|44,8|35,11|0,68|9,61|48,55|94,41/13,8=13,50,65,44,8
41,25|62,41|76,60|67,46|69,26|29,62|33,90|80,31|33,29|71,67|26,80|33,69|42,85|78,61|33,71|90,70|46,32|33,76|60,42|70,78/33,32=33,71,67,46,32
13,10|63,32|37,74|39,47|31,39|35,19|16,53|19,28|31,16|47,23|74,50|31,35|28,97|31,42|10,0|42,37|0,6|53,63|23,95|31,13/31,32=31,16,53,63,32
95,56|72,91|96,36|75,60|75,52|48,24|56,10|75,0|35,78|87,72|60,87|75,35|0,95|83,65|52,45|75,39|78,96|45,48|39,85|85,83/75,65=75,39,85,83,65
26,96|53,1|42,18|18,98|95,12|95,79|80,94|95,22|98,7|94,59|95,42|10,53|79,20|20,71|12,80|95,64|64,10|43,26|22,43|71,11/95,96=95,22,43,26,96
19,90|77,26|47,23|90,89|68,8|98,77|20,18|73,81|98,68|36,47|98,36|82,19|8,20|98,1|23,16|81,96|1,73|99,49|98,82|26,99/98,89=98,82,19,90,89
47,23|17,6|13,11|75,36|27,89|33,10|67,64|36,47|17,13|17,75|79,67|6,72|64,62|17,79|10,77|72,27|11,18|18,51|17,33|77,60/17,23=17,75,36,47,23
10,77|8,60|13,33|49,27|13,10|34,32|96,30|33,54|13,74|13,56|76,49|17,34|13,37|30,6|54,8|74,76|31,99|37,96|56,17|77,31/13,32=13,56,17,34,32
90,40|90,21|26,30|98,10|16,44|87,16|38,20|58,88|90,58|86,57|90,38|97,9|57,22|88,98|21,0|0,97|20,26|40,86|7,87|90,7/90,30=90,38,20,26,30
92,82|82,78|61,86|78,81|88,4|12,54|61,70|26,72|45,77|54,91|13,25|61,87|86,12|70,46|61,13|7,26|87,7|46,88|61,92|25,45/61,72=61,87,7,26,72
9,82|67,73|28,55|8,49|52,54|6,33|55,76|73,17|67,28|76,1|67,0|67,8|45,90|54,60|49,45|67,79|79,52|0,9|17,6|82,74/67,60=67,79,52,54,60
91,21|96,56|37,18|56,63|31,88|63,37|76,89|96,84|26,59|84,76|5,20|3,80|96,5|24,3|21,26|20,31|96,91|89,11|80,94|96,24/96,11=96,84,76,89,11
95,4|3,12|55,79|55,76|61,34|55,44|87,3|55,61|59,95|76,87|55,59|57,33|94,13|78,90|79,57|34,78|44,94|4,65|33,11|13,69/55,69=55,44,94,13,69
59,97|5,68|68,22|38,80|80,66|28,38|28,24|23,36|24,46|28,20|28,59|20,5|73,23|66,79|95,52|45,73|28,45|46,95|97,88|88,0/28,36=28,45,73,23,36
32,21|52,32|28,90|61,7|86,81|21,86|99,20|13,45|20,61|31,13|45,75|52,94|52,22|10,39|52,99|73,28|52,31|94,10|22,73|39,36/52,36=52,94,10,39,36
11,3|93,77|50,34|86,87|56,86|50,59|50,17|17,93|15,74|50,61|59,56|30,15|3,53|98,28|28,22|50,30|74,38|77,2|34,11|61,98/50,53=50,34,11,3,53
5,35|10,26|64,66|40,43|26,67|89,96|9,57|40,80|40,5|40,90|35,64|43,10|40,89|41,45|96,9|52,14|14,12|90,41|80,52|45,7/40,7=40,90,41,45,7
91,50|47,99|71,81|50,16|66,30|30,71|51,52|51,91|51,85|82,93|62,12|94,82|69,62|99,5|55,69|51,66|51,55|16,31|85,94|52,47/51,93=51,85,94,82,93
7,1|85,75|0,94|12,44|7,69|75,78|7,46|19,25|1,60|69,85|32,12|66,79|46,23|7,53|23,66|7,0|17,86|53,32|94,17|60,19/7,78=7,69,85,75,78
28,12|22,32|83,80|90,22|24,52|52,82|50,28|3,24|16,67|12,78|91,71|16,50|16,3|56,27|32,68|16,91|71,56|67,13|13,83|16,90/16,82=16,3,24,52,82
24,57|97,83|94,26|48,58|29,14|43,38|47,9|84,27|18,94|43,47|57,97|27,17|53,29|38,53|43,49|26,28|49,84|43,24|9,48|43,18/43,28=43,18,94,26,28
45,91|82,66|45,67|45,49|26,32|91,98|49,19|79,63|45,61|67,44|10,79|45,22|61,82|22,10|52,46|66,34|98,39|39,80|44,52|19,26/45,34=45,61,82,66,34
24,9|49,81|63,5|68,1|1,53|81,45|74,42|49,21|49,63|5,24|7,74|49,7|12,2|43,12|21,43|45,31|49,68|42,11|31,14|53,20/49,2=49,21,43,12,2
2,80|22,71|74,10|52,2|66,16|52,22|16,92|12,62|52,78|57,43|52,96|52,4|80,12|10,76|96,56|78,66|71,57|56,97|4,74|97,40/52,76=52,4,74,10,76
5,2|25,23|53,25|79,17|79,76|75,1|64,46|46,8|17,64|10,34|37,5|1,73|79,42|34,57|79,53|73,94|23,3|76,10|79,75|42,37/79,94=79,75,1,73,94
48,74|39,28|28,83|90,70|40,48|16,80|57,91|54,90|62,39|54,40|8,59|41,23|77,8|74,56|85,77|54,62|80,41|70,57|54,16|54,85/54,23=54,16,80,41,23
90,39|22,0|51,37|92,31|37,59|19,80|39,92|66,71|19,11|19,66|94,14|91,88|19,94|84,91|80,84|11,51|14,22|71,97|19,90|97,62/19,31=19,90,39,92,31
24,56|3,12|24,10|24,62|52,87|62,20|24,32|24,78|87,60|10,70|27,54|25,2|54,63|32,27|20,3|56,52|15,66|47,15|78,47|70,25/24,63=24,32,27,54,63
67,75|95,6|59,78|2,53|62,56|58,69|6,92|84,49|2,59|56,8|30,58|2,15|81,33|49,67|94,30|78,81|53,62|2,94|2,84|15,95/2,33=2,59,78,81,33
27,81|2,61|95,85|86,47|89,53|66,62|63,86|75,95|91,63|81,54|54,66|3,2|76,75|27,76|27,91|61,1|27,3|27,29|29,89|53,94/27,85=27,76,75,95,85
82,60|93,32|7,17|8,7|91,27|2,57|12,82|13,68|2,29|57,9|81,48|29,81|60,3|48,33|2,12|9,91|32,13|11,8|2,11|2,93/2,3=2,12,82,60,3
30,61|14,57|32,41|94,24|19,30|45,65|62,95|61,23|54,59|13,62|13,7|24,54|41,22|13,94|95,14|99,45|7,99|40,32|13,19|13,40/13,22=13,40,32,41,22
31,67|62,0|85,29|43,31|29,78|77,35|88,56|36,62|77,74|12,98|21,36|74,85|77,21|75,93|77,43|48,88|98,75|35,48|67,5|77,12/77,0=77,21,36,62,0
58,45|20,7|20,48|20,63|94,96|96,43|28,71|22,69|63,28|61,49|97,26|48,31|45,61|20,58|20,47|7,94|80,22|47,80|71,77|31,97/20,26=20,48,31,97,26
28,18|94,74|28,95|95,56|28,94|28,98|18,81|81,11|50,17|53,30|17,41|49,60|11,24|30,34|56,86|28,50|74,49|98,53|86,3|41,68/28,68=28,50,17,41,68
44,14|74,26|82,75|72,50|49,78|99,92|3,74|50,2|14,96|53,9|53,49|53,35|78,40|9,3|92,82|96,13|53,99|35,72|40,80|53,44/53,2=53,35,72,50,2
58,43|55,8|73,55|97,65|58,79|58,73|35,0|8,92|43,24|58,51|24,97|82,16|58,84|51,81|10,82|81,47|0,1|84,35|47,21|79,10/58,65=58,43,24,97,65
48,72|34,28|34,56|3,1|56,3|1,23|34,48|81,64|87,18|64,54|54,50|34,49|28,87|34,81|90,73|18,65|49,90|73,31|16,75|72,16/34,23=34,56,3,1,23
79,41|79,91|50,34|34,48|79,58|81,87|4,30|87,31|54,4|41,72|58,75|30,9|91,50|53,81|25,15|79,53|2,89|75,25|72,2|79,54/79,31=79,53,81,87,31
98,59|44,95|95,81|44,84|84,1|86,98|44,9|44,51|49,7|28,92|92,38|51,15|9,28|59,39|44,86|1,49|15,20|48,91|81,48|20,24/44,91=44,95,81,48,91
29,49|19,14|30,77|16,76|76,31|62,0|16,67|51,90|44,29|8,15|16,62|16,30|31,3|49,83|15,10|0,51|67,8|16,44|3,65|77,19/16,90=16,62,0,51,90
28,15|91,44|32,85|57,51|65,94|89,45|70,89|36,30|51,32|94,59|65,13|65,56|65,57|13,87|65,46|62,91|46,70|59,36|56,62|87,28/65,85=65,57,51,32,85
22,87|20,82|92,88|34,92|65,9|41,16|63,0|20,65|25,99|13,12|20,13|16,63|84,30|9,22|30,6|20,41|6,28|12,25|20,84|82,34/20,0=20,41,16,63,0
16,48|86,17|95,13|44,63|16,73|40,23|85,7|16,35|10,44|13,93|35,10|50,86|73,95|7,28|60,50|2,27|16,60|23,2|16,40|48,85/16,93=16,73,95,13,93
88,22|38,2|32,73|71,88|60,24|87,53|0,80|2,87|19,32|15,90|24,15|60,71|22,1|80,36|60,19|60,0|90,67|60,38|73,85|36,20/60,1=60,71,88,22,1
63,74|46,18|74,39|46,58|71,63|30,12|47,11|18,65|66,30|46,22|65,77|77,9|46,71|91,47|81,14|14,60|11,76|46,91|58,81|22,66/46,60=46,58,81,14,60
71,91|99,31|51,6|21,10|19,75|70,94|41,88|71,70|7,80|31,3|71,7|91,99|92,74|75,41|30,57|80,51|10,92|94,30|71,21|71,19/71,57=71,70,94,30,57
61,70|47,80|61,94|61,25|63,96|61,63|45,99|92,34|61,45|26,47|94,17|11,65|56,19|70,92|58,13|25,26|96,11|99,58|17,56|34,29/61,65=61,63,96,11,65
17,80|20,48|17,14|28,15|17,19|14,84|17,20|68,65|95,37|65,95|80,64|48,28|50,54|73,9|54,97|19,50|17,68|71,36|84,71|64,73/17,97=17,19,50,54,97
63,71|98,12|72,98|63,23|71,61|63,72|79,95|45,10|97,91|12,60|56,99|36,26|86,76|23,97|63,36|91,92|61,86|99,45|63,56|26,79/63,95=63,36,26,79,95
77,25|8,4|47,74|35,29|8,15|20,92|55,77|15,18|8,55|8,90|25,93|8,47|61,88|79,44|74,61|44,65|90,79|18,35|33,20|4,33/8,29=8,15,18,35,29
56,2|51,67|56,86|67,82|9,4|55,75|27,0|82,43|2,27|0,14|4,59|56,99|42,96|56,70|86,42|96,95|99,9|72,55|56,51|70,72/56,75=56,70,72,55,75
11,99|52,10|11,24|11,63|17,52|75,43|43,0|23,66|70,3|63,75|11,40|11,95|40,41|89,70|95,17|66,35|24,23|99,89|41,69|69,31/11,0=11,63,75,43,0
46,64|34,45|28,69|72,37|34,72|34,58|66,28|67,9|49,67|29,98|4,61|21,25|34,46|47,99|64,4|34,29|37,21|58,66|98,47|45,49/34,99=34,29,98,47,99
89,41|77,12|88,1|21,15|53,77|45,98|89,91|0,46|15,0|96,20|91,4|4,39|12,76|19,88|89,45|89,21|98,96|41,19|39,31|89,53/89,76=89,53,77,12,76
1,37|14,65|34,7|62,34|1,23|1,78|71,62|1,71|19,85|1,16|98,9|48,51|80,19|23,63|78,48|37,61|61,98|16,80|51,89|63,14/1,89=1,78,48,51,89
59,5|93,98|98,31|30,93|49,45|8,59|89,24|48,38|24,76|45,89|65,92|92,63|19,0|38,19|63,20|49,84|49,65|84,8|49,48|49,30/49,0=49,48,38,19,0
19,90|77,26|47,20|90,89|68,8|98,77|81,96|73,23|98,68|36,47|98,36|82,19|8,81|98,1|20,18|23,16|1,73|99,49|98,82|26,99/98,89=98,82,19,90,89
58,45|20,7|20,48|20,63|94,71|71,77|28,61|22,69|63,28|96,43|97,26|48,31|45,96|20,58|20,47|7,94|80,22|47,80|61,49|31,97/20,26=20,48,31,97,26
64,87|63,66|32,23|67,83|36,32|6,67|65,74|63,5|96,6|66,39|87,31|63,18|52,25|63,96|18,64|23,78|25,82|39,65|63,36|5,52/63,78=63,36,32,23,78
62,25|25,60|99,74|24,29|61,12|60,58|70,69|39,70|22,61|91,21|12,56|85,39|74,27|29,91|24,99|21,51|24,22|24,62|24,85|27,75/24,56=24,22,61,12,56
13,58|41,29|7,25|63,10|70,98|10,30|98,54|25,9|70,7|54,13|9,90|24,41|70,76|0,52|52,38|70,68|76,24|38,23|68,63|70,0/70,23=70,0,52,38,23
89,24|63,67|72,28|32,1|84,86|20,40|82,89|46,56|38,73|86,63|20,46|24,75|20,84|40,72|58,65|20,82|1,58|20,32|56,38|28,19/20,65=20,32,1,58,65
67,15|50,88|27,32|37,83|63,86|15,69|37,50|32,1|37,27|37,87|43,80|73,3|69,92|87,94|83,43|1,68|37,67|80,26|88,63|94,73/37,86=37,50,88,63,86
10,13|60,76|78,80|21,6|84,31|80,18|45,90|77,53|6,45|17,78|42,14|53,42|13,60|31,89|10,2|10,17|2,84|10,77|10,21|76,43/10,14=10,77,53,42,14
99,64|64,7|61,99|27,65|21,75|13,76|16,71|61,18|91,21|85,91|71,59|59,79|18,20|7,11|61,16|61,13|20,27|61,85|76,29|29,86/61,79=61,16,71,59,79
87,75|37,81|9,85|68,93|87,58|66,24|25,76|26,37|87,65|58,25|87,98|76,72|98,10|87,68|51,33|65,26|93,66|10,9|75,51|33,12/87,72=87,58,25,76,72
42,16|11,93|87,56|28,41|37,18|53,13|97,74|41,15|49,53|93,37|97,28|15,95|74,42|4,87|16,69|97,72|97,49|72,4|97,11|13,3/97,69=97,74,42,16,69
74,90|30,76|52,62|39,36|27,47|30,74|56,27|62,46|93,95|63,53|53,67|30,56|30,86|86,52|33,60|95,39|76,63|30,93|47,40|90,33/30,36=30,93,95,39,36
22,45|58,22|52,16|58,19|61,48|57,36|45,57|50,39|58,27|27,82|16,89|21,61|9,50|58,72|72,52|19,9|48,40|75,44|82,75|58,21/58,44=58,27,82,75,44
60,35|71,12|81,17|2,31|69,14|45,71|60,2|19,58|37,79|58,81|93,69|60,28|60,19|60,45|28,37|12,49|79,43|35,93|65,20|31,65/60,17=60,19,58,81,17
34,4|1,38|82,91|74,34|69,24|32,15|26,86|1,98|11,70|1,8|38,74|24,28|98,12|22,69|45,32|1,22|91,11|8,45|1,82|12,26/1,86=1,98,12,26,86
92,68|39,47|59,12|11,70|12,3|34,53|34,11|3,26|34,59|16,69|21,39|49,21|69,37|53,16|70,20|20,0|34,83|83,17|17,92|34,49/34,37=34,53,16,69,37
9,77|85,75|7,56|29,85|75,67|57,48|56,70|53,15|26,57|53,73|15,81|19,68|73,9|70,97|48,64|53,29|77,34|53,7|53,26|81,19/53,97=53,7,56,70,97
35,7|30,63|7,55|39,28|71,17|30,33|30,62|11,40|62,94|33,35|17,87|28,54|0,58|82,71|30,0|30,82|58,11|94,25|63,39|25,26/30,26=30,62,94,25,26
4,97|90,78|57,90|19,64|19,99|78,56|21,16|19,57|73,58|19,30|97,40|58,34|86,44|99,21|64,13|16,7|34,52|19,73|30,4|13,86/19,40=19,30,4,97,40
45,55|10,17|17,89|61,43|76,21|93,76|58,3|89,23|10,36|10,58|79,74|10,93|10,61|14,12|21,0|36,38|3,14|43,45|23,72|38,79/10,55=10,61,43,45,55
75,91|37,58|58,97|76,90|97,89|52,33|64,75|64,37|24,29|90,47|47,78|41,46|10,3|63,10|64,7|33,24|64,76|7,63|91,41|64,52/64,46=64,75,91,41,46
63,71|98,86|72,98|63,23|71,61|63,72|79,95|45,10|97,12|86,76|56,99|36,26|91,92|23,97|63,36|12,60|61,91|99,45|63,56|26,79/63,95=63,36,26,79,95
95,99|12,21|95,31|58,6|31,72|95,27|21,71|27,51|42,50|98,59|87,58|50,20|20,53|51,98|17,57|6,5|72,17|99,12|95,87|95,42/95,71=95,99,12,21,71
85,72|34,20|43,52|0,53|34,68|82,60|52,54|68,96|20,62|1,70|62,0|66,95|34,1|10,16|34,43|96,10|70,66|54,99|72,82|34,85/34,60=34,85,72,82,60
71,67|68,71|0,35|98,53|67,87|68,80|80,91|68,92|87,31|91,0|59,48|68,2|21,76|53,43|48,55|55,49|95,21|2,95|92,98|68,59/68,35=68,80,91,0,35
58,0|13,4|33,23|83,70|96,86|21,85|83,58|48,21|34,80|89,48|75,57|2,62|83,89|83,96|86,34|0,33|83,2|62,13|66,75|70,66/83,4=83,2,62,13,4
96,0|0,78|47,73|99,98|98,2|71,33|78,70|11,76|14,47|52,60|71,12|12,66|71,26|37,14|33,99|71,96|26,36|71,37|36,52|66,11/71,2=71,33,99,98,2
60,61|71,50|47,35|9,64|19,43|62,98|98,97|90,12|97,23|79,71|50,16|43,60|16,89|79,19|79,62|12,81|81,70|79,9|79,90|64,47/79,61=79,19,43,60,61
21,88|33,70|56,83|90,9|85,21|2,92|90,11|83,0|97,95|55,56|9,85|90,2|51,22|90,71|92,51|70,17|95,35|11,97|90,55|71,33/90,88=90,9,85,21,88
2,25|92,79|33,90|19,52|97,9|88,2|62,19|62,33|62,88|79,91|5,38|52,5|25,60|11,97|62,11|90,47|62,92|9,15|91,27|47,84/62,84=62,33,90,47,84
78,55|58,67|13,58|4,5|13,4|70,6|5,90|83,48|39,27|63,25|13,51|13,57|57,83|90,42|51,63|67,70|48,77|55,39|25,16|13,78/13,16=13,51,63,25,16
9,76|67,73|28,55|8,49|52,54|82,74|55,6|73,17|67,28|6,33|67,0|67,8|45,90|54,60|49,45|67,79|79,52|0,9|17,82|76,1/67,60=67,79,52,54,60
91,74|62,91|19,89|59,51|53,2|5,85|19,58|51,60|16,96|86,62|19,21|25,16|95,53|40,5|89,95|19,86|58,59|19,66|66,25|21,40/19,2=19,89,95,53,2
77,4|95,54|81,0|39,58|94,32|95,83|95,99|99,39|0,30|83,97|42,94|95,81|93,26|30,45|58,63|97,77|95,59|59,42|25,93|54,25/95,45=95,81,0,30,45
25,87|34,6|16,65|65,84|64,90|87,10|41,85|25,75|5,41|72,62|75,5|90,17|10,34|78,64|25,33|33,16|25,72|35,73|62,35|25,78/25,85=25,75,5,41,85
96,4|2,84|4,57|96,94|94,59|96,61|18,53|21,77|51,45|45,40|96,23|57,18|61,1|96,78|1,55|55,31|59,2|78,51|23,21|77,7/96,31=96,61,1,55,31
82,47|43,5|50,18|9,52|51,99|85,51|5,92|82,89|82,35|47,97|53,50|82,65|89,43|37,0|82,9|97,37|41,24|52,41|65,85|35,53/82,0=82,47,97,37,0
90,86|82,76|89,82|89,26|69,11|71,8|11,52|19,39|84,33|5,50|76,71|89,90|26,24|1,49|24,5|86,1|89,16|33,19|16,69|89,84/89,49=89,90,86,1,49
21,92|16,10|25,40|72,8|88,72|86,52|8,45|44,21|7,96|43,86|43,89|6,25|43,69|43,88|69,6|52,7|43,16|13,5|89,44|10,13/43,40=43,69,6,25,40
74,60|42,96|68,17|61,1|74,79|74,42|35,75|38,6|1,57|14,61|74,38|96,68|80,66|73,80|79,35|31,52|60,73|75,40|6,31|74,14/74,52=74,38,6,31,52
2,33|67,32|61,18|10,92|48,39|35,1|56,53|79,35|33,27|67,10|77,13|53,37|67,56|32,79|18,48|67,34|92,77|67,61|37,50|34,2/67,50=67,56,53,37,50
25,48|14,25|49,97|49,74|11,13|81,84|94,53|74,24|61,81|13,8|49,80|49,61|24,34|97,14|49,11|17,94|34,20|80,17|84,96|8,29/49,53=49,80,17,94,53
31,75|62,0|85,67|43,31|67,5|77,35|88,56|36,62|77,74|12,98|21,36|74,85|77,21|29,78|77,43|48,88|98,29|35,48|75,93|77,12/77,0=77,21,36,62,0
68,4|48,80|65,99|77,23|43,84|99,66|48,59|59,36|48,90|48,68|36,91|91,85|87,43|8,87|4,77|48,8|80,86|86,78|90,65|78,19/48,19=48,80,86,78,19
28,23|83,81|28,67|45,59|28,42|28,9|9,45|23,83|42,80|59,74|76,70|80,15|8,60|15,84|70,8|50,10|10,71|81,54|67,50|28,76/28,54=28,23,83,81,54
45,92|48,18|54,47|54,45|99,69|54,42|37,21|54,66|38,48|11,44|92,68|68,80|47,38|44,51|32,83|83,37|54,32|91,99|42,91|66,11/54,80=54,45,92,68,80
17,12|30,6|62,99|18,91|4,39|86,32|18,30|34,75|65,15|75,86|18,64|6,93|93,7|18,34|91,17|63,62|15,4|64,63|18,65|12,83/18,32=18,34,75,86,32
25,75|75,69|35,96|87,17|19,7|27,25|32,19|67,23|16,45|72,32|69,11|27,26|17,38|30,67|96,16|4,30|27,35|27,72|27,4|26,87/27,7=27,72,32,19,7
56,92|0,52|61,99|33,69|99,24|92,11|52,66|65,14|11,85|85,53|56,0|66,84|86,61|19,60|69,57|14,19|56,65|56,27|27,33|56,86/56,24=56,86,61,99,24
14,32|31,30|84,64|31,58|46,9|51,14|61,84|97,61|45,38|7,46|29,12|52,7|31,29|47,20|30,51|58,45|31,52|38,35|31,97|12,47/31,32=31,30,51,14,32
85,88|2,58|74,96|32,93|93,90|2,85|58,8|2,78|88,6|99,47|43,5|47,4|2,30|78,32|8,43|16,99|2,16|30,74|96,28|6,17/2,17=2,85,88,6,17
96,54|3,66|50,98|64,50|28,3|25,23|87,51|64,16|23,79|42,24|51,42|34,94|99,28|64,65|94,43|64,87|16,34|64,99|98,96|65,25/64,79=64,65,25,23,79
10,33|12,14|10,90|23,62|10,0|37,91|64,24|84,37|49,30|0,26|30,64|26,22|90,23|59,84|62,66|33,95|10,49|22,4|95,12|10,59/10,91=10,59,84,37,91
31,22|72,92|51,18|39,74|24,87|55,26|31,66|31,55|18,80|26,75|22,51|6,39|31,72|66,6|92,32|31,24|8,16|87,8|75,99|32,82/31,80=31,22,51,18,80
58,31|22,87|49,47|8,22|15,84|46,15|46,8|68,96|46,83|87,5|83,40|40,98|41,70|84,26|31,68|26,3|98,53|70,49|46,58|46,41/46,5=46,8,22,87,5
36,22|91,67|46,26|33,47|91,95|59,77|22,71|5,33|73,29|91,36|91,16|16,32|95,5|67,59|87,73|71,23|91,83|83,87|32,46|77,80/91,47=91,95,5,33,47
78,73|32,48|66,96|0,14|0,60|74,37|73,19|76,74|91,32|54,3|60,72|3,84|48,30|0,91|72,66|0,64|0,78|19,81|14,76|64,54/0,84=0,64,54,3,84
90,39|37,59|51,97|92,31|97,62|19,80|39,92|66,71|19,11|19,66|94,14|91,88|19,94|84,91|80,84|11,51|14,37|71,22|19,90|22,0/19,31=19,90,39,92,31
38,94|87,39|44,22|34,26|94,34|24,27|8,44|8,38|52,55|21,41|98,81|8,25|8,87|25,2|2,98|8,24|76,66|27,52|39,21|22,76/8,55=8,24,27,52,55
25,38|41,12|44,59|29,93|75,94|29,41|29,4|4,95|97,47|12,36|7,46|29,44|38,51|36,76|57,97|29,8|59,75|95,7|93,57|8,25/29,47=29,93,57,97,47
2,32|80,64|96,14|18,12|96,89|45,18|7,81|17,45|96,27|89,80|43,49|32,43|64,23|96,17|96,2|14,97|97,7|84,36|99,84|27,99/96,81=96,14,97,7,81
79,46|1,30|91,23|12,45|75,9|28,70|69,68|42,75|45,79|28,12|28,1|28,94|70,91|30,73|38,69|94,42|28,49|73,8|49,38|23,71/28,71=28,70,91,23,71
20,16|62,63|14,0|18,81|8,18|19,90|89,8|31,89|55,50|63,20|31,62|96,14|31,96|31,55|50,19|73,5|51,73|31,46|0,2|46,51/31,2=31,96,14,0,2
70,26|27,9|41,67|88,41|80,27|34,17|34,55|90,24|34,25|36,1|34,46|26,14|82,90|34,76|76,82|17,0|25,70|46,80|0,36|55,88/34,67=34,55,88,41,67
59,13|78,75|14,76|28,78|31,28|91,12|58,92|17,65|10,58|12,48|27,59|64,10|14,31|43,17|76,27|86,91|14,33|14,64|33,43|14,86/14,65=14,33,43,17,65
72,14|36,25|14,89|22,99|63,36|25,97|63,69|97,50|57,98|37,7|52,22|81,72|63,51|69,37|63,57|79,61|63,81|98,79|51,52|7,68/63,50=63,36,25,97,50
0,27|23,74|27,59|25,50|8,65|67,25|22,0|60,92|76,61|2,75|45,76|45,23|74,2|45,67|90,26|45,8|65,60|45,22|50,64|61,90/45,26=45,76,61,90,26
8,9|56,95|74,64|95,84|43,94|72,65|51,58|65,57|58,12|89,56|72,51|12,47|72,89|72,83|57,99|72,8|83,43|99,85|94,53|9,74/72,85=72,65,57,99,85
11,54|50,87|67,71|0,14|2,6|66,73|73,13|13,84|98,11|3,50|6,98|2,31|14,60|71,70|80,67|74,0|31,3|2,74|2,66|2,80/2,54=2,6,98,11,54
30,59|11,21|99,64|73,30|66,71|21,96|71,33|64,63|72,54|54,41|72,11|70,91|72,73|59,35|72,99|96,87|33,42|41,70|63,40|72,66/72,91=72,54,41,70,91
32,10|24,81|21,24|32,38|37,56|38,45|32,92|32,60|95,8|56,28|8,78|35,65|10,95|97,26|60,21|45,97|54,50|50,35|32,54|92,37/32,78=32,10,95,8,78
95,96|30,95|92,14|9,30|61,92|63,90|83,97|2,60|9,7|14,21|9,2|77,36|64,47|60,64|97,63|96,44|7,77|36,16|9,61|9,83/9,47=9,2,60,64,47
91,72|63,92|2,87|92,97|60,36|78,2|36,91|93,50|53,78|65,34|72,88|60,12|28,63|34,5|12,65|7,44|60,7|60,28|44,93|60,53/60,50=60,7,44,93,50
35,82|95,91|52,29|95,38|32,0|82,41|59,52|95,75|88,30|75,51|86,87|95,62|95,14|14,19|19,86|91,59|30,25|38,88|51,32|62,35/95,29=95,91,59,52,29
74,35|29,5|21,89|29,30|86,6|55,49|81,21|29,55|59,82|5,81|49,12|12,88|34,2|29,74|35,34|33,59|43,86|29,33|30,43|82,41/29,2=29,74,35,34,2
40,30|36,61|10,1|96,69|31,36|19,47|79,52|79,19|52,31|45,27|33,40|1,55|79,33|55,23|79,10|43,82|79,45|27,96|47,43|30,15/79,23=79,10,1,55,23
94,5|94,83|53,58|94,59|75,60|58,37|83,79|99,82|12,64|55,75|64,96|94,55|79,80|5,12|94,31|60,74|59,53|62,99|31,62|80,70/94,74=94,55,75,60,74
28,48|55,70|38,58|63,88|82,98|56,84|31,93|26,64|54,27|93,82|84,63|48,38|25,31|25,26|25,28|25,55|70,54|9,87|64,9|25,56/25,98=25,31,93,82,98
46,8|29,20|38,52|62,14|80,38|81,50|81,67|51,45|21,99|50,22|30,94|81,62|98,59|8,51|67,80|14,30|22,29|81,21|81,46|99,98/81,20=81,50,22,29,20
48,49|50,82|41,46|61,85|95,45|34,51|48,61|74,40|73,34|37,8|75,74|83,41|49,73|40,72|48,37|8,95|48,75|48,83|85,50|46,12/48,51=48,49,73,34,51
37,52|53,94|94,97|9,92|12,37|23,1|27,31|92,13|12,73|36,38|52,67|12,23|1,27|12,81|67,17|12,71|71,53|81,72|73,9|72,36/12,13=12,73,9,92,13
10,80|39,94|37,26|64,37|13,91|13,64|87,76|26,58|76,10|81,2|44,5|13,55|95,74|13,87|94,11|91,89|89,44|55,39|2,95|13,81/13,74=13,81,2,95,74
25,12|78,65|34,78|40,25|82,81|62,20|53,33|73,94|62,5|67,34|33,32|39,15|62,9|5,70|62,82|81,39|70,73|9,53|62,67|20,40/62,94=62,5,70,73,94
69,17|42,26|42,23|42,60|42,62|68,63|48,95|55,48|15,2|43,52|23,90|62,35|42,94|94,43|35,69|60,15|26,55|52,10|90,68|2,30/42,95=42,26,55,48,95
99,17|61,86|38,21|99,46|34,51|99,48|46,33|25,0|17,96|0,42|33,61|21,82|99,34|59,26|96,80|99,28|48,25|80,37|28,38|51,59/99,42=99,48,25,0,42
94,22|29,62|8,9|78,41|0,18|86,35|29,78|29,94|60,96|96,42|41,0|22,85|29,89|6,86|85,31|9,51|89,8|29,60|62,6|42,93/29,31=29,94,22,85,31
79,33|4,16|69,56|77,62|10,29|32,26|69,70|76,51|16,79|69,77|62,32|52,10|69,4|70,52|12,58|86,50|56,12|58,44|50,76|69,86/69,51=69,86,50,76,51
61,50|21,61|22,93|90,37|15,90|42,40|57,31|46,95|15,14|39,22|14,21|15,46|15,26|15,58|37,42|31,51|80,23|26,57|58,39|95,80/15,51=15,26,57,31,51
89,7|20,62|23,89|20,9|60,45|86,87|26,37|20,24|55,80|20,55|78,86|1,96|20,59|48,1|24,78|62,60|80,26|59,23|45,98|9,48/20,37=20,55,80,26,37
10,50|55,95|95,40|55,23|70,71|15,58|40,89|1,51|32,22|23,15|5,62|59,75|89,30|50,5|55,32|71,59|55,10|22,1|55,70|58,41/55,41=55,23,15,58,41
21,68|29,91|81,21|88,58|18,20|75,81|0,63|63,89|11,18|89,80|55,11|40,77|3,88|75,40|75,0|68,5|75,87|87,3|77,29|75,55/75,58=75,87,3,88,58
76,31|30,24|61,86|33,35|86,69|69,8|61,13|9,93|52,66|93,52|61,23|85,30|55,85|31,45|13,90|8,17|90,33|23,76|61,55|61,9/61,17=61,86,69,8,17
96,4|31,94|9,29|4,33|48,49|58,62|9,72|29,53|89,13|94,64|9,61|13,40|57,78|9,26|53,57|26,31|61,89|62,48|9,58|72,96/9,40=9,61,89,13,40
12,57|87,7|91,65|54,87|21,12|10,94|72,47|72,34|63,92|7,14|11,9|34,11|72,17|17,21|94,32|72,54|9,89|47,10|92,91|72,63/72,14=72,54,87,7,14
71,47|65,40|63,4|18,71|32,29|23,63|65,85|65,88|24,18|30,31|65,24|85,60|40,32|65,97|97,73|73,30|88,23|29,17|60,3|3,42/65,42=65,85,60,3,42
64,9|32,38|53,64|62,70|32,54|79,57|35,2|75,79|13,16|32,18|70,41|54,75|86,48|2,13|38,90|18,62|90,86|32,35|32,61|61,53/32,57=32,54,75,79,57
80,15|30,85|83,30|16,77|9,66|15,61|73,86|22,91|80,65|80,83|91,19|61,16|85,26|80,22|81,73|65,81|19,59|66,33|33,70|80,9/80,70=80,9,66,33,70
45,57|47,56|3,65|5,97|57,95|49,81|98,36|97,98|47,60|50,49|47,5|85,77|47,85|56,45|91,19|47,34|60,50|77,3|19,21|34,91/47,65=47,85,77,3,65
5,37|61,67|68,21|61,65|65,68|35,43|17,35|4,89|51,15|89,77|36,4|61,36|15,73|61,51|73,20|63,5|21,72|67,63|29,17|61,29/61,72=61,65,68,21,72
79,46|71,45|46,6|22,37|22,99|48,30|30,94|22,79|22,48|34,32|6,97|99,62|0,73|22,71|32,49|62,0|94,92|45,90|37,34|90,13/22,73=22,99,62,0,73
46,67|46,32|95,48|32,81|81,80|80,64|29,24|67,29|46,12|62,95|8,16|54,7|88,62|12,54|46,88|24,58|46,13|16,92|7,5|13,8/46,92=46,13,8,16,92
91,76|75,3|76,38|97,86|89,97|30,44|3,18|23,30|19,81|8,5|81,91|19,75|18,9|86,70|19,89|42,23|19,42|19,33|5,4|33,8/19,70=19,89,97,86,70
82,9|55,67|93,71|48,46|71,52|13,65|46,55|40,97|14,13|52,88|88,5|9,78|94,30|93,82|93,48|93,14|93,40|97,94|78,6|65,60/93,67=93,48,46,55,67
60,43|32,96|96,7|19,67|30,83|61,19|43,31|95,36|1,75|36,64|75,25|77,1|83,32|30,4|64,17|30,94|30,95|30,77|94,61|4,60/30,25=30,77,1,75,25
59,8|1,63|80,65|20,81|8,72|82,12|35,57|35,5|35,82|81,9|57,20|5,25|58,15|35,11|12,1|65,96|11,59|98,80|35,98|25,58/35,63=35,82,12,1,63
82,50|42,91|82,95|82,5|76,32|82,31|95,17|77,4|91,8|66,61|89,51|61,43|17,89|5,42|50,96|88,66|82,88|31,77|96,76|4,45/82,8=82,5,42,91,8
77,91|64,21|64,63|26,61|64,69|24,65|21,47|99,26|94,55|91,16|74,89|89,53|15,77|69,99|64,15|80,94|47,24|55,38|64,80|63,74/64,16=64,15,77,91,16
73,23|17,30|53,82|46,27|18,95|76,73|75,66|51,76|30,22|61,64|22,33|18,46|18,75|18,51|66,53|16,8|8,2|27,61|18,17|95,16/18,64=18,46,27,61,64
1,29|5,23|12,34|38,49|83,33|16,88|62,12|62,39|2,31|39,5|88,1|62,98|23,25|62,16|67,83|42,38|98,42|33,53|62,67|34,2/62,31=62,12,34,2,31
0,50|23,74|50,64|25,2|8,65|67,25|22,0|60,92|76,61|27,59|45,76|45,23|74,27|45,67|90,26|45,8|65,60|45,22|2,75|61,90/45,26=45,76,61,90,26
15,67|88,66|28,46|67,60|95,6|35,1|40,95|15,26|66,32|46,69|15,40|15,4|15,88|77,54|32,87|54,14|26,77|4,28|60,35|6,2/15,87=15,88,66,32,87
12,61|60,87|71,80|37,93|85,83|15,71|82,12|40,85|23,90|80,41|93,44|37,97|10,82|37,33|90,58|44,60|37,10|37,15|33,23|97,40/37,58=37,33,23,90,58
10,57|52,12|52,78|55,19|61,10|73,55|1,92|12,65|78,73|54,1|11,2|92,48|52,54|56,93|28,37|52,56|81,61|93,11|52,81|65,28/52,48=52,54,1,92,48
17,38|93,6|87,51|58,71|83,65|69,94|22,14|51,39|87,69|78,11|87,93|87,17|6,83|39,78|75,72|71,22|87,58|94,98|98,37|38,75/87,11=87,51,39,78,11
22,99|41,37|71,93|3,16|76,18|86,22|37,45|16,6|41,1|87,14|41,76|96,3|1,86|45,87|41,71|93,74|74,57|94,27|41,96|18,94/41,6=41,96,3,16,6
2,24|36,3|94,36|94,67|76,34|90,7|92,86|67,57|23,38|94,90|94,56|3,76|94,2|7,45|24,21|21,68|45,64|57,92|38,52|56,23/94,86=94,67,57,92,86
19,76|98,72|49,82|38,68|78,31|13,38|79,98|64,69|68,20|96,19|96,13|32,17|96,55|96,32|55,79|30,78|17,64|76,49|96,30|31,84/96,72=96,55,79,98,72
88,61|53,70|88,92|92,93|36,39|88,23|23,20|72,36|66,3|88,59|88,72|39,60|20,53|61,96|3,91|93,51|59,66|17,38|51,5|96,17/88,91=88,59,66,3,91
48,23|48,57|34,90|51,46|93,74|50,47|48,93|23,8|90,3|45,21|48,73|57,49|26,94|74,26|82,51|73,82|48,35|35,34|49,50|8,45/48,94=48,93,74,26,94
12,3|51,4|20,8|52,46|65,52|10,49|31,82|22,65|31,22|82,20|30,34|38,70|84,60|4,12|70,84|31,30|31,51|31,38|8,15|34,10/31,49=31,30,34,10,49
38,27|55,83|18,79|38,44|58,64|27,6|44,73|73,39|45,89|50,18|64,55|82,45|6,15|38,50|89,95|38,82|15,37|39,23|79,68|38,58/38,37=38,27,6,15,37
39,16|31,78|95,40|59,81|7,19|24,85|15,4|83,15|14,69|40,66|81,31|83,95|83,59|49,24|71,49|4,39|66,8|83,7|19,14|83,71/83,69=83,7,19,14,69
99,29|96,78|23,99|55,44|44,96|89,27|32,3|55,42|27,93|3,13|55,32|92,56|42,23|55,18|18,92|78,21|58,89|55,58|13,12|56,87/55,21=55,44,96,78,21
14,57|27,18|61,0|39,91|69,85|23,93|61,39|61,15|93,83|61,16|91,14|83,6|92,69|15,65|80,33|61,23|16,74|65,27|0,92|74,80/61,18=61,15,65,27,18
36,60|81,68|11,49|81,34|30,94|89,72|91,23|81,30|60,71|32,33|23,73|94,64|34,91|75,35|72,32|64,67|35,11|68,36|81,75|81,89/81,67=81,30,94,64,67
48,74|39,8|8,59|90,70|40,48|16,80|28,83|54,90|62,39|54,40|57,91|41,23|77,57|74,56|85,77|54,62|80,41|70,28|54,16|54,85/54,23=54,16,80,41,23
49,78|22,13|39,24|64,18|94,40|2,89|20,94|13,49|64,2|64,22|64,20|76,39|32,46|18,76|46,23|89,57|26,32|64,26|57,50|40,8/64,78=64,22,13,49,78
81,49|2,45|49,62|81,89|97,68|33,36|36,27|27,58|32,67|81,7|45,97|37,50|7,32|67,54|81,33|81,2|89,37|62,96|50,9|96,40/81,9=81,89,37,50,9
33,57|89,40|57,99|33,2|33,89|2,95|93,10|95,39|83,93|33,12|63,71|43,63|77,47|40,77|12,43|99,73|33,83|10,20|73,42|39,92/33,42=33,57,99,73,42
13,30|46,71|74,45|53,24|20,15|48,20|52,3|13,14|30,52|3,27|44,60|76,74|14,76|13,53|15,84|13,48|13,44|60,46|93,66|24,93/13,84=13,48,20,15,84
55,96|85,52|19,23|39,30|78,85|58,19|55,31|31,58|63,39|68,63|55,72|40,97|51,71|97,17|27,51|55,68|72,78|7,27|55,7|96,40/55,30=55,68,63,39,30
28,97|19,26|24,28|69,5|97,40|86,90|24,76|14,89|5,86|99,73|76,14|89,35|1,19|68,99|26,92|24,69|24,1|24,68|73,49|40,62/24,90=24,69,5,86,90
40,8|40,91|40,55|91,34|40,86|34,24|24,48|16,72|72,49|85,88|89,21|86,89|21,4|8,33|49,0|40,16|55,71|71,85|33,2|2,12/40,88=40,55,71,85,88
80,65|74,6|84,47|17,76|47,58|76,80|90,57|3,46|57,34|3,17|3,10|46,84|10,63|73,45|3,90|0,67|34,33|63,0|45,74|3,73/3,67=3,10,63,0,67
79,5|92,20|20,42|42,68|2,81|99,62|92,97|57,52|44,86|92,79|92,2|86,57|33,12|5,33|50,1|10,99|81,50|97,10|92,44|68,76/92,52=92,44,86,57,52
90,39|97,62|51,22|92,31|22,0|19,80|39,92|66,71|19,11|19,66|94,14|91,88|19,94|84,91|80,84|11,51|14,97|71,37|19,90|37,59/19,31=19,90,39,92,31
9,12|25,76|76,15|58,54|36,42|27,43|39,27|54,36|12,92|43,13|23,41|14,31|41,14|86,25|13,87|39,9|92,46|39,58|39,23|39,86/39,15=39,86,25,76,15
58,92|3,55|58,3|46,76|1,73|92,46|6,40|58,0|75,26|74,35|99,75|77,86|35,1|58,66|5,6|58,74|0,99|66,5|76,83|55,77/58,40=58,66,5,6,40
26,51|77,60|28,37|28,48|1,63|46,18|5,1|51,2|28,98|9,77|28,26|63,87|98,50|50,46|55,20|37,9|69,55|28,5|48,69|2,43/28,87=28,5,1,63,87
85,28|69,6|87,50|85,87|89,30|85,42|34,73|26,54|66,26|28,13|13,34|55,76|85,27|76,22|27,11|85,25|50,89|42,66|25,55|11,69/85,22=85,25,55,76,22
46,42|39,58|48,53|76,6|27,34|77,39|94,48|57,19|46,57|19,10|10,99|34,76|46,14|46,77|30,26|46,27|58,84|7,30|42,94|14,7/46,6=46,27,34,76,6
72,66|99,91|56,72|86,96|56,12|28,51|14,80|96,43|12,94|94,99|24,90|93,52|52,28|67,14|56,93|56,87|87,86|66,24|83,67|56,83/56,90=56,72,66,24,90
72,39|25,63|39,25|63,56|5,57|72,23|21,74|12,66|74,87|72,67|41,12|87,81|23,5|66,38|72,41|55,34|57,15|13,55|72,21|67,13/72,15=72,23,5,57,15
2,91|92,79|33,90|19,52|97,9|88,2|62,19|62,33|62,88|79,5|25,60|52,25|91,27|11,97|62,11|90,47|62,92|9,15|5,38|47,84/62,84=62,33,90,47,84
29,43|20,41|82,56|44,42|49,57|44,82|5,20|57,14|1,75|51,29|75,66|44,1|41,90|56,4|65,51|4,93|44,5|66,78|44,65|42,49/44,14=44,42,49,57,14
69,13|40,90|93,92|16,79|22,40|47,33|23,82|13,77|23,47|79,2|23,59|33,91|23,22|90,80|91,96|74,93|59,74|4,16|82,69|23,4/23,96=23,47,33,91,96
89,47|89,74|6,98|21,59|47,6|2,82|74,57|67,69|89,67|89,46|59,40|57,62|89,93|93,21|80,79|82,3|69,80|62,50|98,54|46,2/89,79=89,67,69,80,79
52,62|98,35|52,90|52,46|52,61|47,86|75,41|46,92|92,99|99,3|36,98|96,65|34,0|61,36|90,14|14,96|41,34|62,93|93,47|52,75/52,3=52,46,92,99,3
92,55|32,14|2,31|88,89|32,20|32,76|89,74|32,9|42,61|20,42|32,88|77,52|61,18|52,46|74,26|14,65|31,4|65,92|76,77|9,2/32,26=32,88,89,74,26
11,62|16,98|59,69|34,48|59,58|90,50|58,49|72,74|25,68|7,86|86,90|68,45|59,38|59,72|69,25|38,37|59,7|74,11|37,16|49,34/59,45=59,69,25,68,45
32,28|30,44|15,62|66,33|22,95|19,57|4,45|46,81|57,66|46,10|46,86|83,32|46,22|10,21|21,30|86,83|46,19|81,15|62,14|95,4/46,45=46,22,95,4,45
83,82|55,48|87,42|83,34|42,77|13,65|67,28|83,46|83,87|83,67|28,59|43,29|46,13|77,35|82,55|34,43|48,25|59,78|29,85|65,97/83,78=83,67,28,59,78
62,46|30,71|46,6|62,48|50,38|49,63|29,47|2,49|63,31|3,29|54,50|74,51|6,30|62,3|62,26|26,89|62,2|48,54|47,64|89,74/62,51=62,26,89,74,51
26,96|94,59|42,18|18,53|95,12|95,79|80,98|95,22|53,1|98,7|95,42|10,94|79,20|20,71|12,80|95,64|64,10|43,26|22,43|71,11/95,96=95,22,43,26,96
32,28|66,33|15,30|62,14|22,95|19,57|4,45|46,81|57,62|46,10|46,86|83,32|46,22|10,21|21,66|86,83|46,19|81,15|30,44|95,4/46,45=46,22,95,4,45
35,7|30,63|7,55|39,11|71,28|30,33|30,62|17,87|62,94|33,35|28,54|11,40|0,58|82,71|30,0|30,82|58,17|94,25|63,39|25,26/30,26=30,62,94,25,26
26,55|55,9|78,50|46,23|2,18|93,60|42,75|79,25|71,76|50,47|0,26|8,29|29,42|79,0|25,78|23,71|79,2|79,46|18,93|79,8/79,9=79,0,26,55,9
85,59|66,33|38,45|85,11|15,83|10,9|83,17|85,55|33,54|85,18|55,5|18,92|70,60|11,3|3,10|17,0|59,66|5,70|85,15|92,38/85,54=85,59,66,33,54
25,70|5,61|3,81|77,24|5,94|61,85|45,64|81,45|54,89|70,9|94,25|85,49|68,54|56,77|49,87|5,0|5,56|0,68|24,93|5,3/5,87=5,61,85,49,87
68,79|60,11|37,65|83,93|93,68|30,26|31,60|64,1|46,35|26,64|7,69|75,57|94,75|46,30|46,37|65,7|46,45|46,83|35,94|45,31/46,79=46,83,93,68,79
69,47|6,35|57,6|76,69|76,79|47,21|23,62|76,57|11,24|24,40|35,70|72,66|66,10|21,98|76,80|49,12|80,11|79,72|76,23|62,49/76,10=76,79,72,66,10
75,28|84,53|19,87|94,2|26,20|33,41|43,89|84,23|20,33|28,13|84,43|23,75|84,9|9,19|89,4|87,5|84,26|4,92|1,94|53,1/84,41=84,26,20,33,41
45,93|62,64|95,63|49,7|32,95|64,70|77,88|6,98|51,82|82,45|36,80|32,49|25,79|88,36|96,62|32,77|63,25|32,51|32,96|7,6/32,79=32,95,63,25,79
97,81|81,17|97,15|5,50|38,86|6,55|68,5|97,22|22,61|86,20|97,68|17,52|50,83|61,19|52,85|25,38|97,25|55,84|19,13|15,6/97,84=97,15,6,55,84
92,80|38,86|38,37|1,45|38,12|48,83|38,20|27,10|93,5|10,92|38,27|66,1|86,66|84,93|20,16|12,84|16,48|90,49|49,25|37,90/38,80=38,27,10,92,80
86,58|39,95|93,16|98,77|2,74|72,98|95,28|16,52|93,2|93,71|74,67|4,72|24,12|67,57|58,92|93,4|52,24|92,26|93,86|71,39/93,77=93,4,72,98,77
78,2|33,31|99,55|33,95|51,97|17,88|95,25|28,77|25,99|33,60|33,51|39,78|31,39|35,14|73,17|87,73|60,0|33,87|97,35|0,28/33,2=33,31,39,78,2
85,28|26,54|87,50|85,87|89,30|85,42|69,6|34,73|66,34|28,13|13,69|55,76|85,27|76,22|27,11|85,25|50,89|42,66|25,55|11,26/85,22=85,25,55,76,22
83,74|74,51|30,69|9,16|49,98|30,73|37,77|89,27|30,2|30,68|2,9|77,8|88,23|16,17|68,14|23,89|14,49|30,88|69,37|73,83/30,51=30,73,83,74,51
70,63|63,87|73,34|35,80|61,12|33,61|69,77|87,29|70,42|36,8|70,33|42,99|60,69|70,36|29,24|99,35|70,60|8,73|12,59|77,78/70,59=70,33,61,12,59
95,85|60,46|47,94|48,47|85,45|37,30|0,37|10,39|94,29|48,99|99,0|65,60|29,96|48,65|48,84|39,24|98,95|48,98|46,36|84,10/48,96=48,47,94,29,96
62,77|32,25|0,71|27,30|57,62|48,80|45,37|45,7|45,57|25,27|45,32|23,72|37,23|92,48|77,53|45,0|7,92|40,81|72,47|71,40/45,47=45,37,23,72,47
18,80|73,64|51,39|18,65|50,78|5,58|48,40|18,51|65,1|80,95|18,92|18,35|39,24|1,5|34,73|35,22|95,48|92,34|24,41|22,50/18,41=18,51,39,24,41
61,73|73,1|78,70|76,38|56,21|64,96|38,98|30,48|30,61|3,78|97,76|30,56|30,64|96,72|6,32|48,3|21,6|72,22|1,15|30,97/30,70=30,48,3,78,70
30,35|75,82|30,75|12,41|35,15|26,9|30,33|33,34|62,10|15,24|49,91|30,49|24,96|20,26|91,62|30,80|53,0|80,20|82,53|34,12/30,96=30,35,15,24,96
79,84|83,63|99,16|22,52|28,14|5,26|83,32|16,19|63,99|52,98|32,66|98,64|83,20|66,28|13,79|83,5|7,33|26,7|83,22|20,13/83,84=83,20,13,79,84
13,93|33,77|51,70|54,40|9,66|66,38|28,58|28,22|77,87|87,25|28,51|58,64|70,78|28,33|28,14|64,54|78,11|93,0|22,13|14,9/28,11=28,51,70,78,11
2,77|79,39|79,12|79,81|79,25|4,27|12,29|64,30|54,4|22,41|73,76|14,1|25,54|79,73|86,64|76,22|39,86|81,33|33,14|29,2/79,27=79,25,54,4,27
86,51|50,65|50,41|28,17|63,38|18,16|38,71|50,89|65,86|41,77|50,69|12,28|69,12|16,20|44,63|50,44|77,66|89,18|51,72|66,35/50,17=50,69,12,28,17
90,35|59,78|36,10|96,60|55,5|21,36|46,57|4,54|59,90|10,62|35,33|33,40|67,84|59,96|84,97|59,4|78,67|59,21|54,46|60,55/59,5=59,96,60,55,5
27,82|27,19|48,65|27,49|16,48|56,24|19,15|70,4|25,56|81,92|30,73|15,81|49,25|27,16|82,0|68,70|65,3|0,30|27,26|26,68/27,73=27,82,0,30,73
63,18|88,51|86,13|17,84|45,30|54,63|86,16|66,79|86,22|84,59|97,73|86,38|76,66|86,45|16,76|22,54|13,17|30,97|38,88|51,83/86,59=86,13,17,84,59
35,72|87,15|40,88|22,77|88,35|22,21|21,90|22,94|78,49|52,59|90,87|86,63|37,54|94,82|82,37|49,52|22,40|77,86|63,0|22,78/22,54=22,94,82,37,54
6,92|95,56|59,78|2,53|62,67|58,69|56,8|84,49|2,59|67,75|30,58|2,15|81,33|49,6|94,30|78,81|53,62|2,94|2,84|15,95/2,33=2,59,78,81,33
87,78|29,43|91,53|91,88|91,32|91,63|85,61|32,58|37,39|63,83|83,29|58,37|74,64|69,87|53,69|89,74|88,85|64,7|61,10|91,89/91,43=91,63,83,29,43
77,82|11,8|65,90|81,93|14,11|45,81|93,0|87,71|77,50|77,95|33,87|66,65|82,66|50,33|77,14|95,28|77,45|8,20|28,35|35,94/77,0=77,45,81,93,0
16,19|69,51|98,61|16,79|16,53|16,90|51,0|49,38|61,39|79,27|70,77|19,69|96,70|38,24|27,93|90,96|24,18|16,49|93,76|53,98/16,77=16,90,96,70,77
85,87|38,14|80,24|24,96|38,85|0,81|29,26|97,80|38,20|87,28|26,0|28,3|56,21|38,29|21,69|20,56|14,33|8,83|33,8|38,97/38,96=38,97,80,24,96
59,88|69,47|18,93|33,45|21,71|15,83|5,69|71,25|45,63|21,5|21,59|47,36|60,41|21,33|63,80|21,35|25,18|35,46|46,15|88,60/21,93=21,71,25,18,93
15,58|57,13|39,62|1,94|17,35|78,17|34,66|13,39|60,78|43,34|52,1|20,24|86,20|86,60|66,98|86,57|86,11|24,15|86,43|11,52/86,35=86,60,78,17,35
61,83|35,91|31,50|88,93|1,34|57,75|34,31|17,97|14,88|39,80|76,17|21,57|56,14|54,76|80,21|39,54|91,61|39,35|39,1|39,56/39,50=39,1,34,31,50
20,80|85,18|12,32|65,50|67,83|44,67|32,85|80,25|83,73|17,65|49,56|44,17|50,19|44,33|47,63|33,20|73,94|44,12|63,49|44,47/44,19=44,17,65,50,19
96,57|58,15|96,60|9,77|12,5|96,12|30,6|6,59|98,9|63,11|96,95|44,98|96,44|57,63|81,58|11,90|5,28|60,30|95,81|28,47/96,15=96,95,81,58,15
1,70|50,2|28,81|52,39|2,49|28,1|81,50|70,3|26,0|80,95|55,96|62,55|12,80|3,19|39,26|28,72|58,12|28,58|28,52|72,62/28,95=28,58,12,80,95
30,66|67,1|65,67|12,39|1,93|65,35|65,31|88,34|45,90|65,53|90,74|35,88|53,21|22,12|31,45|93,81|39,52|34,28|65,22|21,30/65,66=65,53,21,30,66
88,60|16,82|75,93|45,86|16,64|16,23|60,78|91,15|72,91|64,28|39,20|54,68|16,77|20,75|68,62|28,45|23,72|77,54|82,88|16,39/16,15=16,23,72,91,15
18,51|88,1|75,23|68,90|12,0|24,14|94,24|12,58|73,88|14,89|58,68|12,13|21,33|12,21|13,7|33,75|12,94|90,11|7,18|0,73/12,1=12,0,73,88,1
87,22|17,26|13,23|81,34|41,16|81,10|81,88|18,78|10,18|22,37|61,13|81,77|77,87|80,54|78,15|34,61|54,17|88,41|16,85|81,80/81,85=81,88,41,16,85
55,18|17,77|10,68|49,17|97,29|23,59|55,97|55,63|41,10|8,72|29,88|59,73|72,94|63,49|55,96|94,58|55,8|88,16|96,23|18,41/55,68=55,18,41,10,68
48,24|47,49|69,79|3,25|0,1|14,46|32,48|3,14|89,0|84,33|3,30|46,47|17,81|3,89|30,17|33,69|3,84|1,91|25,32|81,75/3,75=3,30,17,81,75
38,6|27,92|59,41|71,38|4,11|8,42|2,87|56,4|87,8|7,71|41,28|6,77|7,2|7,59|11,50|35,27|7,56|7,0|28,98|0,35/7,92=7,0,35,27,92
27,56|39,27|18,97|77,21|13,10|10,77|13,42|71,12|9,62|13,60|21,73|12,55|13,39|60,18|13,71|42,35|35,9|56,69|97,44|55,38/13,38=13,71,12,55,38
53,89|58,67|53,58|53,9|9,92|56,25|78,19|92,56|33,84|53,95|60,17|84,37|19,75|67,4|50,45|95,33|4,7|45,60|53,50|89,78/53,25=53,9,92,56,25
83,70|66,69|63,36|6,83|36,82|98,27|69,10|38,21|70,24|38,6|38,26|21,63|26,66|91,28|38,80|27,50|80,2|19,98|2,91|38,19/38,24=38,6,83,70,24
74,4|3,91|34,48|33,84|56,15|72,80|25,72|64,33|48,38|38,79|64,25|64,34|64,41|64,24|41,10|84,3|24,66|66,74|80,29|10,56/64,4=64,24,66,74,4
61,8|76,28|36,77|62,14|22,62|34,76|36,63|89,15|91,66|63,10|15,26|41,34|36,31|10,61|77,89|36,22|36,41|45,91|14,82|31,45/36,66=36,31,45,91,66
48,26|38,49|15,5|24,94|16,3|14,68|83,95|95,21|65,15|96,48|96,38|96,24|26,52|94,14|96,83|96,65|49,16|5,66|52,28|21,25/96,28=96,48,26,52,28
64,57|19,56|57,9|47,34|47,92|70,24|17,5|58,63|85,91|92,86|47,72|86,85|72,39|39,70|47,68|47,19|76,17|34,64|68,76|56,58/47,91=47,92,86,85,91
26,8|27,88|26,69|15,16|69,23|76,74|23,99|30,77|63,1|77,4|26,40|88,76|16,75|26,30|4,87|26,27|1,61|99,54|8,63|40,15/26,75=26,40,15,16,75
38,69|23,98|69,58|84,7|38,46|58,78|38,77|77,9|7,64|1,61|41,1|43,40|65,41|9,43|78,45|38,23|46,84|38,65|16,55|98,16/38,40=38,77,9,43,40
30,25|67,90|29,13|33,18|34,96|33,34|33,70|31,29|96,95|33,77|70,72|13,58|18,67|77,30|33,31|9,65|90,41|25,19|95,83|72,9/33,58=33,31,29,13,58
67,41|67,90|40,69|4,97|82,87|1,74|97,96|35,44|88,43|44,22|41,4|69,77|90,40|22,57|67,35|67,25|43,1|67,88|25,82|87,91/67,77=67,90,40,69,77
85,8|68,3|98,24|95,52|48,68|24,72|9,63|56,95|72,89|12,78|63,56|9,6|99,18|9,48|9,99|3,34|78,49|18,85|6,12|9,98/9,34=9,48,68,3,34
11,86|12,80|96,15|85,18|12,10|70,74|23,96|12,85|12,4|49,66|86,28|80,23|74,97|12,41|18,26|26,69|95,49|10,11|41,70|4,95/12,15=12,80,23,96,15
29,34|11,83|70,16|29,20|15,8|95,11|13,96|93,95|34,54|96,6|72,73|29,70|29,93|16,62|20,72|73,78|62,22|29,13|54,15|6,30/29,78=29,20,72,73,78
24,59|39,37|63,51|24,34|37,56|11,36|56,74|6,2|0,18|83,63|24,83|24,0|34,6|84,9|13,84|24,39|59,13|18,11|2,88|51,65/24,74=24,39,37,56,74
61,33|68,74|71,17|71,79|6,51|71,52|29,98|52,6|80,29|9,35|84,9|98,91|71,80|79,84|71,68|17,40|96,87|40,61|51,63|74,96/71,87=71,68,74,96,87
49,48|46,34|36,73|50,78|50,49|93,56|50,10|19,39|64,46|10,19|81,40|39,79|48,93|2,36|78,64|73,44|50,2|40,1|47,81|50,47/50,44=50,2,36,73,44
80,70|28,35|54,30|80,28|32,71|38,45|57,64|64,96|36,9|80,57|96,12|52,83|35,32|70,54|80,48|83,3|48,52|9,38|30,59|80,36/80,71=80,28,35,32,71
32,74|29,45|51,43|38,86|54,40|99,51|1,32|38,29|38,57|69,21|98,46|82,47|27,64|45,69|86,1|57,99|46,54|64,82|38,27|38,98/38,47=38,27,64,82,47
4,74|7,8|85,90|73,4|6,75|59,64|64,13|81,49|1,73|85,86|75,48|86,7|85,1|85,17|97,81|8,14|47,59|17,97|90,6|85,47/85,74=85,1,73,4,74
54,76|69,24|34,61|15,98|93,54|0,64|89,36|64,34|71,16|89,1|89,23|60,69|43,71|89,0|13,63|1,60|89,15|36,93|23,43|98,13/89,16=89,23,43,71,16
89,59|80,7|75,23|5,80|4,52|5,24|52,93|5,89|34,36|63,34|7,13|59,75|5,45|24,4|46,28|5,63|45,46|28,48|13,37|36,39/5,39=5,63,34,36,39
74,20|60,14|34,16|16,6|63,2|92,28|2,48|10,51|60,91|76,52|20,38|14,63|6,27|52,10|60,76|57,92|91,57|31,74|60,34|60,31/60,27=60,34,16,6,27
12,86|96,21|96,78|91,83|44,54|36,44|43,2|78,19|61,23|19,43|20,36|46,98|98,57|23,12|59,91|96,61|57,41|21,59|96,20|96,46/96,2=96,78,19,43,2
51,78|29,3|80,84|48,51|29,82|75,41|29,48|27,46|78,73|41,92|35,27|29,91|84,21|91,75|3,35|45,83|82,80|83,11|29,45|11,17/29,17=29,45,83,11,17
15,73|16,42|24,77|77,67|64,43|43,84|42,96|54,16|91,53|3,49|53,48|45,15|73,72|91,45|91,64|67,18|48,3|91,24|91,54|84,92/91,96=91,54,16,42,96
49,47|60,46|98,28|58,87|62,31|62,98|27,88|4,51|92,60|62,58|28,81|51,64|62,59|87,49|88,93|59,92|55,27|81,32|62,55|31,4/62,32=62,98,28,81,32
94,80|51,88|37,35|87,51|57,22|13,65|13,57|65,87|35,11|63,0|0,39|13,98|75,37|98,69|22,30|69,94|30,34|13,75|13,63|39,46/13,88=13,65,87,51,88
19,84|64,9|74,8|48,2|90,97|71,48|35,64|8,33|90,29|88,92|92,50|90,43|43,7|90,35|90,71|9,96|7,19|2,41|29,88|97,74/90,84=90,43,7,19,84
53,91|43,53|84,0|59,89|76,33|10,15|43,52|52,77|43,59|37,66|91,84|65,22|77,65|43,76|74,72|72,8|43,71|71,74|89,10|33,37/43,15=43,59,89,10,15
25,98|8,31|36,39|66,0|31,44|37,56|43,37|30,2|36,53|53,66|44,3|36,23|21,25|0,12|39,43|36,18|23,21|36,8|18,92|92,30/36,56=36,39,43,37,56
72,66|28,51|56,72|86,99|56,12|96,43|14,80|99,91|12,94|94,28|24,90|93,52|52,96|67,14|56,93|56,87|87,86|66,24|83,67|56,83/56,90=56,72,66,24,90
63,36|96,2|63,52|38,11|63,51|63,96|68,62|51,47|2,38|54,95|36,5|8,54|95,88|52,56|32,20|59,9|47,59|63,8|5,68|56,32/63,62=63,36,5,68,62
17,75|23,70|75,93|76,16|47,36|54,57|71,29|85,45|29,17|36,3|71,56|98,23|49,76|71,21|56,49|71,15|21,98|71,85|45,54|15,47/71,57=71,85,45,54,57
38,58|68,63|58,47|90,31|99,48|48,93|98,40|7,90|57,7|63,71|47,80|38,68|38,99|38,57|93,24|71,81|80,50|79,20|38,98|40,79/38,20=38,98,40,79,20
69,56|45,63|17,38|60,75|62,16|62,25|62,2|56,78|63,17|75,79|2,60|62,90|25,69|97,33|33,32|62,45|70,10|16,97|96,70|90,96/62,32=62,16,97,33,32
77,84|5,92|91,97|99,94|7,70|38,40|77,27|94,7|77,99|10,96|32,38|84,62|77,21|62,43|27,34|43,68|77,5|34,10|92,91|21,32/77,70=77,99,94,7,70
90,35|84,74|59,46|46,67|12,34|69,84|71,48|71,90|31,56|56,95|48,42|95,6|51,69|29,59|42,12|81,64|71,29|35,81|71,51|71,31/71,74=71,51,69,84,74
62,2|42,56|47,13|54,33|10,42|73,62|47,32|80,99|32,48|47,31|48,34|35,92|31,73|92,84|47,54|47,88|33,80|13,10|34,12|88,35/47,99=47,54,33,80,99
70,85|71,76|42,47|28,98|28,9|28,50|27,42|25,39|29,69|98,48|28,17|85,82|28,70|22,25|50,7|82,14|17,22|48,71|7,29|9,27/28,14=28,70,85,82,14
27,53|97,20|40,46|48,59|97,12|97,40|53,72|46,14|20,48|93,23|97,43|97,93|32,0|14,30|86,34|23,32|43,27|59,36|68,86|12,68/97,36=97,20,48,59,36
57,95|33,83|72,59|72,81|72,84|67,39|68,52|72,45|98,57|61,62|72,60|84,13|59,38|83,12|60,98|45,33|81,71|13,67|71,68|38,61/72,95=72,60,98,57,95
82,25|65,54|11,34|53,96|87,35|32,29|88,2|62,86|7,82|88,65|96,87|88,53|2,91|88,16|16,84|58,7|84,32|54,62|88,58|91,11/88,34=88,2,91,11,34
56,45|66,50|18,90|51,75|97,89|87,66|3,51|16,65|85,68|73,18|32,3|82,73|32,81|75,1|32,56|32,82|65,85|32,16|45,97|81,87/32,50=32,81,87,66,50
13,93|33,77|51,70|66,38|9,87|87,25|28,58|28,22|77,54|54,40|28,51|58,64|70,78|28,33|28,14|64,66|78,11|93,0|22,13|14,9/28,11=28,51,70,78,11
88,51|49,0|31,81|49,31|49,5|35,23|78,17|49,30|17,64|30,50|5,88|64,40|50,44|48,58|75,35|0,75|51,67|44,94|49,78|81,48/49,94=49,30,50,44,94
66,97|37,66|37,3|84,65|37,31|28,47|45,55|78,26|55,54|31,5|37,45|65,89|54,29|3,84|97,78|73,2|2,7|37,73|7,44|5,28/37,44=37,73,2,7,44
60,58|17,21|21,61|34,83|17,11|15,80|27,39|7,84|39,60|81,34|17,38|71,7|17,27|13,52|11,81|84,49|38,15|61,13|17,71|80,35/17,49=17,71,7,84,49
49,79|1,4|51,46|30,95|39,51|45,39|79,1|14,45|14,49|40,30|99,40|33,93|14,29|14,99|93,26|29,22|55,85|14,33|26,12|22,55/14,12=14,33,93,26,12
32,14|14,44|53,93|9,7|62,29|32,80|46,65|55,97|7,53|44,46|97,81|50,47|80,38|29,50|58,55|12,96|32,9|32,58|32,62|38,12/32,47=32,62,29,50,47
56,50|62,20|50,28|27,39|43,27|45,82|99,62|99,58|64,17|2,43|38,45|28,30|20,41|17,95|99,7|58,64|99,2|99,56|7,38|41,5/99,5=99,62,20,41,5
95,32|76,91|40,80|65,94|72,50|70,40|70,65|19,74|47,81|80,72|70,95|92,51|32,76|70,92|36,24|51,17|94,36|17,2|70,47|81,19/70,74=70,47,81,19,74
65,17|73,81|17,44|39,98|98,13|2,73|16,65|13,18|68,16|68,78|63,22|68,2|66,86|91,63|81,84|78,91|89,66|68,89|68,39|86,46/68,84=68,2,73,81,84
82,88|49,58|13,41|5,72|92,79|88,38|13,5|13,36|45,92|13,78|79,26|72,63|41,82|63,33|96,49|84,67|13,45|36,96|78,84|67,35/13,38=13,41,82,88,38
68,79|60,11|37,65|83,93|93,68|30,26|31,60|75,57|46,35|26,75|64,1|7,69|94,7|46,30|46,37|65,64|46,45|46,83|35,94|45,31/46,79=46,83,93,68,79
10,58|58,84|92,95|92,63|11,0|92,88|69,11|24,71|92,99|53,61|63,69|95,53|32,87|97,74|88,10|99,18|92,24|18,97|71,32|61,85/92,85=92,95,53,61,85
87,49|58,65|33,5|54,97|35,41|31,83|34,54|92,33|95,26|94,55|34,6|83,94|4,58|34,95|6,92|65,44|97,87|34,4|26,35|34,31/34,41=34,95,26,35,41
25,80|90,40|29,66|40,76|52,1|0,46|76,93|32,25|65,4|35,65|35,90|24,32|35,75|85,92|35,24|35,85|4,0|1,10|92,29|75,52/35,46=35,65,4,0,46
94,22|29,62|8,42|78,41|9,51|86,35|29,78|29,94|60,96|96,0|41,9|22,85|29,89|6,86|85,31|42,93|89,8|29,60|62,6|0,18/29,31=29,94,22,85,31
7,4|66,72|65,14|67,10|68,60|4,38|66,5|60,41|44,13|66,82|5,68|72,65|66,7|14,52|82,67|66,19|38,1|36,44|19,36|10,28/66,41=66,5,68,60,41
18,59|22,84|16,22|84,78|13,1|18,19|66,8|69,71|59,69|65,34|95,64|18,65|19,91|37,13|71,89|91,66|18,16|1,44|34,95|18,37/18,64=18,65,34,95,64
15,20|0,13|67,49|4,39|68,4|15,21|21,82|47,68|60,67|49,84|15,47|15,0|94,52|15,60|13,94|17,50|19,17|70,64|82,70|20,19/15,64=15,21,82,70,64
87,22|13,23|78,15|81,34|41,16|81,10|81,88|18,17|10,18|22,37|61,78|81,77|77,87|80,54|17,26|34,61|54,13|88,41|16,85|81,80/81,85=81,88,41,16,85
4,86|2,15|2,4|81,14|58,71|55,81|1,97|62,58|22,93|38,88|15,1|14,95|2,55|56,38|71,63|86,22|2,62|97,52|88,51|2,56/2,51=2,56,38,88,51
4,30|62,23|97,11|23,82|82,63|95,46|49,35|53,5|97,95|97,15|15,78|11,28|28,61|35,1|1,25|61,39|46,53|78,4|97,49|97,62/97,25=97,49,35,1,25
79,48|65,80|47,57|13,50|80,13|2,96|48,35|83,11|35,38|1,5|96,47|2,79|78,83|2,65|91,24|57,21|16,78|2,1|5,91|2,16/2,50=2,65,80,13,50
54,29|29,91|34,56|50,65|19,40|89,34|54,93|93,0|65,37|37,6|54,50|24,89|54,98|86,45|99,96|98,7|0,19|7,99|54,24|91,86/54,6=54,50,65,37,6
3,64|75,10|0,98|73,26|53,83|10,96|26,52|0,3|0,75|83,94|39,73|64,68|82,12|0,69|96,23|0,39|68,40|98,53|12,77|69,82/0,94=0,98,53,83,94
99,62|16,73|57,81|63,83|26,57|14,34|83,16|62,12|14,63|14,70|70,23|23,45|66,5|14,99|5,71|12,98|14,78|34,66|78,26|45,50/14,98=14,99,62,12,98
79,46|71,45|46,90|22,37|22,99|48,30|30,6|22,79|22,48|34,32|90,13|99,62|0,73|22,71|32,49|62,0|6,97|45,94|37,34|94,92/22,73=22,99,62,0,73
80,79|25,9|46,17|93,53|37,64|58,37|82,87|62,25|9,60|22,46|58,93|77,21|59,40|28,22|79,77|64,59|58,80|53,82|58,62|58,28/58,17=58,28,22,46,17
79,23|79,49|28,98|79,12|79,64|49,13|27,38|9,35|45,50|12,9|64,28|79,27|13,74|38,45|74,63|98,96|35,61|23,24|24,29|29,32/79,63=79,49,13,74,63
86,64|23,33|3,43|39,14|64,39|99,3|78,49|52,69|31,23|31,35|31,99|49,98|31,86|31,52|69,5|5,11|33,37|35,78|37,42|43,76/31,76=31,99,3,43,76
46,93|94,72|45,12|90,55|55,54|54,50|12,41|90,42|90,70|15,24|50,13|93,8|88,15|70,88|90,94|72,53|53,89|8,26|42,45|90,46/90,89=90,94,72,53,89
89,38|61,90|58,60|52,25|10,58|90,52|25,17|20,10|92,49|93,39|83,93|39,31|61,83|61,55|6,89|55,92|76,6|61,76|61,20|49,87/61,87=61,55,92,49,87
59,8|1,63|80,58|20,65|8,72|82,12|35,57|35,5|35,82|65,96|57,20|5,25|81,9|35,11|12,1|58,15|11,59|98,80|35,98|25,81/35,63=35,82,12,1,63
58,98|40,95|60,49|68,94|9,68|94,38|61,97|49,40|72,46|37,61|70,58|72,21|72,9|46,4|25,37|27,74|21,70|4,27|72,25|72,60/72,95=72,60,49,40,95
27,89|57,25|64,55|35,6|6,27|79,50|35,64|35,30|25,56|55,79|1,81|35,57|3,76|81,42|76,28|66,3|30,1|56,45|35,66|89,36/35,50=35,64,55,79,50
69,52|97,82|52,79|55,19|13,35|64,23|23,0|28,69|28,97|82,13|79,66|0,93|28,22|19,18|65,44|44,48|28,64|28,38|22,55|38,65/28,35=28,97,82,13,35
38,84|80,25|81,9|69,52|25,49|26,15|84,69|63,29|48,42|49,3|9,74|74,41|81,92|92,63|15,48|81,38|29,32|81,80|81,26|41,2/81,52=81,38,84,69,52
74,92|60,14|34,16|16,6|63,20|2,48|20,38|10,51|60,91|76,52|92,28|14,63|6,27|52,10|60,76|57,2|91,57|31,74|60,34|60,31/60,27=60,34,16,6,27
79,81|30,98|72,51|72,43|90,3|98,94|44,39|88,90|6,53|69,84|27,44|72,69|72,50|72,48|51,30|43,27|50,12|12,6|84,79|48,88/72,53=72,50,12,6,53
82,30|57,99|25,63|57,84|57,64|54,21|84,22|33,88|79,31|99,93|16,5|93,33|22,25|21,85|31,86|5,82|57,16|57,79|86,94|64,54/57,88=57,99,93,33,88
27,92|18,29|46,74|45,79|94,25|96,7|46,27|74,45|46,42|46,94|79,40|12,8|92,70|8,47|46,97|25,96|29,54|42,12|70,2|97,18/46,47=46,42,12,8,47
22,85|77,84|90,78|11,22|5,87|77,16|16,10|30,28|76,71|45,18|46,59|87,30|99,79|10,45|79,76|59,90|77,99|84,11|77,46|77,5/77,85=77,84,11,22,85
1,62|85,33|71,74|11,52|67,2|74,66|2,70|67,16|60,85|66,22|67,71|16,50|50,61|61,24|94,96|67,64|70,94|64,60|67,1|62,11/67,96=67,2,70,94,96
14,93|14,10|26,87|42,85|85,91|62,30|87,51|86,46|30,45|55,31|14,86|10,42|9,44|66,26|14,4|93,62|46,55|4,15|14,66|15,9/14,51=14,66,26,87,51
54,42|12,4|12,65|4,52|72,8|52,72|65,54|38,56|21,38|24,21|17,81|12,76|42,59|63,43|81,32|12,24|12,97|76,17|43,77|97,63/12,56=12,24,21,38,56
56,44|33,42|30,2|53,47|98,33|30,76|30,11|30,56|11,43|84,93|4,19|43,4|76,98|58,53|44,88|93,71|30,39|2,84|88,51|39,58/30,42=30,76,98,33,42
12,88|51,2|65,8|26,65|31,84|69,51|24,12|24,69|84,3|70,81|24,26|8,46|81,71|24,28|3,27|2,59|88,14|24,31|28,70|14,79/24,59=24,69,51,2,59
28,18|94,74|28,95|95,56|28,94|28,98|18,81|81,30|50,17|53,49|17,41|11,24|30,34|49,60|56,86|28,50|74,11|98,53|86,3|41,68/28,68=28,50,17,41,68
91,92|40,29|75,91|65,51|32,63|40,82|51,41|47,67|76,32|40,90|41,79|40,76|88,56|63,20|57,47|56,95|40,65|90,75|82,57|29,88/40,20=40,76,32,63,20
20,78|63,52|65,1|68,62|26,38|30,20|95,36|81,60|57,63|95,81|38,70|62,28|95,68|95,57|78,34|52,44|28,79|36,26|95,30|60,65/95,44=95,57,63,52,44
37,85|59,54|2,36|99,98|54,81|47,42|37,47|11,52|87,38|37,16|37,59|98,10|85,87|10,14|42,2|81,15|37,99|38,34|52,33|16,11/37,14=37,99,98,10,14
15,16|36,95|67,87|40,97|54,63|19,18|40,89|5,84|40,67|97,15|87,36|76,68|83,46|40,54|89,45|63,76|40,83|16,2|45,19|46,5/40,18=40,89,45,19,18
84,46|69,32|23,94|19,84|10,73|32,1|10,12|12,19|85,59|14,9|10,91|77,69|87,14|15,85|91,23|73,15|10,74|74,87|10,77|94,35/10,46=10,12,19,84,46
88,15|44,12|94,9|34,22|22,25|17,88|0,96|96,1|29,18|5,17|9,44|29,0|1,86|79,11|54,19|29,94|18,34|29,54|29,5|19,79/29,11=29,54,19,79,11
20,9|71,24|13,48|92,12|13,47|72,40|47,84|28,96|13,51|84,20|40,28|12,77|18,63|51,18|87,71|63,33|26,92|13,26|13,72|48,87/13,77=13,26,92,12,77
71,91|99,92|51,6|21,10|19,75|70,94|31,3|71,70|7,80|92,74|71,7|91,99|41,88|75,31|30,57|80,51|10,41|94,30|71,21|71,19/71,57=71,70,94,30,57
20,27|48,19|8,24|88,77|5,89|5,30|5,60|30,33|31,49|27,8|11,88|5,46|60,11|68,28|89,31|5,20|33,68|49,6|19,69|46,48/5,24=5,20,27,8,24
18,70|46,10|74,88|46,52|59,74|82,77|7,98|89,57|10,9|88,31|46,6|52,22|46,59|70,32|54,18|30,82|9,89|6,30|22,7|46,54/46,57=46,10,9,89,57
38,64|4,8|30,99|10,4|10,90|99,63|10,30|90,21|53,65|97,33|63,59|65,6|33,56|69,75|10,15|10,97|56,83|21,38|15,53|8,69/10,75=10,4,8,69,75
12,65|52,61|72,28|59,10|13,89|14,20|59,68|68,72|59,52|51,99|23,14|36,58|10,45|28,35|20,94|59,23|59,13|61,51|45,12|89,36/59,58=59,13,89,36,58
61,41|16,97|49,4|51,38|64,29|4,27|73,55|97,8|85,14|29,45|85,58|85,73|55,61|35,64|27,88|85,49|14,43|85,35|58,16|43,51/85,8=85,58,16,97,8
54,0|81,86|87,54|70,49|87,11|71,16|16,69|40,68|87,40|11,7|87,22|87,81|99,36|15,66|86,15|72,8|0,72|68,70|22,71|7,99/87,49=87,40,68,70,49
93,35|4,29|37,82|63,69|33,63|70,57|87,4|87,8|82,71|35,76|29,96|96,9|1,41|41,70|8,37|87,93|45,33|87,45|87,1|76,68/87,69=87,45,33,63,69
96,3|3,62|62,40|5,4|4,71|72,59|78,28|96,60|75,78|96,80|96,7|53,88|80,72|59,55|7,47|40,19|96,75|47,53|28,44|60,5/96,44=96,75,78,28,44
58,44|4,16|69,56|77,62|79,33|32,26|69,70|76,51|16,58|69,77|62,32|52,79|69,4|70,52|12,10|86,50|56,12|10,29|50,76|69,86/69,51=69,86,50,76,51
92,68|3,26|59,12|11,70|12,20|34,53|34,11|20,0|34,59|16,69|21,3|49,21|69,37|53,16|70,39|39,47|34,83|83,17|17,92|34,49/34,37=34,53,16,69,37
90,35|59,78|36,46|96,60|55,5|21,36|84,97|4,54|59,90|46,57|35,33|33,40|67,10|59,96|10,62|59,4|78,67|59,21|54,84|60,55/59,5=59,96,60,55,5
24,64|36,33|7,42|44,63|19,55|33,10|77,36|58,48|7,24|7,52|52,44|70,66|63,32|7,77|26,19|66,92|64,58|7,79|42,26|79,70/7,32=7,52,44,63,32
89,62|33,14|55,99|86,18|99,61|86,33|86,8|18,89|19,87|15,35|86,26|26,55|14,19|88,69|8,60|49,15|86,49|35,76|60,88|62,44/86,69=86,8,60,88,69
34,43|26,55|26,32|7,39|52,48|43,59|48,80|91,7|55,52|26,4|65,13|33,34|32,57|0,71|26,33|57,65|39,96|71,61|4,0|26,91/26,61=26,4,0,71,61
9,5|34,13|49,8|73,2|34,93|45,41|86,51|51,97|5,73|48,49|96,91|13,1|27,48|1,80|91,45|34,27|34,96|80,55|93,86|34,9/34,8=34,27,48,49,8
20,51|93,31|40,3|3,42|90,33|35,43|5,93|14,90|48,0|33,78|5,14|51,70|5,65|88,35|70,11|31,48|5,20|65,40|50,88|5,50/5,42=5,65,40,3,42
25,35|35,15|59,11|7,10|15,58|12,78|73,64|93,16|16,43|9,92|92,7|9,47|10,8|9,12|47,93|94,75|78,59|9,25|9,94|75,73/9,8=9,92,7,10,8
74,2|74,60|2,9|30,68|41,30|68,49|65,69|69,51|60,7|40,44|74,50|74,41|25,1|74,65|9,25|7,56|42,40|56,95|51,28|50,42/74,49=74,41,30,68,49
53,39|66,92|66,5|78,53|17,80|46,75|26,31|66,59|92,46|75,88|55,78|8,17|31,86|97,22|77,8|98,97|66,55|59,98|66,77|5,26/66,88=66,92,46,75,88
0,41|76,75|41,92|21,79|39,76|64,28|64,42|85,23|64,74|74,73|73,85|75,40|79,44|44,58|42,0|64,39|99,77|64,21|66,99|28,66/64,23=64,74,73,85,23
97,73|82,97|61,10|30,72|73,52|65,87|10,65|33,30|24,83|18,55|24,61|43,70|98,33|76,43|42,18|0,42|24,98|24,82|24,0|83,76/24,70=24,83,76,43,70
24,12|6,33|81,20|6,40|96,18|88,71|20,96|47,93|28,22|71,15|6,73|6,41|22,1|73,28|6,81|12,59|7,47|33,7|40,88|41,24/6,59=6,41,24,12,59
28,58|27,93|28,54|28,29|89,77|29,60|77,75|28,45|60,83|45,46|83,87|58,98|28,37|46,14|37,21|21,27|54,89|11,84|98,11|14,91/28,84=28,58,98,11,84
40,64|93,85|93,1|52,8|1,13|95,10|33,37|80,33|14,52|13,61|2,95|99,80|85,2|36,40|93,14|61,24|8,86|93,82|82,36|93,99/93,37=93,99,80,33,37
99,80|5,6|1,41|15,62|7,1|69,99|23,18|62,71|13,44|69,15|56,16|69,7|41,12|69,5|71,3|2,39|16,2|80,13|69,56|6,23/69,18=69,5,6,23,18
3,14|3,31|3,27|81,65|65,54|51,77|35,1|77,90|22,89|8,40|41,99|61,30|3,41|31,81|3,8|67,61|40,35|27,51|99,22|14,67/3,1=3,8,40,35,1
1,67|92,53|9,1|3,30|3,68|3,42|31,38|70,88|42,92|95,80|78,4|3,79|19,31|80,78|88,21|68,9|79,19|53,98|30,70|3,95/3,67=3,68,9,1,67
24,59|89,7|14,89|96,71|24,76|24,61|25,36|59,69|30,95|53,21|7,37|69,96|67,2|95,32|2,25|24,67|61,53|24,14|21,27|76,30/24,32=24,76,30,95,32
64,44|64,61|81,58|44,65|43,50|64,38|58,90|37,98|88,56|38,88|61,43|64,13|22,23|98,22|56,46|65,93|64,37|13,81|93,39|50,74/64,23=64,37,98,22,23
38,30|17,20|11,67|92,5|93,68|17,77|77,28|68,80|80,22|17,85|48,11|5,62|85,48|17,93|17,92|62,90|20,36|28,66|36,38|66,75/17,22=17,93,68,80,22
17,57|89,60|16,55|96,80|95,14|44,96|13,26|1,13|16,12|21,36|52,44|55,93|30,89|36,95|16,52|16,1|26,32|93,17|12,30|16,21/16,14=16,21,36,95,14
40,81|84,35|35,47|68,19|64,3|84,40|49,80|34,68|3,53|70,58|83,45|84,0|81,70|43,67|47,49|67,83|84,34|19,9|84,43|0,64/84,53=84,0,64,3,53
77,82|11,87|8,20|81,93|14,11|45,81|93,0|65,90|77,50|77,95|33,65|66,8|82,66|50,33|77,14|95,28|77,45|87,71|28,35|35,94/77,0=77,45,81,93,0
68,8|77,67|67,5|44,12|5,56|98,71|28,47|8,28|68,98|68,77|47,85|68,45|64,82|74,84|42,44|58,17|45,42|68,64|82,58|71,74/68,85=68,8,28,47,85
48,54|58,62|74,32|74,0|77,92|49,70|76,77|32,48|92,10|74,90|27,13|90,75|54,97|62,89|0,58|42,49|74,42|75,27|74,76|70,67/74,89=74,0,58,62,89
70,36|26,14|41,67|88,41|80,26|34,17|34,55|90,24|34,25|27,9|34,46|36,1|82,90|34,76|76,82|17,0|25,70|46,80|0,27|55,88/34,67=34,55,88,41,67
94,35|33,65|33,48|43,78|33,30|19,1|30,75|1,88|86,81|57,94|81,4|23,89|48,19|40,92|33,26|65,86|33,43|78,23|75,40|26,57/33,92=33,30,75,40,92
75,36|42,32|76,6|12,3|68,15|63,11|26,88|12,26|12,46|36,42|12,75|93,63|55,51|88,55|3,76|50,68|49,93|46,50|12,49|6,14/12,32=12,75,36,42,32
78,53|0,30|23,37|49,12|79,80|80,78|2,60|60,57|36,2|49,36|49,79|55,5|1,0|48,1|95,55|12,95|81,23|49,81|37,20|49,48/49,5=49,12,95,55,5
92,6|84,15|31,76|83,52|93,49|57,71|6,42|33,12|77,94|16,37|84,33|84,16|42,95|37,31|84,77|87,93|94,83|12,57|15,87|84,92/84,95=84,92,6,42,95
87,88|32,44|87,4|81,25|53,28|87,31|91,62|37,76|4,47|76,53|88,50|73,43|87,37|47,71|71,7|87,81|25,91|50,32|31,73|43,70/87,70=87,31,73,43,70
86,61|31,47|82,18|33,6|91,31|62,33|60,62|8,23|60,8|60,86|2,91|61,68|95,82|23,50|3,95|60,3|50,52|6,16|60,2|68,55/60,47=60,2,91,31,47
81,87|66,34|95,96|66,36|66,12|6,15|32,6|28,32|12,64|87,92|22,43|93,84|34,81|8,93|48,95|66,28|96,52|66,48|64,22|36,8/66,92=66,34,81,87,92
11,69|3,60|32,3|11,90|92,10|69,99|29,93|10,43|77,12|31,32|61,92|70,84|12,18|11,61|11,31|11,77|99,70|18,28|90,29|93,73/11,43=11,61,92,10,43
78,70|38,34|20,7|55,12|16,25|12,35|40,38|98,95|26,20|75,78|16,55|95,50|16,83|83,40|87,26|25,75|16,87|16,23|23,98|35,15/16,34=16,83,40,38,34
28,45|9,78|5,46|97,70|64,59|56,5|91,95|46,64|15,88|95,63|56,97|56,9|70,54|54,2|78,15|45,86|56,32|37,91|56,37|32,28/56,86=56,32,28,45,86
45,29|7,20|13,32|32,47|50,88|47,0|88,44|96,7|16,1|74,21|31,96|29,15|44,90|74,31|1,56|74,54|21,16|74,50|54,45|74,13/74,0=74,13,32,47,0
9,69|34,95|85,37|30,83|1,30|61,9|83,78|87,34|85,13|85,75|85,1|69,70|41,53|37,77|50,96|14,41|85,61|75,14|77,50|13,87/85,95=85,13,87,34,95
16,15|69,50|15,69|36,39|14,9|49,96|10,36|10,42|96,94|1,14|72,76|76,59|94,93|10,16|42,1|39,48|86,72|48,24|10,49|10,86/10,59=10,86,72,76,59
31,81|54,73|73,33|78,60|91,30|75,52|58,20|81,92|20,91|13,85|31,70|98,75|23,13|31,24|24,23|31,77|31,58|77,54|70,98|92,78/31,52=31,70,98,75,52
5,86|21,5|37,38|62,37|91,20|12,33|1,36|33,62|97,83|66,89|64,51|54,34|36,64|89,54|83,91|12,97|60,21|12,60|12,66|12,1/12,86=12,60,21,5,86
95,4|11,90|96,45|11,80|97,83|11,12|90,97|75,98|92,21|98,89|83,85|17,28|76,96|10,75|12,92|21,49|11,10|4,17|11,95|80,76/11,49=11,12,92,21,49
30,19|0,45|94,43|17,99|2,44|24,10|94,65|40,17|94,24|94,14|44,0|95,48|10,30|14,95|65,40|94,2|43,97|48,42|97,68|68,41/94,99=94,65,40,17,99
77,71|60,72|27,26|56,77|10,39|43,65|35,10|64,59|72,56|50,81|53,35|26,50|60,43|46,73|60,37|59,54|60,53|37,64|60,27|65,46/60,71=60,72,56,77,71
58,54|27,52|35,4|58,3|58,8|39,27|3,40|54,24|24,93|58,68|8,32|99,66|68,83|58,39|40,35|52,21|93,9|32,99|83,81|81,71/58,4=58,3,40,35,4
99,73|21,56|48,50|18,57|50,21|48,26|56,80|35,64|96,88|57,71|48,41|48,18|41,4|4,96|13,60|73,95|26,99|60,35|48,13|71,14/48,95=48,26,99,73,95
66,63|1,34|43,85|7,13|43,94|67,1|43,78|89,69|94,18|22,82|43,24|43,86|87,7|24,22|82,38|18,66|86,11|85,87|78,67|11,89/43,34=43,78,67,1,34
64,7|37,44|44,79|24,15|13,14|13,4|50,39|13,64|13,93|13,81|7,66|53,50|81,24|25,33|15,1|93,37|4,97|66,96|14,53|97,25/13,79=13,93,37,44,79
24,91|53,54|53,39|53,26|20,33|39,62|54,20|16,13|56,46|62,88|26,16|61,41|53,5|33,99|53,61|41,56|5,24|91,87|88,57|13,58/53,99=53,54,20,33,99
63,50|66,73|78,12|57,4|57,78|57,70|73,46|53,51|95,66|12,98|4,53|98,64|81,60|60,63|57,95|93,59|83,93|70,83|57,81|51,1/57,59=57,70,83,93,59
26,8|27,88|26,69|15,16|69,23|1,61|23,99|30,77|63,4|77,76|26,40|88,1|16,75|26,30|76,74|26,27|4,87|99,54|8,63|40,15/26,75=26,40,15,16,75
34,65|26,55|26,32|7,43|52,48|65,13|48,80|91,7|55,52|26,4|39,96|33,34|32,57|0,71|26,33|57,39|43,59|71,61|4,0|26,91/26,61=26,4,0,71,61
57,71|28,47|67,88|39,13|57,98|57,75|89,24|51,67|75,3|3,28|88,0|98,89|71,94|64,23|57,51|33,70|57,39|24,27|94,64|13,33/57,27=57,98,89,24,27
54,10|52,99|36,45|76,24|34,21|34,36|34,54|63,35|5,92|45,5|53,37|67,76|85,52|34,73|10,63|34,91|48,53|91,85|73,48|21,67/34,92=34,36,45,5,92
68,35|40,54|62,17|47,12|97,33|47,6|13,24|81,30|43,62|89,15|33,55|6,43|47,89|47,36|47,81|15,13|12,44|44,40|30,68|36,97/47,55=47,36,97,33,55
16,32|58,3|32,57|29,9|71,72|29,34|97,71|53,20|90,18|29,23|57,11|72,41|31,53|23,90|18,52|44,58|29,16|34,44|29,97|9,31/29,41=29,97,71,72,41
14,32|31,30|84,64|31,58|47,20|51,14|61,84|97,61|45,46|7,47|29,12|52,7|31,29|38,35|30,51|58,45|31,52|46,9|31,97|12,38/31,32=31,30,51,14,32
87,0|72,3|87,59|87,12|75,58|24,14|67,82|12,45|87,90|90,39|45,75|59,47|39,24|57,67|0,57|27,65|20,76|76,27|47,72|87,20/87,58=87,12,45,75,58
19,73|41,72|83,87|67,40|18,50|50,83|89,42|62,19|81,41|73,9|89,81|54,70|89,18|89,54|70,65|89,62|42,32|65,58|32,67|72,29/89,40=89,42,32,67,40
42,0|97,70|42,25|27,32|25,27|3,83|52,33|87,40|32,17|42,31|14,52|99,84|42,53|31,14|0,97|53,87|40,10|42,99|70,50|84,3/42,17=42,25,27,32,17
58,38|77,33|67,58|38,41|41,6|49,53|99,95|26,22|67,14|14,31|67,99|67,44|67,49|42,9|95,86|53,42|86,40|18,26|44,18|31,77/67,22=67,44,18,26,22
28,71|21,85|21,86|79,75|75,58|21,79|74,27|93,55|71,64|64,6|58,67|21,74|60,30|34,84|86,34|85,72|27,93|84,0|21,28|72,60/21,30=21,85,72,60,30
76,6|83,87|76,13|20,82|32,83|61,81|76,20|98,51|82,61|44,26|85,65|87,49|76,32|13,98|65,2|26,67|76,85|2,71|51,84|6,44/76,67=76,6,44,26,67
87,10|41,97|4,1|79,38|21,79|45,24|27,48|36,74|36,55|76,28|3,21|55,41|36,3|36,45|75,27|24,76|74,75|10,4|36,87|97,40/36,48=36,74,75,27,48
87,92|40,0|18,61|90,33|92,9|20,4|74,20|40,74|75,93|67,58|40,18|93,34|40,37|37,99|61,67|40,75|99,90|4,59|0,87|34,63/40,9=40,0,87,92,9
66,46|64,63|13,9|60,16|95,98|16,30|63,14|66,32|32,60|66,13|99,83|9,57|66,64|66,69|69,99|57,2|98,24|14,85|83,84|46,95/66,24=66,46,95,98,24
35,46|86,78|55,11|15,55|35,57|54,15|47,72|35,87|57,7|71,21|87,86|34,71|78,23|7,81|35,54|46,6|35,16|6,47|16,34|81,33/35,33=35,57,7,81,33
90,54|47,9|31,78|31,98|1,6|0,57|54,40|31,0|98,47|31,61|92,1|74,14|31,92|6,71|61,90|23,89|78,74|57,23|9,22|14,49/31,22=31,98,47,9,22
12,45|31,56|60,72|95,97|45,89|33,10|47,42|91,63|48,15|42,33|5,2|31,95|56,5|2,13|81,12|31,48|97,91|31,47|15,60|31,81/31,63=31,95,97,91,63
77,91|64,21|64,63|55,38|64,69|26,61|21,47|99,55|94,24|91,16|74,89|89,53|15,77|69,99|64,15|80,94|47,26|24,65|64,80|63,74/64,16=64,15,77,91,16
4,97|90,34|57,90|19,64|19,99|34,52|21,16|19,57|73,58|19,30|97,40|58,86|78,56|99,21|64,13|16,7|86,44|19,73|30,4|13,78/19,40=19,30,4,97,40
49,84|35,25|22,7|10,97|0,66|91,98|97,91|72,62|16,29|62,11|25,72|7,85|85,58|35,49|35,10|35,6|29,56|35,22|84,0|6,16/35,11=35,25,72,62,11
85,67|47,12|7,45|17,99|27,47|99,32|37,85|37,34|50,27|37,72|37,50|80,95|51,78|33,80|72,51|67,7|71,17|37,71|78,41|34,33/37,41=37,72,51,78,41
40,18|46,29|12,9|57,14|20,46|84,40|12,75|42,87|47,57|27,42|76,16|12,76|12,47|9,84|16,67|14,79|87,89|67,98|75,20|12,27/12,18=12,9,84,40,18
73,3|13,73|61,21|71,65|13,98|98,44|16,9|99,61|13,71|66,46|35,99|46,11|38,62|13,35|32,66|22,59|44,38|65,16|13,32|3,22/13,11=13,32,66,46,11
17,28|28,82|93,8|8,56|88,41|68,99|41,53|32,45|69,85|53,81|45,68|48,69|30,88|19,93|30,23|30,34|30,32|34,48|30,19|23,17/30,99=30,32,45,68,99
87,12|73,93|62,67|60,84|93,11|11,2|61,68|67,90|55,60|84,46|37,61|46,34|55,37|55,98|98,87|55,73|55,0|12,47|68,65|0,62/55,90=55,0,62,67,90
74,38|4,77|74,50|74,27|40,75|76,84|70,47|39,67|27,40|1,22|74,70|74,4|50,39|38,33|77,76|47,85|33,1|67,46|75,7|85,62/74,7=74,27,40,75,7
76,33|30,24|61,86|52,66|86,69|69,8|61,13|9,93|31,45|93,31|61,23|85,30|55,85|33,35|13,90|8,17|90,52|23,76|61,55|61,9/61,17=61,86,69,8,17
32,55|77,41|72,10|46,74|27,1|74,31|37,99|84,57|57,38|8,62|99,50|50,83|55,46|32,77|32,37|87,84|32,8|62,72|41,27|32,87/32,38=32,87,84,57,38
80,73|79,96|79,75|79,35|42,87|17,65|84,74|35,25|96,13|79,17|67,6|79,60|65,67|48,71|13,80|75,42|87,66|25,48|60,51|51,84/79,6=79,17,65,67,6
17,51|17,33|33,53|17,44|72,67|53,64|41,3|64,71|17,24|65,45|17,14|47,34|14,30|30,65|24,40|40,47|51,41|3,90|67,39|44,72/17,71=17,33,53,64,71
89,11|89,26|26,57|11,75|58,43|89,91|89,34|57,87|84,29|83,37|75,61|91,83|25,58|64,84|61,22|87,19|37,6|89,21|21,64|34,25/89,43=89,34,25,58,43
83,70|17,78|84,39|65,84|71,56|78,85|0,1|39,71|21,83|65,80|70,90|16,81|50,73|81,0|65,16|80,17|65,21|65,50|73,24|24,66/65,66=65,50,73,24,66
98,84|74,98|20,83|99,91|69,30|63,74|21,57|83,43|21,80|2,97|21,99|80,20|49,52|52,69|91,47|47,75|21,49|87,2|21,63|57,87/21,43=21,80,20,83,43
55,54|67,48|21,56|88,55|71,67|63,80|54,18|82,70|48,25|21,15|80,92|21,82|21,88|53,17|10,47|21,71|56,63|15,10|47,73|70,53/21,73=21,15,10,47,73
16,74|4,75|61,66|90,16|42,77|9,90|49,30|28,48|42,34|30,54|48,23|42,9|42,49|40,55|42,61|34,11|54,70|66,40|11,4|77,28/42,75=42,34,11,4,75
52,9|56,33|51,13|99,79|29,83|79,81|52,59|81,15|9,63|52,91|92,11|52,99|94,92|59,94|63,56|52,64|83,86|13,54|64,29|91,51/52,11=52,59,94,92,11
56,89|62,40|92,74|77,82|37,39|37,36|89,1|37,20|39,62|58,33|74,84|82,88|1,46|28,58|37,28|20,92|36,77|40,41|33,24|37,56/37,41=37,39,62,40,41
40,19|62,2|63,80|40,28|60,9|40,62|75,68|4,86|20,97|15,75|28,15|80,90|90,91|40,63|83,4|2,36|9,20|40,60|19,83|36,14/40,14=40,62,2,36,14
81,44|61,76|82,79|16,1|30,28|21,16|1,63|25,81|28,89|30,61|14,69|31,10|30,14|76,82|69,31|30,21|44,58|5,74|30,25|89,5/30,58=30,25,81,44,58
78,55|58,67|13,58|4,5|13,4|70,6|5,48|83,39|90,42|63,25|13,51|13,57|57,83|48,77|51,63|67,70|39,27|55,90|25,16|13,78/13,16=13,51,63,25,16
89,62|33,14|55,35|86,18|35,76|86,33|86,8|18,89|99,61|15,19|86,26|26,55|14,99|88,69|8,60|49,15|86,49|19,87|60,88|62,44/86,69=86,8,60,88,69
65,12|70,25|79,58|16,48|38,40|16,65|45,53|49,3|32,79|12,70|53,91|48,45|40,49|16,38|14,43|97,59|13,32|16,13|59,14|16,97/16,25=16,65,12,70,25
71,99|33,15|75,40|47,82|1,66|35,90|82,19|95,1|66,58|99,16|60,9|60,2|9,71|60,35|83,47|2,75|40,6|60,95|60,83|90,33/60,58=60,95,1,66,58
54,20|14,43|75,5|93,56|93,94|94,53|39,18|53,14|56,86|48,75|5,36|93,39|76,33|18,87|33,73|93,49|93,48|49,76|86,54|87,99/93,36=93,48,75,5,36
52,54|9,23|32,90|72,61|82,63|39,82|13,15|32,13|61,59|32,72|59,56|78,39|90,74|74,50|32,78|23,52|80,24|50,92|32,9|15,80/32,54=32,9,23,52,54
82,59|99,98|16,56|93,33|59,26|32,25|26,57|91,1|82,67|18,91|68,22|82,16|22,96|82,95|95,18|82,99|57,42|67,68|56,32|98,93/82,33=82,99,98,93,33
12,14|73,63|9,12|68,40|16,9|57,27|73,42|73,16|42,61|60,72|63,68|73,44|80,29|44,62|73,99|61,60|62,57|29,78|99,80|40,83/73,27=73,44,62,57,27
79,86|79,44|16,23|75,21|73,63|44,50|21,94|82,70|50,59|70,15|59,25|86,73|94,60|79,75|79,12|63,51|12,93|0,82|79,0|93,16/79,23=79,12,93,16,23
56,38|5,57|94,59|11,18|57,20|2,83|29,76|86,88|4,5|88,74|59,11|56,2|56,94|38,85|56,4|85,35|83,29|74,73|56,86|35,51/56,73=56,86,88,74,73
91,16|32,26|87,6|55,93|90,63|91,32|80,47|18,55|16,25|26,43|91,58|43,54|8,90|25,87|91,18|83,80|63,40|93,65|91,8|58,83/91,65=91,18,55,93,65
0,82|9,50|26,78|14,31|20,9|3,63|39,73|73,3|92,14|12,20|1,26|6,0|82,64|39,6|63,53|39,74|74,92|39,12|39,1|78,52/39,64=39,6,0,82,64
94,85|26,22|68,24|57,68|98,75|67,95|57,26|57,10|85,84|24,23|57,94|75,9|21,43|57,67|10,98|41,47|23,78|95,21|84,49|22,41/57,43=57,67,95,21,43
54,95|97,92|38,75|81,21|70,6|72,43|75,1|81,84|81,70|76,97|81,38|13,49|22,41|6,13|81,72|43,54|1,40|21,76|84,22|41,28/81,28=81,84,22,41,28
97,47|95,79|77,30|43,69|53,39|81,20|86,64|79,6|6,89|81,53|39,77|81,97|81,95|55,86|69,38|67,55|61,91|47,61|20,43|81,67/81,64=81,67,55,86,64
5,59|61,87|5,98|59,89|5,13|63,57|47,90|89,75|57,42|13,61|12,93|90,4|10,12|87,85|26,63|93,23|75,77|98,47|5,10|5,26/5,4=5,98,47,90,4
70,14|17,83|99,43|90,1|29,76|36,89|89,67|90,45|43,39|90,17|1,29|90,50|45,36|64,7|7,25|60,99|90,60|50,64|76,98|83,70/90,67=90,45,36,89,67
95,99|12,21|95,31|58,98|31,72|95,27|21,71|27,51|42,50|20,53|87,58|50,6|6,5|51,20|17,57|98,59|72,17|99,12|95,87|95,42/95,71=95,99,12,21,71
3,45|45,91|91,58|28,18|61,69|56,84|49,36|36,14|39,81|14,86|49,94|49,39|70,50|49,56|2,61|94,2|49,3|84,70|81,28|86,92/49,69=49,94,2,61,69
60,21|55,68|5,11|55,51|55,88|98,86|86,46|68,60|43,98|55,48|55,43|62,24|51,85|11,26|48,5|37,71|21,3|88,74|74,62|85,37/55,3=55,68,60,21,3
48,23|48,57|34,50|51,46|93,74|45,21|48,93|23,8|50,47|90,3|48,73|57,49|26,94|74,26|82,51|73,82|48,35|35,34|49,45|8,90/48,94=48,93,74,26,94
79,71|49,18|51,88|72,28|59,4|70,7|71,83|19,79|59,17|59,19|88,70|59,1|68,37|59,51|4,54|28,45|1,72|54,68|18,34|17,49/59,34=59,17,49,18,34
2,24|9,97|43,63|24,70|58,45|8,15|42,44|90,43|17,58|42,32|70,54|42,17|42,2|44,59|63,37|45,95|42,90|97,69|32,9|59,8/42,54=42,2,24,70,54
19,84|64,9|74,92|48,8|90,97|71,48|35,64|92,50|90,29|88,2|2,41|90,43|43,7|90,35|90,71|9,96|7,19|8,33|29,88|97,74/90,84=90,43,7,19,84
56,50|62,20|50,28|45,82|43,45|17,95|99,62|99,58|64,27|2,43|38,17|28,30|20,41|27,39|99,7|58,64|99,2|99,56|7,38|41,5/99,5=99,62,20,41,5
8,72|35,8|14,51|39,57|83,98|80,86|2,36|86,2|72,50|30,75|27,35|27,30|16,39|99,16|96,83|27,12|12,96|27,99|75,14|27,80/27,57=27,99,16,39,57
62,40|32,25|0,71|77,53|57,62|48,80|45,37|45,7|45,57|25,77|45,32|23,72|37,23|92,48|40,81|45,0|7,92|27,30|72,47|71,27/45,47=45,37,23,72,47
81,49|2,45|49,62|81,89|27,58|33,36|36,67|67,54|32,97|81,7|45,27|37,50|7,32|97,68|81,33|81,2|89,37|62,96|50,9|96,40/81,9=81,89,37,50,9
99,20|68,66|96,38|42,25|80,24|45,21|6,15|25,45|56,6|96,94|85,95|94,83|83,85|96,56|24,31|20,68|38,80|96,99|15,53|96,42/96,66=96,99,20,68,66
72,39|39,81|98,51|97,0|51,30|0,83|72,36|85,7|89,33|49,50|33,11|72,98|11,60|72,97|30,45|83,90|50,96|72,89|36,49|81,85/72,90=72,97,0,83,90
56,2|51,67|56,86|67,0|9,4|55,75|27,96|0,14|2,27|96,95|4,59|56,99|42,82|56,70|86,42|82,43|99,9|72,55|56,51|70,72/56,75=56,70,72,55,75
35,32|97,35|73,72|11,97|11,38|80,26|54,27|91,62|26,77|11,21|11,29|27,23|32,40|38,91|62,86|11,73|72,17|29,54|17,25|21,80/11,86=11,38,91,62,86
88,31|55,79|20,5|92,0|92,86|0,89|72,20|86,72|74,61|1,37|37,88|18,55|44,96|83,62|92,74|92,1|79,29|92,18|89,44|61,83/92,31=92,1,37,88,31
98,81|17,70|17,46|81,94|68,47|73,75|6,98|2,64|78,40|75,78|28,11|0,2|17,6|61,44|47,8|46,68|70,0|17,73|17,28|11,61/17,94=17,6,98,81,94
61,1|82,13|87,32|13,44|87,82|24,22|1,31|28,93|95,36|31,30|87,28|87,61|26,72|87,62|34,26|44,90|32,24|62,34|93,95|22,4/87,4=87,32,24,22,4
55,3|0,5|2,70|31,34|93,83|18,74|18,55|14,2|83,24|24,67|4,68|79,4|13,14|76,56|18,93|18,0|5,31|18,13|3,76|74,79/18,70=18,13,14,2,70
46,66|81,36|42,87|26,53|54,26|36,46|75,79|22,20|34,63|28,54|66,23|57,65|79,57|81,75|20,34|99,85|81,28|81,99|85,42|81,22/81,23=81,36,46,66,23
67,59|97,79|68,0|26,30|39,82|67,1|1,74|79,60|67,58|82,45|60,88|67,97|58,26|67,39|45,80|59,68|66,23|74,66|30,87|0,25/67,80=67,39,82,45,80
29,18|73,53|54,85|11,82|18,33|82,45|45,49|86,54|11,29|11,56|84,73|19,96|77,84|11,77|49,44|11,59|33,3|96,5|59,19|56,86/11,3=11,29,18,33,3
6,28|5,60|82,53|28,42|67,79|59,63|2,5|79,40|47,65|96,67|77,6|59,96|59,51|59,16|59,77|14,82|16,14|65,37|51,47|63,2/59,60=59,63,2,5,60
33,78|95,18|14,6|19,91|6,90|42,53|25,95|42,58|28,19|46,17|75,33|53,14|78,49|42,28|42,75|42,12|91,47|88,46|12,25|58,88/42,90=42,53,14,6,90
15,67|95,92|15,41|35,38|21,43|49,21|67,84|38,4|77,20|10,77|15,95|15,80|4,99|79,30|92,79|15,35|80,10|84,72|72,53|41,49/15,99=15,35,38,4,99
73,5|19,17|78,93|35,68|17,43|49,35|19,32|93,73|22,26|43,7|7,15|44,58|58,3|19,71|32,27|19,59|19,78|59,44|27,22|71,49/19,3=19,59,44,58,3
68,79|60,11|37,65|83,93|93,68|30,26|31,60|7,69|46,35|26,7|75,57|64,1|94,64|46,30|46,37|65,75|46,45|46,83|35,94|45,31/46,79=46,83,93,68,79
31,4|32,14|2,52|88,89|32,20|32,76|89,74|32,9|42,61|20,42|32,88|77,92|61,18|92,55|74,26|14,65|52,46|65,31|76,77|9,2/32,26=32,88,89,74,26
18,59|22,66|16,22|66,8|13,84|18,19|1,44|69,71|59,69|65,34|95,64|18,65|19,91|37,13|71,89|91,1|18,16|84,78|34,95|18,37/18,64=18,65,34,95,64
99,55|73,91|17,62|85,84|84,93|2,42|51,73|51,1|51,34|91,2|36,83|51,31|1,99|31,36|93,94|55,40|62,16|34,17|51,85|83,59/51,94=51,85,84,93,94
40,14|12,48|58,55|86,49|49,81|22,52|95,60|63,86|40,12|26,13|52,94|48,95|14,79|93,30|40,22|79,93|94,64|55,26|40,58|40,63/40,30=40,14,79,93,30
32,89|23,44|15,46|15,39|15,4|15,11|11,52|39,67|37,5|89,95|15,55|46,32|42,82|4,23|52,37|74,42|44,20|55,74|67,50|50,85/15,20=15,4,23,44,20
78,65|39,15|34,39|40,78|82,81|62,20|53,33|73,94|62,5|67,34|33,32|25,12|62,9|5,70|62,82|81,25|70,73|9,53|62,67|20,40/62,94=62,5,70,73,94
33,6|85,30|33,44|44,93|2,85|29,81|5,38|53,5|41,68|6,29|81,57|33,70|21,41|33,21|33,73|95,42|70,53|68,11|93,95|73,2/33,11=33,21,41,68,11
43,36|15,24|30,45|32,48|13,76|51,49|76,90|9,18|74,0|36,32|74,29|74,51|18,73|45,25|73,35|0,13|49,15|29,30|74,43|74,9/74,48=74,43,36,32,48
35,42|54,98|66,54|35,52|67,46|61,0|35,74|35,66|52,78|5,20|35,61|10,79|98,62|20,84|0,10|42,5|78,76|74,67|46,77|76,23/35,62=35,66,54,98,62
71,67|68,71|0,35|98,55|67,53|68,80|80,91|68,92|53,43|91,0|59,48|68,2|21,76|55,49|48,87|87,31|95,21|2,95|92,98|68,59/68,35=68,80,91,0,35
4,28|9,75|37,29|67,9|15,7|75,91|67,22|67,31|91,61|69,37|49,6|90,66|17,81|67,15|67,90|31,69|35,4|22,35|7,49|66,17/67,61=67,9,75,91,61
56,61|92,1|26,22|88,89|24,5|22,15|56,26|84,88|15,19|12,24|57,81|81,62|56,12|56,28|61,54|82,57|5,36|28,84|56,82|54,92/56,36=56,12,24,5,36
92,80|38,86|38,37|49,25|38,12|1,45|38,20|27,10|93,5|10,92|38,27|66,49|86,66|84,93|20,16|12,84|16,1|90,48|48,83|37,90/38,80=38,27,10,92,80
93,39|86,62|16,82|39,5|82,17|43,30|63,19|52,49|49,18|19,86|5,37|13,50|13,93|13,52|74,16|50,69|13,74|18,32|69,43|13,63/13,30=13,50,69,43,30
65,7|10,77|43,14|90,43|46,10|23,48|90,50|89,18|50,51|94,55|90,20|60,64|14,94|83,65|90,89|86,46|20,83|90,86|18,23|51,60/90,7=90,20,83,65,7
16,19|69,24|98,61|16,79|16,53|16,90|24,18|49,38|61,39|79,27|70,77|19,69|96,70|38,93|27,51|90,96|93,76|16,49|51,0|53,98/16,77=16,90,96,70,77
22,61|56,32|11,33|16,74|32,20|22,71|71,27|60,0|20,63|0,28|22,69|58,10|22,56|27,58|22,16|25,11|74,90|90,78|61,25|69,60/22,63=22,56,32,20,63
11,43|63,28|64,31|43,35|88,26|26,60|63,25|25,92|65,64|92,32|63,11|32,33|28,19|36,65|19,76|63,36|63,20|35,40|76,83|20,88/63,31=63,36,65,64,31
55,3|0,5|2,70|76,56|93,83|18,74|18,55|14,2|83,24|24,67|31,34|79,31|13,14|4,68|18,93|18,0|5,76|18,13|3,4|74,79/18,70=18,13,14,2,70
93,96|18,31|37,18|87,44|31,47|37,81|14,93|37,87|57,56|37,16|3,50|81,67|47,29|67,57|36,14|44,35|37,36|35,66|16,68|68,3/37,56=37,81,67,57,56
69,21|21,36|36,98|69,61|31,43|20,2|73,95|23,24|43,47|24,17|47,87|92,80|68,92|69,12|69,31|95,20|98,13|61,23|12,68|69,73/69,80=69,12,68,92,80
4,61|29,84|45,29|4,45|84,32|0,16|4,58|14,96|96,71|90,46|58,52|4,94|61,14|52,73|73,83|40,68|46,18|68,0|4,40|94,90/4,83=4,58,52,73,83
71,39|74,98|5,22|5,76|76,78|5,15|92,95|5,79|75,74|15,75|10,20|29,32|79,29|78,10|32,50|39,0|95,97|5,71|0,38|22,92/5,50=5,79,29,32,50
28,81|77,39|69,2|94,4|81,10|57,46|45,97|49,83|46,93|49,45|49,94|49,77|4,69|39,13|83,28|49,57|13,52|93,56|85,72|97,85/49,72=49,45,97,85,72
69,12|87,39|17,36|17,34|57,18|17,16|36,98|97,57|34,48|17,86|86,44|0,45|31,14|18,24|17,97|16,0|45,64|48,87|44,69|98,31/17,12=17,86,44,69,12
86,21|75,6|88,69|45,27|12,51|15,86|75,28|75,29|66,44|98,12|21,65|71,88|29,62|75,15|75,91|28,98|6,71|91,58|58,66|62,45/75,69=75,6,71,88,69
56,2|51,67|56,86|67,96|9,4|55,75|27,82|96,95|2,27|82,43|4,59|56,99|42,0|56,70|86,42|0,14|99,9|72,55|56,51|70,72/56,75=56,70,72,55,75
42,16|11,93|13,3|28,41|37,18|53,15|97,74|41,87|49,53|93,37|97,28|87,56|74,42|4,13|16,69|97,72|97,49|72,4|97,11|15,95/97,69=97,74,42,16,69
78,19|11,3|87,24|35,78|99,50|50,74|87,96|24,10|87,99|87,14|10,11|74,68|87,23|96,98|83,22|98,65|65,6|23,35|14,83|22,15/87,3=87,24,10,11,3
57,76|67,96|16,19|76,93|12,1|13,12|46,68|90,87|48,82|56,57|93,20|32,67|96,17|87,48|56,32|56,46|56,13|68,16|56,90|1,35/56,17=56,32,67,96,17
50,56|73,67|81,49|81,45|95,73|72,29|20,53|76,61|9,22|45,95|81,47|19,76|81,88|49,50|47,19|53,9|29,2|81,20|56,1|88,72/81,22=81,20,53,9,22
57,69|92,16|35,18|84,94|76,49|83,59|84,42|81,67|84,76|94,92|88,34|11,8|84,88|34,81|84,11|18,4|8,83|16,79|42,35|49,57/84,4=84,42,35,18,4
18,34|80,74|99,80|18,37|2,52|91,99|53,92|42,95|30,58|18,91|18,2|18,63|52,60|37,23|92,1|63,53|23,30|95,76|60,48|34,42/18,76=18,34,42,95,76
44,14|40,80|74,26|72,50|49,78|99,92|3,40|50,2|14,96|53,9|53,49|53,35|78,82|9,3|92,74|96,13|53,99|35,72|82,75|53,44/53,2=53,35,72,50,2
38,81|80,38|17,46|89,32|61,19|61,40|40,70|46,87|61,78|96,18|32,50|31,17|18,42|70,30|61,31|19,89|78,80|61,96|30,29|42,68/61,68=61,96,18,42,68
29,98|70,61|98,85|74,34|97,58|20,24|70,30|47,97|77,14|24,83|14,81|30,29|70,93|43,39|70,20|93,47|39,74|83,12|70,43|61,77/70,58=70,93,47,97,58
83,6|27,18|61,0|39,91|14,57|23,93|61,39|61,15|93,69|61,16|91,83|69,85|92,14|15,65|80,33|61,23|16,74|65,27|0,92|74,80/61,18=61,15,65,27,18
78,73|32,48|19,81|0,14|0,60|66,96|73,74|76,66|91,32|54,3|60,72|3,84|48,30|0,91|72,19|0,64|0,78|74,37|14,76|64,54/0,84=0,64,54,3,84
23,90|88,29|77,88|76,30|8,23|77,10|45,8|74,61|60,33|36,76|87,99|92,16|16,74|71,87|77,45|29,60|77,36|10,71|77,92|30,19/77,19=77,36,76,30,19
96,0|73,17|40,83|40,96|49,59|83,53|53,35|54,73|75,49|33,54|28,67|94,61|71,94|0,28|35,56|40,23|48,75|40,48|23,71|40,33/40,67=40,96,0,28,67
0,70|88,22|67,63|6,67|98,88|63,83|2,40|14,50|33,6|15,0|72,17|33,15|70,44|50,90|22,82|33,2|61,14|40,72|33,61|33,98/33,17=33,2,40,72,17
36,45|71,70|16,1|27,8|9,71|5,21|51,63|48,69|1,34|8,16|27,81|63,29|73,9|27,51|27,5|4,48|27,73|81,4|29,41|21,36/27,70=27,73,9,71,70
29,80|73,30|41,78|31,97|65,85|11,34|97,70|29,87|85,11|78,5|49,82|87,31|29,13|90,49|29,44|29,65|44,73|80,41|13,90|30,68/29,68=29,44,73,30,68
12,21|58,78|32,1|68,23|23,54|49,68|31,58|49,72|85,32|3,79|79,75|1,35|72,12|54,88|49,3|21,73|49,31|75,25|49,85|78,2/49,2=49,31,58,78,2
22,39|22,54|22,13|27,83|8,96|78,4|89,73|22,38|65,61|13,65|39,35|54,46|91,30|83,80|38,27|61,41|35,78|46,91|22,8|96,89/22,41=22,13,65,61,41
12,61|85,83|71,60|37,93|80,41|15,71|82,12|40,80|23,90|60,87|93,44|37,97|10,82|37,33|90,58|44,85|37,10|37,15|33,23|97,40/37,58=37,33,23,90,58
14,31|43,15|77,13|92,70|63,12|76,96|24,75|70,76|92,43|72,39|96,1|93,14|35,69|75,72|92,2|2,93|92,77|92,24|15,63|13,35/92,12=92,43,15,63,12
97,31|30,63|31,96|96,59|33,2|30,47|30,97|30,9|72,93|10,67|47,33|9,10|66,68|63,66|68,94|30,72|56,62|93,56|67,8|2,15/30,94=30,63,66,68,94
44,48|55,9|99,87|36,77|29,43|32,36|9,6|88,99|29,28|75,31|17,44|29,80|22,75|80,22|43,17|28,32|29,88|29,55|6,54|87,33/29,33=29,88,99,87,33
82,60|93,32|7,17|8,7|48,33|2,57|12,82|91,27|2,29|57,9|81,13|29,81|60,3|13,68|2,12|9,48|32,91|11,8|2,11|2,93/2,3=2,12,82,60,3
22,83|72,98|41,73|98,37|17,95|6,20|73,79|37,91|33,35|80,17|72,68|83,6|72,22|72,90|72,48|48,80|4,33|90,41|91,7|68,4/72,95=72,48,80,17,95
61,10|29,43|91,53|91,88|91,32|91,63|85,64|32,58|37,39|63,83|83,29|58,37|74,87|69,61|53,69|89,74|88,85|87,78|64,7|91,89/91,43=91,63,83,29,43
77,6|94,36|94,73|73,51|60,4|94,61|94,48|94,33|29,53|33,93|92,60|93,54|61,91|36,92|48,75|91,29|89,21|75,77|54,35|51,89/94,4=94,36,92,60,4
34,19|96,56|72,69|66,5|92,52|8,72|8,34|69,64|19,62|64,43|52,45|8,94|94,92|8,96|8,33|40,79|56,40|62,1|5,38|33,66/8,45=8,94,92,52,45
5,39|54,37|84,73|82,32|6,60|69,6|89,5|69,86|98,74|86,97|48,89|93,98|97,12|60,82|69,54|69,48|69,71|71,93|37,84|12,83/69,73=69,54,37,84,73
62,87|45,90|96,92|46,83|60,43|83,81|92,72|62,63|81,5|62,89|93,45|63,93|68,54|73,60|62,73|89,96|62,46|87,17|43,7|17,68/62,90=62,63,93,45,90
54,7|0,19|19,58|64,49|23,83|29,23|5,92|18,5|83,55|58,9|7,97|55,75|49,60|92,63|29,64|29,18|29,54|97,1|60,34|29,0/29,34=29,64,49,60,34
63,28|48,23|78,55|55,15|62,9|14,38|53,78|91,53|91,92|28,12|38,87|12,24|31,62|92,31|97,14|23,50|91,74|74,48|91,97|91,63/91,24=91,63,28,12,24
49,78|55,68|87,85|41,54|78,64|20,39|15,24|55,49|80,14|54,80|55,87|59,23|68,37|55,41|64,67|55,96|85,20|37,15|96,59|23,2/55,39=55,87,85,20,39
66,70|66,72|8,95|70,55|9,60|63,80|66,31|76,3|67,78|21,8|87,2|72,21|31,67|78,12|83,9|55,76|66,83|66,87|2,63|60,98/66,12=66,31,67,78,12
46,98|31,24|58,40|94,8|25,46|72,70|25,72|70,58|25,9|60,62|65,94|9,66|23,73|25,39|98,60|25,65|39,51|8,1|66,23|51,31/25,62=25,46,98,60,62
49,12|42,36|91,82|39,42|7,8|82,67|39,56|15,75|56,61|39,88|75,14|67,19|39,91|36,45|61,49|39,46|8,72|46,15|88,7|45,47/39,72=39,88,7,8,72
34,71|71,52|34,63|34,9|34,56|58,23|80,90|26,53|78,61|48,66|53,45|66,77|45,29|56,50|50,58|81,80|34,26|52,78|9,48|63,81/34,90=34,63,81,80,90
59,74|89,2|74,9|88,67|50,33|4,42|27,11|1,94|76,53|4,76|92,50|11,88|78,92|4,27|53,89|68,57|42,59|4,78|4,68|57,1/4,67=4,27,11,88,67
20,93|74,90|99,98|74,42|90,67|6,60|98,34|92,41|14,99|74,80|33,56|74,46|41,23|46,92|93,48|67,33|80,78|42,20|74,14|78,6/74,60=74,80,78,6,60
63,28|73,59|11,53|53,40|22,2|74,73|50,5|52,98|11,10|24,60|10,74|2,50|11,22|60,25|11,63|89,14|28,52|11,92|92,24|40,89/11,98=11,63,28,52,98
95,48|16,47|69,80|20,69|66,94|41,67|98,42|20,95|81,41|42,39|20,81|67,56|20,84|94,19|71,59|26,98|84,66|80,16|48,71|20,26/20,19=20,84,66,94,19
27,76|57,25|64,55|35,6|6,27|79,50|35,64|35,30|25,56|55,79|1,89|35,57|3,81|89,36|81,42|66,3|30,1|56,45|35,66|76,28/35,50=35,64,55,79,50
86,96|67,9|86,59|59,7|23,32|80,19|32,90|9,93|62,22|22,38|64,67|7,34|19,27|86,64|86,48|96,62|48,23|34,61|27,79|86,80/86,38=86,96,62,22,38
1,62|66,22|71,74|11,52|67,2|74,61|2,70|67,16|60,66|61,24|67,71|16,50|50,85|85,33|94,96|67,64|70,94|64,60|67,1|62,11/67,96=67,2,70,94,96
66,0|82,28|30,15|58,99|16,44|25,88|96,11|25,58|88,65|99,77|25,35|25,82|25,75|75,96|77,4|44,5|35,16|65,66|11,62|28,30/25,0=25,88,65,66,0
43,17|90,46|58,44|35,29|23,98|29,90|58,35|88,37|18,88|58,76|44,28|58,18|28,41|17,83|37,11|98,99|76,43|41,47|99,48|58,23/58,46=58,35,29,90,46
18,86|65,15|15,7|0,62|7,33|94,39|5,27|62,54|39,32|94,65|82,0|86,45|94,35|27,50|94,12|32,63|94,82|12,18|35,5|63,10/94,45=94,12,18,86,45
63,6|77,16|7,12|53,14|14,55|61,77|6,69|5,53|65,89|86,63|73,65|61,86|61,5|26,31|61,36|16,7|31,29|29,71|36,73|61,26/61,12=61,77,16,7,12
11,3|93,28|50,34|86,87|56,86|50,59|50,17|17,93|15,77|50,61|59,56|30,15|3,53|98,74|74,38|50,30|77,2|28,22|34,11|61,98/50,53=50,34,11,3,53
34,64|86,48|49,60|59,33|86,82|21,88|9,49|86,67|47,21|11,59|53,3|88,6|82,11|86,47|48,34|1,71|67,9|64,15|86,1|71,53/86,33=86,82,11,59,33
63,28|50,5|11,53|53,40|22,2|74,50|60,25|52,98|11,10|24,73|10,74|2,60|11,22|73,59|11,63|89,14|28,52|11,92|92,24|40,89/11,98=11,63,28,52,98
7,67|42,17|77,63|0,25|74,1|67,77|26,0|1,97|7,58|7,41|4,34|63,28|34,47|41,74|85,26|47,94|7,4|21,42|58,21|7,85/7,28=7,67,77,63,28
10,97|93,7|44,29|58,93|36,34|71,43|58,99|37,20|67,10|34,87|58,67|7,27|99,36|22,89|58,37|20,22|58,44|27,5|29,71|97,28/58,5=58,93,7,27,5
71,39|10,20|5,22|5,76|76,78|5,15|92,74|5,79|75,10|15,75|95,97|29,32|79,29|78,95|32,50|39,0|74,98|5,71|0,38|22,92/5,50=5,79,29,32,50
78,91|34,0|64,27|49,52|10,49|91,53|52,64|10,84|36,75|7,45|10,17|10,36|57,62|85,7|75,57|76,34|84,76|17,85|10,78|53,99/10,45=10,17,85,7,45
93,3|91,9|0,79|69,48|51,99|91,53|29,4|53,32|86,47|91,90|11,93|32,0|9,29|4,65|91,95|95,11|90,41|91,51|99,69|41,86/91,3=91,95,11,93,3
91,30|75,3|30,44|97,86|89,97|5,4|3,18|23,5|19,81|8,76|81,91|19,75|18,9|86,70|19,89|42,23|19,42|19,33|76,38|33,8/19,70=19,89,97,86,70
56,54|1,49|61,56|69,61|69,16|52,36|36,22|69,42|48,55|69,27|54,12|94,97|69,46|27,90|90,94|55,33|46,8|42,52|16,48|8,1/69,97=69,27,90,94,97
20,83|81,71|80,68|42,46|14,79|20,74|74,84|43,89|17,45|71,4|60,29|84,0|83,81|20,60|68,17|0,86|46,43|20,80|29,14|20,42/20,79=20,60,29,14,79
15,11|12,71|28,56|71,29|15,12|97,55|15,1|15,75|11,94|75,97|72,90|55,58|1,77|15,28|77,30|54,59|56,72|94,54|29,47|30,84/15,59=15,11,94,54,59
57,95|33,83|72,59|72,81|72,84|68,52|61,62|72,45|98,57|67,39|72,60|84,13|59,38|83,12|60,98|45,33|81,71|13,68|71,61|38,67/72,95=72,60,98,57,95
97,74|74,54|2,92|16,66|92,40|83,49|8,63|97,23|97,16|97,41|23,8|95,48|97,91|54,95|66,83|63,53|91,2|41,79|79,75|75,45/97,45=97,41,79,75,45
0,83|53,46|83,66|66,89|31,53|85,84|77,7|85,0|44,8|84,9|63,44|85,13|85,5|59,77|46,97|85,31|9,74|13,59|5,63|74,62/85,8=85,5,63,44,8
42,49|42,44|0,82|32,43|42,76|42,32|44,0|89,59|42,33|8,10|49,6|82,31|43,78|59,69|33,70|62,73|6,62|76,89|78,45|70,8/42,45=42,32,43,78,45
47,33|41,36|63,67|79,47|78,41|11,79|36,99|63,91|63,78|4,9|67,57|63,11|86,77|32,12|9,31|54,86|63,54|91,4|57,32|77,74/63,99=63,78,41,36,99
65,45|17,8|93,92|17,64|3,80|17,75|75,30|30,40|87,25|57,3|17,13|66,93|31,87|71,65|25,24|8,71|64,66|17,31|13,57|40,68/17,24=17,31,87,25,24
66,70|66,72|60,98|70,55|9,76|63,80|66,31|8,95|67,78|21,60|87,2|72,21|31,67|78,12|83,9|55,8|66,83|66,87|2,63|76,3/66,12=66,31,67,78,12
79,13|65,77|52,22|76,50|58,30|32,39|22,65|5,1|2,89|89,27|39,23|80,32|5,80|5,76|3,19|5,58|1,2|5,52|50,3|30,79/5,19=5,76,50,3,19
93,75|77,81|88,94|56,35|93,56|19,66|7,97|93,7|64,58|97,63|93,47|93,88|52,28|75,87|35,64|63,90|87,19|94,52|47,5|5,77/93,81=93,47,5,77,81
99,8|57,95|47,51|48,66|50,76|40,12|54,99|54,93|8,57|73,50|54,15|66,47|83,19|54,48|81,26|93,73|26,40|15,83|19,4|54,81/54,51=54,48,66,47,51
65,79|24,54|42,96|54,60|6,24|36,88|42,65|42,6|98,71|42,18|96,89|42,46|79,98|18,95|37,5|95,37|33,43|89,33|46,76|76,36/42,71=42,65,79,98,71
59,64|51,79|80,49|59,96|77,67|96,20|97,99|66,8|26,3|59,77|64,80|8,51|88,52|49,42|20,88|67,48|59,97|59,66|99,26|48,1/59,1=59,77,67,48,1
29,95|67,28|56,84|58,70|88,63|63,12|29,44|7,68|29,67|29,88|44,41|70,7|29,58|41,65|12,90|95,34|65,10|34,56|28,62|62,77/29,68=29,58,70,7,68
27,73|56,81|68,95|78,92|24,27|68,47|47,78|28,77|95,44|8,31|61,28|44,74|18,24|68,18|68,8|68,61|77,10|74,25|92,55|31,56/68,73=68,18,24,27,73
83,1|61,99|89,88|55,36|55,6|99,60|98,0|6,61|96,89|1,82|79,90|0,79|36,10|23,96|82,58|55,98|75,4|55,83|55,23|10,75/55,90=55,98,0,79,90
13,72|17,23|17,94|27,75|6,18|17,91|91,13|61,6|36,47|75,45|52,22|17,52|62,73|17,95|58,36|72,92|22,62|95,27|94,58|23,61/17,47=17,94,58,36,47
40,35|20,82|65,41|99,65|63,18|26,80|80,70|82,12|34,79|79,19|48,20|40,39|4,55|40,99|41,50|40,48|40,63|18,4|35,26|39,34/40,70=40,35,26,80,70
58,22|83,73|73,82|16,72|82,3|23,84|88,4|58,14|84,37|71,18|85,16|2,42|14,64|64,88|22,85|18,2|58,71|37,29|58,23|58,83/58,42=58,71,18,2,42
2,9|45,98|8,0|58,45|0,95|34,75|68,96|64,58|65,46|9,11|98,84|11,91|64,65|46,78|95,56|75,68|64,2|64,34|78,55|64,8/64,91=64,2,9,11,91
85,67|32,95|27,88|15,72|3,47|96,6|67,59|47,89|3,63|59,43|76,27|3,17|3,81|81,96|92,15|63,76|6,25|89,32|17,92|3,85/3,95=3,47,89,32,95
70,13|13,25|2,95|70,2|59,77|83,71|61,81|70,53|4,61|47,59|95,74|74,46|25,14|14,98|23,63|71,23|70,24|53,4|70,83|24,47/70,77=70,24,47,59,77
28,66|3,87|60,65|0,39|10,22|49,90|87,21|49,28|78,60|21,51|15,58|49,10|22,84|49,78|84,72|90,77|49,3|65,61|77,0|66,15/49,72=49,10,22,84,72
0,94|50,32|92,81|34,11|27,54|13,76|45,34|0,55|0,45|72,53|0,12|55,72|64,50|94,64|11,35|0,27|12,59|53,79|54,13|59,92/0,79=0,55,72,53,79
26,21|26,15|10,40|45,94|15,45|86,43|3,65|21,93|65,73|93,66|26,3|26,86|94,19|26,78|43,55|40,61|78,10|73,28|66,77|55,87/26,28=26,3,65,73,28
54,7|0,19|19,97|64,49|23,83|29,23|5,92|18,5|83,58|97,1|7,55|58,9|49,60|92,63|29,64|29,18|29,54|55,75|60,34|29,0/29,34=29,64,49,60,34
43,1|3,43|3,25|98,79|6,60|94,36|25,80|27,30|30,39|1,94|3,65|60,34|3,69|31,26|34,68|65,27|86,98|69,86|3,6|80,31/3,79=3,69,86,98,79
28,24|56,73|51,53|44,51|28,59|35,47|81,42|28,22|5,84|42,82|28,5|22,81|59,18|84,90|90,23|53,64|73,33|18,35|24,56|28,44/28,82=28,22,81,42,82
24,37|21,69|69,28|43,55|8,73|24,81|37,31|24,64|31,74|24,32|24,76|74,89|81,43|64,38|0,29|68,8|76,68|55,48|32,21|38,0/24,28=24,32,21,69,28
7,67|1,97|77,63|0,25|74,47|67,77|26,0|47,94|7,58|7,41|4,34|63,28|34,42|41,74|85,26|42,17|7,4|21,1|58,21|7,85/7,28=7,67,77,63,28
2,62|54,85|64,11|1,81|13,54|94,5|14,34|1,67|52,9|1,52|70,99|9,64|1,94|5,16|99,2|49,14|1,70|81,49|16,36|67,13/1,36=1,94,5,16,36
8,87|86,18|94,92|27,11|90,27|8,90|59,34|18,59|11,62|88,28|6,55|87,1|8,94|50,6|8,86|8,46|71,9|92,71|46,50|1,88/8,34=8,86,18,59,34
55,16|69,90|20,7|42,55|6,37|69,2|76,42|90,53|9,17|54,0|69,54|2,20|69,76|84,56|53,52|0,84|37,9|7,8|52,28|69,6/69,17=69,6,37,9,17
73,6|73,97|18,71|48,66|60,49|28,76|89,48|86,38|38,31|73,89|97,33|19,60|73,19|73,18|71,37|66,74|6,86|49,88|37,5|33,28/73,74=73,89,48,66,74
94,38|40,95|60,49|68,27|9,68|27,74|61,97|49,40|72,46|37,61|70,94|72,21|72,9|46,4|25,37|58,98|21,70|4,58|72,25|72,60/72,95=72,60,49,40,95
15,11|19,61|24,8|21,93|25,92|37,58|9,97|19,15|63,9|19,62|80,21|61,25|19,24|8,37|19,80|92,57|93,30|22,78|11,22|62,63/19,30=19,80,21,93,30
63,78|63,8|64,22|97,31|16,21|73,50|8,16|0,49|11,66|85,39|98,43|22,11|78,0|63,64|21,56|63,85|39,98|31,73|49,30|63,97/63,66=63,64,22,11,66
72,16|56,99|26,71|40,69|26,83|26,40|99,47|80,34|71,76|54,56|45,78|73,7|76,62|69,72|92,45|7,80|83,92|26,54|62,18|26,73/26,18=26,71,76,62,18
23,85|39,5|23,53|28,3|16,24|23,78|23,90|53,81|54,76|81,54|23,27|24,30|40,39|7,6|78,47|90,16|36,7|47,28|85,36|27,40/23,76=23,53,81,54,76
72,99|96,32|96,57|32,92|56,2|96,20|76,52|57,18|12,84|75,59|96,76|71,68|18,72|59,71|92,12|20,74|96,75|52,56|74,19|19,88/96,2=96,76,52,56,2
52,48|8,96|83,23|56,1|58,2|20,8|28,70|1,58|20,81|15,38|91,42|20,5|38,86|20,56|53,83|96,28|5,53|20,91|42,52|81,15/20,48=20,91,42,52,48
9,26|64,95|20,84|14,29|7,30|95,87|64,40|44,85|72,20|84,70|40,44|17,66|30,14|87,17|64,72|64,7|64,35|85,19|45,9|35,45/64,29=64,7,30,14,29
2,30|42,26|42,23|42,60|42,62|69,17|48,95|55,48|15,68|43,52|23,90|62,35|42,94|94,43|35,2|60,15|26,55|52,10|90,69|68,63/42,95=42,26,55,48,95
38,55|49,73|68,15|54,67|51,70|73,66|69,61|97,51|69,53|69,56|69,38|61,97|91,25|15,78|92,91|69,77|55,54|53,68|77,49|56,92/69,66=69,77,49,73,66
30,44|13,99|41,7|41,22|48,13|66,12|43,90|7,48|96,57|3,42|41,30|41,66|80,45|22,17|41,80|45,28|44,3|17,43|28,98|12,96/41,42=41,30,44,3,42
88,22|38,2|32,90|71,88|60,24|73,85|0,80|2,73|19,32|15,87|24,15|60,71|22,1|80,36|60,19|60,0|87,53|60,38|90,67|36,20/60,1=60,71,88,22,1
39,66|75,62|17,39|9,23|72,9|66,44|62,99|23,25|93,73|68,98|98,13|25,76|72,49|72,34|34,75|49,93|90,68|72,17|72,90|73,64/72,64=72,49,93,73,64
40,65|9,25|19,58|93,32|65,6|59,19|20,71|82,96|25,20|59,40|30,98|98,33|96,93|58,75|59,72|72,30|59,82|75,29|59,9|6,50/59,29=59,19,58,75,29
6,54|55,9|99,87|44,48|29,43|32,44|9,36|88,99|29,28|75,31|17,6|29,80|22,75|80,22|43,17|28,32|29,88|29,55|36,77|87,33/29,33=29,88,99,87,33
59,92|46,20|76,68|46,21|94,59|16,49|19,94|79,80|20,81|9,24|46,9|46,18|11,10|46,19|47,79|81,11|49,35|24,76|21,16|18,47/46,10=46,20,81,11,10
50,7|50,88|7,26|93,29|2,48|19,39|50,15|53,19|24,53|65,64|88,93|15,1|4,2|1,65|94,4|29,42|26,73|50,94|50,24|73,60/50,48=50,94,4,2,48
26,49|72,22|22,80|49,71|56,92|57,70|98,57|11,98|72,11|59,55|46,29|68,46|72,5|72,68|71,62|5,77|29,6|77,59|72,26|80,56/72,70=72,11,98,57,70
84,46|69,32|23,85|19,84|10,73|32,1|10,12|12,19|14,9|94,35|10,91|77,69|87,94|15,14|91,23|73,15|10,74|74,87|10,77|85,59/10,46=10,12,19,84,46
56,1|36,22|61,56|69,61|69,16|52,54|54,12|69,42|48,55|69,27|1,49|94,97|69,46|27,90|90,94|55,33|46,8|42,52|16,48|8,36/69,97=69,27,90,94,97
84,27|74,52|74,17|83,56|23,4|11,5|17,99|82,40|74,84|19,62|48,6|74,19|53,83|52,53|99,23|59,95|62,59|27,82|6,11|74,48/74,40=74,84,27,82,40
35,72|52,59|40,88|22,77|88,35|22,21|21,90|22,94|78,49|63,0|90,52|86,87|37,54|94,82|82,37|49,63|22,40|77,86|87,15|22,78/22,54=22,94,82,37,54
12,7|62,95|39,94|89,9|22,39|84,62|34,54|9,17|88,21|58,51|7,84|12,68|12,34|12,89|54,88|17,69|12,58|51,67|67,5|68,22/12,95=12,7,84,62,95
90,35|59,78|36,84|96,60|55,5|21,36|10,62|4,54|59,90|84,97|35,33|33,40|67,46|59,96|46,57|59,4|78,67|59,21|54,10|60,55/59,5=59,96,60,55,5
64,83|59,57|95,69|47,17|39,35|83,39|43,14|23,86|43,23|14,45|43,26|43,91|26,63|63,59|86,81|91,95|45,47|69,8|43,64|81,65/43,17=43,14,45,47,17
48,45|32,84|81,64|85,11|85,6|54,67|85,54|37,81|11,32|71,89|6,1|89,91|31,71|84,52|85,31|67,66|66,8|1,48|85,37|64,49/85,49=85,37,81,64,49
83,99|4,97|4,83|4,61|5,59|84,49|96,84|99,54|4,68|61,8|97,5|64,30|54,3|49,88|62,36|4,96|36,46|59,32|68,62|8,64/4,88=4,96,84,49,88
8,57|2,48|69,93|8,69|42,55|88,4|91,2|75,95|26,92|48,45|44,75|55,88|8,42|8,91|57,26|93,10|51,44|10,76|92,17|8,51/8,76=8,69,93,10,76
81,9|33,46|74,92|66,24|79,4|24,50|79,86|79,93|54,85|46,23|50,53|79,66|86,81|9,76|4,33|93,78|65,74|92,98|78,54|79,65/79,23=79,4,33,46,23
25,49|25,59|86,39|28,90|18,86|61,22|74,50|22,83|6,74|88,97|49,28|85,61|25,2|27,18|59,6|97,56|25,27|90,40|25,85|2,88/25,56=25,2,88,97,56
73,48|9,52|28,30|52,39|66,47|22,41|59,17|34,77|29,92|39,95|92,26|47,22|28,9|28,36|77,19|28,73|30,34|48,59|36,29|28,66/28,17=28,73,48,59,17
52,85|9,61|9,39|85,94|42,56|54,81|61,96|50,93|39,52|62,31|73,20|31,91|20,7|56,50|9,62|77,73|96,54|9,77|91,76|9,42/9,7=9,77,73,20,7
51,78|57,36|41,17|66,90|85,44|48,85|78,52|63,61|13,41|36,48|98,13|73,32|57,98|57,66|52,88|57,51|57,63|20,14|90,20|61,73/57,17=57,98,13,41,17
60,61|71,50|16,89|9,64|19,43|62,98|98,97|90,12|97,23|79,71|50,81|43,60|81,70|79,19|79,62|12,47|47,35|79,9|79,90|64,16/79,61=79,19,43,60,61
46,10|86,14|57,77|40,19|57,91|65,68|57,26|2,40|91,38|57,42|50,84|25,46|38,50|57,13|42,2|56,86|13,25|77,89|26,56|89,65/57,84=57,91,38,50,84
76,23|28,2|19,11|22,75|34,0|21,77|34,33|34,28|62,38|88,78|32,76|33,22|7,86|78,21|75,84|2,62|34,19|11,7|0,32|34,88/34,38=34,28,2,62,38
7,62|42,61|79,9|79,37|79,67|45,57|57,85|78,7|79,0|24,49|9,78|79,96|51,50|50,38|61,41|37,45|49,34|67,51|96,42|0,24/79,38=79,67,51,50,38
96,12|99,19|55,91|0,57|21,0|96,7|68,99|41,27|96,83|26,55|85,26|18,21|96,18|36,46|7,41|96,85|83,68|12,36|46,58|27,20/96,91=96,85,26,55,91
93,37|92,59|22,62|59,0|93,31|31,95|39,91|93,34|64,30|29,92|30,67|91,75|93,29|84,39|81,76|95,22|38,81|34,64|93,84|37,38/93,0=93,29,92,59,0
74,14|36,81|23,57|24,28|28,54|83,41|83,49|83,43|49,51|20,7|51,36|83,74|14,79|54,8|43,72|57,6|41,23|72,20|83,24|79,77/83,7=83,43,72,20,7
36,26|99,36|40,17|17,33|82,1|35,67|99,37|26,60|60,58|14,35|95,81|73,14|99,83|83,63|99,6|37,40|63,82|41,95|99,73|6,41/99,58=99,36,26,60,58
74,7|80,66|46,80|7,37|21,91|74,61|61,26|74,0|11,81|74,21|37,11|54,85|52,64|26,53|74,6|0,46|86,52|53,28|91,54|6,86/74,81=74,7,37,11,81
15,36|76,68|67,87|40,97|54,63|19,18|40,89|5,84|40,67|97,15|87,76|16,2|83,46|40,54|89,45|63,16|40,83|36,95|45,19|46,5/40,18=40,89,45,19,18
12,41|69,59|39,50|39,97|24,69|39,12|39,20|97,96|59,14|20,56|72,23|3,36|1,72|96,49|56,18|41,3|39,24|50,1|18,8|49,85/39,14=39,24,69,59,14
76,59|85,34|5,73|4,20|5,79|0,68|34,2|73,56|20,76|21,38|56,19|98,32|6,50|5,21|5,4|5,0|79,85|38,98|68,6|19,3/5,50=5,0,68,6,50
48,24|74,18|21,36|18,11|50,2|21,58|58,48|21,60|99,59|15,78|13,99|24,49|21,13|47,50|21,40|40,54|36,74|54,15|60,47|59,37/21,78=21,40,54,15,78
21,17|34,19|24,83|17,40|25,15|12,25|55,74|9,12|74,21|97,93|68,67|44,87|42,82|55,97|87,42|55,9|55,34|93,24|19,68|55,44/55,40=55,74,21,17,40
30,87|8,91|24,2|5,32|46,19|72,81|2,30|4,95|5,88|81,46|94,59|5,24|95,40|32,4|5,72|5,8|59,44|91,21|21,85|88,94/5,40=5,32,4,95,40
80,78|21,49|49,81|62,25|61,32|21,80|40,1|22,40|32,89|81,97|71,44|97,96|21,71|3,92|99,61|44,62|21,99|68,22|78,3|21,68/21,96=21,49,81,97,96
27,56|39,27|18,21|77,9|13,10|10,77|13,42|71,12|97,44|13,60|9,62|12,55|13,39|60,18|13,71|42,35|35,97|56,69|21,73|55,38/13,38=13,71,12,55,38
99,73|21,35|48,50|18,57|50,21|48,26|35,64|71,14|96,88|57,56|48,41|48,18|41,4|4,96|13,60|73,95|26,99|60,71|48,13|56,80/48,95=48,26,99,73,95
89,75|15,46|77,2|49,15|2,69|72,45|64,72|11,9|77,93|77,64|27,49|43,89|39,76|93,39|69,11|77,43|76,80|45,84|77,27|75,0/77,84=77,64,72,45,84
65,7|23,48|43,14|90,43|46,23|60,64|90,50|89,18|50,51|94,55|90,20|10,77|14,94|83,65|90,89|86,46|20,83|90,86|18,60|51,10/90,7=90,20,83,65,7
27,18|27,33|24,2|96,24|20,40|21,45|27,86|45,84|40,19|27,21|68,8|60,39|27,44|86,59|18,96|33,68|59,60|8,42|84,29|44,20/27,29=27,21,45,84,29
24,51|70,56|34,35|14,36|17,78|55,17|67,34|32,48|81,73|28,50|32,67|32,81|32,14|32,55|36,70|35,94|73,28|78,90|5,24|48,5/32,50=32,81,73,28,50
30,17|85,14|64,11|85,38|11,8|52,93|85,74|57,48|85,53|40,75|74,40|14,64|38,30|17,34|75,37|85,26|48,7|53,52|93,77|26,57/85,34=85,38,30,17,34
43,79|10,78|21,80|82,10|24,83|96,30|15,21|48,36|79,16|15,81|78,17|80,24|36,57|57,7|15,2|22,96|81,43|15,48|2,22|15,82/15,17=15,82,10,78,17
6,62|70,28|81,83|91,81|28,11|62,13|91,6|91,93|20,34|91,70|31,16|13,38|32,31|79,20|11,17|91,32|93,79|83,8|16,74|8,0/91,17=91,70,28,11,17
22,5|78,47|47,44|22,43|72,78|0,71|43,64|22,69|80,65|21,0|22,72|69,21|82,32|7,73|50,63|32,7|31,50|22,82|5,31|64,80/22,44=22,72,78,47,44
78,61|62,78|76,60|67,46|69,26|29,62|33,90|41,25|33,29|71,67|26,41|33,69|42,85|80,31|33,71|90,70|46,32|33,76|60,42|70,80/33,32=33,71,67,46,32
43,66|48,57|43,48|98,49|71,88|49,62|90,98|93,68|66,56|43,90|52,80|43,52|58,11|43,47|56,58|36,99|88,61|47,71|57,93|80,36/43,68=43,48,57,93,68
49,73|60,77|23,9|90,60|16,23|28,65|1,58|63,1|84,63|28,84|42,44|28,49|78,53|24,96|28,16|9,52|44,78|28,42|73,24|65,90/28,96=28,49,73,24,96
30,61|27,91|90,53|1,27|46,26|94,75|74,54|43,1|43,74|91,99|52,13|39,98|4,39|43,68|54,94|43,90|53,46|43,52|68,4|13,30/43,75=43,74,54,94,75
49,33|3,49|31,34|61,43|85,17|17,54|85,3|33,74|82,69|85,82|54,48|69,31|43,12|12,95|85,61|2,93|48,56|26,2|5,26|85,5/85,93=85,5,26,2,93
97,49|27,18|81,7|12,26|70,20|58,5|12,81|54,47|12,45|7,58|45,71|71,70|21,27|31,97|26,54|12,32|12,21|32,31|47,39|18,34/12,34=12,21,27,18,34
2,77|79,39|79,12|79,81|79,25|4,27|12,29|14,1|54,4|64,30|73,76|22,41|25,54|79,73|86,14|76,64|39,86|81,33|33,22|29,2/79,27=79,25,54,4,27
9,46|95,44|54,75|39,54|29,93|67,98|93,68|29,39|1,56|98,37|68,95|75,40|77,57|29,9|89,67|96,26|29,77|57,96|46,1|29,89/29,26=29,77,57,96,26
17,23|36,3|23,70|76,16|47,75|54,57|71,29|85,45|29,17|75,93|71,56|98,36|49,76|71,21|56,49|71,15|21,98|71,85|45,54|15,47/71,57=71,85,45,54,57
99,80|5,6|1,41|15,62|7,1|69,99|23,18|62,13|2,39|69,15|56,16|69,7|41,12|69,5|13,44|71,3|16,71|80,2|69,56|6,23/69,18=69,5,6,23,18
74,13|35,78|57,74|98,35|29,83|80,24|36,22|36,96|24,2|36,92|36,66|6,0|0,38|96,98|92,57|2,14|83,68|36,80|66,29|22,6/36,38=36,22,6,0,38
28,90|88,85|6,60|88,71|15,55|88,95|51,53|95,83|55,62|88,82|41,84|88,15|71,4|83,51|4,6|84,48|69,28|82,41|62,16|85,69/88,48=88,82,41,84,48
39,80|47,95|47,61|29,39|68,31|45,9|75,35|99,1|63,68|80,92|95,75|47,29|47,45|44,26|54,44|47,63|31,24|35,25|61,54|9,99/47,24=47,63,68,31,24
83,89|83,37|50,96|64,27|37,43|83,82|86,49|82,64|49,11|83,28|83,24|35,44|1,59|24,75|89,7|27,38|7,50|28,86|75,1|43,35/83,96=83,89,7,50,96
77,1|88,90|28,41|13,93|13,28|90,39|39,0|13,78|13,55|41,59|59,45|55,77|1,96|9,16|30,44|13,88|16,74|78,30|93,9|44,98/13,98=13,78,30,44,98
71,37|52,76|26,17|10,14|14,71|10,95|7,11|64,4|19,8|10,26|76,19|4,72|44,7|10,52|37,88|10,81|17,65|65,33|81,64|95,44/10,72=10,81,64,4,72
94,7|30,33|4,98|32,25|98,46|96,52|84,93|84,94|75,72|84,83|33,20|84,96|83,58|84,76|7,75|48,65|58,48|52,32|93,30|76,4/84,65=84,83,58,48,65
7,50|7,14|64,92|50,64|7,43|93,90|79,66|90,34|66,54|94,38|7,17|7,93|17,79|41,86|81,41|34,39|14,94|92,80|43,81|38,52/7,52=7,14,94,38,52
7,4|14,43|43,8|73,10|72,1|90,73|1,26|88,72|88,14|26,37|88,98|12,7|10,79|8,67|4,48|88,12|9,20|88,90|98,9|20,58/88,58=88,98,9,20,58
76,58|86,91|99,29|86,33|58,10|86,80|16,75|91,76|26,82|86,26|82,99|33,92|44,97|30,19|92,30|97,90|86,28|75,5|80,16|28,44/86,29=86,26,82,99,29
9,86|36,60|8,48|30,77|42,8|70,63|48,64|86,36|76,90|76,82|97,1|63,7|82,91|76,30|76,42|84,18|91,84|77,97|76,9|90,70/76,7=76,90,70,63,7
36,70|69,85|45,96|62,20|85,41|41,76|79,34|45,62|70,88|12,99|6,74|84,12|74,0|96,84|2,36|45,69|45,59|59,6|45,2|20,79/45,0=45,59,6,74,0
85,94|88,52|53,81|55,44|19,43|44,97|39,88|19,65|65,39|36,8|47,11|19,27|27,53|8,47|19,96|96,55|94,66|43,85|19,36|81,16/19,16=19,27,53,81,16
63,99|64,44|44,63|16,78|64,42|64,59|6,86|36,6|91,67|59,55|64,91|55,56|64,3|67,16|3,94|79,37|42,36|94,79|56,22|99,11/64,78=64,91,67,16,78
2,51|90,34|25,59|34,30|98,89|23,26|26,49|23,14|59,29|85,2|23,25|58,10|14,90|49,12|29,99|23,48|12,11|10,98|23,58|48,85/23,11=23,26,49,12,11
33,92|26,60|26,94|54,33|40,7|83,45|26,93|26,67|67,82|60,43|82,40|26,54|92,85|15,83|94,15|12,47|93,46|43,12|37,80|46,37/26,80=26,93,46,37,80
13,57|78,21|0,92|41,83|94,41|83,17|0,13|66,64|20,79|70,82|55,20|92,55|57,91|0,94|21,66|0,78|91,24|0,70|82,8|8,86/0,79=0,92,55,20,79
62,27|32,25|0,71|40,81|57,62|48,80|45,37|45,7|45,57|25,40|45,32|23,72|37,23|92,48|27,30|45,0|7,92|77,53|72,47|71,77/45,47=45,37,23,72,47
6,3|43,28|36,42|35,81|43,83|49,9|13,78|43,36|72,19|28,16|43,6|3,35|16,14|74,44|42,74|9,62|78,72|83,49|14,18|43,13/43,18=43,28,16,14,18
36,77|55,9|99,87|6,54|29,43|32,6|9,44|88,99|29,28|75,31|17,36|29,80|22,75|80,22|43,17|28,32|29,88|29,55|44,48|87,33/29,33=29,88,99,87,33
29,94|87,41|96,11|66,29|11,87|41,20|91,33|44,53|96,15|15,13|23,44|24,23|96,91|94,82|96,66|33,36|36,42|13,70|96,24|70,69/96,82=96,66,29,94,82
36,29|92,77|11,73|70,80|59,11|73,3|16,89|70,59|17,27|71,90|89,72|90,17|70,60|60,36|70,71|80,16|70,92|29,45|77,67|67,9/70,3=70,59,11,73,3
9,77|85,19|7,56|29,85|19,68|57,75|56,70|53,15|26,57|53,73|15,81|48,64|73,9|70,97|75,67|53,29|77,34|53,7|53,26|81,48/53,97=53,7,56,70,97
75,49|94,2|53,10|95,93|95,53|13,90|95,59|91,94|69,35|90,14|14,8|59,33|2,22|33,69|93,75|49,30|11,51|10,11|95,91|95,13/95,22=95,91,94,2,22
80,8|25,61|56,89|80,27|80,55|0,95|49,37|95,51|96,54|52,92|80,60|18,49|55,18|27,56|61,96|80,25|60,0|71,52|89,19|8,71/80,19=80,27,56,89,19
66,37|66,57|66,47|37,56|18,11|58,18|16,33|70,78|66,0|66,74|48,23|57,58|74,87|23,50|9,99|47,70|87,16|78,76|0,48|56,9/66,11=66,57,58,18,11
78,70|38,34|95,50|55,12|16,25|12,20|40,38|98,35|26,95|75,78|16,55|35,15|16,83|83,40|87,26|25,75|16,87|16,23|23,98|20,7/16,34=16,83,40,38,34
37,94|0,93|37,75|72,0|69,91|8,72|37,20|54,77|50,79|20,6|79,1|37,8|75,76|61,11|77,13|13,95|37,54|76,61|6,69|94,50/37,95=37,54,77,13,95
9,41|34,95|85,37|30,83|1,30|61,9|83,78|87,34|85,13|85,75|85,1|41,53|50,96|37,77|69,70|14,50|85,61|75,14|77,69|13,87/85,95=85,13,87,34,95
74,37|66,35|33,76|69,23|14,79|78,5|5,98|76,51|23,78|51,29|53,74|18,50|69,18|8,14|57,53|79,65|69,33|69,8|69,57|50,66/69,29=69,33,76,51,29
3,26|37,18|18,3|37,62|73,28|37,65|37,83|26,45|41,52|98,35|62,91|0,10|37,73|28,0|83,55|91,41|55,75|65,39|39,98|75,60/37,60=37,83,55,75,60
14,1|27,43|67,8|67,40|67,82|40,71|75,25|23,48|82,61|69,27|61,75|67,49|56,69|71,81|8,28|81,36|28,14|48,41|67,56|49,23/67,43=67,56,69,27,43
80,65|80,57|57,89|46,38|65,70|79,86|51,29|25,32|24,46|9,24|92,51|58,79|62,58|70,12|28,92|12,44|80,28|80,62|80,9|89,25/80,32=80,57,89,25,32
90,40|90,21|26,30|98,10|57,22|87,57|38,20|58,88|90,58|86,97|90,38|16,44|97,9|88,98|21,0|0,16|20,26|40,86|7,87|90,7/90,30=90,38,20,26,30
83,66|68,96|68,74|97,19|81,5|68,59|74,30|36,1|59,46|26,15|1,26|66,18|68,32|32,3|96,83|3,81|68,36|55,28|46,55|30,97/68,5=68,32,3,81,5
33,66|88,23|33,5|67,60|33,67|22,59|37,73|69,40|26,88|46,11|43,46|93,26|66,43|95,77|40,54|5,69|60,22|33,37|33,93|73,95/33,23=33,93,26,88,23
2,90|93,2|57,61|58,70|7,33|90,40|79,5|39,49|70,65|11,79|33,13|61,87|11,98|11,19|5,39|87,20|11,93|19,7|98,58|11,57/11,20=11,57,61,87,20
9,41|74,2|2,12|40,21|21,94|88,77|12,25|25,96|74,55|62,27|89,9|29,40|55,62|77,20|74,67|74,88|67,89|20,93|27,58|74,29/74,41=74,67,89,9,41
24,11|43,48|66,2|18,97|92,47|48,76|12,54|92,12|4,18|92,74|47,65|57,98|65,57|2,24|92,66|22,63|92,16|74,4|16,43|54,22/92,76=92,16,43,48,76
78,26|44,99|37,48|37,59|23,75|30,39|72,34|48,42|93,30|37,78|21,77|37,44|26,72|42,21|59,80|99,19|19,40|80,23|37,29|29,93/37,34=37,78,26,72,34
38,28|38,32|62,54|18,69|38,23|40,21|32,94|4,79|14,18|15,62|8,60|38,26|60,37|23,8|38,15|54,56|94,40|26,14|79,25|28,4/38,37=38,23,8,60,37
5,33|39,4|5,25|93,68|67,56|33,96|5,67|34,65|4,23|54,28|27,85|96,27|56,34|5,75|23,83|5,39|41,93|25,92|92,54|75,41/5,65=5,67,56,34,65
10,55|13,26|37,40|65,0|73,85|37,77|74,78|85,43|3,73|37,3|26,86|29,13|4,74|17,4|55,7|0,23|77,10|37,29|37,17|40,65/37,43=37,3,73,85,43
65,0|34,70|95,64|71,36|0,86|66,44|58,94|64,2|70,58|34,43|34,49|34,91|44,48|36,46|91,65|49,95|94,84|34,8|43,66|8,71/34,86=34,91,65,0,86
43,39|17,83|99,7|90,1|29,76|36,89|89,67|90,45|7,25|90,17|1,29|90,50|45,36|64,70|70,14|60,99|90,60|50,64|76,98|83,43/90,67=90,45,36,89,67
19,90|77,26|47,81|90,89|68,8|98,77|23,16|73,20|98,68|36,47|98,36|82,19|8,23|98,1|81,96|20,18|1,73|99,49|98,82|26,99/98,89=98,82,19,90,89
43,37|32,64|92,24|6,81|36,13|62,4|62,65|88,6|37,48|62,88|62,43|71,9|81,18|64,92|62,32|65,36|13,86|58,71|4,58|48,56/62,18=62,88,6,81,18
9,12|25,76|76,15|58,54|92,46|27,43|39,27|54,92|12,14|43,13|23,41|36,42|41,36|86,25|13,87|39,9|14,31|39,58|39,23|39,86/39,15=39,86,25,76,15
34,39|26,55|26,32|7,65|52,48|39,96|48,80|91,7|55,52|26,4|43,59|33,34|32,57|0,71|26,33|57,43|65,13|71,61|4,0|26,91/26,61=26,4,0,71,61
55,29|32,4|42,32|30,40|21,14|98,33|14,76|17,51|46,37|19,98|19,17|51,12|12,74|19,55|19,72|19,2|72,21|2,42|33,30|29,46/19,4=19,2,42,32,4
24,59|39,37|63,51|24,34|37,56|84,9|56,74|6,11|0,18|83,63|24,83|24,0|34,6|2,88|13,2|24,39|59,13|18,84|11,36|51,65/24,74=24,39,37,56,74
47,33|79,26|67,17|21,95|33,72|2,1|59,88|20,63|57,67|55,59|26,5|72,65|5,21|79,20|79,47|35,57|79,55|88,12|79,35|63,2/79,12=79,55,59,88,12
99,48|97,33|70,10|67,97|99,80|89,3|5,0|99,25|53,69|3,38|99,53|99,70|10,17|17,42|39,60|69,39|0,20|80,89|48,5|25,67/99,20=99,48,5,0,20
22,9|52,10|6,75|13,21|6,92|6,4|28,39|75,8|92,99|8,22|21,46|6,13|99,1|10,20|1,84|6,52|39,98|20,37|4,28|46,67/6,37=6,52,10,20,37
28,69|77,39|13,52|94,4|69,2|57,46|45,97|49,83|46,93|49,45|49,94|49,77|4,13|39,81|83,28|49,57|81,10|93,56|85,72|97,85/49,72=49,45,97,85,72
71,24|19,89|42,61|15,63|85,71|15,85|62,40|26,60|5,9|15,19|15,26|15,1|9,47|1,93|89,42|60,62|79,73|93,79|63,5|24,14/15,73=15,1,93,79,73
68,18|26,33|68,12|84,74|90,54|33,19|12,90|19,39|74,60|18,84|57,65|48,57|82,38|68,41|65,16|7,82|68,48|68,26|41,7|54,24/68,16=68,48,57,65,16
92,34|40,21|89,93|40,19|27,60|40,30|79,92|21,79|40,65|13,96|18,89|19,18|40,13|96,47|47,33|20,83|63,20|65,27|30,63|60,53/40,83=40,30,63,20,83
92,6|84,15|31,76|93,49|57,71|83,52|6,42|33,12|77,94|16,37|84,33|84,16|42,95|37,31|84,77|87,57|94,93|12,83|15,87|84,92/84,95=84,92,6,42,95
0,87|5,57|34,83|11,14|27,10|27,72|27,52|58,94|27,4|78,75|52,44|87,90|72,31|31,34|4,18|27,58|18,78|94,11|10,0|44,5/27,57=27,52,44,5,57
95,96|30,95|92,36|9,30|61,92|14,21|83,97|2,60|9,7|36,16|9,2|77,63|64,47|60,64|97,14|96,44|7,77|63,90|9,61|9,83/9,47=9,2,60,64,47
52,62|96,65|52,90|52,46|52,61|47,86|75,41|46,92|92,99|99,3|36,96|34,0|98,35|61,36|90,14|14,34|41,98|62,93|93,47|52,75/52,3=52,46,92,99,3
7,23|78,26|52,58|19,87|30,16|14,91|26,94|82,95|78,30|78,99|16,44|94,52|44,60|78,14|91,7|78,65|65,19|64,82|99,64|87,46/78,23=78,14,91,7,23
66,37|66,57|66,47|37,56|18,11|58,18|9,99|70,16|66,0|66,74|48,23|57,58|74,87|23,50|78,76|47,70|87,9|16,33|0,48|56,78/66,11=66,57,58,18,11
39,47|18,0|36,51|36,60|60,48|36,22|19,93|51,39|48,23|0,87|74,85|23,58|93,80|16,74|47,66|80,42|52,16|36,19|36,52|22,18/36,42=36,19,93,80,42
92,47|78,54|69,85|92,5|63,64|92,11|11,13|5,61|58,84|85,58|54,38|92,78|65,63|57,37|61,57|13,18|38,4|92,69|18,28|47,65/92,28=92,11,13,18,28
45,17|65,84|93,65|24,96|84,48|53,52|50,9|91,45|41,97|50,93|74,66|0,12|50,24|96,41|9,91|12,74|50,39|50,0|83,53|39,83/50,48=50,93,65,84,48
26,81|80,3|89,80|49,19|98,17|16,78|42,14|81,24|40,9|98,49|74,77|98,83|83,89|19,74|98,44|45,42|17,45|78,40|98,16|44,26/98,9=98,16,78,40,9
67,18|96,41|60,57|70,77|62,53|68,88|68,60|64,34|12,17|41,12|53,39|57,67|68,64|38,46|88,78|78,70|68,96|68,62|34,38|39,9/68,9=68,62,53,39,9
9,2|9,7|92,1|83,14|9,64|2,97|1,39|81,68|32,36|12,15|15,89|36,11|9,19|97,83|51,92|68,85|9,51|19,81|64,12|7,32/9,39=9,51,92,1,39
22,31|60,93|21,60|76,57|39,22|39,50|57,25|80,63|68,81|93,6|66,14|39,73|44,68|31,80|50,76|73,66|39,21|39,44|81,79|14,53/39,25=39,50,76,57,25
95,46|60,39|47,94|48,47|46,36|37,30|0,37|10,85|94,29|48,99|99,0|65,60|29,96|48,65|48,84|85,45|98,95|48,98|39,24|84,10/48,96=48,47,94,29,96
21,69|94,60|63,61|21,33|76,94|88,9|69,85|85,88|53,90|61,74|21,6|6,53|91,31|31,14|21,91|90,93|14,57|21,76|60,40|33,63/21,57=21,91,31,14,57
11,69|53,85|25,4|81,94|1,81|69,95|95,9|8,25|11,97|47,93|6,57|11,35|33,8|31,6|9,70|93,53|11,47|35,31|11,33|97,1/11,94=11,97,1,81,94
85,67|7,45|99,32|17,47|27,7|47,12|37,85|37,34|50,27|37,72|37,50|80,95|51,78|33,80|72,51|67,99|71,17|37,71|78,41|34,33/37,41=37,72,51,78,41
75,36|42,32|76,6|12,3|63,11|55,51|26,88|12,26|12,46|36,42|12,75|93,55|68,15|88,68|3,76|50,63|49,93|46,50|12,49|6,14/12,32=12,75,36,42,32
65,27|65,11|44,30|65,8|11,40|47,89|72,14|14,69|61,47|65,75|40,37|71,19|37,96|8,61|75,29|52,23|65,44|29,71|30,52|27,72/65,19=65,75,29,71,19
95,16|66,13|76,61|67,65|15,44|77,40|67,23|67,66|87,73|67,50|16,25|65,69|69,76|13,15|40,89|67,4|20,87|4,77|50,20|23,95/67,44=67,66,13,15,44
14,67|48,27|40,72|78,41|94,63|3,94|72,97|41,42|42,47|68,40|67,57|78,68|78,48|78,34|57,17|34,3|47,25|78,14|18,20|27,18/78,25=78,41,42,47,25
0,7|59,93|75,11|64,78|43,58|99,37|24,99|36,43|41,75|7,64|73,41|36,73|36,0|36,59|58,53|93,15|53,50|36,24|15,22|37,1/36,1=36,24,99,37,1
33,6|85,30|33,44|44,93|2,85|29,95|81,57|53,81|41,68|6,29|95,42|33,70|21,41|33,21|33,73|5,38|70,53|68,11|93,5|73,2/33,11=33,21,41,68,11
54,90|90,77|99,39|58,60|47,96|89,48|48,99|74,37|58,70|58,74|22,94|37,22|58,89|60,92|53,32|96,53|92,95|95,20|70,54|58,47/58,39=58,89,48,99,39
84,88|61,54|84,58|89,29|34,52|26,78|33,56|71,19|58,13|9,55|13,61|20,33|84,71|84,34|75,26|19,89|52,9|56,12|84,20|88,75/84,78=84,88,75,26,78
79,84|83,63|99,98|22,52|28,14|5,26|83,32|98,64|63,99|52,7|32,66|7,33|83,20|66,28|13,79|83,5|16,19|26,16|83,22|20,13/83,84=83,20,13,79,84
75,29|89,41|41,27|30,91|51,71|94,22|75,90|91,67|79,46|75,51|71,79|57,89|75,85|90,3|85,44|29,30|75,57|3,72|44,94|72,62/75,67=75,29,30,91,67
80,30|72,71|88,82|88,75|71,26|26,94|33,86|89,6|82,33|88,66|12,80|75,15|88,12|66,89|15,5|86,20|30,41|6,25|88,72|5,11/88,20=88,82,33,86,20
97,65|1,61|6,32|93,6|18,98|26,7|85,2|96,18|98,14|97,84|84,85|65,93|13,28|38,1|97,96|97,31|97,26|31,38|2,25|7,13/97,32=97,65,93,6,32
38,55|49,73|68,91|54,67|15,78|73,66|69,61|97,15|69,53|69,56|69,38|61,97|51,70|91,25|92,51|69,77|55,54|53,68|77,49|56,92/69,66=69,77,49,73,66
33,20|78,18|58,1|42,17|83,75|17,78|42,33|42,99|1,86|20,77|77,55|18,28|42,49|42,90|49,50|90,83|50,89|99,58|89,3|75,38/42,3=42,49,50,89,3
44,3|8,31|36,39|66,0|31,30|37,56|43,37|25,98|36,53|53,66|30,2|36,23|21,44|0,12|39,43|36,18|23,21|36,8|18,92|92,25/36,56=36,39,43,37,56
58,31|22,87|68,96|8,22|15,84|46,15|46,8|98,53|46,83|87,5|83,40|40,49|41,70|84,26|31,98|26,3|49,47|70,68|46,58|46,41/46,5=46,8,22,87,5
44,13|12,41|3,48|9,4|4,78|14,71|9,3|22,27|58,54|13,63|78,22|9,12|69,7|63,84|9,44|9,56|56,38|48,14|41,69|38,58/9,84=9,44,13,63,84
96,33|69,17|99,62|14,58|43,25|86,14|17,5|25,51|58,29|85,74|68,99|51,76|29,80|86,67|33,85|5,94|86,96|86,69|67,68|86,43/86,62=86,67,68,99,62
2,55|33,78|72,60|85,79|26,38|85,71|71,26|79,30|57,98|38,73|55,72|85,25|78,59|85,2|47,13|25,35|59,34|85,33|35,57|30,47/85,34=85,33,78,59,34
68,92|62,28|86,35|96,25|96,23|32,59|23,75|97,19|92,36|84,68|14,97|75,7|91,65|28,86|7,20|96,91|25,14|65,32|96,84|96,62/96,36=96,84,68,92,36
38,47|40,81|91,96|73,29|64,15|13,35|43,30|57,13|29,91|64,46|47,24|64,38|30,21|46,57|15,40|81,55|3,43|64,3|24,36|64,73/64,55=64,15,40,81,55
7,95|97,84|98,56|10,28|92,86|1,7|27,10|75,97|28,44|75,27|95,5|75,92|93,40|58,93|86,9|9,4|75,58|75,1|84,98|40,83/75,4=75,92,86,9,4
96,31|34,92|38,67|76,95|34,60|31,58|28,2|95,5|34,68|92,76|60,80|51,28|99,41|58,56|68,8|80,38|34,96|34,51|8,99|2,94/34,5=34,92,76,95,5
78,26|44,99|37,48|37,59|23,75|19,40|72,34|48,42|93,19|37,78|30,39|37,44|26,72|42,30|59,80|99,21|21,77|80,23|37,29|29,93/37,34=37,78,26,72,34
21,17|46,19|47,62|21,47|17,5|34,94|16,36|62,34|99,58|58,46|89,44|53,89|5,98|21,9|98,92|21,99|36,55|9,53|76,16|21,76/21,94=21,47,62,34,94
16,63|16,6|80,49|2,38|16,36|16,54|6,89|52,88|17,80|87,57|88,70|36,17|16,43|38,15|11,58|54,2|58,9|43,52|63,11|89,87/16,49=16,36,17,80,49
49,14|97,91|0,52|88,12|89,30|18,97|59,29|96,89|18,93|93,63|18,26|39,28|63,0|69,39|11,96|12,49|26,69|18,88|91,59|18,11/18,52=18,93,63,0,52
46,76|78,59|78,23|18,4|58,69|78,26|26,48|40,29|75,11|78,40|24,10|59,6|78,46|76,24|85,53|48,75|49,18|29,85|23,49|6,58/78,53=78,40,29,85,53
54,49|2,9|67,16|67,99|39,14|14,81|67,36|26,74|61,2|36,54|67,56|25,97|67,25|97,26|62,59|16,39|49,53|99,43|43,62|56,61/67,9=67,56,61,2,9
77,67|99,95|31,61|99,82|82,16|99,31|87,90|99,62|62,38|14,43|53,96|9,4|75,41|43,87|61,53|38,75|99,14|16,9|80,77|95,80/99,41=99,62,38,75,41
89,20|39,16|2,81|76,39|73,87|91,76|34,89|3,23|12,14|23,10|20,93|46,3|81,12|46,34|46,73|19,82|87,19|46,91|10,54|46,2/46,16=46,91,76,39,16
95,94|33,14|27,67|27,64|27,96|96,33|94,6|27,16|5,86|14,87|64,83|90,58|16,5|83,54|67,90|86,38|27,95|6,29|58,69|54,93/27,87=27,96,33,14,87
88,0|46,80|21,68|36,26|25,35|54,31|43,97|97,88|40,54|25,72|35,75|92,40|75,21|25,92|72,19|25,36|29,50|19,29|26,46|25,43/25,50=25,72,19,29,50
41,23|23,3|3,39|49,13|41,2|6,53|41,6|8,72|53,61|63,31|39,38|41,37|9,8|37,9|61,88|80,21|69,80|2,69|13,63|41,49/41,31=41,49,13,63,31
85,88|44,97|53,81|55,94|19,43|94,66|39,44|19,65|65,39|36,8|47,11|19,27|27,53|8,47|19,96|96,55|88,52|43,85|19,36|81,16/19,16=19,27,53,81,16
84,43|56,5|1,76|97,79|95,98|43,70|2,69|5,1|79,42|98,85|48,24|95,84|95,65|95,56|70,75|55,72|85,55|69,48|95,2|65,97/95,72=95,98,85,55,72
29,13|25,29|56,68|88,51|51,69|65,9|64,6|68,15|79,63|65,61|61,56|65,88|9,25|65,45|63,73|45,75|69,33|22,79|75,64|65,22/65,73=65,22,79,63,73
32,14|14,44|12,96|9,7|62,29|32,80|46,65|55,53|7,12|44,46|53,93|50,47|80,38|29,50|58,55|97,81|32,9|32,58|32,62|38,97/32,47=32,62,29,50,47
32,65|63,20|62,79|70,94|96,0|86,63|65,7|32,15|32,70|6,36|15,96|47,39|97,54|0,8|32,47|94,6|39,62|7,97|20,49|32,86/32,49=32,86,63,20,49
30,57|62,88|88,69|35,41|19,99|26,56|5,19|63,35|51,91|57,94|56,63|26,12|26,2|2,51|26,38|38,62|99,75|26,5|12,30|91,21/26,41=26,56,63,35,41
92,0|56,30|30,63|57,74|81,77|49,81|3,92|56,8|17,3|63,84|77,31|56,85|85,39|38,35|47,38|84,53|56,17|56,49|8,47|39,57/56,0=56,17,3,92,0
7,13|70,7|38,68|49,61|48,72|68,24|77,46|45,87|55,69|38,65|38,77|46,48|24,66|64,70|87,55|66,33|65,49|38,64|38,45|61,10/38,13=38,64,70,7,13
77,74|41,36|63,67|79,77|78,41|11,79|36,99|63,91|63,78|4,47|67,57|63,11|86,9|32,12|47,33|54,86|63,54|91,4|57,32|9,31/63,99=63,78,41,36,99
49,75|33,52|84,8|98,68|27,95|42,50|95,32|58,65|65,69|41,27|12,9|0,2|75,42|84,33|84,49|52,0|8,58|84,98|84,41|68,12/84,32=84,41,27,95,32
92,68|20,0|59,12|11,70|12,39|34,53|34,11|39,47|34,59|16,69|21,20|49,21|69,37|53,16|70,3|3,26|34,83|83,17|17,92|34,49/34,37=34,53,16,69,37
81,16|73,33|2,85|85,81|78,74|38,52|55,58|9,30|72,32|52,72|74,9|58,13|64,78|64,38|64,2|64,18|18,55|64,73|27,10|33,27/64,30=64,78,74,9,30
25,35|35,59|16,43|7,10|59,11|12,78|73,64|93,15|15,58|9,92|92,7|9,47|10,8|9,12|47,93|94,75|78,16|9,25|9,94|75,73/9,8=9,92,7,10,8
45,54|33,13|40,50|80,40|90,11|42,80|17,88|45,90|99,37|5,53|53,60|8,36|45,99|54,5|11,17|13,22|37,8|45,93|93,33|45,42/45,60=45,54,5,53,60
46,19|8,91|24,2|5,32|59,44|72,81|2,46|4,95|5,88|81,59|94,30|5,24|95,40|32,4|5,72|5,8|30,87|91,21|21,85|88,94/5,40=5,32,4,95,40
90,14|47,9|31,78|31,98|1,54|0,57|14,49|31,0|98,47|31,61|92,1|74,6|31,92|54,40|61,90|23,89|78,74|57,23|9,22|6,71/31,22=31,98,47,9,22
59,17|59,78|70,57|10,47|17,3|31,30|3,0|59,88|57,11|47,61|59,99|88,66|0,21|93,13|59,10|99,70|61,41|66,31|60,93|78,60/59,30=59,88,66,31,30
82,64|13,27|64,67|65,40|70,62|27,81|59,98|51,7|70,82|70,13|67,91|30,68|7,30|81,33|98,16|70,51|21,65|70,0|62,59|0,21/70,91=70,82,64,67,91
44,54|96,21|96,78|12,86|91,83|36,91|43,2|78,19|61,23|19,43|20,36|46,98|98,57|23,44|59,12|96,61|57,41|21,59|96,20|96,46/96,2=96,78,19,43,2
5,24|5,59|6,14|24,46|77,48|15,6|96,15|69,35|5,96|39,25|5,54|46,51|35,39|54,98|59,77|48,36|98,21|51,33|5,69|21,40/5,36=5,59,77,48,36
46,34|37,95|55,8|62,58|67,7|46,82|46,61|54,63|12,54|48,3|61,55|46,37|95,67|46,12|8,2|34,48|63,92|3,29|82,62|58,25/46,2=46,61,55,8,2
28,14|0,31|39,60|81,56|54,23|49,54|91,20|32,49|14,86|47,97|74,5|99,91|20,73|0,47|56,74|97,39|0,32|0,99|0,81|31,28/0,23=0,32,49,54,23
4,97|90,86|57,90|19,64|19,99|86,44|21,16|19,57|73,58|19,30|97,40|58,78|34,52|99,21|64,13|16,7|78,56|19,73|30,4|13,34/19,40=19,30,4,97,40
89,59|80,7|52,93|5,80|4,13|5,24|13,37|5,89|34,36|63,34|7,75|59,52|5,45|24,4|46,28|5,63|45,46|28,48|75,23|36,39/5,39=5,63,34,36,39
10,50|55,95|95,40|55,23|70,71|15,58|40,5|1,51|32,22|23,15|59,75|89,30|5,62|50,59|55,32|71,89|55,10|22,1|55,70|58,41/55,41=55,23,15,58,41
87,60|57,44|33,87|44,48|48,96|67,89|15,99|14,33|79,90|71,15|60,34|14,57|65,13|14,65|72,71|92,45|14,79|13,67|90,92|14,72/14,45=14,79,90,92,45
88,56|78,21|3,26|97,38|38,84|76,1|91,76|43,45|21,79|26,43|88,11|74,59|79,4|64,74|56,91|11,97|59,94|88,3|88,78|88,64/88,1=88,56,91,76,1
25,7|41,12|44,59|29,93|75,94|29,41|29,4|4,95|97,47|12,38|36,76|29,44|7,46|38,51|57,97|29,8|59,75|95,36|93,57|8,25/29,47=29,93,57,97,47
97,33|80,97|80,43|96,41|28,25|47,93|9,96|35,28|67,27|41,8|80,47|80,38|38,67|93,87|43,35|27,63|33,10|87,53|10,2|80,9/80,63=80,38,67,27,63
78,91|61,37|56,17|15,93|85,20|59,22|56,59|70,60|93,70|38,47|56,9|9,11|48,92|56,48|22,85|11,38|56,15|17,61|92,78|37,81/56,60=56,15,93,70,60
40,65|9,25|19,58|93,32|65,98|59,19|6,50|82,96|25,6|59,40|30,20|20,71|96,93|58,75|59,72|72,30|59,82|75,29|59,9|98,33/59,29=59,19,58,75,29
89,45|23,75|79,84|13,65|24,49|45,40|89,13|75,64|40,1|63,24|84,17|89,51|89,79|1,38|17,36|86,98|65,86|88,23|89,88|51,63/89,64=89,88,23,75,64
48,24|12,54|56,12|56,86|72,71|28,1|54,10|56,28|56,22|71,69|13,26|22,72|1,13|10,44|81,39|39,48|56,81|75,65|86,90|90,75/56,24=56,81,39,48,24
58,28|80,29|69,80|58,16|94,82|91,75|58,9|9,64|75,50|5,94|50,51|78,18|76,86|28,5|58,91|16,76|86,66|58,2|2,69|64,78/58,18=58,9,64,78,18
65,77|39,23|52,22|76,50|58,30|32,79|22,39|5,1|2,89|89,27|79,13|80,32|5,80|5,76|3,19|5,58|1,2|5,52|50,3|30,65/5,19=5,76,50,3,19
88,21|40,57|1,66|34,18|22,1|56,27|36,28|18,90|36,43|46,88|28,47|21,68|36,46|47,12|43,34|36,53|36,40|53,22|57,56|12,41/36,68=36,46,88,21,68
57,71|88,0|67,33|39,13|57,98|57,75|89,24|51,67|75,3|3,88|33,70|98,89|71,94|64,23|57,51|28,47|57,39|24,27|94,64|13,28/57,27=57,98,89,24,27
43,96|10,78|21,80|82,10|79,16|24,83|15,21|48,36|96,30|15,81|78,17|80,79|36,57|57,7|15,2|22,24|81,43|15,48|2,22|15,82/15,17=15,82,10,78,17
34,29|69,79|86,45|34,51|29,78|51,77|56,67|60,54|61,2|77,60|48,57|8,31|2,48|78,69|34,61|3,56|45,8|67,62|34,86|34,3/34,31=34,86,45,8,31
1,2|23,1|79,16|79,93|96,24|58,96|31,62|16,23|6,87|36,14|24,65|62,54|54,64|79,58|93,36|87,75|71,6|79,71|79,31|14,89/79,2=79,16,23,1,2
50,85|91,51|22,67|13,64|28,58|91,27|27,87|91,55|87,28|91,26|81,75|46,44|26,50|55,81|91,22|67,46|75,7|51,97|97,13|85,66/91,58=91,27,87,28,58
43,35|29,72|38,14|65,11|59,38|17,65|72,59|35,82|29,41|41,17|61,88|29,96|29,18|18,43|29,69|68,94|86,68|12,61|69,86|96,12/29,11=29,41,17,65,11
26,90|10,35|11,93|29,14|35,5|87,54|70,84|46,82|76,87|90,66|81,94|46,29|84,81|65,10|46,76|82,26|14,11|46,70|54,63|46,65/46,94=46,70,84,81,94
59,12|2,26|43,29|46,28|20,16|93,67|67,42|59,20|4,94|28,77|59,22|26,4|12,93|59,2|16,43|14,9|9,99|22,46|66,14|59,66/59,77=59,22,46,28,77
6,5|52,29|73,54|46,0|35,63|91,81|11,46|0,30|5,91|6,73|6,7|29,42|6,11|7,52|54,31|84,35|31,74|6,64|81,71|64,84/6,74=6,73,54,31,74
65,19|27,33|43,97|33,67|78,2|74,65|54,89|74,62|2,38|19,76|39,54|97,28|74,15|13,27|74,45|62,78|45,39|74,13|15,43|76,68/74,28=74,15,43,97,28
59,85|96,10|59,96|91,61|83,33|59,78|78,71|26,42|71,53|53,18|46,39|59,23|23,46|10,91|59,9|9,26|68,83|39,57|85,68|42,54/59,57=59,23,46,39,57
22,31|60,81|21,60|76,57|39,22|39,50|57,25|93,6|68,80|81,79|66,14|39,73|44,68|31,93|50,76|73,66|39,21|39,44|80,63|14,53/39,25=39,50,76,57,25
57,20|17,15|27,21|30,27|71,33|74,94|74,85|33,92|16,12|19,54|12,57|97,71|0,22|94,30|74,97|34,0|85,34|74,16|74,19|54,17/74,21=74,94,30,27,21
47,34|34,13|47,37|30,98|73,95|45,36|86,23|75,88|19,45|37,33|33,73|47,75|36,93|13,67|47,86|47,19|67,58|46,2|88,30|23,46/47,58=47,34,13,67,58
63,65|77,16|7,12|53,6|6,69|61,77|65,89|5,53|14,55|86,63|73,14|61,86|61,5|26,31|61,36|16,7|31,29|29,71|36,73|61,26/61,12=61,77,16,7,12
18,81|93,38|41,76|81,70|96,17|50,94|50,96|50,41|16,14|37,97|75,93|97,7|43,18|7,52|94,75|54,69|50,37|50,43|76,16|17,54/50,52=50,37,97,7,52
42,2|30,14|10,13|45,98|45,39|98,16|39,10|45,56|16,87|45,4|13,12|87,50|4,60|73,49|2,0|60,30|53,42|45,53|49,89|56,73/45,0=45,53,42,2,0
22,99|41,37|71,93|3,16|76,18|86,22|37,45|16,6|41,1|94,27|41,76|96,3|1,86|45,94|41,71|93,87|87,14|74,57|41,96|18,74/41,6=41,96,3,16,6
1,99|91,37|29,21|7,83|99,43|7,23|20,22|7,66|7,14|14,38|16,95|66,1|42,34|7,42|23,26|73,20|26,29|34,91|83,73|38,16/7,22=7,83,73,20,22
31,97|37,31|26,76|37,41|1,86|37,55|23,26|86,81|97,91|34,23|99,90|55,66|66,22|90,35|37,99|41,1|91,65|35,83|22,72|37,34/37,72=37,55,66,22,72
44,70|82,65|96,28|99,84|99,61|99,67|99,82|65,74|28,44|61,71|74,38|99,96|3,59|67,69|69,18|81,88|71,81|84,83|18,58|83,3/99,70=99,96,28,44,70
25,80|3,0|25,81|53,14|87,76|75,20|89,75|80,89|7,11|98,7|11,60|49,3|93,49|25,31|25,98|81,50|31,78|78,87|50,53|25,93/25,20=25,80,89,75,20
25,97|52,73|20,72|53,25|20,4|4,52|79,33|93,41|59,31|91,18|97,94|20,53|72,17|71,63|17,59|41,79|20,71|73,6|63,91|20,93/20,94=20,53,25,97,94
74,73|66,36|16,31|11,75|66,74|10,23|31,57|66,32|23,39|64,11|79,70|76,79|73,51|30,64|66,45|66,30|32,76|36,16|51,56|45,10/66,75=66,30,64,11,75
65,61|58,3|80,33|52,65|10,12|47,4|4,2|80,60|12,8|38,93|33,38|3,44|80,52|51,58|80,47|60,10|2,69|93,27|61,7|80,51/80,7=80,52,65,61,7
21,98|81,64|52,0|68,17|70,5|32,65|80,97|26,32|98,54|7,21|47,91|26,80|65,81|17,73|97,52|26,7|61,68|26,61|26,47|91,70/26,0=26,80,97,52,0
37,69|68,54|83,30|14,3|25,68|25,58|84,37|30,20|63,0|25,71|27,51|3,44|58,83|0,13|71,14|31,63|26,84|25,26|54,27|25,31/25,51=25,68,54,27,51
99,67|84,35|47,49|19,84|19,23|2,15|49,27|19,70|27,97|80,99|70,2|14,37|35,3|19,56|50,14|56,50|3,76|23,80|19,47|15,7/19,37=19,56,50,14,37
31,15|4,84|34,67|57,68|68,45|15,93|76,57|31,71|66,99|71,4|93,89|86,87|99,86|31,79|84,49|31,76|89,54|31,66|67,22|79,34/31,49=31,71,4,84,49
39,89|1,56|93,66|56,24|39,95|95,4|61,10|4,87|39,96|96,93|11,82|18,11|39,84|10,83|84,1|87,40|66,58|89,18|0,61|39,0/39,82=39,89,18,11,82
59,91|61,29|31,66|46,22|9,61|31,33|33,9|35,71|3,62|72,81|31,46|43,1|66,3|31,88|88,35|1,59|71,10|31,43|62,5|22,72/31,91=31,43,1,59,91
83,48|12,51|32,99|68,6|84,87|14,83|27,21|32,72|99,68|21,11|6,69|72,84|87,31|51,65|32,12|77,27|32,77|75,14|32,75|65,22/32,48=32,75,14,83,48
1,78|22,52|72,42|14,54|99,11|22,77|22,4|42,1|84,48|52,50|30,32|48,20|77,84|3,99|22,72|4,30|50,14|22,3|11,75|32,18/22,54=22,52,50,14,54
67,84|72,56|35,66|25,37|66,13|37,42|54,51|67,97|67,35|67,54|98,57|84,72|13,64|56,58|2,98|67,2|57,18|97,25|51,92|92,81/67,58=67,84,72,56,58
32,36|98,34|43,22|32,43|32,27|81,21|14,3|34,60|36,81|60,13|83,56|32,98|97,14|21,39|32,25|25,83|29,20|22,29|56,35|27,97/32,20=32,43,22,29,20
99,17|61,86|38,80|99,46|34,51|99,48|46,33|25,0|17,96|0,42|33,61|80,37|99,34|21,82|96,59|99,28|48,25|59,26|28,38|51,21/99,42=99,48,25,0,42
35,9|56,3|56,12|82,22|3,70|34,16|70,8|9,20|8,54|37,2|16,98|56,60|12,82|22,76|56,34|2,13|56,93|60,37|93,35|98,23/56,13=56,60,37,2,13
1,25|90,20|92,90|92,28|55,4|18,55|97,1|50,8|32,99|92,72|8,87|60,32|92,60|20,5|99,56|72,50|92,97|25,53|5,24|28,18/92,53=92,97,1,25,53
86,7|90,55|5,50|47,35|47,37|89,26|6,65|0,67|7,31|47,86|27,5|66,39|31,17|47,0|47,90|39,80|67,6|37,27|35,66|55,89/47,80=47,35,66,39,80
90,16|8,20|28,17|27,73|93,60|60,51|94,65|24,80|22,55|55,8|73,77|80,93|58,28|40,27|24,40|24,94|71,58|24,22|24,71|65,90/24,17=24,71,58,28,17
74,51|46,82|84,93|66,64|25,40|74,9|68,33|40,50|74,75|37,68|93,7|9,84|99,46|75,27|74,39|26,25|27,66|51,37|39,99|74,26/74,7=74,9,84,93,7
56,23|54,46|54,9|60,0|23,77|90,31|22,70|81,97|0,72|46,13|14,81|54,90|13,44|54,60|44,82|72,26|54,30|30,56|31,22|9,14/54,82=54,46,13,44,82
17,44|94,10|66,33|28,3|17,96|16,9|0,99|3,66|20,16|44,20|68,48|17,68|10,77|48,57|17,94|22,0|77,69|57,59|96,22|17,28/17,59=17,68,48,57,59
71,54|92,64|11,71|54,63|93,77|56,46|77,90|49,99|23,49|64,84|93,42|93,58|90,56|93,11|86,22|93,86|10,7|22,10|58,92|42,23/93,84=93,58,92,64,84
84,14|46,23|70,67|66,70|14,46|10,77|10,47|77,76|21,1|74,59|92,39|10,28|67,44|10,84|47,92|28,5|10,66|5,74|39,69|76,21/10,59=10,28,5,74,59
55,33|80,85|33,13|2,75|62,94|88,62|27,40|45,80|92,93|60,88|22,95|13,70|45,55|85,22|45,2|8,49|49,27|45,60|45,8|75,92/45,93=45,2,75,92,93
62,25|25,27|99,74|24,29|61,12|27,75|60,58|39,60|22,61|91,21|12,56|85,39|74,70|29,91|24,99|21,51|24,22|24,62|24,85|70,69/24,56=24,22,61,12,56
82,45|67,32|83,56|75,15|52,83|25,75|90,84|84,85|85,93|52,67|56,47|52,5|5,25|7,12|52,7|47,3|52,90|32,10|12,82|10,71/52,71=52,67,32,10,71
81,14|99,34|53,54|43,10|38,81|97,94|4,53|93,7|38,68|62,56|68,62|38,49|56,20|38,99|34,96|7,43|14,97|49,4|38,93|96,13/38,13=38,99,34,96,13
89,82|90,1|1,27|13,30|21,25|20,97|7,9|89,80|68,49|25,68|26,20|98,40|89,19|89,98|80,26|82,90|79,13|89,21|40,7|19,79/89,9=89,98,40,7,9
5,78|82,7|16,63|70,16|95,77|48,39|63,54|50,95|39,0|88,82|47,76|50,70|69,47|81,48|50,53|53,69|50,43|50,81|77,5|43,88/50,54=50,70,16,63,54
65,31|32,30|32,12|84,5|13,20|23,67|21,85|20,54|32,65|12,9|54,79|32,13|31,86|57,21|30,61|61,84|9,23|86,50|32,57|85,40/32,50=32,65,31,86,50
55,15|88,30|39,68|37,48|71,26|22,46|47,39|68,90|75,5|88,47|88,85|30,55|15,53|88,75|5,71|88,41|48,74|41,37|85,22|46,16/88,53=88,30,55,15,53
8,38|37,92|17,59|83,67|63,13|36,22|59,71|63,7|0,17|15,32|63,0|63,85|85,70|7,8|13,6|63,15|70,36|6,37|32,83|38,29/63,22=63,85,70,36,22
73,91|9,14|78,41|2,46|39,73|41,25|99,70|90,94|91,69|14,75|90,39|49,24|1,13|90,37|13,99|37,9|90,2|94,78|90,1|46,49/90,24=90,2,46,49,24
72,39|25,63|39,25|63,56|5,57|72,23|21,74|12,55|74,66|72,67|41,12|66,38|23,5|55,34|72,41|87,81|57,15|13,87|72,21|67,13/72,15=72,23,5,57,15
63,98|79,11|49,72|72,33|49,79|23,21|98,30|49,55|11,37|37,38|21,96|87,39|33,87|55,53|49,63|53,57|96,40|57,83|49,23|30,65/49,38=49,79,11,37,38
35,30|95,91|52,29|95,38|82,41|30,25|59,52|95,75|88,32|75,51|86,87|95,62|95,14|14,19|19,86|91,59|32,0|38,88|51,82|62,35/95,29=95,91,59,52,29
24,59|60,82|88,56|52,49|90,20|18,60|24,71|56,42|72,68|59,10|4,57|10,4|83,72|24,90|71,83|42,47|20,52|8,18|24,88|24,8/24,68=24,71,83,72,68
91,96|8,65|1,59|73,21|20,46|95,16|91,37|91,84|84,95|37,17|21,31|65,20|31,18|91,8|68,74|16,44|96,60|91,73|60,68|17,1/91,74=91,96,60,68,74
4,19|15,53|27,4|39,78|69,32|27,69|71,20|32,87|27,84|87,76|96,62|84,66|27,74|66,15|81,5|19,39|17,96|27,71|74,17|20,81/27,53=27,84,66,15,53
80,8|53,22|79,41|77,66|53,31|41,9|53,79|52,50|39,80|9,44|55,46|31,26|50,55|53,40|26,77|16,38|40,16|38,75|22,39|53,52/53,66=53,31,26,77,66
87,75|66,24|37,81|68,93|87,58|9,85|25,76|26,66|87,65|58,25|87,98|76,72|98,10|87,68|51,33|65,26|93,9|10,37|75,51|33,12/87,72=87,58,25,76,72
59,95|62,55|61,98|17,97|57,27|28,57|33,61|97,34|62,28|62,17|62,91|55,65|98,83|62,33|79,51|34,92|95,80|27,19|91,59|65,79/62,92=62,17,97,34,92
87,68|46,76|48,5|87,48|13,33|5,81|81,28|83,69|47,63|87,83|87,2|96,49|86,13|40,30|69,47|68,44|76,96|2,86|87,46|44,40/87,33=87,2,86,13,33
68,63|42,26|42,23|42,60|42,62|2,30|48,95|55,48|15,69|43,52|23,90|62,35|42,94|94,43|35,68|60,15|26,55|52,10|90,2|69,17/42,95=42,26,55,48,95
36,22|43,40|43,47|40,96|43,30|95,32|29,12|96,11|42,16|32,75|11,68|18,29|47,18|16,94|51,42|1,95|43,51|22,15|43,1|30,36/43,12=43,47,18,29,12
20,22|4,72|37,48|32,18|20,4|64,7|22,28|20,24|19,96|20,94|72,75|24,37|28,19|94,78|60,80|48,55|7,60|20,64|75,62|78,32/20,96=20,22,28,19,96
59,40|16,83|81,31|58,67|31,71|58,48|94,76|42,94|48,81|37,52|58,42|76,84|67,73|21,89|73,16|58,37|58,21|52,22|89,59|22,23/58,83=58,67,73,16,83
12,18|92,27|32,16|1,85|53,58|88,78|32,92|36,81|32,1|16,88|32,12|32,28|78,33|18,22|85,36|28,53|69,59|27,69|22,66|58,90/32,33=32,16,88,78,33
92,43|52,93|81,56|88,52|43,57|37,18|76,39|88,64|9,86|18,9|70,40|56,83|88,37|64,81|39,70|88,92|11,72|88,76|93,11|57,0/88,86=88,37,18,9,86
99,56|98,48|6,3|86,82|94,6|3,61|94,98|94,22|94,99|56,86|1,24|66,35|61,96|22,1|35,85|7,66|87,73|24,2|94,7|48,87/94,82=94,99,56,86,82
24,58|46,30|7,83|83,50|63,65|46,63|92,40|19,28|91,70|70,90|28,92|36,85|65,24|46,7|44,36|46,44|85,31|50,95|46,19|30,91/46,58=46,63,65,24,58
0,96|0,64|93,62|66,33|96,3|3,27|58,80|52,43|27,76|80,59|35,93|97,63|36,58|0,97|63,66|45,52|43,55|64,35|0,45|0,36/0,55=0,45,52,43,55
46,42|39,30|48,53|76,6|27,34|77,39|94,48|57,19|46,57|19,58|58,84|34,76|46,14|46,77|10,99|46,27|30,26|7,10|42,94|14,7/46,6=46,27,34,76,6
82,59|99,98|16,56|93,33|59,26|57,42|26,91|32,25|82,67|18,32|68,22|82,16|22,96|82,95|95,18|82,99|91,1|67,68|56,57|98,93/82,33=82,99,98,93,33
55,54|67,53|21,56|88,55|71,67|63,48|54,18|82,70|53,17|21,15|48,25|21,82|21,88|80,92|10,47|21,71|56,63|15,10|47,73|70,80/21,73=21,15,10,47,73
36,22|91,67|73,29|33,47|91,95|59,77|22,46|5,33|71,23|91,36|91,16|16,32|95,5|67,59|87,71|46,26|91,83|83,87|32,73|77,80/91,47=91,95,5,33,47
85,32|20,87|15,18|87,30|7,97|84,69|14,15|20,95|20,7|20,84|86,93|69,86|30,85|6,58|20,66|79,53|66,14|97,79|58,72|95,6/20,93=20,84,69,86,93
29,64|29,32|33,45|29,84|23,22|5,99|68,23|47,36|99,52|83,39|13,47|42,12|39,88|32,13|29,33|45,42|29,5|84,83|64,68|52,1/29,12=29,33,45,42,12
31,14|49,81|63,5|68,1|1,24|81,45|74,42|49,21|49,63|5,31|7,74|49,7|12,2|43,12|21,43|45,53|49,68|42,11|53,20|24,9/49,2=49,21,43,12,2
8,6|47,40|71,48|0,78|72,62|0,35|31,72|50,79|82,50|25,20|0,28|0,96|35,73|20,8|78,82|73,47|28,31|0,25|48,44|96,71/0,6=0,25,20,8,6
67,59|97,79|68,0|26,60|39,82|67,1|1,74|79,66|67,58|82,45|66,23|67,97|58,26|67,39|45,80|59,68|30,87|74,30|60,88|0,25/67,80=67,39,82,45,80
47,87|76,16|76,96|76,47|1,14|35,7|96,35|67,6|6,38|48,91|21,67|7,18|40,36|57,1|87,40|91,26|76,21|76,48|26,69|16,57/76,18=76,96,35,7,18
81,43|64,40|95,69|51,80|35,64|92,78|92,94|92,8|78,11|38,88|92,90|11,28|89,38|69,25|8,95|28,98|92,81|90,35|43,51|94,89/92,40=92,90,35,64,40
35,22|56,3|56,12|82,98|3,70|34,16|70,8|22,76|8,54|37,2|16,9|56,60|12,82|98,23|56,34|2,13|56,93|60,37|93,35|9,20/56,13=56,60,37,2,13
20,78|30,8|2,61|10,85|5,2|8,41|27,14|41,10|57,20|9,0|30,24|30,27|43,57|30,38|3,9|38,5|18,88|14,18|24,3|30,43/30,0=30,24,3,9,0
31,45|77,31|10,19|15,49|17,81|76,79|35,27|77,10|77,35|77,39|21,18|47,4|19,17|11,42|18,15|45,47|27,76|39,11|42,14|77,21/77,79=77,35,27,76,79
72,0|79,65|61,51|47,2|84,9|84,79|9,92|35,38|84,89|84,15|21,32|3,47|84,46|92,72|89,35|32,62|38,6|46,21|15,3|65,61/84,0=84,9,92,72,0
56,44|33,42|30,2|53,47|98,33|30,76|30,11|30,56|11,43|84,88|93,71|43,93|76,98|58,53|44,4|88,51|30,39|2,84|4,19|39,58/30,42=30,76,98,33,42
99,40|92,30|40,54|92,22|92,35|90,62|15,90|48,39|49,91|83,4|1,99|8,48|44,60|60,66|92,1|91,83|22,15|30,44|92,49|35,8/92,66=92,30,44,60,66
76,84|32,22|72,46|58,4|66,94|22,61|30,16|94,40|30,76|30,66|30,58|40,77|90,37|84,90|4,81|12,65|16,32|81,55|65,72|30,12/30,37=30,76,84,90,37
65,34|16,67|93,2|66,29|90,16|82,33|65,73|34,54|65,82|8,42|65,66|33,8|52,84|11,39|45,93|54,52|29,11|73,45|65,22|22,90/65,67=65,22,90,16,67
56,44|76,38|77,6|75,77|46,54|56,32|61,10|32,46|56,9|9,61|44,75|50,45|91,62|68,91|56,68|45,76|62,92|56,50|54,4|10,84/56,92=56,68,91,62,92
42,44|65,76|79,83|7,99|65,95|46,61|26,38|99,24|65,46|24,41|65,11|11,81|86,90|76,26|61,86|95,50|50,79|65,7|38,96|81,42/65,44=65,11,81,42,44
20,30|24,4|83,20|40,83|63,86|18,67|24,91|86,33|38,37|24,63|37,21|33,71|85,10|95,18|91,95|4,51|24,36|24,40|51,85|36,38/24,30=24,40,83,20,30
14,59|24,60|57,3|59,19|22,55|63,12|57,53|12,24|53,14|57,77|57,63|95,22|77,73|57,36|36,95|3,72|69,89|73,69|15,37|72,15/57,55=57,36,95,22,55
37,3|41,13|6,23|70,31|78,70|86,41|0,37|13,10|71,91|78,0|31,2|35,6|57,71|78,86|91,28|78,57|78,35|2,14|23,77|3,72/78,10=78,86,41,13,10
52,93|63,34|59,39|51,81|76,75|59,63|39,97|58,51|88,52|37,24|59,26|97,19|34,76|19,8|73,37|69,73|84,58|59,84|26,88|59,69/59,8=59,39,97,19,8
50,31|94,73|73,79|95,30|10,58|56,87|2,92|88,14|95,88|95,12|24,2|5,22|30,94|95,89|58,5|49,50|89,24|14,56|12,49|95,10/95,22=95,10,58,5,22
82,38|67,45|67,19|73,62|38,11|34,69|62,4|30,82|45,18|48,50|67,30|55,34|67,96|18,48|67,77|31,80|77,73|19,85|96,55|85,31/67,69=67,96,55,34,69
58,24|42,86|61,39|9,58|72,45|32,42|9,87|38,69|5,54|49,1|97,40|24,49|54,97|37,38|9,5|9,37|45,61|9,72|69,63|87,32/9,86=9,87,32,42,86
64,2|20,14|99,12|99,28|95,37|24,64|12,11|78,5|99,82|99,49|49,36|57,78|36,60|82,57|74,4|60,18|11,95|28,24|99,74|4,20/99,37=99,12,11,95,37
82,75|36,84|82,81|4,96|72,56|81,41|63,11|13,14|43,5|82,43|14,89|28,72|84,63|5,44|82,36|75,13|44,0|82,24|24,28|41,4/82,96=82,81,41,4,96
69,21|21,36|36,47|69,61|31,43|20,2|73,95|23,98|43,24|98,13|24,17|92,80|68,92|69,12|69,31|95,20|47,87|61,23|12,68|69,73/69,80=69,12,68,92,80
57,94|96,14|66,31|6,38|7,10|38,0|7,66|7,60|7,99|7,21|99,24|31,68|68,12|70,96|10,6|21,29|29,57|71,48|24,71|60,70/7,12=7,66,31,68,12
32,55|77,41|74,31|46,50|27,1|50,83|37,99|84,57|57,38|8,62|99,72|72,10|55,46|32,77|32,37|87,84|32,8|62,74|41,27|32,87/32,38=32,87,84,57,38
24,36|97,88|61,89|40,6|61,95|6,55|30,16|95,24|61,40|61,58|36,71|88,60|49,99|16,63|61,56|89,97|55,52|56,49|58,30|99,96/61,96=61,56,49,99,96
35,44|16,35|81,52|2,33|65,36|2,22|1,83|2,81|62,89|27,13|3,62|21,1|52,70|22,3|2,65|44,38|36,27|2,16|70,25|33,21/2,38=2,16,35,44,38
73,74|24,33|97,51|10,90|30,23|97,56|56,53|97,50|45,39|57,73|39,92|92,31|51,29|29,30|53,10|50,24|97,45|97,64|33,71|64,57/97,71=97,50,24,33,71
21,5|7,89|3,66|13,10|80,1|22,16|97,68|5,48|53,97|51,53|62,13|75,80|62,21|10,22|48,12|89,3|62,51|18,75|62,18|62,7/62,68=62,51,53,97,68
20,80|3,29|20,94|90,99|38,63|20,32|94,54|54,14|61,85|80,3|29,88|63,95|47,17|14,58|85,24|99,47|20,22|32,61|20,90|22,38/20,88=20,80,3,29,88
37,70|97,72|83,44|50,60|30,37|72,78|70,12|14,5|97,69|78,93|5,50|63,46|97,30|66,23|97,63|46,83|23,27|69,66|93,96|97,14/97,60=97,14,5,50,60
5,47|17,66|33,52|76,43|16,9|19,99|47,93|61,5|99,31|52,28|7,61|7,15|7,76|67,16|15,19|7,53|53,67|43,17|85,33|7,85/7,9=7,53,67,16,9
29,80|35,64|81,33|28,2|56,1|33,88|6,81|68,49|6,47|64,28|6,29|78,21|6,35|1,75|3,52|80,3|47,56|88,61|21,68|6,78/6,61=6,81,33,88,61
19,78|42,59|91,48|44,88|61,94|40,85|19,97|14,87|19,42|19,40|59,61|32,36|48,5|19,14|97,44|85,24|78,91|88,58|24,27|87,32/19,94=19,42,59,61,94
7,23|78,26|44,60|19,87|30,16|14,91|26,94|52,58|78,30|78,99|16,82|94,44|82,95|78,14|91,7|78,65|65,19|64,52|99,64|87,46/78,23=78,14,91,7,23
65,44|58,94|33,5|54,97|35,41|31,83|34,54|92,33|95,26|87,49|34,6|83,87|4,58|34,95|6,92|94,55|97,65|34,4|26,35|34,31/34,41=34,95,26,35,41
66,95|51,77|96,34|6,30|44,61|77,1|66,96|66,6|71,58|30,44|58,67|37,51|66,74|34,49|49,92|74,55|99,78|95,71|66,37|55,99/66,67=66,95,71,58,67
90,86|82,76|89,82|89,26|69,11|5,50|11,52|71,8|84,33|19,39|76,5|89,90|26,24|1,49|24,19|86,1|89,16|33,71|16,69|89,84/89,49=89,90,86,1,49
29,83|70,61|83,12|98,85|97,58|20,24|70,30|47,97|77,14|24,74|14,81|30,29|70,93|43,39|70,20|93,47|39,98|74,34|70,43|61,77/70,58=70,93,47,97,58
6,2|2,86|4,17|56,80|21,87|64,6|32,38|21,32|62,36|70,73|36,70|43,92|38,43|21,62|71,56|46,78|21,4|21,64|87,71|17,46/21,78=21,4,17,46,78
48,54|58,62|74,32|74,0|77,70|49,27|76,77|32,48|70,67|74,90|92,10|90,75|54,97|62,89|0,58|42,49|74,42|75,92|74,76|27,13/74,89=74,0,58,62,89
27,81|57,25|64,55|35,6|6,27|79,50|35,64|35,30|25,56|55,79|1,76|35,57|3,89|76,28|89,36|66,3|30,1|56,45|35,66|81,42/35,50=35,64,55,79,50
68,27|93,5|72,34|95,65|19,63|63,70|27,75|90,93|98,96|70,67|98,90|98,59|96,89|65,18|59,95|89,72|98,10|5,49|98,19|10,68/98,34=98,96,89,72,34
30,88|62,91|91,21|35,41|19,99|26,56|5,19|63,35|51,57|88,69|56,63|26,12|26,2|2,51|26,38|38,62|99,75|26,5|12,30|57,94/26,41=26,56,63,35,41
42,51|13,78|81,50|34,54|77,82|78,10|6,62|59,7|94,42|73,94|62,59|54,83|77,6|29,43|10,53|77,29|82,34|77,13|43,81|77,73/77,53=77,13,78,10,53
18,62|44,71|24,59|24,29|70,51|68,48|38,44|24,3|13,78|29,18|24,8|24,70|51,13|30,68|62,32|8,30|59,38|74,87|87,65|3,74/24,78=24,70,51,13,78
20,30|24,4|83,20|40,83|63,86|18,67|24,91|86,37|38,85|24,63|85,10|37,21|33,71|95,18|91,95|4,51|24,36|24,40|51,33|36,38/24,30=24,40,83,20,30
89,93|40,21|47,33|40,19|27,60|40,30|79,89|21,79|40,65|13,96|18,47|19,18|40,13|96,92|92,34|20,83|63,20|65,27|30,63|60,53/40,83=40,30,63,20,83
66,85|85,74|31,45|24,80|31,34|31,88|93,51|11,24|31,66|63,52|74,56|51,83|80,33|82,17|31,11|88,50|52,99|45,63|50,82|34,93/31,99=31,45,63,52,99
2,35|2,86|2,95|66,1|95,52|76,71|73,76|2,32|2,73|35,63|32,14|52,66|55,33|86,67|79,51|46,53|71,4|67,55|63,46|14,79/2,33=2,86,67,55,33
35,42|54,98|66,54|35,52|67,20|61,0|35,74|35,66|52,78|5,10|35,61|46,77|98,62|10,79|0,46|42,5|78,76|74,67|20,84|76,23/35,62=35,66,54,98,62
56,85|97,72|88,66|64,11|69,46|36,92|18,36|69,97|33,88|86,6|25,82|70,18|65,55|72,65|46,33|69,70|11,86|85,25|69,56|69,64/69,6=69,64,11,86,6
40,23|37,49|66,78|1,40|27,24|30,8|78,61|24,95|66,30|8,37|22,46|61,22|66,1|93,97|97,60|60,84|95,56|66,93|23,69|66,27/66,84=66,93,97,60,84
63,41|55,58|55,94|87,33|13,95|95,20|55,46|41,80|72,28|98,68|55,87|34,10|94,63|58,13|33,6|6,14|68,72|46,34|55,98|10,62/55,62=55,46,34,10,62
34,39|98,52|83,76|86,24|61,14|3,98|81,3|95,54|86,67|86,81|14,34|67,18|18,83|82,57|86,61|23,42|17,82|86,23|24,17|42,95/86,57=86,24,17,82,57
2,46|1,17|74,54|63,67|51,1|91,2|20,57|60,74|14,63|57,61|27,60|39,91|51,39|51,88|59,20|51,27|51,59|88,14|3,84|17,3/51,67=51,88,14,63,67
7,32|64,63|7,64|7,14|7,75|99,38|3,54|32,1|33,9|16,55|75,2|2,66|14,16|7,3|1,99|55,87|18,83|54,33|63,18|66,74/7,87=7,14,16,55,87
1,3|76,8|8,92|49,96|49,90|96,40|69,37|66,1|48,69|28,67|41,29|49,66|40,41|49,48|3,82|67,36|36,86|90,76|37,79|49,28/49,92=49,90,76,8,92
98,8|8,26|20,72|72,22|98,74|26,75|98,78|40,27|98,39|2,51|39,20|54,71|51,38|1,54|78,2|74,1|81,40|75,56|27,96|98,81/98,38=98,78,2,51,38
10,85|35,69|95,30|43,6|6,67|17,19|94,17|35,33|85,75|47,94|35,51|69,64|97,59|51,10|30,92|64,97|35,43|33,95|35,47|67,27/35,92=35,33,95,30,92
23,82|4,56|25,54|74,65|54,15|56,86|25,46|85,27|27,74|22,73|45,23|73,96|42,34|25,4|25,40|25,85|86,9|15,42|40,45|46,22/25,9=25,4,56,86,9
35,94|24,51|34,70|14,36|17,78|55,17|67,34|32,48|81,73|28,50|32,67|32,81|32,14|32,55|36,24|70,56|73,28|78,90|5,35|48,5/32,50=32,81,73,28,50
29,80|73,30|41,49|31,78|65,85|11,34|78,5|29,87|85,11|49,82|97,70|87,31|29,13|90,97|29,44|29,65|44,73|80,41|13,90|30,68/29,68=29,44,73,30,68
81,10|8,9|36,77|10,98|75,65|64,26|98,83|81,3|81,56|56,42|3,13|81,75|94,90|13,47|47,11|42,8|81,36|83,14|77,94|65,64/81,90=81,36,77,94,90
43,98|21,49|21,43|21,53|21,42|68,70|95,71|2,67|42,40|21,17|17,2|40,5|98,95|53,19|41,3|19,68|5,74|67,13|3,52|49,41/21,70=21,53,19,68,70
22,82|66,14|27,90|80,22|14,34|55,92|27,38|33,74|81,67|92,62|16,80|27,83|67,72|27,66|90,42|27,16|42,33|34,24|83,81|38,55/27,72=27,83,81,67,72
15,94|44,36|96,18|8,24|18,35|42,10|96,4|96,42|28,89|12,39|96,44|45,79|39,81|4,12|35,45|10,8|96,68|16,15|68,16|36,28/96,81=96,4,12,39,81
1,91|29,21|99,43|7,83|91,37|7,23|20,22|7,66|7,14|14,38|16,95|66,1|42,34|7,42|23,26|73,20|26,99|34,29|83,73|38,16/7,22=7,83,73,20,22
50,72|84,51|47,69|47,7|47,50|73,77|65,71|3,96|51,74|41,3|80,65|96,23|36,37|6,84|47,6|7,80|47,41|69,36|72,73|37,42/47,74=47,6,84,51,74
7,16|52,49|23,37|7,8|63,59|35,85|28,74|95,43|7,93|85,9|93,69|8,35|66,28|7,23|81,63|16,81|69,52|7,64|64,66|37,95/7,43=7,23,37,95,43
91,81|85,78|38,23|70,43|23,85|57,48|27,77|48,37|43,73|47,27|38,70|78,41|37,6|73,8|81,18|38,24|24,47|38,57|18,98|38,91/38,77=38,24,47,27,77
7,13|70,7|38,68|49,66|61,10|68,24|77,46|45,87|55,69|38,65|38,77|46,61|24,48|64,70|87,55|48,72|65,49|38,64|38,45|66,33/38,13=38,64,70,7,13
28,39|0,31|74,5|81,56|54,23|49,54|91,20|32,49|39,60|47,97|14,86|99,91|20,73|0,47|56,14|97,74|0,32|0,99|0,81|31,28/0,23=0,32,49,54,23
84,65|98,57|84,12|12,31|84,92|88,96|4,91|31,70|91,29|70,41|80,50|35,98|50,99|84,64|65,88|84,80|92,35|99,94|96,48|64,4/84,48=84,65,88,96,48
48,65|53,18|31,0|18,70|2,46|48,40|95,73|48,87|48,50|50,2|20,59|78,20|46,83|0,10|73,44|40,53|65,31|48,57|57,95|87,78/48,44=48,57,95,73,44
18,23|72,75|23,38|63,72|63,85|85,48|63,76|53,67|67,52|76,53|59,45|63,94|69,21|63,18|38,10|94,69|21,92|48,3|75,59|3,50/63,45=63,72,75,59,45
76,12|16,73|75,81|40,66|71,76|23,14|23,98|27,52|69,71|45,84|23,16|23,40|89,62|2,89|73,45|39,27|98,39|66,75|14,2|23,69/23,52=23,98,39,27,52
47,57|23,63|36,23|55,47|26,41|53,89|53,85|21,1|51,88|53,73|7,28|88,18|53,62|73,36|89,2|62,55|2,26|53,21|1,7|85,51/53,18=53,85,51,88,18
61,13|66,33|39,55|44,65|78,72|60,61|20,48|72,53|78,66|78,88|78,60|91,44|51,57|53,51|88,91|13,89|48,39|33,11|78,20|11,0/78,89=78,60,61,13,89
3,36|25,98|91,1|71,57|61,20|36,31|57,81|71,92|98,85|22,55|81,91|94,3|71,94|64,61|85,79|92,22|20,2|55,74|71,64|71,25/71,1=71,57,81,91,1
68,99|93,29|20,18|83,82|15,80|91,14|93,30|93,28|61,68|29,19|30,15|99,76|74,71|93,61|80,64|28,91|71,83|93,74|14,53|19,20/93,18=93,29,19,20,18
43,24|55,27|98,10|4,37|27,86|85,58|79,5|14,57|5,4|55,79|95,36|86,43|55,14|57,98|55,81|58,29|55,85|22,95|81,22|29,34/55,24=55,27,86,43,24
43,66|48,57|43,48|98,58|71,49|58,11|90,98|93,68|66,56|43,90|52,80|43,52|88,61|43,47|56,88|36,99|49,62|47,71|57,93|80,36/43,68=43,48,57,93,68
34,44|44,40|22,9|93,85|18,22|38,41|65,47|9,75|29,42|29,78|29,65|78,34|71,56|47,93|29,11|11,38|29,18|41,76|42,71|56,96/29,96=29,42,71,56,96
42,96|70,33|74,18|85,32|34,42|4,85|88,97|71,4|71,25|12,99|99,45|71,52|32,63|18,70|71,74|21,88|97,37|71,21|25,12|52,34/71,96=71,52,34,42,96
41,9|11,41|96,65|90,16|50,0|1,50|0,43|88,70|24,10|43,14|85,11|42,58|65,88|1,32|1,85|1,24|10,42|32,22|22,90|1,96/1,58=1,24,10,42,58
68,5|93,70|72,34|95,65|19,63|63,27|5,49|90,93|98,96|27,75|98,90|98,59|96,89|65,18|59,95|89,72|98,10|70,67|98,19|10,68/98,34=98,96,89,72,34
47,26|84,97|47,9|33,13|64,49|86,27|9,64|27,80|55,19|47,69|91,67|47,44|67,90|47,33|13,84|73,55|49,62|26,73|69,91|44,86/47,19=47,26,73,55,19
92,51|51,50|68,62|46,16|43,41|4,20|49,27|40,66|20,43|62,72|46,64|46,40|21,68|6,56|46,4|56,57|16,92|64,6|46,21|66,49/46,57=46,64,6,56,57
84,65|91,29|84,12|12,31|84,92|88,96|4,70|31,98|70,41|98,57|80,50|35,91|50,99|84,64|65,88|84,80|92,35|99,94|96,48|64,4/84,48=84,65,88,96,48
52,57|41,77|87,64|52,96|51,56|64,80|31,41|17,69|54,88|88,10|52,31|52,17|69,1|1,91|29,51|57,87|56,32|96,54|77,47|52,29/52,10=52,96,54,88,10
96,28|87,96|86,19|25,89|11,35|73,25|89,68|87,85|48,43|87,56|91,22|87,14|85,86|19,27|65,91|14,65|56,53|87,73|53,11|28,48/87,27=87,85,86,19,27
85,87|38,14|80,24|24,96|38,85|8,83|29,26|97,80|38,20|87,0|26,8|0,81|56,21|38,29|21,69|20,56|14,33|28,3|33,28|38,97/38,96=38,97,80,24,96
31,35|31,81|96,26|81,77|35,55|16,4|64,44|4,23|24,19|55,96|38,40|77,59|10,38|62,16|31,64|59,21|44,24|31,36|31,62|36,10/31,23=31,62,16,4,23
74,8|14,7|99,61|7,99|14,25|86,16|9,51|8,79|27,59|25,9|10,74|61,48|14,27|46,86|59,53|53,88|14,57|14,10|57,46|51,78/14,78=14,25,9,51,78
27,18|27,33|60,39|96,60|20,24|21,45|27,86|45,84|24,2|27,21|68,8|40,19|27,44|86,59|18,96|33,68|59,40|8,42|84,29|44,20/27,29=27,21,45,84,29
54,95|13,49|38,75|81,21|70,6|72,43|75,97|81,84|81,70|76,13|81,38|1,40|22,41|6,1|81,72|43,54|97,92|21,76|84,22|41,28/81,28=81,84,22,41,28
54,84|83,96|5,15|28,51|48,46|75,73|54,28|73,44|15,42|46,83|4,5|84,97|54,58|54,4|97,31|51,0|0,3|31,81|54,48|58,75/54,44=54,58,75,73,44
49,84|35,25|22,7|10,97|91,98|85,58|97,85|72,62|16,29|62,11|25,72|7,0|0,66|35,49|35,10|35,6|29,56|35,22|84,91|6,16/35,11=35,25,72,62,11
21,77|22,65|65,27|42,20|14,58|52,4|59,40|57,15|66,59|42,52|42,38|4,21|15,89|42,66|20,57|58,90|42,26|26,22|38,14|40,44/42,77=42,52,4,21,77
58,45|25,53|43,48|21,46|23,78|62,49|53,92|92,76|66,62|49,57|32,14|66,58|57,31|45,43|66,25|66,23|66,65|65,32|78,21|14,36/66,46=66,23,78,21,46
1,54|21,13|96,90|62,12|49,43|65,17|54,97|66,62|43,21|29,88|88,36|29,92|29,28|46,1|29,49|92,96|29,46|36,65|28,66|90,39/29,39=29,92,96,90,39
84,22|15,62|4,40|26,59|26,76|26,23|34,15|18,34|16,7|38,4|8,16|22,82|98,84|26,98|52,11|23,38|59,8|26,18|80,52|76,80/26,82=26,98,84,22,82
69,65|64,14|84,32|88,22|29,68|3,52|52,72|42,88|58,8|32,64|84,3|72,37|22,49|84,82|14,45|84,69|82,98|65,58|84,42|98,29/84,37=84,3,52,72,37
22,26|74,44|44,70|22,13|51,98|65,31|61,40|98,61|31,82|95,4|22,65|48,95|71,28|36,71|13,74|22,51|26,48|22,69|69,36|82,67/22,28=22,69,36,71,28
53,90|54,46|90,98|22,86|54,68|48,22|12,42|95,60|68,12|54,20|54,0|6,95|42,75|54,53|69,9|21,69|98,55|0,6|20,48|46,21/54,60=54,0,6,95,60
22,90|0,55|9,98|0,49|56,70|70,73|49,92|0,18|11,24|5,11|55,9|73,17|92,22|23,61|61,7|18,5|93,23|0,56|0,93|98,86/0,17=0,56,70,73,17
88,23|72,60|50,72|88,21|74,58|12,62|69,92|51,69|21,51|88,12|35,85|88,66|62,4|88,89|6,35|23,53|66,50|53,74|4,83|89,6/88,92=88,21,51,69,92
20,22|4,72|37,32|60,80|20,4|64,7|22,28|20,24|19,96|20,94|72,75|24,37|28,19|94,78|48,55|32,18|7,48|20,64|75,62|78,60/20,96=20,22,28,19,96
70,90|76,14|70,30|98,12|10,6|87,89|70,76|70,58|58,16|12,74|89,54|92,99|30,87|70,20|20,69|16,10|90,98|38,57|14,38|69,92/70,99=70,20,69,92,99
6,85|49,61|34,16|5,95|91,22|0,91|34,80|34,53|95,84|34,55|85,9|1,49|16,6|55,5|53,4|34,88|88,0|46,90|80,1|4,46/34,90=34,53,4,46,90
89,45|23,75|79,84|13,65|1,38|45,40|89,13|75,64|40,86|63,1|84,17|89,51|89,79|86,98|17,36|24,49|65,24|88,23|89,88|51,63/89,64=89,88,23,75,64
67,60|25,39|0,37|87,55|59,25|78,87|48,78|44,19|12,17|19,5|17,98|30,53|30,22|60,0|53,12|30,96|96,59|30,67|22,44|30,48/30,5=30,22,44,19,5
35,66|18,31|37,18|87,44|31,47|37,81|14,35|37,87|57,56|37,16|93,96|81,67|47,29|67,57|36,14|44,3|37,36|3,50|16,68|68,93/37,56=37,81,67,57,56
1,40|94,61|41,67|84,94|19,49|85,15|29,71|71,91|43,84|19,93|19,29|28,1|19,28|67,36|19,43|49,41|15,31|40,70|91,39|93,85/19,70=19,28,1,40,70
30,31|65,40|63,4|18,30|32,71|23,63|65,85|65,88|24,18|29,17|65,24|85,60|40,32|65,97|97,73|73,29|88,23|71,47|60,3|3,42/65,42=65,85,60,3,42
68,37|70,69|51,14|40,6|37,47|83,70|73,99|94,23|18,94|71,73|65,51|46,71|14,90|23,15|40,83|69,38|40,18|40,46|40,65|6,68/40,15=40,18,94,23,15
91,96|8,65|20,46|73,21|31,18|95,16|91,37|91,84|84,95|37,17|21,1|65,31|1,59|91,8|68,74|16,44|96,60|91,73|60,68|17,20/91,74=91,96,60,68,74
95,52|68,3|98,24|78,49|48,68|24,72|9,63|56,78|72,89|12,85|63,56|9,6|99,18|9,48|9,99|3,34|85,8|18,95|6,12|9,98/9,34=9,48,68,3,34
18,46|54,65|60,85|18,45|45,60|74,26|46,82|86,12|20,36|36,28|85,5|95,69|18,74|18,20|96,94|82,95|18,54|65,86|28,48|26,96/18,48=18,20,36,28,48
41,39|41,43|91,80|2,49|43,21|21,66|39,63|41,71|49,79|79,84|24,22|71,96|63,59|66,57|41,38|59,56|38,83|83,24|96,91|41,2/41,57=41,43,21,66,57
59,95|62,55|61,27|17,97|57,79|28,57|33,61|97,34|62,28|62,17|62,91|55,65|27,19|62,33|98,83|34,92|95,80|79,51|91,59|65,98/62,92=62,17,97,34,92
58,59|4,96|34,58|33,11|44,50|99,57|57,67|4,79|9,39|59,69|4,34|24,44|4,24|37,99|96,36|50,75|43,33|36,9|79,43|4,37/4,69=4,34,58,59,69
67,85|89,72|30,48|32,63|69,42|30,32|65,46|30,71|13,39|71,65|42,40|30,5|30,57|57,64|46,22|64,89|48,69|92,13|63,67|5,92/30,22=30,71,65,46,22
50,30|7,52|33,74|1,85|6,45|44,88|11,7|6,33|26,36|82,78|78,50|89,79|6,26|6,82|91,11|45,87|36,44|87,89|6,91|74,1/6,85=6,33,74,1,85
26,32|17,57|16,55|96,80|95,14|44,96|13,89|1,13|16,12|21,36|52,44|55,93|30,17|36,95|16,52|16,1|89,60|93,26|12,30|16,21/16,14=16,21,36,95,14
46,84|96,83|53,74|79,58|35,46|96,57|48,73|13,48|9,94|94,16|96,20|60,79|20,60|84,71|3,9|57,56|96,35|83,13|56,53|96,3/96,74=96,57,56,53,74
55,80|87,47|14,46|38,35|1,43|35,55|14,67|47,89|0,50|67,81|14,5|5,87|14,38|23,49|14,1|33,51|43,33|46,12|12,0|81,23/14,50=14,46,12,0,50
68,81|80,40|9,79|32,92|48,57|99,33|59,83|32,56|11,96|32,59|17,82|98,9|56,99|83,80|32,68|33,65|32,17|82,11|92,98|81,48/32,40=32,59,83,80,40
13,30|93,66|46,71|53,24|20,15|48,20|52,3|13,14|30,52|3,27|44,60|76,46|14,76|13,53|15,84|13,48|13,44|60,93|74,45|24,74/13,84=13,48,20,15,84
54,63|4,89|15,68|85,38|68,12|62,41|42,48|42,61|42,67|89,6|63,35|12,80|42,15|48,85|38,88|42,92|92,4|61,30|67,54|30,62/42,35=42,67,54,63,35
95,81|68,54|95,96|4,11|57,42|66,31|96,22|81,76|17,7|76,66|42,17|95,68|45,4|22,18|92,59|18,67|95,45|54,92|95,57|11,91/95,31=95,81,76,66,31
47,67|40,29|75,47|65,51|32,63|40,82|51,91|41,79|76,32|40,90|91,92|40,76|88,56|63,20|57,41|56,95|40,65|90,75|82,57|29,88/40,20=40,76,32,63,20
83,35|74,5|82,50|33,31|74,33|50,58|52,36|74,77|34,52|58,28|31,53|0,83|77,45|17,0|55,7|74,17|5,34|45,55|53,27|74,82/74,27=74,33,31,53,27
69,70|45,63|17,38|60,56|62,16|62,25|62,2|70,10|63,17|56,78|2,60|62,90|25,69|97,33|33,32|62,45|75,79|16,97|96,75|90,96/62,32=62,16,97,33,32
62,87|45,90|96,43|46,83|60,81|83,92|43,7|62,63|92,72|62,89|93,45|63,93|68,54|73,60|62,73|89,96|62,46|87,17|81,5|17,68/62,90=62,63,93,45,90
34,9|9,75|22,93|44,40|18,22|38,41|65,47|93,85|29,42|29,78|29,65|78,34|71,56|47,44|29,11|11,38|29,18|41,76|42,71|56,96/29,96=29,42,71,56,96
74,35|29,5|86,6|29,30|82,41|55,49|81,86|29,55|59,21|5,81|49,12|12,88|34,2|29,74|35,34|33,59|43,82|29,33|30,43|21,89/29,2=29,74,35,34,2
66,54|7,77|45,10|34,28|90,81|54,19|6,90|45,66|10,23|19,16|23,72|45,34|97,96|28,7|67,40|81,12|40,97|45,6|45,67|72,82/45,77=45,34,28,7,77
33,47|55,35|15,3|96,36|15,92|47,44|7,48|70,76|36,5|15,59|15,89|93,96|15,93|24,7|89,17|59,33|92,97|97,70|17,55|3,24/15,48=15,3,24,7,48
87,14|73,22|76,4|69,73|4,91|55,13|91,55|85,86|76,77|6,87|76,69|86,41|76,40|40,80|22,12|76,57|77,85|80,47|47,48|57,6/76,14=76,57,6,87,14
68,83|79,59|61,33|33,77|95,41|79,25|0,11|63,68|41,93|79,82|77,9|81,26|59,29|25,63|79,40|82,95|79,61|26,85|29,0|40,81/79,85=79,40,81,26,85
5,4|58,56|39,85|8,10|24,5|39,0|64,54|54,52|39,29|10,33|13,81|29,64|21,8|0,13|39,21|56,25|85,24|39,58|25,49|81,90/39,90=39,0,13,81,90
92,85|40,29|90,44|10,57|10,4|19,98|12,90|87,27|10,40|57,11|11,3|3,2|79,58|56,87|10,12|10,79|29,19|58,92|4,56|44,86/10,2=10,57,11,3,2
21,98|70,5|52,0|68,81|17,73|32,65|80,97|26,32|98,54|7,21|47,91|26,80|65,70|81,64|97,52|26,7|61,68|26,61|26,47|91,17/26,0=26,80,97,52,0
57,0|8,83|27,15|62,93|0,6|35,62|76,35|65,71|6,4|76,57|88,80|81,28|15,65|93,78|76,27|80,52|52,13|28,8|76,88|76,81/76,13=76,88,80,52,13
25,35|71,5|46,25|68,4|68,71|68,3|68,82|79,46|4,58|39,96|65,66|5,37|66,86|97,26|82,39|37,17|58,97|96,98|68,79|3,65/68,35=68,79,46,25,35
43,36|32,43|67,48|38,1|39,85|38,39|85,15|36,23|38,67|1,14|15,27|48,22|73,25|38,73|22,17|20,58|31,6|14,31|38,32|25,20/38,17=38,67,48,22,17
54,75|32,39|34,72|89,57|71,34|3,0|72,38|82,37|32,35|87,41|41,1|32,82|99,89|35,5|37,3|39,87|83,99|32,71|32,83|5,54/32,75=32,35,5,54,75
59,91|72,81|31,66|46,22|9,72|31,33|33,9|35,71|3,61|62,5|31,46|43,1|66,3|31,88|88,35|1,59|71,10|31,43|61,29|22,62/31,91=31,43,1,59,91
26,96|47,79|69,89|79,28|91,49|60,44|99,69|13,47|43,4|4,21|25,24|26,90|49,25|26,91|17,60|90,17|26,43|26,13|96,99|21,10/26,24=26,91,49,25,24
73,3|13,73|22,59|71,65|13,98|98,44|16,9|99,22|13,71|66,46|35,99|46,11|61,21|13,35|32,66|38,62|44,61|65,16|13,32|3,38/13,11=13,32,66,46,11
98,39|98,52|98,80|53,17|98,72|5,81|43,92|44,83|52,53|80,44|17,76|90,11|98,43|83,46|39,15|20,5|34,62|15,90|92,34|72,20/98,81=98,72,20,5,81
15,73|68,83|75,31|27,74|31,72|44,84|75,8|84,27|49,65|73,90|75,44|8,68|75,71|65,87|90,19|76,94|72,76|71,49|83,18|75,15/75,18=75,8,68,83,18
74,90|76,12|10,63|27,65|10,31|46,71|55,26|75,49|49,91|19,94|64,74|31,8|12,19|10,64|10,76|65,46|8,55|90,36|63,75|10,27/10,71=10,27,65,46,71
99,20|68,66|96,38|42,25|80,15|45,21|6,85|25,45|56,6|96,94|24,31|94,83|83,24|96,56|15,53|20,68|38,80|96,99|85,95|96,42/96,66=96,99,20,68,66
93,35|56,34|18,86|34,50|40,6|22,40|80,17|17,49|52,19|93,66|93,80|66,84|93,20|20,65|93,63|35,22|63,56|49,94|65,18|84,52/93,19=93,66,84,52,19
31,81|54,91|91,30|73,33|78,60|75,52|58,20|81,92|20,78|13,85|31,70|98,75|23,13|31,24|24,23|31,77|31,58|77,54|70,98|92,73/31,52=31,70,98,75,52
73,68|34,21|72,41|34,25|54,88|6,4|41,92|96,87|92,19|98,70|87,94|13,73|21,96|88,6|34,22|22,13|25,98|70,93|34,54|34,72/34,68=34,22,13,73,68
28,19|19,82|11,26|12,62|48,95|58,6|97,55|86,77|55,11|1,97|1,58|1,75|6,56|77,12|95,22|22,32|1,86|1,48|75,28|56,29/1,82=1,75,28,19,82
0,97|40,49|55,27|22,74|97,40|66,80|80,26|83,55|85,21|66,0|16,4|69,16|27,90|91,35|4,94|66,83|66,91|35,85|66,69|26,22/66,90=66,83,55,27,90
5,59|61,87|5,98|59,89|5,13|63,75|47,90|89,93|75,77|13,61|12,57|90,4|10,12|87,85|26,63|57,42|93,23|98,47|5,10|5,26/5,4=5,98,47,90,4
17,32|85,26|82,8|91,0|0,24|94,51|87,43|14,97|33,14|37,91|15,69|58,87|58,37|58,94|58,82|98,33|58,98|51,17|43,15|8,85/58,26=58,82,8,85,26
53,82|63,60|9,43|51,77|60,53|85,35|33,81|32,83|51,63|65,9|35,61|51,32|56,69|51,50|43,46|50,85|83,56|77,33|81,10|51,65/51,82=51,63,60,53,82
58,79|49,89|11,31|61,11|60,82|61,54|51,21|31,49|54,38|61,65|61,75|75,66|66,58|65,18|61,96|96,19|19,41|38,60|18,51|41,0/61,89=61,11,31,49,89
9,14|64,25|62,63|14,35|43,92|38,85|25,62|40,12|40,68|40,24|99,18|68,9|12,49|40,52|18,8|40,64|52,83|83,43|49,38|24,99/40,92=40,52,83,43,92
58,92|78,75|14,76|28,78|31,28|91,59|12,48|17,65|10,12|59,13|27,58|64,10|14,31|43,17|76,27|86,91|14,33|14,64|33,43|14,86/14,65=14,33,43,17,65
19,37|48,2|71,76|37,63|96,51|69,99|63,1|99,67|94,22|19,69|83,58|22,71|67,42|20,10|19,96|1,11|58,20|51,48|19,83|19,94/19,11=19,37,63,1,11
69,12|87,39|17,36|17,34|57,31|17,16|36,98|97,57|34,48|17,86|86,44|0,18|45,64|31,14|17,97|16,0|18,24|48,87|44,69|98,45/17,12=17,86,44,69,12
93,37|92,59|91,75|59,0|93,31|31,95|39,81|93,34|64,30|29,92|30,67|81,76|93,29|84,39|22,62|95,91|38,22|34,64|93,84|37,38/93,0=93,29,92,59,0
83,68|17,84|4,83|17,9|9,82|49,18|17,30|14,63|47,86|84,1|80,56|30,7|17,80|82,47|7,88|88,42|56,14|1,49|17,4|68,20/17,63=17,80,56,14,63
99,48|17,42|70,10|67,17|99,80|89,3|5,0|99,25|53,69|3,38|99,53|99,70|10,39|39,60|97,33|69,97|0,20|80,89|48,5|25,67/99,20=99,48,5,0,20
27,71|28,88|88,96|27,28|27,99|25,8|20,44|99,67|10,78|31,10|71,20|44,39|96,3|78,47|74,32|27,31|5,74|32,15|67,25|27,5/27,15=27,5,74,32,15
56,8|95,67|59,78|2,53|62,6|58,69|67,75|84,49|2,59|6,92|30,58|2,15|81,33|49,56|94,30|78,81|53,62|2,94|2,84|15,95/2,33=2,59,78,81,33
90,6|47,9|31,78|31,98|1,14|0,57|6,71|31,0|98,47|31,61|92,1|74,54|31,92|14,49|61,90|23,89|78,74|57,23|9,22|54,40/31,22=31,98,47,9,22
20,22|4,5|98,9|39,29|5,25|9,4|98,23|29,32|98,80|23,39|89,68|83,92|80,24|24,83|68,20|64,65|98,64|98,89|6,67|65,6/98,92=98,80,24,83,92
5,47|10,5|83,12|18,41|87,11|92,55|35,18|83,73|73,87|31,75|12,86|32,92|53,32|83,79|83,53|83,33|11,48|33,35|79,10|86,31/83,55=83,53,32,92,55
3,34|86,51|90,50|3,48|61,53|71,13|48,8|79,69|13,76|7,31|51,61|25,71|3,25|49,7|3,90|8,79|3,86|34,49|10,84|50,10/3,84=3,90,50,10,84
3,43|37,17|37,59|0,80|88,2|43,85|25,19|13,25|39,0|58,88|61,3|47,39|17,13|37,58|59,54|54,53|53,93|37,61|37,47|2,62/37,19=37,17,13,25,19
55,46|88,89|80,4|80,66|80,88|80,53|21,31|30,55|53,24|18,68|80,18|90,20|24,37|96,90|60,25|68,60|89,21|37,12|66,96|4,30/80,12=80,53,24,37,12
49,75|35,88|11,49|10,28|90,34|35,57|15,77|35,26|35,25|54,10|34,3|26,74|38,81|57,15|74,38|25,54|35,90|88,11|77,33|3,36/35,28=35,25,54,10,28
63,76|12,78|3,92|43,13|63,28|72,21|38,5|56,35|5,70|70,34|76,12|63,38|77,37|28,88|21,56|88,3|78,20|63,77|37,43|63,72/63,35=63,72,21,56,35
63,82|74,38|19,70|70,65|50,28|28,59|74,97|74,84|83,63|10,78|84,55|99,81|26,83|38,19|74,26|81,10|74,99|60,30|97,50|55,60/74,65=74,38,19,70,65
87,48|24,95|53,9|40,89|40,53|57,58|95,85|22,41|62,22|9,72|72,33|40,64|63,87|48,98|40,63|64,3|89,24|81,62|40,81|3,57/40,98=40,63,87,48,98
33,54|89,56|39,16|47,63|56,13|58,43|54,19|47,3|47,58|43,30|97,33|35,94|16,23|30,40|3,39|25,89|47,25|47,97|76,35|63,76/47,94=47,63,76,35,94
58,38|77,33|67,58|38,86|86,40|49,53|99,95|26,22|67,14|14,31|67,99|67,44|67,49|41,6|95,42|53,41|42,9|18,26|44,18|31,77/67,22=67,44,18,26,22
83,70|66,27|63,36|6,83|36,82|98,91|27,50|38,21|70,24|38,6|38,26|21,63|26,66|69,10|38,80|91,28|80,2|19,98|2,69|38,19/38,24=38,6,83,70,24
47,75|74,47|20,83|99,91|69,30|63,74|21,57|83,43|21,80|98,84|21,99|80,20|49,52|52,69|91,2|2,97|21,49|87,98|21,63|57,87/21,43=21,80,20,83,43
80,73|79,96|79,75|79,35|42,48|17,65|87,66|35,25|96,13|79,17|67,6|79,60|65,67|84,74|13,80|75,42|48,71|25,84|60,51|51,87/79,6=79,17,65,67,6
51,86|54,12|47,51|17,54|71,99|82,47|24,11|20,31|46,3|20,82|31,17|20,71|95,68|42,6|50,46|99,42|11,95|98,50|20,98|20,24/20,6=20,71,99,42,6
5,39|54,37|84,73|98,74|6,60|69,6|89,5|69,86|12,83|86,97|48,89|93,12|97,82|60,98|69,54|69,48|69,71|71,93|37,84|82,32/69,73=69,54,37,84,73
79,65|66,35|33,76|69,23|14,5|78,74|74,37|76,51|23,78|51,29|53,79|18,50|69,18|8,14|57,53|5,98|69,33|69,8|69,57|50,66/69,29=69,33,76,51,29
9,14|99,30|34,81|57,39|30,62|87,53|57,45|24,98|53,83|57,77|31,34|39,99|57,12|77,31|45,24|98,71|57,86|12,87|14,55|86,9/57,62=57,39,99,30,62
75,91|37,58|58,47|76,90|47,78|52,33|64,75|64,37|24,29|90,10|10,3|41,46|97,89|63,97|64,7|33,24|64,76|7,63|91,41|64,52/64,46=64,75,91,41,46
36,68|60,9|60,71|9,70|61,52|10,57|49,61|20,4|57,36|60,6|11,65|6,49|71,20|17,69|18,63|60,11|4,30|65,18|60,10|70,17/60,30=60,71,20,4,30
93,3|91,9|4,65|0,79|51,99|91,53|29,69|53,32|86,47|91,90|11,93|32,4|9,29|69,48|91,95|95,11|90,41|91,51|99,0|41,86/91,3=91,95,11,93,3
46,43|7,10|17,40|53,84|99,46|45,32|84,26|40,12|43,56|39,73|4,45|39,4|73,53|32,69|39,75|39,29|29,17|10,72|75,7|39,99/39,12=39,29,17,40,12
94,64|94,84|48,93|65,74|98,65|94,10|84,33|64,22|63,98|39,70|70,25|34,41|91,39|94,91|33,48|10,34|79,69|41,19|22,79|94,63/94,74=94,63,98,65,74
74,73|66,36|16,79|11,75|66,74|10,31|79,70|66,32|31,57|64,11|23,39|76,23|73,51|30,64|66,45|66,30|32,76|36,16|51,56|45,10/66,75=66,30,64,11,75
38,58|68,63|58,47|80,50|99,48|48,90|98,40|7,80|57,7|63,71|47,93|38,68|38,99|38,57|90,31|71,81|93,24|79,20|38,98|40,79/38,20=38,98,40,79,20
11,68|35,89|93,60|0,32|86,35|27,24|46,11|0,86|4,93|0,94|0,27|37,30|94,4|99,84|84,38|68,77|32,99|0,46|24,37|89,63/0,63=0,86,35,89,63
20,22|4,6|98,9|39,5|6,67|9,4|98,23|5,25|98,80|23,39|89,68|83,92|80,24|24,83|68,20|64,65|98,64|98,89|29,32|65,29/98,92=98,80,24,83,92
3,70|26,34|89,32|60,88|44,60|77,3|34,44|47,13|69,15|15,7|7,71|82,77|36,48|48,33|33,31|32,47|26,82|26,36|26,89|26,69/26,70=26,82,77,3,70
51,66|42,76|11,48|51,87|45,63|48,42|75,52|63,85|51,86|28,59|87,79|90,50|50,95|51,45|13,28|51,11|85,26|66,13|86,90|79,75/51,95=51,86,90,50,95
35,44|16,35|81,52|2,33|65,36|2,22|27,13|2,81|62,89|70,25|3,62|21,27|52,1|22,3|2,65|44,38|36,70|2,16|1,83|33,21/2,38=2,16,35,44,38
86,59|67,63|68,21|8,55|18,12|74,94|21,53|15,23|55,78|15,86|15,66|66,68|63,4|15,67|59,74|12,84|4,83|15,47|47,18|23,8/15,53=15,66,68,21,53
48,24|12,54|56,12|56,86|72,13|28,1|54,10|56,28|56,22|13,26|75,65|22,72|1,75|10,44|81,39|39,48|56,81|71,69|86,90|90,71/56,24=56,81,39,48,24
9,18|87,22|87,50|82,30|5,11|50,44|87,84|87,15|15,3|18,53|1,93|89,78|84,90|90,52|44,1|30,89|87,82|3,5|22,9|52,70/87,11=87,15,3,5,11
93,35|56,49|34,50|49,94|40,6|22,40|80,17|17,18|52,19|93,66|93,80|66,84|93,20|20,65|93,63|35,22|63,56|18,86|65,34|84,52/93,19=93,66,84,52,19
86,0|43,65|62,14|43,31|61,5|43,62|17,56|71,96|12,69|85,71|8,13|43,61|31,46|65,86|39,85|14,8|46,17|43,39|5,12|0,63/43,13=43,62,14,8,13
58,45|25,53|43,48|21,46|23,78|62,49|53,57|57,31|66,62|49,14|32,92|66,58|14,36|45,43|66,25|66,23|66,65|65,32|78,21|92,76/66,46=66,23,78,21,46
7,1|85,75|0,94|17,86|7,69|75,78|7,46|19,25|1,60|69,85|32,17|12,44|46,23|7,53|23,12|7,0|66,79|53,32|94,66|60,19/7,78=7,69,85,75,78
83,70|66,91|63,36|6,83|36,82|98,69|91,28|38,21|70,24|38,6|38,26|21,63|26,66|27,50|38,80|69,10|80,2|19,98|2,27|38,19/38,24=38,6,83,70,24
93,0|83,33|1,49|87,45|9,21|36,83|77,1|87,51|87,88|87,86|21,60|88,36|86,46|89,9|46,90|20,93|87,89|51,20|90,53|45,77/87,53=87,86,46,90,53
30,14|45,65|32,41|94,24|19,30|61,23|62,95|14,57|54,59|13,62|13,7|24,54|41,22|13,94|95,45|99,61|7,99|40,32|13,19|13,40/13,22=13,40,32,41,22
40,19|62,2|63,80|40,28|60,9|40,62|20,97|4,86|90,91|15,20|28,15|80,75|75,68|40,63|83,4|2,36|9,90|40,60|19,83|36,14/40,14=40,62,2,36,14
29,45|61,23|23,8|99,69|61,99|22,62|25,19|19,89|74,22|28,10|62,24|61,42|61,29|51,83|69,68|45,51|68,33|42,25|8,28|61,74/61,10=61,23,8,28,10
86,97|28,47|5,90|75,50|95,89|74,75|95,28|95,70|39,86|71,44|60,84|95,6|6,5|90,27|44,46|47,60|95,39|89,74|70,71|97,45/95,50=95,89,74,75,50
6,80|72,21|6,34|54,45|80,28|17,20|86,72|45,8|6,42|57,17|2,12|12,43|21,33|76,68|61,54|6,61|6,86|28,76|34,57|42,2/6,20=6,34,57,17,20
53,31|53,10|98,14|78,76|56,37|97,17|22,6|63,69|10,85|14,22|53,63|53,98|85,95|53,97|3,39|17,56|31,78|95,32|69,3|76,23/53,32=53,10,85,95,32
30,85|38,34|47,51|38,47|39,40|37,46|40,89|38,99|6,2|38,72|94,6|85,29|45,41|34,30|38,94|51,37|99,45|72,39|41,11|2,61/38,61=38,94,6,2,61
82,62|59,79|36,43|62,9|79,65|82,20|56,76|23,45|9,56|37,84|75,23|82,59|82,75|45,15|73,36|84,0|82,4|4,37|65,68|20,73/82,43=82,20,73,36,43
19,32|30,50|19,24|19,72|19,90|44,91|53,81|72,17|24,96|17,43|64,65|90,64|65,87|36,53|32,36|73,30|19,73|50,51|96,44|43,79/19,79=19,72,17,43,79
65,79|24,54|42,96|54,60|6,24|37,5|42,65|42,6|98,71|42,18|96,89|42,46|79,98|18,95|33,43|95,33|36,88|89,36|46,76|76,37/42,71=42,65,79,98,71
79,28|79,17|27,20|11,42|79,10|78,27|79,53|7,46|17,41|86,83|53,11|95,7|83,31|41,99|42,12|10,78|99,60|31,94|79,86|28,95/79,46=79,28,95,7,46
91,7|19,70|20,27|73,55|82,68|9,75|46,56|68,46|0,84|66,73|47,61|61,90|75,47|9,82|84,91|9,36|9,0|36,66|9,20|27,19/9,55=9,36,66,73,55
22,31|60,80|21,60|76,57|39,22|39,50|57,25|81,79|68,93|80,63|66,14|39,73|44,68|31,81|50,76|73,66|39,21|39,44|93,6|14,53/39,25=39,50,76,57,25
51,59|7,52|5,7|33,51|45,14|19,71|71,96|64,33|95,64|13,45|95,82|35,13|6,70|89,6|43,89|96,81|82,5|95,43|95,19|95,35/95,59=95,64,33,51,59
93,13|45,95|93,89|99,17|58,81|60,9|17,22|93,47|81,91|43,42|47,99|85,43|95,80|52,60|13,58|42,26|93,85|89,45|93,52|9,7/93,26=93,85,43,42,26
91,66|46,15|54,46|19,7|82,55|90,31|9,81|15,49|54,91|66,19|49,50|29,22|69,1|1,29|55,9|31,34|54,82|54,90|34,20|54,69/54,20=54,90,31,34,20
81,43|64,40|95,69|28,98|35,64|92,78|92,94|92,8|78,11|51,80|92,90|11,38|89,51|69,25|8,95|38,88|92,81|90,35|43,28|94,89/92,40=92,90,35,64,40
16,48|86,17|95,13|2,27|16,73|40,23|85,44|16,35|10,2|13,93|35,10|50,86|73,95|44,63|60,50|7,28|16,60|23,7|16,40|48,85/16,93=16,73,95,13,93
51,28|52,99|28,29|13,31|50,34|67,73|68,54|30,50|31,68|67,13|67,51|33,47|73,33|70,52|47,76|29,17|34,92|62,70|67,30|67,62/67,76=67,73,33,47,76
17,56|72,52|92,39|1,74|56,78|51,89|77,3|48,57|1,17|52,29|1,79|78,49|1,51|74,72|39,90|67,77|7,67|89,48|1,7|79,92/1,49=1,17,56,78,49
28,19|19,82|12,62|56,29|48,95|58,6|97,55|86,77|55,12|1,97|1,58|1,75|6,11|77,56|95,22|22,32|1,86|1,48|75,28|11,26/1,82=1,75,28,19,82
26,81|13,18|81,25|52,83|37,21|26,44|24,34|50,22|22,52|57,37|25,76|26,50|98,57|76,43|79,13|32,79|44,12|26,98|12,24|26,32/26,18=26,32,79,13,18
27,73|92,55|68,95|78,77|24,27|68,47|47,78|28,56|95,44|8,31|61,28|44,74|18,24|68,18|68,8|68,61|56,81|74,25|77,10|31,92/68,73=68,18,24,27,73
28,42|46,28|84,7|79,6|6,61|89,36|88,47|46,18|42,38|46,89|61,60|38,95|46,79|36,9|15,88|46,4|7,96|9,32|18,15|4,84/46,47=46,18,15,88,47
20,13|37,29|37,15|29,81|13,62|58,82|75,54|0,20|82,49|96,69|81,3|89,75|69,93|49,28|37,0|3,34|15,89|37,55|37,58|55,96/37,28=37,58,82,49,28
45,69|67,88|45,58|45,67|45,17|2,5|24,74|19,77|45,63|69,59|59,66|63,76|88,2|86,97|97,32|66,73|77,38|58,19|17,86|76,24/45,74=45,63,76,24,74
61,1|82,13|87,32|13,95|87,82|24,22|1,31|28,93|26,72|31,30|87,28|87,61|44,90|87,62|34,44|95,36|32,24|62,34|93,26|22,4/87,4=87,32,24,22,4
30,49|19,84|99,25|40,11|17,81|36,54|85,12|94,99|55,17|40,61|40,85|40,30|11,55|12,59|20,19|59,2|40,45|61,94|49,36|45,20/40,2=40,85,12,59,2
6,80|72,76|6,34|54,45|80,28|17,20|86,72|45,8|6,42|57,17|2,21|21,33|76,68|12,43|61,54|6,61|6,86|28,12|34,57|42,2/6,20=6,34,57,17,20
24,76|68,4|67,18|16,75|8,91|19,8|18,62|91,68|10,22|19,34|19,10|77,58|19,67|37,24|39,37|58,50|19,39|62,45|34,77|22,16/19,45=19,67,18,62,45
50,29|73,67|81,49|81,45|95,73|72,76|20,53|56,1|9,22|45,95|81,47|19,56|81,88|49,50|47,19|53,9|76,61|81,20|29,2|88,72/81,22=81,20,53,9,22
6,63|55,96|63,92|6,54|43,27|95,26|96,98|54,10|40,95|87,31|12,50|93,30|98,57|6,93|92,87|6,40|30,12|6,55|10,43|26,84/6,31=6,63,92,87,31
17,93|30,6|12,83|18,91|4,39|86,32|18,30|34,75|65,15|75,86|18,64|6,62|62,99|18,34|91,17|63,12|15,4|64,63|18,65|93,7/18,32=18,34,75,86,32
66,0|82,28|77,4|58,99|16,44|25,88|96,30|25,58|88,65|99,11|25,35|25,82|25,75|75,96|11,62|44,5|35,16|65,66|30,15|28,77/25,0=25,88,65,66,0
52,35|29,89|93,59|93,16|57,39|23,57|4,55|79,4|80,66|71,52|93,81|66,25|59,80|89,92|93,29|92,87|81,79|16,71|39,38|93,23/93,25=93,59,80,66,25
71,67|37,35|77,96|71,30|28,97|97,12|84,36|67,26|20,31|26,65|30,28|71,84|42,20|71,37|16,63|35,16|71,41|36,77|41,42|65,53/71,96=71,84,36,77,96
25,75|75,69|35,96|87,67|19,7|27,25|32,19|16,45|17,38|72,32|69,11|27,26|67,23|30,16|96,17|4,30|27,35|27,72|27,4|26,87/27,7=27,72,32,19,7
10,34|52,72|49,3|72,81|76,52|64,14|14,73|78,64|10,78|12,49|30,29|29,70|34,61|10,12|89,97|70,82|10,76|3,20|10,30|61,89/10,73=10,78,64,14,73
12,7|62,95|67,5|89,9|22,67|84,62|34,54|9,17|39,94|58,51|7,84|12,68|12,34|12,89|54,39|17,69|12,58|51,88|88,21|68,22/12,95=12,7,84,62,95
98,11|27,97|63,81|66,49|1,72|88,46|27,88|97,65|72,66|85,9|76,63|38,87|27,1|87,54|27,37|37,38|46,98|71,76|27,71|65,85/27,49=27,1,72,66,49
52,6|30,57|47,72|96,38|99,73|6,10|38,69|47,30|57,95|18,2|47,71|72,99|73,7|3,52|71,18|47,40|95,36|47,3|2,64|40,96/47,10=47,3,52,6,10
85,47|65,91|37,41|9,94|28,3|94,85|41,59|9,65|88,28|9,74|30,75|74,13|13,30|91,36|59,20|36,16|9,37|47,79|3,32|9,88/9,20=9,37,41,59,20
81,87|43,22|50,47|9,14|37,96|20,95|68,50|8,54|5,68|39,43|81,24|54,93|81,37|81,5|24,39|81,9|46,32|87,8|14,20|96,46/81,32=81,37,96,46,32
13,45|96,32|72,28|13,74|5,99|74,77|34,52|6,72|1,85|86,5|39,57|23,61|13,96|77,39|44,6|45,86|13,44|13,34|32,1|52,23/13,28=13,44,6,72,28
43,99|42,82|55,70|86,55|42,86|82,53|7,76|33,62|42,51|53,66|66,64|42,35|76,87|62,12|99,96|12,22|51,7|70,31|42,33|35,43/42,96=42,35,43,99,96
94,13|22,4|13,66|54,48|26,50|12,1|60,51|22,54|85,45|22,12|22,74|41,87|51,37|22,56|4,94|74,85|45,18|1,26|56,60|48,41/22,87=22,54,48,41,87
1,39|22,82|3,17|1,94|88,22|39,64|17,75|75,47|1,3|77,93|78,52|6,88|1,6|52,33|94,72|70,97|36,78|64,70|1,36|72,77/1,33=1,36,78,52,33
6,38|31,60|33,50|6,92|27,51|66,57|0,54|6,48|57,63|64,33|63,3|6,0|54,21|21,45|48,64|6,66|46,31|92,53|53,27|38,46/6,3=6,66,57,63,3
22,33|17,30|73,23|46,27|18,95|76,22|75,66|51,76|30,53|61,64|53,82|18,46|18,75|18,51|66,73|16,8|8,2|27,61|18,17|95,16/18,64=18,46,27,61,64
9,14|64,25|38,85|14,35|43,92|18,8|25,38|40,12|40,68|40,24|99,62|68,9|12,49|40,52|62,63|40,64|52,83|83,43|49,18|24,99/40,92=40,52,83,43,92
5,14|75,18|87,3|18,46|64,19|5,56|27,76|46,73|44,99|5,75|56,64|29,69|14,23|99,27|2,29|23,87|19,8|31,2|5,31|5,44/5,76=5,44,99,27,76
93,3|79,47|29,79|35,29|26,54|80,5|35,74|74,42|30,83|35,4|35,80|35,93|5,6|47,32|42,30|4,2|2,10|10,49|3,26|6,19/35,49=35,4,2,10,49
4,85|47,99|86,13|14,60|30,59|95,24|26,2|2,46|5,26|24,10|58,6|60,47|95,5|10,58|95,14|13,30|0,4|95,86|79,0|95,79/95,6=95,24,10,58,6
77,68|92,62|48,80|59,33|10,59|76,77|49,47|80,41|48,2|17,20|48,8|41,49|8,79|48,76|79,92|68,78|91,17|94,10|48,94|2,91/48,47=48,80,41,49,47
28,12|19,56|12,11|8,73|29,28|65,19|48,80|40,79|29,8|73,95|21,90|29,65|29,48|95,59|56,7|42,40|11,54|41,42|80,21|29,41/29,79=29,41,42,40,79
42,16|11,93|15,95|28,41|37,18|53,87|97,74|41,13|49,53|93,37|97,28|13,3|74,42|4,15|16,69|97,72|97,49|72,4|97,11|87,56/97,69=97,74,42,16,69
73,41|25,71|57,84|25,60|83,56|66,67|58,76|18,57|25,73|82,80|25,89|71,58|25,83|11,79|60,98|56,82|89,18|76,87|98,11|41,66/25,87=25,71,58,76,87
63,36|96,2|63,52|59,9|63,51|63,96|68,62|51,47|2,59|54,95|36,5|8,54|95,88|52,56|38,11|32,20|47,32|63,8|5,68|56,38/63,62=63,36,5,68,62
27,83|74,65|39,36|18,74|18,19|18,47|4,78|18,27|96,43|36,40|83,4|19,93|94,96|40,87|90,73|65,35|93,90|35,72|18,39|47,94/18,87=18,39,36,40,87
85,25|85,26|23,22|10,63|85,69|69,75|26,6|6,97|65,68|25,47|63,65|11,4|85,10|17,30|75,11|85,36|47,17|97,86|22,92|36,23/85,30=85,25,47,17,30
37,91|1,6|95,1|38,78|31,60|37,94|25,96|37,34|37,38|78,31|97,67|67,7|94,86|34,25|91,97|96,81|37,88|86,65|65,55|88,95/37,6=37,88,95,1,6
20,14|76,15|20,47|2,83|95,24|36,56|15,99|28,95|20,38|14,36|78,44|91,2|47,76|56,25|20,45|40,78|45,40|83,3|20,91|38,28/20,24=20,38,28,95,24
56,44|76,38|10,84|75,10|46,77|56,32|61,54|32,46|56,9|9,61|44,75|50,45|91,62|68,91|56,68|45,76|62,92|56,50|77,6|54,4/56,92=56,68,91,62,92
31,86|36,76|90,65|88,94|85,81|20,46|2,31|24,45|65,68|25,90|2,20|2,7|7,16|94,85|2,25|2,88|16,24|26,44|86,26|46,36/2,45=2,7,16,24,45
70,92|52,2|77,42|50,51|70,18|70,82|70,76|4,72|70,77|40,4|75,10|74,50|76,26|29,96|94,52|42,75|18,94|92,74|26,29|82,40/70,51=70,92,74,50,51
0,35|61,9|35,52|98,29|11,92|9,74|33,61|92,83|74,15|24,0|4,98|63,4|33,11|83,69|33,22|33,24|70,38|45,70|22,45|33,63/33,38=33,22,45,70,38
52,57|41,64|87,56|52,96|51,77|56,32|31,41|17,69|54,88|88,10|52,31|52,17|69,1|1,91|29,51|57,87|77,47|96,54|64,80|52,29/52,10=52,96,54,88,10
52,79|13,97|13,41|56,93|1,4|6,14|14,63|3,22|68,25|13,52|13,98|98,1|4,60|79,68|13,23|41,6|93,49|22,24|23,3|97,56/13,49=13,97,56,93,49
63,47|40,57|63,53|63,6|56,24|24,72|1,70|47,43|57,1|79,64|6,18|53,56|63,40|44,50|93,98|18,79|4,93|45,4|43,44|63,45/63,64=63,6,18,79,64
43,24|10,78|21,80|82,10|96,30|79,16|15,21|48,36|24,83|15,81|78,17|80,96|36,57|57,7|15,2|22,79|81,43|15,48|2,22|15,82/15,17=15,82,10,78,17
73,12|73,68|70,46|12,38|31,5|51,44|63,39|39,33|14,35|73,14|73,69|5,50|73,31|3,75|38,3|46,82|68,63|35,51|69,70|50,80/73,80=73,31,5,50,80
97,65|82,97|61,10|30,72|65,87|18,55|10,18|33,30|24,83|73,52|24,61|43,70|98,33|76,43|42,73|0,42|24,98|24,82|24,0|83,76/24,70=24,83,76,43,70
29,18|54,85|96,5|11,82|18,33|82,45|45,49|86,96|11,29|11,56|84,54|19,73|77,84|11,77|49,44|11,59|33,3|73,53|59,19|56,86/11,3=11,29,18,33,3
2,39|0,17|41,71|1,96|3,93|6,94|36,6|28,61|61,77|0,66|0,13|0,1|13,12|66,72|96,3|72,2|12,41|0,45|17,28|45,36/0,39=0,66,72,2,39
47,20|33,36|51,30|98,47|73,41|54,98|23,97|84,82|84,54|84,51|12,31|36,80|84,73|84,11|11,92|92,90|30,23|90,68|41,12|82,33/84,80=84,82,33,36,80
8,87|86,18|94,92|27,6|90,27|8,90|59,34|18,59|6,55|88,28|71,9|87,1|8,94|50,71|8,86|8,46|11,62|92,11|46,50|1,88/8,34=8,86,18,59,34
96,8|73,96|8,24|73,98|32,17|34,60|47,39|92,32|60,88|73,91|91,92|24,29|74,94|42,46|73,74|88,43|73,34|94,47|98,42|46,50/73,17=73,91,92,32,17
58,3|95,92|30,12|25,32|92,26|73,95|12,43|98,71|99,37|43,48|79,30|3,47|79,58|32,40|79,25|47,10|37,98|79,99|40,11|79,73/79,48=79,30,12,43,48
46,13|54,48|95,8|84,17|5,85|19,67|67,80|85,46|1,19|86,28|8,52|1,5|1,29|1,76|76,54|17,86|80,78|48,14|1,84|29,95/1,28=1,84,17,86,28
71,50|5,29|8,82|22,8|74,95|1,65|40,74|6,81|50,98|31,5|81,33|29,25|1,6|1,91|91,22|98,34|65,40|1,71|33,2|1,31/1,34=1,71,50,98,34
64,72|73,27|89,41|69,35|37,3|80,57|35,37|22,31|80,17|86,73|12,86|80,12|9,10|17,58|80,64|57,5|80,69|58,89|72,9|5,22/80,27=80,12,86,73,27
70,39|24,80|39,30|70,32|65,57|16,40|70,29|49,12|78,65|40,71|32,24|37,69|58,78|71,74|80,56|13,49|70,58|30,37|29,13|70,16/70,56=70,32,24,80,56
93,3|79,6|29,79|35,29|26,54|80,5|35,74|74,42|47,32|35,4|35,80|35,93|5,30|6,19|42,47|4,2|2,10|10,49|3,26|30,83/35,49=35,4,2,10,49
24,56|87,60|24,10|24,62|52,25|62,20|24,32|24,78|25,2|10,70|27,54|3,12|54,63|32,27|20,87|56,52|15,66|47,15|78,47|70,3/24,63=24,32,27,54,63
25,99|95,60|67,78|98,17|69,88|69,85|45,25|46,62|69,5|69,95|84,46|91,67|58,61|17,43|88,84|5,45|78,75|60,58|69,91|85,98/69,61=69,95,60,58,61
46,33|83,3|79,91|49,10|83,73|73,62|34,70|9,45|83,15|3,36|83,46|70,25|36,79|45,68|83,9|82,18|68,60|33,49|15,34|62,82/83,91=83,3,36,79,91
65,54|58,42|42,59|58,57|59,93|56,30|93,8|54,86|62,79|57,65|58,18|33,85|79,16|16,34|37,33|58,62|18,56|85,55|30,90|58,37/58,34=58,62,79,16,34
30,20|68,54|83,3|14,37|25,68|25,58|84,30|3,44|63,0|25,71|27,51|37,69|58,83|0,13|71,14|31,63|26,84|25,26|54,27|25,31/25,51=25,68,54,27,51
67,75|80,27|72,15|63,19|99,43|15,64|42,45|64,84|99,42|27,47|99,73|76,71|99,72|45,63|99,24|43,10|24,67|75,35|10,76|73,80/99,47=99,73,80,27,47
89,7|20,62|23,89|20,9|60,1|45,98|26,37|20,24|55,80|20,55|78,45|86,87|20,59|48,86|24,78|62,60|80,26|59,23|1,96|9,48/20,37=20,55,80,26,37
16,19|69,93|98,61|16,79|16,53|16,90|93,76|49,38|61,39|79,27|70,77|19,69|96,70|38,51|27,24|90,96|51,0|16,49|24,18|53,98/16,77=16,90,96,70,77
67,50|15,38|86,22|59,15|68,17|20,78|20,18|34,8|38,21|17,34|18,55|22,47|20,7|78,70|20,59|7,86|55,3|3,57|20,68|70,67/20,21=20,59,15,38,21
86,58|39,67|93,16|98,77|2,74|72,98|67,57|16,52|93,2|93,71|74,24|4,72|95,28|24,12|58,92|93,4|52,95|92,26|93,86|71,39/93,77=93,4,72,98,77
1,2|23,1|79,16|79,93|96,24|58,96|31,62|16,23|6,54|36,87|24,65|62,14|14,89|79,58|93,36|54,64|71,6|79,71|79,31|87,75/79,2=79,16,23,1,2
77,92|59,33|48,80|68,78|10,68|76,77|49,47|80,41|48,2|17,20|48,8|41,49|8,79|48,76|79,59|92,62|91,17|94,10|48,94|2,91/48,47=48,80,41,49,47
31,79|15,24|77,33|81,36|43,65|79,89|97,83|46,62|77,30|24,17|77,46|77,31|33,97|36,56|30,15|89,94|83,90|62,43|77,81|56,80/77,90=77,33,97,83,90
85,50|7,27|27,32|80,85|21,74|98,71|29,89|35,7|97,47|92,56|89,3|29,40|29,98|36,21|29,62|71,92|29,35|62,36|3,97|40,80/29,56=29,98,71,92,56
61,74|61,84|9,3|36,76|1,58|8,77|83,92|84,55|63,1|89,59|14,18|61,83|55,14|24,63|61,24|74,36|76,68|3,89|61,9|92,8/61,68=61,74,36,76,68
75,17|49,18|34,54|49,75|12,64|18,53|11,70|64,45|81,24|49,34|53,81|35,22|54,52|52,90|17,11|83,12|7,35|49,41|49,83|41,7/49,70=49,75,17,11,70
33,97|92,77|77,33|24,53|2,7|92,9|37,2|97,65|92,20|9,24|20,26|92,1|92,37|60,64|1,70|7,78|26,60|41,90|53,93|70,41/92,90=92,1,70,41,90
65,17|73,81|17,44|39,98|98,63|2,73|16,65|63,22|68,16|68,78|86,46|68,2|66,13|91,86|81,84|78,91|89,66|68,89|68,39|13,18/68,84=68,2,73,81,84
73,99|99,61|65,45|69,57|1,44|45,94|97,3|73,65|6,10|82,97|44,17|73,1|73,82|3,13|17,23|94,30|7,6|73,42|61,69|42,7/73,10=73,42,7,6,10
75,17|49,18|34,54|49,75|12,52|18,53|11,70|52,90|64,45|49,34|53,64|35,22|54,81|81,24|17,11|83,12|7,35|49,41|49,83|41,7/49,70=49,75,17,11,70
19,40|11,4|88,96|45,19|88,24|58,68|44,13|68,97|4,72|78,85|72,12|88,98|88,11|98,58|96,45|88,84|84,48|24,78|85,23|48,44/88,12=88,11,4,72,12
6,95|85,9|34,16|5,49|91,22|0,91|34,80|34,53|49,61|34,55|95,84|1,85|16,6|55,5|53,4|34,88|88,0|46,90|80,1|4,46/34,90=34,53,4,46,90
91,37|76,73|58,31|38,0|58,80|80,11|34,56|31,42|78,34|98,15|58,57|0,96|58,39|11,44|37,76|58,91|44,66|39,78|42,98|57,38/58,15=58,31,42,98,15
16,34|83,70|31,6|47,51|16,35|6,63|58,83|16,19|64,17|19,58|16,37|12,10|35,31|37,48|67,64|34,12|17,84|48,47|10,45|16,67/16,70=16,19,58,83,70
85,20|61,37|56,17|15,93|38,47|59,22|56,59|70,60|93,70|78,91|56,9|9,11|48,92|56,48|22,38|11,78|56,15|17,61|92,85|37,81/56,60=56,15,93,70,60
32,39|10,50|7,55|67,34|62,67|59,72|70,7|33,16|72,32|94,62|16,36|36,57|9,70|77,10|99,77|59,94|59,33|59,99|59,9|39,68/59,68=59,72,32,39,68
4,13|71,30|84,18|51,86|86,56|59,4|46,0|84,51|84,94|84,17|16,40|88,71|18,67|94,88|67,16|17,59|43,46|90,43|84,90|56,64/84,0=84,90,43,46,0
40,57|82,23|17,13|87,60|82,3|82,17|3,20|84,71|57,79|53,26|82,40|20,53|79,90|94,36|22,4|82,84|71,87|13,94|23,59|59,22/82,26=82,3,20,53,26
87,71|32,34|19,67|28,86|67,52|99,32|25,99|86,51|25,19|51,17|52,97|34,57|1,87|25,48|25,72|92,76|90,92|48,90|25,28|72,1/25,71=25,72,1,87,71
64,88|64,83|49,43|88,29|42,76|83,42|87,50|65,10|29,19|2,65|26,27|64,49|43,26|10,16|64,2|19,52|76,21|64,85|85,68|68,87/64,50=64,85,68,87,50
75,96|96,79|62,76|6,93|16,6|17,28|76,89|71,62|28,38|8,91|38,37|17,75|79,30|17,27|29,8|61,16|17,71|27,29|37,60|17,61/17,93=17,61,16,6,93
50,75|50,30|74,29|50,44|32,85|73,89|28,0|44,97|24,45|97,28|75,92|80,73|50,32|85,24|70,69|50,74|29,71|71,37|92,70|30,80/50,0=50,44,97,28,0
61,11|22,29|40,88|12,59|86,72|36,13|13,90|12,24|29,86|67,20|12,38|12,78|24,82|12,22|55,40|78,36|82,67|28,61|59,55|38,28/12,90=12,78,36,13,90
43,98|21,49|21,43|21,53|21,42|68,70|67,13|2,3|42,40|21,17|17,2|40,5|98,67|53,19|41,95|19,68|5,74|3,52|95,71|49,41/21,70=21,53,19,68,70
33,18|25,23|23,94|94,17|98,33|7,63|43,54|47,82|5,34|25,68|3,7|17,10|38,43|82,5|77,38|25,77|18,6|25,98|68,3|25,47/25,6=25,98,33,18,6
87,50|99,35|48,43|83,34|83,65|4,26|83,30|50,3|43,29|35,36|65,87|83,71|34,99|30,92|89,48|83,89|92,75|71,1|1,4|75,68/83,68=83,30,92,75,68
58,36|46,11|75,37|85,21|36,91|89,54|75,70|75,49|75,89|75,46|21,31|26,79|49,48|12,19|48,26|17,29|11,17|37,58|54,12|70,85/75,19=75,89,54,12,19
25,87|34,6|16,35|35,73|64,65|87,10|41,85|25,75|5,41|72,62|75,5|65,84|10,34|78,64|25,33|33,16|25,72|90,17|62,90|25,78/25,85=25,75,5,41,85
84,41|94,49|99,40|55,58|28,84|49,99|63,70|39,55|97,63|83,54|94,71|25,28|94,97|94,36|40,43|94,25|50,83|36,39|70,96|71,50/94,41=94,25,28,84,41
56,99|88,51|66,80|73,66|71,73|34,38|93,16|51,56|38,78|16,33|80,67|33,42|71,1|1,34|8,45|71,93|10,39|39,8|71,88|71,10/71,99=71,88,51,56,99
57,12|16,33|67,60|13,57|60,88|16,90|63,2|8,97|2,50|89,52|16,67|88,29|97,82|16,65|45,89|16,31|31,8|33,13|65,63|90,45/16,29=16,67,60,88,29
3,57|24,17|24,3|90,9|85,68|83,4|17,85|32,90|68,58|89,82|75,15|24,89|57,60|5,27|24,75|15,5|82,83|24,32|60,41|9,46/24,46=24,32,90,9,46
57,19|32,47|61,44|94,23|36,21|94,78|13,36|50,57|78,61|46,82|44,42|94,66|66,64|22,46|23,22|45,50|64,32|94,45|94,13|21,31/94,47=94,66,64,32,47
56,85|97,72|36,92|64,11|69,46|65,55|18,65|69,97|33,36|86,6|25,82|70,18|88,66|72,88|46,33|69,70|11,86|85,25|69,56|69,64/69,6=69,64,11,86,6
96,18|76,52|18,0|73,49|73,96|0,20|80,22|73,37|37,9|69,82|73,97|73,35|49,38|9,80|52,13|35,76|38,69|97,71|71,92|92,34/73,34=73,97,71,92,34
10,0|13,55|37,40|65,26|73,85|37,77|74,78|85,43|3,73|37,3|55,7|29,13|4,74|17,4|0,23|26,86|77,10|37,29|37,17|40,65/37,43=37,3,73,85,43
95,48|67,56|69,80|20,69|66,94|41,42|98,16|20,95|81,41|16,47|20,81|42,39|20,84|94,19|71,59|26,98|84,66|80,67|48,71|20,26/20,19=20,84,66,94,19
36,38|83,99|36,11|16,79|59,95|95,56|11,59|74,68|99,29|57,47|36,57|97,10|38,74|36,46|36,48|46,45|48,83|68,66|45,16|47,97/36,79=36,46,45,16,79
38,47|61,37|56,17|15,93|78,91|59,22|56,59|70,60|93,70|85,20|56,9|9,11|48,92|56,48|22,78|11,85|56,15|17,61|92,38|37,81/56,60=56,15,93,70,60
1,83|32,65|32,48|92,97|69,74|32,55|97,95|94,66|25,58|83,38|58,94|32,25|48,69|65,92|67,98|40,1|98,18|55,67|32,40|74,14/32,66=32,25,58,94,66
1,29|5,33|12,34|23,25|83,38|16,88|62,12|62,39|2,31|39,5|88,1|62,98|33,53|62,16|67,83|42,23|98,42|38,49|62,67|34,2/62,31=62,12,34,2,31
53,48|22,19|76,38|60,99|54,60|8,28|28,67|10,7|18,53|9,25|95,8|9,22|45,10|25,54|9,45|98,18|7,16|9,95|9,98|19,76/9,48=9,98,18,53,48
54,50|2,0|54,40|14,68|50,84|59,58|19,61|61,96|9,59|0,14|54,57|54,19|10,80|84,42|54,2|40,10|96,92|42,22|80,93|57,9/54,58=54,57,9,59,58
78,53|60,57|23,0|49,12|79,80|80,78|2,37|37,20|36,2|49,36|49,79|55,5|1,60|48,1|95,55|12,95|81,23|49,81|0,30|49,48/49,5=49,12,95,55,5
20,27|48,19|8,24|68,28|5,89|5,30|5,60|30,33|31,88|27,8|11,68|5,46|60,11|49,6|89,31|5,20|33,49|88,77|19,69|46,48/5,24=5,20,27,8,24
82,62|59,79|36,43|62,9|79,65|82,20|45,15|23,84|9,45|37,56|75,23|82,59|82,75|84,0|73,36|56,76|82,4|4,37|65,68|20,73/82,43=82,20,73,36,43
8,37|83,67|17,59|38,29|63,13|36,22|59,71|63,7|0,17|15,32|63,0|63,85|85,70|7,8|13,6|63,15|70,36|6,83|32,38|37,92/63,22=63,85,70,36,22
22,5|78,47|47,44|22,43|72,78|0,71|43,64|22,69|50,63|21,0|22,72|69,21|82,32|80,65|7,73|32,80|31,7|22,82|5,31|64,50/22,44=22,72,78,47,44
74,2|74,60|2,9|30,68|41,30|68,49|65,69|69,25|60,7|51,28|74,50|74,41|40,44|74,65|9,40|7,56|42,51|56,95|25,1|50,42/74,49=74,41,30,68,49
66,54|7,77|45,10|34,28|90,19|54,97|6,90|45,66|10,23|97,96|23,72|45,34|81,12|28,7|67,40|19,16|40,81|45,6|45,67|72,82/45,77=45,34,28,7,77
4,93|24,42|65,31|42,22|71,17|44,41|31,4|50,96|69,72|50,87|46,15|87,98|50,20|96,64|20,24|64,44|98,69|15,71|50,65|50,46/50,72=50,87,98,69,72
95,56|44,68|95,43|68,67|56,45|63,34|10,63|11,61|61,15|99,78|39,4|78,98|15,26|95,44|82,99|43,10|67,38|95,11|45,39|95,82/95,26=95,11,61,15,26
81,39|55,50|90,12|52,96|38,0|39,27|25,52|25,92|51,15|32,95|25,32|15,31|25,51|92,53|31,34|25,81|96,55|95,90|27,40|53,38/25,12=25,32,95,90,12
56,19|56,90|55,69|56,55|56,88|19,61|92,25|91,51|25,91|74,93|98,71|61,98|80,96|79,80|93,4|56,92|88,79|47,75|90,74|69,47/56,71=56,19,61,98,71
34,61|59,23|32,5|14,72|23,19|5,8|48,34|52,86|52,32|45,14|81,69|55,48|52,94|92,59|8,41|52,55|52,92|69,13|94,45|86,81/52,13=52,86,81,69,13
67,22|24,3|17,9|8,77|30,17|9,29|70,2|28,32|30,8|30,73|32,40|22,74|73,67|30,28|3,70|29,55|40,16|77,38|38,1|30,24/30,16=30,28,32,40,16
67,9|62,75|62,48|46,61|62,49|18,8|62,43|58,28|9,3|7,65|8,88|62,46|19,14|65,47|28,98|43,58|48,67|75,18|49,7|61,19/62,3=62,48,67,9,3
86,18|30,64|72,50|18,97|30,84|9,3|30,48|30,14|14,93|28,45|75,69|50,25|84,98|30,75|98,9|48,72|64,86|69,79|93,28|79,20/30,3=30,84,98,9,3
66,78|26,61|38,16|28,26|69,46|52,66|46,25|81,83|50,28|58,15|42,58|78,40|38,81|16,69|70,39|38,42|83,70|15,72|38,52|38,50/38,25=38,16,69,46,25
76,12|80,31|9,45|27,4|79,80|60,40|20,28|31,18|18,71|45,60|32,27|79,23|49,32|79,9|36,78|23,53|53,36|12,20|79,76|79,49/79,71=79,80,31,18,71
24,12|6,33|81,20|6,40|22,1|88,71|20,22|96,18|28,47|71,15|6,73|6,41|47,93|73,28|6,81|12,59|7,96|33,7|40,88|41,24/6,59=6,41,24,12,59
10,60|55,58|16,55|63,47|31,16|42,18|69,89|31,35|60,1|47,48|31,63|58,52|89,19|19,0|83,10|18,84|48,36|31,83|31,69|35,42/31,1=31,83,10,60,1
74,61|14,7|99,53|7,99|14,25|86,16|9,51|61,48|27,59|25,9|10,74|53,88|14,27|46,86|59,8|8,79|14,57|14,10|57,46|51,78/14,78=14,25,9,51,78
54,95|1,40|38,75|81,21|70,6|72,43|75,13|81,84|81,70|76,1|81,38|97,92|22,41|6,97|81,72|43,54|13,49|21,76|84,22|41,28/81,28=81,84,22,41,28
97,33|80,97|80,43|96,87|41,8|47,93|9,96|35,41|67,27|87,53|80,47|80,38|38,67|93,28|43,35|27,63|33,10|28,25|10,2|80,9/80,63=80,38,67,27,63
97,98|18,47|84,12|26,48|7,37|75,88|85,41|76,43|43,75|60,45|76,26|12,18|98,7|76,85|76,84|41,60|48,68|68,30|76,97|88,34/76,37=76,97,98,7,37
26,90|10,54|35,5|29,14|54,63|87,11|70,84|46,82|76,87|90,66|81,94|46,29|84,81|65,10|46,76|82,26|14,35|46,70|11,93|46,65/46,94=46,70,84,81,94
40,91|34,8|40,86|24,52|8,90|51,39|40,74|40,59|78,98|91,1|86,24|21,51|59,34|40,96|80,19|52,61|74,80|19,57|1,78|96,21/40,98=40,91,1,78,98
73,89|71,7|81,71|32,26|4,29|54,46|29,45|61,81|4,41|4,76|76,52|20,66|41,70|52,73|45,54|70,32|66,31|4,61|4,20|31,56/4,7=4,61,81,71,7
58,28|86,66|69,86|58,16|80,29|91,75|58,9|9,64|75,50|5,80|50,51|78,18|76,94|28,5|58,91|16,76|94,82|58,2|2,69|64,78/58,18=58,9,64,78,18
86,17|66,58|77,28|73,12|66,73|58,44|66,79|17,1|12,54|60,64|54,84|64,39|28,16|72,77|66,72|66,24|52,38|79,60|44,52|24,86/66,16=66,72,77,28,16
26,81|13,18|81,25|52,83|76,43|26,44|37,21|50,22|22,52|57,76|25,24|26,50|98,57|24,34|79,13|32,79|44,12|26,98|12,37|26,32/26,18=26,32,79,13,18
29,84|82,19|97,26|29,21|75,92|37,82|39,41|29,49|29,65|49,95|21,81|29,46|95,27|18,97|65,37|46,3|27,66|84,18|3,39|81,75/29,19=29,65,37,82,19
10,90|24,33|97,51|30,23|73,74|97,56|56,53|97,50|45,39|57,10|39,92|92,31|51,29|29,73|53,30|50,24|97,45|97,64|33,71|64,57/97,71=97,50,24,33,71
22,19|22,84|32,74|8,25|77,89|25,16|58,85|83,88|88,11|11,13|84,8|89,36|22,32|22,83|3,58|22,47|68,10|47,77|74,68|19,3/22,85=22,19,3,58,85
1,39|95,71|25,1|36,96|21,64|64,27|22,46|14,25|8,22|59,70|14,21|55,8|70,36|88,95|14,55|27,45|14,88|39,60|14,59|71,42/14,42=14,88,95,71,42
2,24|9,45|43,97|24,70|58,63|8,15|42,44|90,43|17,58|42,32|70,54|42,17|42,2|44,59|97,69|63,37|42,90|45,95|32,9|59,8/42,54=42,2,24,70,54
35,34|9,74|86,99|52,8|45,39|28,11|29,95|33,45|11,9|86,52|99,29|3,33|86,28|34,0|8,14|86,3|95,59|14,15|91,35|86,91/86,74=86,28,11,9,74
6,42|6,51|12,50|42,34|49,45|79,92|92,97|51,4|6,20|4,49|6,12|50,17|20,78|35,82|9,16|6,79|34,9|78,35|97,18|17,90/6,90=6,12,50,17,90
1,18|21,31|39,16|85,1|16,69|27,68|78,72|27,21|57,51|59,22|68,39|15,78|18,92|72,45|27,15|27,57|51,59|27,85|67,83|31,67/27,22=27,57,51,59,22
38,81|35,88|11,38|10,28|90,34|35,57|15,77|35,26|35,25|54,10|34,49|26,74|3,36|57,15|74,3|25,54|35,90|88,11|77,33|49,75/35,28=35,25,54,10,28
94,7|30,32|4,98|75,72|98,46|96,52|84,93|84,94|33,20|84,83|32,25|84,96|83,58|84,76|7,33|48,65|58,48|52,75|93,30|76,4/84,65=84,83,58,48,65
75,11|19,83|75,15|16,88|64,28|69,96|75,19|33,43|75,12|15,1|1,16|54,33|12,5|41,45|11,41|70,54|83,64|5,69|75,70|45,27/75,28=75,19,83,64,28
61,33|61,3|13,80|7,13|22,7|61,0|45,21|27,15|88,35|35,69|61,27|89,36|0,38|38,45|33,89|61,22|16,32|15,16|3,88|36,44/61,44=61,33,89,36,44
56,47|64,73|39,61|85,95|49,23|69,85|73,66|57,69|96,30|61,25|30,80|40,39|86,49|64,40|64,57|64,86|66,56|23,13|64,48|48,96/64,13=64,86,49,23,13
19,70|46,56|20,27|73,55|82,68|9,75|91,7|68,91|0,84|66,73|47,61|61,90|75,47|9,82|84,19|9,36|9,0|36,66|9,20|27,46/9,55=9,36,66,73,55
88,76|9,44|74,54|3,64|9,99|9,85|9,78|44,74|64,7|85,18|99,52|9,50|28,14|78,91|18,88|79,55|50,3|54,26|52,28|91,79/9,76=9,85,18,88,76
20,14|78,5|99,12|99,28|95,37|24,20|12,11|64,2|99,82|99,49|49,36|57,64|36,60|82,57|74,4|60,18|11,95|28,24|99,74|4,78/99,37=99,12,11,95,37
71,5|83,47|58,39|80,41|42,49|16,71|85,86|0,10|85,42|86,83|41,58|49,61|47,4|5,20|85,80|10,98|85,32|32,0|61,70|85,16/85,39=85,80,41,58,39
82,85|68,21|63,51|4,66|63,23|51,77|66,56|63,64|85,68|63,82|60,74|79,53|17,87|23,79|63,60|77,17|81,5|53,7|64,4|74,81/63,21=63,82,85,68,21
8,6|47,40|71,72|0,78|50,79|0,35|31,50|48,44|82,48|25,20|0,28|0,96|35,73|20,8|78,82|73,47|28,31|0,25|72,62|96,71/0,6=0,25,20,8,6
52,22|66,52|13,81|78,50|2,13|6,41|6,14|21,33|6,21|46,34|86,64|41,2|33,86|53,3|54,46|49,66|6,49|6,78|14,54|50,53/6,3=6,78,50,53,3
49,60|49,25|92,89|70,48|43,0|8,72|89,14|75,32|49,50|49,8|55,70|72,88|14,68|88,80|49,92|25,55|60,75|32,35|12,43|50,12/49,48=49,25,55,70,48
90,87|54,79|87,78|17,56|21,54|80,76|81,12|56,7|96,90|94,60|96,17|96,21|89,81|76,94|79,31|78,40|96,80|96,37|37,89|7,22/96,12=96,37,89,81,12
11,33|33,92|92,16|1,29|57,41|51,73|51,84|45,10|79,1|84,79|51,36|73,52|75,37|52,44|37,57|44,39|36,45|51,75|51,11|10,12/51,29=51,84,79,1,29
79,46|1,30|91,23|12,45|69,68|28,70|73,8|42,69|45,79|28,12|28,1|28,94|70,91|30,75|38,73|94,42|28,49|75,9|49,38|23,71/28,71=28,70,91,23,71
74,68|11,3|87,24|35,74|99,50|50,22|87,96|24,10|87,99|87,14|10,11|22,15|87,23|96,98|83,78|98,65|65,6|23,35|14,83|78,19/87,3=87,24,10,11,3
0,44|76,75|44,58|21,79|39,76|64,28|64,42|85,23|64,74|74,73|73,85|75,40|79,99|99,77|42,0|64,39|41,92|64,21|66,41|28,66/64,23=64,74,73,85,23
63,6|55,58|55,94|87,33|13,95|95,20|55,46|6,14|41,80|98,68|55,87|34,10|94,63|58,13|33,72|72,28|68,41|46,34|55,98|10,62/55,62=55,46,34,10,62
23,33|92,82|92,19|92,88|92,60|78,37|13,86|33,16|92,98|97,69|2,7|60,2|69,14|7,91|82,23|61,13|80,78|19,61|88,80|98,97/92,91=92,60,2,7,91
67,89|56,95|68,64|65,31|67,56|44,58|67,21|45,22|67,44|89,55|21,1|79,25|10,65|55,66|59,10|1,45|95,68|58,79|67,59|66,94/67,64=67,56,95,68,64
76,32|74,15|42,43|32,58|9,14|89,17|17,8|88,34|2,78|89,98|54,60|8,54|98,88|58,66|34,94|14,74|89,9|89,42|89,76|43,2/89,78=89,42,43,2,78
9,46|95,44|54,1|39,54|29,93|67,75|93,68|29,39|98,37|75,40|68,95|1,56|77,57|29,9|89,67|96,26|29,77|57,96|46,98|29,89/29,26=29,77,57,96,26
62,13|78,18|33,52|92,62|92,28|59,25|42,27|15,33|55,99|92,75|28,78|13,59|68,15|75,2|18,20|27,97|64,42|2,55|92,64|92,68/92,20=92,28,78,18,20
17,29|17,57|29,77|81,87|17,71|93,89|17,68|89,6|68,93|77,13|31,42|66,81|57,40|13,91|55,4|83,15|71,66|40,31|17,83|15,55/17,4=17,83,15,55,4
67,99|49,44|24,21|13,74|68,42|7,54|61,7|61,51|94,98|61,82|98,23|78,47|82,94|61,67|99,78|51,68|42,15|61,13|54,24|74,49/61,23=61,82,94,98,23
48,26|38,49|15,16|24,94|14,68|5,66|83,95|95,21|65,15|96,48|96,38|96,24|26,52|94,5|96,83|96,65|49,14|16,3|52,28|21,25/96,28=96,48,26,52,28
62,92|12,84|49,71|5,69|72,22|12,77|53,43|12,82|71,16|16,94|26,72|77,62|69,50|76,53|12,49|92,51|84,5|43,70|82,26|12,76/12,22=12,82,26,72,22
89,45|23,75|79,84|13,65|86,98|45,40|89,13|75,64|40,24|63,86|84,17|89,51|89,79|24,49|17,36|1,38|65,1|88,23|89,88|51,63/89,64=89,88,23,75,64
7,66|28,19|28,5|28,7|28,18|5,48|66,16|74,12|24,89|28,35|59,74|35,24|48,91|16,20|18,59|89,60|91,0|19,47|47,88|88,2/28,0=28,5,48,91,0
83,78|58,51|10,58|10,75|77,63|75,33|67,18|10,49|49,73|69,72|40,70|85,48|10,77|33,40|48,67|23,38|10,85|73,23|51,83|63,69/10,38=10,49,73,23,38
55,29|32,4|42,32|46,37|21,30|98,33|30,40|17,51|14,76|19,98|19,17|51,12|12,74|19,55|19,72|19,2|72,21|2,42|33,46|29,14/19,4=19,2,42,32,4
64,0|5,56|46,77|15,88|77,62|88,31|54,44|81,15|62,37|90,20|65,64|86,65|71,70|54,81|54,71|56,13|70,90|54,46|44,5|54,86/54,37=54,46,77,62,37
17,46|54,57|34,30|57,17|9,74|61,26|54,50|50,77|43,44|26,87|77,88|74,43|64,34|53,61|54,45|54,53|54,9|45,64|46,48|88,86/54,48=54,57,17,46,48
69,80|21,6|69,35|24,12|42,88|69,27|80,92|57,21|36,24|6,71|94,0|29,87|0,42|69,57|61,32|92,61|35,1|27,36|1,29|69,94/69,12=69,27,36,24,12
61,41|42,57|79,9|79,37|79,67|45,7|7,62|78,61|79,0|24,49|9,78|79,96|51,50|50,38|57,85|37,45|49,34|67,51|96,42|0,24/79,38=79,67,51,50,38
64,35|16,15|4,66|82,99|66,88|99,45|87,58|82,49|82,24|82,50|49,56|12,16|82,64|24,4|61,11|35,87|50,12|32,94|56,61|45,32/82,11=82,49,56,61,11
61,12|98,15|9,59|15,8|43,26|43,9|68,61|74,31|43,88|70,22|14,98|0,68|25,74|37,64|59,37|26,70|43,0|43,14|22,85|88,25/43,12=43,0,68,61,12
24,57|27,17|94,26|48,58|97,83|43,38|47,9|84,29|18,94|43,47|57,27|29,14|53,97|38,53|43,49|26,28|49,84|43,24|9,48|43,18/43,28=43,18,94,26,28
42,16|99,97|1,33|74,2|0,70|2,79|57,47|1,89|81,64|24,57|33,0|97,91|79,96|1,11|70,52|1,42|89,99|11,24|16,81|1,74/1,96=1,74,2,79,96
52,33|16,57|59,20|20,78|7,54|54,49|52,67|52,59|93,90|86,41|2,16|67,2|52,7|49,15|4,6|90,86|6,53|78,36|52,93|33,4/52,41=52,93,90,86,41
46,43|7,32|17,40|53,10|99,46|45,84|10,72|40,12|43,56|39,73|4,45|39,4|73,53|84,26|39,75|39,29|29,17|32,69|75,7|39,99/39,12=39,29,17,40,12
30,52|30,73|30,65|42,28|51,43|28,80|43,67|65,68|73,46|52,42|76,13|25,76|47,66|68,47|30,90|88,9|46,88|90,25|30,95|95,51/30,66=30,65,68,47,66
31,35|31,81|24,19|81,77|35,55|16,4|64,44|4,23|59,21|55,24|38,40|77,96|10,38|62,16|31,64|96,26|44,59|31,36|31,62|36,10/31,23=31,62,16,4,23
61,0|18,42|94,77|20,98|81,20|28,47|76,67|44,28|34,15|42,44|18,14|40,99|18,94|18,61|0,40|77,91|67,34|14,81|18,76|91,75/18,47=18,42,44,28,47
42,16|99,57|1,33|74,2|0,70|2,79|81,64|1,89|97,91|24,81|33,0|57,47|79,96|1,11|70,52|1,42|89,99|11,24|16,97|1,74/1,96=1,74,2,79,96
1,7|28,41|94,81|33,16|16,95|28,33|25,48|28,54|81,1|73,43|41,75|28,94|54,58|95,76|32,3|62,73|43,42|58,25|75,32|28,62/28,3=28,41,75,32,3
96,21|91,9|91,96|91,59|72,16|91,72|55,89|16,86|59,33|21,76|9,46|99,3|33,85|82,95|76,42|86,31|3,55|46,82|91,99|85,13/91,95=91,9,46,82,95
81,39|31,34|90,12|52,96|55,50|39,27|25,52|25,92|51,15|32,95|25,32|15,38|25,51|92,53|38,0|25,81|96,31|95,90|27,40|53,55/25,12=25,32,95,90,12
41,50|29,80|29,78|19,58|29,15|10,37|11,41|78,21|94,4|98,19|67,98|15,11|4,96|76,74|29,67|68,14|21,76|80,94|14,10|29,68/29,58=29,67,98,19,58
49,84|35,25|22,7|10,97|85,58|0,66|97,0|72,62|16,29|62,11|25,72|7,91|91,98|35,49|35,10|35,6|29,56|35,22|84,85|6,16/35,11=35,25,72,62,11
4,51|5,42|89,34|62,96|70,90|22,82|5,58|42,62|52,70|84,54|51,22|18,89|5,4|96,69|5,52|90,17|85,84|5,61|58,18|61,85/5,54=5,61,85,84,54
32,29|65,54|11,34|53,96|87,35|62,86|88,2|82,25|7,32|88,65|96,87|88,53|2,91|88,16|16,84|58,7|84,62|54,82|88,58|91,11/88,34=88,2,91,11,34
22,85|77,84|45,18|11,22|5,87|77,16|16,10|30,28|90,78|76,71|46,59|87,30|99,79|10,76|79,90|59,45|77,99|84,11|77,46|77,5/77,85=77,84,11,22,85
60,27|73,88|86,56|73,45|73,83|73,11|11,14|14,34|34,4|73,60|45,90|90,57|88,68|2,31|57,18|24,2|83,24|68,86|9,99|27,9/73,18=73,45,90,57,18
65,19|27,2|43,97|2,38|78,54|74,65|33,67|74,62|54,89|19,76|39,33|97,28|74,15|13,27|74,45|62,78|45,39|74,13|15,43|76,68/74,28=74,15,43,97,28
63,6|14,22|19,26|38,0|78,48|48,19|22,35|78,38|78,59|94,93|86,29|59,94|93,23|96,63|78,7|7,96|26,67|78,45|0,86|45,14/78,35=78,45,14,22,35
86,47|43,93|50,76|47,29|28,33|43,28|18,2|33,49|93,44|31,55|29,79|61,18|5,57|49,91|76,31|43,86|44,5|16,61|43,16|43,50/43,91=43,28,33,49,91
77,71|60,72|27,26|56,77|50,81|43,65|35,50|64,10|72,56|59,54|53,35|26,59|60,43|46,73|60,37|10,39|60,53|37,64|60,27|65,46/60,71=60,72,56,77,71
96,0|35,56|40,83|40,96|73,17|83,53|53,49|54,35|75,73|33,54|28,67|94,61|71,94|0,28|49,59|40,23|48,75|40,48|23,71|40,33/40,67=40,96,0,28,67
40,14|40,7|23,83|86,57|55,64|72,53|14,72|40,39|22,43|47,63|53,70|40,86|36,47|83,61|7,36|61,44|40,23|57,55|39,22|43,68/40,44=40,23,83,61,44
97,18|82,97|61,10|30,72|18,55|73,52|10,73|33,30|24,83|65,87|24,61|43,70|98,33|76,43|42,65|0,42|24,98|24,82|24,0|83,76/24,70=24,83,76,43,70
87,22|33,39|58,91|13,19|57,65|25,58|57,25|46,94|74,33|57,12|65,74|57,89|22,35|19,79|89,77|77,46|12,87|36,13|91,43|57,36/57,94=57,89,77,46,94
30,25|67,95|29,13|33,18|34,96|33,34|33,70|31,29|96,9|33,77|70,72|13,58|18,67|77,30|33,31|90,41|95,83|25,19|9,65|72,90/33,58=33,31,29,13,58
11,84|41,38|94,22|49,31|71,11|22,32|51,44|13,45|97,94|71,70|84,60|44,75|71,41|71,97|38,13|64,49|75,16|70,64|71,51|60,99/71,16=71,51,44,75,16
34,59|16,99|91,23|75,88|58,85|91,83|73,61|90,75|99,73|23,52|52,26|26,80|91,34|6,58|39,6|91,16|59,57|57,42|91,39|83,90/91,61=91,16,99,73,61
74,65|4,56|25,54|42,34|54,15|56,86|25,46|85,27|27,42|22,73|45,74|73,96|23,82|25,4|25,40|25,85|86,9|15,23|40,45|46,22/25,9=25,4,56,86,9
94,80|51,88|37,39|87,51|57,22|13,65|13,57|65,87|39,46|63,0|0,30|13,98|75,37|98,69|22,35|69,94|35,11|13,75|13,63|30,34/13,88=13,65,87,51,88
77,76|48,9|11,80|18,95|79,67|24,56|79,24|54,19|79,69|69,17|40,33|3,81|79,77|67,38|95,3|17,48|79,18|56,11|38,40|76,54/79,9=79,69,17,48,9
64,60|85,43|47,53|75,16|43,22|52,80|53,30|80,55|11,75|52,47|83,6|18,64|70,11|52,18|55,83|12,85|52,70|30,73|52,12|60,26/52,6=52,80,55,83,6
61,33|68,74|71,17|71,79|6,98|71,52|29,9|52,6|80,29|51,63|84,51|9,35|71,80|79,84|71,68|17,40|96,87|40,61|98,91|74,96/71,87=71,68,74,96,87
47,33|40,21|92,34|40,19|27,60|40,30|79,47|21,79|40,65|13,96|18,92|19,18|40,13|96,89|89,93|20,83|63,20|65,27|30,63|60,53/40,83=40,30,63,20,83
69,52|97,82|52,19|55,0|13,35|64,23|23,79|28,69|28,97|82,13|19,18|79,66|28,22|0,93|65,44|44,48|28,64|28,38|22,55|38,65/28,35=28,97,82,13,35
95,4|11,90|98,89|11,80|97,83|11,12|90,97|75,17|92,21|17,28|83,85|96,45|76,98|10,75|12,92|21,49|11,10|4,96|11,95|80,76/11,49=11,12,92,21,49
46,95|88,68|88,49|22,83|64,22|68,44|97,41|41,27|27,94|88,97|44,11|38,46|43,77|88,75|95,29|88,38|75,64|11,70|69,43|49,69/88,77=88,49,69,43,77
65,34|16,67|93,2|66,29|90,16|82,33|65,73|34,54|65,82|52,84|65,66|33,52|11,39|8,42|45,93|54,11|29,8|73,45|65,22|22,90/65,67=65,22,90,16,67
9,98|80,3|9,48|98,61|9,50|86,52|9,4|50,80|61,77|36,70|9,64|48,86|1,79|70,72|77,95|3,49|64,76|52,28|76,1|4,36/9,95=9,98,61,77,95
20,47|81,77|36,7|77,21|37,97|82,32|22,82|89,15|37,81|58,89|21,84|13,20|37,23|37,64|64,17|17,36|97,58|37,22|32,5|23,13/37,7=37,64,17,36,7
12,69|99,74|73,44|16,19|59,80|73,85|73,99|7,89|1,37|80,97|42,1|97,66|73,96|44,91|91,12|39,7|96,39|85,42|74,16|73,59/73,89=73,96,39,7,89
28,21|27,64|7,15|12,6|70,5|72,43|46,7|36,85|84,25|25,53|89,46|67,72|6,70|64,28|84,69|84,89|84,27|53,36|69,67|84,12/84,21=84,27,64,28,21
86,26|4,71|34,78|90,10|52,86|26,1|0,35|35,34|52,0|51,28|31,51|1,50|33,90|84,31|52,84|10,85|52,33|93,4|52,93|71,77/52,78=52,0,35,34,78
55,40|86,23|74,10|26,14|27,82|69,86|55,27|10,25|55,75|66,63|62,11|75,74|92,62|55,69|46,26|82,66|14,64|23,34|55,46|40,92/55,63=55,27,82,66,63
58,24|42,86|49,1|9,58|72,45|32,42|9,87|38,61|5,54|69,63|97,40|24,69|54,97|37,38|9,5|9,37|45,49|9,72|61,39|87,32/9,86=9,87,32,42,86
80,73|79,96|79,75|79,35|42,84|17,65|48,71|35,25|96,13|79,17|67,6|79,60|65,67|87,66|13,80|75,42|84,74|25,87|60,51|51,48/79,6=79,17,65,67,6
7,37|62,67|19,58|67,10|68,19|17,38|7,83|85,86|37,68|83,85|38,40|94,99|99,72|72,2|82,62|7,30|30,17|86,3|7,82|7,94/7,10=7,82,62,67,10
40,25|31,52|36,61|88,58|80,31|59,76|93,3|67,12|36,80|36,26|25,56|3,84|84,82|26,40|58,67|36,93|52,66|61,59|36,88|76,71/36,12=36,88,58,67,12
57,95|13,12|16,65|56,62|75,13|4,79|22,60|57,22|57,29|38,4|57,92|64,36|57,26|92,75|26,38|95,76|29,15|15,16|60,64|76,56/57,12=57,92,75,13,12
2,24|36,3|94,36|94,67|76,34|90,7|92,86|67,57|23,45|94,90|94,56|3,76|94,2|7,21|24,38|38,52|21,68|57,92|45,64|56,23/94,86=94,67,57,92,86
17,90|62,49|20,33|62,71|62,11|3,88|49,74|64,3|45,34|58,50|37,17|89,60|71,64|74,45|62,58|50,89|62,8|8,37|33,40|11,20/62,60=62,58,50,89,60
71,1|41,74|73,16|65,85|41,73|41,71|61,81|55,24|21,61|74,66|66,9|41,45|45,21|23,65|41,23|25,64|16,25|9,43|85,11|1,55/41,24=41,71,1,55,24
88,32|49,44|44,82|95,59|70,40|52,11|16,88|16,90|78,74|32,78|11,20|16,95|16,36|36,52|66,60|40,7|59,66|90,70|16,12|12,49/16,60=16,95,59,66,60
99,32|56,80|41,35|35,99|66,23|23,1|49,79|50,66|13,56|10,26|10,49|51,25|19,72|72,51|10,41|26,13|10,19|11,14|79,11|10,50/10,32=10,41,35,99,32
5,35|10,26|9,57|40,43|26,67|89,96|14,12|40,80|40,5|40,90|35,9|43,10|40,89|41,45|96,14|52,64|64,66|90,41|80,52|45,7/40,7=40,90,41,45,7
78,9|73,8|36,27|38,97|96,75|9,17|53,78|79,2|47,94|17,45|97,47|27,81|53,36|32,35|53,96|2,73|53,79|53,38|75,32|81,16/53,8=53,79,2,73,8
1,94|57,13|39,62|66,98|17,35|78,17|34,15|13,39|60,78|43,34|52,66|20,24|86,20|86,60|15,58|86,57|86,11|24,1|86,43|11,52/86,35=86,60,78,17,35
27,63|57,7|90,52|57,85|52,2|23,0|35,6|93,99|57,69|92,35|57,15|69,90|67,74|74,93|15,92|14,27|57,67|83,23|7,83|85,14/57,2=57,69,90,52,2
44,13|82,66|14,68|29,91|82,74|76,32|13,21|82,44|89,63|82,62|1,14|91,94|82,29|66,7|81,76|62,1|94,53|7,89|21,56|74,81/82,63=82,66,7,89,63
11,54|14,60|67,71|0,13|2,6|66,73|73,50|50,87|98,11|3,14|6,98|2,31|13,84|71,70|80,67|74,0|31,3|2,74|2,66|2,80/2,54=2,6,98,11,54
27,83|74,65|39,36|18,74|18,19|18,47|96,43|18,27|35,72|36,40|83,96|19,93|94,35|40,87|90,73|65,4|93,90|4,78|18,39|47,94/18,87=18,39,36,40,87
49,60|49,25|92,89|70,48|88,80|8,72|89,43|75,32|49,50|49,8|55,70|72,14|43,0|14,68|49,92|25,55|60,75|32,35|12,88|50,12/49,48=49,25,55,70,48
99,48|92,30|48,39|92,22|92,35|40,54|15,40|90,62|49,91|83,4|1,99|8,90|44,60|60,66|92,1|91,83|22,15|30,44|92,49|35,8/92,66=92,30,44,60,66
43,12|82,43|42,60|42,48|60,54|48,82|54,3|66,20|49,16|42,66|20,15|72,13|94,25|42,94|18,30|16,72|3,7|25,18|42,49|15,6/42,13=42,49,16,72,13
83,59|92,16|35,18|84,94|76,49|81,67|84,42|57,69|84,76|94,92|88,34|11,8|84,88|34,57|84,11|18,4|8,81|16,79|42,35|49,83/84,4=84,42,35,18,4
30,41|59,20|30,42|37,89|58,37|41,44|34,9|20,82|75,99|89,11|44,19|30,58|19,32|54,59|42,34|30,14|30,54|9,12|14,70|70,75/30,99=30,14,70,75,99
32,28|62,14|15,66|30,44|22,95|19,57|4,45|46,81|57,30|46,10|46,86|83,32|46,22|10,21|21,62|86,83|46,19|81,15|66,33|95,4/46,45=46,22,95,4,45
96,21|91,9|91,96|91,59|72,16|91,72|76,42|16,55|59,33|21,86|9,46|99,3|33,85|82,95|86,31|55,89|3,76|46,82|91,99|85,13/91,95=91,9,46,82,95
7,65|15,94|7,66|7,99|59,38|7,48|84,4|17,79|99,83|93,63|65,15|76,84|83,93|7,30|0,17|94,49|30,0|38,46|48,59|66,76/7,49=7,65,15,94,49
75,76|7,36|48,74|74,92|70,53|70,48|55,31|70,55|31,59|85,40|36,99|70,56|83,85|92,9|59,78|53,18|70,94|18,75|56,7|94,83/70,76=70,53,18,75,76
49,73|1,58|23,9|90,1|16,23|28,65|78,53|63,78|84,63|28,84|42,44|28,49|60,77|24,96|28,16|9,52|44,60|28,42|73,24|65,90/28,96=28,49,73,24,96
16,15|69,50|15,69|36,39|94,93|49,96|10,36|10,42|96,48|1,94|72,76|76,59|48,24|10,16|42,1|39,14|86,72|14,9|10,49|10,86/10,59=10,86,72,76,59
64,83|69,8|95,39|47,17|59,57|83,59|43,14|23,86|43,23|14,45|43,26|43,91|26,63|63,69|86,81|91,95|45,47|39,35|43,64|81,65/43,17=43,14,45,47,17
20,14|76,56|20,47|2,83|95,24|36,78|56,25|28,95|20,38|14,36|15,99|91,2|47,76|78,44|20,45|40,15|45,40|83,3|20,91|38,28/20,24=20,38,28,95,24
21,77|22,15|15,89|42,20|14,65|52,4|59,40|57,58|66,59|42,52|42,38|4,21|58,90|42,66|20,57|65,27|42,26|26,22|38,14|40,44/42,77=42,52,4,21,77
34,27|48,90|48,1|4,49|22,10|51,34|9,4|90,9|1,75|79,74|10,25|48,22|25,63|11,5|48,51|72,79|27,54|94,72|48,94|75,11/48,49=48,90,9,4,49
56,45|66,50|18,90|51,97|85,68|87,66|3,51|16,65|75,1|73,18|32,3|82,73|32,81|97,89|32,56|32,82|65,75|32,16|45,85|81,87/32,50=32,81,87,66,50
74,90|90,91|91,9|31,71|52,21|41,40|40,69|31,6|53,66|21,50|82,60|31,74|24,41|71,53|6,75|31,52|31,24|50,23|75,82|66,81/31,9=31,74,90,91,9
0,14|83,20|23,66|7,0|61,81|61,7|20,30|22,71|14,72|73,83|61,48|90,16|59,80|16,23|61,73|61,90|81,22|71,76|48,29|29,59/61,72=61,7,0,14,72
28,58|27,93|28,54|28,29|89,14|29,60|14,91|28,45|60,77|45,46|77,75|58,98|28,37|46,83|37,21|21,27|54,89|11,84|98,11|83,87/28,84=28,58,98,11,84
51,14|38,94|38,51|18,17|94,70|59,92|38,31|70,0|38,91|14,41|33,71|41,25|17,67|0,44|88,59|31,18|71,3|91,88|58,33|38,58/38,3=38,58,33,71,3
40,27|21,97|21,86|61,56|58,61|21,42|97,15|27,96|15,35|12,68|93,12|35,23|21,47|64,32|86,74|47,93|42,40|74,64|21,58|56,0/21,68=21,47,93,12,68
95,43|6,35|78,55|52,54|1,90|78,45|45,16|91,11|78,52|78,10|87,6|10,87|16,83|78,46|46,24|55,1|83,40|24,91|54,95|90,42/78,11=78,46,24,91,11
84,70|64,95|20,85|14,29|7,30|95,87|64,40|44,9|72,20|85,19|40,44|17,66|30,14|87,17|64,72|64,7|64,35|9,26|45,84|35,45/64,29=64,7,30,14,29
96,14|38,0|66,31|6,57|7,10|57,94|7,66|7,60|7,99|7,21|99,24|31,68|68,12|70,38|10,6|21,29|29,96|71,48|24,71|60,70/7,12=7,66,31,68,12
90,71|29,48|14,32|90,37|51,63|37,45|90,5|71,14|91,58|89,80|90,89|55,73|73,30|20,55|45,91|32,26|5,65|80,29|90,20|65,51/90,63=90,5,65,51,63
67,23|11,74|12,15|88,71|30,40|44,52|32,88|31,12|67,32|40,83|71,58|99,85|85,11|23,94|41,31|67,99|67,30|83,20|67,41|94,44/67,58=67,32,88,71,58
80,93|91,49|49,7|80,58|3,60|58,38|93,77|62,92|92,10|59,33|10,70|80,62|7,47|69,63|79,55|33,79|80,59|80,91|77,3|38,69/80,70=80,62,92,10,70
65,33|59,43|8,38|76,45|34,95|34,72|34,78|3,8|34,20|4,51|32,22|45,32|75,59|72,65|78,3|34,76|33,83|20,4|51,44|95,75/34,38=34,78,3,8,38
41,48|29,66|59,84|64,27|27,59|60,98|64,91|4,80|49,68|84,17|64,60|22,49|66,4|48,43|98,19|64,29|64,22|19,3|68,34|91,41/64,3=64,60,98,19,3
36,91|46,76|36,75|92,51|76,7|8,52|70,92|36,46|0,89|62,50|22,98|52,0|74,62|33,22|75,74|7,47|36,16|16,33|91,70|36,8/36,89=36,8,52,0,89
77,88|96,3|41,15|90,2|3,95|50,29|9,94|35,66|88,50|66,44|95,76|15,90|55,99|99,9|44,45|94,47|55,77|55,35|55,96|55,41/55,45=55,35,66,44,45
71,4|23,82|66,42|56,32|60,17|96,89|51,53|51,3|38,66|68,60|10,71|17,73|39,56|51,23|51,10|53,38|82,96|51,68|4,46|3,39/51,32=51,3,39,56,32
83,74|74,51|30,69|9,16|77,8|30,73|37,89|49,98|30,2|30,68|2,9|89,27|88,23|16,17|68,14|23,49|14,77|30,88|69,37|73,83/30,51=30,73,83,74,51
17,38|93,6|87,51|58,71|98,37|69,94|83,65|51,39|87,69|78,11|87,93|87,17|6,98|39,78|75,72|71,83|87,58|94,22|22,14|38,75/87,11=87,51,39,78,11
99,32|11,14|41,35|35,99|66,23|23,1|49,79|50,66|13,11|10,26|10,49|56,80|19,72|72,56|10,41|26,13|10,19|51,25|79,51|10,50/10,32=10,41,35,99,32
71,15|63,34|55,28|11,33|15,42|14,53|14,71|52,86|34,52|14,63|14,18|14,96|53,50|42,92|18,95|45,78|95,55|96,45|78,39|50,11/14,92=14,71,15,42,92
78,55|64,27|37,48|28,80|40,53|87,85|27,50|37,62|1,40|48,87|17,28|37,17|37,0|80,83|21,1|0,78|37,21|55,44|85,16|62,64/37,53=37,21,1,40,53
21,79|33,54|97,37|54,4|97,60|60,38|6,80|38,59|4,49|79,0|97,18|97,21|76,6|0,32|37,76|99,42|97,33|59,65|1,99|18,1/97,32=97,21,79,0,32
82,85|68,21|63,51|4,66|63,23|51,77|66,56|63,64|85,68|63,82|60,74|79,17|81,5|23,79|63,60|77,81|53,7|17,87|64,4|74,53/63,21=63,82,85,68,21
96,0|0,52|47,73|99,98|98,2|71,33|52,60|78,70|14,47|11,76|71,12|12,66|71,26|37,14|33,99|71,96|26,36|71,37|36,11|66,78/71,2=71,33,99,98,2
17,95|19,68|16,49|39,19|69,16|39,69|81,40|95,72|49,30|31,79|54,5|5,31|98,81|42,17|58,98|25,50|68,25|39,54|39,42|39,58/39,30=39,69,16,49,30
89,58|15,61|22,75|18,82|56,15|61,88|89,97|27,29|74,18|29,51|89,24|78,49|64,78|42,74|24,64|89,56|58,66|66,22|89,42|97,27/89,49=89,24,64,78,49
74,13|83,68|57,74|98,83|29,2|80,24|36,22|36,96|24,35|36,92|36,66|6,0|0,38|96,98|92,57|35,78|2,14|36,80|66,29|22,6/36,38=36,22,6,0,38
25,92|13,1|78,72|34,82|84,78|92,41|25,70|3,44|70,34|95,71|99,3|91,84|25,91|41,47|47,37|71,13|82,93|25,99|44,63|25,95/25,37=25,92,41,47,37
67,4|66,48|66,64|56,11|66,13|13,56|61,67|86,93|32,61|60,69|17,60|5,96|87,17|11,76|93,36|48,86|66,32|66,87|96,7|64,5/66,4=66,32,61,67,4
69,75|26,17|8,64|26,71|64,31|43,36|57,69|36,47|47,88|17,57|26,59|71,98|21,8|59,13|13,40|26,21|40,93|98,51|51,12|26,43/26,93=26,59,13,40,93
1,88|11,0|56,53|21,37|37,71|98,74|83,39|98,11|34,21|98,34|0,56|93,40|74,93|77,83|98,1|88,10|40,72|10,15|98,77|39,23/98,53=98,11,0,56,53
17,47|41,27|86,9|57,39|86,58|85,57|86,17|33,63|11,90|88,53|58,25|47,33|9,11|43,85|25,88|86,49|86,43|49,81|81,41|90,60/86,60=86,9,11,90,60
49,90|10,92|33,72|33,83|22,29|92,57|85,10|16,81|4,96|83,45|2,84|72,49|29,16|33,85|33,22|33,15|96,98|15,4|45,2|90,80/33,57=33,85,10,92,57
45,90|11,75|93,49|61,45|92,72|42,53|29,93|49,31|61,70|90,11|25,46|79,25|72,34|2,41|40,92|61,29|53,2|70,79|61,40|61,42/61,41=61,42,53,2,41
81,14|99,34|56,20|53,54|38,81|97,94|4,56|93,7|38,68|62,43|68,62|38,49|43,10|38,99|34,96|7,53|14,97|49,4|38,93|96,13/38,13=38,99,34,96,13
40,31|79,54|21,19|40,79|3,73|40,2|14,96|2,99|19,12|71,21|94,86|54,74|22,94|77,22|99,3|40,71|96,44|31,14|74,50|40,77/40,86=40,77,22,94,86
40,11|92,54|60,92|51,49|78,16|72,38|28,53|40,66|16,12|46,60|40,46|11,50|66,28|40,96|96,72|38,68|50,51|53,9|7,78|40,7/40,12=40,7,78,16,12
64,35|32,94|4,66|82,99|66,88|99,45|16,15|82,49|82,24|82,50|49,56|12,32|82,64|24,4|61,11|35,16|50,12|87,58|56,61|45,87/82,11=82,49,56,61,11
3,66|94,43|50,98|64,50|28,94|25,23|87,51|64,16|23,79|42,24|51,42|34,96|99,28|64,65|96,54|64,87|16,34|64,99|98,3|65,25/64,79=64,65,25,23,79
98,17|36,62|95,15|36,82|15,28|36,89|79,92|92,29|62,98|82,64|83,96|36,88|36,94|57,0|64,57|17,74|94,95|88,93|89,79|93,83/36,28=36,94,95,15,28
56,94|94,50|76,92|76,56|34,33|1,55|50,12|63,5|76,34|76,1|85,95|45,14|27,4|8,74|55,27|74,59|76,85|95,45|92,8|33,63/76,4=76,1,55,27,4
9,6|67,73|28,55|8,49|52,54|76,1|55,82|73,17|67,28|82,74|67,0|67,8|45,90|54,60|49,45|67,79|79,52|0,9|17,76|6,33/67,60=67,79,52,54,60
53,20|49,81|63,5|68,1|1,31|81,45|74,42|49,21|49,63|5,53|7,74|49,7|12,2|43,12|21,43|45,24|49,68|42,11|24,9|31,14/49,2=49,21,43,12,2
77,61|8,4|47,74|35,29|8,15|25,93|55,77|15,18|8,55|8,90|61,88|8,47|20,92|79,44|74,20|44,65|90,79|18,35|33,25|4,33/8,29=8,15,18,35,29
23,10|50,67|54,39|79,70|23,38|10,25|52,15|23,87|3,54|23,64|67,88|38,3|27,73|23,50|25,52|73,81|70,76|88,83|64,79|87,27/23,81=23,87,27,73,81
83,88|17,84|4,83|17,9|9,82|49,18|17,30|14,63|68,20|84,1|80,56|30,7|17,80|82,68|7,47|47,86|56,14|1,49|17,4|88,42/17,63=17,80,56,14,63
13,40|40,63|13,16|25,51|13,83|13,25|80,94|16,23|82,52|37,38|52,37|30,98|88,59|23,71|83,64|64,88|71,10|13,82|63,30|51,80/13,94=13,25,51,80,94
51,35|53,82|43,88|80,23|28,80|1,19|19,29|41,1|51,73|34,78|78,98|88,53|51,70|51,41|73,48|47,96|48,47|70,28|51,43|35,34/51,29=51,41,1,19,29
39,15|25,12|34,25|40,39|82,81|62,20|53,33|73,94|62,5|67,34|33,32|78,65|62,9|5,70|62,82|81,78|70,73|9,53|62,67|20,40/62,94=62,5,70,73,94
17,94|81,96|88,41|1,72|1,30|1,23|99,21|0,60|1,99|1,0|60,40|40,82|94,80|84,38|21,84|30,73|73,81|72,62|23,17|62,88/1,96=1,30,73,81,96
84,3|44,6|80,92|76,52|67,66|70,68|23,65|3,34|79,90|66,9|76,79|76,80|76,37|34,81|76,84|90,70|92,44|65,40|37,67|52,23/76,68=76,79,90,70,68
75,44|22,43|76,16|16,94|94,75|76,62|76,17|62,27|76,70|70,80|36,45|76,22|80,35|35,51|27,86|45,74|43,54|54,6|86,15|17,36/76,15=76,62,27,86,15
5,16|51,44|83,33|40,59|51,29|29,5|13,37|6,78|69,17|51,42|44,6|16,70|51,83|96,9|78,1|33,69|53,96|42,53|37,40|51,13/51,1=51,44,6,78,1
22,75|22,14|76,23|22,15|24,97|60,33|22,9|9,0|30,37|36,17|7,28|28,36|15,48|14,60|75,30|0,76|48,24|22,7|37,84|33,62/22,84=22,75,30,37,84
12,28|72,31|28,80|42,24|9,97|80,85|9,82|97,89|9,12|10,72|9,6|11,43|82,11|9,4|6,10|4,42|89,7|24,65|43,26|7,83/9,26=9,82,11,43,26
74,2|60,14|34,16|16,6|63,92|20,38|92,28|10,51|60,91|76,52|2,48|14,63|6,27|52,10|60,76|57,20|91,57|31,74|60,34|60,31/60,27=60,34,16,6,27
92,62|82,65|73,12|61,8|24,5|25,82|26,4|11,0|12,92|73,11|0,26|7,71|71,61|62,45|73,7|73,9|9,25|67,39|5,67|73,24/73,8=73,7,71,61,8
8,44|8,50|8,71|57,94|96,66|8,22|50,96|13,39|66,90|78,16|4,57|22,60|29,12|8,40|17,78|40,4|71,13|39,32|60,29|44,17/8,94=8,40,4,57,94
61,1|36,62|31,7|36,53|36,74|11,82|22,61|53,25|36,21|18,9|9,87|82,20|74,22|21,31|25,43|43,32|7,92|62,11|99,18|36,99/36,92=36,21,31,7,92
19,78|42,59|91,48|44,32|61,94|40,85|19,97|14,87|19,42|19,40|59,61|24,27|48,5|19,14|97,44|85,88|78,91|32,36|88,58|87,24/19,94=19,42,59,61,94
34,57|47,87|47,65|29,11|65,62|63,73|70,77|47,51|47,68|23,45|40,81|16,23|51,34|62,63|57,94|47,29|87,95|11,70|68,16|95,40/47,77=47,29,11,70,77
12,51|71,25|1,79|30,89|88,24|11,73|66,17|88,16|2,61|69,66|79,74|88,80|88,30|25,11|16,1|89,2|38,12|24,38|88,71|80,69/88,17=88,80,69,66,17
91,53|62,69|21,48|83,33|91,96|96,16|48,32|53,29|16,98|69,15|17,35|23,62|91,23|35,46|46,22|98,79|29,83|91,17|91,21|32,87/91,33=91,53,29,83,33
45,98|47,56|3,65|5,97|98,36|49,81|19,21|97,19|47,60|50,49|47,5|85,77|47,85|56,45|91,57|47,34|60,50|77,3|57,95|34,91/47,65=47,85,77,3,65
33,30|61,37|61,45|61,70|68,8|61,88|42,0|59,33|70,15|0,62|96,24|88,5|55,68|5,66|61,59|45,42|15,96|37,55|30,32|66,17/61,62=61,45,42,0,62
80,65|80,57|57,89|12,44|65,70|79,86|46,38|25,32|24,12|9,24|92,46|58,79|62,58|70,51|28,92|51,29|80,28|80,62|80,9|89,25/80,32=80,57,89,25,32
34,40|47,87|47,65|29,11|65,62|63,73|70,77|47,51|47,68|57,94|23,45|16,57|51,34|62,63|40,81|47,29|87,95|11,70|68,16|95,23/47,77=47,29,11,70,77
66,44|19,27|56,66|24,23|30,19|97,41|99,91|53,30|23,99|90,21|17,90|97,17|11,9|97,37|97,53|97,24|41,58|37,56|21,52|58,11/97,27=97,53,30,19,27
85,91|56,51|75,80|37,6|29,56|45,59|0,99|86,10|11,49|45,29|45,85|59,98|45,17|38,11|45,86|51,19|10,37|98,0|91,75|17,38/45,49=45,17,38,11,49
67,25|36,67|52,94|25,87|70,33|36,7|36,52|33,10|7,46|22,86|46,22|95,3|94,84|3,40|0,95|84,57|36,18|18,70|87,49|36,0/36,10=36,18,70,33,10
31,22|29,19|86,29|35,81|11,82|65,20|87,72|20,50|82,40|86,95|59,30|1,35|19,31|40,52|86,87|72,59|86,91|95,1|86,11|91,65/86,30=86,87,72,59,30
75,80|4,52|1,99|15,71|22,98|98,92|4,15|25,5|4,75|5,1|80,29|4,25|67,38|52,41|51,36|29,54|4,22|92,83|41,51|71,67/4,38=4,15,71,67,38
90,61|92,83|28,38|6,33|43,41|38,6|73,43|73,28|60,29|85,25|73,90|25,34|56,85|73,56|73,60|61,97|97,50|41,92|29,48|48,95/73,50=73,90,61,97,50
64,27|25,0|20,48|4,91|98,32|26,79|0,13|32,26|25,98|13,82|82,10|25,4|48,54|70,90|94,20|27,70|25,64|76,95|91,76|25,94/25,95=25,4,91,76,95
86,0|43,65|62,14|43,31|61,5|43,62|12,69|17,56|71,96|85,17|8,13|43,61|31,46|65,86|39,85|14,8|46,12|43,39|5,71|0,63/43,13=43,62,14,8,13
87,66|50,54|81,93|1,60|80,71|27,24|84,27|71,44|45,81|80,4|80,68|80,84|36,1|24,96|44,87|54,92|80,94|68,50|4,36|94,45/80,93=80,94,45,81,93
96,8|73,96|8,47|73,98|32,17|34,60|88,43|92,32|60,24|73,91|91,92|47,39|74,94|42,46|73,74|24,29|73,34|94,88|98,42|46,50/73,17=73,91,92,32,17
56,2|31,57|33,17|79,31|23,32|30,55|73,41|55,96|96,13|26,23|41,77|33,26|32,67|33,79|17,43|43,56|33,73|33,30|77,92|57,68/33,92=33,73,41,77,92
14,43|31,14|4,95|30,51|41,76|51,48|59,50|30,41|30,4|70,1|76,94|61,97|30,70|95,59|44,53|94,83|43,90|1,44|30,31|48,61/30,90=30,31,14,43,90
57,6|10,34|10,55|8,15|55,5|88,87|15,40|16,77|42,63|28,88|10,43|5,84|10,11|11,28|43,16|84,27|63,57|34,8|77,65|10,42/10,6=10,42,63,57,6
28,58|27,93|28,54|28,29|89,83|29,60|83,87|28,45|60,14|45,46|14,91|58,98|28,37|46,77|37,21|21,27|54,89|11,84|98,11|77,75/28,84=28,58,98,11,84
93,75|77,81|88,94|56,35|93,56|19,66|7,97|93,7|52,28|97,64|93,47|93,88|63,90|75,87|35,52|64,58|87,19|94,63|47,5|5,77/93,81=93,47,5,77,81
21,1|91,26|97,0|67,48|82,3|1,73|39,51|11,91|0,11|97,15|56,82|22,56|15,75|97,21|75,39|97,18|73,10|97,22|87,67|18,87/97,10=97,21,1,73,10
7,86|21,7|88,16|30,83|18,88|97,62|62,71|5,37|21,30|43,97|83,5|86,46|25,50|46,67|96,25|50,12|21,43|21,96|16,75|21,18/21,67=21,7,86,46,67
32,16|18,74|35,49|10,62|20,50|81,10|71,35|60,4|71,63|49,32|71,18|83,97|71,78|78,81|63,73|50,60|73,83|42,52|71,20|74,42/71,52=71,18,74,42,52
3,75|0,76|76,32|54,22|53,52|75,66|73,10|87,47|63,16|37,87|54,3|66,83|70,37|54,0|54,63|16,73|32,98|18,53|54,70|22,18/54,47=54,70,37,87,47
43,5|74,41|74,96|74,37|5,32|26,18|24,69|4,97|22,8|74,1|37,26|64,24|96,43|53,66|66,4|18,13|1,64|41,35|35,22|74,53/74,13=74,37,26,18,13
75,80|4,52|92,83|15,71|22,98|98,51|4,15|25,5|4,75|5,92|80,29|4,25|67,38|52,41|1,99|29,54|4,22|51,36|41,1|71,67/4,38=4,15,71,67,38
11,54|13,84|67,71|0,50|2,6|66,73|73,14|14,60|98,11|3,13|6,98|2,31|50,87|71,70|80,67|74,0|31,3|2,74|2,66|2,80/2,54=2,6,98,11,54
24,51|20,45|53,46|53,83|45,22|51,74|46,80|85,73|26,12|53,17|80,98|69,20|53,24|53,69|74,10|83,85|17,39|73,77|98,64|39,26/53,77=53,83,85,73,77
5,99|17,66|33,47|76,43|16,9|19,52|99,31|61,5|52,28|47,93|7,61|7,15|7,76|67,16|15,19|7,53|53,67|43,17|85,33|7,85/7,9=7,53,67,16,9
85,70|84,39|38,64|27,29|35,58|14,49|58,17|17,50|29,43|49,81|43,78|39,38|27,85|81,51|27,84|70,67|78,3|67,54|27,14|27,35/27,64=27,84,39,38,64
7,25|17,83|99,70|90,1|29,76|36,89|89,67|90,45|70,14|90,17|1,29|90,50|45,36|64,43|43,39|60,99|90,60|50,64|76,98|83,7/90,67=90,45,36,89,67
82,30|21,84|13,82|41,89|65,76|84,87|89,45|6,51|64,15|65,6|65,4|53,41|76,13|65,53|87,80|58,64|60,11|4,58|65,21|51,60/65,15=65,4,58,64,15
75,71|50,85|98,19|81,28|13,79|58,60|1,98|94,95|95,81|58,75|58,94|58,13|33,50|18,44|42,66|79,18|71,42|7,1|60,33|58,7/58,44=58,13,79,18,44
40,18|67,98|12,9|57,14|20,67|84,40|12,75|42,46|47,57|27,42|76,16|12,76|12,47|9,84|16,87|14,79|46,29|87,89|75,20|12,27/12,18=12,9,84,40,18
21,53|70,21|84,87|84,70|96,88|76,30|39,96|56,76|84,8|77,41|84,64|41,75|53,73|8,42|16,35|59,77|42,16|64,56|87,39|84,59/84,73=84,70,21,53,73
90,86|82,76|89,82|89,26|69,11|19,39|11,52|5,50|84,33|71,8|76,19|89,90|26,24|1,49|24,71|86,1|89,16|33,5|16,69|89,84/89,49=89,90,86,1,49
58,77|42,25|80,32|25,31|80,93|32,94|11,8|94,78|77,99|93,57|13,46|57,11|82,42|80,40|80,82|40,13|80,58|46,87|99,69|78,9/80,8=80,93,57,11,8
42,49|42,44|0,8|32,43|42,76|42,32|44,0|89,59|42,33|62,73|49,6|8,10|43,78|59,69|33,70|82,31|6,82|76,89|78,45|70,62/42,45=42,32,43,78,45
4,30|62,23|97,11|23,53|53,5|95,46|49,35|61,39|97,95|97,15|15,78|11,28|28,82|35,1|1,25|82,63|46,61|78,4|97,49|97,62/97,25=97,49,35,1,25
15,67|88,66|28,6|67,60|95,54|35,1|40,95|15,26|66,32|6,2|15,40|15,4|15,88|77,46|32,87|46,69|26,77|4,28|60,35|54,14/15,87=15,88,66,32,87
74,62|96,28|83,16|28,91|18,74|83,18|16,61|62,95|55,57|83,4|98,85|83,96|85,21|4,55|57,63|91,75|37,80|83,98|21,86|61,37/83,80=83,16,61,37,80
16,30|92,28|81,74|3,16|67,57|74,21|3,67|3,56|19,35|95,81|30,34|1,78|3,50|3,95|34,69|50,19|35,85|56,17|57,92|17,1/3,69=3,16,30,34,69
27,14|97,20|40,46|48,59|97,12|97,40|14,30|46,32|20,48|93,23|97,43|97,93|53,72|32,0|86,34|23,53|43,27|59,36|68,86|12,68/97,36=97,20,48,59,36
9,89|87,7|12,57|54,87|21,9|10,94|72,47|72,34|63,92|7,14|11,91|34,11|72,17|17,21|94,32|72,54|91,65|47,10|92,12|72,63/72,14=72,54,87,7,14
53,72|29,1|50,56|69,68|56,90|38,65|0,50|0,29|28,53|47,28|0,69|74,32|68,20|0,96|79,74|1,38|0,47|20,61|96,79|90,57/0,32=0,96,79,74,32
74,60|31,26|37,75|74,9|74,37|60,31|35,66|19,79|74,88|66,49|75,7|88,78|26,89|25,35|9,53|78,19|6,42|7,50|74,25|53,6/74,42=74,9,53,6,42
38,12|6,9|4,99|8,42|43,41|99,28|9,5|31,19|35,97|42,17|56,6|0,26|28,78|41,31|8,43|8,4|8,38|8,56|12,35|17,0/8,97=8,38,12,35,97
10,38|79,95|54,19|79,68|22,77|60,78|19,40|0,8|79,7|79,10|40,33|68,48|7,22|79,54|35,61|95,76|38,35|76,60|77,26|48,0/79,26=79,7,22,77,26
33,66|61,37|61,45|61,70|68,8|61,88|42,0|59,33|70,15|0,62|30,32|88,5|55,68|5,96|61,59|45,42|15,30|37,55|66,17|96,24/61,62=61,45,42,0,62
9,24|41,69|41,3|3,25|41,20|20,39|25,55|87,16|49,90|16,77|41,93|30,75|39,30|89,49|41,87|51,9|69,51|55,84|93,89|77,14/41,75=41,20,39,30,75
85,47|33,99|51,67|86,10|67,5|43,22|17,85|99,50|94,51|50,7|17,94|17,33|47,43|13,90|17,86|18,81|90,89|10,18|17,13|89,91/17,91=17,13,90,89,91
31,35|31,81|59,21|81,77|35,55|16,4|64,44|4,23|96,26|55,59|38,40|77,24|10,38|62,16|31,64|24,19|44,96|31,36|31,62|36,10/31,23=31,62,16,4,23
95,74|54,88|90,71|12,24|54,68|69,16|91,90|88,70|54,95|68,91|70,33|74,96|77,1|54,18|33,41|18,60|1,69|54,77|96,38|60,12/54,24=54,18,60,12,24
72,22|36,25|22,99|7,68|63,36|25,97|63,69|97,50|57,98|37,14|52,7|81,72|63,51|69,37|63,57|79,61|63,81|98,79|51,52|14,89/63,50=63,36,25,97,50
66,79|88,63|86,13|17,84|45,30|54,66|86,16|51,83|86,22|84,59|97,73|86,38|76,51|86,45|16,76|22,54|13,17|30,97|38,88|63,18/86,59=86,13,17,84,59
86,96|67,32|86,59|59,7|23,34|80,19|34,61|32,90|62,22|22,38|64,67|7,9|19,27|86,64|86,48|96,62|48,23|9,93|27,79|86,80/86,38=86,96,62,22,38
52,48|8,96|28,70|56,1|83,23|20,8|58,2|1,83|20,81|15,38|91,42|20,5|38,86|20,56|53,28|96,58|5,53|20,91|42,52|81,15/20,48=20,91,42,52,48
5,33|39,4|5,25|27,85|67,56|33,96|5,67|34,65|4,93|54,28|23,83|96,23|56,34|5,75|93,68|5,39|41,27|25,92|92,54|75,41/5,65=5,67,56,34,65
6,79|5,60|82,53|79,40|67,65|59,63|2,5|65,37|47,28|96,67|77,6|59,96|59,51|59,16|59,77|14,82|16,14|28,42|51,47|63,2/59,60=59,63,2,5,60
67,14|25,88|95,16|89,23|95,26|22,41|95,36|26,67|79,12|0,2|95,0|70,79|88,11|12,75|95,70|16,56|36,25|56,22|14,77|2,89/95,23=95,0,2,89,23
47,56|11,46|60,73|1,92|24,11|73,47|53,75|92,16|33,99|46,21|60,1|60,96|60,65|16,51|96,53|75,19|65,33|56,4|60,24|99,94/60,4=60,73,47,56,4
56,19|56,90|55,69|56,55|56,88|19,61|92,25|47,75|25,47|74,93|98,71|61,98|91,51|79,91|93,4|56,92|88,79|80,96|90,74|69,80/56,71=56,19,61,98,71
63,6|14,22|19,86|38,0|78,48|48,19|22,35|78,38|78,59|94,26|93,23|59,94|26,67|96,63|78,7|7,96|86,29|78,45|0,93|45,14/78,35=78,45,14,22,35
87,10|41,97|76,28|4,1|21,4|45,24|27,48|36,74|36,55|79,38|3,21|55,41|36,3|36,45|75,27|24,79|74,75|10,76|36,87|97,40/36,48=36,74,75,27,48
46,31|6,76|69,45|45,22|31,29|69,46|75,97|7,92|22,7|29,99|26,94|69,27|69,75|44,39|69,83|97,44|43,6|48,26|27,48|83,43/69,94=69,27,48,26,94
95,61|23,85|2,59|81,57|81,22|5,98|85,24|38,37|58,38|1,5|19,95|81,64|57,2|22,1|81,19|61,72|59,68|81,94|64,58|94,23/81,37=81,64,58,38,37
57,24|35,1|33,84|89,78|1,10|33,52|33,63|33,57|52,53|88,54|58,8|25,64|93,56|33,58|54,18|53,93|24,25|63,35|8,89|84,88/33,18=33,84,88,54,18
69,10|32,7|35,76|91,64|69,32|69,87|95,39|87,46|7,40|55,75|75,91|39,35|46,34|69,55|40,12|86,15|34,30|10,86|69,95|15,41/69,30=69,87,46,34,30
39,24|51,62|0,38|62,29|27,99|27,91|24,42|91,51|99,55|65,68|90,0|54,75|55,65|27,48|27,69|75,92|27,90|69,54|38,4|48,39/27,42=27,48,39,24,42
69,12|71,80|31,27|7,10|69,7|69,56|5,71|47,88|17,31|9,86|10,47|26,9|86,49|84,51|56,84|12,17|69,26|80,39|69,5|51,20/69,39=69,5,71,80,39
58,63|75,76|21,75|17,68|17,46|67,5|24,87|28,70|68,31|54,92|63,28|51,11|86,24|31,51|17,67|1,21|46,86|17,58|17,1|5,54/17,11=17,68,31,51,11
68,70|93,27|72,34|95,65|19,63|63,5|70,67|90,93|98,96|5,49|98,90|98,59|96,89|65,18|59,95|89,72|98,10|27,75|98,19|10,68/98,34=98,96,89,72,34
21,92|16,10|25,40|72,7|88,72|86,52|7,96|44,21|13,5|43,86|43,89|6,25|43,69|43,88|69,6|52,13|43,16|8,45|89,44|10,8/43,40=43,69,6,25,40
77,20|8,4|47,74|35,29|8,15|61,88|55,77|15,18|8,55|8,90|20,92|8,47|25,93|79,44|74,25|44,65|90,79|18,35|33,61|4,33/8,29=8,15,18,35,29
80,6|8,91|10,8|64,67|27,80|52,10|96,64|87,39|96,87|67,20|96,51|40,75|37,7|51,27|7,9|20,95|96,52|9,18|39,40|96,37/96,95=96,64,67,20,95
3,64|14,59|26,84|59,8|64,98|43,85|6,90|97,63|26,2|2,14|69,46|0,69|84,3|63,44|26,6|26,97|46,28|26,0|90,43|44,99/26,28=26,0,69,46,28
75,9|48,11|47,71|47,37|15,17|86,1|57,48|24,78|9,63|47,2|17,23|78,87|71,15|47,62|98,86|62,75|37,57|2,98|87,96|47,24/47,11=47,37,57,48,11
9,4|55,27|78,92|27,33|97,26|47,39|2,78|0,5|55,76|55,9|33,56|77,97|55,77|5,34|55,50|26,65|4,47|76,0|56,42|50,2/55,39=55,9,4,47,39
98,68|33,71|65,2|68,44|54,58|65,27|62,75|65,22|65,95|27,98|95,20|37,31|20,19|75,82|19,49|71,54|65,33|31,4|2,37|22,62/65,49=65,95,20,19,49
7,82|31,59|64,31|14,62|75,24|47,4|22,2|47,75|62,54|47,41|68,89|66,68|24,22|47,66|59,11|4,79|41,14|79,7|89,51|47,64/47,54=47,41,14,62,54
32,29|4,8|38,68|89,95|87,80|80,32|87,82|87,38|71,63|8,76|59,0|95,72|68,73|82,4|87,15|29,6|73,2|63,59|87,71|15,89/87,76=87,82,4,8,76
98,79|17,71|92,84|8,36|92,17|70,74|26,63|92,90|63,9|46,26|40,12|84,85|81,70|71,98|92,54|90,81|85,40|54,64|92,46|64,8/92,74=92,90,81,70,74
36,38|83,68|36,11|16,79|59,95|95,56|11,59|74,97|68,66|57,47|36,57|99,29|38,74|36,46|36,48|46,45|48,83|97,10|45,16|47,99/36,79=36,46,45,16,79
89,59|80,7|13,37|5,80|4,75|5,24|75,23|5,89|34,36|63,34|7,52|59,13|5,45|24,4|46,28|5,63|45,46|28,48|52,93|36,39/5,39=5,63,34,36,39
39,89|1,66|93,87|66,58|39,95|95,4|61,10|4,56|39,96|96,93|11,82|18,11|39,84|10,83|84,1|56,24|87,40|89,18|0,61|39,0/39,82=39,89,18,11,82
79,23|79,49|28,35|79,12|79,64|49,13|27,38|9,29|45,50|12,9|64,28|79,27|13,74|38,45|74,63|35,61|29,32|23,24|24,98|98,96/79,63=79,49,13,74,63
33,66|88,23|33,5|67,60|33,67|95,77|37,73|69,40|26,88|22,59|43,22|93,26|66,43|46,11|40,54|5,69|60,95|33,37|33,93|73,46/33,23=33,93,26,88,23
38,69|23,98|69,58|84,78|38,46|58,1|38,77|77,9|78,45|7,64|41,7|43,40|65,41|9,43|1,61|38,23|46,84|38,65|16,55|98,16/38,40=38,77,9,43,40
11,43|63,28|64,31|43,32|88,35|35,40|63,25|25,92|65,64|92,26|63,11|26,60|28,19|36,65|19,76|63,36|63,20|32,33|76,83|20,88/63,31=63,36,65,64,31
4,86|2,15|2,4|81,71|58,97|55,81|1,14|62,58|22,93|38,88|15,1|71,63|2,55|56,38|97,52|86,22|2,62|14,95|88,51|2,56/2,51=2,56,38,88,51
20,13|1,78|86,20|86,93|73,84|13,1|94,32|77,46|54,18|61,71|84,54|86,22|93,61|71,36|92,77|32,50|10,92|22,94|86,73|86,10/86,18=86,73,84,54,18
85,47|33,99|51,18|86,10|18,81|43,22|17,85|99,67|94,51|67,5|17,94|17,33|47,43|13,90|17,86|50,7|90,89|10,50|17,13|89,91/17,91=17,13,90,89,91
40,92|77,80|85,9|9,90|30,8|85,37|91,29|80,87|54,60|37,1|85,49|29,54|8,88|18,50|90,18|1,40|85,91|49,77|85,30|88,86/85,92=85,37,1,40,92
90,19|24,10|52,89|19,22|3,12|0,83|10,58|58,55|70,0|12,48|3,70|89,34|83,84|34,47|57,90|3,52|94,37|48,94|3,57|3,24/3,37=3,12,48,94,37
96,12|46,58|55,91|99,19|21,99|96,7|68,46|41,27|96,83|26,55|85,26|18,21|96,18|36,0|7,41|96,85|83,68|12,36|0,57|27,20/96,91=96,85,26,55,91
90,1|38,20|76,64|91,55|24,62|93,66|76,93|41,52|33,75|76,41|52,24|55,90|76,91|59,49|76,33|99,38|66,87|87,0|75,59|64,99/76,62=76,41,52,24,62
7,56|97,38|67,37|76,90|26,99|89,14|64,89|76,17|10,9|62,63|38,67|56,33|63,10|76,98|98,64|17,18|18,26|90,7|76,97|76,62/76,99=76,17,18,26,99
80,85|41,49|14,80|14,77|4,28|71,97|49,31|81,70|14,0|28,35|43,81|14,60|14,4|75,72|77,43|51,75|85,71|0,51|60,41|35,89/14,31=14,60,41,49,31
27,81|2,86|95,85|53,94|89,61|66,62|63,53|75,95|91,63|81,54|54,66|3,2|76,75|27,76|27,91|86,47|27,3|27,29|29,89|61,1/27,85=27,76,75,95,85
51,60|62,51|19,89|59,16|53,2|5,85|19,58|16,96|91,74|86,62|19,21|25,91|95,53|40,5|89,95|19,86|58,59|19,66|66,25|21,40/19,2=19,89,95,53,2
81,87|54,93|50,47|9,14|37,96|43,22|68,50|8,20|5,68|39,54|81,24|20,95|81,37|81,5|24,39|81,9|46,32|87,8|14,43|96,46/81,32=81,37,96,46,32
19,80|6,45|58,33|19,5|63,82|33,32|80,84|19,71|48,85|30,58|1,48|71,6|19,30|51,98|5,1|45,88|19,63|64,93|84,51|82,64/19,85=19,5,1,48,85
79,59|13,41|79,95|25,66|92,27|80,13|6,69|79,19|95,54|88,6|22,35|66,39|79,94|38,88|19,25|54,92|79,38|59,80|8,22|94,8/79,35=79,94,8,22,35
70,9|9,33|25,12|3,72|2,29|73,13|52,64|23,0|72,23|70,73|38,86|70,3|12,60|86,2|31,25|95,89|70,38|33,52|13,95|70,31/70,0=70,3,72,23,0
61,13|66,33|44,65|11,0|78,72|60,61|20,48|72,53|78,66|78,88|78,60|91,11|51,57|53,51|88,91|13,89|48,44|33,39|78,20|39,55/78,89=78,60,61,13,89
9,32|79,30|68,78|2,68|39,81|38,74|79,38|93,31|7,45|79,5|58,97|86,7|97,63|79,9|30,2|5,58|32,39|79,86|74,93|45,34/79,63=79,5,58,97,63
10,32|32,87|92,95|92,63|11,0|92,88|69,11|24,71|92,99|53,61|63,69|95,53|97,74|58,84|88,10|99,18|92,24|18,58|71,97|61,85/92,85=92,95,53,61,85
96,0|42,19|52,3|88,90|90,75|88,86|49,62|88,37|19,80|3,96|60,93|91,44|88,52|22,60|86,11|37,42|88,22|11,49|75,91|93,32/88,32=88,22,60,93,32
12,18|92,27|32,16|1,85|53,22|88,78|32,92|36,81|32,1|16,88|32,12|32,28|78,33|18,69|85,36|28,53|58,90|27,58|69,59|22,66/32,33=32,16,88,78,33
5,3|34,1|33,48|17,67|60,16|15,78|33,34|33,60|3,15|16,44|92,52|55,45|33,92|1,65|22,17|44,75|33,5|52,55|65,28|48,22/33,45=33,92,52,55,45
7,52|89,79|33,74|1,85|6,45|44,88|11,89|6,33|26,36|82,78|78,7|50,30|6,26|6,82|91,11|45,87|36,44|87,50|6,91|74,1/6,85=6,33,74,1,85
34,75|4,85|85,30|99,65|34,28|34,96|65,13|61,60|86,99|98,21|30,3|75,19|25,79|21,97|96,98|28,57|34,4|57,25|34,86|19,61/34,3=34,4,85,30,3
12,7|51,42|52,2|5,30|60,16|74,65|37,19|94,12|16,5|94,52|2,74|94,60|75,51|89,73|32,75|94,80|94,32|7,37|15,89|80,15/94,30=94,60,16,5,30
27,5|74,63|19,69|29,34|58,90|80,13|90,39|34,86|27,18|18,87|69,43|76,19|27,29|87,80|63,50|39,16|5,74|86,61|27,76|27,58/27,16=27,58,90,39,16
60,23|2,92|60,59|59,61|60,37|33,88|23,2|88,54|28,9|8,58|60,8|34,94|60,33|9,36|92,83|58,3|37,28|3,35|61,34|54,73/60,36=60,37,28,9,36
14,49|6,87|91,73|66,98|73,10|45,70|49,0|97,91|90,79|90,97|98,6|90,19|19,14|70,72|48,80|90,45|80,94|79,48|90,66|72,59/90,94=90,79,48,80,94
63,85|72,79|57,67|49,94|83,72|57,30|30,63|57,19|85,34|7,75|94,55|88,83|74,7|2,68|57,51|57,88|51,56|56,2|19,49|67,74/57,34=57,30,63,85,34
24,33|42,55|33,17|47,62|32,24|86,74|15,86|14,70|47,14|55,18|74,63|62,42|19,78|78,80|47,19|47,32|89,52|80,50|70,89|47,15/47,63=47,15,86,74,63
54,61|94,58|63,8|62,21|31,29|47,62|94,69|73,11|72,93|93,31|94,72|3,54|94,88|69,24|58,3|24,63|94,47|21,20|11,32|88,73/94,29=94,72,93,31,29
55,64|3,84|27,81|27,47|64,10|42,41|19,72|27,98|81,55|87,17|47,19|31,3|17,57|41,49|72,48|27,31|27,92|92,87|84,11|98,42/27,11=27,31,3,84,11
14,31|80,83|45,12|61,80|45,33|89,36|19,96|33,91|92,61|20,14|82,57|31,63|45,92|45,19|45,20|96,27|8,82|12,8|27,10|91,89/45,10=45,19,96,27,10
85,26|49,11|9,7|45,90|11,85|90,58|42,95|58,25|7,37|64,65|43,21|14,42|32,14|9,49|9,93|9,32|93,64|65,60|9,45|37,43/9,26=9,49,11,85,26
0,34|5,57|78,75|11,14|27,10|27,72|27,52|58,94|27,4|87,90|52,44|34,83|72,31|31,78|4,18|27,58|18,87|94,11|10,0|44,5/27,57=27,52,44,5,57
9,46|95,44|54,98|39,54|29,93|67,1|93,68|29,39|75,40|1,56|68,95|98,37|77,57|29,9|89,67|96,26|29,77|57,96|46,75|29,89/29,26=29,77,57,96,26
35,40|73,90|88,2|2,62|76,35|80,47|97,76|34,73|96,20|47,21|97,63|97,93|62,84|97,58|20,79|93,34|58,96|97,88|40,8|63,80/97,21=97,63,80,47,21
1,97|32,65|32,48|92,74|69,83|32,55|74,14|94,66|25,58|97,95|58,94|32,25|48,69|65,92|67,98|40,1|98,18|55,67|32,40|83,38/32,66=32,25,58,94,66
16,34|83,70|31,10|6,63|16,35|10,45|58,83|16,19|64,17|19,58|16,37|12,47|35,31|37,48|67,64|34,12|17,84|48,6|47,51|16,67/16,70=16,19,58,83,70
9,24|41,69|41,3|3,25|41,20|20,39|25,77|87,16|55,84|16,49|41,93|30,75|39,30|89,55|41,87|51,9|69,51|77,14|93,89|49,90/41,75=41,20,39,30,75
9,24|41,69|41,3|3,25|41,20|20,39|25,49|87,16|77,14|16,55|41,93|30,75|39,30|89,77|41,87|51,9|69,51|49,90|93,89|55,84/41,75=41,20,39,30,75
15,67|95,92|15,41|35,38|79,30|49,79|67,84|38,4|77,20|10,77|15,95|15,80|4,99|72,53|92,72|15,35|80,10|84,21|21,43|41,49/15,99=15,35,38,4,99
85,95|64,73|39,56|61,25|49,23|69,61|73,66|57,69|96,30|56,47|30,80|40,39|86,49|64,40|64,57|64,86|66,85|23,13|64,48|48,96/64,13=64,86,49,23,13
87,43|99,50|48,35|83,34|83,65|4,26|83,30|43,29|35,36|50,3|65,87|83,71|34,99|30,92|89,48|83,89|92,75|71,1|1,4|75,68/83,68=83,30,92,75,68
43,98|21,49|21,43|21,53|21,42|68,70|3,52|2,95|42,40|21,17|17,2|40,5|98,3|53,19|41,67|19,68|5,74|95,71|67,13|49,41/21,70=21,53,19,68,70
73,52|78,91|52,65|11,40|63,88|88,27|77,36|66,63|10,11|70,64|36,17|91,73|78,10|78,44|60,70|78,66|44,77|64,87|40,13|78,60/78,17=78,44,77,36,17
52,54|9,61|9,39|54,81|42,56|91,76|61,96|50,93|39,52|62,31|73,20|31,85|20,7|56,50|9,62|77,73|96,91|9,77|85,94|9,42/9,7=9,77,73,20,7
37,99|8,73|65,76|12,11|73,77|37,21|5,8|88,65|61,12|46,89|37,51|51,26|21,61|26,78|37,46|89,47|99,88|78,80|47,35|37,5/37,11=37,21,61,12,11
24,37|21,69|69,28|43,0|8,73|24,81|37,31|24,64|31,55|24,32|24,76|55,48|81,43|64,38|74,89|68,8|76,68|0,29|32,21|38,74/24,28=24,32,21,69,28
7,16|63,59|23,37|7,8|85,9|35,52|28,74|95,43|7,93|52,49|93,69|8,35|66,28|7,23|81,85|16,81|69,63|7,64|64,66|37,95/7,43=7,23,37,95,43
72,91|60,20|64,62|20,18|94,68|62,54|84,48|90,2|18,94|60,27|60,93|48,44|85,72|93,32|60,85|32,90|60,26|27,64|91,35|26,84/60,35=60,85,72,91,35
12,17|96,41|60,57|67,18|62,53|68,88|68,60|64,34|70,77|41,70|53,39|57,12|68,64|38,46|88,78|78,67|68,96|68,62|34,38|39,9/68,9=68,62,53,39,9
28,53|34,10|34,44|10,96|47,69|34,86|33,43|34,77|56,8|96,5|69,12|34,56|8,88|86,28|77,85|85,33|88,98|5,54|53,40|44,47/34,98=34,56,8,88,98
4,30|72,18|42,41|41,48|9,79|19,4|69,72|9,74|77,40|74,29|29,77|63,82|82,56|9,69|56,26|53,42|9,53|9,63|18,22|79,19/9,48=9,53,42,41,48
77,9|79,59|61,33|33,0|95,41|79,25|68,83|63,77|41,93|79,82|0,11|81,26|59,29|25,63|79,40|82,95|79,61|26,85|29,68|40,81/79,85=79,40,81,26,85
3,94|17,58|96,39|96,3|12,17|96,81|25,78|98,37|37,22|96,57|42,54|81,42|96,62|62,98|94,68|68,64|54,48|57,12|78,55|39,25/96,64=96,3,94,68,64
45,33|78,6|68,77|46,34|79,68|45,79|21,57|45,32|28,66|66,23|57,67|45,21|33,51|32,71|77,44|41,28|67,96|71,78|45,41|51,46/45,6=45,32,71,78,6
67,0|24,74|79,89|40,72|66,6|23,25|79,69|46,14|89,12|82,75|81,49|69,57|79,67|57,24|72,81|6,23|79,40|79,66|0,46|12,82/79,74=79,69,57,24,74
35,73|93,89|52,1|5,52|54,17|1,54|5,43|47,34|48,23|91,48|89,35|76,91|81,31|5,93|43,47|5,76|88,97|5,81|34,14|31,88/5,17=5,52,1,54,17
94,43|78,56|86,62|84,2|63,74|62,37|68,25|63,86|63,20|13,78|91,84|63,68|63,39|8,81|25,94|39,21|21,8|37,15|74,13|20,91/63,15=63,86,62,37,15
28,57|50,49|58,81|57,99|2,80|87,1|16,75|25,20|20,87|99,98|23,29|62,58|80,16|71,91|50,25|50,2|50,23|50,28|49,62|29,71/50,75=50,2,80,16,75
69,3|41,70|51,30|58,78|2,5|3,97|69,58|78,96|49,81|69,31|31,37|80,51|97,41|30,76|5,65|96,67|37,49|57,2|69,57|69,80/69,70=69,3,97,41,70
15,87|57,18|95,3|17,57|87,70|18,28|42,26|70,99|17,42|28,71|3,67|94,84|60,14|69,50|17,69|17,54|50,94|54,95|26,60|17,15/17,99=17,15,87,70,99
24,85|31,78|95,40|59,81|7,19|66,8|15,4|83,15|14,69|40,39|81,31|83,95|83,59|49,66|71,49|4,24|39,16|83,7|19,14|83,71/83,69=83,7,19,14,69
94,64|94,84|70,25|65,74|98,65|94,10|84,33|64,22|63,98|39,41|41,19|34,48|91,39|94,91|33,70|10,34|79,69|48,93|22,79|94,63/94,74=94,63,98,65,74
95,32|72,50|40,80|65,94|17,2|70,40|70,65|19,74|47,81|80,17|70,95|92,51|32,72|70,92|36,24|51,76|94,36|76,91|70,47|81,19/70,74=70,47,81,19,74
32,55|77,41|50,83|46,72|27,1|72,10|37,99|84,57|57,38|8,62|99,74|74,31|55,46|32,77|32,37|87,84|32,8|62,50|41,27|32,87/32,38=32,87,84,57,38
40,11|38,68|60,38|92,54|78,16|72,51|28,53|40,66|16,12|46,60|40,46|11,50|66,28|40,96|96,72|51,49|50,92|53,9|7,78|40,7/40,12=40,7,78,16,12
8,98|88,58|85,72|45,53|72,99|99,64|81,83|8,38|58,34|8,47|47,48|8,79|73,65|38,45|53,31|79,88|65,14|8,85|48,81|98,73/8,31=8,38,45,53,31
16,18|86,79|54,61|18,15|30,6|23,33|30,23|6,52|15,77|41,65|52,54|10,44|65,10|30,16|30,37|37,17|51,98|33,51|30,41|17,86/30,61=30,6,52,54,61
59,42|39,38|94,16|98,26|25,23|20,31|20,68|68,24|20,64|20,69|64,39|13,98|24,94|17,2|20,25|69,13|23,17|31,66|38,46|66,59/20,42=20,31,66,59,42
25,83|74,35|85,10|85,77|37,3|20,41|35,63|85,80|62,25|85,37|85,62|7,33|3,20|75,24|10,7|24,6|80,75|83,64|77,74|33,90/85,64=85,62,25,83,64
41,53|89,65|3,59|96,58|65,27|41,55|41,89|27,22|11,78|19,3|91,96|56,91|41,19|18,52|53,11|41,56|78,85|59,50|55,1|1,18/41,58=41,56,91,96,58
40,65|32,83|65,57|91,82|32,15|57,68|92,90|90,36|82,30|32,40|1,19|19,44|32,45|45,1|32,37|83,91|43,47|15,92|47,11|37,43/32,11=32,37,43,47,11
57,71|33,70|67,28|39,13|57,98|57,75|89,24|51,67|75,3|3,33|28,47|98,89|71,94|64,23|57,51|88,0|57,39|24,27|94,64|13,88/57,27=57,98,89,24,27
11,91|72,0|96,43|87,77|77,96|9,64|83,28|64,61|41,24|14,62|0,14|3,60|41,87|24,3|41,67|41,11|91,83|41,72|67,9|60,10/41,61=41,67,9,64,61
63,84|69,1|52,47|35,66|70,67|71,69|92,70|73,95|95,57|28,35|26,28|84,73|49,52|63,26|63,64|24,92|63,38|63,24|64,71|38,49/63,47=63,38,49,52,47
89,91|32,48|81,64|85,11|85,6|54,67|85,54|37,81|11,32|71,84|6,1|84,52|31,71|48,45|85,31|67,66|66,8|1,89|85,37|64,49/85,49=85,37,81,64,49
56,87|96,78|23,56|55,44|44,96|89,27|32,3|55,42|27,93|3,99|55,32|92,13|42,23|55,18|18,92|78,21|58,89|55,58|99,29|13,12/55,21=55,44,96,78,21
17,11|44,83|3,47|28,67|50,74|29,17|3,29|47,7|45,64|83,35|11,55|7,87|3,18|90,50|3,33|18,90|3,45|33,44|64,28|87,57/3,74=3,18,90,50,74
85,27|88,52|7,46|85,87|85,86|52,83|69,62|85,35|87,9|62,4|85,69|58,67|86,84|13,65|35,88|27,13|65,77|9,7|4,17|84,58/85,67=85,86,84,58,67
48,14|54,8|95,46|84,17|5,85|19,67|67,80|85,48|1,19|86,28|46,13|1,5|1,29|1,76|76,54|17,86|80,78|8,52|1,84|29,95/1,28=1,84,17,86,28
84,74|5,42|66,84|35,31|9,72|43,14|67,66|5,85|42,90|28,10|90,24|5,28|38,16|31,9|0,43|5,67|24,47|5,35|85,0|10,38/5,16=5,28,10,38,16
75,36|42,32|76,6|12,3|55,51|68,15|26,88|12,26|12,46|36,42|12,75|93,68|63,11|88,63|3,76|50,55|49,93|46,50|12,49|6,14/12,32=12,75,36,42,32
4,74|7,64|85,90|73,4|6,75|59,81|81,49|8,14|1,73|85,86|75,48|86,7|85,1|85,17|97,8|64,13|47,59|17,97|90,6|85,47/85,74=85,1,73,4,74
2,24|9,63|43,45|24,70|58,97|8,15|42,44|90,43|17,58|42,32|70,54|42,17|42,2|44,59|45,95|97,69|42,90|63,37|32,9|59,8/42,54=42,2,24,70,54
60,25|88,89|80,4|80,66|80,88|80,53|55,46|30,60|53,24|18,68|80,18|90,20|24,37|96,90|21,31|68,21|89,55|37,12|66,96|4,30/80,12=80,53,24,37,12
57,46|95,91|99,71|73,61|62,42|71,73|6,34|7,99|7,63|72,62|26,6|34,5|91,67|63,95|86,57|7,79|7,26|7,72|42,87|79,86/7,87=7,72,62,42,87
42,90|96,54|94,42|94,9|4,69|29,91|94,36|71,29|94,96|88,44|9,13|13,4|94,98|36,71|93,68|68,52|54,11|11,79|98,93|90,88/94,69=94,9,13,4,69
88,97|93,89|52,1|5,52|54,17|1,54|5,43|47,34|35,73|91,35|89,88|76,91|81,31|5,93|43,47|5,76|48,23|5,81|34,14|31,48/5,17=5,52,1,54,17
61,0|18,42|94,77|34,15|81,34|28,47|76,67|44,28|40,99|42,44|18,14|20,98|18,94|18,61|0,20|77,91|67,40|14,81|18,76|91,75/18,47=18,42,44,28,47
12,7|37,19|52,2|5,30|60,16|74,65|89,73|94,12|16,5|94,52|2,74|94,60|75,37|51,42|32,75|94,80|94,32|7,89|15,51|80,15/94,30=94,60,16,5,30
51,87|16,88|88,23|16,80|29,93|16,19|32,50|16,64|36,37|23,29|80,61|16,22|87,86|61,82|82,13|81,32|19,51|37,90|64,81|22,36/16,13=16,80,61,82,13
52,74|31,52|4,32|21,67|68,27|3,86|5,80|19,4|34,17|21,50|67,19|17,43|50,31|43,53|21,5|27,3|44,60|21,34|80,44|21,68/21,32=21,67,19,4,32
59,69|50,94|91,26|16,36|52,19|35,40|63,58|81,16|35,63|40,14|4,52|19,37|35,55|55,81|72,91|35,4|35,57|58,59|57,72|14,50/35,94=35,40,14,50,94
61,35|56,71|61,82|73,40|35,73|16,28|84,6|61,59|59,12|61,78|95,68|71,32|68,10|78,95|62,56|61,62|82,55|40,30|55,16|12,84/61,6=61,59,12,84,6
18,97|43,48|66,2|22,63|92,47|48,76|12,54|92,12|4,22|92,74|47,65|57,98|65,57|2,18|92,66|24,11|92,16|74,4|16,43|54,24/92,76=92,16,43,48,76
35,97|0,8|61,11|78,86|14,61|38,1|47,62|30,47|78,30|78,14|62,27|11,98|78,31|43,38|31,0|97,58|8,57|78,43|1,44|86,35/78,27=78,30,47,62,27
46,92|69,8|46,13|46,81|68,62|45,69|81,7|27,91|39,27|20,45|46,20|28,80|60,1|1,68|46,60|11,10|92,19|7,28|13,39|19,11/46,91=46,13,39,27,91
83,27|85,66|85,28|70,45|32,69|45,64|77,8|28,35|93,42|66,17|27,59|26,38|85,11|11,83|85,98|17,93|35,77|85,32|69,26|98,70/85,38=85,32,69,26,38
78,87|22,91|94,9|75,73|22,34|9,30|45,83|22,78|74,42|34,60|83,75|87,16|98,94|22,45|99,27|91,74|60,99|16,46|22,98|42,33/22,73=22,45,83,75,73
90,77|27,41|87,67|90,27|59,93|18,45|98,75|75,13|90,70|96,98|45,82|64,87|0,55|17,64|90,96|90,17|77,0|70,18|55,89|41,59/90,82=90,70,18,45,82
87,99|54,20|75,5|93,56|93,94|94,53|39,18|53,54|56,86|48,75|5,36|93,39|76,33|18,14|33,73|93,49|93,48|49,76|86,87|14,43/93,36=93,48,75,5,36
57,30|15,42|61,57|42,14|14,16|6,13|13,3|51,66|70,86|59,61|6,15|49,53|80,49|3,51|6,43|6,59|43,80|6,10|91,70|10,91/6,30=6,59,61,57,30
93,11|93,28|28,29|91,73|11,21|82,3|93,91|48,50|29,97|97,37|76,70|96,41|21,48|73,96|70,69|93,12|15,90|12,76|93,82|3,15/93,41=93,91,73,96,41
60,43|32,64|64,17|96,7|30,83|61,96|43,31|95,36|1,75|36,19|75,25|77,1|83,32|30,4|19,67|30,94|30,95|30,77|94,61|4,60/30,25=30,77,1,75,25
49,99|51,45|0,67|19,80|19,33|91,0|47,51|1,49|36,86|19,91|19,47|45,65|33,55|19,84|55,97|84,1|97,54|67,87|26,36|80,26/19,87=19,91,0,67,87
92,87|29,89|93,59|93,16|57,39|23,57|52,35|79,52|80,66|71,92|93,81|66,25|59,80|89,4|93,29|4,55|81,79|16,71|39,38|93,23/93,25=93,59,80,66,25
95,4|11,90|17,28|11,80|97,83|11,12|90,97|75,96|92,21|96,45|83,85|98,89|76,17|10,75|12,92|21,49|11,10|4,98|11,95|80,76/11,49=11,12,92,21,49
14,72|59,23|32,5|8,41|23,19|5,34|48,14|52,86|52,32|45,8|81,69|55,48|52,94|92,59|34,61|52,55|52,92|69,13|94,45|86,81/52,13=52,86,81,69,13
51,69|87,26|48,25|24,99|25,72|60,87|24,9|94,51|7,94|24,83|55,43|24,76|67,14|24,7|76,48|36,67|83,55|99,60|43,70|9,36/24,26=24,99,60,87,26
29,17|65,40|63,4|18,29|32,30|23,63|65,85|65,88|24,18|71,47|65,24|85,60|40,32|65,97|97,73|73,71|88,23|30,31|60,3|3,42/65,42=65,85,60,3,42
0,24|85,26|82,8|91,14|14,97|94,51|87,43|17,32|33,17|37,91|15,69|58,87|58,37|58,94|58,82|98,33|58,98|51,0|43,15|8,85/58,26=58,82,8,85,26
62,54|73,68|71,0|28,49|30,88|93,99|0,25|31,29|15,7|71,62|7,30|68,36|49,93|71,73|71,28|25,53|53,13|36,98|54,31|71,15/71,99=71,28,49,93,99
88,23|72,60|50,72|88,21|4,83|12,62|69,92|51,69|21,51|88,12|74,58|88,66|62,35|88,89|6,74|23,53|66,50|53,4|35,85|89,6/88,92=88,21,51,69,92
47,51|12,66|2,74|24,39|66,2|9,63|24,16|22,70|24,12|24,57|24,22|39,47|57,88|23,9|70,43|43,37|16,23|46,19|51,6|88,46/24,37=24,22,70,43,37
15,59|36,14|78,24|39,60|13,81|57,98|58,56|60,78|8,13|19,8|58,0|58,39|58,36|56,37|65,72|58,19|14,65|37,57|0,41|41,15/58,59=58,0,41,15,59
64,75|85,60|47,53|43,22|60,26|52,80|53,30|80,55|11,43|52,47|83,6|18,64|70,11|52,18|55,83|12,85|52,70|30,73|52,12|75,16/52,6=52,80,55,83,6
55,85|86,30|45,77|53,73|73,10|44,4|2,19|55,86|28,23|77,28|88,44|99,88|17,53|19,54|55,45|55,17|30,37|37,38|55,99|85,2/55,10=55,17,53,73,10
51,6|9,68|51,30|84,83|8,78|51,85|78,50|51,33|1,28|5,31|51,84|4,5|30,8|6,4|68,62|28,75|83,60|60,76|33,1|85,9/51,31=51,6,4,5,31
73,99|99,61|65,45|94,30|1,44|45,17|97,3|73,65|6,10|82,97|44,69|73,1|73,82|3,13|69,57|17,23|7,6|73,42|61,94|42,7/73,10=73,42,7,6,10
38,84|80,25|81,9|69,52|25,29|26,15|84,69|63,48|49,3|29,32|9,74|74,41|81,92|92,63|15,49|81,38|48,42|81,80|81,26|41,2/81,52=81,38,84,69,52
3,86|31,3|4,32|21,67|68,27|43,53|5,80|19,4|34,17|21,50|67,19|17,52|50,31|52,74|21,5|27,43|44,60|21,34|80,44|21,68/21,32=21,67,19,4,32
22,47|15,38|86,34|59,15|68,17|20,78|20,18|67,50|38,21|17,67|18,55|34,8|20,7|78,70|20,59|7,86|55,3|3,57|20,68|70,22/20,21=20,59,15,38,21
5,2|52,42|32,36|56,14|5,61|42,94|61,52|5,58|48,95|14,46|25,13|76,56|2,99|36,38|53,25|5,11|58,32|99,48|11,53|5,76/5,94=5,61,52,42,94
2,80|22,71|74,10|52,2|66,16|52,22|16,92|97,40|52,78|12,62|52,96|52,4|80,97|10,76|96,56|78,66|71,12|56,57|4,74|57,43/52,76=52,4,74,10,76
66,86|81,42|97,20|99,98|97,99|86,26|20,88|19,34|83,49|97,19|98,29|88,43|97,83|43,25|29,48|49,81|97,36|34,64|36,66|64,0/97,42=97,83,49,81,42
8,95|44,73|43,83|60,96|30,52|74,54|8,37|32,30|78,44|8,69|96,74|6,14|37,32|14,47|29,59|8,43|8,60|83,29|95,6|69,78/8,54=8,60,96,74,54
72,71|72,60|92,74|17,30|74,7|72,26|33,11|76,68|60,92|77,48|48,33|88,17|72,10|70,76|26,88|55,40|71,70|72,77|10,55|40,75/72,30=72,26,88,17,30
34,88|86,48|64,15|59,33|86,82|21,49|9,64|86,67|47,21|11,59|53,3|49,60|82,11|86,47|48,34|1,71|67,9|88,6|86,1|71,53/86,33=86,82,11,59,33
89,99|96,89|22,44|83,58|74,80|55,70|58,38|65,22|30,23|80,73|74,83|74,55|44,43|74,65|71,59|73,71|74,86|38,19|86,96|70,30/74,99=74,86,96,89,99
43,16|41,37|2,69|69,62|33,49|49,20|37,97|1,7|16,51|32,50|41,75|62,35|51,48|50,96|97,1|75,32|41,43|52,33|41,2|41,52/41,35=41,2,69,62,35
7,37|62,67|19,58|67,10|68,19|17,72|7,83|85,38|37,68|83,85|72,2|94,99|99,86|86,3|82,62|7,30|30,17|38,40|7,82|7,94/7,10=7,82,62,67,10
56,19|41,36|6,67|90,20|24,86|81,94|67,29|56,97|56,34|38,24|10,81|97,18|18,41|56,33|34,6|58,90|33,38|2,10|56,2|19,58/56,20=56,19,58,90,20
34,29|60,54|86,45|34,51|29,78|51,77|56,67|48,57|61,2|77,48|69,79|8,31|2,69|78,60|34,61|3,56|45,8|67,62|34,86|34,3/34,31=34,86,45,8,31
5,90|90,75|5,66|59,63|43,4|66,46|46,94|34,88|75,58|53,32|89,13|63,25|5,34|94,40|58,47|88,43|13,53|14,59|5,89|5,14/5,4=5,34,88,43,4
0,94|11,35|50,32|34,92|27,54|13,76|45,34|0,55|0,45|72,53|0,12|55,72|64,11|94,64|92,81|0,27|12,59|53,79|54,13|59,50/0,79=0,55,72,53,79
92,28|91,92|83,85|67,39|63,70|40,21|83,18|24,30|18,45|28,87|83,11|11,36|83,91|45,63|36,14|21,67|81,24|85,81|14,61|83,40/83,87=83,91,92,28,87
2,16|67,79|39,10|73,2|95,47|67,89|43,37|94,39|5,14|67,34|53,43|9,49|89,73|67,5|14,9|37,77|51,95|79,51|67,53|34,94/67,10=67,34,94,39,10
10,1|3,10|57,55|90,58|57,20|19,54|43,73|14,52|57,3|6,43|52,19|77,6|57,14|1,35|20,68|55,90|57,77|18,53|68,18|58,97/57,73=57,77,6,43,73
26,67|72,45|6,99|57,7|16,17|45,58|98,91|16,57|67,14|16,69|69,80|80,66|11,56|16,11|82,26|16,82|17,72|56,6|66,85|7,98/16,91=16,57,7,98,91
84,46|69,32|23,14|19,84|10,73|32,1|10,12|12,19|94,35|85,59|10,91|77,69|87,85|15,94|91,23|73,15|10,74|74,87|10,77|14,9/10,46=10,12,19,84,46
75,8|23,20|75,4|2,3|75,62|75,38|75,19|50,84|26,17|3,72|4,53|65,66|47,50|19,26|38,47|17,35|53,23|66,88|8,2|62,65/75,35=75,19,26,17,35
96,42|77,82|82,16|29,2|16,89|0,85|48,0|77,96|77,48|34,71|89,81|86,29|42,20|85,92|77,60|77,86|2,45|71,23|20,39|60,34/77,45=77,86,29,2,45
15,9|75,33|12,92|40,36|12,61|22,75|99,77|33,60|20,21|12,99|12,22|77,79|9,20|61,16|36,47|12,15|79,78|92,40|16,39|39,18/12,78=12,99,77,79,78
81,90|9,81|14,98|70,3|23,58|23,95|36,33|95,24|58,85|33,70|24,14|84,86|23,9|86,73|47,0|90,13|23,36|23,68|68,84|85,47/23,0=23,58,85,47,0
86,26|4,10|34,78|90,1|52,86|26,71|0,35|35,34|52,0|51,28|31,51|71,77|33,90|84,31|52,84|1,50|52,33|93,4|52,93|10,85/52,78=52,0,35,34,78
15,3|15,51|15,23|91,94|71,28|24,50|83,85|51,64|28,10|23,71|67,1|86,72|15,58|58,91|3,16|85,24|64,67|94,81|15,83|16,86/15,10=15,23,71,28,10
12,93|79,14|16,51|55,63|94,52|93,8|53,79|8,46|27,17|55,56|17,28|55,12|40,94|49,27|56,16|55,24|63,40|51,86|24,53|55,49/55,52=55,63,40,94,52
9,1|87,22|87,50|82,30|5,11|50,44|87,84|87,15|15,3|1,93|52,70|89,78|84,90|90,18|44,52|30,89|87,82|3,5|22,9|18,53/87,11=87,15,3,5,11
48,99|25,66|66,34|48,44|83,14|85,89|48,90|48,6|44,88|90,25|8,64|79,92|99,79|28,33|92,69|88,85|48,8|64,83|33,7|6,28/48,14=48,8,64,83,14
7,15|19,17|78,93|73,5|17,43|49,73|19,32|93,7|22,26|43,35|35,68|44,58|58,3|19,71|32,27|19,59|19,78|59,44|27,22|71,49/19,3=19,59,44,58,3
97,47|95,79|61,91|43,77|53,39|81,20|86,64|79,6|6,89|81,53|39,61|81,97|81,95|55,86|77,30|67,55|69,38|47,69|20,43|81,67/81,64=81,67,55,86,64
73,79|94,2|2,92|95,30|10,58|56,87|50,31|88,14|95,88|95,12|24,50|5,22|30,94|95,89|58,5|49,73|89,24|14,56|12,49|95,10/95,22=95,10,58,5,22
51,54|13,10|9,53|70,13|69,31|70,69|68,7|70,5|7,87|10,9|87,43|78,51|2,15|25,2|70,68|90,61|70,23|5,25|23,78|31,90/70,15=70,5,25,2,15
68,15|48,56|26,34|98,99|17,48|9,40|99,74|9,98|78,17|62,84|38,52|18,38|70,62|52,71|9,26|34,68|9,78|74,85|40,70|9,18/9,71=9,18,38,52,71
50,22|82,40|82,66|99,93|8,99|82,34|74,37|40,29|73,65|82,63|4,77|63,73|22,16|66,4|34,50|65,84|77,68|69,8|29,74|82,69/82,84=82,63,73,65,84
89,21|94,36|94,73|73,51|60,4|94,61|94,48|94,33|29,53|33,93|92,60|93,77|61,91|36,92|48,75|91,29|54,35|75,89|77,6|51,54/94,4=94,36,92,60,4
46,98|58,40|23,73|94,8|25,46|72,70|25,72|70,23|25,9|60,62|65,94|9,66|31,24|25,39|98,60|25,65|39,51|8,1|66,31|51,58/25,62=25,46,98,60,62
69,10|32,7|91,64|15,41|69,32|69,87|95,39|87,46|7,40|55,75|75,15|39,91|46,34|69,55|40,12|86,35|34,30|10,86|69,95|35,76/69,30=69,87,46,34,30
81,10|64,26|36,77|10,98|75,65|83,14|98,8|81,3|81,56|56,42|3,13|81,75|94,90|13,47|47,11|42,64|81,36|8,9|77,94|65,83/81,90=81,36,77,94,90
71,50|5,29|74,95|22,74|33,2|1,65|40,33|6,81|50,98|31,5|81,8|29,25|1,6|1,91|91,22|98,34|65,40|1,71|8,82|1,31/1,34=1,71,50,98,34
40,64|21,97|21,86|61,56|58,61|21,42|97,15|64,32|15,27|12,68|93,12|27,96|21,47|35,23|86,74|47,93|42,40|74,35|21,58|56,0/21,68=21,47,93,12,68
41,40|60,24|55,26|45,57|18,79|31,54|36,14|83,33|55,39|26,51|39,41|79,36|33,10|10,28|55,45|57,60|40,17|55,18|55,83|51,31/55,14=55,18,79,36,14
96,18|76,0|18,80|73,49|73,96|80,22|52,13|73,37|37,9|69,82|73,97|73,35|49,38|9,52|0,20|35,76|38,69|97,71|71,92|92,34/73,34=73,97,71,92,34
35,25|87,45|87,84|95,51|87,97|54,52|84,54|22,95|52,20|83,2|2,61|61,50|1,94|97,22|45,35|25,79|87,1|57,19|94,57|87,83/87,50=87,83,2,61,50
58,26|46,11|75,37|85,21|26,79|89,54|75,70|75,49|75,89|75,46|21,31|17,29|49,48|12,19|48,17|36,91|11,36|37,58|54,12|70,85/75,19=75,89,54,12,19
24,58|46,30|7,83|83,85|63,65|46,63|50,95|19,28|91,70|70,90|28,50|36,92|65,24|46,7|44,36|46,44|92,40|85,31|46,19|30,91/46,58=46,63,65,24,58
77,54|58,93|73,1|29,14|58,90|11,46|58,11|58,86|58,13|13,77|27,62|93,29|46,73|87,27|90,8|37,48|14,68|54,31|8,37|86,87/58,48=58,90,8,37,48
19,3|85,34|5,73|4,20|5,79|0,68|34,2|73,56|20,19|21,38|56,98|76,59|6,50|5,21|5,4|5,0|79,85|38,76|68,6|98,32/5,50=5,0,68,6,50
24,13|53,54|53,39|53,26|20,33|39,62|54,20|16,88|56,46|62,91|26,16|61,41|53,5|33,99|53,61|41,56|5,24|13,58|91,87|88,57/53,99=53,54,20,33,99
35,33|1,91|29,24|58,38|52,1|63,93|78,87|52,42|24,63|52,29|52,58|91,35|87,10|7,57|44,7|57,69|38,97|52,44|97,72|42,78/52,69=52,44,7,57,69
93,92|25,87|87,0|45,76|83,6|83,25|6,99|99,59|38,93|76,69|0,11|20,13|13,23|67,45|83,67|83,38|83,88|88,20|59,7|92,84/83,69=83,67,45,76,69
27,73|77,10|68,95|78,56|24,27|68,47|47,78|28,92|95,44|8,31|61,28|44,74|18,24|68,18|68,8|68,61|92,55|74,25|56,81|31,77/68,73=68,18,24,27,73
44,13|12,41|3,48|9,4|4,78|14,71|9,3|69,7|22,27|13,63|78,69|9,12|58,54|63,84|9,44|9,56|56,38|48,14|41,58|38,22/9,84=9,44,13,63,84
78,73|0,49|84,40|9,80|63,0|78,35|11,62|35,84|62,90|90,30|73,31|33,81|92,9|40,36|7,92|78,7|31,33|78,26|26,63|78,11/78,80=78,7,92,9,80
32,15|1,38|82,91|74,32|69,34|24,28|26,86|1,98|11,70|1,8|38,74|34,4|98,12|22,69|45,24|1,22|91,11|8,45|1,82|12,26/1,86=1,98,12,26,86
70,63|63,87|73,34|77,78|61,12|33,61|69,29|87,35|70,42|36,8|70,33|42,99|60,69|70,36|35,80|99,77|70,60|8,73|12,59|29,24/70,59=70,33,61,12,59
10,60|45,6|41,16|55,38|5,14|29,67|82,93|55,56|16,82|55,5|55,41|56,75|30,7|75,51|38,45|55,29|51,92|14,10|6,0|67,30/55,92=55,56,75,51,92
12,73|17,89|25,20|17,86|14,36|17,26|23,99|86,25|73,3|17,12|47,48|55,23|36,60|17,0|48,8|26,14|89,47|0,55|3,16|20,46/17,46=17,86,25,20,46
4,95|23,52|23,54|98,4|49,45|23,94|90,78|86,27|45,8|37,86|52,87|87,83|23,80|23,74|74,37|80,49|94,60|60,90|54,98|83,79/23,79=23,52,87,83,79
74,53|30,3|23,55|72,77|4,29|77,76|18,23|55,60|53,72|29,97|2,70|74,14|24,96|70,66|74,18|66,33|14,4|74,24|96,30|74,2/74,60=74,18,23,55,60
73,68|34,21|72,41|34,25|54,88|6,4|41,70|96,92|70,93|98,87|92,19|13,73|21,96|88,6|34,22|22,13|25,98|87,94|34,54|34,72/34,68=34,22,13,73,68
67,4|66,48|66,64|56,11|66,13|13,56|61,67|86,60|32,61|96,7|17,96|5,93|87,17|11,76|60,69|48,86|66,32|66,87|93,36|64,5/66,4=66,32,61,67,4
82,88|67,35|13,41|5,72|92,79|88,38|13,5|13,36|45,92|13,78|79,26|72,49|41,82|49,58|96,67|84,63|13,45|36,96|78,84|63,33/13,38=13,41,82,88,38
70,92|75,10|77,42|50,51|70,18|70,82|70,76|4,72|70,77|40,4|29,96|74,50|76,26|52,2|94,75|42,29|18,94|92,74|26,52|82,40/70,51=70,92,74,50,51
30,41|59,19|30,42|37,20|58,37|41,44|34,9|19,32|75,99|20,82|44,89|30,58|89,11|54,59|42,34|30,14|30,54|9,12|14,70|70,75/30,99=30,14,70,75,99
5,19|13,42|30,5|58,94|79,53|13,30|68,81|42,99|48,79|13,58|45,27|99,45|13,38|56,74|29,56|19,0|13,48|94,68|53,54|38,29/13,54=13,48,79,53,54
23,48|42,59|23,30|48,31|69,80|73,33|21,69|41,1|40,51|33,97|90,73|28,41|51,10|10,45|71,21|31,42|23,90|30,28|23,40|23,71/23,45=23,40,51,10,45
60,82|49,89|11,31|61,11|41,0|61,54|51,21|31,49|54,38|61,65|61,75|75,66|66,60|65,18|61,96|96,19|19,58|38,41|18,51|58,79/61,89=61,11,31,49,89
5,31|50,83|81,50|30,27|81,10|4,26|54,5|26,52|31,38|81,54|80,30|10,15|81,17|81,80|17,4|83,68|59,39|27,22|68,45|15,59/81,45=81,50,83,68,45
16,41|54,13|95,44|95,49|11,65|81,11|1,0|44,83|57,56|79,17|95,16|95,54|50,32|95,90|83,57|49,87|90,81|13,50|41,1|87,79/95,56=95,44,83,57,56
35,54|47,10|34,76|75,42|37,73|73,44|16,56|61,68|9,17|16,61|56,24|68,35|44,59|24,9|16,37|42,47|16,38|38,94|16,75|94,34/16,76=16,38,94,34,76
14,67|48,27|40,57|78,41|94,63|3,94|57,17|41,42|42,47|68,40|67,18|78,68|78,48|78,34|18,20|34,3|47,25|78,14|72,97|27,72/78,25=78,41,42,47,25
83,89|83,37|50,96|64,49|37,43|83,82|86,1|82,64|1,59|83,28|83,24|35,44|27,38|24,75|89,7|49,11|7,50|28,86|75,27|43,35/83,96=83,89,7,50,96
88,55|64,97|26,64|71,63|88,14|48,94|88,98|14,89|88,67|94,49|99,52|13,3|67,13|15,21|89,15|98,48|52,71|88,99|3,76|55,26/88,49=88,98,48,94,49
41,80|58,19|71,3|96,73|5,81|19,35|91,27|58,71|53,33|58,88|35,8|81,91|8,11|66,9|73,66|58,5|58,96|3,53|88,41|80,76/58,11=58,19,35,8,11
43,24|55,27|4,37|29,34|27,86|85,58|79,5|14,57|5,29|55,79|95,36|86,43|55,14|57,4|55,81|58,98|55,85|22,95|81,22|98,10/55,24=55,27,86,43,24
74,73|66,36|16,23|11,75|66,74|10,79|23,39|66,32|79,70|64,11|31,57|76,31|73,51|30,64|66,45|66,30|32,76|36,16|51,56|45,10/66,75=66,30,64,11,75
64,60|81,86|22,44|67,45|1,84|64,43|84,66|44,67|43,72|93,52|66,95|52,5|72,81|64,61|64,1|92,79|34,92|60,93|64,22|61,34/64,95=64,1,84,66,95
64,60|92,79|22,44|67,45|1,84|64,43|84,66|44,67|43,72|93,81|66,95|81,86|72,92|64,61|64,1|52,5|34,52|60,93|64,22|61,34/64,95=64,1,84,66,95
89,41|77,12|96,20|21,15|53,77|45,98|89,91|88,1|15,88|0,46|91,4|4,39|12,76|19,96|89,45|89,21|98,0|41,19|39,31|89,53/89,76=89,53,77,12,76
47,33|79,26|21,95|2,1|33,72|67,17|59,88|20,63|57,21|55,59|26,5|72,65|5,2|79,20|79,47|35,57|79,55|88,12|79,35|63,67/79,12=79,55,59,88,12
74,19|28,54|15,6|73,72|68,77|15,65|39,74|94,28|22,21|21,51|50,39|15,96|6,94|96,66|66,68|15,22|51,29|72,34|15,50|65,73/15,19=15,50,39,74,19
2,58|89,41|4,29|41,94|39,65|58,4|95,0|2,25|65,9|81,39|2,92|20,76|25,95|2,81|29,53|92,31|0,7|2,24|31,20|24,89/2,76=2,92,31,20,76
86,26|4,1|34,78|90,71|52,86|26,10|0,35|35,34|52,0|51,28|31,51|10,85|33,90|84,31|52,84|71,77|52,33|93,4|52,93|1,50/52,78=52,0,35,34,78
70,39|24,80|39,30|70,32|37,69|16,40|70,29|65,57|78,37|40,71|32,24|49,12|58,78|71,74|80,56|13,65|70,58|30,49|29,13|70,16/70,56=70,32,24,80,56
52,54|9,23|32,90|72,61|50,92|39,50|13,15|32,13|61,59|32,72|59,56|78,39|90,74|74,80|32,78|23,52|82,63|80,24|32,9|15,82/32,54=32,9,23,52,54
74,58|36,56|73,11|5,66|56,26|41,82|33,28|99,36|29,41|66,52|14,43|58,29|4,14|74,99|74,50|74,1|28,73|1,5|50,4|74,33/74,82=74,58,29,41,82
91,98|98,81|5,22|22,43|21,5|21,38|50,11|83,86|81,73|66,90|64,35|21,50|25,66|11,83|43,52|21,91|74,87|21,64|35,74|38,25/21,73=21,91,98,81,73
26,23|89,67|72,46|23,17|74,5|85,53|91,74|67,99|85,92|15,96|48,26|93,15|36,91|85,36|56,72|53,93|92,56|85,7|7,89|85,48/85,17=85,48,26,23,17
58,62|80,58|70,83|52,70|1,3|52,37|37,76|31,53|52,81|52,1|81,79|14,46|52,40|83,10|40,80|10,49|3,31|42,57|76,14|79,42/52,62=52,40,80,58,62
65,54|2,65|36,61|50,83|83,92|70,42|66,79|15,23|70,88|3,36|99,66|54,13|42,50|70,2|70,9|23,29|70,99|9,3|79,90|88,15/70,90=70,99,66,79,90
40,35|20,4|65,41|99,65|63,18|26,80|80,70|4,55|34,82|82,12|48,20|40,39|79,19|40,99|41,50|40,48|40,63|18,79|35,26|39,34/40,70=40,35,26,80,70
41,39|41,43|91,80|2,49|43,21|21,66|39,63|41,71|49,59|59,56|79,84|71,96|63,24|66,57|41,38|24,22|38,83|83,79|96,91|41,2/41,57=41,43,21,66,57
77,59|68,78|48,80|92,62|10,92|76,77|49,47|80,41|48,2|17,20|48,8|41,49|8,79|48,76|79,68|59,33|91,17|94,10|48,94|2,91/48,47=48,80,41,49,47
41,37|46,22|10,41|14,58|94,72|39,12|70,19|24,94|10,75|75,46|22,71|8,4|19,8|10,24|10,70|10,39|35,7|72,60|12,35|37,14/10,58=10,41,37,14,58
3,18|10,22|0,30|12,63|12,35|95,57|22,73|12,85|53,10|12,53|83,5|63,80|30,41|38,3|12,49|85,38|80,95|51,83|35,0|49,51/12,41=12,35,0,30,41
7,59|73,48|84,82|73,86|81,44|95,14|15,47|73,16|17,7|23,17|47,83|16,81|14,84|44,79|85,80|86,15|48,77|73,23|73,95|77,85/73,82=73,95,14,84,82
24,51|20,26|53,46|53,83|26,12|51,74|46,80|85,73|98,64|53,17|80,45|69,20|53,24|53,69|74,10|83,85|17,39|73,77|45,22|39,98/53,77=53,83,85,73,77
93,16|52,14|83,39|83,18|11,24|14,63|83,11|39,52|24,93|26,8|8,25|83,26|65,6|25,89|71,65|83,51|18,95|17,5|51,71|95,17/83,89=83,26,8,25,89
75,90|42,17|29,38|17,54|42,73|46,35|42,40|27,66|24,26|90,34|76,27|54,29|73,18|89,76|40,75|42,89|31,46|18,24|35,20|42,31/42,34=42,40,75,90,34
35,45|9,74|86,99|52,8|95,59|28,11|29,34|33,95|11,9|86,52|99,29|3,33|86,28|45,39|8,14|86,3|34,0|14,15|91,35|86,91/86,74=86,28,11,9,74
87,42|66,63|21,66|88,57|67,28|97,94|97,73|73,31|11,87|97,25|94,50|57,43|63,74|25,11|31,82|97,93|97,21|82,61|93,88|50,67/97,74=97,21,66,63,74
20,7|24,36|63,16|67,25|48,14|25,4|70,80|10,9|10,24|10,48|36,20|14,45|10,70|80,63|9,65|97,67|45,69|65,50|10,97|50,73/10,4=10,97,67,25,4
33,10|69,70|56,19|68,81|40,21|19,72|72,37|65,46|70,17|60,13|13,33|55,16|55,56|21,68|55,60|46,4|16,65|55,26|55,40|26,69/55,37=55,56,19,72,37
17,41|98,3|11,68|7,6|80,51|68,26|7,22|13,15|31,88|7,98|41,34|22,9|6,17|5,31|32,5|46,11|9,13|7,32|3,80|7,46/7,51=7,98,3,80,51
29,18|96,5|73,53|11,82|18,33|82,45|45,49|86,73|11,29|11,56|84,96|19,54|77,84|11,77|49,44|11,59|33,3|54,85|59,19|56,86/11,3=11,29,18,33,3
82,31|67,45|67,19|73,62|31,80|34,69|62,4|30,82|45,18|38,11|67,30|55,34|67,96|18,38|67,77|48,50|77,73|19,85|96,55|85,48/67,69=67,96,55,34,69
83,97|68,96|68,74|55,28|81,5|68,59|74,30|36,1|59,46|26,15|1,26|97,19|68,32|32,3|96,83|3,81|68,36|66,18|46,66|30,55/68,5=68,32,3,81,5
42,49|42,44|0,62|32,43|42,76|42,32|44,0|89,59|42,33|82,31|49,6|62,73|43,78|59,69|33,70|8,10|6,8|76,89|78,45|70,82/42,45=42,32,43,78,45
41,48|29,66|59,4|64,27|27,59|60,98|64,91|68,34|49,84|4,80|64,60|22,49|66,68|48,43|98,19|64,29|64,22|19,3|84,17|91,41/64,3=64,60,98,19,3
99,80|5,6|1,41|15,62|7,1|69,99|23,18|62,2|71,3|69,15|56,16|69,7|41,12|69,5|2,39|13,44|16,13|80,71|69,56|6,23/69,18=69,5,6,23,18
72,57|0,56|92,10|24,98|72,34|15,99|46,32|29,33|57,84|89,91|72,29|72,61|33,92|99,46|61,25|84,0|97,89|25,24|72,15|34,97/72,56=72,57,84,0,56
78,9|73,8|36,27|38,97|96,75|9,17|53,78|79,2|81,16|17,45|97,81|27,32|53,36|47,94|53,96|2,73|53,79|53,38|75,47|32,35/53,8=53,79,2,73,8
78,96|99,69|1,31|69,26|76,77|26,61|3,19|28,36|77,3|76,1|19,90|27,70|31,78|36,13|76,27|76,25|70,22|76,99|25,28|22,6/76,61=76,99,69,26,61
64,42|99,50|32,92|87,95|94,99|95,88|61,94|42,11|61,64|61,38|38,39|61,87|11,70|39,91|61,43|50,7|88,10|43,32|92,13|91,48/61,13=61,43,32,92,13
62,84|69,4|72,62|1,90|87,66|75,65|58,79|31,87|75,99|75,40|99,19|75,58|79,69|53,73|40,72|75,31|66,28|65,1|90,54|19,53/75,4=75,58,79,69,4
81,21|63,31|96,88|71,63|28,45|98,96|31,49|94,14|22,28|61,22|61,1|1,98|61,71|43,81|32,2|21,68|61,43|45,93|61,32|2,94/61,68=61,43,81,21,68
27,88|16,97|49,4|51,38|64,61|4,29|73,55|97,8|85,14|61,41|85,58|85,73|55,27|35,64|29,45|85,49|14,43|85,35|58,16|43,51/85,8=85,58,16,97,8
21,56|82,17|46,88|54,21|48,96|47,46|96,82|97,51|66,47|88,27|31,57|66,54|66,97|56,90|38,5|51,31|5,93|66,48|93,62|66,38/66,57=66,97,51,31,57
93,3|91,9|69,48|4,65|51,99|91,53|29,0|53,32|86,47|91,90|11,93|32,69|9,29|0,79|91,95|95,11|90,41|91,51|99,4|41,86/91,3=91,95,11,93,3
39,82|40,37|61,45|15,43|29,4|13,29|41,15|96,79|94,84|40,61|17,13|45,73|73,70|40,94|40,17|40,41|84,39|79,32|37,96|43,12/40,32=40,37,96,79,32
3,15|77,44|15,30|69,91|69,1|75,97|69,88|88,77|69,3|1,82|37,55|9,75|44,42|50,28|69,37|4,68|82,50|30,95|91,9|55,4/69,42=69,88,77,44,42
77,67|99,95|31,61|99,82|82,16|99,31|53,96|99,62|62,38|14,43|9,4|87,90|75,41|43,53|61,9|38,75|99,14|16,87|80,77|95,80/99,41=99,62,38,75,41
1,18|58,38|36,1|36,32|13,68|36,58|59,7|38,62|18,26|32,40|62,29|7,51|51,31|53,13|26,22|40,16|36,59|17,53|36,17|16,67/36,67=36,32,40,16,67
12,71|71,99|12,66|98,57|12,2|2,81|12,94|94,56|16,63|31,16|21,98|43,38|99,4|81,43|56,51|57,74|51,91|4,40|66,31|12,21/12,91=12,94,56,51,91
77,83|78,94|55,9|93,63|69,55|51,82|59,78|10,36|36,42|26,51|93,75|93,72|72,26|63,69|62,44|75,59|42,21|44,77|93,62|93,10/93,21=93,10,36,42,21
21,27|99,39|13,59|74,68|53,51|38,64|5,8|59,86|92,29|39,74|51,38|13,99|8,21|13,5|86,92|13,7|24,75|13,53|84,24|7,84/13,29=13,59,86,92,29
89,99|96,89|22,71|83,58|74,80|55,70|58,38|65,22|44,43|80,73|74,83|74,55|71,59|74,65|30,23|73,30|74,86|38,19|86,96|70,44/74,99=74,86,96,89,99
50,99|82,40|82,66|77,68|8,77|82,34|74,37|40,29|73,65|82,63|4,22|63,73|99,93|66,4|34,50|65,84|22,16|69,8|29,74|82,69/82,84=82,63,73,65,84
93,13|45,95|93,89|99,81|58,9|60,17|81,91|93,47|9,7|43,42|47,99|85,43|95,80|52,60|13,58|42,26|93,85|89,45|93,52|17,22/93,26=93,85,43,42,26
89,52|16,33|67,60|13,89|60,88|16,90|63,57|8,97|57,12|2,50|16,67|88,29|97,82|16,65|45,2|16,31|31,8|33,13|65,63|90,45/16,29=16,67,60,88,29
39,89|1,87|93,56|87,40|39,95|95,4|61,10|4,66|39,96|96,93|11,82|18,11|39,84|10,83|84,1|66,58|56,24|89,18|0,61|39,0/39,82=39,89,18,11,82
30,87|30,98|50,86|53,64|68,10|89,80|86,60|41,50|14,65|13,29|30,53|30,61|98,68|80,11|10,27|61,89|87,14|64,13|30,41|65,15/30,15=30,87,14,65,15
87,88|32,44|87,4|81,25|91,62|87,31|71,7|37,76|4,47|76,91|88,50|73,43|87,37|47,53|53,28|87,81|25,71|50,32|31,73|43,70/87,70=87,31,73,43,70
26,17|54,84|88,26|74,72|12,32|97,1|46,8|97,88|97,12|50,70|17,30|7,57|72,65|97,7|1,74|70,98|18,50|32,54|57,46|97,18/97,84=97,12,32,54,84
43,1|3,43|3,25|98,79|6,60|30,39|25,80|27,31|31,26|1,30|3,65|60,34|3,69|94,36|34,68|65,27|86,98|69,86|3,6|80,94/3,79=3,69,86,98,79
63,43|37,11|51,74|38,37|51,99|51,6|99,63|80,91|7,85|55,38|92,56|56,7|12,93|43,29|84,80|74,12|93,10|51,92|51,55|6,84/51,29=51,99,63,43,29
68,80|93,29|20,18|83,82|15,14|91,99|93,30|93,28|61,68|29,19|30,15|80,64|74,71|93,61|14,53|28,91|71,83|93,74|99,76|19,20/93,18=93,29,19,20,18
92,67|62,45|73,12|61,8|24,5|25,62|26,4|11,0|12,92|73,11|0,26|7,71|71,61|67,39|73,7|73,9|9,25|82,65|5,82|73,24/73,8=73,7,71,61,8
89,7|20,62|23,89|20,9|60,86|1,96|26,37|20,24|55,80|20,55|78,1|45,98|20,59|48,45|24,78|62,60|80,26|59,23|86,87|9,48/20,37=20,55,80,26,37
98,49|44,95|95,81|44,84|84,1|86,98|44,9|44,51|92,38|28,59|59,39|51,15|9,28|49,7|44,86|1,92|15,20|48,91|81,48|20,24/44,91=44,95,81,48,91
59,85|96,10|59,96|53,18|91,61|59,78|78,71|26,42|71,83|83,33|46,39|59,23|23,46|10,53|59,9|9,26|68,91|39,57|85,68|42,54/59,57=59,23,46,39,57
15,98|15,62|67,28|15,85|61,55|4,99|98,48|23,27|24,84|81,61|84,4|62,81|15,24|90,72|27,90|70,34|85,91|48,70|91,67|15,23/15,99=15,24,84,4,99
73,35|60,80|6,12|60,5|5,29|2,76|80,95|60,21|29,18|36,64|64,3|12,73|95,68|3,92|78,2|60,36|60,6|21,78|68,46|18,81/60,81=60,5,29,18,81
45,60|45,76|69,96|46,8|45,93|71,38|96,19|18,83|89,46|93,98|29,26|60,89|45,71|95,18|76,69|45,6|38,29|98,78|6,95|78,36/45,8=45,60,89,46,8
46,76|78,59|78,23|24,10|18,4|78,26|26,48|40,29|75,11|78,40|58,69|59,6|78,46|76,58|85,53|48,75|49,24|29,85|23,49|6,18/78,53=78,40,29,85,53
65,19|27,54|43,97|54,89|78,33|74,65|2,38|74,62|33,67|19,76|39,2|97,28|74,15|13,27|74,45|62,78|45,39|74,13|15,43|76,68/74,28=74,15,43,97,28
50,9|0,35|53,95|95,22|8,53|40,54|39,72|72,3|71,85|54,50|30,45|79,71|9,33|35,30|40,77|77,79|40,39|40,8|40,0|3,43/40,22=40,8,53,95,22
83,76|7,3|7,99|76,14|29,70|73,23|7,45|6,79|3,83|35,88|99,17|38,13|7,38|13,73|45,29|88,26|70,54|7,43|43,35|17,6/7,23=7,38,13,73,23
56,77|24,84|28,10|54,9|31,13|28,88|12,16|14,54|28,20|88,47|3,12|35,64|10,3|28,46|47,56|28,31|13,24|20,14|46,35|64,48/28,84=28,31,13,24,84
94,19|17,82|16,94|21,45|99,17|28,69|78,28|64,13|99,16|24,21|99,78|99,24|19,40|33,97|13,33|45,6|69,79|81,60|99,64|82,81/99,40=99,16,94,19,40
74,60|31,26|37,75|74,9|74,37|60,31|35,19|7,50|74,88|19,79|75,66|88,78|26,89|25,35|9,53|78,7|6,42|66,49|74,25|53,6/74,42=74,9,53,6,42
81,22|97,69|47,16|12,3|8,19|12,11|35,97|69,32|19,13|12,35|22,43|12,34|85,8|72,17|2,72|16,29|11,47|3,81|34,2|12,85/12,17=12,34,2,72,17
63,28|48,55|78,62|62,9|23,50|14,38|53,78|91,53|91,92|28,12|38,87|12,24|31,23|92,31|97,14|55,15|91,74|74,48|91,97|91,63/91,24=91,63,28,12,24
44,13|12,41|3,48|9,4|4,78|14,71|9,3|58,54|69,7|13,63|78,58|9,12|22,27|63,84|9,44|9,56|56,38|48,14|41,22|38,69/9,84=9,44,13,63,84
65,0|34,70|95,36|71,94|0,86|66,44|58,64|36,46|70,58|34,43|34,49|34,91|44,48|94,84|91,65|49,95|64,2|34,8|43,66|8,71/34,86=34,91,65,0,86
29,70|29,45|52,55|67,79|55,5|78,80|31,51|29,46|29,78|79,53|51,49|70,31|5,84|46,16|93,96|80,26|45,67|29,52|16,93|26,58/29,53=29,45,67,79,53
1,10|90,40|25,80|40,76|52,29|0,46|76,93|32,1|65,4|35,65|35,90|24,32|35,75|85,92|35,24|35,85|4,0|29,66|92,25|75,52/35,46=35,65,4,0,46
72,34|44,72|26,25|58,24|44,14|87,21|44,86|22,58|81,79|48,1|14,48|13,26|86,22|11,66|44,83|83,13|21,11|1,15|44,87|34,81/44,66=44,87,21,11,66
23,18|56,23|67,43|56,1|2,67|56,41|17,45|94,71|41,94|56,78|1,91|56,32|91,86|78,96|71,57|32,2|18,34|86,33|34,49|96,17/56,43=56,32,2,67,43
49,75|33,52|84,8|98,68|27,95|42,50|95,32|58,0|0,2|41,27|65,69|12,9|75,42|84,33|84,49|52,12|8,58|84,98|84,41|68,65/84,32=84,41,27,95,32
30,33|11,21|99,64|73,30|66,71|21,96|71,63|64,59|72,54|54,41|72,11|70,91|72,73|33,42|72,99|96,87|63,40|41,70|59,35|72,66/72,91=72,54,41,70,91
94,5|94,83|53,99|94,59|75,60|99,82|83,79|64,96|12,58|55,75|58,37|94,55|79,80|5,12|94,31|60,74|59,53|62,64|31,62|80,70/94,74=94,55,75,60,74
53,17|14,33|26,8|89,23|21,94|8,87|43,83|83,11|40,43|89,40|90,70|96,21|97,18|17,90|89,53|18,14|4,96|89,97|23,26|89,4/89,94=89,4,96,21,94
46,71|30,39|54,82|3,29|39,37|73,48|29,84|38,1|30,11|64,95|71,54|1,78|37,73|95,50|84,15|30,38|30,46|78,69|11,64|30,3/30,82=30,46,71,54,82
84,22|16,7|15,62|26,59|26,76|26,23|34,16|18,34|4,40|38,15|8,4|22,82|98,84|26,98|52,11|23,38|59,8|26,18|80,52|76,80/26,82=26,98,84,22,82
4,85|30,59|86,13|14,60|2,46|95,24|26,47|47,99|5,26|24,10|58,6|60,30|95,5|10,58|95,14|13,2|0,4|95,86|79,0|95,79/95,6=95,24,10,58,6
86,96|67,34|86,59|59,7|23,9|80,19|9,93|34,61|62,22|22,38|64,67|7,32|19,27|86,64|86,48|96,62|48,23|32,90|27,79|86,80/86,38=86,96,62,22,38
75,8|50,84|75,4|2,23|75,62|75,38|75,19|3,72|26,17|23,20|4,53|65,66|47,3|19,26|38,47|17,35|53,50|66,88|8,2|62,65/75,35=75,19,26,17,35
93,32|29,41|44,55|26,64|6,35|78,6|35,93|55,96|70,3|72,44|78,27|84,47|78,26|90,70|47,29|64,30|27,90|78,84|30,45|78,72/78,3=78,27,90,70,3
49,78|22,13|40,8|64,18|94,57|2,89|20,94|13,49|64,2|64,22|64,20|76,40|32,46|18,76|46,23|89,39|26,32|64,26|39,24|57,50/64,78=64,22,13,49,78
32,18|17,32|66,39|70,92|74,52|39,69|69,65|63,70|74,66|23,44|18,77|62,54|52,60|12,63|54,22|74,62|74,17|60,23|22,9|74,12/74,77=74,17,32,18,77
61,20|46,57|85,61|96,97|0,41|97,19|37,82|96,49|96,47|47,43|43,46|96,83|41,14|82,24|96,54|54,0|23,80|19,23|49,85|83,37/96,14=96,54,0,41,14
67,87|72,68|70,53|77,86|53,67|59,32|35,72|52,48|86,22|22,59|73,98|96,83|83,63|98,52|42,96|77,73|77,35|77,70|68,79|77,42/77,63=77,42,96,83,63
1,29|5,38|12,34|33,53|83,23|16,88|62,12|62,39|2,31|39,5|88,1|62,98|38,49|62,16|67,83|42,33|98,42|23,25|62,67|34,2/62,31=62,12,34,2,31
80,15|30,73|83,30|85,26|9,66|15,61|16,77|22,91|80,65|80,83|91,19|61,85|73,86|80,22|81,16|65,81|19,59|66,33|33,70|80,9/80,70=80,9,66,33,70
73,0|49,80|80,13|86,78|27,99|11,26|70,10|99,20|49,3|3,73|49,11|0,21|10,86|49,31|49,70|53,30|26,4|13,53|4,17|31,27/49,21=49,3,73,0,21
49,60|0,84|22,49|26,20|93,26|86,77|22,35|22,86|31,43|77,31|22,0|22,12|84,47|12,18|55,45|60,95|95,58|35,93|18,55|47,78/22,20=22,35,93,26,20
83,1|61,82|89,88|55,36|55,6|82,58|98,0|6,61|96,89|1,75|79,90|0,79|36,10|23,96|75,4|55,98|99,60|55,83|55,23|10,99/55,90=55,98,0,79,90
45,78|56,99|26,71|40,69|26,83|26,40|99,47|72,16|71,76|54,56|80,34|73,7|76,62|69,45|92,80|7,72|83,92|26,54|62,18|26,73/26,18=26,71,76,62,18
44,13|82,66|94,53|29,91|82,74|76,32|13,14|82,44|89,63|82,62|1,94|91,21|82,29|66,7|81,76|62,1|21,56|7,89|14,68|74,81/82,63=82,66,7,89,63
27,92|90,41|80,91|7,28|34,59|58,62|62,12|58,8|79,5|12,34|23,29|58,80|8,85|91,79|85,23|58,7|28,68|41,27|58,90|68,26/58,26=58,7,28,68,26
49,73|78,53|23,9|90,78|16,23|28,65|60,77|63,60|84,63|28,84|42,44|28,49|1,58|24,96|28,16|9,52|44,1|28,42|73,24|65,90/28,96=28,49,73,24,96
95,88|88,4|80,73|97,80|97,71|15,26|6,96|97,15|46,30|97,46|33,95|84,75|60,0|75,7|73,60|30,6|8,18|71,84|97,33|26,8/97,18=97,15,26,8,18
64,31|97,47|79,82|5,89|82,35|64,50|66,88|31,86|50,97|64,79|86,66|3,95|85,24|47,40|64,46|35,43|46,23|89,3|64,5|23,85/64,24=64,46,23,85,24
11,99|70,3|11,24|11,63|17,70|75,43|43,0|23,66|69,31|63,75|11,40|11,95|40,41|89,69|95,17|66,35|24,23|99,89|41,52|52,10/11,0=11,63,75,43,0
89,44|43,37|66,56|73,20|55,67|54,55|54,41|80,89|41,80|76,43|16,39|40,72|54,28|56,16|28,76|54,73|20,58|58,49|54,66|67,40/54,37=54,28,76,43,37
73,48|9,52|28,30|52,92|66,47|39,95|59,17|34,77|29,22|92,26|22,41|47,39|28,9|28,36|77,19|28,73|30,34|48,59|36,29|28,66/28,17=28,73,48,59,17
11,33|33,10|10,12|1,29|57,41|51,73|51,84|45,44|79,1|84,79|51,36|73,52|75,37|52,92|37,57|92,16|36,45|51,75|51,11|44,39/51,29=51,84,79,1,29
88,21|40,57|12,41|34,18|22,12|1,66|36,28|18,90|36,43|46,88|28,47|21,68|36,46|47,56|43,34|36,53|36,40|53,22|57,1|56,27/36,68=36,46,88,21,68
40,10|80,78|59,38|5,80|29,43|44,41|20,70|41,5|24,29|39,20|44,24|93,39|25,14|44,93|43,64|14,98|10,59|98,97|44,25|44,40/44,64=44,24,29,43,64
28,48|55,70|63,88|9,87|82,98|56,84|31,93|26,64|54,27|93,82|84,9|48,63|25,31|25,26|25,28|25,55|70,54|38,58|64,38|25,56/25,98=25,31,93,82,98
57,85|7,87|2,38|21,96|69,24|69,21|69,12|66,11|96,2|36,76|87,30|11,5|69,57|27,36|85,86|5,19|86,22|12,7|24,27|69,66/69,76=69,24,27,36,76
37,23|41,13|6,2|70,31|78,70|86,41|0,37|13,10|71,91|78,0|31,3|35,6|57,71|78,86|91,28|78,57|78,35|3,72|2,14|23,77/78,10=78,86,41,13,10
73,25|69,52|65,76|55,92|73,13|13,39|25,3|47,36|85,41|73,65|39,68|27,84|68,24|73,69|52,27|76,47|73,55|3,85|92,32|32,1/73,36=73,65,76,47,36
13,80|80,22|28,26|67,28|67,89|89,40|68,99|26,42|40,90|77,86|67,13|42,9|5,88|88,68|79,95|22,50|67,5|95,77|67,79|90,82/67,50=67,13,80,22,50
12,41|69,59|39,50|39,97|24,69|39,12|39,20|97,96|59,14|20,56|72,23|18,8|1,72|96,3|56,49|41,18|39,24|50,1|49,85|3,36/39,14=39,24,69,59,14
98,29|33,78|29,28|69,55|97,64|20,92|97,41|65,32|57,94|64,77|77,57|97,65|11,20|97,24|97,46|55,36|32,33|46,98|24,69|41,11/97,78=97,65,32,33,78
0,74|61,9|74,15|35,52|11,92|9,98|33,61|92,83|98,29|24,0|4,35|63,4|33,11|83,69|33,22|33,24|70,38|45,70|22,45|33,63/33,38=33,22,45,70,38
34,29|48,57|86,45|34,51|29,78|51,77|56,67|69,79|61,2|77,69|60,54|8,31|2,60|78,48|34,61|3,56|45,8|67,62|34,86|34,3/34,31=34,86,45,8,31
67,14|87,26|48,25|24,99|25,72|60,87|24,9|94,67|7,94|24,83|55,51|24,76|43,70|24,7|76,48|36,43|83,55|99,60|51,69|9,36/24,26=24,99,60,87,26
19,78|42,59|91,48|44,24|61,94|40,85|19,97|14,87|19,42|19,40|59,61|88,58|48,5|19,14|97,44|85,32|78,91|24,27|32,36|87,88/19,94=19,42,59,61,94
40,96|30,15|10,1|36,61|31,30|19,47|79,52|79,19|52,31|45,27|33,40|1,55|79,33|55,23|79,10|43,82|79,45|27,36|47,43|96,69/79,23=79,10,1,55,23
41,47|60,67|46,28|86,76|63,93|34,86|46,5|1,63|28,1|46,60|58,39|72,31|5,58|46,80|39,79|67,41|61,34|46,61|31,43|80,72/46,76=46,61,34,86,76
66,97|37,66|37,3|84,65|37,31|54,29|45,55|28,47|55,78|31,5|37,45|65,89|78,26|3,84|97,28|73,2|2,7|37,73|7,44|5,54/37,44=37,73,2,7,44
16,67|74,52|85,33|52,40|27,26|62,77|96,85|76,96|40,7|7,9|77,32|74,2|3,27|26,49|79,65|74,76|74,79|65,16|74,3|2,62/74,67=74,79,65,16,67
91,97|13,89|14,20|20,58|23,82|5,23|14,91|14,36|32,1|14,94|64,18|61,16|1,61|97,13|14,32|43,39|94,5|58,64|31,43|36,31/14,89=14,91,97,13,89
41,53|89,65|3,18|96,58|65,59|41,55|41,89|59,50|11,78|19,3|91,96|56,91|41,19|27,22|53,11|41,56|78,85|18,52|55,1|1,27/41,58=41,56,91,96,58
51,17|17,50|64,73|24,94|26,39|70,56|25,67|73,48|80,24|80,51|94,75|80,0|50,23|80,85|0,64|67,8|56,26|80,70|85,25|75,63/80,8=80,85,25,67,8
12,28|72,31|28,24|42,7|9,97|24,65|9,82|97,89|9,12|10,72|9,6|11,43|82,11|9,4|6,10|4,42|89,80|7,83|43,26|80,85/9,26=9,82,11,43,26
98,81|17,70|17,46|81,94|68,2|73,75|6,98|61,44|78,40|75,78|28,11|0,61|17,6|47,8|2,64|46,68|70,0|17,73|17,28|11,47/17,94=17,6,98,81,94
61,53|23,4|87,8|71,37|61,23|19,71|21,5|48,38|25,46|38,35|4,21|37,36|61,65|61,19|35,63|61,48|53,27|8,11|65,87|27,25/61,11=61,65,87,8,11
17,47|57,39|86,9|33,63|86,58|85,33|86,17|41,27|11,90|88,53|58,25|47,41|9,11|43,85|25,88|86,49|86,43|49,81|81,57|90,60/86,60=86,9,11,90,60
83,99|4,97|4,83|4,61|5,64|84,49|96,84|99,59|4,68|61,8|97,5|54,3|59,32|49,88|62,36|4,96|36,46|64,30|68,62|8,54/4,88=4,96,84,49,88
1,43|81,58|1,8|43,78|78,9|1,49|14,11|66,28|1,66|1,64|60,31|49,3|28,14|9,98|94,81|34,33|8,60|31,37|64,94|3,34/1,58=1,64,94,81,58
91,66|46,15|54,46|9,81|82,55|90,31|49,50|15,19|54,91|66,9|19,7|29,22|69,1|1,29|55,49|31,34|54,82|54,90|34,20|54,69/54,20=54,90,31,34,20
15,27|27,17|28,96|53,47|92,88|91,49|36,92|79,39|15,21|30,55|47,43|21,28|39,30|88,80|15,53|43,74|17,91|15,79|15,36|96,68/15,74=15,53,47,43,74
8,83|38,29|17,59|37,92|63,13|36,22|59,71|63,7|0,17|15,32|63,0|63,85|85,70|7,8|13,6|63,15|70,36|6,38|32,37|83,67/63,22=63,85,70,36,22
12,16|24,84|28,10|56,77|31,13|28,88|54,9|14,56|28,20|88,47|3,54|35,64|10,3|28,46|47,12|28,31|13,24|20,14|46,35|64,48/28,84=28,31,13,24,84
17,38|93,6|87,51|58,71|22,14|69,94|98,37|51,39|87,69|78,11|87,93|87,17|6,22|39,78|75,72|71,98|87,58|94,83|83,65|38,75/87,11=87,51,39,78,11
50,47|26,38|79,34|26,79|26,40|44,71|47,31|71,94|31,22|84,21|17,81|34,17|7,23|38,30|2,0|40,44|26,50|23,2|30,84|26,7/26,22=26,50,47,31,22
81,49|2,45|49,62|81,89|67,54|33,36|36,97|97,68|32,27|81,7|45,67|37,50|7,32|27,58|81,33|81,2|89,37|62,96|50,9|96,40/81,9=81,89,37,50,9
38,28|38,32|62,40|54,56|38,23|18,69|32,94|4,79|14,54|15,62|8,60|38,26|60,37|23,8|38,15|40,21|94,18|26,14|79,25|28,4/38,37=38,23,8,60,37
8,57|2,75|69,93|8,69|42,55|48,45|91,2|88,4|26,92|75,95|44,88|55,48|8,42|8,91|57,26|93,10|51,44|10,76|92,17|8,51/8,76=8,69,93,10,76
40,13|26,78|1,33|27,44|50,97|10,91|27,94|78,2|44,10|27,58|27,87|48,50|58,48|13,16|94,26|84,1|27,84|91,62|33,80|87,40/27,62=27,44,10,91,62
75,19|9,37|19,81|8,4|12,25|12,18|12,89|18,46|81,36|49,34|37,20|12,8|62,42|89,62|12,75|46,49|25,9|4,13|42,50|13,2/12,50=12,89,62,42,50
40,19|46,10|57,77|86,14|57,91|65,68|57,26|2,86|91,38|57,42|50,84|25,40|38,50|57,13|42,2|56,46|13,25|77,89|26,56|89,65/57,84=57,91,38,50,84
38,88|34,62|38,78|47,17|17,64|16,80|38,26|26,35|74,32|68,13|77,68|35,16|53,74|78,47|88,34|38,77|38,12|12,53|13,55|62,82/38,80=38,26,35,16,80
81,44|61,76|5,74|16,1|30,28|21,16|1,63|25,81|28,89|30,61|14,69|82,79|30,14|76,5|69,82|30,21|44,58|31,10|30,25|89,31/30,58=30,25,81,44,58
0,63|88,70|67,22|6,67|98,88|22,82|2,40|14,50|33,6|15,0|72,17|33,15|63,83|50,90|70,44|33,2|61,14|40,72|33,61|33,98/33,17=33,2,40,72,17
69,55|73,25|33,69|4,90|90,54|7,2|25,63|54,34|7,4|2,52|30,13|7,38|23,30|91,33|7,91|9,73|38,23|80,51|7,9|52,80/7,13=7,38,23,30,13
99,48|39,60|70,10|67,39|99,80|89,3|5,0|99,25|53,69|3,38|99,53|99,70|10,97|97,33|17,42|69,17|0,20|80,89|48,5|25,67/99,20=99,48,5,0,20
71,10|92,64|11,71|10,7|93,77|56,46|77,90|54,63|23,54|64,84|93,42|93,58|90,56|93,11|86,22|93,86|49,99|22,49|58,92|42,23/93,84=93,58,92,64,84
54,12|46,3|47,54|17,46|71,99|82,47|24,11|20,31|51,86|20,82|31,17|20,71|95,68|42,6|50,51|99,42|11,95|98,50|20,98|20,24/20,6=20,71,99,42,6
43,32|89,13|35,53|18,72|47,37|77,85|57,82|34,89|18,33|44,29|72,34|32,66|18,43|29,35|22,47|18,44|33,22|82,77|66,54|18,57/18,53=18,44,29,35,53
8,98|88,99|85,72|45,53|72,81|81,83|58,34|8,38|99,64|8,47|47,48|8,79|73,65|38,45|53,31|79,88|65,14|8,85|48,58|98,73/8,31=8,38,45,53,31
33,92|17,15|27,21|30,27|71,0|74,94|74,85|0,22|16,12|19,54|12,33|97,71|57,20|94,30|74,97|34,57|85,34|74,16|74,19|54,17/74,21=74,94,30,27,21
0,93|53,8|78,62|15,4|87,57|54,61|83,98|53,0|61,43|57,81|17,22|62,74|4,83|53,87|81,41|21,78|93,17|53,21|8,54|53,15/53,74=53,21,78,62,74
18,81|62,63|14,0|73,5|8,73|19,90|89,8|31,89|55,50|63,18|31,62|96,14|31,96|31,55|50,19|20,16|51,20|31,46|0,2|46,51/31,2=31,96,14,0,2
25,54|5,61|3,81|77,70|5,94|61,85|45,64|81,45|24,93|54,89|94,25|85,49|68,24|56,77|49,87|5,0|5,56|0,68|70,9|5,3/5,87=5,61,85,49,87
21,31|88,89|80,4|80,66|80,88|80,53|60,25|30,21|53,24|18,68|80,18|90,20|24,37|96,90|55,46|68,55|89,60|37,12|66,96|4,30/80,12=80,53,24,37,12
50,89|87,20|13,48|83,74|98,83|33,15|92,8|98,50|20,75|42,87|79,72|98,42|72,44|89,13|74,92|98,33|98,61|15,4|4,6|61,79/98,6=98,33,15,4,6
7,4|66,72|65,14|67,44|68,60|4,10|66,5|60,41|38,1|66,82|5,68|72,65|66,7|14,52|82,67|66,19|10,28|36,38|19,36|44,13/66,41=66,5,68,60,41
