50,0|27,90|96,60|20,21|60,10|9,99|50,27|99,46|41,79|50,9|43,39|50,43|46,23|0,41|12,96|90,11|39,20|79,35|50,12|11,59/50,10=50,12,96,60,10
76,45|84,43|68,26|22,68|61,20|48,8|76,38|57,48|76,58|95,77|43,87|45,63|63,95|76,23|76,17|23,22|20,13|58,61|17,57|38,84/76,77=76,45,63,95,77
50,83|26,42|63,32|78,40|50,13|13,15|29,26|83,91|96,76|10,30|58,64|91,10|15,63|50,54|50,78|54,29|50,58|99,93|64,99|40,96/50,32=50,13,15,63,32
69,12|69,31|29,17|63,82|69,83|54,77|5,63|27,35|69,54|33,74|0,33|77,27|83,52|12,5|39,73|31,64|52,39|69,34|64,29|34,0/69,82=69,12,5,63,82
60,44|60,32|92,82|60,93|22,91|41,67|37,41|97,20|44,97|32,59|20,27|70,45|14,37|60,21|93,92|63,22|60,14|59,70|82,79|21,63/60,45=60,32,59,70,45
12,28|72,31|28,43|42,7|9,97|43,26|9,82|97,89|9,12|10,72|9,6|11,80|82,11|9,4|6,10|4,42|89,24|7,83|80,85|24,65/9,26=9,12,28,43,26
3,45|45,91|91,58|70,50|28,18|56,84|49,36|36,14|39,81|14,86|49,94|49,39|61,69|49,56|2,28|94,2|49,3|84,61|81,70|86,92/49,69=49,56,84,61,69
70,26|36,1|27,9|88,27|80,36|34,17|34,55|90,24|34,25|41,67|34,46|26,14|82,90|34,76|76,82|17,0|25,70|46,80|0,41|55,88/34,67=34,17,0,41,67
21,79|33,54|97,37|54,4|97,60|60,38|6,80|38,99|4,49|79,59|97,18|97,21|76,6|59,65|37,76|0,32|97,33|99,42|1,0|18,1/97,32=97,18,1,0,32
63,47|40,57|63,53|63,6|56,44|44,50|1,70|47,43|57,1|24,72|6,18|53,56|63,40|79,64|93,98|18,24|4,93|45,4|43,79|63,45/63,64=63,47,43,79,64
72,12|11,4|88,96|45,72|88,24|58,85|44,13|85,23|4,19|78,68|19,40|88,98|88,11|98,58|96,45|88,84|84,48|24,78|68,97|48,44/88,12=88,96,45,72,12
11,62|68,45|59,69|16,98|59,58|90,50|58,49|72,74|25,34|7,86|86,90|34,48|59,38|59,72|69,25|38,37|59,7|74,11|37,68|49,16/59,45=59,38,37,68,45
25,70|67,97|67,10|28,33|32,53|20,18|67,20|10,21|21,26|67,68|68,9|77,72|66,32|67,65|9,25|72,11|26,63|65,77|97,66|18,28/67,33=67,20,18,28,33
42,0|97,70|42,25|27,3|25,27|52,33|32,17|87,40|3,83|42,31|14,32|99,84|42,53|31,14|0,97|53,87|40,10|42,99|70,50|84,52/42,17=42,31,14,32,17
46,68|77,76|46,12|10,91|26,6|46,56|12,19|46,11|69,63|50,51|46,10|91,26|81,77|68,81|83,61|56,83|11,50|19,69|51,59|61,78/46,76=46,68,81,77,76
74,90|90,40|40,69|31,71|52,21|41,82|82,60|31,6|53,66|21,50|91,9|31,74|24,41|71,53|6,75|31,52|31,24|50,23|75,91|66,81/31,9=31,6,75,91,9
3,64|75,10|0,98|73,83|53,12|10,96|83,94|0,3|0,75|12,77|39,73|64,68|82,26|0,69|96,23|0,39|68,40|98,53|26,52|69,82/0,94=0,39,73,83,94
12,7|5,30|52,2|51,42|60,16|74,65|89,73|94,12|16,51|94,52|2,74|94,60|75,5|37,19|32,75|94,80|94,32|7,89|15,37|80,15/94,30=94,32,75,5,30
55,18|17,77|59,73|49,17|97,29|23,10|55,97|55,63|41,59|8,72|29,94|10,68|72,88|63,49|55,96|88,16|55,8|94,58|96,23|18,41/55,68=55,96,23,10,68
46,67|46,32|24,58|32,81|81,80|80,64|29,16|67,29|46,12|62,24|8,95|54,7|88,62|12,54|46,88|16,92|46,13|95,48|7,5|13,8/46,92=46,67,29,16,92
82,75|36,84|82,81|63,11|72,56|81,41|44,0|13,14|43,5|82,43|14,89|28,72|84,44|5,4|82,36|75,13|4,96|82,24|24,28|41,63/82,96=82,43,5,4,96
37,94|0,93|37,75|72,0|69,91|8,72|37,20|54,77|50,13|20,6|13,95|37,8|75,76|79,1|77,61|61,11|37,54|76,79|6,69|94,50/37,95=37,94,50,13,95
17,38|16,65|6,70|6,24|38,2|26,17|24,16|6,42|52,0|86,67|65,68|36,62|70,49|11,61|6,26|6,11|42,58|49,86|58,36|61,52/6,2=6,26,17,38,2
25,27|1,95|39,50|39,94|84,82|39,84|82,25|12,65|39,47|9,52|47,72|94,9|50,12|39,1|95,64|65,75|72,92|92,51|64,57|52,60/39,51=39,47,72,92,51
83,49|44,32|22,23|44,45|31,48|93,22|30,37|9,61|36,9|44,95|2,31|45,93|44,43|49,3|43,30|95,2|61,80|32,83|44,36|37,77/44,77=44,43,30,37,77
51,65|7,89|32,99|16,41|56,4|35,40|16,51|16,9|66,31|16,71|65,33|9,62|40,73|16,7|33,26|89,32|41,35|62,66|72,56|71,72/16,73=16,41,35,40,73
49,99|49,7|83,91|85,78|60,3|49,37|70,24|78,32|37,83|76,27|7,70|27,0|49,15|49,76|0,39|6,60|91,63|15,85|99,6|24,62/49,62=49,7,70,24,62
12,33|4,59|70,16|89,91|97,73|35,89|65,55|97,35|73,25|28,65|42,22|25,4|22,21|91,90|97,42|21,48|97,19|16,12|97,70|19,28/97,48=97,42,22,21,48
33,7|25,23|23,94|94,17|98,33|5,34|43,54|47,82|18,6|25,68|3,5|17,10|38,43|82,18|77,38|25,77|7,63|25,98|68,3|25,47/25,6=25,47,82,18,6
17,47|33,63|86,9|57,39|86,58|85,57|86,17|90,60|11,41|88,53|58,25|47,90|9,11|43,85|25,88|86,49|86,43|49,81|81,33|41,27/86,60=86,17,47,90,60
62,98|79,38|98,88|70,91|91,90|90,95|25,8|19,20|87,52|37,25|59,19|79,59|38,62|79,46|79,37|46,69|69,87|79,70|8,14|20,35/79,35=79,59,19,20,35
34,9|9,75|22,56|93,85|18,22|38,41|65,47|56,96|29,42|29,78|29,65|78,34|71,44|47,93|29,11|11,38|29,18|41,76|42,71|44,40/29,96=29,18,22,56,96
27,32|97,20|40,46|48,14|97,12|97,40|32,0|46,59|20,48|93,23|97,43|97,93|53,72|59,36|86,34|23,53|43,27|14,30|68,86|12,68/97,36=97,40,46,59,36
49,12|3,49|31,34|61,43|85,17|17,54|85,3|12,95|82,69|85,82|54,48|69,31|43,2|2,93|85,61|33,74|48,56|26,33|5,26|85,5/85,93=85,61,43,2,93
71,46|34,92|44,28|13,67|68,2|44,6|6,73|44,51|28,37|21,86|60,68|86,26|51,52|32,60|52,71|44,32|73,13|72,21|44,72|37,34/44,2=44,32,60,68,2
25,80|75,20|25,81|53,14|11,60|3,0|89,3|80,89|7,87|98,7|87,76|49,75|93,49|25,31|25,98|81,50|31,78|78,11|50,53|25,93/25,20=25,93,49,75,20
63,28|48,55|78,23|23,50|12,24|14,38|53,78|91,53|91,92|28,62|38,87|62,9|31,12|92,31|97,14|55,15|91,74|74,48|91,97|91,63/91,24=91,92,31,12,24
69,12|71,47|31,27|7,10|69,7|69,56|5,71|51,20|17,31|9,86|10,51|26,9|86,49|84,80|56,84|12,17|69,26|47,88|69,5|80,39/69,39=69,56,84,80,39
86,28|66,58|77,17|73,12|66,73|58,44|66,79|28,16|12,52|60,64|52,38|64,39|17,1|72,77|66,72|66,24|54,84|79,60|44,54|24,86/66,16=66,24,86,28,16
90,20|5,56|46,77|15,62|77,88|62,37|54,44|81,15|88,31|64,0|65,90|86,65|71,70|54,81|54,71|56,13|70,64|54,46|44,5|54,86/54,37=54,81,15,62,37
59,92|46,20|49,35|46,21|94,59|16,11|19,94|79,80|20,81|9,24|46,9|46,18|76,68|46,19|47,79|81,76|11,10|24,49|21,16|18,47/46,10=46,21,16,11,10
22,19|22,84|32,74|8,58|77,25|58,85|89,36|83,88|88,11|11,13|84,8|25,16|22,32|22,83|3,89|22,47|68,10|47,77|74,68|19,3/22,85=22,84,8,58,85
81,10|80,58|56,18|62,74|73,91|36,64|56,7|56,24|3,47|7,12|15,41|18,81|10,67|56,73|24,37|91,62|64,3|56,36|37,15|12,80/56,47=56,36,64,3,47
17,45|36,37|81,95|38,13|5,18|13,0|95,42|90,67|45,97|5,79|5,14|18,81|14,17|7,62|5,25|67,71|37,7|5,36|79,38|25,90/5,42=5,18,81,95,42
9,2|9,7|92,36|1,39|9,64|2,97|36,11|81,68|32,83|12,15|15,89|83,14|9,19|97,1|51,92|68,85|9,51|19,81|64,12|7,32/9,39=9,2,97,1,39
51,6|9,68|51,30|84,83|8,28|51,85|28,75|51,33|1,78|60,76|51,84|4,60|30,8|6,4|68,62|78,50|83,5|5,31|33,1|85,9/51,31=51,84,83,5,31
68,15|52,71|26,34|98,99|17,52|9,40|99,74|9,98|78,17|48,56|38,62|18,38|70,48|62,84|9,26|34,68|9,78|74,85|40,70|9,18/9,71=9,78,17,52,71
32,23|17,32|66,39|70,92|74,52|39,69|69,65|63,70|74,66|22,9|23,44|62,54|52,60|12,63|54,18|74,62|74,17|60,22|18,77|74,12/74,77=74,62,54,18,77
85,83|27,48|1,87|41,22|87,72|9,85|3,41|12,77|77,62|28,9|12,61|22,86|61,27|12,78|48,15|12,28|12,3|62,14|14,52|78,1/12,15=12,61,27,48,15
93,29|93,5|64,37|93,81|66,35|34,6|93,64|81,34|16,49|29,76|93,23|23,83|94,0|62,60|37,16|5,27|76,66|83,62|6,18|27,94/93,18=93,81,34,6,18
21,17|46,19|47,62|21,47|17,5|36,55|16,98|62,36|99,58|58,46|89,44|53,89|5,34|21,9|34,94|21,99|98,92|9,53|76,16|21,76/21,94=21,17,5,34,94
50,85|17,76|63,36|51,90|63,40|70,39|58,30|36,13|40,24|13,58|14,51|57,70|63,14|90,31|85,22|39,27|63,57|63,75|75,50|24,17/63,27=63,57,70,39,27
96,0|0,78|47,73|99,52|52,60|71,33|78,70|98,2|14,47|11,76|71,12|12,66|71,26|37,14|33,99|71,96|26,36|71,37|36,11|66,98/71,2=71,12,66,98,2
33,79|23,75|79,86|89,44|32,58|12,51|52,39|44,97|52,38|84,45|52,89|54,33|40,32|75,12|52,54|38,40|98,84|97,56|52,23|39,98/52,58=52,38,40,32,58
50,73|24,36|63,16|67,20|48,14|20,7|70,80|10,9|10,24|10,48|36,50|14,45|10,70|80,63|9,65|97,67|45,69|65,25|10,97|25,4/10,4=10,9,65,25,4
79,28|30,57|86,8|53,24|90,44|92,86|6,9|57,92|24,79|30,58|30,53|91,54|98,6|9,77|83,10|44,83|30,98|58,91|54,64|30,90/30,77=30,98,6,9,77
73,69|0,1|77,74|40,34|78,39|74,81|17,0|17,14|2,40|98,15|69,24|15,48|1,78|38,77|17,30|34,72|17,38|17,2|30,98|14,73/17,39=17,0,1,78,39
52,35|50,42|50,52|13,97|36,73|97,25|2,6|42,84|50,99|50,29|29,23|21,89|99,12|23,2|50,40|84,36|35,21|83,48|40,13|12,83/50,89=50,52,35,21,89
38,28|38,32|62,60|40,21|38,23|18,69|32,94|4,79|14,40|15,62|8,54|38,26|54,56|23,8|38,15|60,37|94,18|26,14|79,25|28,4/38,37=38,15,62,60,37
58,22|83,73|73,2|16,72|2,42|23,84|82,3|58,14|84,37|71,18|85,16|88,4|14,64|64,82|22,85|18,88|58,71|37,29|58,23|58,83/58,42=58,83,73,2,42
26,55|73,31|88,69|79,12|58,81|30,32|46,92|67,58|55,46|79,67|79,26|84,30|79,56|69,72|90,88|81,82|12,51|79,90|56,84|51,73/79,82=79,67,58,81,82
71,4|52,76|26,17|10,14|14,71|10,95|7,11|64,19|37,88|10,26|76,37|19,8|44,7|10,52|4,72|10,81|17,65|65,33|81,64|95,44/10,72=10,14,71,4,72
24,74|42,89|74,63|47,62|32,24|86,33|15,86|14,70|47,14|89,52|33,17|62,42|19,78|78,80|47,19|47,32|55,18|80,50|70,55|47,15/47,63=47,32,24,74,63
21,24|44,12|96,67|44,62|44,69|44,55|28,16|18,5|99,28|62,99|69,75|75,61|24,81|48,96|55,21|44,10|12,58|58,18|61,32|10,48/44,81=44,55,21,24,81
67,23|11,74|71,58|88,12|30,40|83,20|32,88|31,71|67,32|40,44|12,15|99,85|85,11|23,94|41,31|67,99|67,30|44,52|67,41|94,83/67,58=67,41,31,71,58
28,71|21,85|21,86|79,75|75,58|21,79|74,27|84,0|71,64|64,6|58,67|21,74|93,55|34,60|86,34|85,72|27,84|60,30|21,28|72,93/21,30=21,86,34,60,30
67,81|55,3|60,39|55,10|64,16|77,40|3,75|75,35|39,8|70,71|55,99|21,56|16,67|35,80|99,86|86,77|71,21|10,60|55,70|55,64/55,8=55,10,60,39,8
58,22|83,73|73,88|16,72|88,4|23,84|2,42|58,14|84,37|71,18|85,16|82,3|14,64|64,2|22,85|18,82|58,71|37,29|58,23|58,83/58,42=58,14,64,2,42
80,64|29,61|80,7|17,65|48,39|27,75|39,27|52,10|80,74|80,48|65,46|80,17|46,88|72,31|38,29|64,16|74,38|16,52|7,72|31,92/80,92=80,7,72,31,92
18,58|68,88|28,18|50,78|80,68|77,2|22,36|77,50|77,64|89,22|78,38|77,11|38,96|54,63|2,89|88,92|11,0|0,54|77,80|64,28/77,96=77,50,78,38,96
25,49|25,59|22,83|28,90|18,22|61,97|74,50|97,56|6,74|88,86|49,28|85,61|25,2|27,18|59,6|86,39|25,27|90,40|25,85|2,88/25,56=25,85,61,97,56
0,63|0,77|62,64|0,24|33,29|79,33|0,74|74,92|77,10|49,19|92,48|0,78|48,16|43,30|10,62|24,43|78,58|30,85|63,79|58,49/0,19=0,78,58,49,19
54,20|7,10|80,48|3,7|4,47|4,91|4,80|91,87|87,66|10,60|98,22|47,54|48,98|20,25|4,19|66,15|30,51|16,30|19,16|4,3/4,60=4,3,7,10,60
17,44|94,10|16,9|28,3|17,96|66,33|0,99|3,16|20,66|44,20|68,48|17,68|10,57|48,77|17,94|22,0|57,59|77,69|96,22|17,28/17,59=17,94,10,57,59
52,95|30,57|47,72|96,38|99,2|95,36|38,69|47,30|57,6|18,73|47,71|72,99|2,64|3,52|71,18|47,40|6,10|47,3|73,7|40,96/47,10=47,30,57,6,10
95,40|66,13|76,61|67,65|16,25|77,15|67,23|67,66|87,73|67,50|40,89|65,69|69,76|13,16|15,44|67,4|20,87|4,77|50,20|23,95/67,44=67,4,77,15,44
5,76|69,63|8,79|98,62|91,69|18,24|8,99|57,41|99,73|20,51|73,5|81,57|51,18|8,25|79,3|63,12|25,81|8,20|8,91|3,98/8,24=8,20,51,18,24
49,90|10,96|33,72|33,83|22,29|96,98|85,10|16,81|4,2|83,45|92,57|72,49|29,16|33,85|33,22|33,15|2,84|15,4|45,92|90,80/33,57=33,83,45,92,57
7,50|7,14|64,41|50,64|7,43|93,90|79,66|90,34|66,54|94,92|7,17|7,93|17,79|38,52|81,38|34,39|14,94|41,86|43,81|92,80/7,52=7,43,81,38,52
69,12|71,51|31,27|7,10|69,7|69,56|5,71|80,39|17,31|9,86|10,80|26,9|86,49|84,47|56,84|12,17|69,26|51,20|69,5|47,88/69,39=69,7,10,80,39
31,45|77,31|10,19|15,49|76,79|47,4|35,27|77,10|77,35|77,39|21,18|17,81|19,76|11,42|18,15|45,17|27,47|39,11|42,14|77,21/77,79=77,10,19,76,79
97,62|49,74|21,22|99,61|13,49|82,69|82,13|81,21|30,65|29,35|51,81|62,99|69,1|82,12|82,51|74,20|1,29|12,76|76,30|82,97/82,35=82,69,1,29,35
18,58|68,38|28,18|50,78|80,68|77,2|88,92|77,50|77,64|89,88|78,22|77,11|22,36|54,63|2,89|38,96|11,0|0,54|77,80|64,28/77,96=77,80,68,38,96
85,25|85,26|23,65|10,63|85,69|69,75|26,6|6,97|22,92|25,47|63,22|17,30|85,10|11,4|75,17|85,36|47,11|97,86|65,68|36,23/85,30=85,69,75,17,30
32,65|63,6|62,79|70,94|96,20|86,63|65,7|32,15|32,70|0,8|15,96|47,39|97,54|20,49|32,47|94,0|39,62|7,97|6,36|32,86/32,49=32,15,96,20,49
12,85|99,22|22,6|15,10|23,67|63,9|79,73|83,59|38,99|5,76|5,12|10,8|76,1|5,38|73,83|5,79|85,63|1,23|5,15|8,88/5,6=5,38,99,22,6
26,8|85,86|15,13|21,27|28,95|27,23|60,28|95,59|62,85|26,60|97,16|94,15|86,32|26,97|16,61|61,17|8,21|13,34|26,94|26,62/26,23=26,8,21,27,23
90,80|30,73|98,30|80,27|55,93|86,44|27,87|91,90|91,98|76,86|77,20|79,55|29,85|91,76|44,88|91,1|1,79|73,71|85,77|91,29/91,88=91,76,86,44,88
27,5|74,80|19,69|29,34|58,90|63,50|90,86|34,39|27,18|18,87|69,43|76,19|27,29|87,63|80,13|86,61|5,74|39,16|27,76|27,58/27,16=27,29,34,39,16
6,67|13,92|6,71|2,78|80,20|29,79|62,9|6,51|49,13|78,62|6,2|6,47|71,49|67,29|81,87|79,83|51,81|20,36|87,35|47,80/6,9=6,2,78,62,9
1,31|56,52|11,59|63,57|92,42|41,83|92,98|98,63|2,1|92,38|62,73|38,11|92,14|14,2|42,60|59,33|57,8|83,56|92,41|60,62/92,8=92,98,63,57,8
70,85|71,76|25,39|28,98|28,9|28,50|27,25|42,47|82,14|98,48|28,17|85,29|28,70|22,42|50,7|29,69|17,22|48,71|7,82|9,27/28,14=28,50,7,82,14
59,63|46,29|18,79|41,52|37,2|64,46|79,41|63,77|88,84|84,37|77,34|18,71|52,56|18,64|18,59|71,62|29,82|89,17|62,89|18,88/18,17=18,71,62,89,17
89,44|30,54|1,67|93,77|93,89|44,42|55,61|93,1|31,30|21,55|93,31|42,60|67,29|93,21|29,98|68,26|54,66|26,33|77,68|61,48/93,48=93,21,55,61,48
75,19|9,37|19,42|8,4|12,25|12,18|12,89|18,46|42,50|81,36|37,20|12,8|62,49|89,62|12,75|46,81|25,9|4,13|49,34|13,2/12,50=12,75,19,42,50
61,74|61,84|9,3|36,8|76,68|1,58|83,92|84,55|63,76|89,59|14,18|61,83|55,14|24,63|61,24|74,36|8,77|3,89|61,9|92,1/61,68=61,24,63,76,68
23,77|57,47|72,85|25,65|25,13|77,76|47,68|25,3|21,20|84,31|85,88|78,84|25,78|76,17|31,56|3,72|65,81|13,57|81,21|25,23/25,17=25,23,77,76,17
65,3|58,61|80,33|52,65|10,2|47,4|4,12|80,60|2,69|38,93|33,38|61,7|80,52|51,58|80,47|60,10|12,8|93,27|3,44|80,51/80,7=80,51,58,61,7
17,74|98,28|60,11|16,81|16,50|16,71|85,66|71,61|29,15|50,31|81,69|16,98|76,14|69,29|55,76|31,60|61,85|28,17|14,77|16,55/16,15=16,81,69,29,15
36,29|43,40|43,47|40,96|43,30|95,22|32,75|96,11|42,16|22,15|11,68|18,32|47,18|16,94|51,42|1,95|43,51|29,12|43,1|30,36/43,12=43,30,36,29,12
36,32|43,40|43,47|40,96|43,30|95,22|11,68|96,29|42,16|22,15|29,12|18,11|47,18|16,94|51,42|1,95|43,51|32,75|43,1|30,36/43,12=43,40,96,29,12
88,67|14,29|62,23|89,62|24,47|14,24|74,35|8,49|14,59|59,70|23,38|67,12|51,74|14,89|35,4|47,82|29,88|14,51|70,8|82,44/14,38=14,89,62,23,38
14,31|50,0|8,42|25,64|31,72|43,24|60,77|42,51|94,62|64,99|43,23|90,55|24,14|51,98|43,60|23,25|62,50|43,8|43,94|77,90/43,72=43,24,14,31,72
5,84|29,89|72,60|64,51|89,4|86,29|64,5|76,71|60,76|51,3|55,59|59,18|64,86|3,45|64,72|80,50|64,63|45,21|63,55|84,80/64,18=64,63,55,59,18
72,34|44,72|26,25|11,66|44,14|87,21|44,86|22,11|1,15|48,81|14,48|13,26|86,22|58,24|44,83|83,13|21,58|81,79|44,87|34,1/44,66=44,86,22,11,66
26,91|83,23|60,42|88,22|65,74|51,63|83,26|83,90|23,77|17,68|84,43|77,84|48,32|90,17|91,88|74,48|83,60|42,51|68,66|83,65/83,32=83,65,74,48,32
61,0|18,42|94,77|28,47|81,28|20,98|76,67|44,20|40,99|42,44|18,14|34,15|18,94|18,61|0,34|77,91|67,40|14,81|18,76|91,75/18,47=18,14,81,28,47
42,0|46,20|67,71|80,24|2,52|67,80|82,91|34,11|68,43|67,49|79,2|15,79|20,70|24,34|67,42|49,46|71,68|0,82|67,15|43,97/67,70=67,49,46,20,70
48,26|38,49|15,16|24,94|52,28|14,68|83,95|95,21|65,15|96,48|96,38|96,24|26,5|94,14|96,83|96,65|49,52|16,3|5,66|21,25/96,28=96,38,49,52,28
46,92|69,8|46,13|46,81|27,91|45,69|81,7|28,80|39,28|20,45|46,20|68,62|60,1|1,27|46,60|11,10|92,19|7,68|13,39|19,11/46,91=46,60,1,27,91
13,8|80,71|73,40|17,42|33,17|29,13|78,15|73,29|40,48|73,2|48,78|73,49|94,64|81,80|90,33|73,90|49,94|8,32|2,81|64,56/73,32=73,29,13,8,32
17,67|74,57|16,94|28,17|67,85|54,25|9,81|32,55|95,14|26,77|26,28|1,54|81,32|26,16|26,9|14,50|68,95|26,68|77,1|94,74/26,57=26,16,94,74,57
67,38|24,3|17,9|8,77|30,17|9,29|70,2|28,32|30,8|30,73|32,22|38,1|73,67|30,28|3,70|29,55|22,74|77,40|40,16|30,24/30,16=30,8,77,40,16
45,54|33,13|8,36|80,8|90,11|42,80|17,88|45,90|99,37|5,40|40,50|53,60|45,99|54,5|11,17|13,22|37,53|45,93|93,33|45,42/45,60=45,99,37,53,60
76,20|64,47|47,58|76,3|3,4|49,30|62,12|37,69|76,87|78,5|15,37|87,62|4,49|76,92|92,64|7,78|76,60|60,7|12,89|20,15/76,5=76,60,7,78,5
29,31|22,7|26,40|75,29|25,41|99,25|98,75|44,90|92,26|40,46|22,98|22,44|9,76|90,81|81,72|22,99|7,9|76,0|22,92|41,70/22,72=22,44,90,81,72
76,71|77,84|45,18|11,76|5,87|77,16|16,10|30,28|22,85|90,78|46,59|87,30|99,79|10,90|79,22|59,45|77,99|84,11|77,46|77,5/77,85=77,99,79,22,85
38,69|23,98|69,58|84,43|38,46|58,78|38,77|77,9|43,40|7,64|41,7|1,61|65,41|9,1|78,45|38,23|46,84|38,65|16,55|98,16/38,40=38,46,84,43,40
2,62|16,36|54,85|1,81|13,16|94,5|14,34|1,67|52,9|1,52|70,99|9,54|1,94|5,64|99,2|49,14|1,70|81,49|64,11|67,13/1,36=1,67,13,16,36
47,26|51,96|96,93|83,10|51,35|10,79|1,73|35,43|51,38|43,76|38,83|51,60|76,82|25,1|0,77|80,47|94,80|60,25|93,0|51,94/51,73=51,60,25,1,73
24,37|21,0|0,29|43,74|8,73|24,81|37,31|24,64|31,55|24,32|24,76|55,48|81,43|64,38|69,28|68,8|76,68|74,89|32,21|38,69/24,28=24,64,38,69,28
45,92|37,21|54,47|54,45|99,69|54,42|68,80|54,66|38,37|11,44|92,48|48,18|47,38|44,51|32,83|83,68|54,32|91,99|42,91|66,11/54,80=54,32,83,68,80
30,45|74,55|9,13|99,26|36,30|81,35|89,17|59,89|32,74|51,36|17,9|31,88|59,81|35,31|26,73|55,67|59,32|22,99|59,22|59,51/59,73=59,22,99,26,73
12,75|64,26|78,52|88,78|62,7|65,14|58,12|58,40|36,96|14,36|19,0|58,64|7,73|75,19|58,65|76,74|58,79|26,76|40,88|79,62/58,74=58,64,26,76,74
36,22|91,67|71,23|73,29|91,95|59,77|22,46|5,73|33,47|91,36|91,16|16,32|95,5|67,59|87,33|46,26|91,83|83,87|32,71|77,80/91,47=91,83,87,33,47
37,34|81,61|63,79|90,29|45,66|2,37|46,21|70,86|29,92|54,2|46,63|46,95|46,45|4,84|79,81|21,90|66,70|46,54|73,4|95,73/46,84=46,95,73,4,84
2,23|23,62|93,28|53,60|26,51|38,15|56,53|13,2|16,87|47,26|16,47|16,97|97,56|61,38|15,33|28,31|87,93|16,13|16,61|51,82/16,60=16,97,56,53,60
96,59|14,15|20,65|74,19|89,98|54,70|65,89|44,74|51,44|20,51|20,31|15,25|20,14|70,96|98,93|87,17|17,23|31,87|20,54|25,42/20,19=20,51,44,74,19
81,34|19,60|83,33|99,50|74,99|38,74|53,32|38,0|38,81|79,92|34,25|92,77|25,36|32,19|38,53|33,67|38,83|0,79|50,61|67,55/38,60=38,53,32,19,60
61,74|61,84|9,3|36,14|8,77|1,58|83,92|84,55|63,8|89,59|76,68|61,83|55,76|24,63|61,24|74,36|14,18|3,89|61,9|92,1/61,68=61,84,55,76,68
52,11|20,90|61,22|18,73|3,53|10,70|22,46|11,6|30,60|90,52|77,10|17,61|20,17|70,72|20,95|20,77|53,64|95,3|20,18|73,30/20,6=20,90,52,11,6
14,46|14,69|83,67|35,90|40,4|93,33|56,83|49,22|14,40|60,49|76,60|14,8|46,56|4,93|8,89|39,30|14,76|84,35|69,84|89,39/14,90=14,69,84,35,90
34,59|16,99|91,23|75,88|73,61|91,83|57,42|90,75|99,57|23,52|52,26|26,80|91,34|6,73|39,6|91,16|59,58|58,85|91,39|83,90/91,61=91,39,6,73,61
47,33|79,26|67,17|88,12|33,72|21,95|59,2|20,63|57,67|55,59|26,5|72,65|5,88|79,20|79,47|35,57|79,55|2,1|79,35|63,21/79,12=79,26,5,88,12
4,75|54,70|61,66|90,4|42,77|9,90|49,30|28,48|42,34|30,16|48,23|42,9|42,49|40,55|42,61|34,11|16,74|66,40|11,54|77,28/42,75=42,9,90,4,75
16,87|24,42|11,2|97,21|49,8|97,29|48,72|87,48|97,79|97,16|89,11|8,90|97,76|79,17|70,24|17,1|1,68|76,49|21,70|29,89/97,72=97,16,87,48,72
57,20|0,73|0,85|73,13|0,36|84,65|86,19|38,27|63,12|36,77|85,86|77,63|13,62|0,38|62,72|18,84|0,83|27,57|19,9|83,18/0,20=0,38,27,57,20
38,41|37,44|14,12|46,3|46,27|27,84|44,1|3,38|60,14|84,36|41,28|33,48|71,33|46,95|46,47|47,60|48,2|95,37|46,71|36,30/46,12=46,47,60,14,12
88,40|72,61|64,20|81,88|33,81|50,33|50,28|61,45|94,53|78,93|50,54|54,72|6,94|98,64|50,95|28,6|99,78|68,98|50,68|95,99/50,40=50,33,81,88,40
24,91|57,77|71,59|14,64|48,41|57,14|98,75|57,33|64,48|30,83|18,30|33,18|57,79|57,21|59,67|21,24|79,86|91,13|77,71|86,98/57,13=57,21,24,91,13
86,61|6,16|82,18|33,68|91,6|62,33|60,62|8,23|60,8|60,86|2,91|61,31|95,82|23,50|3,95|60,3|50,52|68,55|60,2|31,47/60,47=60,86,61,31,47
23,18|55,79|19,11|94,42|11,94|3,37|45,13|34,3|49,47|91,5|56,45|23,19|47,91|18,38|23,30|30,56|23,49|23,34|37,41|38,55/23,5=23,49,47,91,5
59,89|74,9|89,2|1,94|50,33|4,42|27,11|88,67|76,53|4,76|92,50|11,1|78,92|4,27|53,74|68,57|42,59|4,78|4,68|57,88/4,67=4,68,57,88,67
37,99|8,47|65,76|73,77|47,35|37,21|5,8|88,65|61,73|46,89|37,51|51,26|21,61|26,78|37,46|89,12|99,88|78,80|12,11|37,5/37,11=37,46,89,12,11
43,38|29,72|65,11|35,82|59,65|17,35|72,59|38,14|29,41|41,17|61,88|29,96|29,18|18,43|29,69|68,94|86,68|12,61|69,86|96,12/29,11=29,72,59,65,11
42,58|11,42|96,65|90,16|50,0|1,50|0,41|88,70|24,10|41,9|85,11|43,14|65,88|1,32|1,85|1,24|10,43|32,22|22,90|1,96/1,58=1,85,11,42,58
43,83|80,23|84,26|5,57|5,86|65,59|83,85|86,28|23,49|57,91|28,84|5,98|98,43|5,80|49,22|31,39|5,65|13,58|59,31|91,13/5,26=5,86,28,84,26
25,20|74,35|85,10|85,77|37,3|24,6|35,63|85,80|62,25|85,37|85,62|7,33|3,24|75,83|10,7|83,64|80,75|20,41|77,74|33,90/85,64=85,80,75,83,64
1,88|11,0|37,71|21,10|10,15|98,74|83,39|98,11|34,21|98,34|0,37|93,40|74,93|77,83|98,1|88,56|40,72|56,53|98,77|39,23/98,53=98,1,88,56,53
97,85|7,27|54,97|7,79|96,36|72,54|7,40|16,80|7,25|7,72|24,14|31,41|17,16|27,35|25,17|63,24|41,38|35,96|40,31|79,63/7,38=7,40,31,41,38
82,13|29,82|40,37|9,40|19,15|9,18|9,90|9,76|37,51|54,62|9,93|53,19|94,98|18,53|90,67|51,44|33,54|67,94|93,33|76,29/9,98=9,90,67,94,98
97,47|95,79|69,38|43,77|53,39|81,20|61,91|79,6|6,89|81,53|39,69|81,97|81,95|55,61|77,30|67,55|86,64|47,86|20,43|81,67/81,64=81,97,47,86,64
80,25|97,38|83,9|44,64|37,62|67,20|62,68|20,83|46,54|64,49|67,78|51,37|87,44|38,80|67,51|67,97|67,87|54,33|78,46|9,91/67,68=67,51,37,62,68
1,16|21,31|39,18|85,1|18,92|27,68|78,72|27,21|57,51|67,83|68,39|15,78|16,69|72,45|27,15|27,57|51,67|27,85|59,22|31,59/27,22=27,21,31,59,22
19,58|29,80|29,78|4,96|29,15|10,37|11,19|78,21|94,41|98,4|67,98|15,11|41,50|76,74|29,67|68,14|21,76|80,94|14,10|29,68/29,58=29,15,11,19,58
75,37|52,69|86,0|58,24|39,81|53,63|63,82|69,71|39,85|83,58|81,46|46,86|24,7|39,52|39,96|37,87|96,75|85,53|39,83|71,48/39,87=39,96,75,37,87
5,4|58,56|39,85|8,54|24,5|39,0|64,81|81,90|39,29|54,52|13,10|29,64|21,8|0,13|39,21|56,25|85,24|39,58|25,49|10,33/39,90=39,29,64,81,90
94,13|22,4|13,66|54,48|41,87|12,1|60,51|22,54|85,26|22,12|22,74|45,18|51,37|22,56|4,94|74,85|26,50|1,41|56,60|48,45/22,87=22,12,1,41,87
95,76|53,15|5,68|92,45|95,5|30,67|8,83|76,62|55,56|68,8|64,6|95,92|95,36|45,55|66,9|15,30|62,64|95,53|36,66|9,39/95,6=95,76,62,64,6
77,37|58,93|73,1|29,27|58,90|11,46|58,11|58,86|58,13|13,77|14,68|93,29|46,73|87,14|90,8|54,31|27,62|37,48|8,54|86,87/58,48=58,13,77,37,48
96,78|75,92|45,12|75,73|23,25|92,0|0,45|30,6|75,30|6,80|80,42|78,66|98,99|75,63|73,79|63,41|41,98|75,96|79,23|66,43/75,25=75,73,79,23,25
77,44|88,90|28,41|13,93|13,28|90,39|39,0|13,78|13,55|41,59|59,45|55,77|44,98|9,1|30,16|13,88|1,96|78,30|93,9|16,74/13,98=13,55,77,44,98
31,79|15,56|77,33|81,36|43,65|79,89|97,24|46,62|77,30|56,80|77,46|77,31|33,97|36,83|30,15|89,94|24,17|62,43|77,81|83,90/77,90=77,81,36,83,90
40,8|40,91|40,55|91,34|40,86|34,24|24,48|16,72|72,49|21,4|89,2|86,89|2,12|8,33|49,0|40,16|55,71|71,21|33,85|85,88/40,88=40,8,33,85,88
50,31|21,96|76,98|58,59|98,97|97,1|69,70|95,58|96,50|6,76|6,81|6,95|87,55|6,21|70,13|81,69|4,2|59,40|2,87|6,4/6,31=6,21,96,50,31
0,78|82,64|26,9|14,31|20,82|3,63|39,73|73,3|92,14|12,20|1,26|6,0|78,52|39,6|63,53|39,74|74,92|39,12|39,1|9,50/39,64=39,12,20,82,64
24,87|51,28|87,46|18,56|74,17|28,5|8,10|8,38|8,84|14,9|84,47|29,18|9,4|10,14|25,29|47,74|8,25|8,69|69,51|38,24/8,5=8,69,51,28,5
98,39|98,52|98,80|53,34|98,72|90,11|43,92|44,83|52,53|80,44|34,62|5,81|98,43|83,46|39,15|20,90|17,76|15,5|92,17|72,20/98,81=98,39,15,5,81
28,39|26,89|42,18|54,96|68,48|48,32|5,58|13,78|50,68|28,86|86,24|24,26|49,54|33,42|28,13|78,5|39,49|28,50|18,72|28,33/28,89=28,86,24,26,89
5,22|76,52|80,47|5,8|83,35|70,48|59,80|10,69|5,32|22,39|32,7|90,70|39,61|89,59|7,83|69,76|61,91|5,89|5,10|8,90/5,35=5,32,7,83,35
65,1|66,68|39,63|73,40|73,58|33,22|58,35|51,10|82,12|98,52|40,39|73,51|73,15|70,98|10,33|68,82|73,66|63,3|35,65|15,70/73,52=73,15,70,98,52
63,84|35,66|70,67|69,1|52,47|71,35|92,52|73,95|95,57|28,69|26,28|84,73|49,70|63,26|63,64|24,92|63,38|63,24|64,71|38,49/63,47=63,24,92,52,47
45,33|66,23|68,78|46,34|79,68|45,79|21,57|45,32|28,77|77,44|57,67|45,21|33,51|32,71|78,6|41,28|67,96|71,66|45,41|51,46/45,6=45,79,68,78,6
29,71|16,63|29,36|29,55|29,46|46,34|65,94|27,69|34,86|36,16|74,22|86,76|2,27|71,2|63,10|64,48|48,74|29,64|55,28|28,65/29,69=29,71,2,27,69
74,60|1,45|26,44|22,32|60,28|33,82|44,46|28,37|33,74|79,58|82,26|33,61|53,2|32,1|86,53|33,86|61,79|33,22|2,85|58,63/33,63=33,61,79,58,63
20,68|71,89|60,61|73,27|12,38|20,87|77,16|20,23|20,57|61,64|13,94|57,62|59,77|68,60|97,12|89,73|62,13|87,97|23,59|20,71/20,38=20,87,97,12,38
87,0|24,62|76,64|91,55|38,20|93,66|76,93|41,52|33,75|76,41|52,38|55,87|76,91|59,49|76,33|99,24|66,90|90,1|75,59|64,99/76,62=76,64,99,24,62
86,16|27,38|13,22|87,88|9,1|52,49|87,83|87,9|87,52|7,13|87,73|51,86|91,19|49,27|73,91|19,21|1,92|92,54|88,7|83,51/87,38=87,52,49,27,38
96,42|93,40|56,16|37,70|37,5|70,93|59,74|37,52|5,95|40,76|95,94|37,97|94,90|37,56|17,6|16,59|97,96|89,17|42,30|52,89/37,76=37,70,93,40,76
55,13|1,53|12,20|12,42|60,58|49,55|81,1|12,9|9,81|80,68|20,63|76,67|12,49|24,56|63,24|67,60|98,80|12,76|42,98|13,92/12,58=12,76,67,60,58
3,25|2,42|2,77|2,73|66,52|65,37|99,11|77,94|73,65|92,54|54,1|2,22|94,3|23,7|37,5|97,66|22,92|2,99|11,23|42,97/2,52=2,42,97,66,52
9,43|9,45|43,47|95,14|47,2|49,28|46,70|89,95|9,16|3,46|28,39|9,3|96,42|68,93|2,48|16,89|45,49|9,68|70,97|93,96/9,48=9,43,47,2,48
7,1|85,12|0,94|17,86|7,69|12,44|7,46|19,25|1,60|69,85|32,17|66,79|46,23|7,53|23,66|7,0|75,78|53,32|94,75|60,19/7,78=7,0,94,75,78
70,30|45,52|8,28|60,7|58,19|19,9|9,37|96,62|39,47|34,55|8,58|30,85|8,60|62,53|8,45|7,39|8,80|52,34|28,70|80,96/8,85=8,28,70,30,85
6,3|43,28|36,42|14,18|43,83|49,9|13,78|43,36|35,81|28,16|43,6|3,14|16,72|74,44|42,74|9,62|78,35|83,49|72,19|43,13/43,18=43,6,3,14,18
41,23|23,3|3,80|49,13|41,2|6,53|41,6|8,72|53,61|39,38|80,21|41,37|9,8|37,9|61,88|63,31|69,63|2,69|13,39|41,49/41,31=41,2,69,63,31
77,84|5,92|10,96|99,94|91,97|38,40|77,27|94,91|77,99|7,70|32,38|84,62|77,21|62,43|27,34|43,68|77,5|34,7|92,10|21,32/77,70=77,27,34,7,70
46,63|63,45|82,0|82,75|59,73|71,46|0,77|82,64|75,95|91,59|95,78|77,31|73,86|64,90|82,71|31,34|17,84|82,91|78,67|90,17/82,45=82,71,46,63,45
62,0|60,52|83,74|0,83|53,56|98,47|70,94|42,75|42,60|42,62|75,70|76,33|33,15|94,17|52,53|18,98|14,76|42,18|42,14|47,43/42,43=42,18,98,47,43
3,99|53,46|18,44|18,39|72,52|18,14|45,3|61,97|93,29|44,61|35,72|39,93|18,80|18,26|26,45|46,20|14,53|29,8|97,2|80,35/18,2=18,44,61,97,2
26,95|15,21|97,73|16,85|15,53|53,97|60,83|44,47|8,16|15,71|20,26|13,86|5,93|93,60|73,6|71,20|15,44|21,8|47,13|15,5/15,83=15,5,93,60,83
12,65|52,61|72,20|59,10|13,89|14,36|59,68|68,72|59,52|51,99|23,14|28,35|10,45|20,94|36,58|59,23|59,13|61,51|45,12|89,28/59,58=59,23,14,36,58
46,57|81,36|66,23|26,53|54,26|36,46|75,79|22,20|34,63|28,54|57,65|42,87|79,42|81,75|20,34|99,85|81,28|81,99|85,66|81,22/81,23=81,99,85,66,23
99,8|57,95|40,12|48,66|50,76|19,4|54,99|54,93|8,57|73,50|54,15|66,40|83,47|54,48|81,26|93,73|26,19|15,83|47,51|54,81/54,51=54,15,83,47,51
33,79|23,75|79,86|89,44|84,45|32,58|52,39|44,97|52,38|12,51|52,89|54,33|40,84|75,32|52,54|38,40|98,12|97,56|52,23|39,98/52,58=52,23,75,32,58
7,66|28,19|28,5|28,7|28,18|5,48|66,91|16,20|24,89|28,35|59,16|35,24|48,74|91,0|18,59|89,60|74,12|19,47|47,88|88,2/28,0=28,7,66,91,0
99,1|71,84|78,88|49,87|87,25|13,62|73,14|88,53|49,77|66,78|49,13|77,59|79,99|49,66|49,95|95,79|36,39|59,36|62,73|25,71/49,84=49,87,25,71,84
80,24|35,4|31,71|4,72|80,75|9,64|76,27|81,90|24,35|27,9|90,48|1,57|88,87|87,31|80,88|62,1|75,62|80,81|48,15|80,76/80,71=80,88,87,31,71
82,91|93,32|7,17|8,7|13,68|2,57|12,82|60,3|2,29|57,9|81,48|29,81|91,27|48,33|2,12|9,13|32,60|11,8|2,11|2,93/2,3=2,93,32,60,3
87,46|15,14|96,24|15,76|68,61|98,8|8,96|15,19|15,31|76,90|0,64|15,98|13,67|14,52|52,87|90,13|43,0|19,17|17,68|31,43/15,46=15,14,52,87,46
56,94|45,98|17,56|67,92|48,4|2,44|17,48|76,77|4,6|92,36|94,76|17,2|6,37|82,65|17,67|33,62|65,33|44,45|36,49|17,82/17,37=17,48,4,6,37
90,61|97,50|28,38|6,33|43,41|38,6|73,43|73,28|60,29|85,25|73,90|25,34|56,85|73,56|73,60|61,48|48,95|41,97|29,92|92,83/73,50=73,43,41,97,50
97,74|74,54|2,92|16,66|92,40|75,45|8,63|97,23|97,16|97,41|23,8|83,49|97,91|54,83|66,75|63,53|91,2|41,79|79,95|95,48/97,45=97,16,66,75,45
80,39|76,21|36,52|76,64|76,37|2,84|76,75|47,67|75,96|82,47|37,45|21,98|64,82|84,69|45,80|0,27|76,25|98,0|96,36|25,2/76,52=76,75,96,36,52
15,98|15,62|61,55|15,85|67,28|90,72|98,48|23,27|24,84|81,67|84,90|62,81|15,24|4,99|27,4|70,34|85,91|48,70|91,61|15,23/15,99=15,23,27,4,99
45,2|34,32|71,65|2,95|12,91|74,51|32,23|23,82|70,46|71,4|71,7|71,34|58,12|71,58|46,66|7,45|4,70|63,74|91,26|65,63/71,82=71,34,32,23,82
53,88|15,53|40,47|44,62|50,69|50,15|50,40|0,9|29,58|50,29|88,27|47,0|3,14|2,19|91,44|50,91|58,3|69,2|62,99|19,11/50,14=50,29,58,3,14
31,28|57,33|67,32|67,19|59,91|94,35|67,69|22,95|76,59|6,1|19,57|77,22|67,76|91,34|1,94|32,77|69,92|67,6|33,90|92,31/67,90=67,19,57,33,90
49,89|58,79|11,31|61,11|41,0|61,54|51,21|31,58|54,38|61,65|61,75|75,66|66,49|65,18|61,96|96,19|19,60|38,41|18,51|60,82/61,89=61,75,66,49,89
93,32|70,3|44,55|26,64|6,35|78,6|35,93|55,96|30,45|72,44|78,27|84,47|78,26|90,30|47,70|64,29|27,90|78,84|29,41|78,72/78,3=78,84,47,70,3
50,9|73,67|81,49|81,45|95,73|72,76|20,53|29,2|56,1|45,95|81,47|19,29|81,88|49,50|47,19|53,56|76,61|81,20|9,22|88,72/81,22=81,49,50,9,22
36,93|93,56|88,76|55,80|26,41|13,72|3,84|47,55|84,26|57,3|57,91|91,47|57,36|72,92|57,88|92,42|76,0|0,12|56,48|57,13/57,42=57,13,72,92,42
26,86|69,43|77,8|38,26|52,60|69,64|69,25|25,45|29,4|54,29|64,54|48,77|92,38|94,48|69,94|71,39|43,52|45,71|69,92|60,72/69,72=69,43,52,60,72
62,46|30,71|46,6|62,48|47,64|49,63|29,74|2,49|63,31|3,29|54,47|50,38|6,30|62,3|62,26|26,89|62,2|48,54|74,51|89,50/62,51=62,3,29,74,51
13,57|78,21|0,92|41,8|94,41|8,86|0,13|20,79|66,64|70,82|55,66|92,55|57,91|0,94|21,20|0,78|91,24|0,70|82,83|83,17/0,79=0,78,21,20,79
7,65|15,93|7,66|7,99|59,94|7,48|84,4|17,79|99,83|38,46|65,15|76,84|83,38|7,30|0,17|93,63|30,0|94,49|48,59|66,76/7,49=7,48,59,94,49
23,96|26,32|17,23|7,93|98,1|96,59|56,7|32,0|76,97|43,67|34,60|26,98|0,43|11,56|26,11|26,29|1,76|47,34|29,47|26,17/26,97=26,98,1,76,97
21,31|82,17|46,88|54,21|48,96|47,46|96,82|97,51|66,47|88,27|93,62|66,54|66,97|31,57|38,5|51,93|5,56|66,48|56,90|66,38/66,57=66,54,21,31,57
77,44|86,93|43,66|17,86|60,73|65,69|78,24|32,48|24,61|69,46|65,64|66,77|64,20|20,60|46,32|65,9|9,17|61,71|65,78|65,43/65,73=65,64,20,60,73
63,2|75,77|87,15|77,94|2,39|45,90|87,78|87,31|72,12|90,76|86,56|55,75|31,44|44,86|15,63|37,45|87,55|14,72|78,14|87,37/87,76=87,37,45,90,76
84,82|73,48|85,80|73,86|81,44|95,14|15,47|73,16|17,84|23,17|47,83|16,81|14,85|44,79|7,59|86,15|48,77|73,23|73,95|77,7/73,82=73,23,17,84,82
2,9|45,11|8,0|58,45|0,98|34,75|68,96|64,58|65,46|9,95|11,91|95,56|64,65|46,78|98,84|75,68|64,2|64,34|78,55|64,8/64,91=64,58,45,11,91
43,31|80,23|83,85|5,57|5,86|65,59|31,39|86,28|23,49|57,91|28,83|5,98|98,43|5,80|49,22|84,26|5,65|13,58|59,84|91,13/5,26=5,65,59,84,26
80,7|83,80|7,10|10,12|83,1|83,39|83,28|66,29|83,79|99,88|39,66|88,55|29,46|8,59|59,0|6,74|1,99|28,85|79,8|85,6/83,12=83,80,7,10,12
89,44|30,54|1,67|93,77|93,89|44,42|55,26|93,1|31,30|21,55|93,31|42,60|67,61|93,21|61,48|68,29|54,66|29,98|77,68|26,33/93,48=93,1,67,61,48
28,24|56,42|51,53|44,51|28,59|90,23|81,73|28,22|5,84|73,33|28,5|22,81|59,18|84,35|35,47|53,64|42,82|18,90|24,56|28,44/28,82=28,24,56,42,82
20,18|93,61|6,21|29,41|91,13|73,91|29,76|81,48|41,81|29,20|29,73|15,46|18,80|29,6|76,15|80,44|21,93|48,94|13,54|46,75/29,54=29,73,91,13,54
86,47|43,93|50,76|47,29|28,33|43,28|5,57|33,18|93,44|31,55|29,79|61,5|49,91|18,2|76,31|43,86|44,49|16,61|43,16|43,50/43,91=43,93,44,49,91
54,34|58,82|87,5|6,11|80,87|34,93|15,78|44,6|53,15|93,16|50,53|5,99|86,14|86,50|11,79|14,58|82,65|86,44|86,54|86,80/86,16=86,54,34,93,16
54,42|12,4|12,65|4,52|43,77|52,43|65,54|72,8|21,72|24,21|17,81|12,76|42,59|63,38|81,32|12,24|12,97|76,17|38,56|97,63/12,56=12,97,63,38,56
77,44|32,48|43,66|17,32|86,93|65,69|78,24|60,73|24,61|69,46|65,64|66,77|64,20|20,86|46,60|65,9|9,17|61,71|65,78|65,43/65,73=65,69,46,60,73
50,89|87,72|13,48|83,74|98,83|33,15|4,6|98,50|72,44|42,87|79,20|98,42|20,75|89,13|74,4|98,33|98,61|15,92|92,8|61,79/98,6=98,83,74,4,6
7,41|54,50|41,92|76,91|99,76|93,45|91,97|43,93|43,21|45,13|43,99|85,31|13,11|3,7|14,88|43,54|50,85|21,14|88,98|43,3/43,97=43,99,76,91,97
82,50|42,89|82,95|82,5|91,8|82,31|95,17|77,4|89,51|66,61|76,32|61,43|17,76|5,42|50,96|88,66|82,88|31,77|96,91|4,45/82,8=82,50,96,91,8
75,13|70,80|72,7|97,45|5,89|89,4|16,97|96,28|70,96|28,72|70,5|45,40|13,81|70,16|4,8|57,39|80,75|74,14|70,74|14,57/70,39=70,74,14,57,39
58,57|4,96|34,58|33,11|44,59|99,50|50,75|4,79|9,39|57,67|4,34|24,44|4,24|37,99|96,36|59,69|43,33|36,9|79,43|4,37/4,69=4,24,44,59,69
33,91|95,18|14,78|19,6|78,49|42,53|25,95|42,58|28,19|46,17|75,33|53,14|91,47|42,28|42,75|42,12|6,90|88,46|12,25|58,88/42,90=42,28,19,6,90
82,49|88,38|13,41|5,72|92,79|49,58|13,5|13,36|45,92|13,78|79,26|72,67|41,82|67,35|96,88|84,63|13,45|36,96|78,84|63,33/13,38=13,36,96,88,38
9,5|34,13|73,2|80,55|34,93|45,41|86,51|51,97|5,80|48,73|96,91|13,1|27,48|1,49|91,45|34,27|34,96|49,8|93,86|34,9/34,8=34,13,1,49,8
64,34|78,59|73,93|32,20|20,73|34,85|84,5|24,80|80,41|76,3|77,37|59,31|77,40|77,24|77,32|5,76|40,64|37,78|41,16|77,84/77,85=77,40,64,34,85
63,3|3,57|20,94|63,4|25,17|63,10|10,20|57,98|98,6|76,16|27,52|4,48|16,27|61,40|63,25|94,26|48,12|63,76|12,34|17,61/63,6=63,3,57,98,6
49,99|51,36|0,45|19,80|19,33|91,0|47,51|1,49|67,87|19,91|19,47|36,86|33,55|19,84|55,97|84,1|97,54|45,65|26,67|80,26/19,87=19,80,26,67,87
21,94|74,2|2,12|40,27|27,58|88,77|12,25|25,96|74,55|62,9|89,21|29,40|55,62|77,20|74,67|74,88|67,89|20,93|9,41|74,29/74,41=74,55,62,9,41
85,91|56,51|75,80|11,49|29,56|45,59|37,6|86,10|0,99|45,29|45,85|59,98|45,17|38,0|45,86|51,19|10,11|98,37|91,75|17,38/45,49=45,86,10,11,49
0,45|66,44|3,58|9,74|18,29|73,80|84,0|68,89|48,35|29,69|59,84|69,48|61,3|18,59|18,61|89,66|80,9|58,32|18,73|18,68/18,44=18,68,89,66,44
78,26|23,30|67,48|67,10|67,65|79,27|65,81|95,20|2,44|48,23|20,2|67,66|27,74|10,79|66,54|81,78|70,83|54,70|67,95|30,39/67,39=67,48,23,30,39
61,13|54,51|59,50|66,22|61,80|94,89|76,94|16,12|61,4|4,59|89,78|13,97|50,90|28,17|61,16|17,75|61,76|80,28|97,54|12,66/61,51=61,13,97,54,51
87,0|72,3|87,59|87,12|24,14|27,65|67,82|12,45|87,90|90,39|45,24|59,47|39,27|57,67|0,57|75,58|20,76|76,75|47,72|87,20/87,58=87,20,76,75,58
90,35|11,91|99,73|59,88|9,10|63,11|42,59|9,89|56,24|9,90|12,42|37,56|69,33|10,45|91,44|89,37|9,12|9,63|45,69|35,99/9,88=9,12,42,59,88
64,88|64,83|49,43|88,29|42,87|83,42|26,27|65,10|29,19|2,65|76,21|64,49|43,76|10,16|64,2|19,52|87,50|64,85|85,68|68,26/64,50=64,83,42,87,50
63,46|49,85|70,98|70,49|98,5|16,63|91,22|70,91|22,33|28,76|57,51|85,27|70,20|5,28|20,16|33,40|70,57|27,4|1,10|51,1/70,46=70,20,16,63,46
68,81|9,79|80,40|32,92|33,65|99,48|59,83|32,56|11,96|32,59|17,82|98,80|56,99|83,9|32,68|48,57|32,17|82,11|92,98|81,33/32,40=32,92,98,80,40
30,15|10,52|83,2|10,83|4,17|54,13|10,38|17,39|39,20|5,77|61,84|38,54|2,5|10,4|52,30|15,58|69,50|10,69|13,28|50,61/10,28=10,38,54,13,28
51,78|57,36|20,14|66,90|85,44|48,85|78,52|63,61|13,20|36,48|98,13|41,17|57,98|57,66|52,88|57,51|57,63|73,32|90,73|61,41/57,17=57,63,61,41,17
64,88|88,45|94,70|10,13|70,17|98,44|10,98|33,64|80,94|10,47|13,35|47,86|38,60|44,58|10,80|58,30|86,12|35,38|12,57|10,33/10,17=10,80,94,70,17
74,70|29,51|35,58|74,26|15,64|73,39|51,56|33,86|16,57|26,2|25,35|39,71|74,29|2,15|71,47|74,73|86,16|74,33|56,30|70,25/74,57=74,33,86,16,57
13,14|93,74|66,27|27,41|58,84|13,59|52,19|26,96|13,23|59,91|13,26|19,98|13,52|96,93|98,1|91,68|68,80|23,66|84,35|14,58/13,35=13,14,58,84,35
71,15|63,34|52,86|11,33|15,55|14,53|14,71|42,92|34,42|14,63|14,18|14,96|53,50|55,28|18,95|45,78|95,52|96,45|78,39|50,11/14,92=14,63,34,42,92
71,16|39,76|85,87|51,57|44,39|72,11|76,40|0,51|79,8|44,71|8,58|11,33|40,49|44,5|5,0|58,63|16,85|22,72|44,79|44,22/44,63=44,79,8,58,63
49,60|0,84|22,49|47,78|93,47|86,77|22,35|22,86|26,20|77,26|22,0|22,12|84,31|12,18|55,45|60,95|95,58|35,93|18,55|31,43/22,20=22,86,77,26,20
38,14|37,44|36,30|46,3|46,27|27,84|44,1|3,38|60,36|84,41|14,12|33,48|71,33|46,95|46,47|47,60|48,2|95,37|46,71|41,28/46,12=46,3,38,14,12
53,86|83,45|55,99|84,55|96,46|28,52|96,60|86,83|92,11|11,28|96,24|24,43|96,53|44,15|60,33|43,44|33,35|35,41|96,92|46,84/96,45=96,53,86,83,45
2,89|89,11|22,64|22,52|17,98|37,81|7,61|53,2|52,38|61,28|48,66|18,44|64,94|81,17|22,37|38,18|94,48|22,53|22,7|28,12/22,12=22,7,61,28,12
36,68|60,9|60,71|9,70|18,63|10,57|49,18|20,17|57,36|60,6|11,65|6,49|71,20|4,30|61,52|60,11|17,69|65,61|60,10|70,4/60,30=60,9,70,4,30
41,91|23,41|23,75|42,21|23,92|23,32|3,30|30,83|23,36|45,66|17,9|36,51|32,42|37,65|21,27|92,20|91,45|75,3|51,17|20,37/23,9=23,36,51,17,9
7,41|54,50|41,92|76,85|99,76|93,45|85,31|43,93|43,21|45,91|43,99|13,11|91,97|3,7|14,88|43,54|50,13|21,14|88,98|43,3/43,97=43,93,45,91,97
0,7|59,93|75,11|37,1|43,58|99,53|24,99|36,43|41,75|7,37|73,41|36,73|36,0|36,59|58,64|93,15|64,78|36,24|15,22|53,50/36,1=36,0,7,37,1
37,13|84,63|34,66|63,74|84,34|56,40|0,53|84,77|66,56|84,37|53,51|70,41|77,19|74,71|84,0|13,12|51,22|19,70|71,97|12,72/84,97=84,63,74,71,97
51,6|9,68|51,30|84,83|8,28|51,85|28,75|51,33|1,5|78,50|51,84|4,78|30,8|6,4|68,62|5,31|83,60|60,76|33,1|85,9/51,31=51,33,1,5,31
76,84|32,90|40,77|58,4|66,94|90,37|30,16|94,72|30,76|30,66|30,58|72,46|22,61|84,22|4,81|12,65|16,32|81,55|65,40|30,12/30,37=30,16,32,90,37
9,23|3,54|89,81|78,47|83,78|40,11|21,83|45,89|45,3|50,20|45,42|54,9|39,97|81,39|92,80|45,21|45,92|80,40|42,58|58,50/45,47=45,21,83,78,47
20,69|37,29|37,15|29,81|69,93|58,82|75,54|0,20|82,13|96,49|81,3|89,75|49,28|13,62|37,0|3,34|15,89|37,55|37,58|55,96/37,28=37,55,96,49,28
65,5|12,91|72,84|15,29|5,35|12,6|1,26|0,65|7,72|6,30|29,51|91,42|30,1|12,0|12,7|9,15|42,20|20,78|12,9|84,95/12,51=12,9,15,29,51
15,27|27,17|28,43|53,47|92,96|91,49|36,92|79,39|15,21|30,55|47,88|21,28|39,30|96,68|15,53|88,80|17,91|15,79|15,36|43,74/15,74=15,21,28,43,74
63,36|96,2|63,52|38,11|63,51|63,96|59,9|51,47|2,38|54,95|36,5|8,54|95,88|52,56|68,62|32,20|47,32|63,8|5,59|56,68/63,62=63,52,56,68,62
36,57|18,94|18,54|18,92|40,77|18,47|88,8|47,69|71,3|62,71|92,88|72,26|18,40|94,62|8,53|77,72|54,36|57,12|69,90|90,37/18,3=18,94,62,71,3
15,87|57,18|95,3|17,57|87,28|18,94|42,26|28,71|17,42|94,84|3,67|70,99|60,14|69,50|17,69|17,54|50,70|54,95|26,60|17,15/17,99=17,69,50,70,99
4,94|21,76|22,13|94,66|37,90|77,18|56,61|13,56|22,77|22,4|90,48|18,78|76,79|22,31|66,46|79,67|22,21|78,70|31,37|61,65/22,65=22,13,56,61,65
59,63|46,77|18,79|41,52|37,2|64,46|79,41|63,89|88,84|84,37|89,17|18,71|52,56|18,64|18,59|71,62|77,34|29,82|62,29|18,88/18,17=18,59,63,89,17
24,30|31,75|86,44|16,24|35,21|86,91|5,16|21,57|91,35|51,40|11,51|86,5|86,89|28,31|89,83|44,11|86,28|72,32|83,72|75,64/86,32=86,89,83,72,32
28,98|10,39|15,33|83,99|39,14|33,31|65,10|48,87|59,57|70,78|15,28|98,70|40,59|95,83|15,47|31,48|15,65|67,40|47,95|15,67/15,78=15,28,98,70,78
47,32|5,47|44,41|75,36|42,28|5,42|5,67|30,37|41,58|67,65|28,63|68,1|5,88|5,45|45,11|32,30|63,62|88,44|11,68|65,75/5,37=5,47,32,30,37
83,47|17,84|4,83|17,9|9,82|49,18|17,30|68,20|14,63|84,1|80,56|30,7|17,80|82,14|7,88|88,42|56,68|1,49|17,4|47,86/17,63=17,9,82,14,63
86,17|96,14|7,65|29,39|7,57|52,29|22,99|7,52|7,96|26,68|14,26|63,85|65,79|85,86|42,22|7,63|57,42|79,15|39,32|15,77/7,68=7,96,14,26,68
15,94|44,36|96,18|8,24|18,35|42,10|96,4|96,42|45,79|12,28|96,44|39,81|28,89|4,12|35,39|10,8|96,68|16,15|68,16|36,45/96,81=96,18,35,39,81
57,24|35,1|33,84|93,56|1,10|33,52|33,63|33,57|52,53|88,89|58,8|25,64|54,18|33,58|89,78|53,54|24,25|63,35|8,93|84,88/33,18=33,52,53,54,18
65,12|58,3|80,33|52,65|10,2|47,4|4,61|80,60|2,69|38,93|33,38|3,44|80,52|51,58|80,47|60,10|61,7|93,27|12,8|80,51/80,7=80,47,4,61,7
3,15|77,30|15,50|69,91|69,1|75,97|69,88|88,77|69,3|1,82|37,55|9,75|30,95|44,42|69,37|4,68|82,44|50,28|91,9|55,4/69,42=69,1,82,44,42
61,11|22,29|13,90|12,59|86,72|36,67|67,20|12,24|29,86|40,88|12,38|12,78|24,82|12,22|55,13|78,36|82,40|28,61|59,55|38,28/12,90=12,59,55,13,90
72,39|25,63|39,25|63,56|5,87|72,23|21,74|12,55|74,57|72,67|41,12|57,15|23,5|55,34|72,41|66,38|87,81|13,66|72,21|67,13/72,15=72,21,74,57,15
79,13|3,19|52,22|76,50|58,30|32,65|22,3|5,1|2,89|89,27|65,77|80,32|5,80|5,76|39,23|5,58|1,2|5,52|50,39|30,79/5,19=5,52,22,3,19
46,34|81,36|57,65|26,53|54,26|36,46|75,79|22,20|66,23|28,54|34,63|42,87|79,42|81,75|20,66|99,85|81,28|81,99|85,57|81,22/81,23=81,22,20,66,23
47,46|11,75|60,73|1,92|24,11|73,47|53,56|92,16|33,99|75,19|60,1|60,96|60,65|16,51|96,53|56,4|65,33|46,21|60,24|99,94/60,4=60,96,53,56,4
26,64|11,43|60,46|13,60|21,80|13,82|13,21|94,3|82,93|93,16|99,63|16,49|81,9|13,94|9,69|69,92|46,99|3,11|13,81|80,26/13,43=13,94,3,11,43
64,88|64,83|49,43|88,29|42,26|83,42|76,21|65,10|29,19|2,65|87,50|64,49|43,87|10,16|64,2|19,52|26,27|64,85|85,68|68,76/64,50=64,49,43,87,50
21,24|34,19|25,15|24,83|17,40|12,17|55,74|9,12|74,21|97,93|68,67|44,87|42,82|55,97|87,42|55,9|55,34|93,25|19,68|55,44/55,40=55,9,12,17,40
70,63|63,87|73,34|35,80|61,29|33,61|69,12|87,77|70,42|36,8|70,33|42,99|60,69|70,36|77,78|99,35|70,60|8,73|29,24|12,59/70,59=70,60,69,12,59
15,16|62,60|85,66|95,17|40,81|12,37|12,49|12,40|12,39|60,32|41,87|87,29|66,1|49,62|81,95|39,85|71,41|12,71|84,15|37,84/12,1=12,39,85,66,1
27,24|46,39|86,43|42,75|31,46|23,42|98,86|82,15|20,27|75,30|43,88|24,69|93,66|31,98|31,23|66,0|31,20|39,82|40,93|31,40/31,30=31,23,42,75,30
40,19|62,2|63,80|40,28|60,9|40,62|20,97|4,86|36,14|15,20|28,15|80,90|90,91|40,63|83,4|2,75|9,36|40,60|19,83|75,68/40,14=40,60,9,36,14
87,20|53,93|86,11|24,4|11,31|89,86|93,60|20,13|53,43|81,80|4,45|90,81|53,28|76,49|29,90|60,76|53,89|53,29|28,24|43,87/53,49=53,93,60,76,49
40,96|58,14|29,51|9,34|52,9|26,58|52,60|60,26|61,40|90,46|96,98|52,0|52,43|0,68|68,29|95,4|34,90|43,47|47,95|52,61/52,4=52,43,47,95,4
89,75|3,40|0,74|65,32|25,46|99,94|65,0|74,18|46,69|97,20|75,71|65,55|40,97|18,26|32,64|59,89|55,25|65,3|65,59|64,99/65,20=65,3,40,97,20
69,80|21,6|69,35|61,32|24,12|69,27|80,92|57,21|36,61|6,71|94,0|29,87|0,24|69,57|42,88|92,42|35,1|27,36|1,29|69,94/69,12=69,94,0,24,12
86,28|30,64|72,9|28,45|30,84|50,25|30,48|30,14|14,93|18,97|75,69|9,3|84,98|30,75|98,50|48,72|64,86|69,79|93,18|79,20/30,3=30,48,72,9,3
55,13|73,47|76,4|69,73|4,91|87,14|91,87|85,86|76,77|6,55|76,69|86,41|76,40|40,80|47,48|76,57|77,85|80,22|22,12|57,6/76,14=76,4,91,87,14
46,27|88,68|88,49|43,77|64,43|68,44|97,41|41,95|95,29|88,97|44,11|38,46|22,83|88,75|27,94|88,38|75,64|11,70|69,22|49,69/88,77=88,75,64,43,77
46,8|51,45|29,20|62,14|80,29|81,50|81,67|38,52|21,99|50,22|30,94|81,62|98,59|8,38|67,80|14,30|22,51|81,21|81,46|99,98/81,20=81,67,80,29,20
67,41|67,90|40,1|4,97|82,22|69,77|97,96|35,44|88,43|44,87|41,4|1,74|90,40|87,91|67,35|67,25|43,69|67,88|25,82|22,57/67,77=67,88,43,69,77
13,57|78,21|0,92|41,8|94,41|8,86|0,13|66,64|83,17|70,82|55,83|92,55|57,91|0,94|21,66|0,78|91,24|0,70|82,20|20,79/0,79=0,70,82,20,79
82,67|8,73|51,89|51,82|78,4|71,46|51,76|51,71|76,66|93,87|73,13|12,77|46,35|89,8|87,14|67,78|51,93|14,31|66,12|35,99/51,77=51,76,66,12,77
80,67|88,51|66,38|73,66|71,73|34,56|93,16|51,80|56,99|16,33|38,78|33,42|71,1|1,34|8,45|71,93|10,39|39,8|71,88|71,10/71,99=71,1,34,56,99
58,0|33,23|75,57|83,70|96,86|21,85|83,58|48,21|34,80|89,48|13,4|2,62|83,89|83,96|86,34|0,75|83,2|62,33|66,13|70,66/83,4=83,70,66,13,4
18,81|62,63|14,20|0,2|8,0|19,90|89,8|31,89|55,50|63,18|31,62|96,14|31,96|31,55|50,19|73,5|51,73|31,46|20,16|46,51/31,2=31,89,8,0,2
74,14|36,81|23,20|24,28|28,57|83,41|83,49|83,43|49,51|54,8|51,36|83,74|14,79|57,6|43,72|20,7|41,23|72,54|83,24|79,77/83,7=83,41,23,20,7
80,29|74,4|34,48|33,84|56,15|72,3|25,72|64,33|48,38|38,79|64,25|64,34|64,41|64,24|41,10|84,74|24,66|66,80|3,91|10,56/64,4=64,33,84,74,4
28,23|83,8|28,67|45,59|28,42|28,9|9,45|23,83|42,80|59,74|76,70|80,81|15,84|81,54|70,15|50,10|10,71|8,60|67,50|28,76/28,54=28,42,80,81,54
43,42|28,41|94,81|33,16|16,95|28,33|25,48|28,54|81,43|73,32|41,75|28,94|54,58|95,76|1,7|62,73|32,3|58,25|75,1|28,62/28,3=28,62,73,32,3
18,69|24,1|52,77|30,71|75,99|64,80|69,20|48,78|35,48|30,18|77,24|71,64|30,52|30,44|30,89|20,40|80,6|89,35|99,17|44,75/30,17=30,44,75,99,17
73,23|8,65|27,4|76,73|37,51|37,87|51,55|37,5|87,76|55,74|37,27|48,8|59,2|4,59|65,91|37,48|28,22|22,98|74,58|5,28/37,23=37,87,76,73,23
17,86|16,65|6,70|6,24|86,67|26,17|24,16|6,42|38,2|52,0|65,68|36,62|70,49|11,61|6,26|6,11|42,58|49,52|58,36|61,38/6,2=6,11,61,38,2
59,87|16,97|40,78|97,83|37,33|13,5|13,40|60,86|78,76|86,20|61,59|69,16|13,60|76,58|20,88|13,69|65,37|13,42|5,61|42,65/13,58=13,40,78,76,58
63,26|72,69|88,97|97,51|89,3|76,60|63,25|63,72|25,88|82,32|3,76|26,7|69,23|56,80|63,21|80,37|21,56|23,2|63,89|7,82/63,51=63,25,88,97,51
12,69|99,74|73,44|1,37|59,80|73,85|73,99|16,19|7,89|80,97|42,7|97,66|73,96|44,91|91,12|39,16|96,39|85,42|74,1|73,59/73,89=73,85,42,7,89
45,17|10,94|38,20|49,56|49,18|56,83|49,78|83,9|78,39|94,46|20,43|49,95|49,47|47,38|28,45|95,28|18,10|39,40|40,63|9,15/49,17=49,95,28,45,17
65,31|32,30|32,12|86,50|13,20|23,67|21,85|20,84|32,65|12,9|84,5|32,13|31,54|57,21|30,61|61,86|9,23|54,79|32,57|85,40/32,50=32,30,61,86,50
78,21|96,99|23,78|55,44|44,96|89,27|32,3|55,42|27,93|3,56|55,32|92,13|42,23|55,18|18,92|99,29|58,89|55,58|56,87|13,12/55,21=55,42,23,78,21
88,18|86,19|60,95|43,59|88,6|95,43|18,62|89,31|40,89|6,51|88,64|88,40|64,86|88,60|31,50|19,44|9,2|62,9|93,46|51,93/88,2=88,18,62,9,2
40,13|26,78|1,91|27,44|33,80|10,50|27,94|78,2|44,10|27,58|27,87|48,33|58,48|13,16|94,26|84,1|27,84|50,97|91,62|87,40/27,62=27,84,1,91,62
82,87|6,46|12,17|90,22|83,25|88,5|12,20|46,14|52,65|2,72|25,64|12,2|65,73|22,82|12,90|12,51|17,52|51,83|20,6|72,88/12,87=12,90,22,82,87
75,1|48,15|72,83|75,19|75,55|55,49|29,35|49,48|85,90|75,98|98,85|80,99|75,80|90,22|1,29|35,5|19,72|83,38|99,39|39,71/75,15=75,55,49,48,15
20,93|74,90|99,6|74,42|90,67|41,23|6,60|92,98|14,99|74,80|33,56|74,46|98,34|46,92|93,48|67,33|80,78|42,20|74,14|78,41/74,60=74,14,99,6,60
25,92|47,37|13,1|34,82|84,13|92,41|25,70|3,44|70,34|95,71|99,3|91,84|25,91|41,78|78,72|71,47|82,93|25,99|44,63|25,95/25,37=25,95,71,47,37
52,9|81,15|51,13|99,79|29,83|79,92|52,59|92,11|9,63|52,91|56,33|52,99|94,56|59,94|63,81|52,64|83,86|13,54|64,29|91,51/52,11=52,99,79,92,11
66,49|27,97|63,81|85,9|1,72|88,46|27,88|97,65|72,85|98,11|76,63|38,87|27,1|87,54|27,37|37,38|46,66|71,76|27,71|65,98/27,49=27,88,46,66,49
69,9|48,15|8,28|41,79|71,77|48,22|48,84|79,44|72,85|18,25|22,72|85,60|9,11|48,69|84,41|15,8|28,17|77,18|48,71|11,51/48,51=48,69,9,11,51
18,46|54,65|60,85|18,45|45,60|74,26|46,82|96,94|20,36|36,86|85,5|95,69|18,74|18,20|28,48|82,95|18,54|65,96|86,12|26,28/18,48=18,74,26,28,48
54,29|29,91|34,56|50,65|19,40|89,34|54,93|93,0|65,99|99,96|54,50|24,89|54,98|37,6|86,45|98,7|0,19|7,86|54,24|91,37/54,6=54,29,91,37,6
74,28|12,3|76,16|69,40|28,63|24,51|99,69|96,74|6,29|98,92|98,34|3,6|34,76|92,24|98,75|98,12|16,88|75,99|98,96|51,61/98,61=98,92,24,51,61
69,10|32,7|15,41|91,64|69,32|69,87|95,39|87,46|7,40|55,75|75,91|39,15|46,35|69,55|40,12|86,34|35,76|10,86|69,95|34,30/69,30=69,10,86,34,30
3,93|8,89|3,24|25,48|19,92|59,72|24,8|93,86|6,19|85,9|3,60|72,38|86,25|3,97|60,59|97,85|89,39|3,7|7,6|9,50/3,39=3,24,8,89,39
74,60|1,45|26,44|22,32|60,2|33,82|44,46|2,85|33,74|79,28|82,26|33,61|53,58|32,1|86,53|33,86|61,79|33,22|58,63|28,37/33,63=33,86,53,58,63
66,69|67,63|59,17|60,3|47,81|13,47|87,11|81,59|13,67|75,71|98,87|65,28|13,98|63,66|3,65|13,60|11,68|71,99|13,8|8,75/13,17=13,47,81,59,17
58,19|15,56|65,58|93,84|93,48|90,10|48,15|91,51|93,11|13,86|56,75|11,65|45,90|96,36|84,45|93,13|93,49|51,32|49,91|86,96/93,10=93,84,45,90,10
99,72|50,54|99,82|82,37|34,49|38,66|42,51|1,12|99,42|51,1|54,34|65,75|99,56|69,78|56,92|92,69|32,65|37,38|99,50|72,32/99,75=99,72,32,65,75
41,56|50,30|59,88|88,6|31,41|39,77|31,59|31,14|31,87|24,50|6,73|46,21|87,39|14,24|31,61|61,27|77,34|13,3|56,13|27,46/31,34=31,87,39,77,34
3,36|58,30|28,38|3,35|36,45|30,31|41,68|35,56|45,90|90,94|68,70|70,13|18,58|3,82|56,28|40,74|3,18|3,41|82,40|74,79/3,31=3,18,58,30,31
18,26|88,71|20,2|20,86|31,24|39,46|20,29|20,18|72,82|86,72|32,37|23,0|71,31|20,88|9,32|60,23|82,4|29,60|2,9|26,39/20,24=20,88,71,31,24
95,94|33,54|27,67|27,64|27,96|96,33|94,6|27,16|5,14|54,93|64,83|90,58|16,5|83,86|67,90|14,87|27,95|6,29|58,69|86,38/27,87=27,16,5,14,87
29,7|65,42|65,82|7,39|79,73|1,88|70,53|21,70|82,2|88,58|65,29|26,21|24,40|58,85|65,1|2,24|65,26|39,36|42,59|59,79/65,85=65,1,88,58,85
0,64|89,46|4,27|35,96|99,37|40,75|27,63|38,88|76,4|37,74|89,24|24,25|25,0|89,76|86,99|89,35|96,40|88,71|89,86|46,38/89,63=89,76,4,27,63
75,8|23,20|75,4|2,50|75,62|75,38|75,19|17,35|26,3|50,84|4,53|65,66|47,17|19,26|38,47|3,72|53,23|66,88|8,2|62,65/75,35=75,38,47,17,35
92,2|75,69|56,88|54,84|39,92|34,57|22,87|41,74|69,54|88,72|13,39|37,75|37,25|37,13|80,41|37,22|37,86|25,80|86,56|87,34/37,74=37,25,80,41,74
59,12|2,26|28,77|46,43|20,16|93,4|4,94|59,20|67,42|43,29|59,22|26,67|12,93|59,2|16,28|14,9|9,99|22,46|66,14|59,66/59,77=59,20,16,28,77
28,23|83,15|28,67|45,59|28,42|28,9|9,45|23,83|42,80|59,74|76,70|80,8|81,54|8,60|70,81|50,10|10,71|15,84|67,50|28,76/28,54=28,76,70,81,54
31,62|67,5|85,75|43,31|75,93|77,35|88,56|36,67|77,74|12,98|21,36|74,85|77,21|29,78|77,43|48,88|98,29|35,48|62,0|77,12/77,0=77,43,31,62,0
19,9|0,73|0,85|73,13|0,36|84,65|86,62|38,27|63,12|36,77|85,86|77,63|13,57|0,38|57,20|18,84|0,83|27,19|62,72|83,18/0,20=0,73,13,57,20
2,90|93,2|57,61|58,70|7,39|90,40|79,5|87,20|70,65|11,79|39,49|61,33|11,98|11,19|5,87|33,13|11,93|19,7|98,58|11,57/11,20=11,79,5,87,20
40,12|21,97|21,86|61,56|58,61|21,42|97,15|12,68|15,35|64,32|93,64|35,23|21,47|27,96|86,74|47,93|42,40|74,27|21,58|56,0/21,68=21,42,40,12,68
24,8|24,58|24,94|52,77|13,59|8,67|37,60|94,75|24,52|19,55|75,26|15,18|43,13|24,43|26,44|59,11|77,37|89,15|67,19|58,89/24,60=24,52,77,37,60
41,80|58,19|71,3|96,73|5,81|19,35|91,27|58,71|8,11|58,88|35,66|81,91|66,9|53,33|73,53|58,5|58,96|3,8|88,41|80,76/58,11=58,71,3,8,11
77,60|17,6|13,11|75,36|27,89|33,10|67,64|36,77|17,13|17,75|79,67|6,72|64,62|17,79|10,18|72,27|11,47|47,23|17,33|18,51/17,23=17,13,11,47,23
10,33|37,91|10,90|23,62|10,0|64,24|12,14|84,64|49,30|0,26|30,12|26,22|90,23|59,84|62,66|33,95|10,49|22,4|95,37|10,59/10,91=10,33,95,37,91
18,62|68,48|24,59|24,29|70,51|13,78|38,68|24,3|44,71|29,18|24,8|24,70|51,44|30,13|62,32|8,30|59,38|74,87|87,65|3,74/24,78=24,8,30,13,78
70,92|52,2|77,42|29,96|70,18|70,82|70,76|4,72|70,77|40,4|50,51|74,29|76,26|75,10|94,52|42,50|18,94|92,74|26,75|82,40/70,51=70,77,42,50,51
13,45|96,32|1,85|13,74|5,99|74,77|34,52|6,1|39,57|86,5|72,28|23,61|13,96|77,72|44,6|45,86|13,44|13,34|32,39|52,23/13,28=13,74,77,72,28
43,49|80,23|83,85|5,57|5,86|65,59|49,22|86,28|23,84|57,91|28,83|5,98|98,43|5,80|84,26|31,39|5,65|13,58|59,31|91,13/5,26=5,80,23,84,26
5,18|97,56|9,97|18,19|89,58|73,5|60,16|16,99|53,73|6,29|53,60|53,78|58,52|29,69|53,6|53,3|99,33|78,9|69,82|3,89/53,52=53,3,89,58,52
96,84|75,23|77,51|75,81|82,96|32,86|46,58|75,46|76,90|81,38|38,76|75,77|58,4|41,91|23,32|51,41|4,83|86,64|87,82|75,87/75,84=75,87,82,96,84
3,33|9,61|43,77|5,65|65,39|61,30|51,16|51,43|16,23|51,3|23,21|88,9|33,45|51,89|90,78|89,5|77,90|51,88|45,25|21,13/51,78=51,43,77,90,78
5,45|25,59|14,39|25,14|45,58|59,50|24,62|58,37|99,82|25,69|12,38|27,86|25,5|39,47|47,66|38,42|50,27|69,12|25,24|62,99/25,86=25,59,50,27,86
75,93|3,85|48,4|22,52|75,61|0,62|75,0|75,49|93,60|87,70|61,65|65,3|49,55|60,22|75,96|55,48|35,87|62,19|19,58|96,35/75,70=75,96,35,87,70
12,20|67,24|84,53|24,56|9,54|92,67|54,33|61,9|69,92|26,12|90,70|69,17|69,61|69,8|8,65|69,48|17,26|14,90|65,84|48,14/69,53=69,8,65,84,53
28,29|73,51|55,61|28,69|30,13|12,60|52,75|69,73|78,93|2,88|60,78|97,18|28,12|75,2|28,52|29,76|76,55|18,30|51,26|28,97/28,88=28,52,75,2,88
23,86|23,11|60,9|57,42|2,53|15,64|23,6|53,80|86,2|11,67|67,76|43,40|76,32|23,15|9,27|6,43|23,70|70,60|40,51|64,57/23,42=23,15,64,57,42
47,33|28,67|32,16|87,23|16,51|46,32|13,41|3,89|11,87|77,19|67,77|85,53|89,13|47,28|47,11|23,94|47,3|68,85|33,68|47,46/47,19=47,28,67,77,19
8,9|56,99|74,64|99,85|43,95|72,65|51,58|65,57|58,12|89,56|72,51|12,47|72,89|72,83|57,94|72,8|83,43|94,53|95,84|9,74/72,85=72,89,56,99,85
7,11|68,74|70,54|65,83|7,9|47,10|54,65|16,78|10,1|72,13|88,47|7,70|50,43|9,46|46,50|78,68|11,72|13,42|7,88|7,16/7,43=7,9,46,50,43
67,41|67,90|40,22|4,97|82,69|1,74|97,96|35,44|88,43|44,87|41,4|22,57|90,40|87,91|67,35|67,25|43,1|67,88|25,82|69,77/67,77=67,25,82,69,77
29,7|65,42|65,82|7,39|58,85|1,88|79,73|21,79|82,2|88,70|65,29|26,21|24,40|70,53|65,1|2,24|65,26|39,36|42,59|59,58/65,85=65,42,59,58,85
16,40|46,0|84,18|51,86|86,56|59,16|71,30|84,51|84,94|84,17|4,13|88,46|18,67|94,88|67,4|17,59|43,71|90,43|84,90|56,64/84,0=84,94,88,46,0
76,32|74,15|42,43|32,2|9,14|89,17|17,8|88,34|54,60|89,98|58,66|8,58|98,88|2,78|34,94|14,74|89,9|89,42|89,76|43,54/89,78=89,76,32,2,78
46,33|83,3|68,60|49,10|83,73|73,62|34,79|9,45|83,15|3,36|83,46|79,91|36,68|45,70|83,9|82,18|70,25|33,49|15,34|62,82/83,91=83,15,34,79,91
35,46|86,47|55,11|15,55|35,57|54,15|81,33|35,87|57,7|71,21|87,86|34,71|47,72|7,78|35,54|46,6|35,16|6,81|16,34|78,23/35,33=35,46,6,81,33
9,50|41,53|85,37|30,83|1,30|61,9|83,78|87,41|85,13|85,75|85,1|50,96|34,95|37,77|69,70|14,34|85,61|75,14|77,69|13,87/85,95=85,75,14,34,95
26,49|72,22|22,80|49,71|57,70|59,55|98,59|11,98|72,11|56,92|46,29|68,46|72,5|72,68|71,62|5,77|29,6|77,56|72,26|80,57/72,70=72,22,80,57,70
99,72|50,54|99,82|82,37|69,78|38,66|42,51|1,12|99,42|51,1|54,69|34,49|99,56|65,75|56,92|92,65|32,34|37,38|99,50|72,32/99,75=99,56,92,65,75
99,91|71,19|90,38|5,71|72,99|72,29|28,90|72,48|29,33|48,28|70,61|59,5|91,93|60,73|72,59|33,60|62,0|61,62|93,41|72,70/72,0=72,70,61,62,0
84,27|57,36|80,91|3,10|84,70|21,98|84,80|59,12|96,39|48,94|84,63|70,57|94,96|84,48|91,3|12,75|98,2|27,59|36,88|63,21/84,2=84,63,21,98,2
49,55|20,84|0,49|0,35|25,34|38,39|6,57|55,38|52,20|56,67|54,47|35,52|67,85|74,30|47,25|30,6|0,54|0,46|0,74|46,56/0,57=0,74,30,6,57
36,93|93,92|88,76|56,48|26,41|13,72|3,84|47,56|84,26|57,3|57,91|91,47|57,36|72,55|57,88|55,80|76,0|0,12|92,42|57,13/57,42=57,36,93,92,42
31,15|4,67|34,89|57,68|68,45|15,93|76,57|31,71|66,99|71,4|93,84|86,87|99,86|31,79|67,22|31,76|84,49|31,66|89,54|79,34/31,49=31,15,93,84,49
60,27|73,88|86,56|73,45|73,83|73,11|11,14|14,57|57,18|73,60|45,90|90,2|88,68|34,4|2,31|24,34|83,24|68,86|9,99|27,9/73,18=73,11,14,57,18
21,62|33,38|20,94|12,69|20,85|20,28|94,81|84,7|20,84|91,12|14,91|81,4|93,33|7,29|20,14|85,21|4,86|29,66|28,93|62,16/20,16=20,85,21,62,16
49,0|48,9|48,66|12,89|48,39|48,54|26,90|73,14|54,12|48,47|81,49|66,81|58,5|39,82|92,58|47,92|27,73|9,27|89,3|82,26/48,3=48,54,12,89,3
1,41|66,92|66,6|99,7|84,91|63,46|66,71|6,21|21,25|71,47|57,56|47,99|92,57|87,65|25,29|91,1|65,63|66,87|66,84|56,44/66,7=66,71,47,99,7
12,73|73,34|34,65|66,44|72,96|12,47|87,66|12,9|41,72|65,95|12,98|98,41|94,11|47,87|46,69|11,40|36,46|69,70|12,36|9,94/12,95=12,73,34,65,95
20,27|48,19|68,28|88,77|5,89|5,30|5,60|30,33|31,8|27,68|11,88|5,46|60,11|49,6|89,31|5,20|33,49|8,24|19,69|46,48/5,24=5,89,31,8,24
98,39|98,52|98,80|53,34|98,72|17,76|43,92|44,83|52,53|80,44|34,62|90,11|98,43|83,46|39,15|20,17|5,81|15,90|92,5|72,20/98,81=98,43,92,5,81
12,91|31,56|60,72|95,97|91,63|45,89|47,42|33,10|48,15|42,45|5,2|31,95|56,5|2,13|81,12|31,48|97,33|31,47|15,60|31,81/31,63=31,81,12,91,63
21,11|12,51|32,99|68,6|84,83|14,21|27,87|32,72|99,68|87,31|6,69|72,84|83,48|51,65|32,12|77,27|32,77|75,14|32,75|65,22/32,48=32,72,84,83,48
86,58|39,95|93,16|67,57|2,74|72,67|95,28|16,52|93,2|93,71|74,24|4,72|98,77|24,12|58,92|93,4|52,98|92,26|93,86|71,39/93,77=93,16,52,98,77
58,92|3,55|58,3|46,6|1,73|92,46|77,86|58,0|75,26|74,35|99,75|76,83|35,1|58,66|5,77|58,74|0,99|66,5|6,40|55,76/58,40=58,92,46,6,40
48,24|69,79|47,49|3,25|0,81|14,46|32,48|3,14|89,0|84,33|3,30|46,69|17,1|3,89|30,17|33,47|3,84|81,75|25,32|1,91/3,75=3,89,0,81,75
20,48|85,50|65,73|20,42|5,12|99,37|60,98|42,65|76,60|32,74|12,85|20,28|28,32|48,99|20,5|24,76|37,89|73,71|20,24|74,43/20,43=20,28,32,74,43
24,59|39,37|63,51|24,34|37,2|11,36|2,88|6,84|0,18|83,63|24,83|24,0|34,6|56,74|13,56|24,39|59,13|18,11|84,9|51,65/24,74=24,59,13,56,74
68,90|65,97|55,93|23,96|65,62|37,0|34,85|20,55|85,37|65,68|16,49|62,91|90,33|97,23|65,34|33,94|93,39|91,16|96,67|65,20/65,49=65,62,91,16,49
48,65|53,73|31,0|73,44|2,18|48,40|95,46|48,87|48,50|50,2|20,59|78,20|18,70|0,10|46,83|40,53|65,31|48,57|57,95|87,78/48,44=48,40,53,73,44
40,95|58,14|29,51|9,34|52,9|26,58|52,60|60,26|61,40|96,98|95,4|52,0|52,43|0,68|68,29|90,46|34,96|43,47|47,90|52,61/52,4=52,61,40,95,4
95,57|88,80|32,88|22,43|5,65|7,5|43,2|95,97|51,17|57,37|95,32|17,64|24,25|2,52|47,7|95,22|95,47|37,24|80,56|97,51/95,65=95,47,7,5,65
25,24|17,8|93,92|17,64|3,80|17,75|75,30|30,65|87,40|57,3|17,13|66,93|31,87|71,25|40,68|8,71|64,66|17,31|13,57|65,45/17,24=17,8,71,25,24
5,87|20,9|56,63|83,46|38,69|55,11|83,55|13,20|83,56|68,97|42,53|11,38|97,79|29,42|83,13|83,99|9,95|63,5|99,68|46,29/83,53=83,46,29,42,53
56,92|0,52|61,66|33,69|66,84|92,11|52,85|65,14|11,99|99,24|56,0|85,53|86,61|19,60|69,57|14,19|56,65|56,27|27,33|56,86/56,24=56,92,11,99,24
34,19|96,56|72,69|66,52|92,5|8,72|8,34|69,64|19,40|64,43|5,38|8,94|94,92|8,96|8,33|62,1|56,62|40,79|52,45|33,66/8,45=8,33,66,52,45
44,97|24,5|57,83|83,31|46,93|31,0|25,99|44,71|50,53|44,18|94,25|63,24|18,22|44,57|71,46|97,63|92,94|44,92|22,50|93,1/44,5=44,97,63,24,5
59,89|88,67|89,2|74,9|50,33|4,42|27,11|1,94|76,53|4,76|92,50|11,74|78,92|4,27|53,88|68,57|42,59|4,78|4,68|57,1/4,67=4,76,53,88,67
37,66|37,60|69,84|37,77|13,78|58,50|78,86|33,6|66,33|84,64|60,58|97,59|94,97|64,92|77,13|6,19|50,11|3,94|37,3|37,69/37,11=37,60,58,50,11
12,73|73,34|34,69|66,44|72,96|12,47|87,66|12,9|41,72|69,70|12,98|98,41|94,65|47,87|46,11|65,95|36,46|11,40|12,36|9,94/12,95=12,9,94,65,95
40,10|43,64|80,78|5,43|29,59|44,41|20,70|41,5|24,29|39,20|44,24|93,39|25,14|44,93|59,38|14,98|10,80|98,97|44,25|44,40/44,64=44,41,5,43,64
91,45|88,50|55,11|70,91|64,55|56,13|20,99|68,48|48,56|42,24|24,33|42,30|45,97|42,68|42,88|33,81|81,35|50,20|30,64|42,70/42,13=42,68,48,56,13
61,83|35,91|17,97|88,93|1,34|31,50|34,17|57,75|14,88|39,80|76,57|21,31|56,14|54,76|80,21|39,54|91,61|39,35|39,1|39,56/39,50=39,80,21,31,50
83,95|98,42|41,15|57,71|15,57|46,92|46,79|14,80|46,63|92,14|46,41|63,37|46,60|80,25|95,74|27,82|60,83|79,56|37,27|56,98/46,82=46,63,37,27,82
87,59|36,34|13,78|34,47|40,36|53,57|40,94|40,87|94,79|40,13|79,45|78,12|54,37|59,53|45,98|40,54|47,20|37,97|12,61|97,50/40,50=40,54,37,97,50
43,27|47,97|43,39|56,13|13,93|42,61|17,71|61,16|27,57|73,87|82,47|43,42|71,78|43,40|43,56|39,17|40,82|93,22|57,73|16,88/43,87=43,27,57,73,87
13,96|86,28|38,27|86,89|21,53|28,0|37,91|86,13|58,82|0,70|87,4|53,58|86,21|70,7|18,87|89,15|96,38|86,39|39,18|15,37/86,82=86,21,53,58,82
95,60|70,95|57,88|32,99|88,17|94,84|32,57|63,70|33,4|84,16|17,7|97,73|91,97|32,68|68,94|32,63|71,33|32,91|99,71|73,89/32,4=32,99,71,33,4
34,71|71,52|34,63|34,9|34,56|80,90|45,29|26,53|78,61|48,66|53,58|66,77|58,23|56,50|50,80|81,45|34,26|52,78|9,48|63,81/34,90=34,56,50,80,90
65,34|11,39|93,2|66,29|90,11|82,33|65,73|34,54|65,82|16,67|65,66|33,16|52,84|8,42|45,93|54,52|29,8|73,45|65,22|22,90/65,67=65,82,33,16,67
61,74|20,10|21,57|2,95|61,24|82,5|3,21|34,32|74,3|91,30|24,12|81,17|5,2|61,91|30,93|93,69|61,82|12,81|61,34|32,20/61,69=61,91,30,93,69
82,95|78,26|7,23|19,87|30,16|14,91|26,94|52,58|78,30|78,99|16,44|94,7|44,60|78,14|91,82|78,65|65,19|64,52|99,64|87,46/78,23=78,26,94,7,23
94,81|17,82|16,94|21,33|99,17|28,69|78,28|64,13|99,16|24,21|99,78|99,24|81,60|45,6|13,45|33,97|69,79|19,40|99,64|82,19/99,40=99,17,82,19,40
2,45|34,37|34,15|51,75|37,51|82,33|67,25|33,42|15,82|69,72|45,67|34,2|7,19|30,7|34,30|72,93|34,21|75,22|21,69|19,89/34,25=34,2,45,67,25
17,46|89,14|63,27|0,84|63,45|4,74|35,69|84,50|63,19|27,47|63,89|63,67|67,0|45,36|14,13|47,35|72,4|13,34|19,72|36,17/63,34=63,89,14,13,34
76,82|51,96|96,93|83,10|51,35|10,79|47,26|35,43|51,38|43,1|38,83|51,60|1,73|25,47|0,77|80,76|94,80|60,25|93,0|51,94/51,73=51,35,43,1,73
4,61|81,5|30,31|45,85|5,64|88,29|4,3|26,68|4,81|29,69|85,40|69,72|3,38|61,45|4,88|31,26|46,59|38,46|4,30|64,12/4,72=4,88,29,69,72
38,56|57,44|87,2|89,5|65,84|57,87|57,16|57,41|57,38|44,65|28,98|19,81|84,32|41,28|2,1|5,79|56,19|1,17|16,89|98,70/57,17=57,87,2,1,17
0,96|0,64|80,59|66,33|96,3|3,27|58,43|52,93|27,76|43,55|35,80|97,63|36,58|0,97|63,66|45,52|93,62|64,35|0,45|0,36/0,55=0,36,58,43,55
75,68|58,13|19,3|99,10|25,86|10,55|40,95|3,24|53,5|24,93|68,82|75,53|75,97|75,19|75,40|95,58|33,8|82,25|5,33|97,99/75,55=75,97,99,10,55
61,64|17,30|53,82|46,27|18,95|76,61|75,66|51,76|30,73|22,33|73,23|18,46|18,75|18,51|66,53|16,8|8,2|27,22|18,17|95,16/18,64=18,51,76,61,64
64,70|12,34|45,64|82,30|15,4|0,97|21,6|31,12|15,0|15,45|97,82|70,43|61,21|6,9|15,56|60,84|4,31|15,61|84,78|56,60/15,78=15,56,60,84,78
12,14|73,63|9,12|68,29|16,9|60,72|73,42|73,16|42,61|57,27|63,68|73,44|80,40|44,62|73,99|61,57|62,60|40,83|99,80|29,78/73,27=73,42,61,57,27
10,12|43,97|18,42|3,96|19,83|12,95|7,35|9,43|0,18|96,7|30,19|10,30|95,65|10,6|42,24|65,77|6,9|10,3|83,48|10,0/10,97=10,6,9,43,97
43,18|74,41|74,96|74,37|18,13|26,22|24,69|4,97|5,32|74,1|37,26|64,24|96,43|53,66|66,4|22,8|1,64|41,35|35,5|74,53/74,13=74,96,43,18,13
72,69|23,86|72,2|96,36|49,20|11,82|19,23|44,74|85,40|74,93|0,11|72,46|36,59|72,85|93,32|46,96|40,49|69,19|72,44|2,0/72,20=72,85,40,49,20
45,69|67,88|45,58|45,67|45,17|2,5|77,38|19,97|45,63|69,59|59,66|63,76|88,2|86,24|24,74|66,73|97,32|58,19|17,86|76,77/45,74=45,17,86,24,74
26,91|83,23|60,42|84,43|65,74|51,63|83,26|83,90|23,77|17,68|48,32|77,48|88,22|90,17|91,84|74,88|83,60|42,51|68,66|83,65/83,32=83,23,77,48,32
13,40|40,63|13,16|25,51|13,83|13,25|71,10|16,23|82,52|37,38|52,37|80,94|88,59|23,30|83,64|64,88|30,98|13,82|63,80|51,71/13,94=13,40,63,80,94
37,85|59,54|2,36|99,98|54,52|47,42|37,47|11,10|87,38|37,16|37,59|98,81|85,87|81,15|42,2|52,33|37,99|38,34|10,14|16,11/37,14=37,16,11,10,14
16,30|92,28|81,74|3,16|67,57|74,21|3,67|3,56|19,34|95,81|30,1|35,85|3,50|3,95|1,78|50,19|34,69|56,17|57,92|17,35/3,69=3,50,19,34,69
3,34|3,51|21,69|87,38|46,87|69,26|67,91|91,56|51,21|99,22|31,67|3,46|0,99|3,0|38,82|34,25|25,57|22,70|3,31|57,9/3,9=3,34,25,57,9
74,60|31,26|37,75|74,9|74,37|60,31|35,66|6,42|74,88|66,49|75,19|88,78|26,89|25,35|9,53|78,6|7,50|19,79|74,25|53,7/74,42=74,88,78,6,42
40,14|12,48|58,55|86,93|93,30|22,52|95,60|63,86|40,12|26,13|52,49|48,95|14,79|94,64|40,22|79,94|49,81|55,26|40,58|40,63/40,30=40,63,86,93,30
51,77|51,59|5,92|1,79|4,17|94,75|75,43|73,24|51,88|12,4|59,19|77,5|18,41|51,12|92,82|51,73|17,78|88,94|24,18|19,1/51,43=51,88,94,75,43
46,76|78,59|78,23|24,10|58,69|78,26|26,48|40,29|75,11|78,40|85,53|59,6|78,46|76,85|18,4|48,75|49,24|29,18|23,49|6,58/78,53=78,46,76,85,53
85,72|34,20|43,52|0,53|34,68|54,99|52,66|68,96|20,62|1,70|62,0|82,60|34,1|10,16|34,43|96,10|70,82|66,95|72,54|34,85/34,60=34,1,70,82,60
81,62|45,46|52,81|8,48|90,96|51,52|68,22|62,38|46,26|23,0|51,39|26,37|48,69|51,90|39,23|51,43|0,99|96,68|43,8|51,45/51,38=51,52,81,62,38
61,64|55,41|80,76|61,53|41,13|64,62|92,75|47,80|61,47|49,92|62,82|76,37|53,58|58,97|61,11|61,49|11,55|97,77|82,85|75,96/61,96=61,49,92,75,96
88,23|14,29|62,35|89,62|24,47|14,24|74,67|8,49|14,59|59,70|35,4|23,38|51,74|14,89|67,12|47,82|29,88|14,51|70,8|82,44/14,38=14,29,88,23,38
5,14|75,18|87,3|18,27|64,46|5,56|19,8|27,76|44,99|5,75|56,64|29,69|14,23|99,19|2,29|23,87|46,73|31,2|5,31|5,44/5,76=5,75,18,27,76
67,65|56,57|67,10|67,70|76,14|67,54|93,11|10,76|70,56|67,46|88,18|57,6|77,60|75,93|80,88|14,1|46,75|13,77|65,13|54,80/67,1=67,10,76,14,1
18,30|93,73|72,11|0,44|30,27|56,48|40,55|27,52|44,94|48,86|35,72|70,40|94,65|93,2|2,70|73,35|93,18|93,36|93,0|36,56/93,11=93,73,35,72,11
83,31|44,32|22,23|44,45|37,77|93,22|30,49|9,61|36,9|44,95|2,37|45,93|44,43|31,48|43,30|95,2|61,80|32,83|44,36|49,3/44,77=44,95,2,37,77
82,87|94,10|60,94|60,6|74,37|96,21|60,74|30,86|10,61|61,26|60,30|35,56|86,35|60,96|21,82|5,39|89,16|6,89|37,5|16,66/60,87=60,96,21,82,87
95,48|94,19|69,80|20,69|66,42|41,67|98,16|20,95|81,41|16,47|20,81|67,56|20,84|42,39|71,59|26,98|84,66|80,94|48,71|20,26/20,19=20,69,80,94,19
0,50|87,47|14,46|38,35|1,43|35,0|14,67|47,89|33,51|67,81|14,5|5,87|14,38|23,49|14,1|55,80|43,55|46,12|12,33|81,23/14,50=14,38,35,0,50
9,43|9,45|43,47|95,14|47,70|49,2|46,28|89,95|9,16|3,46|2,48|9,3|96,42|68,93|70,97|16,89|45,49|9,68|28,39|93,96/9,48=9,45,49,2,48
11,68|35,93|84,38|0,32|86,35|27,24|46,11|0,86|4,84|0,94|0,27|37,30|94,4|99,89|89,63|68,77|32,99|0,46|24,37|93,60/0,63=0,32,99,89,63
30,87|30,98|50,65|53,64|68,86|89,80|65,15|41,50|14,10|13,29|30,53|30,61|98,68|80,11|86,60|61,89|87,14|64,13|30,41|10,27/30,15=30,41,50,65,15
69,85|14,57|61,0|39,91|27,18|23,93|61,39|61,15|93,83|61,16|91,69|83,6|92,27|15,65|80,33|61,23|16,74|65,14|0,92|74,80/61,18=61,0,92,27,18
40,75|89,46|4,0|35,96|99,37|27,63|0,64|38,88|76,4|37,74|89,24|24,25|25,40|89,76|86,99|89,35|96,27|88,71|89,86|46,38/89,63=89,35,96,27,63
51,22|22,84|54,46|25,0|78,34|86,56|25,77|44,64|46,40|76,87|56,53|25,54|87,44|4,78|36,51|25,36|77,86|25,76|0,4|40,62/25,53=25,77,86,56,53
48,47|97,88|23,42|7,0|10,7|85,54|27,65|48,97|54,36|47,66|49,21|12,30|13,85|0,79|66,49|48,13|48,10|48,23|42,27|88,12/48,21=48,47,66,49,21
11,26|11,27|3,38|11,47|19,50|73,49|27,60|11,42|47,88|50,70|11,61|35,12|42,73|61,19|26,35|49,7|60,3|8,55|88,8|12,93/11,70=11,61,19,50,70
12,71|71,99|12,66|98,57|12,2|2,81|12,94|94,56|4,40|31,4|21,98|43,38|99,51|81,43|56,16|57,74|16,63|51,91|66,31|12,21/12,91=12,71,99,51,91
21,79|94,60|2,67|20,2|50,20|90,41|94,50|94,55|9,58|42,23|94,65|60,71|45,13|13,9|71,21|41,93|94,45|55,90|56,42|65,56/94,67=94,50,20,2,67
29,43|20,41|82,56|44,42|49,4|44,82|5,20|4,93|1,75|51,29|75,57|44,1|41,90|56,66|65,51|66,78|44,5|57,14|44,65|42,49/44,14=44,1,75,57,14
79,28|79,17|7,46|11,42|79,10|78,7|79,53|31,94|17,41|86,83|53,11|95,31|83,27|41,99|42,12|10,78|99,60|27,20|79,86|28,95/79,46=79,10,78,7,46
3,43|37,17|37,59|25,19|88,2|43,85|53,93|13,53|39,25|58,88|61,3|47,39|17,13|37,58|59,54|54,0|0,80|37,61|37,47|2,62/37,19=37,47,39,25,19
65,99|7,41|45,42|48,86|85,87|41,62|62,38|86,34|70,81|97,66|66,80|99,45|74,8|48,7|48,85|80,94|34,74|48,97|87,70|48,65/48,81=48,85,87,70,81
75,17|9,63|47,71|47,37|15,48|86,1|57,9|24,78|17,23|47,2|48,11|78,87|71,15|47,62|98,86|62,75|37,57|2,98|87,96|47,24/47,11=47,71,15,48,11
27,80|6,43|63,55|27,32|32,84|54,11|61,16|50,74|27,50|27,63|27,28|74,99|55,88|43,10|88,56|84,61|99,9|11,46|80,6|28,54/27,16=27,32,84,61,16
49,79|26,12|51,46|55,85|39,51|45,39|79,26|14,45|14,49|40,55|99,40|33,93|14,29|14,99|93,1|29,22|30,95|14,33|1,4|22,30/14,12=14,49,79,26,12
58,56|58,54|58,5|47,78|33,9|36,23|84,92|96,14|23,96|9,47|56,35|97,49|58,36|68,79|49,60|58,33|54,97|81,84|35,68|5,81/58,92=58,5,81,84,92
55,68|88,30|39,46|37,48|71,26|22,15|47,39|46,16|75,5|88,47|88,85|30,55|68,90|88,75|5,71|88,41|48,74|41,37|85,22|15,53/88,53=88,85,22,15,53
87,16|5,42|79,7|40,84|40,88|40,5|60,74|42,79|20,52|15,10|35,92|84,51|40,87|10,83|83,24|88,20|52,36|51,60|40,15|16,35/40,92=40,87,16,35,92
50,72|84,73|47,69|47,7|47,50|65,71|51,74|3,96|73,77|41,3|80,51|96,23|36,37|6,84|47,6|7,80|47,41|69,36|72,65|37,42/47,74=47,7,80,51,74
6,38|31,60|33,50|6,92|63,3|66,57|0,54|6,48|57,21|64,33|21,45|6,0|54,27|27,51|48,64|6,66|46,31|92,53|53,63|38,46/6,3=6,92,53,63,3
78,40|85,5|17,37|12,68|62,29|12,63|12,8|12,81|8,22|68,90|22,88|90,59|37,62|81,53|88,15|5,86|12,17|59,93|53,78|63,85/12,86=12,63,85,5,86
96,27|84,10|27,81|24,87|85,48|87,92|67,84|18,61|88,66|67,99|26,96|67,60|67,88|60,24|66,46|10,18|67,26|59,85|99,59|46,83/67,81=67,26,96,27,81
64,44|64,61|81,58|44,65|43,56|64,38|58,90|37,98|88,22|38,88|61,43|64,13|50,74|98,50|22,23|65,93|64,37|13,81|93,39|56,46/64,23=64,38,88,22,23
64,72|22,31|89,41|69,35|9,10|80,57|35,9|73,27|80,17|86,22|12,86|80,12|37,3|17,58|80,64|57,5|80,69|58,89|72,37|5,73/80,27=80,57,5,73,27
40,81|84,35|35,47|68,70|64,19|84,40|49,80|34,68|19,9|3,53|83,45|84,0|81,3|43,67|47,49|67,83|84,34|70,58|84,43|0,64/84,53=84,40,81,3,53
40,31|79,54|21,94|40,79|19,12|40,2|14,96|2,99|94,86|71,21|3,73|54,74|22,3|77,22|99,19|40,71|96,44|31,14|74,50|40,77/40,86=40,71,21,94,86
51,35|47,96|43,88|80,23|28,80|1,53|53,82|41,1|51,73|34,78|78,98|88,47|51,70|51,41|73,48|19,29|48,19|70,28|51,43|35,34/51,29=51,73,48,19,29
80,79|25,9|59,40|93,53|37,64|58,37|82,87|62,25|9,60|22,59|58,93|46,17|77,21|28,22|79,46|64,77|58,80|53,82|58,62|58,28/58,17=58,80,79,46,17
75,96|96,6|62,79|76,89|16,76|17,28|79,30|71,62|28,38|8,91|38,37|17,75|6,93|17,27|29,8|61,16|17,71|27,29|37,60|17,61/17,93=17,75,96,6,93
84,83|20,98|48,54|84,53|53,41|73,7|9,88|42,9|93,33|92,48|88,99|84,93|98,86|33,73|84,20|57,77|86,6|83,92|84,42|41,57/84,7=84,93,33,73,7
95,56|83,65|72,91|75,60|75,52|48,24|56,10|75,0|35,78|87,83|60,87|75,35|0,95|96,36|52,45|75,39|78,72|45,48|39,85|85,96/75,65=75,60,87,83,65
52,33|16,57|59,20|20,49|7,54|54,86|52,67|52,59|93,90|78,36|2,16|67,2|52,7|86,41|4,6|90,78|6,53|49,15|52,93|33,4/52,41=52,7,54,86,41
73,99|79,9|44,73|14,88|88,25|44,53|71,39|37,56|53,42|81,18|99,37|42,52|12,14|44,12|39,79|52,40|96,61|44,81|44,71|18,96/44,56=44,73,99,37,56
16,18|86,79|51,98|18,15|30,6|23,33|30,23|6,52|15,77|41,65|52,51|54,61|65,54|30,16|30,37|37,17|10,44|33,10|30,41|17,86/30,61=30,41,65,54,61
42,81|52,91|50,31|16,67|31,20|87,50|79,47|52,64|52,53|52,93|93,99|73,16|91,38|33,76|99,79|52,87|64,73|53,24|38,42|24,33/52,76=52,53,24,33,76
82,7|63,54|16,5|70,16|95,77|48,39|5,78|50,95|39,0|88,63|47,76|50,70|69,47|81,48|50,53|53,69|50,43|50,81|77,82|43,88/50,54=50,43,88,63,54
82,13|29,82|40,37|9,40|51,44|9,18|9,90|9,76|37,94|54,62|9,93|53,51|19,15|18,53|90,67|94,98|33,54|67,19|93,33|76,29/9,98=9,40,37,94,98
59,94|58,62|45,28|58,31|94,18|65,27|31,45|30,92|44,43|27,48|43,89|62,44|28,14|58,65|58,9|92,34|9,59|48,56|58,30|34,78/58,14=58,31,45,28,14
27,98|80,56|56,71|54,80|3,9|37,54|51,13|30,44|44,33|11,27|37,68|37,2|2,28|37,49|98,18|13,74|49,51|68,30|37,11|28,3/37,71=37,54,80,56,71
53,90|54,46|90,69|22,86|54,68|48,22|12,42|98,55|68,12|54,20|54,0|6,98|42,75|54,53|95,60|21,95|69,9|0,6|20,48|46,21/54,60=54,46,21,95,60
21,53|67,44|88,49|88,8|82,19|49,78|47,97|88,47|8,21|15,55|88,59|78,67|19,39|18,15|59,82|97,16|55,4|16,46|53,56|88,18/88,56=88,8,21,53,56
72,14|72,17|78,26|17,24|26,18|72,11|27,78|28,42|3,76|75,30|54,4|14,75|24,15|30,7|72,27|15,91|72,3|76,28|11,54|4,65/72,65=72,11,54,4,65
23,89|33,65|33,48|43,78|33,30|19,1|30,75|1,88|86,81|57,23|81,4|40,92|48,19|94,35|33,26|65,86|33,43|78,40|75,94|26,57/33,92=33,43,78,40,92
36,26|99,27|81,72|21,50|72,93|96,41|54,81|97,35|55,92|92,14|41,49|96,61|61,55|27,21|96,97|96,99|96,54|35,36|79,75|49,79/96,75=96,41,49,79,75
73,91|9,14|78,49|2,46|39,73|49,24|41,25|90,94|91,69|14,75|90,39|99,70|1,13|90,37|13,41|37,9|90,2|94,78|90,1|46,99/90,24=90,94,78,49,24
17,44|94,10|57,59|28,3|17,96|66,33|0,99|3,57|20,66|44,20|68,48|17,68|10,77|48,16|17,94|22,0|77,69|16,9|96,22|17,28/17,59=17,28,3,57,59
9,23|3,54|89,81|40,11|83,40|39,97|21,83|45,89|45,3|50,20|45,42|54,9|78,47|81,78|92,80|45,21|45,92|80,39|42,58|58,50/45,47=45,89,81,78,47
54,39|78,6|10,36|50,57|6,10|57,71|8,51|51,88|8,50|71,76|70,60|44,54|91,2|62,14|8,78|8,91|39,96|88,62|8,44|2,70/8,76=8,50,57,71,76
20,95|80,6|10,80|64,67|27,20|52,10|96,64|87,39|96,87|67,8|96,51|40,75|37,7|51,27|7,9|8,91|96,52|9,18|39,40|96,37/96,95=96,51,27,20,95
80,8|53,22|79,41|9,44|53,31|41,77|53,79|52,50|39,80|77,66|38,75|31,26|50,38|53,40|26,9|16,55|40,16|55,46|22,39|53,52/53,66=53,79,41,77,66
50,84|15,58|15,50|15,67|94,95|89,59|75,98|67,23|34,96|58,69|15,16|36,57|82,61|23,75|84,94|16,29|15,36|69,82|57,34|29,89/15,96=15,36,57,34,96
85,67|58,79|85,71|85,41|79,47|32,20|30,14|84,72|85,4|71,95|14,23|67,58|20,69|95,38|56,84|38,80|85,81|4,56|81,32|41,30/85,69=85,81,32,20,69
19,87|38,41|13,52|33,26|24,28|32,0|70,96|32,24|32,38|28,70|32,7|52,33|32,13|59,80|7,36|41,59|0,19|9,54|87,65|36,9/32,26=32,13,52,33,26
43,7|84,11|60,61|90,12|60,43|53,3|60,52|7,84|18,48|21,41|8,21|79,47|16,8|47,90|60,16|50,53|52,50|48,15|61,18|60,79/60,12=60,79,47,90,12
55,11|8,86|47,15|15,14|47,79|80,3|47,73|54,84|86,10|79,55|3,24|47,16|73,8|11,91|84,34|47,54|52,95|14,52|16,80|34,25/47,10=47,73,8,86,10
71,70|70,44|1,71|63,95|1,33|56,81|33,56|83,21|44,72|99,23|1,69|23,83|94,4|86,88|69,45|81,73|1,99|45,94|1,86|88,63/1,95=1,86,88,63,95
22,85|98,15|9,59|15,8|43,26|43,9|68,22|74,31|43,88|70,37|14,98|0,68|25,74|61,12|59,61|26,70|43,0|43,14|37,64|88,25/43,12=43,9,59,61,12
9,15|83,19|91,24|28,34|52,3|8,28|24,66|66,60|21,52|94,8|94,58|58,59|59,10|94,91|3,35|15,83|10,62|94,9|94,21|34,7/94,35=94,21,52,3,35
50,69|69,79|91,88|56,8|52,56|71,96|39,52|21,48|65,91|88,99|8,28|39,19|44,98|39,63|39,44|98,71|94,21|19,94|63,50|39,65/39,79=39,63,50,69,79
63,20|93,98|98,31|30,93|49,45|8,63|89,19|48,38|19,0|45,89|65,92|92,59|24,76|38,24|59,5|49,84|49,65|84,8|49,48|49,30/49,0=49,45,89,19,0
61,74|20,10|93,69|21,57|61,24|82,5|3,93|34,32|74,3|91,30|24,12|81,17|5,21|61,91|30,2|2,95|61,82|12,81|61,34|32,20/61,69=61,74,3,93,69
73,8|20,79|12,6|8,31|62,12|73,42|26,71|73,51|31,59|73,77|79,64|51,49|71,70|49,24|24,63|59,30|42,62|77,20|70,55|73,26/73,55=73,26,71,70,55
61,83|35,91|57,75|88,93|1,34|17,97|34,57|31,50|14,88|39,80|76,31|21,17|56,14|54,76|80,21|39,54|91,61|39,35|39,1|39,56/39,50=39,54,76,31,50
54,84|0,3|5,15|28,51|48,46|75,83|54,28|83,96|15,42|46,0|4,5|84,97|54,58|54,4|97,31|51,73|73,44|31,81|54,48|58,75/54,44=54,28,51,73,44
68,46|60,80|6,12|60,5|5,29|18,81|80,95|60,21|29,2|36,64|64,3|12,68|95,73|3,92|78,18|60,36|60,6|21,78|73,35|2,76/60,81=60,21,78,18,81
72,99|96,32|96,57|32,92|71,68|96,20|76,52|57,18|12,84|75,59|96,76|19,88|18,72|59,19|92,12|20,74|96,75|52,71|74,56|56,2/96,2=96,20,74,56,2
38,27|15,37|18,79|38,44|58,64|27,6|44,73|73,39|45,55|50,18|64,15|82,45|6,89|38,50|55,83|38,82|89,95|39,23|79,68|38,58/38,37=38,58,64,15,37
28,54|68,77|15,6|73,72|74,19|15,65|39,28|94,68|22,21|21,51|50,39|15,96|6,94|96,66|66,74|15,22|51,29|72,34|15,50|65,73/15,19=15,96,66,74,19
17,68|68,99|93,28|28,82|88,41|8,56|41,53|32,45|69,85|53,81|45,8|48,69|30,88|19,93|30,23|30,34|30,32|34,48|30,19|23,17/30,99=30,23,17,68,99
6,42|6,51|12,50|42,34|17,90|79,92|92,97|51,4|6,20|4,17|6,12|50,9|20,78|35,82|49,45|6,79|34,49|78,35|97,18|9,16/6,90=6,51,4,17,90
43,22|74,41|74,96|74,37|22,8|26,4|24,69|18,13|5,32|74,1|37,26|64,24|96,43|53,66|66,18|4,97|1,64|41,35|35,5|74,53/74,13=74,53,66,18,13
17,5|52,14|83,39|83,18|11,24|14,63|83,11|39,52|24,17|26,8|8,93|83,26|65,6|93,16|71,65|83,51|18,95|25,89|51,71|95,25/83,89=83,18,95,25,89
49,36|24,3|84,79|22,24|42,16|84,50|36,30|48,2|73,69|39,0|84,49|55,22|69,1|84,55|50,61|61,39|79,73|30,70|2,42|84,48/84,0=84,50,61,39,0
32,36|98,34|43,22|32,43|32,27|81,29|14,3|34,21|36,81|21,39|83,56|32,98|97,14|29,20|32,25|25,83|60,13|22,60|56,35|27,97/32,20=32,36,81,29,20
79,59|13,41|79,95|25,6|92,27|80,13|22,35|79,19|95,54|88,22|66,39|6,69|79,94|38,88|19,25|54,92|79,38|59,80|8,66|94,8/79,35=79,38,88,22,35
15,87|57,18|95,3|17,57|87,60|18,94|42,26|60,14|17,42|94,84|3,67|28,71|70,99|69,50|17,69|17,54|50,28|54,95|26,70|17,15/17,99=17,42,26,70,99
67,87|72,83|70,53|77,86|53,67|68,79|35,72|52,48|86,22|22,68|73,98|96,59|59,32|98,52|42,96|77,73|77,35|77,70|83,63|77,42/77,63=77,35,72,83,63
41,53|89,65|3,59|27,22|65,18|41,55|41,89|18,52|11,78|19,3|91,27|56,91|41,19|96,58|53,11|41,56|78,85|59,50|55,1|1,96/41,58=41,55,1,96,58
5,90|90,75|5,66|59,63|58,47|66,46|46,94|34,88|75,53|43,4|89,13|63,25|5,34|94,40|53,32|88,58|13,43|14,59|5,89|5,14/5,4=5,89,13,43,4
26,66|75,0|49,11|98,3|10,28|10,60|76,98|59,49|60,67|10,26|18,59|10,18|67,75|13,51|42,82|10,13|28,76|24,2|66,24|51,42/10,11=10,18,59,49,11
12,86|96,21|96,78|43,2|91,83|36,91|44,54|78,19|61,23|19,44|20,36|46,98|98,57|23,12|59,43|96,61|57,41|21,59|96,20|96,46/96,2=96,21,59,43,2
47,85|9,42|82,38|31,77|40,97|58,59|42,76|44,31|51,26|77,58|44,47|76,99|26,63|44,5|5,40|44,83|97,64|83,51|44,9|85,82/44,38=44,47,85,82,38
45,76|67,46|7,23|31,78|90,97|78,73|12,59|73,82|24,69|51,49|10,92|40,90|97,12|40,7|92,67|40,10|40,31|40,51|49,24|23,45/40,82=40,31,78,73,82
35,33|71,42|10,32|10,71|32,15|15,47|10,35|76,64|10,23|23,98|98,76|33,29|69,85|42,27|27,68|66,69|10,66|47,62|29,22|85,48/10,22=10,35,33,29,22
71,99|66,58|75,33|47,82|1,40|35,90|82,19|95,1|40,6|99,16|60,9|60,2|9,71|60,35|83,47|2,75|33,15|60,95|60,83|90,66/60,58=60,35,90,66,58
26,83|42,9|9,69|26,23|84,24|56,84|96,19|19,92|83,80|46,56|99,45|26,96|26,46|43,42|26,43|6,87|80,6|92,48|23,99|45,44/26,69=26,43,42,9,69
81,10|80,58|56,18|15,41|73,91|36,64|56,7|56,24|62,74|7,12|3,47|18,81|10,67|56,73|24,37|91,15|64,62|56,36|37,3|12,80/56,47=56,24,37,3,47
11,31|70,55|54,14|89,4|54,58|83,79|57,16|82,35|5,7|54,70|54,83|35,74|55,89|87,11|54,57|14,82|79,80|16,5|58,87|80,63/54,31=54,58,87,11,31
7,11|68,74|70,54|65,83|7,9|47,13|54,65|16,78|13,42|72,50|88,47|7,70|10,1|9,46|46,10|78,68|11,72|50,43|7,88|7,16/7,43=7,11,72,50,43
76,28|0,73|86,89|0,90|63,10|40,19|7,63|89,69|32,24|79,5|18,46|0,79|0,39|90,18|73,86|46,9|5,32|28,40|39,7|0,76/0,19=0,76,28,40,19
40,72|0,28|61,58|0,12|78,57|0,61|7,39|26,44|3,33|29,3|0,40|21,78|0,9|12,93|87,18|28,21|93,87|72,26|9,29|58,7/0,44=0,40,72,26,44
26,49|72,22|22,80|49,71|59,55|56,92|98,56|11,98|72,11|57,70|46,29|68,46|72,5|72,68|71,62|5,77|29,6|77,57|72,26|80,59/72,70=72,5,77,57,70
9,2|8,91|2,54|25,69|9,8|91,22|6,17|72,89|89,34|70,23|43,72|9,70|9,59|23,25|22,87|17,24|54,68|68,98|9,43|59,6/9,69=9,70,23,25,69
83,77|85,66|85,28|70,45|32,69|45,64|26,38|28,35|93,42|66,17|77,8|27,59|85,11|11,83|85,98|17,93|35,26|85,32|69,27|98,70/85,38=85,28,35,26,38
87,75|64,19|87,41|21,59|59,78|97,7|87,31|83,27|94,96|6,68|75,1|7,94|31,83|87,97|27,37|68,52|87,93|1,64|93,21|41,6/87,96=87,97,7,94,96
47,48|73,87|76,4|69,73|4,91|55,13|91,55|85,86|76,77|6,47|76,69|86,41|76,40|40,80|87,14|76,57|77,85|80,22|22,12|57,6/76,14=76,69,73,87,14
87,75|66,24|76,72|68,93|87,58|37,81|25,9|26,66|87,65|58,25|87,98|9,85|98,10|87,68|51,33|65,26|93,37|10,76|75,51|33,12/87,72=87,98,10,76,72
83,27|95,74|41,15|57,71|15,57|46,92|46,79|14,80|46,63|92,14|46,41|63,37|46,60|80,25|27,82|98,42|60,83|79,56|37,98|56,95/46,82=46,60,83,27,82
51,22|22,84|54,46|25,0|40,62|86,78|25,77|44,64|46,56|76,87|78,34|25,54|87,44|4,40|36,51|25,36|77,86|25,76|0,4|56,53/25,53=25,54,46,56,53
49,35|8,84|96,93|52,8|96,52|23,98|5,19|84,79|96,0|76,49|45,74|13,70|96,13|0,23|70,5|29,76|74,77|98,73|96,29|93,45/96,73=96,0,23,98,73
54,32|46,28|46,8|79,52|94,23|58,6|28,58|46,13|6,26|52,18|46,27|8,79|36,94|27,38|95,86|55,54|38,95|25,36|13,55|46,25/46,23=46,25,36,94,23
90,38|84,92|38,86|32,3|57,1|32,90|92,57|49,95|53,69|32,53|13,10|95,74|67,76|3,52|32,84|52,13|69,67|86,20|74,44|32,49/32,1=32,84,92,57,1
58,19|15,90|65,58|93,84|93,48|51,32|48,15|91,56|93,11|13,86|90,10|11,65|45,51|96,36|84,45|93,13|93,49|56,75|49,91|86,96/93,10=93,48,15,90,10
20,78|30,8|9,0|10,85|5,9|8,41|27,14|41,10|57,20|18,88|30,24|30,27|43,57|30,38|3,18|38,5|2,61|14,2|24,3|30,43/30,0=30,38,5,9,0
90,46|55,86|43,80|86,82|61,11|68,87|94,3|11,20|54,55|90,69|3,92|46,43|50,68|90,50|90,54|69,94|20,59|90,61|87,52|80,24/90,24=90,46,43,80,24
29,80|73,49|41,97|31,78|65,85|11,34|78,5|29,87|85,11|97,70|30,68|87,31|29,13|90,30|29,44|29,65|44,73|80,41|13,90|49,82/29,68=29,13,90,30,68
42,0|97,70|42,25|27,52|25,27|32,17|3,83|87,40|52,33|42,31|14,3|99,84|42,53|31,14|0,97|53,87|40,10|42,99|70,50|84,32/42,17=42,99,84,32,17
17,51|17,33|33,53|17,44|72,67|53,3|41,65|3,90|17,24|64,71|17,14|47,34|14,30|30,64|24,40|40,47|51,41|65,45|67,39|44,72/17,71=17,14,30,64,71
83,82|55,77|87,42|83,34|42,59|13,65|67,28|83,46|83,87|83,67|28,48|43,29|46,13|59,78|82,55|34,43|77,35|48,25|29,85|65,97/83,78=83,87,42,59,78
99,63|36,35|28,6|96,44|85,87|88,92|86,84|96,10|15,36|41,85|10,88|35,11|96,15|96,41|96,86|92,78|94,28|44,94|87,22|84,99/96,22=96,41,85,87,22
98,79|17,71|92,84|8,36|92,17|40,12|26,70|92,90|70,74|46,26|63,9|84,85|81,40|71,98|92,54|90,81|85,63|54,64|92,46|64,8/92,74=92,46,26,70,74
29,45|61,23|23,8|99,69|61,99|22,62|25,51|51,83|74,22|19,89|62,24|61,42|61,29|28,10|69,68|45,28|68,33|42,25|8,19|61,74/61,10=61,29,45,28,10
10,43|3,10|57,55|90,58|57,20|1,35|19,54|14,52|57,3|6,19|52,1|77,6|57,14|43,73|20,68|55,90|57,77|18,53|68,18|58,97/57,73=57,3,10,43,73
47,85|9,42|97,64|31,77|40,58|82,38|42,76|44,31|51,26|77,82|44,47|76,99|26,63|44,5|5,40|44,83|58,59|83,51|44,9|85,97/44,38=44,31,77,82,38
40,54|0,24|40,2|81,8|2,29|12,25|97,30|26,18|33,81|8,51|49,76|24,12|54,26|87,78|40,87|78,49|40,0|40,33|18,68|29,97/40,51=40,33,81,8,51
12,41|69,18|39,50|39,97|24,69|39,12|39,20|97,96|18,8|20,56|72,23|49,85|1,72|96,3|56,59|41,49|39,24|50,1|59,14|3,36/39,14=39,20,56,59,14
1,39|22,82|3,17|1,94|88,22|39,64|17,77|77,93|1,3|52,33|78,75|6,88|1,6|75,47|94,72|70,97|36,78|64,70|1,36|72,52/1,33=1,94,72,52,33
92,84|42,56|47,13|54,33|10,42|73,92|47,32|62,2|32,48|47,31|48,34|35,80|31,73|80,99|47,54|47,88|33,62|13,10|34,12|88,35/47,99=47,88,35,80,99
66,36|46,66|62,6|46,40|6,77|15,18|32,44|77,78|13,15|40,73|46,57|18,7|70,37|73,70|46,62|46,13|57,68|68,88|88,50|36,32/46,37=46,40,73,70,37
1,20|99,43|29,21|7,83|20,22|7,23|91,37|7,66|7,14|14,38|16,95|66,1|42,34|7,42|23,26|73,91|26,29|34,99|83,73|38,16/7,22=7,66,1,20,22
97,22|98,97|32,70|66,69|41,31|73,39|71,32|22,51|53,41|26,43|69,53|76,26|62,76|25,73|66,62|66,98|66,94|70,91|94,25|66,71/66,51=66,98,97,22,51
18,17|65,76|6,81|37,88|99,91|5,71|76,12|6,27|75,18|6,66|6,99|20,13|91,20|27,5|72,85|71,2|66,75|85,37|6,72|81,65/6,12=6,81,65,76,12
15,20|0,13|67,17|4,39|68,4|15,21|21,82|47,68|60,67|17,50|15,47|15,0|94,52|15,60|13,94|70,64|19,70|49,84|82,49|20,19/15,64=15,20,19,70,64
23,48|42,59|23,30|48,31|33,97|73,10|21,33|41,1|40,51|10,45|90,73|28,41|51,69|69,80|71,21|31,42|23,90|30,28|23,40|23,71/23,45=23,90,73,10,45
21,69|94,14|63,60|21,33|76,94|88,9|69,85|85,88|53,90|60,40|21,6|6,53|91,31|31,61|21,91|90,93|61,74|21,76|14,57|33,63/21,57=21,76,94,14,57
24,52|2,19|43,13|79,61|43,33|6,12|36,53|96,16|60,22|33,2|53,49|16,79|13,36|43,60|22,6|19,59|43,96|52,10|10,34|43,24/43,59=43,33,2,19,59
42,44|13,87|13,41|20,88|2,52|13,49|44,83|76,28|52,60|13,63|63,20|39,76|60,25|49,42|87,34|13,2|88,6|24,74|41,39|34,24/13,6=13,63,20,88,6
77,54|58,93|73,1|29,37|58,90|11,46|58,11|58,86|58,13|13,77|14,68|93,29|46,73|87,14|90,8|27,62|37,48|54,31|8,27|86,87/58,48=58,93,29,37,48
69,47|6,21|57,6|76,69|76,79|47,35|23,62|76,57|11,66|66,10|21,98|72,24|24,40|35,70|76,80|49,12|80,11|79,72|76,23|62,49/76,10=76,80,11,66,10
36,91|46,76|36,75|0,89|76,92|8,52|70,0|36,46|7,47|62,50|22,98|52,7|74,62|33,22|75,74|92,51|36,16|16,33|91,70|36,8/36,89=36,91,70,0,89
92,19|34,21|72,41|34,25|54,88|6,4|41,87|96,73|87,94|98,70|73,68|13,92|21,96|88,6|34,22|22,13|25,98|70,93|34,54|34,72/34,68=34,21,96,73,68
96,4|31,94|9,29|4,33|57,78|58,62|9,72|29,53|89,48|94,64|9,61|48,49|13,40|9,26|53,13|26,31|61,89|62,57|9,58|72,96/9,40=9,29,53,13,40
49,26|1,81|38,32|94,92|61,93|26,1|49,43|43,99|19,94|49,76|25,19|49,25|99,5|81,3|83,2|32,83|49,38|5,74|93,42|76,61/49,74=49,43,99,5,74
66,69|67,63|71,99|60,3|47,81|13,47|87,11|81,71|13,67|75,65|98,87|59,17|13,98|63,66|3,59|13,60|11,68|65,28|13,8|8,75/13,17=13,60,3,59,17
6,42|6,51|12,50|42,34|9,16|79,92|92,97|51,4|6,20|4,9|6,12|50,35|20,78|17,90|49,45|6,79|34,49|78,17|97,18|35,82/6,90=6,20,78,17,90
96,39|82,76|82,15|92,28|51,53|3,96|0,3|80,7|17,92|15,17|43,73|8,51|73,59|22,80|82,43|82,49|49,22|76,8|82,0|59,46/82,7=82,49,22,80,7
90,20|5,56|46,77|15,88|77,64|88,31|54,44|81,15|64,0|62,37|65,90|86,65|71,70|54,81|54,71|56,13|70,62|54,46|44,5|54,86/54,37=54,71,70,62,37
67,72|97,78|78,84|32,67|69,54|43,87|54,45|32,97|84,93|11,69|32,43|80,58|32,11|60,71|32,57|87,60|72,80|24,14|57,24|14,18/32,18=32,57,24,14,18
54,76|13,63|34,61|15,98|93,54|0,64|89,36|64,34|69,24|89,1|89,23|60,13|43,69|89,0|71,16|1,60|89,15|36,93|23,43|98,71/89,16=89,15,98,71,16
49,6|33,17|20,63|54,38|33,84|26,83|34,51|83,66|6,45|33,60|35,20|51,1|17,26|78,54|33,49|45,19|60,34|33,94|84,35|94,78/33,38=33,94,78,54,38
36,33|42,94|62,8|6,81|7,92|28,62|9,64|8,63|42,91|44,34|42,28|94,27|27,44|3,7|42,87|91,43|43,6|42,36|87,3|33,9/42,64=42,36,33,9,64
59,78|7,36|48,74|74,92|70,53|70,48|55,31|70,55|31,85|75,76|36,99|70,56|83,75|92,9|85,40|53,18|70,94|18,59|56,7|94,83/70,76=70,94,83,75,76
63,32|10,33|74,23|80,74|14,47|26,98|5,71|21,25|10,21|10,14|73,0|98,49|47,63|71,11|25,73|10,5|33,26|10,80|23,17|11,34/10,49=10,33,26,98,49
42,90|96,54|94,42|94,9|11,79|88,44|94,36|71,88|94,96|29,91|9,13|13,11|94,98|36,71|93,68|68,52|54,4|4,69|98,93|90,29/94,69=94,96,54,4,69
74,21|52,79|51,28|34,88|52,92|45,74|17,51|52,17|78,11|86,78|28,5|12,24|52,45|92,86|30,50|79,44|52,12|24,34|21,43|44,30/52,50=52,79,44,30,50
91,20|21,91|54,34|62,54|5,86|12,33|1,36|33,62|97,83|66,89|64,51|37,38|36,64|89,37|83,5|12,97|60,21|12,60|12,66|12,1/12,86=12,97,83,5,86
74,37|5,1|1,33|16,18|24,86|33,70|5,0|47,68|5,46|66,26|5,16|12,47|5,4|4,66|26,28|86,89|46,12|18,74|70,67|0,24/5,37=5,16,18,74,37
32,48|48,55|4,68|34,30|30,96|32,34|68,59|96,31|16,53|10,9|59,73|21,10|2,93|53,2|72,14|32,16|32,21|9,25|32,4|55,72/32,31=32,34,30,96,31
73,48|9,52|28,30|52,39|66,47|92,26|22,41|34,77|29,59|39,95|59,17|47,92|28,9|28,36|77,19|28,73|30,34|48,22|36,29|28,66/28,17=28,36,29,59,17
57,19|44,42|61,21|94,23|36,32|94,78|13,36|50,57|78,61|46,82|21,31|94,66|66,64|22,46|23,22|45,50|64,44|94,45|94,13|32,47/94,47=94,13,36,32,47
10,28|28,79|96,98|87,51|2,40|80,96|56,85|4,48|51,4|40,56|79,11|73,32|80,31|22,5|80,10|80,87|80,2|98,22|31,73|32,97/80,85=80,2,40,56,85
36,39|99,1|78,88|49,87|87,25|13,62|73,14|88,53|49,77|66,78|49,13|77,59|79,36|49,66|49,95|95,79|71,84|59,71|62,73|25,99/49,84=49,77,59,71,84
14,54|22,52|72,42|11,75|99,1|22,77|22,4|42,14|84,48|52,50|30,32|48,20|77,84|3,99|22,72|4,30|50,11|22,3|1,78|32,18/22,54=22,72,42,14,54
43,66|48,57|43,48|98,49|71,93|49,62|90,98|58,11|66,56|43,90|52,80|43,52|88,61|43,47|56,88|36,99|93,68|47,71|57,58|80,36/43,68=43,47,71,93,68
46,84|96,83|79,58|48,73|35,46|96,57|53,74|13,53|9,94|94,16|96,20|60,48|20,60|84,71|3,9|57,56|96,35|83,13|56,79|96,3/96,74=96,83,13,53,74
78,69|28,16|79,95|85,58|95,97|34,2|69,32|26,34|86,64|26,78|26,0|2,85|97,87|16,51|32,29|26,28|26,79|30,86|51,88|0,30/26,87=26,79,95,97,87
18,23|72,75|23,59|63,72|63,85|85,48|63,76|53,38|38,10|76,53|67,52|63,94|69,21|63,18|59,45|94,69|21,92|48,3|75,67|3,50/63,45=63,18,23,59,45
82,99|23,87|23,82|98,26|23,61|45,98|11,14|86,9|72,6|14,24|78,47|99,86|5,36|23,89|3,78|87,11|6,5|23,72|61,3|89,45/23,24=23,87,11,14,24
22,99|41,37|71,93|3,87|76,18|86,22|37,45|87,14|41,1|16,6|41,76|96,3|1,86|45,16|41,71|93,94|94,27|74,57|41,96|18,74/41,6=41,37,45,16,6
65,51|59,43|33,83|76,45|34,95|34,72|34,78|3,33|34,20|4,8|32,22|45,32|75,59|72,65|78,3|34,76|51,44|20,4|8,38|95,75/34,38=34,20,4,8,38
97,7|18,91|93,26|42,5|22,23|13,18|7,24|26,16|5,71|15,30|76,22|15,1|56,42|30,76|15,93|4,13|16,84|15,56|15,4|1,97/15,24=15,1,97,7,24
77,51|37,43|50,60|5,67|43,58|82,50|77,59|41,4|77,37|45,68|51,98|58,91|15,75|77,15|75,41|83,5|59,83|60,28|77,82|98,45/77,91=77,37,43,58,91
3,94|34,28|77,34|63,82|53,72|40,79|28,2|99,73|99,63|99,40|96,3|68,83|4,68|79,19|19,62|99,77|94,17|73,4|82,53|99,96/99,17=99,96,3,94,17
28,89|70,38|88,57|82,9|25,88|38,71|15,17|98,83|75,25|75,24|9,15|14,3|3,98|89,18|75,82|75,14|24,70|57,11|75,28|18,29/75,11=75,25,88,57,11
17,65|78,75|14,76|28,78|31,28|91,12|59,13|58,92|10,59|12,48|27,17|64,10|14,31|43,58|76,27|86,91|14,33|14,64|33,43|14,86/14,65=14,76,27,17,65
35,12|35,42|64,92|19,37|56,60|42,19|35,2|35,77|92,78|0,52|35,94|37,84|9,27|13,9|77,99|94,64|99,0|65,56|2,13|12,65/35,60=35,12,65,56,60
34,71|71,52|34,63|34,9|34,56|45,29|58,23|26,53|78,61|48,66|53,80|66,77|80,90|56,50|50,45|81,58|34,26|52,78|9,48|63,81/34,90=34,26,53,80,90
11,3|95,1|26,95|20,48|26,13|26,59|13,27|80,2|1,11|59,70|64,20|26,81|81,64|7,30|27,7|70,80|26,79|57,45|45,5|79,57/26,3=26,95,1,11,3
85,91|56,51|75,80|0,99|29,56|45,59|11,49|86,10|37,6|45,29|45,85|59,98|45,17|38,37|45,86|51,19|10,0|98,11|91,75|17,38/45,49=45,59,98,11,49
80,31|80,79|55,19|99,50|42,60|69,54|43,55|57,45|31,43|80,51|32,72|80,99|72,52|79,49|49,57|78,32|6,69|51,6|80,78|50,42/80,52=80,78,32,72,52
18,26|88,71|20,2|20,86|82,4|39,46|20,29|20,18|72,23|86,72|32,37|31,24|71,82|20,88|9,32|60,31|23,0|29,60|2,9|26,39/20,24=20,29,60,31,24
83,27|44,48|20,83|23,80|20,64|24,0|20,17|0,86|80,39|68,38|17,23|20,25|27,44|82,12|22,82|38,57|46,68|20,46|64,22|25,24/20,12=20,64,22,82,12
63,7|77,16|6,69|53,65|65,89|61,77|7,12|5,53|14,55|86,63|73,14|61,86|61,5|26,31|61,36|16,6|31,29|29,71|36,73|61,26/61,12=61,86,63,7,12
72,14|72,17|78,28|17,24|28,42|72,11|27,78|4,65|3,76|75,30|54,26|14,75|24,15|30,7|72,27|15,91|72,3|76,4|11,54|26,18/72,65=72,3,76,4,65
12,39|86,16|90,87|12,27|33,55|16,85|27,10|28,47|85,59|88,28|35,84|39,82|47,25|10,7|12,90|7,2|12,86|12,88|87,33|82,35/12,25=12,88,28,47,25
90,35|11,56|99,73|91,44|9,10|63,11|42,91|9,89|59,88|9,90|12,42|37,59|69,33|10,45|56,24|89,37|9,12|9,63|45,69|35,99/9,88=9,89,37,59,88
84,9|51,65|9,11|45,62|33,8|84,46|84,33|75,51|83,2|2,44|84,96|21,52|14,20|8,14|81,45|11,21|96,75|46,81|98,83|84,98/84,44=84,98,83,2,44
25,88|8,34|21,86|84,46|92,69|98,15|38,8|21,75|75,38|96,68|21,84|99,97|68,0|15,99|23,50|21,23|86,96|50,92|46,25|21,98/21,69=21,23,50,92,69
96,33|69,17|29,80|14,58|43,25|86,14|17,5|25,99|58,51|85,74|68,29|99,62|51,76|86,67|33,85|5,94|86,96|86,69|67,68|86,43/86,62=86,43,25,99,62
41,28|43,6|72,38|4,72|76,43|28,22|81,29|41,4|20,61|79,11|41,73|61,52|22,81|41,79|73,76|52,69|13,40|38,90|11,13|41,20/41,29=41,28,22,81,29
55,72|71,37|74,21|74,61|61,45|13,47|74,98|24,9|74,26|74,13|37,73|45,1|26,71|44,31|1,59|98,44|31,81|21,24|47,55|9,99/74,99=74,21,24,9,99
55,6|1,38|34,24|55,13|31,62|81,31|55,39|13,16|19,51|16,34|17,45|60,19|2,60|7,96|39,81|6,36|45,1|36,7|55,2|55,17/55,38=55,17,45,1,38
28,81|77,39|13,52|94,4|81,10|57,46|45,97|49,83|46,93|49,45|49,94|49,77|4,13|39,85|83,28|49,57|85,72|93,56|69,2|97,69/49,72=49,77,39,85,72
52,35|50,42|50,52|13,21|36,73|21,89|2,6|42,84|50,99|50,29|29,23|83,48|99,12|23,2|50,40|84,36|35,83|97,25|40,13|12,97/50,89=50,40,13,21,89
5,35|10,26|64,66|40,43|26,67|89,96|14,12|40,80|40,5|40,90|35,64|43,10|40,89|41,9|96,14|52,45|45,7|90,41|80,52|9,57/40,7=40,80,52,45,7
89,47|89,74|6,98|21,62|47,6|2,82|74,57|67,69|89,67|89,46|62,50|57,80|89,93|93,21|59,40|82,3|69,59|80,79|98,54|46,2/89,79=89,74,57,80,79
75,79|54,94|53,82|98,14|30,26|75,9|94,77|1,98|75,96|96,1|69,25|82,31|26,18|77,12|86,69|75,54|9,53|18,35|75,30|79,86/75,12=75,54,94,77,12
94,5|94,83|53,64|94,59|75,99|64,96|83,79|60,74|12,58|55,75|58,37|94,55|79,80|5,12|94,31|99,82|59,53|62,60|31,62|80,70/94,74=94,31,62,60,74
72,39|39,81|98,51|97,0|51,30|0,50|72,36|11,60|89,33|49,83|33,85|72,98|85,7|72,97|30,45|50,96|83,90|72,89|36,49|81,11/72,90=72,36,49,83,90
71,67|68,71|55,49|98,87|67,53|68,80|80,91|68,92|53,43|91,55|59,48|68,2|21,76|87,31|48,0|0,35|95,21|2,95|92,98|68,59/68,35=68,59,48,0,35
87,95|24,57|53,9|40,89|40,53|48,98|57,58|22,41|62,22|9,72|72,33|40,64|63,87|95,85|40,63|64,3|89,24|81,62|40,81|3,48/40,98=40,64,3,48,98
3,33|9,61|43,77|5,45|45,25|61,30|51,16|51,43|16,23|51,3|23,21|88,9|33,90|51,89|65,39|89,5|77,65|51,88|90,78|21,13/51,78=51,3,33,90,78
10,49|80,10|70,83|52,70|1,3|52,37|37,76|31,53|52,81|52,1|81,79|14,46|52,40|83,42|40,80|42,57|3,31|58,62|76,14|79,58/52,62=52,81,79,58,62
40,63|51,69|41,56|9,32|9,57|57,20|20,45|6,8|9,23|79,6|23,40|69,21|9,41|56,82|45,61|63,12|82,78|62,79|32,51|9,62/9,78=9,41,56,82,78
54,29|29,91|34,56|50,65|37,6|89,34|54,93|93,0|65,19|19,40|54,50|24,89|54,98|99,96|86,45|98,7|0,37|7,86|54,24|91,99/54,6=54,93,0,37,6
53,93|13,79|6,69|78,66|64,13|28,48|78,64|67,68|78,6|14,67|79,31|78,30|78,5|69,28|30,53|5,14|93,72|25,76|12,25|66,12/78,76=78,66,12,25,76
40,27|60,23|40,67|40,63|63,57|16,79|80,21|67,51|40,74|51,90|64,91|42,16|90,15|23,95|91,80|40,64|57,87|74,60|27,42|87,83/40,21=40,64,91,80,21
31,95|96,68|29,23|96,49|34,57|25,19|19,78|49,25|87,9|96,53|53,5|38,81|10,17|5,34|96,38|81,29|68,31|95,43|96,87|9,10/96,17=96,87,9,10,17
12,88|51,8|65,81|26,65|31,84|69,51|24,12|24,69|84,3|70,2|24,26|81,71|2,59|24,28|3,27|8,46|88,14|24,31|28,70|14,79/24,59=24,28,70,2,59
17,80|98,3|11,41|7,6|68,26|41,34|7,22|13,15|31,88|7,98|80,51|22,9|6,17|5,31|32,5|46,11|9,13|7,32|3,68|7,46/7,51=7,6,17,80,51
49,6|33,17|20,63|83,66|33,84|26,45|34,51|45,19|6,54|33,60|35,20|51,1|17,26|78,83|33,49|54,38|60,34|33,94|84,35|94,78/33,38=33,49,6,54,38
55,93|59,40|9,79|16,28|9,98|9,55|0,37|6,0|40,29|98,59|10,56|48,30|34,53|30,10|88,72|79,6|93,34|9,16|9,48|28,88/9,56=9,48,30,10,56
3,2|40,29|90,44|10,57|10,4|19,98|12,90|92,85|10,40|57,11|11,87|87,27|79,58|56,92|10,12|10,79|29,19|58,3|4,56|44,86/10,2=10,79,58,3,2
45,91|34,32|71,65|91,26|12,23|74,51|32,2|2,95|70,46|71,4|71,7|71,34|58,12|71,58|46,66|7,45|4,70|63,74|23,82|65,63/71,82=71,58,12,23,82
91,37|76,73|58,31|38,98|58,80|80,11|34,56|31,42|78,34|44,66|58,57|98,15|58,39|11,0|37,76|58,91|0,96|39,78|42,44|57,38/58,15=58,57,38,98,15
29,84|27,66|82,19|29,21|75,92|37,27|39,41|29,49|29,65|49,95|21,81|29,46|95,97|18,82|65,37|46,3|97,26|84,18|3,39|81,75/29,19=29,84,18,82,19
54,0|81,86|87,54|15,66|87,11|71,16|16,69|40,68|87,40|11,7|87,22|87,81|99,36|72,8|86,72|70,49|0,70|68,15|22,71|7,99/87,49=87,54,0,70,49
95,65|70,44|58,3|86,7|65,88|5,67|83,64|83,86|88,25|80,35|44,91|83,95|67,58|83,76|83,5|93,59|7,93|40,80|64,40|76,70/83,35=83,64,40,80,35
95,56|44,68|95,43|68,67|56,45|63,34|10,63|11,61|61,39|99,15|78,98|15,26|39,4|95,44|82,99|43,10|67,38|95,11|45,78|95,82/95,26=95,82,99,15,26
33,71|24,73|97,51|30,23|10,90|97,56|56,53|97,50|45,39|57,33|39,92|92,31|51,29|29,10|53,30|50,24|97,45|97,64|73,74|64,57/97,71=97,64,57,33,71
55,33|80,85|33,92|2,75|62,94|88,62|13,70|45,80|27,40|60,88|22,95|92,93|45,55|85,22|45,2|8,49|49,13|45,60|45,8|75,27/45,93=45,55,33,92,93
95,8|8,18|80,73|97,80|97,71|15,26|6,96|97,15|46,30|97,46|33,95|84,60|75,7|60,0|73,75|30,6|88,4|71,84|97,33|26,88/97,18=97,33,95,8,18
67,28|10,8|7,13|79,92|74,66|13,97|99,76|40,37|45,78|78,10|92,82|87,55|97,74|28,40|7,79|7,67|82,18|7,87|55,99|7,45/7,76=7,87,55,99,76
86,61|68,55|82,18|33,31|91,68|62,33|60,62|8,23|60,8|60,86|2,91|61,6|95,82|23,50|3,95|60,3|50,52|31,47|60,2|6,16/60,47=60,62,33,31,47
49,14|97,91|89,30|88,12|39,28|18,97|59,29|96,39|18,93|93,63|18,26|0,52|63,89|69,0|11,96|12,49|26,69|18,88|91,59|18,11/18,52=18,26,69,0,52
24,33|53,54|53,39|53,26|20,13|39,62|54,20|16,91|56,46|62,88|26,16|61,41|53,5|13,58|53,61|41,56|5,24|33,99|88,57|91,87/53,99=53,5,24,33,99
91,72|63,93|92,97|93,50|60,36|78,92|36,91|2,87|53,78|65,34|72,88|60,12|28,63|34,5|12,65|7,44|60,7|60,28|44,2|60,53/60,50=60,28,63,93,50
87,16|5,42|35,92|40,84|40,88|40,5|79,7|42,35|20,52|15,10|60,74|84,51|40,87|10,83|83,24|88,20|52,36|51,79|40,15|16,60/40,92=40,5,42,35,92
27,18|27,33|40,19|96,40|20,24|21,45|27,86|45,60|24,2|27,21|68,8|84,29|27,44|86,59|18,96|33,68|59,84|8,42|60,39|44,20/27,29=27,86,59,84,29
95,59|23,85|2,38|81,57|81,22|5,98|85,24|61,72|58,61|1,5|19,95|81,64|57,2|22,1|81,19|59,68|38,37|81,94|64,58|94,23/81,37=81,57,2,38,37
16,17|27,92|27,23|33,10|63,93|92,63|27,12|9,33|12,73|73,88|88,1|97,2|27,9|0,16|84,97|23,0|10,46|93,14|27,84|2,98/27,98=27,84,97,2,98
25,7|41,12|44,59|29,93|75,94|29,41|29,4|4,95|36,76|12,97|38,51|29,44|7,46|97,47|57,36|29,8|59,75|95,38|93,57|8,25/29,47=29,41,12,97,47
40,68|17,8|93,92|17,64|25,24|17,75|75,30|30,65|87,3|57,25|17,13|66,93|31,87|71,40|3,80|8,71|64,66|17,31|13,57|65,45/17,24=17,13,57,25,24
64,57|5,80|41,81|77,47|64,19|81,12|64,88|83,30|57,77|30,46|64,49|58,28|73,58|80,66|28,18|88,83|47,14|19,41|49,5|64,73/64,14=64,57,77,47,14
75,78|58,75|3,46|3,57|88,76|47,58|3,96|46,39|3,47|81,26|96,56|18,29|20,99|56,81|99,60|29,84|57,20|3,41|41,18|39,88/3,78=3,47,58,75,78
16,66|94,10|60,94|60,6|74,37|96,21|60,74|30,86|10,61|61,26|60,30|35,56|86,35|60,96|21,16|82,87|89,5|6,89|37,82|5,39/60,87=60,74,37,82,87
27,52|16,73|75,81|40,66|71,27|23,14|23,98|45,84|69,71|76,12|23,16|23,40|89,62|2,89|73,76|39,45|98,39|66,75|14,2|23,69/23,52=23,69,71,27,52
24,59|89,96|14,89|7,37|24,76|24,61|95,32|59,69|30,25|53,21|96,71|69,7|67,2|25,36|2,95|24,67|61,53|24,14|21,27|76,30/24,32=24,67,2,95,32
95,98|5,35|10,85|54,51|60,70|60,34|60,29|85,54|60,81|34,2|70,94|94,14|40,45|44,40|60,10|2,95|35,30|14,62|81,5|29,44/60,45=60,29,44,40,45
84,43|56,5|1,76|97,79|95,98|43,48|2,69|5,1|79,42|98,85|55,72|95,84|95,65|95,56|48,24|70,75|85,70|69,55|95,2|65,97/95,72=95,2,69,55,72
3,75|0,76|76,32|54,22|66,83|75,87|73,10|53,52|63,16|37,53|54,3|87,47|70,37|54,0|54,63|16,73|32,98|18,66|54,70|22,18/54,47=54,3,75,87,47
4,88|83,47|97,92|45,95|35,73|36,8|6,94|2,76|88,36|6,97|53,64|6,2|6,32|76,35|75,53|95,66|6,4|92,83|32,45|94,75/6,8=6,4,88,36,8
20,37|97,64|20,25|2,8|63,21|25,80|37,11|20,2|19,14|11,97|80,63|96,5|28,96|54,98|20,67|67,54|8,19|98,52|5,77|20,28/20,52=20,67,54,98,52
9,14|64,25|18,8|14,35|62,63|38,85|25,18|40,12|40,68|40,24|99,43|68,9|12,49|40,52|43,92|40,64|52,83|83,62|49,38|24,99/40,92=40,24,99,43,92
85,70|84,39|81,51|27,29|35,58|14,49|58,38|38,64|29,43|49,17|43,78|39,81|27,85|17,50|27,84|70,67|78,3|67,54|27,14|27,35/27,64=27,35,58,38,64
58,89|45,53|54,67|41,54|34,87|96,91|29,59|99,28|58,15|12,41|9,77|89,2|28,34|15,96|91,80|58,45|58,12|53,29|2,9|58,99/58,77=58,89,2,9,77
25,85|19,29|0,25|58,24|38,64|83,1|0,58|0,88|94,27|24,38|85,83|37,26|86,19|16,94|88,86|12,89|0,97|0,12|89,37|97,16/0,26=0,12,89,37,26
8,43|97,92|61,2|92,73|60,66|15,55|73,64|76,44|43,47|33,57|57,76|61,33|2,25|55,34|34,1|47,59|61,15|25,60|61,97|61,8/61,1=61,15,55,34,1
26,82|83,22|24,91|47,50|83,6|31,73|91,97|43,15|54,31|22,54|15,28|83,43|50,26|6,24|70,92|92,30|83,70|83,47|30,0|28,4/83,0=83,70,92,30,0
8,44|8,50|8,71|29,12|96,57|8,22|50,96|13,39|57,94|78,16|4,29|22,60|66,90|8,40|17,78|40,4|71,13|39,32|60,66|44,17/8,94=8,50,96,57,94
56,34|2,9|45,96|34,95|60,45|38,91|38,56|46,57|80,2|57,11|38,48|95,50|9,10|11,84|38,46|90,99|38,80|99,44|48,60|91,90/38,96=38,48,60,45,96
67,86|20,98|13,15|50,37|89,20|86,41|37,29|12,63|36,89|12,36|12,0|88,39|0,67|12,35|32,13|46,88|35,46|63,50|15,61|12,32/12,39=12,35,46,88,39
80,70|28,35|54,32|80,28|83,3|38,45|57,64|64,96|36,9|80,57|96,12|52,30|35,83|70,54|80,48|30,59|48,52|9,38|32,71|80,36/80,71=80,70,54,32,71
92,51|1,95|39,50|39,94|84,82|39,84|82,92|12,65|39,47|9,25|47,72|94,9|50,12|39,1|95,64|65,75|72,52|52,60|64,57|25,27/39,51=39,84,82,92,51
58,38|77,33|67,58|38,26|26,22|49,53|99,95|86,40|67,14|14,31|67,99|67,44|67,49|42,9|95,41|53,42|41,6|18,86|44,18|31,77/67,22=67,58,38,26,22
1,49|83,33|90,53|87,45|9,21|36,83|77,90|87,51|87,88|87,86|21,60|88,36|86,46|89,9|46,93|20,1|87,89|51,20|93,0|45,77/87,53=87,45,77,90,53
58,63|24,87|21,24|17,68|17,46|67,5|51,11|28,70|68,31|54,92|63,28|75,76|86,51|31,75|17,67|1,21|46,86|17,58|17,1|5,54/17,11=17,46,86,51,11
40,81|84,35|35,47|68,3|64,70|84,40|49,80|34,68|70,58|19,9|83,45|84,0|81,19|43,67|47,49|67,83|84,34|3,53|84,43|0,64/84,53=84,34,68,3,53
26,63|67,97|67,10|25,70|32,53|20,18|67,20|10,21|21,28|67,68|68,9|77,72|66,32|67,65|9,26|72,11|28,33|65,77|97,66|18,25/67,33=67,10,21,28,33
21,19|67,44|88,49|88,8|82,16|49,78|47,97|88,47|8,21|15,55|88,59|78,67|16,46|18,15|59,82|97,53|55,4|53,56|19,39|88,18/88,56=88,47,97,53,56
4,71|4,81|73,23|4,78|31,66|69,57|13,87|71,26|26,80|87,9|70,31|4,30|78,73|66,42|80,98|57,18|4,70|30,13|23,99|81,69/4,18=4,81,69,57,18
54,92|54,58|92,42|97,53|80,72|58,80|52,13|54,78|54,66|13,1|66,97|1,2|42,33|53,34|78,89|89,29|33,67|54,52|72,77|29,9/54,34=54,66,97,53,34
55,21|89,80|46,56|46,93|51,55|93,40|46,88|87,71|46,67|71,78|94,89|23,2|68,48|46,94|40,68|88,51|2,91|67,87|80,7|56,23/46,21=46,88,51,55,21
51,22|33,70|56,83|90,9|85,51|2,92|90,11|83,0|97,21|55,56|9,85|90,2|95,35|90,71|92,95|70,17|21,88|11,97|90,55|71,33/90,88=90,11,97,21,88
28,84|76,61|10,17|27,62|54,52|82,98|84,20|88,28|52,49|88,0|88,80|95,10|45,82|88,76|0,54|61,27|20,53|80,45|87,95|88,87/88,98=88,80,45,82,98
77,51|37,43|50,60|58,91|43,41|82,50|77,59|5,67|77,37|45,68|51,98|41,4|15,75|77,15|75,5|83,58|59,83|60,28|77,82|98,45/77,91=77,59,83,58,91
86,29|9,98|21,66|67,24|98,53|64,21|23,5|48,43|86,69|86,64|69,9|6,37|86,67|43,23|24,6|29,88|66,97|86,48|51,50|88,51/86,5=86,48,43,23,5
1,58|4,86|44,99|4,24|24,1|34,84|58,65|76,51|84,56|47,76|4,34|60,11|64,60|11,90|56,95|4,64|99,80|4,30|30,47|86,44/4,65=4,24,1,58,65
73,12|73,68|70,51|12,38|31,5|50,80|63,39|39,33|14,35|73,14|73,69|5,46|73,31|3,75|38,3|51,44|68,63|35,50|69,70|46,82/73,80=73,14,35,50,80
28,98|10,39|15,33|48,87|39,14|33,31|65,10|70,78|59,57|83,99|15,28|98,83|40,59|95,48|15,47|31,70|15,65|67,40|47,95|15,67/15,78=15,33,31,70,78
46,43|88,68|88,49|22,83|64,22|68,44|97,41|41,95|95,29|88,97|44,11|38,46|27,94|88,75|43,77|88,38|75,64|11,70|69,27|49,69/88,77=88,38,46,43,77
76,84|32,22|90,37|58,4|66,94|22,61|30,16|94,72|30,76|30,66|30,58|72,46|40,77|84,40|4,81|12,65|16,32|81,55|65,90|30,12/30,37=30,12,65,90,37
57,87|87,77|52,30|1,23|71,1|71,52|72,9|30,32|71,48|63,67|91,63|71,17|35,44|48,57|23,35|67,11|17,78|71,91|32,76|78,72/71,11=71,91,63,67,11
21,98|81,64|17,73|68,70|52,0|32,65|80,97|26,32|98,54|7,21|47,91|26,80|65,81|70,5|97,17|26,7|61,68|26,61|26,47|91,52/26,0=26,47,91,52,0
36,47|30,65|43,95|54,94|47,81|82,77|99,6|38,59|81,58|2,19|6,48|95,3|30,82|48,28|30,36|30,99|77,2|59,54|30,38|65,43/30,94=30,38,59,54,94
64,54|6,44|2,82|92,9|82,31|49,55|64,49|68,10|44,77|43,16|31,18|64,68|10,92|51,53|89,51|64,89|53,41|54,6|55,43|64,2/64,9=64,68,10,92,9
46,36|26,69|21,55|69,46|98,13|26,98|36,42|15,68|30,28|53,30|39,51|78,53|51,86|59,21|38,39|26,78|89,59|26,89|13,15|26,38/26,55=26,89,59,21,55
69,75|26,17|8,51|26,71|51,12|43,36|57,69|36,47|47,88|17,57|26,59|71,98|21,8|59,13|13,64|26,21|64,31|98,40|40,93|26,43/26,93=26,71,98,40,93
43,14|11,43|96,65|90,16|50,0|1,50|0,41|42,58|24,10|41,9|85,11|88,70|65,42|1,32|1,85|1,24|10,88|32,22|22,90|1,96/1,58=1,96,65,42,58
75,28|84,53|19,33|4,92|26,20|87,5|43,89|84,23|20,87|28,13|84,43|23,75|84,9|9,19|89,94|33,41|84,26|94,2|1,4|53,1/84,41=84,9,19,33,41
2,35|2,86|2,95|71,4|95,52|76,66|73,76|2,32|2,73|35,63|32,14|52,71|46,53|86,67|79,51|55,33|66,1|67,46|63,55|14,79/2,33=2,35,63,55,33
4,97|52,21|60,99|47,60|69,89|47,69|47,43|54,45|99,11|68,71|78,58|43,54|47,4|11,19|97,78|45,75|89,70|71,52|70,83|47,68/47,75=47,43,54,45,75
34,4|48,90|48,1|25,63|22,10|51,34|9,25|90,9|1,75|79,74|10,27|48,22|27,54|11,5|48,51|72,79|4,49|94,72|48,94|75,11/48,49=48,51,34,4,49
42,30|2,0|10,49|45,98|45,39|98,16|39,10|45,56|16,87|45,4|49,89|87,50|4,60|73,13|30,14|60,2|53,42|45,53|13,12|56,73/45,0=45,4,60,2,0
63,16|16,0|12,4|93,78|75,14|12,20|79,37|52,3|12,63|20,24|4,23|24,61|61,83|23,54|12,52|0,53|54,99|12,93|3,79|78,75/12,14=12,93,78,75,14
84,83|20,98|73,7|84,53|53,41|86,6|9,88|42,9|93,33|92,73|88,99|84,93|98,48|33,86|84,20|57,77|48,54|83,92|84,42|41,57/84,7=84,83,92,73,7
56,16|64,9|72,88|4,64|88,41|56,72|41,55|62,0|56,62|45,2|3,45|6,7|56,22|0,6|22,4|56,63|16,3|63,70|95,8|70,95/56,55=56,72,88,41,55
29,10|29,9|38,40|68,95|29,91|91,22|3,57|9,46|66,3|15,35|83,84|10,68|29,37|29,66|46,15|95,21|16,83|22,38|37,16|57,80/29,80=29,66,3,57,80
39,75|51,24|0,38|24,42|27,99|27,91|75,92|91,51|99,55|65,68|90,0|54,62|55,65|27,48|27,69|62,29|27,90|69,54|38,4|48,39/27,42=27,91,51,24,42
67,89|56,95|79,25|65,31|67,56|44,58|67,21|68,64|67,44|89,55|21,1|45,22|10,65|55,66|59,10|1,68|95,79|58,45|67,59|66,94/67,64=67,21,1,68,64
0,45|58,32|3,9|66,44|18,29|73,80|84,0|68,89|48,35|29,69|59,84|69,48|61,3|18,59|18,61|89,58|80,66|9,74|18,73|18,68/18,44=18,73,80,66,44
37,6|34,42|4,41|40,65|4,55|4,78|6,25|91,40|65,62|4,96|57,34|49,10|60,18|41,7|7,60|78,49|96,57|55,37|10,53|4,91/4,62=4,91,40,65,62
21,5|7,89|3,66|13,10|22,16|97,68|80,1|5,48|53,80|51,53|62,13|75,22|62,21|10,97|48,12|89,3|62,51|18,75|62,18|62,7/62,68=62,13,10,97,68
66,78|26,61|38,16|28,26|69,15|52,66|15,72|81,83|50,28|58,70|42,58|78,40|38,81|16,69|46,25|38,42|83,46|70,39|38,52|38,50/38,25=38,81,83,46,25
91,97|23,82|14,20|20,58|64,18|5,64|14,91|14,36|32,1|14,94|13,89|61,16|1,61|97,23|14,32|43,39|94,5|58,13|31,43|36,31/14,89=14,20,58,13,89
40,72|0,28|61,58|0,12|78,57|0,61|3,33|7,39|26,44|29,26|0,40|21,78|0,9|12,93|87,18|28,21|93,87|72,7|9,29|58,3/0,44=0,9,29,26,44
51,56|56,53|54,46|25,0|22,84|86,78|25,77|44,64|46,40|76,87|78,34|25,54|87,44|4,22|36,51|25,36|77,86|25,76|0,4|40,62/25,53=25,36,51,56,53
14,37|44,30|61,0|30,58|69,38|58,86|46,67|14,80|14,44|67,13|76,69|37,68|68,18|80,61|34,76|14,46|14,34|0,5|13,91|18,17/14,91=14,46,67,13,91
9,30|99,34|14,55|57,39|34,81|87,53|57,45|24,98|53,83|57,77|31,14|39,99|57,12|77,31|45,24|98,71|57,86|12,87|30,62|86,9/57,62=57,86,9,30,62
9,77|5,56|77,20|16,53|57,31|20,16|9,87|87,23|23,65|18,47|65,34|9,57|47,39|31,27|9,18|9,15|82,5|27,81|39,88|15,82/9,81=9,57,31,27,81
97,62|49,74|29,35|21,22|13,49|82,69|82,13|81,29|30,65|99,61|51,81|62,21|69,1|82,12|82,51|74,20|1,99|12,76|76,30|82,97/82,35=82,51,81,29,35
4,85|2,46|86,13|14,60|58,6|95,24|26,47|47,99|5,26|24,10|30,59|60,2|95,5|10,30|95,14|13,58|0,4|95,86|79,0|95,79/95,6=95,86,13,58,6
16,87|24,42|11,2|97,21|49,1|97,29|8,90|87,8|97,79|97,16|89,11|1,68|97,76|79,17|70,24|17,48|48,72|76,49|21,70|29,89/97,72=97,79,17,48,72
98,68|33,71|65,2|68,44|54,58|65,27|62,19|65,22|65,95|27,98|95,20|37,75|20,31|19,49|31,4|71,54|65,33|75,82|2,37|22,62/65,49=65,22,62,19,49
51,65|7,89|32,99|16,41|56,4|35,66|16,51|16,9|33,26|16,71|65,40|9,62|66,31|16,7|40,73|89,32|41,35|62,33|72,56|71,72/16,73=16,51,65,40,73
73,55|91,7|20,27|19,70|82,68|9,75|46,56|68,46|0,84|66,19|47,61|61,90|75,47|9,82|84,73|9,36|9,0|36,66|9,20|27,91/9,55=9,0,84,73,55
26,58|17,26|45,10|24,12|39,15|20,80|58,45|0,9|12,51|51,22|4,69|41,39|15,94|99,65|65,4|17,99|17,24|17,0|17,41|9,20/17,69=17,99,65,4,69
80,64|27,75|80,7|17,65|48,39|31,92|39,31|52,10|80,74|80,48|65,46|80,17|46,88|72,29|38,27|64,16|74,38|16,52|7,72|29,61/80,92=80,48,39,31,92
59,97|5,66|66,79|38,80|80,23|28,38|28,24|68,22|24,46|28,20|28,59|20,5|73,68|23,36|95,52|45,73|28,45|46,95|97,88|88,0/28,36=28,38,80,23,36
87,59|36,34|13,78|34,53|40,36|97,50|40,94|40,87|94,79|40,13|79,45|78,12|54,37|59,97|45,98|40,54|53,57|37,47|12,61|47,20/40,50=40,87,59,97,50
5,2|52,25|32,36|56,14|5,61|25,13|61,52|5,58|42,94|14,46|48,95|76,56|2,99|36,38|53,48|5,11|58,32|99,42|11,53|5,76/5,94=5,2,99,42,94
95,57|88,80|32,88|22,43|17,64|7,17|43,5|95,97|51,2|57,37|95,32|2,52|24,25|5,65|47,7|95,22|95,47|37,24|80,56|97,51/95,65=95,22,43,5,65
16,90|54,50|8,54|3,25|28,29|70,72|62,16|69,3|90,46|94,98|98,78|70,62|29,68|70,49|63,28|70,63|49,8|70,44|44,94|72,69/70,78=70,44,94,98,78
12,65|52,61|72,36|59,10|13,89|14,28|59,68|68,72|59,52|51,99|23,14|20,94|10,45|36,58|28,35|59,23|59,13|61,51|45,12|89,20/59,58=59,68,72,36,58
80,98|70,0|80,66|80,60|34,99|91,74|47,25|15,47|14,37|0,69|60,34|98,58|80,70|69,31|66,15|58,14|80,90|99,44|74,13|90,91/80,13=80,90,91,74,13
57,95|16,65|64,36|56,62|75,16|4,79|22,60|57,22|57,29|38,4|57,92|13,12|57,26|92,75|26,38|95,76|29,15|15,64|60,13|76,56/57,12=57,22,60,13,12
64,27|25,0|20,82|4,91|98,32|26,79|0,13|32,26|25,98|13,76|76,95|25,4|82,10|70,90|94,20|27,70|25,64|48,54|91,48|25,94/25,95=25,0,13,76,95
1,3|76,37|37,79|49,96|49,90|96,40|69,41|66,1|48,69|28,67|8,92|49,66|40,8|49,48|3,82|67,36|36,86|90,76|41,29|49,28/49,92=49,96,40,8,92
92,43|52,93|81,11|88,52|43,9|37,18|76,39|88,64|57,0|18,57|70,40|11,72|88,37|64,81|39,70|88,92|56,83|88,76|93,56|9,86/88,86=88,92,43,9,86
23,85|7,6|23,53|28,3|16,54|23,78|23,90|53,81|24,30|81,24|23,27|54,76|40,7|39,5|78,47|90,16|36,39|47,28|85,36|27,40/23,76=23,90,16,54,76
63,84|35,66|69,1|52,47|70,67|71,35|92,70|73,95|95,57|28,52|26,28|84,73|49,69|63,26|63,64|24,92|63,38|63,24|64,71|38,49/63,47=63,26,28,52,47
26,66|24,2|75,0|98,3|10,28|10,60|76,98|59,75|60,67|10,26|18,59|10,18|67,24|13,51|42,82|10,13|28,76|49,11|66,49|51,42/10,11=10,26,66,49,11
13,27|34,6|34,96|96,42|67,65|34,19|65,89|3,35|34,48|14,13|55,99|35,46|34,14|37,2|27,78|42,37|6,3|99,8|48,67|19,55/34,2=34,96,42,37,2
79,48|65,80|47,83|57,21|80,57|2,96|48,35|13,50|35,38|1,5|96,47|2,79|78,13|2,65|91,24|83,11|16,78|2,1|5,91|2,16/2,50=2,16,78,13,50
22,26|74,44|44,70|22,13|51,98|65,31|71,28|98,71|31,61|95,4|22,65|48,95|82,67|36,82|13,74|22,51|26,48|22,69|69,36|61,40/22,28=22,51,98,71,28
5,97|82,31|97,49|0,10|83,80|98,26|17,82|75,56|0,5|85,76|10,90|49,33|76,83|0,85|90,75|0,60|43,17|26,71|60,98|0,43/0,31=0,43,17,82,31
6,5|52,0|73,54|46,29|31,74|91,81|11,46|29,42|5,91|6,73|6,7|0,30|6,11|7,52|54,35|84,31|35,63|6,64|81,71|64,84/6,74=6,64,84,31,74
10,50|55,95|95,40|55,23|70,71|15,5|40,89|1,51|32,22|23,15|59,75|58,41|89,30|50,59|55,32|71,58|55,10|22,1|55,70|5,62/55,41=55,70,71,58,41
66,36|46,66|62,6|46,40|6,77|15,70|32,44|77,78|13,15|40,73|46,57|70,37|88,50|73,88|46,62|46,13|57,68|68,18|18,7|36,32/46,37=46,13,15,70,37
71,70|70,83|1,71|44,72|1,33|56,81|33,56|63,95|83,21|99,23|1,69|23,63|94,4|86,88|69,45|81,73|1,99|45,94|1,86|88,44/1,95=1,99,23,63,95
54,7|0,19|19,58|64,49|23,83|29,23|5,92|18,5|83,97|58,9|7,60|97,1|49,55|92,63|29,64|29,18|29,54|60,34|55,75|29,0/29,34=29,54,7,60,34
72,89|55,6|72,66|48,70|72,48|91,84|71,96|72,78|84,90|20,59|66,44|44,71|78,55|89,19|28,75|72,91|90,3|70,28|19,20|6,2/72,96=72,66,44,71,96
66,42|32,25|14,2|13,14|64,50|48,39|82,0|35,58|13,82|39,90|1,52|2,70|70,47|13,48|52,64|25,66|90,28|13,32|0,35|13,1/13,58=13,82,0,35,58
99,55|73,91|17,62|85,84|84,2|83,59|51,73|51,1|51,34|91,83|36,93|51,31|1,99|31,36|2,42|55,40|62,16|34,17|51,85|93,94/51,94=51,31,36,93,94
24,48|31,38|31,77|91,67|77,58|28,61|48,47|4,6|22,19|54,28|6,70|68,54|58,22|31,68|31,4|82,24|31,82|38,91|67,37|70,72/31,61=31,68,54,28,61
36,7|81,77|20,47|77,32|37,97|82,21|22,82|89,15|37,81|58,89|32,5|13,36|37,23|37,64|64,17|17,20|97,58|37,22|21,84|23,13/37,7=37,23,13,36,7
68,0|8,34|21,86|84,46|25,88|98,15|38,8|21,75|75,38|96,92|21,84|99,97|92,69|15,99|23,50|21,23|86,96|50,25|46,68|21,98/21,69=21,86,96,92,69
76,91|44,38|9,76|20,32|81,44|25,47|11,81|88,9|78,20|60,56|7,60|32,77|88,25|88,11|88,7|12,5|56,36|91,29|47,12|88,78/88,29=88,9,76,91,29
64,20|72,61|94,53|81,64|33,81|50,33|50,28|61,45|88,40|78,93|50,54|54,72|6,88|98,94|50,95|28,6|99,78|68,98|50,68|95,99/50,40=50,28,6,88,40
65,73|6,46|12,17|90,22|83,82|88,5|12,20|46,14|52,25|2,72|82,87|12,2|25,64|22,65|12,90|12,51|17,52|51,83|20,6|72,88/12,87=12,51,83,82,87
55,72|71,9|74,21|74,61|61,45|13,47|74,98|24,1|74,26|74,13|9,99|45,37|26,71|44,31|37,73|98,44|31,81|21,24|47,55|1,59/74,99=74,26,71,9,99
23,79|3,66|50,98|64,50|28,3|25,94|87,51|64,16|94,43|42,24|51,42|34,96|99,28|64,65|96,54|64,87|16,34|64,99|98,23|65,25/64,79=64,50,98,23,79
77,75|77,56|97,84|77,19|77,6|32,37|56,86|46,9|19,52|51,23|9,11|77,18|75,62|6,46|52,51|86,97|62,45|37,58|18,32|45,67/77,58=77,18,32,37,58
28,67|22,19|76,38|53,48|54,53|8,60|60,99|10,7|18,28|9,25|95,8|9,22|45,10|25,54|9,45|98,18|7,16|9,95|9,98|19,76/9,48=9,25,54,53,48
84,9|51,65|9,11|45,62|33,8|84,46|84,33|75,51|83,14|14,20|84,96|2,44|21,52|8,21|81,45|11,2|96,75|46,81|98,83|84,98/84,44=84,9,11,2,44
58,87|73,17|44,37|44,29|27,64|6,40|83,89|17,83|67,86|29,67|35,58|44,35|37,96|86,45|44,73|87,74|40,24|96,27|44,1|1,6/44,64=44,37,96,27,64
3,34|68,85|98,24|78,49|48,68|24,72|9,63|56,78|72,89|12,95|63,56|9,6|99,18|9,48|9,99|85,8|95,52|18,3|6,12|9,98/9,34=9,99,18,3,34
77,92|31,57|33,17|79,31|23,56|30,55|73,41|55,96|96,13|26,23|41,32|33,26|56,2|33,79|17,43|43,77|33,73|33,30|32,67|57,68/33,92=33,17,43,77,92
72,28|30,67|91,37|91,73|87,42|86,87|67,79|53,52|91,86|91,23|25,75|73,53|60,25|23,30|37,60|1,72|52,62|91,1|42,22|28,19/91,22=91,86,87,42,22
23,77|57,47|72,31|25,65|25,13|77,85|47,68|25,3|21,20|84,76|31,56|78,84|25,78|85,88|76,17|3,72|65,81|13,57|81,21|25,23/25,17=25,78,84,76,17
30,85|38,34|47,51|38,47|39,40|41,11|40,89|38,99|6,37|38,72|94,6|85,29|45,2|34,30|38,94|51,41|99,45|72,39|2,61|37,46/38,61=38,99,45,2,61
80,93|91,49|49,79|80,58|3,60|58,38|93,77|62,92|92,7|59,33|7,47|80,62|79,55|69,63|10,70|33,10|80,59|80,91|77,3|38,69/80,70=80,59,33,10,70
59,64|51,79|80,88|59,96|77,67|96,20|97,99|66,8|26,3|59,77|64,80|8,51|48,1|88,52|20,48|67,49|59,97|59,66|99,26|49,42/59,1=59,96,20,48,1
28,18|94,74|28,95|95,56|28,94|28,98|18,81|81,30|50,17|53,11|17,49|41,68|30,34|11,24|56,86|28,50|74,41|98,53|86,3|49,60/28,68=28,94,74,41,68
74,9|34,74|24,63|50,70|1,21|39,1|9,33|39,43|51,46|19,24|21,94|6,36|70,51|39,34|39,50|39,6|87,58|43,19|94,41|36,87/39,33=39,34,74,9,33
1,11|4,86|44,99|4,24|24,1|34,84|11,90|76,51|84,58|47,76|4,34|60,56|64,60|56,95|58,65|4,64|99,80|4,30|30,47|86,44/4,65=4,34,84,58,65
85,32|44,60|65,44|99,13|65,89|96,38|89,31|63,25|42,24|64,27|65,82|38,57|65,63|65,64|41,52|82,96|31,85|27,42|25,99|60,41/65,57=65,82,96,38,57
2,45|34,37|34,15|51,75|37,51|82,33|19,89|33,42|15,82|69,67|45,19|34,2|7,72|30,7|34,30|67,25|34,21|75,22|21,69|72,93/34,25=34,21,69,67,25
55,93|59,40|9,79|16,28|9,98|9,55|0,37|6,0|40,29|98,59|88,72|48,30|10,56|30,88|34,53|79,6|93,10|9,16|9,48|28,34/9,56=9,55,93,10,56
59,34|14,54|83,26|54,29|99,74|14,59|24,21|51,58|56,99|30,51|5,20|74,32|14,2|2,30|20,83|14,5|14,56|29,72|34,24|72,86/14,26=14,5,20,83,26
49,8|33,35|96,36|92,20|56,33|57,68|56,21|56,49|88,96|13,51|58,77|56,54|77,70|8,92|95,75|54,88|75,57|21,58|35,13|56,95/56,20=56,49,8,92,20
17,18|88,6|18,0|92,65|71,59|88,77|73,48|39,81|88,96|59,92|96,74|77,20|88,71|6,17|53,91|81,73|88,39|20,28|28,19|74,53/88,48=88,39,81,73,48
84,79|8,98|96,93|52,8|96,52|23,49|5,19|98,73|96,0|76,84|45,74|13,70|96,13|0,23|70,5|29,76|74,77|49,35|96,29|93,45/96,73=96,52,8,98,73
38,56|57,44|87,2|89,84|65,1|57,87|57,16|57,41|57,38|44,65|28,98|19,81|1,17|41,28|2,5|84,32|56,19|5,79|16,89|98,70/57,17=57,44,65,1,17
7,1|55,71|10,11|0,67|48,29|67,21|0,55|21,75|0,7|75,20|4,85|65,92|1,83|11,48|0,4|0,10|71,65|85,18|18,2|83,22/0,2=0,4,85,18,2
55,64|3,72|27,81|27,47|64,10|42,84|19,41|27,98|81,55|87,17|47,19|31,3|17,57|84,11|41,49|27,31|27,92|92,87|72,48|98,42/27,11=27,98,42,84,11
54,92|54,58|92,42|97,1|80,72|58,80|52,13|54,78|54,66|13,33|66,97|33,67|42,53|1,2|78,89|89,29|53,34|54,52|72,77|29,9/54,34=54,92,42,53,34
89,11|89,26|26,57|11,75|84,29|89,91|89,34|57,87|58,43|83,61|75,37|91,83|25,84|64,58|37,6|87,19|61,22|89,21|21,64|34,25/89,43=89,21,64,58,43
89,81|47,0|75,56|64,77|64,39|64,49|77,13|64,38|0,48|38,93|13,89|49,75|64,53|53,8|99,45|8,99|56,58|26,36|39,47|93,26/64,58=64,49,75,56,58
68,18|26,33|68,12|84,74|90,82|33,65|12,90|65,16|74,60|18,84|57,19|48,57|54,24|68,41|19,39|7,54|68,48|68,26|41,7|82,38/68,16=68,26,33,65,16
90,28|32,25|14,2|13,14|64,50|48,39|82,0|66,42|13,82|39,35|1,52|2,70|70,47|13,48|52,64|25,90|35,58|13,32|0,66|13,1/13,58=13,48,39,35,58
2,58|89,20|4,29|20,76|39,65|58,4|95,41|2,25|65,9|81,39|2,92|0,7|25,95|2,81|29,53|92,31|41,94|2,24|31,0|24,89/2,76=2,24,89,20,76
39,89|89,52|55,9|78,14|10,33|98,65|3,44|33,3|78,10|78,18|14,98|71,62|65,57|11,20|4,23|18,39|20,71|78,11|78,55|9,4/78,44=78,10,33,3,44
19,80|6,45|58,48|19,5|63,82|48,85|80,84|19,71|64,93|30,58|1,64|71,6|19,30|51,98|5,1|45,88|19,63|33,32|84,51|82,33/19,85=19,30,58,48,85
9,90|41,29|7,25|63,38|70,98|38,23|98,54|25,13|70,7|54,9|13,58|24,41|70,76|0,52|52,10|70,68|76,24|10,30|68,63|70,0/70,23=70,68,63,38,23
81,57|15,74|3,26|74,3|29,76|26,99|15,88|46,43|11,2|15,11|88,81|57,90|2,46|82,30|5,49|15,5|49,82|76,19|15,48|48,29/15,99=15,74,3,26,99
31,48|55,67|47,32|36,51|55,97|55,31|79,27|4,79|21,0|48,47|97,23|55,56|27,13|5,92|51,98|2,5|67,36|55,4|56,2|23,21/55,0=55,97,23,21,0
98,68|33,71|65,2|68,44|19,49|65,27|62,31|65,22|65,95|27,98|95,20|37,75|20,54|31,4|54,58|71,19|65,33|75,82|2,37|22,62/65,49=65,33,71,19,49
9,86|97,1|8,48|30,77|42,8|70,84|48,64|86,97|76,90|76,82|36,60|84,18|82,91|76,30|76,42|63,7|91,63|77,36|76,9|90,70/76,7=76,82,91,63,7
14,37|44,30|61,0|30,69|13,91|69,38|46,67|14,80|14,44|67,58|76,13|37,68|68,18|80,61|34,76|14,46|14,34|0,5|58,86|18,17/14,91=14,34,76,13,91
84,27|74,52|74,17|59,95|23,4|82,40|17,99|11,5|74,84|19,62|48,6|74,19|53,59|52,53|99,23|83,56|62,83|27,11|6,82|74,48/74,40=74,48,6,82,40
48,45|32,89|81,84|85,11|85,6|54,67|85,54|37,81|11,32|71,64|6,1|64,49|31,71|89,91|85,31|67,66|66,8|1,48|85,37|84,52/85,49=85,31,71,64,49
38,16|87,38|18,40|24,43|10,30|79,10|40,4|87,47|92,79|87,92|70,34|16,70|47,15|87,67|19,24|43,60|67,18|42,77|15,42|87,19/87,77=87,47,15,42,77
27,51|68,54|83,30|14,37|25,68|25,58|84,27|30,20|63,0|25,71|3,44|37,69|58,83|0,13|71,14|31,63|26,84|25,26|54,3|25,31/25,51=25,26,84,27,51
0,7|59,93|37,1|53,50|43,58|99,75|24,99|36,43|41,37|7,53|73,41|36,73|36,0|36,59|58,64|93,15|64,78|36,24|15,22|75,11/36,1=36,73,41,37,1
51,28|68,54|28,47|13,31|50,34|67,73|52,99|30,50|31,52|67,13|67,51|33,29|73,33|70,68|29,17|47,76|34,92|62,70|67,30|67,62/67,76=67,51,28,47,76
68,98|52,22|59,1|54,65|22,50|54,3|65,41|54,59|3,52|54,39|14,57|1,85|39,91|54,23|41,47|57,36|23,14|85,9|47,75|91,68/54,36=54,23,14,57,36
89,39|19,82|2,81|76,19|73,87|91,76|34,89|3,23|12,14|23,10|39,16|46,3|81,12|46,34|46,73|20,93|87,20|46,91|10,54|46,2/46,16=46,34,89,39,16
17,81|84,38|88,41|1,72|1,30|1,23|99,21|0,60|1,99|1,0|60,40|40,82|81,96|94,80|21,94|30,73|73,84|72,62|23,17|62,88/1,96=1,23,17,81,96
59,34|14,54|72,86|54,29|99,83|14,59|24,21|51,58|56,99|30,51|5,20|83,26|14,2|2,30|20,72|14,5|14,56|29,74|34,24|74,32/14,26=14,56,99,83,26
60,27|73,88|86,56|73,45|73,83|73,11|11,14|14,2|2,31|73,60|45,90|90,34|88,68|57,18|34,4|24,57|83,24|68,86|9,99|27,9/73,18=73,83,24,57,18
50,18|95,78|88,63|63,40|88,13|88,10|88,23|13,46|90,20|10,39|20,64|78,50|85,75|40,71|88,95|59,32|39,59|71,80|23,90|46,85/88,64=88,23,90,20,64
90,46|55,86|43,3|86,82|61,11|68,80|94,87|11,20|54,55|90,69|87,52|46,43|50,68|90,50|90,54|69,94|20,59|90,61|80,24|3,92/90,24=90,50,68,80,24
85,32|20,87|79,53|87,30|7,97|84,69|14,79|20,95|20,7|20,84|15,18|69,15|30,85|6,58|20,66|86,93|66,14|97,86|58,72|95,6/20,93=20,7,97,86,93
79,46|1,30|91,69|12,45|23,71|28,70|75,9|42,23|45,79|28,12|28,1|28,94|70,91|30,73|38,75|94,42|28,49|73,8|49,38|69,68/28,71=28,94,42,23,71
51,5|85,54|70,56|54,37|0,48|12,0|79,76|85,70|62,79|85,93|85,3|24,55|80,62|56,16|37,24|93,33|85,80|33,51|16,95|3,12/85,76=85,80,62,79,76
94,35|51,49|80,76|89,5|2,95|35,29|92,44|49,34|29,27|5,92|82,51|2,10|2,82|40,57|95,45|2,89|76,79|45,40|2,94|10,80/2,27=2,94,35,29,27
7,66|28,19|28,5|28,7|28,18|5,48|66,74|16,20|24,89|28,35|59,16|35,24|48,88|74,12|18,59|89,60|88,2|19,47|47,91|91,0/28,0=28,19,47,91,0
12,14|73,63|9,12|68,29|16,9|40,83|73,42|73,16|42,61|60,72|63,68|73,44|80,57|44,62|73,99|61,60|62,40|57,27|99,80|29,78/73,27=73,99,80,57,27
39,79|60,67|46,28|41,47|63,93|34,41|46,5|1,63|28,1|46,60|58,86|72,31|5,58|46,80|86,76|67,39|61,34|46,61|31,43|80,72/46,76=46,5,58,86,76
2,51|90,29|25,59|29,99|98,89|23,26|26,49|23,14|59,12|85,2|23,25|58,10|14,90|49,34|12,11|23,48|34,30|10,98|23,58|48,85/23,11=23,25,59,12,11
47,52|1,3|47,87|41,2|32,76|47,77|47,10|71,9|76,29|10,41|50,32|77,71|53,81|81,45|52,15|2,74|47,50|9,91|15,1|87,53/47,74=47,10,41,2,74
74,7|52,64|46,52|7,37|21,91|74,61|61,26|74,0|80,66|74,21|37,80|54,85|11,81|26,53|74,6|0,46|86,11|53,28|91,54|6,86/74,81=74,6,86,11,81
53,17|21,94|26,8|89,23|90,70|8,87|43,83|83,11|40,43|89,40|14,33|96,90|97,18|17,14|89,53|18,21|4,96|89,97|23,26|89,4/89,94=89,97,18,21,94
30,37|30,77|15,97|30,69|69,76|30,93|20,73|55,15|93,34|39,89|60,20|37,60|30,55|34,59|28,32|59,71|97,42|77,45|76,28|45,39/30,73=30,37,60,20,73
65,73|6,46|12,17|90,22|83,25|82,87|12,20|46,14|52,88|2,72|25,64|12,2|88,5|22,65|12,90|12,51|17,52|51,83|20,6|72,82/12,87=12,2,72,82,87
29,24|84,65|59,12|91,87|91,22|91,54|75,66|91,16|8,21|87,62|16,75|12,58|80,29|66,83|54,80|91,67|22,59|65,40|62,8|67,84/91,24=91,54,80,29,24
3,75|37,18|18,3|37,62|73,28|37,65|37,83|75,60|0,10|98,35|62,91|41,52|37,73|28,41|83,55|91,0|55,26|65,39|39,98|26,45/37,60=37,18,3,75,60
40,89|50,91|50,76|50,93|6,15|10,22|48,72|87,26|21,40|91,96|96,10|99,44|76,21|93,52|50,25|50,6|72,86|25,48|52,99|15,87/50,22=50,91,96,10,22
79,48|65,80|47,83|35,38|80,35|2,96|48,13|57,21|13,50|1,5|96,47|2,79|78,57|2,65|91,24|83,11|16,78|2,1|5,91|2,16/2,50=2,79,48,13,50
67,72|66,14|27,90|80,67|14,34|55,92|27,38|22,82|81,33|92,62|16,80|27,83|33,74|27,66|90,42|27,16|42,22|34,24|83,81|38,55/27,72=27,16,80,67,72
46,31|31,34|82,0|82,75|59,63|71,46|0,77|82,64|75,95|91,59|95,78|77,73|63,45|64,90|82,71|73,86|17,84|82,91|78,67|90,17/82,45=82,91,59,63,45
90,42|6,35|78,55|52,54|1,91|78,45|45,16|95,43|78,52|78,10|87,6|10,87|16,83|78,46|46,24|55,1|83,40|24,95|54,90|91,11/78,11=78,55,1,91,11
83,77|77,8|30,69|9,16|49,98|30,73|37,89|74,51|30,2|30,68|2,9|89,27|88,23|16,17|68,14|23,74|14,49|30,88|69,37|73,83/30,51=30,88,23,74,51
20,41|53,63|20,90|86,83|17,0|4,7|80,17|20,4|77,70|90,53|7,24|20,79|35,14|70,86|63,85|79,80|20,77|47,35|41,47|24,23/20,85=20,90,53,63,85
0,8|59,88|13,45|42,33|81,25|65,50|42,82|39,95|25,76|95,20|88,65|55,13|8,40|73,55|42,59|77,81|82,39|42,77|33,0|42,73/42,20=42,82,39,95,20
2,16|67,79|37,77|73,2|95,47|67,89|43,9|94,37|5,14|67,34|53,43|39,10|89,73|67,5|14,39|9,49|51,95|79,51|67,53|34,94/67,10=67,5,14,39,10
7,56|97,38|89,14|76,90|67,37|26,99|64,26|76,17|10,9|62,63|38,89|56,33|63,10|76,98|98,64|17,18|18,67|90,7|76,97|76,62/76,99=76,98,64,26,99
90,61|48,95|28,38|6,33|43,41|38,6|73,43|73,28|60,29|85,97|73,90|97,50|56,85|73,56|73,60|61,25|25,34|41,48|29,92|92,83/73,50=73,56,85,97,50
10,77|8,60|13,33|34,32|13,10|30,6|96,49|33,54|13,74|13,56|76,34|17,30|13,37|49,27|54,8|74,76|31,99|37,96|56,17|77,31/13,32=13,74,76,34,32
81,53|14,18|10,59|7,5|1,7|84,1|26,51|20,60|74,29|48,14|48,81|48,69|60,42|72,20|18,10|53,26|22,74|48,84|48,72|69,22/48,59=48,14,18,10,59
46,62|38,53|92,46|3,82|62,29|31,43|6,12|54,6|53,33|54,21|21,59|41,71|12,41|54,94|82,75|77,38|59,31|94,3|54,92|54,77/54,71=54,6,12,41,71
17,54|23,70|54,57|76,16|47,75|36,3|71,29|85,45|29,17|75,93|71,56|98,23|49,76|71,21|56,49|71,15|21,98|71,85|45,36|15,47/71,57=71,29,17,54,57
79,76|85,54|70,56|54,37|0,48|12,0|16,95|85,70|62,16|85,93|85,3|24,55|80,62|56,51|37,24|93,33|85,80|33,79|51,5|3,12/85,76=85,93,33,79,76
80,39|76,21|84,69|76,64|76,37|2,47|76,75|36,52|75,96|82,36|37,45|21,98|64,82|47,67|45,80|0,27|76,25|98,0|96,84|25,2/76,52=76,64,82,36,52
15,73|68,76|75,31|65,87|31,72|44,84|75,8|84,65|49,27|73,90|75,44|8,68|75,71|27,74|90,19|83,18|72,83|71,49|76,94|75,15/75,18=75,31,72,83,18
84,27|57,36|80,91|3,10|84,70|21,96|84,80|59,98|12,75|48,94|84,63|70,57|94,12|84,48|91,3|98,2|96,39|27,59|36,88|63,21/84,2=84,27,59,98,2
23,85|54,76|23,53|28,3|16,24|23,78|23,90|53,81|7,6|81,7|23,27|24,30|40,54|39,5|78,47|90,16|36,39|47,28|85,36|27,40/23,76=23,27,40,54,76
2,32|80,64|96,14|18,12|96,89|45,18|43,49|17,45|96,27|89,80|84,36|32,84|64,23|96,17|96,2|14,97|97,43|7,81|99,7|27,99/96,81=96,27,99,7,81
18,63|65,15|15,7|0,86|7,33|94,39|5,27|86,45|39,32|94,65|82,0|63,10|94,35|27,50|94,12|32,62|94,82|12,18|35,5|62,54/94,45=94,82,0,86,45
53,88|15,53|40,47|44,62|50,69|50,15|50,40|19,11|29,58|50,29|88,27|47,19|0,9|2,3|91,44|50,91|58,0|69,2|62,99|3,14/50,14=50,69,2,3,14
10,34|52,72|49,3|72,81|76,52|64,89|89,97|78,64|10,78|12,49|30,29|29,14|34,61|10,12|70,82|14,73|10,76|3,20|10,30|61,70/10,73=10,30,29,14,73
39,98|75,62|17,39|9,23|72,9|98,13|62,99|23,25|93,66|68,73|73,64|25,76|72,49|72,34|34,75|49,93|90,68|72,17|72,90|66,44/72,64=72,90,68,73,64
76,45|84,43|95,77|22,95|61,68|48,8|76,38|57,48|76,58|20,13|43,87|45,63|63,20|76,23|76,17|23,22|68,26|58,61|17,57|38,84/76,77=76,23,22,95,77
10,71|67,32|83,56|75,15|52,83|25,75|90,84|84,82|82,45|52,67|56,47|52,5|5,25|7,12|52,7|47,3|52,90|32,85|12,10|85,93/52,71=52,7,12,10,71
10,98|47,1|9,15|0,56|98,9|86,4|46,84|84,88|8,95|4,8|1,79|82,46|34,17|34,86|34,10|56,35|17,0|62,47|34,82|34,62/34,35=34,17,0,56,35
26,73|7,19|6,35|56,45|57,22|82,57|76,26|82,6|82,37|22,44|19,24|82,99|4,75|99,7|82,91|37,76|44,39|75,40|35,56|91,4/82,39=82,57,22,44,39
27,63|57,7|90,93|57,85|93,99|52,2|35,6|23,0|57,69|92,35|57,15|69,90|67,74|74,23|15,92|14,27|57,67|83,52|7,83|85,14/57,2=57,7,83,52,2
80,31|80,79|42,60|99,50|72,52|69,54|43,42|57,45|31,43|80,51|32,55|80,99|55,19|79,49|49,57|78,32|6,69|51,6|80,78|50,72/80,52=80,99,50,72,52
47,90|42,5|26,15|47,98|72,96|51,41|22,51|7,52|47,72|75,58|41,14|52,9|88,19|67,42|47,22|96,88|98,67|58,26|90,7|47,75/47,9=47,90,7,52,9
93,29|93,5|64,37|93,81|6,18|34,16|93,64|81,34|66,35|29,76|93,23|23,83|94,0|62,60|37,66|5,27|76,6|83,62|16,49|27,94/93,18=93,29,76,6,18
79,5|92,20|20,42|42,57|2,81|99,62|92,97|50,1|44,86|92,79|92,2|86,50|33,12|5,33|68,76|10,99|81,68|97,10|92,44|57,52/92,52=92,20,42,57,52
97,85|7,27|54,97|7,79|96,36|72,54|7,40|41,38|7,25|7,72|16,80|31,24|17,41|27,35|25,17|63,16|24,14|35,96|40,31|79,63/7,38=7,25,17,41,38
13,96|18,90|91,13|66,45|99,77|10,56|66,34|66,99|53,7|66,41|77,20|41,53|26,91|66,26|20,88|84,10|7,61|45,38|38,18|34,84/66,90=66,45,38,18,90
29,64|29,32|33,45|29,84|52,1|5,99|68,52|47,36|99,42|83,39|13,47|23,22|39,88|32,13|29,33|45,23|29,5|84,83|64,68|42,12/29,12=29,5,99,42,12
8,43|97,92|61,2|92,73|60,66|15,55|73,64|47,59|43,34|33,57|57,47|61,33|2,25|55,76|76,44|34,1|61,15|25,60|61,97|61,8/61,1=61,8,43,34,1
74,60|42,96|68,17|61,1|74,79|74,42|35,80|38,6|1,57|14,61|74,38|96,68|31,52|73,31|79,35|75,40|60,73|80,66|6,75|74,14/74,52=74,60,73,31,52
22,83|72,98|41,91|98,37|73,79|6,20|91,7|37,17|33,35|80,73|72,68|83,6|72,22|72,90|72,48|48,80|4,33|90,41|17,95|68,4/72,95=72,98,37,17,95
47,52|2,74|47,87|41,9|32,76|47,77|47,10|71,1|76,29|10,41|50,32|77,71|53,81|81,45|52,15|9,91|47,50|1,3|15,2|87,53/47,74=47,52,15,2,74
17,30|45,91|14,41|50,70|7,57|6,7|32,43|70,15|16,28|48,50|29,45|29,16|29,6|28,17|41,32|57,66|29,48|29,14|77,4|91,77/29,4=29,45,91,77,4
29,95|67,28|56,84|58,70|88,63|63,62|29,44|12,90|29,67|29,88|44,41|70,12|29,58|41,65|62,77|95,34|65,10|34,56|28,7|7,68/29,68=29,67,28,7,68
31,48|55,67|21,0|36,47|55,97|55,31|79,27|4,79|51,98|48,21|97,23|55,56|27,13|5,92|47,32|2,5|67,36|55,4|56,2|23,51/55,0=55,31,48,21,0
61,20|41,14|85,61|96,97|0,82|97,19|37,46|96,49|96,47|47,43|43,41|96,83|82,24|46,57|96,54|54,0|23,80|19,23|49,85|83,37/96,14=96,47,43,41,14
7,83|18,42|93,79|27,96|41,91|32,27|39,31|77,99|91,55|7,80|57,77|80,57|7,18|3,32|42,39|50,93|89,50|7,3|83,41|7,89/7,31=7,18,42,39,31
66,63|82,38|43,85|1,34|43,94|67,82|43,78|89,69|94,18|22,7|43,24|43,86|87,1|24,22|7,13|18,66|86,11|85,87|78,67|11,89/43,34=43,85,87,1,34
4,61|29,46|45,29|4,45|46,18|0,16|4,58|14,96|96,71|90,73|58,52|4,94|61,14|52,84|84,32|40,68|73,83|68,0|4,40|94,90/4,83=4,94,90,73,83
26,54|72,65|88,26|74,17|12,32|97,1|46,8|97,88|97,12|50,70|54,84|7,57|17,30|97,7|1,74|70,98|18,50|32,72|57,46|97,18/97,84=97,88,26,54,84
99,13|22,67|68,60|73,62|99,74|99,57|18,66|74,49|17,18|62,70|85,68|53,22|99,56|56,73|49,59|57,85|13,53|99,17|66,93|59,14/99,93=99,17,18,66,93
27,34|27,9|9,51|19,42|6,84|27,25|22,6|39,32|27,82|21,75|34,19|63,14|27,63|82,22|32,68|41,66|51,41|42,10|14,21|25,39/27,84=27,82,22,6,84
85,27|88,65|7,46|85,87|85,86|65,77|69,62|85,35|87,9|62,4|85,69|52,83|86,84|13,58|35,88|27,13|58,67|9,7|4,17|84,52/85,67=85,27,13,58,67
20,65|63,78|52,44|68,62|26,38|30,20|95,36|81,60|57,63|95,81|38,70|62,28|95,68|95,57|65,1|78,34|28,79|36,26|95,30|60,52/95,44=95,81,60,52,44
24,33|42,74|33,17|47,62|32,24|86,89|15,86|14,70|47,14|74,63|89,52|62,42|19,78|78,80|47,19|47,32|55,18|80,50|70,55|47,15/47,63=47,62,42,74,63
11,28|32,83|32,53|83,61|49,78|99,65|21,64|61,29|65,11|53,70|78,77|70,34|32,41|32,99|57,81|34,97|41,49|32,21|29,37|64,57/32,28=32,99,65,11,28
30,10|38,11|98,22|31,27|86,38|25,32|46,49|22,31|23,72|30,23|68,25|0,68|72,59|49,50|30,98|30,0|59,18|10,46|39,86|30,39/30,50=30,10,46,49,50
73,4|29,65|93,5|4,24|3,6|93,18|5,2|93,54|18,33|86,3|2,19|54,75|93,61|61,73|75,29|19,11|16,50|33,16|93,86|6,27/93,11=93,5,2,19,11
98,6|58,37|29,98|38,21|6,39|56,5|5,64|37,20|58,56|34,61|21,60|58,29|64,17|26,16|18,38|32,89|58,18|58,34|61,32|20,26/58,17=58,56,5,64,17
88,32|49,78|78,74|95,59|70,40|52,11|16,88|16,90|66,60|32,66|11,20|16,95|16,36|36,52|44,82|40,7|59,44|90,70|16,12|12,49/16,60=16,88,32,66,60
34,70|47,87|47,65|29,11|65,62|63,73|23,45|47,51|47,68|57,94|40,81|16,57|51,34|62,63|70,77|47,29|87,95|11,23|68,16|95,40/47,77=47,51,34,70,77
26,83|42,92|92,48|26,23|84,24|56,84|96,19|19,6|83,80|46,56|99,45|26,96|26,46|43,42|26,43|9,69|80,9|6,87|23,99|45,44/26,69=26,83,80,9,69
71,7|32,26|81,32|73,89|4,29|54,46|29,45|61,81|4,41|4,76|76,52|20,66|41,70|52,71|45,54|70,73|66,31|4,61|4,20|31,56/4,7=4,76,52,71,7
21,96|44,12|18,5|44,62|44,69|44,55|28,16|24,81|99,28|62,99|69,75|75,61|96,67|48,18|55,21|44,10|12,58|58,24|61,32|10,48/44,81=44,12,58,24,81
85,3|65,91|37,41|9,94|28,59|94,85|41,47|9,65|88,28|9,74|30,75|74,13|13,30|91,36|47,79|36,16|9,37|3,32|59,20|9,88/9,20=9,88,28,59,20
68,46|21,81|48,11|9,2|14,33|8,21|11,75|33,42|68,9|86,44|88,8|74,48|2,32|80,86|68,88|68,74|68,65|32,25|46,14|65,80/68,42=68,46,14,33,42
78,46|46,38|12,96|63,69|74,60|40,62|5,74|50,59|5,50|60,63|5,68|5,40|20,51|23,75|62,23|68,73|79,78|59,20|73,12|5,79/5,38=5,79,78,46,38
89,52|82,25|25,47|75,66|26,68|82,5|50,49|47,50|42,30|5,14|10,20|14,26|82,98|98,1|51,75|97,51|1,42|82,89|82,97|52,10/82,68=82,5,14,26,68
38,67|59,37|32,99|5,7|59,91|67,62|99,93|14,17|91,38|59,75|11,5|59,11|76,57|7,12|37,32|17,0|59,79|79,14|45,76|75,45/59,57=59,75,45,76,57
49,12|25,93|73,36|83,6|74,25|42,45|15,42|56,3|51,73|51,1|1,83|39,56|6,97|36,49|3,29|93,41|51,74|51,13|13,15|51,39/51,12=51,73,36,49,12
89,45|15,46|77,2|49,15|2,69|72,11|64,72|75,0|77,93|77,64|27,49|43,89|39,76|93,39|69,75|77,43|76,80|11,9|77,27|45,84/77,84=77,43,89,45,84
99,41|41,56|82,78|19,77|99,0|56,4|25,58|73,33|51,73|99,19|99,51|58,65|33,61|4,49|99,72|23,46|77,23|78,54|72,25|0,82/99,65=99,72,25,58,65
92,26|88,81|92,88|10,86|92,25|38,13|16,14|36,12|54,16|26,27|86,36|21,98|92,10|92,54|27,51|25,38|51,97|13,29|14,59|81,21/92,29=92,25,38,13,29
20,47|81,77|32,5|77,36|37,97|82,21|22,82|89,15|37,81|58,89|36,7|13,20|37,23|37,64|64,17|17,32|97,58|37,22|21,84|23,13/37,7=37,81,77,36,7
92,26|88,81|92,88|10,86|92,25|38,36|16,13|14,59|54,16|26,27|86,14|21,98|92,10|92,54|27,51|25,38|51,97|36,12|13,29|81,21/92,29=92,54,16,13,29
12,96|5,9|89,16|16,58|72,75|99,93|6,99|31,42|31,62|62,46|31,38|31,56|96,64|56,89|9,19|42,12|93,52|38,5|31,6|46,72/31,58=31,56,89,16,58
0,67|74,6|84,47|17,76|47,58|76,0|90,57|3,46|57,80|3,17|3,10|46,84|10,63|73,45|3,90|34,33|80,65|63,34|45,74|3,73/3,67=3,17,76,0,67
33,7|92,77|77,33|24,53|2,41|92,9|37,2|7,78|92,20|9,24|20,26|92,1|92,37|60,64|1,70|41,90|26,60|97,65|53,93|70,97/92,90=92,37,2,41,90
17,8|8,56|93,28|28,82|88,41|53,81|41,68|32,45|69,85|68,99|45,53|48,69|30,88|19,93|30,23|30,34|30,32|34,48|30,19|23,17/30,99=30,88,41,68,99
27,98|80,13|13,74|54,80|56,71|37,54|51,3|30,44|44,33|11,27|37,68|37,2|2,28|37,49|98,18|3,9|49,51|68,30|37,11|28,56/37,71=37,2,28,56,71
41,48|29,66|59,19|64,27|27,59|60,98|64,91|4,80|49,84|19,3|64,60|22,49|66,4|48,43|98,68|64,29|64,22|68,34|84,17|91,41/64,3=64,27,59,19,3
1,43|34,33|1,8|43,78|78,9|1,49|14,11|66,28|1,66|1,64|60,81|49,3|28,14|9,98|94,34|31,37|8,60|81,58|64,94|3,31/1,58=1,8,60,81,58
10,28|26,14|86,26|91,25|14,0|68,86|68,42|34,6|68,34|6,5|55,10|36,58|42,91|28,38|25,69|5,30|68,3|58,90|3,36|68,55/68,30=68,34,6,5,30
58,48|38,79|9,13|9,16|13,86|32,45|9,66|26,62|66,70|80,37|16,58|69,30|99,29|86,26|48,3|9,32|9,69|30,38|70,99|45,80/9,62=9,13,86,26,62
16,23|66,81|96,66|85,42|7,98|93,7|9,21|10,90|23,96|77,14|15,1|72,38|1,10|16,9|16,5|16,15|5,93|38,85|16,72|21,77/16,42=16,72,38,85,42
98,29|20,92|29,28|69,55|97,64|57,94|97,41|65,32|33,78|64,77|77,33|97,65|11,57|97,24|97,46|55,36|32,20|46,98|24,69|41,11/97,78=97,64,77,33,78
31,29|36,55|44,21|67,36|21,60|98,0|12,13|44,24|60,22|44,75|0,87|55,78|75,38|22,23|48,98|29,65|24,31|44,48|44,67|38,12/44,78=44,67,36,55,78
81,53|14,18|60,42|7,5|1,7|84,1|26,51|20,74|10,59|48,14|48,81|48,69|74,29|72,20|18,60|53,26|22,10|48,84|48,72|69,22/48,59=48,69,22,10,59
86,28|50,65|50,41|16,20|63,38|18,51|38,71|50,89|65,86|41,77|50,69|12,16|69,12|51,72|44,63|50,44|77,66|89,18|28,17|66,35/50,17=50,65,86,28,17
89,38|61,90|25,17|52,49|10,25|90,52|49,87|20,10|92,58|93,39|83,93|39,31|61,83|61,55|6,89|55,92|76,6|61,76|61,20|58,60/61,87=61,90,52,49,87
3,91|25,98|85,79|71,57|61,20|91,1|57,81|71,92|98,36|22,55|81,85|94,3|71,94|64,61|36,31|92,22|20,2|55,74|71,64|71,25/71,1=71,94,3,91,1
58,31|22,68|87,5|8,22|15,84|46,15|46,8|49,47|46,83|68,96|83,40|40,98|41,70|84,26|31,49|26,3|98,53|70,87|46,58|46,41/46,5=46,41,70,87,5
7,27|56,87|7,44|44,39|7,11|39,74|82,8|11,73|8,32|32,20|7,82|27,36|2,92|90,26|18,79|26,2|74,40|73,56|7,90|36,18/7,79=7,27,36,18,79
25,49|25,59|97,56|28,90|18,97|61,86|74,50|86,39|6,74|88,22|49,28|85,61|25,2|27,18|59,6|22,83|25,27|90,40|25,85|2,88/25,56=25,27,18,97,56
12,33|31,56|91,63|95,97|33,10|45,89|47,42|60,72|48,15|42,45|5,2|31,95|56,5|2,13|81,12|31,48|97,60|31,47|15,91|31,81/31,63=31,48,15,91,63
5,33|39,4|5,25|34,65|67,56|33,96|5,67|27,85|4,23|54,28|93,68|96,93|56,27|5,75|23,83|5,39|41,34|25,92|92,54|75,41/5,65=5,75,41,34,65
89,72|87,99|15,12|69,54|71,84|93,87|97,80|89,28|48,69|80,51|82,71|89,78|28,82|89,5|30,48|12,96|89,30|78,97|5,93|72,15/89,54=89,30,48,69,54
17,29|17,57|29,77|55,4|17,71|93,89|17,68|89,6|68,93|77,81|31,42|66,55|57,40|81,87|13,91|83,15|71,66|40,31|17,83|15,13/17,4=17,71,66,55,4
21,1|39,51|97,0|67,48|82,3|1,91|73,10|11,39|0,11|97,15|56,82|22,56|15,75|97,21|75,73|97,18|91,26|97,22|87,67|18,87/97,10=97,15,75,73,10
57,74|56,30|30,63|38,35|81,77|49,81|3,57|56,8|17,3|63,84|77,31|56,85|85,39|92,0|47,92|84,53|56,17|56,49|8,47|39,38/56,0=56,8,47,92,0
58,17|46,11|75,37|85,21|17,29|89,54|75,70|75,49|75,89|75,46|21,31|12,19|49,48|26,79|48,12|36,91|11,36|37,58|54,26|70,85/75,19=75,49,48,12,19
26,49|74,52|16,67|52,40|27,85|62,77|96,16|76,96|40,7|7,9|77,32|74,2|3,27|85,33|79,65|74,76|74,79|65,26|74,3|2,62/74,67=74,76,96,16,67
43,9|66,40|11,74|11,95|11,17|74,35|17,50|28,84|88,28|11,52|11,66|95,31|50,43|22,67|52,88|35,80|40,22|81,56|80,73|31,81/11,73=11,74,35,80,73
89,72|87,99|15,69|71,84|12,96|93,87|97,80|89,28|48,71|80,51|82,12|89,78|28,82|89,5|30,48|69,54|89,30|78,97|5,93|72,15/89,54=89,72,15,69,54
57,87|87,77|52,30|1,23|71,1|71,52|67,11|30,32|71,48|63,35|91,63|71,17|72,9|48,57|23,72|35,44|17,78|71,91|32,76|78,67/71,11=71,17,78,67,11
69,22|82,8|5,75|71,94|47,64|75,76|38,1|4,39|49,47|94,69|12,38|71,33|22,16|33,12|39,82|71,4|43,49|71,43|80,5|71,80/71,1=71,33,12,38,1
60,72|68,19|81,24|34,74|71,8|66,59|78,66|60,35|60,90|47,76|60,68|23,47|74,40|60,7|90,23|7,78|35,87|87,81|72,34|19,71/60,24=60,35,87,81,24
86,7|90,55|5,50|47,35|47,37|39,80|6,65|0,67|7,89|47,86|27,5|66,31|89,26|47,0|47,90|31,17|67,6|37,27|35,66|55,39/47,80=47,90,55,39,80
2,48|67,32|61,18|10,92|37,50|35,1|56,53|79,35|48,39|67,10|77,13|53,33|67,56|32,79|18,37|67,34|92,77|67,61|33,27|34,2/67,50=67,61,18,37,50
1,36|95,39|25,1|71,42|21,64|64,27|22,46|14,25|8,22|59,70|14,21|55,8|70,71|88,95|14,55|27,45|14,88|36,96|14,59|39,60/14,42=14,59,70,71,42
19,37|67,42|71,76|37,63|96,51|69,99|63,48|99,1|94,22|19,69|83,58|22,71|1,11|20,10|19,96|48,2|58,20|51,67|19,83|19,94/19,11=19,69,99,1,11
0,67|12,35|46,74|4,51|83,45|0,83|78,64|27,88|35,4|0,12|97,78|0,58|41,21|81,27|67,81|45,41|58,97|76,80|0,76|80,46/0,74=0,76,80,46,74
47,9|12,66|43,37|24,39|66,43|51,6|24,16|22,70|24,12|24,57|24,22|39,47|57,88|23,51|70,2|2,74|16,23|46,19|9,63|88,46/24,37=24,12,66,43,37
75,28|84,53|19,87|33,41|26,20|4,92|43,89|84,23|20,4|28,13|84,43|23,75|84,9|9,19|89,94|87,5|84,26|94,2|1,33|53,1/84,41=84,53,1,33,41
82,99|23,87|23,82|78,47|23,61|45,78|11,98|86,9|72,6|98,26|14,24|99,86|5,36|23,89|3,14|87,11|6,5|23,72|61,3|89,45/23,24=23,61,3,14,24
7,95|97,84|98,56|10,40|92,86|1,7|27,10|75,97|40,83|75,27|95,5|75,92|93,9|58,93|86,28|28,44|75,58|75,1|84,98|9,4/75,4=75,58,93,9,4
97,18|5,71|93,26|42,7|22,23|13,5|18,91|26,16|7,24|15,30|76,22|15,1|56,42|30,76|15,93|4,13|16,84|15,56|15,4|1,97/15,24=15,56,42,7,24
28,42|46,28|84,88|79,6|6,61|89,36|9,32|46,18|42,38|46,89|61,60|38,95|46,79|36,7|15,9|46,4|88,47|7,96|18,15|4,84/46,47=46,4,84,88,47
87,75|64,19|87,41|21,27|27,37|97,7|87,31|83,94|59,78|6,68|75,1|7,59|31,83|87,97|94,96|68,52|87,93|1,64|93,21|41,6/87,96=87,31,83,94,96
9,18|87,22|87,50|82,30|52,70|50,44|87,84|87,15|15,3|18,53|5,11|89,78|84,90|90,1|44,5|30,89|87,82|3,52|22,9|1,93/87,11=87,50,44,5,11
7,42|22,37|14,87|32,21|87,22|97,16|48,47|97,72|42,69|47,9|72,8|31,85|13,91|97,32|16,48|97,14|62,7|97,62|21,31|8,13/97,37=97,14,87,22,37
27,63|57,7|90,23|57,85|23,0|93,99|35,6|52,2|57,69|92,35|57,15|69,90|67,74|74,52|15,92|14,27|57,67|83,93|7,83|85,14/57,2=57,67,74,52,2
62,16|12,84|49,71|5,69|92,51|12,77|53,43|12,82|71,72|72,22|26,92|77,62|69,50|76,53|12,49|16,94|84,5|43,70|82,26|12,76/12,22=12,49,71,72,22
77,75|77,56|97,84|77,19|77,6|32,9|56,86|46,51|19,52|37,58|51,23|77,18|75,62|6,46|52,37|86,97|62,45|9,11|18,32|45,67/77,58=77,19,52,37,58
7,60|9,58|77,82|13,66|84,81|11,17|60,13|17,90|7,9|55,1|58,3|23,84|3,46|1,77|7,55|25,23|7,11|7,25|66,35|90,95/7,82=7,55,1,77,82
34,28|67,1|65,67|12,90|1,93|65,35|65,31|88,30|45,39|65,53|39,52|35,88|53,21|22,12|31,45|93,81|90,74|30,66|65,22|21,34/65,66=65,35,88,30,66
4,61|18,67|9,99|9,93|99,4|91,18|49,5|61,25|9,91|67,87|93,30|30,14|8,27|14,44|66,76|9,8|9,53|53,49|27,66|5,81/9,44=9,93,30,14,44
93,75|63,90|88,94|56,35|93,56|19,66|7,97|93,7|64,58|97,52|93,47|93,88|77,81|75,87|35,64|52,28|87,19|94,77|47,5|5,63/93,81=93,88,94,77,81
76,56|91,29|9,76|20,32|81,91|25,47|11,81|88,9|78,20|60,44|7,60|32,77|88,25|88,11|88,7|12,5|44,38|56,36|47,12|88,78/88,29=88,11,81,91,29
6,79|61,21|10,68|26,58|58,34|39,6|39,61|89,66|21,10|77,28|39,89|87,52|55,86|34,32|39,48|48,36|39,26|66,55|36,87|79,77/39,86=39,89,66,55,86
5,84|29,89|72,60|64,51|89,4|86,29|64,5|59,18|60,59|51,3|55,80|80,50|64,86|3,45|64,72|76,71|64,63|45,21|63,55|84,76/64,18=64,72,60,59,18
42,53|82,18|80,98|53,9|42,80|9,1|51,27|1,76|89,26|57,58|18,10|7,8|10,74|97,88|98,51|88,7|26,57|42,89|42,82|42,97/42,76=42,53,9,1,76
64,59|78,41|73,93|32,20|20,73|59,31|84,5|24,80|80,34|76,3|77,37|41,16|77,40|77,24|77,32|5,76|40,64|37,78|34,85|77,84/77,85=77,24,80,34,85
34,39|82,57|98,52|86,24|61,14|3,82|81,3|95,54|86,67|86,81|14,34|67,18|18,98|83,76|86,61|23,42|17,83|86,23|24,17|42,95/86,57=86,81,3,82,57
2,35|2,86|2,95|71,4|95,52|76,55|73,76|2,32|2,73|35,63|32,14|52,71|66,1|86,67|79,51|46,53|55,33|67,66|63,46|14,79/2,33=2,73,76,55,33
65,68|87,78|88,99|45,34|30,6|66,67|12,84|41,57|34,87|57,83|91,5|84,88|65,79|68,91|6,66|65,45|79,41|65,12|5,47|65,30/65,83=65,79,41,57,83
64,31|97,66|79,82|5,89|82,85|64,50|47,40|31,86|50,97|64,79|86,47|3,95|35,43|66,88|64,46|85,24|46,23|89,3|64,5|23,35/64,24=64,79,82,85,24
23,97|33,47|51,30|98,23|73,41|54,98|36,80|84,82|84,54|84,51|12,31|47,20|84,73|84,11|11,92|92,90|30,36|90,68|41,12|82,33/84,80=84,51,30,36,80
48,22|15,81|31,12|48,6|47,44|87,58|12,83|25,17|34,73|6,25|14,7|66,31|48,66|22,87|44,14|17,9|48,34|73,15|58,53|48,47/48,83=48,66,31,12,83
50,89|87,72|13,48|83,74|98,83|33,15|92,8|98,50|72,44|42,87|79,4|98,42|4,6|89,13|74,92|98,33|98,61|15,20|20,75|61,79/98,6=98,61,79,4,6
47,7|12,44|3,92|80,62|85,58|68,90|68,47|92,70|44,85|23,11|68,53|90,3|68,12|11,74|53,23|64,81|22,37|37,64|7,80|68,22/68,74=68,53,23,11,74
90,87|54,79|87,81|17,56|21,54|80,76|78,40|56,94|96,90|7,22|96,17|96,21|89,78|76,7|79,31|81,12|96,80|96,37|37,89|94,60/96,12=96,90,87,81,12
18,59|30,8|63,92|38,18|15,39|38,63|59,15|77,31|8,23|38,57|81,30|38,81|92,0|57,77|35,27|9,65|31,78|38,35|0,43|27,9/38,43=38,63,92,0,43
43,27|47,97|43,39|56,13|13,73|42,61|17,71|61,93|27,57|16,88|82,47|43,42|71,78|43,40|43,56|39,17|40,82|73,87|57,16|93,22/43,87=43,56,13,73,87
51,77|51,59|5,75|92,82|4,17|94,1|1,79|73,24|51,88|12,4|59,19|77,5|18,41|51,12|75,43|51,73|17,78|88,94|24,18|19,92/51,43=51,77,5,75,43
87,13|3,25|99,19|20,7|34,37|25,65|50,20|53,86|86,27|53,87|53,3|24,50|5,32|13,5|65,11|27,99|53,34|37,9|9,77|53,24/53,77=53,34,37,9,77
12,9|5,16|89,96|96,64|72,75|99,93|6,99|31,42|31,62|62,46|31,38|31,56|9,19|56,89|16,58|42,12|93,52|38,5|31,6|46,72/31,58=31,38,5,16,58
28,29|73,2|55,61|28,69|30,13|12,60|52,75|69,73|51,26|78,93|60,51|97,18|28,12|75,78|28,52|29,76|76,55|18,30|2,88|28,97/28,88=28,69,73,2,88
97,81|81,17|97,15|5,50|38,19|6,52|68,5|97,22|22,61|19,13|97,68|17,55|50,83|61,86|55,84|25,38|97,25|52,85|86,20|15,6/97,84=97,81,17,55,84
99,64|64,29|61,99|59,79|21,75|13,76|16,71|61,18|91,21|85,91|71,27|27,65|18,20|29,86|61,16|61,13|20,59|61,85|76,7|7,11/61,79=61,18,20,59,79
59,30|29,19|86,29|35,81|11,82|65,31|87,72|31,22|82,40|86,95|20,50|1,35|19,59|40,52|86,87|72,20|86,91|95,1|86,11|91,65/86,30=86,29,19,59,30
30,10|38,11|98,22|59,18|86,38|25,32|46,31|22,59|23,72|30,23|68,25|0,68|72,49|31,27|30,98|30,0|49,50|10,46|39,86|30,39/30,50=30,23,72,49,50
4,97|52,21|60,99|47,60|69,89|47,69|47,43|54,78|99,11|68,71|70,83|43,54|47,4|11,19|97,70|78,58|89,45|71,52|45,75|47,68/47,75=47,69,89,45,75
38,7|59,37|32,99|5,76|59,91|7,12|99,93|14,17|91,38|59,75|11,5|59,11|67,62|76,57|37,32|17,0|59,79|79,14|45,67|75,45/59,57=59,11,5,76,57
95,74|54,88|90,71|69,16|54,68|96,38|91,90|88,70|54,95|68,91|70,33|74,12|77,1|54,18|33,41|18,60|1,96|54,77|12,24|60,69/54,24=54,95,74,12,24
6,79|61,21|87,52|26,58|58,34|39,6|39,61|89,66|21,87|77,28|39,89|55,86|10,68|34,32|39,48|48,36|39,26|66,10|36,55|79,77/39,86=39,48,36,55,86
8,73|93,46|11,88|65,29|40,4|55,12|26,94|73,13|53,22|23,31|46,48|53,8|88,65|53,23|12,26|53,55|53,11|13,47|31,40|22,93/53,4=53,23,31,40,4
12,18|92,27|32,16|1,85|53,78|88,69|32,92|36,81|32,1|16,88|32,12|32,28|69,59|18,22|85,36|28,53|58,90|27,58|22,66|78,33/32,33=32,28,53,78,33
10,7|75,24|10,39|96,56|10,89|7,41|0,69|13,58|56,75|84,47|47,29|41,13|73,50|62,73|10,96|10,1|25,0|39,84|1,62|89,25/10,50=10,1,62,73,50
87,41|28,71|41,36|87,1|1,89|87,77|89,25|44,30|87,44|77,54|30,68|25,29|54,62|62,60|68,57|71,55|13,28|27,84|36,27|87,13/87,29=87,1,89,25,29
16,15|71,13|41,74|82,55|70,84|86,98|74,86|54,30|41,25|34,40|55,70|98,1|15,56|41,71|41,46|46,22|25,16|13,54|22,34|41,82/41,56=41,25,16,15,56
45,64|87,39|17,36|17,34|57,18|17,16|36,98|97,57|34,48|17,86|86,44|0,31|69,12|18,24|17,97|16,0|31,14|48,87|44,45|98,69/17,12=17,36,98,69,12
33,51|87,47|14,46|38,35|1,43|35,33|14,67|47,89|23,49|67,81|14,5|5,87|14,38|0,50|14,1|55,80|43,55|46,12|12,23|81,0/14,50=14,67,81,0,50
16,34|34,48|16,14|46,81|57,36|19,10|93,11|16,7|14,70|16,15|81,97|70,19|7,46|48,57|90,27|15,0|27,99|16,45|45,90|0,93/16,97=16,7,46,81,97
56,16|41,55|72,88|4,41|88,6|56,72|6,7|62,0|56,62|45,2|3,45|64,9|56,22|0,64|22,4|56,63|16,3|63,70|95,8|70,95/56,55=56,22,4,41,55
61,70|11,65|61,94|61,25|63,96|61,63|45,99|92,34|61,45|26,11|94,17|58,13|56,19|70,92|47,80|25,26|96,58|99,47|17,56|34,29/61,65=61,25,26,11,65
58,92|3,55|58,3|46,77|6,40|92,46|1,73|58,0|75,26|74,35|99,75|76,83|35,6|58,66|5,1|58,74|0,99|66,5|77,86|55,76/58,40=58,74,35,6,40
39,80|47,95|47,61|29,39|68,35|45,9|75,44|99,1|63,68|80,92|95,75|47,29|47,45|31,24|54,31|47,63|35,25|44,26|61,54|9,99/47,24=47,61,54,31,24
98,61|17,70|17,46|61,44|68,81|73,75|6,98|2,64|78,40|75,78|28,11|0,2|17,6|47,8|81,94|46,68|70,0|17,73|17,28|11,47/17,94=17,46,68,81,94
13,96|10,56|91,13|66,45|99,77|20,88|66,34|66,99|53,7|66,41|77,18|41,53|26,91|66,26|18,90|84,20|7,61|45,38|38,10|34,84/66,90=66,99,77,18,90
70,9|9,33|25,12|3,72|2,29|73,13|95,89|52,64|72,52|70,73|38,86|70,3|12,60|86,2|31,25|23,0|70,38|33,95|13,23|70,31/70,0=70,73,13,23,0
96,42|77,82|82,16|29,20|16,2|0,85|48,0|77,96|77,48|34,71|2,45|86,29|42,89|85,92|77,60|77,86|20,39|71,23|89,81|60,34/77,45=77,82,16,2,45
39,51|22,18|7,5|52,94|94,25|53,50|52,8|51,93|67,73|52,39|52,7|5,53|14,64|72,78|8,22|18,31|73,14|25,72|93,96|52,67/52,31=52,8,22,18,31
58,63|51,11|21,51|17,68|17,46|67,5|75,76|28,70|68,31|54,92|63,28|24,87|86,75|31,24|17,67|1,21|46,86|17,58|17,1|5,54/17,11=17,1,21,51,11
12,73|73,34|34,69|65,95|72,96|12,47|87,65|12,9|41,72|69,70|12,98|98,41|94,11|47,87|46,66|11,40|36,46|66,44|12,36|9,94/12,95=12,47,87,65,95
64,27|25,0|20,76|4,91|98,32|26,79|0,13|32,26|25,98|13,48|48,54|25,4|76,95|70,90|94,20|27,70|25,64|82,10|91,82|25,94/25,95=25,94,20,76,95
55,54|67,53|21,56|88,55|71,67|63,80|54,18|82,70|53,17|21,15|80,92|21,82|21,88|47,73|10,48|21,71|56,63|15,10|48,25|70,47/21,73=21,82,70,47,73
0,83|53,44|83,74|74,62|31,53|85,84|77,7|85,0|46,97|84,9|63,46|85,13|85,5|59,77|44,8|85,31|9,66|13,59|5,63|66,89/85,8=85,31,53,44,8
92,43|52,93|81,11|88,52|43,57|37,18|76,39|88,64|56,83|18,56|70,40|11,72|88,37|64,81|39,70|88,92|9,86|88,76|93,9|57,0/88,86=88,52,93,9,86
1,45|38,86|38,37|49,25|38,12|48,83|38,20|27,10|93,5|10,1|38,27|66,49|86,66|84,93|20,16|12,84|16,48|90,92|92,80|37,90/38,80=38,37,90,92,80
40,63|10,45|38,20|49,56|49,18|56,83|49,78|83,9|78,39|45,17|20,43|49,95|49,47|47,38|28,40|95,28|18,10|39,94|94,46|9,15/49,17=49,18,10,45,17
30,50|6,18|25,29|6,16|52,72|95,45|81,99|18,30|6,81|50,63|99,12|49,25|6,76|72,85|16,49|45,3|76,52|6,92|12,68|92,95/6,63=6,18,30,50,63
25,85|19,29|0,25|58,24|38,64|37,26|0,58|0,88|83,1|24,38|85,37|94,27|86,19|16,83|88,86|12,89|0,97|0,12|89,94|97,16/0,26=0,25,85,37,26
90,40|90,21|16,44|98,10|97,9|87,97|38,20|58,88|90,58|86,57|90,38|26,30|57,22|88,98|21,0|0,26|20,16|40,86|7,87|90,7/90,30=90,21,0,26,30
46,64|34,45|47,99|72,37|34,72|34,58|66,47|28,69|49,28|29,98|4,61|21,25|34,46|67,9|64,4|34,29|37,21|58,66|98,67|45,49/34,99=34,58,66,47,99
77,20|80,77|67,45|26,44|61,26|61,91|61,12|45,73|12,67|34,35|56,63|49,56|62,80|61,62|83,54|27,65|91,49|35,83|61,34|44,27/61,65=61,26,44,27,65
33,47|7,48|15,3|96,55|15,92|47,44|36,5|70,76|55,35|15,59|15,89|93,96|15,93|24,36|89,17|59,33|92,97|97,70|17,7|3,24/15,48=15,89,17,7,48
81,34|92,77|83,33|99,50|74,99|38,74|53,32|38,0|38,81|79,25|34,19|25,36|19,60|32,92|38,53|33,67|38,83|0,79|50,61|67,55/38,60=38,81,34,19,60
3,14|3,31|3,27|81,65|65,54|51,35|22,89|35,1|77,90|8,40|41,99|61,30|3,41|31,81|3,8|67,61|40,22|27,51|99,77|14,67/3,1=3,27,51,35,1
76,31|30,24|61,86|52,66|86,69|69,33|61,13|9,93|8,17|93,8|61,23|85,30|55,85|31,45|13,90|33,35|90,52|23,76|61,55|61,9/61,17=61,9,93,8,17
15,34|1,58|81,29|43,84|58,15|96,49|61,50|53,45|96,21|96,1|21,75|75,53|96,66|96,43|66,70|70,12|84,61|12,69|29,27|49,81/96,27=96,49,81,29,27
47,33|28,67|32,16|87,13|16,51|46,32|77,19|3,89|11,87|23,94|67,23|85,53|89,77|47,28|47,11|13,41|47,3|68,85|33,68|47,46/47,19=47,3,89,77,19
21,19|53,56|88,49|88,8|82,67|49,78|47,97|88,47|8,21|15,55|88,59|78,53|67,44|18,15|59,82|97,16|55,4|16,46|19,39|88,18/88,56=88,49,78,53,56
87,13|3,25|99,19|65,11|34,37|25,9|50,65|53,86|86,27|53,87|53,3|24,50|5,32|13,5|9,77|27,99|53,34|37,20|20,7|53,24/53,77=53,3,25,9,77
80,85|41,75|14,80|14,77|4,28|71,97|75,72|49,31|14,0|28,35|43,49|14,60|14,4|81,70|77,43|51,81|85,71|0,51|60,41|35,89/14,31=14,77,43,49,31
96,21|91,9|91,96|91,59|72,16|91,72|76,42|16,86|59,33|21,82|9,46|99,3|33,85|55,89|82,95|86,31|3,76|46,55|91,99|85,13/91,95=91,96,21,82,95
24,47|6,33|81,20|6,40|96,18|88,71|20,96|22,1|28,12|71,15|6,73|6,41|12,59|73,28|6,81|47,93|7,22|33,7|40,88|41,24/6,59=6,73,28,12,59
9,77|5,56|77,20|27,81|57,31|20,27|9,87|87,23|23,65|18,47|65,34|9,57|47,16|31,39|9,18|9,15|82,5|39,88|16,53|15,82/9,81=9,77,20,27,81
56,19|90,20|6,67|81,94|24,86|41,36|67,29|56,97|56,34|38,24|10,41|97,18|18,90|56,33|34,6|58,81|33,38|2,10|56,2|19,58/56,20=56,97,18,90,20
87,80|21,84|13,87|41,89|65,76|84,64|89,45|6,51|82,30|65,6|65,4|53,41|76,13|65,53|64,15|58,82|60,11|4,58|65,21|51,60/65,15=65,21,84,64,15
92,90|18,73|29,19|36,99|87,81|82,20|75,48|20,44|73,87|19,92|15,75|70,69|99,70|44,1|18,29|18,82|18,53|53,15|18,36|81,83/18,48=18,53,15,75,48
67,28|62,75|62,48|46,61|62,49|18,9|62,43|58,8|28,98|7,65|9,3|62,46|19,14|65,47|8,88|43,58|48,67|75,18|49,7|61,19/62,3=62,75,18,9,3
1,34|48,69|16,36|27,8|9,48|5,21|51,63|71,70|36,45|8,16|27,81|63,29|73,9|27,51|27,5|4,71|27,73|81,4|29,41|21,1/27,70=27,81,4,71,70
92,2|75,69|56,34|54,84|39,92|41,74|22,87|88,72|69,54|34,57|13,39|37,75|37,25|37,13|80,88|37,22|37,86|25,80|86,56|87,41/37,74=37,22,87,41,74
11,28|93,77|50,34|86,87|56,86|50,59|50,17|17,93|15,3|50,61|59,56|30,15|28,22|98,74|74,38|50,30|3,53|77,2|34,11|61,98/50,53=50,30,15,3,53
3,36|58,28|90,94|3,35|36,45|28,38|41,68|35,56|45,30|30,31|68,70|70,13|18,58|3,82|56,90|40,74|3,18|3,41|82,40|74,79/3,31=3,36,45,30,31
63,99|64,44|44,63|79,37|64,42|64,59|6,86|36,6|91,67|59,55|64,91|55,16|64,3|67,79|3,94|56,22|42,36|94,56|16,78|99,11/64,78=64,59,55,16,78
12,51|19,95|33,38|28,33|11,41|11,83|34,28|16,36|22,23|73,22|45,59|95,21|36,12|41,19|23,31|11,34|59,49|11,16|11,73|83,45/11,49=11,83,45,59,49
5,77|20,63|77,0|63,89|39,5|39,58|71,50|6,95|88,48|95,71|48,93|39,6|0,92|60,85|39,70|39,60|58,88|85,32|32,31|70,20/39,93=39,58,88,48,93
93,74|74,51|63,83|53,88|26,95|95,16|35,92|63,26|83,55|7,66|51,24|10,87|16,60|63,7|50,44|87,50|55,35|66,53|63,93|63,10/63,44=63,10,87,50,44
92,24|91,92|83,85|28,87|63,70|40,21|83,18|67,39|18,45|24,30|83,11|11,36|83,91|45,63|36,14|21,28|81,67|85,81|14,61|83,40/83,87=83,40,21,28,87
16,63|4,71|83,57|8,24|63,22|83,8|57,58|33,32|85,4|83,85|71,15|5,0|93,11|58,66|66,35|87,16|83,87|24,33|0,93|83,5/83,22=83,87,16,63,22
64,87|63,66|32,67|25,82|36,32|6,25|65,74|63,5|96,6|66,39|87,31|63,18|52,23|63,96|18,64|67,83|23,78|39,65|63,36|5,52/63,78=63,5,52,23,78
63,28|52,98|11,53|53,40|22,2|74,52|73,59|50,5|11,10|24,60|10,74|2,73|11,22|60,25|11,63|89,14|28,50|11,92|92,24|40,89/11,98=11,10,74,52,98
97,81|81,17|97,15|5,50|38,55|6,19|68,5|97,22|22,61|55,84|97,68|17,52|50,83|61,86|52,85|25,38|97,25|19,13|86,20|15,6/97,84=97,25,38,55,84
81,96|66,34|95,22|66,36|66,12|6,15|32,6|28,32|12,64|96,52|87,92|93,84|34,81|8,93|48,95|66,28|22,43|66,48|64,87|36,8/66,92=66,12,64,87,92
5,4|58,56|39,85|8,54|24,5|39,0|64,10|10,33|39,29|54,52|13,25|29,64|21,8|0,13|39,21|56,81|85,24|39,58|81,90|25,49/39,90=39,58,56,81,90
27,82|27,19|48,30|27,49|16,48|56,24|19,15|70,4|25,56|65,3|81,92|15,65|49,25|27,16|82,0|68,70|30,73|0,81|27,26|26,68/27,73=27,16,48,30,73
1,37|11,20|90,43|14,11|18,90|32,56|47,28|57,79|20,39|93,32|14,97|14,24|14,15|97,1|15,93|14,57|39,53|79,47|24,18|37,16/14,28=14,57,79,47,28
4,51|5,42|89,34|62,90|70,84|22,82|5,58|42,62|52,70|96,69|51,22|18,89|5,4|90,17|5,52|84,54|85,96|5,61|58,18|61,85/5,54=5,52,70,84,54
33,35|89,16|39,56|47,63|16,23|58,43|35,94|47,3|47,58|43,30|97,33|54,19|56,13|30,40|3,39|25,89|47,25|47,97|76,54|63,76/47,94=47,97,33,35,94
17,43|54,57|34,30|57,17|9,74|61,46|54,50|50,77|26,87|46,48|77,88|74,26|64,34|53,61|54,45|54,53|54,9|45,64|43,44|88,86/54,48=54,53,61,46,48
57,12|16,33|67,60|13,57|60,2|16,90|63,89|8,97|89,52|88,29|16,67|2,50|97,82|16,65|45,88|16,31|31,8|33,13|65,63|90,45/16,29=16,90,45,88,29
73,77|8,20|90,16|27,28|93,60|60,51|94,65|24,80|22,55|55,8|28,17|80,93|58,90|40,27|24,40|24,94|71,58|24,22|24,71|65,73/24,17=24,40,27,28,17
18,59|30,8|63,92|38,18|0,43|38,63|59,0|77,15|8,23|38,57|81,30|38,81|92,31|57,77|35,27|9,65|15,39|38,35|31,78|27,9/38,43=38,18,59,0,43
37,47|6,98|76,17|50,27|83,65|45,83|72,50|27,63|26,60|45,26|65,76|45,72|64,21|94,13|45,37|45,24|60,64|13,93|24,94|47,6/45,98=45,37,47,6,98
17,74|54,25|16,94|28,17|74,57|67,85|9,81|32,55|95,14|26,77|26,28|1,67|81,32|26,16|26,9|14,50|68,95|26,68|77,1|94,54/26,57=26,28,17,74,57
79,81|30,6|72,51|72,43|90,3|6,53|98,94|88,90|44,39|69,84|27,98|72,69|72,50|72,48|51,30|43,27|50,12|12,44|84,79|48,88/72,53=72,51,30,6,53
66,54|97,96|45,10|34,28|90,7|54,19|6,90|45,66|10,23|19,16|23,72|45,34|81,12|28,97|67,40|7,77|40,81|45,6|45,67|72,82/45,77=45,6,90,7,77
86,28|30,64|72,50|28,45|30,84|18,97|30,48|30,14|14,93|9,3|75,69|50,25|84,98|30,75|98,18|48,72|64,86|69,79|93,9|79,20/30,3=30,14,93,9,3
10,63|85,98|5,49|2,85|43,72|62,16|64,66|94,82|30,94|92,18|63,64|5,10|16,69|5,87|72,92|87,62|5,43|49,30|5,54|54,2/5,98=5,54,2,85,98
85,59|66,38|10,9|85,11|15,83|33,54|83,17|85,55|38,45|85,18|55,5|18,92|70,60|11,3|3,33|17,0|59,66|5,70|85,15|92,10/85,54=85,11,3,33,54
71,95|16,38|29,79|76,4|75,36|6,71|4,92|79,76|29,6|29,8|29,21|91,22|21,53|29,91|8,19|22,75|19,16|95,7|53,37|37,69/29,38=29,8,19,16,38
31,5|46,91|30,44|23,52|44,40|78,26|18,8|78,31|78,22|78,30|89,0|78,69|5,18|22,23|24,89|91,17|52,60|26,24|40,72|69,46/78,72=78,30,44,40,72
46,92|69,8|46,13|46,81|28,80|45,69|81,7|68,62|39,68|20,45|46,20|27,91|60,1|1,28|46,60|11,10|92,19|7,27|13,39|19,11/46,91=46,81,7,27,91
67,0|23,25|79,89|40,72|66,6|24,74|79,69|46,14|89,12|81,49|82,75|69,57|79,67|57,23|72,82|6,24|79,40|79,66|0,46|12,81/79,74=79,66,6,24,74
81,9|33,92|74,54|66,24|79,4|24,50|79,86|79,93|46,23|92,98|50,53|79,66|86,81|9,76|4,33|93,78|65,74|54,85|78,46|79,65/79,23=79,93,78,46,23
83,95|80,25|41,15|57,71|15,57|46,92|46,79|14,27|46,63|92,14|46,41|63,37|46,60|27,82|95,74|98,42|60,83|79,56|37,98|56,80/46,82=46,92,14,27,82
69,22|82,8|5,38|71,94|75,76|38,1|47,64|4,39|49,75|94,69|12,47|71,33|22,16|33,12|39,82|71,4|43,49|71,43|80,5|71,80/71,1=71,80,5,38,1
68,90|65,97|55,33|23,96|65,62|37,0|34,85|20,55|85,37|65,68|93,39|62,91|90,16|97,23|65,34|16,49|33,94|91,93|96,67|65,20/65,49=65,68,90,16,49
26,21|26,15|10,40|45,66|15,45|86,43|3,65|21,93|65,94|93,73|26,3|26,86|66,77|26,78|43,55|40,61|78,10|94,19|73,28|55,87/26,28=26,21,93,73,28
16,34|34,48|16,14|46,93|81,97|19,10|57,36|16,7|14,70|16,15|93,11|70,19|7,46|48,81|90,27|15,0|27,99|16,45|45,90|0,57/16,97=16,34,48,81,97
78,23|23,75|12,96|46,38|74,60|40,62|5,74|50,59|5,50|60,46|5,68|5,40|20,51|63,69|62,63|68,73|79,78|59,20|73,12|5,79/5,38=5,74,60,46,38
81,22|97,19|47,16|12,3|8,72|12,11|35,97|19,13|72,17|12,35|22,43|12,34|85,8|69,32|2,69|16,29|11,47|3,81|34,2|12,85/12,17=12,85,8,72,17
67,60|19,5|0,37|25,39|59,19|78,25|48,78|44,87|12,17|87,55|17,98|30,53|30,22|60,0|53,12|30,96|96,59|30,67|22,44|30,48/30,5=30,96,59,19,5
68,69|70,23|51,14|40,6|69,38|83,70|73,99|94,37|18,94|71,73|65,51|46,71|14,90|37,47|40,83|23,15|40,18|40,46|40,65|6,68/40,15=40,83,70,23,15
29,43|20,57|82,56|44,42|49,41|44,82|5,20|41,90|1,75|51,29|75,4|44,1|57,14|56,66|65,51|66,78|44,5|4,93|44,65|42,49/44,14=44,5,20,57,14
80,67|6,71|31,34|94,22|60,97|25,60|65,80|74,31|32,11|11,13|70,74|13,45|58,1|25,65|25,32|25,70|22,6|97,58|25,94|67,75/25,45=25,32,11,13,45
99,67|84,35|47,49|19,84|19,23|2,14|49,27|19,70|27,97|80,99|70,2|3,76|35,15|19,56|50,3|56,50|15,7|23,80|19,47|14,37/19,37=19,70,2,14,37
13,60|66,13|59,29|80,7|91,52|66,91|7,50|69,80|98,10|90,21|99,81|60,98|84,72|66,69|66,99|41,26|52,84|81,59|26,90|66,41/66,72=66,91,52,84,72
37,38|21,37|54,34|62,54|91,20|12,33|1,36|33,62|97,83|66,89|64,51|5,86|36,64|89,5|83,91|12,97|60,21|12,60|12,66|12,1/12,86=12,66,89,5,86
57,46|95,91|99,71|34,5|62,73|71,34|6,42|7,99|7,63|72,62|26,6|42,87|91,67|63,95|86,57|7,79|7,26|7,72|73,61|79,86/7,87=7,26,6,42,87
98,49|98,69|31,85|55,52|49,19|81,55|33,83|92,82|69,31|98,44|4,33|98,4|19,48|48,41|6,92|74,81|85,8|44,6|98,74|83,71/98,71=98,4,33,83,71
81,39|31,34|38,0|52,96|90,12|39,27|25,52|25,92|51,15|32,95|25,32|15,55|25,51|92,53|55,50|25,81|96,31|95,38|27,40|53,90/25,12=25,92,53,90,12
42,0|46,43|67,71|80,24|2,52|67,80|82,91|20,70|68,34|67,49|79,2|15,79|43,97|24,20|67,42|49,46|71,68|0,82|67,15|34,11/67,70=67,80,24,20,70
91,98|98,43|5,22|22,81|21,5|21,38|50,11|66,90|43,52|83,86|64,35|21,50|25,83|11,66|81,73|21,91|74,87|21,64|35,74|38,25/21,73=21,5,22,81,73
49,90|10,2|33,72|33,83|22,29|2,84|85,10|16,81|4,92|83,45|96,98|72,49|29,16|33,85|33,22|33,15|92,57|15,4|45,96|90,80/33,57=33,15,4,92,57
50,84|40,19|57,77|86,14|57,91|65,68|57,26|2,86|91,38|57,42|46,10|25,50|38,46|57,13|42,2|56,40|13,25|77,89|26,56|89,65/57,84=57,13,25,50,84
77,87|84,85|5,9|83,2|29,83|7,12|50,29|61,22|5,20|51,88|5,7|20,84|91,4|12,51|22,91|85,55|87,44|9,77|5,61|5,50/5,88=5,7,12,51,88
32,63|70,33|74,18|85,99|34,32|4,85|88,97|71,4|71,25|12,42|42,96|71,52|99,45|18,70|71,74|21,88|97,37|71,21|25,12|52,34/71,96=71,25,12,42,96
81,19|15,52|66,98|98,1|96,21|37,66|86,87|81,34|81,86|14,54|81,40|63,96|81,37|34,75|40,14|75,15|87,11|19,63|54,56|11,36/81,21=81,19,63,96,21
43,76|55,1|76,93|21,59|67,54|68,67|21,7|21,13|6,26|59,68|21,38|13,18|7,43|91,55|98,96|21,91|1,16|38,39|39,98|18,6/21,93=21,7,43,76,93
98,1|54,72|29,70|34,83|61,49|79,34|1,99|49,29|66,15|54,38|97,96|67,98|27,97|72,27|54,61|50,79|54,50|54,67|38,66|15,59/54,70=54,61,49,29,70
7,16|32,94|42,32|92,58|87,90|52,96|88,35|0,5|2,42|94,14|2,92|35,87|30,52|2,30|74,85|58,74|2,88|5,7|2,0|96,51/2,90=2,88,35,87,90
93,35|56,49|52,19|49,94|40,6|22,40|80,17|17,34|18,86|93,66|93,80|66,84|93,20|20,65|93,63|35,22|63,56|34,50|65,52|84,18/93,19=93,20,65,52,19
63,77|20,7|63,57|46,41|68,88|83,12|50,27|21,20|88,92|12,14|45,21|59,46|57,50|92,96|27,76|77,83|63,55|63,45|55,59|63,68/63,96=63,68,88,92,96
32,21|52,32|39,36|61,7|86,81|21,86|99,20|13,28|20,61|31,13|28,90|52,94|52,22|10,45|52,99|73,39|52,31|94,10|22,73|45,75/52,36=52,22,73,39,36
4,21|1,79|52,77|15,46|7,32|57,74|77,57|80,60|32,80|83,84|4,22|4,7|4,99|46,26|4,52|30,1|17,83|21,15|99,17|22,30/4,84=4,99,17,83,84
7,60|9,58|84,81|13,66|90,95|11,17|60,13|17,77|7,9|55,1|58,3|23,90|3,46|1,84|7,55|25,23|7,11|7,25|66,35|77,82/7,82=7,11,17,77,82
69,55|73,25|33,69|4,90|90,30|7,2|25,63|30,13|7,4|2,52|80,51|7,38|23,80|91,33|7,91|9,73|38,23|54,34|7,9|52,54/7,13=7,4,90,30,13
30,41|59,20|30,42|37,19|58,37|41,44|34,9|20,82|89,11|19,32|44,75|30,58|75,99|54,59|42,34|30,14|30,54|9,12|14,70|70,89/30,99=30,41,44,75,99
76,28|0,73|86,32|0,90|63,10|89,69|7,63|32,24|40,19|79,5|18,46|0,79|0,39|90,18|73,86|46,9|5,40|28,89|39,7|0,76/0,19=0,79,5,40,19
90,78|88,85|8,69|65,63|96,30|16,97|2,88|63,5|86,96|29,65|97,86|16,29|16,82|16,2|16,8|43,31|69,90|85,92|31,89|82,43/16,89=16,82,43,31,89
12,75|64,26|78,52|88,78|62,19|65,14|58,12|58,40|36,96|14,36|76,74|58,64|19,0|75,76|58,65|7,73|58,79|26,7|40,88|79,62/58,74=58,12,75,76,74
67,14|25,88|95,16|22,41|95,26|12,75|95,36|26,67|79,89|0,2|95,0|70,79|88,11|89,23|95,70|16,56|36,25|56,12|14,77|2,22/95,23=95,70,79,89,23
35,97|0,8|61,62|78,86|14,61|38,11|47,1|30,47|78,30|78,14|1,44|62,27|78,31|43,38|31,0|97,58|8,57|78,43|11,98|86,35/78,27=78,14,61,62,27
42,48|4,50|4,35|61,58|88,11|15,93|93,18|83,29|29,3|35,95|62,22|11,27|95,61|50,88|4,79|48,62|4,42|79,15|4,83|3,64/4,58=4,35,95,61,58
98,29|54,72|97,96|34,83|61,49|79,34|29,70|49,97|66,15|54,38|1,99|67,98|27,1|72,27|54,61|50,79|54,50|54,67|38,66|15,59/54,70=54,67,98,29,70
77,82|11,8|93,0|81,87|14,11|45,81|87,71|65,90|77,50|77,95|33,65|66,93|82,66|50,33|77,14|95,28|77,45|8,20|28,35|35,94/77,0=77,82,66,93,0
63,26|72,69|88,23|23,2|89,3|76,60|63,25|63,72|25,88|97,51|3,76|26,7|69,82|56,80|63,21|80,37|21,56|82,32|63,89|7,97/63,51=63,26,7,97,51
8,77|5,79|97,30|59,90|34,8|64,35|79,62|28,97|86,14|35,99|62,86|5,57|5,43|5,34|57,64|90,16|43,59|77,55|0,28|5,0/5,16=5,43,59,90,16
58,43|55,8|73,55|82,16|58,79|58,73|35,0|8,92|43,24|58,51|24,82|47,21|58,84|51,81|10,47|81,97|0,1|84,35|97,65|79,10/58,65=58,51,81,97,65
21,72|41,55|51,24|41,63|4,51|19,42|41,64|41,4|6,83|9,79|64,19|42,36|83,9|34,21|99,82|55,99|24,98|63,34|82,8|41,6/41,79=41,6,83,9,79
83,78|58,51|10,58|10,75|77,63|75,33|23,38|10,49|49,73|69,72|67,18|85,48|10,77|33,67|48,23|40,70|10,85|73,40|51,83|63,69/10,38=10,85,48,23,38
46,96|82,61|82,52|87,44|29,24|34,38|47,87|44,79|77,74|82,80|24,72|82,46|82,47|50,7|52,29|15,34|96,77|7,12|80,50|61,15/82,38=82,61,15,34,38
24,8|22,54|80,3|70,2|67,77|96,91|22,96|22,70|29,24|22,29|91,32|3,27|47,67|54,47|87,80|22,87|8,76|2,21|21,71|32,92/22,71=22,70,2,21,71
8,57|2,88|69,93|8,69|42,55|48,45|91,2|10,76|26,92|88,4|44,10|55,48|8,42|8,91|57,26|93,75|51,44|75,95|92,17|8,51/8,76=8,51,44,10,76
18,77|58,15|86,54|85,3|58,86|83,38|67,83|3,63|53,67|58,53|54,24|77,20|24,71|61,10|63,33|15,61|10,97|58,18|20,13|58,85/58,38=58,53,67,83,38
24,63|19,17|62,68|96,80|74,44|44,88|94,24|71,74|68,79|65,19|36,94|3,36|17,87|80,48|3,71|3,96|3,52|3,65|48,30|52,62/3,63=3,36,94,24,63
55,40|86,10|74,66|26,14|27,82|69,86|55,27|66,63|55,75|23,34|62,11|75,74|92,62|55,69|46,26|82,23|14,64|10,25|55,46|40,92/55,63=55,75,74,66,63
41,12|10,51|68,41|7,64|32,10|66,61|47,3|12,66|59,6|3,65|68,86|68,32|76,47|51,46|77,80|6,77|68,59|93,7|86,93|68,76/68,61=68,41,12,66,61
51,81|63,34|59,39|19,8|76,75|59,63|39,97|58,19|88,51|37,24|59,26|97,52|34,76|52,93|73,37|69,73|84,58|59,84|26,88|59,69/59,8=59,84,58,19,8
4,28|9,75|17,81|67,9|15,7|75,49|67,22|67,31|49,6|69,17|91,61|90,66|37,29|67,15|67,90|31,69|35,4|22,35|7,91|66,37/67,61=67,15,7,91,61
35,56|84,87|38,35|90,23|14,66|23,73|79,6|21,79|6,5|70,98|98,32|84,9|87,58|58,14|73,30|56,44|84,90|84,21|84,38|9,70/84,5=84,21,79,6,5
95,32|17,2|40,80|65,94|19,74|70,40|70,65|72,50|47,81|80,19|70,95|92,51|32,17|70,92|36,24|51,76|94,36|76,91|70,47|81,72/70,74=70,40,80,19,74
55,96|42,95|94,49|20,54|74,20|91,32|86,97|77,56|74,94|32,86|54,75|74,91|74,42|74,17|57,68|75,90|49,57|95,77|83,55|17,83/74,68=74,94,49,57,68
31,33|66,21|94,41|42,9|14,35|54,31|28,82|33,22|28,94|28,79|82,55|21,42|28,66|3,32|28,54|55,3|41,14|79,90|90,56|56,96/28,32=28,82,55,3,32
18,77|58,15|86,54|85,3|58,86|20,13|67,20|3,63|53,67|58,53|54,83|77,24|83,38|61,10|63,33|15,61|10,97|58,18|24,71|58,85/58,38=58,86,54,83,38
54,61|15,46|20,92|42,70|88,21|6,42|61,98|46,99|91,73|91,51|93,20|5,88|51,5|91,93|91,15|91,22|99,81|92,86|22,6|73,54/91,21=91,51,5,88,21
0,93|53,8|78,83|15,4|87,57|54,61|17,22|53,0|61,43|57,81|62,74|83,98|4,17|53,87|81,41|21,78|93,62|53,21|8,54|53,15/53,74=53,0,93,62,74
21,29|62,16|20,94|12,69|20,85|20,28|94,81|84,7|20,84|91,12|14,91|81,4|93,62|7,33|20,14|85,21|4,86|33,38|28,93|29,66/20,16=20,28,93,62,16
49,0|48,9|48,66|12,58|48,39|48,54|26,90|89,3|54,12|48,47|81,49|66,81|73,14|39,82|92,73|47,92|27,89|9,27|58,5|82,26/48,3=48,9,27,89,3
55,96|42,95|94,49|20,54|74,20|91,32|77,56|57,68|74,94|32,77|54,75|74,91|74,42|74,17|86,97|75,90|49,86|95,57|83,55|17,83/74,68=74,42,95,57,68
60,35|71,79|65,20|2,31|69,14|45,71|60,2|19,58|37,12|58,65|93,69|60,28|60,19|60,45|28,37|79,43|12,49|35,93|81,17|31,81/60,17=60,2,31,81,17
43,32|47,37|89,13|18,72|35,53|77,85|57,82|34,47|18,33|44,29|72,34|32,66|18,43|29,89|22,35|18,44|33,22|82,77|66,54|18,57/18,53=18,33,22,35,53
44,13|82,66|14,68|29,91|82,74|76,32|13,94|82,44|21,56|82,62|1,14|91,89|82,29|66,7|81,76|62,1|89,63|7,21|94,53|74,81/82,63=82,29,91,89,63
51,17|17,67|64,73|24,94|26,39|70,56|25,75|73,48|80,24|80,51|94,50|80,0|67,8|80,85|0,64|75,63|56,26|80,70|85,25|50,23/80,8=80,51,17,67,8
5,66|29,57|32,44|94,29|66,41|54,12|99,5|52,60|99,94|57,33|92,52|99,54|11,32|8,27|12,8|41,80|99,63|99,31|31,11|63,92/99,44=99,31,11,32,44
4,86|2,15|2,4|81,14|58,88|55,81|1,71|62,58|22,93|38,97|15,1|14,95|2,55|56,38|88,51|86,22|2,62|71,63|97,52|2,56/2,51=2,62,58,88,51
72,57|92,10|24,98|0,56|72,34|15,99|46,32|29,33|57,84|89,91|72,29|72,61|33,24|99,46|61,25|84,92|97,89|25,0|72,15|34,97/72,56=72,61,25,0,56
50,90|17,76|63,36|51,39|63,40|70,85|58,30|36,13|40,24|13,58|14,51|57,70|63,14|39,27|90,31|85,22|63,57|63,75|75,50|24,17/63,27=63,14,51,39,27
87,78|61,10|91,53|91,88|91,32|91,63|85,64|32,58|37,39|63,83|83,61|58,37|74,29|69,87|53,69|89,74|88,85|29,43|64,7|91,89/91,43=91,89,74,29,43
89,60|17,57|16,55|96,80|26,32|44,96|13,95|1,13|16,12|21,36|52,44|55,93|30,17|36,26|16,52|16,1|95,14|93,89|12,30|16,21/16,14=16,1,13,95,14
65,54|2,65|23,29|50,79|79,90|70,42|66,83|15,36|70,88|3,23|99,66|54,13|42,50|70,2|70,9|36,61|70,99|9,3|83,92|88,15/70,90=70,42,50,79,90
1,41|66,92|66,6|25,29|84,91|99,7|66,71|6,21|21,63|71,47|57,56|47,25|92,57|87,65|63,46|91,1|65,99|66,87|66,84|56,44/66,7=66,87,65,99,7
52,73|30,57|47,72|96,38|99,2|73,7|38,69|47,30|57,95|18,6|47,71|72,99|2,64|3,52|71,18|47,40|95,36|47,3|6,10|40,96/47,10=47,71,18,6,10
34,49|86,48|59,33|64,15|86,82|21,88|9,59|86,67|47,21|11,64|53,3|88,6|82,11|86,47|48,34|1,71|67,9|49,60|86,1|71,53/86,33=86,67,9,59,33
15,3|15,51|15,23|91,94|71,67|28,10|83,85|51,64|67,1|23,71|24,50|86,72|15,58|58,91|3,16|85,28|64,24|94,81|15,83|16,86/15,10=15,83,85,28,10
16,66|94,10|60,94|60,6|74,37|96,21|60,74|30,86|10,82|82,87|60,30|35,56|86,35|60,96|21,16|5,39|89,61|6,89|37,5|61,26/60,87=60,94,10,82,87
50,58|17,76|63,36|51,90|63,40|70,85|39,27|36,13|40,24|13,39|14,51|57,70|63,14|90,31|58,30|85,22|63,57|63,75|75,50|24,17/63,27=63,36,13,39,27
54,12|4,89|15,68|85,38|68,62|63,35|42,48|42,61|42,67|89,6|12,80|62,41|42,15|48,85|38,88|42,92|92,4|61,30|67,54|30,63/42,35=42,61,30,63,35
62,38|28,2|19,11|22,75|34,0|21,77|34,33|34,28|7,86|88,78|32,62|33,22|76,23|78,21|75,84|2,7|34,19|11,76|0,32|34,88/34,38=34,0,32,62,38
22,98|80,49|89,0|98,63|89,80|94,85|63,13|52,46|61,76|0,50|89,94|89,28|50,52|85,26|33,61|28,33|29,48|49,29|26,38|89,22/89,13=89,22,98,63,13
85,67|27,88|59,43|15,72|3,47|96,6|67,32|47,89|3,63|32,95|76,59|3,17|3,81|81,96|92,15|63,76|6,25|89,27|17,92|3,85/3,95=3,85,67,32,95
33,20|78,18|58,1|42,17|83,89|17,78|42,33|42,99|1,86|20,75|75,38|18,28|42,49|42,90|49,50|90,83|50,77|99,58|77,55|89,3/42,3=42,90,83,89,3
76,41|10,61|41,51|61,70|70,87|96,63|76,10|74,88|17,57|22,67|59,33|99,94|51,99|33,74|76,17|67,96|57,93|93,35|76,59|76,22/76,63=76,22,67,96,63
10,98|47,84|9,15|0,1|98,9|86,4|46,56|56,35|8,95|4,8|84,88|82,46|34,17|34,86|34,10|1,79|17,0|62,47|34,82|34,62/34,35=34,82,46,56,35
78,4|92,53|9,78|3,30|3,68|3,42|31,38|70,1|42,92|95,80|88,21|3,79|19,31|80,88|1,67|68,9|79,19|53,98|30,70|3,95/3,67=3,30,70,1,67
66,43|86,26|97,20|99,98|97,99|43,25|20,88|19,34|83,49|97,19|98,29|88,81|97,83|81,42|29,48|49,86|97,36|34,64|36,66|64,0/97,42=97,20,88,81,42
56,40|29,62|89,48|48,22|4,9|51,3|96,29|9,83|56,80|10,47|28,96|80,89|56,4|56,65|56,28|83,0|65,10|40,51|3,2|47,17/56,0=56,4,9,83,0
29,10|29,9|57,80|68,38|29,91|91,22|3,95|9,46|66,3|15,35|83,84|10,68|29,37|29,66|46,15|38,40|16,83|22,57|37,16|95,21/29,80=29,91,22,57,80
95,65|70,44|58,3|86,7|65,93|5,67|83,64|83,86|93,59|88,25|44,91|83,95|67,58|83,76|83,5|80,35|7,80|40,88|64,40|76,70/83,35=83,86,7,80,35
18,16|93,38|41,76|16,14|96,17|50,94|50,96|50,41|7,52|37,97|75,93|97,81|43,18|81,70|94,75|54,69|50,37|50,43|76,7|17,54/50,52=50,41,76,7,52
78,24|36,14|13,81|39,60|15,59|57,98|58,56|60,13|8,15|19,8|58,0|58,39|58,36|56,37|65,72|58,19|14,65|37,57|0,41|41,78/58,59=58,19,8,15,59
5,47|10,5|83,12|92,55|87,11|31,75|35,92|83,73|73,87|18,41|12,86|32,31|53,32|83,79|83,53|83,33|11,48|33,35|79,10|86,18/83,55=83,33,35,92,55
73,99|99,61|65,45|6,10|1,44|45,17|97,3|73,65|69,57|82,97|44,94|73,1|73,82|3,13|94,30|17,23|7,69|73,42|61,6|42,7/73,10=73,99,61,6,10
11,33|33,44|44,39|10,12|57,41|51,73|51,84|45,1|79,10|84,79|51,36|73,52|75,37|52,92|37,57|92,16|36,45|51,75|51,11|1,29/51,29=51,36,45,1,29
11,5|67,71|47,67|5,66|52,43|66,95|64,21|40,32|40,93|93,52|38,47|54,14|40,11|41,42|43,89|40,54|32,13|13,64|40,38|14,41/40,95=40,11,5,66,95
26,77|77,53|34,20|49,11|64,86|88,90|11,91|86,29|91,46|98,58|58,70|24,81|53,88|26,24|29,28|26,64|26,98|81,34|70,37|26,49/26,28=26,64,86,29,28
19,32|30,50|19,24|19,72|19,90|43,79|65,87|72,17|24,96|17,44|64,53|90,64|53,81|36,65|32,36|73,30|19,73|50,51|96,43|44,91/19,79=19,24,96,43,79
63,5|38,19|90,83|73,27|83,4|38,54|38,90|45,82|38,26|5,73|55,64|82,89|4,46|23,60|26,23|60,80|54,31|19,45|38,63|31,55/38,27=38,63,5,73,27
41,70|22,7|26,40|75,41|25,81|99,25|98,75|44,90|92,26|40,46|22,98|22,44|9,76|90,29|29,31|22,99|7,9|76,0|22,92|81,72/22,72=22,99,25,81,72
63,10|55,58|55,94|87,33|13,95|95,20|55,46|10,62|6,14|98,68|55,87|34,41|94,63|58,13|33,72|72,28|68,6|46,34|55,98|41,80/55,62=55,94,63,10,62
80,24|35,4|1,57|4,72|80,75|31,71|76,27|81,90|24,35|27,31|90,48|9,64|88,87|87,1|80,88|62,9|75,62|80,81|48,15|80,76/80,71=80,76,27,31,71
55,96|39,30|19,23|97,17|78,39|58,19|55,31|31,58|63,97|68,63|55,72|40,85|51,71|85,52|27,51|55,68|72,78|7,27|55,7|96,40/55,30=55,72,78,39,30
96,28|87,96|86,48|25,89|91,22|73,25|89,68|87,85|19,27|87,56|11,35|87,14|85,86|48,43|65,11|14,65|56,53|87,73|53,91|28,19/87,27=87,96,28,19,27
33,6|6,98|4,40|92,39|61,97|22,57|18,61|1,18|22,49|40,8|44,81|98,70|62,44|49,62|39,66|57,92|22,4|22,1|8,0|22,33/22,66=22,57,92,39,66
8,70|42,11|80,42|67,8|70,81|59,50|18,75|9,57|27,80|18,67|18,9|18,13|62,29|57,62|75,60|50,90|13,59|60,52|18,27|52,35/18,90=18,13,59,50,90
49,87|61,90|25,17|52,58|10,25|90,52|58,60|20,10|92,89|93,39|83,93|39,31|61,83|61,55|6,49|55,92|76,6|61,76|61,20|89,38/61,87=61,76,6,49,87
72,14|36,25|14,89|97,50|63,36|25,7|63,69|7,68|57,98|37,22|52,97|81,72|63,51|69,37|63,57|79,61|63,81|98,79|51,52|22,99/63,50=63,51,52,97,50
3,42|73,57|47,95|3,73|57,43|3,18|40,12|27,50|30,11|18,21|21,27|44,30|79,7|42,44|3,40|43,13|24,79|12,47|28,24|3,28/3,11=3,42,44,30,11
55,16|69,90|20,52|42,55|6,37|69,2|76,42|90,53|7,8|54,0|69,54|2,20|69,76|84,56|53,9|0,84|37,7|52,28|9,17|69,6/69,17=69,90,53,9,17
31,80|74,56|82,53|10,32|54,75|53,60|69,28|82,9|82,83|87,31|66,58|60,66|82,69|9,74|64,30|28,10|30,54|83,87|56,39|82,64/82,58=82,53,60,66,58
9,2|8,91|2,54|22,87|9,8|91,68|6,17|72,89|89,34|70,23|43,72|9,70|9,59|23,22|68,98|17,24|54,25|25,69|9,43|59,6/9,69=9,2,54,25,69
24,88|97,99|61,89|40,6|61,95|6,55|30,16|95,24|61,40|61,58|88,60|99,96|49,36|16,63|61,56|89,97|55,52|56,49|58,30|36,71/61,96=61,89,97,99,96
87,90|32,94|42,32|92,58|74,85|52,96|88,35|0,5|2,42|94,14|2,92|35,74|30,52|2,30|7,16|58,7|2,88|5,87|2,0|96,51/2,90=2,0,5,87,90
89,52|82,25|25,47|75,66|42,30|82,5|50,49|47,50|10,20|5,14|26,68|14,42|82,98|98,1|51,75|97,51|1,10|82,89|82,97|52,26/82,68=82,89,52,26,68
29,3|19,14|30,77|16,76|76,31|62,0|16,67|49,83|44,29|8,15|16,62|16,30|31,51|3,65|15,10|0,49|67,8|16,44|51,90|77,19/16,90=16,76,31,51,90
2,32|80,64|96,14|18,12|96,89|45,18|84,36|17,45|96,27|89,80|7,81|32,7|64,23|96,17|96,2|14,97|97,84|43,49|99,43|27,99/96,81=96,2,32,7,81
71,39|95,97|5,22|5,76|76,78|5,15|92,74|5,79|75,95|15,75|32,50|29,10|79,29|78,32|10,20|39,0|74,98|5,71|0,38|22,92/5,50=5,76,78,32,50
64,57|5,80|41,47|77,30|64,19|47,14|64,88|83,81|57,77|81,12|64,49|58,28|73,58|80,66|28,18|88,83|30,46|19,41|49,5|64,73/64,14=64,19,41,47,14
51,53|88,85|6,60|88,71|15,55|88,95|84,48|95,83|55,62|88,82|41,28|88,15|71,4|83,84|4,6|28,90|69,51|82,41|62,16|85,69/88,48=88,95,83,84,48
81,57|15,74|3,46|74,3|29,76|46,43|15,88|82,30|11,2|15,11|88,81|57,90|2,82|26,99|5,49|15,5|49,26|76,19|15,48|48,29/15,99=15,5,49,26,99
96,59|14,15|20,65|98,93|89,25|54,70|65,89|44,98|51,44|20,51|20,31|15,74|20,14|70,96|25,42|87,17|17,23|31,87|20,54|74,19/20,19=20,14,15,74,19
48,99|25,33|33,7|48,44|66,34|85,89|48,90|48,6|44,88|90,25|8,64|79,92|99,79|28,83|92,69|88,85|48,8|64,66|83,14|6,28/48,14=48,6,28,83,14
44,97|50,53|57,83|83,31|46,24|31,0|25,99|44,71|93,1|44,18|94,25|63,50|18,22|44,57|71,46|97,63|92,94|44,92|22,93|24,5/44,5=44,71,46,24,5
33,37|26,60|26,94|54,33|40,7|12,47|26,93|26,67|67,82|60,43|82,40|26,54|37,80|15,12|94,15|83,45|93,46|43,83|92,85|46,92/26,80=26,54,33,37,80
97,18|22,23|93,26|42,5|7,24|13,22|18,91|26,16|5,71|15,30|76,7|15,1|56,42|30,76|15,93|4,13|16,84|15,56|15,4|1,97/15,24=15,30,76,7,24
10,13|60,42|78,80|21,6|84,31|80,18|76,43|77,53|6,76|17,78|45,90|53,45|13,60|31,89|10,2|10,17|2,84|10,77|10,21|42,14/10,14=10,13,60,42,14
88,61|3,91|88,92|92,93|36,39|88,23|23,20|72,36|66,17|88,59|88,72|39,60|20,3|61,96|17,38|93,51|59,66|53,70|51,5|96,53/88,91=88,23,20,3,91
11,43|16,49|60,46|13,60|21,80|13,82|13,21|94,3|82,93|93,26|99,63|26,64|81,9|13,94|9,69|69,92|46,99|3,16|13,81|80,11/13,43=13,21,80,11,43
4,15|59,43|71,69|65,18|18,53|91,6|3,7|7,91|21,59|43,74|53,75|61,71|75,62|65,21|65,61|65,4|65,3|90,23|69,28|15,90/65,62=65,18,53,75,62
30,48|85,14|64,17|85,38|17,34|52,93|85,74|57,11|85,53|40,75|74,40|14,64|38,30|48,7|75,37|85,26|11,8|53,52|93,77|26,57/85,34=85,14,64,17,34
10,28|28,22|96,98|87,51|2,40|80,96|79,11|4,48|51,4|40,79|22,5|73,32|80,31|56,85|80,10|80,87|80,2|98,56|31,73|32,97/80,85=80,96,98,56,85
25,87|34,6|16,90|90,17|64,41|87,10|65,84|25,75|5,65|72,62|75,5|41,85|10,34|78,64|25,33|33,16|25,72|35,73|62,35|25,78/25,85=25,78,64,41,85
53,91|43,53|10,15|59,89|76,33|37,66|43,52|52,77|43,59|84,0|91,10|65,22|77,65|43,76|74,72|72,8|43,71|71,74|89,37|33,84/43,15=43,53,91,10,15
62,25|25,70|99,74|24,29|61,60|70,69|12,56|39,12|22,61|91,21|60,58|85,39|74,27|29,91|24,99|21,51|24,22|24,62|24,85|27,75/24,56=24,85,39,12,56
59,17|59,78|70,57|10,47|17,3|61,41|3,31|59,88|57,11|47,0|59,99|88,66|31,30|93,13|59,10|99,70|0,21|66,61|60,93|78,60/59,30=59,17,3,31,30
4,61|81,5|30,31|45,26|5,64|88,29|4,3|69,72|4,81|29,85|26,68|85,40|3,38|61,45|4,88|31,69|46,59|38,46|4,30|64,12/4,72=4,30,31,69,72
65,63|64,97|70,64|40,20|71,46|75,65|92,88|30,75|98,66|46,49|30,70|30,98|20,92|63,27|30,40|49,24|66,62|30,71|97,18|62,61/30,61=30,98,66,62,61
93,39|86,62|16,18|39,43|18,32|5,37|63,19|52,49|49,82|19,86|43,30|13,50|13,93|13,52|74,16|50,69|13,74|82,17|69,5|13,63/13,30=13,93,39,43,30
92,47|78,54|69,85|92,5|63,64|92,11|11,13|5,61|58,84|85,58|54,18|92,78|65,63|38,4|61,38|13,57|18,28|92,69|57,37|47,65/92,28=92,78,54,18,28
9,4|55,27|26,65|27,33|97,47|78,92|2,26|0,5|55,76|55,9|33,56|77,97|55,77|5,34|55,50|47,39|4,78|76,0|56,42|50,2/55,39=55,77,97,47,39
73,4|29,65|93,5|4,24|3,19|93,18|5,2|93,54|18,33|86,3|2,16|54,75|93,61|61,73|75,29|16,50|6,27|33,6|93,86|19,11/93,11=93,86,3,19,11
11,69|10,43|32,10|11,90|92,18|69,99|29,93|18,28|77,12|31,32|61,92|70,84|12,3|11,61|11,31|11,77|99,70|3,60|90,29|93,73/11,43=11,31,32,10,43
49,16|5,86|41,38|63,35|68,74|38,68|9,6|10,29|20,63|78,20|5,41|54,9|86,10|5,24|5,78|16,65|28,54|29,37|5,28|24,49/5,35=5,78,20,63,35
49,26|1,81|38,32|94,92|61,5|26,1|49,43|43,99|19,94|49,76|25,19|49,25|99,83|81,3|93,42|32,93|49,38|83,2|5,74|76,61/49,74=49,76,61,5,74
50,70|52,58|67,36|32,11|73,93|59,10|10,47|70,64|44,4|85,50|73,85|55,28|73,59|47,72|73,55|69,52|93,69|73,32|11,44|28,67/73,64=73,85,50,70,64
9,32|79,30|68,78|2,68|93,31|38,74|79,38|97,63|7,45|79,5|58,39|86,7|39,81|79,9|30,2|5,58|32,93|79,86|74,97|45,34/79,63=79,38,74,97,63
3,24|40,77|33,21|77,33|27,13|21,69|42,49|83,15|40,59|51,83|24,30|30,53|59,51|49,22|40,3|87,42|40,87|96,84|13,96|40,27/40,69=40,77,33,21,69
20,9|28,96|13,48|92,71|13,47|72,40|47,84|12,77|13,51|84,20|40,12|71,24|18,63|51,18|87,28|63,33|26,92|13,26|13,72|48,87/13,77=13,72,40,12,77
21,92|16,10|7,96|72,8|88,72|86,52|8,45|44,21|13,5|43,86|43,89|6,7|43,69|43,88|69,6|52,13|43,16|25,40|89,44|10,25/43,40=43,16,10,25,40
17,92|88,6|92,65|73,48|71,59|88,77|18,0|39,81|88,96|59,73|96,74|77,20|88,71|6,17|53,91|81,18|88,39|20,28|28,19|74,53/88,48=88,71,59,73,48
2,15|13,10|9,53|70,13|69,31|70,69|68,7|70,5|7,51|10,9|51,54|78,2|87,43|25,87|70,68|90,61|70,23|5,25|23,78|31,90/70,15=70,23,78,2,15
41,1|32,39|34,54|89,57|71,34|3,0|54,75|82,37|32,35|87,72|72,38|32,82|99,89|35,5|37,3|39,87|83,99|32,71|32,83|5,41/32,75=32,71,34,54,75
19,32|30,50|19,24|19,72|19,90|44,91|43,79|72,17|24,96|17,65|64,53|90,64|53,81|36,43|32,36|73,30|19,73|50,51|96,44|65,87/19,79=19,32,36,43,79
89,82|90,1|1,27|13,30|21,25|68,49|20,97|89,80|7,9|25,7|26,68|98,40|89,19|89,98|80,26|82,90|79,13|89,21|40,20|19,79/89,9=89,21,25,7,9
3,29|25,93|73,36|83,49|74,25|42,45|15,42|56,6|51,73|51,1|1,83|39,56|49,12|36,3|6,97|93,41|51,74|51,13|13,15|51,39/51,12=51,1,83,49,12
6,3|43,28|36,42|72,19|43,83|49,14|13,78|43,36|35,81|28,16|43,6|3,72|16,9|74,44|42,74|14,18|78,35|83,49|9,62|43,13/43,18=43,83,49,14,18
81,16|73,33|2,85|85,81|78,74|38,52|55,9|27,10|72,32|52,72|74,27|9,30|64,78|64,38|64,2|64,18|18,55|64,73|58,13|33,58/64,30=64,18,55,9,30
61,77|0,17|41,71|1,96|3,93|2,39|36,2|28,6|6,94|0,66|0,13|0,1|13,12|66,72|96,3|72,61|12,41|0,45|17,28|45,36/0,39=0,45,36,2,39
63,3|3,57|20,94|63,4|25,17|63,10|10,20|57,27|27,52|76,16|61,40|4,48|16,61|98,6|63,25|94,26|48,12|63,76|12,34|17,98/63,6=63,25,17,98,6
27,82|27,19|48,81|27,49|16,48|56,24|19,15|70,4|25,56|30,73|65,3|15,30|49,25|27,16|82,0|68,70|81,92|0,65|27,26|26,68/27,73=27,19,15,30,73
34,59|90,41|80,91|7,28|68,26|58,62|62,12|58,8|79,5|12,68|23,29|58,80|8,85|91,79|85,23|58,7|28,27|41,34|58,90|27,92/58,26=58,62,12,68,26
38,30|17,20|66,75|92,5|93,68|17,77|77,28|68,62|62,90|17,85|48,66|5,80|85,48|17,93|17,92|80,22|20,36|28,11|36,38|11,67/17,22=17,92,5,80,22
9,34|39,29|89,39|22,27|29,94|89,26|89,55|93,77|94,43|55,79|79,9|89,93|67,51|86,12|89,96|27,37|25,67|26,25|77,86|96,22/89,34=89,55,79,9,34
40,23|37,49|66,78|1,40|27,24|30,8|78,61|24,22|66,30|8,37|60,84|61,60|66,1|93,97|97,95|95,56|22,46|66,93|23,69|66,27/66,84=66,78,61,60,84
63,2|94,55|57,67|49,72|83,94|57,30|30,63|57,19|2,68|7,75|72,79|88,83|74,7|85,34|57,51|57,88|51,56|56,85|19,49|67,74/57,34=57,51,56,85,34
86,99|36,20|20,41|57,27|5,91|80,13|99,59|27,25|41,49|5,36|25,37|81,30|98,86|75,80|5,98|30,19|91,75|19,24|5,57|5,81/5,37=5,57,27,25,37
30,13|73,25|33,30|4,90|90,80|7,2|25,63|80,51|7,4|2,52|69,55|7,38|23,69|91,33|7,91|9,73|38,23|54,34|7,9|52,54/7,13=7,91,33,30,13
46,31|31,34|82,0|82,75|59,73|71,46|0,77|82,64|75,95|91,59|95,63|77,78|73,86|64,90|82,71|78,67|17,84|82,91|63,45|90,17/82,45=82,75,95,63,45
33,74|66,14|27,90|80,33|14,34|55,92|27,38|67,72|81,22|92,62|16,80|27,83|22,82|27,66|90,42|27,16|42,67|34,24|83,81|38,55/27,72=27,90,42,67,72
52,80|67,43|32,14|62,77|71,63|62,52|57,32|40,59|23,21|80,67|83,23|62,57|77,83|14,39|68,45|59,71|62,40|45,60|99,68|62,99/62,60=62,99,68,45,60
25,71|79,1|84,88|29,84|61,37|79,80|79,34|34,29|76,25|22,38|37,12|93,9|38,4|73,76|79,70|79,73|1,61|80,55|70,22|55,93/79,4=79,70,22,38,4
41,74|75,69|56,92|54,84|39,41|34,57|22,87|88,72|69,54|92,2|13,39|37,75|37,25|37,13|80,88|37,22|37,86|25,80|86,56|87,34/37,74=37,13,39,41,74
79,86|79,44|94,60|75,21|73,63|44,50|21,16|82,59|50,70|59,25|70,15|86,73|16,23|79,75|79,12|63,51|12,93|0,82|79,0|93,94/79,23=79,75,21,16,23
17,90|62,49|20,45|62,71|62,11|3,88|49,74|64,3|89,60|58,50|37,17|33,40|71,64|74,89|62,58|50,33|62,8|8,37|45,34|11,20/62,60=62,49,74,89,60
58,87|73,17|44,37|44,29|86,45|6,40|27,64|17,27|67,83|29,67|35,58|44,35|37,96|83,89|44,73|87,74|40,24|96,86|44,1|1,6/44,64=44,73,17,27,64
87,88|32,44|87,4|81,25|43,70|87,31|53,28|37,76|4,47|76,43|88,50|73,91|87,37|47,71|71,7|87,81|25,53|50,32|31,73|91,62/87,70=87,37,76,43,70
46,97|60,66|97,9|37,1|39,60|9,48|46,94|46,20|46,4|45,64|2,45|66,82|94,59|20,37|59,41|41,47|46,39|4,2|1,68|48,56/46,82=46,39,60,66,82
64,72|37,3|89,41|69,35|9,10|80,57|35,9|22,31|80,17|86,37|12,86|80,12|73,27|17,58|80,64|57,5|80,69|58,89|72,73|5,22/80,27=80,64,72,73,27
68,81|48,57|9,79|32,92|33,65|99,80|59,83|32,56|11,96|32,59|17,82|98,9|56,99|83,48|32,68|80,40|32,17|82,11|92,98|81,33/32,40=32,56,99,80,40
90,38|84,92|38,86|32,3|13,10|32,90|92,13|49,95|53,69|32,53|67,76|95,74|57,1|3,52|32,84|52,67|69,57|86,20|74,44|32,49/32,1=32,53,69,57,1
6,62|70,28|81,83|91,81|28,8|62,11|91,6|91,93|20,34|91,70|31,16|11,17|32,31|79,20|8,0|91,32|93,79|83,13|16,74|13,38/91,17=91,6,62,11,17
40,72|0,28|61,58|0,12|26,44|0,61|78,57|7,39|3,33|29,3|0,40|21,26|0,9|12,93|87,18|28,21|93,87|72,7|9,29|58,78/0,44=0,28,21,26,44
51,29|68,77|15,6|73,72|28,54|15,65|39,51|94,68|22,21|21,74|50,39|15,96|6,94|96,66|66,28|15,22|74,19|72,34|15,50|65,73/15,19=15,22,21,74,19
3,94|17,58|96,39|96,3|12,17|96,81|25,78|98,54|54,48|96,57|42,68|81,42|96,62|62,98|94,37|37,22|68,64|57,12|78,55|39,25/96,64=96,81,42,68,64
2,89|89,11|22,64|22,52|28,12|37,81|7,61|53,2|52,38|61,48|17,98|18,44|64,94|81,28|22,37|38,18|94,17|22,53|22,7|48,66/22,12=22,37,81,28,12
18,17|65,20|6,81|76,12|99,91|5,71|20,13|6,27|75,18|6,66|6,99|37,88|91,37|27,5|72,85|71,2|66,75|85,76|6,72|81,65/6,12=6,72,85,76,12
82,30|57,99|33,88|57,84|57,64|54,86|84,22|25,63|79,31|99,93|16,5|93,25|22,33|86,94|31,21|5,82|57,16|57,79|21,85|64,54/57,88=57,84,22,33,88
35,56|84,87|38,35|90,23|14,66|23,98|79,73|21,79|73,30|70,6|6,5|84,9|87,58|58,14|98,32|56,44|84,90|84,21|84,38|9,70/84,5=84,9,70,6,5
38,21|15,34|86,22|59,15|68,17|20,78|20,18|67,50|34,8|17,67|18,55|22,47|20,7|78,70|20,59|7,86|55,3|3,57|20,68|70,38/20,21=20,78,70,38,21
77,65|10,34|10,55|8,15|55,5|88,87|15,40|16,84|42,63|28,88|10,43|5,57|10,11|11,28|43,16|57,6|63,77|34,8|84,27|10,42/10,6=10,55,5,57,6
38,16|87,38|18,40|24,70|10,30|79,10|40,4|87,47|92,79|87,92|42,77|16,42|47,15|87,67|19,24|70,34|67,18|43,60|15,43|87,19/87,77=87,38,16,42,77
63,76|12,78|3,92|56,35|63,28|72,21|38,5|70,34|5,43|43,13|76,12|63,38|77,37|28,88|21,70|88,3|78,20|63,77|37,56|63,72/63,35=63,77,37,56,35
58,28|74,5|82,50|33,31|74,33|50,53|52,36|74,77|34,52|53,27|31,83|0,58|77,45|17,0|55,7|74,17|5,34|45,55|83,35|74,82/74,27=74,82,50,53,27
35,61|63,60|9,56|51,77|60,35|85,53|33,81|32,83|51,63|65,9|53,82|51,32|43,46|51,50|56,69|50,85|83,43|77,33|81,10|51,65/51,82=51,50,85,53,82
1,99|90,20|92,90|92,28|55,4|18,55|97,1|50,8|32,5|92,72|8,87|60,32|92,60|20,25|5,24|72,50|92,97|99,56|25,53|28,18/92,53=92,90,20,25,53
69,3|5,65|51,41|58,78|2,30|3,97|69,58|78,96|49,81|69,31|31,37|80,51|97,5|41,70|30,76|96,67|37,49|57,2|69,57|69,80/69,70=69,80,51,41,70
67,15|96,34|79,91|66,90|58,96|91,51|67,83|83,79|15,66|82,13|78,2|90,20|67,89|36,81|89,58|67,82|13,36|0,78|33,0|67,33/67,2=67,33,0,78,2
18,34|95,76|99,95|18,37|2,52|91,99|53,80|42,92|30,58|18,91|18,2|18,63|52,60|37,23|80,74|63,53|23,30|92,1|60,48|34,42/18,76=18,91,99,95,76
5,30|40,5|19,31|30,80|13,6|35,0|84,99|99,19|93,87|84,57|31,36|57,35|84,93|84,40|52,13|84,52|53,51|0,81|6,90|87,53/84,81=84,57,35,0,81
10,22|50,91|50,76|50,93|6,15|99,44|48,72|87,26|21,10|91,96|96,99|40,89|76,21|93,52|50,25|50,6|72,86|25,48|52,40|15,87/50,22=50,76,21,10,22
4,88|36,8|97,92|45,95|35,73|53,64|6,94|2,76|88,53|6,97|83,47|6,2|6,32|76,35|75,83|95,66|6,4|92,36|32,45|94,75/6,8=6,97,92,36,8
54,61|97,78|97,72|8,77|72,89|78,40|97,71|40,0|63,32|36,88|71,63|21,37|89,21|97,2|61,74|88,8|97,36|2,54|0,29|32,68/97,77=97,36,88,8,77
42,58|44,37|68,82|15,27|27,44|36,95|47,42|66,59|83,69|68,36|95,83|41,85|82,41|68,66|58,97|98,65|68,15|68,47|59,98|85,43/68,37=68,15,27,44,37
6,62|70,28|81,83|91,81|28,13|62,8|91,6|91,93|20,34|91,70|31,16|8,0|32,31|79,20|13,38|91,32|93,79|83,11|16,74|11,17/91,17=91,81,83,11,17
29,18|30,83|78,6|98,49|69,27|5,69|29,5|50,46|58,4|83,50|65,98|29,81|29,11|11,0|90,78|0,58|81,65|29,30|27,44|18,90/29,4=29,11,0,58,4
20,26|66,12|20,84|31,19|75,61|12,52|59,85|26,33|60,37|54,1|19,60|84,63|33,59|67,75|52,43|20,31|20,66|20,67|63,54|61,64/20,64=20,67,75,61,64
15,11|12,71|28,56|71,29|15,12|97,54|15,1|15,75|11,94|75,97|55,58|54,59|1,77|15,28|77,30|72,90|56,55|94,72|29,47|30,84/15,59=15,75,97,54,59
72,69|23,86|72,2|96,93|36,59|11,82|19,23|44,74|85,40|74,49|0,11|72,46|93,32|72,85|49,20|46,96|40,36|69,19|72,44|2,0/72,20=72,44,74,49,20
5,2|35,24|52,66|15,63|0,15|99,6|81,35|81,0|81,77|77,51|12,76|6,72|24,5|63,17|81,83|66,54|81,42|42,52|51,12|83,99/81,54=81,42,52,66,54
71,46|34,92|44,28|68,2|86,26|44,6|6,73|44,51|28,37|21,13|60,86|13,67|51,52|32,60|52,71|44,32|73,68|72,21|44,72|37,34/44,2=44,6,73,68,2
21,68|30,39|46,64|58,40|84,60|13,4|43,75|75,14|14,7|7,59|43,21|79,13|43,77|43,58|40,84|39,46|43,30|73,56|77,79|68,73/43,56=43,21,68,73,56
54,1|2,42|2,77|2,73|3,25|65,37|99,11|77,94|73,65|92,66|66,52|2,22|94,54|23,7|37,5|97,3|22,92|2,99|11,23|42,97/2,52=2,22,92,66,52
66,97|37,66|37,3|84,65|37,31|78,26|45,55|28,47|55,7|31,5|37,45|65,89|7,44|3,84|97,28|73,2|2,54|37,73|54,29|5,78/37,44=37,45,55,7,44
20,41|53,17|20,90|86,83|35,14|4,7|80,35|20,4|77,70|90,53|7,24|20,79|63,85|70,86|17,0|79,80|20,77|47,63|41,47|24,23/20,85=20,41,47,63,85
46,84|96,83|48,73|53,74|35,46|96,57|79,58|13,79|9,94|94,16|96,20|60,53|20,60|84,71|3,9|57,56|96,35|83,13|56,48|96,3/96,74=96,20,60,53,74
5,73|52,48|83,10|16,51|86,44|15,49|48,12|51,7|36,15|44,83|5,16|12,0|70,80|5,52|5,86|80,33|38,36|73,70|7,93|5,38/5,0=5,52,48,12,0
74,51|34,74|24,63|50,70|1,21|39,1|51,46|39,43|87,58|19,24|21,94|6,36|70,87|39,34|39,50|39,6|9,33|43,19|94,41|36,9/39,33=39,6,36,9,33
83,74|0,50|61,37|50,34|74,69|89,77|89,47|89,28|89,60|4,58|28,95|53,80|77,0|37,7|39,43|47,61|43,4|89,39|95,53|60,83/89,58=89,39,43,4,58
77,83|51,82|55,9|93,63|69,55|42,21|59,51|10,36|36,78|26,42|93,75|93,72|72,26|63,69|62,44|75,59|78,94|44,77|93,62|93,10/93,21=93,72,26,42,21
46,96|82,61|82,52|87,44|29,34|77,74|47,87|44,79|24,72|82,80|34,38|82,46|82,47|50,7|52,29|15,77|96,24|7,12|80,50|61,15/82,38=82,52,29,34,38
11,99|43,0|11,24|11,63|17,43|75,69|69,31|23,66|70,3|63,75|11,40|11,95|40,41|89,70|95,17|66,35|24,23|99,89|41,52|52,10/11,0=11,95,17,43,0
61,11|66,33|13,89|44,65|78,72|60,61|20,48|72,53|78,66|78,88|78,60|91,44|51,57|53,51|88,91|11,0|48,13|33,39|78,20|39,55/78,89=78,20,48,13,89
91,21|96,56|89,11|56,63|37,18|63,89|76,31|96,84|26,59|84,76|5,20|3,80|96,5|24,3|21,26|20,37|96,91|31,88|80,94|96,24/96,11=96,56,63,89,11
75,29|89,41|41,27|30,72|51,71|94,22|75,90|72,62|91,67|75,51|71,91|57,89|75,85|90,3|85,44|29,30|75,57|3,79|44,94|79,46/75,67=75,51,71,91,67
72,34|44,72|26,25|58,24|44,14|87,21|44,86|22,58|11,66|48,81|14,48|13,26|86,22|1,15|44,83|83,13|21,1|81,79|44,87|34,11/44,66=44,72,34,11,66
75,36|42,12|19,26|55,89|45,74|75,87|75,28|75,19|50,63|97,65|65,66|75,56|87,47|28,97|26,45|56,50|47,55|36,31|63,6|31,42/75,6=75,56,50,63,6
33,57|89,40|57,99|33,2|33,89|2,95|93,10|95,39|83,93|33,12|77,47|43,77|73,42|40,73|12,43|99,63|33,83|10,20|63,71|39,92/33,42=33,89,40,73,42
96,85|84,10|85,48|24,87|18,61|87,92|67,84|27,81|88,66|67,99|26,96|67,60|67,88|60,24|66,46|10,27|67,26|59,18|99,59|46,83/67,81=67,84,10,27,81
85,82|14,19|41,39|28,49|88,22|85,2|44,15|85,90|15,91|39,24|99,52|49,88|85,44|91,83|82,29|29,14|85,28|90,93|93,99|2,41/85,24=85,2,41,39,24
99,7|66,92|66,6|25,29|84,91|63,46|66,71|6,21|21,1|71,47|57,56|47,25|92,57|87,65|1,41|91,99|65,63|66,87|66,84|56,44/66,7=66,84,91,99,7
82,12|66,68|39,63|73,40|73,58|33,22|58,35|51,10|98,52|65,1|40,39|73,51|73,15|70,65|10,33|68,98|73,66|63,3|35,82|15,70/73,52=73,66,68,98,52
10,98|47,9|56,35|0,1|98,56|86,4|46,84|84,88|8,95|4,8|9,15|82,46|34,17|34,86|34,10|1,79|17,0|62,47|34,82|34,62/34,35=34,10,98,56,35
55,29|14,76|42,14|46,37|21,32|98,33|32,4|17,51|30,40|19,98|19,17|51,12|12,74|19,55|19,72|19,2|72,21|2,42|33,46|29,30/19,4=19,72,21,32,4
5,6|59,47|72,61|96,4|4,5|73,92|73,59|27,2|64,45|70,86|61,65|73,96|73,78|47,70|89,72|19,64|78,19|92,91|73,89|91,27/73,6=73,96,4,5,6
69,4|53,73|72,69|1,90|87,66|75,65|58,79|31,87|75,99|75,40|99,19|75,58|79,53|62,84|40,72|75,31|66,28|65,1|90,54|19,62/75,4=75,40,72,69,4
36,33|42,94|62,8|6,81|44,34|28,62|7,92|8,63|42,91|9,64|42,28|94,27|27,9|3,44|42,87|91,43|43,6|42,36|87,3|33,7/42,64=42,94,27,9,64
14,37|44,30|61,13|30,0|69,38|0,5|46,67|14,80|14,44|67,58|76,69|37,68|68,18|80,61|34,76|14,46|14,34|13,91|58,86|18,17/14,91=14,80,61,13,91
69,43|23,41|97,69|38,55|50,45|43,10|41,13|87,38|17,50|36,66|75,9|59,36|17,89|55,3|17,87|53,59|17,53|17,97|89,23|45,75/17,10=17,97,69,43,10
51,37|16,88|88,23|16,80|29,93|16,19|82,13|16,64|36,87|23,29|80,61|16,22|37,90|61,32|32,50|81,82|19,51|87,86|64,81|22,36/16,13=16,64,81,82,13
71,24|19,89|79,73|15,63|85,71|15,85|9,47|26,60|5,62|15,19|15,26|15,1|62,40|1,93|89,79|60,9|42,61|93,42|63,5|24,14/15,73=15,19,89,79,73
30,15|82,28|66,0|58,99|16,44|25,88|96,77|25,58|88,65|99,11|25,35|25,82|25,75|75,96|11,62|44,5|35,16|65,30|77,4|28,66/25,0=25,82,28,66,0
58,3|19,17|78,93|35,68|17,43|49,35|19,32|93,58|22,26|43,73|73,5|44,7|7,15|19,71|32,27|19,59|19,78|59,44|27,22|71,49/19,3=19,78,93,58,3
52,53|20,90|61,22|18,73|3,70|10,11|22,46|53,64|30,60|90,52|77,10|17,61|20,17|11,6|20,95|20,77|70,72|95,3|20,18|73,30/20,6=20,77,10,11,6
59,17|67,63|71,99|60,3|47,81|13,47|87,11|81,71|13,67|75,66|98,87|65,28|13,98|63,59|3,65|13,60|11,68|66,69|13,8|8,75/13,17=13,67,63,59,17
81,10|8,9|36,77|10,98|75,65|94,90|98,64|81,3|81,56|56,42|3,13|81,75|83,14|13,47|47,11|42,8|81,36|64,26|77,83|65,94/81,90=81,75,65,94,90
92,54|86,16|13,22|87,88|9,1|52,49|87,83|87,9|87,52|7,13|87,73|51,92|91,19|49,86|73,91|19,21|1,27|27,38|88,7|83,51/87,38=87,9,1,27,38
76,7|90,44|75,68|94,75|94,10|44,60|94,93|31,49|68,79|89,31|49,72|93,65|94,22|46,86|65,46|71,76|22,71|94,89|10,90|79,95/94,95=94,75,68,79,95
81,68|45,46|52,81|8,48|90,96|51,52|26,37|68,22|46,62|23,0|51,39|62,38|48,69|51,90|39,23|51,43|0,99|96,26|43,8|51,45/51,38=51,45,46,62,38
48,72|34,28|34,56|3,16|56,3|16,75|34,48|81,64|87,18|64,54|54,50|34,49|28,87|34,81|90,1|18,65|49,90|1,23|73,31|72,73/34,23=34,49,90,1,23
80,7|83,80|7,88|88,55|83,1|83,39|83,28|66,10|83,79|99,29|39,66|29,46|10,12|8,59|59,0|6,74|1,99|28,85|79,8|85,6/83,12=83,39,66,10,12
47,90|42,5|88,19|47,98|72,96|51,41|22,51|7,26|47,72|75,58|41,14|26,15|52,9|67,42|47,22|96,52|98,67|58,88|90,7|47,75/47,9=47,72,96,52,9
13,3|48,52|35,34|21,78|70,45|52,91|82,21|86,96|11,58|58,35|48,11|74,54|45,13|2,82|48,86|89,24|48,2|91,74|96,89|48,70/48,24=48,86,96,89,24
41,28|81,29|72,38|4,72|76,81|28,22|52,69|41,4|20,61|79,11|41,73|61,43|22,52|41,79|73,76|43,6|13,40|38,90|11,13|41,20/41,29=41,73,76,81,29
10,14|24,32|76,8|15,9|0,76|51,39|24,13|41,10|24,0|24,63|3,78|8,55|63,15|24,75|39,87|32,51|75,54|9,4|54,3|13,41/24,87=24,32,51,39,87
49,78|55,68|87,85|41,54|78,20|64,67|15,24|55,49|23,2|54,23|55,87|59,80|68,37|55,41|20,39|55,96|85,64|37,15|96,59|80,14/55,39=55,49,78,20,39
2,30|86,72|71,13|14,48|99,55|91,40|97,27|99,97|64,53|40,89|99,86|43,80|72,67|13,2|99,43|99,71|67,66|55,91|27,64|80,14/99,48=99,43,80,14,48
26,51|63,87|28,37|28,48|1,2|46,18|5,1|51,77|28,98|9,63|28,26|2,43|98,50|50,46|55,20|37,9|69,55|28,5|48,69|77,60/28,87=28,37,9,63,87
54,34|58,15|87,5|6,11|80,87|34,82|93,16|44,6|53,93|82,65|50,53|5,99|86,14|86,50|11,79|14,58|15,78|86,44|86,54|86,80/86,16=86,50,53,93,16
9,77|85,19|7,56|29,85|19,68|57,48|56,75|53,15|26,57|53,73|15,81|70,97|73,9|75,67|48,64|53,29|77,34|53,7|53,26|81,70/53,97=53,15,81,70,97
29,45|61,23|23,8|99,69|61,99|22,28|25,51|51,83|74,22|62,24|28,10|61,42|61,29|19,89|69,68|45,19|68,33|42,25|8,62|61,74/61,10=61,74,22,28,10
95,60|70,95|57,88|32,99|88,73|94,84|32,57|63,70|17,7|84,16|73,89|97,33|91,97|32,68|68,94|32,63|71,17|32,91|99,71|33,4/32,4=32,91,97,33,4
87,67|40,0|18,61|90,33|67,58|20,4|74,20|40,74|75,93|34,63|40,18|93,92|40,37|37,99|61,34|40,75|99,90|4,59|0,87|92,9/40,9=40,75,93,92,9
38,16|87,38|18,40|24,10|42,77|79,42|40,4|87,47|92,79|87,92|70,34|16,70|47,15|87,67|19,24|10,30|67,18|43,60|15,43|87,19/87,77=87,92,79,42,77
54,71|78,6|10,36|50,57|6,10|57,62|8,51|51,88|8,50|62,14|70,60|44,54|91,2|39,96|8,78|8,91|71,76|88,39|8,44|2,70/8,76=8,44,54,71,76
20,9|12,77|13,48|92,28|13,47|72,40|47,84|71,24|13,51|84,20|40,71|28,96|18,63|51,18|87,12|63,33|26,92|13,26|13,72|48,87/13,77=13,48,87,12,77
28,17|8,20|73,77|27,90|93,60|60,51|94,65|24,80|22,55|55,8|90,16|80,93|58,73|40,27|24,40|24,94|71,58|24,22|24,71|65,28/24,17=24,94,65,28,17
85,93|67,32|83,56|10,71|52,83|25,10|90,84|84,82|82,45|52,67|56,47|52,5|5,25|7,12|52,7|47,3|52,90|32,75|12,85|75,15/52,71=52,5,25,10,71
61,33|61,3|13,80|7,13|22,7|61,0|36,44|27,15|88,35|35,69|61,27|89,16|0,38|38,36|33,89|61,22|45,21|15,45|3,88|16,32/61,44=61,0,38,36,44
13,89|61,5|93,27|5,31|2,76|2,93|53,97|64,81|2,10|31,55|2,61|89,24|97,22|10,59|76,13|27,64|59,42|2,53|42,30|22,79/2,79=2,53,97,22,79
13,10|74,50|37,0|39,47|31,39|35,19|16,53|19,28|31,16|47,23|0,6|31,35|28,97|31,42|10,63|42,37|63,32|53,74|23,95|31,13/31,32=31,13,10,63,32
36,99|41,77|63,67|79,36|78,41|11,79|77,74|63,91|63,78|4,9|67,57|63,11|86,47|32,12|9,31|54,86|63,54|91,4|57,32|47,33/63,99=63,11,79,36,99
0,5|34,83|87,90|11,14|27,10|27,72|27,52|58,94|27,4|78,75|52,44|5,57|72,31|31,87|4,18|27,58|18,78|94,11|10,0|44,34/27,57=27,10,0,5,57
26,67|72,66|6,99|57,7|16,17|66,85|45,58|16,57|67,14|16,69|69,80|80,98|11,56|16,11|82,26|16,82|17,72|56,6|98,91|7,45/16,91=16,69,80,98,91
4,51|57,67|7,45|62,13|73,84|53,7|53,41|53,4|9,91|53,62|13,17|45,9|86,15|67,90|53,76|17,36|41,57|76,86|51,73|15,25/53,90=53,41,57,67,90
59,14|59,23|85,83|20,40|59,61|51,24|99,85|61,20|59,42|40,66|24,2|42,99|94,38|23,69|59,71|18,94|0,55|71,18|14,51|69,0/59,83=59,42,99,85,83
61,11|22,29|67,20|12,59|86,72|36,40|40,88|12,24|29,86|13,90|12,38|12,78|24,82|12,22|55,67|78,36|82,13|28,61|59,55|38,28/12,90=12,24,82,13,90
57,85|7,5|2,38|21,96|69,24|69,21|69,12|66,11|96,2|87,30|5,19|11,36|69,57|27,87|85,86|36,76|86,22|12,7|24,27|69,66/69,76=69,66,11,36,76
95,37|20,14|99,12|99,28|78,5|24,95|12,11|64,2|99,82|99,49|49,36|57,64|36,60|82,57|74,4|60,18|11,78|28,24|99,74|4,20/99,37=99,28,24,95,37
81,3|80,58|56,18|10,67|73,91|36,64|56,7|56,24|62,74|7,12|15,41|18,81|3,47|56,73|24,37|91,10|64,62|56,36|37,15|12,80/56,47=56,18,81,3,47
47,7|12,44|3,92|11,74|80,62|68,90|68,47|92,70|44,80|23,85|68,53|90,3|68,12|85,58|53,23|64,81|22,37|37,64|7,11|68,22/68,74=68,47,7,11,74
51,28|68,54|28,29|13,31|50,34|67,73|47,76|30,50|31,47|67,13|67,51|33,52|73,33|70,68|52,99|29,17|34,92|62,70|67,30|67,62/67,76=67,13,31,47,76
97,37|37,90|72,45|81,87|92,80|78,19|97,81|80,88|87,99|59,78|43,92|45,6|99,73|97,43|29,17|67,59|97,67|90,29|97,72|6,36/97,73=97,81,87,99,73
9,99|71,37|74,21|74,61|61,45|13,47|74,98|24,1|74,26|74,13|37,73|45,55|26,71|44,31|55,72|98,44|31,81|21,24|47,9|1,59/74,99=74,13,47,9,99
12,85|99,63|63,9|15,10|23,67|83,59|79,73|22,6|38,99|5,76|5,12|10,8|76,1|5,38|73,22|5,79|85,83|1,23|5,15|8,88/5,6=5,79,73,22,6
87,22|33,39|58,46|13,91|57,65|25,58|57,25|19,79|74,33|57,12|65,74|57,89|22,35|91,43|89,77|77,19|12,87|36,13|46,94|57,36/57,94=57,25,58,46,94
88,76|58,88|3,46|3,57|29,84|47,58|3,96|46,39|3,47|81,26|96,56|18,75|20,99|56,81|99,60|75,78|57,20|3,41|41,18|39,29/3,78=3,41,18,75,78
74,37|96,28|83,16|28,62|18,74|83,18|16,61|37,80|55,57|83,4|98,85|83,96|85,21|4,55|57,63|62,95|91,75|83,98|21,86|61,91/83,80=83,18,74,37,80
35,30|52,18|31,54|55,52|99,50|35,27|35,43|80,95|27,83|83,19|54,28|35,31|67,81|43,99|30,55|50,98|95,67|35,80|28,14|19,12/35,14=35,31,54,28,14
35,61|87,45|87,84|95,51|87,97|54,52|84,54|22,95|52,20|83,2|2,57|57,19|1,94|97,22|45,35|61,50|87,1|25,79|94,25|87,83/87,50=87,45,35,61,50
10,12|42,24|18,65|3,96|19,83|12,95|7,35|9,42|0,18|96,7|30,19|10,30|95,43|10,6|65,77|43,97|6,9|10,3|83,48|10,0/10,97=10,12,95,43,97
15,16|62,95|85,60|66,1|40,81|12,37|12,49|12,40|12,39|95,17|41,87|87,29|60,32|49,62|81,66|39,85|71,41|12,71|84,15|37,84/12,1=12,40,81,66,1
67,74|73,88|52,19|58,84|88,25|58,81|87,72|84,54|72,40|58,87|81,73|62,67|64,95|28,64|40,89|96,62|95,66|58,28|58,96|54,52/58,89=58,87,72,40,89
83,70|5,36|62,93|93,6|25,62|88,72|25,23|25,67|25,63|36,28|72,44|25,88|23,97|97,83|6,42|49,8|44,30|63,5|67,49|8,59/25,59=25,67,49,8,59
86,59|67,63|68,4|8,74|18,12|55,78|4,83|15,23|74,94|15,86|15,66|66,68|63,21|15,67|59,55|12,84|21,53|15,47|47,18|23,8/15,53=15,67,63,21,53
68,8|77,67|67,58|47,85|58,17|98,71|28,44|8,28|68,98|68,77|44,12|68,45|64,82|74,84|42,47|5,56|45,42|68,64|82,5|71,74/68,85=68,45,42,47,85
95,74|39,94|37,26|64,37|13,91|13,64|87,76|26,58|76,95|81,2|10,80|13,55|44,5|13,87|94,11|91,89|89,10|55,39|2,44|13,81/13,74=13,87,76,95,74
89,24|48,52|35,34|21,78|70,45|52,91|82,21|86,96|11,58|58,35|48,11|13,3|45,89|2,82|48,86|74,54|48,2|91,13|96,74|48,70/48,24=48,70,45,89,24
91,97|43,39|14,20|20,58|64,18|5,64|14,91|14,36|32,1|14,94|23,82|61,16|1,61|97,43|14,32|13,89|94,5|58,23|31,13|36,31/14,89=14,36,31,13,89
36,57|18,94|18,54|18,92|40,77|18,47|88,8|47,69|72,26|62,72|92,88|90,37|18,40|94,62|8,53|77,90|54,36|57,12|69,71|71,3/18,3=18,47,69,71,3
10,7|73,50|10,39|96,56|10,89|7,41|0,69|75,24|56,73|84,47|47,29|41,75|13,58|62,13|10,96|10,1|25,0|39,84|1,62|89,25/10,50=10,96,56,73,50
58,28|80,29|69,80|58,16|78,18|91,75|58,9|9,64|75,50|5,78|50,51|86,66|76,94|28,5|58,91|16,76|94,82|58,2|2,69|64,86/58,18=58,28,5,78,18
13,60|66,13|98,10|80,7|91,52|66,91|7,50|69,80|84,72|90,21|99,81|60,84|59,29|66,69|66,99|41,26|52,59|81,98|26,90|66,41/66,72=66,13,60,84,72
17,46|89,14|63,27|0,13|63,45|4,74|84,50|13,34|63,19|27,47|63,89|63,67|67,0|45,36|14,35|47,84|72,4|35,69|19,72|36,17/63,34=63,67,0,13,34
78,46|7,63|1,31|2,54|55,78|55,30|41,48|45,1|29,90|18,57|46,29|54,41|55,7|55,2|63,76|55,45|30,18|76,36|31,17|57,15/55,17=55,45,1,31,17
65,27|65,11|44,30|65,8|11,40|71,19|72,14|14,69|61,71|65,75|40,37|52,23|37,96|8,61|75,29|47,89|65,44|29,52|30,47|27,72/65,19=65,8,61,71,19
41,93|94,60|21,79|20,21|50,20|90,2|94,50|94,55|9,58|42,23|94,65|60,71|45,13|13,9|71,41|2,67|94,45|55,90|56,42|65,56/94,67=94,55,90,2,67
95,76|53,15|5,68|92,45|95,5|9,39|8,83|76,62|55,56|68,8|30,67|95,92|95,36|45,55|66,64|15,9|62,30|95,53|36,66|64,6/95,6=95,36,66,64,6
72,14|72,17|78,30|17,24|30,7|72,11|27,78|28,42|3,76|75,4|54,26|14,75|24,15|4,65|72,27|15,91|72,3|76,28|11,54|26,18/72,65=72,14,75,4,65
16,10|25,95|92,74|16,84|61,4|35,55|65,38|74,33|16,65|16,96|95,22|48,2|77,56|55,48|4,42|16,35|38,77|96,25|10,92|84,61/16,56=16,65,38,77,56
31,33|66,21|94,41|14,35|3,32|54,31|28,82|33,22|28,94|28,79|82,55|21,14|28,66|42,9|28,54|55,42|41,3|79,90|90,56|56,96/28,32=28,94,41,3,32
86,59|67,63|68,55|8,74|18,12|21,53|55,78|15,23|74,94|15,86|15,66|66,68|63,4|15,67|59,21|12,84|4,83|15,47|47,18|23,8/15,53=15,86,59,21,53
65,91|8,22|27,4|76,65|37,51|37,87|51,55|37,5|87,76|55,74|37,27|48,8|59,2|4,59|22,98|37,48|28,73|73,23|74,58|5,28/37,23=37,5,28,73,23
41,59|30,42|92,6|91,45|49,33|32,8|63,32|49,83|49,3|49,91|83,39|33,63|49,92|45,41|48,31|6,9|39,48|3,24|9,26|24,30/49,59=49,91,45,41,59
5,37|61,67|68,35|61,65|65,68|73,20|17,73|4,89|51,15|89,77|36,4|61,36|15,21|61,51|21,72|63,5|35,43|67,63|29,17|61,29/61,72=61,51,15,21,72
44,26|9,31|45,5|68,82|99,9|63,16|1,19|0,68|63,90|21,37|63,29|79,99|16,21|63,44|90,0|37,98|26,1|63,79|58,45|29,58/63,5=63,29,58,45,5
85,59|66,17|10,9|85,11|15,83|38,45|83,33|85,55|17,0|85,18|55,5|18,92|70,60|11,3|3,38|33,54|59,66|5,70|85,15|92,10/85,54=85,15,83,33,54
11,69|53,85|25,4|9,70|1,9|69,95|95,6|8,25|11,97|47,93|81,94|11,35|33,8|31,81|6,57|93,53|11,47|35,31|11,33|97,1/11,94=11,35,31,81,94
56,78|42,39|65,56|45,82|8,67|65,74|91,42|7,35|67,44|69,86|65,53|53,7|82,55|74,91|78,69|35,32|65,40|84,8|40,45|65,84/65,32=65,53,7,35,32
6,12|12,35|50,22|17,81|83,60|67,88|9,83|35,17|69,9|93,47|6,69|76,67|82,72|6,76|15,53|53,93|88,68|6,15|22,82|6,50/6,68=6,76,67,88,68
81,97|81,85|32,3|3,18|84,96|86,91|81,35|97,32|81,48|27,25|85,8|48,56|88,58|93,27|47,93|8,86|58,28|35,88|56,84|81,47/81,91=81,85,8,86,91
13,80|80,90|28,26|67,28|67,89|89,40|68,99|26,42|40,77|22,50|67,13|42,9|5,88|88,68|79,95|90,82|67,5|95,22|67,79|77,86/67,50=67,79,95,22,50
21,72|41,55|51,24|41,63|4,51|19,9|41,64|41,4|6,83|82,8|64,19|9,79|83,82|34,21|99,42|55,99|24,98|63,34|42,36|41,6/41,79=41,64,19,9,79
12,20|67,90|24,56|90,70|9,54|92,67|54,33|61,9|69,92|26,12|84,53|69,17|69,61|69,8|8,65|69,48|17,26|14,84|65,24|48,14/69,53=69,48,14,84,53
82,99|23,87|23,82|86,9|23,61|45,86|11,98|14,24|72,6|98,26|78,47|99,14|5,36|23,89|3,78|87,11|6,5|23,72|61,3|89,45/23,24=23,82,99,14,24
91,72|63,2|93,50|2,87|60,36|78,93|36,91|92,97|53,78|65,34|72,88|60,12|28,63|34,5|12,65|7,44|60,7|60,28|44,92|60,53/60,50=60,53,78,93,50
24,59|45,78|83,81|60,33|7,58|64,14|24,45|19,60|81,64|76,75|58,76|24,83|78,74|24,19|27,43|33,84|43,98|74,73|24,7|59,27/24,84=24,19,60,33,84
58,54|27,93|52,21|58,3|58,8|39,27|3,40|54,24|24,35|58,68|8,32|99,66|68,83|58,39|40,52|93,9|35,4|32,99|83,81|81,71/58,4=58,54,24,35,4
23,77|57,76|72,47|25,65|25,13|77,85|76,17|25,3|21,20|84,31|47,68|78,84|25,78|85,88|31,56|3,72|65,81|13,57|81,21|25,23/25,17=25,13,57,76,17
48,74|39,41|41,23|90,70|40,48|16,80|28,83|54,90|62,39|54,40|8,59|57,91|77,8|74,56|85,77|54,62|80,57|70,28|54,16|54,85/54,23=54,62,39,41,23
5,66|29,57|52,60|94,29|66,41|54,12|99,5|8,27|99,94|57,33|92,8|99,54|11,52|32,44|12,32|41,80|99,63|99,31|31,11|63,92/99,44=99,54,12,32,44
39,82|40,37|61,45|15,79|29,4|13,29|41,15|96,73|94,84|40,61|17,13|45,43|43,12|40,94|40,17|40,41|84,39|73,70|37,96|79,32/40,32=40,41,15,79,32
10,48|55,58|16,55|63,47|31,16|42,18|69,89|31,35|48,36|47,19|31,63|58,52|89,60|60,1|83,10|18,84|19,0|31,83|31,69|35,42/31,1=31,69,89,60,1
26,77|77,53|70,37|49,11|64,86|88,90|11,91|86,34|91,46|98,58|58,29|24,81|53,88|26,24|34,20|26,64|26,98|81,70|29,28|26,49/26,28=26,98,58,29,28
41,19|22,90|94,99|85,39|33,67|94,85|67,78|53,71|79,84|26,49|10,16|94,26|49,53|69,22|16,41|78,38|94,10|94,33|39,79|99,69/94,84=94,85,39,79,84
33,66|46,11|33,5|67,60|33,67|22,59|37,73|69,40|26,46|95,77|43,95|93,26|66,43|88,23|40,54|5,69|60,22|33,37|33,93|73,88/33,23=33,37,73,88,23
81,53|14,18|60,42|7,5|1,7|84,1|10,59|20,26|74,29|48,14|48,81|48,69|26,51|72,20|18,60|53,10|22,74|48,84|48,72|69,22/48,59=48,81,53,10,59
51,81|63,34|59,39|52,93|19,8|59,63|39,97|58,52|88,51|37,24|59,26|97,76|34,19|76,75|73,37|69,73|84,58|59,84|26,88|59,69/59,8=59,63,34,19,8
80,31|80,79|69,54|99,50|42,60|72,52|43,69|57,45|31,43|80,51|32,55|80,99|55,19|79,49|49,57|78,32|6,72|51,6|80,78|50,42/80,52=80,51,6,72,52
74,90|30,76|52,62|33,60|27,39|30,74|56,27|62,46|93,95|63,53|53,67|30,56|30,86|86,52|47,40|95,33|76,63|30,93|39,36|90,47/30,36=30,56,27,39,36
87,22|16,85|78,15|81,34|41,17|81,10|81,88|18,13|10,18|22,37|61,78|81,77|77,87|80,54|13,23|34,61|54,16|88,41|17,26|81,80/81,85=81,80,54,16,85
90,57|90,17|99,47|5,96|90,82|17,5|90,99|84,72|82,63|3,20|47,40|40,79|1,70|11,84|63,1|86,3|50,11|90,50|96,76|57,86/90,72=90,50,11,84,72
98,31|5,12|24,26|53,81|66,84|14,5|42,98|42,28|28,66|42,80|42,14|22,53|12,83|84,45|78,70|80,22|15,40|26,78|42,24|31,15/42,81=42,80,22,53,81
24,76|62,45|67,18|68,4|8,91|19,8|18,16|91,62|10,22|19,34|19,10|77,58|19,67|37,24|39,37|58,50|19,39|16,75|34,77|22,68/19,45=19,8,91,62,45
56,38|5,57|94,59|11,18|57,20|2,83|35,51|86,88|4,5|88,29|59,11|56,2|56,94|38,85|56,4|85,74|83,35|29,76|56,86|74,73/56,73=56,38,85,74,73
10,97|93,7|44,29|58,93|36,71|27,5|58,99|37,20|67,10|71,43|58,67|7,34|99,36|22,89|58,37|20,22|58,44|34,87|29,27|97,28/58,5=58,44,29,27,5
20,37|97,64|20,25|2,8|63,21|25,80|37,11|20,2|98,52|11,97|80,63|96,19|28,96|54,5|20,67|67,54|8,98|5,77|19,14|20,28/20,52=20,2,8,98,52
30,70|11,21|99,64|73,30|66,71|21,96|71,63|64,33|72,54|54,41|72,11|59,35|72,73|70,91|72,99|96,87|63,40|41,59|33,42|72,66/72,91=72,73,30,70,91
77,88|96,3|41,15|44,45|3,95|50,29|9,90|35,66|88,50|66,94|95,76|15,44|55,99|99,9|94,47|90,2|55,77|55,35|55,96|55,41/55,45=55,41,15,44,45
76,59|85,34|5,73|4,20|5,79|0,68|34,2|73,56|20,76|21,38|56,98|6,50|19,3|5,21|5,4|5,0|79,85|38,6|68,19|98,32/5,50=5,21,38,6,50
49,8|33,35|96,36|57,68|56,33|13,51|56,21|56,49|88,96|92,20|58,77|56,54|77,70|8,57|95,75|54,88|75,13|21,58|35,92|56,95/56,20=56,33,35,92,20
37,47|76,17|64,21|50,27|83,65|45,83|72,50|27,63|26,60|45,26|65,64|45,72|6,98|94,13|45,37|45,24|60,6|13,93|24,94|47,76/45,98=45,26,60,6,98
71,91|99,30|51,6|21,10|19,75|70,94|31,3|71,70|7,80|30,57|71,7|91,99|92,74|75,31|41,88|80,51|10,92|94,41|71,21|71,19/71,57=71,91,99,30,57
37,0|7,99|21,92|78,23|87,93|36,51|93,96|78,73|51,15|0,21|73,36|88,74|78,37|74,28|99,17|23,88|78,87|96,56|17,30|78,7/78,28=78,23,88,74,28
57,19|21,31|61,32|94,23|36,44|94,78|13,36|50,57|78,61|46,82|32,47|94,66|66,64|22,46|23,22|45,50|64,21|94,45|94,13|44,42/94,47=94,78,61,32,47
32,52|51,12|51,36|12,16|34,15|35,90|63,46|93,65|65,32|46,0|16,11|11,69|36,3|51,93|51,34|51,63|0,84|28,58|3,35|15,28/51,69=51,12,16,11,69
82,47|43,37|51,99|9,52|50,18|85,50|37,0|82,89|82,35|47,97|53,51|82,65|89,43|5,92|82,9|97,5|41,24|52,41|65,85|35,53/82,0=82,89,43,37,0
99,91|93,41|90,38|5,93|72,99|72,29|28,90|72,48|29,33|48,28|70,61|59,5|91,62|60,73|72,59|33,60|71,19|61,71|62,0|72,70/72,0=72,99,91,62,0
67,15|96,34|79,78|66,91|58,96|78,2|67,83|83,79|15,66|82,13|90,20|91,51|67,89|36,81|89,58|67,82|13,36|0,90|33,0|67,33/67,2=67,83,79,78,2
72,62|47,40|71,50|0,78|8,6|0,35|31,8|48,44|82,48|25,20|0,28|0,96|35,73|20,72|78,82|73,47|28,31|0,25|50,79|96,71/0,6=0,28,31,8,6
41,30|57,62|28,90|94,26|9,69|69,57|10,59|41,28|59,71|90,63|38,10|30,94|63,33|41,0|66,8|41,9|26,2|8,20|41,38|0,66/41,33=41,28,90,63,33
38,46|39,94|59,42|98,26|25,23|20,31|20,68|68,24|20,64|20,69|64,39|13,98|24,59|17,2|20,25|69,13|23,17|31,66|94,16|66,38/20,42=20,68,24,59,42
38,47|40,30|91,96|73,29|64,15|13,35|43,24|57,13|29,91|64,46|47,81|64,38|24,36|46,57|15,40|30,21|3,43|64,3|81,55|64,73/64,55=64,38,47,81,55
88,59|23,98|69,13|79,68|90,81|13,65|92,80|92,84|80,21|92,44|21,25|25,55|59,79|84,56|92,96|96,33|56,90|92,88|44,69|33,23/92,81=92,84,56,90,81
40,64|93,85|93,1|52,33|1,13|95,10|61,24|80,61|14,52|13,8|2,95|99,80|85,2|36,40|93,14|8,86|33,37|93,82|82,36|93,99/93,37=93,14,52,33,37
76,12|80,31|9,45|18,71|79,80|60,40|27,4|31,20|20,28|45,60|32,18|79,23|49,32|79,9|36,78|23,53|53,36|12,27|79,76|79,49/79,71=79,49,32,18,71
87,80|21,84|13,87|41,64|65,76|84,82|64,15|6,51|89,45|65,6|65,4|53,41|76,13|65,53|82,30|58,89|60,11|4,58|65,21|51,60/65,15=65,53,41,64,15
28,12|19,95|12,11|8,73|29,28|65,19|48,80|56,7|29,8|73,40|21,90|29,65|29,48|40,79|95,59|42,56|11,54|41,42|80,21|29,41/29,79=29,8,73,40,79
33,4|70,33|57,88|32,99|88,95|94,84|32,57|63,70|17,7|84,16|95,60|97,73|91,97|32,68|68,94|32,63|71,17|32,91|99,71|73,89/32,4=32,63,70,33,4
98,49|10,33|74,63|80,74|14,47|26,23|5,71|21,25|10,21|10,14|73,0|23,17|47,98|71,11|25,73|10,5|33,26|10,80|63,32|11,34/10,49=10,14,47,98,49
27,52|70,42|47,9|97,39|58,31|39,58|88,5|88,97|73,81|5,70|20,47|87,35|88,27|88,20|88,46|42,92|46,73|81,29|9,33|52,87/88,33=88,20,47,9,33
39,82|40,37|61,45|15,73|79,32|13,79|41,15|96,29|94,84|40,61|17,13|45,43|43,12|40,94|40,17|40,41|84,39|29,4|37,96|73,70/40,32=40,17,13,79,32
79,46|71,45|46,6|22,37|22,99|48,30|30,0|22,79|22,48|34,32|6,97|99,62|90,13|22,71|32,49|62,90|0,73|45,94|37,34|94,92/22,73=22,48,30,0,73
50,47|26,38|79,34|26,79|26,40|44,2|47,17|2,0|17,81|84,21|31,22|34,31|7,23|38,30|71,94|40,44|26,50|23,71|30,84|26,7/26,22=26,79,34,31,22
26,8|85,86|15,27|21,95|28,13|95,59|60,28|13,34|62,85|26,60|97,16|94,15|86,32|26,97|16,61|61,17|8,21|27,23|26,94|26,62/26,23=26,94,15,27,23
74,16|41,82|74,46|10,25|44,54|74,95|21,70|16,41|65,69|46,65|74,21|14,64|39,12|69,57|25,14|82,47|74,10|70,44|98,39|95,98/74,12=74,95,98,39,12
49,9|44,69|33,14|91,36|25,44|68,18|36,30|9,56|33,19|14,49|33,66|69,31|33,48|48,79|32,10|66,97|97,32|79,68|33,25|19,91/33,31=33,25,44,69,31
87,41|28,27|41,36|87,1|1,89|87,77|89,71|44,30|87,44|77,54|30,68|71,55|54,62|62,60|68,57|27,84|13,28|25,29|36,25|87,13/87,29=87,41,36,25,29
99,56|98,48|6,3|24,2|94,6|3,61|94,98|94,22|94,99|56,24|1,35|66,86|61,96|22,1|86,82|7,66|87,73|35,85|94,7|48,87/94,82=94,7,66,86,82
63,67|1,17|74,54|57,61|51,1|91,63|20,2|60,74|14,57|2,46|27,60|39,91|51,39|51,88|59,20|51,27|51,59|88,14|3,84|17,3/51,67=51,39,91,63,67
91,76|75,3|76,38|97,5|89,97|86,70|3,18|23,86|19,81|8,30|81,91|19,75|18,9|5,4|19,89|42,23|19,42|19,33|30,44|33,8/19,70=19,42,23,86,70
61,44|24,84|10,29|84,38|85,58|40,10|69,19|40,85|55,24|97,50|58,37|41,61|79,16|16,69|40,92|37,35|29,97|92,41|40,55|40,79/40,35=40,85,58,37,35
64,98|64,82|7,70|17,28|32,53|70,83|27,32|40,17|64,27|31,4|64,40|4,12|28,94|83,21|64,7|98,31|82,59|59,22|22,51|53,44/64,51=64,82,59,22,51
0,70|61,9|70,38|98,29|11,92|9,35|33,61|92,83|35,52|24,0|4,98|63,4|33,11|83,69|33,22|33,24|74,15|45,74|22,45|33,63/33,38=33,24,0,70,38
54,40|29,45|51,43|38,86|82,47|99,51|1,54|38,29|38,57|69,21|98,46|32,74|27,64|45,69|86,1|57,99|46,82|64,32|38,27|38,98/38,47=38,98,46,82,47
81,90|9,81|47,0|70,3|23,58|23,95|36,33|95,24|58,85|33,70|24,47|84,14|23,9|14,98|86,73|90,13|23,36|23,68|68,84|85,86/23,0=23,95,24,47,0
67,72|97,78|78,84|32,67|69,60|43,87|60,71|32,97|84,93|11,69|32,43|80,58|32,11|14,18|32,57|87,14|72,80|24,54|57,24|54,45/32,18=32,43,87,14,18
57,25|44,5|15,31|91,20|5,10|44,47|44,57|7,24|84,15|79,91|25,76|80,51|47,79|83,80|44,65|65,84|10,7|76,40|42,83|44,42/44,20=44,47,79,91,20
18,30|82,18|42,60|42,48|60,54|48,82|54,72|66,20|49,16|42,66|20,15|3,7|94,25|42,94|43,12|16,3|72,13|25,43|42,49|15,6/42,13=42,60,54,72,13
63,5|38,19|90,83|82,89|83,4|38,54|38,90|45,55|38,26|5,82|73,27|55,64|4,46|23,60|26,23|60,80|54,31|19,45|38,63|31,73/38,27=38,54,31,73,27
71,50|5,29|74,95|22,74|8,82|1,65|40,8|6,81|50,33|31,5|81,98|29,25|1,6|1,91|91,22|33,2|65,40|1,71|98,34|1,31/1,34=1,6,81,98,34
12,21|58,54|32,78|68,23|23,1|49,68|31,58|49,72|85,32|3,79|79,75|78,2|72,12|1,35|49,3|21,73|49,31|75,25|49,85|54,88/49,2=49,85,32,78,2
66,10|93,35|58,79|49,66|80,93|67,78|98,58|43,52|15,98|68,43|80,62|35,28|62,68|80,15|80,67|80,49|28,14|78,64|64,24|10,53/80,53=80,49,66,10,53
1,88|11,0|40,72|21,10|10,15|98,74|83,39|98,11|34,21|98,34|0,40|93,56|74,93|77,83|98,1|88,37|56,53|37,71|98,77|39,23/98,53=98,74,93,56,53
73,25|69,52|65,76|55,92|73,13|13,39|25,3|68,24|85,41|73,65|39,27|47,36|27,84|73,69|52,47|76,68|73,55|3,85|92,32|32,1/73,36=73,69,52,47,36
36,67|92,77|11,29|70,80|59,11|29,45|16,89|70,59|17,27|71,90|89,72|90,17|70,60|60,36|70,71|80,16|70,92|67,9|77,73|73,3/70,3=70,92,77,73,3
4,61|18,67|9,99|9,93|99,4|91,18|49,14|61,25|9,91|67,87|93,30|30,66|8,27|66,76|5,81|9,8|9,53|53,49|27,5|14,44/9,44=9,53,49,14,44
69,79|40,90|93,92|16,91|22,40|47,33|23,82|79,2|23,47|91,96|23,59|33,13|23,22|90,80|13,77|74,93|59,74|4,16|82,69|23,4/23,96=23,4,16,91,96
99,51|18,59|39,1|1,79|90,99|58,80|39,18|39,44|44,98|51,85|82,73|79,58|98,30|96,82|39,90|30,47|59,88|88,48|73,12|39,96/39,85=39,90,99,51,85
26,96|47,79|69,89|79,28|91,49|21,10|99,69|13,47|43,4|4,25|60,44|26,90|49,60|26,91|17,21|90,17|26,43|26,13|96,99|25,24/26,24=26,43,4,25,24
27,52|70,9|47,81|97,39|58,31|39,58|88,5|88,97|73,42|5,70|20,47|87,35|88,27|88,20|88,46|9,33|46,73|42,92|81,29|52,87/88,33=88,5,70,9,33
38,6|11,50|59,41|71,38|4,28|8,42|2,87|56,4|87,8|7,71|41,27|6,77|7,2|7,59|28,98|35,11|7,56|7,0|27,92|0,35/7,92=7,59,41,27,92
17,28|44,83|3,47|50,74|11,55|29,17|3,29|47,7|45,64|83,35|28,67|7,87|3,18|90,11|3,33|18,90|3,45|33,44|64,50|87,57/3,74=3,45,64,50,74
3,48|58,98|48,23|49,3|52,43|98,27|68,5|76,62|49,52|62,47|27,84|90,29|49,58|49,68|23,55|43,2|47,73|2,69|49,76|5,90/49,69=49,52,43,2,69
37,52|76,34|34,74|13,76|13,86|30,16|12,96|13,12|21,37|13,41|13,7|62,3|70,87|16,36|96,70|41,21|7,30|86,62|74,98|3,32/13,87=13,12,96,70,87
52,33|16,57|59,20|20,49|7,54|54,78|52,67|52,59|93,90|6,53|2,16|67,2|52,7|78,36|4,86|90,6|86,41|49,15|52,93|33,4/52,41=52,33,4,86,41
74,58|36,73|56,26|5,41|73,11|66,52|33,28|99,36|29,66|41,82|14,43|58,29|4,14|74,99|74,50|74,1|28,56|1,5|50,4|74,33/74,82=74,1,5,41,82
48,49|50,82|41,40|61,85|95,45|46,12|48,61|74,34|73,46|37,8|75,74|83,41|49,73|34,51|48,37|8,95|48,75|48,83|85,50|40,72/48,51=48,75,74,34,51
74,16|41,69|74,46|10,25|44,54|74,95|21,70|16,41|65,39|46,65|74,21|14,64|82,47|39,12|25,14|69,57|74,10|70,44|98,82|95,98/74,12=74,46,65,39,12
20,48|85,50|65,74|20,42|5,12|99,73|60,98|42,65|76,60|32,37|12,85|20,28|28,32|48,99|20,5|24,76|73,71|74,43|20,24|37,89/20,43=20,42,65,74,43
41,30|63,33|28,90|94,26|9,69|69,63|10,59|41,28|59,71|90,8|38,10|30,94|8,20|41,0|66,57|41,9|26,2|57,62|41,38|0,66/41,33=41,9,69,63,33
56,19|81,94|6,67|24,86|90,20|41,36|67,29|56,97|56,34|38,90|10,41|97,18|18,81|56,33|34,6|58,24|33,38|2,10|56,2|19,58/56,20=56,33,38,90,20
13,36|17,23|17,94|27,62|6,18|17,91|91,13|61,6|72,92|62,73|52,22|17,52|75,45|17,95|58,72|36,47|22,75|95,27|94,58|23,61/17,47=17,91,13,36,47
12,31|72,22|41,89|10,41|21,61|15,88|77,10|61,11|31,14|44,37|15,77|88,44|33,72|56,33|15,21|37,60|14,71|15,12|15,56|11,76/15,76=15,21,61,11,76
70,69|18,73|29,19|36,99|87,81|82,20|92,90|20,44|73,87|19,70|15,92|75,48|99,75|44,1|18,29|18,82|18,53|53,15|18,36|81,83/18,48=18,36,99,75,48
11,69|51,12|51,36|12,16|34,15|32,52|63,46|93,65|65,11|46,0|16,35|35,90|36,3|51,93|51,34|51,63|0,84|28,58|3,32|15,28/51,69=51,93,65,11,69
38,12|6,28|4,99|8,42|43,41|99,35|28,78|31,19|9,5|42,17|56,6|0,26|35,97|41,31|8,43|8,4|8,38|8,56|12,9|17,0/8,97=8,4,99,35,97
87,8|55,93|93,44|63,85|47,58|27,10|23,43|84,55|23,84|67,87|32,27|23,51|70,63|23,89|89,14|23,31|51,70|43,32|31,67|14,47/23,10=23,43,32,27,10
2,32|11,76|2,24|79,68|41,94|76,40|23,8|32,59|2,79|2,62|2,53|74,23|62,74|33,19|68,41|35,97|53,11|59,35|19,87|24,33/2,87=2,24,33,19,87
86,48|32,38|53,86|62,70|32,54|64,9|35,2|75,64|13,16|32,18|70,41|54,75|79,57|2,13|38,90|18,62|90,79|32,35|32,61|61,53/32,57=32,38,90,79,57
6,5|52,0|73,54|46,31|35,63|91,81|11,46|31,74|5,91|6,73|6,7|0,30|6,11|7,52|54,29|84,35|29,42|6,64|81,71|64,84/6,74=6,11,46,31,74
29,77|0,82|82,78|54,1|48,52|45,0|8,48|98,8|43,54|43,3|3,17|43,45|43,61|17,72|72,69|1,29|20,76|23,20|43,98|61,23/43,78=43,45,0,82,78
59,34|14,54|72,86|54,29|99,74|14,59|24,21|83,26|56,99|30,83|5,20|74,32|14,2|2,30|20,72|14,5|14,56|29,51|34,24|51,58/14,26=14,2,30,83,26
46,19|21,43|51,6|85,29|1,28|6,52|43,17|13,51|80,21|46,80|40,81|47,63|46,47|19,85|46,13|46,1|63,40|44,61|29,11|28,44/46,81=46,47,63,40,81
97,50|24,84|10,29|84,38|85,58|40,10|69,19|40,85|55,24|37,35|58,61|41,97|79,16|16,69|40,92|61,44|29,37|92,41|40,55|40,79/40,35=40,10,29,37,35
82,61|66,87|21,66|88,57|67,28|97,94|97,73|73,31|11,82|97,25|94,50|57,43|87,42|25,11|31,63|97,93|97,21|63,74|93,88|50,67/97,74=97,73,31,63,74
64,6|25,64|56,68|88,51|51,69|65,9|63,73|68,15|79,29|65,61|61,56|65,88|9,25|65,45|29,13|45,75|69,33|22,79|75,63|65,22/65,73=65,45,75,63,73
34,57|25,23|53,25|79,17|79,76|75,1|64,73|73,94|17,64|10,5|37,34|1,46|79,42|5,2|79,53|46,8|23,3|76,10|79,75|42,37/79,94=79,17,64,73,94
96,4|2,84|4,57|96,94|94,59|96,61|55,31|21,77|51,18|18,53|96,23|57,55|61,1|96,78|1,45|45,40|59,2|78,51|23,21|77,7/96,31=96,4,57,55,31
91,81|85,78|38,23|70,43|23,85|57,48|73,8|48,37|43,18|47,73|38,70|78,41|37,6|18,98|81,27|38,24|24,47|38,57|27,77|38,91/38,77=38,91,81,27,77
85,70|84,39|17,50|27,29|35,58|14,49|58,81|81,51|29,43|49,38|43,78|39,17|27,85|38,64|27,84|70,67|78,3|67,54|27,14|27,35/27,64=27,14,49,38,64
81,22|66,34|95,87|66,36|66,12|6,15|32,6|28,32|12,64|22,43|96,52|93,84|34,81|8,93|48,95|66,28|87,92|66,48|64,96|36,8/66,92=66,48,95,87,92
33,76|52,91|50,42|16,67|42,81|87,50|79,47|52,64|52,53|52,93|93,99|73,16|91,38|31,20|99,79|52,87|64,73|53,24|38,33|24,31/52,76=52,91,38,33,76
37,91|96,81|95,96|38,78|31,60|37,94|25,67|37,34|37,38|78,31|97,1|1,6|94,86|34,25|91,97|67,7|37,88|86,65|65,55|88,95/37,6=37,91,97,1,6
40,11|92,54|60,92|16,12|78,38|72,51|28,53|40,66|38,68|46,60|40,46|11,50|66,28|40,96|96,72|51,49|50,16|53,9|7,78|40,7/40,12=40,11,50,16,12
46,97|60,45|97,9|37,1|39,60|9,66|46,94|46,20|46,4|48,56|2,48|45,64|94,59|20,37|59,41|41,47|46,39|4,2|1,68|66,82/46,82=46,97,9,66,82
6,94|0,17|41,71|1,96|3,93|61,77|36,61|28,2|2,39|0,66|0,13|0,1|13,12|66,72|96,3|72,6|12,41|0,45|17,28|45,36/0,39=0,17,28,2,39
34,33|74,6|84,0|17,76|0,67|76,34|90,57|3,46|57,80|3,17|3,10|46,84|10,63|73,45|3,90|47,58|80,65|63,47|45,74|3,73/3,67=3,46,84,0,67
46,31|29,99|69,45|45,22|31,26|69,46|75,97|7,92|22,7|26,94|6,76|69,27|69,75|44,39|69,83|97,44|43,29|48,6|27,48|83,43/69,94=69,46,31,26,94
79,18|49,28|51,88|72,71|59,4|70,7|18,34|19,79|59,17|59,19|88,70|59,1|68,37|59,51|4,54|71,83|1,72|54,68|28,45|17,49/59,34=59,19,79,18,34
56,44|54,46|54,9|60,0|44,82|90,31|22,70|81,97|0,23|46,13|14,81|54,90|13,72|54,60|72,26|23,77|54,30|30,56|31,22|9,14/54,82=54,30,56,44,82
64,38|38,60|94,88|10,13|88,45|98,44|10,98|33,64|80,94|10,47|13,35|47,86|70,17|44,58|10,80|58,30|86,12|35,70|12,57|10,33/10,17=10,13,35,70,17
30,96|61,26|67,95|1,48|30,61|30,67|86,53|30,93|73,57|29,81|93,29|81,8|4,7|36,72|7,86|95,73|96,1|30,4|26,36|48,40/30,40=30,96,1,48,40
64,57|5,47|41,81|77,30|64,19|81,12|64,88|83,80|57,77|80,66|64,49|58,28|73,58|47,14|28,18|88,83|30,46|19,41|49,5|64,73/64,14=64,49,5,47,14
86,29|9,23|21,98|67,24|23,5|64,21|66,97|48,43|86,69|86,64|69,9|6,37|86,67|43,66|24,6|29,88|98,53|86,48|51,50|88,51/86,5=86,69,9,23,5
54,20|5,36|75,87|93,56|93,94|94,53|39,18|53,5|56,86|48,75|87,99|93,39|76,33|18,14|33,73|93,49|93,48|49,76|86,54|14,43/93,36=93,94,53,5,36
34,19|96,56|72,69|66,5|92,40|8,72|8,34|69,64|19,52|64,43|40,79|8,94|94,92|8,96|8,33|62,1|56,62|52,45|5,38|33,66/8,45=8,34,19,52,45
88,67|14,29|62,35|89,62|24,47|14,24|74,82|8,49|14,59|59,70|35,4|67,12|51,74|14,89|82,44|47,23|29,88|14,51|70,8|23,38/14,38=14,24,47,23,38
58,3|95,92|30,12|25,32|92,26|73,95|12,40|47,10|99,37|40,11|79,30|3,98|79,58|32,43|79,25|98,71|37,47|79,99|43,48|79,73/79,48=79,25,32,43,48
86,92|61,1|68,80|1,78|92,97|86,98|80,25|86,61|86,68|90,56|88,64|25,40|98,90|97,63|59,55|78,45|56,71|64,59|86,88|63,28/86,40=86,68,80,25,40
40,14|40,7|23,83|86,57|55,64|72,61|14,72|40,39|22,43|53,70|61,44|40,86|36,53|83,47|7,36|47,63|40,23|57,55|39,22|43,68/40,44=40,14,72,61,44
99,71|21,35|48,50|18,57|50,21|48,26|35,64|56,80|96,88|57,73|48,41|48,18|41,4|4,96|13,60|71,14|26,99|60,56|48,13|73,95/48,95=48,18,57,73,95
92,78|48,75|2,52|82,41|75,16|30,21|89,92|82,30|82,48|66,85|16,37|14,89|41,12|12,45|81,77|21,81|52,66|82,2|82,14|45,90/82,37=82,48,75,16,37
5,47|10,5|83,12|31,75|87,92|11,48|35,31|83,73|73,87|18,41|12,86|32,11|53,32|83,79|83,53|83,33|92,55|33,35|79,10|86,18/83,55=83,73,87,92,55
6,5|65,37|82,53|5,60|67,79|59,63|2,65|79,40|47,28|96,67|77,6|59,96|59,51|59,16|59,77|14,82|16,14|28,42|51,47|63,2/59,60=59,77,6,5,60
41,12|10,7|68,41|66,61|32,10|51,46|47,3|12,51|59,6|3,65|68,86|68,32|76,47|7,64|77,80|6,77|68,59|93,66|86,93|68,76/68,61=68,86,93,66,61
76,12|80,31|9,45|20,28|79,80|60,40|27,4|31,36|36,78|45,60|32,20|79,23|49,32|79,9|18,71|23,53|53,18|12,27|79,76|79,49/79,71=79,23,53,18,71
69,75|4,8|30,99|10,4|10,90|99,63|10,30|90,21|53,38|97,33|63,59|38,64|33,56|65,6|10,15|10,97|56,83|21,69|15,53|8,65/10,75=10,90,21,69,75
45,90|11,75|93,49|61,45|92,2|42,53|29,93|49,31|61,70|90,11|72,34|79,72|2,41|25,46|40,92|61,29|53,25|70,79|61,40|61,42/61,41=61,40,92,2,41
85,33|74,52|26,49|52,40|27,16|62,77|96,26|76,96|40,7|7,9|77,32|74,2|3,27|16,67|79,65|74,76|74,79|65,85|74,3|2,62/74,67=74,3,27,16,67
56,45|97,89|18,90|51,66|75,1|87,97|3,51|16,65|85,68|73,18|32,3|82,73|32,81|66,50|32,56|32,82|65,85|32,16|45,75|81,87/32,50=32,3,51,66,50
51,66|50,95|11,48|51,87|45,63|48,50|75,52|63,85|51,86|42,76|87,79|90,28|28,59|51,45|13,42|51,11|85,26|66,13|86,90|79,75/51,95=51,11,48,50,95
60,44|60,32|92,70|60,93|82,79|41,67|37,41|97,20|44,97|32,59|20,27|22,91|14,37|60,21|93,92|63,82|60,14|59,22|70,45|21,63/60,45=60,93,92,70,45
7,4|14,43|43,20|73,10|72,1|90,73|1,8|88,72|88,14|8,67|88,98|12,7|10,79|20,58|4,48|88,12|9,26|88,90|98,9|26,37/88,58=88,14,43,20,58
98,29|55,36|29,28|69,33|97,64|57,94|97,41|65,32|20,92|64,77|77,20|97,65|11,57|97,24|97,46|33,78|32,55|46,98|24,69|41,11/97,78=97,24,69,33,78
19,76|31,84|49,82|38,98|78,68|13,38|79,31|64,69|98,72|96,19|96,13|32,17|96,55|96,32|55,79|30,78|17,64|76,49|96,30|68,20/96,72=96,13,38,98,72
30,52|30,73|30,65|42,28|51,43|28,80|43,67|65,68|73,46|52,42|47,66|25,47|88,9|68,88|30,90|76,13|46,76|90,25|30,95|95,51/30,66=30,90,25,47,66
21,79|33,54|97,37|54,4|97,60|60,38|0,32|38,99|4,49|79,6|97,18|97,21|76,0|6,80|37,76|59,65|97,33|99,42|1,59|18,1/97,32=97,37,76,0,32
0,67|12,35|27,88|4,51|83,45|0,83|78,64|41,21|35,4|0,12|97,78|0,58|46,74|81,41|67,81|45,46|58,97|76,80|0,76|80,27/0,74=0,83,45,46,74
15,94|44,36|96,18|8,24|18,35|42,10|96,4|96,42|39,81|12,45|96,44|28,89|45,79|4,12|35,28|10,8|96,68|16,15|68,16|36,39/96,81=96,44,36,39,81
73,78|0,1|77,69|40,34|74,81|69,24|17,0|17,14|2,40|98,15|78,39|15,48|1,74|38,77|17,30|34,72|17,38|17,2|30,98|14,73/17,39=17,14,73,78,39
93,13|45,95|93,89|99,42|58,17|60,9|42,26|93,47|17,22|43,81|47,99|85,43|95,80|52,60|13,58|81,91|93,85|89,45|93,52|9,7/93,26=93,47,99,42,26
3,92|6,30|58,43|61,6|43,3|1,97|32,38|66,86|50,66|86,17|92,52|58,50|38,78|97,76|58,10|58,61|58,28|30,94|28,32|10,1/58,94=58,61,6,30,94
21,72|41,55|51,9|41,63|4,51|19,42|41,64|41,4|6,83|82,8|64,19|42,36|83,82|34,21|99,24|55,99|9,79|63,34|24,98|41,6/41,79=41,4,51,9,79
75,13|70,80|57,39|97,72|5,89|89,4|16,97|96,28|70,96|28,57|70,5|72,7|13,81|70,16|4,8|45,40|80,75|74,14|70,74|14,45/70,39=70,96,28,57,39
86,89|5,1|1,33|16,18|24,26|33,70|5,0|47,68|5,46|66,74|5,16|12,47|5,4|4,66|74,37|26,28|46,12|18,86|70,67|0,24/5,37=5,4,66,74,37
96,42|77,82|82,16|29,89|16,20|0,85|48,0|77,96|77,48|34,71|20,39|86,29|42,2|85,92|77,60|77,86|89,81|71,23|2,45|60,34/77,45=77,96,42,2,45
30,39|23,70|67,48|67,10|67,65|79,27|65,81|95,20|2,44|48,23|20,2|67,66|27,74|10,79|66,54|81,30|78,26|54,78|67,95|70,83/67,39=67,65,81,30,39
58,56|58,54|58,5|47,78|33,9|36,23|49,60|84,92|23,84|9,47|56,35|97,96|58,36|68,79|96,14|58,33|54,97|81,49|35,68|5,81/58,92=58,36,23,84,92
0,90|23,74|90,26|25,50|8,65|67,25|22,0|60,92|76,61|27,59|45,76|45,23|74,27|45,67|2,75|45,8|65,60|45,22|50,64|61,2/45,26=45,22,0,90,26
95,23|85,94|79,54|94,35|30,97|18,0|85,28|85,30|10,48|97,10|40,18|67,72|54,47|28,44|8,40|35,95|85,62|85,8|62,79|44,67/85,0=85,8,40,18,0
84,88|26,78|84,58|61,54|34,52|89,29|33,56|71,19|58,13|9,55|13,26|20,33|84,71|84,34|75,89|19,61|52,9|56,12|84,20|88,75/84,78=84,58,13,26,78
74,87|9,21|35,9|20,92|37,44|57,96|92,54|57,20|30,37|33,74|57,39|57,30|57,35|88,32|38,88|54,91|44,19|96,38|21,94|39,33/57,91=57,20,92,54,91
30,4|68,77|88,13|12,88|46,37|78,33|26,68|37,78|20,22|32,12|20,32|20,46|22,30|82,75|7,82|75,5|20,26|77,41|4,85|20,7/20,33=20,46,37,78,33
17,51|27,40|40,10|55,41|87,3|17,27|35,87|13,94|74,55|17,39|51,74|39,13|17,95|75,7|94,86|10,29|7,47|95,35|17,75|47,92/17,29=17,27,40,10,29
1,31|57,8|11,59|63,62|92,42|41,83|92,98|98,63|2,1|92,38|56,52|38,11|92,14|14,2|42,60|59,33|62,73|83,57|92,41|60,56/92,8=92,41,83,57,8
38,94|87,39|44,22|34,26|94,34|24,27|8,44|8,38|76,66|52,55|98,81|8,25|8,87|25,2|2,98|8,24|21,41|27,76|39,52|22,21/8,55=8,87,39,52,55
42,13|30,14|10,49|45,98|45,39|98,16|39,10|45,56|16,87|45,4|49,89|87,50|4,60|73,2|13,12|60,30|53,42|45,53|2,0|56,73/45,0=45,56,73,2,0
55,33|80,85|33,27|2,75|62,94|88,62|92,93|45,80|13,70|60,88|22,95|27,40|45,55|85,22|45,2|8,49|49,92|45,60|45,8|75,13/45,93=45,8,49,92,93
24,59|60,82|88,56|4,57|90,20|18,60|24,71|56,42|52,49|59,10|72,68|10,72|83,52|24,90|71,83|42,47|20,4|8,18|24,88|24,8/24,68=24,59,10,72,68
76,58|86,91|97,90|86,33|58,10|86,80|16,99|91,76|26,82|86,26|82,97|33,92|44,75|30,19|92,30|75,5|86,28|99,29|80,16|28,44/86,29=86,80,16,99,29
63,93|43,29|51,74|38,43|51,99|51,6|99,63|80,91|7,85|55,38|92,56|56,7|12,37|93,10|84,80|74,12|37,11|51,92|51,55|6,84/51,29=51,55,38,43,29
8,72|42,36|91,82|39,42|7,45|82,67|39,56|15,75|56,61|39,88|75,14|67,19|39,91|36,49|61,8|39,46|45,47|46,15|88,7|49,12/39,72=39,56,61,8,72
26,73|7,56|6,35|44,39|57,22|82,57|76,26|82,6|82,37|22,19|56,45|82,99|4,75|99,7|82,91|37,76|19,24|75,40|35,44|91,4/82,39=82,6,35,44,39
94,35|51,29|80,76|89,5|2,95|35,92|49,34|29,27|92,44|5,49|82,51|2,10|2,82|40,57|95,45|2,89|76,79|45,40|2,94|10,80/2,27=2,82,51,29,27
66,28|93,35|58,79|49,66|80,93|67,78|98,58|43,52|15,98|68,43|80,62|35,64|62,68|80,15|80,67|80,49|64,24|78,10|10,53|28,14/80,53=80,67,78,10,53
30,29|80,30|17,42|89,32|61,19|61,40|40,70|42,68|61,78|96,18|32,50|31,17|18,46|70,38|61,31|19,89|78,80|61,96|38,81|46,87/61,68=61,31,17,42,68
56,61|92,1|26,22|88,89|24,81|22,5|56,26|84,88|5,36|12,24|57,15|15,19|56,12|56,28|61,54|82,57|81,62|28,84|56,82|54,92/56,36=56,26,22,5,36
4,30|62,23|97,11|23,1|1,25|95,46|49,35|53,5|97,95|97,15|15,78|11,28|28,82|35,61|61,39|82,63|46,53|78,4|97,49|97,62/97,25=97,62,23,1,25
5,73|52,48|83,10|16,51|86,44|12,0|48,7|51,15|36,12|44,83|5,16|7,93|70,80|5,52|5,86|80,33|38,36|73,70|15,49|5,38/5,0=5,38,36,12,0
82,73|17,14|17,36|52,96|74,51|36,24|25,87|77,19|19,76|17,35|73,18|35,54|89,28|87,74|54,89|17,25|17,13|14,77|24,52|13,82/17,28=17,35,54,89,28
53,38|94,56|54,99|52,62|94,80|9,5|80,52|4,93|75,9|93,24|24,11|94,71|15,70|94,4|62,41|94,53|38,54|56,75|70,34|71,15/94,11=94,4,93,24,11
54,92|50,81|87,66|1,60|80,71|27,24|84,27|71,44|45,87|80,4|80,68|80,84|36,1|24,96|44,54|81,93|80,94|68,50|4,36|94,45/80,93=80,68,50,81,93
2,97|74,2|20,98|99,91|69,30|63,74|21,57|98,84|21,80|83,43|21,99|80,20|49,52|52,69|91,47|47,75|21,49|87,83|21,63|57,87/21,43=21,57,87,83,43
95,99|12,6|95,31|58,20|31,72|95,27|6,5|27,51|42,50|98,59|87,58|50,21|21,71|51,98|17,57|20,53|72,17|99,12|95,87|95,42/95,71=95,42,50,21,71
60,23|2,54|60,59|59,61|60,37|33,88|23,2|88,9|28,92|8,58|60,8|34,94|60,33|92,83|54,73|58,3|37,28|3,35|61,34|9,36/60,36=60,33,88,9,36
18,58|82,65|96,28|99,84|99,61|99,67|99,82|65,81|28,18|61,71|81,88|99,96|3,59|67,69|69,44|74,38|71,74|84,83|44,70|83,3/99,70=99,67,69,44,70
79,41|79,91|50,2|2,89|79,58|81,34|4,30|34,48|54,4|41,72|58,75|30,9|91,50|53,81|25,15|79,53|87,31|75,25|72,87|79,54/79,31=79,41,72,87,31
56,94|94,50|76,92|76,56|34,33|1,55|50,12|74,59|76,34|76,1|85,95|45,14|63,5|8,27|55,63|27,4|76,85|95,45|92,8|33,74/76,4=76,92,8,27,4
78,77|32,83|32,53|83,61|49,29|99,65|21,64|61,11|65,78|53,70|29,37|70,34|32,41|32,99|57,81|34,97|41,49|32,21|11,28|64,57/32,28=32,83,61,11,28
92,62|62,72|68,56|46,16|43,41|4,20|49,27|40,66|20,43|56,57|46,64|46,40|21,68|6,51|46,4|51,50|16,92|64,6|46,21|66,49/46,57=46,21,68,56,57
10,38|79,95|54,19|79,68|22,0|60,78|19,40|35,61|79,7|79,10|40,33|68,48|7,22|79,54|77,26|95,76|38,77|76,60|0,8|48,35/79,26=79,10,38,77,26
80,65|80,57|57,89|51,29|65,70|79,86|46,38|12,44|24,51|9,24|92,46|58,79|62,58|70,25|28,92|25,32|80,28|80,62|80,9|89,12/80,32=80,65,70,25,32
48,47|97,88|23,42|7,54|10,7|85,49|27,65|48,97|49,21|47,66|0,79|12,30|13,85|54,36|66,0|48,13|48,10|48,23|42,27|88,12/48,21=48,13,85,49,21
37,52|53,27|27,31|9,36|12,37|23,1|94,97|36,38|12,73|92,13|52,67|12,23|1,94|12,81|67,17|12,71|71,53|81,72|73,9|72,92/12,13=12,81,72,92,13
37,6|10,53|4,41|40,34|4,55|4,78|6,25|91,40|34,42|4,96|57,10|49,65|60,18|41,7|7,60|78,49|96,57|55,37|65,62|4,91/4,62=4,78,49,65,62
82,4|57,61|68,43|23,48|71,53|92,62|53,25|23,83|61,0|23,89|83,57|54,82|91,54|17,68|89,17|62,93|48,92|23,91|66,71|23,66/23,0=23,83,57,61,0
47,16|11,75|60,73|1,92|24,11|73,47|53,46|92,56|33,99|75,19|60,1|60,96|60,65|56,4|96,53|46,21|65,33|16,51|60,24|99,94/60,4=60,1,92,56,4
55,40|3,8|91,28|69,62|28,16|91,92|97,49|49,3|92,55|68,90|44,9|35,69|45,68|91,35|62,36|91,97|40,70|16,44|90,84|91,45/91,70=91,92,55,40,70
28,64|9,78|5,46|97,70|54,2|56,5|91,95|46,54|15,88|95,63|56,97|56,9|70,45|45,86|78,15|64,59|56,32|37,91|56,37|32,28/56,86=56,97,70,45,86
35,12|35,42|64,56|19,37|0,52|42,19|35,2|35,77|56,60|92,78|35,94|37,84|9,27|13,9|77,99|94,64|99,92|65,0|2,13|12,65/35,60=35,94,64,56,60
3,48|58,98|48,27|49,3|52,43|98,2|68,5|76,62|49,52|62,47|2,69|90,29|49,58|49,68|27,84|43,23|47,73|23,55|49,76|5,90/49,69=49,58,98,2,69
36,67|92,77|11,17|70,80|59,11|17,27|16,89|70,59|73,3|71,90|89,72|90,73|70,60|60,36|70,71|80,16|70,92|67,9|77,29|29,45/70,3=70,71,90,73,3
30,37|30,77|15,20|30,69|69,76|30,93|59,71|55,15|93,34|39,89|60,59|37,60|30,55|34,97|28,32|97,42|20,73|77,45|76,28|45,39/30,73=30,55,15,20,73
61,51|79,65|72,0|47,2|84,9|84,79|9,92|35,32|84,89|84,15|21,38|3,47|84,46|92,61|89,35|38,6|32,62|46,21|15,3|65,72/84,0=84,79,65,72,0
91,66|46,15|54,46|49,50|82,55|90,31|34,20|15,19|54,91|66,49|19,7|29,22|69,1|1,29|55,34|31,9|54,82|54,90|9,81|54,69/54,20=54,82,55,34,20
50,21|21,48|91,88|56,69|52,56|71,96|39,52|8,28|65,91|88,99|69,79|39,19|44,98|39,63|39,44|98,71|94,8|19,94|63,50|39,65/39,79=39,52,56,69,79
44,26|37,98|9,31|68,82|99,37|63,16|1,19|0,68|63,90|21,45|63,29|79,99|16,21|63,44|90,0|45,5|26,1|63,79|58,9|29,58/63,5=63,16,21,45,5
49,16|5,86|41,38|68,74|9,6|38,9|63,35|10,29|20,68|78,20|5,41|54,63|86,10|5,24|5,78|16,65|28,54|29,37|5,28|24,49/5,35=5,28,54,63,35
84,14|46,23|70,67|66,70|14,46|10,77|10,47|77,76|74,59|39,69|92,21|10,28|67,44|10,84|47,92|28,5|10,66|5,39|21,1|76,74/10,59=10,77,76,74,59
63,77|20,7|63,57|92,96|68,88|83,12|50,46|21,20|88,27|12,14|45,21|59,92|57,50|27,76|46,41|77,83|63,55|63,45|55,59|63,68/63,96=63,55,59,92,96
3,93|8,9|3,24|25,48|19,92|59,89|24,8|93,86|6,19|85,72|3,60|89,39|86,25|3,97|60,59|97,85|9,50|3,7|7,6|72,38/3,39=3,60,59,89,39
84,27|74,52|74,17|59,95|23,4|11,5|17,99|83,56|74,84|19,62|48,6|74,19|53,59|52,53|99,23|82,40|62,82|27,83|6,11|74,48/74,40=74,19,62,82,40
3,18|10,22|0,95|12,63|12,35|83,5|22,73|12,85|53,10|12,53|30,41|63,80|95,57|38,3|12,49|85,38|80,83|51,30|35,0|49,51/12,41=12,49,51,30,41
39,51|22,72|7,5|52,94|94,25|53,50|52,8|51,93|67,73|52,39|52,7|5,53|18,31|14,64|8,22|72,78|73,18|25,14|93,96|52,67/52,31=52,67,73,18,31
68,46|11,75|48,33|9,2|14,21|8,11|33,42|21,81|68,9|86,44|88,8|74,48|2,32|80,86|68,88|68,74|68,65|32,25|46,14|65,80/68,42=68,74,48,33,42
63,38|53,90|77,28|25,55|32,24|60,53|38,33|7,35|58,25|55,99|33,80|23,42|42,98|23,63|23,32|24,77|90,1|23,60|23,58|98,7/23,80=23,63,38,33,80
64,52|87,4|64,32|88,44|64,87|32,69|28,24|64,67|45,88|64,45|18,40|47,18|98,83|76,63|44,7|4,28|63,35|67,47|52,76|69,98/64,40=64,67,47,18,40
10,14|24,32|76,3|15,9|0,76|51,8|24,13|41,10|24,0|24,63|39,87|3,78|63,15|24,75|8,55|32,51|75,54|9,4|54,39|13,41/24,87=24,75,54,39,87
10,28|28,4|96,98|87,51|2,40|80,96|79,11|56,85|51,56|40,79|4,48|73,32|80,31|22,5|80,10|80,87|80,2|98,22|31,73|32,97/80,85=80,87,51,56,85
39,23|18,0|36,51|36,60|60,48|36,22|19,93|51,39|48,80|0,87|74,85|80,42|93,47|16,74|23,58|47,66|52,16|36,19|36,52|22,18/36,42=36,60,48,80,42
42,53|82,18|80,98|53,9|42,80|9,51|7,8|51,27|89,26|57,58|18,10|1,76|10,74|97,88|98,7|88,1|26,57|42,89|42,82|42,97/42,76=42,97,88,1,76
51,82|8,6|82,8|2,1|91,12|81,91|53,39|51,81|51,46|6,84|80,53|25,23|26,2|23,52|39,88|51,80|12,65|52,16|46,26|51,25/51,1=51,46,26,2,1
11,96|47,44|19,87|87,69|47,66|47,19|97,74|33,77|82,80|26,11|69,27|47,26|47,82|80,20|96,90|66,33|20,37|77,48|44,97|74,21/47,90=47,26,11,96,90
12,93|94,52|16,51|55,63|17,28|93,8|53,94|8,46|27,79|55,56|79,14|55,12|40,17|49,27|56,16|55,24|63,40|51,86|24,53|55,49/55,52=55,24,53,94,52
12,75|64,26|76,74|88,76|62,78|65,14|58,12|58,40|36,96|14,36|19,0|58,64|78,52|75,19|58,65|7,73|58,79|26,7|40,88|79,62/58,74=58,40,88,76,74
10,67|35,69|95,85|43,6|6,30|17,19|94,17|35,33|67,27|47,94|35,51|69,64|97,59|51,10|85,75|64,97|35,43|33,95|35,47|30,92/35,92=35,43,6,30,92
30,61|27,94|90,53|1,27|46,26|39,98|74,54|43,1|43,74|94,75|52,13|91,99|4,91|43,68|54,39|43,90|53,46|43,52|68,4|13,30/43,75=43,1,27,94,75
51,92|45,82|41,16|55,38|5,14|29,67|6,0|55,56|16,6|55,5|55,41|56,75|30,7|75,10|38,45|55,29|10,60|14,51|82,93|67,30/55,92=55,5,14,51,92
8,87|86,18|94,92|27,59|90,27|8,90|11,62|18,11|59,34|88,28|71,9|87,1|8,94|50,71|8,86|8,46|6,55|92,6|46,50|1,88/8,34=8,90,27,59,34
13,40|40,63|13,16|25,51|13,83|13,25|88,59|16,23|82,52|37,38|52,37|71,10|80,94|23,30|83,64|64,80|30,98|13,82|63,71|51,88/13,94=13,83,64,80,94
73,41|25,71|66,67|25,60|83,56|57,84|58,11|18,66|25,73|82,80|25,89|71,58|25,83|76,87|60,98|56,82|89,18|11,79|98,76|41,57/25,87=25,60,98,76,87
69,38|82,8|5,75|71,94|22,16|75,76|47,64|4,39|49,22|94,69|12,47|71,33|38,1|33,12|39,82|71,4|43,49|71,43|80,5|71,80/71,1=71,94,69,38,1
64,16|32,42|42,67|64,2|2,28|65,77|53,32|64,37|69,17|48,11|41,65|61,18|64,53|85,48|37,41|17,39|11,49|16,69|28,61|64,85/64,49=64,85,48,11,49
86,75|28,47|5,90|60,84|95,89|74,60|95,28|95,70|39,86|71,44|97,45|95,6|6,5|90,27|44,46|47,97|95,39|89,74|70,71|75,50/95,50=95,39,86,75,50
65,6|4,8|30,99|10,4|10,90|99,69|10,30|90,21|53,38|97,33|69,75|38,64|33,56|63,59|10,15|10,97|56,83|21,65|15,53|8,63/10,75=10,30,99,69,75
1,37|11,20|47,28|14,11|18,47|32,56|39,53|57,79|20,90|93,32|14,97|14,24|14,15|97,1|15,93|14,57|90,43|79,39|24,18|37,16/14,28=14,24,18,47,28
8,73|93,40|11,88|65,29|13,47|55,12|26,94|73,46|53,22|23,31|40,4|53,8|88,65|53,23|12,26|53,55|53,11|46,48|31,13|22,93/53,4=53,22,93,40,4
12,31|41,89|11,76|10,11|21,61|15,88|77,10|61,72|31,14|44,37|15,77|88,44|33,41|56,33|15,21|37,60|14,71|15,12|15,56|72,22/15,76=15,77,10,11,76
39,82|77,93|46,43|39,78|39,63|78,28|67,36|39,6|34,22|74,34|70,46|6,74|36,26|28,77|72,73|43,85|89,72|39,70|82,89|63,67/39,26=39,63,67,36,26
78,14|29,78|77,61|29,31|15,33|37,88|1,38|94,37|33,51|40,1|44,7|90,94|29,90|51,54|75,40|31,77|29,15|61,32|29,75|14,44/29,54=29,15,33,51,54
87,16|5,42|79,7|40,84|40,88|40,5|52,36|42,79|20,35|15,10|60,74|84,51|40,87|10,83|83,24|88,20|35,92|51,52|40,15|16,60/40,92=40,88,20,35,92
96,81|7,52|5,7|33,96|51,59|19,71|71,45|64,33|95,64|13,51|95,82|35,13|6,70|89,6|43,89|45,14|82,5|95,43|95,19|95,35/95,59=95,35,13,51,59
53,3|66,53|13,81|78,50|2,13|6,41|6,14|21,33|6,21|52,22|86,64|41,2|33,86|46,34|54,52|49,66|6,49|6,78|14,54|50,46/6,3=6,49,66,53,3
85,67|47,12|78,41|17,7|27,47|7,45|37,85|37,34|50,27|37,72|37,50|80,95|51,99|33,80|72,51|67,78|71,17|37,71|99,32|34,33/37,41=37,85,67,78,41
52,97|32,51|19,67|28,86|67,87|99,32|25,99|86,34|25,19|34,57|87,71|51,17|1,52|25,48|25,72|92,76|90,92|48,90|25,28|72,1/25,71=25,19,67,87,71
63,20|93,98|98,31|30,93|49,45|8,63|89,24|48,38|24,76|45,89|65,92|92,19|59,5|38,59|19,0|49,84|49,65|84,8|49,48|49,30/49,0=49,65,92,19,0
64,12|12,57|94,88|10,13|88,45|98,44|10,98|33,64|80,94|10,47|13,35|47,86|38,60|44,58|10,80|58,30|86,70|35,38|70,17|10,33/10,17=10,47,86,70,17
96,28|87,96|86,91|25,89|19,27|73,25|89,68|87,85|48,43|87,56|11,35|87,14|85,86|91,22|65,11|14,65|56,53|87,73|53,19|28,48/87,27=87,56,53,19,27
68,35|40,54|13,24|47,12|97,62|47,6|33,55|81,30|43,13|89,15|62,17|6,43|47,89|47,36|47,81|15,33|12,44|44,40|30,68|36,97/47,55=47,89,15,33,55
40,91|34,8|40,86|24,51|8,90|78,98|40,74|40,59|52,61|91,1|86,24|21,78|59,34|40,96|80,19|51,39|74,80|19,57|1,52|96,21/40,98=40,96,21,78,98
75,88|66,92|66,5|78,75|97,22|46,53|26,31|66,59|92,46|53,39|55,78|8,97|31,86|17,80|77,8|98,17|66,55|59,98|66,77|5,26/66,88=66,55,78,75,88
69,90|39,69|23,57|52,36|39,59|18,25|39,54|90,52|56,37|77,95|20,11|54,75|39,23|57,77|59,81|75,20|39,17|17,18|81,56|25,91/39,36=39,69,90,52,36
26,81|37,21|81,25|52,83|24,34|26,44|13,18|50,22|22,52|57,24|25,76|26,50|98,57|76,43|79,37|32,79|44,12|26,98|12,13|26,32/26,18=26,44,12,13,18
90,35|11,69|99,73|91,44|9,10|63,11|42,91|9,89|56,24|9,90|12,42|37,56|59,88|10,45|69,33|89,37|9,12|9,63|45,59|35,99/9,88=9,10,45,59,88
77,43|7,49|44,58|77,27|58,46|94,88|77,57|43,38|72,7|87,89|77,52|52,6|77,72|57,44|38,87|6,50|49,12|88,95|50,70|27,94/77,12=77,72,7,49,12
61,13|89,78|59,54|66,22|61,80|94,50|76,94|16,12|61,4|4,59|50,90|13,97|54,51|28,17|61,16|17,75|61,76|80,28|97,89|12,66/61,51=61,4,59,54,51
84,88|79,1|38,4|29,38|61,37|79,80|79,34|34,29|76,84|22,25|37,12|93,9|25,71|73,76|79,70|79,73|1,61|80,55|70,22|55,93/79,4=79,34,29,38,4
49,9|44,36|33,14|91,68|25,44|69,31|68,18|9,56|33,19|14,49|33,66|36,30|33,48|48,79|32,10|66,97|97,32|79,69|33,25|19,91/33,31=33,48,79,69,31
18,4|92,16|35,81|84,94|76,49|83,59|84,42|57,69|84,76|94,92|88,34|11,8|84,88|34,57|84,11|81,67|8,83|16,79|42,35|49,18/84,4=84,76,49,18,4
21,41|40,61|22,40|32,79|10,88|43,2|32,10|88,43|3,42|56,90|41,71|79,56|32,12|78,22|32,4|4,21|32,78|12,0|90,34|0,3/32,34=32,79,56,90,34
97,31|30,63|31,56|56,62|33,2|30,47|30,97|30,9|72,93|10,67|47,33|9,10|66,96|63,66|96,59|30,72|68,94|93,68|67,8|2,15/30,94=30,72,93,68,94
60,11|55,68|5,62|55,51|55,88|98,86|86,46|68,60|43,98|55,48|55,43|21,3|51,85|62,24|48,5|37,71|11,26|88,74|74,21|85,37/55,3=55,88,74,21,3
14,46|14,69|83,67|39,30|40,4|35,90|56,83|49,22|14,40|60,49|76,60|14,8|46,56|4,35|8,89|93,33|14,76|84,39|69,84|89,93/14,90=14,40,4,35,90
80,99|3,42|31,6|80,57|6,87|86,91|80,3|42,56|56,77|9,74|57,78|4,81|26,9|80,50|74,82|15,4|99,31|78,86|80,26|50,15/80,87=80,99,31,6,87
91,53|62,98|21,48|69,15|91,96|96,16|48,32|53,29|16,83|98,79|17,35|23,62|91,23|35,46|46,22|83,33|29,69|91,17|91,21|32,87/91,33=91,96,16,83,33
35,14|33,31|99,55|33,95|51,97|78,2|95,25|28,77|25,99|33,60|33,51|39,35|31,39|17,88|73,78|87,73|60,0|33,87|97,17|0,28/33,2=33,87,73,78,2
3,26|37,18|18,3|37,62|73,28|37,65|37,83|26,45|0,10|98,35|62,91|75,60|37,73|28,75|83,55|91,0|55,41|65,39|39,98|41,52/37,60=37,73,28,75,60
96,85|84,10|85,48|24,87|46,83|87,92|67,84|18,61|88,66|67,99|26,96|67,60|67,88|60,24|66,27|10,18|67,26|59,46|99,59|27,81/67,81=67,88,66,27,81
43,7|84,11|60,61|48,15|60,43|90,12|60,52|7,84|18,53|21,41|8,21|79,47|16,8|47,48|60,16|50,90|52,50|53,3|61,18|60,79/60,12=60,52,50,90,12
39,82|77,93|46,43|39,78|39,63|78,28|67,34|39,6|72,73|74,72|70,46|6,74|34,22|28,77|36,26|43,85|89,36|39,70|82,89|63,67/39,26=39,82,89,36,26
20,80|3,85|20,94|90,99|38,63|20,32|94,54|54,29|61,14|80,3|85,24|63,95|47,17|29,88|14,58|99,47|20,22|32,61|20,90|22,38/20,88=20,94,54,29,88
14,6|80,94|91,73|66,98|73,10|45,70|6,87|97,91|90,79|90,97|98,80|90,19|19,14|70,72|48,49|90,45|49,0|79,48|90,66|72,59/90,94=90,66,98,80,94
48,47|97,88|23,42|7,12|10,7|85,54|27,65|48,97|54,36|47,66|0,79|49,21|13,85|12,30|66,0|48,13|48,10|48,23|42,27|88,49/48,21=48,97,88,49,21
2,72|68,2|19,80|7,14|80,7|68,19|86,9|23,56|72,55|42,34|68,60|41,23|48,83|16,33|83,42|33,86|55,84|60,41|68,16|68,48/68,9=68,16,33,86,9
97,73|98,97|32,70|66,69|41,31|26,43|71,32|73,39|53,41|22,51|69,53|76,22|62,76|25,26|66,62|66,98|66,94|70,91|94,25|66,71/66,51=66,62,76,22,51
0,63|0,77|30,85|0,24|33,29|79,33|0,74|74,92|77,10|62,64|92,48|0,78|48,16|43,49|10,30|24,43|78,58|49,19|63,79|58,62/0,19=0,24,43,49,19
31,5|46,91|30,44|23,18|44,52|78,26|40,72|78,31|78,22|78,30|89,0|78,69|5,40|22,23|24,89|91,17|18,8|26,24|52,60|69,46/78,72=78,31,5,40,72
13,72|17,23|17,94|27,36|6,18|17,91|91,13|61,6|62,73|36,47|52,22|17,52|75,45|17,95|58,62|72,92|22,75|95,27|94,58|23,61/17,47=17,95,27,36,47
71,19|52,76|26,17|10,14|14,71|10,95|7,11|64,65|37,88|10,26|76,37|65,33|44,7|10,52|19,8|10,81|17,4|4,72|81,64|95,44/10,72=10,26,17,4,72
58,45|20,7|20,48|20,63|94,61|61,49|28,97|22,69|63,28|96,43|71,77|48,31|45,96|20,58|20,47|7,94|80,22|47,80|97,26|31,71/20,26=20,63,28,97,26
5,7|70,55|54,14|11,31|54,58|83,79|57,16|82,35|89,4|54,70|54,83|35,74|55,11|87,5|54,57|14,82|79,80|16,89|58,87|80,63/54,31=54,70,55,11,31
43,98|55,1|98,96|21,59|67,54|68,67|21,7|21,13|76,93|59,68|21,38|13,18|7,43|91,55|6,26|21,91|1,16|38,39|39,6|18,76/21,93=21,13,18,76,93
58,9|4,96|34,58|33,11|44,57|99,50|50,75|4,79|59,69|9,39|4,34|24,44|4,24|37,99|96,36|57,67|43,33|36,59|79,43|4,37/4,69=4,96,36,59,69
90,57|90,17|99,47|5,96|90,82|17,5|90,99|40,79|82,63|84,72|47,3|3,20|1,70|11,40|63,1|86,84|50,11|90,50|96,76|57,86/90,72=90,57,86,84,72
72,68|74,60|1,40|74,22|55,95|74,1|35,92|40,35|74,49|74,71|71,14|14,4|49,65|60,45|4,18|65,72|41,0|0,79|45,55|22,41/74,68=74,49,65,72,68
34,57|25,23|53,25|79,17|79,76|75,1|64,46|46,8|17,64|10,73|37,34|1,5|79,42|73,94|79,53|5,2|23,3|76,10|79,75|42,37/79,94=79,76,10,73,94
20,49|50,19|12,32|65,85|67,83|44,67|32,50|49,56|83,73|17,65|80,25|44,17|85,18|44,33|47,63|33,20|73,94|44,12|63,80|44,47/44,19=44,12,32,50,19
96,98|71,5|46,96|68,4|68,71|68,3|68,82|79,46|4,58|39,97|65,66|5,37|66,86|25,35|82,39|37,17|58,25|97,26|68,79|3,65/68,35=68,4,58,25,35
43,65|29,72|35,82|38,14|59,35|17,38|72,59|65,11|29,41|41,17|61,88|29,96|29,18|18,43|29,69|68,94|86,68|12,61|69,86|96,12/29,11=29,18,43,65,11
2,45|34,37|34,15|51,75|37,51|82,67|19,89|67,25|15,82|69,72|45,19|34,2|7,33|30,7|34,30|72,93|34,21|75,22|21,69|33,42/34,25=34,15,82,67,25
65,62|64,63|70,64|40,20|71,46|75,65|92,88|30,75|98,66|46,49|30,70|30,98|20,92|62,61|30,40|49,24|66,97|30,71|63,27|97,18/30,61=30,75,65,62,61
7,30|95,1|26,95|11,3|26,13|26,59|13,27|80,2|1,7|59,70|64,11|26,81|81,64|20,48|27,20|70,80|26,79|57,45|45,5|79,57/26,3=26,81,64,11,3
35,40|20,79|88,2|2,62|76,35|80,73|97,76|34,20|96,47|73,90|97,63|97,93|62,84|97,58|47,21|93,34|58,96|97,88|40,8|63,80/97,21=97,58,96,47,21
24,30|31,72|86,44|16,24|35,75|86,91|5,16|75,64|91,35|51,40|11,51|86,5|86,89|28,31|89,83|44,11|86,28|21,57|83,21|72,32/86,32=86,28,31,72,32
85,9|27,97|63,81|98,11|1,72|88,46|27,88|97,65|72,98|66,49|76,63|38,87|27,1|87,54|27,37|37,38|46,85|71,76|27,71|65,66/27,49=27,97,65,66,49
28,39|54,96|42,18|5,58|68,48|48,32|26,89|13,78|50,68|28,86|86,24|24,54|49,5|33,42|28,13|78,26|39,49|28,50|18,72|28,33/28,89=28,13,78,26,89
1,92|0,58|28,26|76,77|92,28|16,9|1,6|26,68|6,49|1,56|41,59|12,57|58,70|1,0|37,12|49,16|70,20|1,41|56,37|59,76/1,68=1,92,28,26,68
53,79|13,25|6,69|78,66|64,13|28,48|78,64|67,68|78,6|14,67|25,76|78,30|78,5|69,28|30,53|5,14|79,31|93,72|12,93|66,12/78,76=78,64,13,25,76
54,20|7,66|80,48|3,7|4,47|4,91|4,80|91,87|87,98|66,15|10,60|47,54|48,10|20,25|4,19|98,22|30,51|16,30|19,16|4,3/4,60=4,80,48,10,60
56,38|5,74|94,59|11,18|74,73|2,83|35,51|86,88|4,5|88,57|59,11|56,2|56,94|38,85|56,4|85,29|83,35|57,20|56,86|29,76/56,73=56,4,5,74,73
90,78|23,52|23,54|98,90|49,45|23,94|83,79|86,27|45,8|37,86|52,87|87,4|23,80|23,74|74,37|80,49|94,60|60,83|54,98|4,95/23,79=23,94,60,83,79
52,9|81,15|51,92|99,79|29,83|79,56|52,59|56,33|9,63|52,91|13,54|52,99|94,13|59,94|63,81|52,64|83,86|92,11|64,29|91,51/52,11=52,91,51,92,11
67,84|72,57|35,66|25,37|66,56|37,42|54,51|67,97|67,35|67,54|98,13|84,72|56,58|57,18|2,98|67,2|13,64|97,25|51,92|92,81/67,58=67,35,66,56,58
63,78|63,8|64,22|97,31|16,21|73,50|8,16|0,11|98,43|85,39|49,30|22,98|78,0|63,64|21,56|63,85|39,49|31,73|11,66|63,97/63,66=63,78,0,11,66
96,78|75,92|23,25|75,73|80,42|92,0|0,23|30,6|75,30|6,45|45,12|78,66|98,99|75,63|73,79|63,41|41,98|75,96|79,80|66,43/75,25=75,92,0,23,25
91,65|87,12|7,14|54,87|21,91|10,94|72,47|72,34|63,92|12,57|11,9|34,11|72,17|17,21|94,32|72,54|9,89|47,10|92,7|72,63/72,14=72,63,92,7,14
55,40|86,10|74,23|26,14|27,82|69,86|55,27|23,34|55,75|62,11|66,63|75,74|92,66|55,69|46,26|82,62|14,64|10,25|55,46|40,92/55,63=55,40,92,66,63
24,8|22,54|80,21|70,2|67,77|96,91|22,96|22,70|29,24|22,29|91,3|21,71|47,67|54,47|87,80|22,87|8,76|2,32|32,92|3,27/22,71=22,87,80,21,71
96,40|93,17|56,16|37,70|37,5|70,93|59,74|37,52|5,95|17,6|95,94|37,97|94,90|37,56|42,30|16,59|97,96|89,42|40,76|52,89/37,76=37,97,96,40,76
33,43|96,77|81,73|73,38|16,52|89,65|81,12|81,97|81,96|81,53|97,99|52,34|72,45|53,33|12,16|98,59|77,89|99,72|38,98|43,5/81,59=81,73,38,98,59
3,29|25,49|73,36|83,6|74,25|42,45|15,42|56,93|51,73|51,1|1,83|39,56|6,97|36,3|93,41|49,12|51,74|51,13|13,15|51,39/51,12=51,74,25,49,12
80,24|35,31|1,57|31,71|80,75|9,64|76,27|81,90|24,35|27,9|90,48|4,72|88,87|87,1|80,88|62,4|75,62|80,81|48,15|80,76/80,71=80,24,35,31,71
31,57|59,2|97,81|0,89|78,55|85,0|89,78|25,97|21,6|42,60|85,95|6,31|85,52|95,25|2,82|85,21|86,59|12,42|52,12|85,86/85,82=85,86,59,2,82
99,55|73,91|17,62|85,84|84,83|93,94|51,73|51,1|51,34|91,93|36,2|51,31|1,99|31,36|83,59|55,40|62,16|34,17|51,85|2,42/51,94=51,73,91,93,94
16,13|96,35|22,25|96,22|58,67|65,17|67,94|35,16|17,59|91,20|20,60|96,65|96,91|39,26|13,71|59,66|96,58|25,39|60,10|94,98/96,10=96,91,20,60,10
46,97|60,45|97,9|37,66|39,60|9,48|46,94|46,20|46,4|1,68|2,1|45,64|94,59|20,37|59,41|41,47|46,39|4,2|66,82|48,56/46,82=46,20,37,66,82
43,37|32,64|81,18|6,92|36,13|62,4|62,65|88,6|37,71|62,88|62,43|48,56|92,24|64,81|62,32|65,36|13,86|58,48|4,58|71,9/62,18=62,32,64,81,18
71,4|23,82|96,89|66,42|60,17|56,32|51,53|51,3|38,96|68,60|10,71|17,73|39,66|51,23|51,10|53,38|82,56|51,68|4,46|3,39/51,32=51,23,82,56,32
26,68|96,14|7,65|29,39|7,57|52,29|86,17|7,52|7,96|22,99|14,22|63,85|65,79|85,26|42,86|7,63|57,42|79,15|39,32|15,77/7,68=7,63,85,26,68
5,3|34,1|33,48|17,67|60,16|55,45|33,34|33,60|3,55|16,44|92,52|65,28|33,92|1,15|22,17|44,75|33,5|52,65|15,78|48,22/33,45=33,5,3,55,45
11,20|47,44|19,87|87,69|47,66|47,19|97,96|33,77|82,80|26,11|69,27|47,26|47,82|80,74|20,37|66,33|74,21|77,48|44,97|96,90/47,90=47,44,97,96,90
14,93|14,10|26,85|42,9|9,44|62,30|85,91|86,46|30,45|55,31|14,86|10,42|87,51|66,26|14,4|93,62|46,55|4,15|14,66|15,87/14,51=14,4,15,87,51
63,71|98,79|72,98|63,23|71,61|63,72|91,92|45,10|97,12|79,95|56,99|36,26|86,76|23,97|63,36|12,60|61,86|99,45|63,56|26,91/63,95=63,72,98,79,95
6,80|72,12|6,34|54,45|80,28|76,68|86,72|45,8|6,42|57,76|2,21|21,33|12,43|17,20|61,54|6,61|6,86|28,17|34,57|42,2/6,20=6,80,28,17,20
45,76|12,59|7,23|31,78|90,97|78,67|73,82|67,46|24,69|51,49|10,92|40,90|97,73|40,7|92,12|40,10|40,31|40,51|49,24|23,45/40,82=40,90,97,73,82
83,70|5,6|62,93|93,8|25,62|88,72|25,23|25,67|25,63|6,42|72,44|25,88|23,97|97,83|8,59|49,36|44,30|63,5|67,49|36,28/25,59=25,62,93,8,59
21,5|7,89|97,68|13,10|22,16|80,1|3,66|5,48|53,3|51,53|62,13|75,22|62,21|10,80|48,12|89,97|62,51|18,75|62,18|62,7/62,68=62,7,89,97,68
86,16|50,65|50,41|66,35|63,38|18,51|38,71|50,89|65,86|41,77|50,69|12,66|69,12|51,72|44,63|50,44|77,28|89,18|16,20|28,17/50,17=50,41,77,28,17
26,61|99,69|1,31|69,78|76,77|78,96|3,36|28,19|77,3|76,1|36,13|27,70|31,26|19,90|76,27|76,25|70,22|76,99|25,28|22,6/76,61=76,1,31,26,61
74,70|29,51|35,58|74,26|16,57|73,39|51,56|33,86|71,47|26,2|25,35|39,15|74,29|2,16|15,64|74,73|86,71|74,33|56,30|70,25/74,57=74,26,2,16,57
74,65|4,56|25,54|23,82|54,15|56,42|25,46|85,27|27,23|22,73|45,74|73,96|86,9|25,4|25,40|25,85|42,34|15,86|40,45|46,22/25,9=25,54,15,86,9
8,77|5,79|97,30|59,35|34,8|64,86|79,62|28,97|90,16|86,14|62,90|5,57|5,43|5,34|57,64|35,99|43,59|77,55|0,28|5,0/5,16=5,79,62,90,16
26,82|83,22|24,30|47,50|83,6|91,97|30,0|43,15|54,91|22,54|15,28|83,43|50,26|6,24|70,92|92,31|83,70|83,47|31,73|28,4/83,0=83,6,24,30,0
27,92|18,29|46,74|45,70|94,25|96,7|46,27|74,45|46,42|46,94|70,2|12,79|92,8|79,40|46,97|25,96|29,54|42,12|8,47|97,18/46,47=46,27,92,8,47
89,3|48,9|48,66|12,58|48,39|48,54|26,90|73,14|54,12|48,47|81,89|66,81|49,0|39,82|92,49|47,92|27,73|9,27|58,5|82,26/48,3=48,66,81,89,3
16,17|27,92|27,23|33,2|63,10|92,63|27,12|9,33|12,73|73,88|88,1|97,93|27,9|0,16|84,97|23,0|2,98|10,46|27,84|93,14/27,98=27,9,33,2,98
3,57|24,17|24,3|90,60|85,68|9,46|17,85|32,90|68,58|89,82|75,15|24,89|57,83|5,27|24,75|15,5|82,9|24,32|83,4|60,41/24,46=24,89,82,9,46
68,4|48,80|65,99|91,85|43,84|99,66|48,59|59,36|48,90|48,68|36,78|78,19|87,43|8,87|4,91|48,8|80,86|86,77|90,65|77,23/48,19=48,59,36,78,19
12,85|99,63|63,9|15,10|23,67|8,88|79,73|83,59|38,99|5,76|5,12|10,22|76,1|5,38|73,83|5,79|85,8|1,23|5,15|22,6/5,6=5,15,10,22,6
5,56|13,42|30,5|58,94|79,19|13,30|68,81|42,99|48,79|13,58|45,27|99,45|13,38|53,54|29,53|56,74|13,48|94,68|19,0|38,29/13,54=13,38,29,53,54
13,65|34,6|34,96|96,42|67,37|34,19|37,2|3,35|34,48|14,13|55,99|35,46|34,14|27,78|65,89|42,27|6,3|99,8|48,67|19,55/34,2=34,48,67,37,2
57,0|52,13|27,15|62,93|0,6|35,62|76,35|8,83|6,4|76,57|88,80|81,28|15,8|93,78|76,27|80,65|65,71|28,52|76,88|76,81/76,13=76,81,28,52,13
3,42|73,57|30,11|3,73|57,43|3,18|40,12|47,95|27,50|18,21|21,47|44,27|79,7|42,44|3,40|43,13|24,79|12,30|28,24|3,28/3,11=3,40,12,30,11
65,54|2,65|79,90|50,83|83,92|70,42|66,23|15,36|70,88|3,79|99,66|54,13|42,50|70,2|70,9|36,61|70,99|9,3|23,29|88,15/70,90=70,9,3,79,90
40,54|0,24|40,2|81,97|2,29|12,25|49,76|26,18|33,81|97,30|8,51|24,12|54,26|87,78|40,87|78,8|40,0|40,33|18,68|29,49/40,51=40,87,78,8,51
11,32|94,58|63,8|62,21|54,61|47,62|94,69|73,31|72,93|93,54|94,72|3,11|94,88|69,24|58,3|24,63|94,47|21,20|31,29|88,73/94,29=94,88,73,31,29
19,15|27,26|21,35|55,61|31,13|45,21|61,71|35,90|18,19|55,18|13,23|25,31|11,10|9,27|15,34|71,11|55,25|28,9|55,28|55,45/55,10=55,61,71,11,10
61,8|91,66|36,77|62,76|22,62|34,91|36,63|89,15|14,82|63,10|15,26|41,34|36,31|10,61|77,89|36,22|36,41|45,14|76,28|31,45/36,66=36,41,34,91,66
52,57|41,88|87,77|52,96|51,56|77,47|31,41|17,69|54,64|64,80|52,31|52,17|69,1|1,91|29,51|57,87|56,32|96,54|88,10|52,29/52,10=52,31,41,88,10
62,13|78,59|33,52|92,62|92,28|27,97|42,18|15,33|55,99|92,75|28,78|13,27|68,15|75,2|59,25|18,20|64,42|2,55|92,64|92,68/92,20=92,64,42,18,20
44,74|53,43|15,93|10,75|4,83|29,44|15,51|75,4|43,59|55,38|61,85|51,53|15,10|38,6|6,70|93,69|15,55|74,95|69,61|15,29/15,85=15,93,69,61,85
89,19|70,35|67,3|70,7|59,49|70,89|34,15|7,78|93,32|23,29|35,1|19,54|70,93|1,59|32,23|15,62|70,34|54,71|62,80|78,67/70,29=70,93,32,23,29
25,99|95,60|67,58|98,78|69,88|69,85|45,25|46,62|69,5|69,95|84,46|91,67|17,43|78,75|88,84|5,45|58,61|60,17|69,91|85,98/69,61=69,91,67,58,61
90,10|15,56|65,90|93,84|93,48|51,32|48,15|91,58|93,11|13,86|56,75|11,65|45,51|96,36|84,45|93,13|93,49|58,19|49,91|86,96/93,10=93,11,65,90,10
35,33|71,42|10,32|10,71|32,15|15,47|10,35|85,48|10,23|23,98|98,85|33,76|69,29|42,27|27,68|66,69|10,66|47,62|76,64|29,22/10,22=10,66,69,29,22
78,87|22,91|94,9|99,27|22,34|9,30|45,83|22,78|74,75|34,60|83,99|87,16|98,94|22,45|42,33|91,74|60,42|16,46|22,98|75,73/22,73=22,91,74,75,73
4,75|73,54|78,12|31,4|54,1|73,74|73,55|12,59|50,81|55,50|73,63|74,29|97,30|81,89|1,97|73,15|15,31|49,83|29,49|63,78/73,89=73,55,50,81,89
11,86|12,80|26,69|85,18|12,10|70,96|23,26|12,85|12,4|49,66|86,28|80,23|96,15|12,41|18,74|74,97|95,49|10,11|41,70|4,95/12,15=12,41,70,96,15
55,6|19,51|34,24|55,13|1,38|81,1|55,39|13,16|31,62|16,34|17,45|60,31|2,60|7,96|39,81|6,36|45,19|36,7|55,2|55,17/55,38=55,39,81,1,38
27,88|16,61|49,4|51,38|64,29|4,97|73,55|61,41|85,14|29,45|85,58|85,73|55,27|35,64|97,8|85,49|14,43|85,35|58,16|43,51/85,8=85,49,4,97,8
38,0|96,14|66,31|6,68|7,10|68,12|7,66|7,60|7,99|7,21|99,24|31,57|57,94|70,96|10,6|21,29|29,38|71,48|24,71|60,70/7,12=7,10,6,68,12
1,16|21,31|39,59|85,1|59,22|27,68|78,72|27,21|57,51|18,92|68,39|15,78|16,69|72,45|27,15|27,57|51,18|27,85|67,83|31,67/27,22=27,68,39,59,22
91,81|88,50|55,11|70,91|64,55|45,97|20,99|68,48|48,45|42,24|24,33|42,30|81,35|42,68|42,88|33,56|56,13|50,20|30,64|42,70/42,13=42,24,33,56,13
3,15|77,4|15,50|69,91|69,1|75,97|69,88|88,77|69,3|1,82|37,55|9,75|4,68|30,95|69,37|44,42|82,30|50,28|91,9|55,44/69,42=69,37,55,44,42
14,93|14,10|26,30|42,9|9,44|62,87|30,45|86,46|87,51|55,31|14,86|10,42|85,91|66,26|14,4|93,62|46,55|4,15|14,66|15,85/14,51=14,93,62,87,51
6,67|13,92|6,71|2,78|80,62|29,79|87,35|6,51|49,13|78,87|6,2|6,47|71,49|67,29|81,20|79,83|51,81|62,9|20,36|47,80/6,9=6,47,80,62,9
69,65|64,72|84,32|88,22|29,68|3,52|52,58|42,88|14,45|32,64|84,3|58,8|22,49|84,82|72,37|84,69|82,98|65,14|84,42|98,29/84,37=84,32,64,72,37
72,69|23,86|72,2|96,11|36,59|49,20|19,23|44,74|85,40|74,93|0,49|72,46|11,82|72,85|93,32|46,96|40,36|69,19|72,44|2,0/72,20=72,2,0,49,20
97,72|1,91|29,24|58,38|52,1|63,93|78,87|52,42|24,63|52,29|52,58|91,97|87,10|7,35|44,7|35,33|38,57|52,44|57,69|42,78/52,69=52,58,38,57,69
88,23|72,60|50,72|88,21|4,83|12,62|35,85|51,35|21,51|88,12|69,92|88,66|62,74|88,89|6,69|23,53|66,50|53,4|74,58|89,6/88,92=88,89,6,69,92
68,15|62,84|26,34|98,99|17,62|9,40|99,52|9,98|78,17|48,56|38,74|18,38|70,48|74,85|9,26|34,68|9,78|52,71|40,70|9,18/9,71=9,98,99,52,71
27,43|46,39|86,75|42,24|31,46|23,42|98,86|82,15|20,27|24,69|75,30|43,88|93,66|31,98|31,23|66,0|31,20|39,82|40,93|31,40/31,30=31,98,86,75,30
20,51|93,31|40,33|33,78|90,70|35,43|5,93|14,90|48,0|70,11|5,14|51,3|5,65|88,35|3,42|31,48|5,20|65,40|50,88|5,50/5,42=5,20,51,3,42
8,33|64,9|74,92|48,2|90,97|71,48|35,64|92,50|90,29|88,19|19,84|90,43|43,7|90,35|90,71|9,96|7,8|2,41|29,88|97,74/90,84=90,29,88,19,84
89,11|89,26|26,57|11,75|37,6|89,91|89,34|57,87|84,29|83,61|75,58|91,83|25,37|64,84|58,43|87,19|61,22|89,21|21,64|34,25/89,43=89,11,75,58,43
84,3|66,9|80,92|76,52|67,70|44,6|23,65|3,34|79,90|70,68|76,79|76,80|76,37|34,81|76,84|90,44|92,66|65,40|37,67|52,23/76,68=76,37,67,70,68
93,18|65,15|57,93|92,60|54,65|71,95|92,7|68,86|8,57|46,51|99,68|60,91|91,46|95,85|15,20|7,99|92,8|92,54|92,42|42,71/92,51=92,60,91,46,51
78,91|64,27|7,45|49,52|10,49|91,53|52,7|10,84|36,75|34,0|10,17|10,36|57,62|85,34|75,57|76,64|84,76|17,85|10,78|53,99/10,45=10,49,52,7,45
21,41|90,34|22,90|32,79|10,88|43,2|32,10|88,43|40,61|56,3|41,71|79,56|32,12|78,22|32,4|4,21|32,78|12,0|3,42|0,40/32,34=32,78,22,90,34
5,27|50,83|81,50|30,68|81,10|4,26|54,5|26,52|27,22|81,54|80,30|10,15|81,17|81,80|17,4|83,31|59,39|68,45|31,38|15,59/81,45=81,80,30,68,45
65,99|7,41|45,42|48,86|85,87|41,62|62,38|86,34|74,8|97,66|66,70|99,45|80,94|48,7|48,85|70,81|34,80|48,97|87,74|48,65/48,81=48,97,66,70,81
27,10|55,87|87,8|63,85|47,58|93,44|23,43|84,55|23,84|67,27|32,93|23,51|70,63|23,89|89,14|23,31|51,70|43,32|31,67|14,47/23,10=23,31,67,27,10
92,60|6,10|1,67|87,39|29,83|10,87|1,91|97,7|41,72|1,92|16,48|72,36|60,16|1,6|80,29|7,94|1,97|94,24|91,41|67,80/1,36=1,91,41,72,36
54,95|95,20|90,77|58,60|47,96|89,48|48,90|74,37|58,70|58,74|22,94|37,22|58,89|60,92|53,32|96,53|92,99|99,39|70,54|58,47/58,39=58,60,92,99,39
26,74|89,72|67,99|74,5|23,17|85,53|91,23|72,46|85,92|15,96|48,26|93,15|36,91|85,36|56,67|53,93|92,56|85,7|7,89|85,48/85,17=85,36,91,23,17
12,17|96,41|60,57|70,77|62,53|68,88|68,60|64,34|39,9|41,39|53,67|57,12|68,64|38,46|88,78|78,70|68,96|68,62|34,38|67,18/68,9=68,96,41,39,9
74,90|90,82|82,60|31,71|52,21|41,91|91,9|31,6|53,66|21,50|40,69|31,74|24,41|71,53|6,75|31,52|31,24|50,23|75,40|66,81/31,9=31,24,41,91,9
1,37|51,89|34,7|62,34|1,23|1,78|71,62|1,71|19,85|1,16|14,65|48,98|80,19|23,63|78,48|37,61|61,14|16,80|98,9|63,51/1,89=1,23,63,51,89
77,26|64,21|64,63|55,38|64,69|24,65|21,47|99,55|94,91|26,61|74,89|89,53|15,77|69,99|64,15|80,94|47,24|91,16|64,80|63,74/64,16=64,80,94,91,16
73,8|20,24|12,6|8,31|62,12|73,42|26,71|73,51|31,59|73,77|24,63|51,49|71,79|49,70|70,55|59,30|42,62|77,20|79,64|73,26/73,55=73,51,49,70,55
75,49|94,14|53,10|95,93|95,53|13,90|95,59|91,94|69,35|90,11|11,51|59,33|14,8|33,69|93,75|49,30|2,22|10,2|95,91|95,13/95,22=95,53,10,2,22
50,7|50,88|7,26|93,2|65,64|19,39|50,15|53,19|24,53|29,42|88,93|15,1|4,65|1,29|94,4|2,48|26,73|50,94|50,24|73,60/50,48=50,88,93,2,48
67,3|31,97|94,9|70,2|46,74|6,79|18,67|48,19|79,48|61,94|18,61|68,37|9,87|18,6|3,46|21,76|18,31|76,70|18,21|97,68/18,37=18,31,97,68,37
86,59|75,11|73,30|6,94|86,12|58,68|89,58|86,6|66,89|0,1|59,93|94,75|12,55|14,0|93,73|55,64|64,53|86,14|86,66|1,72/86,53=86,12,55,64,53
75,29|42,17|35,20|17,54|42,73|46,90|42,40|27,66|24,26|29,38|76,27|54,35|73,18|89,76|40,75|42,89|31,46|18,24|90,34|42,31/42,34=42,31,46,90,34
60,67|60,46|60,13|86,97|39,50|41,14|26,35|30,64|65,37|13,40|46,54|37,0|67,65|54,30|60,39|60,23|23,98|98,86|40,41|50,26/60,64=60,46,54,30,64
90,74|67,1|65,67|12,30|1,93|65,35|65,31|88,34|45,39|65,53|39,52|35,88|53,21|22,12|31,45|93,81|30,66|34,28|65,22|21,90/65,66=65,22,12,30,66
58,38|98,78|38,42|47,83|1,58|16,59|39,63|75,73|2,16|98,1|43,76|74,41|41,75|98,47|76,4|78,43|83,39|9,2|98,74|98,9/98,59=98,9,2,16,59
91,13|13,2|69,67|35,52|99,3|56,68|68,10|56,35|10,45|56,69|56,62|67,87|62,99|2,17|45,51|19,31|87,12|56,91|3,73|52,19/56,73=56,62,99,3,73
22,39|22,54|22,13|27,89|8,96|78,4|61,41|22,38|65,83|13,65|39,35|54,46|91,30|89,73|38,27|83,80|35,78|46,91|22,8|96,61/22,41=22,8,96,61,41
72,74|42,56|15,45|59,88|97,72|41,55|45,63|42,97|53,59|74,54|42,41|4,15|64,57|46,21|42,53|42,4|55,46|98,64|56,98|88,95/42,63=42,4,15,45,63
99,41|41,56|82,78|19,77|99,0|56,33|25,4|73,58|51,73|99,19|99,51|4,49|58,65|33,61|99,72|23,46|77,23|78,54|72,25|0,82/99,65=99,51,73,58,65
25,35|35,10|16,43|7,15|10,8|12,78|73,64|93,59|59,11|9,92|92,7|9,47|15,58|9,12|47,93|94,75|78,16|9,25|9,94|75,73/9,8=9,25,35,10,8
73,36|78,91|36,17|11,64|63,88|88,27|77,52|66,63|10,11|70,40|52,65|91,73|78,10|78,44|60,70|78,66|44,77|40,13|64,87|78,60/78,17=78,91,73,36,17
10,57|52,12|52,78|92,48|61,10|73,92|1,11|12,65|78,73|54,1|55,19|11,2|52,54|56,93|28,37|52,56|81,61|93,55|52,81|65,28/52,48=52,78,73,92,48
84,65|70,41|84,12|12,31|84,92|88,91|4,96|31,98|96,48|98,57|80,50|35,70|50,99|84,64|65,88|84,80|92,35|99,94|91,29|64,4/84,48=84,64,4,96,48
4,94|21,76|22,13|94,66|37,79|77,18|56,90|13,56|22,77|22,4|79,67|18,78|76,61|22,31|66,46|61,65|22,21|78,70|31,37|90,48/22,65=22,21,76,61,65
90,77|27,41|87,67|90,27|55,89|18,59|98,75|75,13|90,70|96,98|59,93|64,87|0,45|17,64|90,96|90,17|77,0|70,18|45,82|41,55/90,82=90,77,0,45,82
49,55|20,84|0,49|0,35|6,57|25,34|38,39|55,25|52,20|56,67|54,47|35,52|67,85|74,30|47,6|30,38|0,54|0,46|0,74|46,56/0,57=0,54,47,6,57
1,34|36,45|16,71|27,8|9,36|5,21|51,63|48,69|71,70|8,16|27,81|63,29|73,9|27,51|27,5|4,48|27,73|81,4|29,41|21,1/27,70=27,8,16,71,70
32,65|63,97|62,79|70,94|96,6|86,63|65,7|32,15|32,70|0,8|15,96|47,39|20,49|6,36|32,47|94,0|39,62|7,20|97,54|32,86/32,49=32,65,7,20,49
95,66|73,88|52,19|58,84|88,25|58,81|87,72|84,54|72,67|58,87|81,73|62,95|64,40|28,64|67,74|96,62|40,89|58,28|58,96|54,52/58,89=58,28,64,40,89
27,54|17,79|52,73|58,44|83,30|54,65|79,27|17,43|17,52|69,28|17,8|97,57|73,58|8,59|30,80|43,69|17,15|28,13|15,83|59,97/17,65=17,79,27,54,65
16,63|16,6|38,15|2,87|16,36|16,54|6,89|52,88|17,38|80,49|88,70|36,17|16,43|87,57|11,58|54,2|58,9|43,52|63,11|89,80/16,49=16,6,89,80,49
14,12|10,17|17,89|61,43|76,45|93,76|58,3|89,23|10,36|10,58|79,74|10,93|10,61|21,0|45,55|36,38|3,21|43,14|23,72|38,79/10,55=10,93,76,45,55
5,97|83,80|97,49|0,10|75,56|98,26|17,83|82,31|0,5|85,76|10,90|49,33|76,75|0,85|90,82|0,60|43,17|26,71|60,98|0,43/0,31=0,10,90,82,31
12,35|44,24|53,60|35,53|99,96|7,99|66,21|71,16|60,6|12,31|21,73|58,7|12,69|16,37|31,71|20,27|12,20|69,66|27,44|12,58/12,37=12,31,71,16,37
0,97|27,90|55,4|22,74|97,27|66,80|80,26|83,55|85,21|66,0|16,40|69,16|4,94|91,35|40,49|66,83|66,91|35,85|66,69|26,22/66,90=66,0,97,27,90
49,69|44,36|33,14|91,9|25,44|68,18|9,56|69,31|33,19|14,49|33,66|36,30|33,48|48,79|32,10|66,97|97,32|79,68|33,25|19,91/33,31=33,14,49,69,31
39,74|39,5|43,86|57,97|39,4|74,96|97,75|90,32|39,57|92,73|5,28|28,92|31,85|32,13|35,2|86,35|4,90|39,43|96,31|75,66/39,2=39,43,86,35,2
10,63|92,18|5,49|2,92|43,72|62,85|64,66|94,82|30,94|16,69|63,64|5,10|85,98|5,87|72,16|87,62|5,43|49,30|5,54|54,2/5,98=5,87,62,85,98
80,78|21,49|49,81|62,25|61,32|21,80|3,92|22,3|32,89|81,40|71,44|40,1|21,71|97,96|99,61|44,62|21,99|68,22|78,97|21,68/21,96=21,80,78,97,96
28,50|8,33|44,9|51,93|63,87|37,22|28,71|28,85|6,44|73,97|75,8|28,37|87,65|28,46|85,31|31,73|71,75|46,63|22,51|50,6/28,9=28,50,6,44,9
60,72|68,19|66,59|34,74|81,24|71,8|78,71|60,35|60,90|47,76|60,68|23,47|74,40|60,7|90,23|7,78|35,87|87,66|72,34|19,81/60,24=60,68,19,81,24
91,16|32,26|87,6|55,80|90,43|91,32|93,65|18,55|16,25|26,63|91,58|63,40|8,90|25,87|91,18|83,93|43,54|80,47|91,8|58,83/91,65=91,58,83,93,65
97,98|60,45|84,12|26,48|18,47|75,88|85,41|76,43|43,75|7,37|76,26|12,60|98,18|76,85|76,84|41,7|48,68|68,30|76,97|88,34/76,37=76,85,41,7,37
99,20|15,53|96,38|42,25|80,24|45,21|6,85|25,45|56,6|96,94|68,66|94,83|83,68|96,56|24,31|20,15|38,80|96,99|85,95|96,42/96,66=96,94,83,68,66
97,83|16,76|40,78|76,58|37,33|13,5|13,40|60,86|78,59|86,20|61,97|69,16|13,60|59,87|20,88|13,69|65,37|13,42|5,61|42,65/13,58=13,69,16,76,58
41,14|82,24|85,41|96,97|0,61|97,19|37,46|96,49|96,47|47,43|43,82|96,83|61,20|46,57|96,54|54,0|23,80|19,23|49,85|83,37/96,14=96,49,85,41,14
70,13|13,25|2,95|70,2|74,46|83,71|59,77|70,53|4,59|47,74|95,61|61,81|25,14|14,98|23,63|71,23|70,24|53,4|70,83|24,47/70,77=70,53,4,59,77
97,62|49,29|21,22|74,20|13,49|82,69|82,13|81,21|30,65|99,61|51,81|62,74|69,1|82,12|82,51|29,35|1,99|12,76|76,30|82,97/82,35=82,13,49,29,35
30,44|28,98|41,7|41,22|48,28|66,12|43,90|7,48|96,57|13,99|41,30|41,66|80,45|22,17|41,80|45,3|44,13|17,43|3,42|12,96/41,42=41,80,45,3,42
8,59|5,83|62,93|93,6|25,62|88,72|25,23|25,67|25,63|83,70|72,44|25,88|23,97|97,8|6,42|49,36|44,30|63,5|67,49|36,28/25,59=25,23,97,8,59
98,49|98,69|31,85|83,71|49,19|81,83|33,92|55,52|69,31|98,44|4,33|98,4|19,48|48,41|6,55|74,81|85,8|44,6|98,74|92,82/98,71=98,74,81,83,71
66,46|64,63|13,9|60,14|95,83|14,85|63,16|66,32|32,60|66,13|99,98|9,57|66,64|66,69|69,99|57,2|83,84|16,30|98,24|46,95/66,24=66,69,99,98,24
79,11|88,15|94,9|34,22|22,25|17,79|0,96|96,1|29,18|5,17|9,88|29,0|1,86|44,12|54,19|29,94|18,34|29,54|29,5|19,44/29,11=29,5,17,79,11
67,75|80,63|72,15|27,47|99,43|15,76|42,45|76,71|99,42|63,19|99,73|64,84|99,72|45,27|99,24|43,10|24,67|75,35|10,64|73,80/99,47=99,42,45,27,47
14,37|84,35|47,49|19,84|19,23|2,3|49,27|19,70|27,97|80,14|70,2|99,67|35,15|19,56|50,99|56,50|15,7|23,80|19,47|3,76/19,37=19,23,80,14,37
89,58|63,67|72,28|32,1|84,86|20,40|82,89|46,56|24,75|86,63|20,46|58,65|20,84|40,72|38,73|20,82|1,38|20,32|56,24|28,19/20,65=20,82,89,58,65
80,34|80,62|97,19|51,65|80,44|34,55|3,53|62,9|24,6|94,24|64,76|44,64|9,97|80,32|6,66|80,94|65,25|32,51|55,3|76,58/80,53=80,34,55,3,53
1,21|90,39|96,54|62,12|49,43|65,17|21,13|66,62|43,90|29,88|88,36|29,92|29,28|46,1|29,49|92,96|29,46|36,65|28,66|54,97/29,39=29,49,43,90,39
24,48|57,77|71,59|14,64|30,83|57,14|98,75|57,33|64,30|91,13|18,91|33,18|57,79|57,21|59,67|21,24|79,86|48,41|77,71|86,98/57,13=57,33,18,91,13
36,26|99,36|40,35|35,67|82,1|17,33|99,37|26,95|95,81|14,17|60,58|73,14|99,83|83,63|99,6|37,40|63,82|41,60|99,73|6,41/99,58=99,6,41,60,58
13,39|89,72|30,48|32,63|69,42|30,32|65,67|30,71|46,22|71,65|42,40|30,5|30,57|57,64|67,85|64,89|48,69|92,46|63,13|5,92/30,22=30,5,92,46,22
21,93|82,17|46,88|54,21|48,96|47,46|96,82|97,51|66,47|88,27|56,90|66,54|66,97|93,62|38,5|51,56|5,31|66,48|31,57|66,38/66,57=66,38,5,31,57
4,71|4,81|73,23|4,78|31,80|69,66|13,87|71,26|26,57|87,9|70,31|4,30|78,73|80,98|57,18|66,42|4,70|30,13|23,99|81,69/4,18=4,71,26,57,18
33,92|26,60|26,94|54,33|40,7|12,47|26,93|26,67|67,82|60,43|82,40|26,54|92,85|15,12|94,15|37,80|93,46|43,37|83,45|46,83/26,80=26,60,43,37,80
24,87|51,74|87,46|18,56|9,4|74,17|8,10|8,38|8,84|14,28|84,47|29,18|28,5|10,14|25,29|47,9|8,25|8,69|69,51|38,24/8,5=8,10,14,28,5
69,90|39,69|23,57|56,37|39,59|18,52|39,54|90,56|25,91|77,95|20,11|54,75|39,23|57,77|59,81|75,20|39,17|17,18|81,25|52,36/39,36=39,17,18,52,36
42,16|99,79|1,33|74,2|0,70|2,97|81,64|1,89|57,47|24,81|33,0|79,96|97,91|1,11|70,52|1,42|89,99|11,24|16,57|1,74/1,96=1,89,99,79,96
18,30|71,81|8,49|63,89|71,17|34,40|50,3|17,41|95,9|41,18|9,65|61,2|71,91|3,34|81,92|71,50|71,8|92,63|49,61|91,95/71,89=71,81,92,63,89
49,60|49,25|92,89|14,68|88,80|8,72|89,70|75,32|49,50|49,8|55,14|72,43|70,48|43,0|49,92|25,55|60,75|32,35|12,88|50,12/49,48=49,92,89,70,48
86,64|75,23|77,51|75,81|82,86|32,41|46,58|75,46|76,90|81,38|38,76|75,77|58,4|96,84|23,32|51,96|4,83|41,91|87,82|75,87/75,84=75,77,51,96,84
68,90|65,97|55,96|23,16|65,62|37,0|34,85|20,55|85,37|65,68|93,39|62,91|90,33|97,23|65,34|33,94|96,67|91,93|16,49|65,20/65,49=65,97,23,16,49
7,11|50,43|70,54|65,83|7,9|47,68|54,65|16,78|68,74|72,13|88,47|7,70|10,1|9,46|46,10|78,50|11,72|13,42|7,88|7,16/7,43=7,16,78,50,43
9,15|34,7|91,24|28,3|52,83|8,28|24,66|66,60|21,52|94,8|94,58|58,59|59,10|94,91|83,19|15,34|10,62|94,9|94,21|3,35/94,35=94,8,28,3,35
33,10|69,70|56,19|72,37|40,21|19,46|46,4|65,68|70,17|60,13|13,33|55,16|55,56|21,72|55,60|68,81|16,65|55,26|55,40|26,69/55,37=55,40,21,72,37
30,25|67,95|29,9|33,18|34,96|33,34|33,70|31,29|96,90|33,77|70,72|9,65|18,67|77,30|33,31|13,58|95,83|25,19|90,41|72,13/33,58=33,70,72,13,58
90,78|88,85|8,69|65,31|63,5|16,97|2,88|31,89|86,63|29,65|97,86|16,29|16,82|16,2|16,8|43,96|69,90|85,92|96,30|82,43/16,89=16,29,65,31,89
54,88|15,46|20,92|42,70|99,81|6,42|88,21|46,61|91,73|91,51|93,20|5,99|51,5|91,93|91,15|91,22|61,98|92,86|22,6|73,54/91,21=91,73,54,88,21
76,82|42,79|60,49|20,13|13,48|36,99|5,69|36,59|36,73|73,54|82,71|16,45|59,76|36,20|79,65|99,42|49,16|48,53|36,60|54,5/36,53=36,20,13,48,53
4,10|58,78|58,11|99,81|44,43|43,99|62,36|11,18|78,50|18,62|58,72|20,51|49,25|50,4|79,20|58,44|72,79|58,68|25,5|68,49/58,81=58,44,43,99,81
48,24|74,18|21,36|18,11|59,37|21,58|58,48|21,60|99,15|50,2|13,99|24,49|21,13|47,59|21,40|40,54|36,74|54,50|60,47|15,78/21,78=21,13,99,15,78
36,70|69,85|45,96|62,20|85,41|41,76|12,99|45,62|70,88|74,0|6,79|84,74|79,34|96,84|2,36|45,69|45,59|59,6|45,2|20,12/45,0=45,96,84,74,0
33,20|78,18|58,1|42,17|83,77|17,78|42,33|42,99|1,86|20,89|89,3|18,28|42,49|42,90|49,50|90,83|50,75|99,58|75,38|77,55/42,3=42,33,20,89,3
35,46|86,81|55,11|15,55|35,57|54,15|78,23|35,87|57,7|71,21|87,86|34,71|81,33|7,47|35,54|46,6|35,16|6,78|16,34|47,72/35,33=35,87,86,81,33
72,99|96,32|96,57|32,92|12,84|96,20|76,52|57,18|56,2|75,59|96,76|19,88|18,72|59,19|92,56|20,74|96,75|52,12|74,71|71,68/96,2=96,32,92,56,2
84,9|2,44|9,11|45,62|33,8|84,46|84,33|75,2|83,14|14,20|84,96|21,52|51,65|8,51|81,45|11,21|96,75|46,81|98,83|84,98/84,44=84,96,75,2,44
42,51|13,78|54,83|34,10|77,82|78,81|6,62|59,7|94,42|73,94|62,59|10,53|77,6|29,43|81,50|77,29|82,34|77,13|43,54|77,73/77,53=77,82,34,10,53
87,20|53,93|86,11|24,76|11,31|89,86|93,60|20,13|53,43|4,45|76,49|90,4|53,28|81,80|29,90|60,81|53,89|53,29|28,24|43,87/53,49=53,28,24,76,49
61,89|29,82|98,94|0,29|61,27|27,0|6,20|89,21|99,36|20,79|79,2|66,37|21,66|85,64|94,99|69,87|61,6|61,98|61,85|64,69/61,2=61,6,20,79,2
17,45|36,37|81,67|38,13|5,18|13,0|67,71|90,7|45,97|5,79|5,14|18,81|14,17|95,42|5,25|7,62|37,95|5,36|79,38|25,90/5,42=5,36,37,95,42
63,6|14,93|19,86|38,0|78,48|48,19|93,23|78,38|78,59|94,22|26,67|59,94|22,35|96,63|78,7|7,96|86,29|78,45|0,26|45,14/78,35=78,59,94,22,35
70,13|13,25|2,95|70,2|23,63|83,71|74,46|70,53|4,74|47,23|95,61|61,81|25,14|14,98|59,77|71,59|70,24|53,4|70,83|24,47/70,77=70,83,71,59,77
64,59|78,76|73,93|32,20|20,73|59,31|84,5|24,80|80,41|34,85|77,37|76,3|77,40|77,24|77,32|5,34|40,64|37,78|41,16|77,84/77,85=77,84,5,34,85
4,62|69,43|41,95|96,29|0,40|99,20|39,73|43,12|69,39|93,4|73,41|89,93|69,58|71,99|40,6|58,0|12,96|69,89|20,85|69,71/69,62=69,89,93,4,62
86,8|30,57|9,77|53,24|90,44|92,9|6,79|57,92|24,86|30,58|30,53|91,54|98,6|79,28|83,10|44,83|30,98|58,91|54,64|30,90/30,77=30,57,92,9,77
16,41|54,13|95,44|95,49|57,56|81,57|1,0|44,83|79,17|11,65|95,16|95,54|50,32|95,90|83,79|49,87|90,81|13,50|41,1|87,11/95,56=95,90,81,57,56
54,70|16,74|61,66|90,54|42,77|9,90|49,30|28,48|42,34|30,4|48,23|42,9|42,49|40,55|42,61|34,11|4,75|66,40|11,16|77,28/42,75=42,49,30,4,75
79,74|51,79|70,12|44,82|0,76|70,81|81,35|42,28|12,4|4,64|35,44|70,33|70,89|76,48|33,42|28,50|70,51|74,97|89,0|64,3/70,48=70,89,0,76,48
79,64|51,79|70,12|44,82|0,74|70,81|81,35|42,28|12,4|4,76|35,44|70,33|70,89|74,97|33,42|28,50|70,51|64,3|89,0|76,48/70,48=70,12,4,76,48
79,55|9,44|74,54|3,28|9,99|9,85|9,78|44,74|28,14|85,18|99,52|9,50|64,7|78,91|18,79|88,76|50,3|54,26|52,64|91,88/9,76=9,78,91,88,76
71,17|24,42|65,31|42,22|69,72|44,41|31,71|50,96|4,93|50,87|46,15|87,98|50,20|96,64|20,24|64,44|98,4|15,69|50,65|50,46/50,72=50,46,15,69,72
0,67|12,35|27,88|46,74|83,45|0,83|78,64|4,51|35,46|0,12|97,78|0,58|41,21|81,4|67,81|45,41|58,97|76,80|0,76|80,27/0,74=0,12,35,46,74
20,83|81,71|80,68|42,46|17,45|20,74|74,84|14,79|43,89|71,4|60,29|84,0|83,81|20,60|68,43|0,86|46,14|20,80|29,17|20,42/20,79=20,42,46,14,79
16,34|71,13|41,74|82,55|70,84|86,98|74,86|15,56|41,25|54,30|55,70|98,1|34,40|41,71|41,46|46,22|25,16|13,15|22,54|41,82/41,56=41,71,13,15,56
29,77|0,48|48,52|54,1|72,69|45,0|8,72|98,8|43,54|43,3|3,17|43,45|43,61|17,82|82,78|1,29|20,76|23,20|43,98|61,23/43,78=43,3,17,82,78
87,43|13,10|9,53|70,13|69,31|70,69|68,7|70,5|7,51|10,9|51,54|78,87|90,61|25,90|70,68|2,15|70,23|5,25|23,78|31,2/70,15=70,69,31,2,15
36,60|81,68|64,67|81,34|30,94|89,72|91,23|81,30|60,71|11,49|23,73|94,32|34,91|75,35|72,11|32,33|35,64|68,36|81,75|81,89/81,67=81,75,35,64,67
18,51|90,11|75,23|68,14|12,0|24,88|94,24|12,58|73,90|88,1|58,68|12,13|21,33|12,21|13,7|33,75|12,94|14,89|7,18|0,73/12,1=12,94,24,88,1
13,22|61,5|93,27|5,89|2,76|2,93|53,97|64,81|2,10|89,24|2,61|22,79|97,31|10,59|76,13|27,64|59,42|2,53|42,30|31,55/2,79=2,76,13,22,79
1,71|95,36|25,1|39,60|21,64|64,27|22,46|14,25|8,22|59,70|14,21|55,8|70,39|88,95|14,55|27,45|14,88|71,42|14,59|36,96/14,42=14,25,1,71,42
10,38|79,95|54,19|79,68|22,35|60,78|19,40|77,26|79,7|79,10|40,33|68,48|7,22|79,54|0,8|95,76|38,0|76,60|35,61|48,77/79,26=79,68,48,77,26
60,21|89,51|99,66|89,84|73,97|91,38|45,85|97,90|89,22|22,0|38,60|85,77|0,99|84,45|89,73|90,74|9,44|51,63|89,91|63,9/89,44=89,51,63,9,44
17,88|54,57|34,30|57,17|9,74|61,43|54,50|50,77|26,87|43,44|77,46|74,26|64,34|53,61|54,45|54,53|54,9|45,64|88,86|46,48/54,48=54,50,77,46,48
26,90|10,54|81,94|29,14|54,63|87,35|70,84|46,82|76,87|90,66|11,93|46,29|84,11|65,10|46,76|82,26|14,81|46,70|35,5|46,65/46,94=46,29,14,81,94
16,69|54,31|55,14|61,83|69,62|83,45|68,61|49,16|60,97|55,68|14,60|55,80|90,54|80,88|97,32|44,1|55,17|88,44|55,49|17,90/55,62=55,49,16,69,62
75,80|4,52|92,83|15,71|22,98|98,67|4,15|25,5|4,75|5,92|80,29|4,25|1,99|52,41|51,36|29,54|4,22|67,38|41,51|71,1/4,38=4,22,98,67,38
89,44|40,72|66,56|73,20|55,67|54,55|54,41|80,89|41,80|76,40|43,37|16,39|54,28|56,43|28,76|54,73|20,58|58,49|54,66|67,16/54,37=54,66,56,43,37
85,25|85,26|23,65|10,63|85,69|69,75|26,6|6,97|17,30|25,47|63,17|11,4|85,10|22,92|75,11|85,36|47,22|97,86|65,68|36,23/85,30=85,10,63,17,30
70,39|45,52|8,28|60,7|58,19|19,30|30,85|96,62|9,37|34,55|8,58|39,47|8,60|62,53|8,45|7,9|8,80|52,34|28,70|80,96/8,85=8,58,19,30,85
21,1|73,10|97,0|67,48|82,3|1,39|91,26|11,73|0,11|97,15|56,82|22,56|15,75|97,21|75,91|97,18|39,51|97,22|87,67|18,87/97,10=97,0,11,73,10
20,22|4,29|98,9|39,83|29,32|9,4|98,23|83,92|98,80|23,39|89,68|5,25|80,24|24,5|68,20|64,65|98,64|98,89|6,67|65,6/98,92=98,23,39,83,92
20,21|72,45|40,97|82,13|74,82|0,26|45,33|1,18|21,71|47,72|89,1|74,69|69,20|74,0|74,65|73,10|74,47|13,40|65,89|26,73/74,33=74,47,72,45,33
21,29|33,38|20,94|12,69|20,85|20,28|94,81|84,7|20,84|91,12|14,91|81,62|93,33|7,4|20,14|85,21|62,16|4,86|28,93|29,66/20,16=20,94,81,62,16
14,31|43,15|77,13|92,70|72,39|76,63|24,75|70,76|92,43|96,1|63,12|93,14|35,69|75,96|92,2|2,93|92,77|92,24|15,72|13,35/92,12=92,70,76,63,12
23,18|56,23|86,33|56,1|2,86|56,41|67,43|94,71|41,94|56,78|1,91|56,32|91,17|78,96|71,57|32,2|18,34|17,45|34,49|96,67/56,43=56,78,96,67,43
83,70|17,24|84,39|65,84|78,85|24,66|0,1|39,78|21,83|65,80|70,90|16,81|50,73|81,0|65,16|80,17|65,21|65,50|73,71|71,56/65,66=65,80,17,24,66
60,4|18,74|35,49|10,62|20,50|81,10|71,35|42,52|71,63|49,60|71,18|83,97|71,78|78,81|63,73|50,42|73,83|32,16|71,20|74,32/71,52=71,20,50,42,52
63,38|53,90|77,28|25,33|32,24|60,53|38,7|55,99|58,25|33,80|7,35|23,42|42,98|23,63|23,32|24,77|90,1|23,60|23,58|98,55/23,80=23,58,25,33,80
59,48|58,62|45,94|58,31|48,56|65,27|31,45|30,92|44,43|27,28|43,89|62,44|94,18|58,65|58,9|92,34|9,59|28,14|58,30|34,78/58,14=58,65,27,28,14
37,0|7,99|21,92|78,23|87,93|36,96|93,74|78,73|96,56|0,21|73,36|88,51|78,37|51,15|99,17|23,88|78,87|74,28|17,30|78,7/78,28=78,87,93,74,28
66,85|85,74|31,45|24,80|31,34|31,88|93,52|11,24|31,66|63,82|74,56|52,99|80,33|51,83|31,11|88,50|82,17|45,63|50,51|34,93/31,99=31,34,93,52,99
9,2|8,91|2,54|22,87|9,8|91,17|6,25|72,89|89,34|70,23|43,72|9,70|9,59|23,22|17,24|25,69|54,68|68,98|9,43|59,6/9,69=9,59,6,25,69
12,35|44,24|53,60|35,53|16,37|7,16|66,99|71,21|60,6|12,31|99,96|58,7|12,69|21,73|31,71|20,27|12,20|69,66|27,44|12,58/12,37=12,58,7,16,37
13,80|64,56|73,40|17,42|33,17|29,13|78,15|73,29|40,48|73,2|48,78|73,49|94,8|81,64|90,33|73,90|49,94|80,71|2,81|8,32/73,32=73,49,94,8,32
42,68|80,42|17,46|89,32|61,19|61,40|40,70|46,87|61,78|96,18|32,50|31,17|18,30|70,38|61,31|19,89|78,80|61,96|38,81|30,29/61,68=61,78,80,42,68
43,37|32,64|92,24|6,48|36,13|62,4|62,65|88,6|37,71|62,88|62,43|81,18|48,56|64,92|62,32|65,36|13,86|58,81|4,58|71,9/62,18=62,4,58,81,18
47,33|28,67|32,77|87,16|77,19|46,32|13,41|3,89|11,87|23,94|67,23|85,53|89,13|47,28|47,11|16,51|47,3|68,85|33,68|47,46/47,19=47,46,32,77,19
41,42|63,67|1,50|72,57|11,30|83,53|54,68|67,27|63,72|42,11|70,54|63,41|63,76|34,1|76,70|46,90|63,7|27,83|7,34|57,46/63,53=63,67,27,83,53
41,56|77,34|59,88|88,6|31,41|39,46|31,59|31,14|31,87|24,77|6,73|50,30|87,39|14,24|31,61|61,27|46,21|13,3|56,13|27,50/31,34=31,14,24,77,34
73,52|78,91|52,65|11,36|63,88|88,27|77,64|66,63|10,11|70,40|64,87|91,73|78,10|78,44|60,70|78,66|44,77|40,13|36,17|78,60/78,17=78,10,11,36,17
10,19|3,10|57,55|90,43|57,20|1,35|58,97|14,52|57,3|6,58|52,1|77,6|57,14|19,54|20,68|55,90|57,77|18,53|68,18|43,73/57,73=57,55,90,43,73
22,9|52,10|6,75|13,21|6,92|6,4|28,20|75,8|92,99|8,22|21,46|6,13|99,39|10,1|39,98|6,52|20,37|1,84|4,28|46,67/6,37=6,4,28,20,37
28,42|46,28|84,9|79,6|6,61|89,36|7,96|46,18|42,38|46,89|61,60|38,95|46,79|36,88|15,7|46,4|9,32|88,47|18,15|4,84/46,47=46,89,36,88,47
71,99|40,6|75,66|47,82|1,33|35,90|82,19|95,1|33,15|99,16|60,9|60,2|9,71|60,35|83,47|2,75|66,58|60,95|60,83|90,40/60,58=60,2,75,66,58
80,64|46,88|80,7|17,65|48,39|27,75|39,27|52,10|80,74|80,48|65,31|80,17|31,92|72,29|38,46|64,16|74,38|16,52|7,72|29,61/80,92=80,17,65,31,92
36,70|69,85|45,96|62,20|85,41|41,76|74,0|45,62|70,88|79,34|6,12|84,79|12,99|96,84|2,36|45,69|45,59|59,6|45,2|20,74/45,0=45,62,20,74,0
7,86|21,7|88,46|30,83|18,88|97,62|62,71|5,37|21,30|43,97|83,5|86,50|25,16|50,12|96,25|16,75|21,43|21,96|46,67|21,18/21,67=21,18,88,46,67
64,52|87,4|64,32|88,18|64,87|32,69|28,24|64,67|45,88|64,45|98,83|47,98|44,7|76,63|18,40|4,28|63,35|67,47|52,76|69,44/64,40=64,45,88,18,40
83,76|7,3|7,99|76,14|29,88|70,54|7,45|6,79|3,83|35,73|99,17|38,13|7,38|13,70|45,29|73,23|88,26|7,43|43,35|17,6/7,23=7,43,35,73,23
7,16|32,87|42,32|92,58|74,85|52,96|88,35|0,5|2,42|87,90|2,92|35,74|30,52|2,30|94,14|58,94|2,88|5,7|2,0|96,51/2,90=2,42,32,87,90
4,75|73,54|78,97|31,4|54,1|73,74|73,55|97,30|50,12|55,50|73,63|74,29|81,89|12,59|1,81|73,15|15,31|49,83|29,49|63,78/73,89=73,54,1,81,89
9,52|16,90|77,79|91,15|18,48|77,9|77,95|56,83|15,36|66,11|95,19|77,29|90,8|79,16|60,37|52,66|29,91|19,18|83,60|77,56/77,8=77,79,16,90,8
4,19|39,78|27,4|81,5|69,32|27,69|71,20|32,87|27,84|87,76|96,62|84,66|27,74|66,39|15,53|19,81|17,96|27,71|74,17|20,15/27,53=27,71,20,15,53
15,76|36,95|67,87|40,97|54,63|16,2|40,89|5,84|40,67|97,15|87,36|19,18|83,46|40,54|89,45|63,19|40,83|76,68|45,16|46,5/40,18=40,54,63,19,18
16,98|54,50|8,54|3,25|28,90|70,72|62,16|69,3|98,78|94,29|29,68|70,62|90,46|70,49|63,28|70,63|49,8|70,44|44,94|72,69/70,78=70,62,16,98,78
81,34|92,77|83,33|99,50|74,99|38,74|53,32|38,0|38,81|79,67|34,25|67,55|25,36|32,92|38,53|33,19|38,83|0,79|50,61|19,60/38,60=38,83,33,19,60
72,89|55,6|72,66|48,70|72,48|91,84|28,75|72,78|84,90|71,96|66,44|44,28|78,55|89,19|20,59|72,91|90,3|70,20|19,71|6,2/72,96=72,89,19,71,96
15,9|75,33|12,92|40,36|12,61|22,75|99,77|33,60|39,18|12,99|12,22|77,20|9,39|61,16|36,47|12,15|20,21|92,40|16,79|79,78/12,78=12,61,16,79,78
71,1|41,74|73,16|65,9|41,73|41,71|61,81|85,11|21,61|74,66|66,55|41,45|45,21|23,65|41,23|25,64|16,25|55,24|9,43|1,85/41,24=41,74,66,55,24
7,86|21,7|88,50|30,83|18,88|97,62|62,71|46,67|21,30|43,97|83,46|86,5|25,16|5,37|96,25|16,75|21,43|21,96|50,12|21,18/21,67=21,30,83,46,67
66,46|64,63|13,9|60,98|95,14|98,24|63,16|66,32|32,60|66,13|99,83|9,57|66,64|66,69|69,99|57,2|14,85|16,30|83,84|46,95/66,24=66,32,60,98,24
74,19|76,12|10,63|27,65|10,31|90,36|55,26|75,49|49,91|46,71|64,74|31,8|12,46|10,64|10,76|65,90|8,55|19,94|63,75|10,27/10,71=10,76,12,46,71
74,57|19,99|41,19|80,58|18,5|51,13|13,69|14,75|69,89|31,41|74,31|74,80|9,82|74,52|74,51|52,42|42,14|57,18|5,0|58,9/74,75=74,52,42,14,75
74,38|82,65|96,28|99,84|99,61|99,67|99,82|65,81|28,74|61,71|81,88|99,96|3,59|67,69|69,18|44,70|71,44|84,83|18,58|83,3/99,70=99,61,71,44,70
86,15|22,43|76,16|16,94|94,86|76,62|76,17|62,27|76,70|70,80|36,35|76,22|80,45|45,74|27,75|35,51|43,54|54,6|75,44|17,36/76,15=76,16,94,86,15
61,13|89,78|59,50|66,22|61,80|94,17|76,94|16,12|61,4|4,59|17,75|13,97|50,90|28,54|61,16|54,51|61,76|80,28|97,89|12,66/61,51=61,80,28,54,51
5,58|18,19|9,18|58,52|89,97|73,5|60,16|16,99|53,73|6,29|53,60|53,78|97,56|29,69|53,6|53,3|99,33|78,9|69,82|3,89/53,52=53,73,5,58,52
97,33|80,97|80,43|96,27|87,53|47,93|9,96|35,87|67,41|27,63|80,47|80,38|38,67|93,28|43,35|41,8|33,10|28,25|10,2|80,9/80,63=80,9,96,27,63
95,38|23,85|2,61|81,57|81,22|5,98|85,24|59,68|58,59|1,5|19,95|81,64|57,2|22,1|81,19|38,37|61,72|81,94|64,58|94,23/81,37=81,19,95,38,37
41,5|60,32|51,73|17,28|79,75|86,69|96,60|48,51|48,30|30,96|48,78|48,86|36,67|90,71|69,41|78,53|73,79|48,90|71,36|53,17/48,75=48,51,73,79,75
28,50|87,65|8,33|51,93|63,44|37,22|28,71|28,85|6,8|73,97|75,87|28,37|44,9|28,46|85,31|31,73|71,75|46,63|22,51|50,6/28,9=28,46,63,44,9
12,33|4,59|70,16|89,65|97,73|35,89|21,48|97,35|73,25|28,21|42,22|25,4|22,91|65,55|97,42|91,90|97,19|16,12|97,70|19,28/97,48=97,19,28,21,48
43,46|63,60|9,56|51,77|60,43|85,35|33,81|32,83|51,63|65,9|35,61|51,32|53,82|51,50|56,69|50,85|83,53|77,33|81,10|51,65/51,82=51,32,83,53,82
32,7|10,50|67,34|39,68|62,39|59,72|70,67|33,16|72,32|94,62|16,36|36,57|9,70|77,10|99,77|59,94|59,33|59,99|59,9|7,55/59,68=59,94,62,39,68
95,56|44,68|95,43|68,67|56,45|63,34|10,63|11,61|61,78|99,39|15,26|39,4|78,98|95,44|82,99|43,10|67,38|95,11|45,15|95,82/95,26=95,56,45,15,26
85,67|58,79|85,71|85,41|79,47|32,14|30,38|84,72|85,4|71,95|38,80|67,58|14,23|95,20|56,84|20,69|85,81|4,56|81,32|41,30/85,69=85,71,95,20,69
43,41|17,83|58,44|35,29|23,98|29,17|58,35|88,37|18,88|58,76|44,28|58,18|28,90|41,47|37,11|98,99|76,43|90,46|99,48|58,23/58,46=58,44,28,90,46
3,34|3,51|21,69|87,91|46,87|69,26|67,57|57,9|51,21|99,22|31,67|3,46|0,99|3,0|91,56|34,25|25,38|22,70|3,31|38,82/3,9=3,31,67,57,9
67,99|98,23|49,44|13,74|68,42|7,54|61,7|61,51|94,24|61,82|24,21|78,47|82,94|61,67|99,78|51,68|42,15|61,13|54,49|74,98/61,23=61,13,74,98,23
81,19|96,21|66,15|15,52|98,1|37,66|86,87|81,34|81,86|14,54|81,40|63,98|81,37|34,75|40,14|75,96|87,11|19,63|54,56|11,36/81,21=81,34,75,96,21
15,73|68,27|75,31|65,87|31,72|44,84|75,8|84,65|49,83|73,90|75,44|8,68|75,71|83,18|90,19|76,94|72,76|71,49|27,74|75,15/75,18=75,71,49,83,18
86,64|23,33|3,37|43,76|64,43|99,3|78,49|52,69|31,23|31,35|31,99|49,98|31,86|31,52|69,5|5,11|33,39|35,78|39,14|37,42/31,76=31,86,64,43,76
41,31|60,24|55,26|45,57|18,79|40,17|10,28|83,33|55,39|26,51|39,41|79,10|33,36|36,14|55,45|57,60|31,54|55,18|55,83|51,40/55,14=55,83,33,36,14
0,20|83,23|14,72|7,0|61,81|61,7|23,66|22,71|20,30|73,83|61,48|90,16|59,80|16,14|61,73|61,90|81,22|71,76|48,29|29,59/61,72=61,90,16,14,72
16,10|25,77|92,95|16,84|61,4|35,55|65,38|95,22|16,65|16,96|77,56|48,2|74,33|55,48|4,42|16,35|38,74|96,25|10,92|84,61/16,56=16,96,25,77,56
40,63|51,69|41,56|9,32|9,57|57,20|20,6|82,78|9,23|79,82|23,40|69,21|9,41|56,45|6,8|63,12|45,61|62,79|32,51|9,62/9,78=9,62,79,82,78
19,87|38,41|13,52|70,96|24,28|32,0|59,80|32,24|32,38|28,59|32,7|52,70|32,13|33,26|7,36|41,33|0,19|9,54|87,65|36,9/32,26=32,38,41,33,26
32,8|30,42|92,6|91,45|49,33|9,26|63,9|49,83|49,3|49,91|83,39|33,63|49,92|45,32|48,31|6,41|39,48|3,24|41,59|24,30/49,59=49,92,6,41,59
85,75|95,78|88,63|63,40|88,13|88,10|88,23|13,46|90,50|10,39|50,18|78,85|20,64|40,71|88,95|59,32|39,59|71,80|23,90|46,20/88,64=88,13,46,20,64
60,82|36,50|15,74|60,10|60,25|10,33|74,13|33,94|64,21|70,11|60,70|53,56|21,84|11,36|94,72|85,32|56,85|25,64|60,53|82,15/60,32=60,53,56,85,32
74,70|29,51|16,57|74,26|15,64|73,39|51,56|33,86|71,47|26,2|25,16|39,35|74,29|2,15|35,58|74,73|86,71|74,33|56,30|70,25/74,57=74,70,25,16,57
51,5|85,54|70,56|54,37|0,48|12,0|16,95|85,70|62,16|85,93|85,3|79,76|80,62|56,24|37,79|93,33|85,80|33,51|24,55|3,12/85,76=85,54,37,79,76
18,30|82,18|42,60|42,48|60,54|48,82|54,3|66,20|49,16|42,66|20,15|43,12|94,25|42,94|72,13|16,43|3,7|25,72|42,49|15,6/42,13=42,94,25,72,13
0,9|78,52|26,82|14,31|20,78|3,63|39,73|73,3|92,14|12,20|1,26|6,0|9,50|39,6|63,53|39,74|74,92|39,12|39,1|82,64/39,64=39,1,26,82,64
44,97|50,53|57,83|83,31|46,93|31,0|24,5|44,71|25,99|44,18|94,24|63,50|18,22|44,57|71,46|97,63|92,94|44,92|22,25|93,1/44,5=44,92,94,24,5
31,97|37,31|26,76|37,41|1,91|37,55|23,26|91,65|97,22|34,23|99,90|55,66|66,86|90,35|37,99|41,1|22,72|35,83|86,81|37,34/37,72=37,31,97,22,72
80,98|70,0|80,66|80,60|34,69|91,99|47,25|15,47|14,37|0,74|60,34|98,58|80,70|74,13|66,15|58,14|80,90|69,31|99,44|90,91/80,13=80,70,0,74,13
13,10|0,6|37,63|39,47|31,39|35,19|16,53|19,28|31,16|47,23|63,32|31,35|28,97|31,42|10,74|42,37|74,50|53,0|23,95|31,13/31,32=31,42,37,63,32
53,89|58,67|53,58|53,9|9,92|60,17|78,56|92,60|33,84|53,95|19,75|84,37|56,25|67,4|50,45|95,33|4,7|45,19|53,50|89,78/53,25=53,89,78,56,25
85,82|14,19|41,88|28,49|99,52|85,2|44,15|85,90|15,91|88,22|39,24|49,99|85,44|91,83|82,29|29,14|85,28|90,93|93,39|2,41/85,24=85,90,93,39,24
40,89|50,91|50,76|50,93|6,15|99,44|48,10|87,26|21,40|91,96|96,99|72,86|76,21|93,52|50,25|50,6|10,22|25,48|52,72|15,87/50,22=50,25,48,10,22
54,64|30,57|86,8|53,24|90,44|92,86|6,79|57,92|24,54|30,58|30,53|91,9|98,6|79,28|83,10|44,83|30,98|58,91|9,77|30,90/30,77=30,58,91,9,77
38,64|32,26|54,52|97,94|19,27|54,50|52,38|17,19|55,37|54,17|50,55|54,32|26,68|37,14|68,93|27,1|35,59|94,35|54,97|64,87/54,93=54,32,26,68,93
14,1|48,41|67,8|67,40|67,82|40,71|75,25|23,81|82,61|69,48|61,75|67,49|56,69|71,27|8,28|27,43|28,14|81,36|67,56|49,23/67,43=67,40,71,27,43
73,49|9,14|78,99|2,46|39,73|99,70|41,25|90,94|49,24|14,75|90,39|91,69|1,13|90,37|13,41|37,9|90,2|94,78|90,1|46,91/90,24=90,39,73,49,24
64,98|64,82|7,70|17,22|32,53|70,83|27,32|40,17|64,27|31,28|64,40|28,94|22,51|83,21|64,7|98,31|82,59|59,4|4,12|53,44/64,51=64,40,17,22,51
51,11|29,3|80,84|48,51|29,82|75,78|29,48|27,46|11,17|78,73|35,27|29,91|84,21|91,75|3,35|45,83|82,80|83,41|29,45|41,92/29,17=29,48,51,11,17
83,76|7,3|7,99|76,14|29,73|88,26|7,45|6,79|3,83|35,70|99,17|38,13|7,38|13,88|45,29|70,54|73,23|7,43|43,35|17,6/7,23=7,45,29,73,23
18,80|73,64|51,39|18,65|24,41|50,78|48,40|18,51|65,1|80,95|18,92|18,35|39,5|1,50|34,73|35,22|95,48|92,34|5,58|22,24/18,41=18,35,22,24,41
87,56|87,44|4,59|83,72|26,48|32,60|45,32|59,81|66,43|72,2|47,66|87,90|87,83|44,45|56,4|2,86|98,26|87,39|39,47|90,98/87,86=87,83,72,2,86
2,48|67,32|61,18|10,92|33,27|37,50|56,53|79,37|48,39|67,10|77,13|53,35|67,56|32,79|18,33|67,34|92,77|67,61|35,1|34,2/67,50=67,32,79,37,50
53,88|15,53|40,47|44,3|50,69|50,15|50,40|62,99|29,58|50,29|88,27|47,62|0,9|2,19|91,44|50,91|58,0|69,2|3,14|19,11/50,14=50,91,44,3,14
71,16|39,76|58,63|51,57|44,39|72,85|76,40|0,51|79,8|44,71|8,11|85,87|40,49|44,5|5,0|11,33|16,58|22,72|44,79|44,22/44,63=44,71,16,58,63
22,26|74,71|71,28|22,13|51,98|65,31|82,67|98,82|31,61|95,4|22,65|48,95|44,70|36,44|13,74|22,51|26,48|22,69|69,36|61,40/22,28=22,13,74,71,28
8,91|20,95|10,20|64,67|27,8|52,10|96,64|87,39|96,87|67,80|96,51|40,75|37,7|51,27|7,9|80,6|96,52|9,18|39,40|96,37/96,95=96,52,10,20,95
64,53|86,72|71,13|2,30|99,55|91,40|97,27|99,97|14,48|40,89|99,86|43,80|72,67|13,64|99,43|99,71|67,66|55,91|27,14|80,2/99,48=99,97,27,14,48
69,9|48,15|8,11|41,28|71,77|48,22|48,84|28,17|72,85|18,25|22,72|85,60|9,79|48,69|84,41|15,8|11,51|77,18|48,71|79,44/48,51=48,15,8,11,51
18,24|69,63|8,79|5,76|91,69|98,62|8,99|57,41|99,73|20,51|73,18|81,57|51,98|8,25|79,3|63,12|25,81|8,20|8,91|3,5/8,24=8,99,73,18,24
60,43|32,75|75,25|96,7|30,83|61,96|43,31|95,36|1,19|36,64|19,67|77,1|83,32|30,4|64,17|30,94|30,95|30,77|94,61|4,60/30,25=30,83,32,75,25
28,89|70,38|88,18|82,9|25,88|38,71|57,11|98,83|75,25|75,24|9,57|14,3|3,98|89,15|75,82|75,14|24,70|18,29|75,28|15,17/75,11=75,82,9,57,11
78,14|29,78|77,61|29,31|15,33|1,38|51,54|94,1|33,37|40,51|44,7|90,94|29,90|37,88|75,40|31,77|29,15|61,32|29,75|14,44/29,54=29,75,40,51,54
53,38|94,56|62,41|52,24|94,80|9,5|80,52|4,93|75,9|93,54|54,99|94,71|15,70|94,4|24,11|94,53|38,62|56,75|70,34|71,15/94,11=94,80,52,24,11
25,4|24,36|63,16|67,50|48,14|50,73|70,80|10,9|10,24|10,48|36,25|14,45|10,70|80,63|9,65|97,67|45,69|65,20|10,97|20,7/10,4=10,24,36,25,4
93,59|66,73|78,12|57,4|57,78|57,70|73,46|53,51|95,66|12,63|4,53|63,50|81,60|60,93|57,95|98,64|83,98|70,83|57,81|51,1/57,59=57,81,60,93,59
0,83|53,46|83,44|44,8|31,53|85,84|77,7|85,0|74,62|84,9|63,74|85,13|85,5|59,77|46,97|85,31|9,66|13,59|5,63|66,89/85,8=85,0,83,44,8
47,26|55,19|47,9|33,13|64,27|86,49|9,64|49,62|84,97|47,69|91,67|47,44|67,90|47,33|13,55|73,84|27,80|26,73|69,91|44,86/47,19=47,33,13,55,19
21,68|30,39|46,64|58,40|84,60|7,59|43,75|75,14|14,73|73,56|43,21|79,7|43,77|43,58|40,84|39,46|43,30|13,4|77,79|68,13/43,56=43,75,14,73,56
42,90|96,54|94,42|94,9|29,91|88,44|94,36|71,88|94,96|4,69|9,13|13,29|94,98|36,71|93,68|68,52|54,11|11,79|98,93|90,4/94,69=94,42,90,4,69
37,99|8,12|65,76|47,35|12,11|37,21|5,8|88,65|61,47|46,89|37,51|51,26|21,61|26,78|37,46|89,73|99,88|78,80|73,77|37,5/37,11=37,5,8,12,11
62,0|60,52|83,74|0,83|53,56|98,94|70,33|42,75|42,60|42,62|75,70|76,47|47,43|33,15|52,53|18,98|14,76|42,18|42,14|94,17/42,43=42,14,76,47,43
4,38|99,88|29,69|99,31|99,47|99,39|88,45|99,17|80,7|45,94|69,2|94,19|76,80|38,50|42,77|47,61|39,29|17,4|61,42|31,76/99,19=99,88,45,94,19
4,0|64,74|25,96|26,64|13,8|0,65|28,4|46,45|26,86|53,11|26,25|96,48|26,13|48,7|26,28|11,6|8,19|19,42|86,53|74,46/26,42=26,13,8,19,42
69,73|42,29|77,25|69,24|91,20|69,97|24,81|62,82|97,85|69,91|54,75|81,94|20,36|25,79|36,56|73,77|85,42|82,54|69,62|94,37/69,75=69,62,82,54,75
52,53|20,90|61,11|18,73|3,22|10,70|11,6|53,64|30,60|90,52|77,10|17,61|20,17|70,72|20,95|20,77|22,46|95,3|20,18|73,30/20,6=20,17,61,11,6
5,39|54,37|82,32|98,74|6,60|69,6|89,5|69,86|84,73|86,97|48,89|93,84|97,12|60,98|69,54|69,48|69,71|71,93|37,82|12,83/69,73=69,71,93,84,73
78,9|32,35|36,27|38,97|96,75|9,17|53,78|79,2|81,16|17,45|97,81|27,47|53,36|73,8|53,96|2,32|53,79|53,38|75,73|47,94/53,8=53,96,75,73,8
52,80|71,63|32,14|62,77|45,60|62,52|57,32|40,59|23,21|80,71|83,23|62,57|77,83|14,39|68,67|59,45|62,40|67,43|99,68|62,99/62,60=62,40,59,45,60
45,7|23,5|5,25|45,98|61,32|66,28|32,90|44,66|22,86|7,61|59,69|86,68|84,22|74,59|45,84|45,23|25,29|45,58|98,74|58,44/45,28=45,58,44,66,28
71,4|95,7|29,79|76,16|75,36|6,71|16,38|79,76|29,6|29,8|29,21|91,22|21,53|29,91|8,19|22,75|19,95|4,92|53,37|37,69/29,38=29,79,76,16,38
86,17|66,58|77,54|73,12|66,73|58,44|66,79|17,1|12,52|60,64|52,38|64,39|54,84|72,77|66,72|66,24|28,16|79,60|44,28|24,86/66,16=66,58,44,28,16
20,80|3,14|20,94|90,99|38,63|20,32|94,54|54,85|61,29|80,3|14,58|63,95|47,17|85,24|29,88|99,47|20,22|32,61|20,90|22,38/20,88=20,32,61,29,88
1,21|54,97|96,65|62,12|49,43|90,39|21,13|66,62|43,54|29,88|88,36|29,92|29,28|46,1|29,49|92,96|29,46|36,90|28,66|65,17/29,39=29,88,36,90,39
2,80|22,71|74,97|52,2|66,16|52,22|16,92|10,76|52,78|57,43|52,96|52,4|80,10|97,40|96,56|78,66|71,57|56,12|4,74|12,62/52,76=52,2,80,10,76
15,98|15,62|4,99|15,85|67,28|61,55|98,48|23,27|24,84|81,67|84,61|62,81|15,24|90,72|27,90|70,34|85,91|48,70|91,4|15,23/15,99=15,85,91,4,99
67,15|50,88|27,32|37,83|1,68|15,69|37,50|32,80|37,27|37,87|43,63|73,3|69,92|87,94|83,43|80,26|37,67|63,86|88,1|94,73/37,86=37,83,43,63,86
3,48|58,98|48,47|49,3|52,43|98,27|68,5|76,62|49,52|62,2|27,84|90,29|49,58|49,68|47,73|43,23|2,69|23,55|49,76|5,90/49,69=49,76,62,2,69
30,35|75,82|30,75|12,41|35,15|24,96|30,33|33,34|62,10|15,53|49,91|30,49|53,0|20,24|91,62|30,80|26,9|80,20|82,26|34,12/30,96=30,80,20,24,96
55,16|69,90|20,9|42,55|6,37|69,2|76,42|90,53|52,28|54,0|69,54|2,20|69,76|84,56|53,7|0,84|37,52|9,17|7,8|69,6/69,17=69,2,20,9,17
30,49|99,25|59,2|40,11|17,81|36,54|85,12|94,59|55,17|40,61|40,85|40,30|11,55|12,19|20,99|19,84|40,45|61,94|49,36|45,20/40,2=40,61,94,59,2
42,48|4,50|4,35|93,18|88,11|15,3|3,64|83,29|29,61|35,95|62,22|11,27|95,93|50,88|4,79|48,62|4,42|79,15|4,83|61,58/4,58=4,83,29,61,58
22,75|22,14|76,23|22,15|37,84|60,33|22,9|9,0|30,36|24,97|7,28|28,24|15,48|14,60|75,30|0,76|48,37|22,7|36,17|33,62/22,84=22,15,48,37,84
61,74|93,69|21,57|20,10|61,24|82,5|3,21|34,32|74,3|91,30|24,12|81,17|5,20|61,91|30,2|2,95|61,82|12,81|61,34|32,93/61,69=61,34,32,93,69
84,49|17,21|21,61|60,58|17,11|15,80|27,39|7,34|39,84|81,60|17,38|71,7|17,27|13,52|11,81|34,83|38,15|61,13|17,71|80,35/17,49=17,27,39,84,49
78,38|22,90|94,99|85,39|33,67|94,85|67,79|53,71|41,19|26,49|10,16|94,26|49,53|69,22|16,78|79,84|94,10|94,33|39,41|99,69/94,84=94,33,67,79,84
15,73|16,84|24,77|77,42|64,43|43,67|84,92|54,16|91,53|3,49|53,48|45,15|73,72|91,45|91,64|42,96|48,3|91,24|91,54|67,18/91,96=91,24,77,42,96
86,0|43,65|62,14|43,31|61,5|43,62|8,13|12,69|71,96|85,12|17,56|43,61|31,46|65,86|39,85|14,17|46,8|43,39|5,71|0,63/43,13=43,31,46,8,13
5,37|61,67|68,89|61,65|65,68|73,20|17,73|4,21|51,15|21,72|36,4|61,36|15,35|61,51|35,43|63,5|89,77|67,63|29,17|61,29/61,72=61,36,4,21,72
90,71|51,63|14,29|90,37|32,26|37,45|90,5|71,14|91,58|89,80|90,89|55,73|73,30|20,55|45,91|29,48|5,65|80,51|90,20|65,32/90,63=90,89,80,51,63
43,98|55,76|98,96|21,59|67,54|68,67|21,7|21,13|6,26|59,68|21,38|13,18|7,43|91,55|1,16|21,91|76,93|38,39|39,1|18,6/21,93=21,91,55,76,93
91,26|59,69|50,94|16,36|52,19|35,40|63,58|81,16|35,63|40,14|4,52|19,37|35,55|55,81|72,50|35,4|35,57|58,91|57,72|14,59/35,94=35,57,72,50,94
95,81|68,54|95,96|4,66|57,42|92,59|96,22|81,76|17,7|76,92|42,17|95,68|45,4|22,18|11,91|18,67|95,45|54,11|95,57|66,31/95,31=95,45,4,66,31
30,54|71,55|43,88|71,36|67,30|71,94|28,87|84,80|60,57|55,84|87,0|80,34|88,73|71,28|71,72|72,43|36,60|57,47|94,67|0,64/71,34=71,55,84,80,34
63,78|63,8|64,22|97,31|16,11|73,50|8,16|0,98|21,56|85,39|49,30|22,21|78,0|63,64|11,66|63,85|39,49|31,73|98,43|63,97/63,66=63,8,16,11,66
87,13|3,25|99,19|5,32|34,37|25,65|50,5|53,86|86,27|53,87|53,3|24,50|9,77|13,9|65,11|27,99|53,34|37,20|20,7|53,24/53,77=53,87,13,9,77
73,6|73,97|18,71|48,49|60,38|28,76|89,48|86,66|66,74|73,89|97,33|19,60|73,19|73,18|71,37|49,88|6,86|38,31|37,5|33,28/73,74=73,6,86,66,74
4,15|59,91|71,69|65,18|18,53|75,62|3,7|7,75|21,59|91,6|53,43|61,71|43,74|65,21|65,61|65,4|65,3|90,23|69,28|15,90/65,62=65,3,7,75,62
23,10|50,67|54,39|79,88|23,38|10,25|52,15|23,87|3,54|23,64|67,73|38,3|27,70|23,50|25,52|70,76|88,83|73,81|64,79|87,27/23,81=23,50,67,73,81
84,88|89,29|84,58|26,78|34,52|61,54|33,56|71,19|58,13|9,55|13,89|20,33|84,71|84,34|75,61|19,26|52,9|56,12|84,20|88,75/84,78=84,71,19,26,78
69,12|69,31|63,82|27,35|69,83|54,77|5,27|29,17|69,54|33,74|0,33|77,29|83,52|12,5|39,73|31,64|52,39|69,34|64,63|34,0/69,82=69,31,64,63,82
75,11|19,83|75,15|16,88|69,96|33,43|75,19|64,28|75,12|15,1|1,16|54,64|12,5|41,45|11,41|70,54|83,69|5,33|75,70|45,27/75,28=75,70,54,64,28
68,86|62,28|97,19|96,25|96,23|32,59|23,75|92,36|86,35|84,68|14,92|75,7|91,65|28,97|7,20|96,91|25,14|65,32|96,84|96,62/96,36=96,25,14,92,36
7,82|13,59|29,50|51,89|89,5|41,66|22,41|66,32|8,81|5,35|12,0|59,29|17,44|7,17|0,63|7,13|44,8|7,51|7,22|82,12/7,63=7,82,12,0,63
55,93|59,10|9,79|16,28|9,98|9,55|0,37|6,0|10,56|98,59|88,72|48,30|34,53|30,88|40,29|79,6|93,34|9,16|9,48|28,40/9,56=9,98,59,10,56
7,56|97,38|26,99|76,90|89,14|67,37|64,67|76,17|10,9|62,63|38,26|56,33|63,10|76,98|98,64|17,18|18,89|90,7|76,97|76,62/76,99=76,97,38,26,99
1,37|98,9|34,7|62,34|1,23|1,78|71,62|1,71|51,89|1,16|14,65|48,19|80,51|23,63|78,48|37,61|61,14|16,80|19,85|63,98/1,89=1,16,80,51,89
9,52|16,60|77,79|91,90|18,48|77,9|77,95|56,83|90,8|66,11|95,19|77,29|60,37|79,16|15,36|52,66|29,91|19,18|83,15|77,56/77,8=77,29,91,90,8
30,96|61,26|67,95|1,73|30,61|30,67|48,40|30,93|86,53|29,81|93,29|81,8|4,7|36,72|7,48|95,86|96,1|30,4|26,36|73,57/30,40=30,4,7,48,40
99,64|64,59|61,99|27,65|21,75|13,76|16,71|61,18|91,21|85,91|71,29|29,86|18,20|59,79|61,16|61,13|20,27|61,85|76,7|7,11/61,79=61,99,64,59,79
15,11|19,61|24,8|21,22|25,37|92,57|9,97|19,15|63,9|19,62|80,21|61,25|19,24|8,92|19,80|37,58|22,78|93,30|11,93|62,63/19,30=19,15,11,93,30
78,26|44,99|37,48|37,59|23,75|19,40|30,39|48,42|93,19|37,78|21,77|37,44|26,30|42,21|59,80|99,72|72,34|80,23|37,29|29,93/37,34=37,44,99,72,34
87,12|73,93|62,68|60,84|93,11|11,2|61,46|68,65|55,60|84,67|37,61|67,90|55,37|55,98|98,87|55,73|55,0|12,47|46,34|0,62/55,90=55,60,84,67,90
45,7|23,5|5,32|45,98|61,66|25,29|66,28|44,25|22,86|7,61|59,69|86,68|84,22|74,59|45,84|45,23|32,90|45,58|98,74|58,44/45,28=45,7,61,66,28
54,42|96,37|10,2|75,96|62,0|0,1|89,59|42,41|20,10|77,54|1,79|31,23|31,3|31,62|3,39|90,75|39,89|23,20|31,77|31,90/31,37=31,90,75,96,37
27,66|46,39|86,43|42,24|31,46|23,42|98,86|82,15|20,27|24,69|43,88|66,0|93,75|31,98|31,23|75,30|31,20|39,82|40,93|31,40/31,30=31,40,93,75,30
61,1|36,62|31,43|36,53|36,74|11,7|22,61|53,25|36,21|18,9|9,87|7,92|74,22|21,31|25,82|82,20|43,32|62,11|99,18|36,99/36,92=36,62,11,7,92
30,52|30,73|30,65|42,47|51,43|47,66|43,67|65,68|73,46|52,42|88,9|25,88|28,80|68,28|30,90|76,13|46,76|90,25|30,95|95,51/30,66=30,52,42,47,66
89,39|30,28|16,69|16,6|16,89|69,68|7,72|48,10|6,13|11,34|10,73|8,48|16,8|16,56|56,19|42,93|13,42|39,7|68,11|19,30/16,28=16,56,19,30,28
86,92|61,1|68,80|1,78|92,97|86,98|80,59|86,61|86,68|90,56|88,64|59,55|98,90|97,25|63,28|78,45|56,71|64,63|86,88|25,40/86,40=86,92,97,25,40
28,97|19,26|24,28|69,5|97,89|40,62|24,76|14,86|5,40|99,73|76,14|86,90|1,19|68,99|26,92|24,69|24,1|24,68|73,49|89,35/24,90=24,76,14,86,90
95,88|88,4|80,73|97,80|97,71|15,26|6,96|97,15|46,30|97,46|33,95|84,8|75,7|8,18|73,75|30,6|60,0|71,84|97,33|26,60/97,18=97,71,84,8,18
99,62|16,73|5,71|63,83|26,5|14,34|83,16|62,57|14,63|14,70|70,23|23,45|66,12|14,99|12,98|57,81|14,78|34,66|78,26|45,50/14,98=14,34,66,12,98
54,10|52,99|36,45|5,92|34,21|34,36|34,54|63,35|53,37|45,53|76,24|67,5|85,52|34,73|10,63|34,91|48,76|91,85|73,48|21,67/34,92=34,21,67,5,92
67,0|82,75|79,89|40,72|66,6|23,25|79,69|46,14|89,12|81,49|24,74|69,57|79,67|57,82|72,24|6,23|79,40|79,66|0,46|12,81/79,74=79,40,72,24,74
9,91|97,38|83,62|44,64|37,80|67,20|80,25|20,83|46,54|64,49|67,78|51,37|87,44|38,9|67,51|67,97|67,87|54,33|78,46|62,68/67,68=67,20,83,62,68
76,6|83,51|76,13|20,82|32,83|61,81|76,20|98,26|82,61|44,87|85,65|51,84|76,32|13,98|65,2|87,49|76,85|2,71|26,67|6,44/76,67=76,13,98,26,67
1,87|28,1|87,92|8,56|28,37|75,18|73,75|28,46|65,70|37,73|28,82|57,30|92,23|82,86|30,41|86,65|24,8|29,57|46,24|28,29/28,18=28,37,73,75,18
69,73|42,29|77,25|69,24|91,20|69,97|24,81|62,82|97,85|69,91|36,56|81,54|20,94|25,79|94,37|73,77|85,42|82,36|69,62|54,75/69,75=69,24,81,54,75
83,74|0,4|61,50|4,58|74,69|89,77|89,47|89,28|89,60|37,7|28,95|53,80|77,0|50,34|39,43|47,61|43,37|89,39|95,53|60,83/89,58=89,77,0,4,58
97,37|37,90|72,45|81,87|92,78|99,73|97,81|78,19|87,80|59,99|43,92|45,6|80,88|97,43|29,17|67,59|97,67|90,29|97,72|6,36/97,73=97,67,59,99,73
47,37|65,38|86,11|45,86|37,63|38,16|91,82|89,96|66,45|57,75|94,28|96,59|22,65|75,89|50,47|28,91|57,50|57,66|57,22|57,94/57,63=57,50,47,37,63
75,71|52,69|86,0|58,24|39,81|53,37|37,87|69,63|39,85|83,58|81,46|46,86|24,7|39,52|39,96|71,48|96,75|85,53|39,83|63,82/39,87=39,85,53,37,87
86,64|23,33|3,5|37,42|64,37|99,3|78,49|52,69|31,23|31,35|31,99|49,98|31,86|31,52|69,43|43,76|33,39|35,78|39,14|5,11/31,76=31,52,69,43,76
82,62|59,79|45,15|62,9|79,65|82,20|84,0|23,36|9,84|37,56|75,23|82,59|82,75|36,43|73,45|56,76|82,4|4,37|65,68|20,73/82,43=82,75,23,36,43
34,57|32,51|19,67|28,86|67,52|99,32|25,99|86,87|25,19|87,71|52,97|51,17|1,34|25,48|25,72|92,76|90,92|48,90|25,28|72,1/25,71=25,28,86,87,71
50,0|27,90|96,46|20,21|46,23|9,99|50,27|99,79|41,60|50,9|43,39|50,43|79,35|0,41|12,96|90,11|39,20|60,10|50,12|11,59/50,10=50,0,41,60,10
28,48|55,70|38,58|82,98|9,87|56,84|31,93|26,64|54,27|93,9|84,82|48,38|25,31|25,26|25,28|25,55|70,54|63,88|64,63|25,56/25,98=25,56,84,82,98
29,18|30,83|78,6|98,49|69,58|5,69|29,5|27,44|50,46|83,27|65,98|29,81|29,11|11,0|90,78|0,50|81,65|29,30|58,4|18,90/29,4=29,5,69,58,4
59,34|58,62|45,94|58,31|34,78|65,27|31,45|30,92|44,43|27,48|43,89|62,44|94,18|58,65|58,9|92,28|9,59|48,56|58,30|28,14/58,14=58,30,92,28,14
74,71|74,46|42,98|71,36|88,87|83,65|36,79|1,83|87,85|13,18|31,13|46,88|98,30|18,8|74,1|9,42|79,2|74,9|65,93|74,31/74,85=74,46,88,87,85
27,80|27,77|47,11|53,90|72,81|77,72|29,67|90,42|27,93|93,89|80,30|30,47|73,45|54,29|81,84|38,54|2,53|27,38|89,73|27,2/27,42=27,2,53,90,42
99,13|22,67|59,14|73,62|99,74|99,57|18,68|74,49|17,18|62,70|85,59|53,22|99,56|56,73|49,66|57,85|13,53|99,17|68,60|66,93/99,93=99,74,49,66,93
83,2|16,13|73,16|77,82|98,41|98,83|33,70|98,75|2,81|82,18|30,77|98,30|36,33|81,63|53,22|98,36|22,46|41,53|75,73|70,95/98,95=98,36,33,70,95
31,38|92,53|9,31|3,30|3,68|3,42|1,67|70,78|42,92|95,80|88,21|3,79|19,1|80,88|78,4|68,9|79,19|53,98|30,70|3,95/3,67=3,79,19,1,67
66,58|74,31|82,53|10,32|54,75|53,60|69,28|82,9|82,83|87,66|56,39|60,56|82,69|9,74|64,30|28,10|30,54|83,87|31,80|82,64/82,58=82,83,87,66,58
55,85|86,30|45,77|53,28|28,23|44,4|2,73|55,86|19,54|77,19|88,44|99,88|17,53|73,10|55,45|55,17|30,37|37,38|55,99|85,2/55,10=55,85,2,73,10
99,13|22,67|62,70|73,66|99,74|99,57|18,68|74,49|17,18|66,93|85,62|53,22|99,56|56,73|49,59|57,85|13,53|99,17|68,60|59,14/99,93=99,56,73,66,93
53,39|66,92|66,5|78,53|75,88|46,97|26,31|66,59|92,46|97,22|55,78|8,75|31,86|17,80|77,8|98,17|66,55|59,98|66,77|5,26/66,88=66,77,8,75,88
93,74|74,16|63,83|53,88|26,95|95,50|35,92|63,26|83,55|7,66|16,60|10,87|50,44|63,7|51,24|87,51|55,35|66,53|63,93|63,10/63,44=63,26,95,50,44
87,13|49,50|29,28|11,20|57,88|38,97|11,73|11,2|94,62|62,80|13,75|2,57|11,58|20,83|50,29|88,52|58,87|11,49|83,38|73,94/11,52=11,2,57,88,52
56,94|94,50|76,92|76,56|34,33|1,55|50,12|27,4|76,34|76,1|85,95|45,14|74,59|8,63|55,74|63,5|76,85|95,45|92,8|33,27/76,4=76,34,33,27,4
86,99|36,20|20,25|57,27|5,91|41,49|99,59|27,80|25,37|5,36|80,13|81,30|98,86|75,41|5,98|30,19|91,75|19,24|5,57|5,81/5,37=5,36,20,25,37
43,9|66,40|11,74|11,95|11,17|74,35|17,50|28,84|88,28|11,52|11,66|95,31|50,43|81,56|52,88|35,22|40,81|80,73|22,67|31,80/11,73=11,95,31,80,73
89,58|15,29|78,49|18,82|56,15|29,51|89,97|27,61|74,18|61,88|89,24|22,75|64,22|42,74|24,64|89,56|58,66|66,78|89,42|97,27/89,49=89,58,66,78,49
31,33|66,21|94,41|56,96|14,35|54,31|28,82|33,22|28,94|28,79|82,55|21,56|28,66|42,9|28,54|55,42|41,14|79,90|90,3|3,32/28,32=28,79,90,3,32
21,68|30,39|46,64|58,40|73,56|84,60|43,75|75,14|14,7|7,59|43,21|79,84|43,77|43,58|40,73|39,46|43,30|13,4|77,79|68,13/43,56=43,58,40,73,56
56,89|62,33|92,74|77,82|37,39|37,36|89,40|37,20|39,62|58,1|74,84|82,88|40,41|28,58|37,28|20,92|36,77|33,24|1,46|37,56/37,41=37,56,89,40,41
84,27|57,36|80,91|98,2|84,70|21,96|84,80|59,12|3,10|48,94|84,63|70,57|94,3|84,48|91,98|12,75|96,39|27,59|36,88|63,21/84,2=84,80,91,98,2
93,28|27,35|37,87|25,17|37,54|4,80|23,66|37,40|26,34|37,89|66,7|87,23|54,93|89,19|19,4|22,25|35,26|37,27|28,70|40,22/37,70=37,54,93,28,70
64,6|38,90|6,42|60,43|64,63|72,83|63,60|36,89|95,72|43,0|31,70|89,48|64,15|90,18|48,34|42,31|64,95|83,69|15,38|64,36/64,18=64,15,38,90,18
16,89|71,50|60,61|9,64|19,43|62,98|98,97|90,12|97,23|79,71|50,47|43,16|47,35|79,19|79,62|12,81|81,70|79,9|79,90|64,60/79,61=79,9,64,60,61
7,15|27,64|28,21|12,6|70,5|36,85|46,28|72,43|84,25|25,53|89,46|67,36|6,70|64,7|84,69|84,89|84,27|53,72|69,67|84,12/84,21=84,89,46,28,21
49,79|1,4|51,46|26,12|39,51|45,39|79,1|14,45|14,49|40,26|99,40|33,93|14,29|14,99|93,55|29,22|30,95|14,33|55,85|22,30/14,12=14,99,40,26,12
72,32|31,75|86,44|16,72|35,24|86,91|5,16|24,30|91,35|51,40|11,51|86,5|86,89|28,31|89,83|44,11|86,28|21,57|83,21|75,64/86,32=86,5,16,72,32
53,2|62,53|19,89|59,51|16,96|5,85|19,58|51,60|91,74|86,62|19,21|25,91|95,16|40,5|89,95|19,86|58,59|19,66|66,25|21,40/19,2=19,86,62,53,2
29,8|53,46|18,44|18,39|72,52|18,14|45,29|61,3|93,97|44,61|35,72|39,93|18,80|18,26|26,45|46,20|14,53|97,2|3,99|80,35/18,2=18,39,93,97,2
61,73|73,78|38,98|76,1|56,21|64,96|1,15|30,48|30,61|3,38|97,76|30,56|30,64|96,72|6,32|48,3|21,6|72,22|78,70|30,97/30,70=30,61,73,78,70
28,57|50,49|71,91|57,99|2,80|87,1|58,81|25,20|20,87|99,98|23,29|62,71|80,58|16,75|50,25|50,2|50,23|50,28|49,62|29,16/50,75=50,23,29,16,75
20,6|74,90|99,41|74,42|90,67|93,48|41,23|92,98|14,99|74,80|33,56|74,46|98,34|46,92|6,60|67,33|80,78|42,20|74,14|78,93/74,60=74,42,20,6,60
47,91|65,38|86,11|45,86|91,82|38,16|96,59|89,37|66,45|57,75|94,28|37,63|22,65|75,89|50,47|28,96|57,50|57,66|57,22|57,94/57,63=57,75,89,37,63
94,35|51,49|80,29|89,5|2,95|35,92|76,79|49,34|92,44|5,76|82,51|2,10|2,82|40,57|95,45|2,89|29,27|45,40|2,94|10,80/2,27=2,10,80,29,27
0,58|34,49|16,15|92,54|50,86|58,81|77,96|0,34|56,65|88,92|54,3|15,56|27,98|81,26|0,88|26,9|98,50|49,77|0,27|0,16/0,3=0,88,92,54,3
96,31|34,92|38,67|76,99|34,60|31,58|28,95|99,41|34,68|92,76|60,80|51,28|2,94|58,56|68,8|80,38|34,96|34,51|8,2|95,5/34,5=34,51,28,95,5
25,98|8,31|36,39|66,0|31,30|44,3|43,44|37,56|36,53|53,66|30,2|36,23|21,25|0,12|39,43|36,18|23,21|36,8|18,92|92,37/36,56=36,18,92,37,56
64,16|32,17|17,39|64,2|2,28|65,77|53,32|64,37|69,11|48,42|41,65|61,18|64,53|85,48|37,41|11,49|42,67|16,69|28,61|64,85/64,49=64,16,69,11,49
33,7|92,77|77,33|24,53|2,97|92,9|37,2|7,78|92,20|9,24|20,26|92,1|92,37|41,90|1,70|97,65|26,41|60,64|53,93|70,60/92,90=92,20,26,41,90
84,74|5,42|66,84|35,31|38,16|43,14|67,66|5,85|42,90|28,10|90,9|5,28|24,47|31,38|0,43|5,67|9,72|5,35|85,0|10,24/5,16=5,35,31,38,16
4,28|9,75|17,81|67,9|15,7|75,37|67,22|67,31|37,29|69,17|49,6|90,66|91,61|67,15|67,90|31,69|35,4|22,35|7,49|66,91/67,61=67,90,66,91,61
5,16|51,44|83,33|69,17|51,29|29,5|13,37|6,40|78,1|51,42|44,6|16,70|51,83|96,9|40,59|33,78|53,96|42,53|37,69|51,13/51,1=51,83,33,78,1
90,80|30,44|98,30|80,73|55,93|86,27|73,71|91,90|91,98|76,86|77,20|79,55|29,85|91,76|27,87|91,1|1,79|44,88|85,77|91,29/91,88=91,98,30,44,88
72,74|42,56|15,64|59,45|97,72|41,55|64,57|42,97|53,59|74,54|42,41|4,15|88,95|46,21|42,53|42,4|55,46|98,88|56,98|45,63/42,63=42,53,59,45,63
86,60|28,47|5,90|44,46|95,89|74,44|95,28|95,70|39,86|71,75|97,45|95,6|6,5|90,27|75,50|47,97|95,39|89,74|70,71|60,84/95,50=95,70,71,75,50
47,87|76,16|76,96|76,47|1,14|35,6|96,35|67,26|26,69|48,91|21,67|6,38|40,36|57,1|87,40|91,7|76,21|76,48|7,18|16,57/76,18=76,48,91,7,18
34,83|17,21|21,61|60,58|17,11|15,80|27,39|7,13|39,34|81,60|17,38|71,7|17,27|84,49|11,81|13,52|38,15|61,84|17,71|80,35/17,49=17,21,61,84,49
31,22|72,92|51,39|18,80|24,87|55,26|31,66|31,55|39,74|26,8|22,51|6,18|31,72|66,6|92,32|31,24|75,99|87,75|8,16|32,82/31,80=31,66,6,18,80
42,24|13,87|13,41|20,44|2,52|13,49|24,74|76,28|52,60|13,63|63,20|39,76|60,25|49,42|87,34|13,2|44,83|88,6|41,39|34,88/13,6=13,87,34,88,6
96,0|28,67|40,83|40,96|73,17|83,53|53,35|54,28|75,73|33,54|49,59|94,61|71,94|0,49|35,56|40,23|48,75|40,48|23,71|40,33/40,67=40,33,54,28,67
20,13|1,78|86,20|86,93|73,84|13,1|94,77|54,18|32,50|61,71|84,32|86,22|93,61|71,36|92,54|77,46|10,92|22,94|86,73|86,10/86,18=86,10,92,54,18
25,92|78,72|47,37|34,82|84,47|92,41|25,70|3,44|70,34|95,71|99,3|91,84|25,91|41,13|13,1|71,78|82,93|25,99|44,63|25,95/25,37=25,91,84,47,37
8,95|74,54|43,83|60,96|30,52|29,59|8,37|32,30|78,74|8,69|96,29|6,14|37,32|14,47|44,73|8,43|8,60|83,44|95,6|69,78/8,54=8,69,78,74,54
58,77|42,99|80,32|99,69|80,93|32,94|25,31|94,78|77,11|93,57|13,46|57,25|82,42|80,40|80,82|40,13|80,58|46,87|11,8|78,9/80,8=80,58,77,11,8
80,39|76,21|84,69|76,64|76,37|2,0|76,75|47,67|75,96|82,47|37,45|21,98|64,82|0,27|45,80|36,52|76,25|98,36|96,84|25,2/76,52=76,21,98,36,52
96,0|42,49|52,3|88,90|90,75|88,86|93,32|88,37|49,62|3,96|60,19|91,44|88,52|22,60|86,11|37,42|88,22|11,93|75,91|19,80/88,32=88,86,11,93,32
26,73|7,75|6,35|56,45|57,22|82,57|76,26|82,6|82,37|22,19|75,40|82,99|4,44|99,7|82,91|37,76|19,24|44,39|35,56|91,4/82,39=82,91,4,44,39
23,89|33,65|33,48|43,78|33,30|19,1|30,75|1,88|86,40|57,23|40,92|94,35|48,19|81,4|33,26|65,86|33,43|78,94|75,81|26,57/33,92=33,65,86,40,92
97,37|37,90|72,45|81,87|92,6|78,19|97,81|6,36|87,80|59,78|43,92|45,99|80,88|97,43|29,17|67,59|97,67|90,29|97,72|99,73/97,73=97,72,45,99,73
96,39|82,76|82,15|92,28|80,7|3,96|0,3|59,46|17,92|15,17|43,73|8,80|73,51|22,59|82,43|82,49|49,22|76,8|82,0|51,53/82,7=82,76,8,80,7
67,25|36,67|52,94|25,87|70,3|36,7|36,52|3,40|7,46|22,86|46,22|95,84|94,33|84,57|0,95|33,10|36,18|18,70|87,49|36,0/36,10=36,52,94,33,10
43,12|42,82|55,99|86,55|42,86|82,53|7,76|33,62|42,51|53,66|66,64|42,35|76,87|62,70|12,22|70,31|51,7|99,96|42,33|35,43/42,96=42,86,55,99,96
57,76|67,1|48,82|76,93|12,96|13,12|46,68|90,87|16,19|56,57|93,20|32,67|1,35|87,16|56,32|56,46|56,13|68,48|56,90|96,17/56,17=56,13,12,96,17
9,86|97,1|8,48|30,77|42,8|70,36|48,64|86,97|76,90|76,82|63,7|36,60|82,91|76,30|76,42|84,18|91,84|77,63|76,9|90,70/76,7=76,30,77,63,7
71,67|37,35|97,12|71,30|28,16|16,63|84,36|67,26|20,31|26,65|30,28|71,84|42,20|71,37|77,96|35,77|71,41|36,97|41,42|65,53/71,96=71,37,35,77,96
40,8|22,13|39,24|64,18|94,57|2,89|20,94|13,40|64,2|64,22|64,20|76,39|32,46|18,76|46,23|89,49|26,32|64,26|49,78|57,50/64,78=64,2,89,49,78
18,82|46,10|74,88|46,52|59,74|89,57|7,98|70,32|10,9|88,31|46,6|52,22|46,59|82,77|54,18|30,89|9,70|6,30|22,7|46,54/46,57=46,6,30,89,57
89,58|15,78|22,75|18,82|56,15|78,49|89,97|27,61|74,18|61,88|89,24|29,51|64,29|42,74|24,64|89,56|58,66|66,22|89,42|97,27/89,49=89,56,15,78,49
68,52|33,83|72,59|72,81|72,84|61,62|57,95|72,45|98,68|67,39|72,60|84,13|59,38|83,12|60,98|45,33|81,71|13,61|71,57|38,67/72,95=72,81,71,57,95
81,90|9,81|86,73|47,0|23,58|23,95|36,33|95,24|58,85|33,47|24,86|84,14|23,9|14,98|70,3|90,13|23,36|23,68|68,84|85,70/23,0=23,36,33,47,0
54,49|62,59|67,16|67,99|39,14|14,81|67,36|2,9|61,62|36,54|67,56|25,97|67,25|97,2|26,74|16,39|49,53|99,43|43,26|56,61/67,9=67,25,97,2,9
53,31|53,10|98,14|78,3|56,37|97,17|22,6|63,69|10,85|14,22|53,63|53,98|85,76|53,97|95,32|17,56|31,78|76,23|69,95|3,39/53,32=53,63,69,95,32
29,44|87,41|96,11|66,29|11,87|41,20|91,33|70,69|96,15|15,13|23,70|24,23|96,91|44,53|96,66|33,36|36,42|13,94|96,24|94,82/96,82=96,15,13,94,82
5,76|69,63|8,79|57,41|91,69|98,62|8,99|18,24|99,73|20,51|73,5|81,18|51,98|8,25|79,3|63,12|25,81|8,20|8,91|3,57/8,24=8,25,81,18,24
38,55|49,51|68,73|54,67|15,78|51,70|69,61|97,15|69,53|69,56|69,38|61,97|91,25|73,66|92,91|69,77|55,54|53,68|77,49|56,92/69,66=69,53,68,73,66
87,94|0,69|95,70|90,43|69,21|37,16|81,52|70,0|43,47|95,54|95,87|61,90|95,61|59,19|95,34|16,53|94,59|34,37|54,81|52,5/95,5=95,54,81,52,5
63,77|20,7|63,57|46,41|68,88|83,92|50,12|21,20|88,27|92,96|45,21|59,46|57,50|27,76|12,14|77,83|63,55|63,45|55,59|63,68/63,96=63,77,83,92,96
4,0|64,74|25,96|26,64|13,8|0,65|28,4|46,45|26,86|53,19|26,25|96,11|26,13|11,6|26,28|19,42|8,48|48,7|86,53|74,46/26,42=26,86,53,19,42
86,7|90,55|5,50|47,35|47,37|31,17|6,65|0,67|7,39|47,86|27,5|66,89|39,80|47,0|47,90|89,26|67,6|37,27|35,66|55,31/47,80=47,86,7,39,80
98,31|5,84|24,26|12,83|66,53|14,5|42,98|42,28|28,66|42,80|42,14|22,12|84,45|53,81|78,70|80,22|15,40|26,78|42,24|31,15/42,81=42,28,66,53,81
88,59|90,81|69,13|79,68|25,55|13,65|92,80|92,84|80,21|92,44|21,23|23,98|59,79|84,56|92,96|96,33|56,25|92,88|44,69|33,90/92,81=92,96,33,90,81
67,25|36,67|52,94|25,87|70,22|36,7|36,52|22,86|7,46|33,10|46,33|95,84|94,3|84,57|0,95|3,40|36,18|18,70|87,49|36,0/36,10=36,7,46,33,10
4,30|72,56|42,18|18,22|9,79|19,4|69,72|9,74|77,40|74,29|29,77|63,82|82,41|9,69|41,48|53,42|9,53|9,63|56,26|79,19/9,48=9,63,82,41,48
31,81|54,75|75,52|91,30|78,60|73,33|58,20|81,92|20,78|13,85|31,70|98,73|23,13|31,24|24,23|31,77|31,58|77,54|70,98|92,91/31,52=31,77,54,75,52
43,16|41,37|2,69|69,50|33,49|49,20|37,97|62,35|16,51|32,1|41,75|50,96|51,48|1,7|97,62|75,32|41,43|52,33|41,2|41,52/41,35=41,37,97,62,35
24,52|2,53|43,13|79,61|43,33|19,59|36,6|96,16|60,22|33,2|6,12|16,79|13,36|43,60|22,19|53,49|43,96|52,10|10,34|43,24/43,59=43,60,22,19,59
46,36|26,69|51,86|69,46|98,13|26,98|36,42|21,55|30,28|53,30|39,15|78,53|15,68|59,51|38,39|26,78|89,59|26,89|13,21|26,38/26,55=26,98,13,21,55
55,83|82,41|43,54|71,82|89,1|89,95|89,71|69,23|89,57|78,31|1,37|95,78|31,73|41,3|83,93|37,69|57,43|91,55|54,46|89,91/89,46=89,57,43,54,46
74,19|76,12|10,63|27,65|10,31|55,26|46,71|75,49|49,91|90,36|64,74|31,8|12,90|10,64|10,76|65,55|8,46|19,94|63,75|10,27/10,71=10,31,8,46,71
26,64|16,49|60,46|13,60|21,80|13,82|13,21|94,3|82,93|93,69|99,63|69,92|81,9|13,94|9,11|11,43|46,99|3,16|13,81|80,26/13,43=13,81,9,11,43
61,99|99,24|19,10|47,5|18,19|18,7|17,61|21,40|18,50|30,73|18,86|37,47|64,83|7,37|73,43|50,93|18,17|93,21|10,64|86,30/18,40=18,50,93,21,40
78,87|22,91|94,75|9,30|22,34|75,73|45,83|22,78|74,99|34,60|83,9|87,16|98,94|22,45|42,33|91,74|60,42|16,46|22,98|99,27/22,73=22,98,94,75,73
5,24|5,59|39,25|24,46|77,6|15,39|96,15|69,35|5,96|48,36|5,54|46,51|35,48|54,98|59,77|6,14|98,21|51,33|5,69|21,40/5,36=5,69,35,48,36
26,21|26,15|10,40|45,73|15,45|86,43|3,65|21,93|65,66|93,94|26,3|26,86|73,28|26,78|43,55|40,61|78,10|66,77|94,19|55,87/26,28=26,15,45,73,28
42,44|83,69|68,82|15,27|27,83|36,95|47,42|66,59|58,97|68,36|95,58|41,85|82,41|68,66|44,37|98,65|68,15|68,47|59,98|85,43/68,37=68,47,42,44,37
4,51|57,17|7,45|62,13|67,90|53,7|53,41|53,4|9,91|53,62|13,73|45,9|86,15|17,36|53,76|73,84|41,57|76,86|51,67|15,25/53,90=53,4,51,67,90
26,67|72,66|98,91|57,7|16,17|66,85|6,99|16,57|67,14|16,69|69,80|80,45|11,56|16,11|82,26|16,82|17,72|56,98|45,58|7,6/16,91=16,11,56,98,91
9,32|79,30|68,78|2,68|97,63|38,74|79,38|39,81|7,45|79,5|58,93|86,7|93,31|79,9|30,2|5,58|32,97|79,86|74,39|45,34/79,63=79,9,32,97,63
91,20|88,50|55,11|70,91|64,55|45,97|56,13|68,48|48,45|42,24|24,33|42,30|20,99|42,68|42,88|33,81|81,35|50,56|30,64|42,70/42,13=42,88,50,56,13
29,58|81,23|74,25|10,74|73,3|12,98|25,5|98,28|11,73|58,35|82,29|21,91|11,10|23,21|3,50|11,81|28,92|50,99|11,12|11,82/11,91=11,81,23,21,91
14,69|24,60|57,3|69,89|15,37|63,12|57,53|12,24|53,14|57,77|57,63|95,15|77,73|57,36|36,95|3,72|59,19|73,59|22,55|72,22/57,55=57,3,72,22,55
16,44|54,31|55,14|61,69|44,1|69,62|68,61|49,16|60,97|55,68|14,60|55,80|90,54|80,88|97,32|83,45|55,17|88,83|55,49|17,90/55,62=55,68,61,69,62
71,1|41,74|73,16|65,9|41,73|41,71|55,24|61,81|21,55|74,66|66,85|41,45|45,21|23,65|41,23|25,64|16,25|85,11|9,43|1,61/41,24=41,45,21,55,24
79,75|99,27|81,72|36,26|72,93|96,41|54,81|97,35|55,92|92,14|41,49|96,61|61,55|27,36|96,97|96,99|96,54|35,79|21,50|49,21/96,75=96,97,35,79,75
7,16|63,59|23,37|7,8|95,43|35,85|28,74|52,49|7,93|85,9|93,69|8,35|66,28|7,23|81,95|16,81|69,63|7,64|64,66|37,52/7,43=7,16,81,95,43
16,34|10,45|31,83|47,51|16,35|83,70|58,10|16,19|64,17|19,58|16,37|12,6|35,31|37,48|67,64|34,12|17,84|48,47|6,63|16,67/16,70=16,35,31,83,70
75,36|65,66|19,26|55,89|45,74|75,87|75,28|75,19|50,42|97,63|63,6|75,56|87,47|28,97|26,45|56,50|47,55|36,31|42,12|31,65/75,6=75,28,97,63,6
32,10|24,81|21,24|32,38|37,35|38,45|32,92|32,60|95,97|35,65|97,26|56,28|10,95|8,78|60,21|45,8|54,50|50,56|32,54|92,37/32,78=32,38,45,8,78
78,73|16,17|24,77|77,34|44,41|17,66|73,89|44,78|0,30|44,16|90,27|39,0|44,3|19,22|66,15|44,90|27,19|3,39|89,7|41,24/44,34=44,41,24,77,34
61,41|42,7|79,9|79,37|79,67|45,50|50,38|78,61|79,0|24,49|9,78|79,96|51,57|57,85|7,62|37,45|49,34|67,51|96,42|0,24/79,38=79,37,45,50,38
26,95|15,21|97,16|60,83|15,53|53,97|73,6|44,47|8,60|15,71|20,26|13,86|5,93|93,73|16,85|71,20|15,44|21,8|47,13|15,5/15,83=15,21,8,60,83
1,94|67,36|41,40|84,67|19,49|85,15|29,71|71,91|43,84|19,93|19,29|28,1|19,28|40,70|19,43|49,41|15,31|94,61|91,39|93,85/19,70=19,49,41,40,70
20,88|16,97|40,78|97,83|37,33|13,5|13,40|60,86|78,59|86,76|61,20|69,16|13,60|59,87|76,58|13,69|65,37|13,42|5,61|42,65/13,58=13,60,86,76,58
21,68|18,20|81,21|29,91|88,58|75,81|0,63|63,89|11,88|89,80|55,11|40,77|3,29|75,40|75,0|68,5|75,87|87,3|77,18|75,55/75,58=75,55,11,88,58
28,84|76,61|82,98|10,17|54,52|27,62|84,20|88,28|52,49|88,0|88,80|95,82|45,27|88,76|0,54|61,10|20,53|80,45|87,95|88,87/88,98=88,87,95,82,98
55,3|0,5|76,56|4,68|93,83|18,74|18,55|14,76|83,24|24,67|31,34|79,31|13,14|2,70|18,93|18,0|5,4|18,13|3,2|74,79/18,70=18,55,3,2,70
56,58|47,89|75,0|64,77|64,39|64,49|77,13|64,38|89,81|38,93|13,56|49,75|64,53|53,8|99,45|8,99|0,48|26,36|39,47|93,26/64,58=64,77,13,56,58
70,86|15,42|61,70|42,14|14,16|6,13|13,3|51,66|49,53|59,61|6,15|57,30|80,57|3,51|6,43|6,59|43,80|6,10|91,49|10,91/6,30=6,43,80,57,30
20,95|53,86|87,6|76,70|58,87|20,73|73,81|83,28|71,53|20,24|95,15|20,58|81,65|15,83|24,23|20,71|6,37|65,61|23,76|86,5/20,37=20,58,87,6,37
37,66|37,60|69,84|37,77|13,97|58,78|97,59|33,6|66,33|84,64|60,58|50,11|94,50|64,92|77,13|6,19|78,86|3,94|37,3|37,69/37,11=37,3,94,50,11
29,80|35,64|81,33|28,2|56,1|33,68|6,81|3,52|6,47|64,28|6,29|78,21|6,35|1,75|88,61|80,88|47,56|68,49|21,3|6,78/6,61=6,29,80,88,61
15,67|88,66|28,54|67,60|95,32|35,1|40,95|15,26|66,6|54,14|15,40|15,4|15,88|77,46|6,2|46,69|26,77|4,28|60,35|32,87/15,87=15,40,95,32,87
68,79|19,17|62,44|96,80|74,24|24,63|94,68|71,74|44,88|65,19|36,94|3,36|17,87|80,48|3,71|3,96|3,52|3,65|48,30|52,62/3,63=3,71,74,24,63
64,7|37,50|50,39|24,15|13,14|13,4|25,33|13,64|13,93|13,81|7,66|53,25|81,24|44,79|15,1|93,37|4,97|66,96|14,53|97,44/13,79=13,4,97,44,79
32,48|48,55|4,68|34,30|30,9|32,34|68,59|9,25|16,53|10,72|59,73|21,10|2,93|53,2|96,31|32,16|32,21|72,14|32,4|55,96/32,31=32,48,55,96,31
23,31|19,95|33,38|28,33|11,41|11,83|34,28|16,36|22,59|73,22|45,12|95,21|36,23|41,19|59,49|11,34|12,51|11,16|11,73|83,45/11,49=11,73,22,59,49
23,13|92,82|92,19|92,88|92,60|78,37|7,91|13,86|92,98|97,69|2,33|60,2|69,14|33,16|82,23|61,7|80,78|19,61|88,80|98,97/92,91=92,19,61,7,91
39,16|31,78|95,40|59,81|7,19|66,8|15,4|83,15|24,85|40,14|81,31|83,95|83,59|49,66|71,49|4,39|14,69|83,7|19,24|83,71/83,69=83,95,40,14,69
24,62|38,20|76,64|91,55|87,0|93,66|76,93|41,52|33,75|76,41|52,87|55,24|76,91|59,49|76,33|99,38|66,90|90,1|75,59|64,99/76,62=76,91,55,24,62
6,67|13,92|6,71|2,78|80,20|29,62|87,35|6,51|49,13|78,87|6,2|6,47|71,49|67,29|81,79|62,9|51,81|20,36|79,83|47,80/6,9=6,67,29,62,9
53,86|55,99|28,52|84,28|96,46|83,45|96,60|86,55|92,11|11,83|96,24|24,43|96,53|44,15|60,33|43,44|33,35|35,41|96,92|46,84/96,45=96,92,11,83,45
94,45|17,82|16,94|21,33|99,17|28,69|78,28|64,13|99,16|24,21|99,78|99,24|45,6|19,40|13,19|33,97|69,79|81,60|99,64|82,81/99,40=99,64,13,19,40
91,13|13,2|69,67|35,52|99,19|56,68|68,10|56,35|10,3|56,69|56,62|67,87|62,99|2,17|3,73|45,51|87,12|56,91|19,31|52,45/56,73=56,68,10,3,73
26,81|40,9|89,40|49,19|98,17|16,78|80,3|81,24|42,14|98,49|74,77|98,83|83,89|19,74|98,44|45,80|17,45|78,42|98,16|44,26/98,9=98,83,89,40,9
41,30|57,62|28,90|94,26|9,69|69,57|10,63|41,28|63,33|90,8|38,10|30,94|8,20|41,0|66,59|41,9|26,2|59,71|41,38|0,66/41,33=41,38,10,63,33
21,41|70,21|84,87|84,70|53,73|76,30|39,53|56,76|84,8|77,96|84,64|96,88|41,75|8,42|16,35|59,77|42,16|64,56|87,39|84,59/84,73=84,87,39,53,73
28,88|34,10|34,44|10,96|47,53|34,86|33,43|34,77|56,8|96,5|53,40|34,56|8,69|86,28|77,85|85,33|69,12|5,54|88,98|44,47/34,98=34,86,28,88,98
23,18|45,13|19,11|94,42|11,94|3,37|91,5|34,3|49,47|55,79|56,91|23,19|47,55|18,38|23,30|30,56|23,49|23,34|37,41|38,45/23,5=23,30,56,91,5
87,76|53,93|86,11|24,4|11,31|89,86|93,60|76,49|53,43|20,13|4,45|90,20|53,28|81,80|29,90|60,81|53,89|53,29|28,24|43,87/53,49=53,43,87,76,49
55,18|17,77|94,58|49,17|97,29|23,59|55,97|55,63|41,94|8,72|29,10|59,73|72,88|63,49|55,96|88,16|55,8|10,68|96,23|18,41/55,68=55,97,29,10,68
15,20|65,46|57,15|92,60|54,65|71,95|92,7|68,86|8,57|93,18|99,68|60,91|91,93|95,85|46,51|7,99|92,8|92,54|92,42|42,71/92,51=92,54,65,46,51
99,88|18,59|39,1|1,79|90,99|58,80|39,18|39,44|44,98|88,48|82,51|79,58|98,30|96,82|39,90|30,47|59,73|73,12|51,85|39,96/39,85=39,96,82,51,85
17,51|17,33|33,53|17,44|72,67|53,65|41,64|65,45|17,24|3,90|17,14|47,34|14,30|30,3|24,40|40,47|51,41|64,71|67,39|44,72/17,71=17,51,41,64,71
83,2|81,63|73,81|77,82|98,41|98,83|33,16|98,75|2,70|82,18|30,77|98,30|36,33|70,95|53,22|98,36|22,46|41,53|75,73|16,13/98,95=98,83,2,70,95
2,53|53,60|93,28|15,33|26,51|38,23|56,15|13,2|16,87|47,26|16,47|16,97|97,56|61,38|23,62|28,31|87,93|16,13|16,61|51,82/16,60=16,13,2,53,60
95,83|96,36|72,91|75,60|75,52|48,24|83,65|75,0|35,78|87,96|60,87|75,35|0,95|56,10|52,45|75,39|78,72|45,48|39,85|85,56/75,65=75,0,95,83,65
87,10|41,97|27,48|4,1|21,4|45,24|79,38|36,74|36,55|76,28|3,21|55,41|36,3|36,45|75,79|24,76|74,75|10,27|36,87|97,40/36,48=36,87,10,27,48
14,90|50,0|8,42|25,64|90,55|43,24|60,77|42,31|94,62|64,99|43,23|51,98|24,14|31,72|43,60|23,25|62,50|43,8|43,94|77,51/43,72=43,8,42,31,72
40,43|94,49|99,70|55,58|28,40|49,99|63,84|39,55|97,63|83,54|94,71|25,28|94,97|94,36|70,96|94,25|50,83|36,39|84,41|71,50/94,41=94,97,63,84,41
93,4|27,35|37,87|28,70|37,54|25,17|23,66|37,40|26,34|37,89|66,7|87,23|54,93|89,19|19,25|22,28|35,26|37,27|4,80|40,22/37,70=37,40,22,28,70
61,64|55,82|80,76|61,53|82,85|64,62|92,41|47,80|61,47|49,92|62,75|76,37|53,58|58,97|61,11|61,49|11,55|97,77|75,96|41,13/61,96=61,64,62,75,96
68,61|15,14|96,24|15,76|0,64|98,8|8,96|15,19|15,31|76,90|87,46|15,98|13,67|14,52|52,68|90,13|43,87|19,17|17,0|31,43/15,46=15,31,43,87,46
29,83|70,61|83,12|74,34|98,85|20,24|70,30|47,98|77,14|24,97|14,81|30,29|70,93|43,39|70,20|93,47|39,74|97,58|70,43|61,77/70,58=70,20,24,97,58
8,52|42,11|80,42|67,8|52,35|59,70|18,75|9,57|27,80|18,67|18,9|18,13|62,29|57,62|75,60|70,81|13,59|60,50|18,27|50,90/18,90=18,75,60,50,90
7,82|13,59|29,50|51,89|89,8|41,66|22,41|66,32|0,63|8,81|12,5|59,29|17,44|7,17|5,35|7,13|44,0|7,51|7,22|82,12/7,63=7,17,44,0,63
28,83|22,32|52,82|90,22|24,12|12,78|50,28|3,24|16,67|83,80|91,71|16,50|16,3|56,27|32,68|16,91|71,56|67,13|13,52|16,90/16,82=16,67,13,52,82
46,91|1,11|69,78|12,88|60,80|57,89|28,57|85,33|85,81|11,60|84,67|98,46|67,58|81,28|85,12|33,98|85,39|39,84|88,69|85,1/85,78=85,12,88,69,78
20,37|98,52|20,25|2,8|63,21|25,80|37,11|20,2|19,14|11,98|80,63|96,97|28,96|54,5|20,67|67,54|8,19|5,77|97,64|20,28/20,52=20,37,11,98,52
0,79|74,60|1,40|74,22|55,95|74,1|35,92|40,35|74,49|74,71|71,14|14,72|49,65|60,45|72,68|65,0|41,4|4,18|45,55|22,41/74,68=74,71,14,72,68
25,89|52,14|83,39|83,18|11,24|14,63|83,11|39,52|24,25|26,8|8,17|83,26|65,6|17,5|71,65|83,51|18,95|93,16|51,71|95,93/83,89=83,11,24,25,89
61,69|28,5|1,46|46,93|21,15|33,45|43,73|28,61|69,43|10,72|28,77|64,8|8,92|28,65|65,1|11,21|77,64|5,11|72,33|28,10/28,93=28,65,1,46,93
80,8|25,61|56,96|80,27|80,55|0,95|49,37|95,51|52,92|89,19|80,60|18,49|55,18|27,56|61,52|80,25|60,0|71,89|96,54|8,71/80,19=80,8,71,89,19
77,20|80,77|67,27|26,44|61,26|61,91|61,12|27,65|12,67|34,35|45,73|49,45|62,80|61,62|83,54|56,63|91,49|35,83|61,34|44,56/61,65=61,12,67,27,65
67,15|78,2|79,91|66,96|58,78|91,51|67,83|83,79|15,66|82,13|90,20|96,34|67,89|36,81|89,58|67,82|13,36|0,90|33,0|67,33/67,2=67,89,58,78,2
95,4|13,69|55,79|55,76|61,34|55,44|87,13|55,61|59,95|76,87|55,59|57,3|94,33|78,90|79,57|34,78|44,94|4,65|3,12|33,11/55,69=55,76,87,13,69
66,85|48,75|2,52|82,41|75,92|30,21|89,66|82,30|82,48|16,37|92,78|14,89|41,12|12,45|81,77|21,81|52,16|82,2|82,14|45,90/82,37=82,2,52,16,37
2,55|33,78|59,34|85,79|26,38|85,71|71,26|79,30|72,60|38,73|55,59|85,25|78,57|85,2|47,13|25,35|57,98|85,33|35,72|30,47/85,34=85,2,55,59,34
16,48|86,17|95,2|13,93|16,73|40,23|85,7|16,35|10,13|2,27|35,10|50,86|73,95|7,28|60,50|44,63|16,60|23,44|16,40|48,85/16,93=16,35,10,13,93
2,89|89,11|22,64|22,52|17,98|37,81|7,61|53,2|52,38|61,48|18,44|28,12|64,94|81,17|22,37|38,28|94,18|22,53|22,7|48,66/22,12=22,52,38,28,12
8,72|35,8|2,36|14,51|83,98|80,86|39,57|86,39|72,50|30,75|27,35|27,30|16,14|99,16|96,83|27,12|12,96|27,99|75,2|27,80/27,57=27,80,86,39,57
37,52|53,92|92,13|9,27|12,37|23,1|94,97|27,31|12,73|36,38|52,67|12,23|1,94|12,81|67,17|12,71|71,53|81,72|73,9|72,36/12,13=12,71,53,92,13
36,46|60,15|49,68|44,11|97,22|72,44|18,24|60,97|48,13|60,58|21,48|60,49|13,12|15,72|60,21|58,36|22,88|68,18|88,14|46,34/60,14=60,97,22,88,14
19,40|11,4|88,96|45,19|88,24|58,72|44,13|72,12|4,85|78,68|85,23|88,98|88,11|98,58|96,45|88,84|84,48|24,78|68,97|48,44/88,12=88,98,58,72,12
76,20|64,47|47,58|76,3|3,4|78,5|62,49|37,69|76,87|12,89|15,37|87,62|4,78|76,92|92,64|7,12|76,60|60,7|49,30|20,15/76,5=76,3,4,78,5
96,4|55,31|4,57|96,94|94,59|96,61|45,40|21,77|51,18|18,53|96,23|57,45|61,1|96,78|1,2|2,84|59,55|78,51|23,21|77,7/96,31=96,94,59,55,31
42,76|13,87|13,41|20,44|2,52|13,49|76,28|88,6|52,60|13,63|63,20|39,88|60,25|49,42|87,34|13,2|44,83|24,74|41,39|34,24/13,6=13,41,39,88,6
88,0|29,50|46,80|36,26|25,35|54,31|43,97|97,88|40,54|25,72|35,75|92,40|75,46|25,92|72,19|25,36|21,68|19,21|26,29|25,43/25,50=25,36,26,29,50
39,51|22,72|7,5|52,94|94,25|18,31|52,8|51,93|67,73|52,39|52,7|5,18|14,64|53,50|8,22|72,78|73,14|25,53|93,96|52,67/52,31=52,7,5,18,31
94,43|8,81|86,62|84,2|63,74|62,78|68,25|63,86|63,20|13,8|91,84|63,68|63,39|37,15|25,94|39,21|21,37|78,56|74,13|20,91/63,15=63,39,21,37,15
39,79|60,67|46,28|63,93|86,76|34,63|46,5|1,86|28,1|46,60|58,41|72,31|5,58|46,80|41,47|67,39|61,34|46,61|31,43|80,72/46,76=46,28,1,86,76
11,89|35,68|84,38|0,32|86,35|27,24|46,11|0,86|4,84|0,94|0,27|37,30|94,4|99,93|93,60|89,63|32,99|0,46|24,37|68,77/0,63=0,46,11,89,63
76,48|42,79|60,49|20,13|13,16|36,99|5,69|36,59|36,73|73,54|48,53|82,71|59,76|36,20|79,65|99,42|49,82|16,45|36,60|54,5/36,53=36,59,76,48,53
32,89|23,50|15,46|15,39|15,4|15,11|11,52|39,67|37,5|89,95|15,55|46,32|44,20|4,23|52,37|74,44|50,85|55,74|67,42|42,82/15,20=15,55,74,44,20
31,22|72,92|51,8|39,74|24,87|55,26|31,66|31,55|8,16|26,18|22,51|6,39|31,72|66,6|92,32|31,24|75,99|87,75|18,80|32,82/31,80=31,55,26,18,80
41,38|7,27|54,41|7,79|96,36|72,54|7,40|16,80|7,25|7,72|97,85|31,24|17,16|27,35|25,17|63,97|24,14|35,96|40,31|79,63/7,38=7,72,54,41,38
85,32|44,60|65,44|38,57|65,89|96,42|89,31|63,25|99,13|64,27|65,82|42,24|65,63|65,64|41,52|82,96|31,85|27,99|25,38|60,41/65,57=65,63,25,38,57
6,63|55,96|63,92|6,54|43,27|95,98|96,87|54,10|40,95|26,84|12,50|93,30|87,31|6,93|92,26|6,40|30,12|6,55|10,43|98,57/6,31=6,55,96,87,31
67,28|10,8|7,13|79,92|40,37|13,97|74,66|99,76|45,78|78,10|92,82|87,55|97,40|28,99|7,79|7,67|82,18|7,87|55,74|7,45/7,76=7,67,28,99,76
73,41|25,71|66,67|25,60|83,56|76,87|58,57|18,66|25,73|82,80|25,89|71,58|25,83|11,79|60,98|56,82|89,18|57,84|98,11|41,76/25,87=25,73,41,76,87
18,50|77,80|85,9|9,90|30,8|85,37|91,29|80,87|54,60|37,1|85,49|29,54|8,40|88,86|90,88|1,18|85,91|49,77|85,30|40,92/85,92=85,30,8,40,92
90,19|24,10|52,89|19,22|3,12|0,83|10,94|94,37|70,0|12,48|3,70|89,58|83,84|58,55|57,90|3,52|34,47|48,34|3,57|3,24/3,37=3,24,10,94,37
5,45|25,59|14,39|25,14|45,99|59,50|24,62|99,82|27,86|25,69|12,38|58,37|25,5|39,47|47,66|38,42|50,58|69,12|25,24|62,27/25,86=25,24,62,27,86
5,22|76,52|80,47|5,8|70,48|61,91|59,80|10,69|5,32|22,39|32,7|90,61|39,83|89,59|7,70|69,76|83,35|5,89|5,10|8,90/5,35=5,22,39,83,35
20,45|72,73|40,97|82,13|74,82|0,26|73,10|1,18|45,33|47,72|89,1|74,69|69,20|74,0|74,65|21,71|74,47|13,40|65,89|26,21/74,33=74,69,20,45,33
43,88|43,69|27,0|13,42|15,12|65,91|30,15|43,29|69,87|62,24|0,78|31,27|58,62|1,30|88,58|84,13|43,1|87,65|29,84|43,31/43,78=43,31,27,0,78
17,95|19,68|16,81|39,19|69,16|39,69|25,50|95,72|81,40|31,79|54,5|5,31|98,25|42,17|58,98|49,30|68,49|39,54|39,42|39,58/39,30=39,19,68,49,30
43,88|43,69|27,13|65,91|15,12|0,78|30,15|43,29|69,87|62,24|13,42|31,27|58,62|1,30|88,58|84,65|43,1|87,0|29,84|43,31/43,78=43,69,87,0,78
58,89|45,53|91,80|41,91|34,87|96,9|29,59|99,28|58,15|12,41|54,67|89,2|28,34|15,96|9,77|58,45|58,12|53,29|2,54|58,99/58,77=58,15,96,9,77
22,93|21,22|31,51|90,37|15,90|42,40|57,61|46,95|15,14|39,31|14,21|15,46|15,26|15,58|37,42|61,50|80,23|26,57|58,39|95,80/15,51=15,58,39,31,51
43,27|47,97|43,39|56,13|13,93|42,61|17,73|61,71|27,57|16,88|82,47|43,42|73,87|43,40|43,56|39,17|40,82|93,22|57,16|71,78/43,87=43,39,17,73,87
77,43|7,88|44,58|77,27|58,46|94,87|77,57|43,38|72,7|49,12|77,52|52,6|77,72|57,44|38,49|6,50|88,95|87,89|50,70|27,94/77,12=77,43,38,49,12
15,11|19,61|24,8|21,37|25,93|92,57|9,97|19,15|63,9|19,62|80,21|61,25|19,24|8,92|19,80|93,30|37,58|22,78|11,22|62,63/19,30=19,61,25,93,30
41,42|63,67|54,68|72,57|11,30|1,50|83,53|67,27|63,72|42,11|70,83|63,41|63,76|34,54|76,70|46,90|63,7|27,1|7,34|57,46/63,53=63,76,70,83,53
23,96|26,32|17,23|76,97|98,1|96,59|56,76|32,0|43,67|7,93|34,60|26,98|0,7|11,56|26,11|26,29|1,43|47,34|29,47|26,17/26,97=26,11,56,76,97
59,11|31,62|64,31|14,7|75,24|47,4|22,2|47,75|7,82|47,41|68,89|66,68|24,22|47,66|62,54|4,79|41,14|79,59|89,51|47,64/47,54=47,64,31,62,54
10,5|26,14|86,26|91,25|14,0|68,86|68,42|34,6|68,34|6,58|55,10|36,28|42,91|5,30|25,69|58,90|68,3|28,38|3,36|68,55/68,30=68,55,10,5,30
53,71|22,90|94,99|85,39|33,67|94,85|67,78|79,84|41,19|26,49|10,16|94,26|49,79|69,22|16,53|78,38|94,10|94,33|39,41|99,69/94,84=94,26,49,79,84
66,44|58,32|3,0|9,74|18,29|73,80|84,66|68,89|48,35|29,69|59,84|69,48|61,3|18,59|18,61|89,58|80,9|0,45|18,73|18,68/18,44=18,59,84,66,44
23,48|42,59|23,30|48,31|33,97|73,69|21,33|10,45|40,51|69,80|90,73|28,10|51,41|41,1|71,21|31,42|23,90|30,28|23,40|23,71/23,45=23,30,28,10,45
18,7|93,38|41,76|7,52|96,17|50,94|50,96|50,41|81,70|37,97|75,93|97,16|43,18|16,14|94,75|54,69|50,37|50,43|76,81|17,54/50,52=50,43,18,7,52
49,78|55,68|87,85|41,54|78,64|23,2|15,24|55,49|20,39|54,20|55,87|59,80|68,37|55,41|64,67|55,96|85,23|37,15|96,59|80,14/55,39=55,41,54,20,39
24,64|36,33|7,42|44,19|66,92|33,10|77,36|58,48|7,24|7,52|52,44|70,63|19,55|7,77|26,66|63,32|64,58|7,79|42,26|79,70/7,32=7,79,70,63,32
74,21|52,79|51,28|78,11|52,92|45,74|17,51|52,17|30,50|86,30|28,5|12,24|52,45|92,86|34,88|79,44|52,12|24,78|21,43|44,34/52,50=52,92,86,30,50
18,69|24,1|52,77|30,71|75,48|64,99|69,20|80,6|35,80|30,18|77,24|71,64|30,52|30,44|30,89|20,40|99,17|89,35|48,78|44,75/30,17=30,71,64,99,17
13,14|93,74|66,27|27,41|58,68|13,59|52,19|26,96|13,23|59,91|13,26|19,84|13,52|96,93|84,35|91,98|98,1|23,66|68,80|14,58/13,35=13,52,19,84,35
52,62|98,35|52,90|52,46|52,61|47,86|75,41|46,92|92,96|96,65|36,98|34,0|99,3|61,36|90,14|14,34|41,99|62,93|93,47|52,75/52,3=52,75,41,99,3
24,8|22,54|80,3|70,2|21,71|96,91|22,96|22,70|29,24|22,29|91,67|3,27|47,21|54,47|87,80|22,87|8,76|2,32|32,92|67,77/22,71=22,54,47,21,71
83,27|44,48|20,83|23,0|20,64|24,82|20,17|82,12|0,86|68,38|17,23|20,25|27,44|80,39|22,80|38,57|46,68|20,46|64,22|25,24/20,12=20,25,24,82,12
7,95|97,84|9,4|10,40|92,86|1,7|27,10|75,97|40,83|75,27|95,5|75,92|93,28|58,93|86,98|98,56|75,58|75,1|84,9|28,44/75,4=75,97,84,9,4
26,40|42,14|89,42|49,19|98,17|16,78|80,3|40,9|81,24|98,49|74,77|98,83|83,89|19,74|98,44|45,80|17,45|78,81|98,16|44,26/98,9=98,44,26,40,9
67,23|11,74|12,15|88,44|30,40|83,20|32,88|31,12|67,32|40,71|44,52|99,85|85,11|23,94|41,31|67,99|67,30|71,58|67,41|94,83/67,58=67,30,40,71,58
78,46|7,63|1,29|2,54|55,78|55,30|41,48|45,1|76,36|18,57|46,76|54,41|55,7|55,2|63,31|55,45|30,18|31,17|29,90|57,15/55,17=55,7,63,31,17
25,91|52,97|20,72|53,25|20,4|4,52|79,33|93,41|59,31|73,6|91,18|20,53|72,17|71,63|17,59|41,79|20,71|97,94|63,73|20,93/20,94=20,4,52,97,94
77,76|40,33|48,9|18,95|79,67|24,56|79,24|54,19|79,69|69,17|11,80|3,81|79,77|67,38|95,3|17,40|79,18|56,48|38,11|76,54/79,9=79,24,56,48,9
27,5|74,39|19,69|29,34|58,90|63,50|90,80|34,86|27,18|18,87|69,43|76,19|27,29|87,63|39,16|80,13|5,74|86,61|27,76|27,58/27,16=27,5,74,39,16
80,67|6,71|13,45|94,22|60,97|25,60|65,80|74,13|32,11|11,58|70,74|58,1|31,34|25,65|25,32|25,70|22,6|97,31|25,94|67,75/25,45=25,70,74,13,45
20,51|93,31|40,48|48,0|90,70|35,43|5,93|14,90|3,42|70,11|5,14|51,33|5,65|88,35|33,78|31,3|5,20|65,40|50,88|5,50/5,42=5,93,31,3,42
60,82|36,50|15,85|60,10|60,25|10,33|85,32|33,74|64,21|70,11|60,70|53,56|21,84|11,36|74,13|94,72|56,94|25,64|60,53|82,15/60,32=60,82,15,85,32
7,32|64,63|7,64|7,14|7,75|55,87|3,54|32,1|99,38|16,33|75,2|2,66|14,16|7,3|1,55|33,9|18,83|54,99|63,18|66,74/7,87=7,32,1,55,87
80,8|53,22|79,41|38,75|53,31|41,9|53,79|52,50|39,80|9,44|77,66|31,26|50,77|53,40|26,38|16,55|40,16|55,46|22,39|53,52/53,66=53,52,50,77,66
20,41|53,17|20,90|63,85|86,83|4,7|80,86|20,4|77,70|90,53|7,24|20,79|35,14|70,63|17,0|79,80|20,77|47,35|41,47|24,23/20,85=20,77,70,63,85
99,17|61,86|38,0|99,46|34,51|99,48|46,33|25,21|17,96|21,82|33,61|0,42|99,34|80,37|96,59|99,28|48,25|59,26|28,38|51,80/99,42=99,28,38,0,42
39,31|47,95|47,61|29,39|68,80|45,9|75,44|99,1|63,68|31,24|95,75|47,29|47,45|35,25|54,35|47,63|80,92|44,26|61,54|9,99/47,24=47,29,39,31,24
54,39|78,6|71,76|50,57|6,71|57,62|8,51|51,88|8,50|62,14|70,60|44,54|91,2|10,36|8,78|8,91|39,96|88,10|8,44|2,70/8,76=8,78,6,71,76
81,5|61,76|44,58|16,1|30,28|21,16|1,63|25,81|28,89|30,61|14,69|31,10|30,14|76,44|69,31|30,21|5,74|82,79|30,25|89,82/30,58=30,61,76,44,58
74,71|74,46|42,98|71,36|88,79|83,65|36,18|1,83|79,2|13,87|31,13|46,88|98,30|87,85|74,1|9,42|18,8|74,9|65,93|74,31/74,85=74,31,13,87,85
82,64|13,27|64,81|65,40|70,62|27,30|59,98|51,7|70,82|70,13|81,33|67,91|7,67|30,68|98,16|70,51|21,65|70,0|62,59|0,21/70,91=70,51,7,67,91
80,8|25,61|56,52|80,27|80,55|0,95|49,37|95,51|89,19|96,54|80,60|18,49|55,18|27,56|61,89|80,25|60,0|71,96|52,92|8,71/80,19=80,25,61,89,19
62,90|79,38|90,95|70,91|91,20|20,35|25,8|19,98|87,52|37,25|59,19|79,59|38,62|79,46|79,37|46,69|69,87|79,70|8,14|98,88/79,35=79,70,91,20,35
87,13|49,50|62,80|11,20|57,29|38,97|11,73|11,2|94,88|88,52|13,75|2,57|11,58|20,83|50,62|29,28|58,87|11,49|83,38|73,94/11,52=11,73,94,88,52
2,23|23,62|93,28|15,33|26,53|38,51|56,15|13,2|16,87|47,26|16,47|16,97|97,56|61,38|51,82|28,31|87,93|16,13|16,61|53,60/16,60=16,47,26,53,60
39,74|39,5|43,86|57,97|39,4|74,96|97,31|90,32|39,57|92,73|5,28|28,92|35,2|32,13|75,66|86,75|4,90|39,43|96,35|31,85/39,2=39,74,96,35,2
13,14|84,35|66,27|27,41|58,68|13,59|52,19|26,96|13,23|59,91|13,26|19,98|13,52|96,84|98,1|91,93|93,74|23,66|68,80|14,58/13,35=13,26,96,84,35
65,16|58,42|42,59|58,57|59,93|56,54|93,8|16,34|62,79|57,65|58,18|33,85|79,30|30,90|37,33|58,62|18,56|85,55|54,86|58,37/58,34=58,57,65,16,34
1,18|58,38|36,1|36,32|62,29|36,58|59,7|38,16|18,26|32,40|16,67|7,51|51,31|53,62|26,22|40,13|36,59|17,53|36,17|13,68/36,67=36,58,38,16,67
54,50|2,0|54,40|14,68|50,84|42,22|19,61|61,59|9,42|0,14|54,57|54,19|10,80|84,96|54,2|40,10|59,58|96,92|80,93|57,9/54,58=54,19,61,59,58
28,59|74,38|19,10|10,78|50,63|63,82|74,97|74,84|83,28|70,65|84,55|99,81|26,83|38,19|74,26|81,70|74,99|60,30|97,50|55,60/74,65=74,99,81,70,65
61,42|34,37|79,41|41,74|74,19|35,31|66,93|61,73|61,35|61,44|36,82|48,58|44,67|67,36|77,48|57,34|73,57|31,66|42,77|61,79/61,82=61,44,67,36,82
45,7|47,0|13,32|32,29|50,88|29,15|88,44|96,47|16,1|74,21|31,96|7,20|44,90|74,31|1,56|74,54|21,16|74,50|54,45|74,13/74,0=74,31,96,47,0
77,76|11,80|40,33|18,95|79,67|24,56|79,24|54,19|79,69|69,17|48,9|3,81|79,77|67,38|95,3|17,11|79,18|56,40|38,48|76,54/79,9=79,67,38,48,9
0,59|83,23|20,30|7,0|61,81|61,7|23,66|22,71|59,80|73,83|61,48|90,16|14,72|16,20|61,73|61,90|81,22|71,76|48,29|29,14/61,72=61,48,29,14,72
80,34|56,99|26,71|40,69|26,83|26,40|99,47|72,16|71,76|54,56|62,18|73,7|76,45|69,80|92,62|7,72|83,92|26,54|45,78|26,73/26,18=26,83,92,62,18
98,49|98,69|31,83|55,52|49,19|81,55|33,92|85,8|69,31|98,44|4,33|98,4|19,48|48,41|6,85|74,81|83,71|44,6|98,74|92,82/98,71=98,69,31,83,71
30,54|71,55|43,80|71,36|67,30|71,94|28,87|84,57|60,88|55,84|87,0|57,47|80,34|71,28|71,72|72,43|36,60|88,73|94,67|0,64/71,34=71,72,43,80,34
0,94|50,32|11,35|34,53|27,54|13,76|45,34|0,55|0,45|72,92|0,12|55,72|64,50|94,64|53,79|0,27|12,59|92,81|54,13|59,11/0,79=0,45,34,53,79
11,9|99,91|56,11|24,23|30,99|97,41|19,27|53,30|23,19|90,21|17,90|97,17|66,44|97,37|97,53|97,24|41,58|37,56|21,52|58,66/97,27=97,24,23,19,27
18,46|54,65|60,28|18,45|45,60|74,26|46,82|96,94|20,36|36,85|28,48|95,69|18,74|18,20|86,12|82,95|18,54|65,96|85,5|26,86/18,48=18,45,60,28,48
87,68|46,76|48,5|87,48|96,49|5,13|13,33|83,69|47,63|87,83|87,2|81,28|86,96|40,30|69,47|68,44|76,81|2,86|87,46|44,40/87,33=87,48,5,13,33
66,28|93,35|58,79|49,66|80,93|67,78|98,58|10,53|15,98|68,10|80,62|35,43|62,68|80,15|80,67|80,49|43,52|78,64|64,24|28,14/80,53=80,62,68,10,53
76,6|83,26|76,13|20,82|32,83|61,81|76,20|98,87|82,61|44,51|85,65|26,67|76,32|13,98|65,2|51,84|76,85|2,71|87,49|6,44/76,67=76,32,83,26,67
28,11|11,26|19,82|56,29|48,95|58,6|97,55|86,77|55,19|1,97|1,58|1,75|6,12|77,56|95,22|22,32|1,86|1,48|75,28|12,62/1,82=1,97,55,19,82
27,37|39,29|89,39|22,86|29,94|89,26|89,55|93,77|94,43|55,79|79,27|89,93|67,51|9,34|89,96|86,12|25,67|26,25|77,9|96,22/89,34=89,93,77,9,34
22,45|58,22|52,75|58,19|61,16|57,36|45,57|50,39|58,27|27,82|75,44|21,61|9,50|58,72|72,52|19,9|16,89|48,40|82,48|58,21/58,44=58,72,52,75,44
36,10|89,22|50,75|87,61|40,73|87,89|87,64|71,93|87,31|26,94|31,69|87,71|64,30|61,36|22,26|10,81|16,86|69,50|30,40|93,16/87,94=87,89,22,26,94
82,67|8,73|51,89|51,82|78,4|71,46|51,76|51,71|76,66|93,87|73,13|14,31|46,12|89,8|87,35|67,78|51,93|35,99|66,14|12,77/51,77=51,71,46,12,77
14,31|43,15|77,13|92,70|96,1|76,72|24,75|70,76|92,43|63,12|72,39|93,14|35,69|75,63|92,2|2,93|92,77|92,24|15,96|13,35/92,12=92,24,75,63,12
20,95|53,83|87,86|76,70|58,87|20,73|73,81|6,37|71,53|20,24|95,15|20,58|81,65|15,6|24,23|20,71|86,5|65,61|23,76|83,28/20,37=20,95,15,6,37
28,24|56,73|51,53|44,51|28,59|42,82|81,90|28,22|5,84|90,23|28,5|22,81|59,18|84,35|35,47|53,64|73,33|18,42|24,56|28,44/28,82=28,59,18,42,82
88,55|64,97|26,64|15,21|88,14|48,71|88,98|14,89|88,67|71,63|99,52|13,3|67,13|94,49|89,94|98,48|52,15|88,99|3,76|55,26/88,49=88,14,89,94,49
55,85|86,30|45,77|53,19|19,54|44,4|2,28|55,86|73,10|77,73|88,44|99,88|17,53|28,23|55,45|55,17|30,37|37,38|55,99|85,2/55,10=55,45,77,73,10
20,52|63,65|78,34|68,62|26,38|30,20|95,36|81,60|57,63|95,81|38,70|62,28|95,68|95,57|52,44|65,1|28,79|36,26|95,30|60,78/95,44=95,30,20,52,44
71,61|83,47|5,20|80,41|42,49|16,71|85,86|0,10|85,42|86,83|41,5|49,58|47,4|61,70|85,80|10,98|85,32|32,0|58,39|85,16/85,39=85,42,49,58,39
30,45|41,22|32,14|94,24|19,30|61,23|62,95|45,65|54,59|13,62|13,7|24,54|14,57|13,94|95,41|99,61|7,99|40,32|13,19|13,40/13,22=13,62,95,41,22
51,14|38,94|38,51|18,59|94,70|71,3|38,31|70,0|38,91|14,41|33,17|41,25|59,92|0,44|88,71|31,18|17,67|91,88|58,33|38,58/38,3=38,91,88,71,3
75,79|54,94|53,82|77,12|30,26|75,9|94,18|1,77|75,96|96,1|69,25|82,31|26,98|18,35|86,69|75,54|9,53|98,14|75,30|79,86/75,12=75,96,1,77,12
86,12|75,6|21,65|45,27|88,69|15,86|75,28|75,29|66,44|98,88|12,51|71,21|29,62|75,15|75,91|28,98|6,71|91,58|58,66|62,45/75,69=75,28,98,88,69
3,53|34,94|77,34|63,82|28,2|40,79|94,17|99,73|99,63|99,40|96,3|68,83|4,68|79,19|19,62|99,77|53,72|73,4|82,28|99,96/99,17=99,77,34,94,17
27,58|74,2|2,12|40,9|9,41|88,77|12,25|25,96|74,55|62,21|89,27|29,40|55,62|77,20|74,67|74,88|67,89|20,93|21,94|74,29/74,41=74,29,40,9,41
73,8|20,12|70,55|8,31|62,70|73,42|26,71|73,51|31,59|73,77|12,6|51,49|71,79|49,24|24,63|59,30|42,62|77,20|79,64|73,26/73,55=73,42,62,70,55
64,6|25,64|56,68|88,51|51,63|65,9|29,13|68,15|79,69|65,61|61,56|65,88|9,25|65,45|69,33|45,75|63,73|22,79|75,29|65,22/65,73=65,88,51,63,73
23,96|26,32|17,23|7,93|98,1|96,59|56,7|32,0|43,67|34,60|76,97|26,98|0,34|11,56|26,11|26,29|1,43|47,76|29,47|26,17/26,97=26,29,47,76,97
35,7|30,63|7,55|39,11|71,17|30,33|30,62|25,26|62,94|33,35|17,87|11,40|0,58|82,71|30,0|30,82|58,25|94,28|63,39|28,54/30,26=30,0,58,25,26
60,4|18,74|35,49|42,52|20,50|81,42|71,35|32,16|71,63|49,60|71,18|83,97|71,78|78,81|63,73|50,32|73,83|10,62|71,20|74,10/71,52=71,78,81,42,52
2,98|27,92|27,23|33,10|63,16|92,63|27,12|9,33|12,73|73,88|88,1|97,93|27,9|0,2|84,97|23,0|10,46|16,17|27,84|93,14/27,98=27,23,0,2,98
22,61|56,32|0,28|16,74|32,11|22,71|71,27|60,20|11,33|20,63|22,69|58,10|22,56|27,58|22,16|25,0|74,90|90,78|61,25|69,60/22,63=22,69,60,20,63
30,45|74,26|55,67|99,9|36,30|81,35|89,17|59,89|32,74|51,36|17,55|31,88|59,81|35,31|9,13|26,73|59,32|22,99|59,22|59,51/59,73=59,32,74,26,73
13,96|86,28|87,4|86,89|21,53|28,0|37,91|86,13|38,27|0,70|58,82|53,38|86,21|70,7|18,58|89,15|96,87|86,39|39,18|15,37/86,82=86,39,18,58,82
24,59|89,96|14,89|95,32|24,76|24,61|25,36|59,69|30,7|53,21|96,71|69,95|67,2|7,37|2,25|24,67|61,53|24,14|21,27|76,30/24,32=24,59,69,95,32
72,48|60,20|64,62|20,18|91,35|62,54|84,94|90,2|18,91|60,27|60,93|94,68|85,72|93,32|60,85|32,90|60,26|27,64|48,44|26,84/60,35=60,20,18,91,35
55,52|3,12|98,55|36,99|95,80|36,84|99,43|39,98|2,17|12,59|84,3|4,95|36,19|43,2|26,24|71,4|36,71|19,57|57,26|36,39/36,80=36,71,4,95,80
21,17|46,19|47,62|21,47|17,5|98,92|16,34|62,98|99,58|58,46|89,44|53,89|5,36|21,9|36,55|21,99|34,94|9,53|76,16|21,76/21,94=21,76,16,34,94
66,81|43,25|97,20|99,98|97,99|81,42|20,88|19,34|83,49|97,19|98,29|88,86|97,83|86,26|29,48|49,43|97,36|34,64|36,66|64,0/97,42=97,36,66,81,42
41,28|43,6|72,81|4,72|76,43|28,22|52,69|41,4|20,61|79,11|41,73|61,38|22,52|41,79|73,76|38,90|13,40|81,29|11,13|41,20/41,29=41,4,72,81,29
99,8|57,95|19,4|48,66|50,76|47,51|54,99|54,93|8,57|73,50|54,15|66,19|83,40|54,48|81,26|93,73|26,47|15,83|40,12|54,81/54,51=54,81,26,47,51
72,42|30,67|91,37|91,73|87,25|86,87|67,79|53,52|91,86|91,23|28,19|73,53|60,28|23,30|37,60|1,72|52,62|91,1|25,75|42,22/91,22=91,1,72,42,22
3,46|14,44|26,84|44,99|46,28|43,85|6,90|97,63|26,2|2,14|69,64|0,69|84,3|63,59|26,6|26,97|64,98|26,0|90,43|59,8/26,28=26,84,3,46,28
83,74|0,50|61,53|50,34|74,69|89,77|89,47|89,28|89,60|37,7|28,95|4,58|77,0|53,80|39,43|47,61|43,37|89,39|95,4|60,83/89,58=89,28,95,4,58
17,74|98,28|60,11|16,81|16,50|16,71|29,15|71,61|14,77|50,31|81,69|16,98|76,85|69,14|55,76|31,60|61,29|28,17|85,66|16,55/16,15=16,71,61,29,15
78,69|28,16|79,95|97,87|95,51|34,2|69,32|26,34|86,64|26,78|26,0|2,97|51,88|16,85|32,29|26,28|26,79|30,86|85,58|0,30/26,87=26,34,2,97,87
29,34|11,83|70,16|29,20|73,78|95,11|13,96|93,95|34,54|96,6|72,62|29,70|29,93|16,15|20,72|62,22|15,8|29,13|54,73|6,30/29,78=29,34,54,73,78
34,75|4,85|85,61|99,30|34,28|34,96|30,3|65,13|86,99|98,21|61,60|75,19|25,79|21,97|96,98|28,57|34,4|57,25|34,86|19,65/34,3=34,86,99,30,3
12,69|99,74|73,44|1,37|59,80|73,85|73,99|97,66|16,19|80,7|42,16|7,89|73,96|44,91|91,12|39,97|96,39|85,42|74,1|73,59/73,89=73,59,80,7,89
92,60|6,10|1,67|87,39|29,83|10,87|1,91|97,7|41,16|1,92|94,24|16,48|60,94|1,6|80,29|7,72|1,97|72,36|91,41|67,80/1,36=1,97,7,72,36
39,82|36,26|46,43|39,78|39,63|78,28|67,34|39,6|77,93|74,77|70,46|6,74|34,22|28,36|72,73|43,85|89,72|39,70|82,89|63,67/39,26=39,78,28,36,26
65,68|57,83|87,78|45,34|30,6|66,67|12,84|41,88|34,57|88,99|91,5|84,87|65,79|68,91|6,66|65,45|79,41|65,12|5,47|65,30/65,83=65,45,34,57,83
83,82|55,59|87,42|83,34|42,48|13,65|67,28|83,46|83,87|83,67|28,77|43,29|46,13|48,25|82,55|34,43|59,78|77,35|29,85|65,97/83,78=83,82,55,59,78
4,15|59,69|71,75|65,18|18,53|91,6|3,7|7,91|21,59|69,28|53,43|61,71|43,74|65,21|65,61|65,4|65,3|90,23|75,62|15,90/65,62=65,61,71,75,62
11,5|67,71|47,67|5,41|52,66|41,42|64,21|40,32|40,93|93,52|38,47|54,14|40,11|43,89|66,95|40,54|32,13|13,64|40,38|14,43/40,95=40,93,52,66,95
93,39|86,62|16,18|39,5|18,32|82,17|63,19|52,49|49,43|19,86|5,37|13,50|13,93|13,52|74,16|50,69|13,74|43,30|69,82|13,63/13,30=13,52,49,43,30
98,8|8,26|20,51|51,38|98,74|26,75|98,78|40,72|98,39|2,27|39,20|54,71|27,96|1,54|78,2|74,1|81,40|75,56|72,22|98,81/98,38=98,39,20,51,38
59,12|2,26|43,29|46,67|20,16|93,4|4,94|59,20|28,77|67,42|59,22|26,28|12,93|59,2|16,43|14,9|9,99|22,46|66,14|59,66/59,77=59,2,26,28,77
80,78|21,49|49,81|62,25|61,32|21,80|97,96|22,97|32,89|81,3|71,44|3,92|21,71|40,1|99,61|44,62|21,99|68,22|78,40|21,68/21,96=21,68,22,97,96
84,38|24,37|10,29|37,35|85,58|40,10|69,19|40,85|55,24|97,50|58,61|41,84|79,16|16,69|40,92|61,44|29,97|92,41|40,55|40,79/40,35=40,55,24,37,35
31,92|48,22|61,93|22,56|15,90|52,21|91,41|48,66|48,61|42,15|6,95|56,6|79,46|92,53|7,42|48,7|66,31|41,79|48,91|93,52/48,95=48,22,56,6,95
59,85|96,10|59,96|39,57|91,61|59,78|78,71|26,42|71,53|53,18|46,83|59,23|23,46|10,39|59,9|9,26|68,91|83,33|85,68|42,54/59,57=59,96,10,39,57
92,61|67,39|73,12|62,45|24,5|25,67|26,4|11,0|12,92|73,11|0,26|7,71|71,62|61,8|73,7|73,9|9,25|82,65|5,82|73,24/73,8=73,12,92,61,8
63,2|75,77|87,15|77,94|2,39|45,86|87,78|87,31|90,76|86,56|72,12|55,75|31,44|44,72|15,63|37,45|87,55|14,90|78,14|87,37/87,76=87,78,14,90,76
96,18|76,0|18,52|73,49|73,96|52,13|92,34|73,37|37,9|69,82|73,97|73,35|49,38|9,92|0,20|35,76|38,69|97,71|71,80|80,22/73,34=73,37,9,92,34
56,34|2,9|95,50|34,11|60,95|38,91|38,56|46,57|80,2|57,45|38,48|11,84|9,10|45,96|38,46|90,99|38,80|99,44|48,60|91,90/38,96=38,46,57,45,96
5,77|20,63|77,48|63,89|39,5|39,58|0,92|6,95|88,71|95,0|71,50|39,6|48,93|60,85|39,70|39,60|58,88|85,32|32,31|70,20/39,93=39,5,77,48,93
27,80|27,77|47,11|53,81|72,73|77,72|29,67|81,84|27,93|93,89|80,30|30,47|90,42|54,29|73,45|38,54|2,53|27,38|89,90|27,2/27,42=27,93,89,90,42
30,12|6,18|50,63|6,16|52,72|95,45|81,99|18,30|6,81|12,68|99,25|49,50|6,76|72,85|16,49|45,3|76,52|6,92|25,29|92,95/6,63=6,16,49,50,63
34,20|14,34|49,97|49,74|11,13|81,84|25,48|74,24|61,81|13,8|49,80|49,61|24,94|97,14|49,11|17,25|94,53|80,17|84,96|8,29/49,53=49,74,24,94,53
32,36|10,50|67,34|7,55|62,7|59,72|70,67|33,16|72,32|94,62|16,39|39,68|9,70|77,10|99,77|59,94|59,33|59,99|59,9|36,57/59,68=59,33,16,39,68
52,35|50,42|50,52|13,97|36,73|97,25|21,89|42,84|50,99|50,29|29,23|83,48|99,12|23,21|50,40|84,36|35,83|2,6|40,13|12,2/50,89=50,29,23,21,89
2,32|11,76|2,24|79,68|23,8|76,40|19,87|32,59|2,79|2,62|2,53|74,19|62,74|33,41|68,23|35,97|53,11|59,35|41,94|24,33/2,87=2,62,74,19,87
36,91|46,76|36,75|7,47|76,92|8,52|70,7|36,46|22,98|62,50|0,89|52,22|74,62|33,0|75,74|92,51|36,16|16,33|91,70|36,8/36,89=36,16,33,0,89
88,32|9,21|35,9|20,92|37,44|57,96|92,74|57,20|30,37|33,88|57,39|57,30|57,35|54,91|38,54|74,87|44,19|96,38|21,94|39,33/57,91=57,96,38,54,91
88,87|38,2|32,22|71,88|60,24|73,85|0,80|2,73|19,32|15,90|24,15|60,71|87,53|80,36|60,19|60,0|90,67|60,38|22,1|36,20/60,1=60,19,32,22,1
58,26|48,3|9,13|9,16|13,86|32,45|9,66|38,79|66,70|80,37|16,58|69,30|99,29|86,38|26,62|9,32|9,69|30,48|70,99|45,80/9,62=9,16,58,26,62
85,87|38,14|80,8|8,83|38,85|28,3|29,26|97,80|38,20|87,0|26,28|0,81|56,21|38,29|21,69|20,56|14,33|24,96|33,24|38,97/38,96=38,14,33,24,96
95,81|68,54|95,96|4,92|57,42|11,91|96,22|81,76|17,7|76,11|42,17|95,68|45,4|22,18|66,31|18,67|95,45|54,66|95,57|92,59/95,31=95,68,54,66,31
16,93|4,71|83,57|8,24|93,11|83,8|57,58|63,22|85,4|83,85|71,15|5,0|33,32|58,66|66,35|87,16|83,87|24,63|0,33|83,5/83,22=83,8,24,63,22
99,5|39,22|70,25|90,47|14,7|25,14|83,93|39,70|47,63|39,41|52,91|93,99|39,83|18,52|39,75|37,48|41,18|75,90|33,37|22,33/39,91=39,41,18,52,91
30,12|6,18|25,29|6,16|52,72|95,50|81,99|18,30|6,81|12,68|99,45|49,25|6,76|72,85|16,49|50,63|76,52|6,92|45,3|92,95/6,63=6,92,95,50,63
29,4|69,43|77,8|38,29|52,26|69,64|69,25|25,45|60,72|54,60|64,54|48,77|92,38|94,48|69,94|71,39|43,52|45,71|69,92|26,86/69,72=69,64,54,60,72
74,53|55,60|23,77|72,30|4,29|30,3|18,23|77,76|53,72|29,97|2,70|74,14|24,96|70,66|74,18|66,33|14,4|74,24|96,55|74,2/74,60=74,24,96,55,60
67,72|97,78|78,14|32,67|69,84|43,87|84,93|32,97|14,18|11,69|32,43|80,58|32,11|60,71|32,57|87,60|72,80|24,54|57,24|54,45/32,18=32,97,78,14,18
2,90|93,2|57,61|58,87|7,39|90,40|79,5|33,13|87,20|11,79|39,49|61,70|11,98|11,19|5,33|70,65|11,93|19,7|98,58|11,57/11,20=11,98,58,87,20
50,83|63,32|96,76|78,40|50,13|13,15|29,63|83,91|26,42|10,30|58,64|91,10|15,96|50,54|50,78|54,29|50,58|99,93|64,99|40,26/50,32=50,54,29,63,32
50,75|50,30|74,29|50,44|32,85|24,45|73,89|44,97|28,0|97,73|75,92|80,24|50,32|85,28|70,69|50,74|29,71|71,37|92,70|30,80/50,0=50,32,85,28,0
84,83|20,98|48,54|84,53|53,41|86,6|9,88|42,9|93,33|92,48|88,99|84,93|98,57|33,86|84,20|73,7|57,77|83,92|84,42|41,73/84,7=84,53,41,73,7
18,0|85,94|79,54|94,35|30,97|10,48|85,28|85,30|95,23|97,95|40,10|67,72|54,47|28,44|8,40|35,18|85,62|85,8|62,79|44,67/85,0=85,94,35,18,0
19,11|15,34|21,35|55,61|31,13|45,21|61,71|35,90|18,19|55,18|13,23|25,31|27,26|9,15|11,10|71,27|55,25|28,9|55,28|55,45/55,10=55,18,19,11,10
30,58|35,26|30,68|50,24|97,77|24,87|85,97|68,32|70,71|71,74|14,41|30,25|25,85|42,50|58,11|74,65|30,42|11,14|32,35|30,70/30,41=30,58,11,14,41
41,55|61,51|68,10|19,62|15,68|15,24|15,81|22,83|93,16|24,86|86,41|15,7|81,19|16,4|15,22|83,46|46,11|62,98|10,61|7,93/15,51=15,68,10,61,51
38,96|65,76|79,83|7,99|65,95|46,61|26,86|99,24|65,46|24,41|65,11|11,81|42,44|76,26|61,42|95,50|50,79|65,7|86,90|81,38/65,44=65,46,61,42,44
89,82|90,7|7,9|13,30|21,25|68,49|1,27|89,80|20,97|25,20|26,68|98,40|89,19|89,98|80,26|82,90|79,13|89,21|40,1|19,79/89,9=89,82,90,7,9
91,50|47,99|71,81|50,82|66,30|30,71|51,52|51,91|51,85|62,12|16,31|94,62|69,16|99,5|55,69|51,66|51,55|82,93|85,94|52,47/51,93=51,91,50,82,93
95,98|5,54|10,85|40,45|60,70|60,34|60,29|85,40|60,81|34,2|70,94|94,14|35,30|44,35|60,10|2,95|54,51|14,62|81,5|29,44/60,45=60,10,85,40,45
34,39|83,76|82,57|86,24|61,14|3,83|81,3|95,54|86,67|86,81|14,34|67,18|18,82|98,52|86,61|23,42|17,98|86,23|24,17|42,95/86,57=86,67,18,82,57
59,88|69,63|47,36|33,45|21,71|15,83|5,69|71,25|45,18|21,5|21,59|63,80|60,41|21,33|18,93|21,35|25,47|35,46|46,15|88,60/21,93=21,33,45,18,93
94,80|30,34|37,51|87,30|57,22|13,65|13,57|65,87|51,88|63,0|0,39|13,98|75,37|98,69|22,35|69,94|35,11|13,75|13,63|39,46/13,88=13,75,37,51,88
27,52|70,42|47,81|97,39|9,33|39,9|88,5|88,97|73,58|5,70|20,47|87,35|88,27|88,20|88,46|42,92|46,73|58,31|81,29|52,87/88,33=88,97,39,9,33
87,75|99,35|48,50|83,34|83,65|4,26|83,30|75,68|50,3|35,36|65,87|83,71|34,99|30,92|89,48|83,89|92,43|71,1|1,4|43,29/83,68=83,65,87,75,68
55,64|3,17|27,81|27,47|64,10|42,72|19,41|27,98|81,55|87,84|47,19|31,3|84,11|72,48|41,49|27,31|27,92|92,87|17,57|98,42/27,11=27,92,87,84,11
12,21|58,1|32,54|68,23|23,78|49,68|31,58|49,72|85,32|3,79|79,75|54,88|72,12|78,2|49,3|21,73|49,31|75,25|49,85|1,35/49,2=49,68,23,78,2
69,55|23,43|97,69|38,41|50,45|55,3|43,10|87,38|17,50|36,66|75,9|59,36|17,89|41,13|17,87|53,59|17,53|17,97|89,23|45,75/17,10=17,89,23,43,10
46,71|30,39|78,69|3,29|39,37|54,82|29,84|38,1|30,11|64,95|71,78|1,73|37,54|95,50|84,15|30,38|30,46|73,48|11,64|30,3/30,82=30,39,37,54,82
80,30|72,71|88,82|88,75|71,86|86,20|33,6|89,26|82,33|88,66|12,80|75,15|88,12|66,89|15,5|6,25|30,41|26,94|88,72|5,11/88,20=88,72,71,86,20
27,34|27,9|9,51|19,42|32,68|27,25|22,32|39,41|27,82|21,75|34,19|63,14|27,63|82,22|41,66|6,84|51,6|42,10|14,21|25,39/27,84=27,9,51,6,84
38,30|17,20|66,75|92,5|93,68|17,77|77,28|68,11|11,67|17,85|48,66|5,62|85,48|17,93|17,92|62,90|20,36|28,80|36,38|80,22/17,22=17,77,28,80,22
70,86|59,47|72,5|96,4|4,70|73,92|73,59|27,2|64,45|61,65|5,6|73,96|73,78|47,61|89,72|19,64|78,19|92,91|73,89|91,27/73,6=73,89,72,5,6
6,2|2,86|4,17|56,80|21,87|64,6|32,38|21,32|62,36|46,78|36,46|70,73|38,70|21,62|71,56|43,92|21,4|21,64|87,71|17,43/21,78=21,62,36,46,78
49,47|60,46|98,28|58,87|62,31|62,98|27,81|4,88|92,60|62,58|28,51|88,93|62,59|87,49|81,32|59,92|55,27|51,64|62,55|31,4/62,32=62,55,27,81,32
64,85|19,56|85,91|47,34|47,92|57,9|17,5|58,63|70,24|92,86|47,72|86,70|72,39|39,57|47,68|47,19|76,17|34,64|68,76|56,58/47,91=47,34,64,85,91
75,91|37,58|58,97|76,90|97,89|52,33|64,75|64,37|24,29|90,41|41,46|10,3|47,78|63,47|64,7|33,24|64,76|7,63|91,10|64,52/64,46=64,76,90,41,46
48,23|48,57|34,90|51,46|93,74|26,94|48,93|23,8|90,3|50,47|48,73|57,49|45,21|74,45|82,51|73,82|48,35|35,34|49,26|8,50/48,94=48,57,49,26,94
82,47|43,5|51,99|9,52|37,0|85,37|5,92|82,89|82,35|47,97|53,51|82,65|89,43|50,18|82,9|97,50|41,24|52,41|65,85|35,53/82,0=82,65,85,37,0
88,71|89,46|4,0|35,96|99,37|40,75|0,64|38,27|76,4|37,74|89,24|24,25|25,88|89,76|86,99|89,35|96,40|27,63|89,86|46,38/89,63=89,46,38,27,63
38,27|89,95|18,79|38,44|58,64|27,6|44,73|73,15|45,55|50,18|64,89|82,45|6,39|38,50|55,83|38,82|39,23|15,37|79,68|38,58/38,37=38,44,73,15,37
22,83|72,98|41,17|98,37|91,7|6,20|17,95|37,73|33,35|80,91|72,68|83,6|72,22|72,90|72,48|48,80|4,33|90,41|73,79|68,4/72,95=72,90,41,17,95
65,60|49,11|9,7|45,90|11,65|90,85|42,95|85,26|7,37|64,58|43,21|14,42|32,14|9,49|9,93|9,32|93,64|58,25|9,45|37,43/9,26=9,45,90,85,26
19,67|41,73|83,87|72,29|18,50|50,83|89,42|62,19|81,41|67,40|89,81|54,70|89,18|89,54|70,65|89,62|42,32|65,58|32,72|73,9/89,40=89,62,19,67,40
49,48|73,44|36,93|50,78|50,49|46,34|50,10|19,39|64,73|10,19|81,40|39,79|48,46|2,36|78,64|93,56|50,2|40,1|47,81|50,47/50,44=50,78,64,73,44
78,77|32,83|32,53|83,61|49,57|99,65|21,64|61,29|65,78|53,70|57,81|70,34|32,41|32,99|11,28|34,97|41,49|32,21|29,37|64,11/32,28=32,21,64,11,28
64,13|7,4|85,90|73,64|6,75|59,8|8,14|81,49|1,73|85,86|75,48|86,7|85,1|85,17|97,81|4,74|47,59|17,97|90,6|85,47/85,74=85,86,7,4,74
89,19|70,35|67,3|70,7|59,49|70,89|34,15|7,78|93,32|62,80|35,1|19,23|70,93|1,59|32,62|15,54|70,34|23,29|54,71|78,67/70,29=70,89,19,23,29
98,64|58,37|29,98|38,21|64,17|56,5|5,26|37,20|58,56|34,61|21,60|58,29|26,16|6,39|18,38|32,89|58,18|58,34|61,32|20,6/58,17=58,29,98,64,17
17,95|36,37|81,67|38,13|5,18|13,0|67,71|90,45|95,42|5,79|5,14|18,81|14,17|7,62|5,25|45,97|37,7|5,36|79,38|25,90/5,42=5,14,17,95,42
76,82|42,48|60,49|20,13|13,16|36,99|5,69|36,59|36,73|73,54|82,71|79,65|59,76|36,20|48,53|99,42|49,79|16,45|36,60|54,5/36,53=36,99,42,48,53
20,68|71,89|60,12|73,27|77,16|20,87|61,64|20,23|20,57|12,38|13,94|57,62|59,61|68,60|97,77|89,73|62,13|87,97|23,59|20,71/20,38=20,68,60,12,38
17,86|16,65|6,70|6,24|86,67|26,17|24,16|6,42|52,0|36,62|65,68|38,2|70,49|11,61|6,26|6,11|42,58|49,36|58,38|61,52/6,2=6,42,58,38,2
14,1|81,36|67,8|67,40|67,82|40,71|75,25|23,27|82,61|69,81|61,75|67,49|56,69|71,48|8,28|48,41|28,14|27,43|67,56|49,23/67,43=67,49,23,27,43
17,86|30,6|62,99|18,91|4,39|93,7|18,30|34,75|65,15|75,93|18,64|6,12|12,83|18,34|91,17|63,62|15,4|64,63|18,65|86,32/18,32=18,91,17,86,32
89,75|3,40|0,74|65,32|25,97|46,69|65,0|74,18|97,20|99,94|75,71|65,55|40,99|18,26|32,64|59,89|55,25|65,3|65,59|64,46/65,20=65,55,25,97,20
30,19|88,29|77,88|76,74|8,30|77,10|45,8|23,90|60,33|36,76|87,99|92,16|16,23|71,87|77,45|29,60|77,36|10,71|77,92|74,61/77,19=77,45,8,30,19
43,15|32,43|67,48|38,1|39,85|38,39|85,22|15,27|38,67|1,14|22,17|48,36|73,25|38,73|36,23|20,58|31,6|14,31|38,32|25,20/38,17=38,39,85,22,17
40,57|82,23|17,13|53,26|82,3|82,17|3,20|84,71|57,79|94,36|82,40|20,94|79,90|87,60|22,4|82,84|71,53|13,87|23,59|59,22/82,26=82,84,71,53,26
24,59|45,78|83,81|60,74|7,58|64,14|24,45|19,60|81,64|33,84|58,33|24,83|78,76|24,19|27,43|74,73|43,98|76,75|24,7|59,27/24,84=24,7,58,33,84
78,73|16,17|24,89|89,7|44,41|17,77|73,66|44,78|0,30|44,16|90,27|39,0|44,3|19,22|77,34|44,90|27,19|3,39|66,15|41,24/44,34=44,16,17,77,34
49,43|12,28|20,69|17,60|64,94|57,76|20,17|60,57|20,49|20,68|23,54|51,7|94,71|41,6|43,41|20,51|68,64|69,86|86,23|7,12/20,54=20,69,86,23,54
36,46|60,15|49,68|44,11|97,22|72,44|88,14|60,97|48,18|60,58|21,48|60,49|18,24|15,72|60,21|58,36|22,13|68,88|13,12|46,34/60,14=60,49,68,88,14
22,19|22,84|32,74|8,89|77,25|89,36|11,13|83,88|88,58|58,85|84,8|25,16|22,32|22,83|3,11|22,47|68,10|47,77|74,68|19,3/22,85=22,83,88,58,85
74,57|19,99|41,19|80,58|18,14|51,13|13,5|69,89|5,0|31,41|74,31|74,80|9,82|74,52|74,51|52,42|42,69|57,18|14,75|58,9/74,75=74,57,18,14,75
46,21|26,69|51,86|69,46|98,13|26,98|21,55|15,68|30,28|53,30|39,36|78,53|36,42|59,51|38,39|26,78|89,59|26,89|13,15|26,38/26,55=26,69,46,21,55
54,34|58,5|87,93|6,11|80,87|34,82|15,78|44,6|53,15|82,65|50,53|93,16|86,14|86,50|11,79|14,58|5,99|86,44|86,54|86,80/86,16=86,80,87,93,16
48,24|81,75|47,49|3,25|0,1|14,46|32,48|3,14|89,0|84,33|3,30|46,81|17,69|3,89|30,17|33,47|3,84|1,91|25,32|69,79/3,75=3,14,46,81,75
55,3|62,36|91,28|69,40|28,16|91,92|97,49|49,62|92,55|68,90|44,9|35,69|45,68|91,35|40,70|91,97|3,8|16,44|90,84|91,45/91,70=91,35,69,40,70
38,6|79,65|61,51|47,2|84,9|84,79|9,92|35,32|84,89|84,15|21,72|3,47|84,46|92,38|89,35|72,0|32,62|46,21|15,3|65,61/84,0=84,46,21,72,0
40,57|82,23|17,13|94,36|82,3|82,17|3,20|84,71|57,79|22,4|82,40|20,22|79,90|87,60|53,26|82,84|71,94|13,87|23,59|59,53/82,26=82,23,59,53,26
93,3|79,10|29,79|35,29|26,54|80,5|35,74|74,42|6,19|35,4|35,80|35,93|5,30|10,49|42,6|4,2|2,47|47,32|3,26|30,83/35,49=35,29,79,10,49
59,97|5,23|23,36|38,80|80,68|28,38|28,24|66,79|24,46|28,20|28,59|20,5|73,66|68,22|95,52|45,73|28,45|46,95|97,88|88,0/28,36=28,20,5,23,36
8,44|8,50|8,71|39,32|96,29|8,22|50,96|13,57|29,12|78,16|4,39|22,60|66,90|8,40|17,78|40,4|71,13|57,94|60,66|44,17/8,94=8,71,13,57,94
13,19|13,35|58,25|61,17|65,0|55,94|13,48|13,3|11,44|40,58|13,50|19,40|50,65|3,9|0,68|35,11|94,41|9,61|48,55|44,8/13,8=13,35,11,44,8
76,45|84,43|68,26|22,68|61,48|95,77|76,38|57,95|76,58|20,13|43,87|45,63|63,20|76,23|76,17|23,22|48,8|58,61|17,57|38,84/76,77=76,17,57,95,77
71,61|9,24|99,18|23,21|61,6|45,29|23,14|14,71|23,1|23,32|23,84|76,11|1,85|21,9|11,43|32,76|84,91|24,31|91,99|85,45/23,18=23,84,91,99,18
87,56|87,44|4,2|83,72|26,48|59,81|45,59|2,86|66,43|72,32|47,66|87,90|87,83|44,45|56,4|32,60|98,26|87,39|39,47|90,98/87,86=87,56,4,2,86
11,84|41,38|94,60|49,31|71,11|60,99|51,44|13,45|97,94|71,70|84,75|44,22|71,41|71,97|38,13|64,49|22,32|70,64|71,51|75,16/71,16=71,11,84,75,16
35,54|9,17|47,10|75,42|37,73|73,44|16,56|61,68|34,76|16,61|56,24|68,35|44,59|24,34|16,37|42,9|16,38|38,94|16,75|94,47/16,76=16,56,24,34,76
30,54|71,55|43,88|71,36|67,30|71,94|28,87|84,57|60,0|55,84|87,80|57,47|88,73|71,28|71,72|72,43|36,60|0,64|94,67|80,34/71,34=71,28,87,80,34
9,43|9,45|43,47|2,48|47,70|49,28|46,95|89,2|9,16|3,46|28,39|9,3|96,42|68,93|70,97|16,89|45,49|9,68|95,14|93,96/9,48=9,16,89,2,48
98,10|55,27|29,34|4,37|27,86|85,58|79,5|14,57|5,4|55,79|95,36|86,98|55,14|57,29|55,81|58,43|55,85|22,95|81,22|43,24/55,24=55,85,58,43,24
14,80|27,10|45,12|61,27|45,33|89,36|19,96|33,91|92,61|20,14|82,57|80,83|45,92|45,19|45,20|96,31|8,82|12,8|31,63|91,89/45,10=45,92,61,27,10
43,1|3,43|3,25|30,39|6,60|94,36|25,80|27,31|31,26|1,94|3,65|60,34|3,69|98,79|34,68|65,27|86,30|69,86|3,6|80,98/3,79=3,25,80,98,79
75,44|22,43|76,16|16,94|94,75|76,62|76,17|62,27|76,70|70,80|36,86|76,22|80,45|45,74|27,35|86,15|43,54|54,6|35,51|17,36/76,15=76,17,36,86,15
1,92|0,58|28,76|70,20|92,28|16,9|1,6|76,77|6,49|1,56|41,59|12,57|58,26|1,0|37,12|49,16|26,68|1,41|56,37|59,70/1,68=1,0,58,26,68
48,22|15,81|31,14|48,6|47,44|87,12|14,7|25,17|34,73|6,25|58,53|66,31|48,66|22,87|44,58|17,9|48,34|73,15|12,83|48,47/48,83=48,22,87,12,83
28,54|0,31|39,60|81,56|74,5|49,74|91,20|32,49|54,23|47,97|14,86|99,91|20,73|0,47|56,14|97,39|0,32|0,99|0,81|31,28/0,23=0,31,28,54,23
52,91|39,22|70,25|90,47|99,5|25,99|83,93|39,70|47,63|39,41|14,7|93,52|39,83|18,14|39,75|37,48|41,18|75,90|33,37|22,33/39,91=39,83,93,52,91
31,55|36,0|44,21|67,36|21,60|98,29|12,13|44,24|60,22|44,75|29,65|0,87|75,38|22,23|48,98|55,78|24,31|44,48|44,67|38,12/44,78=44,24,31,55,78
26,83|42,92|92,48|26,23|84,24|56,84|96,19|19,45|83,80|46,56|99,9|26,96|26,46|43,42|26,43|6,87|80,6|45,44|23,99|9,69/26,69=26,23,99,9,69
91,16|32,26|87,6|55,43|90,93|91,32|80,47|18,55|16,25|26,63|91,58|63,40|8,90|25,87|91,18|83,80|93,65|43,54|91,8|58,83/91,65=91,8,90,93,65
79,75|60,32|51,73|41,5|17,28|86,69|96,60|48,51|48,30|30,96|48,78|48,86|36,67|90,71|69,79|78,53|73,17|48,90|71,36|53,41/48,75=48,86,69,79,75
24,84|12,16|28,10|54,9|31,13|28,88|56,77|14,54|28,20|88,47|3,56|35,64|10,3|28,46|47,24|28,31|13,12|20,14|46,35|64,48/28,84=28,88,47,24,84
78,73|9,80|84,40|33,81|63,9|78,35|11,62|35,84|62,90|90,30|73,31|0,49|92,33|40,36|7,92|78,7|31,0|78,26|26,63|78,11/78,80=78,26,63,9,80
81,68|45,46|52,81|8,48|90,96|51,52|0,99|68,22|46,26|23,62|51,39|26,37|48,69|51,90|39,23|51,43|62,38|96,0|43,8|51,45/51,38=51,39,23,62,38
65,40|84,8|59,12|91,87|91,22|91,54|75,66|91,16|29,24|87,62|16,75|12,58|80,65|66,83|54,80|91,67|22,59|8,21|62,29|67,84/91,24=91,87,62,29,24
31,97|37,31|26,76|37,41|1,22|37,55|23,26|22,72|97,86|34,23|99,90|55,66|66,91|90,35|37,99|41,1|86,81|35,83|91,65|37,34/37,72=37,41,1,22,72
71,15|63,34|52,86|11,33|15,78|14,53|14,71|55,28|34,55|14,63|14,18|14,96|53,50|78,39|18,95|45,42|95,52|96,45|42,92|50,11/14,92=14,96,45,42,92
85,67|58,20|85,71|85,41|20,69|32,14|30,79|84,72|85,4|71,95|79,47|67,58|14,23|95,38|56,84|38,80|85,81|4,56|81,32|41,30/85,69=85,67,58,20,69
32,85|91,44|36,30|57,51|65,94|89,45|70,89|28,15|51,36|94,59|65,13|65,56|65,57|13,87|65,46|62,91|46,70|59,28|56,62|87,32/65,85=65,13,87,32,85
60,64|23,48|43,14|90,43|46,23|10,77|90,50|89,18|50,51|94,55|90,20|65,7|14,94|83,60|90,89|86,46|20,83|90,86|18,10|51,65/90,7=90,50,51,65,7
61,69|28,5|1,8|8,92|46,93|33,45|43,73|28,61|69,43|10,72|28,77|64,21|21,15|28,65|65,1|11,46|77,64|5,11|72,33|28,10/28,93=28,5,11,46,93
89,47|89,74|6,80|21,62|47,6|2,82|74,57|67,69|89,67|89,46|62,50|57,59|89,93|93,21|98,54|82,3|69,98|59,40|80,79|46,2/89,79=89,47,6,80,79
51,82|8,52|82,8|6,84|91,12|81,91|53,39|51,81|51,46|52,16|80,53|25,23|26,6|23,2|39,88|51,80|12,65|2,1|46,26|51,25/51,1=51,25,23,2,1
47,20|31,30|84,64|31,58|38,35|51,47|61,84|97,61|45,46|7,38|29,12|52,7|31,29|14,32|30,51|58,45|31,52|46,9|31,97|12,14/31,32=31,29,12,14,32
0,13|59,88|95,20|42,33|81,25|65,50|42,82|39,8|25,76|8,40|88,65|55,95|13,45|73,55|42,59|77,81|82,39|42,77|33,0|42,73/42,20=42,73,55,95,20
22,39|22,54|22,13|27,61|8,96|78,4|83,80|22,38|65,89|13,65|39,35|54,46|91,30|61,41|38,27|89,73|35,78|46,91|22,8|96,83/22,41=22,38,27,61,41
54,84|0,3|5,73|28,51|48,46|75,15|54,28|15,42|73,44|46,0|4,5|84,97|54,58|54,4|97,31|51,83|83,96|31,81|54,48|58,75/54,44=54,4,5,73,44
16,23|66,81|96,66|77,14|85,42|93,85|9,21|10,90|23,96|7,98|15,1|72,38|1,10|16,9|16,5|16,15|5,93|38,77|16,72|21,7/16,42=16,5,93,85,42
5,77|20,48|77,0|48,93|39,5|39,58|63,89|6,95|88,71|95,63|71,50|39,6|0,92|60,85|39,70|39,60|58,88|85,32|32,31|70,20/39,93=39,70,20,48,93
12,33|21,48|70,16|89,4|97,73|35,89|65,55|97,35|73,25|28,65|42,22|25,21|22,91|4,59|97,42|91,90|97,19|16,12|97,70|19,28/97,48=97,73,25,21,48
85,31|46,30|7,83|83,24|63,65|46,63|92,40|19,28|91,70|70,90|28,92|36,50|65,85|46,7|44,36|46,44|50,95|24,58|46,19|30,91/46,58=46,7,83,24,58
61,89|29,82|98,94|0,29|61,27|27,0|6,20|89,21|69,87|20,99|99,36|66,37|21,66|85,64|94,69|79,2|61,6|61,98|61,85|64,79/61,2=61,85,64,79,2
8,98|88,99|85,72|45,81|72,58|58,34|53,31|8,38|99,64|8,47|47,48|8,79|73,65|38,45|81,83|79,88|65,14|8,85|48,53|98,73/8,31=8,47,48,53,31
59,14|59,23|94,38|20,40|59,61|51,85|99,94|61,20|59,42|40,66|85,83|42,99|24,2|23,69|59,71|18,24|0,55|71,18|14,51|69,0/59,83=59,14,51,85,83
81,53|18,11|81,5|62,75|4,0|11,61|7,4|35,37|55,39|50,44|39,62|72,7|37,89|53,18|81,72|81,35|81,55|5,21|21,50|89,95/81,44=81,5,21,50,44
53,52|65,41|93,65|24,96|41,97|45,17|50,9|91,53|84,48|50,93|74,66|0,12|50,24|96,84|9,91|12,74|50,39|50,0|83,45|39,83/50,48=50,24,96,84,48
10,60|45,51|41,16|55,38|5,14|29,67|6,0|55,56|16,6|55,5|55,41|56,75|30,7|75,82|38,45|55,29|82,93|14,10|51,92|67,30/55,92=55,38,45,51,92
54,50|2,0|54,40|14,68|50,84|96,92|19,61|61,42|9,96|0,14|54,57|54,19|10,80|84,59|54,2|40,10|42,22|59,58|80,93|57,9/54,58=54,50,84,59,58
74,28|12,3|76,16|51,61|28,63|24,6|99,51|96,74|69,40|98,92|98,34|3,69|34,76|92,24|98,75|98,12|16,88|75,99|98,96|6,29/98,61=98,75,99,51,61
49,2|3,49|31,34|61,43|85,17|17,54|85,3|2,93|82,69|85,82|54,48|69,31|43,33|33,74|85,61|12,95|48,56|26,12|5,26|85,5/85,93=85,3,49,2,93
39,89|89,52|55,9|78,14|10,33|98,3|71,62|33,71|78,10|78,18|14,98|65,57|3,44|11,20|4,23|18,39|20,65|78,11|78,55|9,4/78,44=78,14,98,3,44
82,9|65,60|93,71|48,46|71,52|13,94|46,65|40,97|14,13|52,88|88,5|9,78|55,67|93,82|93,48|93,14|93,40|97,55|78,6|94,30/93,67=93,40,97,55,67
30,35|75,82|30,75|12,41|35,15|53,0|30,33|33,34|24,96|15,62|49,91|30,49|62,10|20,53|91,24|30,80|26,9|80,20|82,26|34,12/30,96=30,49,91,24,96
67,60|87,55|0,37|19,5|59,87|78,19|48,78|44,25|12,17|25,39|17,98|30,53|30,22|60,0|53,12|30,96|96,59|30,67|22,44|30,48/30,5=30,48,78,19,5
63,98|79,11|49,72|72,33|49,79|23,21|98,30|49,55|11,57|57,83|21,96|37,38|33,37|55,53|49,63|53,87|96,40|87,39|49,23|30,65/49,38=49,72,33,37,38
48,99|25,33|33,7|48,44|85,89|83,14|48,90|48,6|44,88|90,25|8,64|79,92|99,79|28,66|92,69|88,83|48,8|64,85|66,34|6,28/48,14=48,44,88,83,14
79,95|90,44|75,68|94,75|94,10|44,60|94,93|31,49|68,46|89,31|49,72|93,65|94,22|76,7|65,76|71,79|22,71|94,89|10,90|46,86/94,95=94,22,71,79,95
33,40|49,85|70,98|70,49|98,5|16,33|91,22|70,91|22,28|63,46|57,51|85,27|70,20|5,63|20,16|28,76|70,57|27,4|1,10|51,1/70,46=70,98,5,63,46
10,14|24,32|76,9|15,39|0,76|51,8|24,13|41,10|24,0|24,63|3,78|9,4|63,15|24,75|8,55|32,51|75,54|39,87|54,3|13,41/24,87=24,63,15,39,87
41,37|46,22|10,41|8,4|94,14|39,12|70,19|24,94|10,75|75,46|22,71|72,60|19,72|10,24|10,70|10,39|35,7|14,58|12,35|37,8/10,58=10,24,94,14,58
10,33|64,24|10,90|23,62|10,0|12,14|37,91|84,12|49,30|0,26|30,37|26,22|90,23|59,84|62,66|33,95|10,49|22,4|95,64|10,59/10,91=10,49,30,37,91
18,51|14,89|75,23|68,88|12,0|24,90|94,24|12,58|73,14|90,11|58,68|12,13|21,33|12,21|13,7|33,75|12,94|88,1|7,18|0,73/12,1=12,58,68,88,1
26,72|70,98|88,26|74,17|12,32|97,1|46,8|97,88|97,12|50,54|72,65|7,57|17,30|97,7|1,74|54,84|18,50|32,70|57,46|97,18/97,84=97,18,50,54,84
99,41|41,56|82,78|19,77|99,0|56,23|25,4|73,33|51,73|99,19|99,51|4,49|33,61|23,46|99,72|58,65|77,58|78,54|72,25|0,82/99,65=99,19,77,58,65
40,65|9,25|19,58|93,32|65,98|59,19|20,71|82,96|25,20|59,40|30,75|75,29|96,93|58,6|59,72|72,30|59,82|6,50|59,9|98,33/59,29=59,72,30,75,29
7,41|54,50|41,92|76,85|99,76|93,45|85,31|43,93|43,21|45,13|43,99|88,98|13,11|3,7|14,91|43,54|50,88|21,14|91,97|43,3/43,97=43,21,14,91,97
98,57|36,62|95,83|36,82|83,96|36,89|79,92|92,29|62,98|82,64|15,28|36,88|36,94|17,74|64,17|57,0|94,95|88,93|89,79|93,15/36,28=36,88,93,15,28
50,71|0,35|53,9|9,33|8,53|40,54|39,72|72,3|95,22|54,50|30,45|79,95|71,85|35,30|40,77|77,79|40,39|40,8|40,0|3,43/40,22=40,77,79,95,22
5,84|29,89|72,60|64,51|89,4|86,29|64,5|76,71|60,76|51,3|55,80|80,50|64,86|3,59|64,72|45,21|64,63|59,18|63,55|84,45/64,18=64,51,3,59,18
75,68|58,13|19,3|99,33|25,86|33,8|40,95|3,10|53,5|10,55|68,82|75,53|75,97|75,19|75,40|95,58|24,93|82,25|5,24|97,99/75,55=75,19,3,10,55
91,21|96,56|31,88|56,63|37,18|63,31|76,80|96,84|26,59|84,76|5,20|3,89|96,5|24,3|21,26|20,37|96,91|80,94|89,11|96,24/96,11=96,24,3,89,11
32,36|98,34|43,22|32,43|32,27|81,60|14,3|34,21|36,81|21,39|83,29|32,98|97,14|60,13|32,25|25,83|56,35|22,56|29,20|27,97/32,20=32,25,83,29,20
98,15|36,62|95,57|36,82|57,0|36,89|79,92|92,29|62,98|82,64|83,96|36,88|36,94|17,74|64,17|15,28|94,95|88,93|89,79|93,83/36,28=36,62,98,15,28
47,34|34,13|47,37|67,58|73,95|45,36|86,23|75,88|19,45|37,33|33,73|47,75|36,93|13,46|47,86|47,19|46,2|30,98|88,67|23,30/47,58=47,75,88,67,58
6,79|61,21|77,28|26,58|58,34|39,6|39,61|89,66|21,77|55,86|39,89|87,52|10,68|34,32|39,48|48,36|39,26|66,10|36,87|79,55/39,86=39,6,79,55,86
36,10|89,22|50,75|87,61|26,94|87,89|87,64|71,93|87,31|16,86|31,69|87,71|64,30|61,36|22,16|10,81|40,73|69,50|30,26|93,40/87,94=87,64,30,26,94
46,68|69,63|46,12|10,91|26,6|46,56|12,19|46,11|51,59|50,77|46,10|91,26|81,69|68,81|83,61|56,83|11,50|19,51|77,76|61,78/46,76=46,11,50,77,76
9,58|17,91|14,93|71,60|10,73|14,9|93,71|33,74|42,90|14,42|60,46|58,33|90,62|14,49|14,50|50,17|49,4|62,79|91,69|4,10/14,69=14,50,17,91,69
80,85|41,81|14,80|14,77|4,28|71,97|81,70|75,72|14,0|28,35|43,75|14,60|14,4|49,31|77,43|51,49|85,71|0,51|60,41|35,89/14,31=14,0,51,49,31
6,72|35,24|52,5|15,63|0,15|99,66|81,35|81,0|81,77|77,51|12,76|66,54|24,6|63,17|81,83|5,2|81,42|42,52|51,12|83,99/81,54=81,83,99,66,54
67,3|31,97|94,9|70,2|68,37|6,79|18,67|46,74|79,46|61,94|18,61|48,19|9,87|18,6|3,68|21,76|18,31|76,70|18,21|97,48/18,37=18,67,3,68,37
4,38|99,88|29,94|99,31|99,47|99,39|88,45|99,17|80,7|45,42|94,19|42,77|76,80|38,50|69,2|47,61|39,29|17,4|61,69|31,76/99,19=99,39,29,94,19
93,96|18,31|37,18|87,44|31,47|37,81|14,93|37,87|3,50|37,16|35,66|81,67|47,29|67,3|36,14|44,57|37,36|57,56|16,68|68,35/37,56=37,87,44,57,56
57,25|44,5|15,31|7,24|5,10|44,47|44,57|76,40|84,15|79,7|25,91|80,51|47,79|83,80|44,65|65,84|10,76|91,20|42,83|44,42/44,20=44,57,25,91,20
47,13|26,34|89,32|3,70|44,3|77,47|34,44|60,88|69,15|15,7|7,71|82,77|36,48|48,33|33,31|32,60|26,82|26,36|26,89|26,69/26,70=26,34,44,3,70
20,22|4,72|37,32|19,96|20,4|64,7|22,28|20,24|48,55|20,94|72,75|24,37|28,48|94,78|60,80|32,18|7,60|20,64|75,62|78,19/20,96=20,94,78,19,96
57,85|7,5|2,38|21,96|69,24|69,21|69,12|66,11|96,2|86,22|5,19|11,87|69,57|27,86|85,36|87,30|36,76|12,7|24,27|69,66/69,76=69,57,85,36,76
74,38|4,77|74,50|74,27|40,1|76,84|70,47|39,67|27,40|85,62|74,70|74,4|50,39|38,33|77,76|47,75|33,85|67,46|1,22|75,7/74,7=74,70,47,75,7
91,98|98,83|5,22|22,43|21,5|21,38|50,11|66,90|83,86|81,73|64,35|21,50|25,81|11,66|43,52|21,91|74,87|21,64|35,74|38,25/21,73=21,38,25,81,73
18,30|93,73|94,65|0,44|30,27|56,72|40,55|27,52|44,48|72,11|35,94|70,40|48,86|93,2|2,70|73,35|93,18|93,36|93,0|36,56/93,11=93,36,56,72,11
78,40|85,62|17,37|12,68|88,15|12,63|12,8|12,81|8,22|68,90|22,5|90,59|37,88|81,53|5,86|62,29|12,17|59,93|53,78|63,85/12,86=12,8,22,5,86
58,3|95,92|30,12|25,32|92,26|73,95|12,98|47,10|99,37|98,71|79,30|3,43|79,58|32,40|79,25|43,48|37,47|79,99|40,11|79,73/79,48=79,58,3,43,48
80,98|70,0|80,66|80,60|34,47|91,99|74,13|15,74|14,37|0,69|60,34|98,58|80,70|69,31|66,15|58,14|80,90|47,25|99,44|90,91/80,13=80,66,15,74,13
24,48|31,38|31,77|91,28|77,58|70,72|48,47|4,6|22,19|54,70|6,67|68,54|58,22|31,68|31,4|82,24|31,82|38,91|28,61|67,37/31,61=31,38,91,28,61
54,38|12,4|12,65|4,52|43,77|52,43|65,54|42,59|21,42|24,21|17,81|12,76|38,56|63,72|81,32|12,24|12,97|76,17|72,8|97,63/12,56=12,65,54,38,56
5,30|40,5|19,0|30,80|13,31|35,6|84,99|99,19|93,87|84,57|0,81|57,35|84,93|84,40|52,13|84,52|53,51|6,90|31,36|87,53/84,81=84,99,19,0,81
50,47|26,38|79,34|26,79|26,40|44,31|47,2|31,22|2,0|84,21|17,81|34,17|7,23|38,30|71,94|40,44|26,50|23,71|30,84|26,7/26,22=26,40,44,31,22
93,76|25,87|87,0|45,59|83,6|83,25|6,99|99,92|38,93|59,7|0,11|20,13|13,23|67,45|83,67|83,38|83,88|88,20|92,84|76,69/83,69=83,38,93,76,69
17,56|72,78|92,48|1,74|56,52|51,89|77,3|39,90|1,17|78,49|1,79|52,29|1,51|74,72|48,57|67,77|7,67|89,39|1,7|79,92/1,49=1,74,72,78,49
75,13|70,80|72,7|97,4|5,89|89,57|16,97|96,28|70,96|28,72|70,5|4,8|13,81|70,16|57,39|45,40|80,75|74,14|70,74|14,45/70,39=70,5,89,57,39
7,82|13,47|56,26|63,91|64,36|24,11|20,79|24,64|36,7|10,40|24,19|80,1|24,56|26,13|81,80|24,10|19,81|79,93|40,63|11,20/24,93=24,11,20,79,93
10,13|60,45|78,80|21,6|84,31|80,18|42,14|77,53|6,42|17,78|76,43|53,76|13,60|31,89|10,2|10,17|2,84|10,77|10,21|45,90/10,14=10,21,6,42,14
67,65|56,93|67,10|67,70|76,57|67,54|14,1|10,76|70,56|67,46|88,18|93,11|77,60|75,14|80,88|57,6|46,75|13,77|65,13|54,80/67,1=67,46,75,14,1
51,66|28,59|11,48|51,87|45,63|48,28|75,52|63,85|51,86|50,95|87,79|90,42|42,76|51,45|13,50|51,11|85,26|66,13|86,90|79,75/51,95=51,66,13,50,95
6,68|5,55|6,64|55,43|31,99|6,44|39,37|6,29|6,40|64,5|71,18|99,10|40,31|58,39|63,57|29,63|57,88|68,58|44,71|18,52/6,52=6,44,71,18,52
5,90|90,75|5,66|59,63|53,32|66,46|46,94|34,88|75,43|58,47|89,13|63,25|5,34|94,40|43,4|88,53|13,58|14,59|5,89|5,14/5,4=5,90,75,43,4
64,54|6,44|2,82|31,18|82,43|49,55|64,49|68,10|44,77|92,9|43,16|64,68|10,31|51,53|89,51|64,89|53,41|54,6|55,92|64,2/64,9=64,49,55,92,9
19,27|11,9|56,19|24,23|30,11|97,41|99,91|53,30|23,99|90,21|17,90|97,17|66,44|97,37|97,53|97,24|41,58|37,56|21,52|58,66/97,27=97,37,56,19,27
37,70|97,72|93,96|83,44|30,37|72,78|70,12|14,5|97,69|78,50|5,83|63,46|97,30|66,23|97,63|46,93|23,27|69,66|50,60|97,14/97,60=97,72,78,50,60
24,28|51,74|28,5|18,56|87,46|74,17|8,10|8,38|8,84|14,9|84,47|29,18|9,4|10,14|25,29|47,87|8,25|8,69|69,51|38,24/8,5=8,38,24,28,5
72,39|39,81|98,51|97,0|51,30|0,85|72,36|11,60|89,33|49,50|33,83|72,98|83,90|72,97|30,45|85,7|50,96|72,89|36,49|81,11/72,90=72,89,33,83,90
54,8|97,78|97,72|32,68|72,89|78,40|97,71|40,0|63,61|36,88|71,63|21,37|89,21|97,2|8,77|88,32|97,36|2,54|0,29|61,74/97,77=97,2,54,8,77
70,47|32,25|14,2|13,14|64,50|48,39|82,0|66,42|13,82|39,90|1,52|2,35|35,58|13,48|52,64|25,70|90,28|13,32|0,66|13,1/13,58=13,14,2,35,58
1,87|28,1|87,65|8,56|28,37|92,23|73,92|28,46|75,18|37,73|28,82|57,30|65,70|82,86|30,41|86,75|24,8|29,57|46,24|28,29/28,18=28,82,86,75,18
5,86|85,62|17,37|12,68|78,40|12,63|12,8|12,81|8,22|68,90|22,88|90,59|37,78|81,53|88,15|62,29|12,17|59,93|53,5|63,85/12,86=12,81,53,5,86
38,35|56,30|30,63|92,0|81,77|49,81|3,38|56,8|17,3|63,84|77,31|56,85|85,39|57,74|47,57|84,53|56,17|56,49|8,47|39,92/56,0=56,85,39,92,0
32,52|51,12|51,36|12,16|34,15|28,58|63,46|93,65|65,32|46,0|16,35|35,90|36,3|51,93|51,34|51,63|0,84|11,69|3,28|15,11/51,69=51,34,15,11,69
85,50|7,97|97,47|80,85|21,74|98,71|29,89|35,7|92,56|27,32|89,3|29,40|29,98|36,21|29,62|71,27|29,35|62,36|3,92|40,80/29,56=29,89,3,92,56
82,73|73,85|56,21|50,41|82,23|9,35|75,29|85,9|78,75|0,54|41,27|82,56|52,78|68,19|82,52|46,18|21,0|18,68|82,46|23,50/82,19=82,46,18,68,19
7,33|83,63|99,16|22,52|28,14|5,26|83,32|16,19|63,99|52,79|32,66|79,84|83,20|66,28|13,7|83,5|98,64|26,98|83,22|20,13/83,84=83,22,52,79,84
25,70|5,61|3,81|77,49|5,94|61,85|45,64|81,45|24,93|70,9|94,25|85,54|68,24|56,77|54,89|5,0|5,56|0,68|49,87|5,3/5,87=5,56,77,49,87
40,96|95,4|29,51|9,34|52,9|26,95|52,60|60,26|61,40|58,14|96,98|52,0|52,43|0,68|68,29|90,46|34,58|43,47|47,90|52,61/52,4=52,60,26,95,4
94,64|94,84|65,74|48,93|98,48|94,10|84,33|64,22|63,98|39,41|41,19|34,70|91,39|94,91|33,65|10,34|79,69|70,25|22,79|94,63/94,74=94,84,33,65,74
50,84|15,58|15,50|15,67|94,95|34,96|75,98|67,23|82,61|58,69|15,16|36,57|89,59|23,75|84,94|16,29|15,36|69,89|57,82|29,34/15,96=15,16,29,34,96
5,45|25,59|14,39|25,14|45,47|59,50|24,62|47,66|99,82|25,69|12,38|58,37|25,5|39,27|27,86|38,42|50,58|69,12|25,24|62,99/25,86=25,14,39,27,86
22,98|80,49|89,0|98,26|89,80|94,85|26,38|63,13|61,76|0,50|89,94|89,28|50,63|85,52|33,61|28,33|29,48|49,29|52,46|89,22/89,13=89,0,50,63,13
18,30|93,73|94,65|0,44|30,27|56,48|72,11|27,52|44,40|48,86|35,94|70,72|40,55|93,2|2,70|73,35|93,18|93,36|93,0|36,56/93,11=93,2,70,72,11
47,87|76,16|76,96|76,47|7,18|35,1|96,35|67,26|26,69|48,91|21,67|1,14|40,36|57,7|87,40|91,6|76,21|76,48|6,38|16,57/76,18=76,16,57,7,18
56,80|11,14|41,35|35,56|66,23|23,1|49,79|50,66|13,11|10,26|10,49|51,25|19,72|72,51|10,41|26,13|10,19|99,32|79,99|10,50/10,32=10,49,79,99,32
28,59|74,38|19,63|63,82|50,70|70,65|74,97|74,84|83,28|10,78|84,55|99,81|26,83|38,19|74,26|81,10|74,99|60,30|97,50|55,60/74,65=74,97,50,70,65
30,58|14,41|30,68|50,24|97,77|24,87|85,97|68,32|70,71|71,35|74,65|30,25|25,85|42,50|58,11|35,26|30,42|11,74|32,14|30,70/30,41=30,68,32,14,41
88,18|86,19|60,95|93,46|88,6|95,93|18,62|89,31|40,89|6,51|88,64|88,40|64,86|88,60|31,50|19,44|43,59|62,43|9,2|51,9/88,2=88,6,51,9,2
3,24|40,77|33,83|77,33|27,13|83,15|42,21|49,22|40,59|51,49|24,30|30,53|59,51|21,69|40,3|87,42|40,87|96,84|13,96|40,27/40,69=40,87,42,21,69
91,37|76,73|58,31|38,44|58,80|80,11|34,56|31,42|78,34|0,96|58,57|44,66|58,39|11,98|37,76|58,91|98,15|39,78|42,0|57,38/58,15=58,80,11,98,15
63,99|64,44|44,63|56,22|64,42|64,59|6,86|36,6|91,67|59,55|64,91|55,79|64,3|67,56|3,94|16,78|42,36|94,16|79,37|99,11/64,78=64,3,94,16,78
18,81|60,80|6,12|60,5|5,29|2,76|80,95|60,21|29,68|36,64|64,3|12,18|95,73|3,92|78,2|60,36|60,6|21,78|73,35|68,46/60,81=60,6,12,18,81
7,52|51,59|5,51|33,7|96,81|19,71|71,45|64,33|95,64|13,96|95,82|35,13|6,70|89,6|43,89|45,14|82,5|95,43|95,19|95,35/95,59=95,82,5,51,59
59,95|62,55|61,98|17,97|57,79|28,57|33,61|97,27|62,28|62,17|62,91|55,65|98,83|62,33|34,92|27,19|95,80|79,51|91,59|65,34/62,92=62,55,65,34,92
50,84|15,58|15,50|15,67|94,95|89,59|34,96|67,23|82,61|58,69|15,16|36,57|75,98|23,34|84,94|16,29|15,36|69,75|57,82|29,89/15,96=15,67,23,34,96
24,28|31,38|31,77|91,67|77,58|70,72|28,61|4,6|22,19|54,70|6,48|68,54|58,22|31,68|31,4|82,24|31,82|38,91|67,37|48,47/31,61=31,82,24,28,61
62,87|79,38|87,52|70,91|91,90|90,95|25,8|19,98|20,35|37,25|59,19|79,59|38,62|79,46|79,37|46,69|69,20|79,70|8,14|98,88/79,35=79,46,69,20,35
38,88|34,62|38,78|47,17|17,64|74,32|38,26|26,35|13,55|68,16|77,68|35,74|53,13|78,47|88,34|38,77|38,12|12,53|16,80|62,82/38,80=38,77,68,16,80
45,47|42,36|91,82|39,42|7,49|82,67|39,56|15,75|56,61|39,88|75,14|67,19|39,91|36,8|61,45|39,46|49,12|46,15|88,7|8,72/39,72=39,42,36,8,72
29,58|81,23|74,50|10,74|73,3|12,98|50,99|98,28|11,73|58,35|82,29|25,5|11,10|23,25|3,21|11,81|28,92|21,91|11,12|11,82/11,91=11,73,3,21,91
17,51|27,40|40,55|87,3|10,29|17,27|35,10|13,94|74,87|17,39|51,74|39,13|17,95|75,7|94,86|55,41|7,47|95,35|17,75|47,92/17,29=17,95,35,10,29
65,5|12,91|72,20|15,84|5,35|12,6|1,26|0,65|7,72|6,30|84,95|91,42|30,1|12,0|12,7|9,15|42,29|29,51|12,9|20,78/12,51=12,91,42,29,51
82,30|57,99|25,63|57,84|57,64|54,33|84,22|86,94|79,31|99,93|16,5|93,86|22,25|33,88|31,21|5,82|57,16|57,79|21,85|64,54/57,88=57,64,54,33,88
24,41|65,76|79,83|7,99|65,95|46,61|26,86|99,42|65,46|42,44|65,11|11,81|38,96|76,26|61,38|95,50|50,79|65,7|86,90|81,24/65,44=65,7,99,42,44
8,75|13,66|32,74|13,41|76,1|41,86|59,9|66,99|86,72|99,93|9,76|45,60|60,42|93,51|13,8|13,59|11,45|72,47|75,32|13,11/13,51=13,66,99,93,51
70,90|76,14|70,30|98,12|92,99|87,89|70,76|70,58|58,16|12,74|89,54|38,57|30,87|70,20|20,69|16,92|90,98|10,6|14,10|69,38/70,99=70,58,16,92,99
3,30|6,38|58,43|61,6|43,3|1,97|32,92|66,86|50,66|86,17|30,94|58,50|92,52|97,76|58,10|58,61|58,28|38,78|28,32|10,1/58,94=58,43,3,30,94
10,16|80,51|52,36|94,8|94,82|36,3|64,54|12,64|40,46|69,10|16,42|51,62|18,12|94,52|8,80|82,70|3,27|94,69|94,18|70,40/94,42=94,69,10,16,42
2,24|36,3|94,36|94,67|76,34|90,7|21,68|67,57|23,45|94,90|94,56|3,76|94,2|7,38|24,92|92,86|38,52|57,21|45,64|56,23/94,86=94,2,24,92,86
8,75|13,66|32,74|13,41|93,51|41,86|59,9|66,99|86,72|99,60|9,93|45,76|76,1|60,42|13,8|13,59|11,45|72,47|75,32|13,11/13,51=13,59,9,93,51
54,61|15,46|20,88|42,70|99,81|6,42|61,98|46,92|91,73|91,51|93,20|5,99|51,5|91,93|91,15|91,22|92,86|88,21|22,6|73,54/91,21=91,93,20,88,21
64,35|87,58|4,66|82,99|66,88|99,45|16,15|82,49|82,24|82,50|49,56|12,87|82,64|24,4|32,94|35,16|50,12|61,11|56,32|45,61/82,11=82,99,45,61,11
4,51|57,17|7,45|62,13|73,84|53,7|53,41|53,4|67,90|53,62|13,9|45,67|86,15|17,36|53,76|9,91|41,57|76,86|51,73|15,25/53,90=53,7,45,67,90
96,3|3,62|62,28|5,40|40,19|72,59|78,4|96,60|75,78|96,80|96,7|53,88|80,72|59,55|7,47|28,44|96,75|47,53|4,71|60,5/96,44=96,3,62,28,44
7,60|9,58|84,81|13,66|3,46|11,17|60,13|17,90|7,9|55,1|58,77|23,3|77,82|1,84|7,55|25,23|7,11|7,25|66,35|90,95/7,82=7,9,58,77,82
76,53|54,42|55,93|19,15|42,8|55,19|75,39|55,23|55,81|15,26|90,76|93,54|81,85|26,25|55,95|23,97|95,90|97,80|85,75|80,1/55,8=55,93,54,42,8
26,44|44,76|76,40|74,84|42,89|5,7|19,94|40,71|86,5|33,18|26,86|7,72|26,42|26,74|26,19|73,6|84,33|89,73|87,59|94,87/26,71=26,44,76,40,71
99,40|92,30|40,54|92,22|92,35|48,39|15,48|60,66|49,91|83,4|1,99|8,60|44,90|90,62|92,1|91,83|22,15|30,44|92,49|35,8/92,66=92,35,8,60,66
54,32|46,28|46,8|79,52|6,26|58,95|28,58|46,13|95,86|52,18|46,27|8,79|36,6|27,38|94,23|55,54|38,94|25,36|13,55|46,25/46,23=46,27,38,94,23
88,76|58,88|3,46|3,57|99,60|47,58|3,96|46,39|3,47|81,26|96,56|18,29|20,75|56,81|75,78|29,84|57,20|3,41|41,18|39,99/3,78=3,57,20,75,78
9,2|9,7|92,83|36,11|9,64|2,97|83,14|81,68|32,1|12,15|15,89|1,39|9,19|97,36|51,92|68,85|9,51|19,81|64,12|7,32/9,39=9,7,32,1,39
69,78|1,11|67,58|12,88|60,80|57,89|28,57|85,33|85,81|11,60|84,46|98,69|46,91|81,28|85,12|33,98|85,39|39,84|88,67|85,1/85,78=85,33,98,69,78
39,6|19,86|17,4|5,8|17,5|59,19|10,58|8,68|4,84|17,42|17,10|58,74|84,18|17,0|42,46|68,24|18,29|46,39|0,59|74,79/17,29=17,4,84,18,29
17,68|98,3|11,41|7,6|31,88|41,34|7,22|13,15|80,51|7,98|68,26|22,9|6,17|5,80|32,5|46,11|9,13|7,32|3,31|7,46/7,51=7,32,5,80,51
5,22|76,52|83,35|5,8|70,48|80,47|59,83|10,69|5,32|22,39|32,7|90,80|39,61|89,59|7,70|69,76|61,91|5,89|5,10|8,90/5,35=5,89,59,83,35
76,41|10,61|41,51|61,70|70,87|99,94|76,10|96,63|17,57|22,67|59,33|74,88|51,74|33,96|76,17|67,99|57,93|93,35|76,59|76,22/76,63=76,59,33,96,63
75,93|87,70|48,4|22,52|75,61|0,62|75,0|75,49|93,60|19,58|61,65|65,87|49,55|60,22|75,96|55,48|35,19|62,3|3,85|96,35/75,70=75,61,65,87,70
51,46|22,53|89,73|4,71|73,68|80,32|75,38|22,84|53,34|26,89|22,67|84,39|39,15|32,51|22,26|22,80|67,40|15,35|40,75|34,4/22,68=22,26,89,73,68
72,62|60,20|64,91|20,18|48,44|91,35|84,94|90,2|18,48|60,27|60,93|94,68|85,72|93,32|60,85|32,90|60,26|27,64|62,54|26,84/60,35=60,27,64,91,35
6,68|5,99|6,64|99,10|31,18|6,44|39,37|6,29|6,40|64,5|71,55|18,52|40,31|58,39|63,57|29,63|57,88|68,58|44,71|55,43/6,52=6,40,31,18,52
99,81|58,78|58,11|20,51|44,43|43,20|62,36|11,18|78,50|18,62|58,72|4,10|49,25|50,99|79,4|58,44|72,79|58,68|25,5|68,49/58,81=58,78,50,99,81
9,30|73,33|2,85|85,9|78,74|38,52|55,27|81,16|72,32|52,72|74,81|27,10|64,78|64,38|64,2|64,18|18,55|64,73|58,13|33,58/64,30=64,2,85,9,30
2,72|68,2|19,80|7,14|80,7|68,19|42,34|86,9|72,55|23,56|68,60|41,86|48,83|16,33|83,23|33,42|55,84|60,41|68,16|68,48/68,9=68,60,41,86,9
66,70|66,72|8,95|70,55|9,78|63,80|66,31|60,98|67,76|21,8|87,2|72,21|31,67|76,3|83,9|55,60|66,83|66,87|2,63|78,12/66,12=66,83,9,78,12
40,27|60,23|40,67|40,63|63,57|80,21|87,83|67,51|40,74|51,90|64,91|42,80|90,15|23,95|91,87|40,64|57,16|74,60|27,42|16,79/40,21=40,27,42,80,21
98,1|54,72|97,96|29,70|61,49|79,29|1,99|49,97|66,15|54,38|34,83|67,98|27,34|72,27|54,61|50,79|54,50|54,67|38,66|15,59/54,70=54,50,79,29,70
14,94|31,14|4,95|30,51|41,76|51,48|43,90|30,41|30,4|70,1|76,59|61,97|30,70|95,43|44,53|59,50|94,83|1,44|30,31|48,61/30,90=30,4,95,43,90
87,94|0,69|95,70|90,59|69,21|37,16|81,43|70,0|59,19|95,54|95,87|61,90|95,61|52,5|95,34|16,53|94,52|34,37|54,81|43,47/95,5=95,87,94,52,5
44,23|21,68|69,15|1,14|50,92|70,1|15,38|90,86|86,87|14,9|12,69|17,93|90,12|90,21|90,70|90,44|0,83|87,50|23,17|68,0/90,93=90,44,23,17,93
50,47|52,58|70,64|32,11|73,93|59,10|10,67|47,72|44,4|85,50|73,85|55,28|73,59|67,36|73,55|69,52|93,69|73,32|11,44|28,70/73,64=73,55,28,70,64
46,41|38,53|92,46|3,62|41,71|31,43|6,12|54,6|53,33|54,21|21,59|82,75|12,82|54,94|62,29|77,38|59,31|94,3|54,92|54,77/54,71=54,92,46,41,71
89,62|33,14|55,35|86,18|35,76|86,33|86,8|18,89|88,69|15,99|86,26|26,55|14,88|19,87|8,60|49,15|86,49|99,61|60,19|62,44/86,69=86,33,14,88,69
17,30|45,91|14,41|50,70|7,77|6,7|57,66|70,15|16,28|48,50|29,45|29,16|29,6|28,17|41,57|77,4|29,48|29,14|32,43|91,32/29,4=29,6,7,77,4
3,75|0,76|76,32|54,22|87,47|75,53|73,10|66,83|63,16|37,66|54,3|53,52|70,37|54,0|54,63|16,73|32,98|18,87|54,70|22,18/54,47=54,22,18,87,47
97,72|1,91|29,24|58,38|52,1|57,69|78,87|52,42|24,57|52,29|52,58|91,97|87,10|7,63|44,7|63,93|38,35|52,44|35,33|42,78/52,69=52,29,24,57,69
32,10|24,81|21,24|32,38|37,8|38,45|32,92|32,60|95,35|8,78|35,65|56,28|10,95|97,26|60,21|45,97|54,50|50,56|32,54|92,37/32,78=32,92,37,8,78
46,96|82,61|82,52|87,34|29,24|77,74|47,87|34,38|44,79|82,80|24,72|82,46|82,47|50,7|52,29|15,77|96,44|7,12|80,50|61,15/82,38=82,47,87,34,38
17,56|72,52|92,48|1,74|56,39|51,89|77,3|78,49|1,17|52,29|1,79|39,90|1,51|74,72|48,57|67,77|7,67|89,78|1,7|79,92/1,49=1,51,89,78,49
40,52|31,67|36,61|88,58|80,31|59,76|93,3|25,56|36,80|36,26|52,66|3,84|84,82|26,40|58,25|36,93|67,12|61,59|36,88|76,71/36,12=36,80,31,67,12
64,20|72,61|78,93|81,64|33,81|50,33|50,28|61,45|94,53|88,40|50,54|54,72|6,94|98,78|50,95|28,6|99,88|68,98|50,68|95,99/50,40=50,95,99,88,40
71,4|23,82|96,89|17,73|60,56|66,42|51,53|51,3|38,96|68,60|10,71|56,32|39,17|51,23|51,10|53,38|82,66|51,68|4,46|3,39/51,32=51,68,60,56,32
20,68|71,89|60,61|73,27|77,16|20,87|13,94|20,23|20,57|61,64|12,38|57,62|59,13|68,60|97,77|89,73|62,12|87,97|23,59|20,71/20,38=20,57,62,12,38
21,41|40,61|22,40|32,79|10,88|90,34|32,10|88,90|43,2|56,3|41,71|79,56|32,12|78,22|32,4|4,21|32,78|12,0|3,42|0,43/32,34=32,10,88,90,34
9,98|80,3|9,48|98,61|9,50|86,77|9,4|50,80|61,70|36,52|9,64|48,86|1,79|52,28|70,72|3,49|64,76|77,95|76,1|4,36/9,95=9,48,86,77,95
80,19|95,49|95,40|49,39|13,5|40,80|73,54|51,30|95,73|95,14|78,15|76,47|15,62|39,76|14,51|54,13|95,78|19,1|30,12|62,44/95,47=95,49,39,76,47
50,47|70,64|67,36|32,11|73,93|59,10|10,52|47,72|44,4|85,50|73,85|55,28|73,59|52,58|73,55|69,70|93,69|73,32|11,44|28,67/73,64=73,93,69,70,64
38,64|32,26|54,52|97,94|19,37|54,50|52,38|17,19|55,68|54,17|50,55|54,32|26,27|68,93|27,1|37,14|35,59|94,35|54,97|64,87/54,93=54,50,55,68,93
43,36|15,24|30,32|76,90|13,45|51,49|45,25|9,18|74,0|36,76|74,29|74,51|18,73|32,48|73,35|0,13|49,15|29,30|74,43|74,9/74,48=74,29,30,32,48
69,12|69,31|29,17|27,35|69,83|54,77|5,27|39,73|69,54|33,74|0,33|77,39|83,52|12,5|63,82|31,64|52,63|69,34|64,29|34,0/69,82=69,83,52,63,82
50,7|50,88|7,26|93,65|29,42|19,39|50,15|53,19|24,53|2,48|88,93|15,1|4,29|1,2|94,4|65,64|26,73|50,94|50,24|73,60/50,48=50,15,1,2,48
56,40|83,0|89,48|48,22|4,9|51,3|96,83|9,47|56,80|10,29|28,96|80,89|56,4|56,65|56,28|47,17|65,10|40,51|3,2|29,62/56,0=56,28,96,83,0
90,35|12,34|59,46|46,67|81,64|69,12|71,48|71,90|31,56|56,95|48,42|95,6|51,69|29,59|42,81|84,74|71,29|35,84|71,51|71,31/71,74=71,90,35,84,74
18,26|88,71|20,2|20,86|82,4|39,46|20,29|20,18|72,32|86,72|31,24|23,0|71,82|20,88|9,31|60,23|32,37|29,60|2,9|26,39/20,24=20,2,9,31,24
1,67|40,70|41,94|84,40|19,49|85,15|29,71|71,91|43,84|19,93|19,29|28,1|19,28|94,61|19,43|49,41|15,31|67,36|91,39|93,85/19,70=19,43,84,40,70
26,58|17,26|4,69|24,12|39,15|45,10|58,4|0,9|12,51|51,22|20,80|41,39|15,94|99,65|65,20|17,99|17,24|17,0|17,41|9,45/17,69=17,26,58,4,69
89,19|70,35|23,29|70,7|59,49|70,89|34,15|7,78|93,32|62,80|35,1|19,54|70,93|1,59|32,62|15,67|70,34|54,71|67,3|78,23/70,29=70,7,78,23,29
88,56|78,21|3,26|97,38|38,84|59,94|91,59|43,45|21,76|26,43|88,11|74,79|76,1|64,74|56,91|11,97|79,4|88,3|88,78|88,64/88,1=88,78,21,76,1
77,91|84,85|5,9|83,2|29,83|7,12|50,29|61,22|5,20|87,44|5,7|20,84|51,88|12,87|22,51|85,55|91,4|9,77|5,61|5,50/5,88=5,61,22,51,88
39,8|55,3|60,77|55,10|64,16|67,81|3,75|75,35|77,40|70,71|55,99|21,56|16,39|35,80|99,86|86,67|71,21|10,60|55,70|55,64/55,8=55,64,16,39,8
64,31|97,66|79,82|5,89|82,35|64,50|85,24|31,86|50,97|64,79|86,85|3,95|47,40|66,88|64,46|35,43|46,23|89,3|64,5|23,47/64,24=64,31,86,85,24
44,61|53,43|15,93|10,75|74,95|29,44|15,51|75,74|43,59|55,38|4,83|51,53|15,10|38,6|6,70|93,69|15,55|61,85|69,4|15,29/15,85=15,29,44,61,85
11,84|41,38|94,60|75,16|71,11|60,99|51,44|13,45|97,94|71,70|84,22|44,49|71,41|71,97|38,13|64,75|49,31|70,64|71,51|22,32/71,16=71,70,64,75,16
69,47|6,21|57,6|76,69|76,79|47,66|23,62|76,57|11,24|24,40|21,98|72,35|35,70|66,10|76,80|49,12|80,11|79,72|76,23|62,49/76,10=76,69,47,66,10
37,13|84,63|34,66|63,74|84,34|71,97|0,53|84,77|66,71|84,37|53,56|70,41|77,19|74,51|84,0|13,12|56,40|19,70|51,22|12,72/84,97=84,34,66,71,97
99,72|50,54|99,82|82,37|1,12|38,66|42,51|65,75|99,42|51,65|54,1|34,49|99,56|69,78|56,92|92,69|32,34|37,38|99,50|72,32/99,75=99,42,51,65,75
90,57|90,17|99,47|5,96|90,82|17,5|90,99|40,79|82,63|3,20|47,1|1,70|84,72|11,40|63,84|86,3|50,11|90,50|96,76|57,86/90,72=90,82,63,84,72
36,88|60,15|49,68|44,11|97,22|72,44|18,24|60,97|48,46|60,58|21,48|60,49|46,34|15,72|60,21|58,36|22,13|68,18|13,12|88,14/60,14=60,58,36,88,14
12,73|17,89|25,3|17,86|14,36|17,26|23,99|86,25|73,48|17,12|47,20|55,23|36,60|17,0|20,46|26,14|89,47|0,55|48,8|3,16/17,46=17,89,47,20,46
33,6|95,18|14,91|19,78|91,47|42,53|25,95|42,58|28,19|46,17|75,33|53,14|6,90|42,28|42,75|42,12|78,49|88,46|12,25|58,88/42,90=42,75,33,6,90
60,67|60,46|60,13|26,35|39,50|41,14|30,64|86,97|65,37|13,40|46,54|37,0|67,65|54,86|60,39|60,23|23,98|98,26|40,41|50,30/60,64=60,39,50,30,64
81,96|63,45|21,68|71,63|28,31|98,21|45,93|94,14|22,28|61,22|61,1|1,98|61,71|43,81|32,2|96,88|61,43|31,49|61,32|2,94/61,68=61,1,98,21,68
58,38|98,78|38,42|47,83|1,58|39,63|75,73|16,59|2,39|98,1|43,76|74,41|41,16|98,47|76,4|78,43|83,75|9,2|98,74|98,9/98,59=98,74,41,16,59
22,5|78,80|80,65|22,43|72,78|0,71|43,64|22,69|47,44|21,0|22,72|69,21|82,32|50,63|7,73|32,50|31,7|22,82|5,31|64,47/22,44=22,43,64,47,44
56,12|7,34|38,16|7,60|60,88|16,66|7,98|35,56|6,97|0,83|7,25|83,18|98,38|46,43|12,55|25,61|88,6|7,35|34,0|61,46/7,66=7,98,38,16,66
88,60|16,82|45,86|91,15|16,64|16,23|60,78|75,93|72,75|64,28|39,20|54,68|16,77|20,45|68,62|28,91|23,72|77,54|82,88|16,39/16,15=16,64,28,91,15
12,35|16,37|53,60|35,53|99,96|7,99|66,44|71,21|60,6|12,31|44,24|58,7|12,69|21,73|31,71|20,27|12,20|69,66|27,16|12,58/12,37=12,20,27,16,37
33,72|96,77|81,73|73,38|16,52|89,65|81,12|81,97|81,96|81,53|97,99|52,34|98,59|53,33|12,16|43,5|77,89|99,98|38,43|72,45/81,59=81,97,99,98,59
46,34|66,46|53,3|78,50|2,53|6,41|6,14|21,33|6,21|52,22|86,64|41,2|33,86|13,81|54,52|49,66|6,49|6,78|14,54|50,13/6,3=6,41,2,53,3
84,59|88,66|86,13|17,63|45,30|54,84|86,16|51,83|86,22|63,18|97,73|86,38|76,51|86,45|16,76|22,54|13,17|30,97|38,88|66,79/86,59=86,22,54,84,59
78,55|58,67|13,58|4,5|13,4|70,6|5,90|83,25|48,77|63,39|13,51|13,57|57,83|90,42|51,63|67,70|25,16|55,48|39,27|13,78/13,16=13,57,83,25,16
16,10|25,95|92,48|16,84|61,4|35,55|65,38|48,2|16,65|16,96|95,22|77,56|74,33|55,77|4,42|16,35|38,74|96,25|10,92|84,61/16,56=16,35,55,77,56
67,59|97,79|68,0|26,60|39,82|67,1|1,74|79,45|67,58|82,30|45,80|67,97|58,26|67,39|30,87|59,68|66,23|74,66|60,88|0,25/67,80=67,97,79,45,80
11,26|11,27|49,7|11,47|19,3|73,50|27,60|11,42|47,88|3,38|11,61|35,12|42,73|61,19|26,35|50,70|60,49|8,55|88,8|12,93/11,70=11,42,73,50,70
57,76|67,48|96,17|76,93|12,1|13,12|46,68|90,87|16,19|56,57|93,20|32,67|48,82|87,16|56,32|56,46|56,13|68,96|56,90|1,35/56,17=56,46,68,96,17
57,36|52,22|59,1|54,65|22,50|54,3|65,41|54,59|3,52|54,39|14,47|1,85|39,91|54,23|41,68|47,75|23,14|85,9|68,98|91,57/54,36=54,39,91,57,36
56,12|7,34|38,6|7,60|60,88|6,97|7,98|35,56|83,18|0,16|7,25|16,66|98,38|46,43|12,55|25,61|88,83|7,35|34,0|61,46/7,66=7,34,0,16,66
3,34|86,51|90,50|3,48|7,31|71,13|48,8|79,69|13,76|10,84|51,7|25,71|3,25|49,10|3,90|8,79|3,86|34,49|61,53|50,61/3,84=3,34,49,10,84
49,43|12,28|20,69|17,60|64,23|94,71|20,17|60,94|20,49|20,68|57,76|51,7|23,54|41,6|43,41|20,51|68,64|69,86|86,57|7,12/20,54=20,68,64,23,54
50,83|26,42|96,76|78,40|50,13|13,15|29,26|83,91|10,30|63,32|58,64|91,63|15,96|50,54|50,78|54,29|50,58|99,93|64,99|40,10/50,32=50,83,91,63,32
85,3|65,91|37,41|9,94|28,47|94,85|41,30|9,65|88,28|9,74|59,20|74,13|13,59|91,36|30,75|36,16|9,37|3,32|47,79|9,88/9,20=9,74,13,59,20
45,60|45,76|69,96|78,36|45,93|71,38|96,19|18,83|89,78|93,98|46,8|60,89|45,71|95,18|76,69|45,6|38,46|98,29|6,95|29,26/45,8=45,71,38,46,8
20,49|85,18|12,32|65,80|67,83|44,67|32,85|49,56|83,73|17,65|50,19|44,17|80,25|44,33|47,63|33,20|73,94|44,12|63,50|44,47/44,19=44,47,63,50,19
56,78|42,39|65,56|45,69|8,67|65,74|91,42|7,82|67,44|35,32|65,53|53,7|69,86|74,91|78,35|82,55|65,40|84,8|40,45|65,84/65,32=65,56,78,35,32
88,18|23,63|36,23|55,88|26,41|53,89|53,85|21,1|51,7|53,73|47,57|7,28|53,62|73,36|89,2|62,55|2,26|53,21|1,47|85,51/53,18=53,62,55,88,18
75,87|70,1|64,28|39,32|50,64|75,91|87,60|68,96|91,50|60,39|46,45|75,0|75,7|19,70|7,19|75,46|23,68|0,23|86,53|45,86/75,28=75,91,50,64,28
75,71|50,85|98,19|18,44|13,79|58,60|1,98|94,95|95,18|58,75|58,94|58,13|33,50|42,66|81,28|79,42|71,81|7,1|60,33|58,7/58,44=58,94,95,18,44
70,85|71,76|25,39|28,98|28,9|28,50|27,25|82,14|29,69|98,48|28,17|85,42|28,70|22,82|50,7|42,47|17,22|48,71|7,29|9,27/28,14=28,17,22,82,14
70,13|21,96|76,98|58,59|98,50|50,31|69,97|95,58|96,70|6,76|6,81|6,95|87,55|6,21|97,1|81,69|4,2|59,40|2,87|6,4/6,31=6,76,98,50,31
55,13|80,68|12,20|12,42|1,53|49,55|81,80|12,9|9,81|60,58|20,63|76,67|12,49|24,56|63,24|67,1|98,60|12,76|42,98|13,92/12,58=12,42,98,60,58
86,59|64,53|73,30|6,94|86,12|75,11|89,75|86,6|66,89|0,1|59,93|94,64|12,55|14,0|93,73|55,58|58,68|86,14|86,66|1,72/86,53=86,6,94,64,53
9,4|55,27|47,39|27,33|97,78|26,65|2,47|0,5|55,76|55,9|33,56|77,97|55,77|5,34|55,50|78,92|4,26|76,0|56,42|50,2/55,39=55,50,2,47,39
8,75|13,66|32,74|13,41|76,1|41,86|59,9|66,99|86,93|99,60|9,76|45,72|72,47|60,42|13,8|13,59|11,45|93,51|75,32|13,11/13,51=13,41,86,93,51
11,91|72,0|96,43|87,77|77,96|9,83|14,62|83,28|41,24|64,61|0,64|3,60|41,87|24,3|41,67|41,11|91,14|41,72|67,9|60,10/41,61=41,72,0,64,61
61,53|23,4|87,21|71,8|61,23|19,71|37,36|48,38|25,46|38,35|4,37|8,11|61,65|61,19|35,63|61,48|53,27|21,5|65,87|27,25/61,11=61,19,71,8,11
49,99|49,7|83,24|85,91|60,3|49,37|70,78|91,63|37,83|76,27|7,70|27,0|49,15|49,76|0,39|6,60|24,62|15,85|99,6|78,32/49,62=49,37,83,24,62
18,29|19,86|17,4|5,8|17,5|59,19|10,58|8,68|4,84|17,42|17,10|58,39|84,74|17,0|42,46|68,24|74,79|46,18|0,59|39,6/17,29=17,42,46,18,29
3,42|73,57|47,95|3,73|57,43|3,18|40,12|79,7|27,50|18,21|21,79|44,27|30,11|42,44|3,40|43,13|24,30|12,47|28,24|3,28/3,11=3,28,24,30,11
89,19|10,54|2,81|76,10|73,87|91,76|34,89|3,23|12,14|23,39|19,82|46,3|81,12|46,34|46,73|20,93|87,20|46,91|39,16|46,2/46,16=46,3,23,39,16
55,52|3,26|98,55|36,99|12,59|36,84|99,43|39,98|2,17|26,24|84,3|4,12|36,19|43,2|95,80|71,4|36,71|19,57|57,95|36,39/36,80=36,19,57,95,80
9,90|41,29|7,25|63,10|70,98|10,30|98,54|25,38|70,7|54,9|38,23|24,41|70,76|0,52|52,13|70,68|76,24|13,58|68,63|70,0/70,23=70,7,25,38,23
1,70|50,2|28,81|52,39|2,49|28,1|81,50|70,80|3,19|26,0|55,96|62,55|12,26|80,95|39,3|28,72|58,12|28,58|28,52|72,62/28,95=28,1,70,80,95
25,80|3,0|25,81|53,14|75,20|11,60|89,11|80,89|7,87|98,7|87,76|49,3|93,49|25,31|25,98|81,50|31,78|78,75|50,53|25,93/25,20=25,31,78,75,20
11,10|46,20|49,35|46,21|94,11|16,76|19,94|79,80|20,81|9,24|46,9|46,18|59,92|46,19|47,79|81,59|76,68|24,49|21,16|18,47/46,10=46,19,94,11,10
29,70|29,45|52,55|67,5|55,26|78,80|31,51|29,46|29,78|5,84|51,49|70,31|26,58|46,16|93,96|80,79|45,67|29,52|16,93|79,53/29,53=29,78,80,79,53
42,57|80,42|70,83|52,70|1,3|52,37|37,76|31,53|52,81|52,1|81,79|14,46|52,40|83,58|40,80|58,62|3,31|10,49|76,14|79,10/52,62=52,70,83,58,62
7,1|55,71|10,11|0,67|48,29|67,21|0,55|21,65|0,7|65,92|4,85|18,2|1,83|11,48|0,4|0,10|71,18|85,75|75,20|83,22/0,2=0,55,71,18,2
45,46|34,32|71,65|46,66|12,91|74,51|32,2|2,95|70,23|71,4|71,7|71,34|58,12|71,58|23,82|7,45|4,70|63,74|91,26|65,63/71,82=71,4,70,23,82
38,56|57,44|87,2|89,98|65,84|57,87|57,16|57,41|57,38|44,65|28,1|19,81|84,32|41,28|2,5|98,70|56,19|5,79|16,89|1,17/57,17=57,41,28,1,17
51,46|22,53|89,75|4,71|75,38|80,32|15,35|22,84|53,34|26,89|22,67|84,39|39,73|32,51|22,26|22,80|67,40|73,68|40,15|34,4/22,68=22,84,39,73,68
58,24|61,39|49,1|9,58|72,45|32,61|9,87|38,69|5,54|42,86|97,40|24,42|54,97|37,38|9,5|9,37|45,49|9,72|69,63|87,32/9,86=9,58,24,42,86
61,99|99,24|19,10|47,5|18,19|18,7|17,61|73,43|18,50|30,64|18,86|37,47|21,40|7,37|64,83|50,93|18,17|93,73|10,21|86,30/18,40=18,19,10,21,40
25,99|20,82|92,88|34,92|65,9|41,16|22,87|20,65|63,0|13,12|20,13|16,22|84,30|9,25|30,6|20,41|6,28|12,63|20,84|82,34/20,0=20,13,12,63,0
49,26|1,5|38,32|94,92|61,93|26,1|49,43|43,99|19,94|49,76|25,19|49,25|99,83|5,74|81,3|32,81|49,38|83,2|93,42|76,61/49,74=49,26,1,5,74
90,78|88,31|8,69|65,63|85,92|16,97|2,88|63,5|86,85|29,65|97,86|16,29|16,82|16,2|16,8|43,96|69,90|31,89|96,30|82,43/16,89=16,2,88,31,89
5,87|20,9|56,63|83,46|42,53|55,11|83,55|13,20|83,56|68,38|97,79|11,42|38,69|29,97|83,13|83,99|9,95|63,5|99,68|46,29/83,53=83,55,11,42,53
85,88|2,58|74,96|32,93|93,90|2,85|58,8|2,78|88,43|99,6|47,4|6,17|2,30|78,32|8,47|16,99|2,16|30,74|96,28|43,5/2,17=2,16,99,6,17
14,29|64,95|20,9|84,70|7,30|95,87|64,40|44,85|72,20|9,26|40,44|17,66|30,84|87,17|64,72|64,7|64,35|85,19|45,14|35,45/64,29=64,35,45,14,29
11,86|12,80|49,66|85,18|12,10|70,26|23,49|12,85|12,4|96,15|86,28|80,23|26,69|12,41|18,74|74,97|95,96|10,11|41,70|4,95/12,15=12,4,95,96,15
28,66|3,87|60,84|0,39|10,22|49,90|87,65|49,28|78,60|65,61|15,58|49,10|22,21|49,78|21,51|90,77|49,3|84,72|77,0|66,15/49,72=49,78,60,84,72
91,50|47,99|71,81|50,62|66,30|30,71|51,52|51,91|51,85|16,31|82,93|94,16|69,82|99,5|55,69|51,66|51,55|62,12|85,94|52,47/51,93=51,55,69,82,93
75,87|64,28|39,32|70,1|50,39|75,91|87,60|68,96|91,50|60,70|46,45|75,0|75,7|19,64|7,19|75,46|23,68|0,23|86,53|45,86/75,28=75,7,19,64,28
7,86|28,2|19,11|22,62|34,0|21,77|34,33|34,28|75,84|88,78|32,7|33,22|76,23|78,21|62,38|2,75|34,19|11,76|0,32|34,88/34,38=34,33,22,62,38
42,53|82,18|80,98|53,9|42,80|9,51|10,74|51,27|89,26|57,58|18,1|7,8|1,76|97,88|98,10|88,7|26,57|42,89|42,82|42,97/42,76=42,82,18,1,76
17,80|20,48|17,14|28,15|17,19|14,84|17,20|68,65|71,36|65,71|80,64|48,28|50,95|73,9|95,37|19,50|17,68|54,97|84,54|64,73/17,97=17,14,84,54,97
50,75|91,51|22,67|13,64|85,66|91,27|27,87|91,55|87,85|91,26|81,28|46,44|26,50|55,81|91,22|67,46|28,58|51,97|97,13|75,7/91,58=91,55,81,28,58
0,72|88,63|67,22|6,67|98,88|22,82|2,40|14,50|33,6|15,0|70,44|33,15|72,17|50,90|63,83|33,2|61,14|40,70|33,61|33,98/33,17=33,15,0,72,17
54,33|97,38|83,9|44,64|37,80|67,20|80,25|20,83|46,62|64,49|67,78|51,37|87,44|38,54|67,51|67,97|67,87|62,68|78,46|9,91/67,68=67,78,46,62,68
64,6|38,43|6,42|60,31|64,63|72,83|63,60|36,89|95,72|31,70|90,18|89,48|64,15|43,0|48,34|42,90|64,95|83,69|15,38|64,36/64,18=64,6,42,90,18
12,39|86,16|90,87|12,27|85,59|16,47|27,10|28,33|47,25|88,28|35,84|39,82|33,55|10,7|12,90|7,2|12,86|12,88|87,85|82,35/12,25=12,86,16,47,25
26,55|46,92|88,69|79,12|58,73|30,32|81,82|67,58|55,81|79,67|79,26|84,30|79,56|69,72|90,88|73,31|12,51|79,90|56,84|51,46/79,82=79,26,55,81,82
43,9|66,40|11,74|11,95|11,17|74,35|17,50|80,73|88,80|11,52|11,66|95,31|50,43|28,84|52,88|35,22|40,28|81,56|22,67|31,81/11,73=11,52,88,80,73
0,24|18,75|8,88|43,41|7,1|52,71|4,99|43,8|75,34|41,85|88,9|43,4|17,68|85,52|43,57|24,7|43,0|57,18|99,17|9,36/43,36=43,8,88,9,36
18,30|71,81|8,49|34,40|71,17|9,65|50,3|17,41|95,63|41,18|63,89|61,2|71,91|3,9|81,92|71,50|71,8|92,34|49,61|91,95/71,89=71,91,95,63,89
79,86|79,44|70,15|75,21|73,63|44,50|21,94|82,59|50,16|59,25|16,23|86,73|94,60|79,75|79,12|63,51|12,93|0,82|79,0|93,70/79,23=79,44,50,16,23
60,69|66,48|66,64|56,11|66,13|13,56|61,60|86,96|32,61|67,4|17,67|5,93|87,17|11,76|96,7|48,86|66,32|66,87|93,36|64,5/66,4=66,87,17,67,4
7,83|18,42|39,31|93,79|41,91|32,93|27,96|77,99|91,55|7,80|57,77|80,57|7,18|3,32|42,27|50,39|89,50|7,3|83,41|7,89/7,31=7,89,50,39,31
28,39|54,96|42,18|48,32|68,26|26,89|5,58|13,78|50,68|28,86|86,24|24,54|49,48|33,42|28,13|78,5|39,49|28,50|18,72|28,33/28,89=28,50,68,26,89
26,91|83,23|60,42|68,66|65,74|51,63|83,26|83,90|23,77|17,48|84,43|77,84|88,22|90,17|91,68|74,88|83,60|42,51|48,32|83,65/83,32=83,90,17,48,32
72,71|72,60|92,74|33,11|74,7|72,26|40,75|76,68|60,92|77,48|48,40|88,33|72,10|70,76|26,88|55,17|71,70|72,77|10,55|17,30/72,30=72,10,55,17,30
17,84|94,80|88,41|1,72|1,30|1,23|99,21|0,60|1,99|1,0|60,40|40,82|84,38|81,96|21,81|30,73|73,94|72,62|23,17|62,88/1,96=1,99,21,81,96
87,60|57,44|33,87|44,92|92,45|48,96|15,99|14,33|79,90|71,15|60,34|14,57|65,13|14,65|72,71|67,89|14,79|13,48|90,67|14,72/14,45=14,57,44,92,45
45,93|62,25|95,63|49,7|32,95|25,79|77,88|64,70|51,82|82,45|36,80|32,49|6,98|88,36|96,62|32,77|63,6|32,51|32,96|7,64/32,79=32,96,62,25,79
92,82|82,26|61,86|26,72|88,4|12,54|61,70|45,77|78,81|54,91|13,25|61,87|86,12|70,46|61,13|7,45|87,7|46,88|61,92|25,78/61,72=61,92,82,26,72
27,21|17,15|0,22|30,0|71,33|74,94|74,85|33,92|16,12|19,54|12,27|97,71|57,20|94,30|74,97|34,57|85,34|74,16|74,19|54,17/74,21=74,16,12,27,21
40,65|32,83|65,47|91,57|32,15|47,11|92,90|90,36|57,68|32,40|1,19|19,44|32,45|45,1|32,37|83,91|43,82|15,92|82,30|37,43/32,11=32,40,65,47,11
83,22|44,32|37,77|44,45|31,48|93,37|30,49|9,61|36,9|44,95|2,31|45,93|44,43|22,23|43,30|95,2|61,80|32,83|44,36|49,3/44,77=44,45,93,37,77
72,28|30,67|91,37|91,73|87,25|86,87|67,79|53,42|91,86|91,23|52,62|73,53|60,52|23,30|37,60|1,72|42,22|91,1|25,75|28,19/91,22=91,73,53,42,22
45,91|82,26|45,67|45,49|52,46|91,98|49,19|79,63|45,61|67,44|10,79|45,22|61,82|22,10|66,34|26,32|98,39|39,80|44,66|19,52/45,34=45,67,44,66,34
4,19|81,5|27,4|15,53|69,32|27,69|71,20|32,87|27,84|87,76|96,62|84,66|27,74|66,81|39,78|19,15|17,96|27,71|74,17|20,39/27,53=27,4,19,15,53
74,51|93,7|84,68|66,64|25,40|74,9|46,82|40,50|74,75|37,46|68,33|9,84|99,93|75,27|74,39|26,25|27,66|51,37|39,99|74,26/74,7=74,39,99,93,7
35,30|52,18|31,54|55,52|99,50|35,27|35,43|80,95|27,83|83,28|54,67|35,31|19,12|43,99|30,55|50,98|95,19|35,80|67,81|28,14/35,14=35,27,83,28,14
37,52|76,34|34,16|13,76|13,86|30,70|12,96|13,12|21,37|13,41|13,7|62,3|74,98|70,87|96,74|41,21|7,30|86,62|16,36|3,32/13,87=13,7,30,70,87
64,12|84,78|45,64|82,30|15,4|0,97|21,6|31,84|15,0|15,45|97,82|12,34|61,21|6,9|15,56|60,70|4,31|15,61|70,43|56,60/15,78=15,4,31,84,78
67,75|80,76|72,15|63,19|99,43|15,27|42,45|27,47|99,42|76,71|99,73|64,84|99,72|45,63|99,24|43,10|24,67|75,35|10,64|73,80/99,47=99,72,15,27,47
37,70|97,72|50,60|93,96|30,37|72,78|70,12|14,5|97,69|78,83|5,93|63,46|97,30|66,23|97,63|46,50|23,27|69,66|83,44|97,14/97,60=97,63,46,50,60
23,86|23,11|60,9|76,32|2,53|15,64|23,6|53,80|86,2|11,67|67,40|43,57|40,51|23,15|9,27|6,43|23,70|70,60|57,42|64,76/23,42=23,6,43,57,42
64,83|39,35|95,69|59,57|47,17|83,47|43,14|23,86|43,23|14,45|43,26|43,91|26,63|63,39|86,81|91,95|45,59|69,8|43,64|81,65/43,17=43,64,83,47,17
49,53|15,42|61,49|42,14|14,16|6,13|13,3|51,66|57,30|59,61|6,15|70,86|80,70|3,51|6,43|6,59|43,80|6,10|91,57|10,91/6,30=6,10,91,57,30
4,97|45,75|60,99|47,60|69,89|47,69|47,43|54,78|99,11|68,71|52,21|43,54|47,4|11,19|97,52|78,58|89,70|71,45|70,83|47,68/47,75=47,68,71,45,75
81,31|63,45|96,88|71,63|28,21|98,96|45,93|94,14|22,28|61,22|61,1|1,98|61,71|43,81|32,2|31,49|61,43|21,68|61,32|2,94/61,68=61,22,28,21,68
46,93|94,72|45,12|90,55|55,54|54,15|12,41|90,42|90,70|53,89|15,24|93,8|88,53|70,88|90,94|72,50|50,13|8,26|42,45|90,46/90,89=90,70,88,53,89
76,27|98,87|98,14|14,79|27,77|79,24|98,9|87,5|73,44|24,96|98,6|28,73|22,37|6,22|9,76|44,94|93,71|37,31|98,28|5,93/98,94=98,28,73,44,94
56,44|4,19|30,2|53,47|98,4|30,76|30,11|30,56|11,43|84,33|93,71|43,93|76,98|58,53|44,88|33,42|30,39|2,84|88,51|39,58/30,42=30,2,84,33,42
54,42|89,59|10,2|75,89|62,0|0,96|1,79|42,41|20,10|77,54|96,37|31,23|31,3|31,62|3,39|90,75|39,1|23,20|31,77|31,90/31,37=31,62,0,96,37
68,8|77,67|67,47|44,12|47,85|98,71|28,58|8,28|68,98|68,77|58,17|68,45|64,82|74,84|42,44|5,56|45,42|68,64|82,5|71,74/68,85=68,77,67,47,85
76,41|10,61|41,51|61,96|96,63|99,94|76,10|74,88|17,57|22,67|59,33|70,87|51,70|33,74|76,17|67,99|57,93|93,35|76,59|76,22/76,63=76,10,61,96,63
73,31|39,82|15,5|15,99|47,85|15,34|34,26|99,39|26,44|15,42|6,58|36,1|15,36|1,47|31,78|5,73|44,96|82,25|20,6|42,20/15,25=15,99,39,82,25
61,73|73,38|1,15|76,78|56,21|64,96|78,70|30,48|30,61|3,1|97,76|30,56|30,64|96,72|6,32|48,3|21,6|72,22|38,98|30,97/30,70=30,97,76,78,70
96,8|73,96|8,24|73,98|88,43|34,60|32,17|92,88|60,47|73,91|91,92|24,29|74,94|42,46|73,74|47,39|73,34|94,32|98,42|46,50/73,17=73,74,94,32,17
33,54|89,16|39,35|47,63|16,23|58,43|54,19|47,3|47,58|43,30|97,33|56,13|35,94|30,40|3,39|25,89|47,25|47,97|76,56|63,76/47,94=47,3,39,35,94
45,54|33,13|53,60|80,53|90,11|42,80|17,88|45,90|99,37|5,8|8,36|40,50|45,99|54,5|11,17|13,22|37,40|45,93|93,33|45,42/45,60=45,42,80,53,60
77,20|80,77|67,45|26,44|61,26|61,91|61,12|45,73|12,67|34,35|83,54|49,83|62,80|61,62|27,65|56,63|91,49|35,27|61,34|44,56/61,65=61,34,35,27,65
17,99|0,45|94,43|68,41|2,44|24,10|94,65|40,68|94,24|94,14|44,0|95,48|10,17|14,95|65,40|94,2|43,97|48,42|97,30|30,19/94,99=94,24,10,17,99
61,35|56,71|61,82|73,16|35,73|84,6|40,30|61,59|59,12|61,78|95,68|71,32|68,10|78,95|62,56|61,62|82,55|16,28|55,84|12,40/61,6=61,82,55,84,6
78,26|23,70|67,48|67,10|67,65|79,30|65,81|95,20|2,44|48,23|20,2|67,66|30,39|10,79|66,54|81,78|27,74|54,27|67,95|70,83/67,39=67,10,79,30,39
33,17|25,23|23,94|94,18|98,33|5,34|43,54|47,82|7,63|25,68|3,5|18,6|38,43|82,7|77,38|25,77|17,10|25,98|68,3|25,47/25,6=25,23,94,18,6
37,17|71,5|46,37|68,4|68,71|68,3|68,82|79,46|4,58|39,97|65,66|5,25|66,86|96,98|82,39|25,35|58,96|97,26|68,79|3,65/68,35=68,71,5,25,35
71,17|24,42|65,31|42,22|4,93|69,72|31,71|50,96|44,41|50,87|46,15|87,98|50,20|96,64|20,24|64,69|98,44|15,4|50,65|50,46/50,72=50,96,64,69,72
38,41|37,14|36,30|46,3|46,27|27,84|14,12|3,38|60,36|84,44|41,28|33,48|71,33|46,95|46,47|47,60|48,2|95,37|46,71|44,1/46,12=46,95,37,14,12
79,28|51,79|70,12|44,82|0,74|70,81|81,35|42,76|12,4|4,64|35,44|70,33|70,89|74,97|33,42|76,48|70,51|28,50|89,0|64,3/70,48=70,33,42,76,48
87,56|87,44|4,59|83,72|2,86|26,48|45,26|59,81|66,43|72,32|47,66|87,90|87,83|44,45|56,4|32,60|98,2|87,39|39,47|90,98/87,86=87,90,98,2,86
66,95|51,77|96,34|6,30|44,61|77,1|66,96|66,6|71,99|30,44|99,78|37,51|66,74|34,58|58,67|74,55|49,92|95,71|66,37|55,49/66,67=66,96,34,58,67
8,62|42,11|80,42|67,8|62,29|59,70|18,75|9,57|27,80|18,67|18,9|18,13|50,90|57,50|75,60|70,81|13,59|60,52|18,27|52,35/18,90=18,9,57,50,90
31,28|57,22|67,32|67,19|59,91|33,90|67,69|94,35|76,59|6,1|19,57|77,94|67,76|91,34|1,33|32,77|69,92|67,6|22,95|92,31/67,90=67,6,1,33,90
62,46|30,71|46,6|62,48|47,64|49,74|29,50|2,49|74,51|3,29|54,47|63,31|6,30|62,3|62,26|26,89|62,2|48,54|50,38|89,63/62,51=62,2,49,74,51
59,44|8,91|24,2|5,32|95,40|72,81|2,59|4,46|5,88|81,95|94,30|5,24|46,19|32,4|5,72|5,8|30,87|91,21|21,85|88,94/5,40=5,72,81,95,40
94,16|39,59|38,46|98,26|25,23|20,31|20,68|68,24|20,64|20,69|64,39|13,98|24,38|17,2|20,25|69,13|23,17|31,66|59,42|66,94/20,42=20,64,39,59,42
35,32|97,35|73,72|11,97|11,38|80,62|54,27|91,17|62,86|11,21|11,29|27,23|32,40|38,91|17,25|11,73|72,26|29,54|26,77|21,80/11,86=11,21,80,62,86
41,42|63,67|11,30|72,57|83,53|1,50|54,68|67,27|63,72|42,83|70,54|63,41|63,76|34,11|76,70|46,90|63,7|27,1|7,34|57,46/63,53=63,41,42,83,53
64,60|85,83|47,53|43,22|83,6|52,80|53,30|80,55|11,43|52,47|75,16|18,64|70,11|52,18|55,75|12,85|52,70|30,73|52,12|60,26/52,6=52,12,85,83,6
19,48|91,18|60,86|5,84|50,90|5,80|70,98|5,21|23,31|90,33|5,91|86,67|80,50|92,72|5,92|21,60|84,77|72,23|77,19|18,70/5,31=5,92,72,23,31
41,95|69,43|40,6|96,29|0,4|99,20|39,73|43,12|69,39|93,41|73,40|89,93|69,58|71,99|4,62|58,0|12,96|69,89|20,85|69,71/69,62=69,58,0,4,62
12,73|17,89|25,36|17,86|14,20|17,26|23,99|86,25|73,48|17,12|47,3|55,23|20,46|17,0|3,16|26,14|89,47|0,55|48,8|36,60/17,46=17,26,14,20,46
82,73|17,14|17,36|19,76|74,51|36,24|25,87|77,89|89,28|17,35|73,18|35,54|52,96|87,74|54,52|17,25|17,13|14,77|24,19|13,82/17,28=17,14,77,89,28
6,69|12,51|32,99|68,83|84,21|14,6|27,87|32,72|99,68|87,31|83,48|72,84|21,11|51,65|32,12|77,27|32,77|75,14|32,75|65,22/32,48=32,99,68,83,48
50,21|21,48|91,88|56,8|52,56|69,79|39,52|71,96|65,91|88,99|8,28|39,19|44,98|39,63|39,44|98,69|94,71|19,94|63,50|39,65/39,79=39,44,98,69,79
58,5|27,97|81,7|12,26|70,20|18,34|12,81|54,47|12,45|7,18|45,71|71,70|21,27|31,58|26,54|12,32|12,21|32,31|47,39|97,49/12,34=12,81,7,18,34
23,31|91,18|60,86|5,84|50,19|5,80|70,98|5,21|90,33|19,48|5,91|86,67|80,50|92,72|5,92|21,60|84,77|72,90|77,23|18,70/5,31=5,84,77,23,31
31,92|48,22|61,93|22,56|52,21|6,95|91,41|48,66|48,61|42,52|15,90|56,15|79,46|92,53|7,42|48,7|66,31|41,79|48,91|93,6/48,95=48,61,93,6,95
38,88|34,62|38,78|47,16|16,80|17,64|38,26|26,35|13,55|68,74|77,68|35,17|53,13|78,47|88,34|38,77|38,12|12,53|74,32|62,82/38,80=38,78,47,16,80
68,32|62,28|97,19|96,25|96,23|92,36|23,75|86,35|32,59|84,68|14,86|75,7|91,65|28,97|7,20|96,91|25,14|65,92|96,84|96,62/96,36=96,91,65,92,36
63,16|16,0|12,4|93,78|54,99|12,20|79,37|52,3|12,63|20,24|4,23|24,75|75,14|23,61|12,52|0,53|61,83|12,93|3,79|78,54/12,14=12,20,24,75,14
91,81|85,78|38,23|70,43|23,85|57,48|37,6|48,27|43,18|47,37|38,70|78,41|27,77|18,98|81,73|38,24|24,47|38,57|73,8|38,91/38,77=38,57,48,27,77
49,36|24,3|84,79|22,24|42,16|84,50|36,69|48,2|73,39|30,70|84,49|55,22|39,0|84,55|50,61|61,30|79,73|69,1|2,42|84,48/84,0=84,79,73,39,0
80,99|3,42|31,86|80,57|86,91|4,81|80,3|42,56|56,77|9,74|57,78|6,87|26,9|80,50|74,82|15,6|99,31|78,4|80,26|50,15/80,87=80,50,15,6,87
16,40|71,30|84,18|51,86|86,56|59,16|4,13|84,51|84,94|84,17|46,0|88,71|18,67|94,88|67,46|17,59|43,4|90,43|84,90|56,64/84,0=84,18,67,46,0
93,11|93,28|28,29|91,73|11,21|82,3|93,91|96,41|29,48|48,50|76,70|97,37|21,96|73,97|70,69|93,12|15,90|12,76|93,82|3,15/93,41=93,11,21,96,41
76,44|98,87|98,14|14,79|44,94|79,27|98,9|87,5|73,24|27,77|98,6|28,73|22,37|6,22|9,76|24,96|93,71|37,31|98,28|5,93/98,94=98,9,76,44,94
34,75|4,85|85,25|99,61|34,28|34,96|61,60|65,13|86,99|98,21|25,79|75,19|30,3|21,97|96,98|28,57|34,4|57,30|34,86|19,65/34,3=34,28,57,30,3
90,87|54,79|87,78|17,56|21,54|80,76|7,22|56,94|96,90|81,12|96,17|96,21|89,7|76,81|79,31|78,40|96,80|96,37|37,89|94,60/96,12=96,80,76,81,12
30,75|68,77|88,13|12,88|46,37|4,85|26,68|37,4|20,22|32,12|20,32|20,46|22,30|82,78|7,82|78,33|20,26|77,41|75,5|20,7/20,33=20,7,82,78,33
16,32|72,41|32,58|29,9|71,57|29,34|97,71|53,20|90,18|29,23|58,3|57,11|31,53|23,90|18,52|44,72|29,16|34,44|29,97|9,31/29,41=29,34,44,72,41
87,12|73,93|62,46|60,84|93,11|11,2|61,67|46,34|55,60|84,68|37,61|68,65|55,37|55,98|98,87|55,73|55,0|12,47|67,90|0,62/55,90=55,37,61,67,90
20,37|52,10|6,75|13,21|6,92|6,4|28,1|75,8|92,99|8,20|21,46|6,13|99,39|10,22|39,98|6,52|1,84|22,9|4,28|46,67/6,37=6,75,8,20,37
78,69|28,16|79,95|85,58|95,51|34,2|69,32|26,34|97,87|26,78|26,0|2,85|51,88|16,86|32,29|26,28|26,79|30,97|86,64|0,30/26,87=26,0,30,97,87
32,8|30,42|92,6|91,45|49,33|48,31|63,48|49,83|49,3|49,91|83,39|33,63|49,92|45,32|41,59|6,9|39,41|3,24|9,26|24,30/49,59=49,83,39,41,59
7,42|13,91|14,87|32,21|87,13|97,16|48,47|97,72|42,69|47,9|72,8|22,37|31,85|97,32|16,48|97,14|62,7|97,62|21,22|8,31/97,37=97,32,21,22,37
80,34|80,62|97,19|51,6|80,44|34,55|65,25|62,9|24,3|94,24|64,76|44,64|9,97|80,32|3,53|80,94|6,66|32,51|55,65|76,58/80,53=80,94,24,3,53
61,51|62,98|68,10|19,41|15,68|15,24|15,81|22,83|93,16|24,86|86,61|15,7|81,19|16,4|15,22|83,46|46,11|41,55|10,62|7,93/15,51=15,24,86,61,51
0,24|18,7|8,88|43,41|9,36|52,71|4,99|43,8|7,1|41,85|88,75|43,4|17,68|85,52|43,57|24,9|43,0|57,18|99,17|75,34/43,36=43,0,24,9,36
74,58|36,73|41,82|5,66|73,11|56,26|33,28|99,36|29,56|66,52|14,43|58,29|4,14|74,99|74,50|74,1|28,41|1,5|50,4|74,33/74,82=74,33,28,41,82
44,81|81,30|52,55|1,51|37,87|71,35|20,17|71,96|30,22|55,33|87,46|71,44|96,37|71,52|14,1|50,14|33,47|17,62|35,20|71,50/71,46=71,96,37,87,46
81,53|18,89|81,5|62,75|4,0|89,95|7,4|35,37|55,39|11,61|39,62|72,7|37,50|53,18|81,72|81,35|81,55|5,21|21,11|50,44/81,44=81,35,37,50,44
71,99|9,24|11,43|23,21|99,18|45,29|23,14|14,71|23,1|23,32|23,84|76,61|1,85|21,9|61,6|32,76|84,91|24,31|91,11|85,45/23,18=23,14,71,99,18
37,5|2,42|2,77|2,73|3,25|65,66|99,11|77,94|73,65|92,54|54,1|2,22|94,37|23,7|66,52|97,3|22,92|2,99|11,23|42,97/2,52=2,73,65,66,52
30,15|10,52|83,2|10,83|4,17|54,39|10,38|17,61|61,84|5,77|13,28|38,54|2,5|10,4|52,30|15,58|69,50|10,69|39,20|50,13/10,28=10,69,50,13,28
0,44|76,75|44,58|21,79|39,76|64,28|64,42|99,77|64,74|74,73|73,99|75,40|79,41|41,92|42,0|64,39|85,23|64,21|66,85|28,66/64,23=64,28,66,85,23
40,27|60,23|40,67|40,63|63,57|16,79|87,83|67,51|40,74|51,80|64,91|42,16|80,21|23,95|91,87|40,64|57,90|74,60|27,42|90,15/40,21=40,67,51,80,21
59,54|60,72|27,26|56,59|10,39|43,65|35,10|64,50|72,56|77,71|53,35|26,77|60,43|46,73|60,37|50,81|60,53|37,64|60,27|65,46/60,71=60,27,26,77,71
61,42|36,82|79,41|41,74|74,19|35,31|66,93|61,73|61,35|61,44|48,58|34,37|44,67|67,48|77,34|57,36|73,57|31,66|42,77|61,79/61,82=61,73,57,36,82
47,26|84,97|47,9|33,13|64,27|86,55|9,64|55,19|49,62|47,69|91,67|47,44|67,90|47,33|13,84|73,49|27,80|26,73|69,91|44,86/47,19=47,44,86,55,19
7,27|18,79|7,44|44,39|7,11|39,74|82,8|11,73|8,32|32,20|7,82|27,36|56,87|90,26|2,92|26,56|74,40|73,18|7,90|36,2/7,79=7,11,73,18,79
2,61|71,25|1,79|30,89|88,24|11,73|12,51|88,16|66,17|69,12|79,74|88,80|88,30|25,11|16,1|89,66|38,2|24,38|88,71|80,69/88,17=88,30,89,66,17
28,66|3,87|60,21|0,39|10,22|49,90|87,65|49,28|78,60|65,61|84,72|49,10|22,15|49,78|15,58|90,77|49,3|21,51|77,0|66,84/49,72=49,28,66,84,72
26,93|93,60|78,50|46,23|2,18|42,75|55,9|79,25|71,76|50,47|0,26|8,29|29,55|79,0|25,78|23,71|79,2|79,46|18,42|79,8/79,9=79,8,29,55,9
13,89|61,5|93,27|5,42|2,76|2,93|53,97|64,81|2,10|42,30|2,61|89,24|97,31|10,59|76,13|27,64|59,22|2,53|22,79|31,55/2,79=2,10,59,22,79
62,54|73,68|71,0|28,49|30,88|36,98|0,25|93,99|15,7|71,62|7,30|68,31|49,36|71,73|71,28|25,53|53,13|31,29|54,93|71,15/71,99=71,62,54,93,99
61,0|57,68|82,4|23,48|71,53|92,62|53,25|23,83|68,43|23,89|83,57|54,61|91,54|17,82|89,17|62,93|48,92|23,91|66,71|23,66/23,0=23,91,54,61,0
36,68|60,9|60,71|9,70|18,63|10,57|49,18|20,61|57,36|60,6|11,65|6,49|71,20|17,69|4,30|60,11|61,52|65,4|60,10|70,17/60,30=60,11,65,4,30
88,91|16,82|45,86|75,93|16,64|16,23|91,15|60,78|72,60|64,28|39,20|54,68|16,77|20,45|68,62|28,75|23,72|77,54|82,88|16,39/16,15=16,82,88,91,15
20,21|72,73|40,97|82,13|74,82|0,26|73,10|45,33|21,71|47,72|89,45|74,69|69,20|74,0|74,65|1,18|74,47|13,40|65,89|26,1/74,33=74,65,89,45,33
71,19|87,86|86,7|71,37|71,84|39,50|66,47|52,79|46,39|15,59|45,12|37,23|11,32|71,15|19,87|47,45|71,66|84,46|59,11|23,52/71,32=71,15,59,11,32
44,23|21,68|69,17|1,15|50,92|70,1|17,93|90,86|86,87|15,38|12,69|14,9|90,12|90,21|90,70|90,44|0,83|87,50|23,14|68,0/90,93=90,12,69,17,93
4,94|99,88|29,69|99,31|99,47|99,39|88,45|99,17|80,7|45,42|69,2|42,77|76,80|94,19|38,50|47,61|39,29|17,4|61,38|31,76/99,19=99,17,4,94,19
53,1|26,96|42,18|18,94|95,12|95,79|80,98|95,22|94,59|98,7|95,42|10,26|79,20|20,71|12,80|95,64|64,10|43,53|22,43|71,11/95,96=95,64,10,26,96
65,12|14,43|70,25|16,48|38,40|16,65|45,53|49,3|32,70|12,14|53,91|48,45|40,49|16,38|79,58|97,59|13,32|16,13|59,79|16,97/16,25=16,13,32,70,25
29,71|16,63|29,36|29,55|29,46|46,34|27,69|74,22|34,86|36,16|65,94|86,76|2,74|71,2|63,10|64,48|48,65|29,64|55,28|28,27/29,69=29,55,28,27,69
67,89|56,95|66,94|65,31|67,56|44,58|67,21|79,25|67,44|89,55|21,1|45,22|10,65|55,68|59,10|1,79|95,66|58,45|67,59|68,64/67,64=67,89,55,68,64
91,13|13,2|69,67|35,52|99,19|56,68|68,10|56,35|10,45|56,69|56,62|67,3|62,99|2,17|45,51|87,12|3,73|56,91|19,31|52,87/56,73=56,69,67,3,73
36,26|99,36|40,35|35,67|82,1|60,58|99,37|26,17|17,33|14,60|95,81|73,14|99,83|83,63|99,6|37,40|63,82|41,95|99,73|6,41/99,58=99,73,14,60,58
44,81|81,1|52,55|87,46|37,30|71,35|20,17|71,96|1,51|55,33|30,22|71,44|96,37|71,52|14,87|50,14|33,47|17,62|35,20|71,50/71,46=71,50,14,87,46
71,46|68,2|44,28|13,67|86,26|44,6|6,73|44,51|28,37|21,34|60,86|34,92|51,52|32,60|52,71|44,32|73,13|72,21|44,72|37,68/44,2=44,28,37,68,2
67,14|25,88|95,16|12,75|95,26|89,23|95,36|26,67|79,22|0,2|95,0|70,79|88,11|22,41|95,70|16,56|36,25|56,89|14,77|2,12/95,23=95,16,56,89,23
4,84|37,34|63,79|90,29|45,66|2,4|46,21|70,86|29,92|54,2|46,63|46,95|46,45|81,61|79,37|21,90|66,70|46,54|73,81|95,73/46,84=46,54,2,4,84
33,6|6,39|4,40|92,61|98,70|22,57|18,98|1,18|22,49|40,8|44,81|39,66|62,44|49,62|61,97|57,92|22,4|22,1|8,0|22,33/22,66=22,33,6,39,66
10,63|92,18|5,49|2,92|43,72|62,16|85,98|94,82|30,94|64,66|63,85|5,10|16,69|5,87|72,64|87,62|5,43|49,30|5,54|54,2/5,98=5,10,63,85,98
73,99|79,9|44,73|14,96|96,61|44,53|71,39|88,25|53,42|81,18|99,88|42,52|12,14|44,12|39,79|52,40|37,56|44,81|44,71|18,37/44,56=44,81,18,37,56
47,43|12,66|2,74|24,39|66,2|51,6|24,16|22,70|24,12|24,57|24,22|39,47|57,88|23,51|70,9|9,63|16,23|46,19|43,37|88,46/24,37=24,39,47,43,37
97,65|1,61|2,25|93,2|18,98|26,7|85,13|96,18|98,14|97,84|84,85|65,93|6,32|38,1|97,96|97,31|97,26|31,38|13,28|7,6/97,32=97,26,7,6,32
46,19|21,43|51,6|85,40|1,28|6,52|43,17|13,51|80,21|46,80|44,61|47,63|46,47|19,85|46,13|46,1|63,44|29,11|40,81|28,29/46,81=46,19,85,40,81
26,44|44,76|76,87|74,84|42,89|5,7|19,94|87,59|86,5|33,18|26,86|7,72|26,42|26,74|26,19|40,71|84,33|89,40|73,6|94,73/26,71=26,42,89,40,71
16,13|96,35|22,25|96,22|58,67|65,17|67,94|35,16|17,60|91,20|20,39|96,65|96,91|59,66|13,71|60,10|96,58|25,59|39,26|94,98/96,10=96,65,17,60,10
44,26|1,19|9,31|68,82|99,1|63,16|45,5|0,68|63,90|21,37|63,29|79,99|16,21|63,44|90,0|37,98|26,45|63,79|58,9|29,58/63,5=63,44,26,45,5
63,5|38,19|90,83|82,89|83,73|38,54|38,90|45,4|38,26|5,82|55,64|4,46|73,27|23,60|26,23|60,80|54,31|19,45|38,63|31,55/38,27=38,90,83,73,27
48,24|74,18|21,36|18,11|15,78|21,58|58,48|21,60|99,50|59,37|13,99|24,49|21,13|47,15|21,40|40,54|36,74|54,59|60,47|50,2/21,78=21,60,47,15,78
75,1|39,71|72,83|75,19|75,55|55,49|29,35|49,39|85,48|75,98|98,85|80,99|75,80|48,15|1,29|35,5|19,72|83,38|99,90|90,22/75,15=75,98,85,48,15
46,34|37,95|55,67|62,8|58,25|46,82|46,61|54,63|12,54|48,3|61,55|46,37|95,58|46,12|67,7|34,48|63,92|3,29|82,62|8,2/46,2=46,82,62,8,2
89,39|10,73|16,69|16,6|16,89|69,68|7,72|48,11|6,13|30,28|11,34|8,48|16,8|16,56|56,19|42,93|13,42|39,7|68,30|19,10/16,28=16,69,68,30,28
55,11|8,52|47,15|15,14|47,79|80,3|47,73|54,84|52,95|79,55|3,24|47,16|73,8|11,91|84,86|47,54|34,25|14,34|16,80|86,10/47,10=47,54,84,86,10
20,5|55,79|83,62|92,0|92,86|0,89|72,83|86,72|74,61|1,37|37,20|18,55|44,96|88,31|92,74|92,1|79,29|92,18|89,44|61,88/92,31=92,74,61,88,31
3,64|14,44|26,84|44,99|64,98|43,85|6,90|97,63|26,2|2,14|69,59|0,69|84,3|63,46|26,6|26,97|59,8|26,0|90,43|46,28/26,28=26,97,63,46,28
30,45|74,55|31,88|99,9|36,30|81,35|89,17|59,89|32,74|51,36|17,31|26,73|59,81|35,26|9,13|55,67|59,32|22,99|59,22|59,51/59,73=59,81,35,26,73
74,90|30,76|52,39|62,46|27,33|30,74|56,27|39,36|93,95|63,53|53,67|30,56|30,86|86,52|47,40|95,62|76,63|30,93|33,60|90,47/30,36=30,86,52,39,36
9,58|17,10|14,93|71,60|33,74|14,9|93,71|91,69|42,90|14,42|60,46|58,91|90,62|14,49|14,50|50,17|49,4|62,79|10,73|4,33/14,69=14,9,58,91,69
46,3|54,12|47,46|17,54|71,99|82,47|24,11|20,31|42,6|20,82|31,17|20,71|95,68|51,86|50,42|99,51|11,95|98,50|20,98|20,24/20,6=20,98,50,42,6
2,51|90,12|25,59|12,11|98,89|23,26|26,49|23,14|59,34|85,2|23,25|58,10|14,90|49,29|34,30|23,48|29,99|10,98|23,58|48,85/23,11=23,14,90,12,11
96,57|6,59|96,60|9,77|12,5|96,12|30,28|28,47|98,9|63,11|96,95|44,98|96,44|57,63|81,6|11,90|5,58|60,30|95,81|58,15/96,15=96,12,5,58,15
54,92|54,58|92,42|97,1|80,72|58,80|52,13|54,78|54,66|13,29|66,97|29,9|42,33|1,2|78,89|89,53|33,67|54,52|72,77|53,34/54,34=54,78,89,53,34
83,81|68,96|68,74|55,28|66,18|68,59|74,30|36,1|59,46|26,15|1,26|81,5|68,32|32,3|96,83|3,66|68,36|97,19|46,97|30,55/68,5=68,96,83,81,5
88,51|49,0|31,81|49,31|49,5|44,94|78,17|49,30|17,64|30,50|5,88|64,40|50,48|35,23|75,44|0,75|51,67|48,58|49,78|81,35/49,94=49,0,75,44,94
20,50|29,19|86,29|35,81|11,82|65,59|87,72|59,30|82,40|86,95|31,22|1,35|19,20|40,52|86,87|72,31|86,91|95,1|86,11|91,65/86,30=86,91,65,59,30
27,83|74,65|39,36|18,74|18,19|18,47|96,43|18,27|40,87|36,4|83,96|19,93|94,40|4,78|90,73|65,35|93,90|35,72|18,39|47,94/18,87=18,47,94,40,87
15,34|1,58|81,61|43,84|58,15|96,49|53,45|29,27|96,21|96,1|21,75|75,29|96,66|96,43|66,70|70,12|84,53|12,69|61,50|49,81/96,27=96,21,75,29,27
51,35|47,96|43,88|80,23|28,80|1,78|78,98|41,1|51,73|34,19|19,29|88,47|51,70|51,41|73,48|53,82|48,53|70,28|51,43|35,34/51,29=51,35,34,19,29
4,88|83,47|97,92|45,95|36,8|53,64|6,94|2,76|88,53|6,97|35,73|6,2|6,32|76,36|75,35|95,66|6,4|92,83|32,45|94,75/6,8=6,2,76,36,8
26,67|89,72|23,17|67,99|74,5|85,53|91,74|72,46|85,92|15,96|48,26|93,15|36,91|85,36|56,23|53,93|92,56|85,7|7,89|85,48/85,17=85,92,56,23,17
88,51|49,0|31,81|49,31|49,5|48,58|78,17|49,30|17,44|30,50|5,88|44,94|50,64|35,23|75,48|0,75|51,67|64,40|49,78|81,35/49,94=49,78,17,44,94
5,18|69,82|9,69|18,19|89,97|73,5|60,16|16,99|53,73|6,29|53,60|53,78|97,56|29,58|53,6|53,3|99,33|78,9|58,52|3,89/53,52=53,6,29,58,52
24,8|24,58|24,94|52,77|13,59|8,67|19,55|94,75|24,52|26,44|75,37|15,18|43,13|24,43|37,60|59,11|77,19|89,15|67,26|58,89/24,60=24,94,75,37,60
3,93|8,9|3,24|25,48|89,39|59,72|24,8|93,86|6,89|85,19|3,60|72,38|86,25|3,97|60,59|97,85|9,50|3,7|7,6|19,92/3,39=3,7,6,89,39
83,2|82,18|73,82|77,70|98,41|98,83|33,16|98,75|2,81|70,95|30,77|98,30|36,33|81,63|53,22|98,36|22,46|41,53|75,73|16,13/98,95=98,30,77,70,95
14,22|24,60|57,3|22,55|69,89|63,12|57,53|12,24|53,14|57,77|57,63|95,69|77,73|57,36|36,95|3,72|59,19|73,59|15,37|72,15/57,55=57,53,14,22,55
74,91|96,28|83,16|28,37|18,74|83,18|16,61|91,75|55,57|83,4|98,85|83,96|85,21|4,55|57,63|37,80|62,95|83,98|21,86|61,62/83,80=83,96,28,37,80
72,43|27,64|7,15|12,6|70,5|36,85|46,7|28,21|84,25|25,53|89,46|67,36|6,70|64,72|84,69|84,89|84,27|53,28|69,67|84,12/84,21=84,25,53,28,21
73,82|39,47|15,5|15,99|31,78|15,34|34,26|99,39|26,44|15,42|6,58|36,1|15,36|1,31|82,25|5,73|44,96|47,85|20,6|42,20/15,25=15,5,73,82,25
6,12|12,35|50,22|88,68|83,60|67,82|9,83|35,88|69,9|93,47|6,69|76,67|17,81|6,76|15,53|53,93|82,72|6,15|22,17|6,50/6,68=6,12,35,88,68
29,84|39,41|27,66|29,21|75,92|37,39|82,19|29,49|29,65|49,95|21,81|29,46|95,97|18,27|65,37|46,3|97,26|84,18|3,82|81,75/29,19=29,46,3,82,19
87,72|27,85|1,48|41,22|48,15|9,87|3,41|12,77|77,62|28,9|12,61|22,86|61,27|12,78|85,83|12,28|12,3|62,14|14,52|78,1/12,15=12,78,1,48,15
93,35|4,29|37,76|82,71|33,82|70,57|87,4|87,8|76,68|35,63|29,96|96,9|1,41|41,70|8,37|87,93|45,33|87,45|87,1|63,69/87,69=87,93,35,63,69
60,35|71,81|79,43|2,31|69,14|45,71|60,2|19,58|37,12|58,79|93,69|60,28|60,19|60,45|28,37|81,17|12,49|35,93|65,20|31,65/60,17=60,45,71,81,17
20,18|80,44|6,21|29,41|91,93|73,91|29,76|81,48|41,81|29,20|29,73|15,46|18,13|29,6|76,15|13,54|21,80|48,94|93,61|46,75/29,54=29,20,18,13,54
77,4|95,54|81,0|39,58|93,26|95,83|95,99|99,39|0,94|83,97|42,93|95,81|30,45|94,32|58,63|97,77|95,59|59,42|25,30|54,25/95,45=95,54,25,30,45
59,40|22,23|81,16|58,67|16,83|58,48|94,76|42,94|48,81|37,52|58,42|76,84|67,73|21,89|73,22|58,37|58,21|52,31|89,59|31,71/58,83=58,48,81,16,83
20,26|66,12|20,84|31,19|75,52|12,59|61,64|26,33|60,37|54,1|19,60|84,63|33,61|67,75|59,85|20,31|20,66|20,67|63,54|52,43/20,64=20,26,33,61,64
46,93|94,72|45,12|90,55|55,54|54,53|12,41|90,42|90,70|50,13|53,89|93,8|88,50|70,88|90,94|72,15|15,24|8,26|42,45|90,46/90,89=90,55,54,53,89
73,17|0,55|9,98|0,49|56,70|70,61|49,92|0,18|11,24|5,11|55,9|61,7|92,73|23,22|22,90|18,5|93,23|0,56|0,93|98,86/0,17=0,49,92,73,17
3,57|24,17|24,3|90,68|85,9|60,41|17,85|32,90|9,46|89,82|75,15|24,89|57,83|5,27|24,75|15,5|82,60|24,32|83,4|68,58/24,46=24,17,85,9,46
41,36|60,24|55,26|45,57|18,79|40,17|31,54|83,33|55,39|26,51|39,41|79,31|33,10|10,28|55,45|57,60|36,14|55,18|55,83|51,40/55,14=55,39,41,36,14
94,85|26,22|68,24|57,68|98,21|67,95|57,26|57,10|85,75|24,23|57,94|21,43|84,49|57,67|10,98|41,47|23,78|95,84|75,9|22,41/57,43=57,10,98,21,43
31,95|96,68|29,23|96,49|19,78|25,10|10,17|49,25|87,9|96,53|53,5|38,81|34,57|5,19|96,38|81,29|68,31|95,43|96,87|9,34/96,17=96,49,25,10,17
30,49|99,25|19,84|40,11|17,81|59,2|85,12|94,19|55,17|40,61|40,85|40,30|11,55|12,36|20,99|36,54|40,45|61,94|49,59|45,20/40,2=40,30,49,59,2
29,10|29,9|38,40|68,83|29,91|91,22|3,95|9,46|66,3|15,35|57,80|10,68|29,37|29,66|46,15|83,84|16,57|22,38|37,16|95,21/29,80=29,37,16,57,80
58,77|42,99|80,32|99,69|80,93|32,94|46,87|94,78|77,25|93,57|13,11|57,46|82,42|80,40|80,82|40,13|80,58|11,8|25,31|78,9/80,8=80,40,13,11,8
47,32|5,47|44,30|41,58|42,28|5,42|5,67|75,36|30,37|67,65|28,63|68,1|5,88|5,45|45,11|32,75|63,62|88,44|11,68|65,41/5,37=5,88,44,30,37
13,93|33,77|51,70|66,38|9,78|78,11|28,58|28,22|77,87|87,25|28,51|58,64|70,54|28,33|28,14|64,66|54,40|93,0|22,13|14,9/28,11=28,14,9,78,11
43,42|28,41|94,81|33,16|16,95|28,33|32,3|28,54|81,43|73,1|41,75|28,94|54,58|95,76|25,48|62,73|1,7|58,32|75,25|28,62/28,3=28,54,58,32,3
71,59|96,71|22,44|83,58|74,80|55,70|58,38|65,22|89,99|80,73|74,83|74,55|44,43|74,65|30,23|73,30|74,86|38,19|86,96|70,89/74,99=74,55,70,89,99
31,86|65,68|90,24|88,94|85,81|20,46|2,31|36,76|24,45|25,90|2,20|2,7|7,16|94,85|2,25|2,88|16,36|26,44|86,26|46,65/2,45=2,25,90,24,45
28,14|9,44|74,54|3,88|9,99|9,85|9,78|44,74|88,76|85,18|99,52|9,50|64,7|78,91|18,28|79,55|50,3|54,26|52,64|91,79/9,76=9,50,3,88,76
78,55|64,80|37,48|28,40|27,50|87,85|80,83|37,62|1,27|48,87|17,28|37,17|37,0|40,53|21,1|0,78|37,21|55,44|85,16|62,64/37,53=37,17,28,40,53
15,67|95,92|15,41|35,38|21,43|49,21|67,84|38,72|77,20|10,77|15,95|15,80|72,53|4,99|92,4|15,35|80,10|84,79|79,30|41,49/15,99=15,95,92,4,99
81,97|81,85|32,86|86,91|84,96|58,28|81,35|97,32|81,48|27,25|85,8|48,56|88,3|93,27|47,93|8,58|3,18|35,88|56,84|81,47/81,91=81,97,32,86,91
82,73|73,85|56,21|50,0|82,23|9,35|75,29|85,9|78,75|68,19|0,54|82,56|52,78|41,27|82,52|46,18|21,68|18,41|82,46|23,50/82,19=82,56,21,68,19
56,94|36,49|17,56|67,92|48,4|2,44|17,48|76,77|4,45|92,6|94,76|17,2|45,98|82,65|17,67|33,62|65,33|44,36|6,37|17,82/17,37=17,67,92,6,37
33,6|6,98|4,40|92,61|44,81|22,57|18,44|1,18|22,49|40,8|39,66|98,70|62,39|49,62|61,97|57,92|22,4|22,1|8,0|22,33/22,66=22,49,62,39,66
67,88|20,98|13,15|50,86|89,20|88,39|86,41|12,63|36,89|12,36|12,0|37,29|0,67|12,35|32,13|46,37|35,46|63,50|15,61|12,32/12,39=12,0,67,88,39
65,30|58,42|42,59|58,57|59,16|56,54|16,34|30,90|62,79|57,65|58,18|33,85|79,93|93,8|37,33|58,62|18,56|85,55|54,86|58,37/58,34=58,42,59,16,34
4,21|83,84|52,77|15,46|7,32|57,74|77,57|1,79|32,1|80,60|4,22|4,7|4,99|46,26|4,52|30,83|17,80|21,15|99,17|22,30/4,84=4,22,30,83,84
7,4|66,72|65,14|67,10|68,44|4,60|66,5|44,13|38,1|66,82|5,68|72,65|66,7|14,52|82,67|66,19|60,41|36,38|19,36|10,28/66,41=66,7,4,60,41
97,81|59,31|2,82|0,89|78,55|85,0|89,78|25,2|21,6|42,60|85,95|6,97|85,52|95,25|31,57|85,21|86,59|12,42|52,12|85,86/85,82=85,95,25,2,82
18,23|72,75|23,67|63,72|63,85|85,48|63,76|53,59|59,45|76,53|38,10|63,94|69,21|63,18|67,52|94,69|21,92|48,3|75,38|3,50/63,45=63,76,53,59,45
53,52|65,45|93,65|24,96|45,17|84,48|50,9|91,53|41,97|50,93|74,66|0,12|50,24|96,41|9,91|12,74|50,39|50,0|83,84|39,83/50,48=50,39,83,84,48
85,77|89,51|99,66|89,84|73,97|91,38|45,9|97,90|89,22|22,0|38,85|9,44|0,99|84,45|89,73|90,74|60,21|51,63|89,91|63,60/89,44=89,84,45,9,44
32,8|4,73|38,68|89,95|87,80|80,32|87,82|87,38|71,63|73,2|59,0|95,72|68,29|82,4|87,15|8,76|29,6|63,59|87,71|15,89/87,76=87,80,32,8,76
49,14|97,91|59,29|88,12|39,28|18,97|0,52|96,39|18,93|93,63|18,26|89,30|63,59|69,89|11,96|12,49|26,69|18,88|91,0|18,11/18,52=18,97,91,0,52
28,84|76,61|10,17|52,49|54,82|27,62|84,20|88,28|82,98|88,0|88,80|95,10|45,27|88,76|0,54|61,52|20,53|80,45|87,95|88,87/88,98=88,0,54,82,98
78,55|59,31|97,81|0,89|2,82|85,0|89,2|25,97|21,6|42,60|85,95|6,78|85,52|95,25|31,57|85,21|86,59|12,42|52,12|85,86/85,82=85,0,89,2,82
65,29|12,91|72,5|15,84|29,51|12,6|1,26|0,65|7,72|6,30|84,95|91,42|30,1|12,0|12,7|9,15|42,20|20,78|12,9|5,35/12,51=12,0,65,29,51
46,67|46,32|24,58|32,81|81,80|80,64|29,95|67,29|46,12|62,24|8,7|54,16|88,62|12,54|46,88|95,48|46,13|7,5|16,92|13,8/46,92=46,12,54,16,92
27,30|17,79|52,73|54,65|83,58|30,80|79,27|17,43|17,52|69,28|17,8|97,57|73,54|8,59|58,44|43,69|17,15|28,13|15,83|59,97/17,65=17,52,73,54,65
7,82|79,93|56,26|63,91|64,36|24,11|20,80|24,64|36,7|10,40|24,19|13,47|24,56|26,79|81,13|24,10|19,81|80,1|40,63|11,20/24,93=24,56,26,79,93
63,94|85,34|57,67|49,72|83,85|57,30|30,63|57,19|94,55|7,75|72,79|88,83|74,7|2,68|57,51|57,88|51,56|56,2|19,49|67,74/57,34=57,88,83,85,34
68,48|89,55|46,56|46,93|51,68|93,40|46,88|87,71|46,67|71,78|94,89|23,2|80,7|46,94|40,80|88,51|2,91|67,87|55,21|56,23/46,21=46,94,89,55,21
27,80|6,11|63,55|27,32|32,84|54,61|43,10|50,74|27,50|27,63|27,28|74,99|55,88|11,46|88,56|84,43|99,9|61,16|80,6|28,54/27,16=27,28,54,61,16
17,28|88,6|28,19|92,65|71,59|88,77|18,0|39,81|88,96|59,92|96,74|77,20|88,71|6,17|53,91|81,18|88,39|20,73|73,48|74,53/88,48=88,77,20,73,48
63,26|72,69|88,23|23,2|89,3|97,51|63,25|63,72|25,88|82,32|3,97|26,7|69,76|56,80|63,21|80,37|21,56|76,60|63,89|7,82/63,51=63,89,3,97,51
63,14|46,18|14,60|46,58|71,63|30,12|47,11|18,65|66,30|46,22|65,74|74,39|46,71|91,47|81,77|77,9|11,76|46,91|58,81|22,66/46,60=46,71,63,14,60
57,87|87,77|52,30|1,23|71,1|71,52|72,9|30,67|71,48|63,35|91,63|71,17|32,76|48,57|23,32|35,44|17,78|71,91|67,11|78,72/71,11=71,52,30,67,11
46,32|62,46|76,60|67,41|69,26|29,62|33,90|78,61|33,29|71,67|26,78|33,69|42,85|80,31|33,71|90,70|41,25|33,76|60,42|70,80/33,32=33,29,62,46,32
55,31|82,41|43,83|71,82|89,1|89,95|89,71|69,23|89,57|78,54|1,37|95,78|54,46|41,3|31,73|37,69|57,43|91,55|83,93|89,91/89,46=89,95,78,54,46
36,47|30,65|43,54|2,19|47,81|82,77|99,6|38,59|81,58|95,3|6,48|54,94|30,82|48,28|30,36|30,99|77,95|59,2|30,38|65,43/30,94=30,65,43,54,94
80,93|91,49|49,10|80,58|3,60|58,38|93,77|62,92|92,79|59,33|79,55|80,62|10,70|69,63|7,47|33,7|80,59|80,91|77,3|38,69/80,70=80,91,49,10,70
78,14|29,78|77,51|29,31|15,33|61,32|1,38|94,61|33,37|40,1|44,7|90,94|29,90|37,88|75,40|31,77|29,15|51,54|29,75|14,44/29,54=29,31,77,51,54
78,96|99,69|1,31|69,36|76,77|36,13|3,26|28,19|77,3|76,1|26,61|27,70|31,78|19,90|76,27|76,25|70,22|76,99|25,28|22,6/76,61=76,77,3,26,61
24,59|45,78|83,81|60,74|7,58|33,84|24,45|19,60|81,33|76,75|58,76|24,83|78,64|24,19|27,43|74,73|43,98|64,14|24,7|59,27/24,84=24,83,81,33,84
38,65|29,1|50,56|69,68|56,90|74,32|0,50|0,29|28,38|47,28|0,69|53,72|68,20|0,96|79,53|1,74|0,47|20,61|96,79|90,57/0,32=0,29,1,74,32
71,24|19,89|42,61|15,63|85,71|15,85|9,47|26,60|5,79|15,19|15,26|15,1|79,73|1,93|89,42|60,9|62,40|93,62|63,5|24,14/15,73=15,63,5,79,73
18,80|73,64|51,39|18,65|5,58|50,78|24,41|18,51|65,1|80,95|18,92|18,35|39,48|1,50|34,73|35,22|95,24|92,34|48,40|22,5/18,41=18,80,95,24,41
40,52|31,25|36,61|88,58|80,31|59,67|93,3|76,71|36,80|36,26|52,66|3,84|84,82|26,40|58,76|36,93|25,56|61,59|36,88|67,12/36,12=36,61,59,67,12
52,79|13,97|13,41|56,4|1,14|6,93|93,49|3,22|68,25|13,52|13,98|98,1|14,63|79,68|13,23|41,6|4,60|22,24|23,3|97,56/13,49=13,41,6,93,49
74,2|74,60|2,9|30,40|41,30|40,44|65,69|69,68|60,7|51,28|74,50|74,41|25,1|74,65|9,25|7,56|42,51|56,95|68,49|50,42/74,49=74,65,69,68,49
71,19|87,86|86,7|71,37|71,84|11,32|66,47|39,50|46,11|15,59|45,12|37,23|52,79|71,15|19,87|47,45|71,66|84,46|59,52|23,39/71,32=71,84,46,11,32
35,41|58,87|33,5|54,97|65,44|31,83|34,54|92,33|95,26|94,55|34,6|83,94|4,58|34,95|6,92|87,49|97,35|34,4|26,65|34,31/34,41=34,54,97,35,41
76,53|54,80|55,93|19,15|80,1|55,19|42,8|55,23|55,81|15,26|90,76|93,54|81,85|26,25|55,95|23,97|95,90|97,75|85,42|75,39/55,8=55,81,85,42,8
87,22|36,99|28,6|96,44|85,35|88,92|86,84|96,10|15,36|41,85|10,88|99,63|96,15|96,41|96,86|92,78|94,28|44,94|35,11|84,87/96,22=96,86,84,87,22
64,42|99,92|32,91|87,95|94,99|95,88|61,94|42,11|61,64|61,38|38,39|61,87|11,70|39,50|61,43|92,13|88,10|43,32|91,48|50,7/61,13=61,94,99,92,13
80,30|95,49|95,40|49,39|13,5|40,80|73,54|51,76|95,73|95,14|78,15|19,1|15,62|39,19|14,51|54,13|95,78|30,12|76,47|62,44/95,47=95,14,51,76,47
21,27|99,39|13,59|92,29|53,51|74,68|5,8|59,86|38,64|39,92|51,74|13,99|8,21|13,5|86,38|13,7|24,75|13,53|84,24|7,84/13,29=13,99,39,92,29
41,91|23,41|23,75|42,17|23,92|23,32|3,21|21,27|23,36|45,66|30,83|36,51|32,42|37,65|17,9|92,20|91,45|75,3|51,30|20,37/23,9=23,32,42,17,9
27,71|28,88|88,96|27,28|27,99|25,8|20,78|99,67|10,32|31,10|71,20|78,47|96,3|32,15|74,44|27,31|5,74|44,39|67,25|27,5/27,15=27,31,10,32,15
0,58|34,49|16,15|92,56|50,86|58,81|77,96|0,34|26,9|88,92|56,65|15,26|27,98|81,54|0,88|54,3|98,50|49,77|0,27|0,16/0,3=0,58,81,54,3
12,3|51,4|20,52|10,49|65,10|8,15|31,82|22,65|31,22|82,20|30,34|38,70|84,60|4,12|70,84|31,30|31,51|31,38|52,46|34,8/31,49=31,22,65,10,49
68,18|26,33|68,12|84,74|90,82|33,19|12,90|19,39|74,60|18,84|57,54|48,57|65,16|68,41|54,24|7,65|68,48|68,26|41,7|82,38/68,16=68,41,7,65,16
51,37|16,88|88,23|16,80|29,93|16,19|32,50|16,64|36,82|23,29|80,61|16,22|37,90|61,87|87,86|81,32|19,51|82,13|64,81|22,36/16,13=16,22,36,82,13
1,37|11,20|90,43|14,11|18,90|47,28|39,53|57,79|20,32|93,47|14,97|14,24|14,15|97,1|15,93|14,57|32,56|79,39|24,18|37,16/14,28=14,15,93,47,28
4,61|18,14|9,99|9,93|99,4|91,18|49,5|61,25|9,91|14,44|93,30|30,66|8,27|66,76|67,87|9,8|9,53|53,49|27,67|5,81/9,44=9,91,18,14,44
75,48|17,23|47,71|47,37|15,9|86,1|57,17|24,78|48,11|47,2|9,63|78,87|71,15|47,62|98,86|62,75|37,57|2,98|87,96|47,24/47,11=47,62,75,48,11
95,98|5,14|10,85|54,51|60,70|60,34|60,29|85,54|60,81|34,2|70,94|94,40|35,30|44,35|60,10|2,95|14,62|40,45|81,5|29,44/60,45=60,70,94,40,45
73,86|49,80|80,13|99,20|27,0|11,26|70,10|0,21|49,3|3,73|49,11|86,78|10,99|49,31|49,70|53,30|26,4|13,53|4,17|31,27/49,21=49,31,27,0,21
63,77|46,18|77,9|46,58|71,63|30,12|47,11|18,65|66,30|46,22|65,14|14,60|46,71|91,47|81,74|74,39|11,76|46,91|58,81|22,66/46,60=46,18,65,14,60
10,51|80,40|52,36|94,8|94,82|36,3|64,54|12,64|16,42|69,10|51,62|40,46|18,12|94,52|8,80|82,70|3,27|94,69|94,18|70,16/94,42=94,82,70,16,42
27,37|39,29|89,39|22,94|29,9|89,26|89,55|93,77|9,34|55,79|79,27|89,93|67,51|86,12|89,96|94,43|25,67|26,25|77,86|96,22/89,34=89,39,29,9,34
64,82|12,34|45,64|84,78|15,4|0,97|21,6|31,12|15,0|15,45|97,84|82,30|61,21|6,9|15,56|60,70|4,31|15,61|70,43|56,60/15,78=15,0,97,84,78
99,62|12,98|5,71|63,83|26,5|14,34|83,12|62,16|14,63|14,70|70,23|23,45|66,57|14,99|57,81|16,73|14,78|34,66|78,26|45,50/14,98=14,63,83,12,98
13,19|13,35|58,25|61,17|65,94|55,44|13,48|13,3|11,0|40,58|13,50|19,40|50,65|3,9|94,41|35,11|44,8|9,61|48,55|0,68/13,8=13,48,55,44,8
41,25|62,41|76,60|67,78|69,26|29,62|33,90|46,32|33,29|71,67|26,46|33,69|42,85|80,31|33,71|90,70|78,61|33,76|60,42|70,80/33,32=33,69,26,46,32
13,10|28,97|37,0|39,47|31,39|35,19|16,53|19,63|31,16|47,23|0,6|31,35|63,32|31,42|10,74|42,37|74,50|53,28|23,95|31,13/31,32=31,35,19,63,32
95,56|96,36|83,65|75,60|75,52|48,24|56,10|75,0|35,78|87,96|60,87|75,35|0,95|72,91|52,45|75,39|78,83|45,48|39,85|85,72/75,65=75,35,78,83,65
94,59|53,1|42,18|18,26|95,12|95,79|80,98|95,22|26,96|98,7|95,42|10,53|79,20|20,71|12,80|95,64|64,10|43,94|22,43|71,11/95,96=95,42,18,26,96
19,23|77,26|47,20|23,16|68,8|98,77|90,89|73,81|98,68|36,47|98,36|82,19|8,90|98,1|20,18|81,96|1,73|99,49|98,82|26,99/98,89=98,68,8,90,89
18,51|17,6|13,11|75,36|27,89|33,10|67,64|36,18|17,13|17,75|79,67|6,72|64,62|17,79|10,47|72,27|11,77|77,60|17,33|47,23/17,23=17,33,10,47,23
10,77|34,32|13,33|30,6|13,10|8,60|96,49|33,54|13,74|13,56|76,30|17,8|13,37|49,27|54,34|74,76|31,99|37,96|56,17|77,31/13,32=13,33,54,34,32
90,40|90,21|57,22|98,10|97,9|87,97|38,20|58,88|90,58|86,26|90,38|16,44|26,30|88,98|21,0|0,16|20,57|40,86|7,87|90,7/90,30=90,40,86,26,30
92,82|82,45|61,86|45,77|88,4|12,54|61,70|78,81|26,72|54,91|13,25|61,87|86,12|70,46|61,13|7,78|87,7|46,88|61,92|25,26/61,72=61,13,25,26,72
9,54|67,73|28,55|8,49|52,82|76,1|55,6|73,17|67,28|6,33|67,0|67,8|45,90|82,74|49,45|67,79|79,52|0,9|17,76|54,60/67,60=67,0,9,54,60
91,21|96,56|31,88|56,63|89,11|63,31|76,37|96,84|26,59|84,76|5,20|3,80|96,5|24,3|21,26|20,89|96,91|37,18|80,94|96,24/96,11=96,5,20,89,11
95,4|33,11|55,79|55,76|61,34|55,44|87,33|55,61|59,95|76,87|55,59|57,13|94,3|78,90|79,57|34,78|44,94|4,65|13,69|3,12/55,69=55,79,57,13,69
59,97|5,66|66,79|38,80|80,68|28,38|28,24|88,0|24,46|28,20|28,59|20,5|73,88|68,22|95,52|45,73|28,45|46,95|97,23|23,36/28,36=28,59,97,23,36
32,21|52,32|45,75|39,36|86,81|21,86|99,20|13,28|20,39|31,13|28,90|52,94|52,22|10,61|52,99|73,45|52,31|94,10|22,73|61,7/52,36=52,99,20,39,36
11,74|93,77|50,34|86,87|56,86|50,59|50,17|17,93|15,28|50,61|59,56|30,15|74,38|98,3|3,53|50,30|28,22|77,2|34,11|61,98/50,53=50,61,98,3,53
5,35|10,26|64,66|40,43|26,67|89,96|45,7|40,80|40,5|40,90|35,64|43,10|40,89|41,14|96,45|52,9|9,57|90,41|80,52|14,12/40,7=40,89,96,45,7
91,50|47,99|82,93|50,62|66,30|30,82|51,52|51,91|51,85|71,81|16,31|94,71|69,16|99,5|55,69|51,66|51,55|62,12|85,94|52,47/51,93=51,66,30,82,93
7,1|85,17|0,94|75,78|7,69|17,86|7,46|19,25|1,60|69,85|32,75|66,79|46,23|7,53|23,66|7,0|12,44|53,32|94,12|60,19/7,78=7,53,32,75,78
28,83|22,52|12,78|90,22|24,32|32,68|50,28|3,24|16,67|83,80|91,71|16,50|16,3|56,27|52,82|16,91|71,56|67,13|13,12|16,90/16,82=16,90,22,52,82
24,57|29,14|94,27|48,58|97,83|43,38|47,9|84,26|18,94|43,47|57,29|26,28|53,97|38,53|43,49|27,17|49,84|43,24|9,48|43,18/43,28=43,49,84,26,28
45,91|82,39|45,67|45,49|52,46|91,98|49,19|79,63|45,61|67,44|10,79|45,22|61,82|22,10|26,32|39,80|98,66|66,34|44,26|19,52/45,34=45,91,98,66,34
31,14|49,81|63,5|68,1|1,53|81,45|74,42|49,21|49,63|5,31|7,74|49,7|24,9|43,24|21,43|45,12|49,68|42,11|12,2|53,20/49,2=49,81,45,12,2
2,80|22,71|74,57|52,2|66,16|52,22|16,92|97,40|52,78|10,76|52,96|52,4|80,97|57,43|96,56|78,66|71,10|56,12|4,74|12,62/52,76=52,22,71,10,76
73,94|25,23|53,25|79,17|79,76|75,1|64,46|46,8|17,64|10,5|37,73|1,34|79,42|5,2|79,53|34,57|23,3|76,10|79,75|42,37/79,94=79,42,37,73,94
48,74|39,57|57,91|90,70|40,48|16,80|41,23|54,90|62,39|54,40|8,59|28,83|77,8|74,56|85,77|54,62|80,28|70,41|54,16|54,85/54,23=54,90,70,41,23
90,39|92,31|51,97|22,0|97,62|19,80|39,22|66,71|19,11|19,66|94,14|91,88|19,94|84,91|80,84|11,51|14,92|71,37|19,90|37,59/19,31=19,94,14,92,31
24,56|54,63|24,10|24,62|52,87|62,20|24,32|24,78|87,60|10,70|27,25|3,12|25,2|32,27|20,54|56,52|15,66|47,15|78,47|70,3/24,63=24,62,20,54,63
67,75|95,56|59,78|2,53|62,81|58,69|56,8|84,49|2,59|81,33|30,58|2,15|6,92|49,67|94,30|78,6|53,62|2,94|2,84|15,95/2,33=2,53,62,81,33
27,81|2,53|86,47|95,85|89,61|66,62|63,95|75,86|91,63|81,54|54,66|3,2|76,75|27,76|27,91|53,94|27,3|27,29|29,89|61,1/27,85=27,91,63,95,85
82,48|93,32|7,17|8,7|13,68|2,57|12,82|91,27|2,29|57,9|81,60|29,81|48,33|60,3|2,12|9,13|32,91|11,8|2,11|2,93/2,3=2,29,81,60,3
30,41|14,57|32,45|94,24|19,30|61,23|62,95|41,22|54,59|13,62|13,7|24,54|45,65|13,94|95,14|99,61|7,99|40,32|13,19|13,40/13,22=13,19,30,41,22
31,67|75,93|85,62|43,31|62,0|77,35|88,56|36,75|77,74|12,98|21,36|74,85|77,21|29,78|77,43|48,88|98,29|35,48|67,5|77,12/77,0=77,74,85,62,0
58,45|20,7|20,48|20,63|94,97|97,26|28,71|22,69|63,28|96,43|61,49|48,31|45,96|20,58|20,47|7,94|80,22|47,80|71,77|31,61/20,26=20,7,94,97,26
28,18|94,74|28,95|95,56|28,94|28,98|18,81|81,30|50,17|53,41|17,11|49,60|30,34|41,68|56,86|28,50|74,49|98,53|86,3|11,24/28,68=28,98,53,41,68
44,14|74,26|50,2|72,40|49,78|99,92|3,74|40,80|14,96|53,9|53,49|53,35|78,82|9,3|92,50|96,13|53,99|35,72|82,75|53,44/53,2=53,99,92,50,2
58,43|55,8|73,55|47,21|58,79|58,73|35,0|8,92|43,24|58,51|24,47|97,65|58,84|51,81|10,97|81,82|0,1|84,35|82,16|79,10/58,65=58,79,10,97,65
48,72|34,28|34,56|3,18|56,3|18,65|34,48|81,64|87,1|64,54|54,50|34,49|28,87|34,81|90,16|1,23|49,90|16,75|73,31|72,73/34,23=34,28,87,1,23
79,41|79,91|50,2|2,89|79,58|81,25|4,30|25,15|54,4|41,72|58,75|30,9|91,50|53,81|87,31|79,53|34,48|75,87|72,34|79,54/79,31=79,58,75,87,31
98,49|44,95|95,81|44,84|84,1|86,98|44,9|44,51|59,39|28,48|48,91|51,15|9,28|49,7|44,86|1,59|15,20|92,38|81,92|20,24/44,91=44,9,28,48,91
29,51|19,14|30,77|16,76|76,31|62,0|16,67|3,65|44,29|8,15|16,62|16,30|31,49|51,90|15,10|0,3|67,8|16,44|49,83|77,19/16,90=16,44,29,51,90
36,30|91,44|28,15|57,51|65,94|89,45|70,89|32,85|51,28|94,59|65,13|65,56|65,57|13,87|65,46|62,91|46,70|59,32|56,62|87,36/65,85=65,94,59,32,85
63,0|20,82|92,88|34,92|65,9|41,16|25,99|20,65|22,87|13,12|20,13|16,25|84,30|9,63|30,6|20,41|6,28|12,22|20,84|82,34/20,0=20,65,9,63,0
16,48|86,17|95,7|2,27|16,73|40,23|85,13|16,35|10,2|7,28|35,10|50,86|73,95|13,93|60,50|44,63|16,60|23,44|16,40|48,85/16,93=16,48,85,13,93
88,73|38,2|32,87|71,88|60,24|22,1|0,80|2,22|19,32|15,90|24,15|60,71|73,85|80,36|60,19|60,0|90,67|60,38|87,53|36,20/60,1=60,38,2,22,1
63,77|46,18|77,9|46,58|71,63|30,12|47,14|18,65|66,30|46,22|65,74|74,39|46,71|91,47|81,11|11,76|14,60|46,91|58,81|22,66/46,60=46,91,47,14,60
71,91|99,41|51,6|21,10|19,75|70,94|30,57|71,70|7,80|41,88|71,7|91,99|92,74|75,30|31,3|80,51|10,92|94,31|71,21|71,19/71,57=71,19,75,30,57
61,70|58,13|61,94|61,25|63,96|61,63|45,99|92,34|61,45|26,58|94,17|47,80|56,19|70,92|11,65|25,26|96,47|99,11|17,56|34,29/61,65=61,45,99,11,65
17,80|20,48|17,14|54,97|17,19|14,84|17,20|68,65|71,36|65,71|80,64|48,54|50,28|73,9|28,15|19,50|17,68|95,37|84,95|64,73/17,97=17,20,48,54,97
63,71|98,91|72,98|63,23|71,61|63,72|12,60|45,10|97,79|91,92|56,99|36,26|86,76|23,97|63,36|79,95|61,86|99,45|63,56|26,12/63,95=63,23,97,79,95
77,61|8,4|47,74|20,92|8,15|35,29|55,77|15,18|8,55|8,90|61,88|8,47|25,93|79,44|74,25|44,65|90,79|18,20|33,35|4,33/8,29=8,4,33,35,29
56,2|51,67|56,86|67,55|9,4|82,43|27,96|55,75|2,27|96,95|4,59|56,99|42,0|56,70|86,42|0,14|99,9|72,82|56,51|70,72/56,75=56,51,67,55,75
11,99|69,31|11,24|11,63|17,69|75,52|52,10|23,66|70,3|63,75|11,40|11,95|40,41|89,70|95,17|66,35|24,23|99,89|41,43|43,0/11,0=11,40,41,43,0
46,64|34,45|67,9|72,37|34,72|34,58|66,67|28,69|49,28|29,98|4,61|47,99|34,46|21,25|64,4|34,29|37,47|58,66|98,21|45,49/34,99=34,72,37,47,99
89,41|77,96|0,46|21,15|53,77|45,98|89,91|88,1|15,88|12,76|91,4|4,39|96,20|19,0|89,45|89,21|98,12|41,19|39,31|89,53/89,76=89,45,98,12,76
1,37|98,9|34,7|62,34|1,23|1,78|71,62|1,71|19,85|1,16|51,89|48,14|80,19|23,63|78,48|37,61|61,51|16,80|14,65|63,98/1,89=1,37,61,51,89
19,0|93,98|98,31|30,93|49,45|8,19|89,24|48,38|24,76|45,89|65,92|92,59|63,20|38,63|59,5|49,84|49,65|84,8|49,48|49,30/49,0=49,84,8,19,0
19,20|77,26|47,90|20,18|68,8|98,77|23,16|73,81|98,68|36,47|98,36|82,19|8,23|98,1|90,89|81,96|1,73|99,49|98,82|26,99/98,89=98,36,47,90,89
58,45|20,7|20,48|20,63|94,61|61,49|28,71|22,69|63,28|97,26|96,43|48,31|45,97|20,58|20,47|7,94|80,22|47,80|71,77|31,96/20,26=20,58,45,97,26
64,87|63,66|32,25|23,78|36,32|6,23|65,74|63,5|96,6|66,39|87,31|63,18|52,67|63,96|18,64|25,82|67,83|39,65|63,36|5,52/63,78=63,96,6,23,78
62,25|25,70|99,74|24,29|61,27|70,69|60,58|39,60|22,61|91,21|27,75|85,39|74,12|29,91|24,99|21,51|24,22|24,62|24,85|12,56/24,56=24,99,74,12,56
38,23|41,29|7,25|63,10|70,98|10,30|98,54|25,13|70,7|54,38|13,58|24,41|70,76|0,52|52,9|70,68|76,24|9,90|68,63|70,0/70,23=70,98,54,38,23
89,38|58,65|72,28|32,1|84,86|20,40|82,89|46,56|24,75|86,58|20,46|38,73|20,84|40,72|63,67|20,82|1,63|20,32|56,24|28,19/20,65=20,84,86,58,65
67,15|50,88|27,32|37,83|80,26|15,69|37,50|32,63|37,27|37,87|43,1|73,3|69,92|87,94|83,43|63,86|37,67|1,68|88,80|94,73/37,86=37,27,32,63,86
10,13|60,45|78,42|21,6|84,31|42,14|76,43|77,53|6,76|17,78|80,18|53,80|13,60|31,89|10,2|10,17|2,84|10,77|10,21|45,90/10,14=10,17,78,42,14
99,64|64,29|61,99|27,65|21,75|13,76|16,71|61,18|91,21|85,91|71,7|7,11|18,20|29,86|61,16|61,13|20,27|61,85|76,59|59,79/61,79=61,13,76,59,79
87,75|66,24|9,85|68,93|87,58|76,72|25,37|26,66|87,65|58,25|87,98|37,81|98,10|87,68|51,33|65,26|93,76|10,9|75,51|33,12/87,72=87,68,93,76,72
42,87|11,93|15,95|28,41|37,18|53,13|97,74|41,16|49,53|93,37|97,28|16,69|74,42|4,15|87,56|97,72|97,49|72,4|97,11|13,3/97,69=97,28,41,16,69
74,90|30,76|52,62|47,40|27,33|30,74|56,27|62,46|93,95|63,53|53,67|30,56|30,86|86,52|39,36|95,47|76,63|30,93|33,60|90,39/30,36=30,74,90,39,36
22,45|58,22|52,48|58,19|61,75|57,36|45,57|50,39|58,27|27,82|48,40|21,61|9,50|58,72|72,52|19,9|75,44|16,89|82,16|58,21/58,44=58,21,61,75,44
60,35|71,79|12,49|2,31|69,14|45,71|60,2|19,58|37,81|58,12|93,69|60,28|60,19|60,45|28,37|79,43|81,17|35,93|65,20|31,65/60,17=60,28,37,81,17
26,86|1,38|82,91|74,26|69,34|32,15|24,28|1,98|11,70|1,8|38,74|34,4|98,12|22,69|45,32|1,22|91,11|8,45|1,82|12,24/1,86=1,38,74,26,86
92,68|69,37|59,12|11,70|12,3|34,53|34,11|3,26|34,59|16,20|21,69|49,21|20,0|53,16|70,39|39,47|34,83|83,17|17,92|34,49/34,37=34,49,21,69,37
9,77|85,70|7,56|29,85|70,97|57,48|56,19|53,15|26,57|53,73|15,81|75,67|73,9|19,68|48,64|53,29|77,34|53,7|53,26|81,75/53,97=53,29,85,70,97
35,7|30,63|7,55|39,25|71,17|30,33|30,62|28,54|62,94|33,35|17,87|25,26|0,58|82,71|30,0|30,82|58,28|94,11|63,39|11,40/30,26=30,63,39,25,26
4,78|90,34|57,90|19,64|19,99|34,52|21,16|19,57|73,58|19,30|78,56|58,97|86,44|99,21|64,13|16,7|97,40|19,73|30,4|13,86/19,40=19,73,58,97,40
23,72|10,17|17,89|61,43|76,14|93,76|58,3|89,45|10,36|10,58|79,74|10,93|10,61|21,0|14,12|36,38|3,21|43,23|45,55|38,79/10,55=10,17,89,45,55
75,91|37,58|58,41|76,90|41,46|52,33|64,75|64,37|24,29|90,10|10,3|97,89|47,78|63,47|64,7|33,24|64,76|7,63|91,97|64,52/64,46=64,37,58,41,46
63,71|98,91|72,98|63,23|71,61|63,72|86,76|45,10|97,12|91,92|56,99|36,26|79,95|23,97|63,36|12,60|61,79|99,45|63,56|26,86/63,95=63,71,61,79,95
95,99|12,98|95,31|58,20|31,72|95,27|98,59|27,51|42,50|21,71|87,58|50,6|6,5|51,21|17,57|20,53|72,17|99,12|95,87|95,42/95,71=95,27,51,21,71
85,72|34,20|43,52|0,53|34,68|66,95|52,82|68,96|20,62|1,70|62,0|54,99|34,1|10,16|34,43|96,10|70,54|82,60|72,66|34,85/34,60=34,43,52,82,60
71,67|68,71|87,31|98,0|67,53|68,80|80,91|68,92|53,43|91,87|59,48|68,2|21,76|0,35|48,55|55,49|95,21|2,95|92,98|68,59/68,35=68,92,98,0,35
58,0|21,85|75,57|83,70|96,86|13,4|83,58|48,13|34,80|89,48|33,23|2,62|83,89|83,96|86,34|0,75|83,2|62,21|66,33|70,66/83,4=83,89,48,13,4
96,0|0,78|47,73|99,11|11,76|71,33|78,70|52,60|14,47|98,2|71,12|12,66|71,26|37,14|33,99|71,96|26,36|71,37|36,98|66,52/71,2=71,26,36,98,2
81,70|71,50|16,89|9,64|19,43|62,98|98,97|90,12|97,23|79,71|50,47|43,81|47,35|79,19|79,62|12,60|60,61|79,9|79,90|64,16/79,61=79,90,12,60,61
95,35|33,70|56,83|90,9|85,95|2,92|90,11|83,0|97,51|55,56|9,85|90,2|21,88|90,71|92,21|70,17|51,22|11,97|90,55|71,33/90,88=90,2,92,21,88
2,91|92,79|33,90|19,52|97,9|88,2|62,19|62,33|62,88|79,25|47,84|52,47|91,27|11,97|62,11|90,5|62,92|9,15|25,60|5,38/62,84=62,19,52,47,84
78,55|58,67|13,58|4,5|13,4|70,6|5,25|83,39|48,77|63,90|13,51|13,57|57,83|25,16|51,63|67,70|39,27|55,48|90,42|13,78/13,16=13,4,5,25,16
9,82|67,73|28,55|8,49|52,76|54,60|55,6|73,17|67,28|6,33|67,0|67,8|45,90|76,1|49,45|67,79|79,52|0,9|17,54|82,74/67,60=67,73,17,54,60
16,96|62,16|19,89|59,51|91,74|5,85|19,58|51,60|53,2|86,62|19,21|25,53|95,91|40,5|89,95|19,86|58,59|19,66|66,25|21,40/19,2=19,66,25,53,2
77,4|95,54|81,0|39,58|30,45|95,83|95,99|99,39|0,93|83,97|42,30|95,81|94,32|93,26|58,63|97,77|95,59|59,42|25,94|54,25/95,45=95,59,42,30,45
25,87|34,6|16,90|90,17|64,65|87,10|35,73|25,75|5,35|72,62|75,5|65,84|10,34|78,64|25,33|33,16|25,72|41,85|62,41|25,78/25,85=25,72,62,41,85
96,4|2,84|4,57|96,94|94,59|96,61|45,40|21,77|51,55|55,31|96,23|57,45|61,1|96,78|1,18|18,53|59,2|78,51|23,21|77,7/96,31=96,78,51,55,31
82,47|43,5|37,0|9,52|50,18|85,50|5,92|82,89|82,35|47,97|53,37|82,65|89,43|51,99|82,9|97,51|41,24|52,41|65,85|35,53/82,0=82,35,53,37,0
90,86|82,76|89,82|89,26|69,11|71,8|11,52|5,50|84,33|1,49|76,71|89,90|26,24|19,39|24,1|86,19|89,16|33,5|16,69|89,84/89,49=89,26,24,1,49
21,92|16,10|13,5|72,8|88,72|86,52|8,45|44,21|25,40|43,86|43,89|6,13|43,69|43,88|69,6|52,25|43,16|7,96|89,44|10,7/43,40=43,86,52,25,40
74,60|42,96|68,17|61,1|74,79|74,42|35,31|38,6|1,57|14,61|74,38|96,68|75,40|73,75|79,35|80,66|60,73|31,52|6,80|74,14/74,52=74,79,35,31,52
2,37|67,32|61,18|10,92|33,27|35,1|56,53|79,35|37,50|67,10|77,13|53,48|67,56|32,79|18,33|67,34|92,77|67,61|48,39|34,2/67,50=67,34,2,37,50
94,53|14,94|49,97|49,74|11,13|81,84|34,20|74,24|61,81|13,8|49,80|49,61|24,25|97,14|49,11|17,34|25,48|80,17|84,96|8,29/49,53=49,97,14,94,53
31,67|29,78|85,75|43,31|75,93|77,35|88,56|36,29|77,74|12,98|21,36|74,85|77,21|62,0|77,43|48,88|98,62|35,48|67,5|77,12/77,0=77,12,98,62,0
68,4|48,80|65,78|91,85|43,84|78,19|48,59|59,36|48,90|48,68|36,77|77,23|87,43|8,87|4,91|48,8|80,86|86,99|90,65|99,66/48,19=48,90,65,78,19
28,23|83,59|28,67|45,81|28,42|28,9|9,45|23,83|42,80|81,54|76,70|80,8|15,84|8,60|70,15|50,10|10,71|59,74|67,50|28,76/28,54=28,9,45,81,54
45,92|37,21|54,47|54,45|99,69|54,42|48,18|54,66|38,37|11,68|92,44|44,51|47,38|68,80|32,83|83,48|54,32|91,99|42,91|66,11/54,80=54,66,11,68,80
17,93|30,6|86,32|18,91|4,39|62,99|18,30|34,75|65,15|75,62|18,64|6,12|12,83|18,34|91,17|63,86|15,4|64,63|18,65|93,7/18,32=18,64,63,86,32
25,75|75,69|35,96|87,19|16,45|27,25|32,16|67,23|17,38|72,32|69,11|27,26|19,7|30,67|96,17|4,30|27,35|27,72|27,4|26,87/27,7=27,26,87,19,7
56,92|0,52|61,69|33,99|69,57|92,11|52,85|65,14|11,66|66,84|56,0|85,53|86,61|19,60|99,24|14,19|56,65|56,27|27,33|56,86/56,24=56,27,33,99,24
38,35|31,30|84,64|31,58|14,32|51,38|61,84|97,61|45,46|7,14|29,12|52,7|31,29|47,20|30,51|58,45|31,52|46,9|31,97|12,47/31,32=31,52,7,14,32
85,88|2,58|74,96|32,93|93,90|2,85|58,8|2,78|88,47|99,43|6,17|43,5|2,30|78,32|8,6|16,99|2,16|30,74|96,28|47,4/2,17=2,58,8,6,17
94,43|3,66|50,98|64,50|28,3|25,96|87,51|64,16|96,54|42,24|51,42|34,23|99,28|64,65|23,79|64,87|16,34|64,99|98,94|65,25/64,79=64,16,34,23,79
10,33|64,24|10,90|23,62|10,0|22,4|12,14|84,22|49,30|0,26|30,12|26,37|90,23|59,84|62,66|33,95|10,49|37,91|95,64|10,59/10,91=10,0,26,37,91
31,22|72,92|51,75|39,74|24,87|55,26|31,66|31,55|75,99|26,8|22,51|6,39|31,72|66,6|92,32|31,24|18,80|87,18|8,16|32,82/31,80=31,24,87,18,80
58,31|22,98|68,96|8,22|15,84|46,15|46,8|49,47|46,83|98,53|83,40|40,87|41,70|84,26|31,49|26,3|87,5|70,68|46,58|46,41/46,5=46,83,40,87,5
36,22|91,67|33,47|71,23|91,95|59,77|22,46|5,71|73,29|91,36|91,16|16,32|95,5|67,59|87,73|46,26|91,83|83,87|32,33|77,80/91,47=91,16,32,33,47
78,73|32,48|19,81|0,14|0,60|74,37|73,3|76,74|91,32|54,66|60,72|66,96|48,30|0,91|72,19|0,64|0,78|3,84|14,76|64,54/0,84=0,78,73,3,84
90,39|22,0|51,97|37,59|97,62|19,80|39,37|66,71|19,11|19,66|94,14|91,88|19,94|84,91|80,84|11,51|14,22|71,92|19,90|92,31/19,31=19,66,71,92,31
38,94|87,39|44,22|34,26|94,34|24,27|8,44|8,38|21,41|76,66|98,81|8,25|8,87|25,2|2,98|8,24|52,55|27,21|39,76|22,52/8,55=8,44,22,52,55
25,7|41,12|44,59|29,93|75,94|29,41|29,4|4,95|38,51|12,36|97,47|29,44|7,46|36,76|57,38|29,8|59,75|95,97|93,57|8,25/29,47=29,4,95,97,47
2,32|80,64|96,14|7,81|96,89|45,7|18,12|17,45|96,27|89,80|84,36|32,84|64,23|96,17|96,2|14,97|97,18|43,49|99,43|27,99/96,81=96,17,45,7,81
79,46|1,30|91,73|12,45|69,68|28,70|75,9|42,69|45,79|28,12|28,1|28,94|70,91|30,23|38,75|94,42|28,49|23,71|49,38|73,8/28,71=28,1,30,23,71
0,2|62,63|14,18|20,16|8,20|19,90|89,8|31,89|55,50|63,0|31,62|96,14|31,96|31,55|50,19|73,5|51,73|31,46|18,81|46,51/31,2=31,62,63,0,2
70,41|36,1|26,14|88,26|80,36|34,17|34,55|90,24|34,25|27,9|34,46|41,67|82,90|34,76|76,82|17,0|25,70|46,80|0,27|55,88/34,67=34,25,70,41,67
58,92|78,75|14,76|28,78|31,28|91,17|59,13|12,48|10,59|17,65|27,58|64,10|14,31|43,12|76,27|86,91|14,33|14,64|33,43|14,86/14,65=14,86,91,17,65
72,97|36,25|97,50|7,68|63,36|25,14|63,69|14,89|57,98|37,22|52,7|81,72|63,51|69,37|63,57|79,61|63,81|98,79|51,52|22,99/63,50=63,81,72,97,50
0,2|23,74|2,75|25,50|8,65|67,25|22,0|60,92|76,61|90,26|45,76|45,23|74,90|45,67|27,59|45,8|65,60|45,22|50,64|61,27/45,26=45,23,74,90,26
8,9|56,94|74,64|94,53|43,95|72,65|51,58|65,57|58,99|89,56|72,51|99,85|72,89|72,83|57,12|72,8|83,43|12,47|95,84|9,74/72,85=72,51,58,99,85
14,60|11,54|67,71|0,50|2,6|66,73|73,13|13,84|98,14|3,11|6,98|2,31|50,87|71,70|80,67|74,0|31,3|2,74|2,66|2,80/2,54=2,31,3,11,54
30,59|11,21|99,64|73,30|66,71|21,96|71,63|64,70|72,54|54,41|72,11|33,42|72,73|59,35|72,99|96,87|63,40|41,33|70,91|72,66/72,91=72,99,64,70,91
32,10|24,81|21,24|32,38|37,35|38,45|32,92|32,60|95,56|35,65|56,28|8,78|10,95|97,26|60,21|45,97|54,50|50,8|32,54|92,37/32,78=32,54,50,8,78
95,96|30,95|92,36|9,30|61,92|64,47|83,97|2,60|9,7|36,16|9,2|77,14|63,90|60,63|97,64|96,44|7,77|14,21|9,61|9,83/9,47=9,83,97,64,47
91,72|63,2|92,97|2,87|60,36|78,92|36,91|34,5|53,78|65,93|72,88|60,12|28,63|93,50|12,65|7,44|60,7|60,28|44,34|60,53/60,50=60,12,65,93,50
35,30|95,91|82,41|95,38|32,0|30,25|59,82|95,75|88,52|75,51|86,87|95,62|95,14|14,19|19,86|91,59|52,29|38,88|51,32|62,35/95,29=95,38,88,52,29
74,35|29,5|34,2|29,30|82,41|55,49|81,34|29,55|59,86|5,81|49,12|12,88|21,89|29,74|35,21|33,59|43,82|29,33|30,43|86,6/29,2=29,5,81,34,2
40,55|30,15|10,1|96,69|31,30|19,47|79,52|79,19|52,31|45,27|33,40|1,36|79,33|36,61|79,10|43,82|79,45|27,96|47,43|55,23/79,23=79,33,40,55,23
94,5|94,83|53,60|94,59|75,64|60,74|83,79|99,82|12,58|55,75|58,37|94,55|79,80|5,12|94,31|64,96|59,53|62,99|31,62|80,70/94,74=94,59,53,60,74
28,48|55,70|82,98|9,87|38,58|56,84|31,93|26,64|54,27|93,38|84,9|48,82|25,31|25,26|25,28|25,55|70,54|63,88|64,63|25,56/25,98=25,28,48,82,98
46,8|98,59|51,45|62,14|80,51|81,50|81,67|38,52|21,99|50,22|30,94|81,62|29,20|8,38|67,80|14,30|22,98|81,21|81,46|99,29/81,20=81,21,99,29,20
48,49|34,51|41,40|61,85|95,45|50,82|48,61|74,46|73,50|37,8|75,74|83,41|49,73|46,12|48,37|8,95|48,75|48,83|85,34|40,72/48,51=48,61,85,34,51
37,52|53,27|27,31|9,94|12,37|23,1|92,13|94,97|12,73|36,38|52,67|12,23|1,92|12,81|67,17|12,71|71,53|81,72|73,9|72,36/12,13=12,23,1,92,13
44,5|39,94|37,26|64,37|13,91|13,64|87,76|26,58|76,44|81,2|95,74|13,55|10,80|13,87|94,11|91,89|89,95|55,39|2,10|13,81/13,74=13,91,89,95,74
78,65|73,94|34,73|40,78|82,81|62,20|53,33|25,12|62,5|67,34|33,32|39,15|62,9|5,70|62,82|81,39|70,25|9,53|62,67|20,40/62,94=62,67,34,73,94
48,95|42,26|42,23|42,60|42,62|69,17|68,63|55,68|15,2|43,52|23,90|62,35|42,94|94,43|35,48|60,15|26,55|52,10|90,69|2,30/42,95=42,62,35,48,95
99,17|61,86|38,21|99,46|34,51|99,48|46,33|25,80|17,96|80,37|33,61|21,82|99,34|0,42|96,59|99,28|48,25|59,26|28,38|51,0/99,42=99,34,51,0,42
94,22|29,62|8,85|78,41|42,93|86,35|29,78|29,94|60,96|96,0|41,42|22,9|29,89|6,86|9,51|85,31|89,8|29,60|62,6|0,18/29,31=29,89,8,85,31
76,51|4,16|69,56|77,62|58,44|32,26|69,70|79,33|16,76|69,77|62,32|52,58|69,4|70,52|12,10|86,50|56,12|10,29|50,79|69,86/69,51=69,4,16,76,51
22,93|21,22|61,50|90,37|15,90|31,51|57,42|46,95|15,14|39,61|14,21|15,46|15,26|15,58|37,31|42,40|80,23|26,57|58,39|95,80/15,51=15,90,37,31,51
89,7|20,62|23,89|20,9|60,26|86,87|1,96|20,24|55,80|20,55|78,86|45,98|20,59|48,45|24,78|62,60|80,1|59,23|26,37|9,48/20,37=20,62,60,26,37
10,50|55,95|95,40|55,23|70,71|15,59|40,89|1,51|32,22|23,15|58,41|5,62|89,30|50,58|55,32|71,5|55,10|22,1|55,70|59,75/55,41=55,10,50,58,41
21,68|18,20|81,21|89,80|29,91|75,81|0,63|63,88|11,29|88,58|55,11|40,77|3,89|75,40|75,0|68,5|75,87|87,3|77,18|75,55/75,58=75,0,63,88,58
76,31|30,24|61,86|8,17|86,69|69,52|61,13|9,93|33,35|93,33|61,23|85,30|55,85|31,45|13,90|52,66|90,8|23,76|61,55|61,9/61,17=61,13,90,8,17
96,4|31,94|9,29|4,33|13,40|58,62|9,72|29,53|89,57|94,64|9,61|57,78|48,49|9,26|53,48|26,31|61,89|62,13|9,58|72,96/9,40=9,58,62,13,40
91,65|87,9|12,57|54,87|21,91|10,94|72,47|72,34|63,92|9,89|11,7|34,11|72,17|17,21|94,32|72,54|7,14|47,10|92,12|72,63/72,14=72,34,11,7,14
29,17|65,40|63,4|18,29|32,3|23,63|65,85|65,88|24,18|30,31|65,24|85,60|40,32|65,97|97,73|73,30|88,23|3,42|60,71|71,47/65,42=65,40,32,3,42
86,48|32,38|53,86|62,70|32,54|13,16|35,2|75,13|79,57|32,18|70,41|54,75|64,9|2,79|38,90|18,62|90,64|32,35|32,61|61,53/32,57=32,35,2,79,57
80,15|30,33|83,30|73,86|9,66|15,61|16,77|22,91|80,65|80,83|91,19|61,73|33,70|80,22|81,16|65,81|19,59|66,85|85,26|80,9/80,70=80,83,30,33,70
45,3|47,56|19,21|5,97|3,65|49,81|98,36|97,98|47,60|50,49|47,5|85,77|47,85|56,45|91,57|47,34|60,50|77,19|57,95|34,91/47,65=47,56,45,3,65
5,37|61,67|68,73|61,65|65,68|21,72|17,21|4,89|51,15|89,77|36,4|61,36|15,35|61,51|35,43|63,5|73,20|67,63|29,17|61,29/61,72=61,29,17,21,72
79,46|71,45|46,6|22,37|22,99|48,30|30,90|22,79|22,48|34,32|6,97|99,62|94,92|22,71|32,49|62,94|90,13|45,0|37,34|0,73/22,73=22,71,45,0,73
46,67|46,32|16,92|32,81|81,80|80,64|29,95|67,29|46,12|62,16|8,24|54,7|88,62|12,54|46,88|95,48|46,13|24,58|7,5|13,8/46,92=46,88,62,16,92
91,86|75,3|86,70|97,76|89,97|5,4|3,18|23,5|19,81|8,30|81,91|19,75|18,9|76,38|19,89|42,23|19,42|19,33|30,44|33,8/19,70=19,81,91,86,70
82,9|88,5|93,71|48,46|71,52|13,94|46,88|40,97|14,13|52,55|55,67|9,78|65,60|93,82|93,48|93,14|93,40|97,65|78,6|94,30/93,67=93,71,52,55,67
60,43|32,19|19,67|75,25|30,83|61,75|43,31|95,36|1,96|36,64|96,7|77,1|83,32|30,4|64,17|30,94|30,95|30,77|94,61|4,60/30,25=30,94,61,75,25
59,8|65,96|80,1|20,58|8,72|82,12|35,57|35,5|35,82|58,15|57,20|5,25|81,9|35,11|12,65|1,63|11,59|98,80|35,98|25,81/35,63=35,98,80,1,63
82,50|42,61|82,95|82,5|89,51|82,31|95,17|77,4|61,43|66,91|76,32|91,8|17,76|5,42|50,96|88,66|82,88|31,77|96,89|4,45/82,8=82,88,66,91,8
77,55|64,21|64,63|91,16|64,69|24,65|21,47|99,91|94,26|55,38|74,89|89,53|15,77|69,99|64,15|80,94|47,24|26,61|64,80|63,74/64,16=64,69,99,91,16
22,33|17,30|61,64|46,27|18,95|76,22|75,66|51,76|30,73|53,82|73,23|18,46|18,75|18,51|66,61|16,8|8,2|27,53|18,17|95,16/18,64=18,75,66,61,64
1,29|5,2|12,34|33,53|83,38|16,88|62,12|62,39|23,25|39,5|88,1|62,98|2,31|62,16|67,83|42,33|98,42|38,49|62,67|34,23/62,31=62,39,5,2,31
0,2|23,74|2,75|25,90|8,65|67,25|22,0|60,92|76,61|27,59|45,76|45,23|74,27|45,67|50,64|45,8|65,60|45,22|90,26|61,50/45,26=45,67,25,90,26
15,67|88,66|28,32|67,60|95,6|35,1|40,95|15,26|66,54|32,87|15,40|15,4|15,88|77,46|54,14|46,69|26,77|4,28|60,35|6,2/15,87=15,4,28,32,87
12,61|85,83|71,80|37,93|90,58|15,71|82,12|40,90|23,60|80,41|93,44|37,97|10,82|37,33|60,87|44,85|37,10|37,15|33,23|97,40/37,58=37,97,40,90,58
10,57|52,12|52,78|11,2|61,10|73,11|1,55|12,65|78,73|54,1|92,48|55,19|52,54|56,93|28,37|52,56|81,61|93,92|52,81|65,28/52,48=52,56,93,92,48
17,38|93,6|87,51|58,71|78,11|69,94|98,37|51,39|87,69|83,65|87,93|87,17|6,78|39,83|75,72|71,98|87,58|94,22|22,14|38,75/87,11=87,93,6,78,11
22,99|41,37|71,93|3,94|76,18|86,22|37,45|94,27|41,1|87,14|41,76|96,3|1,86|45,87|41,71|93,16|16,6|74,57|41,96|18,74/41,6=41,71,93,16,6
2,24|36,3|94,36|94,67|76,34|90,7|38,52|67,57|23,45|94,90|94,56|3,76|94,2|7,92|24,21|21,68|92,86|57,38|45,64|56,23/94,86=94,90,7,92,86
19,76|49,82|98,72|38,31|78,68|13,38|79,49|64,69|31,84|96,19|96,13|32,17|96,55|96,32|55,79|30,78|17,64|76,98|96,30|68,20/96,72=96,19,76,98,72
88,61|17,38|88,92|92,93|36,39|88,23|23,20|72,36|66,53|88,59|88,72|39,60|20,17|61,96|53,70|93,51|59,66|3,91|51,5|96,3/88,91=88,61,96,3,91
48,23|48,57|34,26|51,46|93,74|45,21|48,93|23,8|26,94|50,47|48,73|57,49|90,3|74,90|82,51|73,82|48,35|35,34|49,45|8,50/48,94=48,35,34,26,94
12,3|51,4|20,10|8,15|65,8|52,46|31,82|22,65|31,22|82,20|30,34|38,70|84,60|4,12|70,84|31,30|31,51|31,38|10,49|34,52/31,49=31,82,20,10,49
38,27|89,95|18,79|38,44|58,64|27,6|44,73|73,39|45,15|50,18|64,89|82,45|6,55|38,50|15,37|38,82|55,83|39,23|79,68|38,58/38,37=38,82,45,15,37
39,16|31,78|95,40|59,81|7,19|14,69|15,4|83,15|66,8|40,24|81,31|83,95|83,59|49,14|71,49|4,39|24,85|83,7|19,66|83,71/83,69=83,71,49,14,69
99,29|96,56|23,99|55,44|44,96|89,27|32,3|55,42|27,93|3,78|55,32|92,13|42,23|55,18|18,92|56,87|58,89|55,58|78,21|13,12/55,21=55,32,3,78,21
69,85|83,6|61,0|39,91|14,57|23,93|61,39|61,15|93,27|61,16|91,69|27,18|92,14|15,65|80,33|61,23|16,74|65,83|0,92|74,80/61,18=61,23,93,27,18
36,60|81,68|32,33|81,34|30,94|89,72|91,23|81,30|60,71|64,67|23,73|94,11|34,91|75,35|72,64|11,49|35,32|68,36|81,75|81,89/81,67=81,89,72,64,67
48,74|39,57|57,91|90,70|40,48|16,80|28,83|54,90|62,39|54,40|41,23|8,59|77,41|74,56|85,77|54,62|80,8|70,28|54,16|54,85/54,23=54,85,77,41,23
57,50|22,13|39,24|64,18|94,49|2,89|20,94|13,57|64,2|64,22|64,20|76,39|32,46|18,76|46,23|89,40|26,32|64,26|40,8|49,78/64,78=64,20,94,49,78
81,49|2,45|49,62|81,89|50,9|33,36|36,67|67,54|32,27|81,7|45,50|37,97|7,32|27,58|81,33|81,2|89,37|62,96|97,68|96,40/81,9=81,2,45,50,9
33,57|89,40|57,99|33,2|33,89|2,95|93,10|95,39|83,93|33,12|73,42|43,73|63,71|40,63|12,43|99,77|33,83|10,20|77,47|39,92/33,42=33,12,43,73,42
13,30|93,66|74,45|53,24|20,46|48,20|52,3|13,14|30,52|3,27|44,60|76,74|14,76|13,53|46,71|13,48|13,44|60,93|15,84|24,15/13,84=13,53,24,15,84
55,96|97,17|19,23|51,71|78,97|58,19|55,31|31,58|63,51|68,63|55,72|40,85|39,30|85,52|27,39|55,68|72,78|7,27|55,7|96,40/55,30=55,7,27,39,30
28,97|19,26|24,28|69,5|97,86|89,35|24,76|14,40|5,89|99,73|76,14|40,62|1,19|68,99|26,92|24,69|24,1|24,68|73,49|86,90/24,90=24,28,97,86,90
40,8|40,91|40,55|91,34|40,86|34,24|24,48|16,72|72,85|49,0|89,2|86,89|2,12|8,33|85,88|40,16|55,71|71,49|33,21|21,4/40,88=40,16,72,85,88
34,33|74,6|84,47|17,76|47,58|76,34|90,57|3,46|57,0|3,17|3,10|46,84|10,63|73,45|3,90|80,65|0,67|63,80|45,74|3,73/3,67=3,90,57,0,67
79,5|92,20|20,42|42,50|2,81|99,62|92,97|68,76|44,86|92,79|92,2|86,68|33,12|5,33|57,52|10,99|81,57|97,10|92,44|50,1/92,52=92,2,81,57,52
90,39|22,0|51,92|97,62|92,31|19,80|39,97|66,71|19,11|19,66|94,14|91,88|19,94|84,91|80,84|11,51|14,22|71,37|19,90|37,59/19,31=19,11,51,92,31
9,12|25,14|14,31|58,54|92,46|27,43|39,27|54,92|12,36|43,13|23,41|76,15|41,76|86,25|13,87|39,9|36,42|39,58|39,23|39,86/39,15=39,23,41,76,15
58,92|3,55|58,3|46,77|1,73|92,46|76,83|58,0|75,26|74,35|99,75|6,40|35,1|58,66|5,76|58,74|0,99|66,5|77,86|55,6/58,40=58,3,55,6,40
26,51|2,43|28,37|28,48|1,77|46,18|5,1|51,63|28,98|9,2|28,26|77,60|98,50|50,46|55,20|37,9|69,55|28,5|48,69|63,87/28,87=28,26,51,63,87
85,28|34,73|87,50|85,87|89,30|85,42|69,6|76,22|66,76|28,13|13,69|55,26|85,27|26,54|27,11|85,25|50,89|42,66|25,55|11,34/85,22=85,42,66,76,22
46,42|39,58|48,53|30,26|27,34|77,39|94,48|57,19|46,57|19,76|76,6|34,30|46,14|46,77|10,99|46,27|58,84|7,10|42,94|14,7/46,6=46,57,19,76,6
72,66|28,51|56,72|86,96|56,12|24,90|14,80|96,43|12,94|94,28|99,91|93,52|52,24|67,14|56,93|56,87|87,86|66,99|83,67|56,83/56,90=56,93,52,24,90
72,39|25,63|39,25|63,56|5,66|72,23|21,74|12,55|74,87|72,67|41,12|87,81|23,5|55,34|72,41|57,15|66,38|13,57|72,21|67,13/72,15=72,67,13,57,15
2,91|92,79|33,90|19,52|97,9|88,2|62,19|62,33|62,88|79,47|5,38|52,5|91,27|11,97|62,11|90,25|62,92|9,15|47,84|25,60/62,84=62,92,79,47,84
29,43|20,41|82,56|44,42|49,66|44,82|5,20|66,78|1,75|51,29|75,4|44,1|41,90|56,57|65,51|57,14|44,5|4,93|44,65|42,49/44,14=44,82,56,57,14
69,91|40,90|93,92|16,13|22,40|47,33|23,82|91,96|23,47|13,77|23,59|33,79|23,22|90,80|79,2|74,93|59,74|4,16|82,69|23,4/23,96=23,82,69,91,96
89,47|89,74|6,98|21,80|47,6|2,82|74,57|67,69|89,67|89,46|80,79|57,59|89,93|93,21|62,50|82,3|69,62|59,40|98,54|46,2/89,79=89,93,21,80,79
52,62|98,35|52,90|52,46|52,61|47,86|75,41|46,92|92,34|34,0|36,98|99,3|96,65|61,36|90,14|14,99|41,96|62,93|93,47|52,75/52,3=52,90,14,99,3
74,26|32,14|2,31|88,89|32,20|32,76|89,52|32,9|42,61|20,42|32,88|77,92|61,18|92,55|52,46|14,65|31,4|65,74|76,77|9,2/32,26=32,14,65,74,26
11,62|34,48|59,69|68,45|59,58|90,50|58,49|72,74|25,16|7,86|86,90|16,98|59,38|59,72|69,25|38,37|59,7|74,11|37,34|49,68/59,45=59,58,49,68,45
32,28|62,14|15,30|4,45|22,95|19,57|66,33|46,81|57,4|46,10|46,86|83,32|46,22|10,21|21,62|86,83|46,19|81,15|30,44|95,66/46,45=46,19,57,4,45
83,82|55,77|87,42|83,34|42,48|13,65|67,28|83,46|83,87|83,67|28,29|43,59|46,13|48,25|82,55|34,43|77,35|29,85|59,78|65,97/83,78=83,34,43,59,78
62,46|30,71|46,6|62,48|74,51|49,63|29,50|2,49|63,31|3,29|54,74|47,64|6,30|62,3|62,26|26,89|62,2|48,54|50,38|89,47/62,51=62,48,54,74,51
98,7|53,1|42,18|18,94|95,12|95,79|80,26|95,22|94,59|26,96|95,42|10,53|79,20|20,71|12,80|95,64|64,10|43,98|22,43|71,11/95,96=95,12,80,26,96
32,28|4,45|15,30|66,33|22,95|19,57|62,14|46,81|57,66|46,10|46,86|83,32|46,22|10,21|21,4|86,83|46,19|81,15|30,44|95,62/46,45=46,10,21,4,45
35,7|30,63|7,55|39,11|71,25|30,33|30,62|28,54|62,94|33,35|25,26|11,40|0,58|82,71|30,0|30,82|58,28|94,17|63,39|17,87/30,26=30,82,71,25,26
26,42|42,75|78,50|46,23|2,18|55,9|93,60|79,25|71,76|50,47|0,26|8,29|29,93|79,0|25,78|23,71|79,2|79,46|18,55|79,8/79,9=79,2,18,55,9
85,59|66,10|33,54|85,11|15,83|38,45|83,17|85,55|10,9|85,18|55,5|18,92|70,60|11,3|3,38|17,0|59,66|5,70|85,15|92,33/85,54=85,18,92,33,54
25,70|5,61|3,81|77,54|5,94|61,85|45,64|81,45|49,87|70,9|94,25|85,24|68,49|56,77|24,93|5,0|5,56|0,68|54,89|5,3/5,87=5,0,68,49,87
64,1|60,11|37,65|83,93|93,64|30,26|31,60|68,79|46,35|26,68|75,57|7,69|94,7|46,30|46,37|65,75|46,45|46,83|35,94|45,31/46,79=46,30,26,68,79
69,47|6,66|57,6|76,69|76,79|47,35|23,62|76,57|11,24|24,40|66,10|72,21|21,98|35,70|76,80|49,12|80,11|79,72|76,23|62,49/76,10=76,57,6,66,10
75,28|84,53|19,87|4,92|26,20|94,2|43,89|84,23|20,94|28,13|84,43|23,75|84,9|9,19|89,33|87,5|84,26|33,41|1,4|53,1/84,41=84,43,89,33,41
45,93|62,6|95,63|49,7|32,95|6,98|77,88|25,79|51,82|82,45|36,80|32,49|64,70|88,36|96,62|32,77|63,64|32,51|32,96|7,25/32,79=32,49,7,25,79
97,81|81,17|97,15|5,50|38,19|6,86|68,5|97,22|22,61|19,13|97,68|17,52|50,83|61,55|52,85|25,38|97,25|86,20|55,84|15,6/97,84=97,22,61,55,84
49,25|38,86|38,37|92,80|38,12|48,83|38,20|27,10|93,5|10,49|38,27|66,92|86,66|84,93|20,16|12,84|16,48|90,1|1,45|37,90/38,80=38,86,66,92,80
86,58|39,95|93,16|24,12|2,74|72,24|95,28|16,52|93,2|93,71|74,98|4,72|67,57|98,77|58,92|93,4|52,67|92,26|93,86|71,39/93,77=93,2,74,98,77
17,88|33,31|99,55|33,95|51,97|35,14|95,25|28,77|25,99|33,60|33,51|39,17|31,39|78,2|73,35|87,73|60,0|33,87|97,78|0,28/33,2=33,51,97,78,2
85,28|76,22|87,50|85,87|89,30|85,42|69,6|26,54|66,26|28,13|13,69|55,34|85,27|34,73|27,11|85,25|50,89|42,66|25,55|11,76/85,22=85,27,11,76,22
83,89|89,27|30,69|9,16|49,98|30,73|37,74|77,8|30,2|30,68|2,9|74,51|88,23|16,17|68,14|23,77|14,49|30,88|69,37|73,83/30,51=30,69,37,74,51
70,63|63,87|73,34|12,59|61,35|33,61|69,29|87,77|70,42|36,8|70,33|42,99|60,69|70,36|77,78|99,12|70,60|8,73|35,80|29,24/70,59=70,42,99,12,59
95,46|60,85|47,94|48,47|46,36|37,30|0,37|10,29|94,39|48,99|99,0|65,60|39,24|48,65|48,84|29,96|98,95|48,98|85,45|84,10/48,96=48,84,10,29,96
62,27|32,25|0,71|77,53|57,62|48,80|45,37|45,7|45,57|25,77|45,32|23,40|37,23|92,48|27,30|45,0|7,92|72,47|40,81|71,72/45,47=45,0,71,72,47
18,80|73,64|51,39|18,65|5,58|24,41|48,40|18,51|65,1|80,95|18,92|18,35|39,50|1,24|34,73|35,22|95,48|92,34|50,78|22,5/18,41=18,65,1,24,41
61,73|73,38|72,22|76,1|56,21|64,96|1,15|30,48|30,61|3,72|97,76|30,56|30,64|96,78|6,32|48,3|21,6|78,70|38,98|30,97/30,70=30,64,96,78,70
30,35|75,82|30,75|12,41|35,15|53,0|30,33|33,34|62,10|15,26|49,91|30,49|26,9|20,53|91,62|30,80|24,96|80,20|82,24|34,12/30,96=30,75,82,24,96
16,19|83,63|99,79|22,52|28,14|5,26|83,32|79,84|63,99|52,7|32,66|7,33|83,20|66,28|13,16|83,5|98,64|26,98|83,22|20,13/83,84=83,63,99,79,84
13,93|33,77|51,70|78,11|9,54|54,40|28,58|28,22|77,87|87,25|28,51|58,64|70,66|28,33|28,14|64,78|66,38|93,0|22,13|14,9/28,11=28,58,64,78,11
2,77|79,39|79,12|79,81|79,25|64,30|12,29|4,27|54,64|14,1|73,76|22,41|25,54|79,73|86,4|76,14|39,86|81,33|33,22|29,2/79,27=79,39,86,4,27
86,16|50,65|50,41|51,72|63,38|18,28|38,71|50,89|65,86|41,77|50,69|12,51|69,12|28,17|44,63|50,44|77,66|89,18|16,20|66,35/50,17=50,89,18,28,17
90,35|59,78|36,10|96,60|84,97|21,36|55,5|4,54|59,90|10,62|35,33|33,40|67,46|59,96|46,57|59,4|78,67|59,21|54,55|60,84/59,5=59,4,54,55,5
27,82|27,19|48,81|27,49|16,48|30,73|19,15|70,4|25,30|65,3|56,24|15,65|49,25|27,16|82,0|68,70|81,92|0,56|27,26|26,68/27,73=27,49,25,30,73
63,18|88,84|86,13|17,66|45,30|54,63|86,16|51,83|86,22|66,79|97,73|86,38|76,51|86,45|16,76|22,54|13,17|30,97|38,88|84,59/86,59=86,38,88,84,59
35,72|37,54|40,88|22,77|88,35|22,21|21,90|22,94|78,49|63,0|90,37|86,52|87,15|94,82|82,87|49,63|22,40|77,86|52,59|22,78/22,54=22,21,90,37,54
67,75|95,81|59,78|2,53|62,6|58,69|81,33|84,49|2,59|6,92|30,58|2,15|56,8|49,67|94,30|78,56|53,62|2,94|2,84|15,95/2,33=2,15,95,81,33
87,78|64,7|91,53|91,88|91,32|91,63|85,29|32,58|37,39|63,83|83,64|58,37|74,61|69,87|53,69|89,74|88,85|61,10|29,43|91,89/91,43=91,88,85,29,43
77,82|11,8|87,71|81,65|14,11|45,81|65,90|93,0|77,50|77,95|33,93|66,87|82,66|50,33|77,14|95,28|77,45|8,20|28,35|35,94/77,0=77,50,33,93,0
16,19|69,93|98,61|16,79|16,53|16,90|93,76|49,38|61,39|79,27|24,18|19,69|96,24|38,70|27,51|90,96|70,77|16,49|51,0|53,98/16,77=16,49,38,70,77
85,87|38,14|80,28|28,3|38,85|24,96|29,26|97,80|38,20|87,0|26,24|0,81|56,21|38,29|21,69|20,56|14,33|8,83|33,8|38,97/38,96=38,29,26,24,96
59,88|69,63|60,41|33,45|21,71|15,83|5,69|71,25|45,47|21,5|21,59|63,80|18,93|21,33|47,36|21,35|25,60|35,46|46,15|88,18/21,93=21,59,88,18,93
1,94|57,13|39,62|17,35|15,58|78,15|34,66|13,39|60,78|43,34|52,17|20,24|86,20|86,60|66,98|86,57|86,11|24,1|86,43|11,52/86,35=86,11,52,17,35
31,50|35,91|61,83|88,93|1,34|17,97|34,61|57,75|14,88|39,80|76,57|21,17|56,14|54,76|80,21|39,54|91,31|39,35|39,1|39,56/39,50=39,35,91,31,50
20,50|85,18|12,32|65,49|67,83|44,67|32,85|50,19|83,73|17,65|80,25|44,17|49,56|44,33|47,63|33,20|73,94|44,12|63,80|44,47/44,19=44,33,20,50,19
96,57|11,90|96,60|9,77|12,5|96,12|30,28|28,47|98,9|63,58|96,95|44,98|96,44|57,63|81,11|58,15|5,6|60,30|95,81|6,59/96,15=96,57,63,58,15
1,70|50,80|28,81|52,39|80,95|28,1|81,50|70,26|3,19|2,49|55,96|62,55|12,2|26,0|39,3|28,72|58,12|28,58|28,52|72,62/28,95=28,81,50,80,95
39,52|67,1|65,67|12,90|1,93|65,35|65,31|88,34|45,30|65,53|30,66|35,88|53,21|22,12|31,45|93,81|90,74|34,28|65,22|21,39/65,66=65,31,45,30,66
88,60|16,82|91,15|75,93|16,64|16,23|60,78|45,86|72,45|64,28|39,20|54,68|16,77|20,91|68,62|28,75|23,72|77,54|82,88|16,39/16,15=16,39,20,91,15
18,51|75,23|88,1|68,14|12,0|24,90|94,24|12,58|73,75|90,11|58,68|12,13|21,33|12,21|13,7|33,88|12,94|14,89|7,18|0,73/12,1=12,21,33,88,1
87,22|17,26|78,15|81,34|41,13|81,10|81,88|18,16|10,18|22,37|61,78|81,77|77,87|80,54|16,85|34,61|54,17|88,41|13,23|81,80/81,85=81,10,18,16,85
55,18|17,77|88,16|49,17|97,29|23,59|55,97|55,63|41,88|8,72|29,94|59,73|72,10|63,49|55,96|10,68|55,8|94,58|96,23|18,41/55,68=55,8,72,10,68
48,24|69,79|81,75|3,25|0,1|14,46|32,48|3,14|89,0|84,33|3,30|46,69|17,47|3,89|30,17|33,81|3,84|1,91|25,32|47,49/3,75=3,84,33,81,75
38,6|28,98|59,41|71,38|4,27|8,42|2,87|56,4|87,8|7,71|41,11|6,77|7,2|7,59|27,92|35,28|7,56|7,0|11,50|0,35/7,92=7,56,4,27,92
27,56|39,27|18,9|77,55|13,10|10,77|13,42|71,12|97,44|13,60|55,38|12,21|13,39|60,18|13,71|42,35|35,97|56,69|9,62|21,73/13,38=13,10,77,55,38
53,89|58,67|53,58|53,9|9,92|19,75|78,60|92,19|33,84|53,95|56,25|84,37|60,17|67,4|50,45|95,33|4,7|45,56|53,50|89,78/53,25=53,50,45,56,25
83,91|66,69|63,36|6,83|36,82|98,70|69,10|38,21|91,28|38,6|38,26|21,63|26,66|27,50|38,80|70,24|80,2|19,98|2,27|38,19/38,24=38,19,98,70,24
56,15|80,29|34,48|33,84|74,4|72,3|25,72|64,33|48,38|38,79|64,25|64,34|64,41|64,24|41,10|84,80|24,66|66,56|3,91|10,74/64,4=64,41,10,74,4
61,8|14,82|36,77|62,91|22,62|34,14|36,63|89,15|76,28|63,10|15,26|41,34|36,31|10,61|77,89|36,22|36,41|45,76|91,66|31,45/36,66=36,22,62,91,66
48,26|38,49|15,52|24,94|5,66|14,68|83,95|95,21|65,15|96,48|96,38|96,24|26,16|94,14|96,83|96,65|49,5|52,28|16,3|21,25/96,28=96,65,15,52,28
64,70|19,56|70,24|47,34|47,92|85,91|17,5|58,63|57,9|92,86|47,72|86,57|72,39|39,85|47,68|47,19|76,17|34,64|68,76|56,58/47,91=47,72,39,85,91
26,8|27,88|26,69|15,4|69,23|16,75|23,99|30,77|63,1|77,76|26,40|88,16|4,87|26,30|76,74|26,27|1,61|99,54|8,63|40,15/26,75=26,27,88,16,75
38,69|23,98|69,58|84,1|38,46|58,78|38,77|77,9|1,61|43,40|41,43|7,64|65,41|9,7|78,45|38,23|46,84|38,65|16,55|98,16/38,40=38,65,41,43,40
30,25|67,95|29,90|33,18|34,96|33,34|33,70|31,29|96,13|33,77|70,72|90,41|18,67|77,30|33,31|9,65|95,83|25,19|13,58|72,9/33,58=33,34,96,13,58
67,41|67,90|40,87|4,97|82,22|1,74|97,96|35,44|88,43|44,69|41,4|87,91|90,40|69,77|67,35|67,25|43,1|67,88|25,82|22,57/67,77=67,35,44,69,77
85,8|68,95|98,24|78,49|48,68|24,72|9,63|56,78|72,89|12,3|63,56|9,6|99,18|9,48|9,99|95,52|3,34|18,85|6,12|9,98/9,34=9,6,12,3,34
11,86|12,80|74,97|85,18|12,10|70,26|23,74|12,85|12,4|49,66|86,28|80,23|26,69|12,41|18,96|96,15|95,49|10,11|41,70|4,95/12,15=12,85,18,96,15
29,34|11,83|70,16|29,20|62,22|95,11|13,96|93,95|34,54|96,6|72,15|29,70|29,93|16,73|20,72|15,8|73,78|29,13|54,62|6,30/29,78=29,70,16,73,78
24,59|39,37|63,51|24,34|37,11|56,74|11,36|6,84|0,18|83,63|24,83|24,0|34,6|2,88|13,2|24,39|59,13|18,56|84,9|51,65/24,74=24,0,18,56,74
61,33|68,74|71,17|71,79|6,51|71,52|29,9|52,6|80,29|96,87|84,96|9,35|71,80|79,84|71,68|17,40|98,91|40,61|51,63|74,98/71,87=71,79,84,96,87
49,48|93,56|36,46|50,78|50,49|73,44|50,10|19,39|64,93|10,19|81,40|39,79|48,73|2,36|78,64|46,34|50,2|40,1|47,81|50,47/50,44=50,49,48,73,44
80,70|28,35|54,83|80,28|38,45|32,71|57,64|64,96|36,9|80,57|96,12|52,30|35,38|70,54|80,48|30,59|48,52|9,32|83,3|80,36/80,71=80,36,9,32,71
82,47|29,45|51,43|38,86|32,74|99,51|1,82|38,29|38,57|69,21|98,46|54,40|27,64|45,69|86,1|57,99|46,32|64,54|38,27|38,98/38,47=38,86,1,82,47
81,49|7,64|85,90|73,81|6,75|59,8|8,14|4,74|1,73|85,86|75,48|86,7|85,1|85,17|97,4|64,13|47,59|17,97|90,6|85,47/85,74=85,17,97,4,74
54,76|13,63|71,16|15,98|93,54|0,64|89,36|64,71|34,61|89,1|89,23|60,13|43,34|89,0|69,24|1,60|89,15|36,93|23,43|98,69/89,16=89,0,64,71,16
89,59|80,7|52,93|5,80|4,75|5,24|75,23|5,89|34,13|63,34|7,36|59,52|5,45|24,4|46,28|5,63|45,46|28,48|36,39|13,37/5,39=5,80,7,36,39
74,92|60,14|34,16|16,2|63,6|20,38|6,27|10,51|60,91|76,52|92,28|14,63|2,48|52,10|60,76|57,20|91,57|31,74|60,34|60,31/60,27=60,14,63,6,27
12,86|96,21|96,78|44,54|43,2|36,43|91,83|78,19|61,23|19,91|20,36|46,98|98,57|23,12|59,44|96,61|57,41|21,59|96,20|96,46/96,2=96,20,36,43,2
51,41|29,3|80,84|48,51|29,82|75,11|29,48|27,46|41,92|11,17|35,27|29,91|84,21|91,75|3,35|45,83|82,80|83,78|29,45|78,73/29,17=29,91,75,11,17
15,73|16,67|24,77|77,84|64,43|43,42|67,18|54,16|91,53|3,49|53,48|45,15|73,72|91,45|91,64|84,92|48,3|91,24|91,54|42,96/91,96=91,64,43,42,96
81,32|60,46|98,28|58,87|62,31|62,98|27,51|4,88|92,60|62,58|28,49|88,93|62,59|87,81|51,64|59,92|55,27|49,47|62,55|31,4/62,32=62,58,87,81,32
94,80|35,11|37,30|87,35|57,22|13,65|13,57|65,87|30,34|63,0|0,39|13,98|75,37|98,69|22,51|69,94|51,88|13,75|13,63|39,46/13,88=13,57,22,51,88
92,50|64,9|74,19|48,2|90,97|71,48|35,64|19,84|90,29|88,8|8,33|90,43|43,7|90,35|90,71|9,96|7,92|2,41|29,88|97,74/90,84=90,97,74,19,84
53,91|43,53|37,66|59,89|76,33|84,0|43,52|52,77|43,59|10,15|91,37|65,22|77,65|43,76|74,72|72,8|43,71|71,74|89,84|33,10/43,15=43,76,33,10,15
25,98|8,31|36,39|66,0|31,37|30,2|43,30|44,3|36,53|53,66|37,56|36,23|21,25|0,12|39,43|36,18|23,21|36,8|18,92|92,44/36,56=36,8,31,37,56
72,66|24,90|56,72|86,96|56,12|99,91|14,80|96,43|12,94|94,24|28,51|93,52|52,99|67,14|56,93|56,87|87,86|66,28|83,67|56,83/56,90=56,12,94,24,90
63,36|96,2|63,52|38,11|63,51|63,96|32,20|51,47|2,38|54,95|36,5|8,54|95,88|52,56|59,9|68,62|47,68|63,8|5,32|56,59/63,62=63,51,47,68,62
17,36|23,70|36,3|76,16|47,54|75,93|71,29|85,45|29,17|54,57|71,56|98,23|49,76|71,21|56,49|71,15|21,98|71,85|45,75|15,47/71,57=71,15,47,54,57
38,58|68,63|58,47|80,50|99,48|48,79|98,40|7,80|57,7|63,71|47,90|38,68|38,99|38,57|79,20|71,81|90,31|93,24|38,98|40,93/38,20=38,99,48,79,20
69,70|45,63|17,38|60,33|62,16|62,25|62,2|70,10|63,17|33,32|2,60|62,90|25,69|97,75|75,79|62,45|56,78|16,97|96,56|90,96/62,32=62,2,60,33,32
77,84|5,92|7,70|99,94|10,96|38,40|77,27|94,10|77,99|91,97|32,38|84,62|77,21|62,43|27,34|43,68|77,5|34,91|92,7|21,32/77,70=77,5,92,7,70
90,35|81,64|59,46|46,67|84,74|69,81|71,48|71,90|31,56|56,95|48,42|95,6|51,69|29,59|42,84|12,34|71,29|35,12|71,51|71,31/71,74=71,48,42,84,74
92,84|80,99|47,13|54,33|10,80|73,92|47,32|42,56|32,48|47,31|48,34|35,62|31,73|62,2|47,54|47,88|33,42|13,10|34,12|88,35/47,99=47,13,10,80,99
70,85|71,76|82,14|28,98|28,9|28,50|27,82|42,47|29,69|98,48|28,17|85,25|28,70|22,42|50,7|25,39|17,22|48,71|7,29|9,27/28,14=28,9,27,82,14
27,59|97,20|40,46|48,32|97,12|97,40|59,36|46,14|20,48|93,23|97,43|97,93|53,72|14,30|86,34|23,53|43,27|32,0|68,86|12,68/97,36=97,43,27,59,36
61,62|33,83|72,59|72,81|72,84|57,95|68,52|72,45|98,61|67,39|72,60|84,13|59,38|83,12|60,98|45,33|81,71|13,57|71,68|38,67/72,95=72,84,13,57,95
11,34|65,54|62,86|53,96|87,35|32,29|88,2|82,25|7,11|88,65|96,87|88,53|2,91|88,16|16,84|58,7|84,32|54,82|88,58|91,62/88,34=88,58,7,11,34
56,45|85,68|18,90|51,97|75,1|87,85|3,51|16,65|66,50|73,18|32,3|82,73|32,81|97,89|32,56|32,82|65,66|32,16|45,75|81,87/32,50=32,16,65,66,50
13,93|33,77|51,70|66,38|9,54|54,40|28,58|28,22|77,78|78,11|28,51|58,64|70,87|28,33|28,14|64,66|87,25|93,0|22,13|14,9/28,11=28,33,77,78,11
88,51|49,0|31,81|49,31|49,5|48,58|78,17|49,30|17,64|30,50|5,88|64,40|50,35|44,94|75,48|0,75|51,67|35,23|49,78|81,44/49,94=49,31,81,44,94
66,97|37,66|37,3|84,65|37,31|7,44|45,55|28,47|55,54|31,5|37,45|65,89|54,29|3,84|97,28|73,2|2,78|37,73|78,26|5,7/37,44=37,31,5,7,44
34,83|17,21|21,61|84,49|17,11|15,80|27,39|7,60|39,34|81,84|17,38|71,7|17,27|13,52|11,81|60,58|38,15|61,13|17,71|80,35/17,49=17,11,81,84,49
49,79|1,4|51,46|55,85|39,51|45,39|79,1|14,45|14,49|40,55|99,40|33,93|14,29|14,99|93,30|29,22|26,12|14,33|30,95|22,26/14,12=14,29,22,26,12
32,14|14,44|97,81|9,7|62,29|32,80|46,65|55,53|7,97|44,46|53,93|12,96|80,38|29,12|58,55|50,47|32,9|32,58|32,62|38,50/32,47=32,80,38,50,47
56,50|62,20|50,28|41,5|43,41|45,82|99,62|99,58|64,27|2,43|38,45|28,30|20,17|27,39|99,7|58,64|99,2|99,56|7,38|17,95/99,5=99,2,43,41,5
95,32|19,74|40,80|65,94|72,50|70,40|70,65|17,2|47,81|80,72|70,95|92,51|32,19|70,92|36,24|51,76|94,36|76,91|70,47|81,17/70,74=70,95,32,19,74
65,17|73,13|17,44|39,98|98,63|2,73|16,65|63,22|68,16|68,78|81,84|68,2|66,86|91,81|13,18|78,91|89,66|68,89|68,39|86,46/68,84=68,78,91,81,84
82,67|49,58|13,41|5,72|92,79|67,35|13,5|13,36|45,92|13,78|79,26|72,88|41,82|88,38|96,49|84,63|13,45|36,96|78,84|63,33/13,38=13,5,72,88,38
75,57|60,11|37,65|83,93|93,75|30,26|31,60|64,1|46,35|26,64|68,79|7,69|94,7|46,30|46,37|65,68|46,45|46,83|35,94|45,31/46,79=46,37,65,68,79
10,32|32,87|92,95|92,63|11,0|92,88|69,11|24,71|92,99|53,58|63,69|95,53|61,85|97,74|88,10|99,18|92,24|18,97|71,61|58,84/92,85=92,24,71,61,85
65,44|58,87|33,5|54,97|94,55|31,83|34,54|92,33|95,26|35,41|34,6|83,35|4,58|34,95|6,92|87,49|97,65|34,4|26,94|34,31/34,41=34,31,83,35,41
29,66|90,40|25,80|40,76|52,0|1,10|76,93|32,29|65,4|35,65|35,90|24,32|35,75|85,92|35,24|35,85|4,1|0,46|92,25|75,52/35,46=35,75,52,0,46
94,22|29,62|8,9|78,41|85,31|86,35|29,78|29,94|60,96|96,0|41,85|22,42|29,89|6,86|42,93|9,51|89,8|29,60|62,6|0,18/29,31=29,78,41,85,31
7,4|66,72|65,14|67,10|68,38|4,44|66,5|38,1|60,41|66,82|5,68|72,65|66,7|14,52|82,67|66,19|44,13|36,60|19,36|10,28/66,41=66,19,36,60,41
18,59|22,66|16,22|66,8|13,1|18,19|95,64|69,71|59,69|65,34|84,78|18,65|19,91|37,13|71,89|91,95|18,16|1,44|34,84|18,37/18,64=18,19,91,95,64
15,20|0,13|67,17|4,39|68,4|15,21|21,82|47,68|60,67|17,50|15,47|15,0|70,64|15,60|13,70|49,84|19,49|94,52|82,94|20,19/15,64=15,0,13,70,64
87,22|17,26|16,85|81,34|41,78|81,10|81,88|18,13|10,18|22,37|61,16|81,77|77,87|80,54|13,23|34,61|54,17|88,41|78,15|81,80/81,85=81,34,61,16,85
4,86|2,15|2,4|81,88|58,97|55,81|1,71|62,58|22,93|38,14|15,1|88,51|2,55|56,38|97,52|86,22|2,62|71,63|14,95|2,56/2,51=2,55,81,88,51
4,30|62,23|97,11|23,61|61,39|95,46|49,35|53,5|97,95|97,15|15,78|11,28|28,1|35,82|82,63|1,25|46,53|78,4|97,49|97,62/97,25=97,11,28,1,25
79,48|65,80|47,13|83,11|80,83|2,96|48,35|57,21|35,38|1,5|96,47|2,79|78,57|2,65|91,24|13,50|16,78|2,1|5,91|2,16/2,50=2,96,47,13,50
54,29|29,91|34,56|50,65|19,40|89,34|54,93|93,0|65,86|86,45|54,50|24,89|54,98|99,96|37,6|98,7|0,19|7,37|54,24|91,99/54,6=54,98,7,37,6
3,64|75,10|0,98|73,12|53,68|10,96|12,77|0,3|0,75|68,40|39,73|64,83|82,26|0,69|96,23|0,39|83,94|98,53|26,52|69,82/0,94=0,3,64,83,94
99,62|16,73|12,98|63,83|26,12|14,34|83,16|62,5|14,63|14,70|70,23|23,45|66,57|14,99|57,81|5,71|14,78|34,66|78,26|45,50/14,98=14,78,26,12,98
79,46|71,45|46,0|22,37|22,99|48,30|30,90|22,79|22,48|34,32|0,73|99,62|6,97|22,71|32,49|62,6|90,13|45,94|37,34|94,92/22,73=22,79,46,0,73
80,79|25,46|9,60|93,53|37,64|58,37|82,87|62,25|46,17|22,9|58,93|59,40|77,21|28,22|79,59|64,77|58,80|53,82|58,62|58,28/58,17=58,62,25,46,17
79,23|79,49|28,98|79,12|79,64|49,13|27,38|9,29|45,50|12,9|64,28|79,27|13,35|38,45|35,61|98,96|29,32|23,24|24,74|74,63/79,63=79,23,24,74,63
86,64|23,33|3,39|37,42|64,37|99,3|78,49|52,69|31,23|31,35|31,99|49,98|31,86|31,52|69,5|5,11|33,43|35,78|43,76|39,14/31,76=31,23,33,43,76
46,93|94,72|45,53|90,55|55,54|54,15|53,89|90,42|90,70|50,13|15,24|93,8|88,50|70,88|90,94|72,12|12,41|8,26|42,45|90,46/90,89=90,42,45,53,89
89,38|61,90|49,87|52,58|10,49|90,52|58,60|20,10|92,25|93,39|83,93|39,31|61,83|61,55|6,89|55,92|76,6|61,76|61,20|25,17/61,87=61,20,10,49,87
59,8|58,15|80,65|20,1|8,72|82,12|35,57|35,5|35,82|1,63|57,20|5,25|81,9|35,11|12,58|65,96|11,59|98,80|35,98|25,81/35,63=35,57,20,1,63
40,95|58,98|60,49|68,27|9,68|27,74|61,97|49,58|72,46|37,61|70,40|72,21|72,9|46,4|25,37|94,38|21,70|4,94|72,25|72,60/72,95=72,21,70,40,95
27,81|57,25|64,55|35,6|6,27|89,36|35,64|35,30|25,56|55,89|1,79|35,57|3,76|79,50|76,28|66,3|30,1|56,45|35,66|81,42/35,50=35,30,1,79,50
69,52|97,82|52,13|55,19|0,93|64,23|23,79|28,69|28,97|82,0|13,35|79,66|28,22|19,18|65,44|44,48|28,64|28,38|22,55|38,65/28,35=28,69,52,13,35
38,84|80,25|81,9|48,42|25,69|26,15|84,48|63,29|49,3|69,52|9,74|74,41|81,92|92,63|15,49|81,38|29,32|81,80|81,26|41,2/81,52=81,80,25,69,52
74,92|60,14|34,16|16,20|63,2|6,27|2,48|10,51|60,91|76,52|92,28|14,63|20,38|52,10|60,76|57,6|91,57|31,74|60,34|60,31/60,27=60,91,57,6,27
79,81|30,44|72,51|72,43|90,3|44,39|6,53|88,90|98,94|69,84|27,6|72,69|72,50|72,48|51,30|43,27|50,12|12,98|84,79|48,88/72,53=72,43,27,6,53
82,30|57,99|25,63|57,84|57,64|54,86|84,22|21,85|79,31|99,93|16,5|93,21|22,25|86,94|31,33|5,82|57,16|57,79|33,88|64,54/57,88=57,79,31,33,88
27,92|18,29|46,74|45,8|94,25|96,7|46,27|74,45|46,42|46,94|8,47|12,70|92,79|70,2|46,97|25,96|29,54|42,12|79,40|97,18/46,47=46,74,45,8,47
90,78|77,84|45,18|11,90|5,87|77,16|16,10|30,28|76,71|22,85|46,59|87,30|99,79|10,22|79,76|59,45|77,99|84,11|77,46|77,5/77,85=77,16,10,22,85
1,62|66,22|71,74|11,52|67,2|74,85|2,70|67,16|60,66|85,33|67,71|16,50|50,94|94,96|61,24|67,64|70,61|64,60|67,1|62,11/67,96=67,16,50,94,96
14,93|14,10|26,9|42,87|87,51|62,30|9,44|86,46|30,45|55,31|14,86|10,42|85,91|66,26|14,4|93,62|46,55|4,15|14,66|15,85/14,51=14,10,42,87,51
54,42|12,4|12,65|4,52|38,56|52,38|65,54|43,77|21,43|24,21|17,81|12,76|42,59|63,72|81,32|12,24|12,97|76,17|72,8|97,63/12,56=12,4,52,38,56
56,44|93,71|30,2|53,47|98,93|30,76|30,11|30,56|11,43|84,4|33,42|43,33|76,98|58,53|44,88|4,19|30,39|2,84|88,51|39,58/30,42=30,11,43,33,42
12,88|51,81|65,2|26,65|31,84|69,51|24,12|24,69|84,3|70,8|24,26|2,59|8,46|24,28|3,27|81,71|88,14|24,31|28,70|14,79/24,59=24,26,65,2,59
28,18|94,74|28,95|95,56|28,94|28,98|18,81|81,41|50,17|53,11|17,30|49,60|41,68|11,24|56,86|28,50|74,49|98,53|86,3|30,34/28,68=28,18,81,41,68
63,20|40,29|75,63|65,51|32,91|40,82|51,47|41,79|76,32|40,90|47,67|40,76|88,56|91,92|57,41|56,95|40,65|90,75|82,57|29,88/40,20=40,90,75,63,20
20,65|63,38|78,34|68,62|26,52|30,20|95,36|81,60|57,63|95,81|52,44|62,28|95,68|95,57|65,1|38,70|28,79|36,26|95,30|60,78/95,44=95,36,26,52,44
37,85|59,54|10,14|99,98|54,52|47,42|37,47|11,81|87,38|37,16|37,59|98,2|85,87|2,36|42,10|52,33|37,99|38,34|81,15|16,11/37,14=37,47,42,10,14
15,76|19,18|67,87|40,97|54,63|36,95|40,89|5,84|40,67|97,15|87,19|16,2|83,46|40,54|89,45|63,16|40,83|76,68|45,36|46,5/40,18=40,67,87,19,18
94,35|69,32|23,85|19,94|10,73|32,1|10,12|12,19|84,46|14,9|10,91|77,69|87,14|15,84|91,23|73,15|10,74|74,87|10,77|85,59/10,46=10,73,15,84,46
44,12|79,11|94,9|34,22|22,25|17,44|0,96|96,1|29,18|5,17|9,79|29,0|1,86|88,15|54,19|29,94|18,34|29,54|29,5|19,88/29,11=29,94,9,79,11
12,77|28,96|13,48|92,20|13,47|72,40|47,84|71,24|13,51|84,12|40,71|20,9|18,63|51,18|87,28|63,33|26,92|13,26|13,72|48,87/13,77=13,47,84,12,77
71,91|99,41|51,6|21,10|19,75|70,94|31,3|71,70|7,80|41,88|71,7|91,99|30,57|75,31|92,74|80,51|10,30|94,92|71,21|71,19/71,57=71,21,10,30,57
20,27|48,19|49,6|88,77|5,89|5,30|5,60|30,33|31,68|27,49|11,88|5,46|60,11|8,24|89,31|5,20|33,8|68,28|19,69|46,48/5,24=5,30,33,8,24
18,89|46,10|74,88|46,52|59,74|70,32|7,98|82,77|10,9|88,31|46,6|52,22|46,59|89,57|54,18|30,70|9,82|6,30|22,7|46,54/46,57=46,54,18,89,57
65,6|4,8|30,99|10,4|10,90|99,63|10,30|90,21|53,69|97,33|63,59|69,75|33,56|38,64|10,15|10,97|56,83|21,65|15,53|8,38/10,75=10,15,53,69,75
12,65|52,61|72,20|59,10|13,89|14,28|59,68|68,72|59,52|36,58|23,14|51,99|10,45|20,94|28,35|59,23|59,13|61,36|45,12|89,51/59,58=59,52,61,36,58
97,8|16,27|49,4|51,38|64,29|4,61|73,55|27,88|85,14|29,45|85,58|85,73|55,97|35,64|61,41|85,49|14,43|85,35|58,16|43,51/85,8=85,73,55,97,8
54,0|81,86|87,54|16,69|87,11|71,70|70,49|40,68|87,40|11,7|87,22|87,81|99,36|72,8|86,72|15,66|0,15|68,16|22,71|7,99/87,49=87,22,71,70,49
93,35|4,29|37,63|76,68|33,76|70,57|87,4|87,8|63,69|35,82|29,96|96,9|1,41|41,70|8,37|87,93|45,33|87,45|87,1|82,71/87,69=87,8,37,63,69
96,3|3,62|62,4|5,28|28,44|72,59|78,40|96,60|75,78|96,80|96,7|53,88|80,72|59,55|7,47|4,71|96,75|47,53|40,19|60,5/96,44=96,60,5,28,44
79,33|4,16|69,56|77,62|76,51|32,26|69,70|58,44|16,79|69,77|62,32|52,76|69,4|70,52|12,10|86,50|56,12|10,29|50,58|69,86/69,51=69,70,52,76,51
92,68|20,0|59,12|11,70|12,3|34,53|34,11|3,26|34,59|16,39|21,20|49,21|39,47|53,16|70,69|69,37|34,83|83,17|17,92|34,49/34,37=34,11,70,69,37
90,35|59,78|36,55|96,60|10,62|21,36|84,97|4,54|59,90|55,5|35,33|33,40|67,46|59,96|46,57|59,4|78,67|59,21|54,84|60,10/59,5=59,21,36,55,5
24,64|36,33|7,42|44,66|63,32|33,10|77,36|58,48|7,24|7,52|52,44|70,19|66,92|7,77|26,63|19,55|64,58|7,79|42,26|79,70/7,32=7,42,26,63,32
89,62|33,14|55,35|86,18|35,76|86,33|86,8|18,89|19,87|15,88|86,26|26,55|14,19|99,61|8,60|49,15|86,49|88,69|60,99|62,44/86,69=86,49,15,88,69
34,65|26,55|26,32|7,71|52,48|65,13|48,80|91,7|55,52|26,4|43,59|33,34|32,57|0,39|26,33|57,43|71,61|39,96|4,0|26,91/26,61=26,91,7,71,61
9,5|34,13|51,97|80,55|34,93|45,41|86,49|49,8|5,80|48,51|96,91|13,1|27,48|1,73|91,45|34,27|34,96|73,2|93,86|34,9/34,8=34,93,86,49,8
20,51|93,31|40,70|70,11|90,3|35,43|5,93|14,90|48,0|3,42|5,14|51,33|5,65|88,35|33,78|31,48|5,20|65,40|50,88|5,50/5,42=5,14,90,3,42
25,35|35,15|16,43|7,59|15,58|12,78|73,64|93,10|10,8|9,92|92,7|9,47|59,11|9,12|47,93|94,75|78,16|9,25|9,94|75,73/9,8=9,47,93,10,8
74,2|74,60|2,9|30,51|41,30|51,28|65,69|69,40|60,7|68,49|74,50|74,41|25,1|74,65|9,25|7,56|42,68|56,95|40,44|50,42/74,49=74,50,42,68,49
53,39|66,92|66,5|78,53|97,22|46,17|26,31|66,59|92,46|17,80|55,78|8,97|31,86|75,88|77,8|98,75|66,55|59,98|66,77|5,26/66,88=66,59,98,75,88
0,44|76,75|44,58|21,79|39,76|64,28|64,42|41,92|64,74|74,73|73,41|75,40|79,85|85,23|42,0|64,39|99,77|64,21|66,99|28,66/64,23=64,21,79,85,23
97,43|82,97|61,10|30,72|43,70|18,55|10,18|33,30|24,83|65,87|24,61|73,52|98,33|76,73|42,65|0,42|24,98|24,82|24,0|83,76/24,70=24,82,97,43,70
24,96|6,33|81,20|6,40|12,59|88,71|20,12|22,1|28,47|71,15|6,73|6,41|47,93|73,28|6,81|96,18|7,22|33,7|40,88|41,24/6,59=6,81,20,12,59
28,58|27,93|28,54|28,29|89,77|29,60|77,75|28,45|60,11|45,46|11,84|58,98|28,37|46,83|37,21|21,27|54,89|14,91|98,14|83,87/28,84=28,29,60,11,84
40,64|93,85|93,1|52,61|1,13|95,10|8,86|80,8|14,52|13,33|2,95|99,80|85,2|36,40|93,14|33,37|61,24|93,82|82,36|93,99/93,37=93,1,13,33,37
99,80|5,6|1,41|15,62|7,1|69,99|13,44|62,23|71,3|69,15|56,16|69,7|41,12|69,5|23,18|2,39|16,2|80,71|69,56|6,13/69,18=69,15,62,23,18
3,14|3,31|3,27|81,65|65,54|51,22|77,90|22,89|35,1|8,40|41,99|61,30|3,41|31,81|3,8|67,61|40,77|27,51|99,35|14,67/3,1=3,41,99,35,1
88,21|92,53|9,88|3,30|3,68|3,42|31,38|70,78|42,92|95,80|1,67|3,79|19,31|80,1|78,4|68,9|79,19|53,98|30,70|3,95/3,67=3,95,80,1,67
24,59|89,95|14,89|7,37|24,76|24,61|25,36|59,69|30,96|53,21|95,32|69,7|67,2|96,71|2,25|24,67|61,53|24,14|21,27|76,30/24,32=24,14,89,95,32
64,44|64,61|81,58|44,65|43,22|64,38|58,90|37,98|88,50|38,88|61,43|64,13|56,46|98,56|50,74|65,93|64,37|13,81|93,39|22,23/64,23=64,61,43,22,23
38,30|17,20|80,22|92,5|93,68|17,77|77,28|68,66|66,75|17,85|48,80|5,62|85,48|17,93|17,92|62,90|20,36|28,11|36,38|11,67/17,22=17,85,48,80,22
95,14|17,57|16,55|96,80|89,60|44,96|13,26|1,13|16,12|21,36|52,44|55,93|30,17|36,89|16,52|16,1|26,32|93,95|12,30|16,21/16,14=16,55,93,95,14
40,81|84,35|35,47|68,70|64,49|84,40|3,53|34,68|49,80|19,9|83,45|84,0|81,19|43,67|47,3|67,83|84,34|70,58|84,43|0,64/84,53=84,35,47,3,53
77,82|11,93|87,71|81,8|14,11|45,81|8,20|65,90|77,50|77,95|33,65|66,87|82,66|50,33|77,14|95,28|77,45|93,0|28,35|35,94/77,0=77,14,11,93,0
68,8|77,67|67,58|44,12|58,17|98,71|28,5|8,28|68,98|68,77|5,56|68,45|64,82|74,84|42,44|47,85|45,42|68,64|82,47|71,74/68,85=68,64,82,47,85
48,54|58,92|74,32|74,0|77,70|49,62|76,77|32,48|70,67|74,90|27,13|90,75|54,97|92,10|0,58|42,49|74,42|75,27|74,76|62,89/74,89=74,42,49,62,89
70,26|41,67|36,1|88,36|80,41|34,17|34,55|90,24|34,25|27,9|34,46|26,14|82,90|34,76|76,82|17,0|25,70|46,80|0,27|55,88/34,67=34,46,80,41,67
40,92|33,65|33,48|43,78|33,30|19,1|30,75|1,88|86,81|57,40|81,4|94,35|48,19|23,89|33,26|65,86|33,43|78,94|75,23|26,57/33,92=33,26,57,40,92
75,36|55,51|76,6|12,3|68,15|42,32|26,88|12,26|12,46|36,55|12,75|93,42|63,11|88,63|3,76|50,68|49,93|46,50|12,49|6,14/12,32=12,49,93,42,32
78,53|55,5|23,0|49,12|79,80|80,78|2,60|60,57|36,2|49,36|49,79|37,20|1,55|48,1|95,37|12,95|81,23|49,81|0,30|49,48/49,5=49,48,1,55,5
92,6|84,15|31,76|83,52|57,71|42,95|6,93|33,12|77,94|16,37|84,33|84,16|93,49|37,31|84,77|87,57|94,83|12,42|15,87|84,92/84,95=84,33,12,42,95
87,88|32,44|87,4|81,25|91,62|87,31|53,28|37,76|4,47|76,91|88,50|73,71|87,37|47,43|43,70|87,81|25,53|50,32|31,73|71,7/87,70=87,4,47,43,70
86,61|50,52|82,18|33,68|91,50|62,33|60,62|8,23|60,8|60,86|2,91|61,6|95,82|23,31|3,95|60,3|31,47|68,55|60,2|6,16/60,47=60,8,23,31,47
81,6|66,34|95,22|66,36|66,12|87,92|32,87|28,32|12,64|6,15|96,52|93,84|34,81|8,93|48,95|66,28|22,43|66,48|64,96|36,8/66,92=66,28,32,87,92
11,69|18,28|32,18|11,90|92,3|69,99|29,93|3,60|77,12|31,32|61,92|70,84|12,10|11,61|11,31|11,77|99,70|10,43|90,29|93,73/11,43=11,77,12,10,43
78,70|35,15|95,50|55,12|16,25|12,38|40,35|98,20|26,95|75,78|16,55|20,7|16,83|83,40|87,26|25,75|16,87|16,23|23,98|38,34/16,34=16,55,12,38,34
28,54|9,78|5,46|97,70|45,86|56,5|91,95|46,45|15,88|95,63|56,97|56,9|70,64|64,59|78,15|54,2|56,32|37,91|56,37|32,28/56,86=56,5,46,45,86
45,7|29,15|13,32|32,1|50,88|1,56|88,44|96,29|16,47|74,21|31,96|7,20|44,90|74,31|47,0|74,54|21,16|74,50|54,45|74,13/74,0=74,21,16,47,0
9,34|50,96|85,37|30,83|1,30|61,9|83,78|87,50|85,13|85,75|85,1|34,95|41,53|37,77|69,70|14,41|85,61|75,14|77,69|13,87/85,95=85,61,9,34,95
16,15|69,50|15,69|36,39|94,93|49,96|10,36|10,42|96,14|1,94|72,48|48,24|14,9|10,16|42,1|39,76|86,72|76,59|10,49|10,86/10,59=10,36,39,76,59
31,81|54,73|73,33|75,52|78,60|91,30|58,20|81,92|20,78|13,85|31,70|98,91|23,13|31,24|24,23|31,77|31,58|77,54|70,98|92,75/31,52=31,81,92,75,52
54,34|21,54|5,86|62,5|91,20|12,33|1,36|33,62|97,83|66,89|64,51|37,38|36,64|89,37|83,91|12,97|60,21|12,60|12,66|12,1/12,86=12,33,62,5,86
95,4|11,90|98,89|11,80|97,83|11,12|90,97|75,21|92,96|21,49|83,85|17,28|76,98|10,75|12,92|96,45|11,10|4,17|11,95|80,76/11,49=11,10,75,21,49
68,41|0,45|94,43|48,42|2,44|24,10|94,65|40,48|94,24|94,14|44,0|95,17|10,68|14,95|65,40|94,2|43,97|17,99|97,30|30,19/94,99=94,14,95,17,99
10,39|60,72|27,26|56,10|77,71|43,65|35,77|64,50|72,56|59,54|53,35|26,59|60,43|46,73|60,37|50,81|60,53|37,64|60,27|65,46/60,71=60,53,35,77,71
58,54|27,93|81,71|58,3|58,8|39,27|3,40|54,24|24,52|58,68|8,32|99,66|68,83|58,39|40,81|93,9|52,21|32,99|83,35|35,4/58,4=58,68,83,35,4
99,56|21,35|48,50|18,57|50,21|48,26|35,64|73,95|96,88|57,71|48,41|48,18|41,4|4,96|13,60|56,80|26,99|60,73|48,13|71,14/48,95=48,13,60,73,95
66,63|89,69|43,85|82,38|43,94|67,89|43,78|1,34|94,18|22,7|43,24|43,86|87,82|24,22|7,13|18,66|86,11|85,87|78,67|11,1/43,34=43,86,11,1,34
64,7|37,15|15,1|24,44|13,14|13,4|25,33|13,64|13,93|13,81|7,66|53,25|81,24|50,39|44,79|93,37|4,97|66,96|14,53|97,50/13,79=13,81,24,44,79
24,13|53,54|53,39|53,26|20,88|39,62|54,20|16,91|56,46|62,33|26,16|61,41|53,5|88,57|53,61|41,56|5,24|13,58|33,99|91,87/53,99=53,39,62,33,99
98,64|66,73|78,12|57,4|57,78|57,70|73,46|53,51|95,66|12,93|4,53|93,59|81,60|60,98|57,95|63,50|83,63|70,83|57,81|51,1/57,59=57,78,12,93,59
26,8|27,88|26,69|15,76|69,23|4,87|23,99|30,77|63,1|77,16|26,40|88,4|76,74|26,30|16,75|26,27|1,61|99,54|8,63|40,15/26,75=26,30,77,16,75
34,65|26,55|26,32|7,39|52,48|65,13|48,80|91,7|55,52|26,4|71,61|33,34|32,57|0,43|26,33|57,71|39,96|43,59|4,0|26,91/26,61=26,32,57,71,61
57,71|88,0|67,28|39,13|57,98|57,75|89,33|51,67|75,3|3,88|28,47|98,89|71,94|64,23|57,51|24,27|57,39|33,70|94,64|13,24/57,27=57,39,13,24,27
54,10|52,99|36,45|53,37|34,21|34,36|34,54|63,35|76,24|45,76|5,92|67,53|85,52|34,73|10,63|34,91|48,5|91,85|73,48|21,67/34,92=34,73,48,5,92
68,35|33,55|13,24|47,12|97,40|47,6|62,17|81,30|43,13|89,15|40,54|6,43|47,89|47,36|47,81|15,62|12,44|44,33|30,68|36,97/47,55=47,12,44,33,55
16,32|57,11|32,72|29,9|71,58|29,34|97,71|53,20|90,18|29,23|72,41|58,3|31,53|23,90|18,52|44,57|29,16|34,44|29,97|9,31/29,41=29,16,32,72,41
46,9|31,30|84,64|31,58|38,35|51,46|61,84|97,61|45,14|7,38|29,12|52,7|31,29|47,20|30,51|58,45|31,52|14,32|31,97|12,47/31,32=31,58,45,14,32
87,0|72,3|87,59|87,12|67,82|27,65|75,58|12,45|87,90|90,39|45,67|59,47|39,27|57,75|0,57|24,14|20,76|76,24|47,72|87,20/87,58=87,0,57,75,58
19,72|41,67|83,87|73,9|18,50|50,83|89,42|62,19|81,41|72,29|89,81|54,70|89,18|89,54|70,65|89,62|42,32|65,58|32,73|67,40/89,40=89,81,41,67,40
42,0|97,70|42,25|27,40|25,27|52,33|3,83|87,32|40,10|42,31|14,3|99,84|42,53|31,14|0,97|53,87|32,17|42,99|70,50|84,52/42,17=42,53,87,32,17
58,38|77,33|67,58|38,86|86,40|49,53|99,95|42,9|67,14|14,31|67,99|67,44|67,49|26,22|95,41|53,26|41,6|18,42|44,18|31,77/67,22=67,49,53,26,22
28,71|21,85|21,86|79,75|75,58|21,79|74,27|60,30|71,64|64,6|58,67|21,74|84,0|34,93|86,34|85,72|27,60|93,55|21,28|72,84/21,30=21,74,27,60,30
76,6|83,51|76,13|20,82|32,83|26,67|76,20|98,87|82,26|44,61|85,65|51,84|76,32|13,98|65,2|61,81|76,85|2,71|87,49|6,44/76,67=76,20,82,26,67
87,10|41,97|79,38|27,48|21,27|45,24|4,1|36,74|36,55|76,28|3,21|55,41|36,3|36,45|75,4|24,76|74,75|10,79|36,87|97,40/36,48=36,3,21,27,48
87,34|40,0|18,61|90,33|34,63|20,4|74,20|40,74|75,93|92,9|40,18|93,67|40,37|37,99|61,92|40,75|99,90|4,59|0,87|67,58/40,9=40,18,61,92,9
66,46|64,63|13,9|60,14|95,16|14,85|63,98|66,32|32,60|66,13|99,83|9,57|66,64|66,69|69,99|57,2|16,30|98,24|83,84|46,95/66,24=66,64,63,98,24
35,46|86,47|81,33|15,81|35,57|54,15|78,23|35,87|57,7|71,21|87,86|34,71|47,72|7,55|35,54|46,6|35,16|6,78|16,34|55,11/35,33=35,54,15,81,33
90,54|47,14|31,78|31,98|1,9|0,57|54,40|31,0|98,47|31,61|92,1|74,6|31,92|9,22|61,90|23,89|78,74|57,23|14,49|6,71/31,22=31,92,1,9,22
12,33|31,56|60,72|95,97|33,10|91,63|47,42|45,89|48,15|42,91|5,2|31,95|56,5|2,13|81,12|31,48|97,45|31,47|15,60|31,81/31,63=31,47,42,91,63
77,24|64,21|64,63|55,38|64,69|91,16|21,47|99,55|94,26|24,65|74,89|89,53|15,77|69,99|64,15|80,94|47,91|26,61|64,80|63,74/64,16=64,21,47,91,16
4,34|90,97|57,90|19,64|19,99|97,40|21,16|19,57|73,58|19,30|34,52|58,78|86,44|99,21|64,13|16,7|78,56|19,73|30,4|13,86/19,40=19,57,90,97,40
49,84|35,25|22,7|10,97|0,66|85,58|97,85|72,91|16,29|91,98|25,72|7,62|62,11|35,49|35,10|35,6|29,56|35,22|84,0|6,16/35,11=35,22,7,62,11
85,67|78,41|99,32|17,7|27,78|7,45|37,85|37,34|50,27|37,72|37,50|80,95|51,47|33,80|72,51|67,99|71,17|37,71|47,12|34,33/37,41=37,50,27,78,41
46,29|67,98|12,9|57,14|20,67|84,46|12,75|42,87|47,57|27,42|76,16|12,76|12,47|9,84|16,40|14,79|87,89|40,18|75,20|12,27/12,18=12,76,16,40,18
73,3|13,73|38,62|71,65|13,98|98,44|16,9|99,38|13,71|66,22|35,99|22,59|61,21|13,35|32,66|46,11|44,61|65,16|13,32|3,46/13,11=13,73,3,46,11
17,8|8,56|93,68|68,99|88,41|28,82|41,53|32,45|69,85|53,81|45,28|48,69|30,88|19,93|30,23|30,34|30,32|34,48|30,19|23,17/30,99=30,19,93,68,99
87,67|73,93|62,12|60,84|93,11|11,2|61,46|12,47|55,60|84,68|37,61|68,65|55,37|55,98|98,87|55,73|55,0|67,90|46,34|0,62/55,90=55,98,87,67,90
74,38|4,77|74,50|74,27|40,67|76,84|70,47|39,75|27,40|85,62|74,70|74,4|50,39|38,33|77,76|47,1|33,85|75,7|67,46|1,22/74,7=74,50,39,75,7
76,8|30,24|61,86|52,66|86,69|69,31|61,13|9,93|33,35|93,33|61,23|85,30|55,85|8,17|13,90|31,45|90,52|23,76|61,55|61,9/61,17=61,23,76,8,17
32,55|77,41|72,10|46,50|27,1|50,83|37,99|84,74|74,31|8,62|99,57|57,38|55,46|32,77|32,37|87,84|32,8|62,72|41,27|32,87/32,38=32,37,99,57,38
80,73|79,96|79,75|79,35|42,67|17,65|87,66|35,25|96,13|79,17|84,74|79,60|65,84|48,71|13,80|75,42|67,6|25,48|60,51|51,87/79,6=79,75,42,67,6
17,51|17,33|33,53|17,44|72,64|53,67|41,65|67,39|17,24|3,90|17,14|47,34|14,30|30,3|24,40|40,47|51,41|65,45|64,71|44,72/17,71=17,44,72,64,71
89,11|89,26|26,57|11,75|61,22|89,91|89,34|57,87|84,29|83,58|75,37|91,83|25,61|64,84|37,6|87,19|58,43|89,21|21,64|34,25/89,43=89,91,83,58,43
83,70|17,71|84,39|65,84|78,85|71,56|24,66|39,78|21,83|65,80|70,90|16,81|50,73|81,24|65,16|80,17|65,21|65,50|73,0|0,1/65,66=65,16,81,24,66
2,97|74,2|20,47|99,91|69,30|63,74|21,57|47,75|21,80|98,84|21,99|80,20|49,52|52,69|91,83|83,43|21,49|87,98|21,63|57,87/21,43=21,99,91,83,43
55,54|67,47|21,56|88,55|71,67|63,80|54,18|82,70|47,73|21,15|80,92|21,82|21,88|48,25|10,53|21,71|56,63|15,10|53,17|70,48/21,73=21,71,67,47,73
54,70|48,23|61,66|90,54|42,77|9,90|49,30|28,4|42,34|30,16|4,75|42,9|42,49|40,55|42,61|34,11|16,74|66,40|11,48|77,28/42,75=42,77,28,4,75
52,9|92,11|51,13|99,79|29,83|79,56|52,59|56,33|9,63|52,91|81,15|52,99|94,81|59,94|63,92|52,64|83,86|13,54|64,29|91,51/52,11=52,9,63,92,11
56,89|62,1|92,74|77,82|37,39|37,36|89,33|37,20|39,62|58,40|74,84|82,88|33,24|28,58|37,28|20,92|36,77|1,46|40,41|37,56/37,41=37,28,58,40,41
40,19|62,2|63,80|40,28|60,9|40,62|36,14|4,86|75,68|15,36|28,15|80,90|90,91|40,63|83,4|2,20|9,75|40,60|19,83|20,97/40,14=40,28,15,36,14
81,31|61,76|5,74|16,1|30,28|21,16|1,63|25,81|28,89|30,61|14,69|44,58|30,14|76,5|69,44|30,21|31,10|82,79|30,25|89,82/30,58=30,14,69,44,58
78,55|58,67|13,58|4,5|13,4|70,6|5,90|83,39|25,16|63,48|13,51|13,57|57,83|90,42|51,63|67,70|39,27|55,25|48,77|13,78/13,16=13,78,55,25,16
89,62|33,14|55,88|86,18|88,69|86,33|86,8|18,89|19,87|15,99|86,26|26,55|14,19|35,76|8,60|49,15|86,49|99,61|60,35|62,44/86,69=86,26,55,88,69
65,12|79,58|14,43|16,48|38,40|16,65|45,53|49,3|32,14|12,79|53,91|48,45|40,49|16,38|70,25|97,59|13,32|16,13|59,70|16,97/16,25=16,97,59,70,25
71,99|40,6|75,33|47,66|1,82|35,90|66,58|95,1|82,19|99,16|60,9|60,2|9,71|60,35|83,47|2,75|33,15|60,95|60,83|90,40/60,58=60,83,47,66,58
54,20|87,99|75,14|93,56|93,94|94,53|39,18|53,87|56,86|48,75|14,43|93,39|76,33|18,5|33,73|93,49|93,48|49,76|86,54|5,36/93,36=93,39,18,5,36
50,92|9,23|32,90|72,61|82,63|39,82|13,15|32,13|61,59|32,72|59,56|78,39|90,74|74,80|32,78|23,50|52,54|80,24|32,9|15,52/32,54=32,13,15,52,54
82,59|99,98|16,56|32,25|59,26|57,42|26,93|91,1|82,67|18,91|68,22|82,16|22,96|82,95|95,18|82,99|93,33|67,68|56,57|98,32/82,33=82,59,26,93,33
12,14|73,63|9,12|68,57|16,9|29,78|73,42|73,16|42,61|60,72|63,68|73,44|80,40|44,62|73,99|61,60|62,29|40,83|99,80|57,27/73,27=73,63,68,57,27
79,86|79,44|59,25|75,21|73,63|44,50|21,94|82,16|50,70|16,23|70,15|86,73|94,60|79,75|79,12|63,51|12,93|0,82|79,0|93,59/79,23=79,0,82,16,23
56,38|5,57|94,59|11,18|57,20|2,83|74,73|86,88|4,5|88,35|59,11|56,2|56,94|38,85|56,4|85,29|83,74|35,51|56,86|29,76/56,73=56,2,83,74,73
91,16|32,26|87,6|55,63|90,43|91,32|80,47|18,55|16,25|26,93|91,58|93,65|8,90|25,87|91,18|83,80|43,54|63,40|91,8|58,83/91,65=91,32,26,93,65
0,63|78,52|26,9|14,31|20,78|3,82|39,73|73,3|92,14|12,20|1,26|6,0|63,53|39,6|82,64|39,74|74,92|39,12|39,1|9,50/39,64=39,73,3,82,64
94,85|26,22|68,24|57,68|98,84|67,95|57,26|57,10|85,75|24,23|57,94|84,49|41,47|57,67|10,98|21,43|23,78|95,41|75,9|22,21/57,43=57,26,22,21,43
54,95|41,28|38,75|81,21|70,6|72,43|75,13|81,84|81,70|76,41|81,38|1,40|22,97|6,1|81,72|43,54|13,49|21,76|84,22|97,92/81,28=81,21,76,41,28
97,47|95,79|86,64|43,77|53,39|81,20|69,38|79,6|6,89|81,53|39,86|81,97|81,95|55,69|77,30|67,55|61,91|47,61|20,43|81,67/81,64=81,53,39,86,64
5,59|61,87|5,98|59,89|5,13|63,93|47,75|89,90|93,23|13,61|12,57|75,77|10,12|87,85|26,63|57,42|90,4|98,47|5,10|5,26/5,4=5,59,89,90,4
43,39|17,83|99,70|90,1|29,76|36,7|7,25|90,45|70,14|90,17|1,29|90,50|45,36|64,89|89,67|60,99|90,60|50,64|76,98|83,43/90,67=90,50,64,89,67
95,99|12,20|95,31|58,21|31,72|95,27|20,53|27,51|42,50|98,59|87,58|50,6|6,5|51,98|17,57|21,71|72,17|99,12|95,87|95,42/95,71=95,87,58,21,71
3,45|45,91|91,58|61,69|70,50|56,84|49,36|36,14|39,81|14,86|49,94|49,39|28,18|49,56|2,70|94,2|49,3|84,28|81,61|86,92/49,69=49,39,81,61,69
60,62|55,68|5,21|55,51|55,88|98,86|86,46|68,60|43,98|55,48|55,43|11,26|51,85|21,3|48,5|37,71|62,24|88,74|74,11|85,37/55,3=55,48,5,21,3
48,23|48,57|34,90|51,46|93,74|45,21|48,93|23,8|90,3|26,94|48,73|57,49|50,47|74,50|82,51|73,82|48,35|35,34|49,45|8,26/48,94=48,23,8,26,94
79,28|49,71|51,88|72,18|59,4|70,7|28,45|19,79|59,17|59,19|88,70|59,1|68,37|59,51|4,54|18,34|1,72|54,68|71,83|17,49/59,34=59,1,72,18,34
2,24|9,70|43,63|24,45|58,97|8,15|42,44|90,43|17,58|42,32|45,95|42,17|42,2|44,59|63,37|97,69|42,90|70,54|32,9|59,8/42,54=42,32,9,70,54
2,41|64,9|74,92|48,19|90,97|71,48|35,64|92,50|90,29|88,8|8,33|90,43|43,7|90,35|90,71|9,96|7,2|19,84|29,88|97,74/90,84=90,71,48,19,84
56,50|62,20|50,28|17,95|43,17|45,82|99,62|99,58|64,41|2,43|38,45|28,30|20,27|41,5|99,7|58,64|99,2|99,56|7,38|27,39/99,5=99,58,64,41,5
8,39|35,8|2,36|72,50|83,98|80,86|14,51|86,14|39,57|30,75|27,35|27,30|16,72|99,16|96,83|27,12|12,96|27,99|75,2|27,80/27,57=27,35,8,39,57
62,72|32,25|0,71|77,53|57,62|48,80|45,37|45,7|45,57|25,77|45,32|23,27|37,23|92,48|72,47|45,0|7,92|40,81|27,30|71,40/45,47=45,57,62,72,47
81,49|2,45|49,62|81,89|97,68|33,36|36,67|67,54|32,50|81,7|45,97|37,27|7,32|50,9|81,33|81,2|89,37|62,96|27,58|96,40/81,9=81,7,32,50,9
99,20|85,95|96,38|42,25|80,24|45,21|6,68|25,45|56,6|96,94|15,53|94,83|83,15|96,56|24,31|20,85|38,80|96,99|68,66|96,42/96,66=96,56,6,68,66
72,39|39,81|98,51|97,0|51,30|0,11|72,36|83,90|89,33|49,50|33,85|72,98|85,7|72,97|30,45|11,60|50,96|72,89|36,49|81,83/72,90=72,39,81,83,90
56,2|51,67|56,86|67,82|9,4|0,14|27,96|82,43|2,27|96,95|4,59|56,99|42,55|56,70|86,42|55,75|99,9|72,0|56,51|70,72/56,75=56,86,42,55,75
35,32|97,35|73,72|11,97|11,38|80,17|54,27|91,26|17,25|11,21|11,29|27,23|32,40|38,91|26,77|11,73|72,62|29,54|62,86|21,80/11,86=11,73,72,62,86
83,62|55,79|88,31|92,0|92,86|0,89|72,88|86,72|74,61|1,37|37,83|18,55|44,96|20,5|92,74|92,1|79,29|92,18|89,44|61,20/92,31=92,86,72,88,31
98,47|17,70|17,46|47,8|68,61|73,75|6,98|2,64|78,40|75,78|28,11|0,2|17,6|81,94|61,44|46,68|70,0|17,73|17,28|11,81/17,94=17,28,11,81,94
61,1|82,13|87,32|13,22|87,82|24,26|1,31|28,93|95,36|31,30|87,28|87,61|44,90|87,62|34,44|22,4|32,24|62,34|93,95|26,72/87,4=87,82,13,22,4
55,3|0,5|4,68|2,70|93,83|18,74|18,55|14,4|83,24|24,67|31,34|79,31|13,14|76,56|18,93|18,0|5,2|18,13|3,76|74,79/18,70=18,0,5,2,70
46,42|81,36|57,65|26,53|54,26|36,46|75,79|22,20|34,63|28,54|42,87|66,23|79,66|81,75|20,34|99,85|81,28|81,99|85,57|81,22/81,23=81,75,79,66,23
67,59|97,79|68,0|26,45|39,82|67,1|1,74|79,30|67,58|82,60|30,87|67,97|58,26|67,39|60,88|59,68|66,23|74,66|45,80|0,25/67,80=67,58,26,45,80
29,18|73,53|33,3|11,82|18,96|82,45|45,49|86,33|11,29|11,56|84,73|19,54|77,84|11,77|49,44|11,59|96,5|54,85|59,19|56,86/11,3=11,56,86,33,3
6,65|28,42|82,53|65,37|67,79|59,63|2,28|79,40|47,5|96,67|77,6|59,96|59,51|59,16|59,77|14,82|16,14|5,60|51,47|63,2/59,60=59,51,47,5,60
33,91|95,18|14,46|19,78|46,17|42,53|25,95|42,58|28,19|6,90|75,33|53,14|91,47|42,28|42,75|42,12|78,49|88,6|12,25|58,88/42,90=42,58,88,6,90
15,67|95,92|15,41|35,38|4,99|49,4|67,84|38,21|77,20|10,77|15,95|15,80|21,43|72,53|92,72|15,35|80,10|84,79|79,30|41,49/15,99=15,41,49,4,99
7,15|19,17|78,93|58,3|17,43|49,58|19,32|93,7|22,26|43,73|73,5|44,35|35,68|19,71|32,27|19,59|19,78|59,44|27,22|71,49/19,3=19,71,49,58,3
7,69|60,11|37,65|83,93|93,7|30,26|31,60|64,1|46,35|26,64|75,57|68,79|94,68|46,30|46,37|65,75|46,45|46,83|35,94|45,31/46,79=46,35,94,68,79
52,46|32,14|2,31|88,89|32,20|32,76|89,92|32,9|42,61|20,42|32,88|77,74|61,18|74,26|92,55|14,65|31,4|65,52|76,77|9,2/32,26=32,76,77,74,26
18,59|22,95|16,22|95,64|13,1|18,19|84,78|69,71|59,69|65,34|66,8|18,65|19,91|37,13|71,89|91,84|18,16|1,44|34,66|18,37/18,64=18,16,22,95,64
99,55|73,91|17,93|85,84|84,62|83,59|51,73|51,1|51,34|91,83|36,2|51,31|1,99|31,36|62,16|55,40|93,94|34,17|51,85|2,42/51,94=51,34,17,93,94
40,14|12,48|58,55|86,94|94,64|22,52|93,30|63,86|40,12|26,13|52,49|48,93|14,79|95,60|40,22|79,95|49,81|55,26|40,58|40,63/40,30=40,12,48,93,30
32,89|23,42|15,46|15,39|15,4|15,11|11,52|39,67|37,5|89,95|15,55|46,32|50,85|4,23|52,37|74,50|42,82|55,74|67,44|44,20/15,20=15,39,67,44,20
73,94|25,12|34,25|40,73|82,81|62,20|53,33|78,65|62,5|67,34|33,32|39,15|62,9|5,70|62,82|81,39|70,78|9,53|62,67|20,40/62,94=62,20,40,73,94
33,6|85,30|33,44|44,93|2,85|29,81|68,11|53,68|41,95|6,29|81,57|33,70|21,41|33,21|33,73|5,38|70,53|95,42|93,5|73,2/33,11=33,70,53,68,11
43,36|15,24|30,76|45,25|13,32|51,49|32,48|9,18|74,0|36,45|74,29|74,51|18,73|76,90|73,35|0,13|49,15|29,30|74,43|74,9/74,48=74,0,13,32,48
35,42|54,46|66,54|35,52|67,98|61,0|35,74|35,66|52,78|5,10|35,61|20,84|46,77|10,79|0,20|42,5|78,76|74,67|98,62|76,23/35,62=35,74,67,98,62
71,67|68,71|53,43|98,87|67,0|68,80|80,91|68,92|0,35|91,53|59,48|68,2|21,76|87,31|48,55|55,49|95,21|2,95|92,98|68,59/68,35=68,71,67,0,35
4,28|9,75|91,61|67,9|15,7|75,17|67,22|67,31|17,81|69,91|49,6|90,66|37,29|67,15|67,90|31,69|35,4|22,35|7,49|66,37/67,61=67,31,69,91,61
56,61|92,1|26,22|5,36|24,88|22,81|56,26|84,5|81,62|12,24|57,15|15,19|56,12|56,28|61,54|82,57|88,89|28,84|56,82|54,92/56,36=56,28,84,5,36
48,83|38,86|38,37|49,25|38,12|92,80|38,20|27,10|93,5|10,48|38,27|66,49|86,66|84,93|20,16|12,84|16,92|90,1|1,45|37,90/38,80=38,20,16,92,80
93,39|86,62|16,43|39,5|43,30|18,32|63,19|52,49|49,82|19,86|5,37|13,50|13,93|13,52|74,16|50,69|13,74|82,17|69,18|13,63/13,30=13,74,16,43,30
10,77|23,48|43,14|90,43|46,23|65,7|90,50|89,18|50,51|94,55|90,20|60,64|14,94|83,10|90,89|86,46|20,83|90,86|18,65|51,60/90,7=90,89,18,65,7
16,19|69,70|98,61|16,79|16,53|16,90|70,77|49,38|61,39|79,27|93,76|19,69|96,93|38,24|27,51|90,96|24,18|16,49|51,0|53,98/16,77=16,19,69,70,77
22,61|56,32|20,63|16,74|32,0|22,71|71,27|60,11|0,28|11,33|22,69|58,10|22,56|27,58|22,16|25,20|74,90|90,78|61,25|69,60/22,63=22,61,25,20,63
11,43|63,28|26,60|43,64|88,35|35,40|63,25|25,92|65,26|92,32|63,11|32,33|28,19|36,65|19,76|63,36|63,20|64,31|76,83|20,88/63,31=63,11,43,64,31
55,3|0,5|31,34|4,68|93,83|18,74|18,55|14,31|83,24|24,67|2,70|79,2|13,14|76,56|18,93|18,0|5,4|18,13|3,76|74,79/18,70=18,74,79,2,70
57,56|18,31|37,18|87,44|31,47|37,81|14,57|37,87|93,96|37,16|35,66|81,67|47,29|67,93|36,14|44,3|37,36|3,50|16,68|68,35/37,56=37,36,14,57,56
69,21|21,36|36,47|69,61|31,43|20,2|73,95|23,24|43,92|24,17|92,80|98,13|68,98|69,12|69,31|95,20|47,87|61,23|12,68|69,73/69,80=69,31,43,92,80
4,61|29,73|45,29|4,45|73,83|0,16|4,58|14,96|96,71|90,84|58,52|4,94|61,14|52,46|46,18|40,68|84,32|68,0|4,40|94,90/4,83=4,45,29,73,83
71,39|32,50|5,22|5,76|76,78|5,15|92,74|5,79|75,32|15,75|10,20|29,95|79,29|78,10|95,97|39,0|74,98|5,71|0,38|22,92/5,50=5,15,75,32,50
28,81|77,39|85,72|94,4|81,10|57,46|45,97|49,83|46,93|49,45|49,94|49,77|4,85|39,69|83,28|49,57|69,2|93,56|13,52|97,13/49,72=49,94,4,85,72
18,24|87,39|17,36|17,34|57,69|17,16|36,98|97,57|34,48|17,86|86,44|0,31|45,64|69,12|17,97|16,0|31,14|48,87|44,18|98,45/17,12=17,97,57,69,12
86,12|75,6|66,44|45,27|21,65|15,86|75,28|75,29|88,69|98,21|12,51|71,66|29,62|75,15|75,91|28,98|6,71|91,58|58,88|62,45/75,69=75,91,58,88,69
56,2|51,67|56,86|67,82|9,4|96,95|27,55|82,43|2,27|55,75|4,59|56,99|42,0|56,70|86,42|0,14|99,9|72,96|56,51|70,72/56,75=56,2,27,55,75
42,13|11,93|15,95|28,41|37,18|53,16|97,74|41,87|49,53|93,37|97,28|87,56|74,42|4,15|13,3|97,72|97,49|72,4|97,11|16,69/97,69=97,49,53,16,69
11,3|78,19|87,24|35,11|99,50|50,22|87,96|24,10|87,99|87,14|10,78|22,15|87,23|96,98|83,74|98,65|65,6|23,35|14,83|74,68/87,3=87,23,35,11,3
57,76|67,16|48,82|76,93|12,1|13,12|46,68|90,87|96,17|56,57|93,20|32,67|16,19|87,96|56,32|56,46|56,13|68,48|56,90|1,35/56,17=56,90,87,96,17
50,56|73,67|81,49|81,45|95,73|72,76|20,53|9,22|29,2|45,95|81,47|19,9|81,88|49,50|47,19|53,29|76,61|81,20|56,1|88,72/81,22=81,47,19,9,22
81,67|92,16|35,57|84,94|76,49|83,59|84,42|18,4|84,76|94,92|88,34|11,8|84,88|34,18|84,11|57,69|8,83|16,79|42,35|49,81/84,4=84,88,34,18,4
18,34|92,1|99,92|18,37|2,52|91,99|53,80|42,30|95,76|18,91|18,2|18,63|52,60|37,23|80,74|63,53|23,95|30,58|60,48|34,42/18,76=18,37,23,95,76
44,14|74,26|40,80|72,82|49,78|99,92|3,74|82,75|14,96|53,9|53,49|53,35|78,50|9,3|92,40|96,13|53,99|35,72|50,2|53,44/53,2=53,49,78,50,2
30,29|80,30|17,46|89,32|61,19|61,40|40,70|46,87|61,78|96,18|32,50|31,17|18,38|70,42|61,31|19,89|78,80|61,96|42,68|38,81/61,68=61,40,70,42,68
29,97|70,61|97,58|74,34|83,12|20,24|70,30|47,83|77,14|24,98|14,81|30,29|70,93|43,39|70,20|93,47|39,74|98,85|70,43|61,77/70,58=70,30,29,97,58
27,18|69,85|61,0|39,91|14,57|23,93|61,39|61,15|93,83|61,16|91,27|83,6|92,14|15,65|80,33|61,23|16,74|65,69|0,92|74,80/61,18=61,39,91,27,18
78,73|32,48|3,84|0,14|0,60|74,37|73,66|76,74|91,32|54,19|60,72|19,81|48,30|0,91|72,3|0,64|0,78|66,96|14,76|64,54/0,84=0,60,72,3,84
74,61|88,29|77,88|76,87|8,74|77,10|45,8|23,90|60,33|36,76|30,19|92,16|16,23|71,30|77,45|29,60|77,36|10,71|77,92|87,99/77,19=77,10,71,30,19
96,0|49,59|40,83|40,96|28,67|83,53|53,35|54,49|75,28|33,54|73,17|94,61|71,94|0,73|35,56|40,23|48,75|40,48|23,71|40,33/40,67=40,48,75,28,67
0,70|88,72|67,22|6,67|98,88|22,82|2,40|14,50|33,6|15,0|63,83|33,15|70,44|50,90|72,17|33,2|61,14|40,63|33,61|33,98/33,17=33,98,88,72,17
71,70|1,34|16,36|27,8|9,1|5,21|51,63|48,69|36,45|8,16|27,81|63,29|73,9|27,51|27,5|4,48|27,73|81,4|29,41|21,71/27,70=27,5,21,71,70
29,80|73,97|41,30|31,78|65,85|11,34|78,5|29,87|85,11|30,68|49,82|87,31|29,13|90,49|29,44|29,65|44,73|80,41|13,90|97,70/29,68=29,80,41,30,68
12,78|58,21|32,54|68,23|23,1|49,68|31,58|49,72|85,32|3,79|79,75|54,88|72,12|1,35|49,3|78,2|49,31|75,25|49,85|21,73/49,2=49,72,12,78,2
22,39|22,54|22,13|27,89|8,96|78,4|83,80|22,38|65,91|13,65|39,35|54,46|61,41|89,73|38,27|91,30|35,78|46,61|22,8|96,83/22,41=22,54,46,61,41
12,61|90,58|71,80|37,93|60,87|15,71|82,12|40,60|23,85|80,41|93,44|37,97|10,82|37,33|85,83|44,90|37,10|37,15|33,23|97,40/37,58=37,93,44,90,58
63,12|43,15|77,13|92,70|14,31|76,72|24,75|70,76|92,43|96,1|72,39|93,63|35,69|75,96|92,2|2,93|92,77|92,24|15,14|13,35/92,12=92,2,93,63,12
97,31|30,63|31,68|68,94|33,2|30,47|30,97|30,9|72,93|10,67|47,33|9,10|66,56|63,66|56,62|30,72|96,59|93,96|67,8|2,15/30,94=30,97,31,68,94
36,77|55,9|99,6|44,48|29,43|32,44|9,87|88,99|29,28|75,31|17,36|29,80|22,75|80,22|43,17|28,32|29,88|29,55|87,33|6,54/29,33=29,55,9,87,33
82,13|93,32|7,17|8,7|60,3|2,57|12,82|91,27|2,29|57,9|81,48|29,81|13,68|48,33|2,12|9,60|32,91|11,8|2,11|2,93/2,3=2,57,9,60,3
22,83|72,98|41,91|98,37|33,35|6,20|91,7|37,73|17,95|80,33|72,68|83,6|72,22|72,90|72,48|48,80|4,17|90,41|73,79|68,4/72,95=72,68,4,17,95
29,43|87,78|91,53|91,88|91,32|91,63|85,64|32,58|37,39|63,83|83,87|58,37|74,61|69,29|53,69|89,74|88,85|61,10|64,7|91,89/91,43=91,53,69,29,43
89,21|94,36|94,73|73,51|77,6|94,61|94,48|94,33|29,53|33,93|92,77|93,54|61,91|36,92|48,75|91,29|60,4|75,89|54,35|51,60/94,4=94,73,51,60,4
34,19|96,56|72,69|66,5|92,62|8,72|8,34|69,64|19,40|64,43|62,1|8,94|94,92|8,96|8,33|52,45|56,52|40,79|5,38|33,66/8,45=8,96,56,52,45
5,39|54,37|98,74|84,73|6,60|69,6|89,5|69,86|82,32|86,97|48,89|93,82|97,12|60,84|69,54|69,48|69,71|71,93|37,98|12,83/69,73=69,6,60,84,73
62,87|81,5|96,45|46,83|60,43|83,92|45,90|62,63|92,72|62,89|93,81|63,93|68,54|73,60|62,73|89,96|62,46|87,17|43,7|17,68/62,90=62,89,96,45,90
54,7|0,19|19,60|64,49|23,83|29,23|5,92|18,5|83,97|60,34|7,55|97,1|49,58|92,63|29,64|29,18|29,54|55,75|58,9|29,0/29,34=29,0,19,60,34
63,28|48,55|78,12|12,24|62,9|14,38|53,78|91,53|91,92|28,23|38,87|23,50|31,62|92,31|97,14|55,15|91,74|74,48|91,97|91,63/91,24=91,53,78,12,24
49,78|55,68|87,85|41,54|78,64|80,14|15,24|55,49|23,2|54,23|55,87|59,20|68,37|55,41|64,67|55,96|85,80|37,15|96,59|20,39/55,39=55,96,59,20,39
66,70|66,72|78,12|70,55|9,76|63,80|66,31|60,98|67,8|21,78|87,2|72,21|31,67|8,95|83,9|55,60|66,83|66,87|2,63|76,3/66,12=66,72,21,78,12
46,98|58,40|31,24|94,8|25,46|72,70|25,72|70,31|25,9|23,73|65,94|9,66|60,62|25,39|98,23|25,65|39,51|8,1|66,60|51,58/25,62=25,9,66,60,62
45,47|42,36|91,82|39,42|7,75|82,67|39,56|15,8|56,61|39,88|8,72|67,19|39,91|36,49|61,45|39,46|75,14|46,15|88,7|49,12/39,72=39,46,15,8,72
34,71|71,52|34,63|34,9|34,56|45,29|78,61|26,53|80,90|48,66|53,58|66,77|58,23|56,50|50,45|81,78|34,26|52,80|9,48|63,81/34,90=34,71,52,80,90
59,88|74,9|88,67|89,2|50,33|4,42|27,11|1,94|76,53|4,76|92,50|11,89|78,92|4,27|53,74|68,57|42,59|4,78|4,68|57,1/4,67=4,42,59,88,67
20,93|74,90|99,41|74,42|90,67|98,34|41,23|92,6|14,99|74,80|33,56|74,46|6,60|46,92|93,48|67,33|80,78|42,20|74,14|78,98/74,60=74,46,92,6,60
63,28|50,5|11,53|53,40|22,2|74,50|73,59|60,25|11,10|24,52|10,74|2,73|11,22|52,98|11,63|89,14|28,60|11,92|92,24|40,89/11,98=11,92,24,52,98
95,48|42,39|69,80|20,69|66,16|41,67|98,94|20,95|81,41|94,19|20,81|67,56|20,84|16,47|71,59|26,98|84,66|80,42|48,71|20,26/20,19=20,26,98,94,19
27,81|57,25|64,55|35,6|6,27|76,28|35,64|35,30|25,56|55,76|1,89|35,57|3,79|89,36|79,50|66,3|30,1|56,45|35,66|81,42/35,50=35,66,3,79,50
86,96|67,9|86,59|59,7|23,22|80,19|22,38|9,93|62,34|34,61|64,67|7,32|19,27|86,64|86,48|96,62|48,23|32,90|27,79|86,80/86,38=86,48,23,22,38
1,62|66,22|71,74|11,52|67,2|74,94|2,70|67,16|60,66|94,96|67,71|16,50|50,61|61,24|85,33|67,64|70,85|64,60|67,1|62,11/67,96=67,71,74,94,96
77,4|82,28|30,15|58,99|16,44|25,88|96,66|25,58|88,65|99,11|25,35|25,82|25,75|75,96|11,62|44,5|35,16|65,77|66,0|28,30/25,0=25,75,96,66,0
43,41|99,48|58,44|35,29|23,98|29,99|58,35|88,37|18,88|58,76|44,28|58,18|28,17|41,47|37,11|98,90|76,43|17,83|90,46|58,23/58,46=58,23,98,90,46
18,27|65,15|15,7|0,63|7,33|94,39|5,86|63,10|39,32|94,65|82,0|27,50|94,35|86,45|94,12|32,62|94,82|12,18|35,5|62,54/94,45=94,35,5,86,45
63,6|77,16|65,89|53,7|7,12|61,77|6,69|5,53|14,55|86,63|73,14|61,86|61,5|26,31|61,36|16,65|31,29|29,71|36,73|61,26/61,12=61,5,53,7,12
11,77|93,3|50,34|86,87|56,86|50,59|50,17|17,93|15,28|50,61|59,56|30,15|77,2|98,74|74,38|50,30|28,22|3,53|34,11|61,98/50,53=50,17,93,3,53
34,49|86,48|64,15|88,6|86,82|21,59|9,64|86,67|47,21|11,88|53,3|59,33|82,11|86,47|48,34|1,71|67,9|49,60|86,1|71,53/86,33=86,47,21,59,33
63,28|50,5|11,53|53,40|22,2|74,50|52,98|73,59|11,10|24,60|10,74|2,52|11,22|60,25|11,63|89,14|28,73|11,92|92,24|40,89/11,98=11,22,2,52,98
7,67|63,28|77,47|0,25|74,1|67,77|26,0|1,97|7,58|7,41|4,34|47,94|34,42|41,74|85,26|42,17|7,4|21,63|58,21|7,85/7,28=7,58,21,63,28
10,97|93,7|44,29|58,93|36,27|34,87|58,99|37,20|67,10|27,5|58,67|7,71|99,36|22,89|58,37|20,22|58,44|71,43|29,34|97,28/58,5=58,99,36,27,5
71,39|95,97|5,22|5,76|76,78|5,15|92,32|5,79|75,95|15,75|10,20|29,74|79,29|78,10|74,98|39,0|32,50|5,71|0,38|22,92/5,50=5,22,92,32,50
78,91|7,45|34,0|49,52|10,49|91,53|52,34|10,84|36,75|64,27|10,17|10,36|57,62|85,64|75,57|76,7|84,76|17,85|10,78|53,99/10,45=10,84,76,7,45
4,65|91,9|69,48|0,79|51,99|91,53|29,93|53,32|86,47|91,90|11,4|32,69|9,29|93,3|91,95|95,11|90,41|91,51|99,0|41,86/91,3=91,9,29,93,3
91,76|75,3|76,38|97,30|89,97|5,4|3,18|23,5|19,81|8,86|81,91|19,75|18,9|30,44|19,89|42,23|19,42|19,33|86,70|33,8/19,70=19,33,8,86,70
56,1|54,12|61,56|69,61|69,16|52,94|94,97|69,42|48,55|69,27|1,49|36,22|69,46|27,90|90,36|55,33|46,8|42,52|16,48|8,54/69,97=69,42,52,94,97
20,83|81,71|80,68|42,46|43,89|20,74|74,84|17,45|14,79|71,4|60,29|84,0|83,81|20,60|68,14|0,86|46,17|20,80|29,43|20,42/20,79=20,80,68,14,79
15,11|12,71|28,56|71,29|15,12|97,72|15,1|15,75|11,94|75,97|54,59|72,90|1,77|15,28|77,30|55,58|56,54|94,55|29,47|30,84/15,59=15,28,56,54,59
67,39|33,83|72,59|72,81|72,84|61,62|68,52|72,45|98,67|57,95|72,60|84,13|59,38|83,12|60,98|45,33|81,71|13,61|71,68|38,57/72,95=72,59,38,57,95
97,74|74,54|2,92|16,66|92,40|95,48|8,63|97,23|97,16|97,41|23,8|75,45|97,91|54,75|66,95|63,53|91,2|41,79|79,83|83,49/97,45=97,74,54,75,45
0,83|53,46|83,74|74,62|31,53|85,84|77,7|85,0|66,89|84,9|63,66|85,13|85,5|59,77|46,97|85,31|9,44|13,59|5,63|44,8/85,8=85,84,9,44,8
42,49|42,44|0,78|32,43|42,76|42,32|44,0|89,59|42,33|8,10|49,6|78,45|43,62|59,69|33,70|82,31|6,82|76,89|62,73|70,8/42,45=42,44,0,78,45
77,74|41,9|63,67|79,77|78,41|11,79|9,31|63,91|63,78|4,36|67,57|63,11|86,47|32,12|36,99|54,86|63,54|91,4|57,32|47,33/63,99=63,91,4,36,99
40,68|17,8|93,92|17,64|3,80|17,75|75,30|30,25|87,65|57,3|17,13|66,93|31,87|71,40|65,45|8,71|64,66|17,31|13,57|25,24/17,24=17,75,30,25,24
66,70|66,72|8,95|70,55|9,76|63,80|66,31|78,12|67,60|21,8|87,2|72,21|31,67|60,98|83,9|55,78|66,83|66,87|2,63|76,3/66,12=66,70,55,78,12
3,19|39,23|52,22|76,50|58,30|32,65|22,39|5,1|2,89|89,27|65,77|80,32|5,80|5,76|79,13|5,58|1,2|5,52|50,79|30,3/5,19=5,58,30,3,19
93,75|64,58|88,94|56,35|93,56|19,66|7,97|93,7|77,81|97,52|93,47|93,88|63,90|75,87|35,77|52,28|87,19|94,63|47,5|5,64/93,81=93,56,35,77,81
99,8|47,51|57,95|48,66|50,76|19,4|54,99|54,93|8,47|73,50|54,15|66,57|83,40|54,48|81,26|93,73|26,19|15,83|40,12|54,81/54,51=54,99,8,47,51
65,79|24,54|42,96|54,60|6,24|37,5|42,65|42,6|33,43|42,18|96,89|42,46|79,33|18,95|36,88|95,36|98,71|89,98|46,76|76,37/42,71=42,96,89,98,71
59,64|51,79|80,48|59,96|77,67|96,20|97,99|66,8|26,3|59,77|64,80|8,51|49,42|48,1|20,49|67,88|59,97|59,66|99,26|88,52/59,1=59,64,80,48,1
29,95|67,28|7,68|58,70|88,63|63,62|29,44|56,84|29,67|29,88|44,41|70,56|29,58|41,65|62,77|95,34|65,10|34,7|28,12|12,90/29,68=29,95,34,7,68
92,55|56,81|68,95|78,77|24,92|68,47|47,78|28,27|95,44|8,31|61,28|44,74|18,24|68,18|68,8|68,61|27,73|74,25|77,10|31,56/68,73=68,61,28,27,73
83,1|61,75|89,88|55,36|55,6|75,4|98,0|6,61|96,89|1,79|82,58|0,82|36,10|23,96|79,90|55,98|99,60|55,83|55,23|10,99/55,90=55,83,1,79,90
13,72|17,23|17,94|27,62|6,18|17,91|91,13|61,6|75,45|62,73|52,22|17,52|36,47|17,95|58,75|72,92|22,36|95,27|94,58|23,61/17,47=17,52,22,36,47
40,35|20,4|65,41|99,65|63,18|26,79|79,19|4,55|34,80|80,70|48,20|40,39|82,12|40,99|41,50|40,48|40,63|18,82|35,26|39,34/40,70=40,39,34,80,70
58,22|83,73|73,88|16,72|88,4|23,84|82,3|58,14|84,2|71,18|85,16|37,29|14,64|64,82|22,85|18,37|58,71|2,42|58,23|58,83/58,42=58,23,84,2,42
2,9|45,95|8,0|58,45|0,98|34,75|11,91|64,58|65,46|9,68|95,56|68,96|64,65|46,78|98,84|75,11|64,2|64,34|78,55|64,8/64,91=64,34,75,11,91
85,67|59,43|32,95|15,72|3,47|96,6|67,27|47,89|3,63|27,88|76,32|3,17|3,81|81,96|92,15|63,76|6,25|89,59|17,92|3,85/3,95=3,63,76,32,95
70,13|13,25|2,95|70,2|61,81|83,71|74,46|70,53|4,74|47,61|95,59|59,77|25,14|14,98|23,63|71,23|70,24|53,4|70,83|24,47/70,77=70,2,95,59,77
28,66|3,87|60,21|0,39|10,22|49,90|87,84|49,28|78,60|84,72|15,58|49,10|22,65|49,78|65,61|90,77|49,3|21,51|77,0|66,15/49,72=49,3,87,84,72
0,94|53,79|11,35|34,92|27,54|13,76|45,34|0,55|0,45|72,50|0,12|55,72|64,53|94,64|92,81|0,27|12,59|50,32|54,13|59,11/0,79=0,94,64,53,79
26,21|26,15|10,40|45,66|15,45|86,43|3,65|21,93|65,55|93,94|26,3|26,86|66,77|26,78|43,73|40,61|78,10|55,87|94,19|73,28/26,28=26,86,43,73,28
54,7|0,19|19,58|64,49|23,83|29,23|5,92|18,5|83,60|58,9|7,55|60,34|49,97|92,63|29,64|29,18|29,54|55,75|97,1|29,0/29,34=29,23,83,60,34
43,1|3,43|3,25|31,26|6,60|94,36|25,80|27,98|98,79|1,94|3,65|60,34|3,69|30,39|34,68|65,27|86,31|69,86|3,6|80,30/3,79=3,65,27,98,79
28,24|56,73|51,53|44,51|28,59|90,23|81,35|28,22|5,84|35,47|28,5|22,81|59,18|84,42|42,82|53,64|73,33|18,90|24,56|28,44/28,82=28,5,84,42,82
24,37|21,74|74,89|43,69|8,73|24,81|37,31|24,64|31,55|24,32|24,76|55,48|81,43|64,38|0,29|68,8|76,68|69,28|32,21|38,0/24,28=24,81,43,69,28
7,67|47,94|77,42|0,25|74,1|67,77|26,0|1,97|7,58|7,41|4,34|42,17|34,63|41,74|85,26|63,28|7,4|21,47|58,21|7,85/7,28=7,4,34,63,28
2,62|64,11|16,36|1,81|13,64|94,5|14,34|1,67|52,9|1,52|70,99|9,16|1,94|5,54|99,2|49,14|1,70|81,49|54,85|67,13/1,36=1,52,9,16,36
8,87|86,18|94,92|27,11|90,27|8,90|6,55|18,6|11,62|88,28|71,9|87,1|8,94|50,71|8,86|8,46|59,34|92,59|46,50|1,88/8,34=8,94,92,59,34
55,16|69,90|20,52|42,55|6,37|69,2|76,42|90,53|84,56|54,0|69,54|2,20|69,76|9,17|53,7|0,9|37,84|52,28|7,8|69,6/69,17=69,54,0,9,17
73,6|73,97|18,71|48,37|60,38|28,76|89,48|86,49|49,88|73,89|97,33|19,60|73,19|73,18|71,66|37,5|6,86|38,31|66,74|33,28/73,74=73,18,71,66,74
58,98|94,38|60,49|68,27|9,68|27,74|61,97|49,94|72,46|37,61|70,58|72,21|72,9|46,4|25,37|40,95|21,70|4,40|72,25|72,60/72,95=72,46,4,40,95
15,11|19,61|24,8|21,92|25,37|93,30|9,97|19,15|63,9|19,62|80,21|61,25|19,24|8,93|19,80|37,58|92,57|22,78|11,22|62,63/19,30=19,24,8,93,30
63,78|63,8|64,22|97,31|16,21|73,50|8,16|0,98|49,30|85,39|11,66|22,49|78,0|63,64|21,56|63,85|39,11|31,73|98,43|63,97/63,66=63,85,39,11,66
62,18|56,99|26,71|40,69|26,83|26,40|99,47|72,16|71,76|54,56|45,78|73,7|76,80|69,62|92,45|7,72|83,92|26,54|80,34|26,73/26,18=26,40,69,62,18
23,85|7,6|23,53|28,3|16,24|23,78|23,90|53,81|39,5|81,39|23,27|24,30|40,7|54,76|78,47|90,16|36,54|47,28|85,36|27,40/23,76=23,85,36,54,76
72,99|96,32|96,57|32,92|19,88|96,20|76,52|57,18|12,84|75,59|96,76|56,2|18,72|59,56|92,12|20,74|96,75|52,19|74,71|71,68/96,2=96,75,59,56,2
58,2|8,96|28,70|56,1|52,48|20,8|83,23|1,52|20,81|15,38|91,42|20,5|38,86|20,56|53,28|96,83|5,53|20,91|42,58|81,15/20,48=20,56,1,52,48
84,70|64,95|20,9|85,19|7,30|95,87|64,40|44,14|72,20|9,26|40,44|17,66|30,85|87,17|64,72|64,7|64,35|14,29|45,84|35,45/64,29=64,40,44,14,29
68,63|42,26|42,23|42,60|42,62|48,95|69,17|55,69|15,2|43,52|23,90|62,35|42,94|94,43|35,68|60,15|26,55|52,10|90,48|2,30/42,95=42,23,90,48,95
38,55|49,15|68,51|54,67|73,66|15,78|69,61|97,73|69,53|69,56|69,38|61,97|91,25|51,70|92,91|69,77|55,54|53,68|77,49|56,92/69,66=69,61,97,73,66
30,44|28,98|41,7|41,22|48,28|66,12|43,90|7,48|3,42|96,57|41,30|41,66|80,45|22,17|41,80|45,13|44,96|17,43|13,99|12,3/41,42=41,66,12,3,42
88,90|38,2|32,87|71,88|60,24|73,85|0,80|2,73|19,32|15,22|24,15|60,71|90,67|80,36|60,19|60,0|22,1|60,38|87,53|36,20/60,1=60,24,15,22,1
39,73|75,62|17,39|9,23|72,9|73,64|62,99|23,25|93,98|68,66|66,44|25,76|72,49|72,34|34,75|49,93|90,68|72,17|72,90|98,13/72,64=72,17,39,73,64
40,65|9,25|19,58|93,32|65,75|59,19|20,71|82,96|25,20|59,40|30,6|6,50|96,93|58,98|59,72|72,30|59,82|98,33|59,9|75,29/59,29=59,40,65,75,29
87,33|55,9|99,36|44,48|29,43|32,44|9,6|88,99|29,28|75,31|17,87|29,80|22,75|80,22|43,17|28,32|29,88|29,55|6,54|36,77/29,33=29,43,17,87,33
59,92|46,20|11,10|46,21|94,59|16,76|19,94|79,80|20,81|9,24|46,9|46,18|49,35|46,19|47,79|81,49|76,68|24,11|21,16|18,47/46,10=46,9,24,11,10
50,7|50,88|7,26|93,65|19,39|2,48|50,15|53,2|24,53|29,42|88,93|15,1|4,19|1,29|94,4|65,64|26,73|50,94|50,24|73,60/50,48=50,24,53,2,48
26,49|72,22|22,80|49,57|59,55|71,62|98,71|11,98|72,11|56,92|46,29|68,46|72,5|72,68|57,70|5,77|29,6|77,56|72,26|80,59/72,70=72,26,49,57,70
85,59|69,32|23,84|19,85|10,73|32,1|10,12|12,19|94,35|14,9|10,91|77,69|87,14|15,94|91,23|73,15|10,74|74,87|10,77|84,46/10,46=10,91,23,84,46
56,1|94,97|61,56|69,61|69,16|52,36|36,22|69,42|48,55|69,27|1,49|54,12|69,46|27,90|90,54|55,33|46,8|42,52|16,48|8,94/69,97=69,46,8,94,97
84,27|74,52|74,17|82,40|23,4|11,5|17,99|59,95|74,84|19,62|48,6|74,19|53,82|52,53|99,23|83,56|62,83|27,59|6,11|74,48/74,40=74,52,53,82,40
35,72|87,15|40,88|22,77|88,35|22,21|21,90|22,94|78,49|63,0|90,87|86,37|52,59|94,82|82,52|49,63|22,40|77,86|37,54|22,78/22,54=22,77,86,37,54
12,7|39,94|62,95|89,9|22,62|84,39|34,54|9,17|67,5|58,51|7,84|12,68|12,34|12,89|54,67|17,69|12,58|51,88|88,21|68,22/12,95=12,68,22,62,95
90,35|59,78|36,10|96,60|46,57|21,36|84,97|4,54|59,90|10,62|35,33|33,40|67,55|59,96|55,5|59,4|78,67|59,21|54,84|60,46/59,5=59,78,67,55,5
64,83|39,35|95,47|69,8|59,57|83,59|43,14|23,86|43,23|14,45|43,26|43,91|26,63|63,39|86,81|91,95|45,69|47,17|43,64|81,65/43,17=43,91,95,47,17
64,49|32,89|81,48|85,11|85,6|54,67|85,54|37,81|11,32|71,84|6,1|84,52|31,71|89,91|85,31|67,66|66,8|1,64|85,37|48,45/85,49=85,6,1,64,49
83,99|4,97|4,83|4,61|5,64|84,59|96,84|99,54|4,68|61,8|97,5|49,88|54,3|59,32|62,36|4,96|36,46|64,30|68,62|8,49/4,88=4,61,8,49,88
8,57|2,10|69,93|8,69|42,55|48,45|91,2|75,95|26,92|10,76|44,75|55,48|8,42|8,91|57,26|93,88|51,44|88,4|92,17|8,51/8,76=8,91,2,10,76
81,9|33,54|74,46|66,24|79,4|24,50|79,86|79,93|92,98|54,85|50,53|79,66|86,81|9,76|4,33|93,78|65,74|46,23|78,92|79,65/79,23=79,65,74,46,23
25,49|25,59|22,83|28,97|18,22|61,86|74,50|86,39|6,74|88,90|49,28|85,61|25,2|27,18|59,6|90,40|25,27|97,56|25,85|2,88/25,56=25,49,28,97,56
73,48|9,52|28,30|52,59|66,47|92,26|39,95|34,77|29,22|59,17|22,41|47,92|28,9|28,36|77,19|28,73|30,34|48,39|36,29|28,66/28,17=28,9,52,59,17
52,91|9,61|9,39|91,76|42,56|20,7|61,96|50,93|39,52|62,31|73,54|31,85|54,81|56,50|9,62|77,73|96,20|9,77|85,94|9,42/9,7=9,61,96,20,7
51,78|57,36|73,32|66,90|85,44|48,85|78,52|63,61|13,73|36,48|98,13|20,14|57,98|57,66|52,88|57,51|57,63|41,17|90,41|61,20/57,17=57,66,90,41,17
47,35|71,50|16,89|9,64|19,43|62,98|98,97|90,12|97,23|79,71|50,60|43,47|60,61|79,19|79,62|12,81|81,70|79,9|79,90|64,16/79,61=79,71,50,60,61
46,10|50,84|57,77|86,14|57,91|65,68|57,26|2,86|91,38|57,42|40,19|25,46|38,40|57,13|42,2|56,50|13,25|77,89|26,56|89,65/57,84=57,26,56,50,84
7,86|28,2|19,11|22,75|34,0|21,77|34,33|34,28|76,23|88,78|32,7|33,22|62,38|78,21|75,84|2,76|34,19|11,62|0,32|34,88/34,38=34,19,11,62,38
61,41|42,50|79,9|79,37|79,67|45,57|57,85|78,61|79,0|24,49|9,78|79,96|51,7|7,62|50,38|37,45|49,34|67,51|96,42|0,24/79,38=79,96,42,50,38
96,12|46,58|0,57|55,91|21,55|96,7|68,46|41,27|96,83|26,0|85,26|18,21|96,18|36,99|7,41|96,85|83,68|12,36|99,19|27,20/96,91=96,18,21,55,91
93,37|92,22|59,0|22,62|93,31|31,95|39,81|93,34|64,30|29,92|30,67|81,76|93,29|84,39|91,75|95,59|38,91|34,64|93,84|37,38/93,0=93,31,95,59,0
74,14|20,7|23,54|24,28|28,57|83,41|83,49|83,43|49,51|36,81|51,20|83,74|14,79|57,6|43,72|54,8|41,23|72,36|83,24|79,77/83,7=83,49,51,20,7
36,26|99,36|40,60|60,58|82,1|17,33|99,37|26,35|35,67|14,17|95,81|73,14|99,83|83,63|99,6|37,40|63,82|41,95|99,73|6,41/99,58=99,37,40,60,58
74,7|11,81|46,11|7,37|21,91|74,61|61,26|74,0|52,64|74,21|37,52|54,85|80,66|26,53|74,6|0,46|86,80|53,28|91,54|6,86/74,81=74,0,46,11,81
15,19|36,95|67,87|40,97|54,63|76,68|40,89|5,84|40,67|97,15|87,36|16,2|83,46|40,54|89,45|63,16|40,83|19,18|45,76|46,5/40,18=40,97,15,19,18
12,41|69,49|39,50|39,97|24,69|39,12|39,20|97,96|49,85|20,56|72,23|59,14|1,72|96,3|56,18|41,59|39,24|50,1|18,8|3,36/39,14=39,12,41,59,14
76,59|85,34|5,73|4,20|5,79|0,68|34,2|73,56|20,76|21,38|56,6|19,3|98,32|5,21|5,4|5,0|79,85|38,19|68,98|6,50/5,50=5,73,56,6,50
48,24|74,15|21,36|15,78|59,37|21,58|58,48|21,60|99,50|18,11|13,99|24,49|21,13|47,59|21,40|40,54|36,74|54,18|60,47|50,2/21,78=21,36,74,15,78
21,68|34,19|25,15|68,67|24,83|12,24|55,74|9,12|74,21|97,93|17,40|44,87|42,82|55,97|87,42|55,9|55,34|93,25|19,17|55,44/55,40=55,34,19,17,40
95,40|8,91|24,2|5,32|46,19|72,81|2,95|4,59|5,88|81,46|94,30|5,24|59,44|32,4|5,72|5,8|30,87|91,21|21,85|88,94/5,40=5,24,2,95,40
80,78|21,49|49,81|62,25|61,97|21,80|3,92|22,3|97,96|81,32|71,44|32,89|21,71|40,1|99,61|44,62|21,99|68,22|78,40|21,68/21,96=21,99,61,97,96
27,56|39,27|18,55|77,21|13,10|10,77|13,42|71,12|97,44|13,60|21,73|12,9|13,39|60,18|13,71|42,35|35,97|56,69|55,38|9,62/13,38=13,60,18,55,38
99,35|21,73|48,50|18,57|50,21|48,26|73,95|56,80|96,88|57,71|48,41|48,18|41,4|4,96|13,60|35,64|26,99|60,56|48,13|71,14/48,95=48,50,21,73,95
89,11|15,46|77,2|49,15|2,69|72,76|64,72|75,0|77,93|77,64|27,49|43,89|39,45|93,39|69,75|77,43|45,84|76,80|77,27|11,9/77,84=77,93,39,45,84
23,48|65,7|43,14|90,43|46,65|10,77|90,50|89,18|50,51|94,55|90,20|60,64|14,94|83,23|90,89|86,46|20,83|90,86|18,10|51,60/90,7=90,86,46,65,7
27,18|27,33|84,29|96,84|20,24|21,45|27,86|45,40|24,2|27,21|68,8|60,39|27,44|86,59|18,96|33,68|59,60|8,42|40,19|44,20/27,29=27,18,96,84,29
35,94|28,50|34,24|14,36|17,78|55,17|67,34|32,48|81,73|70,56|32,67|32,81|32,14|32,55|36,28|24,51|73,70|78,90|5,35|48,5/32,50=32,14,36,28,50
30,93|85,14|64,48|85,38|48,7|52,17|85,74|57,11|85,53|40,75|74,40|14,64|38,30|93,77|75,37|85,26|11,8|53,52|17,34|26,57/85,34=85,53,52,17,34
43,24|10,79|21,80|82,10|78,17|96,30|15,21|48,36|24,83|15,81|79,16|80,78|36,57|57,7|15,2|22,96|81,43|15,48|2,22|15,82/15,17=15,21,80,78,17
6,62|70,28|81,83|91,81|28,16|62,8|91,6|91,93|20,34|91,70|31,11|8,0|32,31|79,20|16,74|91,32|93,79|83,13|11,17|13,38/91,17=91,32,31,11,17
22,5|78,50|50,63|22,43|72,78|0,71|43,64|22,69|80,65|21,0|22,72|69,21|82,32|47,44|7,73|32,47|31,7|22,82|5,31|64,80/22,44=22,82,32,47,44
41,25|62,41|76,60|67,80|69,26|29,62|33,90|78,61|33,29|71,67|26,78|33,69|42,85|46,32|33,71|90,70|80,31|33,76|60,42|70,46/33,32=33,90,70,46,32
43,66|48,57|43,48|98,49|71,58|49,62|90,98|88,61|66,56|43,90|52,80|43,52|93,68|43,47|56,93|36,99|58,11|47,71|57,88|80,36/43,68=43,66,56,93,68
49,73|24,96|23,9|90,24|16,23|28,65|78,53|63,78|84,63|28,84|42,44|28,49|1,58|60,77|28,16|9,52|44,1|28,42|73,60|65,90/28,96=28,65,90,24,96
94,75|27,39|90,53|1,27|46,26|30,61|74,54|43,1|43,74|39,98|52,13|91,99|4,91|43,68|54,30|43,90|53,46|43,52|68,4|13,94/43,75=43,52,13,94,75
49,12|3,49|31,34|61,43|85,17|17,54|85,3|12,95|82,69|85,82|54,2|69,31|43,33|33,74|85,61|48,56|2,93|26,48|5,26|85,5/85,93=85,17,54,2,93
58,5|27,47|81,7|12,26|70,20|97,49|12,81|54,18|12,45|7,97|45,71|71,70|21,27|31,58|26,54|12,32|12,21|32,31|18,34|47,39/12,34=12,26,54,18,34
2,77|79,39|79,12|79,81|79,25|14,1|12,29|64,30|54,14|4,27|73,76|22,41|25,54|79,73|86,64|76,4|39,86|81,33|33,22|29,2/79,27=79,73,76,4,27
9,46|95,44|54,96|39,54|29,93|67,1|93,68|29,39|98,37|1,56|68,95|96,26|77,57|29,9|89,67|75,40|29,77|57,75|46,98|29,89/29,26=29,39,54,96,26
17,36|54,57|36,3|76,16|47,75|23,70|71,29|85,45|29,17|75,93|71,56|98,54|49,76|71,21|56,49|71,15|21,98|71,85|45,23|15,47/71,57=71,21,98,54,57
99,80|5,6|1,41|15,62|7,1|69,99|2,39|62,13|71,3|69,15|56,16|69,7|41,12|69,5|13,44|23,18|16,23|80,71|69,56|6,2/69,18=69,56,16,23,18
74,13|35,78|57,74|98,35|29,2|80,24|36,22|36,96|24,0|36,92|36,66|6,83|83,68|96,98|92,57|0,38|2,14|36,80|66,29|22,6/36,38=36,80,24,0,38
84,48|88,85|6,60|88,71|15,55|88,95|28,90|95,83|55,62|88,82|41,51|88,15|71,4|83,28|4,6|51,53|69,84|82,41|62,16|85,69/88,48=88,85,69,84,48
39,80|47,95|47,61|29,39|68,44|45,9|75,31|99,1|63,68|80,92|95,75|47,29|47,45|35,25|54,35|47,63|44,26|31,24|61,54|9,99/47,24=47,95,75,31,24
83,89|83,37|49,11|64,27|37,43|83,82|86,1|82,64|1,59|83,28|83,24|35,44|50,96|24,75|89,7|27,38|7,49|28,86|75,50|43,35/83,96=83,24,75,50,96
77,16|88,90|28,41|13,93|13,28|90,39|39,0|13,78|13,55|41,44|44,98|55,77|16,74|9,1|30,59|13,88|1,96|78,30|93,9|59,45/13,98=13,28,41,44,98
71,19|52,76|26,17|10,14|14,71|10,95|7,11|64,37|4,72|10,26|76,4|37,88|44,7|10,52|19,8|10,81|17,65|65,33|81,64|95,44/10,72=10,52,76,4,72
94,7|30,75|4,98|48,65|98,46|96,52|84,93|84,94|33,20|84,83|75,72|84,96|83,58|84,76|7,33|32,25|58,32|52,48|93,30|76,4/84,65=84,96,52,48,65
7,50|7,14|64,41|50,64|7,43|93,90|79,38|90,34|38,52|94,66|7,17|7,93|17,79|92,80|81,92|34,39|14,94|41,86|43,81|66,54/7,52=7,17,79,38,52
7,4|14,43|43,26|73,10|72,1|90,73|1,20|88,72|88,14|20,58|88,98|12,7|10,79|26,37|4,48|88,12|9,8|88,90|98,9|8,67/88,58=88,72,1,20,58
76,99|86,91|58,10|86,33|99,29|86,80|16,97|91,76|26,82|86,26|82,58|33,92|44,75|30,19|92,30|75,5|86,28|97,90|80,16|28,44/86,29=86,91,76,99,29
9,86|63,7|8,48|30,77|42,8|70,97|48,64|86,63|76,90|76,82|36,60|97,1|82,91|76,30|76,42|84,18|91,84|77,36|76,9|90,70/76,7=76,9,86,63,7
36,70|69,85|45,96|62,20|85,74|74,0|12,99|45,62|70,88|79,34|6,41|84,79|41,76|96,84|2,36|45,69|45,59|59,6|45,2|20,12/45,0=45,69,85,74,0
85,88|94,66|53,44|55,81|19,43|81,16|39,94|19,65|65,39|36,8|47,11|19,27|27,53|8,47|19,96|96,55|88,52|43,85|19,36|44,97/19,16=19,96,55,81,16
63,16|64,44|44,63|99,11|64,42|64,59|6,86|36,6|91,67|59,55|64,91|55,79|64,3|67,99|3,94|56,22|42,36|94,56|79,37|16,78/64,78=64,44,63,16,78
2,51|90,29|25,59|29,99|12,11|23,26|26,49|23,14|59,34|85,2|23,25|58,10|14,90|49,98|34,30|23,48|98,89|10,12|23,58|48,85/23,11=23,58,10,12,11
33,92|26,60|26,94|54,33|40,7|37,80|26,93|26,67|67,82|60,43|82,40|26,54|92,85|15,37|94,15|83,45|93,46|43,83|12,47|46,12/26,80=26,94,15,37,80
13,57|78,21|0,92|41,20|94,41|20,79|0,13|66,64|8,86|70,82|55,8|92,55|57,91|0,94|21,66|0,78|91,24|0,70|82,83|83,17/0,79=0,94,41,20,79
62,27|32,25|0,71|72,47|57,62|48,80|45,37|45,7|45,57|25,72|45,32|23,77|37,23|92,48|27,30|45,0|7,92|40,81|77,53|71,40/45,47=45,32,25,72,47
6,3|43,28|36,42|72,19|43,83|49,9|13,78|43,36|14,18|28,16|43,6|3,72|16,35|74,44|42,74|9,62|78,14|83,49|35,81|43,13/43,18=43,13,78,14,18
36,77|55,9|99,44|87,33|29,43|32,87|9,6|88,99|29,28|75,31|17,36|29,80|22,75|80,22|43,17|28,32|29,88|29,55|6,54|44,48/29,33=29,28,32,87,33
29,36|87,41|96,11|66,29|11,87|41,20|91,33|70,69|96,15|15,13|23,70|24,23|96,91|36,42|96,66|33,94|94,82|13,44|96,24|44,53/96,82=96,91,33,94,82
36,73|92,77|11,67|70,80|59,11|67,9|16,89|70,59|17,27|71,90|89,72|90,17|70,60|60,36|70,71|80,16|70,92|73,3|77,29|29,45/70,3=70,60,36,73,3
9,77|85,19|7,56|29,85|19,68|57,70|56,48|53,15|26,57|53,73|15,81|75,67|73,9|48,64|70,97|53,29|77,34|53,7|53,26|81,75/53,97=53,26,57,70,97
75,2|94,49|53,10|95,93|95,53|13,90|95,59|91,94|69,35|90,11|11,51|59,33|49,30|33,69|93,75|2,22|14,8|10,14|95,91|95,13/95,22=95,93,75,2,22
80,8|25,61|56,49|80,27|80,55|0,95|89,19|95,51|52,92|96,54|80,60|18,89|55,18|27,56|61,52|80,25|60,0|71,96|49,37|8,71/80,19=80,55,18,89,19
66,37|66,57|66,47|37,56|16,33|58,16|18,11|70,9|66,0|66,74|48,23|57,58|74,87|23,50|78,76|47,70|87,18|9,99|0,48|56,78/66,11=66,74,87,18,11
78,70|20,7|95,50|55,12|16,25|12,35|40,20|98,38|26,95|75,78|16,55|38,34|16,83|83,40|87,26|25,75|16,87|16,23|23,98|35,15/16,34=16,23,98,38,34
37,94|13,95|37,75|72,13|69,91|8,72|37,20|54,77|50,61|20,6|61,11|37,8|75,76|79,1|77,0|0,93|37,54|76,79|6,69|94,50/37,95=37,8,72,13,95
9,50|69,70|85,37|30,83|1,30|61,9|83,78|87,69|85,13|85,75|85,1|50,96|41,53|37,77|34,95|14,41|85,61|75,14|77,34|13,87/85,95=85,37,77,34,95
79,65|66,35|33,76|69,23|14,74|78,51|51,29|76,5|23,78|5,98|53,79|18,50|69,18|8,14|57,53|74,37|69,33|69,8|69,57|50,66/69,29=69,23,78,51,29
3,26|37,18|18,3|37,62|73,28|37,65|37,83|26,45|75,60|98,35|62,91|41,52|37,73|28,41|83,55|91,75|55,0|65,39|39,98|0,10/37,60=37,62,91,75,60
27,43|14,1|67,8|67,40|67,82|40,71|75,25|23,81|82,61|69,14|61,75|67,49|56,69|71,48|8,28|48,41|28,27|81,36|67,56|49,23/67,43=67,8,28,27,43
80,65|80,57|57,89|25,32|65,70|79,86|46,38|51,29|24,25|9,24|92,46|58,79|62,58|70,12|28,92|12,44|80,28|80,62|80,9|89,51/80,32=80,9,24,25,32
90,40|90,21|97,9|98,10|26,30|87,26|38,20|58,88|90,58|86,57|90,38|16,44|57,22|88,98|21,0|0,16|20,97|40,86|7,87|90,7/90,30=90,7,87,26,30
83,66|68,96|68,74|55,28|97,19|68,59|74,30|36,1|59,46|26,15|1,26|66,18|68,32|32,3|96,83|3,97|68,36|81,5|46,81|30,55/68,5=68,59,46,81,5
33,66|22,59|33,5|67,60|33,67|88,23|37,73|69,40|26,22|95,77|43,95|93,26|66,43|46,11|40,54|5,69|60,88|33,37|33,93|73,46/33,23=33,67,60,88,23
2,90|93,2|57,61|58,70|7,87|90,40|79,5|33,13|70,65|11,79|87,20|61,39|11,98|11,19|5,33|39,49|11,93|19,7|98,58|11,57/11,20=11,19,7,87,20
25,96|74,2|2,12|40,27|27,58|88,77|12,9|9,41|74,55|62,21|89,25|29,40|55,62|77,20|74,67|74,88|67,89|20,93|21,94|74,29/74,41=74,2,12,9,41
22,63|43,18|66,2|48,76|92,47|18,97|12,54|92,12|4,48|92,74|47,65|57,98|65,57|2,22|92,66|24,11|92,16|74,4|16,43|54,24/92,76=92,74,4,48,76
78,26|44,99|37,48|37,59|23,75|72,34|19,40|48,42|93,72|37,78|21,77|37,44|26,19|42,21|59,80|99,30|30,39|80,23|37,29|29,93/37,34=37,29,93,72,34
38,28|38,32|62,54|60,37|38,23|18,69|32,94|4,79|14,60|15,62|8,40|38,26|40,21|23,8|38,15|54,56|94,18|26,14|79,25|28,4/38,37=38,26,14,60,37
5,33|39,4|5,25|27,85|67,56|33,96|5,67|23,83|4,34|54,28|93,68|96,93|56,23|5,75|34,65|5,39|41,27|25,92|92,54|75,41/5,65=5,39,4,34,65
10,55|13,85|37,40|65,26|73,0|37,77|74,78|0,23|3,73|37,3|85,43|29,13|4,74|17,4|55,7|26,86|77,10|37,29|37,17|40,65/37,43=37,29,13,85,43
65,64|34,70|95,36|71,0|64,2|66,44|58,94|36,46|70,58|34,43|34,49|34,91|44,48|0,86|91,65|49,95|94,84|34,8|43,66|8,71/34,86=34,8,71,0,86
43,39|17,83|99,89|90,1|29,76|36,70|70,14|90,45|89,67|90,17|1,29|90,50|45,36|64,7|7,25|60,99|90,60|50,64|76,98|83,43/90,67=90,60,99,89,67
19,81|77,26|47,20|81,96|68,8|98,77|23,16|73,90|98,68|36,47|98,36|82,19|8,23|98,1|20,18|90,89|1,73|99,49|98,82|26,99/98,89=98,1,73,90,89
43,37|32,64|92,24|6,71|36,13|62,4|62,65|88,6|37,81|62,88|62,43|48,56|71,9|64,92|62,32|65,36|13,86|58,48|4,58|81,18/62,18=62,43,37,81,18
9,12|25,36|36,42|58,54|92,46|27,43|39,27|54,92|12,76|43,13|23,41|14,31|41,14|86,25|13,87|39,9|76,15|39,58|39,23|39,86/39,15=39,9,12,76,15
34,71|26,55|26,32|7,39|52,48|71,61|48,80|91,7|55,52|26,4|43,59|33,34|32,57|0,65|26,33|57,43|39,96|65,13|4,0|26,91/26,61=26,33,34,71,61
55,29|30,40|42,30|46,37|21,14|98,33|14,76|17,51|32,4|19,98|19,17|51,12|12,74|19,55|19,72|19,2|72,21|2,42|33,46|29,32/19,4=19,55,29,32,4
24,59|39,37|63,51|24,34|37,84|11,36|84,9|6,56|0,18|83,63|24,83|24,0|34,6|2,88|13,2|24,39|59,13|18,11|56,74|51,65/24,74=24,34,6,56,74
47,33|79,26|88,12|2,1|33,72|21,95|59,67|20,63|57,88|55,59|26,5|72,65|5,2|79,20|79,47|35,57|79,55|67,17|79,35|63,21/79,12=79,35,57,88,12
99,48|0,20|70,10|67,0|99,80|89,3|5,97|99,25|53,69|3,38|99,53|99,70|10,39|39,60|17,42|69,17|97,33|80,89|48,5|25,67/99,20=99,25,67,0,20
22,9|52,10|6,75|13,21|6,92|6,4|28,1|75,8|92,99|8,22|21,46|6,13|99,20|10,39|20,37|6,52|1,84|39,98|4,28|46,67/6,37=6,92,99,20,37
28,85|77,39|13,52|94,4|85,72|57,46|45,97|49,83|46,93|49,45|49,94|49,77|4,13|39,69|83,28|49,57|69,2|93,56|81,10|97,81/49,72=49,83,28,85,72
71,24|19,89|42,61|15,63|85,71|15,85|79,73|26,60|5,62|15,19|15,26|15,1|62,40|1,93|89,42|60,79|9,47|93,9|63,5|24,14/15,73=15,26,60,79,73
68,18|26,33|68,12|84,74|90,65|33,19|12,90|19,39|74,60|18,84|57,82|48,57|54,24|68,41|82,38|7,54|68,48|68,26|41,7|65,16/68,16=68,12,90,65,16
20,83|40,21|47,33|40,19|27,60|40,30|79,20|21,79|40,65|13,96|18,47|19,18|40,13|96,89|89,93|92,34|63,92|65,27|30,63|60,53/40,83=40,21,79,20,83
92,6|84,15|31,76|83,52|42,95|93,49|6,57|33,12|77,94|16,37|84,33|84,16|57,71|37,31|84,77|87,42|94,83|12,93|15,87|84,92/84,95=84,15,87,42,95
0,34|78,75|87,90|11,14|27,10|27,72|27,52|58,94|27,4|5,57|52,44|34,83|72,31|31,87|4,18|27,58|18,5|94,11|10,0|44,78/27,57=27,4,18,5,57
95,96|30,95|92,36|9,30|61,92|63,90|83,97|2,60|9,7|36,16|9,2|77,64|14,21|60,14|97,63|96,44|7,77|64,47|9,61|9,83/9,47=9,7,77,64,47
52,62|99,3|52,90|52,46|52,61|47,86|75,41|46,92|92,98|98,35|36,99|34,0|96,65|61,36|90,14|14,34|41,96|62,93|93,47|52,75/52,3=52,61,36,99,3
52,58|78,26|82,95|19,87|30,16|14,91|26,94|7,23|78,30|78,99|16,44|94,82|44,60|78,14|91,52|78,65|65,19|64,7|99,64|87,46/78,23=78,99,64,7,23
66,37|66,57|66,47|37,56|9,99|58,9|16,33|70,18|66,0|66,74|48,23|57,58|74,87|23,50|78,76|47,70|87,16|18,11|0,48|56,78/66,11=66,47,70,18,11
39,80|18,0|36,51|36,60|60,48|36,22|19,93|51,39|48,47|0,87|74,85|47,66|93,23|16,74|80,42|23,58|52,16|36,19|36,52|22,18/36,42=36,51,39,80,42
92,47|78,54|69,85|92,5|63,64|92,11|11,13|5,61|58,84|85,58|54,57|92,78|65,63|18,28|61,18|13,38|57,37|92,69|38,4|47,65/92,28=92,5,61,18,28
84,48|65,53|93,65|24,96|53,52|45,17|50,9|91,84|41,97|50,93|74,66|0,12|50,24|96,41|9,91|12,74|50,39|50,0|83,45|39,83/50,48=50,9,91,84,48
26,81|42,14|89,42|49,19|98,17|16,78|40,9|81,24|80,3|98,49|74,77|98,83|83,89|19,74|98,44|45,40|17,45|78,80|98,16|44,26/98,9=98,17,45,40,9
39,9|96,41|60,57|70,77|62,53|68,88|68,60|64,34|67,18|41,67|53,12|57,39|68,64|38,46|88,78|78,70|68,96|68,62|34,38|12,17/68,9=68,60,57,39,9
9,2|9,7|92,68|36,11|9,64|2,97|68,85|81,1|32,83|12,15|15,89|83,14|9,19|97,36|51,92|1,39|9,51|19,81|64,12|7,32/9,39=9,19,81,1,39
22,31|60,80|21,60|76,93|39,22|39,50|93,6|57,25|68,81|80,63|66,14|39,73|44,68|31,57|50,76|73,66|39,21|39,44|81,79|14,53/39,25=39,22,31,57,25
95,46|60,29|47,94|48,47|46,36|37,30|0,37|10,39|94,85|48,99|99,0|65,60|85,45|48,65|48,84|39,24|98,95|48,98|29,96|84,10/48,96=48,65,60,29,96
21,69|94,61|63,60|21,33|76,94|88,9|69,85|85,88|53,14|60,40|21,6|6,53|91,31|31,90|21,91|14,57|90,93|21,76|61,74|33,63/21,57=21,6,53,14,57
11,69|53,85|25,4|6,57|1,6|69,95|95,81|8,25|11,97|47,93|9,70|11,35|33,8|31,9|81,94|93,53|11,47|35,31|11,33|97,1/11,94=11,69,95,81,94
85,67|47,12|99,32|17,78|27,47|78,41|37,85|37,34|50,27|37,72|37,50|80,95|51,7|33,80|72,51|67,99|71,17|37,71|7,45|34,33/37,41=37,71,17,78,41
75,36|68,15|76,6|12,3|42,32|55,51|26,88|12,26|12,46|36,68|12,75|93,55|63,11|88,63|3,76|50,42|49,93|46,50|12,49|6,14/12,32=12,46,50,42,32
65,27|65,11|44,30|65,8|11,40|52,23|72,14|14,69|61,52|65,75|40,71|37,96|71,19|8,61|75,29|47,89|65,44|29,37|30,47|27,72/65,19=65,11,40,71,19
95,40|66,13|15,44|67,65|76,61|77,16|67,23|67,66|87,73|67,50|40,89|65,69|69,15|13,76|16,25|67,4|20,87|4,77|50,20|23,95/67,44=67,65,69,15,44
14,67|48,27|40,47|78,41|94,63|3,94|47,25|41,42|42,72|68,40|67,18|78,68|78,48|78,34|18,20|34,3|72,97|78,14|57,17|27,57/78,25=78,68,40,47,25
0,7|59,93|75,11|53,50|43,58|99,64|24,99|36,43|41,75|7,53|73,41|36,73|36,0|36,59|58,37|93,15|37,1|36,24|15,22|64,78/36,1=36,43,58,37,1
33,6|85,30|33,44|44,93|2,85|29,81|95,42|53,95|41,5|6,29|81,57|33,70|21,41|33,21|33,73|68,11|70,53|5,38|93,68|73,2/33,11=33,44,93,68,11
54,99|99,39|95,20|58,60|47,96|89,48|48,95|74,37|58,70|58,74|22,94|37,22|58,89|60,92|53,32|96,53|92,90|90,77|70,54|58,47/58,39=58,70,54,99,39
84,88|89,29|84,58|61,54|34,52|9,55|33,56|71,19|58,13|26,78|13,89|20,33|84,71|84,34|75,9|19,61|52,26|56,12|84,20|88,75/84,78=84,34,52,26,78
98,64|83,63|99,16|22,52|28,14|5,26|83,32|16,19|63,99|52,7|32,66|7,33|83,20|66,28|13,98|83,5|79,84|26,79|83,22|20,13/83,84=83,5,26,79,84
75,29|89,41|41,27|30,79|51,71|94,22|75,90|79,46|72,62|75,51|71,72|57,89|75,85|90,3|85,44|29,30|75,57|3,91|44,94|91,67/75,67=75,90,3,91,67
80,30|72,71|88,82|88,75|71,6|6,25|33,26|89,86|82,33|88,66|12,80|75,15|88,12|66,89|15,5|26,94|30,41|86,20|88,72|5,11/88,20=88,66,89,86,20
97,65|1,61|13,28|93,13|18,98|26,7|85,6|96,18|98,14|97,84|84,85|65,93|2,25|38,1|97,96|97,31|97,26|31,38|6,32|7,2/97,32=97,84,85,6,32
38,55|49,91|68,51|54,67|15,78|91,25|69,61|97,15|69,53|69,56|69,38|61,97|73,66|51,70|92,73|69,77|55,54|53,68|77,49|56,92/69,66=69,56,92,73,66
33,20|78,18|58,89|42,17|83,77|17,78|42,33|42,99|89,3|20,75|75,38|18,28|42,49|42,90|49,50|90,83|50,1|99,58|1,86|77,55/42,3=42,99,58,89,3
37,56|8,31|36,39|66,0|31,30|25,98|43,25|44,3|36,53|53,66|30,2|36,23|21,37|0,12|39,43|36,18|23,21|36,8|18,92|92,44/36,56=36,23,21,37,56
58,31|22,49|68,96|8,22|15,84|46,15|46,8|87,5|46,83|49,47|83,40|40,98|41,70|84,26|31,87|26,3|98,53|70,68|46,58|46,41/46,5=46,58,31,87,5
44,13|12,41|3,48|9,4|4,78|14,71|9,3|58,54|22,27|13,69|78,58|9,12|63,84|69,7|9,44|9,56|56,38|48,14|41,63|38,22/9,84=9,12,41,63,84
96,33|69,17|5,94|14,58|43,25|86,14|17,99|25,29|58,51|85,74|68,5|29,80|51,76|86,67|33,85|99,62|86,96|86,69|67,68|86,43/86,62=86,69,17,99,62
2,55|33,78|57,98|85,79|26,59|85,71|71,26|79,30|72,60|59,34|55,57|85,25|78,38|85,2|47,13|25,35|38,73|85,33|35,72|30,47/85,34=85,71,26,59,34
68,97|62,28|92,36|96,25|96,23|32,59|23,75|86,35|97,19|84,68|14,86|75,7|91,65|28,92|7,20|96,91|25,14|65,32|96,84|96,62/96,36=96,62,28,92,36
38,47|40,24|91,96|73,29|64,15|13,35|43,81|57,13|29,91|64,46|47,30|64,38|81,55|46,57|15,40|24,36|3,43|64,3|30,21|64,73/64,55=64,3,43,81,55
7,95|97,84|98,56|10,9|92,86|1,7|27,10|75,97|9,4|75,27|95,5|75,92|93,28|58,93|86,40|40,83|75,58|75,1|84,98|28,44/75,4=75,27,10,9,4
96,31|34,92|38,67|76,2|34,60|31,58|28,99|2,94|34,68|92,76|60,80|51,28|95,5|58,56|68,8|80,38|34,96|34,51|8,95|99,41/34,5=34,68,8,95,5
78,26|44,99|37,48|37,59|23,75|19,40|21,77|48,42|93,19|37,78|72,34|37,44|26,21|42,72|59,80|99,30|30,39|80,23|37,29|29,93/37,34=37,48,42,72,34
21,17|46,19|47,62|21,47|17,5|89,44|16,98|62,89|99,58|58,46|34,94|53,34|5,36|21,9|36,55|21,99|98,92|9,53|76,16|21,76/21,94=21,9,53,34,94
16,63|16,6|88,70|2,87|16,36|16,54|6,89|52,80|17,88|38,15|80,49|36,17|16,43|87,57|11,58|54,2|58,9|43,52|63,11|89,38/16,49=16,43,52,80,49
49,14|97,91|39,28|88,12|0,52|18,97|59,29|96,0|18,93|93,63|18,26|89,30|63,39|69,89|11,96|12,49|26,69|18,88|91,59|18,11/18,52=18,11,96,0,52
46,76|78,59|78,23|85,53|58,69|78,26|26,48|40,29|75,11|78,40|18,4|59,6|78,46|76,18|24,10|48,75|49,85|29,24|23,49|6,58/78,53=78,23,49,85,53
54,2|49,53|67,16|67,99|39,14|14,81|67,36|62,59|61,49|36,54|67,56|25,97|67,25|97,62|26,74|16,39|2,9|99,43|43,26|56,61/67,9=67,36,54,2,9
77,67|99,95|31,61|99,82|82,16|99,31|53,96|99,62|62,38|14,43|75,41|9,4|87,90|43,53|61,75|38,87|99,14|16,9|80,77|95,80/99,41=99,31,61,75,41
89,19|20,93|2,81|76,20|73,87|91,76|34,89|3,23|12,14|23,10|19,82|46,3|81,12|46,34|46,73|39,16|87,39|46,91|10,54|46,2/46,16=46,73,87,39,16
95,94|33,58|27,67|27,64|27,96|96,33|94,6|27,16|5,54|58,69|64,83|90,14|16,5|83,86|67,90|54,93|27,95|6,29|14,87|86,38/27,87=27,67,90,14,87
88,0|21,68|29,50|36,26|25,35|54,31|43,97|97,88|40,54|25,72|35,75|92,40|75,29|25,92|72,19|25,36|46,80|19,46|26,21|25,43/25,50=25,35,75,29,50
41,23|23,3|3,63|49,13|41,2|6,53|41,6|8,72|53,61|80,21|63,31|41,37|9,8|37,9|61,88|39,38|69,39|2,69|13,80|41,49/41,31=41,23,3,63,31
85,88|81,16|53,94|55,44|19,43|44,97|39,81|19,65|65,39|36,8|47,11|19,27|27,53|8,47|19,96|96,55|88,52|43,85|19,36|94,66/19,16=19,65,39,81,16
84,43|56,5|1,76|97,79|95,98|43,55|2,69|5,1|79,42|98,85|70,75|95,84|95,65|95,56|55,72|48,24|85,48|69,70|95,2|65,97/95,72=95,84,43,55,72
63,73|25,63|56,68|88,51|51,69|65,9|29,13|68,15|79,64|65,61|61,56|65,88|9,25|65,45|64,6|45,75|69,33|22,79|75,29|65,22/65,73=65,9,25,63,73
32,14|14,44|50,47|9,7|62,29|32,80|46,65|55,53|7,50|44,46|53,93|97,81|80,38|29,97|58,55|12,96|32,9|32,58|32,62|38,12/32,47=32,9,7,50,47
32,65|63,0|62,79|70,94|96,6|86,63|65,7|32,15|32,70|20,49|15,96|47,39|97,54|6,36|32,47|94,20|39,62|7,97|0,8|32,86/32,49=32,70,94,20,49
30,91|62,35|35,41|88,69|19,99|26,56|5,19|63,88|51,57|91,21|56,63|26,12|26,2|2,51|26,38|38,62|99,75|26,5|12,30|57,94/26,41=26,38,62,35,41
77,31|56,30|30,63|38,35|81,92|49,81|3,77|56,8|17,3|63,84|92,0|56,85|85,39|57,74|47,57|84,53|56,17|56,49|8,47|39,38/56,0=56,49,81,92,0
48,72|70,48|38,68|49,66|7,13|68,24|77,46|45,87|55,69|38,65|38,77|46,7|24,61|64,70|87,55|61,10|65,49|38,64|38,45|66,33/38,13=38,77,46,7,13
77,74|41,47|63,67|79,77|78,41|11,79|47,33|63,91|63,78|4,9|67,57|63,11|86,36|32,12|9,31|54,86|63,54|91,4|57,32|36,99/63,99=63,54,86,36,99
49,75|33,52|84,8|98,68|27,0|42,50|0,2|58,12|12,9|41,27|65,69|95,32|75,42|84,33|84,49|52,95|8,58|84,98|84,41|68,65/84,32=84,33,52,95,32
92,68|20,0|59,12|11,70|12,69|34,53|34,11|69,37|34,59|16,3|21,20|49,21|3,26|53,16|70,39|39,47|34,83|83,17|17,92|34,49/34,37=34,59,12,69,37
81,16|73,33|2,85|85,81|78,74|38,52|55,27|58,13|72,32|52,72|74,58|27,10|64,78|64,38|64,2|64,18|18,55|64,73|9,30|33,9/64,30=64,73,33,9,30
25,35|35,15|10,8|7,16|15,58|12,78|73,64|93,59|59,11|9,92|92,7|9,47|16,43|9,12|47,93|94,75|78,10|9,25|9,94|75,73/9,8=9,12,78,10,8
45,54|33,53|8,36|80,8|90,11|42,80|17,88|45,90|99,37|5,13|13,22|40,50|45,99|54,5|11,17|53,60|37,40|45,93|93,33|45,42/45,60=45,93,33,53,60
59,44|8,91|24,2|5,32|46,19|72,81|2,59|4,30|5,88|81,46|94,95|5,24|30,87|32,4|5,72|5,8|95,40|91,21|21,85|88,94/5,40=5,88,94,95,40
90,54|47,6|31,78|31,98|1,14|0,57|54,40|31,0|98,47|31,61|92,1|74,9|31,92|14,49|61,90|23,89|78,74|57,23|6,71|9,22/31,22=31,78,74,9,22
59,17|59,78|70,31|10,47|17,3|57,11|3,61|59,88|31,30|47,0|59,99|88,66|61,41|93,13|59,10|99,70|0,21|66,57|60,93|78,60/59,30=59,99,70,31,30
82,64|13,27|64,65|67,91|70,62|27,30|59,98|51,7|70,82|70,13|65,40|81,33|7,81|30,68|98,16|70,51|21,67|70,0|62,59|0,21/70,91=70,0,21,67,91
43,2|96,21|96,78|44,54|91,83|36,91|12,86|78,19|61,23|19,12|20,36|46,98|98,57|23,43|59,44|96,61|57,41|21,59|96,20|96,46/96,2=96,61,23,43,2
5,24|5,59|39,25|24,46|77,51|15,39|96,15|69,35|5,96|6,14|5,54|46,48|35,6|54,98|59,77|51,33|98,21|48,36|5,69|21,40/5,36=5,24,46,48,36
46,34|37,95|55,3|62,67|58,25|46,82|46,61|54,63|12,54|48,8|61,55|46,37|95,58|46,12|3,29|34,48|63,92|8,2|82,62|67,7/46,2=46,34,48,8,2
28,74|0,31|39,60|81,56|14,86|49,14|91,20|32,49|74,5|47,97|54,23|99,91|20,73|0,47|56,54|97,39|0,32|0,99|0,81|31,28/0,23=0,81,56,54,23
4,86|90,34|57,90|19,64|19,99|34,52|21,16|19,57|73,58|19,30|86,44|58,78|97,40|99,21|64,13|16,7|78,56|19,73|30,4|13,97/19,40=19,64,13,97,40
89,59|80,7|52,93|5,80|4,36|5,24|36,39|5,89|34,75|63,34|7,13|59,52|5,45|24,4|46,28|5,63|45,46|28,48|13,37|75,23/5,39=5,24,4,36,39
10,50|55,95|95,40|55,23|70,71|15,89|40,58|1,51|32,22|23,15|59,75|5,62|58,41|50,59|55,32|71,5|55,10|22,1|55,70|89,30/55,41=55,95,40,58,41
87,60|57,44|33,87|44,67|67,89|92,45|15,99|14,33|79,90|71,15|60,34|14,57|65,13|14,65|72,71|48,96|14,79|13,92|90,48|14,72/14,45=14,65,13,92,45
88,56|78,21|3,26|97,38|38,84|79,4|91,79|43,45|21,59|26,43|88,11|74,76|59,94|64,74|56,91|11,97|76,1|88,3|88,78|88,64/88,1=88,64,74,76,1
25,97|41,12|44,59|29,93|75,94|29,41|29,4|4,95|7,46|12,36|38,51|29,44|97,47|36,76|57,7|29,8|59,75|95,38|93,57|8,25/29,47=29,8,25,97,47
97,33|80,97|80,43|96,41|27,63|47,93|9,96|35,27|67,87|41,8|80,47|80,38|38,67|93,28|43,35|87,53|33,10|28,25|10,2|80,9/80,63=80,43,35,27,63
38,47|61,37|56,17|15,93|85,20|59,22|56,59|78,91|93,78|70,60|56,9|9,11|48,92|56,48|22,85|11,70|56,15|17,61|92,38|37,81/56,60=56,9,11,70,60
40,65|9,25|19,58|93,32|65,98|59,19|75,29|82,96|25,75|59,40|30,6|6,50|96,93|58,20|59,72|72,30|59,82|20,71|59,9|98,33/59,29=59,9,25,75,29
89,45|23,24|79,84|13,65|75,64|45,40|89,13|24,49|40,86|63,75|84,17|89,51|89,79|86,98|17,36|1,38|65,1|88,23|89,88|51,63/89,64=89,51,63,75,64
75,65|12,54|56,12|56,86|72,13|28,1|54,10|56,28|56,22|13,26|71,69|22,72|1,71|10,44|81,39|39,75|56,81|48,24|86,90|90,48/56,24=56,86,90,48,24
58,28|80,29|69,80|58,16|86,66|91,75|58,9|9,64|75,50|5,86|50,51|94,82|76,78|28,5|58,91|16,76|78,18|58,2|2,69|64,94/58,18=58,16,76,78,18
79,13|39,23|52,22|76,50|58,30|32,3|22,39|5,1|2,89|89,27|3,19|80,32|5,80|5,76|65,77|5,58|1,2|5,52|50,65|30,79/5,19=5,80,32,3,19
88,56|40,57|12,41|34,18|22,12|21,68|36,28|18,90|36,43|46,88|28,47|56,27|36,46|47,1|43,34|36,53|36,40|53,22|57,21|1,66/36,68=36,40,57,21,68
57,71|88,0|67,24|39,13|57,98|57,75|89,28|51,67|75,3|3,88|24,27|98,89|71,94|64,23|57,51|33,70|57,39|28,47|94,64|13,33/57,27=57,51,67,24,27
43,24|10,96|21,80|82,10|79,16|78,17|15,21|48,36|24,83|15,81|96,30|80,79|36,57|57,7|15,2|22,78|81,43|15,48|2,22|15,82/15,17=15,2,22,78,17
34,29|69,79|86,45|34,51|29,78|51,77|56,67|48,57|61,2|77,48|8,31|60,54|2,8|78,69|34,61|3,56|45,60|67,62|34,86|34,3/34,31=34,61,2,8,31
54,64|23,54|79,16|79,93|96,24|58,96|31,62|16,23|6,87|36,1|24,65|62,14|14,89|79,58|93,36|87,75|71,6|79,71|79,31|1,2/79,2=79,93,36,1,2
50,75|91,51|22,67|13,64|46,44|91,27|27,87|91,55|87,46|91,26|81,85|28,58|26,50|55,81|91,22|67,28|85,66|51,97|97,13|75,7/91,58=91,22,67,28,58
43,38|29,72|35,82|61,88|59,35|17,61|72,59|38,14|29,41|41,17|65,11|29,96|29,18|18,43|29,69|68,94|86,68|12,65|69,86|96,12/29,11=29,96,12,65,11
26,90|10,54|11,93|29,14|54,63|87,81|70,84|46,82|76,87|90,66|35,5|46,29|84,35|65,10|46,76|82,26|14,11|46,70|81,94|46,65/46,94=46,76,87,81,94
59,12|2,26|43,29|46,4|20,16|93,28|28,77|59,20|67,42|4,94|59,22|26,67|12,93|59,2|16,43|14,9|9,99|22,46|66,14|59,66/59,77=59,12,93,28,77
6,5|52,31|73,54|46,29|35,63|91,81|11,46|29,42|5,91|6,73|6,7|31,74|6,11|7,52|54,0|84,35|0,30|6,64|81,71|64,84/6,74=6,7,52,31,74
65,19|27,54|43,33|54,89|78,2|74,65|97,28|74,62|2,38|19,76|39,97|33,67|74,15|13,27|74,45|62,78|45,39|74,13|15,43|76,68/74,28=74,45,39,97,28
59,85|96,10|59,96|83,33|39,57|59,78|78,71|26,42|71,53|53,18|46,91|59,23|23,46|10,83|59,9|9,26|68,39|91,61|85,68|42,54/59,57=59,85,68,39,57
22,31|60,80|21,60|76,81|39,22|39,50|81,79|93,6|68,57|80,63|66,14|39,73|44,68|31,93|50,76|73,66|39,21|39,44|57,25|14,53/39,25=39,44,68,57,25
0,22|17,15|57,20|30,57|71,33|74,94|74,85|33,92|16,12|19,54|12,0|97,71|27,21|94,30|74,97|34,27|85,34|74,16|74,19|54,17/74,21=74,85,34,27,21
47,34|34,13|47,37|46,2|73,95|45,36|86,23|75,88|19,45|37,33|33,73|47,75|36,93|13,30|47,86|47,19|30,98|67,58|88,46|23,67/47,58=47,86,23,67,58
63,6|77,16|14,55|53,65|65,89|61,77|6,69|5,53|7,12|86,63|73,7|61,86|61,5|26,31|61,36|16,14|31,29|29,71|36,73|61,26/61,12=61,36,73,7,12
18,16|7,52|41,76|16,14|96,17|50,94|50,96|50,41|81,70|37,97|75,7|97,93|43,18|93,38|94,75|54,69|50,37|50,43|76,81|17,54/50,52=50,94,75,7,52
42,49|30,14|10,2|45,98|45,39|98,16|39,10|45,56|16,87|45,4|2,0|87,50|4,60|73,13|49,89|60,30|53,42|45,53|13,12|56,73/45,0=45,39,10,2,0
22,99|41,37|71,93|3,74|76,18|86,22|37,45|74,57|41,1|87,14|41,76|96,3|1,86|45,87|41,71|93,94|94,27|16,6|41,96|18,16/41,6=41,76,18,16,6
1,91|99,43|20,22|7,83|91,37|7,23|29,21|7,66|7,14|14,38|16,95|66,1|42,34|7,42|23,26|73,29|26,20|34,99|83,73|38,16/7,22=7,23,26,20,22
31,97|37,31|22,72|37,41|1,91|37,55|23,22|91,65|97,86|34,23|99,90|55,66|66,26|90,35|37,99|41,1|86,81|35,83|26,76|37,34/37,72=37,34,23,22,72
81,88|82,65|96,28|99,84|99,61|99,67|99,82|65,44|28,81|61,71|44,70|99,96|3,59|67,69|69,18|74,38|71,74|84,83|18,58|83,3/99,70=99,82,65,44,70
25,80|3,0|25,81|53,14|11,60|87,76|89,87|80,89|7,75|98,7|75,20|49,3|93,49|25,31|25,98|81,50|31,78|78,11|50,53|25,93/25,20=25,98,7,75,20
25,73|52,91|20,72|53,25|20,4|4,52|79,33|93,41|59,31|97,94|73,6|20,53|72,17|71,63|17,59|41,79|20,71|91,18|63,97|20,93/20,94=20,71,63,97,94
74,73|66,36|16,79|23,39|66,74|10,11|79,70|66,32|11,75|64,23|31,57|76,31|73,51|30,64|66,45|66,30|32,76|36,16|51,56|45,10/66,75=66,45,10,11,75
65,2|58,3|80,33|52,65|10,61|47,4|4,12|80,60|61,7|38,93|33,38|3,44|80,52|51,58|80,47|60,10|12,8|93,27|2,69|80,51/80,7=80,60,10,61,7
21,98|52,0|81,64|68,70|17,73|32,65|80,97|26,32|98,54|7,21|47,91|26,80|65,52|70,5|97,81|26,7|61,68|26,61|26,47|91,17/26,0=26,32,65,52,0
3,44|68,54|83,30|14,27|25,68|25,58|84,3|30,20|63,0|25,71|37,69|27,51|58,83|0,13|71,14|31,63|26,84|25,26|54,37|25,31/25,51=25,71,14,27,51
99,67|84,35|47,49|19,84|19,23|2,3|49,27|19,70|27,97|80,99|70,2|15,7|35,14|19,56|50,15|56,50|14,37|23,80|19,47|3,76/19,37=19,84,35,14,37
31,15|4,86|34,89|57,68|68,45|15,93|76,57|31,71|66,99|71,4|93,67|84,49|99,84|31,79|86,87|31,76|67,22|31,66|89,54|79,34/31,49=31,66,99,84,49
39,89|1,66|93,56|66,58|39,95|95,4|61,10|4,11|39,96|96,93|87,40|18,87|39,84|10,83|84,1|11,82|56,24|89,18|0,61|39,0/39,82=39,95,4,11,82
61,29|72,81|31,66|46,22|9,72|31,33|33,9|35,71|3,62|59,91|31,46|43,1|66,3|31,88|88,35|1,61|71,10|31,43|62,5|22,59/31,91=31,46,22,59,91
87,31|12,51|32,99|68,6|84,21|14,87|27,83|32,72|99,68|83,48|6,69|72,84|21,11|51,65|32,12|77,27|32,77|75,14|32,75|65,22/32,48=32,77,27,83,48
11,75|22,52|72,42|1,78|99,14|22,77|22,4|42,11|84,48|52,50|30,32|48,20|77,84|3,99|22,72|4,30|50,1|22,3|14,54|32,18/22,54=22,3,99,14,54
67,84|72,13|35,66|25,37|66,57|37,42|54,51|67,97|67,35|67,54|98,56|84,72|57,18|13,64|2,98|67,2|56,58|97,25|51,92|92,81/67,58=67,2,98,56,58
32,36|98,34|43,22|32,43|32,27|81,60|14,3|34,29|36,81|29,20|83,56|32,98|97,14|60,13|32,25|25,83|21,39|22,21|56,35|27,97/32,20=32,98,34,29,20
99,17|61,86|38,21|99,46|34,51|99,48|46,33|25,59|17,96|59,26|33,61|21,82|99,34|80,37|96,0|99,28|48,25|0,42|28,38|51,80/99,42=99,17,96,0,42
35,98|56,3|56,12|82,2|3,70|34,16|70,8|98,23|8,54|37,22|16,9|56,60|12,82|2,13|56,34|22,76|56,93|60,37|93,35|9,20/56,13=56,12,82,2,13
1,55|90,20|92,90|92,28|25,53|18,25|97,1|50,8|32,5|92,72|8,87|60,32|92,60|20,99|5,24|72,50|92,97|55,4|99,56|28,18/92,53=92,28,18,25,53
86,7|90,55|5,50|47,35|47,37|31,17|39,80|0,67|7,89|47,86|27,5|66,6|89,26|47,0|47,90|6,65|67,39|37,27|35,66|55,31/47,80=47,0,67,39,80
73,77|28,17|8,20|27,90|93,60|60,51|94,65|24,80|22,55|55,28|90,16|80,93|58,8|40,27|24,40|24,94|71,58|24,22|24,71|65,73/24,17=24,22,55,28,17
74,51|68,33|84,46|66,64|25,40|74,9|93,7|40,50|74,75|37,93|46,82|9,84|99,68|75,27|74,39|26,25|27,66|51,37|39,99|74,26/74,7=74,51,37,93,7
56,72|54,46|54,9|60,0|72,26|90,31|22,70|81,97|0,44|46,13|14,81|54,90|13,23|54,60|23,77|44,82|54,30|30,56|31,22|9,14/54,82=54,60,0,44,82
17,44|94,10|16,9|28,3|17,96|57,59|0,99|3,16|20,57|44,20|68,48|17,68|10,77|48,66|17,94|22,0|77,69|66,33|96,22|17,28/17,59=17,44,20,57,59
71,64|92,54|11,71|64,84|93,77|56,46|77,90|10,7|23,10|54,63|93,42|93,58|90,56|93,11|86,22|93,86|49,99|22,49|58,92|42,23/93,84=93,11,71,64,84
84,14|74,59|70,67|66,70|14,74|10,77|10,47|77,76|39,69|46,23|92,21|10,28|67,44|10,84|47,92|28,5|10,66|5,46|21,1|76,39/10,59=10,84,14,74,59
55,33|80,85|33,27|2,75|62,94|88,62|13,70|45,80|22,95|60,88|92,93|27,40|45,55|85,92|45,2|8,49|49,13|45,60|45,8|75,22/45,93=45,80,85,92,93
62,25|25,12|99,74|24,29|61,70|12,56|60,58|39,60|22,61|91,21|70,69|85,39|74,27|29,91|24,99|21,51|24,22|24,62|24,85|27,75/24,56=24,62,25,12,56
85,93|67,32|83,56|75,15|52,83|25,75|90,84|84,10|10,71|52,67|56,47|52,5|5,25|7,12|52,7|47,3|52,90|32,82|12,85|82,45/52,71=52,90,84,10,71
81,14|99,34|53,54|96,13|38,81|97,94|4,53|93,7|38,68|62,43|68,62|38,49|43,10|38,99|34,56|7,96|14,97|49,4|38,93|56,20/38,13=38,93,7,96,13
89,82|90,1|1,27|13,30|21,25|7,9|68,49|89,80|20,97|25,20|26,7|98,40|89,19|89,98|80,26|82,90|79,13|89,21|40,68|19,79/89,9=89,80,26,7,9
63,54|5,78|16,82|70,16|95,77|48,39|82,7|50,95|39,0|88,5|47,76|50,70|69,47|81,48|50,53|53,69|50,43|50,81|77,63|43,88/50,54=50,95,77,63,54
65,31|32,30|32,12|54,79|13,20|23,67|21,85|20,86|32,65|12,9|86,50|32,13|31,84|57,21|30,61|61,54|9,23|84,5|32,57|85,40/32,50=32,13,20,86,50
55,46|88,30|39,15|37,48|71,26|22,68|47,39|15,53|75,5|88,47|88,85|30,55|46,16|88,75|5,71|88,41|48,74|41,37|85,22|68,90/88,53=88,47,39,15,53
8,37|38,29|17,59|36,22|63,13|83,67|59,71|63,7|0,17|15,32|63,0|63,85|85,70|7,8|13,6|63,15|70,83|6,38|32,36|37,92/63,22=63,15,32,36,22
73,91|9,14|78,99|2,46|39,73|99,70|49,24|90,94|91,69|14,75|90,39|41,25|1,13|90,37|13,49|37,9|90,2|94,78|90,1|46,41/90,24=90,1,13,49,24
72,39|25,63|39,25|63,56|5,55|72,23|21,74|12,57|74,87|72,67|41,12|87,81|23,5|57,15|72,41|66,38|55,34|13,66|72,21|67,13/72,15=72,41,12,57,15
63,98|79,11|49,72|72,33|49,79|23,21|98,30|49,55|11,87|87,39|21,96|57,83|33,57|55,53|49,63|53,37|96,40|37,38|49,23|30,65/49,38=49,55,53,37,38
35,52|95,91|30,25|95,38|32,0|52,29|59,30|95,75|88,82|75,51|86,87|95,62|95,14|14,19|19,86|91,59|82,41|38,88|51,32|62,35/95,29=95,62,35,52,29
24,59|60,82|88,56|4,57|90,20|18,60|24,71|56,72|42,47|59,10|52,49|10,52|83,42|24,90|71,83|72,68|20,4|8,18|24,88|24,8/24,68=24,88,56,72,68
91,96|8,65|1,59|73,21|31,18|95,16|91,37|91,84|84,95|37,17|21,68|65,31|68,74|91,8|20,46|16,44|96,60|91,73|60,20|17,1/91,74=91,73,21,68,74
4,19|96,62|27,4|81,5|69,32|27,69|71,20|32,87|27,84|87,76|15,53|84,66|27,74|66,96|39,78|19,81|17,15|27,71|74,17|20,39/27,53=27,74,17,15,53
80,8|53,22|79,41|55,46|53,31|41,9|53,79|52,50|39,80|9,44|38,75|31,26|50,38|53,40|26,55|16,77|40,16|77,66|22,39|53,52/53,66=53,40,16,77,66
87,75|76,72|9,85|68,93|87,58|37,81|25,66|26,76|87,65|58,25|87,98|66,24|98,10|87,68|51,33|65,26|93,37|10,9|75,51|33,12/87,72=87,65,26,76,72
59,95|62,55|61,98|17,97|57,34|28,57|33,61|97,79|62,28|62,17|62,91|55,65|98,83|62,33|27,19|79,51|95,80|34,92|91,59|65,27/62,92=62,28,57,34,92
87,68|46,76|48,5|87,48|40,30|5,96|96,49|83,69|47,63|87,83|87,2|81,28|86,40|13,33|69,47|68,44|76,81|2,86|87,46|44,13/87,33=87,68,44,13,33
68,63|42,26|42,23|42,60|42,62|69,17|2,30|55,2|15,48|43,52|23,90|62,35|42,94|94,43|35,68|60,15|26,55|52,10|90,69|48,95/42,95=42,60,15,48,95
36,32|43,40|43,47|40,96|43,30|95,29|22,15|96,11|42,16|29,12|11,68|18,22|47,18|16,94|51,42|1,95|43,51|32,75|43,1|30,36/43,12=43,1,95,29,12
20,22|4,72|37,19|48,55|20,4|64,7|22,28|20,24|32,18|20,94|72,75|24,37|28,32|94,78|60,80|19,96|7,60|20,64|75,62|78,48/20,96=20,24,37,19,96
59,40|76,84|81,22|58,67|22,23|58,48|94,16|42,94|48,81|37,52|58,42|16,83|67,73|21,89|73,76|58,37|58,21|52,31|89,59|31,71/58,83=58,42,94,16,83
12,18|92,27|32,16|1,85|53,69|88,58|32,92|36,81|32,1|16,88|32,12|32,28|58,90|18,22|85,36|28,53|78,33|27,78|22,66|69,59/32,33=32,92,27,78,33
92,43|52,93|81,9|88,52|43,57|37,18|76,39|88,64|11,72|18,11|70,40|9,86|88,37|64,81|39,70|88,92|56,83|88,76|93,56|57,0/88,86=88,64,81,9,86
99,56|98,48|6,3|35,85|94,6|3,61|94,98|94,22|94,99|56,35|1,86|66,24|61,96|22,1|24,2|7,66|87,73|86,82|94,7|48,87/94,82=94,22,1,86,82
92,40|46,30|7,83|83,85|63,65|46,63|24,58|19,28|91,70|70,90|28,24|36,50|65,92|46,7|44,36|46,44|50,95|85,31|46,19|30,91/46,58=46,19,28,24,58
0,96|0,64|80,59|43,55|96,3|3,27|58,93|52,66|27,76|93,62|35,80|97,63|36,58|0,97|63,43|45,52|66,33|64,35|0,45|0,36/0,55=0,97,63,43,55
46,42|39,58|48,53|10,99|27,34|77,39|94,48|57,19|46,57|19,30|30,26|34,10|46,14|46,77|76,6|46,27|58,84|7,76|42,94|14,7/46,6=46,14,7,76,6
82,59|99,98|16,56|57,42|59,26|93,33|26,32|91,1|82,67|18,91|68,22|82,16|22,96|82,95|95,18|82,99|32,25|67,68|56,93|98,57/82,33=82,16,56,93,33
55,54|67,53|21,56|88,55|71,67|63,47|54,18|82,70|53,17|21,15|47,73|21,82|21,88|48,25|10,80|21,71|56,63|15,10|80,92|70,48/21,73=21,56,63,47,73
36,22|91,67|71,23|46,26|91,95|59,77|22,33|5,46|73,29|91,36|91,16|16,32|95,5|67,59|87,73|33,47|91,83|83,87|32,71|77,80/91,47=91,36,22,33,47
86,93|20,87|79,53|87,30|7,97|84,69|14,79|20,95|20,7|20,84|85,32|69,85|30,86|6,58|20,66|15,18|66,14|97,15|58,72|95,6/20,93=20,87,30,86,93
29,64|29,32|33,45|29,84|52,1|5,99|68,52|47,36|99,23|83,42|13,47|39,88|42,12|32,13|29,33|45,39|29,5|84,83|64,68|23,22/29,12=29,84,83,42,12
12,2|49,81|63,5|68,1|1,53|81,45|74,42|49,21|49,63|5,12|7,74|49,7|31,14|43,31|21,43|45,24|49,68|42,11|24,9|53,20/49,2=49,63,5,12,2
50,79|47,40|71,8|0,78|72,62|0,35|31,72|48,44|82,48|25,20|0,28|0,96|35,73|20,50|78,82|73,47|28,31|0,25|8,6|96,71/0,6=0,96,71,8,6
67,59|97,79|68,0|26,60|39,82|67,1|1,74|79,30|67,58|82,66|30,87|67,97|58,26|67,39|66,23|59,68|45,80|74,45|60,88|0,25/67,80=67,1,74,45,80
47,87|76,16|76,96|76,47|1,14|35,26|96,35|67,7|7,18|48,91|21,67|26,69|40,36|57,1|87,40|91,6|76,21|76,48|6,38|16,57/76,18=76,21,67,7,18
81,43|38,88|95,69|28,98|35,38|92,78|92,94|92,8|78,11|64,40|92,90|11,51|89,64|69,25|8,95|51,80|92,81|90,35|43,28|94,89/92,40=92,94,89,64,40
35,2|56,3|56,12|82,22|3,70|34,16|70,8|2,13|8,54|37,98|16,9|56,60|12,82|22,76|56,34|98,23|56,93|60,37|93,35|9,20/56,13=56,93,35,2,13
20,78|30,8|18,88|9,0|5,18|8,41|27,14|41,9|57,20|10,85|30,24|30,27|43,57|30,38|3,10|38,5|2,61|14,2|24,3|30,43/30,0=30,8,41,9,0
31,45|77,31|10,19|15,49|47,4|17,81|35,27|77,10|77,35|77,39|21,18|76,79|19,47|11,42|18,15|45,76|27,17|39,11|42,14|77,21/77,79=77,31,45,76,79
32,62|79,65|61,51|47,2|84,9|84,79|9,92|35,72|84,89|84,15|21,38|3,47|84,46|92,32|89,35|38,6|72,0|46,21|15,3|65,61/84,0=84,89,35,72,0
56,44|88,51|30,2|53,47|98,88|30,76|30,11|30,56|11,43|84,4|93,71|43,93|76,98|58,53|44,33|4,19|30,39|2,84|33,42|39,58/30,42=30,56,44,33,42
99,60|92,30|60,66|92,22|92,35|48,39|15,48|90,62|49,91|83,4|1,99|8,90|44,40|40,54|92,1|91,83|22,15|30,44|92,49|35,8/92,66=92,1,99,60,66
76,84|32,22|40,77|58,4|66,94|22,61|30,16|94,90|30,76|30,66|30,58|90,37|72,46|84,72|4,81|12,65|16,32|81,55|65,40|30,12/30,37=30,66,94,90,37
65,34|8,42|93,2|66,29|90,8|82,33|65,73|34,54|65,82|11,39|65,66|33,11|52,84|16,67|45,93|54,52|29,16|73,45|65,22|22,90/65,67=65,66,29,16,67
56,44|76,38|10,84|75,10|46,54|56,32|61,62|32,46|56,9|9,61|44,75|50,45|91,77|68,91|56,68|45,76|77,6|56,50|54,4|62,92/56,92=56,9,61,62,92
86,90|65,76|79,83|7,99|65,95|46,61|26,42|99,24|65,46|24,41|65,11|11,81|38,96|76,26|61,38|95,50|50,79|65,7|42,44|81,86/65,44=65,76,26,42,44
85,10|24,4|83,85|40,83|63,86|18,67|24,91|86,20|38,37|24,63|37,21|20,30|33,71|95,18|91,95|4,51|24,36|24,40|51,33|36,38/24,30=24,63,86,20,30
14,69|24,60|57,3|69,89|59,19|63,12|57,53|12,24|53,14|57,77|57,63|95,59|77,73|57,36|36,95|3,72|22,55|73,22|15,37|72,15/57,55=57,77,73,22,55
37,13|41,2|6,23|70,31|78,70|86,41|0,37|2,14|71,91|78,0|31,3|35,6|57,71|78,86|91,28|78,57|78,35|3,72|23,77|13,10/78,10=78,0,37,13,10
19,8|63,34|59,39|52,93|76,75|59,63|39,97|58,52|88,19|37,24|59,26|97,51|34,76|51,81|73,37|69,73|84,58|59,84|26,88|59,69/59,8=59,26,88,19,8
73,79|94,5|5,22|95,30|10,58|56,87|2,92|88,14|95,88|95,12|24,2|50,31|30,94|95,89|58,50|49,73|89,24|14,56|12,49|95,10/95,22=95,30,94,5,22
82,31|67,45|67,19|73,62|31,80|48,50|62,4|30,82|45,18|34,69|67,30|55,48|67,96|18,34|67,77|38,11|77,73|19,85|96,55|85,38/67,69=67,45,18,34,69
58,24|49,1|42,86|9,58|72,45|32,49|9,87|38,69|5,54|61,39|97,40|24,61|54,97|37,38|9,5|9,37|45,42|9,72|69,63|87,32/9,86=9,72,45,42,86
78,5|20,14|99,12|99,28|64,2|24,78|12,11|95,37|99,82|99,49|49,36|57,95|36,60|82,57|74,4|60,18|11,64|28,24|99,74|4,20/99,37=99,82,57,95,37
82,75|36,84|82,81|72,56|4,96|81,41|44,0|13,14|43,5|82,43|14,89|28,4|84,44|5,63|82,36|75,13|63,11|82,24|24,28|41,72/82,96=82,24,28,4,96
69,21|21,36|36,92|69,61|31,43|20,2|73,95|23,24|43,98|24,17|98,13|47,87|68,47|69,12|69,31|95,20|92,80|61,23|12,68|69,73/69,80=69,21,36,92,80
38,0|68,12|66,31|6,57|7,10|57,94|7,66|7,60|7,99|7,21|99,24|31,96|96,14|70,68|10,6|21,29|29,38|71,48|24,71|60,70/7,12=7,60,70,68,12
32,55|77,41|72,10|46,57|27,1|57,38|37,99|84,50|50,83|8,62|99,74|74,31|55,46|32,77|32,37|87,84|32,8|62,72|41,27|32,87/32,38=32,55,46,57,38
24,99|97,36|61,89|40,6|61,95|6,55|30,16|95,24|61,40|61,58|99,96|36,71|49,88|16,63|61,56|89,97|55,52|56,49|58,30|88,60/61,96=61,95,24,99,96
35,1|16,35|81,52|2,33|65,36|2,22|27,13|2,81|62,89|44,38|3,62|21,27|52,70|22,3|2,65|1,83|36,44|2,16|70,25|33,21/2,38=2,65,36,44,38
73,74|24,10|97,51|30,23|33,71|97,56|56,53|97,50|45,39|57,73|39,92|92,31|51,29|29,33|53,30|50,24|97,45|97,64|10,90|64,57/97,71=97,51,29,33,71
21,5|7,89|3,66|13,10|97,68|80,1|22,16|5,48|53,22|51,53|62,13|75,97|62,21|10,80|48,12|89,3|62,51|18,75|62,18|62,7/62,68=62,18,75,97,68
20,80|3,47|20,94|90,99|38,63|20,32|94,54|54,85|61,14|80,3|47,17|63,95|29,88|85,24|14,58|99,29|20,22|32,61|20,90|22,38/20,88=20,90,99,29,88
37,50|97,72|93,96|70,12|30,37|72,78|50,60|14,5|97,69|78,83|5,70|63,46|97,30|66,23|97,63|46,93|23,27|69,66|83,44|97,14/97,60=97,30,37,50,60
5,16|17,66|33,99|76,43|47,93|19,52|16,9|61,5|52,28|99,31|7,61|7,15|7,76|67,47|15,19|7,53|53,67|43,17|85,33|7,85/7,9=7,61,5,16,9
29,80|35,64|81,33|28,2|56,1|33,3|6,81|88,61|6,47|64,28|6,29|78,21|6,35|1,75|68,49|80,68|47,56|3,52|21,88|6,78/6,61=6,78,21,88,61
19,78|42,59|91,48|44,32|24,27|40,85|19,97|14,87|19,42|19,40|59,24|88,58|48,5|19,14|97,44|85,61|78,91|32,36|61,94|87,88/19,94=19,40,85,61,94
44,60|78,26|82,95|19,87|30,16|14,91|26,94|52,58|78,30|78,99|16,7|94,82|7,23|78,14|91,44|78,65|65,19|64,52|99,64|87,46/78,23=78,30,16,7,23
65,44|58,35|33,5|54,97|87,49|31,83|34,54|92,33|95,26|94,55|34,6|83,94|4,58|34,95|6,92|35,41|97,65|34,4|26,87|34,31/34,41=34,4,58,35,41
66,95|51,58|96,34|6,30|44,61|58,67|66,96|66,6|71,77|30,44|77,1|37,51|66,74|34,99|99,78|74,55|49,92|95,71|66,37|55,49/66,67=66,37,51,58,67
90,86|82,76|89,82|89,26|69,11|1,49|11,52|5,50|84,33|19,39|76,1|89,90|26,24|71,8|24,19|86,71|89,16|33,5|16,69|89,84/89,49=89,82,76,1,49
29,83|70,61|83,12|97,58|74,34|20,24|70,30|47,74|77,14|24,98|14,81|30,29|70,93|43,39|70,20|93,47|39,97|98,85|70,43|61,77/70,58=70,43,39,97,58
6,2|2,86|4,17|56,80|21,87|64,6|32,38|21,32|62,36|43,92|36,43|46,78|38,46|21,62|71,56|70,73|21,4|21,64|87,71|17,70/21,78=21,32,38,46,78
48,54|58,70|74,32|74,0|77,62|49,92|76,77|32,48|62,89|74,90|27,13|90,75|54,97|70,67|0,58|42,49|74,42|75,27|74,76|92,10/74,89=74,76,77,62,89
27,79|57,25|64,55|35,6|6,27|81,42|35,64|35,30|25,56|55,81|1,89|35,57|3,76|89,36|76,28|66,3|30,1|56,45|35,66|79,50/35,50=35,6,27,79,50
68,5|93,27|70,67|95,65|19,63|63,72|5,49|90,93|98,96|72,34|98,90|98,59|96,89|65,18|59,95|89,70|98,10|27,75|98,19|10,68/98,34=98,19,63,72,34
30,35|62,88|88,69|91,21|19,99|26,56|5,19|63,91|51,57|35,41|56,63|26,12|26,2|2,51|26,38|38,62|99,75|26,5|12,30|57,94/26,41=26,12,30,35,41
42,51|13,78|10,53|34,81|77,82|78,54|6,62|59,7|94,42|73,94|62,59|81,50|77,6|29,43|54,83|77,29|82,34|77,13|43,10|77,73/77,53=77,29,43,10,53
18,13|68,48|24,59|24,29|70,51|44,71|38,68|24,3|62,32|29,18|24,8|24,70|51,62|30,44|13,78|8,30|59,38|74,87|87,65|3,74/24,78=24,29,18,13,78
33,71|24,4|83,33|40,83|63,86|18,67|24,91|86,85|38,37|24,63|37,21|85,10|20,30|95,18|91,95|4,51|24,36|24,40|51,20|36,38/24,30=24,4,51,20,30
92,34|40,21|47,33|40,19|27,60|40,30|79,92|21,79|40,65|13,96|18,47|19,18|40,13|96,20|20,83|89,93|63,89|65,27|30,63|60,53/40,83=40,13,96,20,83
66,85|85,52|31,45|24,80|31,34|31,88|93,82|11,24|31,66|63,74|52,99|82,17|80,33|51,83|31,11|88,50|74,56|45,63|50,51|34,93/31,99=31,66,85,52,99
2,35|2,86|2,95|55,33|95,52|76,66|73,76|2,32|2,73|35,63|32,14|52,55|71,4|86,67|79,51|46,53|66,1|67,71|63,46|14,79/2,33=2,95,52,55,33
35,42|54,20|66,54|35,52|67,46|61,0|35,74|35,66|52,78|5,10|35,61|98,62|20,84|10,79|0,98|42,5|78,76|74,67|46,77|76,23/35,62=35,61,0,98,62
56,85|97,72|88,66|64,11|69,46|65,55|18,65|69,97|33,88|36,92|25,82|70,18|86,6|72,86|46,33|69,70|11,36|85,25|69,56|69,64/69,6=69,97,72,86,6
40,23|37,49|66,78|1,40|27,24|30,8|78,61|24,60|66,30|8,37|95,56|61,95|66,1|93,97|97,22|22,46|60,84|66,93|23,69|66,27/66,84=66,27,24,60,84
63,41|55,58|55,94|87,33|13,95|95,20|55,46|41,80|10,62|98,68|55,87|34,6|94,63|58,13|33,72|72,28|68,10|46,34|55,98|6,14/55,62=55,98,68,10,62
82,57|83,76|98,52|86,24|61,14|3,83|81,3|95,54|86,67|86,81|14,82|67,18|18,98|34,39|86,61|23,42|17,34|86,23|24,17|42,95/86,57=86,61,14,82,57
57,61|1,17|74,54|2,46|51,1|91,57|20,63|60,74|14,2|63,67|27,60|39,91|51,39|51,88|59,20|51,27|51,59|88,14|3,84|17,3/51,67=51,59,20,63,67
7,32|64,63|7,64|7,14|7,75|33,9|3,54|32,1|99,38|16,66|75,2|2,55|14,16|7,3|1,33|66,74|18,83|54,99|63,18|55,87/7,87=7,75,2,55,87
1,3|76,41|41,29|49,96|49,90|96,40|69,8|66,1|48,69|28,67|37,79|49,66|40,37|49,48|3,82|67,36|36,86|90,76|8,92|49,28/49,92=49,48,69,8,92
98,8|8,26|20,27|27,96|98,74|26,51|98,78|40,72|98,39|2,75|39,20|54,71|75,56|1,54|78,2|74,1|81,40|51,38|72,22|98,81/98,38=98,8,26,51,38
10,67|35,69|95,17|43,6|6,85|30,92|94,30|35,33|67,27|47,94|35,51|69,64|97,59|51,10|17,19|64,97|35,43|33,95|35,47|85,75/35,92=35,47,94,30,92
74,65|4,56|25,54|86,9|54,15|56,23|25,46|85,27|27,86|22,73|45,74|73,96|42,34|25,4|25,40|25,85|23,82|15,42|40,45|46,22/25,9=25,85,27,86,9
35,94|70,56|34,28|14,36|17,78|55,17|67,34|32,48|81,73|24,51|32,67|32,81|32,14|32,55|36,70|28,50|73,24|78,90|5,35|48,5/32,50=32,67,34,28,50
29,80|73,78|41,97|31,30|65,85|11,34|30,68|29,87|85,11|97,70|49,82|87,31|29,13|90,49|29,44|29,65|44,73|80,41|13,90|78,5/29,68=29,87,31,30,68
81,10|94,90|36,77|10,98|75,65|83,14|98,64|81,3|81,56|56,42|3,13|81,75|8,9|13,47|47,11|42,94|81,36|64,26|77,8|65,83/81,90=81,56,42,94,90
43,98|21,49|21,43|21,53|21,42|95,71|3,52|2,67|42,40|21,17|17,2|40,5|98,3|53,19|41,68|19,95|5,74|67,13|68,70|49,41/21,70=21,49,41,68,70
33,74|66,14|27,90|80,33|14,34|55,67|27,38|22,82|81,92|67,72|16,80|27,83|92,62|27,66|90,42|27,16|42,22|34,24|83,81|38,55/27,72=27,38,55,67,72
15,94|44,36|96,18|39,81|18,35|42,10|96,4|96,42|45,79|12,8|96,44|28,89|8,24|4,12|35,28|10,39|96,68|16,15|68,16|36,45/96,81=96,42,10,39,81
1,91|20,22|29,21|7,83|91,37|7,23|99,43|7,66|7,14|14,38|16,95|66,1|42,34|7,42|23,26|73,99|26,29|34,20|83,73|38,16/7,22=7,42,34,20,22
50,72|84,65|47,69|47,7|47,50|51,74|73,77|3,96|65,71|41,3|80,73|96,23|36,37|6,84|47,6|7,80|47,41|69,36|72,51|37,42/47,74=47,50,72,51,74
7,16|95,43|23,37|7,8|52,49|35,85|28,74|63,59|7,93|85,9|93,69|8,35|66,28|7,23|81,52|16,81|69,95|7,64|64,66|37,63/7,43=7,93,69,95,43
91,81|85,78|38,23|70,43|23,85|57,48|18,98|48,37|43,27|47,18|38,70|78,41|37,6|27,77|81,73|38,24|24,47|38,57|73,8|38,91/38,77=38,70,43,27,77
61,10|70,61|38,68|49,66|48,72|68,24|77,46|45,87|55,69|38,65|38,77|46,48|24,7|64,70|87,55|7,13|65,49|38,64|38,45|66,33/38,13=38,68,24,7,13
28,74|0,31|54,23|81,56|39,60|49,39|91,20|32,49|74,5|47,97|14,86|99,91|20,73|0,47|56,14|97,54|0,32|0,99|0,81|31,28/0,23=0,47,97,54,23
84,65|96,48|84,12|12,31|84,92|88,70|4,91|31,98|91,29|98,57|80,50|35,96|50,99|84,64|65,88|84,80|92,35|99,94|70,41|64,4/84,48=84,92,35,96,48
48,65|53,46|31,0|46,83|2,73|48,40|95,18|48,87|48,50|50,2|20,59|78,20|73,44|0,10|18,70|40,53|65,31|48,57|57,95|87,78/48,44=48,50,2,73,44
18,23|72,75|23,67|63,72|63,85|85,48|63,76|53,38|38,10|76,53|21,92|63,94|69,59|63,18|67,52|94,69|59,45|48,3|75,21|3,50/63,45=63,94,69,59,45
45,84|16,73|75,81|40,66|71,45|23,14|23,98|76,12|69,71|27,52|23,16|23,40|89,62|2,89|73,27|39,76|98,39|66,75|14,2|23,69/23,52=23,16,73,27,52
7,28|23,63|36,23|55,7|26,41|53,89|53,85|21,1|51,47|53,73|88,18|47,57|53,62|73,36|89,2|62,55|2,26|53,21|1,88|85,51/53,18=53,21,1,88,18
61,39|66,33|11,0|44,65|78,72|60,61|20,48|72,53|78,66|78,88|78,60|91,44|51,57|53,51|88,91|39,55|48,11|33,13|78,20|13,89/78,89=78,66,33,13,89
3,85|25,98|36,31|71,57|61,20|85,79|57,81|71,92|98,91|22,55|81,36|94,3|71,94|64,61|91,1|92,22|20,2|55,74|71,64|71,25/71,1=71,25,98,91,1
68,20|93,29|14,53|83,82|15,80|91,99|93,30|93,28|61,68|29,19|30,15|20,18|74,71|93,61|80,64|28,91|71,83|93,74|99,76|19,14/93,18=93,61,68,20,18
4,37|55,27|29,34|43,24|27,86|85,58|79,5|14,57|5,43|55,79|95,36|86,4|55,14|57,29|55,81|58,98|55,85|22,95|81,22|98,10/55,24=55,79,5,43,24
43,66|48,57|43,48|98,93|71,58|93,68|90,98|49,62|66,56|43,90|52,80|43,52|88,61|43,47|56,88|36,99|58,11|47,71|57,49|80,36/43,68=43,90,98,93,68
34,56|56,96|22,44|93,85|18,22|38,41|65,47|44,40|29,42|29,78|29,65|78,34|71,9|47,93|29,11|11,38|29,18|41,76|42,71|9,75/29,96=29,78,34,56,96
99,45|70,33|74,18|85,42|34,99|4,85|88,97|71,4|71,25|12,32|32,63|71,52|42,96|18,70|71,74|21,88|97,37|71,21|25,12|52,34/71,96=71,4,85,42,96
43,14|11,43|96,65|90,16|50,0|1,50|0,42|88,70|24,10|42,58|85,11|41,9|65,88|1,32|1,85|1,24|10,41|32,22|22,90|1,96/1,58=1,50,0,42,58
68,5|93,72|27,75|95,65|19,63|63,70|5,49|90,93|98,96|70,67|98,90|98,59|96,89|65,18|59,95|89,27|98,10|72,34|98,19|10,68/98,34=98,90,93,72,34
47,26|84,97|47,9|33,13|64,55|86,49|9,64|49,62|27,80|47,69|91,67|47,44|67,90|47,33|13,84|73,27|55,19|26,73|69,91|44,86/47,19=47,9,64,55,19
92,56|56,57|68,51|46,16|43,41|4,20|49,27|40,66|20,43|51,50|46,64|46,40|21,68|6,62|46,4|62,72|16,92|64,6|46,21|66,49/46,57=46,16,92,56,57
84,65|70,41|84,12|12,31|84,92|88,98|4,91|31,96|91,29|96,48|80,50|35,70|50,99|84,64|65,88|84,80|92,35|99,94|98,57|64,4/84,48=84,12,31,96,48
52,57|41,64|87,77|52,96|51,88|77,47|31,41|17,69|54,56|56,32|52,31|52,17|69,1|1,91|29,51|57,87|88,10|96,54|64,80|52,29/52,10=52,29,51,88,10
96,28|87,96|86,11|25,89|91,22|73,25|89,68|87,85|48,43|87,56|19,27|87,14|85,86|11,35|65,19|14,65|56,53|87,73|53,91|28,48/87,27=87,14,65,19,27
85,87|38,14|80,0|0,81|38,85|28,3|29,26|97,80|38,20|87,24|26,28|24,96|56,21|38,29|21,69|20,56|14,33|8,83|33,8|38,97/38,96=38,85,87,24,96
31,35|31,81|24,19|81,77|35,55|16,96|64,44|96,26|4,23|55,24|38,40|77,59|10,38|62,16|31,64|59,21|44,4|31,36|31,62|36,10/31,23=31,64,44,4,23
74,51|14,7|99,61|7,99|14,25|86,16|9,53|51,78|27,59|25,9|10,74|61,48|14,27|46,86|59,8|8,79|14,57|14,10|57,46|53,88/14,78=14,10,74,51,78
27,18|27,33|40,19|96,40|20,84|21,45|27,86|45,24|84,29|27,21|68,8|60,39|27,44|86,59|18,96|33,68|59,60|8,42|24,2|44,20/27,29=27,44,20,84,29
54,95|97,92|38,75|81,21|70,6|72,43|75,41|81,84|81,70|76,97|81,38|1,40|22,13|6,1|81,72|43,54|41,28|21,76|84,22|13,49/81,28=81,38,75,41,28
54,84|73,44|5,15|28,51|48,46|75,0|54,28|0,3|15,42|46,73|4,5|84,97|54,58|54,4|97,31|51,83|83,96|31,81|54,48|58,75/54,44=54,48,46,73,44
49,84|35,25|22,7|10,97|0,66|62,11|97,62|72,85|16,29|85,58|25,72|7,91|91,98|35,49|35,10|35,6|29,56|35,22|84,0|6,16/35,11=35,10,97,62,11
15,89|22,58|58,90|42,20|14,65|52,4|59,40|57,21|66,59|42,52|42,38|4,15|21,77|42,66|20,57|65,27|42,26|26,22|38,14|40,44/42,77=42,20,57,21,77
58,45|25,53|43,48|14,36|23,78|62,49|53,57|57,31|66,62|49,92|32,21|66,58|92,76|45,43|66,25|66,23|66,65|65,32|78,14|21,46/66,46=66,65,32,21,46
1,90|54,97|96,21|62,12|49,43|65,17|90,39|66,62|43,54|29,88|88,36|29,92|29,28|46,1|29,49|92,96|29,46|36,65|28,66|21,13/29,39=29,46,1,90,39
84,16|15,62|22,82|26,59|26,76|26,23|34,15|18,34|4,40|38,22|8,4|16,7|98,84|26,98|52,11|23,38|59,8|26,18|80,52|76,80/26,82=26,23,38,22,82
69,65|64,58|84,32|88,22|29,68|3,52|52,14|42,88|72,37|32,64|84,3|14,45|22,49|84,82|58,8|84,69|82,98|65,72|84,42|98,29/84,37=84,69,65,72,37
22,26|74,44|44,70|22,13|51,98|65,31|82,67|98,82|31,71|95,4|22,65|48,95|61,40|36,61|13,74|22,51|26,48|22,69|69,36|71,28/22,28=22,65,31,71,28
53,90|54,46|90,69|22,86|54,68|48,22|12,95|42,75|68,12|54,20|54,0|6,42|95,60|54,53|98,55|21,98|69,9|0,6|20,48|46,21/54,60=54,68,12,95,60
61,7|0,55|9,73|0,49|56,70|70,98|49,92|0,18|11,24|5,11|55,9|98,86|92,61|23,22|22,90|18,5|93,23|0,56|0,93|73,17/0,17=0,55,9,73,17
88,23|72,60|50,72|88,21|4,83|12,62|74,58|51,74|21,51|88,12|35,85|88,66|62,69|88,89|6,35|23,53|66,50|53,4|69,92|89,6/88,92=88,12,62,69,92
20,22|4,72|37,32|48,55|20,4|64,7|22,28|20,24|60,80|20,94|72,75|24,37|28,60|94,78|19,96|32,18|7,19|20,64|75,62|78,48/20,96=20,64,7,19,96
70,90|76,14|70,30|98,12|38,57|87,89|70,76|70,58|58,16|12,74|89,54|10,6|30,87|70,20|20,69|16,38|90,98|92,99|14,92|69,10/70,99=70,76,14,92,99
6,49|85,9|34,16|5,46|91,22|0,91|34,80|34,53|46,90|34,55|49,61|1,85|16,6|55,5|53,4|34,88|88,0|95,84|80,1|4,95/34,90=34,55,5,46,90
89,45|23,1|79,84|13,65|24,49|45,40|89,13|1,38|40,86|63,24|84,17|89,51|89,79|86,98|17,36|75,64|65,75|88,23|89,88|51,63/89,64=89,13,65,75,64
67,60|87,55|0,37|25,39|59,87|78,25|48,78|44,17|12,19|17,98|19,5|30,53|30,22|60,0|53,12|30,96|96,59|30,67|22,44|30,48/30,5=30,53,12,19,5
93,96|18,31|37,18|87,44|31,47|37,81|14,93|37,87|35,66|37,16|57,56|81,67|47,29|67,35|36,14|44,3|37,36|3,50|16,68|68,57/37,56=37,16,68,57,56
1,15|67,36|41,94|84,67|19,49|85,40|29,71|71,91|43,84|19,93|19,29|28,1|19,28|94,61|19,43|49,41|40,70|15,31|91,39|93,85/19,70=19,93,85,40,70
29,17|65,40|63,4|18,29|32,71|23,63|65,85|65,88|24,18|3,42|65,24|85,60|40,32|65,97|97,73|73,3|88,23|71,47|60,30|30,31/65,42=65,97,73,3,42
68,23|70,37|51,14|40,6|23,15|83,70|73,99|94,69|18,94|71,73|65,51|46,71|14,90|69,38|40,83|37,47|40,18|40,46|40,65|6,68/40,15=40,6,68,23,15
91,96|8,65|1,59|73,21|68,74|95,16|91,37|91,84|84,95|37,17|21,20|65,68|20,46|91,8|31,18|16,44|96,60|91,73|60,31|17,1/91,74=91,8,65,68,74
85,8|68,78|98,24|3,34|48,68|24,72|9,63|56,3|72,89|12,95|63,56|9,6|99,18|9,48|9,99|78,49|95,52|18,85|6,12|9,98/9,34=9,63,56,3,34
18,46|54,65|60,85|18,45|45,60|74,26|46,82|28,48|20,36|36,96|85,5|95,69|18,74|18,20|86,12|82,95|18,54|65,28|96,94|26,86/18,48=18,54,65,28,48
41,39|41,43|91,80|2,49|43,21|21,79|39,63|41,71|49,59|59,56|24,22|71,96|63,66|79,84|41,38|66,57|38,83|83,24|96,91|41,2/41,57=41,39,63,66,57
59,95|62,55|61,34|17,97|57,79|28,57|33,61|97,98|62,28|62,17|62,91|55,65|34,92|62,33|27,19|98,83|95,80|79,51|91,59|65,27/62,92=62,33,61,34,92
58,50|4,96|34,58|33,11|44,57|99,59|59,69|4,79|9,39|50,75|4,34|24,44|4,24|37,99|96,36|57,67|43,33|36,9|79,43|4,37/4,69=4,37,99,59,69
46,22|89,72|30,48|32,63|69,42|30,32|65,13|30,71|67,85|71,65|42,40|30,5|30,57|57,64|13,39|64,89|48,69|92,67|63,46|5,92/30,22=30,32,63,46,22
89,79|1,85|33,74|7,52|6,45|44,88|11,1|6,33|26,36|82,78|78,89|50,30|6,26|6,82|91,11|45,87|36,44|87,50|6,91|74,7/6,85=6,91,11,1,85
89,60|95,14|16,55|96,80|17,57|44,96|13,26|1,13|16,12|21,36|52,44|55,93|30,95|36,17|16,52|16,1|26,32|93,89|12,30|16,21/16,14=16,12,30,95,14
46,53|96,83|84,71|48,73|35,46|96,57|79,58|13,79|9,94|94,16|96,20|60,48|20,60|53,74|3,9|57,56|96,35|83,13|56,84|96,3/96,74=96,35,46,53,74
33,51|87,47|14,46|38,35|1,43|35,33|14,67|47,89|55,80|67,81|14,5|5,87|14,38|23,49|14,1|0,50|43,0|46,12|12,55|81,23/14,50=14,1,43,0,50
68,81|33,65|9,79|32,92|80,40|99,48|59,83|32,56|11,96|32,59|17,82|98,9|56,99|83,33|32,68|48,57|32,17|82,11|92,98|81,80/32,40=32,68,81,80,40
13,30|15,84|74,45|53,24|20,93|48,20|52,3|13,14|30,52|3,27|44,60|76,74|14,76|13,53|93,66|13,48|13,44|60,15|46,71|24,46/13,84=13,44,60,15,84
54,62|4,89|15,68|85,38|68,63|12,80|42,48|42,61|42,67|89,6|62,41|63,35|42,15|48,85|38,88|42,92|92,4|61,30|67,54|30,12/42,35=42,15,68,63,35
95,81|68,54|95,96|4,92|57,42|18,67|96,22|81,76|17,7|76,18|42,17|95,68|45,4|22,66|11,91|66,31|95,45|54,11|95,57|92,59/95,31=95,96,22,66,31
91,92|40,29|75,91|65,51|32,47|40,82|51,63|41,79|76,32|40,90|63,20|40,76|88,56|47,67|57,41|56,95|40,65|90,75|82,57|29,88/40,20=40,65,51,63,20
53,27|74,5|82,50|33,31|74,33|50,83|52,36|74,77|34,52|83,35|31,58|0,53|77,45|17,0|55,7|74,17|5,34|45,55|58,28|74,82/74,27=74,17,0,53,27
69,70|45,63|17,38|60,75|62,16|62,25|62,2|70,10|63,17|75,79|2,60|62,90|25,69|97,56|56,78|62,45|33,32|16,97|96,33|90,96/62,32=62,90,96,33,32
62,87|92,72|96,81|46,83|60,43|83,45|81,5|62,63|45,90|62,89|93,92|63,93|68,54|73,60|62,73|89,96|62,46|87,17|43,7|17,68/62,90=62,46,83,45,90
34,9|9,75|22,44|56,96|18,22|38,41|65,47|44,40|29,42|29,78|29,65|78,34|71,93|47,56|29,11|11,38|29,18|41,76|42,71|93,85/29,96=29,65,47,56,96
74,35|29,5|21,89|29,30|82,41|55,49|81,21|29,55|59,34|5,81|49,12|12,88|86,6|29,74|35,86|33,59|43,82|29,33|30,43|34,2/29,2=29,33,59,34,2
66,54|81,12|45,10|34,28|90,97|54,19|6,90|45,66|10,23|19,16|23,72|45,34|7,77|28,81|67,40|97,96|40,7|45,6|45,67|72,82/45,77=45,67,40,7,77
33,47|36,5|15,3|96,7|15,92|47,44|55,35|70,76|7,48|15,59|15,89|93,96|15,93|24,55|89,17|59,33|92,97|97,70|17,36|3,24/15,48=15,93,96,7,48
22,12|73,47|76,4|69,73|4,91|55,13|91,55|85,86|76,77|6,22|76,69|86,41|76,40|40,80|47,48|76,57|77,85|80,87|87,14|57,6/76,14=76,40,80,87,14
68,83|79,59|61,33|33,0|95,41|79,25|26,85|63,68|41,93|79,82|0,11|81,77|59,29|25,63|79,40|82,95|79,61|77,9|29,26|40,81/79,85=79,59,29,26,85
5,4|58,56|39,85|8,81|24,5|39,0|64,10|10,33|39,29|81,90|13,54|29,64|21,8|0,13|39,21|56,25|85,24|39,58|25,49|54,52/39,90=39,21,8,81,90
87,27|40,29|90,44|10,57|10,4|19,98|12,90|3,2|10,40|57,11|11,92|92,85|79,58|56,3|10,12|10,79|29,19|58,87|4,56|44,86/10,2=10,4,56,3,2
21,98|81,64|70,5|68,52|17,73|32,65|80,97|26,32|98,54|7,21|47,91|26,80|65,81|52,0|97,70|26,7|61,68|26,61|26,47|91,17/26,0=26,61,68,52,0
57,0|65,71|27,15|62,52|0,6|35,62|76,35|8,83|6,4|76,57|88,80|81,28|15,8|52,13|76,27|80,93|93,78|28,65|76,88|76,81/76,13=76,35,62,52,13
97,26|71,5|46,97|68,4|68,71|68,3|68,82|79,46|4,58|39,25|65,66|5,37|66,86|96,98|82,39|37,17|58,96|25,35|68,79|3,65/68,35=68,82,39,25,35
43,15|32,43|67,48|38,1|39,85|38,39|85,36|15,27|38,67|1,14|36,23|48,20|73,25|38,73|20,58|22,17|31,6|14,31|38,32|25,22/38,17=38,73,25,22,17
89,57|32,39|34,41|54,75|71,34|3,0|41,1|82,37|32,35|87,72|72,38|32,82|99,54|35,5|37,3|39,87|83,99|32,71|32,83|5,89/32,75=32,83,99,54,75
72,81|59,91|31,66|46,22|9,59|31,33|33,9|35,71|3,62|61,29|31,46|43,1|66,3|31,88|88,35|1,72|71,10|31,43|62,5|22,61/31,91=31,33,9,59,91
26,96|47,79|69,89|79,28|91,49|25,24|99,69|13,47|43,4|4,60|21,10|26,90|49,21|26,91|17,25|90,17|26,43|26,13|96,99|60,44/26,24=26,90,17,25,24
73,3|13,73|46,11|71,65|13,98|98,44|16,9|99,46|13,71|66,38|35,99|38,62|61,21|13,35|32,66|22,59|44,61|65,16|13,32|3,22/13,11=13,35,99,46,11
98,39|98,52|98,80|53,5|98,72|34,62|43,92|44,83|52,53|80,44|5,81|90,11|98,43|83,46|39,15|20,34|17,76|15,90|92,17|72,20/98,81=98,52,53,5,81
15,73|68,65|75,31|83,18|31,72|44,84|75,8|84,83|49,27|73,90|75,44|8,68|75,71|27,74|90,19|76,94|72,76|71,49|65,87|75,15/75,18=75,44,84,83,18
74,46|76,12|10,63|27,65|10,31|19,94|55,26|75,49|49,91|90,36|64,74|31,8|12,90|10,64|10,76|65,19|8,55|46,71|63,75|10,27/10,71=10,64,74,46,71
99,20|24,31|96,38|42,25|80,68|45,21|6,85|25,45|56,6|96,94|15,53|94,83|83,15|96,56|68,66|20,24|38,80|96,99|85,95|96,42/96,66=96,38,80,68,66
93,35|56,49|18,86|49,94|40,6|22,40|80,17|17,52|34,50|93,66|93,80|66,84|93,20|20,65|93,63|35,22|63,56|52,19|65,18|84,34/93,19=93,80,17,52,19
31,81|54,73|73,33|91,30|75,52|78,60|58,20|81,92|20,75|13,85|31,70|98,78|23,13|31,24|24,23|31,77|31,58|77,54|70,98|92,91/31,52=31,58,20,75,52
70,93|34,21|72,41|34,25|54,88|6,4|41,87|96,92|87,94|98,73|92,19|13,70|21,96|88,6|34,22|22,13|25,98|73,68|34,54|34,72/34,68=34,25,98,73,68
28,12|12,62|11,26|56,29|48,95|58,6|97,55|86,77|55,11|1,97|1,58|1,75|6,19|77,56|95,22|22,32|1,86|1,48|75,28|19,82/1,82=1,58,6,19,82
0,97|4,94|55,85|22,74|97,4|66,80|80,26|83,55|27,90|66,0|16,40|69,16|85,21|91,35|40,49|66,83|66,91|35,27|66,69|26,22/66,90=66,91,35,27,90
5,59|61,87|5,98|59,89|5,13|63,90|47,93|89,75|90,4|13,61|12,57|93,23|10,12|87,85|26,63|57,42|75,77|98,47|5,10|5,26/5,4=5,26,63,90,4
85,26|14,97|82,8|91,0|0,24|94,51|87,43|17,32|33,17|37,91|15,69|58,87|58,37|58,94|58,82|98,33|58,98|51,85|43,15|8,14/58,26=58,94,51,85,26
56,69|63,60|9,53|51,77|60,56|85,35|33,81|32,83|51,63|65,9|35,61|51,32|43,46|51,50|53,82|50,85|83,43|77,33|81,10|51,65/51,82=51,65,9,53,82
58,79|60,82|11,31|61,11|41,0|61,54|51,21|31,60|54,38|61,65|61,75|75,66|66,58|65,18|61,96|96,19|19,49|38,41|18,51|49,89/61,89=61,96,19,49,89
9,14|64,25|18,8|14,35|38,85|43,92|25,18|40,12|40,68|40,24|99,62|68,9|12,49|40,52|62,63|40,64|52,83|83,38|49,43|24,99/40,92=40,12,49,43,92
58,92|78,75|14,76|28,78|31,28|91,12|17,65|59,13|10,17|12,48|27,58|64,10|14,31|43,59|76,27|86,91|14,33|14,64|33,43|14,86/14,65=14,64,10,17,65
19,37|1,11|71,76|37,63|96,51|69,99|63,67|99,48|94,22|19,69|83,58|22,71|48,2|20,10|19,96|67,42|58,20|51,1|19,83|19,94/19,11=19,96,51,1,11
31,14|87,39|17,36|17,34|57,18|17,16|36,98|97,57|34,48|17,86|86,44|0,69|45,64|18,24|17,97|16,0|69,12|48,87|44,31|98,45/17,12=17,16,0,69,12
93,37|92,91|22,62|91,75|93,31|31,95|39,81|93,34|64,30|29,92|30,67|81,76|93,29|84,39|59,0|95,22|38,59|34,64|93,84|37,38/93,0=93,37,38,59,0
83,47|17,84|4,83|17,9|9,82|49,18|17,30|88,42|68,20|84,1|80,56|30,7|17,80|82,68|7,14|14,63|56,88|1,49|17,4|47,86/17,63=17,30,7,14,63
99,48|97,33|70,10|67,97|99,80|89,3|5,17|99,25|53,69|3,38|99,53|99,70|10,39|39,60|0,20|69,0|17,42|80,89|48,5|25,67/99,20=99,53,69,0,20
27,71|28,88|88,96|27,28|27,99|32,15|20,78|99,67|10,44|31,10|71,20|78,47|96,3|44,39|74,25|27,31|5,74|25,8|67,32|27,5/27,15=27,99,67,32,15
81,33|95,56|59,78|2,53|62,6|58,69|56,8|84,49|2,59|6,92|30,58|2,15|67,75|49,81|94,30|78,67|53,62|2,94|2,84|15,95/2,33=2,84,49,81,33
90,9|47,54|31,78|31,98|1,14|0,57|9,22|31,0|98,47|31,61|92,1|74,6|31,92|14,49|61,90|23,89|78,74|57,23|54,40|6,71/31,22=31,61,90,9,22
20,22|4,29|98,9|39,5|29,32|9,4|98,23|5,25|98,80|23,39|89,68|6,67|80,24|24,6|68,20|64,65|98,64|98,89|83,92|65,83/98,92=98,64,65,83,92
5,47|10,5|83,12|31,75|87,11|18,41|35,31|83,73|73,87|92,55|12,86|32,18|53,32|83,79|83,53|83,33|11,48|33,35|79,10|86,92/83,55=83,12,86,92,55
3,34|86,51|90,50|3,48|10,84|71,13|48,8|79,69|13,76|61,53|51,10|25,71|3,25|49,61|3,90|8,79|3,86|34,49|7,31|50,7/3,84=3,86,51,10,84
3,43|37,17|37,59|53,93|88,2|43,85|0,80|13,0|39,53|58,88|61,3|47,39|17,13|37,58|59,54|54,25|25,19|37,61|37,47|2,62/37,19=37,59,54,25,19
21,31|88,89|80,4|80,66|80,88|80,53|37,12|30,21|53,24|18,68|80,18|90,20|24,55|96,90|60,25|68,60|89,37|55,46|66,96|4,30/80,12=80,88,89,37,12
38,81|35,88|11,38|3,36|90,34|35,57|15,77|35,26|35,25|54,3|34,10|26,74|49,75|57,15|74,49|25,54|35,90|88,11|77,33|10,28/35,28=35,90,34,10,28
63,76|12,78|3,92|70,34|63,28|72,21|38,5|43,13|5,56|56,35|76,12|63,38|77,37|28,88|21,43|88,3|78,20|63,77|37,70|63,72/63,35=63,38,5,56,35
70,65|74,38|19,28|28,59|50,63|63,82|74,97|74,84|83,70|10,78|84,55|99,81|26,83|38,19|74,26|81,10|74,99|60,30|97,50|55,60/74,65=74,26,83,70,65
87,57|24,48|53,9|40,89|40,53|95,85|48,98|22,41|62,22|9,72|72,33|40,64|63,87|57,58|40,63|64,3|89,24|81,62|40,81|3,95/40,98=40,89,24,48,98
33,54|89,35|39,56|47,63|35,94|58,43|54,19|47,3|47,58|43,30|97,33|16,23|56,13|30,40|3,39|25,89|47,25|47,97|76,16|63,76/47,94=47,25,89,35,94
58,38|77,33|67,58|38,86|86,40|49,53|99,95|41,6|67,14|14,31|67,99|67,44|67,49|42,9|95,26|53,42|26,22|18,41|44,18|31,77/67,22=67,99,95,26,22
83,69|66,70|63,36|6,83|36,82|98,91|70,24|38,21|69,10|38,6|38,26|21,63|26,66|27,50|38,80|91,28|80,2|19,98|2,27|38,19/38,24=38,26,66,70,24
83,43|74,83|20,2|99,91|69,30|63,74|21,57|2,97|21,80|98,84|21,99|80,20|49,52|52,69|91,47|47,75|21,49|87,98|21,63|57,87/21,43=21,63,74,83,43
80,73|79,96|79,75|79,35|42,84|17,65|67,6|35,25|96,13|79,17|87,66|79,60|65,87|48,71|13,80|75,42|84,74|25,48|60,51|51,67/79,6=79,60,51,67,6
46,3|42,6|47,46|17,42|71,99|82,47|24,11|20,31|51,86|20,82|31,17|20,71|95,68|54,12|50,51|99,54|11,95|98,50|20,98|20,24/20,6=20,31,17,42,6
5,39|54,37|12,83|98,74|6,60|69,6|89,5|69,86|82,32|86,97|48,89|93,82|97,84|60,98|69,54|69,48|69,71|71,93|37,12|84,73/69,73=69,86,97,84,73
79,65|66,35|33,76|69,23|14,51|78,5|5,98|76,74|23,78|74,37|53,79|18,50|69,18|8,14|57,53|51,29|69,33|69,8|69,57|50,66/69,29=69,8,14,51,29
9,34|99,14|30,62|57,39|14,55|87,53|57,45|24,98|53,83|57,77|31,30|39,99|57,12|77,31|45,24|98,71|57,86|12,87|34,81|86,9/57,62=57,77,31,30,62
75,91|37,58|58,97|76,90|97,89|52,33|64,75|64,37|24,29|90,10|10,3|47,78|41,46|63,41|64,7|33,24|64,76|7,63|91,47|64,52/64,46=64,7,63,41,46
36,68|60,9|60,71|9,70|4,30|10,57|49,4|20,18|57,36|60,6|11,65|6,49|71,20|17,69|61,52|60,11|18,63|65,61|60,10|70,17/60,30=60,6,49,4,30
69,48|91,9|93,3|0,79|51,99|91,53|29,4|53,32|86,47|91,90|11,69|32,93|9,29|4,65|91,95|95,11|90,41|91,51|99,0|41,86/91,3=91,53,32,93,3
46,43|7,40|17,84|53,10|99,46|45,32|10,72|84,26|43,56|39,73|4,45|39,4|73,53|32,69|39,75|39,29|29,17|40,12|75,7|39,99/39,12=39,75,7,40,12
94,64|94,84|48,93|70,25|98,70|94,10|84,33|64,22|63,98|39,41|41,19|34,65|91,39|94,91|33,48|10,34|79,69|65,74|22,79|94,63/94,74=94,10,34,65,74
74,73|66,36|16,79|31,57|66,74|10,23|79,70|66,32|23,39|64,31|11,75|76,11|73,51|30,64|66,45|66,30|32,76|36,16|51,56|45,10/66,75=66,32,76,11,75
38,58|68,63|58,47|80,50|99,48|48,93|98,40|7,80|57,7|63,71|47,79|38,68|38,99|38,57|93,24|71,81|79,20|90,31|38,98|40,90/38,20=38,58,47,79,20
11,68|35,84|89,63|0,32|86,35|27,24|46,11|0,86|4,89|0,94|0,27|37,30|94,4|99,93|93,60|68,77|32,99|0,46|24,37|84,38/0,63=0,94,4,89,63
20,22|4,83|98,9|39,5|83,92|9,4|98,23|5,25|98,80|23,39|89,68|29,32|80,24|24,29|68,20|64,65|98,64|98,89|6,67|65,6/98,92=98,9,4,83,92
33,31|26,34|89,32|47,13|44,47|77,33|34,44|60,88|69,15|15,7|7,71|82,77|36,48|48,3|3,70|32,60|26,82|26,36|26,89|26,69/26,70=26,36,48,3,70
51,66|28,59|11,48|51,87|45,63|48,28|75,52|63,50|51,86|42,76|87,79|90,85|85,26|51,45|13,42|51,11|50,95|66,13|86,90|79,75/51,95=51,45,63,50,95
35,27|16,35|81,52|2,33|65,36|2,22|44,38|2,81|62,89|1,83|3,62|21,44|52,70|22,3|2,65|27,13|36,1|2,16|70,25|33,21/2,38=2,33,21,44,38
86,59|67,63|68,74|8,21|18,12|55,78|74,94|15,23|21,53|15,86|15,66|66,68|63,4|15,67|59,55|12,84|4,83|15,47|47,18|23,8/15,53=15,23,8,21,53
71,69|12,54|56,12|56,86|72,13|28,1|54,10|56,28|56,22|13,26|48,24|22,72|1,48|10,44|81,39|39,71|56,81|75,65|86,90|90,75/56,24=56,28,1,48,24
9,5|87,22|87,50|82,30|18,53|50,44|87,84|87,15|15,3|5,11|52,70|89,78|84,90|90,1|44,52|30,89|87,82|3,18|22,9|1,93/87,11=87,22,9,5,11
93,35|56,52|18,86|52,19|40,6|22,40|80,17|17,34|49,94|93,66|93,80|66,84|93,20|20,65|93,63|35,22|63,56|34,50|65,18|84,49/93,19=93,63,56,52,19
86,0|43,65|62,14|43,31|61,5|43,62|17,56|8,13|71,96|85,8|12,69|43,61|31,46|65,86|39,85|14,12|46,17|43,39|5,71|0,63/43,13=43,39,85,8,13
58,45|25,53|43,48|92,76|23,78|62,49|53,57|57,31|66,62|49,21|32,14|66,58|21,46|45,43|66,25|66,23|66,65|65,32|78,92|14,36/66,46=66,62,49,21,46
7,1|85,66|0,94|17,86|7,69|66,79|7,46|19,25|1,60|69,85|32,17|75,78|46,23|7,53|23,75|7,0|12,44|53,32|94,12|60,19/7,78=7,46,23,75,78
83,27|66,69|63,36|6,83|36,82|98,91|69,10|38,21|27,50|38,6|38,26|21,63|26,66|70,24|38,80|91,28|80,2|19,98|2,70|38,19/38,24=38,80,2,70,24
1,49|90,53|93,0|87,45|9,21|36,90|77,93|87,51|87,88|87,86|21,60|88,36|86,46|89,9|46,83|20,1|87,89|51,20|83,33|45,77/87,53=87,88,36,90,53
30,45|14,57|32,61|94,24|19,30|41,22|62,95|45,65|54,59|13,62|13,7|24,54|61,23|13,94|95,14|99,41|7,99|40,32|13,19|13,40/13,22=13,7,99,41,22
40,19|62,2|63,80|40,28|60,9|40,62|20,97|4,86|75,68|15,20|28,15|80,36|36,14|40,63|83,4|2,90|9,75|40,60|19,83|90,91/40,14=40,63,80,36,14
29,45|61,23|23,8|99,69|61,99|22,62|25,28|28,10|74,22|51,83|62,24|61,42|61,29|19,89|69,68|45,19|68,33|42,25|8,51|61,74/61,10=61,42,25,28,10
86,60|28,47|5,90|97,45|95,89|74,97|95,28|95,70|39,86|71,44|75,50|95,6|6,5|90,27|44,46|47,75|95,39|89,74|70,71|60,84/95,50=95,28,47,75,50
6,80|72,17|6,34|54,45|80,28|12,43|86,72|45,8|6,42|57,12|2,21|21,33|17,20|76,68|61,54|6,61|6,86|28,76|34,57|42,2/6,20=6,86,72,17,20
53,31|53,10|98,14|78,95|56,37|97,17|22,6|63,69|10,85|14,22|53,63|53,98|85,3|53,97|76,23|17,56|31,78|3,39|69,76|95,32/53,32=53,31,78,95,32
30,85|38,34|47,51|38,47|39,40|2,61|40,89|38,99|6,41|38,72|94,6|85,29|45,37|34,30|38,94|51,2|99,45|72,39|37,46|41,11/38,61=38,47,51,2,61
82,62|59,79|84,0|62,9|79,65|82,20|36,43|23,45|9,36|37,56|75,23|82,59|82,75|45,15|73,84|56,76|82,4|4,37|65,68|20,73/82,43=82,62,9,36,43
19,32|30,50|19,24|19,72|19,90|44,91|65,87|72,17|24,96|17,53|64,43|90,64|43,79|36,65|32,36|73,30|19,73|50,51|96,44|53,81/19,79=19,90,64,43,79
65,79|24,54|42,96|54,60|6,24|37,5|42,65|42,6|36,88|42,18|96,89|42,46|79,36|18,95|98,71|95,98|33,43|89,33|46,76|76,37/42,71=42,18,95,98,71
79,28|79,17|31,94|11,42|79,10|78,31|79,53|99,60|17,41|86,83|53,11|95,99|83,27|41,7|42,12|10,78|7,46|27,20|79,86|28,95/79,46=79,17,41,7,46
19,70|91,7|20,27|46,56|82,68|9,75|73,55|68,73|0,84|66,46|47,61|61,90|75,47|9,82|84,19|9,36|9,0|36,66|9,20|27,91/9,55=9,82,68,73,55
22,31|60,57|21,60|76,80|39,22|39,50|80,63|93,6|68,81|57,25|66,14|39,73|44,68|31,93|50,76|73,66|39,21|39,44|81,79|14,53/39,25=39,21,60,57,25
45,14|7,52|5,7|33,45|96,81|19,71|71,51|64,33|95,64|13,96|95,82|35,13|6,70|89,6|43,89|51,59|82,5|95,43|95,19|95,35/95,59=95,19,71,51,59
93,13|45,95|93,89|99,81|58,17|60,42|81,91|93,47|17,22|43,9|47,99|85,43|95,80|52,60|13,58|9,7|93,85|89,45|93,52|42,26/93,26=93,52,60,42,26
91,66|46,15|54,46|34,20|82,55|90,31|9,81|15,19|54,91|66,34|19,7|29,22|69,1|1,29|55,9|31,49|54,82|54,90|49,50|54,69/54,20=54,91,66,34,20
81,43|51,80|95,69|28,98|35,51|92,78|92,94|92,8|78,11|38,88|92,90|11,64|89,38|69,25|8,95|64,40|92,81|90,35|43,28|94,89/92,40=92,78,11,64,40
16,48|86,17|95,44|2,27|16,73|40,23|85,7|16,35|10,2|44,63|35,10|50,86|73,95|7,28|60,50|13,93|16,60|23,13|16,40|48,85/16,93=16,40,23,13,93
51,28|47,76|28,29|13,31|50,34|67,73|52,99|30,50|31,52|67,13|67,51|33,68|73,33|70,47|68,54|29,17|34,92|62,70|67,30|67,62/67,76=67,62,70,47,76
17,56|72,52|92,78|1,74|56,48|51,89|77,3|39,90|1,17|52,29|1,79|48,57|1,51|74,72|78,49|67,77|7,67|89,39|1,7|79,92/1,49=1,79,92,78,49
28,56|56,29|11,26|19,82|48,95|58,6|97,55|86,77|55,11|1,97|1,58|1,75|6,12|77,19|95,22|22,32|1,86|1,48|75,28|12,62/1,82=1,86,77,19,82
26,81|76,43|81,25|52,83|24,34|26,44|37,21|50,22|22,52|57,24|25,13|26,50|98,57|13,18|79,76|32,79|44,12|26,98|12,37|26,32/26,18=26,81,25,13,18
77,10|56,81|68,95|78,27|24,77|68,47|47,78|28,92|95,44|8,31|61,28|44,74|18,24|68,18|68,8|68,61|92,55|74,25|27,73|31,56/68,73=68,47,78,27,73
28,42|46,28|84,9|79,6|6,88|89,36|61,60|46,18|42,38|46,89|88,47|38,95|46,79|36,7|15,61|46,4|9,32|7,96|18,15|4,84/46,47=46,79,6,88,47
20,49|37,29|37,15|29,81|49,28|58,82|75,54|0,20|82,69|96,13|81,3|89,75|13,62|69,93|37,0|3,34|15,89|37,55|37,58|55,96/37,28=37,0,20,49,28
45,69|67,88|45,58|45,67|45,17|2,5|66,73|19,97|45,63|69,59|59,24|63,76|88,2|86,77|77,38|24,74|97,32|58,19|17,86|76,66/45,74=45,69,59,24,74
61,1|82,13|87,32|13,26|87,82|24,44|1,31|28,93|95,36|31,30|87,28|87,61|22,4|87,62|34,22|26,72|32,24|62,34|93,95|44,90/87,4=87,62,34,22,4
30,49|59,2|19,84|40,11|17,81|36,54|85,12|94,19|55,17|40,61|40,85|40,30|11,55|12,99|20,59|99,25|40,45|61,94|49,36|45,20/40,2=40,45,20,59,2
6,80|72,12|6,34|54,45|80,28|21,33|86,72|45,8|6,42|57,21|2,17|17,20|12,43|76,68|61,54|6,61|6,86|28,76|34,57|42,2/6,20=6,42,2,17,20
24,76|16,75|67,18|62,45|8,91|19,8|18,68|91,16|10,22|19,34|19,10|77,58|19,67|37,24|39,37|58,50|19,39|68,4|34,77|22,62/19,45=19,10,22,62,45
50,56|73,67|81,49|81,45|95,73|72,9|20,53|29,2|76,61|45,95|81,47|19,29|81,88|49,50|47,19|53,76|9,22|81,20|56,1|88,72/81,22=81,88,72,9,22
6,63|55,96|63,92|6,54|87,31|95,98|96,26|54,10|40,95|43,27|12,50|93,30|26,84|6,93|92,43|6,40|30,12|6,55|10,87|98,57/6,31=6,54,10,87,31
17,93|30,6|62,99|18,91|4,39|12,83|18,30|34,75|65,15|75,12|18,64|6,86|86,32|18,34|91,17|63,62|15,4|64,63|18,65|93,7/18,32=18,30,6,86,32
11,62|82,28|30,15|58,99|16,44|25,88|96,77|25,58|88,65|99,66|25,35|25,82|25,75|75,96|66,0|44,5|35,16|65,11|77,4|28,30/25,0=25,58,99,66,0
52,35|29,89|93,59|93,16|57,39|23,57|66,25|79,66|80,92|71,52|93,81|92,87|59,80|89,4|93,29|4,55|81,79|16,71|39,38|93,23/93,25=93,81,79,66,25
71,67|37,35|16,63|71,30|28,77|77,96|84,36|67,26|20,31|26,65|30,28|71,84|42,20|71,37|97,12|35,97|71,41|36,16|41,42|65,53/71,96=71,30,28,77,96
25,75|75,69|35,96|87,16|17,38|27,25|32,17|67,23|19,7|72,32|69,11|27,26|16,45|30,67|96,19|4,30|27,35|27,72|27,4|26,87/27,7=27,35,96,19,7
10,34|52,14|49,3|14,73|76,52|64,72|72,81|78,64|10,78|12,49|30,29|29,89|34,61|10,12|70,82|89,97|10,76|3,20|10,30|61,70/10,73=10,76,52,14,73
12,7|67,5|39,94|89,9|22,39|84,67|34,54|9,17|62,95|58,51|7,84|12,68|12,34|12,89|54,62|17,69|12,58|51,88|88,21|68,22/12,95=12,34,54,62,95
85,9|27,97|66,49|63,81|1,72|88,46|27,88|97,65|72,63|98,11|76,66|38,87|27,1|87,54|27,37|37,38|46,85|71,76|27,71|65,98/27,49=27,71,76,66,49
52,2|30,57|47,72|96,38|99,6|2,64|38,69|47,30|57,95|18,73|47,71|72,99|6,10|3,52|71,18|47,40|95,36|47,3|73,7|40,96/47,10=47,72,99,6,10
85,59|65,91|37,41|9,94|28,47|94,85|41,3|9,65|88,28|9,74|30,75|74,13|13,30|91,36|3,32|36,16|9,37|59,20|47,79|9,88/9,20=9,94,85,59,20
81,87|46,32|50,47|9,14|37,96|43,22|68,50|8,54|5,68|39,46|81,24|54,93|81,37|81,5|24,39|81,9|20,95|87,8|14,43|96,20/81,32=81,24,39,46,32
13,45|96,32|5,99|13,74|72,28|74,77|34,52|6,5|39,57|86,72|1,85|23,61|13,96|77,1|44,6|45,86|13,44|13,34|32,39|52,23/13,28=13,45,86,72,28
43,76|42,82|55,12|86,55|42,86|82,53|7,99|33,62|42,51|53,66|66,64|42,35|99,96|62,70|76,87|70,31|51,7|12,22|42,33|35,43/42,96=42,51,7,99,96
94,13|22,4|13,66|54,48|45,18|12,1|60,41|22,54|85,26|22,12|22,74|51,37|41,87|22,56|4,94|74,85|26,50|1,45|56,60|48,51/22,87=22,56,60,41,87
1,39|22,82|3,17|1,94|88,22|39,64|17,77|77,93|1,3|75,47|78,70|6,88|1,6|70,97|94,72|52,33|36,78|64,52|1,36|72,75/1,33=1,39,64,52,33
6,38|31,60|63,3|6,92|21,45|66,57|0,54|6,48|57,33|64,63|33,50|6,0|54,27|27,51|48,64|6,66|46,31|92,53|53,21|38,46/6,3=6,48,64,63,3
22,33|17,30|53,82|46,27|18,95|76,22|75,66|51,76|30,61|73,23|61,64|18,46|18,75|18,51|66,53|16,8|8,2|27,73|18,17|95,16/18,64=18,17,30,61,64
9,14|64,25|43,92|14,35|18,8|38,85|25,43|40,12|40,68|40,24|99,62|68,9|12,49|40,52|62,63|40,64|52,83|83,18|49,38|24,99/40,92=40,64,25,43,92
5,14|75,18|27,76|18,19|64,46|5,56|87,3|19,8|44,99|5,75|56,64|29,69|14,23|99,87|2,29|23,27|46,73|31,2|5,31|5,44/5,76=5,14,23,27,76
93,3|79,47|29,79|35,29|26,54|80,5|35,74|74,42|10,49|35,4|35,80|35,93|5,30|47,32|42,10|4,2|2,6|6,19|3,26|30,83/35,49=35,74,42,10,49
4,85|58,6|86,13|14,60|30,59|95,24|26,47|47,99|5,26|24,10|2,46|60,58|95,5|10,2|95,14|13,30|0,4|95,86|79,0|95,79/95,6=95,14,60,58,6
77,59|49,47|48,80|68,78|10,68|76,77|92,62|80,41|48,2|17,20|48,8|41,92|8,79|48,76|79,49|59,33|91,17|94,10|48,94|2,91/48,47=48,8,79,49,47
28,12|19,40|12,11|8,73|29,28|65,19|48,80|95,59|29,8|73,56|21,90|29,65|29,48|56,7|40,79|42,95|11,54|41,42|80,21|29,41/29,79=29,65,19,40,79
42,15|11,93|16,69|28,41|37,18|53,13|97,74|41,87|49,53|93,37|97,28|87,56|74,42|4,16|15,95|97,72|97,49|72,4|97,11|13,3/97,69=97,72,4,16,69
73,41|25,71|76,87|25,60|83,56|57,84|58,66|18,76|25,73|82,80|25,89|71,58|25,83|11,79|60,98|56,82|89,18|66,67|98,11|41,57/25,87=25,89,18,76,87
63,36|96,2|63,52|68,62|63,51|63,96|38,11|51,47|2,68|54,95|36,5|8,54|95,88|52,56|59,9|32,20|47,32|63,8|5,38|56,59/63,62=63,96,2,68,62
27,83|74,65|39,36|18,74|18,19|18,47|40,87|18,27|4,78|36,96|83,40|19,93|94,4|96,43|90,73|65,35|93,90|35,72|18,39|47,94/18,87=18,27,83,40,87
85,25|85,26|23,17|10,63|85,69|69,75|26,6|6,97|22,92|25,47|63,22|11,4|85,10|65,68|75,11|85,36|47,65|97,86|17,30|36,23/85,30=85,36,23,17,30
37,91|65,55|95,65|38,78|31,60|37,94|25,67|37,34|37,38|78,31|97,96|96,81|94,86|34,25|91,97|67,7|37,88|86,1|1,6|88,95/37,6=37,94,86,1,6
20,14|76,95|20,47|2,83|78,44|36,56|95,24|28,78|20,38|14,36|15,99|91,2|47,76|56,25|20,45|40,15|45,40|83,3|20,91|38,28/20,24=20,47,76,95,24
56,44|76,38|62,92|75,62|46,54|56,32|61,77|32,46|56,9|9,61|44,75|50,45|91,10|68,91|56,68|45,76|10,84|56,50|54,4|77,6/56,92=56,44,75,62,92
31,86|65,68|90,36|88,94|85,81|20,46|2,31|26,44|36,76|25,90|2,20|2,7|7,16|94,85|2,25|2,88|16,26|24,45|86,24|46,65/2,45=2,31,86,24,45
70,92|50,51|77,42|52,2|70,18|70,82|70,76|4,72|70,77|40,4|29,96|74,52|76,26|75,10|94,50|42,29|18,94|92,74|26,75|82,40/70,51=70,18,94,50,51
0,74|61,9|74,15|70,38|11,92|9,35|33,61|92,83|35,52|24,0|4,70|63,4|33,11|83,69|33,22|33,24|98,29|45,98|22,45|33,63/33,38=33,63,4,70,38
52,57|41,64|87,88|52,96|51,56|88,10|31,41|17,69|54,77|77,47|52,31|52,17|69,1|1,91|29,51|57,87|56,32|96,54|64,80|52,29/52,10=52,57,87,88,10
52,79|13,97|13,41|56,14|1,93|6,4|4,60|3,22|68,25|13,52|13,98|98,1|93,49|79,68|13,23|41,6|14,63|22,24|23,3|97,56/13,49=13,98,1,93,49
63,47|40,57|63,53|63,6|56,44|44,50|79,64|47,43|57,79|1,70|6,18|53,56|63,40|24,72|93,98|18,1|4,93|45,4|43,24|63,45/63,64=63,40,57,79,64
43,78|10,24|21,80|82,10|79,16|96,30|15,21|48,36|78,17|15,81|24,83|80,79|36,57|57,7|15,2|22,96|81,43|15,48|2,22|15,82/15,17=15,81,43,78,17
73,12|73,68|70,50|12,38|31,5|46,82|63,39|39,33|14,35|73,14|73,69|5,51|73,31|3,75|38,3|50,80|68,63|35,46|69,70|51,44/73,80=73,69,70,50,80
97,73|82,97|61,10|30,72|73,52|18,55|10,18|33,30|24,83|43,70|24,61|65,87|98,33|76,65|42,43|0,42|24,98|24,82|24,0|83,76/24,70=24,0,42,43,70
29,18|33,3|96,5|11,82|18,73|82,45|45,49|86,96|11,29|11,56|84,33|19,54|77,84|11,77|49,44|11,59|73,53|54,85|59,19|56,86/11,3=11,77,84,33,3
41,71|0,17|2,39|1,96|3,93|61,77|36,61|28,6|6,94|0,66|0,13|0,1|13,12|66,72|96,3|72,41|12,2|0,45|17,28|45,36/0,39=0,13,12,2,39
36,80|33,23|51,30|98,36|73,41|54,98|47,20|84,82|84,54|84,51|12,31|23,97|84,73|84,11|11,92|92,90|30,47|90,68|41,12|82,33/84,80=84,54,98,36,80
8,87|86,18|94,92|27,11|90,27|8,90|71,9|18,71|11,62|88,28|59,34|87,1|8,94|50,59|8,86|8,46|6,55|92,6|46,50|1,88/8,34=8,46,50,59,34
96,8|73,96|8,32|73,98|24,29|34,60|88,43|92,24|60,47|73,91|91,92|32,17|74,94|42,46|73,74|47,39|73,34|94,88|98,42|46,50/73,17=73,96,8,32,17
58,3|95,92|30,12|25,32|92,26|73,95|12,47|43,48|99,37|47,10|79,30|3,98|79,58|32,40|79,25|98,71|37,43|79,99|40,11|79,73/79,48=79,99,37,43,48
48,14|54,86|95,8|84,17|5,85|19,67|67,80|85,48|1,19|46,13|8,52|1,5|1,29|1,76|76,54|17,46|80,78|86,28|1,84|29,95/1,28=1,76,54,86,28
71,50|5,29|74,95|22,74|98,34|1,65|40,98|6,81|50,8|31,5|81,33|29,25|1,6|1,91|91,22|8,82|65,40|1,71|33,2|1,31/1,34=1,65,40,98,34
64,72|9,10|89,41|69,35|73,27|80,57|35,73|22,31|80,17|86,9|12,86|80,12|37,3|17,58|80,64|57,5|80,69|58,89|72,37|5,22/80,27=80,69,35,73,27
70,39|24,37|39,30|70,32|49,12|16,40|70,29|65,57|78,49|40,71|32,24|80,56|58,78|71,74|37,69|13,65|70,58|30,80|29,13|70,16/70,56=70,39,30,80,56
93,3|79,47|29,79|35,29|26,54|80,5|35,74|74,42|6,19|35,4|35,80|35,93|5,10|47,32|42,6|4,2|2,30|30,83|3,26|10,49/35,49=35,80,5,10,49
24,56|25,2|24,10|24,62|52,87|62,20|24,32|24,78|87,60|10,70|27,3|54,63|3,12|32,27|20,25|56,52|15,66|47,15|78,47|70,54/24,63=24,10,70,54,63
25,99|95,60|67,17|98,58|69,88|69,85|45,25|46,62|69,5|69,95|84,46|91,67|78,75|58,61|88,84|5,45|17,43|60,78|69,91|85,98/69,61=69,85,98,58,61
46,33|83,3|49,10|79,91|83,73|73,62|34,68|9,45|83,15|3,36|83,46|68,60|36,49|45,70|83,9|82,18|70,25|33,79|15,34|62,82/83,91=83,46,33,79,91
65,30|58,42|42,59|58,57|59,93|56,16|93,8|30,90|62,79|57,65|58,18|33,85|79,54|54,86|37,33|58,62|18,56|85,55|16,34|58,37/58,34=58,18,56,16,34
3,44|68,54|83,27|14,37|25,68|25,58|84,3|27,51|63,0|25,71|30,20|37,69|58,83|0,13|71,14|31,63|26,84|25,26|54,30|25,31/25,51=25,58,83,27,51
67,75|80,64|72,15|63,19|99,43|15,76|42,45|76,71|99,42|64,84|99,73|27,47|99,72|45,63|99,24|43,10|24,67|75,35|10,27|73,80/99,47=99,43,10,27,47
89,7|20,62|23,89|20,9|60,1|26,37|86,87|20,24|55,80|20,55|78,26|45,98|20,59|48,45|24,78|62,60|80,86|59,23|1,96|9,48/20,37=20,24,78,26,37
16,19|69,93|98,61|16,79|16,53|16,90|93,76|49,38|61,39|79,27|51,0|19,69|96,51|38,24|27,70|90,96|24,18|16,49|70,77|53,98/16,77=16,79,27,70,77
34,8|15,67|86,22|59,15|68,17|20,78|20,18|38,21|67,50|17,38|18,55|22,47|20,7|78,70|20,59|7,86|55,3|3,57|20,68|70,34/20,21=20,68,17,38,21
86,58|39,98|93,16|95,28|2,74|72,95|98,77|16,52|93,2|93,71|74,24|4,72|67,57|24,12|58,92|93,4|52,67|92,26|93,86|71,39/93,77=93,71,39,98,77
14,89|23,14|79,16|79,93|96,24|58,96|31,62|16,23|6,87|36,54|24,65|62,1|1,2|79,58|93,36|87,75|71,6|79,71|79,31|54,64/79,2=79,31,62,1,2
77,49|92,62|48,80|68,78|10,68|76,77|59,33|80,41|48,2|17,20|48,8|41,59|8,79|48,76|79,92|49,47|91,17|94,10|48,94|2,91/48,47=48,76,77,49,47
31,79|15,83|77,33|81,36|43,65|79,89|97,56|46,62|77,30|83,90|77,46|77,31|33,97|36,24|30,15|89,94|56,80|62,43|77,81|24,17/77,90=77,30,15,83,90
85,50|7,92|92,56|80,85|21,74|98,71|29,89|35,7|27,32|97,47|89,3|29,40|29,98|36,21|29,62|71,97|29,35|62,36|3,27|40,80/29,56=29,35,7,92,56
61,74|61,84|9,3|36,1|8,77|76,68|83,92|84,55|63,8|89,59|14,18|61,83|55,14|24,63|61,24|74,36|1,58|3,89|61,9|92,76/61,68=61,83,92,76,68
75,17|49,18|34,54|49,75|12,11|18,53|81,24|11,70|64,45|49,34|53,64|35,22|54,52|52,90|17,81|83,12|7,35|49,41|49,83|41,7/49,70=49,83,12,11,70
33,41|92,77|77,33|24,53|2,97|92,9|37,2|41,90|92,20|9,24|20,26|92,1|92,37|60,64|1,70|97,65|26,60|7,78|53,93|70,7/92,90=92,77,33,41,90
65,17|73,63|17,44|39,98|98,81|2,73|16,65|81,84|68,16|68,78|13,18|68,2|66,86|91,13|63,22|78,91|89,66|68,89|68,39|86,46/68,84=68,39,98,81,84
73,99|99,61|65,45|69,57|1,44|45,17|97,3|73,65|94,30|82,97|44,6|73,1|73,82|3,13|6,10|17,23|7,94|73,42|61,69|42,7/73,10=73,1,44,6,10
75,17|49,18|34,54|49,75|12,81|18,53|64,45|81,24|11,70|49,34|53,11|35,22|54,52|52,90|17,64|83,12|7,35|49,41|49,83|41,7/49,70=49,18,53,11,70
19,40|11,4|88,96|45,19|88,24|58,85|44,13|85,23|4,68|78,72|68,97|88,98|88,11|98,58|96,45|88,84|84,48|24,78|72,12|48,44/88,12=88,24,78,72,12
6,46|85,9|34,16|5,95|91,22|0,91|34,80|34,53|95,84|34,55|46,90|1,85|16,6|55,5|53,4|34,88|88,0|49,61|80,1|4,49/34,90=34,16,6,46,90
91,37|98,15|58,31|38,44|58,80|80,11|34,56|31,42|78,34|76,73|58,57|44,66|58,39|11,0|37,98|58,91|0,96|39,78|42,76|57,38/58,15=58,91,37,98,15
16,34|47,51|31,10|83,70|16,35|10,45|58,47|16,19|64,17|19,58|16,37|12,6|35,31|37,48|67,64|34,12|17,84|48,83|6,63|16,67/16,70=16,37,48,83,70
38,47|61,37|56,17|15,93|70,60|59,22|56,59|85,20|93,85|78,91|56,9|9,11|48,92|56,48|22,70|11,78|56,15|17,61|92,38|37,81/56,60=56,59,22,70,60
32,67|10,50|39,68|7,55|62,7|59,72|70,39|33,16|72,32|94,62|16,36|36,57|9,70|77,10|99,77|59,94|59,33|59,99|59,9|67,34/59,68=59,9,70,39,68
46,0|71,30|84,18|51,86|86,56|59,46|16,40|84,51|84,94|84,17|4,13|88,71|18,67|94,88|67,4|17,59|43,16|90,43|84,90|56,64/84,0=84,17,59,46,0
40,57|82,23|17,13|94,36|82,3|82,17|3,20|84,71|57,79|87,60|82,40|20,87|79,90|53,26|22,4|82,84|71,94|13,53|23,59|59,22/82,26=82,17,13,53,26
51,17|32,87|19,67|28,86|67,52|99,32|25,99|86,34|25,19|34,57|52,97|87,71|1,51|25,48|25,72|92,76|90,92|48,90|25,28|72,1/25,71=25,99,32,87,71
64,88|64,83|49,43|88,29|42,26|83,42|10,16|65,87|29,19|2,65|76,21|64,49|43,76|87,50|64,2|19,52|26,27|64,85|85,68|68,10/64,50=64,2,65,87,50
75,96|96,76|62,6|79,30|16,79|17,28|6,93|71,62|28,38|8,91|38,37|17,75|76,89|17,27|29,8|61,16|17,71|27,29|37,60|17,61/17,93=17,71,62,6,93
50,75|50,30|74,29|50,44|32,85|24,45|71,37|44,97|73,89|97,71|75,92|80,24|50,32|85,73|70,69|50,74|29,28|28,0|92,70|30,80/50,0=50,74,29,28,0
13,90|22,29|67,20|12,59|86,72|36,61|61,11|12,24|29,86|40,88|12,38|12,78|24,82|12,22|55,67|78,36|82,40|28,13|59,55|38,28/12,90=12,38,28,13,90
43,98|21,49|21,43|21,53|21,42|67,13|3,52|2,68|42,40|21,17|17,2|40,5|98,3|53,19|41,95|19,67|5,74|68,70|95,71|49,41/21,70=21,17,2,68,70
33,5|25,23|23,94|94,17|98,33|18,6|43,54|47,82|7,63|25,68|3,18|17,10|38,43|82,7|77,38|25,77|5,34|25,98|68,3|25,47/25,6=25,68,3,18,6
87,43|99,75|48,50|83,34|83,65|4,26|83,30|43,29|50,3|75,68|65,87|83,71|34,99|30,92|89,48|83,89|92,35|71,1|1,4|35,36/83,68=83,34,99,75,68
58,12|46,11|75,37|85,21|12,19|89,54|75,70|75,49|75,89|75,46|21,31|26,79|49,48|17,29|48,26|36,91|11,36|37,58|54,17|70,85/75,19=75,37,58,12,19
25,87|34,6|16,41|41,85|64,65|87,10|90,17|25,75|5,90|72,62|75,5|65,84|10,34|78,64|25,33|33,16|25,72|35,73|62,35|25,78/25,85=25,33,16,41,85
55,58|94,49|99,70|84,41|28,55|49,99|63,40|39,84|97,63|83,54|94,71|25,28|94,97|94,36|70,96|94,25|50,83|36,39|40,43|71,50/94,41=94,36,39,84,41
38,78|88,51|66,56|73,66|71,73|34,80|93,16|51,38|80,67|16,33|56,99|33,42|71,1|1,34|8,45|71,93|10,39|39,8|71,88|71,10/71,99=71,73,66,56,99
88,29|16,33|67,60|13,88|60,57|16,90|63,89|8,97|89,52|2,50|16,67|57,12|97,82|16,65|45,2|16,31|31,8|33,13|65,63|90,45/16,29=16,33,13,88,29
3,57|24,17|24,3|90,83|85,68|60,41|17,85|32,90|68,58|89,82|75,15|24,89|57,9|5,27|24,75|15,5|82,60|24,32|9,46|83,4/24,46=24,3,57,9,46
32,47|57,19|61,21|94,23|36,44|94,78|13,36|50,32|78,61|46,82|21,31|94,66|66,64|22,46|23,22|45,50|64,57|94,45|94,13|44,42/94,47=94,45,50,32,47
56,85|97,72|88,66|64,11|69,46|86,6|18,86|69,97|33,88|65,55|25,82|70,18|36,92|72,36|46,33|69,70|11,65|85,25|69,56|69,64/69,6=69,70,18,86,6
96,18|76,0|18,92|73,49|73,96|92,34|80,22|73,37|37,9|69,82|73,97|73,35|49,38|9,80|0,20|35,76|38,69|97,71|71,52|52,13/73,34=73,96,18,92,34
10,55|13,0|37,40|65,85|73,26|37,77|74,78|26,86|3,73|37,3|0,23|29,13|4,74|17,4|55,7|85,43|77,10|37,29|37,17|40,65/37,43=37,40,65,85,43
95,48|42,39|69,80|20,69|66,67|41,94|98,16|20,95|81,41|16,47|20,81|94,19|20,84|67,56|71,59|26,98|84,66|80,42|48,71|20,26/20,19=20,81,41,94,19
36,38|83,97|36,11|68,66|59,95|95,56|11,59|74,16|97,10|57,47|36,57|99,29|38,74|36,46|36,48|46,45|48,83|16,79|45,68|47,99/36,79=36,38,74,16,79
70,60|61,37|56,17|15,93|85,20|59,22|56,59|38,47|93,38|78,91|56,9|9,11|48,92|56,48|22,85|11,78|56,15|17,61|92,70|37,81/56,60=56,48,92,70,60
1,74|32,65|32,48|92,94|69,83|32,55|94,66|97,95|25,58|74,14|58,97|32,25|48,69|65,92|67,98|40,1|98,18|55,67|32,40|83,38/32,66=32,65,92,94,66
1,29|5,23|12,34|2,31|83,38|16,88|62,12|62,39|33,53|39,5|88,1|62,98|23,25|62,16|67,83|42,2|98,42|38,49|62,67|34,33/62,31=62,98,42,2,31
60,99|22,19|76,38|28,67|54,28|8,53|53,48|10,7|18,60|9,25|95,8|9,22|45,10|25,54|9,45|98,18|7,16|9,95|9,98|19,76/9,48=9,95,8,53,48
54,50|2,0|54,40|14,68|50,84|80,93|19,61|61,42|9,80|0,14|54,57|54,19|10,59|84,96|54,2|40,10|42,22|96,92|59,58|57,9/54,58=54,40,10,59,58
78,53|37,20|23,55|49,12|79,80|80,78|2,60|60,57|36,2|49,36|49,79|0,30|1,37|48,1|95,0|12,95|81,23|49,81|55,5|49,48/49,5=49,81,23,55,5
20,27|48,19|88,77|8,24|5,89|5,30|5,60|30,33|31,68|27,88|11,8|5,46|60,11|49,6|89,31|5,20|33,49|68,28|19,69|46,48/5,24=5,60,11,8,24
82,62|59,79|56,76|62,9|79,65|82,20|84,0|23,45|9,84|37,36|75,23|82,59|82,75|45,15|73,56|36,43|82,4|4,37|65,68|20,73/82,43=82,4,37,36,43
8,37|36,22|17,59|83,67|63,13|38,29|59,71|63,7|0,17|15,32|63,0|63,85|85,70|7,8|13,6|63,15|70,38|6,36|32,83|37,92/63,22=63,13,6,36,22
22,5|78,7|7,73|22,43|72,78|0,71|43,64|22,69|80,65|21,0|22,72|69,21|82,32|50,63|47,44|32,50|31,47|22,82|5,31|64,80/22,44=22,5,31,47,44
74,2|74,60|2,9|30,25|41,30|25,1|65,69|69,40|60,7|51,28|74,50|74,41|68,49|74,65|9,68|7,56|42,51|56,95|40,44|50,42/74,49=74,2,9,68,49
66,54|19,16|45,10|34,28|90,97|54,7|6,90|45,66|10,23|7,77|23,72|45,34|81,12|28,19|67,40|97,96|40,81|45,6|45,67|72,82/45,77=45,66,54,7,77
69,72|24,42|65,31|42,22|4,93|44,41|31,69|50,96|71,17|50,87|46,15|87,98|50,20|96,64|20,24|64,44|98,71|15,4|50,65|50,46/50,72=50,65,31,69,72
95,56|44,68|95,43|68,15|56,45|63,34|10,63|11,61|61,67|99,39|78,98|39,4|67,38|95,44|82,99|43,10|15,26|95,11|45,78|95,82/95,26=95,44,68,15,26
81,39|31,34|55,50|52,96|38,0|39,27|25,52|25,92|51,15|32,95|25,32|15,90|25,51|92,53|90,12|25,81|96,31|95,55|27,40|53,38/25,12=25,51,15,90,12
56,19|56,90|55,69|56,55|56,88|19,61|92,25|47,75|25,47|74,93|80,96|61,80|98,71|79,98|93,4|56,92|88,79|91,51|90,74|69,91/56,71=56,88,79,98,71
34,61|59,23|32,5|8,41|23,19|5,69|48,34|52,86|52,32|45,8|81,14|55,48|52,94|92,59|69,13|52,55|52,92|14,72|94,45|86,81/52,13=52,32,5,69,13
67,38|24,3|17,9|8,77|30,17|9,40|70,2|28,32|30,8|30,73|32,29|38,1|73,67|30,28|3,70|40,16|29,55|77,22|22,74|30,24/30,16=30,17,9,40,16
67,19|62,75|62,48|46,61|62,49|18,28|62,43|58,8|19,14|7,65|28,98|62,46|9,3|65,47|8,88|43,58|48,67|75,18|49,7|61,9/62,3=62,46,61,9,3
86,9|30,64|72,50|9,3|30,84|28,45|30,48|30,14|14,93|18,97|75,69|50,25|84,98|30,75|98,28|48,72|64,86|69,79|93,18|79,20/30,3=30,64,86,9,3
66,46|26,61|38,16|28,26|69,78|52,66|78,40|81,83|50,28|58,70|42,58|46,25|38,81|16,69|15,72|38,42|83,15|70,39|38,52|38,50/38,25=38,52,66,46,25
76,12|80,31|9,45|20,28|79,80|60,40|18,71|31,27|27,4|45,60|32,20|79,23|49,32|79,9|36,78|23,53|53,36|12,18|79,76|79,49/79,71=79,76,12,18,71
24,22|6,33|81,20|6,40|96,18|88,71|20,96|12,59|28,47|71,15|6,73|6,41|47,93|73,28|6,81|22,1|7,12|33,7|40,88|41,24/6,59=6,33,7,12,59
10,19|55,58|16,55|63,47|31,16|42,18|69,89|31,35|19,0|47,60|31,63|58,52|89,48|48,36|83,10|18,84|60,1|31,83|31,69|35,42/31,1=31,63,47,60,1
74,53|14,7|99,61|7,99|14,25|86,16|9,8|53,88|27,59|25,9|10,74|61,48|14,27|46,86|59,51|51,78|14,57|14,10|57,46|8,79/14,78=14,27,59,51,78
54,95|97,92|38,75|81,21|70,6|72,43|75,13|81,84|81,70|76,97|81,38|41,28|22,1|6,41|81,72|43,54|13,49|21,76|84,22|1,40/81,28=81,70,6,41,28
97,33|80,97|80,43|96,41|87,53|47,93|9,96|35,87|67,28|41,8|80,47|80,38|38,67|93,27|43,35|28,25|33,10|27,63|10,2|80,9/80,63=80,47,93,27,63
97,98|7,37|84,12|26,48|60,45|75,88|85,41|76,43|43,75|18,47|76,26|12,7|98,60|76,85|76,84|41,18|48,68|68,30|76,97|88,34/76,37=76,84,12,7,37
26,90|10,81|11,93|29,14|81,94|87,35|70,84|46,82|76,87|90,66|54,63|46,29|84,54|65,10|46,76|82,26|14,11|46,70|35,5|46,65/46,94=46,65,10,81,94
40,91|34,78|40,86|24,51|78,98|52,61|40,74|40,59|8,90|91,1|86,24|21,52|59,34|40,96|80,19|51,39|74,80|19,57|1,8|96,21/40,98=40,59,34,78,98
32,26|54,46|81,54|73,89|4,29|71,7|29,45|61,81|4,41|4,76|76,52|20,66|41,70|52,32|45,71|70,73|66,31|4,61|4,20|31,56/4,7=4,29,45,71,7
58,28|78,18|69,78|58,16|86,66|91,75|58,9|9,64|75,50|5,86|50,51|80,29|76,94|28,5|58,91|16,76|94,82|58,2|2,69|64,80/58,18=58,2,69,78,18
86,17|66,58|77,52|73,12|66,73|58,44|66,79|17,1|12,28|60,64|28,16|64,39|52,38|72,77|66,72|66,24|54,84|79,60|44,54|24,86/66,16=66,73,12,28,16
26,81|24,34|81,25|52,83|13,18|26,44|37,21|50,22|22,52|57,13|25,76|26,50|98,57|76,43|79,24|32,79|44,12|26,98|12,37|26,32/26,18=26,98,57,13,18
29,84|97,26|27,66|29,21|75,92|37,97|39,41|29,49|29,65|49,95|21,81|29,46|95,82|18,27|65,37|46,3|82,19|84,18|3,39|81,75/29,19=29,49,95,82,19
73,74|24,30|97,51|33,71|10,90|97,56|56,53|97,50|45,39|57,73|39,92|92,31|51,29|29,10|53,33|50,24|97,45|97,64|30,23|64,57/97,71=97,56,53,33,71
22,19|22,84|32,74|8,89|77,58|89,36|25,16|83,88|88,11|11,13|84,8|58,85|22,32|22,83|3,25|22,47|68,10|47,77|74,68|19,3/22,85=22,47,77,58,85
1,36|95,27|25,1|39,60|21,64|64,71|22,46|14,25|8,22|59,70|14,21|55,8|70,39|88,95|14,55|71,42|14,88|36,96|14,59|27,45/14,42=14,21,64,71,42
2,24|9,45|43,70|24,63|58,97|8,15|42,44|90,43|17,58|42,32|63,37|42,17|42,2|44,59|70,54|97,69|42,90|45,95|32,9|59,8/42,54=42,90,43,70,54
35,34|45,39|86,99|52,8|95,59|28,11|29,9|33,95|11,45|86,52|99,29|3,33|86,28|34,0|8,14|86,3|9,74|14,15|91,35|86,91/86,74=86,99,29,9,74
6,42|6,51|12,50|42,34|9,16|79,92|92,97|51,4|6,20|4,9|6,12|50,49|20,78|35,82|17,90|6,79|34,17|78,35|97,18|49,45/6,90=6,42,34,17,90
1,59|21,31|39,18|85,1|18,92|27,68|78,72|27,21|57,51|16,69|68,39|15,78|59,22|72,45|27,15|27,57|51,16|27,85|67,83|31,67/27,22=27,85,1,59,22
38,81|35,88|11,38|49,75|90,34|35,57|15,77|35,26|35,25|54,49|34,3|26,74|10,28|57,15|74,10|25,54|35,90|88,11|77,33|3,36/35,28=35,26,74,10,28
94,7|30,48|4,98|32,25|98,46|96,52|84,93|84,94|33,20|84,83|48,65|84,96|83,58|84,76|7,33|75,72|58,75|52,32|93,30|76,4/84,65=84,93,30,48,65
75,11|19,83|75,15|64,28|16,88|33,43|75,19|69,96|75,12|15,1|1,64|54,69|12,5|41,45|11,41|70,54|83,16|5,33|75,70|45,27/75,28=75,15,1,64,28
61,33|61,3|13,80|7,13|22,7|61,0|16,32|27,15|88,35|35,69|61,27|89,45|0,38|38,16|33,89|61,22|36,44|15,36|3,88|45,21/61,44=61,27,15,36,44
56,47|64,73|39,23|61,25|49,85|69,61|73,66|57,69|96,30|23,13|30,80|40,39|86,49|64,40|64,57|64,86|66,56|85,95|64,48|48,96/64,13=64,40,39,23,13
19,70|73,55|20,27|91,7|82,68|9,75|46,56|68,46|0,84|66,91|47,61|61,90|75,47|9,82|84,19|9,36|9,0|36,66|9,20|27,73/9,55=9,20,27,73,55
64,7|9,44|74,54|3,28|9,99|9,85|9,78|44,74|28,14|85,18|99,52|9,50|88,76|78,91|18,64|79,55|50,3|54,26|52,88|91,79/9,76=9,99,52,88,76
78,5|95,37|99,12|99,28|20,14|24,78|12,11|64,2|99,82|99,49|49,36|57,64|36,60|82,57|74,4|60,18|11,20|28,24|99,74|4,95/99,37=99,74,4,95,37
71,61|83,58|47,4|80,41|42,49|16,71|85,86|0,10|85,42|86,83|41,47|49,5|58,39|61,70|85,80|10,98|85,32|32,0|5,20|85,16/85,39=85,86,83,58,39
82,85|81,5|63,51|4,66|63,23|51,77|66,56|63,64|85,81|63,82|60,74|79,17|53,7|23,79|63,60|77,53|68,21|17,87|64,4|74,68/63,21=63,60,74,68,21
48,44|47,40|71,50|0,78|72,62|0,35|31,72|8,6|82,8|25,20|0,28|0,96|35,73|20,48|78,82|73,47|28,31|0,25|50,79|96,71/0,6=0,78,82,8,6
46,34|66,46|13,81|78,50|2,13|6,41|6,14|21,33|6,21|53,3|86,64|41,2|33,86|52,22|54,53|49,66|6,49|6,78|14,54|50,52/6,3=6,14,54,53,3
49,60|49,25|92,89|43,0|88,80|8,72|89,14|75,32|49,50|49,8|55,43|72,70|14,68|70,48|49,92|25,55|60,75|32,35|12,88|50,12/49,48=49,8,72,70,48
90,87|54,79|87,78|17,56|21,54|80,76|94,60|56,81|96,90|7,22|96,17|96,21|89,94|76,7|79,31|78,40|96,80|96,37|37,89|81,12/96,12=96,17,56,81,12
11,33|33,1|1,29|44,39|57,41|51,73|51,84|45,10|79,44|84,79|51,36|73,52|75,37|52,92|37,57|92,16|36,45|51,75|51,11|10,12/51,29=51,11,33,1,29
79,46|1,30|91,75|12,45|69,68|28,70|23,71|42,69|45,79|28,12|28,1|28,94|70,91|30,73|38,23|94,42|28,49|73,8|49,38|75,9/28,71=28,49,38,23,71
78,19|74,68|87,24|35,78|99,50|50,22|87,96|24,10|87,99|87,14|10,74|22,15|87,23|96,98|83,11|98,65|65,6|23,35|14,83|11,3/87,3=87,14,83,11,3
0,85|76,75|85,23|21,79|39,76|64,28|64,42|44,58|64,74|74,73|73,44|75,40|79,41|41,92|42,0|64,39|99,77|64,21|66,99|28,66/64,23=64,42,0,85,23
63,41|55,58|55,94|87,33|13,95|95,20|55,46|41,80|6,14|98,68|55,87|34,72|94,63|58,13|33,10|10,62|68,6|46,34|55,98|72,28/55,62=55,87,33,10,62
23,7|92,82|92,19|92,88|92,60|78,37|33,16|7,91|92,98|97,69|2,13|60,2|69,14|13,86|82,23|61,33|80,78|19,61|88,80|98,97/92,91=92,82,23,7,91
67,89|56,95|45,22|65,31|67,56|44,58|67,21|79,25|67,44|89,55|21,1|68,64|10,65|55,66|59,10|1,79|95,45|58,68|67,59|66,94/67,64=67,44,58,68,64
76,32|2,78|42,43|32,54|9,14|89,17|17,8|88,34|74,15|89,98|58,66|8,58|98,88|54,60|34,94|14,2|89,9|89,42|89,76|43,74/89,78=89,9,14,2,78
9,46|95,44|54,75|39,54|29,93|67,96|93,68|29,39|98,37|96,26|68,95|75,40|77,57|29,9|89,67|1,56|29,77|57,1|46,98|29,89/29,26=29,89,67,96,26
62,13|78,27|33,52|92,62|92,28|18,20|42,59|15,33|55,99|92,75|28,78|13,18|68,15|75,2|27,97|59,25|64,42|2,55|92,64|92,68/92,20=92,62,13,18,20
17,29|17,57|29,77|13,91|17,71|93,55|17,68|55,4|68,93|77,81|31,42|66,13|57,40|81,87|89,6|83,15|71,66|40,31|17,83|15,89/17,4=17,68,93,55,4
67,99|24,21|98,23|13,74|68,42|7,54|61,7|61,51|94,49|61,82|49,44|78,47|82,94|61,67|99,78|51,68|42,15|61,13|54,98|74,24/61,23=61,7,54,98,23
48,26|38,49|15,16|24,94|5,66|52,28|83,95|95,21|65,15|96,48|96,38|96,24|26,14|94,52|96,83|96,65|49,5|16,3|14,68|21,25/96,28=96,24,94,52,28
62,72|12,84|49,71|5,69|16,94|12,77|53,43|12,82|71,92|92,51|26,16|77,62|69,50|76,53|12,49|72,22|84,5|43,70|82,26|12,76/12,22=12,77,62,72,22
89,45|23,86|79,84|13,65|24,49|45,40|89,13|86,98|40,75|63,24|84,17|89,51|89,79|75,64|17,36|1,38|65,1|88,23|89,88|51,63/89,64=89,45,40,75,64
7,66|28,19|28,5|28,7|28,18|5,48|66,74|91,0|24,89|28,35|59,91|35,24|48,16|74,12|18,59|89,60|16,20|19,47|47,88|88,2/28,0=28,18,59,91,0
23,38|58,51|10,58|10,75|77,63|75,33|40,70|10,49|49,73|69,72|67,18|85,48|10,77|33,67|48,40|83,78|10,85|73,83|51,23|63,69/10,38=10,58,51,23,38
55,29|46,37|42,46|32,4|21,14|98,33|14,76|17,51|30,40|19,98|19,17|51,12|12,74|19,55|19,72|19,2|72,21|2,42|33,32|29,30/19,4=19,98,33,32,4
62,37|5,56|46,77|15,88|77,90|88,31|54,44|81,15|90,20|64,0|65,62|86,65|71,70|54,81|54,71|56,13|70,64|54,46|44,5|54,86/54,37=54,86,65,62,37
17,26|54,57|34,30|57,17|9,74|61,43|54,50|50,77|46,48|43,44|77,88|74,46|64,34|53,61|54,45|54,53|54,9|45,64|26,87|88,86/54,48=54,9,74,46,48
69,80|21,24|69,35|6,71|61,32|69,27|80,92|57,21|36,6|24,12|94,0|29,87|0,61|69,57|42,88|92,42|35,1|27,36|1,29|69,94/69,12=69,57,21,24,12
50,38|42,7|79,9|79,37|79,67|45,57|57,85|78,50|79,0|24,49|9,78|79,96|51,61|61,41|7,62|37,45|49,34|67,51|96,42|0,24/79,38=79,9,78,50,38
64,35|61,11|4,66|82,99|66,88|99,45|16,15|82,49|82,24|82,50|49,56|12,61|82,64|24,4|87,58|35,16|50,12|32,94|56,87|45,32/82,11=82,50,12,61,11
37,64|98,15|9,59|15,8|43,26|43,9|68,37|74,31|43,88|70,61|14,98|0,68|25,74|22,85|59,22|26,70|43,0|43,14|61,12|88,25/43,12=43,26,70,61,12
24,57|26,28|94,29|48,58|97,83|43,38|47,9|84,27|18,94|43,47|57,26|27,17|53,97|38,53|43,49|29,14|49,84|43,24|9,48|43,18/43,28=43,24,57,26,28
42,16|99,97|1,33|74,2|0,70|2,57|81,64|1,89|79,96|24,81|33,0|97,91|57,47|1,11|70,52|1,42|89,99|11,24|16,79|1,74/1,96=1,42,16,79,96
52,33|16,57|59,20|20,86|7,54|54,78|52,67|52,59|93,90|49,15|2,16|67,2|52,7|78,36|4,6|90,49|6,53|86,41|52,93|33,4/52,41=52,59,20,86,41
46,43|7,84|17,10|53,40|99,46|45,32|40,12|10,72|43,56|39,73|4,45|39,4|73,53|32,69|39,75|39,29|29,17|84,26|75,7|39,99/39,12=39,73,53,40,12
30,52|30,73|30,65|42,28|51,43|28,80|43,67|65,68|73,46|52,42|88,9|25,88|76,13|68,76|30,90|47,66|46,47|90,25|30,95|95,51/30,66=30,73,46,47,66
31,35|31,81|4,23|81,77|35,55|16,24|64,44|24,19|96,26|55,4|38,40|77,59|10,38|62,16|31,64|59,21|44,96|31,36|31,62|36,10/31,23=31,35,55,4,23
61,0|18,42|94,77|20,98|81,20|34,15|76,67|44,34|40,99|42,44|18,14|28,47|18,94|18,61|0,28|77,91|67,40|14,81|18,76|91,75/18,47=18,61,0,28,47
42,16|99,97|1,33|74,2|0,70|2,81|79,96|1,89|57,47|24,79|33,0|97,91|81,64|1,11|70,52|1,42|89,99|11,24|16,57|1,74/1,96=1,11,24,79,96
32,3|28,41|94,81|33,16|16,95|28,33|25,48|28,54|81,32|73,1|41,75|28,94|54,58|95,76|43,42|62,73|1,7|58,25|75,43|28,62/28,3=28,94,81,32,3
96,21|91,9|91,96|91,59|72,16|91,72|82,95|16,86|59,33|21,55|9,46|99,3|33,85|76,42|55,89|86,31|3,82|46,76|91,99|85,13/91,95=91,99,3,82,95
81,39|90,12|31,34|52,96|38,0|39,27|25,52|25,92|51,15|32,95|25,32|15,55|25,51|92,53|55,50|25,81|96,90|95,31|27,40|53,38/25,12=25,52,96,90,12
4,96|29,80|29,78|10,37|29,15|19,58|11,4|78,21|94,41|98,10|67,98|15,11|41,50|76,74|29,67|68,14|21,76|80,94|14,19|29,68/29,58=29,68,14,19,58
49,84|35,25|22,7|10,97|62,11|85,58|97,85|72,0|16,29|0,66|25,72|7,91|91,98|35,49|35,10|35,6|29,56|35,22|84,62|6,16/35,11=35,49,84,62,11
4,51|5,42|89,34|62,84|70,96|22,82|5,58|42,62|52,70|90,17|51,22|18,89|5,4|84,54|5,52|96,69|85,90|5,61|58,18|61,85/5,54=5,42,62,84,54
62,86|65,54|82,25|53,96|87,35|32,29|88,2|11,34|7,62|88,65|96,87|88,53|2,91|88,16|16,84|58,7|84,32|54,11|88,58|91,82/88,34=88,65,54,11,34
45,18|77,84|22,85|11,45|5,87|77,16|16,10|30,28|76,71|90,78|46,59|87,30|99,79|10,90|79,76|59,22|77,99|84,11|77,46|77,5/77,85=77,46,59,22,85
60,27|73,88|57,18|73,45|73,83|73,11|11,14|14,2|2,31|73,60|45,90|90,86|88,68|34,4|86,56|24,34|83,24|68,57|9,99|27,9/73,18=73,88,68,57,18
65,19|27,54|43,2|54,89|78,97|74,65|33,67|74,62|97,28|19,76|39,33|2,38|74,15|13,27|74,45|62,78|45,39|74,13|15,43|76,68/74,28=74,62,78,97,28
63,6|14,26|19,86|38,0|78,48|48,19|26,67|78,38|78,59|94,93|22,35|59,94|93,23|96,63|78,7|7,96|86,29|78,45|0,22|45,14/78,35=78,38,0,22,35
86,47|43,93|50,76|47,29|28,33|43,28|5,57|33,31|93,44|49,91|29,79|61,5|18,2|31,55|76,49|43,86|44,18|16,61|43,16|43,50/43,91=43,50,76,49,91
50,81|60,72|27,26|56,50|10,39|43,65|35,10|64,77|72,56|59,54|53,35|26,59|60,43|46,73|60,37|77,71|60,53|37,64|60,27|65,46/60,71=60,37,64,77,71
96,0|49,59|40,83|40,96|73,17|83,53|53,28|54,49|75,73|33,54|35,56|94,61|71,94|0,35|28,67|40,23|48,75|40,48|23,71|40,33/40,67=40,83,53,28,67
40,14|40,7|23,83|86,57|55,64|72,47|14,72|40,39|22,43|61,44|47,63|40,86|36,61|83,53|7,36|53,70|40,23|57,55|39,22|43,68/40,44=40,7,36,61,44
97,73|82,97|61,10|30,72|73,52|43,70|10,43|33,30|24,83|65,87|24,61|18,55|98,33|76,18|42,65|0,42|24,98|24,82|24,0|83,76/24,70=24,61,10,43,70
87,22|33,39|58,19|13,46|57,65|25,58|57,25|91,43|74,33|57,12|65,74|57,89|22,35|46,94|89,77|77,91|12,87|36,13|19,79|57,36/57,94=57,36,13,46,94
30,25|67,13|29,95|33,18|34,96|33,34|33,70|31,29|96,90|33,77|70,72|95,83|18,67|77,30|33,31|9,65|13,58|25,19|90,41|72,9/33,58=33,18,67,13,58
11,84|41,38|94,75|49,31|71,11|75,16|51,44|13,45|97,94|71,70|84,22|44,60|71,41|71,97|38,13|64,49|60,99|70,64|71,51|22,32/71,16=71,97,94,75,16
34,59|16,99|91,23|73,61|57,42|91,83|75,88|90,73|99,75|23,52|52,26|26,80|91,34|6,57|39,6|91,16|59,58|58,85|91,39|83,90/91,61=91,83,90,73,61
86,9|4,56|25,54|23,82|54,15|56,74|25,46|85,27|27,23|22,73|45,86|73,96|42,34|25,4|25,40|25,85|74,65|15,42|40,45|46,22/25,9=25,40,45,86,9
94,80|39,46|37,30|87,39|57,22|13,65|13,57|65,87|30,34|63,0|0,51|13,98|75,37|98,69|22,35|69,94|35,11|13,75|13,63|51,88/13,88=13,63,0,51,88
77,76|54,19|40,33|18,95|79,67|24,56|79,24|48,9|79,69|69,17|11,80|3,81|79,77|67,38|95,3|17,54|79,18|56,40|38,11|76,48/79,9=79,77,76,48,9
64,60|85,75|47,53|83,6|75,16|52,80|53,30|80,55|11,83|52,47|43,22|18,64|70,11|52,18|55,43|12,85|52,70|30,73|52,12|60,26/52,6=52,70,11,83,6
61,33|68,74|71,17|71,79|6,51|71,52|29,96|52,6|80,29|98,91|84,98|96,87|71,80|79,84|71,68|17,40|9,35|40,61|51,63|74,9/71,87=71,80,29,96,87
92,34|40,21|20,83|40,19|27,60|40,30|79,92|21,79|40,65|13,96|18,20|19,18|40,13|96,89|89,93|47,33|63,47|65,27|30,63|60,53/40,83=40,19,18,20,83
69,52|97,82|52,0|55,19|79,66|64,23|23,13|28,69|28,97|82,79|0,93|13,35|28,22|19,18|65,44|44,48|28,64|28,38|22,55|38,65/28,35=28,64,23,13,35
95,4|11,90|21,49|11,80|97,83|11,12|90,97|75,96|92,98|96,45|83,85|17,28|76,21|10,75|12,92|98,89|11,10|4,17|11,95|80,76/11,49=11,80,76,21,49
46,27|88,68|88,49|22,83|64,22|68,44|97,41|41,43|43,77|88,97|44,11|38,46|95,29|88,75|27,94|88,38|75,64|11,70|69,95|49,69/88,77=88,97,41,43,77
65,34|52,84|93,2|66,29|90,52|82,33|65,73|34,54|65,82|11,39|65,66|33,11|16,67|8,42|45,93|54,16|29,8|73,45|65,22|22,90/65,67=65,34,54,16,67
9,98|80,3|9,48|98,61|9,50|86,70|9,4|50,80|61,52|36,77|9,64|48,86|1,79|77,95|52,28|3,49|64,76|70,72|76,1|4,36/9,95=9,4,36,77,95
20,47|81,77|21,84|77,32|37,97|82,36|22,82|89,15|37,81|58,89|32,5|13,20|37,23|37,64|64,17|17,21|97,58|37,22|36,7|23,13/37,7=37,22,82,36,7
12,69|99,74|73,44|7,89|59,80|73,85|73,99|1,37|16,19|80,97|42,16|97,66|73,96|44,91|91,12|39,1|96,39|85,42|74,7|73,59/73,89=73,99,74,7,89
36,85|27,64|7,15|12,6|70,5|28,21|46,7|72,43|84,25|25,53|89,46|67,28|6,70|64,36|84,69|84,89|84,27|53,72|69,67|84,12/84,21=84,69,67,28,21
86,26|4,71|10,85|90,1|52,86|26,34|0,35|35,10|52,0|51,28|31,51|34,78|33,90|84,31|52,84|1,50|52,33|93,4|52,93|71,77/52,78=52,86,26,34,78
55,40|86,66|74,23|26,14|27,82|69,86|55,27|23,34|55,75|10,25|62,11|75,74|92,62|55,69|46,26|82,10|14,64|66,63|55,46|40,92/55,63=55,69,86,66,63
58,24|69,63|49,1|9,58|72,45|32,69|9,87|38,42|5,54|61,39|97,40|24,61|54,97|37,38|9,5|9,37|45,49|9,72|42,86|87,32/9,86=9,37,38,42,86
80,73|79,96|79,75|79,35|42,84|17,65|87,66|35,25|96,13|79,17|48,71|79,60|65,48|67,6|13,80|75,42|84,74|25,67|60,51|51,87/79,6=79,35,25,67,6
7,37|62,38|19,58|38,40|68,19|17,67|7,83|85,72|37,68|83,85|67,10|94,99|99,86|86,3|82,62|7,30|30,17|72,2|7,82|7,94/7,10=7,30,17,67,10
40,67|31,25|36,61|88,58|80,31|59,76|93,3|52,66|36,80|36,26|67,12|3,84|84,82|26,40|58,52|36,93|25,56|61,59|36,88|76,71/36,12=36,26,40,67,12
57,95|64,36|13,12|56,62|75,64|4,79|22,60|57,22|57,29|38,4|57,92|16,65|57,26|92,75|26,38|95,76|29,15|15,13|60,16|76,56/57,12=57,29,15,13,12
2,24|36,3|94,36|94,67|76,34|90,7|45,64|67,57|23,92|94,90|94,56|3,76|94,2|7,38|24,21|21,68|38,52|57,45|92,86|56,23/94,86=94,56,23,92,86
17,90|62,49|20,45|62,71|62,11|89,60|49,74|64,89|33,40|58,50|37,17|3,88|71,64|74,33|62,58|50,3|62,8|8,37|45,34|11,20/62,60=62,71,64,89,60
71,1|41,74|73,16|65,55|41,73|41,71|61,81|9,43|21,61|74,66|66,85|41,45|45,21|23,65|41,23|25,64|16,25|85,11|55,24|1,9/41,24=41,23,65,55,24
88,32|49,66|66,60|95,59|70,40|52,11|16,88|16,90|44,82|32,44|11,20|16,95|16,36|36,52|78,74|40,7|59,78|90,70|16,12|12,49/16,60=16,12,49,66,60
11,14|99,32|41,35|35,11|66,23|23,1|49,79|50,66|13,99|10,26|10,49|51,25|19,72|72,51|10,41|26,13|10,19|56,80|79,56|10,50/10,32=10,26,13,99,32
5,35|10,26|45,7|40,43|26,67|89,96|14,12|40,80|40,5|40,90|35,45|43,10|40,89|41,64|96,14|52,9|9,57|90,41|80,52|64,66/40,7=40,5,35,45,7
78,9|47,94|36,27|38,97|96,75|9,17|53,78|79,2|81,16|17,45|97,81|27,73|53,36|32,35|53,96|2,47|53,79|53,38|75,32|73,8/53,8=53,36,27,73,8
17,35|57,13|39,62|15,58|1,94|78,1|34,66|13,39|60,78|43,34|52,15|20,24|86,20|86,60|66,98|86,57|86,11|24,17|86,43|11,52/86,35=86,20,24,17,35
27,63|57,7|90,35|57,85|35,6|93,99|52,2|23,0|57,69|92,52|57,15|69,90|67,74|74,23|15,92|14,27|57,67|83,93|7,83|85,14/57,2=57,15,92,52,2
44,13|82,66|89,63|29,91|82,74|76,32|13,94|82,44|14,68|82,62|1,89|91,21|82,29|66,7|81,76|62,1|21,56|7,14|94,53|74,81/82,63=82,62,1,89,63
13,84|14,60|67,71|0,50|2,6|66,73|73,11|11,54|98,13|3,14|6,98|2,31|50,87|71,70|80,67|74,0|31,3|2,74|2,66|2,80/2,54=2,66,73,11,54
27,83|74,65|39,36|18,74|18,19|18,47|96,43|18,27|4,78|36,35|83,96|19,93|94,4|35,72|90,73|65,40|93,90|40,87|18,39|47,94/18,87=18,74,65,40,87
49,60|49,25|92,89|88,80|70,48|8,72|89,14|75,32|49,50|49,8|55,88|72,43|14,68|43,0|49,92|25,55|60,75|32,35|12,70|50,12/49,48=49,50,12,70,48
99,40|92,30|40,54|92,22|92,35|60,66|15,60|90,62|49,91|83,4|1,99|8,90|44,48|48,39|92,1|91,83|22,15|30,44|92,49|35,8/92,66=92,22,15,60,66
72,13|82,72|42,60|42,48|60,54|48,82|54,3|66,20|49,16|42,66|20,15|18,30|94,25|42,94|43,12|16,18|3,7|25,43|42,49|15,6/42,13=42,48,82,72,13
81,67|92,16|35,83|84,94|76,49|18,4|84,42|57,69|84,76|94,92|88,34|11,8|84,88|34,57|84,11|83,59|8,18|16,79|42,35|49,81/84,4=84,11,8,18,4
30,41|59,75|30,42|37,19|58,37|41,44|34,9|75,99|20,82|19,32|44,89|30,58|89,11|54,59|42,34|30,14|30,54|9,12|14,70|70,20/30,99=30,54,59,75,99
32,28|62,14|15,4|66,33|22,95|19,57|30,44|46,81|57,66|46,10|46,86|83,32|46,22|10,21|21,62|86,83|46,19|81,15|4,45|95,30/46,45=46,81,15,4,45
96,21|91,9|91,96|91,59|72,16|91,72|76,42|16,82|59,33|21,55|9,46|99,3|33,85|86,31|55,89|82,95|3,76|46,86|91,99|85,13/91,95=91,72,16,82,95
7,65|15,38|7,66|7,99|59,93|7,48|84,4|17,79|99,83|94,49|65,15|76,84|83,94|7,30|0,17|38,46|30,0|93,63|48,59|66,76/7,49=7,99,83,94,49
92,9|7,36|48,74|74,75|70,53|70,48|55,31|70,55|31,85|59,78|36,99|70,56|83,59|75,76|85,40|53,18|70,94|18,92|56,7|94,83/70,76=70,48,74,75,76
49,73|60,77|23,9|90,60|16,23|28,65|78,53|63,78|84,63|28,84|42,44|28,49|24,96|1,58|28,16|9,52|44,24|28,42|73,1|65,90/28,96=28,42,44,24,96
16,15|69,50|15,69|36,39|94,93|49,96|10,36|10,42|96,76|1,94|72,14|14,9|76,59|10,16|42,1|39,48|86,72|48,24|10,49|10,86/10,59=10,49,96,76,59
64,83|47,17|95,69|39,35|59,57|83,59|43,14|23,86|43,23|14,45|43,26|43,91|26,63|63,47|86,81|91,95|45,39|69,8|43,64|81,65/43,17=43,26,63,47,17
20,14|76,78|20,47|2,83|15,99|36,56|78,44|28,15|20,38|14,36|95,24|91,2|47,76|56,25|20,45|40,95|45,40|83,3|20,91|38,28/20,24=20,45,40,95,24
58,90|22,21|21,77|42,20|14,65|52,4|59,40|57,15|66,59|42,52|42,38|4,58|15,89|42,66|20,57|65,27|42,26|26,22|38,14|40,44/42,77=42,26,22,21,77
34,25|48,90|48,1|11,5|22,10|51,34|9,11|90,9|1,75|79,74|10,27|48,22|27,54|4,49|48,51|72,79|25,63|94,72|48,94|75,4/48,49=48,1,75,4,49
56,45|75,1|18,90|51,97|66,50|87,75|3,51|16,65|85,68|73,18|32,3|82,73|32,81|97,89|32,56|32,82|65,85|32,16|45,66|81,87/32,50=32,56,45,66,50
74,90|90,50|50,23|31,71|52,21|41,82|82,60|31,6|53,66|21,91|40,69|31,74|24,41|71,53|6,75|31,52|31,24|91,9|75,40|66,81/31,9=31,52,21,91,9
0,23|83,14|20,30|7,0|61,81|61,7|14,72|22,71|23,66|73,83|61,48|90,16|59,80|16,20|61,73|61,90|81,22|71,76|48,29|29,59/61,72=61,73,83,14,72
28,58|27,93|28,54|28,29|89,77|29,60|77,75|28,45|60,14|45,46|14,91|58,98|28,37|46,11|37,21|21,27|54,89|83,87|98,83|11,84/28,84=28,45,46,11,84
51,14|38,94|38,51|18,71|94,70|17,67|38,31|70,0|38,91|14,41|33,59|41,25|71,3|0,44|88,17|31,18|59,92|91,88|58,33|38,58/38,3=38,31,18,71,3
40,64|21,97|21,86|61,56|58,61|21,42|97,15|64,32|15,12|35,23|93,35|12,68|21,47|27,96|86,74|47,93|42,40|74,27|21,58|56,0/21,68=21,97,15,12,68
91,11|6,35|78,55|52,54|1,95|78,45|45,16|90,42|78,52|78,10|87,6|10,87|16,83|78,46|46,24|55,1|83,40|24,90|54,91|95,43/78,11=78,52,54,91,11
84,70|64,95|20,14|9,26|7,30|95,87|64,40|44,85|72,20|14,29|40,44|17,66|30,9|87,17|64,72|64,7|64,35|85,19|45,84|35,45/64,29=64,72,20,14,29
68,12|96,14|66,31|6,57|7,10|57,94|7,66|7,60|7,99|7,21|99,24|31,38|38,0|70,96|10,6|21,29|29,68|71,48|24,71|60,70/7,12=7,21,29,68,12
90,71|32,26|14,51|90,37|29,48|37,45|90,5|71,14|91,58|89,80|90,89|55,73|73,30|20,55|45,91|51,63|5,65|80,32|90,20|65,29/90,63=90,71,14,51,63
67,23|11,74|12,15|88,83|30,40|71,58|32,88|31,12|67,32|40,44|83,20|99,85|85,11|23,94|41,31|67,99|67,30|44,52|67,41|94,71/67,58=67,23,94,71,58
80,93|91,49|49,79|80,58|3,60|58,38|93,77|62,92|92,69|59,33|69,63|80,62|79,55|10,70|7,47|33,7|80,59|80,91|77,3|38,10/80,70=80,58,38,10,70
65,8|59,43|51,44|76,45|34,95|34,72|34,78|3,51|34,20|4,33|32,22|45,32|75,59|72,65|78,3|34,76|8,38|20,4|33,83|95,75/34,38=34,72,65,8,38
41,48|29,66|59,68|64,27|27,59|60,98|64,91|4,80|49,19|68,34|64,60|22,49|66,4|48,43|98,84|64,29|64,22|84,17|19,3|91,41/64,3=64,22,49,19,3
36,91|46,76|36,75|7,47|76,0|8,52|70,7|36,46|92,51|62,50|22,98|52,92|74,62|33,22|75,74|0,89|36,16|16,33|91,70|36,8/36,89=36,46,76,0,89
77,88|96,3|41,15|94,47|3,95|44,45|9,90|35,66|88,44|66,50|95,76|15,94|55,99|99,9|50,29|90,2|55,77|55,35|55,96|55,41/55,45=55,77,88,44,45
71,4|23,82|56,32|96,89|60,17|66,42|51,53|51,3|38,56|68,60|10,71|17,73|39,96|51,23|51,10|53,38|82,66|51,68|4,46|3,39/51,32=51,53,38,56,32
83,49|49,98|30,69|9,16|74,51|30,73|37,89|77,8|30,2|30,68|2,9|89,27|88,23|16,17|68,14|23,77|14,74|30,88|69,37|73,83/30,51=30,68,14,74,51
17,38|93,6|87,51|58,71|83,65|69,94|78,11|51,39|87,69|98,37|87,93|87,17|6,83|39,98|75,72|71,78|87,58|94,22|22,14|38,75/87,11=87,58,71,78,11
51,25|11,14|41,35|35,51|66,23|23,1|49,79|50,66|13,11|10,26|10,49|99,32|19,72|72,99|10,41|26,13|10,19|56,80|79,56|10,50/10,32=10,19,72,99,32
71,15|63,34|42,92|11,33|15,52|14,53|14,71|55,28|34,55|14,63|14,18|14,96|53,50|52,86|18,95|45,78|95,42|96,45|78,39|50,11/14,92=14,18,95,42,92
78,55|64,40|37,48|28,27|80,83|87,85|40,53|37,62|1,80|48,87|17,28|37,17|37,0|27,50|21,1|0,78|37,21|55,44|85,16|62,64/37,53=37,62,64,40,53
21,79|33,54|97,37|54,4|97,60|60,38|6,80|38,0|4,49|79,99|97,18|97,21|76,6|99,42|37,76|59,65|97,33|0,32|1,59|18,1/97,32=97,60,38,0,32
82,85|53,7|63,51|4,66|63,23|51,77|66,56|63,64|85,53|63,82|60,74|79,17|68,21|23,79|63,60|77,68|81,5|17,87|64,4|74,81/63,21=63,51,77,68,21
96,0|0,98|47,73|99,78|78,70|71,33|98,2|52,60|14,47|11,76|71,12|12,66|71,26|37,14|33,99|71,96|26,36|71,37|36,11|66,52/71,2=71,96,0,98,2
17,95|19,68|16,25|39,19|69,16|39,69|49,30|95,72|25,50|31,79|54,5|5,31|98,49|42,17|58,98|81,40|68,81|39,54|39,42|39,58/39,30=39,58,98,49,30
89,58|15,29|22,75|18,82|56,15|29,51|89,97|27,78|74,18|78,49|89,24|61,88|64,61|42,74|24,64|89,56|58,66|66,22|89,42|97,27/89,49=89,97,27,78,49
74,13|35,78|57,74|98,35|29,0|80,24|36,22|36,96|24,83|36,92|36,66|6,2|2,14|96,98|92,57|83,68|0,38|36,80|66,29|22,6/36,38=36,66,29,0,38
25,92|78,72|13,1|34,82|84,13|92,41|25,70|3,47|70,34|95,71|99,3|91,84|25,91|41,44|44,63|71,78|82,93|25,99|47,37|25,95/25,37=25,99,3,47,37
96,7|66,48|66,64|56,11|66,13|13,56|61,96|86,67|32,61|60,69|17,60|5,93|87,17|11,76|67,4|48,86|66,32|66,87|93,36|64,5/66,4=66,48,86,67,4
69,75|26,17|8,40|26,71|40,93|43,36|57,69|36,47|47,88|17,57|26,59|71,98|21,8|59,13|13,51|26,21|51,12|98,64|64,31|26,43/26,93=26,21,8,40,93
1,88|11,0|10,15|21,56|56,53|98,74|83,39|98,11|34,21|98,34|0,10|93,40|74,93|77,83|98,1|88,37|40,72|37,71|98,77|39,23/98,53=98,34,21,56,53
17,47|33,63|86,9|90,60|86,58|85,90|86,17|41,27|11,57|88,53|58,25|47,41|9,11|43,85|25,88|86,49|86,43|49,81|81,33|57,39/86,60=86,43,85,90,60
49,90|10,16|33,72|33,83|22,29|16,81|85,10|92,57|4,2|83,45|96,98|72,49|29,92|33,85|33,22|33,15|2,84|15,4|45,96|90,80/33,57=33,22,29,92,57
45,90|11,75|93,49|61,45|92,25|42,53|29,93|49,31|61,70|90,11|2,41|79,2|25,46|72,34|40,92|61,29|53,72|70,79|61,40|61,42/61,41=61,70,79,2,41
81,14|99,34|53,54|56,20|38,81|97,94|4,53|93,7|38,68|62,96|68,62|38,49|96,13|38,99|34,43|7,56|14,97|49,4|38,93|43,10/38,13=38,68,62,96,13
40,31|79,54|21,3|40,79|94,86|40,2|14,96|2,99|3,73|71,21|19,12|54,74|22,19|77,22|99,94|40,71|96,44|31,14|74,50|40,77/40,86=40,2,99,94,86
40,11|92,54|60,92|38,68|78,51|72,16|28,53|40,66|51,49|46,60|40,46|11,50|66,28|40,96|96,72|16,12|50,38|53,9|7,78|40,7/40,12=40,96,72,16,12
64,35|87,58|4,66|82,99|66,88|99,45|61,11|82,49|82,24|82,50|49,56|12,87|82,64|24,4|16,15|35,61|50,12|32,94|56,16|45,32/82,11=82,64,35,61,11
94,43|23,79|50,98|64,50|28,23|25,3|87,51|64,16|3,66|42,24|51,42|34,96|99,28|64,65|96,54|64,87|16,34|64,99|98,94|65,25/64,79=64,99,28,23,79
98,57|36,62|95,17|36,82|17,74|36,89|79,92|92,29|62,98|82,64|83,96|36,88|36,94|15,28|64,15|57,0|94,95|88,93|89,79|93,83/36,28=36,82,64,15,28
56,94|94,27|76,92|76,56|34,33|1,55|27,4|74,59|76,34|76,1|85,95|45,14|50,12|8,63|55,50|63,5|76,85|95,45|92,8|33,74/76,4=76,56,94,27,4
9,82|67,73|28,55|8,49|52,6|76,1|55,54|73,17|67,28|54,60|67,0|67,8|45,90|6,33|49,45|67,79|79,52|0,9|17,76|82,74/67,60=67,28,55,54,60
31,14|49,81|63,5|68,1|1,12|81,45|74,42|49,21|49,63|5,31|7,74|49,7|53,20|43,53|21,43|45,24|49,68|42,11|24,9|12,2/49,2=49,68,1,12,2
77,61|8,4|47,74|25,93|8,15|20,92|55,77|15,18|8,55|8,90|61,88|8,47|35,29|79,44|74,35|44,65|90,79|18,25|33,20|4,33/8,29=8,47,74,35,29
23,10|50,67|54,39|79,73|23,38|10,25|52,15|23,87|3,54|23,64|67,70|38,3|27,88|23,50|25,52|88,83|73,81|70,76|64,79|87,27/23,81=23,64,79,73,81
83,14|17,84|4,83|17,9|9,82|49,18|17,30|47,86|68,20|84,1|80,56|30,7|17,80|82,68|7,88|88,42|56,47|1,49|17,4|14,63/17,63=17,4,83,14,63
13,40|40,63|13,16|25,51|13,83|13,25|30,98|16,23|82,52|37,38|52,37|71,10|88,59|23,80|83,64|64,88|80,94|13,82|63,71|51,30/13,94=13,16,23,80,94
51,35|19,29|43,88|80,23|28,80|1,47|47,96|41,1|51,73|34,78|78,98|88,19|51,70|51,41|73,48|53,82|48,53|70,28|51,43|35,34/51,29=51,43,88,19,29
78,65|25,12|34,25|40,78|82,81|62,20|53,33|39,15|62,5|67,34|33,32|73,94|62,9|5,70|62,82|81,73|70,39|9,53|62,67|20,40/62,94=62,82,81,73,94
17,84|40,82|88,41|1,72|1,30|1,23|99,21|0,60|1,99|1,0|60,81|81,96|84,38|94,80|21,94|30,73|73,40|72,62|23,17|62,88/1,96=1,0,60,81,96
84,3|70,68|80,92|76,52|67,44|66,9|23,65|3,34|79,90|44,6|76,79|76,80|76,37|34,81|76,84|90,66|92,70|65,40|37,67|52,23/76,68=76,80,92,70,68
75,44|22,43|76,16|16,94|94,75|76,62|76,17|62,27|76,70|70,80|36,35|76,22|80,86|86,15|27,45|35,51|43,54|54,6|45,74|17,36/76,15=76,70,80,86,15
5,16|51,44|83,33|78,1|51,29|29,5|13,37|6,69|40,59|51,42|44,6|16,70|51,83|96,9|69,17|33,40|53,96|42,53|37,78|51,13/51,1=51,13,37,78,1
22,75|22,14|37,84|22,15|36,17|60,33|22,9|9,0|30,76|24,97|7,28|28,24|15,48|14,60|75,30|0,37|48,36|22,7|76,23|33,62/22,84=22,9,0,37,84
12,28|72,31|28,80|42,7|9,97|80,85|9,82|97,89|9,12|10,72|9,6|11,24|82,11|9,4|6,10|4,42|89,43|7,83|24,65|43,26/9,26=9,97,89,43,26
74,6|60,14|34,16|16,92|63,2|20,38|2,48|10,51|60,91|76,52|6,27|14,63|92,28|52,10|60,76|57,20|91,57|31,74|60,34|60,31/60,27=60,31,74,6,27
92,62|61,8|73,12|67,39|24,5|25,61|26,4|11,0|12,92|73,11|0,26|7,71|71,67|62,45|73,7|73,9|9,25|82,65|5,82|73,24/73,8=73,9,25,61,8
8,44|8,50|8,71|66,90|96,29|8,22|50,96|13,39|29,12|78,16|4,66|22,60|57,94|8,40|17,78|40,4|71,13|39,32|60,57|44,17/8,94=8,22,60,57,94
7,92|36,62|31,61|36,53|36,74|11,43|22,7|53,25|36,21|18,9|9,87|43,32|74,22|21,31|25,82|82,20|61,1|62,11|99,18|36,99/36,92=36,74,22,7,92
19,78|42,59|91,48|44,32|88,58|40,85|19,97|14,87|19,42|19,40|59,88|61,94|48,5|19,14|97,44|85,24|78,91|32,36|24,27|87,61/19,94=19,14,87,61,94
34,23|47,87|47,65|29,11|65,62|63,73|57,94|47,51|47,68|70,77|40,81|16,70|51,34|62,63|23,45|47,29|87,95|11,57|68,16|95,40/47,77=47,68,16,70,77
66,17|71,25|1,79|30,89|88,24|11,73|2,61|88,16|12,51|69,2|79,74|88,80|88,30|25,11|16,1|89,12|38,66|24,38|88,71|80,69/88,17=88,24,38,66,17
91,53|62,98|21,48|32,87|91,96|96,16|48,83|53,29|16,69|98,79|17,35|23,62|91,23|35,46|46,22|69,15|29,32|91,17|91,21|83,33/91,33=91,21,48,83,33
45,19|47,56|57,95|5,97|19,21|49,81|98,36|97,98|47,60|50,49|47,5|85,77|47,85|56,45|91,3|47,34|60,50|77,57|3,65|34,91/47,65=47,34,91,3,65
33,66|61,37|61,45|61,70|68,8|61,88|42,96|59,33|70,15|96,24|0,62|88,5|55,68|5,30|61,59|45,42|15,0|37,55|66,17|30,32/61,62=61,70,15,0,62
80,65|80,57|57,89|51,29|65,70|79,86|25,32|46,38|24,51|9,24|92,25|58,79|62,58|70,12|28,92|12,44|80,28|80,62|80,9|89,46/80,32=80,28,92,25,32
34,23|47,87|47,65|29,11|65,62|63,73|40,81|47,51|47,68|57,94|70,77|16,57|51,34|62,63|23,45|47,29|87,95|11,40|68,16|95,70/47,77=47,87,95,70,77
11,9|66,44|56,11|24,23|30,66|97,41|99,91|53,30|23,99|90,21|17,90|97,17|19,27|97,37|97,53|97,24|41,58|37,56|21,52|58,19/97,27=97,41,58,19,27
85,91|56,51|11,49|0,99|29,56|45,59|37,6|86,10|75,80|45,29|45,85|59,98|45,17|38,75|45,86|51,19|10,0|98,37|91,11|17,38/45,49=45,85,91,11,49
67,25|36,67|52,94|25,87|70,84|36,7|36,52|84,57|7,46|22,86|46,22|95,33|94,3|33,10|0,95|3,40|36,18|18,70|87,49|36,0/36,10=36,0,95,33,10
20,50|29,19|86,29|35,81|11,82|65,31|87,72|31,22|82,59|86,95|40,52|1,35|19,20|59,30|86,87|72,40|86,91|95,1|86,11|91,65/86,30=86,11,82,59,30
75,80|4,52|67,38|15,71|22,98|98,1|4,15|25,5|4,75|5,67|80,29|4,25|92,83|52,41|51,36|29,54|4,22|1,99|41,51|71,92/4,38=4,25,5,67,38
90,61|48,95|28,38|6,33|43,41|38,6|73,43|73,28|60,29|85,25|73,90|25,34|56,85|73,56|73,60|61,92|92,83|41,48|29,97|97,50/73,50=73,60,29,97,50
64,27|25,0|20,82|4,91|98,32|76,95|0,13|32,76|25,98|13,48|48,54|25,4|82,10|70,90|94,20|27,70|25,64|26,79|91,26|25,94/25,95=25,98,32,76,95
86,0|43,65|62,14|43,31|61,5|43,62|17,56|12,69|8,13|85,12|71,96|43,61|31,46|65,86|39,85|14,71|46,17|43,39|5,8|0,63/43,13=43,61,5,8,13
81,93|50,87|54,92|1,60|80,71|27,24|84,27|71,44|45,54|80,4|80,68|80,84|36,1|24,96|44,81|87,66|80,94|68,50|4,36|94,45/80,93=80,71,44,81,93
96,8|73,96|8,24|73,98|47,39|34,60|88,43|92,47|60,32|73,91|91,92|24,29|74,94|42,46|73,74|32,17|73,34|94,88|98,42|46,50/73,17=73,34,60,32,17
32,67|31,57|33,17|79,31|23,77|30,55|73,41|55,96|96,13|26,23|41,56|33,26|77,92|33,79|17,43|43,32|33,73|33,30|56,2|57,68/33,92=33,26,23,77,92
14,59|31,14|4,95|30,51|41,76|51,48|94,83|30,41|30,4|70,1|76,43|61,97|30,70|95,94|44,53|43,90|59,50|1,44|30,31|48,61/30,90=30,41,76,43,90
15,40|10,34|10,55|8,57|55,5|88,87|57,6|16,84|42,63|28,88|10,43|5,77|10,11|11,28|43,16|77,65|63,15|34,8|84,27|10,42/10,6=10,34,8,57,6
28,58|27,93|28,54|28,29|89,11|29,60|11,84|28,45|60,14|45,46|14,91|58,98|28,37|46,83|37,21|21,27|54,89|77,75|98,77|83,87/28,84=28,54,89,11,84
93,75|52,28|88,94|56,35|93,56|19,66|7,97|93,7|64,58|97,77|93,47|93,88|63,90|75,87|35,64|77,81|87,19|94,63|47,5|5,52/93,81=93,7,97,77,81
21,1|39,51|97,0|67,48|73,10|1,82|91,26|11,39|0,11|97,15|56,73|22,56|15,75|97,21|75,91|97,18|82,3|97,22|87,67|18,87/97,10=97,22,56,73,10
7,86|21,7|88,50|30,83|18,88|97,62|62,71|5,37|21,30|43,97|83,5|86,16|25,46|16,75|96,25|46,67|21,43|21,96|50,12|21,18/21,67=21,96,25,46,67
42,52|18,74|35,49|10,62|20,50|81,10|71,35|32,16|71,63|49,42|71,18|83,97|71,78|78,81|63,73|50,32|73,83|60,4|71,20|74,60/71,52=71,35,49,42,52
3,75|0,76|76,32|54,22|66,83|75,53|87,47|73,10|63,16|37,73|54,3|53,52|70,37|54,0|54,63|16,87|32,98|18,66|54,70|22,18/54,47=54,63,16,87,47
43,22|74,41|74,96|74,37|22,8|26,5|24,69|4,97|18,13|74,1|37,26|64,24|96,43|53,66|66,4|5,32|1,64|41,35|35,18|74,53/74,13=74,41,35,18,13
75,80|4,52|92,83|15,71|22,98|98,1|4,15|25,5|4,75|5,92|80,29|4,25|51,36|52,41|67,38|29,54|4,22|1,99|41,67|71,51/4,38=4,52,41,67,38
50,87|14,60|67,71|0,11|2,6|66,73|73,13|13,84|98,50|3,14|6,98|2,31|11,54|71,70|80,67|74,0|31,3|2,74|2,66|2,80/2,54=2,74,0,11,54
24,51|20,26|53,46|53,83|26,12|51,74|46,80|85,98|45,22|53,17|80,73|69,20|53,24|53,69|74,10|83,85|17,39|98,64|73,77|39,45/53,77=53,46,80,73,77
5,47|17,66|33,16|76,43|99,31|19,52|47,93|61,5|52,28|16,9|7,61|7,15|7,76|67,99|15,19|7,53|53,67|43,17|85,33|7,85/7,9=7,85,33,16,9
85,70|84,39|78,3|27,29|35,58|14,49|58,81|81,51|29,43|49,17|43,38|39,78|27,85|17,50|27,84|70,67|38,64|67,54|27,14|27,35/27,64=27,29,43,38,64
89,67|17,83|99,70|90,1|29,76|36,43|43,39|90,45|70,14|90,17|1,29|90,50|45,36|64,7|7,25|60,99|90,60|50,64|76,98|83,89/90,67=90,17,83,89,67
64,15|21,84|13,64|41,89|65,76|84,82|89,45|6,51|87,80|65,6|65,4|53,41|76,13|65,53|82,30|58,87|60,11|4,58|65,21|51,60/65,15=65,76,13,64,15
75,71|18,44|98,19|42,66|13,79|58,60|1,98|94,95|95,42|58,75|58,94|58,13|33,18|50,85|81,28|79,50|71,81|7,1|60,33|58,7/58,44=58,60,33,18,44
67,98|40,18|12,9|57,14|20,40|84,67|12,75|42,87|47,57|27,42|76,16|12,76|12,47|9,84|16,46|14,79|87,89|46,29|75,20|12,27/12,18=12,75,20,40,18
21,16|70,21|84,87|84,70|41,75|76,30|39,41|56,76|84,8|77,96|84,64|96,88|16,35|8,42|53,73|59,77|42,53|64,56|87,39|84,59/84,73=84,8,42,53,73
90,86|82,76|89,82|89,26|69,11|71,8|11,52|1,49|84,33|19,39|76,71|89,90|26,24|5,50|24,19|86,5|89,16|33,1|16,69|89,84/89,49=89,84,33,1,49
58,77|42,11|80,32|11,8|80,93|32,94|99,69|94,78|77,25|93,57|13,46|57,99|82,42|80,40|80,82|40,13|80,58|46,87|25,31|78,9/80,8=80,82,42,11,8
42,49|42,44|0,62|32,43|42,76|42,32|44,0|89,59|42,33|8,10|49,6|62,73|43,82|59,69|33,70|78,45|6,78|76,89|82,31|70,8/42,45=42,49,6,78,45
4,30|62,23|97,11|23,61|61,39|95,46|49,35|1,25|97,95|97,15|15,78|11,28|28,82|35,53|53,5|82,63|46,1|78,4|97,49|97,62/97,25=97,95,46,1,25
15,67|88,66|28,54|67,60|95,6|35,1|40,95|15,26|66,46|54,14|15,40|15,4|15,88|77,32|46,69|32,87|26,77|4,28|60,35|6,2/15,87=15,26,77,32,87
74,91|96,28|83,16|28,62|18,74|83,18|16,61|91,75|55,57|83,4|98,85|83,96|85,37|4,55|57,63|62,95|21,86|83,98|37,80|61,21/83,80=83,98,85,37,80
16,30|92,28|81,34|3,16|67,57|34,69|3,67|3,56|19,1|95,81|30,74|35,85|3,50|3,95|74,21|50,19|1,78|56,17|57,92|17,35/3,69=3,95,81,34,69
27,32|97,20|40,46|48,53|97,12|97,40|32,0|46,14|20,48|93,23|97,43|97,93|59,36|14,30|86,34|23,59|43,27|53,72|68,86|12,68/97,36=97,93,23,59,36
7,14|87,91|12,57|54,87|21,7|10,94|72,47|72,34|63,92|91,65|11,9|34,11|72,17|17,21|94,32|72,54|9,89|47,10|92,12|72,63/72,14=72,17,21,7,14
74,32|29,1|50,56|69,68|56,90|53,72|0,50|0,29|28,74|47,28|0,69|38,65|68,20|0,96|79,38|1,53|0,47|20,61|96,79|90,57/0,32=0,47,28,74,32
74,60|31,26|37,75|74,9|74,37|60,31|35,6|7,50|74,88|6,42|75,19|88,78|26,89|25,35|9,53|78,7|66,49|19,79|74,25|53,66/74,42=74,25,35,6,42
38,12|6,28|4,99|8,42|43,41|99,9|28,78|31,19|0,26|42,17|56,6|35,97|9,5|41,31|8,43|8,4|8,38|8,56|12,0|17,35/8,97=8,42,17,35,97
10,38|79,95|54,19|79,68|22,60|77,26|19,40|35,61|79,7|79,10|40,33|68,48|7,22|79,54|0,8|95,76|38,0|76,77|60,78|48,35/79,26=79,95,76,77,26
33,66|61,37|61,45|61,70|68,8|61,88|42,30|59,33|70,15|30,32|96,24|88,5|55,68|5,0|61,59|45,42|15,96|37,55|66,17|0,62/61,62=61,88,5,0,62
9,24|41,69|41,3|3,25|41,20|20,39|25,55|87,16|30,75|16,49|41,93|77,14|39,77|89,30|41,87|51,9|69,51|55,84|93,89|49,90/41,75=41,93,89,30,75
85,47|33,99|51,18|86,10|18,81|43,22|17,85|99,50|94,51|50,7|17,94|17,33|47,43|13,90|17,86|89,91|90,67|10,89|17,13|67,5/17,91=17,86,10,89,91
31,35|31,81|24,19|81,77|35,55|16,59|64,44|59,21|96,26|55,24|38,40|77,4|10,38|62,16|31,64|4,23|44,96|31,36|31,62|36,10/31,23=31,81,77,4,23
95,74|54,88|90,71|96,38|54,68|12,24|91,90|88,70|54,95|68,91|70,33|74,69|77,1|54,18|33,41|18,60|1,12|54,77|69,16|60,96/54,24=54,77,1,12,24
72,14|36,25|14,89|7,68|63,36|25,22|63,69|22,99|57,98|37,97|52,7|81,72|63,51|69,37|63,57|79,61|63,81|98,79|51,52|97,50/63,50=63,69,37,97,50
63,18|88,66|86,13|17,51|45,30|54,63|86,16|84,59|86,22|51,83|97,73|86,38|76,84|86,45|16,76|22,54|13,17|30,97|38,88|66,79/86,59=86,16,76,84,59
86,96|67,22|86,59|59,7|23,34|80,19|34,61|22,38|62,9|9,93|64,67|7,32|19,27|86,64|86,48|96,62|48,23|32,90|27,79|86,80/86,38=86,64,67,22,38
83,23|8,96|28,70|56,1|58,2|20,8|52,48|1,58|20,81|15,38|91,42|20,5|38,86|20,56|53,28|96,52|5,53|20,91|42,83|81,15/20,48=20,8,96,52,48
5,33|39,4|5,25|27,85|67,56|33,96|5,67|93,68|4,23|54,28|34,65|96,34|56,93|5,75|23,83|5,39|41,27|25,92|92,54|75,41/5,65=5,33,96,34,65
6,65|79,40|82,53|65,37|67,5|59,63|2,79|5,60|47,28|96,67|77,6|59,96|59,51|59,16|59,77|14,82|16,14|28,42|51,47|63,2/59,60=59,96,67,5,60
67,89|25,88|95,16|14,77|95,26|12,75|95,36|26,67|79,22|0,2|95,0|70,79|88,11|22,41|95,70|16,56|36,25|56,12|89,23|2,14/95,23=95,26,67,89,23
47,75|11,56|60,73|1,92|24,11|73,47|53,46|92,16|33,99|56,4|60,1|60,96|60,65|16,51|96,53|46,21|65,33|75,19|60,24|99,94/60,4=60,24,11,56,4
56,19|56,90|55,69|56,55|56,88|19,61|92,25|47,75|25,47|74,93|91,51|61,91|80,96|79,80|93,4|56,92|88,79|98,71|90,74|69,98/56,71=56,55,69,98,71
63,6|14,86|19,22|38,0|78,48|48,19|86,29|78,38|78,59|94,93|26,67|59,94|93,23|96,63|78,7|7,96|22,35|78,45|0,26|45,14/78,35=78,48,19,22,35
87,10|41,97|79,38|4,1|21,4|45,24|76,28|36,74|36,55|27,48|3,21|55,41|36,3|36,45|75,76|24,27|74,75|10,79|36,87|97,40/36,48=36,45,24,27,48
46,31|29,99|69,45|45,22|31,6|69,46|75,97|26,94|22,26|6,76|7,92|69,27|69,75|44,39|69,83|97,44|43,29|48,7|27,48|83,43/69,94=69,45,22,26,94
95,59|23,38|2,61|81,57|81,22|5,98|38,37|85,24|58,85|1,5|19,95|81,64|57,2|22,1|81,19|59,68|61,72|81,94|64,58|94,23/81,37=81,94,23,38,37
57,24|35,1|33,84|93,56|1,10|33,52|33,63|33,57|52,53|88,25|58,8|54,18|89,78|33,58|25,64|53,89|24,54|63,35|8,93|84,88/33,18=33,57,24,54,18
69,10|32,7|15,41|34,30|69,32|69,87|95,39|87,46|7,40|55,75|75,34|39,15|46,91|69,55|40,12|86,35|91,64|10,86|69,95|35,76/69,30=69,55,75,34,30
39,38|51,75|0,24|75,92|27,99|27,91|38,4|91,51|99,55|65,68|90,0|54,62|55,65|27,48|27,69|62,29|27,90|69,54|24,42|48,39/27,42=27,90,0,24,42
69,12|71,86|31,27|7,10|69,7|69,56|5,71|51,20|17,31|9,80|10,51|26,9|80,39|84,47|56,84|12,17|69,26|86,49|69,5|47,88/69,39=69,26,9,80,39
58,63|24,87|21,24|17,68|17,46|67,5|75,76|51,11|68,31|54,92|63,51|28,70|86,75|31,28|17,67|1,21|46,86|17,58|17,1|5,54/17,11=17,58,63,51,11
68,72|93,27|5,49|95,65|19,63|63,70|72,34|90,93|98,96|70,67|98,90|98,59|96,89|65,18|59,95|89,5|98,10|27,75|98,19|10,68/98,34=98,10,68,72,34
21,92|16,10|8,45|72,25|88,72|86,52|25,40|44,21|13,5|43,86|43,89|6,8|43,69|43,88|69,6|52,13|43,16|7,96|89,44|10,7/43,40=43,88,72,25,40
77,35|8,4|47,74|61,88|8,15|20,92|55,77|15,18|8,55|8,90|35,29|8,47|25,93|79,44|74,25|44,65|90,79|18,61|33,20|4,33/8,29=8,55,77,35,29
8,91|80,6|10,80|64,67|27,8|52,10|96,64|87,39|96,87|67,40|96,51|20,95|37,7|51,27|7,9|40,75|96,52|9,18|39,20|96,37/96,95=96,87,39,20,95
3,64|14,46|26,84|46,28|64,98|43,85|6,90|97,63|26,2|2,14|69,44|0,69|84,3|63,59|26,6|26,97|44,99|26,0|90,43|59,8/26,28=26,2,14,46,28
75,17|86,1|47,71|47,37|15,9|48,11|57,86|24,78|17,23|47,2|9,63|78,87|71,15|47,62|98,48|62,75|37,57|2,98|87,96|47,24/47,11=47,2,98,48,11
9,4|55,27|26,65|27,33|97,78|5,34|2,26|0,47|55,76|55,9|33,56|77,97|55,77|47,39|55,50|78,92|4,5|76,0|56,42|50,2/55,39=55,76,0,47,39
98,68|33,71|65,2|68,44|54,58|65,27|62,31|65,22|65,95|27,98|95,20|37,19|20,75|31,4|75,82|71,54|65,33|19,49|2,37|22,62/65,49=65,2,37,19,49
62,54|31,7|64,31|14,59|75,24|47,4|22,2|47,75|59,11|47,41|68,89|66,68|24,22|47,66|7,82|4,79|41,14|79,62|89,51|47,64/47,54=47,4,79,62,54
32,73|4,29|38,68|89,95|87,80|80,32|87,82|87,38|71,63|29,6|59,0|95,72|68,8|82,4|87,15|73,2|8,76|63,59|87,71|15,89/87,76=87,38,68,8,76
98,79|17,71|92,84|70,74|92,17|8,36|26,40|92,90|40,12|46,26|63,9|84,85|81,8|71,98|92,54|90,81|85,63|54,64|92,46|64,70/92,74=92,54,64,70,74
36,38|83,16|36,11|97,10|59,95|95,56|11,59|74,68|16,79|57,47|36,57|99,29|38,74|36,46|36,48|46,45|48,83|68,66|45,97|47,99/36,79=36,48,83,16,79
89,59|80,7|36,39|5,80|4,75|5,24|75,23|5,89|34,52|63,34|7,13|59,36|5,45|24,4|46,28|5,63|45,46|28,48|13,37|52,93/5,39=5,89,59,36,39
39,89|1,66|93,11|66,58|39,95|95,4|61,10|4,87|39,96|96,93|56,24|18,56|39,84|10,83|84,1|87,40|11,82|89,18|0,61|39,0/39,82=39,96,93,11,82
79,23|79,49|28,98|79,12|79,64|49,13|27,38|9,74|45,50|12,9|64,28|79,27|13,29|38,45|29,32|98,96|74,63|23,24|24,35|35,61/79,63=79,12,9,74,63
33,66|95,77|33,5|67,60|33,67|22,59|37,73|69,40|26,95|88,23|43,88|93,26|66,43|46,11|40,54|5,69|60,22|33,37|33,93|73,46/33,23=33,66,43,88,23
38,69|23,98|69,58|84,1|38,46|58,43|38,77|77,9|1,61|7,64|41,7|78,45|65,41|9,78|43,40|38,23|46,84|38,65|16,55|98,16/38,40=38,69,58,43,40
11,43|63,28|35,40|43,26|88,64|64,31|63,25|25,92|65,35|92,32|63,11|32,33|28,19|36,65|19,76|63,36|63,20|26,60|76,83|20,88/63,31=63,20,88,64,31
4,86|2,15|2,4|81,14|58,97|55,81|1,88|62,58|22,93|38,71|15,1|14,95|2,55|56,38|97,52|86,22|2,62|88,51|71,63|2,56/2,51=2,15,1,88,51
20,13|1,78|86,20|86,93|73,84|13,1|94,54|32,50|77,46|61,71|84,77|86,22|93,61|71,36|92,32|54,18|10,92|22,94|86,73|86,10/86,18=86,22,94,54,18
85,47|33,99|51,89|86,10|89,91|43,22|17,85|99,50|94,51|50,7|17,94|17,33|47,43|13,90|17,86|67,5|90,18|10,67|17,13|18,81/17,91=17,94,51,89,91
88,86|77,80|85,9|9,90|30,8|85,37|91,29|80,87|54,60|37,1|85,49|29,54|8,18|40,92|90,40|1,88|85,91|49,77|85,30|18,50/85,92=85,9,90,40,92
90,94|24,10|52,89|94,37|3,12|0,83|10,34|34,47|70,0|12,48|3,70|89,58|83,84|58,55|57,90|3,52|19,22|48,19|3,57|3,24/3,37=3,57,90,94,37
96,12|46,58|99,19|0,57|21,0|96,7|68,46|41,27|96,83|26,99|85,26|18,21|96,18|36,55|7,41|96,85|83,68|12,36|55,91|27,20/96,91=96,12,36,55,91
87,0|38,20|76,64|91,55|90,1|93,66|76,93|41,52|33,75|76,41|52,90|55,87|76,91|59,49|76,33|99,38|66,24|24,62|75,59|64,99/76,62=76,93,66,24,62
7,56|97,38|89,14|76,90|10,9|67,37|64,67|76,17|26,99|62,63|38,89|56,33|63,26|76,98|98,64|17,18|18,10|90,7|76,97|76,62/76,99=76,62,63,26,99
80,85|41,35|14,80|14,77|4,28|71,97|35,89|75,72|14,0|28,49|43,75|14,60|14,4|81,70|77,43|51,81|85,71|0,51|60,41|49,31/14,31=14,4,28,49,31
27,81|2,95|53,94|86,47|89,61|66,62|63,86|75,53|91,63|81,54|54,66|3,2|76,75|27,76|27,91|95,85|27,3|27,29|29,89|61,1/27,85=27,3,2,95,85
16,96|62,16|19,89|59,53|51,60|5,85|19,58|53,2|91,74|86,62|19,21|25,91|95,51|40,5|89,95|19,86|58,59|19,66|66,25|21,40/19,2=19,58,59,53,2
81,87|20,95|50,47|9,14|37,96|46,32|68,50|8,54|5,68|39,20|81,24|54,93|81,37|81,5|24,39|81,9|43,22|87,8|14,46|96,43/81,32=81,9,14,46,32
19,80|6,45|58,64|19,5|63,82|64,93|80,84|19,71|51,98|30,58|1,51|71,6|19,30|48,85|5,1|45,88|19,63|33,32|84,48|82,33/19,85=19,80,84,48,85
79,59|13,41|79,95|25,22|92,27|80,13|66,39|79,19|95,54|88,66|6,69|22,35|79,94|38,88|19,25|54,92|79,38|59,80|8,6|94,8/79,35=79,19,25,22,35
70,9|9,33|25,12|3,72|2,29|73,13|23,0|95,89|72,95|70,73|38,86|70,3|12,60|86,2|31,25|52,64|70,38|33,23|13,52|70,31/70,0=70,9,33,23,0
61,44|66,33|11,0|13,89|78,72|60,61|20,48|72,53|78,66|78,88|78,60|91,13|51,57|53,51|88,91|44,65|48,11|33,39|78,20|39,55/78,89=78,88,91,13,89
9,32|79,30|97,63|2,97|93,31|38,74|79,38|39,81|7,45|79,5|58,68|86,7|68,78|79,9|30,2|5,58|32,93|79,86|74,39|45,34/79,63=79,30,2,97,63
10,61|61,85|92,95|92,63|11,0|92,88|69,11|24,71|92,99|53,32|63,69|95,53|58,84|97,74|88,10|99,18|92,24|18,97|71,58|32,87/92,85=92,88,10,61,85
93,32|42,49|52,3|88,90|90,75|88,86|19,80|88,37|49,62|3,93|60,96|91,44|88,52|22,60|86,11|37,42|88,22|11,19|75,91|96,0/88,32=88,52,3,93,32
12,18|92,27|32,16|1,85|53,69|88,22|32,92|36,81|32,1|16,88|32,12|32,28|22,66|18,78|85,36|28,53|58,90|27,58|78,33|69,59/32,33=32,12,18,78,33
5,3|34,1|33,48|17,67|60,16|65,28|33,34|33,60|3,65|16,44|92,52|15,78|33,92|1,55|22,17|44,75|33,5|52,15|55,45|48,22/33,45=33,34,1,55,45
1,85|7,52|33,74|89,79|6,45|44,88|11,7|6,33|26,36|82,78|78,1|50,30|6,26|6,82|91,11|45,87|36,44|87,50|6,91|74,89/6,85=6,82,78,1,85
34,75|4,85|85,65|99,61|34,28|34,96|61,60|30,3|86,99|98,21|65,13|75,19|25,79|21,97|96,98|28,57|34,4|57,25|34,86|19,30/34,3=34,75,19,30,3
12,7|51,42|52,2|37,19|60,16|74,65|89,73|94,12|16,37|94,52|2,74|94,60|75,51|5,30|32,75|94,80|94,32|7,89|15,5|80,15/94,30=94,80,15,5,30
27,5|74,80|19,69|29,34|58,90|39,16|90,63|34,86|27,18|18,87|69,43|76,19|27,29|87,39|80,13|63,50|5,74|86,61|27,76|27,58/27,16=27,18,87,39,16
60,23|2,54|60,59|59,61|60,37|33,88|23,2|88,92|28,34|8,58|60,8|9,36|60,33|34,94|54,73|58,3|37,28|3,35|61,9|92,83/60,36=60,59,61,9,36
14,6|49,0|91,73|66,98|73,10|45,70|6,87|97,91|90,79|90,97|98,49|90,19|19,14|70,80|48,72|90,45|72,59|79,48|90,66|80,94/90,94=90,45,70,80,94
63,72|94,55|57,67|49,85|83,94|57,30|30,63|57,19|72,79|7,75|85,34|88,83|74,7|2,68|57,51|57,88|51,56|56,2|19,49|67,74/57,34=57,19,49,85,34
24,33|42,89|33,17|47,62|32,24|86,55|15,86|14,70|47,14|89,52|55,18|62,42|19,78|78,80|47,19|47,32|74,63|80,50|70,74|47,15/47,63=47,14,70,74,63
11,32|94,58|63,8|62,31|21,20|47,62|94,69|73,54|72,93|93,21|94,72|3,11|94,88|69,24|58,3|24,63|94,47|31,29|54,61|88,73/94,29=94,47,62,31,29
55,64|3,41|27,81|27,47|64,10|42,72|19,84|27,98|81,55|87,17|47,19|31,3|17,57|72,48|84,11|27,31|27,92|92,87|41,49|98,42/27,11=27,47,19,84,11
14,27|31,63|45,12|61,31|45,33|89,36|19,96|33,91|92,61|20,14|82,57|27,10|45,92|45,19|45,20|96,80|8,82|12,8|80,83|91,89/45,10=45,20,14,27,10
43,21|49,11|9,7|45,90|11,43|90,65|42,95|65,60|7,37|64,58|85,26|14,42|32,14|9,49|9,93|9,32|93,64|58,25|9,45|37,85/9,26=9,7,37,85,26
0,34|87,90|5,57|11,14|27,10|27,72|27,52|58,94|27,4|78,75|52,44|34,83|72,31|31,5|4,18|27,58|18,78|94,11|10,0|44,87/27,57=27,72,31,5,57
9,46|95,44|54,75|39,54|29,93|67,1|93,68|29,39|96,26|1,56|68,95|75,40|77,57|29,9|89,67|98,37|29,77|57,98|46,96|29,89/29,26=29,9,46,96,26
35,40|47,21|88,2|2,62|76,35|80,20|97,76|34,47|96,73|20,79|97,63|97,93|62,84|97,58|73,90|93,34|58,96|97,88|40,8|63,80/97,21=97,93,34,47,21
1,94|32,65|32,48|92,97|69,83|32,55|97,95|74,14|25,58|94,66|58,74|32,25|48,69|65,92|67,98|40,1|98,18|55,67|32,40|83,38/32,66=32,40,1,94,66
16,34|6,63|31,10|47,51|16,35|10,45|58,6|16,19|64,17|19,58|16,37|12,83|35,31|37,48|67,64|34,12|17,84|48,47|83,70|16,67/16,70=16,34,12,83,70
9,24|41,69|41,3|3,25|41,20|20,39|25,55|87,16|77,14|16,30|41,93|49,90|39,49|89,77|41,87|51,9|69,51|55,84|93,89|30,75/41,75=41,87,16,30,75
9,24|41,69|41,3|3,25|41,20|20,39|25,30|87,16|77,14|16,49|41,93|55,84|39,55|89,77|41,87|51,9|69,51|30,75|93,89|49,90/41,75=41,3,25,30,75
15,67|95,92|15,41|35,38|21,43|49,21|67,84|38,79|77,20|10,77|15,95|15,80|79,30|72,53|92,72|15,35|80,10|84,4|4,99|41,49/15,99=15,67,84,4,99
56,47|64,73|39,85|23,13|49,61|69,23|73,66|57,69|96,30|85,95|30,80|40,39|86,49|64,40|64,57|64,86|66,56|61,25|64,48|48,96/64,13=64,57,69,23,13
87,43|99,35|48,75|83,34|83,65|4,26|83,30|43,29|75,68|35,36|65,87|83,71|34,99|30,92|89,48|83,89|92,50|71,1|1,4|50,3/83,68=83,89,48,75,68
43,98|21,49|21,43|21,53|21,42|3,52|68,70|2,67|42,40|21,17|17,2|40,5|98,68|53,19|41,95|19,3|5,74|67,13|95,71|49,41/21,70=21,43,98,68,70
73,52|78,91|52,65|11,64|63,88|88,27|77,40|66,63|10,11|70,36|40,13|91,73|78,10|78,44|60,70|78,66|44,77|36,17|64,87|78,60/78,17=78,60,70,36,17
52,20|9,61|9,39|20,7|42,56|54,81|61,96|50,93|39,52|62,31|73,91|31,85|91,76|56,50|9,62|77,73|96,54|9,77|85,94|9,42/9,7=9,39,52,20,7
37,99|8,47|12,11|65,76|47,35|37,21|5,8|88,12|61,65|46,89|37,51|51,26|21,61|26,78|37,46|89,73|99,88|78,80|73,77|37,5/37,11=37,99,88,12,11
24,37|21,55|55,48|43,74|8,73|24,81|37,31|24,64|31,69|24,32|24,76|69,28|81,43|64,38|0,29|68,8|76,68|74,89|32,21|38,0/24,28=24,37,31,69,28
7,16|63,59|23,37|7,8|52,49|35,95|28,74|85,9|7,93|95,43|93,69|8,35|66,28|7,23|81,52|16,81|69,63|7,64|64,66|37,85/7,43=7,8,35,95,43
72,94|60,20|64,62|20,18|48,44|62,54|84,91|90,2|18,48|60,27|60,93|91,35|85,72|93,32|60,85|32,90|60,26|27,64|94,68|26,84/60,35=60,26,84,91,35
12,17|96,41|60,57|39,9|62,53|68,88|68,60|64,34|67,18|41,67|53,70|57,12|68,64|38,46|88,78|78,39|68,96|68,62|34,38|70,77/68,9=68,88,78,39,9
28,69|34,10|34,44|10,96|47,53|34,86|33,43|34,77|56,8|96,88|53,40|34,56|8,5|86,28|77,85|85,33|5,54|88,98|69,12|44,47/34,98=34,10,96,88,98
4,30|72,41|42,56|56,26|9,79|19,4|69,72|9,74|77,40|74,29|29,77|63,82|82,18|9,69|18,22|53,42|9,53|9,63|41,48|79,19/9,48=9,69,72,41,48
68,83|79,59|61,33|33,26|95,41|79,25|77,9|63,68|41,93|79,82|26,85|81,0|59,29|25,63|79,40|82,95|79,61|0,11|29,77|40,81/79,85=79,61,33,26,85
3,94|17,58|96,39|96,3|12,17|96,81|25,78|98,68|68,64|96,57|42,37|81,42|96,62|62,98|94,54|54,48|37,22|57,12|78,55|39,25/96,64=96,62,98,68,64
45,33|67,96|68,66|46,34|79,68|45,79|21,57|45,32|28,77|77,44|57,78|45,21|33,51|32,71|66,23|41,28|78,6|71,67|45,41|51,46/45,6=45,21,57,78,6
67,0|81,49|79,89|40,72|66,6|23,25|79,69|46,14|89,12|24,74|82,75|69,57|79,67|57,81|72,82|6,23|79,40|79,66|0,46|12,24/79,74=79,89,12,24,74
88,97|93,89|52,1|5,52|35,73|1,35|5,43|47,34|48,23|91,48|89,88|76,91|81,31|5,93|43,47|5,76|54,17|5,81|34,14|31,54/5,17=5,81,31,54,17
37,15|8,81|86,62|84,2|63,74|62,94|68,25|63,86|63,20|13,8|91,84|63,68|63,39|78,56|25,37|39,21|21,78|94,43|74,13|20,91/63,15=63,68,25,37,15
28,57|50,49|71,91|57,16|2,80|87,1|99,98|25,20|20,87|16,75|23,29|62,71|80,99|58,81|50,25|50,2|50,23|50,28|49,62|29,58/50,75=50,28,57,16,75
69,3|49,81|51,5|58,78|2,30|3,97|69,58|78,96|41,70|69,31|31,37|80,51|97,49|5,65|30,76|96,67|37,41|57,2|69,57|69,80/69,70=69,31,37,41,70
15,87|57,18|95,3|17,57|87,94|18,70|42,26|94,84|17,42|70,99|3,67|28,71|60,14|69,50|17,69|17,54|50,28|54,95|26,60|17,15/17,99=17,57,18,70,99
14,69|31,78|95,40|59,81|7,19|66,8|15,4|83,15|39,16|40,24|81,31|83,95|83,59|49,66|71,49|4,14|24,85|83,7|19,39|83,71/83,69=83,15,4,14,69
94,64|94,84|48,93|41,19|98,41|94,10|84,33|64,22|63,98|39,65|65,74|34,70|91,39|94,91|33,48|10,34|79,69|70,25|22,79|94,63/94,74=94,91,39,65,74
95,32|17,2|40,80|65,94|72,50|70,40|70,65|76,91|47,81|80,72|70,95|92,51|32,17|70,92|36,24|51,19|94,36|19,74|70,47|81,76/70,74=70,92,51,19,74
32,55|77,41|57,38|46,50|27,1|50,83|37,99|84,72|72,10|8,62|99,74|74,31|55,46|32,77|32,37|87,84|32,8|62,57|41,27|32,87/32,38=32,8,62,57,38
40,11|16,12|60,16|38,68|78,92|72,51|28,53|40,66|92,54|46,60|40,46|11,50|66,28|40,96|96,72|51,49|50,38|53,9|7,78|40,7/40,12=40,46,60,16,12
8,98|88,99|85,72|45,58|72,53|53,31|81,83|8,38|99,64|8,47|47,48|8,79|73,65|38,45|58,34|79,88|65,14|8,85|48,81|98,73/8,31=8,85,72,53,31
16,18|86,79|10,44|18,15|30,6|23,33|30,23|6,52|15,77|41,65|52,10|51,98|65,51|30,16|30,37|37,17|54,61|33,54|30,41|17,86/30,61=30,23,33,54,61
98,26|39,94|38,46|59,42|25,23|20,31|20,68|68,24|20,64|20,69|64,39|13,59|24,38|17,2|20,25|69,13|23,17|31,66|94,16|66,98/20,42=20,69,13,59,42
25,35|74,83|85,10|85,77|37,3|24,6|83,64|85,80|62,25|85,37|85,62|7,33|3,24|75,20|10,7|20,41|80,75|35,63|77,74|33,90/85,64=85,77,74,83,64
41,53|89,65|3,96|59,50|65,18|41,55|41,89|18,52|11,78|19,3|91,59|56,91|41,19|27,22|53,11|41,56|78,85|96,58|55,1|1,27/41,58=41,19,3,96,58
40,65|32,83|65,82|91,57|32,15|82,30|92,47|47,11|57,68|32,40|1,19|19,44|32,45|45,1|32,37|83,91|43,90|15,92|90,36|37,43/32,11=32,15,92,47,11
57,71|24,27|67,28|39,13|57,98|57,75|89,88|51,67|75,3|3,24|28,47|98,89|71,94|64,23|57,51|33,70|57,39|88,0|94,64|13,33/57,27=57,75,3,24,27
11,91|72,0|96,43|87,77|77,96|9,60|14,62|60,10|41,24|83,28|0,83|3,64|41,87|24,3|41,67|41,11|91,14|41,72|67,9|64,61/41,61=41,24,3,64,61
63,84|52,47|35,66|69,1|70,67|71,52|92,70|73,95|95,57|28,69|26,28|84,73|49,35|63,26|63,64|24,92|63,38|63,24|64,71|38,49/63,47=63,64,71,52,47
48,45|32,64|81,89|85,11|85,6|54,67|85,54|37,81|11,32|71,84|6,1|84,52|31,71|64,49|85,31|67,66|66,8|1,48|85,37|89,91/85,49=85,11,32,64,49
99,29|96,13|23,99|55,44|44,96|89,27|32,3|55,42|27,93|3,56|55,32|92,78|42,23|55,18|18,92|13,12|58,89|55,58|56,87|78,21/55,21=55,18,92,78,21
17,28|44,83|3,47|11,55|87,57|29,17|3,29|47,7|45,64|83,35|28,67|7,50|3,18|90,87|3,33|18,90|3,45|33,44|64,11|50,74/3,74=3,47,7,50,74
85,27|88,65|58,67|85,87|85,86|65,77|69,62|85,35|87,9|62,4|85,69|7,46|86,84|13,52|35,88|27,13|52,83|9,58|4,17|84,7/85,67=85,87,9,58,67
86,28|54,46|95,8|84,17|5,85|19,67|67,80|85,86|1,19|48,14|8,52|1,5|1,29|1,76|76,54|17,48|80,78|46,13|1,84|29,95/1,28=1,5,85,86,28
84,74|5,42|66,84|35,31|24,47|43,14|67,66|5,85|42,90|28,10|90,38|5,28|9,72|31,24|0,43|5,67|38,16|5,35|85,0|10,9/5,16=5,42,90,38,16
75,36|63,11|76,6|12,3|68,15|55,51|26,88|12,26|12,46|36,63|12,75|93,55|42,32|88,42|3,76|50,68|49,93|46,50|12,49|6,14/12,32=12,26,88,42,32
8,14|7,64|85,90|73,8|6,75|59,4|4,74|81,49|1,73|85,86|75,48|86,7|85,1|85,17|97,81|64,13|47,59|17,97|90,6|85,47/85,74=85,47,59,4,74
2,24|9,45|43,63|24,97|58,70|8,15|42,44|90,43|17,58|42,32|97,69|42,17|42,2|44,59|63,37|70,54|42,90|45,95|32,9|59,8/42,54=42,17,58,70,54
21,31|88,89|80,4|80,66|80,88|80,53|55,46|30,21|53,24|18,68|80,18|90,20|24,60|96,90|37,12|68,37|89,55|60,25|66,96|4,30/80,12=80,18,68,37,12
57,46|95,42|99,71|34,5|62,91|71,34|6,73|7,99|7,63|72,62|26,6|73,61|42,87|63,95|86,57|7,79|7,26|7,72|91,67|79,86/7,87=7,63,95,42,87
42,90|96,54|94,42|94,9|88,44|4,69|94,36|71,4|94,96|29,91|9,13|13,88|94,98|36,71|93,68|68,52|54,11|11,79|98,93|90,29/94,69=94,36,71,4,69
54,17|93,89|52,1|5,52|88,97|1,88|5,43|47,34|48,23|91,48|89,54|76,91|81,31|5,93|43,47|5,76|35,73|5,81|34,14|31,35/5,17=5,93,89,54,17
61,0|18,42|94,77|20,98|81,20|40,99|76,67|44,40|28,47|42,44|18,14|34,15|18,94|18,61|0,34|77,91|67,28|14,81|18,76|91,75/18,47=18,76,67,28,47
12,7|51,42|52,2|89,73|60,16|74,65|5,30|94,12|16,89|94,52|2,74|94,60|75,51|37,19|32,75|94,80|94,32|7,5|15,37|80,15/94,30=94,12,7,5,30
51,82|16,88|88,23|16,80|29,93|16,19|32,50|16,64|36,87|23,29|80,61|16,22|82,13|61,37|37,90|81,32|19,51|87,86|64,81|22,36/16,13=16,19,51,82,13
52,74|31,52|3,86|21,67|68,27|43,53|5,80|19,3|34,17|21,50|67,19|17,4|50,31|4,32|21,5|27,43|44,60|21,34|80,44|21,68/21,32=21,34,17,4,32
50,94|91,26|59,69|16,36|52,19|35,40|63,58|81,16|35,63|40,14|4,52|19,37|35,55|55,81|72,59|35,4|35,57|58,50|57,72|14,91/35,94=35,63,58,50,94
61,35|56,71|61,82|73,16|35,73|40,30|68,10|61,59|59,12|61,78|95,84|71,32|84,6|78,95|62,56|61,62|82,55|16,28|55,40|12,68/61,6=61,78,95,84,6
48,76|43,22|66,2|18,97|92,47|22,63|12,54|92,12|4,18|92,74|47,65|57,98|65,57|2,48|92,66|24,11|92,16|74,4|16,43|54,24/92,76=92,66,2,48,76
35,97|0,8|61,1|78,86|14,61|38,62|47,11|30,47|78,30|78,14|11,98|1,44|78,31|43,38|31,0|97,58|8,57|78,43|62,27|86,35/78,27=78,43,38,62,27
46,92|27,91|46,13|46,81|28,80|45,27|81,7|69,8|39,69|20,45|46,20|68,62|60,1|1,28|46,60|11,10|92,19|7,68|13,39|19,11/46,91=46,20,45,27,91
83,77|85,66|85,28|70,26|32,69|26,38|27,59|28,35|93,42|66,17|77,8|45,64|85,11|11,83|85,98|17,93|35,27|85,32|69,45|98,70/85,38=85,98,70,26,38
78,87|22,91|94,9|42,33|22,34|9,30|45,83|22,78|74,99|34,60|83,42|87,16|98,94|22,45|75,73|91,74|60,75|16,46|22,98|99,27/22,73=22,34,60,75,73
90,77|27,41|87,67|90,27|45,82|18,55|98,75|75,13|90,70|96,98|55,89|64,87|0,59|17,64|90,96|90,17|77,0|70,18|59,93|41,45/90,82=90,27,41,45,82
5,36|87,99|75,54|93,56|93,94|94,53|39,18|53,87|56,86|48,75|54,20|93,39|76,33|18,14|33,73|93,49|93,48|49,76|86,5|14,43/93,36=93,56,86,5,36
14,16|15,42|61,14|42,57|57,30|6,13|13,3|51,66|49,53|59,61|6,15|70,86|80,70|3,51|6,43|6,59|43,80|6,10|91,49|10,91/6,30=6,15,42,57,30
93,11|93,28|28,29|91,73|11,21|82,3|93,91|97,37|29,48|48,50|76,70|15,90|21,97|73,15|70,69|93,12|96,41|12,76|93,82|3,96/93,41=93,82,3,96,41
60,43|32,19|19,67|96,7|30,83|61,96|43,31|95,36|1,64|36,75|64,17|77,1|83,32|30,4|75,25|30,94|30,95|30,77|94,61|4,60/30,25=30,95,36,75,25
49,99|51,67|0,36|19,80|19,33|91,0|47,51|1,49|45,65|19,91|19,47|67,87|33,55|19,84|55,97|84,1|97,54|36,86|26,45|80,26/19,87=19,47,51,67,87
52,35|29,89|93,59|93,16|57,39|23,57|92,87|79,92|80,4|71,52|93,81|4,55|59,80|89,66|93,29|66,25|81,79|16,71|39,38|93,23/93,25=93,29,89,66,25
95,4|11,90|98,89|11,80|97,83|11,12|90,97|75,96|92,17|96,45|83,85|21,49|76,98|10,75|12,92|17,28|11,10|4,21|11,95|80,76/11,49=11,95,4,21,49
34,61|59,23|32,5|69,13|23,19|5,14|48,34|52,86|52,32|45,69|81,8|55,48|52,94|92,59|14,72|52,55|52,92|8,41|94,45|86,81/52,13=52,94,45,69,13
87,26|51,69|48,25|24,99|25,72|60,51|24,9|94,87|7,94|24,83|55,67|24,76|43,70|24,7|76,48|36,43|83,55|99,60|67,14|9,36/24,26=24,7,94,87,26
3,42|65,40|63,4|18,3|32,71|23,63|65,85|65,88|24,18|30,31|65,24|85,60|40,32|65,97|97,73|73,30|88,23|71,47|60,29|29,17/65,42=65,24,18,3,42
14,97|17,32|82,8|91,0|0,24|94,51|87,43|85,26|33,85|37,91|15,69|58,87|58,37|58,94|58,82|98,33|58,98|51,14|43,15|8,17/58,26=58,98,33,85,26
62,54|73,68|71,0|28,49|30,88|31,29|0,25|36,98|15,7|71,62|7,30|68,93|49,31|71,73|71,28|25,53|53,13|93,99|54,36|71,15/71,99=71,73,68,93,99
88,23|72,60|50,72|88,21|69,92|12,62|4,83|51,4|21,51|88,12|35,85|88,66|62,74|88,89|6,35|23,53|66,50|53,69|74,58|89,6/88,92=88,23,53,69,92
47,9|12,66|2,74|24,39|66,2|43,37|24,16|22,70|24,12|24,57|24,22|39,47|57,88|23,43|70,51|51,6|16,23|46,19|9,63|88,46/24,37=24,16,23,43,37
65,72|36,14|13,81|39,60|78,24|57,98|58,56|60,13|8,78|19,8|58,0|58,39|58,36|56,37|15,59|58,19|14,15|37,57|0,41|41,65/58,59=58,36,14,15,59
64,83|85,75|47,53|43,22|75,16|52,80|53,30|80,55|11,43|52,47|60,26|18,64|70,11|52,18|55,60|12,85|52,70|30,73|52,12|83,6/52,6=52,18,64,83,6
55,85|86,30|45,77|53,44|44,4|73,10|2,28|55,86|19,54|77,19|88,73|99,88|17,53|28,23|55,45|55,17|30,37|37,38|55,99|85,2/55,10=55,99,88,73,10
51,6|9,68|51,30|84,83|8,5|51,85|5,31|51,33|1,78|28,75|51,84|4,28|30,8|6,4|68,62|78,50|83,60|60,76|33,1|85,9/51,31=51,30,8,5,31
73,99|99,61|65,45|69,57|1,44|45,6|97,3|73,65|17,23|82,97|44,94|73,1|73,82|3,13|94,30|6,10|7,17|73,42|61,69|42,7/73,10=73,65,45,6,10
38,84|80,25|81,9|49,3|25,48|26,15|84,49|63,29|69,52|48,42|9,74|74,41|81,92|92,63|15,69|81,38|29,32|81,80|81,26|41,2/81,52=81,26,15,69,52
52,74|31,52|43,53|21,67|68,27|4,32|5,80|19,43|34,17|21,50|67,19|17,3|50,31|3,86|21,5|27,4|44,60|21,34|80,44|21,68/21,32=21,68,27,4,32
34,8|15,22|86,38|59,15|68,17|20,78|20,18|67,50|22,47|17,67|18,55|38,21|20,7|78,70|20,59|7,86|55,3|3,57|20,68|70,34/20,21=20,7,86,38,21
5,2|52,14|32,36|56,42|5,61|14,46|61,52|5,58|25,13|42,94|48,95|76,56|2,99|36,38|53,48|5,11|58,32|99,25|11,53|5,76/5,94=5,76,56,42,94
2,80|22,71|74,12|52,2|66,16|52,22|16,92|97,40|52,78|57,43|52,96|52,4|80,97|12,62|96,56|78,66|71,57|56,10|4,74|10,76/52,76=52,96,56,10,76
66,43|29,48|97,20|99,98|97,99|43,25|20,88|19,34|83,49|97,19|98,81|88,86|97,83|86,26|81,42|49,29|97,36|34,64|36,66|64,0/97,42=97,99,98,81,42
8,95|29,59|43,83|60,96|74,54|30,52|8,37|32,74|78,29|8,69|96,30|6,14|37,32|14,47|44,73|8,43|8,60|83,44|95,6|69,78/8,54=8,37,32,74,54
72,71|72,60|92,74|40,75|74,7|72,26|17,30|76,68|60,92|77,48|48,17|88,40|72,10|70,76|26,88|55,33|71,70|72,77|10,55|33,11/72,30=72,77,48,17,30
34,59|86,48|64,15|49,60|86,82|21,88|9,64|86,67|47,21|11,49|53,3|88,6|82,11|86,47|48,34|1,71|67,9|59,33|86,1|71,53/86,33=86,48,34,59,33
30,23|96,30|22,44|83,58|74,80|55,70|58,38|65,22|71,59|80,73|74,83|74,55|44,43|74,65|89,99|73,89|74,86|38,19|86,96|70,71/74,99=74,80,73,89,99
43,16|41,37|2,69|69,1|33,49|49,20|37,97|50,96|16,51|32,62|41,75|1,7|51,48|62,35|97,50|75,32|41,43|52,33|41,2|41,52/41,35=41,75,32,62,35
7,37|62,72|19,58|72,2|68,19|17,38|7,83|85,67|37,68|83,85|38,40|94,99|99,86|86,3|82,62|7,30|30,17|67,10|7,82|7,94/7,10=7,83,85,67,10
56,19|81,94|6,67|41,36|24,86|90,20|67,29|56,97|56,34|38,24|10,90|97,18|18,81|56,33|34,6|58,41|33,38|2,10|56,2|19,58/56,20=56,2,10,90,20
34,29|69,79|86,45|34,51|29,78|51,77|56,67|8,31|61,2|77,8|60,54|48,57|2,60|78,69|34,61|3,56|45,48|67,62|34,86|34,3/34,31=34,51,77,8,31
5,90|90,75|5,66|59,43|63,25|66,46|46,94|34,88|75,53|58,47|89,13|43,4|5,34|94,40|53,32|88,63|13,58|14,59|5,89|5,14/5,4=5,14,59,43,4
0,94|50,32|53,79|34,92|27,54|13,76|45,34|0,55|0,45|72,11|0,12|55,72|64,50|94,64|92,81|0,27|12,59|11,35|54,13|59,53/0,79=0,12,59,53,79
92,67|91,92|83,85|24,30|63,70|40,21|83,18|28,87|18,45|67,39|83,11|11,36|83,91|45,63|36,14|21,24|81,28|85,81|14,61|83,40/83,87=83,85,81,28,87
2,16|67,79|95,47|73,2|39,10|67,89|43,9|94,95|5,14|67,34|53,43|37,77|89,73|67,5|14,37|9,49|51,39|79,51|67,53|34,94/67,10=67,79,51,39,10
10,19|3,10|57,55|90,58|57,20|43,73|1,35|14,52|57,3|6,1|52,43|77,6|57,14|19,54|20,68|55,90|57,77|18,53|68,18|58,97/57,73=57,14,52,43,73
26,67|72,98|6,99|57,7|16,17|98,91|66,85|16,57|67,14|16,69|69,80|80,45|11,56|16,11|82,26|16,82|17,72|56,6|45,58|7,66/16,91=16,17,72,98,91
14,9|69,32|23,85|19,14|10,73|32,1|10,12|12,19|94,35|84,46|10,91|77,69|87,84|15,94|91,23|73,15|10,74|74,87|10,77|85,59/10,46=10,74,87,84,46
75,8|17,35|75,4|2,50|75,62|75,38|75,19|3,72|26,23|50,84|4,53|65,66|47,3|19,26|38,47|23,20|53,17|66,88|8,2|62,65/75,35=75,4,53,17,35
96,42|77,82|82,16|29,85|16,20|0,2|48,0|77,96|77,48|34,71|20,39|86,29|42,89|2,45|77,60|77,86|85,92|71,23|89,81|60,34/77,45=77,48,0,2,45
15,9|75,33|12,92|40,79|12,61|22,75|99,77|33,60|39,18|12,99|12,22|77,36|9,39|61,16|79,78|12,15|36,47|92,40|16,20|20,21/12,78=12,92,40,79,78
81,90|9,81|86,73|70,3|23,58|23,95|36,33|95,24|58,85|33,70|24,86|84,47|23,9|47,0|14,98|90,13|23,36|23,68|68,84|85,14/23,0=23,68,84,47,0
86,26|4,71|1,50|90,34|52,86|26,10|0,35|35,1|52,0|51,28|31,51|10,85|33,90|84,31|52,84|34,78|52,33|93,4|52,93|71,77/52,78=52,33,90,34,78
15,3|15,51|15,23|91,94|71,24|67,1|83,85|51,64|24,50|23,71|28,10|86,72|15,58|58,91|3,16|85,67|64,28|94,81|15,83|16,86/15,10=15,51,64,28,10
12,93|17,28|16,51|55,63|79,14|93,8|53,17|8,46|27,94|55,56|94,52|55,12|40,79|49,27|56,16|55,24|63,40|51,86|24,53|55,49/55,52=55,49,27,94,52
9,18|87,22|87,50|82,30|1,93|50,44|87,84|87,15|15,3|18,53|52,70|89,78|84,90|90,5|44,52|30,89|87,82|3,1|22,9|5,11/87,11=87,84,90,5,11
48,99|25,83|83,14|48,44|33,7|85,89|48,90|48,6|44,88|90,25|8,64|79,92|99,79|28,66|92,69|88,85|48,8|64,33|66,34|6,28/48,14=48,90,25,83,14
7,15|19,17|78,93|35,68|17,43|49,35|19,32|93,7|22,26|43,58|58,3|44,73|73,5|19,71|32,27|19,59|19,78|59,44|27,22|71,49/19,3=19,17,43,58,3
97,47|95,79|69,38|43,86|53,39|81,20|77,30|79,6|6,89|81,53|39,69|81,97|81,95|55,77|86,64|67,55|61,91|47,61|20,43|81,67/81,64=81,20,43,86,64
5,22|94,50|50,31|95,30|10,58|56,87|2,92|88,14|95,88|95,12|24,2|73,79|30,94|95,89|58,73|49,5|89,24|14,56|12,49|95,10/95,22=95,12,49,5,22
87,43|13,10|9,53|70,13|69,31|70,69|68,7|70,5|7,2|10,9|2,15|78,87|51,54|25,51|70,68|90,61|70,23|5,25|23,78|31,90/70,15=70,68,7,2,15
68,15|62,84|26,34|98,99|17,62|9,40|99,74|9,98|78,17|52,71|38,48|18,38|70,52|48,56|9,26|34,68|9,78|74,85|40,70|9,18/9,71=9,40,70,52,71
50,77|82,40|82,66|65,84|8,65|82,34|74,37|40,29|73,99|82,63|4,22|63,73|77,68|66,4|34,50|99,93|22,16|69,8|29,74|82,69/82,84=82,69,8,65,84
60,4|94,36|94,73|73,51|89,21|94,61|94,48|94,33|29,53|33,93|92,89|93,54|61,91|36,92|48,75|91,29|77,6|75,60|54,35|51,77/94,4=94,48,75,60,4
46,98|58,40|60,62|94,8|25,46|72,70|25,72|70,60|25,9|31,24|65,94|9,66|23,73|25,39|98,31|25,65|39,51|8,1|66,23|51,58/25,62=25,72,70,60,62
69,10|32,7|34,30|91,64|69,32|69,87|95,39|87,46|7,40|55,75|75,91|39,34|46,15|69,55|40,12|86,35|15,41|10,86|69,95|35,76/69,30=69,95,39,34,30
81,10|8,9|36,77|10,98|75,65|83,14|98,94|81,3|81,56|56,42|3,13|81,75|64,26|13,47|47,11|42,8|81,36|94,90|77,64|65,83/81,90=81,10,98,94,90
71,50|5,29|98,34|22,98|8,82|1,65|40,8|6,81|50,74|31,5|81,33|29,25|1,6|1,91|91,22|74,95|65,40|1,71|33,2|1,31/1,34=1,91,22,98,34
40,64|21,97|21,86|61,56|58,61|21,42|97,15|64,32|15,35|27,96|93,27|35,23|21,47|12,68|86,74|47,93|42,40|74,12|21,58|56,0/21,68=21,86,74,12,68
41,31|60,24|55,26|45,57|18,79|36,14|40,17|83,33|55,39|26,51|39,41|79,40|33,10|10,28|55,45|57,60|31,54|55,18|55,83|51,36/55,14=55,26,51,36,14
96,18|76,92|18,52|73,49|73,96|52,13|80,22|73,37|37,9|69,82|73,97|73,35|49,38|9,80|92,34|35,76|38,69|97,71|71,0|0,20/73,34=73,35,76,92,34
35,57|87,45|87,84|61,50|87,97|54,52|84,54|22,61|52,20|83,2|2,95|95,51|1,94|97,22|45,35|57,19|87,1|25,79|94,25|87,83/87,50=87,97,22,61,50
58,17|46,11|75,37|85,21|17,29|89,54|75,70|75,49|75,89|75,46|21,31|26,79|49,48|36,91|48,26|12,19|11,12|37,58|54,36|70,85/75,19=75,46,11,12,19
50,95|46,30|7,83|83,85|63,65|46,63|92,40|19,28|91,70|70,90|28,92|36,24|65,50|46,7|44,36|46,44|24,58|85,31|46,19|30,91/46,58=46,44,36,24,58
77,54|58,93|73,1|29,27|58,90|11,46|58,11|58,86|58,13|13,77|37,48|93,29|46,73|87,37|90,8|14,68|27,62|54,31|8,14|86,87/58,48=58,86,87,37,48
6,50|85,34|5,73|4,20|5,79|0,68|34,2|73,56|20,6|21,38|56,98|19,3|76,59|5,21|5,4|5,0|79,85|38,19|68,76|98,32/5,50=5,4,20,6,50
24,13|53,54|53,39|53,26|20,91|39,62|54,20|16,33|56,46|62,88|26,16|61,41|53,5|91,87|53,61|41,56|5,24|13,58|88,57|33,99/53,99=53,26,16,33,99
57,69|1,91|29,24|58,38|52,1|63,93|78,87|52,42|24,63|52,29|52,58|91,57|87,10|7,97|44,7|97,72|38,35|52,44|35,33|42,78/52,69=52,1,91,57,69
93,59|25,87|87,0|45,92|83,6|83,25|6,99|99,76|38,93|92,84|0,11|20,13|13,23|67,45|83,67|83,38|83,88|88,20|76,69|59,7/83,69=83,6,99,76,69
56,81|27,73|68,95|78,77|24,56|68,47|47,78|28,92|95,44|8,31|61,28|44,74|18,24|68,18|68,8|68,61|92,55|74,25|77,10|31,27/68,73=68,8,31,27,73
44,13|12,41|3,48|9,4|4,78|14,71|9,3|63,84|22,27|13,58|78,63|9,12|69,7|58,54|9,44|9,56|56,38|48,14|41,69|38,22/9,84=9,4,78,63,84
78,73|33,81|84,40|0,49|63,33|78,35|11,62|35,84|62,90|90,30|73,31|9,80|92,0|40,36|7,92|78,7|31,9|78,26|26,63|78,11/78,80=78,73,31,9,80
24,28|1,38|82,91|74,24|69,26|32,15|34,4|1,98|11,70|1,8|38,74|26,86|98,12|22,69|45,32|1,22|91,11|8,45|1,82|12,34/1,86=1,22,69,26,86
70,63|63,87|73,34|35,80|61,77|33,61|69,29|87,12|70,42|36,8|70,33|42,99|60,69|70,36|12,59|99,35|70,60|8,73|77,78|29,24/70,59=70,63,87,12,59
10,60|45,82|41,16|55,38|5,14|29,67|51,92|55,56|16,51|55,5|55,41|56,75|30,7|75,6|38,45|55,29|6,0|14,10|82,93|67,30/55,92=55,41,16,51,92
12,73|17,89|25,48|17,86|14,36|17,26|23,99|86,25|73,20|17,12|47,3|55,23|36,60|17,0|3,16|26,14|89,47|0,55|20,46|48,8/17,46=17,12,73,20,46
83,79|23,52|23,54|98,83|49,45|23,94|4,95|86,27|45,8|37,86|52,87|87,90|23,80|23,74|74,37|80,49|94,60|60,4|54,98|90,78/23,79=23,54,98,83,79
74,53|77,76|23,30|72,55|4,29|55,60|18,23|30,3|53,72|29,97|2,70|74,14|24,96|70,66|74,18|66,33|14,4|74,24|96,77|74,2/74,60=74,53,72,55,60
87,94|34,21|72,41|34,25|54,88|6,4|41,73|96,92|73,68|98,70|92,19|13,87|21,96|88,6|34,22|22,13|25,98|70,93|34,54|34,72/34,68=34,72,41,73,68
93,36|66,48|66,64|56,11|66,13|13,56|61,93|86,96|32,61|60,69|17,60|5,67|87,17|11,76|96,7|48,86|66,32|66,87|67,4|64,5/66,4=66,64,5,67,4
82,63|49,58|13,41|5,72|92,79|63,33|13,5|13,36|45,92|13,78|79,26|72,67|41,82|67,35|96,49|84,88|13,45|36,96|78,84|88,38/13,38=13,78,84,88,38
70,92|52,2|77,42|75,10|70,18|70,82|70,76|4,72|70,77|40,4|29,96|74,75|76,26|50,51|94,52|42,29|18,94|92,74|26,50|82,40/70,51=70,76,26,50,51
30,41|59,20|30,42|37,75|58,37|41,44|34,9|20,82|19,32|75,99|44,89|30,58|89,11|54,59|42,34|30,14|30,54|9,12|14,70|70,19/30,99=30,58,37,75,99
5,56|13,42|30,5|58,94|79,68|13,30|53,54|42,99|48,79|13,58|45,27|99,45|13,38|19,0|29,19|56,74|13,48|94,53|68,81|38,29/13,54=13,58,94,53,54
23,48|42,59|23,30|48,31|10,45|73,69|21,10|41,1|40,51|69,80|90,73|28,41|51,33|33,97|71,21|31,42|23,90|30,28|23,40|23,71/23,45=23,71,21,10,45
58,79|41,0|11,31|61,11|49,89|61,54|51,21|31,41|54,38|61,65|61,75|75,66|66,58|65,18|61,96|96,19|19,60|38,49|18,51|60,82/61,89=61,54,38,49,89
5,68|50,83|81,50|30,31|81,10|4,26|54,5|26,52|68,45|81,54|80,30|10,15|81,17|81,80|17,4|83,27|59,39|31,38|27,22|15,59/81,45=81,54,5,68,45
16,41|54,13|95,44|95,49|79,17|81,79|1,0|44,83|11,65|57,56|95,16|95,54|50,32|95,90|83,11|49,87|90,81|13,50|41,1|87,57/95,56=95,49,87,57,56
35,54|34,76|9,17|75,42|37,73|73,44|16,56|61,68|47,10|16,61|56,24|68,35|44,59|24,47|16,37|42,34|16,38|38,94|16,75|94,9/16,76=16,75,42,34,76
14,67|48,27|40,72|78,41|94,63|3,94|72,97|41,42|42,57|68,40|67,18|78,68|78,48|78,34|18,20|34,3|57,17|78,14|47,25|27,47/78,25=78,48,27,47,25
83,89|83,37|1,59|64,27|37,43|83,82|86,50|82,64|50,96|83,28|83,24|35,44|49,11|24,75|89,7|27,38|7,1|28,86|75,49|43,35/83,96=83,28,86,50,96
88,55|64,97|26,64|94,49|88,14|48,15|88,98|14,89|88,67|15,21|99,52|13,3|67,13|71,63|89,71|98,48|52,94|88,99|3,76|55,26/88,49=88,99,52,94,49
41,8|58,19|71,3|96,73|5,81|19,35|91,27|58,71|66,9|58,88|35,80|81,91|80,76|53,33|73,53|58,5|58,96|3,66|88,41|8,11/58,11=58,88,41,8,11
29,34|55,27|43,24|4,37|27,86|85,58|79,5|14,57|5,4|55,79|95,36|86,29|55,14|57,43|55,81|58,98|55,85|22,95|81,22|98,10/55,24=55,14,57,43,24
74,73|66,36|16,11|79,70|66,74|10,23|11,75|66,32|23,39|64,79|31,57|76,31|73,51|30,64|66,45|66,30|32,76|36,16|51,56|45,10/66,75=66,36,16,11,75
64,60|92,79|22,44|67,45|1,84|64,43|84,52|44,67|43,72|93,66|52,5|66,95|72,92|64,61|64,1|81,86|34,81|60,93|64,22|61,34/64,95=64,60,93,66,95
64,60|92,79|22,44|67,45|1,84|64,43|84,81|44,67|43,72|93,52|81,86|52,5|72,92|64,61|64,1|66,95|34,66|60,93|64,22|61,34/64,95=64,61,34,66,95
89,41|77,0|12,76|21,15|53,77|45,98|89,91|88,1|15,88|96,20|91,4|4,39|0,46|19,12|89,45|89,21|98,96|41,19|39,31|89,53/89,76=89,41,19,12,76
47,33|79,26|67,17|2,1|33,72|88,12|59,21|20,63|57,67|55,59|26,5|72,65|5,2|79,20|79,47|35,57|79,55|21,95|79,35|63,88/79,12=79,20,63,88,12
68,77|74,19|15,6|73,72|28,54|15,65|39,68|94,74|22,21|21,51|50,39|15,96|6,94|96,66|66,28|15,22|51,29|72,34|15,50|65,73/15,19=15,6,94,74,19
2,58|89,0|4,29|0,7|39,65|58,4|95,20|2,25|65,9|81,39|2,92|41,94|25,95|2,81|29,53|92,31|20,76|2,24|31,41|24,89/2,76=2,25,95,20,76
86,26|4,34|71,77|90,1|52,86|26,10|0,35|35,71|52,0|51,28|31,51|10,85|33,90|84,31|52,84|1,50|52,33|93,4|52,93|34,78/52,78=52,93,4,34,78
70,39|24,49|39,30|70,32|80,56|16,40|70,29|65,57|78,80|40,71|32,24|37,69|58,78|71,74|49,12|13,65|70,58|30,37|29,13|70,16/70,56=70,58,78,80,56
80,24|9,23|32,90|72,61|82,63|39,82|13,15|32,13|61,59|32,72|59,56|78,39|90,74|74,52|32,78|23,80|50,92|52,54|32,9|15,50/32,54=32,90,74,52,54
74,58|36,41|56,26|5,66|41,82|73,11|33,28|99,36|29,73|66,52|14,43|58,29|4,14|74,99|74,50|74,1|28,56|1,5|50,4|74,33/74,82=74,99,36,41,82
91,98|98,66|5,22|22,43|21,5|21,38|50,11|81,73|66,90|83,86|64,35|21,50|25,83|11,81|43,52|21,91|74,87|21,64|35,74|38,25/21,73=21,50,11,81,73
26,72|89,23|67,99|72,46|74,5|85,53|91,74|23,17|85,92|15,96|48,26|93,15|36,91|85,36|56,67|53,93|92,56|85,7|7,89|85,48/85,17=85,7,89,23,17
14,46|80,14|70,83|52,70|1,3|52,37|37,76|31,53|52,81|52,1|81,79|58,62|52,40|83,42|40,80|42,57|3,31|10,49|76,58|79,10/52,62=52,37,76,58,62
65,54|2,65|23,29|50,83|83,92|70,42|66,36|15,79|70,88|3,23|99,66|54,13|42,50|70,2|70,9|79,90|70,99|9,3|36,61|88,15/70,90=70,88,15,79,90
40,35|20,4|65,41|99,65|63,18|26,82|82,12|4,55|34,79|79,19|48,20|40,39|80,70|40,99|41,50|40,48|40,63|18,80|35,26|39,34/40,70=40,63,18,80,70
41,39|41,43|91,80|2,49|43,21|21,59|39,63|41,71|49,66|66,57|24,22|71,96|63,79|59,56|41,38|79,84|38,83|83,24|96,91|41,2/41,57=41,2,49,66,57
77,59|92,62|48,80|49,47|10,49|76,77|68,78|80,41|48,2|17,20|48,8|41,68|8,79|48,76|79,92|59,33|91,17|94,10|48,94|2,91/48,47=48,94,10,49,47
41,37|46,22|10,41|35,7|94,8|39,12|70,19|24,94|10,75|75,46|22,71|72,60|19,72|10,24|10,70|10,39|14,58|8,4|12,14|37,35/10,58=10,39,12,14,58
3,18|10,22|0,83|12,63|12,35|30,41|22,73|12,85|53,10|12,53|95,57|63,80|83,5|38,3|12,49|85,38|80,30|51,95|35,0|49,51/12,41=12,63,80,30,41
85,80|73,48|7,59|73,86|81,44|95,14|15,47|73,16|17,85|23,17|47,83|16,81|14,7|44,79|84,82|86,15|48,77|73,23|73,95|77,84/73,82=73,48,77,84,82
24,51|20,26|53,46|53,83|26,12|51,74|46,80|85,45|73,77|53,17|80,98|69,20|53,24|53,69|74,10|83,85|17,39|45,22|98,64|39,73/53,77=53,17,39,73,77
17,5|52,14|83,39|83,18|11,24|14,63|83,11|39,52|24,17|26,8|8,65|83,26|25,89|65,6|71,25|83,51|18,95|93,16|51,71|95,93/83,89=83,51,71,25,89
75,35|42,17|90,34|17,54|42,73|46,29|42,40|27,66|24,26|35,20|76,27|54,90|73,18|89,76|40,75|42,89|31,46|18,24|29,38|42,31/42,34=42,17,54,90,34
35,34|95,59|86,99|52,8|9,74|28,11|29,45|33,9|11,95|86,52|99,29|3,33|86,28|34,0|8,14|86,3|45,39|14,15|91,35|86,91/86,74=86,3,33,9,74
82,61|66,67|21,66|88,57|63,74|97,94|97,73|73,31|11,82|97,25|94,50|57,43|67,28|25,11|31,87|97,93|97,21|87,42|93,88|50,63/97,74=97,94,50,63,74
50,73|24,36|63,16|67,45|48,14|45,69|70,80|10,9|10,24|10,48|36,50|14,25|10,70|80,63|9,65|97,67|25,4|65,20|10,97|20,7/10,4=10,48,14,25,4
33,10|69,70|56,19|46,4|40,21|19,68|68,81|65,72|70,17|60,13|13,33|55,16|55,56|21,46|55,60|72,37|16,65|55,26|55,40|26,69/55,37=55,16,65,72,37
17,68|98,3|11,80|7,6|41,34|80,51|7,22|13,15|31,88|7,98|68,26|22,9|6,17|5,31|32,5|46,11|9,13|7,32|3,41|7,46/7,51=7,46,11,80,51
29,18|73,53|96,5|11,82|18,54|82,45|45,49|86,96|11,29|11,56|84,73|19,33|77,84|11,77|49,44|11,59|54,85|33,3|59,19|56,86/11,3=11,59,19,33,3
82,31|67,45|67,19|73,62|31,80|38,11|62,4|30,82|45,18|48,50|67,30|55,38|67,96|18,48|67,77|34,69|77,73|19,85|96,55|85,34/67,69=67,19,85,34,69
83,66|68,96|68,74|81,5|55,28|68,59|74,30|36,1|59,46|26,15|1,26|66,18|68,32|32,3|96,83|3,55|68,36|97,19|46,97|30,81/68,5=68,74,30,81,5
42,49|42,44|0,62|32,43|42,76|42,32|44,0|89,59|42,33|78,45|49,6|62,73|43,8|59,69|33,70|82,31|6,82|76,89|8,10|70,78/42,45=42,33,70,78,45
41,48|29,66|59,68|64,27|27,59|60,98|64,91|19,3|49,84|68,34|64,60|22,49|66,19|48,43|98,4|64,29|64,22|4,80|84,17|91,41/64,3=64,29,66,19,3
99,80|5,6|1,41|15,62|7,1|69,99|71,3|62,13|23,18|69,15|56,16|69,7|41,12|69,5|13,44|2,39|16,2|80,23|69,56|6,71/69,18=69,99,80,23,18
72,57|89,91|24,98|92,10|72,34|15,99|46,32|29,33|57,84|0,56|72,29|72,61|33,24|99,46|61,25|84,89|97,0|25,92|72,15|34,97/72,56=72,34,97,0,56
78,9|81,16|36,27|38,97|96,75|9,17|53,78|79,2|73,8|17,45|97,73|27,47|53,36|32,35|53,96|2,81|53,79|53,38|75,32|47,94/53,8=53,38,97,73,8
78,96|99,69|1,31|69,19|76,77|19,90|3,36|28,26|77,3|76,1|36,13|27,70|31,78|26,61|76,27|76,25|70,22|76,99|25,28|22,6/76,61=76,25,28,26,61
64,42|99,91|32,88|87,95|94,99|95,92|61,94|42,11|61,64|61,38|38,39|61,87|11,70|39,50|61,43|91,48|92,13|43,32|88,10|50,7/61,13=61,87,95,92,13
53,73|90,54|72,53|1,69|87,66|75,65|58,79|31,87|75,99|75,40|99,19|75,58|79,90|62,84|40,72|75,31|66,28|65,1|69,4|19,62/75,4=75,65,1,69,4
81,45|63,21|96,88|71,63|28,31|98,96|21,68|94,14|22,28|61,22|61,1|1,98|61,71|43,81|32,2|45,93|61,43|31,49|61,32|2,94/61,68=61,71,63,21,68
27,88|16,29|49,4|51,38|64,97|4,61|73,55|29,45|85,14|97,8|85,58|85,73|55,27|35,64|61,41|85,49|14,43|85,35|58,16|43,51/85,8=85,35,64,97,8
21,93|82,17|46,31|54,21|48,96|47,46|96,82|97,51|66,47|31,57|88,27|66,54|66,97|93,62|38,5|51,88|5,56|66,48|56,90|66,38/66,57=66,47,46,31,57
0,79|91,9|69,48|93,3|51,99|91,53|29,4|53,32|86,47|91,90|11,0|32,69|9,29|4,65|91,95|95,11|90,41|91,51|99,93|41,86/91,3=91,51,99,93,3
39,82|40,37|61,45|15,73|29,4|13,29|41,15|96,43|94,84|40,61|17,13|45,79|79,32|40,94|40,17|40,41|84,39|43,12|37,96|73,70/40,32=40,61,45,79,32
3,15|77,50|15,44|69,91|69,1|75,97|69,88|88,77|69,3|1,82|37,55|9,75|50,28|30,95|69,37|4,68|82,30|44,42|91,9|55,4/69,42=69,3,15,44,42
77,67|99,95|31,61|99,82|82,16|99,31|75,41|99,62|62,38|14,43|87,90|9,4|53,96|43,75|61,87|38,53|99,14|16,9|80,77|95,80/99,41=99,14,43,75,41
1,18|58,38|36,1|36,32|16,67|36,58|59,7|38,13|18,26|32,40|13,68|7,51|51,31|53,16|26,22|40,62|36,59|17,53|36,17|62,29/36,67=36,17,53,16,67
12,71|71,99|12,66|98,57|12,2|2,81|12,94|94,56|51,91|31,51|21,98|43,38|99,16|81,43|56,4|57,74|4,40|16,63|66,31|12,21/12,91=12,66,31,51,91
77,83|42,21|55,9|93,63|69,55|78,94|59,42|10,36|36,51|26,78|93,75|93,72|72,26|63,69|62,44|75,59|51,82|44,77|93,62|93,10/93,21=93,75,59,42,21
92,29|99,39|13,59|38,64|53,51|74,68|5,8|59,86|21,27|39,38|51,74|13,99|8,92|13,5|86,21|13,7|24,75|13,53|84,24|7,84/13,29=13,5,8,92,29
44,43|96,44|22,89|83,58|74,80|55,70|58,38|65,22|71,59|80,73|74,83|74,55|89,99|74,65|30,23|73,30|74,86|38,19|86,96|70,71/74,99=74,65,22,89,99
50,65|82,40|82,66|99,93|8,99|82,34|74,37|40,29|73,77|82,63|4,22|63,73|65,84|66,4|34,50|77,68|22,16|69,8|29,74|82,69/82,84=82,34,50,65,84
93,13|45,95|93,89|99,81|58,42|60,9|81,91|93,47|42,26|43,17|47,99|85,43|95,80|52,60|13,58|17,22|93,85|89,45|93,52|9,7/93,26=93,13,58,42,26
57,12|16,33|67,60|13,57|60,89|16,90|63,88|8,97|88,29|2,50|16,67|89,52|97,82|16,65|45,2|16,31|31,8|33,13|65,63|90,45/16,29=16,65,63,88,29
39,89|1,11|93,56|11,82|39,95|95,4|61,10|4,87|39,96|96,93|66,58|18,66|39,84|10,83|84,1|87,40|56,24|89,18|0,61|39,0/39,82=39,84,1,11,82
30,87|30,98|50,10|53,64|68,65|89,80|10,27|41,50|14,86|13,29|30,53|30,61|98,68|80,11|65,15|61,89|87,14|64,13|30,41|86,60/30,15=30,98,68,65,15
87,88|32,44|87,4|81,25|91,62|87,31|43,70|37,76|4,47|76,91|88,50|73,53|87,37|47,71|71,7|87,81|25,43|50,32|31,73|53,28/87,70=87,81,25,43,70
26,72|17,30|88,26|74,54|12,32|97,1|46,8|97,88|97,12|50,70|72,65|7,57|54,84|97,7|1,74|70,98|18,50|32,17|57,46|97,18/97,84=97,1,74,54,84
43,1|3,43|3,25|94,36|6,60|98,79|25,80|27,31|31,26|1,98|3,65|60,34|3,69|30,39|34,68|65,27|86,94|69,86|3,6|80,30/3,79=3,43,1,98,79
63,37|93,10|51,74|38,93|51,99|51,6|99,63|80,91|7,85|55,38|92,56|56,7|12,43|37,11|84,80|74,12|43,29|51,92|51,55|6,84/51,29=51,74,12,43,29
68,14|93,29|99,76|83,82|15,80|91,20|93,30|93,28|61,68|29,19|30,15|14,53|74,71|93,61|80,64|28,91|71,83|93,74|20,18|19,99/93,18=93,28,91,20,18
92,62|67,39|73,12|82,65|24,5|25,67|26,4|11,0|12,92|73,11|0,26|7,71|71,82|62,45|73,7|73,9|9,25|61,8|5,61|73,24/73,8=73,24,5,61,8
89,7|20,62|23,89|20,9|60,1|86,87|45,98|20,24|55,80|20,55|78,86|26,37|20,59|48,26|24,78|62,60|80,45|59,23|1,96|9,48/20,37=20,9,48,26,37
98,49|44,95|95,81|44,84|84,1|86,98|44,9|44,51|48,91|28,92|92,38|51,15|9,28|49,7|44,86|1,48|15,20|59,39|81,59|20,24/44,91=44,84,1,48,91
59,85|96,10|59,96|83,33|91,61|59,78|78,71|26,42|71,39|39,57|46,53|59,23|23,46|10,83|59,9|9,26|68,91|53,18|85,68|42,54/59,57=59,78,71,39,57
15,98|15,62|61,55|15,85|4,99|67,28|98,48|23,27|24,84|81,4|84,67|62,81|15,24|90,72|27,90|70,34|85,91|48,70|91,61|15,23/15,99=15,62,81,4,99
68,46|60,80|6,12|60,5|5,29|2,76|80,95|60,21|29,73|36,64|64,3|12,68|95,18|3,92|78,2|60,36|60,6|21,78|18,81|73,35/60,81=60,80,95,18,81
45,60|45,76|69,96|29,26|45,93|71,38|96,19|18,83|89,29|93,98|78,36|60,89|45,71|95,18|76,69|45,6|38,78|98,46|6,95|46,8/45,8=45,93,98,46,8
46,76|78,59|78,23|24,10|85,53|78,26|26,48|40,29|75,11|78,40|18,4|59,6|78,46|76,18|58,69|48,75|49,24|29,58|23,49|6,85/78,53=78,59,6,85,53
65,19|27,97|43,54|97,28|78,2|74,65|33,67|74,62|2,38|19,76|39,33|54,89|74,15|13,27|74,45|62,78|45,39|74,13|15,43|76,68/74,28=74,13,27,97,28
50,95|0,35|53,71|71,85|8,53|40,54|39,72|72,3|9,33|54,50|30,45|79,9|95,22|35,30|40,77|77,79|40,39|40,8|40,0|3,43/40,22=40,54,50,95,22
83,76|7,3|7,99|76,14|29,88|6,79|7,45|73,23|3,83|35,70|99,17|38,13|7,38|13,6|45,29|70,54|88,26|7,43|43,35|17,73/7,23=7,99,17,73,23
12,16|54,9|28,10|24,84|31,13|28,88|56,77|14,24|28,20|88,47|3,56|35,64|10,3|28,46|47,12|28,31|13,54|20,14|46,35|64,48/28,84=28,20,14,24,84
94,33|17,82|16,94|21,19|99,17|28,69|78,28|64,13|99,16|24,21|99,78|99,24|33,97|45,6|13,45|19,40|69,79|81,60|99,64|82,81/99,40=99,24,21,19,40
74,60|31,26|37,75|74,9|74,37|60,31|35,66|7,50|74,88|66,49|75,6|88,78|26,89|25,35|9,53|78,7|19,79|6,42|74,25|53,19/74,42=74,37,75,6,42
81,22|97,19|47,72|12,3|8,69|12,11|35,97|19,13|69,32|12,35|22,43|12,34|85,8|16,29|2,16|72,17|11,47|3,81|34,2|12,85/12,17=12,11,47,72,17
63,28|48,12|78,23|23,50|62,9|14,38|53,78|91,53|91,92|28,55|38,87|55,15|31,62|92,31|97,14|12,24|91,74|74,48|91,97|91,63/91,24=91,74,48,12,24
44,13|12,41|3,48|9,4|4,78|14,71|9,3|58,54|63,84|13,22|78,58|9,12|69,7|22,27|9,44|9,56|56,38|48,14|41,69|38,63/9,84=9,56,38,63,84
65,36|34,70|95,0|71,64|36,46|66,44|58,94|0,86|70,58|34,43|34,49|34,91|44,48|64,2|91,65|49,95|94,84|34,8|43,66|8,71/34,86=34,49,95,0,86
29,70|29,45|52,55|67,26|55,79|78,80|31,51|29,46|29,78|26,58|51,49|70,31|79,53|46,16|93,96|80,5|45,67|29,52|16,93|5,84/29,53=29,52,55,79,53
0,46|90,40|25,80|40,76|52,1|29,66|76,93|32,0|65,4|35,65|35,90|24,32|35,75|85,92|35,24|35,85|4,29|1,10|92,25|75,52/35,46=35,24,32,0,46
72,34|44,72|26,25|58,24|44,14|87,21|44,86|22,58|1,15|48,11|14,48|13,26|86,22|81,79|44,83|83,13|21,81|11,66|44,87|34,1/44,66=44,14,48,11,66
23,18|56,23|17,45|56,1|2,17|56,41|86,33|94,71|41,94|56,78|1,91|56,32|91,67|78,96|71,57|32,2|18,34|67,43|34,49|96,86/56,43=56,1,91,67,43
49,75|33,52|84,8|98,68|27,12|42,50|12,9|58,95|95,32|41,27|65,69|0,2|75,42|84,33|84,49|52,0|8,58|84,98|84,41|68,65/84,32=84,8,58,95,32
30,59|11,21|99,64|73,30|66,71|21,96|71,70|64,33|72,54|54,41|72,11|63,40|72,73|59,35|72,99|96,87|70,91|41,63|33,42|72,66/72,91=72,66,71,70,91
94,5|94,83|53,64|94,59|75,58|64,96|83,79|99,82|12,60|55,75|60,74|94,55|79,80|5,12|94,31|58,37|59,53|62,99|31,62|80,70/94,74=94,5,12,60,74
53,17|90,70|26,8|89,23|83,11|8,87|43,21|21,94|40,43|89,40|14,33|96,83|97,18|17,14|89,53|18,90|4,96|89,97|23,26|89,4/89,94=89,40,43,21,94
46,71|30,39|73,48|3,29|39,37|78,69|29,84|38,1|30,11|64,95|71,73|1,54|37,78|95,50|84,15|30,38|30,46|54,82|11,64|30,3/30,82=30,38,1,54,82
84,4|15,62|16,7|26,59|26,76|26,23|34,15|18,34|22,82|38,16|8,22|4,40|98,84|26,98|52,11|23,38|59,8|26,18|80,52|76,80/26,82=26,59,8,22,82
4,85|2,46|86,13|14,60|30,59|95,24|26,58|58,6|5,26|24,10|47,99|60,2|95,5|10,47|95,14|13,30|0,4|95,86|79,0|95,79/95,6=95,5,26,58,6
86,96|67,9|86,59|59,7|23,34|80,19|34,61|9,93|62,32|32,90|64,67|7,22|19,27|86,64|86,48|96,62|48,23|22,38|27,79|86,80/86,38=86,59,7,22,38
75,8|23,20|75,4|2,17|75,62|75,38|75,19|3,72|26,50|17,35|4,53|65,66|47,3|19,26|38,47|50,84|53,23|66,88|8,2|62,65/75,35=75,8,2,17,35
93,32|30,45|44,55|26,64|6,35|78,6|35,93|55,96|29,41|72,44|78,27|84,47|78,26|90,29|47,30|64,70|27,90|78,84|70,3|78,72/78,3=78,26,64,70,3
39,24|22,13|49,78|64,18|94,57|2,89|20,94|13,39|64,2|64,22|64,20|76,49|32,46|18,76|46,23|89,40|26,32|64,26|40,8|57,50/64,78=64,18,76,49,78
32,69|17,32|66,39|70,92|74,52|39,18|18,77|63,70|74,66|22,9|69,65|62,54|52,60|12,63|54,23|74,62|74,17|60,22|23,44|74,12/74,77=74,66,39,18,77
61,20|82,24|85,61|96,97|0,46|97,19|37,41|96,49|96,47|47,43|43,82|96,83|46,57|41,14|96,54|54,0|23,80|19,23|49,85|83,37/96,14=96,83,37,41,14
67,87|72,59|70,53|77,86|53,67|83,63|35,72|52,48|86,22|22,83|73,98|96,68|68,79|98,52|42,96|77,73|77,35|77,70|59,32|77,42/77,63=77,86,22,83,63
1,29|5,23|12,34|33,53|83,2|16,88|62,12|62,39|38,49|39,5|88,1|62,98|23,25|62,16|67,83|42,33|98,42|2,31|62,67|34,38/62,31=62,67,83,2,31
80,15|30,85|83,30|33,70|9,66|15,61|16,77|22,91|80,65|80,83|91,19|61,33|85,26|80,22|81,16|65,81|19,59|66,73|73,86|80,9/80,70=80,15,61,33,70
73,99|49,80|80,13|0,21|27,86|11,26|70,10|86,78|49,3|3,73|49,11|99,20|10,0|49,31|49,70|53,30|26,4|13,53|4,17|31,27/49,21=49,70,10,0,21
49,60|0,84|22,49|95,58|93,95|86,77|22,35|22,86|47,78|77,47|22,0|22,12|84,31|12,18|55,45|60,26|26,20|35,93|18,55|31,43/22,20=22,49,60,26,20
83,1|61,79|89,88|55,36|55,6|79,90|98,0|6,61|96,89|1,82|75,4|0,75|36,10|23,96|82,58|55,98|99,60|55,83|55,23|10,99/55,90=55,6,61,79,90
80,34|56,99|26,71|40,69|26,83|26,40|99,47|62,18|71,76|54,56|45,78|73,7|76,72|69,80|92,45|7,62|83,92|26,54|72,16|26,73/26,18=26,73,7,62,18
44,13|82,66|14,68|29,91|82,74|76,32|13,89|82,44|94,53|82,62|1,14|91,21|82,29|66,7|81,76|62,1|21,56|7,94|89,63|74,81/82,63=82,44,13,89,63
34,59|90,41|80,91|7,28|27,92|58,62|62,12|58,8|68,26|12,27|23,29|58,80|8,85|91,68|85,23|58,7|28,79|41,34|58,90|79,5/58,26=58,80,91,68,26
49,73|60,77|23,9|90,60|16,23|28,65|24,96|63,24|84,63|28,84|42,44|28,49|1,58|78,53|28,16|9,52|44,1|28,42|73,78|65,90/28,96=28,84,63,24,96
95,88|88,4|80,73|97,80|97,71|15,26|6,96|97,15|46,30|97,46|33,95|84,60|8,18|60,0|73,8|30,6|75,7|71,84|97,33|26,75/97,18=97,80,73,8,18
64,31|97,85|79,82|5,89|82,35|64,50|47,40|31,86|50,97|64,79|86,47|3,95|66,88|85,24|64,46|35,43|46,23|89,3|64,5|23,66/64,24=64,50,97,85,24
11,99|69,31|11,24|11,63|17,69|75,70|70,3|23,66|43,0|63,75|11,40|11,95|40,41|89,43|95,17|66,35|24,23|99,89|41,52|52,10/11,0=11,99,89,43,0
89,44|16,39|66,56|73,20|55,67|54,55|54,41|80,89|41,80|76,16|40,72|43,37|54,28|56,40|28,76|54,73|20,58|58,49|54,66|67,43/54,37=54,55,67,43,37
73,48|9,52|28,30|52,39|66,47|59,17|92,26|34,77|29,22|39,95|22,41|47,59|28,9|28,36|77,19|28,73|30,34|48,92|36,29|28,66/28,17=28,66,47,59,17
11,33|33,44|44,39|92,16|57,41|51,73|51,84|45,10|79,92|84,79|51,36|73,52|75,37|52,1|37,57|1,29|36,45|51,75|51,11|10,12/51,29=51,73,52,1,29
88,1|40,57|12,41|34,18|22,12|56,27|36,28|18,90|36,43|46,88|28,47|1,66|36,46|47,21|43,34|36,53|36,40|53,22|57,56|21,68/36,68=36,28,47,21,68
40,10|59,38|80,78|5,59|29,20|44,41|43,64|41,5|24,29|39,43|44,24|93,39|25,14|44,93|20,70|14,98|10,80|98,97|44,25|44,40/44,64=44,93,39,43,64
28,48|55,70|38,58|9,87|63,88|56,84|31,93|26,64|54,27|93,63|84,9|48,38|25,31|25,26|25,28|25,55|70,54|82,98|64,82|25,56/25,98=25,26,64,82,98
57,85|7,36|2,38|21,96|69,24|69,21|69,12|66,11|96,2|5,19|36,76|11,87|69,57|27,5|85,86|87,30|86,22|12,7|24,27|69,66/69,76=69,12,7,36,76
37,2|41,3|6,23|70,31|78,70|86,41|0,37|3,72|71,91|78,0|31,13|35,6|57,71|78,86|91,28|78,57|78,35|13,10|23,77|2,14/78,10=78,70,31,13,10
73,25|69,52|65,76|55,92|73,13|13,39|25,3|27,84|85,41|73,65|39,47|68,24|47,36|73,69|52,68|76,27|73,55|3,85|92,32|32,1/73,36=73,13,39,47,36
13,80|80,77|28,26|67,28|67,89|89,40|68,99|26,42|40,22|90,82|67,13|42,9|5,88|88,68|79,95|77,86|67,5|95,90|67,79|22,50/67,50=67,89,40,22,50
12,41|69,3|39,50|39,97|24,69|39,12|39,20|97,96|3,36|20,56|72,23|49,85|1,72|96,59|56,18|41,49|39,24|50,1|18,8|59,14/39,14=39,97,96,59,14
98,29|57,94|29,28|69,55|97,64|33,78|97,41|65,32|20,92|64,77|77,20|97,65|11,33|97,24|97,46|55,36|32,57|46,98|24,69|41,11/97,78=97,41,11,33,78
0,74|61,9|74,15|98,29|11,92|9,70|33,61|92,83|70,38|24,0|4,98|63,4|33,11|83,69|33,22|33,24|35,52|45,35|22,45|33,63/33,38=33,61,9,70,38
34,29|8,31|86,45|34,51|29,78|51,77|56,67|48,57|61,2|77,48|60,54|69,79|2,60|78,8|34,61|3,56|45,69|67,62|34,86|34,3/34,31=34,29,78,8,31
51,69|67,14|48,25|24,99|25,72|60,67|24,9|94,51|7,94|24,83|55,87|24,76|43,70|24,7|76,48|36,43|83,55|99,60|87,26|9,36/24,26=24,83,55,87,26
19,78|42,59|91,48|44,61|32,36|40,85|19,97|14,87|19,42|19,40|59,32|88,58|48,5|19,14|97,44|85,24|78,91|61,94|24,27|87,88/19,94=19,97,44,61,94
40,36|55,23|10,1|96,69|31,55|19,47|79,52|79,19|52,31|45,27|33,40|1,30|79,33|30,15|79,10|43,82|79,45|27,96|47,43|36,61/79,23=79,52,31,55,23
86,76|60,67|46,28|39,79|63,93|34,39|46,5|1,63|28,1|46,60|58,41|72,31|5,58|46,80|41,47|67,86|61,34|46,61|31,43|80,72/46,76=46,60,67,86,76
66,97|37,66|37,3|84,65|37,31|78,26|45,55|7,44|55,54|31,5|37,45|65,89|54,29|3,84|97,7|73,2|2,28|37,73|28,47|5,78/37,44=37,66,97,7,44
77,32|74,52|26,49|52,40|27,85|62,16|96,26|76,96|40,7|7,9|16,67|74,2|3,27|85,33|79,65|74,76|74,79|65,77|74,3|2,62/74,67=74,2,62,16,67
91,97|64,18|14,20|20,58|13,89|5,13|14,91|14,36|32,1|14,94|23,82|61,16|1,61|97,64|14,32|43,39|94,5|58,23|31,43|36,31/14,89=14,94,5,13,89
41,53|89,65|3,59|18,52|65,96|41,55|41,89|96,58|11,78|19,3|91,18|56,91|41,19|27,22|53,11|41,56|78,85|59,50|55,1|1,27/41,58=41,89,65,96,58
51,17|17,75|64,73|24,94|26,39|70,56|25,50|73,48|80,24|80,51|94,67|80,0|75,63|80,85|0,64|50,23|56,26|80,70|85,25|67,8/80,8=80,24,94,67,8
12,28|72,31|28,80|42,43|9,97|80,85|9,82|97,89|9,12|10,72|9,6|11,7|82,11|9,4|6,10|4,42|89,24|43,26|7,83|24,65/9,26=9,4,42,43,26
98,2|17,70|17,46|2,64|68,61|73,75|6,98|81,94|78,40|75,78|28,11|0,81|17,6|47,8|61,44|46,68|70,0|17,73|17,28|11,47/17,94=17,70,0,81,94
61,53|23,4|87,37|71,21|61,23|19,71|8,11|48,38|25,46|38,35|4,8|21,5|61,65|61,19|35,63|61,48|53,27|37,36|65,87|27,25/61,11=61,23,4,8,11
17,47|90,60|86,9|57,39|86,58|85,57|86,17|41,27|11,33|88,53|58,25|47,41|9,11|43,85|25,88|86,49|86,43|49,81|81,90|33,63/86,60=86,49,81,90,60
83,99|4,97|4,83|4,61|5,49|84,64|96,84|99,54|4,68|61,8|97,5|59,32|54,3|64,30|62,36|4,96|36,46|49,88|68,62|8,59/4,88=4,97,5,49,88
1,43|14,11|1,8|43,78|78,9|1,49|81,58|66,28|1,66|1,64|60,34|49,3|28,81|9,98|94,14|31,37|8,60|34,33|64,94|3,31/1,58=1,66,28,81,58
91,66|46,15|54,46|49,50|82,55|90,31|9,81|15,34|54,91|66,49|34,20|29,22|69,1|1,29|55,9|31,19|54,82|54,90|19,7|54,69/54,20=54,46,15,34,20
15,27|27,17|28,88|53,47|92,96|91,49|36,92|79,39|15,21|43,74|47,30|21,28|39,43|96,68|15,53|30,55|17,91|15,79|15,36|88,80/15,74=15,79,39,43,74
8,36|38,29|17,59|83,67|63,13|37,92|59,71|63,7|0,17|15,32|63,0|63,85|85,70|7,8|13,6|63,15|70,37|6,38|32,83|36,22/63,22=63,7,8,36,22
12,16|56,77|28,10|54,9|31,13|28,88|24,84|14,54|28,20|88,47|3,24|35,64|10,3|28,46|47,12|28,31|13,56|20,14|46,35|64,48/28,84=28,10,3,24,84
17,38|93,6|87,51|58,71|83,65|69,94|98,37|51,39|87,69|22,14|87,93|87,17|6,83|39,22|75,72|71,98|87,58|94,78|78,11|38,75/87,11=87,69,94,78,11
50,47|26,38|79,34|26,79|26,40|44,2|47,71|2,0|71,94|84,21|17,81|34,17|7,23|38,30|31,22|40,44|26,50|23,31|30,84|26,7/26,22=26,7,23,31,22
81,49|2,45|49,62|81,89|97,68|33,36|36,50|50,9|32,27|81,7|45,97|37,67|7,32|27,58|81,33|81,2|89,37|62,96|67,54|96,40/81,9=81,33,36,50,9
38,28|38,32|62,54|40,21|38,23|60,37|32,94|4,79|14,40|15,62|8,18|38,26|18,69|23,8|38,15|54,56|94,60|26,14|79,25|28,4/38,37=38,32,94,60,37
8,57|2,88|69,93|8,69|42,55|10,76|91,2|75,95|26,92|88,4|44,75|55,10|8,42|8,91|57,26|93,48|51,44|48,45|92,17|8,51/8,76=8,42,55,10,76
40,91|26,78|1,50|27,44|33,80|10,13|27,94|78,2|44,10|27,58|27,87|48,33|58,48|91,62|94,26|84,1|27,84|13,16|50,97|87,40/27,62=27,87,40,91,62
75,19|9,37|19,49|8,4|12,25|12,18|12,89|18,46|49,34|42,50|37,20|12,8|62,81|89,62|12,75|46,42|25,9|4,13|81,36|13,2/12,50=12,18,46,42,50
46,10|40,19|57,77|50,84|57,91|65,68|57,26|2,50|91,38|57,42|86,14|25,46|38,86|57,13|42,2|56,40|13,25|77,89|26,56|89,65/57,84=57,42,2,50,84
38,88|34,62|38,78|47,17|17,64|13,55|38,26|26,35|16,80|68,74|77,68|35,13|53,16|78,47|88,34|38,77|38,12|12,53|74,32|62,82/38,80=38,12,53,16,80
81,82|61,76|5,74|16,1|30,28|21,16|1,63|25,81|28,89|30,61|14,69|31,10|30,14|76,5|69,31|30,21|82,79|44,58|30,25|89,44/30,58=30,28,89,44,58
0,70|88,63|67,72|6,67|98,88|72,17|2,40|14,50|33,6|15,0|22,82|33,15|70,44|50,90|63,83|33,2|61,14|40,22|33,61|33,98/33,17=33,6,67,72,17
69,55|73,25|33,69|4,90|90,80|7,2|25,63|80,51|7,4|2,52|54,34|7,38|23,54|91,33|7,91|9,73|38,23|30,13|7,9|52,30/7,13=7,2,52,30,13
99,48|97,33|70,10|67,97|99,80|89,3|5,39|99,25|53,69|3,38|99,53|99,70|10,0|0,20|17,42|69,17|39,60|80,89|48,5|25,67/99,20=99,70,10,0,20
71,54|92,10|11,71|54,63|93,77|56,46|77,90|64,84|23,64|10,7|93,42|93,58|90,56|93,11|86,22|93,86|49,99|22,49|58,92|42,23/93,84=93,42,23,64,84
42,6|54,12|47,42|17,54|71,99|82,47|24,11|20,31|51,86|20,82|31,17|20,71|95,68|46,3|50,51|99,46|11,95|98,50|20,98|20,24/20,6=20,82,47,42,6
43,32|35,53|47,37|18,72|89,13|77,85|57,82|34,35|18,33|44,29|72,34|32,66|18,43|29,47|22,89|18,44|33,22|82,77|66,54|18,57/18,53=18,72,34,35,53
8,98|88,53|85,72|45,99|72,58|58,34|81,83|8,38|53,31|8,47|47,48|8,79|73,65|38,45|99,64|79,88|65,14|8,85|48,81|98,73/8,31=8,79,88,53,31
0,22|17,15|33,92|30,33|71,27|74,94|74,85|27,21|16,12|19,54|12,0|97,71|57,20|94,30|74,97|34,57|85,34|74,16|74,19|54,17/74,21=74,97,71,27,21
0,93|53,8|78,81|15,4|87,57|54,61|17,22|53,0|61,43|57,62|83,98|81,41|4,17|53,87|62,74|21,78|93,83|53,21|8,54|53,15/53,74=53,87,57,62,74
18,81|62,63|14,73|20,16|8,20|19,90|89,8|31,89|55,50|63,18|31,62|96,14|31,96|31,55|50,19|0,2|51,0|31,46|73,5|46,51/31,2=31,46,51,0,2
25,49|5,61|3,81|77,54|5,94|61,85|45,64|81,45|24,93|49,87|94,25|85,70|68,24|56,77|70,9|5,0|5,56|0,68|54,89|5,3/5,87=5,94,25,49,87
37,12|88,89|80,4|80,66|80,88|80,53|55,46|30,37|53,24|18,68|80,18|90,20|24,21|96,90|60,25|68,60|89,55|21,31|66,96|4,30/80,12=80,4,30,37,12
50,89|87,4|13,48|83,74|98,83|33,15|92,8|98,50|4,6|42,87|79,20|98,42|20,75|89,13|74,92|98,33|98,61|15,72|72,44|61,79/98,6=98,42,87,4,6
7,4|66,72|65,14|67,60|68,10|4,44|66,5|10,28|38,1|66,82|5,68|72,65|66,7|14,52|82,67|66,19|44,13|36,38|19,36|60,41/66,41=66,82,67,60,41
